index,sentence,true_tags,predicted_tags,true_entities,predicted_entities
0,ĠOut K ast Ġwin Ġat ĠMTV ĠEurope ĠAwards Ċ Ċ US Ġhip - hop Ġduo ĠOut K ast Ġhave Ġcapped Ġa Ġyear Ġof Ġaward Ġglory Ġwith Ġthree Ġprizes Ġat Ġthe ĠMTV ĠEurope ĠMusic ĠAwards Ġin ĠRome .,O O O O O O O O O O O O O O O O O O O O O O O O O O O O O O O O O O O O O,B-MUSICIAN I-MUSICIAN I-MUSICIAN O O O O O O O O O O O O B-MUSICIAN I-MUSICIAN I-MUSICIAN O O O O O O O O O O O O O O O O O O O,[],"[('MUSICIAN', 0, 2), ('MUSICIAN', 15, 17)]"
4,ĠOut K ast Ġwill Ġadd Ġtheir Ġawards Ġto Ġthe Ġfour Ġthey Ġwon Ġat Ġthe ĠUS ĠMTV ĠAwards Ġin ĠAugust Ġand Ġthree ĠGram mys Ġin ĠFebruary .,O O O O O O O O O O O O O O O O O O O O O O O O O O,B-MUSICIAN I-MUSICIAN I-MUSICIAN O O O O O O O O O O O O O O O O O O O O O O O,[],"[('MUSICIAN', 0, 2)]"
5,ĠNot Ġonly Ġwas ĠHey ĠYa !,O O O O O O,O O O O B-MUSICIAN O,[],"[('MUSICIAN', 4, 4)]"
8,"Ġ Ċ Ċ Andre Ġ3000 Ġthanked Ġfans Ġ"" for Ġsupporting ĠOut K ast Ġthroughout Ġthe Ġyears "". Ġ""",O O O B-MUSICIAN I-MUSICIAN O O O O O O O O O O O O O,O O O B-MUSICIAN I-MUSICIAN O O O O O B-MUSICIAN I-MUSICIAN I-MUSICIAN O O O O O,"[('MUSICIAN', 3, 4)]","[('MUSICIAN', 3, 4), ('MUSICIAN', 10, 12)]"
11,"ĠAlso Ġcompeting Ġfor Ġbest Ġgroup Ġhad Ġbeen Ġthe ĠBeast ie ĠBoys , Ġthe ĠBlack ĠEy ed ĠPe as , ĠD 12 Ġand ĠMar oon Ġ5 .",O O O O O O O O O O O O O O O O O O O O O O O O O O,O O O O O O O O O O O O O O O O O O O O O O B-MUSICIAN O O O,[],"[('MUSICIAN', 22, 22)]"
13,"Ġ Ċ Ċ Out K ast Ġdid Ġlose Ġout Ġin Ġthe Ġcontest Ġfor Ġbest Ġalbum Ġ- Ġwhich Ġwas Ġwon Ġby ĠUs her , Ġanother Ġaward Ġfavourite .",O O O O O O O O O O O O O O O O O O O O B-MUSICIAN I-MUSICIAN O O O O O,O O O B-MUSICIAN I-MUSICIAN I-MUSICIAN O O O O O O O O O O O O O O B-MUSICIAN I-MUSICIAN O O O O O,"[('MUSICIAN', 20, 21)]","[('MUSICIAN', 3, 5), ('MUSICIAN', 20, 21)]"
17,"ĠEminem Ġtold Ġthe Ġcrowd : Ġ"" D 12 Ġfinally Ġwon Ġan Ġaward , Ġthank Ġyou Ġvery Ġmuch .""",B-MUSICIAN O O O O O O O O O O O O O O O O O,B-MUSICIAN O O O O O B-MUSICIAN I-MUSICIAN O O O O O O O O O O,"[('MUSICIAN', 0, 0)]","[('MUSICIAN', 0, 0), ('MUSICIAN', 6, 7)]"
21,"ĠSpears Ġwas Ġnamed Ġbest Ġfemale , Ġsending Ġa Ġmessage Ġof Ġthanks Ġon Ġvideo Ġsaying Ġthe Ġaward Ġ"" me ans Ġso Ġmuch Ġto Ġme "".",O O O O O O O O O O O O O O O O O O O O O O O O,B-MUSICIAN O O O O O O O O O O O O O O O O O O O O O O O,[],"[('MUSICIAN', 0, 0)]"
23,"Ġ Ċ Ċ Link in ĠPark Ġsinger ĠChester ĠBen nington Ġdescribed Ġtheir Ġprize Ġfor Ġbest Ġrock Ġband Ġas Ġ"" quite Ġan Ġhonour "" Ġwhile ĠMuse Ġsaid Ġtheir Ġwin Ġfor Ġbest Ġalternative Ġact Ġwas Ġ"" a Ġreal Ġsurprise Ġfor Ġus "".",O O O O O O O B-MUSICIAN I-MUSICIAN I-MUSICIAN O O O O O O O O O O O O O O O O O O O O O O O O O O O O O O,O O O O O O O B-MUSICIAN I-MUSICIAN I-MUSICIAN O O O O O O O O O O O O O O B-MUSICIAN O O O O O O O O O O O O O O O,"[('MUSICIAN', 7, 9)]","[('MUSICIAN', 7, 9), ('MUSICIAN', 24, 24)]"
24,"ĠMuse Ġwere Ġalso Ġnamed Ġbest ĠUK Ġand ĠIreland Ġact , Ġahead Ġof ĠFranz ĠFerdinand , ĠNatasha ĠB eding field , ĠJam elia Ġand ĠThe ĠStreets .",O O O O O O O O O O O O O O O O O O O O O O O O O O,O O O O O O O O O O O O B-MUSICIAN I-MUSICIAN O B-MUSICIAN I-MUSICIAN I-MUSICIAN I-MUSICIAN O B-MUSICIAN I-MUSICIAN O O O O,[],"[('MUSICIAN', 12, 13), ('MUSICIAN', 15, 18), ('MUSICIAN', 20, 21)]"
27,"ĠThe Ġceremony Ġfeatured Ġperformances Ġfrom Ġthe ĠBeast ie ĠBoys , Ġwho Ġentered Ġthe Ġstage Ġon Ġbicycles Ġand Ġskate boards , ĠNo ĠDou bt Ġsinger ĠG wen ĠStef ani Ġbeing Ġlowered Ġfrom Ġa Ġgiant Ġclock Ġand ĠN elly Ġdoing Ġa Ġdu et Ġwith ĠPh arrell ĠWilliams .",O O O O O O O O O O O O O O O O O O O O O O O O B-MUSICIAN I-MUSICIAN I-MUSICIAN I-MUSICIAN O O O O O O O B-MUSICIAN I-MUSICIAN O O O O O B-MUSICIAN I-MUSICIAN I-MUSICIAN O,O O O O O O O O O O O O O O O O O O O O O O O O B-MUSICIAN I-MUSICIAN I-MUSICIAN I-MUSICIAN O O O O O O O B-ATHLETE I-ATHLETE O O O O O B-MUSICIAN I-MUSICIAN I-MUSICIAN O,"[('MUSICIAN', 24, 27), ('MUSICIAN', 35, 36), ('MUSICIAN', 42, 44)]","[('MUSICIAN', 24, 27), ('ATHLETE', 35, 36), ('MUSICIAN', 42, 44)]"
28,"ĠMTV Ġalso Ġorganised Ġa Ġhuge Ġopen - air Ġconcert Ġfeaturing ĠAn ast acia Ġand ĠThe ĠCure Ġoutside Ġthe ĠItalian Ġcapital 's Ġancient ĠCol os se um , Ġwith Ġsome Ġestimates Ġputting Ġthe Ġattendance Ġthere Ġat Ġ200 , 000 .",O O O O O O O O O O B-MUSICIAN I-MUSICIAN I-MUSICIAN O O O O O O O O O O O O O O O O O O O O O O O O O O,O O O O O O O O O O O O O O O O O O O O O O O O O O O O O O O O O O O O O O O,"[('MUSICIAN', 10, 12)]",[]
29,"ĠLast Ġyear 's Ġbig Ġwinner Ġat Ġthe ĠMTV ĠEurope ĠAwards , Ġheld Ġin ĠEdinburgh , ĠScotland , Ġwas ĠJustin ĠTimber lake , Ġwho Ġwalked Ġaway Ġwith Ġthree Ġtrophies .",O O O O O O O O O O O O O O O O O O B-MUSICIAN I-MUSICIAN I-MUSICIAN O O O O O O O O,O O O O O O O O O O O O O O O O O O B-ATHLETE I-ATHLETE I-ATHLETE O O O O O O O O,"[('MUSICIAN', 18, 20)]","[('ATHLETE', 18, 20)]"
30,ĠP ave y Ġfocuses Ġon Ġindoor Ġsuccess Ċ Ċ Jo ĠP ave y Ġwill Ġmiss ĠJanuary 's ĠView ĠFrom ĠGreat ĠEdinburgh ĠInternational ĠCross ĠCountry Ġto Ġfocus Ġon Ġpreparing Ġfor Ġthe ĠEuropean ĠInd oor ĠChampionships Ġin ĠMarch .,O O O O O O O O O B-ATHLETE I-ATHLETE I-ATHLETE I-ATHLETE O O O O O O O O O O O O O O O O O O O O O O O O,B-ATHLETE I-ATHLETE I-ATHLETE O O O O O O B-ATHLETE I-ATHLETE I-ATHLETE I-ATHLETE O O O O O O O O O O O O O O O O O O O O O O O O,"[('ATHLETE', 9, 12)]","[('ATHLETE', 0, 2), ('ATHLETE', 9, 12)]"
34,"ĠP ave y , Ġwho Ġcame Ġfifth Ġin Ġthe Ġ5 , 000 m Ġat Ġthe ĠAthens ĠOlympics , Ġhelped Ġthe ĠBritish Ġcross Ġcountry Ġteam Ġwin Ġthe Ġteam Ġsilver Ġmedal Ġin ĠHer ings d orf Ġlast Ġweek .",O O O O O O O O O O O O O O O O O O O O O O O O O O O O O O O O O O O O O,B-ATHLETE I-ATHLETE I-ATHLETE O O O O O O O O O O O O O O O O O O O O O O O O O O O O O O O O O O,[],"[('ATHLETE', 0, 2)]"
36,ĠReyes Ġtricked Ġinto ĠReal Ġadmission Ċ Ċ Jose ĠAntonio ĠReyes Ġhas Ġadded Ġto Ġspeculation Ġlinking Ġhim Ġwith Ġa Ġmove Ġfrom ĠArsenal Ġto ĠReal ĠMadrid Ġafter Ġfalling Ġvictim Ġto Ġa Ġradio Ġprank .,O O O O O O O B-ATHLETE I-ATHLETE I-ATHLETE O O O O O O O O O O O O O O O O O O O O O O,B-ATHLETE O O O O O O B-PUBLIC-FIGURE I-PUBLIC-FIGURE I-PUBLIC-FIGURE O O O O O O O O O O O O O O O O O O O O O O,"[('ATHLETE', 7, 9)]","[('ATHLETE', 0, 0), ('PUBLIC-FIGURE', 7, 9)]"
38,"ĠI Ġwish ĠI Ġwas Ġplaying Ġfor ĠReal ĠMadrid ,"" Ġthe Ġ21 - year - old Ġtold ĠCad ena ĠC ope . Ġ""",O O O O O O O O O O O O O O O O O O O O O O,O O O O O O O O O O O O O O O O B-ATHLETE I-ATHLETE I-ATHLETE I-ATHLETE O O,[],"[('ATHLETE', 16, 19)]"
40,ĠI Ġlove Ġthe Ġway ĠMadrid Ġplay .,O O O O O O O,O O O O B-MUSICIAN O O,[],"[('MUSICIAN', 4, 4)]"
47,"ĠBefore Ġthe Ġstory Ġsurfaced , ĠReyes Ġhad Ġmoved Ġto Ġplay Ġdown Ġreports Ġlinking Ġhim Ġwith Ġthe ĠSpanish Ġgiants , Ġissuing Ġa Ġstatement Ġthrough ĠArsenal Ġdescribing Ġthe Ġspeculation Ġas Ġ"" fl attering "". Ġ""",O O O O O O O O O O O O O O O O O O O O O O O O O O O O O O O O O,O O O O O B-ATHLETE O O O O O O O O O O O O O O O O O O O O O O O O O O O,[],"[('ATHLETE', 5, 5)]"
50,"ĠBut r agu eno , Ġmeanwhile , Ġwas Ġangry Ġat Ġbeing Ġimperson ated Ġby Ġthe Ġradio Ġdisc Ġj ockey . Ġ""",O O O O O O O O O O O O O O O O O O O O O,B-PUBLIC-FIGURE I-PUBLIC-FIGURE I-PUBLIC-FIGURE I-PUBLIC-FIGURE O O O O O O O O O O O O O O O O O,[],"[('PUBLIC-FIGURE', 0, 3)]"
54,ĠWenger Ġsteps Ġup Ġrow Ċ Ċ Ar s ene ĠWenger Ġhas Ġstepped Ġup Ġhis Ġfeud Ġwith ĠSir ĠAlex ĠFerguson Ġby Ġclaiming Ġthe ĠManchester ĠUnited Ġmanager Ġis Ġguilty Ġof Ġbringing Ġfootball Ġinto Ġdis rep ute .,O O O O O O B-ATHLETE I-ATHLETE I-ATHLETE I-ATHLETE O O O O O O B-ATHLETE I-ATHLETE I-ATHLETE O O O O O O O O O O O O O O O O,B-BUSINESS-EXECUTIVE-MANAGER O O O O O B-BUSINESS-EXECUTIVE-MANAGER B-ATHLETE I-ATHLETE I-ATHLETE O O O O O O O B-ATHLETE I-ATHLETE O O O O O O O O O O O O O O O O,"[('ATHLETE', 6, 9), ('ATHLETE', 16, 18)]","[('BUSINESS-EXECUTIVE-MANAGER', 0, 0), ('BUSINESS-EXECUTIVE-MANAGER', 6, 6), ('ATHLETE', 7, 9), ('ATHLETE', 17, 18)]"
55,"Ġ Ċ Ċ The Ġpair 's Ġlong - running Ġrow Ġwas Ġput Ġback Ġin Ġthe Ġheadlines Ġon ĠSaturday Ġwhen ĠFerguson Ġsaid Ġhis ĠArsenal Ġcounterpart Ġwas Ġ"" a Ġdisgrace "".",O O O O O O O O O O O O O O O O O O O O O O O O O O O O O,O O O O O O O O O O O O O O O O O O O B-ATHLETE O O O O O O O O O,[],"[('ATHLETE', 19, 19)]"
57,ĠBut Ġnow Ġhe Ġclaims ĠFerguson Ġshould Ġbe Ġpunished Ġby Ġthe ĠFootball ĠAssociation .,O O O O O O O O O O O O O,O O O O B-ATHLETE O O O O O O O O,[],"[('ATHLETE', 4, 4)]"
58,"ĠThe Ġlatest Ġtwist Ġin Ġthe ĠFerguson - W enger Ġsaga Ġcame Ġon ĠSaturday Ġwhen Ġthe ĠUnited Ġboss , Ġin Ġan Ġinterview Ġwith ĠThe ĠIndependent Ġnewspaper , Ġdiscussed Ġthe Ġevents Ġafter Ġthe Ġgame Ġbetween Ġthe Ġtwo Ġsides Ġin ĠOctober .",O O O O O O O O O O O O O O O O O O O O O O O O O O O O O O O O O O O O O O O,O O O O O B-BUSINESS-EXECUTIVE-MANAGER O B-BUSINESS-EXECUTIVE-MANAGER I-BUSINESS-EXECUTIVE-MANAGER O O O O O O O O O O O O O O O O O O O O O O O O O O O O O O,[],"[('BUSINESS-EXECUTIVE-MANAGER', 5, 5), ('BUSINESS-EXECUTIVE-MANAGER', 7, 8)]"
59,"ĠUnited Ġwon Ġ2 - 0 Ġthat Ġday , Ġat ĠOld ĠTrafford , Ġbut Ġthe Ġgame Ġwas Ġfollowed Ġby Ġa Ġnow Ġnotorious Ġfood Ġfight Ġwhich Ġsaw ĠFerguson 's Ġclothes Ġcovered Ġin Ġsoup Ġand Ġpizza .",O O O O O O O O O O O O O O O O O O O O O O O O O O O O O O O O O O,O O O O O O O O O O O O O O O O O O O O O O O O O B-BUSINESS-EXECUTIVE-MANAGER O O O O O O O O,[],"[('BUSINESS-EXECUTIVE-MANAGER', 25, 25)]"
61,"ĠIn Ġthe Ġtunnel ĠWenger Ġwas Ġcritic ising Ġmy Ġplayers , Ġcalling Ġthem Ġche ats , Ġso ĠI Ġtold Ġhim Ġto Ġleave Ġthem Ġalone Ġand Ġbehave Ġhimself ,"" ĠFerguson Ġsaid Ġon ĠSaturday . Ġ""",O O O O O O O O O O O O O O O O O O O O O O O O O O O O O O O O O,O O O B-PUBLIC-FIGURE O O O O O O O O O O O O O O O O O O O O O O O B-ATHLETE O O O O O,[],"[('PUBLIC-FIGURE', 3, 3), ('ATHLETE', 27, 27)]"
64,"ĠIt 's Ġa Ġdisgrace , Ġbut ĠI Ġdon 't Ġexpect ĠWenger Ġto Ġever Ġapologise , Ġhe 's Ġthat Ġtype Ġof Ġperson .""",O O O O O O O O O O O O O O O O O O O O O O,O O O O O O O O O O B-ATHLETE O O O O O O O O O O O,[],"[('ATHLETE', 10, 10)]"
65,"Ġ Ċ Ċ Those Ġallegations Ġwere Ġput Ġto ĠWenger Ġafter ĠSaturday 's Ġgame Ġat ĠBolton , Ġwhich ĠArsenal Ġlost Ġto Ġslip Ġ10 Ġpoints Ġbehind ĠChelsea Ġin Ġthe Ġtitle Ġrace .",O O O O O O O O O O O O O O O O O O O O O O O O O O O O O O,O O O O O O O O B-BUSINESS-EXECUTIVE-MANAGER O O O O O O O O O O O O O O O O O O O O O,[],"[('BUSINESS-EXECUTIVE-MANAGER', 8, 8)]"
73,"ĠBut Ġlater Ġon ĠSaturday , Ġaccording Ġto ĠThe ĠIndependent , ĠWenger Ġspoke Ġto Ġa Ġsmaller Ġgroup Ġof Ġreporters Ġand Ġexpanded Ġon Ġhis Ġreaction . Ġ""",O O O O O O O O O O O O O O O O O O O O O O O O O,O O O O O O O O O O B-PUBLIC-FIGURE O O O O O O O O O O O O O O,[],"[('PUBLIC-FIGURE', 10, 10)]"
83,"ĠRem ind ed Ġthat ĠFerguson Ġcalled Ġhim Ġ"" a Ġdisgrace "", ĠWenger Ġadded : Ġ"" I Ġdon 't Ġrespond Ġto Ġanything .",O O O O O O O O O O O O O O O O O O O O O O,O O O O B-ATHLETE O O O O O O B-ATHLETE O O O O O O O O O O,[],"[('ATHLETE', 4, 4), ('ATHLETE', 11, 11)]"
89,"ĠGill Ġph oned ĠDe in Ġthree Ġtimes Ġto Ġcomplain Ġbut Ġnothing Ġwas Ġdone . Ġ""",O O O O O O O O O O O O O O O,B-ATHLETE O O B-ATHLETE I-ATHLETE O O O O O O O O O O,[],"[('ATHLETE', 0, 0), ('ATHLETE', 3, 4)]"
90,"ĠThe Ġreturn Ġis Ġon Ġ1 ĠFebruary Ġand Ġthey Ġwill Ġcome Ġout Ġwith Ġanother Ġdi at ribe . Ġ""",O O O O O O O O O O O O O O O O O O,O O O O O O O O O O O O O B-ATHLETE I-ATHLETE I-ATHLETE O O,[],"[('ATHLETE', 13, 15)]"
91,"ĠDavid ĠGill Ġand ĠI Ġfeel Ġwe Ġshould Ġset Ġthe Ġrecord Ġstraight Ġbecause ĠArsenal Ġhave Ġnot Ġwritten Ġto Ġus Ġto Ġapologise Ġand Ġwe Ġwould Ġnot Ġlet Ġthat Ġhappen Ġhere .""",B-BUSINESS-EXECUTIVE-MANAGER I-BUSINESS-EXECUTIVE-MANAGER O O O O O O O O O O O O O O O O O O O O O O O O O O O,B-ATHLETE I-ATHLETE O O O O O O O O O O O O O O O O O O O O O O O O O O O,"[('BUSINESS-EXECUTIVE-MANAGER', 0, 1)]","[('ATHLETE', 0, 1)]"
94,"ĠWenger Ġlater Ġaccused ĠVan ĠN ist el ro oy Ġof Ġ"" che ating "" Ġand Ġwas Ġfined ĠÂ£ 15 , 000 Ġand Ġ"" severe ly Ġreprim anded "" Ġby Ġthe ĠFootball ĠAssociation .",O O O O O O O O O O O O O O O O O O O O O O O O O O O O O O O O O,B-ATHLETE O O B-ATHLETE I-ATHLETE I-ATHLETE I-ATHLETE I-ATHLETE I-ATHLETE O O O O O O O O O O O O O O O O O O O O O O O O,[],"[('ATHLETE', 0, 0), ('ATHLETE', 3, 8)]"
95,"ĠFerguson Ġadmitted Ġon ĠSaturday Ġthat ĠVan ĠN ist el ro oy 's Ġtackle , Ġwhich Ġearned Ġthe ĠDutch man Ġa Ġban , Ġ"" could Ġhave Ġgiven Ġ( Cole ) Ġa Ġserious Ġinjury "", Ġbut Ġhe Ġbelieves ĠArsenal Ġwere Ġthe Ġmain Ġaggress ors .",O O O O O O O O O O O O O O O O O O O O O O O O O O O O O O O O O O O O O O O O O O O,B-ATHLETE O O O O B-ATHLETE I-ATHLETE I-ATHLETE I-ATHLETE I-ATHLETE I-ATHLETE I-ATHLETE O O O O O O O O O O O O O O O B-ATHLETE O O O O O O O O O O O O O O O,[],"[('ATHLETE', 0, 0), ('ATHLETE', 5, 11), ('ATHLETE', 27, 27)]"
96,"Ġ Ċ Ċ "" W enger Ġis Ġalways Ġcomplaining Ġthe Ġmatch Ġwas Ġnot Ġplayed Ġin Ġthe Ġright Ġspirit ,"" Ġhe Ġadded . Ġ""",O O O O O O O O O O O O O O O O O O O O O O O,O O O O B-ATHLETE I-ATHLETE O O O O O O O O O O O O O O O O O,[],"[('ATHLETE', 4, 5)]"
101,"ĠBut Ġto ĠWenger Ġit Ġnever Ġhappens , Ġit Ġis Ġall Ġsome Ġdream Ġor Ġnightmare .""",O O O O O O O O O O O O O O O,O O B-ACTOR-DIRECTOR O O O O O O O O O O O O,[],"[('ACTOR-DIRECTOR', 2, 2)]"
103,"Ġ Ċ Ċ Despite Ġmoves Ġto Ġbring Ġmusic Ġdownload Ġservices Ġto Ġmob iles , Ġpeople Ġdo Ġnot Ġwant Ġto Ġtrade Ġmultimedia Ġservices Ġwith Ġsize Ġand Ġbattery Ġlife , Ġsaid ĠJupiter .",O O O O O O O O O O O O O O O O O O O O O O O O O O O O O O O,O O O O O O O O O O O O O O O O O O O O O O O O O O O O O B-MUSICIAN O,[],"[('MUSICIAN', 29, 29)]"
104,"ĠA Ġseparate Ġstudy Ġby ĠG art ner Ġhas Ġalso Ġsaid Ġreal - time ĠTV Ġbroadcasts Ġto Ġmob iles Ġis Ġ"" un likely "" Ġin ĠEurope Ġuntil Ġ2007 .",O O O O O O O O O O O O O O O O O O O O O O O O O O O O,O O O O B-BUSINESS-EXECUTIVE-MANAGER I-BUSINESS-EXECUTIVE-MANAGER I-BUSINESS-EXECUTIVE-MANAGER O O O O O O O O O O O O O O O O O O O O O,[],"[('BUSINESS-EXECUTIVE-MANAGER', 4, 6)]"
109,"ĠMobile Ġphone Ġmusic Ġservices Ġmust Ġnot Ġbe Ġpositioned Ġto Ġcompete Ġwith Ġthe ĠPC Ġmusic Ġexperience Ġas Ġthe Ġhands ets Ġare Ġnot Ġyet Ġready ,"" Ġsaid ĠThomas ĠHuss on , Ġmobile Ġanalyst Ġat ĠJupiter Ġresearch . Ġ""",O O O O O O O O O O O O O O O O O O O O O O O O O B-AUTHOR-WRITER I-AUTHOR-WRITER I-AUTHOR-WRITER O O O O O O O O,O O O O O O O O O O O O O O O O O O O O O O O O O B-PUBLIC-FIGURE I-PUBLIC-FIGURE I-PUBLIC-FIGURE O O O O O O O O,"[('AUTHOR-WRITER', 25, 27)]","[('PUBLIC-FIGURE', 25, 27)]"
115,"ĠBut , Ġthe ĠG art ner Ġreport Ġon Ġmobile ĠTV Ġbroadcasting Ġin ĠEurope Ġsuggests Ġdirect Ġbroadcasting Ġwill Ġhave Ġto Ġwait .",O O O O O O O O O O O O O O O O O O O O O,O O O B-AUTHOR-WRITER I-AUTHOR-WRITER I-AUTHOR-WRITER O O O O O O O O O O O O O O O,[],"[('AUTHOR-WRITER', 3, 5)]"
125,ĠHands ets Ġalso Ġneed Ġto Ġbe Ġable Ġto Ġwork Ġwith Ġthe ĠDV B - H Ġstandard .,O O O O O O O O O O O O O O O O O,B-ATHLETE I-ATHLETE O O O O O O O O O O O O O O O,[],"[('ATHLETE', 0, 1)]"
127,"ĠPeople Ġare Ġalso Ġlikely Ġto Ġbe Ġput Ġoff Ġwatching ĠTV Ġon Ġsuch Ġsmall Ġscreens , Ġsaid ĠG art ner .",O O O O O O O O O O O O O O O O O O O O,O O O O O O O O O O O O O O O O B-BUSINESS-EXECUTIVE-MANAGER I-BUSINESS-EXECUTIVE-MANAGER I-BUSINESS-EXECUTIVE-MANAGER O,[],"[('BUSINESS-EXECUTIVE-MANAGER', 16, 18)]"
130,"ĠMore Ġpowerful Ġsmartphones Ġlike Ġthe ĠX DA ĠII , ĠNokia Ġ66 00 , ĠSony Eric sson ĠP 900 Ġand Ġthe ĠOrange ĠE 200 , Ġoffering Ġweb Ġaccess , Ġtext Ġand Ġmultimedia Ġmessaging , Ġe - mail , Ġcalendar Ġand Ġgaming Ġare Ġbecoming Ġincreasingly Ġcommon .",O O O O O O O O O O O O O O O O O O O O O O O O O O O O O O O O O O O O O O O O O O O O O,O O O O O O O O O O O O O B-MUSICIAN O O O O O O O O O O O O O O O O O O O O O O O O O O O O O O O,[],"[('MUSICIAN', 13, 13)]"
136,ĠBut ĠEur one xt Ġdeclined Ġto Ġcomment Ġafter Ġthe Ġtalks Ġended Ġon ĠFriday .,O O O O O O O O O O O O O O,O B-BUSINESS-EXECUTIVE-MANAGER I-BUSINESS-EXECUTIVE-MANAGER I-BUSINESS-EXECUTIVE-MANAGER O O O O O O O O O O,[],"[('BUSINESS-EXECUTIVE-MANAGER', 1, 3)]"
141,Ġ Ċ Ċ There Ġwas Ġspeculation ĠEur one xt Ġwould Ġuse ĠFriday 's Ġmeeting Ġas Ġan Ġopportunity Ġto Ġtake Ġadvantage Ġof Ġgrowing Ġdis quiet Ġover ĠDeutsche ĠBo er se 's Ġown Ġplans Ġfor Ġdominance Ġover Ġthe ĠLondon Ġmarket .,O O O O O O O O O O O O O O O O O O O O O O O O O O O O O O O O O O O O O O O,O O O O O O B-BUSINESS-EXECUTIVE-MANAGER I-BUSINESS-EXECUTIVE-MANAGER I-BUSINESS-EXECUTIVE-MANAGER O O O O O O O O O O O O O O O O O O O O O O O O O O O O O O,[],"[('BUSINESS-EXECUTIVE-MANAGER', 6, 8)]"
150,"ĠEur one xt , Ġso Ġfar , Ġhas Ġgiven Ġlittle Ġaway Ġas Ġto Ġwhat Ġsweet eners Ġit Ġwill Ġoffer Ġthe ĠL SE Ġ- ĠEurope 's Ġbiggest Ġequity Ġmarket Ġ- Ġinto Ġa Ġdeal .",O O O O O O O O O O O O O O O O O O O O O O O O O O O O O O O O O,B-BUSINESS-EXECUTIVE-MANAGER I-BUSINESS-EXECUTIVE-MANAGER I-BUSINESS-EXECUTIVE-MANAGER O O O O O O O O O O O O O O O O O O O O O O O O O O O O O O,[],"[('BUSINESS-EXECUTIVE-MANAGER', 0, 2)]"
159,"Ġ Ċ Ċ "" During Ġ2004 Ġwe Ġprof ited Ġfrom Ġthe Ġfact Ġthat Ġthe Ġworld Ġeconomy Ġwas Ġstrong ,"" Ġsaid ĠStefan ĠSch il be , Ġanalyst Ġat ĠHSBC ĠTr ink aus Ġ& ĠBurk hardt . Ġ""",O O O O O O O O O O O O O O O O O O O O B-PUBLIC-FIGURE I-PUBLIC-FIGURE I-PUBLIC-FIGURE I-PUBLIC-FIGURE O O O O O O O O O O O O,O O O O O O O O O O O O O O O O O O O O B-BUSINESS-EXECUTIVE-MANAGER I-BUSINESS-EXECUTIVE-MANAGER I-BUSINESS-EXECUTIVE-MANAGER I-BUSINESS-EXECUTIVE-MANAGER O O O O O O O O O O O O,"[('PUBLIC-FIGURE', 20, 23)]","[('BUSINESS-EXECUTIVE-MANAGER', 20, 23)]"
168,ĠThe Ġcampaigners Ġunveiled Ġa Ġhuge Ġposter Ġfeaturing ĠBlack ĠWatch Ġsoldiers Ġfighting Ġthe Ġwar Ġin ĠIraq Ġbefore Ġthey Ġannounced Ġtheir Ġelection Ġplans .,O O O O O O O O O O O O O O O O O O O O O O,O O O O O O O B-MUSICIAN I-MUSICIAN O O O O O O O O O O O O O,[],"[('MUSICIAN', 7, 8)]"
169,Ġ Ċ Ċ Former ĠScots ĠGuards man ĠAllan ĠHend ry Ġwill Ġchallenge ĠMr ĠIngram .,O O O O O O O B-PUBLIC-FIGURE I-PUBLIC-FIGURE I-PUBLIC-FIGURE O O O O O,O O O O O O O B-ATHLETE I-ATHLETE I-ATHLETE O O O B-BUSINESS-EXECUTIVE-MANAGER O,"[('PUBLIC-FIGURE', 7, 9)]","[('ATHLETE', 7, 9), ('BUSINESS-EXECUTIVE-MANAGER', 13, 13)]"
201,ĠStevens Ġnamed Ġin ĠEngland Ġline - up Ċ Ċ England Ġhave Ġnamed ĠBath Ġprop ĠMatt ĠStevens Ġin Ġthe Ġstarting Ġline - up Ġfor Ġtheir ĠSix ĠNations Ġmatch Ġagainst ĠIreland Ġat ĠLans down e ĠRoad Ġon ĠSunday .,O O O O O O O O O O O O O O B-ATHLETE I-ATHLETE O O O O O O O O O O O O O O O O O O O O O,B-ATHLETE O O O O O O O O O O O O O B-ATHLETE I-ATHLETE O O O O O O O O O O O O O O O O O O O O O,"[('ATHLETE', 14, 15)]","[('ATHLETE', 0, 0), ('ATHLETE', 14, 15)]"
203,ĠIt Ġwill Ġbe ĠStevens ' Ġfirst Ġstart Ġafter Ġtwo Ġcaps Ġas Ġa Ġreplacement Ġagainst Ġthe ĠAll ĠBlacks Ġlast Ġyear .,O O O O O O O O O O O O O O O O O O O O,O O O B-ATHLETE O O O O O O O O O O O O O O O O,[],"[('ATHLETE', 3, 3)]"
205,"ĠStevens Ġtakes Ġover Ġfrom ĠPhil ĠVick ery , Ġwho Ġsuffered Ġa Ġbroken Ġarm Ġplaying Ġfor ĠGlou cester Ġlast Ġweekend . Ġ""",O O O O B-ATHLETE I-ATHLETE I-ATHLETE O O O O O O O O O O O O O O,B-ATHLETE O O O B-ATHLETE I-ATHLETE I-ATHLETE O O O O O O O O O O O O O O,"[('ATHLETE', 4, 6)]","[('ATHLETE', 0, 0), ('ATHLETE', 4, 6)]"
206,"ĠI 'm Ġconfident ĠMatt Ġwill Ġgrasp Ġthis Ġopportunity Ġand Ġmake Ġhis Ġmark Ġagainst ĠIreland ,"" Ġsaid ĠRobinson .",O O O O O O O O O O O O O O O O O O,O O O B-ATHLETE O O O O O O O O O O O O B-ATHLETE O,[],"[('ATHLETE', 3, 3), ('ATHLETE', 16, 16)]"
207,"Ġ Ċ Ċ "" All Ġthree Ġplayers Ġhave Ġshown Ġoutstanding Ġform Ġof Ġlate , Ġmost Ġrecently Ġin Ġthe ĠEngland ĠA Ġwin Ġagainst ĠFrance ĠA Ġand Ġfor Ġtheir Ġclub ,"" Ġadded ĠRobinson . Ġ""",O O O O O O O O O O O O O O O O O O O O O O O O O O O O O O O O O,O O O O O O O O O O O O O O O O O O O O O O O O O O O O O O B-ATHLETE O O,[],"[('ATHLETE', 30, 30)]"
214,"ĠHow l Ġhelps Ġboost ĠJapan 's Ġcinem as Ċ Ċ Japan 's Ġbox Ġoffice Ġreceived Ġa Ġ3 . 8 % Ġboost Ġlast Ġyear , Ġwith Ġticket Ġsales Ġworth Ġ211 bn Ġyen Ġ(Â£ 1 . 08 bn ).",O O O O O O O O O O O O O O O O O O O O O O O O O O O O O O O O O O O O O,B-PUBLIC-FIGURE O O O O O O O O O O O O O O O O O O O O O O O O O O O O O O O O O O O O,[],"[('PUBLIC-FIGURE', 0, 0)]"
216,ĠIt Ġis Ġexpected Ġto Ġmatch Ġthe Ġ30 . 7 bn Ġyen Ġ(Â£ 157 m ) Ġrecord Ġof ĠHay ao ĠMiy azaki 's Ġprevious Ġfilm ĠSpir ited ĠAway .,O O O O O O O O O O O O O O O O O B-ACTOR-DIRECTOR I-ACTOR-DIRECTOR I-ACTOR-DIRECTOR I-ACTOR-DIRECTOR O O O O O O O,O O O O O O O O O O O O O O O O O B-ACTOR-DIRECTOR I-ACTOR-DIRECTOR I-ACTOR-DIRECTOR I-ACTOR-DIRECTOR I-ACTOR-DIRECTOR O O O O O O,"[('ACTOR-DIRECTOR', 17, 20)]","[('ACTOR-DIRECTOR', 17, 21)]"
225,ĠJohnson Ġannounces ĠJune Ġretirement Ċ Ċ Former ĠEngland Ġcaptain ĠMartin ĠJohnson Ġhas Ġannounced Ġhe Ġis Ġto Ġretire Ġfrom Ġrugby Ġunion Ġat Ġthe Ġend Ġof Ġthe Ġseason .,O O O O O O O O O B-ATHLETE I-ATHLETE O O O O O O O O O O O O O O O O,B-ATHLETE O O O O O O O O B-ATHLETE I-ATHLETE O O O O O O O O O O O O O O O O,"[('ATHLETE', 9, 10)]","[('ATHLETE', 0, 0), ('ATHLETE', 9, 10)]"
226,"Ġ Ċ Ċ Johnson , Ġwho Ġcapt ained ĠEngland Ġto ĠWorld ĠCup Ġglory Ġin Ġ2003 , Ġwill Ġplay Ġhis Ġfinal Ġmatch Ġin ĠJune .",O O O O O O O O O O O O O O O O O O O O O O O O,O O O B-ATHLETE O O O O O O O O O O O O O O O O O O O O,[],"[('ATHLETE', 3, 3)]"
227,"ĠJohnson Ġwon Ġ84 ĠEngland Ġcaps Ġand Ġquit ĠTest Ġrugby Ġat Ġthe Ġstart Ġof Ġ2004 , Ġjust Ġtwo Ġmonths Ġafter Ġleading ĠSir ĠClive ĠWoodward 's Ġteam Ġto Ġvictory Ġin ĠSydney .",O O O O O O O O O O O O O O O O O O O O B-ATHLETE I-ATHLETE I-ATHLETE O O O O O O O,B-ATHLETE O O O O O O O O O O O O O O O O O O O O B-PUBLIC-FIGURE I-PUBLIC-FIGURE O O O O O O O,"[('ATHLETE', 20, 22)]","[('ATHLETE', 0, 0), ('PUBLIC-FIGURE', 21, 22)]"
229,"ĠI 'm Ġconfident ĠI Ġhave Ġmade Ġthe Ġright Ġdecision Ġto Ġretire ,"" Ġsaid ĠJohnson . Ġ""",O O O O O O O O O O O O O O O O,O O O O O O O O O O O O O B-ATHLETE O O,[],"[('ATHLETE', 13, 13)]"
232,"ĠJohnson Ġwill Ġalways Ġbe Ġrevered Ġby ĠEngland Ġfans Ġfor Ġcapt aining ĠEngland Ġto Ġtheir Ġdramatic ĠWorld ĠCup Ġwin Ġagainst ĠAustralia Ġin ĠSydney , Ġbut Ġhis Ġlist Ġof Ġachievements Ġdoes Ġnot Ġstop Ġat Ġthat .",O O O O O O O O O O O O O O O O O O O O O O O O O O O O O O O O O O,B-ATHLETE O O O O O O O O O O O O O O O O O O O O O O O O O O O O O O O O O,[],"[('ATHLETE', 0, 0)]"
234,"ĠJohnson Ġalso Ġhad Ġhuge Ġsuccess Ġas Ġcaptain Ġof ĠLeicester , Ġguiding Ġthe ĠTigers Ġto Ġback Ġto Ġback ĠHe ine ken ĠCup Ġvictories Ġand Ġseveral ĠPremiership Ġtitles .",O O O O O O O O O O O O O O O O O O O O O O O O O O O,B-ATHLETE O O O O O O O O O O O O O O O O O O O O O O O O O O,[],"[('ATHLETE', 0, 0)]"
235,ĠApart Ġfrom Ġhis Ġmar vell ous Ġcaptain cy ĠJohnson Ġwas Ġalso Ġone Ġof Ġthe Ġfinest Ġsecond Ġrows Ġto Ġever Ġplay Ġthe Ġgame .,O O O O O O O O O O O O O O O O O O O O O O O,O O O O O O O B-ATHLETE I-ATHLETE O O O O O O O O O O O O O O,[],"[('ATHLETE', 7, 8)]"
236,"ĠTe ak Ġtough Ġand Ġphysically Ġintimidating , Ġhe Ġruled Ġthe Ġr ucks Ġand Ġm aul s Ġfor Ġthe Ġbest Ġpart Ġof Ġa Ġdecade Ġand Ġwas Ġintegral Ġin ĠEngland 's Ġrise Ġto Ġthe Ġtop Ġof Ġthe Ġworld Ġgame .",O O O O O O O O O O O O O O O O O O O O O O O O O O O O O O O O O O O O O O,B-ATHLETE I-ATHLETE O O O O O O O O O O O O O O O O O O O O O O O O O O O O O O O O O O O O,[],"[('ATHLETE', 0, 1)]"
238,"ĠThe ĠAll ĠBlack Ġis Ġaiming Ġto Ġreturn Ġto Ġaction Ġafter Ġa Ġkidney Ġtransplant Ġand ĠJohnson Ġexpects Ġit Ġto Ġbe Ġa Ġmemorable Ġoccasion . Ġ""",O O O O O O O O O O O O O O O O O O O O O O O O,O O O O O O O O O O O O O O B-ATHLETE O O O O O O O O O,[],"[('ATHLETE', 14, 14)]"
239,"ĠThis Ġgame Ġagainst ĠJonah Ġwill Ġbe Ġa Ġgreat Ġway Ġto Ġend Ġthe Ġseason Ġand Ġend Ġmy Ġcareer ,"" Ġsaid ĠJohnson .",O O O O O O O O O O O O O O O O O O O O O,O O O B-ATHLETE O O O O O O O O O O O O O O O B-ATHLETE O,[],"[('ATHLETE', 3, 3), ('ATHLETE', 19, 19)]"
240,"ĠL om u , Ġrugby Ġunion 's Ġfirst Ġglobal Ġsuperstar Ġafter Ġhis Ġexploits Ġin Ġthe Ġ1995 ĠWorld ĠCup , Ġsaid Ġhe Ġwas Ġproud Ġto Ġbe Ġpart Ġof ĠJohnson 's Ġfarewell . Ġ""",O O O O O O O O O O O O O O O O O O O O O O O O O O O O O O O O,B-ATHLETE I-ATHLETE I-ATHLETE O O O O O O O O O O O O O O O O O O O O O O O O B-ATHLETE O O O O,[],"[('ATHLETE', 0, 2), ('ATHLETE', 27, 27)]"
241,"ĠWe Ġhold Ġhim Ġin Ġsuch Ġhigh Ġesteem ,"" Ġsaid ĠL om u . Ġ""",O O O O O O O O O O O O O O,O O O O O O O O O B-ATHLETE I-ATHLETE I-ATHLETE O O,[],"[('ATHLETE', 9, 11)]"
251,"ĠThe Ġnewspaper Ġalso Ġclaimed ĠMr ĠSe if ert Ġwas Ġbecoming Ġ"" increasing ly Ġfrustrated "" Ġwith Ġthe Ġpace Ġof Ġnegotiations Ġsince ĠDeutsche ĠBo er se 's ĠÂ£ 1 . 3 bn Ġoffer Ġwas Ġrejected Ġin Ġmid - December , Ġin Ġparticular Ġthe ĠL SE 's Ġdecision Ġto Ġsuspend Ġtalks Ġover Ġthe ĠChristmas Ġperiod .",O O O O O O O O O O O O O O O O O O O O O O O O O O O O O O O O O O O O O O O O O O O O O O O O O O O O O O,O O O O O B-BUSINESS-EXECUTIVE-MANAGER I-BUSINESS-EXECUTIVE-MANAGER I-BUSINESS-EXECUTIVE-MANAGER O O O O O O O O O O O O O O O O O O O O O O O O O O O O O O O O O O O O O O O O O O O O O O,[],"[('BUSINESS-EXECUTIVE-MANAGER', 5, 7)]"
257,ĠSpears Ġseeks Ġaborted Ġtour Ġpayment Ċ Ċ S inger ĠBrit ney ĠSpears Ġis Ġsuing Ġeight Ġinsurance Ġcompanies Ġthat Ġhave Ġrefused Ġto Ġreimburse Ġher Ġfor Ġcance lling Ġher Ġ2004 Ġworld Ġtour .,O O O O O O O O O B-MUSICIAN I-MUSICIAN I-MUSICIAN O O O O O O O O O O O O O O O O O O O,B-MUSICIAN O O O O O O O O B-MUSICIAN I-MUSICIAN I-MUSICIAN O O O O O O O O O O O O O O O O O O O,"[('MUSICIAN', 9, 11)]","[('MUSICIAN', 0, 0), ('MUSICIAN', 9, 11)]"
265,"ĠThe Ġlegal Ġsubmission Ġdescribed ĠSpears Ġas Ġ"" one Ġof Ġthe Ġmost Ġrecognised Ġperformers Ġin Ġher Ġindustry "".",O O O O O O O O O O O O O O O O O,O O O O B-MUSICIAN O O O O O O O O O O O O,[],"[('MUSICIAN', 4, 4)]"
266,"ĠThe ĠOn yx ĠHotel Ġtour Ġwas Ġcited Ġas Ġ"" a Ġhighly Ġcrafted Ġproduction Ġwhich Ġincluded Ġthe Ġwell - known Ġmusic Ġand Ġdancing Ġof ĠSpears , Ġsupported Ġby Ġelaborate Ġcostumes , Ġcomplex Ġchore ography Ġas Ġwell Ġas Ġcutting - edge Ġvideo Ġproduction , Ġlighting Ġand Ġother Ġeffects "".",O O O O O O O O O O O O O O O O O O O O O O O O O O O O O O O O O O O O O O O O O O O O O O O,O O O O O O O O O O O O O O O O O O O O O O O B-MUSICIAN O O O O O O O O O O O O O O O O O O O O O O O,[],"[('MUSICIAN', 23, 23)]"
267,"ĠIn ĠSeptember ĠSpears Ġmarried ĠKevin ĠFeder line , Ġwho Ġhad Ġbeen Ġa Ġdancer Ġon Ġthe Ġaborted Ġtour .",O O O O B-MUSICIAN I-MUSICIAN I-MUSICIAN O O O O O O O O O O O,O O B-MUSICIAN O O B-ACTOR-DIRECTOR I-ACTOR-DIRECTOR O O O O O O O O O O O,"[('MUSICIAN', 4, 6)]","[('MUSICIAN', 2, 2), ('ACTOR-DIRECTOR', 5, 6)]"
292,"ĠBridge Head ĠSoftware Ġhas Ġcome Ġup Ġwith Ġtechniques Ġto Ġprove , Ġto Ġa Ġlegal Ġstandard , Ġthat Ġany Ġstored Ġfile Ġon Ġa ĠPC Ġhas Ġnot Ġbeen Ġtam pered Ġwith .",O O O O O O O O O O O O O O O O O O O O O O O O O O O O O O,B-BUSINESS-EXECUTIVE-MANAGER I-BUSINESS-EXECUTIVE-MANAGER O O O O O O O O O O O O O O O O O O O O O O O O O O O O,[],"[('BUSINESS-EXECUTIVE-MANAGER', 0, 1)]"
305,"ĠComic ĠPas qu ale Ġbeat Ġformer ĠRoyal Ġbut ler ĠPaul ĠBur rell Ġwho Ġcame Ġsecond , Ġnightclub Ġowner ĠFran ĠCos grave , Ġwho Ġwas Ġthird .",O O O O O O O O O B-PUBLIC-FIGURE I-PUBLIC-FIGURE I-PUBLIC-FIGURE O O O O O O B-BUSINESS-EXECUTIVE-MANAGER I-BUSINESS-EXECUTIVE-MANAGER I-BUSINESS-EXECUTIVE-MANAGER O O O O O,O B-ACTOR-DIRECTOR I-ACTOR-DIRECTOR I-ACTOR-DIRECTOR O O O O O B-ACTOR-DIRECTOR I-ACTOR-DIRECTOR I-ACTOR-DIRECTOR O O O O O O B-PUBLIC-FIGURE I-PUBLIC-FIGURE I-PUBLIC-FIGURE O O O O O,"[('PUBLIC-FIGURE', 9, 11), ('BUSINESS-EXECUTIVE-MANAGER', 18, 20)]","[('ACTOR-DIRECTOR', 1, 3), ('ACTOR-DIRECTOR', 9, 11), ('PUBLIC-FIGURE', 18, 20)]"
306,"ĠPas qu ale Ġfollows ĠKerry ĠMcF adden , ĠPhil ĠT uf nell Ġand ĠTony ĠBlackburn Ġas Ġwinners Ġof Ġthe Ġshow .",O O O O B-MUSICIAN I-MUSICIAN I-MUSICIAN O B-ATHLETE I-ATHLETE I-ATHLETE I-ATHLETE O B-PUBLIC-FIGURE I-PUBLIC-FIGURE O O O O O O,O O O O B-ACTOR-DIRECTOR I-ACTOR-DIRECTOR I-ACTOR-DIRECTOR O B-ACTOR-DIRECTOR I-ACTOR-DIRECTOR I-ACTOR-DIRECTOR I-ACTOR-DIRECTOR O B-ACTOR-DIRECTOR B-PUBLIC-FIGURE O O O O O O,"[('MUSICIAN', 4, 6), ('ATHLETE', 8, 11), ('PUBLIC-FIGURE', 13, 14)]","[('ACTOR-DIRECTOR', 4, 6), ('ACTOR-DIRECTOR', 8, 11), ('ACTOR-DIRECTOR', 13, 13), ('PUBLIC-FIGURE', 14, 14)]"
307,Ġ Ċ Ċ S inger Ġand ĠTV Ġpresenter ĠMcF adden Ġwas Ġthe Ġshow 's Ġfirst Ġfemale Ġwinner .,O O O O O O O O O O O O O O O O O O,O O O O O O O O B-PUBLIC-FIGURE I-PUBLIC-FIGURE O O O O O O O O,[],"[('PUBLIC-FIGURE', 8, 9)]"
308,"ĠWhen Ġcr ick eter ĠPhil ĠT uf nell Ġwon Ġin ĠMay Ġ2003 , Ġ12 . 3 Ġmillion Ġpeople Ġ- Ġ50 % Ġof Ġthe Ġviewing Ġpublic Ġ- Ġtuned Ġin Ġto Ġwatch .",O O O O B-ATHLETE I-ATHLETE I-ATHLETE I-ATHLETE O O O O O O O O O O O O O O O O O O O O O O O,O O O O B-ACTOR-DIRECTOR I-ACTOR-DIRECTOR I-ACTOR-DIRECTOR I-ACTOR-DIRECTOR O O O O O O O O O O O O O O O O O O O O O O O,"[('ATHLETE', 4, 7)]","[('ACTOR-DIRECTOR', 4, 7)]"
309,"ĠAnd Ġwhen ĠTony ĠBlackburn Ġwon Ġthe Ġfirst Ġshow Ġin Ġ2002 , Ġ10 . 9 Ġmillion Ġpeople Ġsaw Ġthe Ġshow .",O O B-PUBLIC-FIGURE I-PUBLIC-FIGURE O O O O O O O O O O O O O O O O,O O B-MUSICIAN I-MUSICIAN O O O O O O O O O O O O O O O O,"[('PUBLIC-FIGURE', 2, 3)]","[('MUSICIAN', 2, 3)]"
310,"ĠPas qu ale Ġhad Ġbeen Ġthe Ġshow 's Ġhottest Ġever Ġfavourite Ġto Ġwin , Ġand Ġits Ġhosts ĠAnthony ĠMc Part lin Ġand ĠDecl an ĠDonn elly , Ġknown Ġas ĠAnt Ġand ĠDec , Ġsaid ĠMonday 's Ġdeciding Ġvote Ġwas Ġthe Ġclosest Ġin Ġthe Ġprogramme 's Ġhistory .",O O O O O O O O O O O O O O O O O B-ACTOR-DIRECTOR I-ACTOR-DIRECTOR I-ACTOR-DIRECTOR I-ACTOR-DIRECTOR O B-ACTOR-DIRECTOR I-ACTOR-DIRECTOR I-ACTOR-DIRECTOR I-ACTOR-DIRECTOR O O O O O O O O O O O O O O O O O O O O O,O O O O O O O O O O O O O O O O O B-ACTOR-DIRECTOR I-ACTOR-DIRECTOR I-ACTOR-DIRECTOR I-ACTOR-DIRECTOR O B-ACTOR-DIRECTOR I-ACTOR-DIRECTOR I-ACTOR-DIRECTOR I-ACTOR-DIRECTOR O O O B-ACTOR-DIRECTOR O O O O O O O O O O O O O O O O O,"[('ACTOR-DIRECTOR', 17, 20), ('ACTOR-DIRECTOR', 22, 25)]","[('ACTOR-DIRECTOR', 17, 20), ('ACTOR-DIRECTOR', 22, 25), ('ACTOR-DIRECTOR', 29, 29)]"
311,"Ġ Ċ Ċ P asc ual e Ġhas Ġbeen Ġflooded Ġwith Ġoffers Ġof ĠTV Ġwork , Ġaccording Ġto Ġhis Ġmanagement Ġcompany , Ġbut Ġone Ġof Ġhis Ġfirst Ġjobs Ġon Ġhis Ġreturn Ġis Ġp antom ime .",O O O O O O O O O O O O O O O O O O O O O O O O O O O O O O O O O O O O,O O O B-PUBLIC-FIGURE I-PUBLIC-FIGURE I-PUBLIC-FIGURE I-PUBLIC-FIGURE O O O O O O O O O O O O O O O O O O O O O O O O O O O O O,[],"[('PUBLIC-FIGURE', 3, 6)]"
315,ĠThere Ġare Ġa Ġnumber Ġof Ġthings ĠJoe Ġwants Ġto Ġdo .,O O O O O O O O O O O,O O O O O O B-ATHLETE O O O O,[],"[('ATHLETE', 6, 6)]"
320,"Ġ Ċ Ċ Charles ĠEvans ĠJr Ġbattled Ġover Ġhis Ġrole Ġwith Ġthe Ġpeople Ġwho Ġeventually Ġmade Ġthe Ġfilm , Ġand Ġwon Ġa Ġproducer 's Ġcredit .",O O O B-BUSINESS-EXECUTIVE-MANAGER I-BUSINESS-EXECUTIVE-MANAGER I-BUSINESS-EXECUTIVE-MANAGER O O O O O O O O O O O O O O O O O O O O,O O O B-PUBLIC-FIGURE I-PUBLIC-FIGURE I-PUBLIC-FIGURE O O O O O O O O O O O O O O O O O O O O,"[('BUSINESS-EXECUTIVE-MANAGER', 3, 5)]","[('PUBLIC-FIGURE', 3, 5)]"
324,"ĠThe ĠAv iator 's Ġnominated Ġproducers Ġare ĠMichael ĠMann Ġand ĠGraham ĠKing Ġ- Ġwith ĠMr ĠEvans Ġand ĠSandy ĠCl iman , ĠMr ĠMann 's Ġformer Ġdeputy , Ġleft Ġoff .",O O O O O O O B-ACTOR-DIRECTOR I-ACTOR-DIRECTOR O B-BUSINESS-EXECUTIVE-MANAGER I-BUSINESS-EXECUTIVE-MANAGER O O O O O B-BUSINESS-EXECUTIVE-MANAGER I-BUSINESS-EXECUTIVE-MANAGER I-BUSINESS-EXECUTIVE-MANAGER O O O O O O O O O O,O O O O O O O B-ACTOR-DIRECTOR I-ACTOR-DIRECTOR O B-PUBLIC-FIGURE I-PUBLIC-FIGURE O O O B-PUBLIC-FIGURE O B-PUBLIC-FIGURE I-PUBLIC-FIGURE I-PUBLIC-FIGURE O O B-ACTOR-DIRECTOR O O O O O O O,"[('ACTOR-DIRECTOR', 7, 8), ('BUSINESS-EXECUTIVE-MANAGER', 10, 11), ('BUSINESS-EXECUTIVE-MANAGER', 17, 19)]","[('ACTOR-DIRECTOR', 7, 8), ('PUBLIC-FIGURE', 10, 11), ('PUBLIC-FIGURE', 15, 15), ('PUBLIC-FIGURE', 17, 19), ('ACTOR-DIRECTOR', 22, 22)]"
325,"ĠMr ĠEvans Ġsued ĠMr ĠMann Ġin Ġ2001 , Ġclaiming Ġhe Ġcame Ġup Ġwith Ġthe Ġidea , Ġspent Ġyears Ġdeveloping Ġit Ġand Ġpersuaded ĠDi Cap rio Ġto Ġplay ĠHughes Ġ- Ġbut Ġsaid Ġhe Ġwas Ġlater Ġexcluded Ġfrom Ġthe Ġproject .",O O O O O O O O O O O O O O O O O O O O O O O O O O O B-PUBLIC-FIGURE O O O O O O O O O O O,O B-PUBLIC-FIGURE O O B-ACTOR-DIRECTOR O O O O O O O O O O O O O O O O O B-ACTOR-DIRECTOR I-ACTOR-DIRECTOR I-ACTOR-DIRECTOR O O O O O O O O O O O O O O,"[('PUBLIC-FIGURE', 27, 27)]","[('PUBLIC-FIGURE', 1, 1), ('ACTOR-DIRECTOR', 4, 4), ('ACTOR-DIRECTOR', 22, 24)]"
326,ĠThe Ġtwo Ġsides Ġsettled Ġout Ġof Ġcourt Ġin Ġa Ġdeal Ġthat Ġhas Ġremained Ġsecret Ġapart Ġfrom Ġthe Ġfact ĠMr ĠEvans ' Ġname Ġhas Ġappeared Ġas Ġa Ġproducer Ġwhen Ġthe Ġfilm 's Ġcredits Ġroll .,O O O O O O O O O O O O O O O O O O O O O O O O O O O O O O O O O O,O O O O O O O O O O O O O O O O O O O B-PUBLIC-FIGURE O O O O O O O O O O O O O O,[],"[('PUBLIC-FIGURE', 19, 19)]"
327,"ĠAt Ġthe ĠGolden ĠGlob es , ĠMr ĠEvans Ġ- Ġwho Ġwas Ġnamed Ġamong Ġthe Ġwinners Ġwhen Ġthe Ġfilm Ġwon Ġbest Ġdrama Ġfilm Ġ- Ġev aded Ġa Ġsecurity Ġguard Ġto Ġhave Ġhis Ġphoto Ġtaken Ġwith ĠDi Cap rio , Ġdirector ĠMartin ĠSc ors ese , ĠMr ĠMann Ġand ĠMr ĠKing .",O O O O O O O O O O O O O O O O O O O O O O O O O O O O O O O O O O O O O O O B-ACTOR-DIRECTOR I-ACTOR-DIRECTOR I-ACTOR-DIRECTOR I-ACTOR-DIRECTOR O O O O O O O,O O O O O O O B-PUBLIC-FIGURE O O O O O O O O O O O O O O O O O O O O O O O O O O B-ACTOR-DIRECTOR I-ACTOR-DIRECTOR I-ACTOR-DIRECTOR O O B-ACTOR-DIRECTOR I-ACTOR-DIRECTOR I-ACTOR-DIRECTOR I-ACTOR-DIRECTOR O O B-ACTOR-DIRECTOR O O B-PUBLIC-FIGURE O,"[('ACTOR-DIRECTOR', 39, 42)]","[('PUBLIC-FIGURE', 7, 7), ('ACTOR-DIRECTOR', 34, 36), ('ACTOR-DIRECTOR', 39, 42), ('ACTOR-DIRECTOR', 45, 45), ('PUBLIC-FIGURE', 48, 48)]"
328,Ġ Ċ Ċ A mp as Ġdecided Ġto Ġlimit Ġthe Ġnumber Ġof Ġproducers Ġwho Ġcould Ġbe Ġnominated Ġafter ĠShakespeare Ġin ĠLove 's Ġvictory Ġin Ġ1999 Ġsaw Ġfive Ġproducers Ġcollect Ġawards .,O O O O O O O O O O O O O O O O O O O O O O O O O O O O O O O,O O O B-PUBLIC-FIGURE I-PUBLIC-FIGURE I-PUBLIC-FIGURE O O O O O O O O O O O O B-AUTHOR-WRITER O O O O O O O O O O O O,[],"[('PUBLIC-FIGURE', 3, 5), ('AUTHOR-WRITER', 18, 18)]"
340,"ĠCelebr ating Ġhis Ġwin , Ġthe ĠOscar - nom inated ĠOwen Ġtold Ġreporters : Ġ"" The Ġwhole Ġaward Ġseason Ġis Ġnew Ġto Ġme Ġbecause ĠI Ġhaven 't Ġwon Ġanything Ġbefore .",O O O O O O O O O O O O O O O O O O O O O O O O O O O O O O O,O O O O O O O O O O B-ACTOR-DIRECTOR O O O O O O O O O O O O O O O O O O O O,[],"[('ACTOR-DIRECTOR', 10, 10)]"
342,"ĠBl anche tt , Ġwho Ġwon Ġa ĠBa ft a Ġin Ġ1999 Ġfor Ġher Ġleading Ġrole Ġin ĠElizabeth , Ġsaid : Ġ"" Win ning Ġa ĠBa ft a Ġmeans Ġan Ġenormous Ġamount Ġto Ġme .""",O O O O O O O O O O O O O O O O O O O O O O O O O O O O O O O O O O O,B-ACTOR-DIRECTOR I-ACTOR-DIRECTOR I-ACTOR-DIRECTOR O O O O O O O O O O O O O O O O O O O O O O O O O O O O O O O O,[],"[('ACTOR-DIRECTOR', 0, 2)]"
346,"ĠSt aun ton , Ġwho Ġis Ġup Ġfor Ġan ĠOscar Ġfor Ġher Ġrole Ġin ĠVera ĠDrake , Ġarrived Ġwearing Ġa Ġgreen Ġsilk Ġand Ġch iff on Ġbe aded Ġevening Ġdress . Ġ""",O O O O O O O O O O O O O O O O O O O O O O O O O O O O O O O O,B-ACTOR-DIRECTOR I-ACTOR-DIRECTOR I-ACTOR-DIRECTOR O O O O O O O O O O O O O O O O O O O O O O O O O O O O O,[],"[('ACTOR-DIRECTOR', 0, 2)]"
349,"ĠHer Ġdirector ĠLeigh , Ġwho Ġbeat ĠMartin ĠSc ors ese Ġto Ġthe Ġbest Ġdirector Ġaward , Ġtold Ġthe Ġaudience : Ġ"" We Ġalways Ġsay Ġit Ġwas Ġa Ġsurprise Ġand Ġsometimes ĠI 've Ġsaid Ġit Ġand Ġnot Ġmeant Ġit .",O O O O O O B-ACTOR-DIRECTOR I-ACTOR-DIRECTOR I-ACTOR-DIRECTOR I-ACTOR-DIRECTOR O O O O O O O O O O O O O O O O O O O O O O O O O O O O O,O O B-ACTOR-DIRECTOR O O O B-ACTOR-DIRECTOR I-ACTOR-DIRECTOR I-ACTOR-DIRECTOR I-ACTOR-DIRECTOR O O O O O O O O O O O O O O O O O O O O O O O O O O O O O,"[('ACTOR-DIRECTOR', 6, 9)]","[('ACTOR-DIRECTOR', 2, 2), ('ACTOR-DIRECTOR', 6, 9)]"
352,"ĠBest Ġactor ĠFox x Ġcould Ġnot Ġmake Ġthe Ġceremony , Ġbut Ġactress ĠHelen ĠMir ren Ġread Ġout Ġhis Ġacceptance Ġspeech . Ġ""",O O O O O O O O O O O O B-ACTOR-DIRECTOR I-ACTOR-DIRECTOR I-ACTOR-DIRECTOR O O O O O O O,O O B-ACTOR-DIRECTOR I-ACTOR-DIRECTOR O O O O O O O O B-ACTOR-DIRECTOR I-ACTOR-DIRECTOR I-ACTOR-DIRECTOR O O O O O O O,"[('ACTOR-DIRECTOR', 12, 14)]","[('ACTOR-DIRECTOR', 2, 3), ('ACTOR-DIRECTOR', 12, 14)]"
353,ĠI 'm Ġhonoured Ġand Ġproud Ġto Ġreceive Ġthis ĠBa ft a .,O O O O O O O O O O O O,O O O O O O O O B-ATHLETE I-ATHLETE I-ATHLETE O,[],"[('ATHLETE', 8, 10)]"
356,"ĠDi Cap rio , Ġwho Ġlost Ġout Ġon Ġthe Ġbest Ġactor ĠBa ft a Ġto ĠFox x , Ġwill Ġface Ġhim Ġagain Ġat Ġthe ĠAcademy ĠAwards Ġin Ġtwo Ġweeks ' Ġtime .",B-ACTOR-DIRECTOR I-ACTOR-DIRECTOR I-ACTOR-DIRECTOR O O O O O O O O O O O O O O O O O O O O O O O O O O O O O,B-ACTOR-DIRECTOR I-ACTOR-DIRECTOR I-ACTOR-DIRECTOR O O O O O O O O B-ACTOR-DIRECTOR I-ACTOR-DIRECTOR I-ACTOR-DIRECTOR O B-ACTOR-DIRECTOR I-ACTOR-DIRECTOR O O O O O O O O O O O O O O O,"[('ACTOR-DIRECTOR', 0, 2)]","[('ACTOR-DIRECTOR', 0, 2), ('ACTOR-DIRECTOR', 11, 13), ('ACTOR-DIRECTOR', 15, 16)]"
360,"ĠBest ĠBritish Ġfilm Ġwas ĠMy ĠSummer Ġof ĠLove , Ġthe Ġstory Ġof Ġtwo Ġyoung Ġwomen Ġand Ġtheir Ġdeveloping Ġrelationship , Ġwhile ĠFox x 's Ġmovie ĠRay , Ġa Ġbio - pic Ġof Ġlate Ġsinger ĠRay ĠCharles , Ġalso Ġtook Ġbest Ġsound .",O O O O O O O O O O O O O O O O O O O O O O O O O O O O O O O O O O B-MUSICIAN I-MUSICIAN O O O O O O,O O O O O O O O O O O O O O O O O O O O O B-ACTOR-DIRECTOR I-ACTOR-DIRECTOR O O O O O O O O O O O B-MUSICIAN I-MUSICIAN O O O O O O,"[('MUSICIAN', 34, 35)]","[('ACTOR-DIRECTOR', 21, 22), ('MUSICIAN', 34, 35)]"
363,ĠBen ite z Ġdelight Ġafter Ġcrucial Ġwin Ċ Ċ Liverpool Ġmanager ĠRafael ĠBen ite z Ġadmitted Ġvictory Ġagainst ĠDep ort ivo ĠLa ĠCor una Ġwas Ġvital Ġin Ġtheir Ġtight ĠChampions ĠLeague Ġgroup .,O O O O O O O O O O O B-ATHLETE I-ATHLETE I-ATHLETE I-ATHLETE O O O O O O O O O O O O O O O O O O,B-BUSINESS-EXECUTIVE-MANAGER I-BUSINESS-EXECUTIVE-MANAGER I-BUSINESS-EXECUTIVE-MANAGER O O O O O O O O B-BUSINESS-EXECUTIVE-MANAGER I-BUSINESS-EXECUTIVE-MANAGER I-BUSINESS-EXECUTIVE-MANAGER I-BUSINESS-EXECUTIVE-MANAGER O O O O O O O O O O O O O O O O O O,"[('ATHLETE', 11, 14)]","[('BUSINESS-EXECUTIVE-MANAGER', 0, 2), ('BUSINESS-EXECUTIVE-MANAGER', 11, 14)]"
364,Ġ Ċ Ċ J orge ĠAnd rade 's Ġearly Ġown Ġgoal Ġgave ĠLiverpool Ġa Ġ1 - 0 Ġwin .,O O O B-ATHLETE I-ATHLETE I-ATHLETE I-ATHLETE O O O O O O O O O O O O,O O O B-ATHLETE I-ATHLETE I-ATHLETE I-ATHLETE I-ATHLETE O O O O O O O O O O O,"[('ATHLETE', 3, 6)]","[('ATHLETE', 3, 7)]"
365,"ĠAnd ĠBen ite z Ġsaid : Ġ"" We Ġstarted Ġat Ġa Ġvery Ġhigh Ġtempo Ġand Ġhad Ġmany Ġchances .",O O O O O O O O O O O O O O O O O O O,O B-BUSINESS-EXECUTIVE-MANAGER I-BUSINESS-EXECUTIVE-MANAGER I-BUSINESS-EXECUTIVE-MANAGER O O O O O O O O O O O O O O O,[],"[('BUSINESS-EXECUTIVE-MANAGER', 1, 3)]"
369,"ĠIgor ĠB isc an Ġwas Ġoutstanding Ġin Ġmidfield Ġafter Ġreplacing Ġinjured ĠX abi ĠAlonso , Ġand ĠBen ite z Ġsaid : Ġ"" He Ġplayed Ġvery Ġwell . Ġ""",B-ATHLETE I-ATHLETE I-ATHLETE I-ATHLETE O O O O O O O B-ATHLETE I-ATHLETE I-ATHLETE O O O O O O O O O O O O O O,B-ATHLETE I-ATHLETE I-ATHLETE I-ATHLETE O O O O O O O B-ATHLETE I-ATHLETE I-ATHLETE O O B-BUSINESS-EXECUTIVE-MANAGER I-BUSINESS-EXECUTIVE-MANAGER I-BUSINESS-EXECUTIVE-MANAGER O O O O O O O O O,"[('ATHLETE', 0, 3), ('ATHLETE', 11, 13)]","[('ATHLETE', 0, 3), ('ATHLETE', 11, 13), ('BUSINESS-EXECUTIVE-MANAGER', 16, 18)]"
371,"ĠBen ite z Ġadded : Ġ"" It Ġis Ġall Ġback Ġin Ġour Ġown Ġhands Ġnow , Ġit Ġwas Ġa Ġgreat Ġwin Ġfor Ġus Ġand ĠI Ġwas Ġdelighted Ġwith Ġwhat ĠI Ġfeel Ġwas Ġthe Ġbest ĠLiverpool ĠI Ġhave Ġseen . Ġ""",O O O O O O O O O O O O O O O O O O O O O O O O O O O O O O O O O O O O O O O O,B-BUSINESS-EXECUTIVE-MANAGER I-BUSINESS-EXECUTIVE-MANAGER I-BUSINESS-EXECUTIVE-MANAGER O O O O O O O O O O O O O O O O O O O O O O O O O O O O O O O O O O O O O,[],"[('BUSINESS-EXECUTIVE-MANAGER', 0, 2)]"
375,"ĠBen ite z Ġadded : ĠBen ite z Ġsaid : Ġ"" We Ġhad Ġa Ġproblem Ġbefore Ġthe Ġstart , Ġit Ġwas Ġdecided Ġthat ĠX abi Ġcould Ġnot Ġplay Ġmore Ġthan Ġ45 Ġminutes . Ġ""",O O O O O O O O O O O O O O O O O O O O O O O O O O O O O O O O O O,B-BUSINESS-EXECUTIVE-MANAGER I-BUSINESS-EXECUTIVE-MANAGER I-BUSINESS-EXECUTIVE-MANAGER O O B-BUSINESS-EXECUTIVE-MANAGER I-BUSINESS-EXECUTIVE-MANAGER I-BUSINESS-EXECUTIVE-MANAGER O O O O O O O O O O O O O O O B-ATHLETE I-ATHLETE O O O O O O O O O,[],"[('BUSINESS-EXECUTIVE-MANAGER', 0, 2), ('BUSINESS-EXECUTIVE-MANAGER', 5, 7), ('ATHLETE', 23, 24)]"
376,"ĠBut Ġin Ġthe Ġend Ġbecause Ġof Ġthe Ġway Ġthat Ġ( D iet mar ) ĠHam ann Ġand Ġ( I gor ) ĠB isc an Ġperformed , Ġwe Ġdid Ġnot Ġneed Ġto Ġchange Ġthings Ġuntil Ġright Ġat Ġthe Ġend Ġof Ġthe Ġmatch . Ġ""",O O O O O O O O O O O O O O O O O O O O O O O O O O O O O O O O O O O O O O O O O O O,O O O O O O O O O O B-ATHLETE I-ATHLETE I-ATHLETE I-ATHLETE I-ATHLETE I-ATHLETE O O B-ATHLETE I-ATHLETE I-ATHLETE I-ATHLETE I-ATHLETE I-ATHLETE O O O O O O O O O O O O O O O O O O O,[],"[('ATHLETE', 10, 15), ('ATHLETE', 18, 23)]"
390,"ĠPro ducers Ġsay Ġno Ġdecision Ġhas Ġyet Ġbeen Ġmade Ġon Ġwho Ġwill Ġbecome Ġthe Ġseventh Ġactor , Ġincluding ĠN iven , Ġto Ġplay ĠBond Ġon Ġfilm .",O O O O O O O O O O O O O O O O O O O O O O O O O O O,O O O O O O O O O O O O O O O O O O B-ACTOR-DIRECTOR I-ACTOR-DIRECTOR O O O O O O O,[],"[('ACTOR-DIRECTOR', 18, 19)]"
391,"ĠKill ĠBill Ġdirector ĠQuentin ĠTarant ino Ġhad Ġtalked Ġof Ġwanting Ġto Ġtake Ġon Ġthe ĠCasino ĠRoyale Ġproject , Ġand Ġsaid Ġhe Ġhad Ġspoken Ġto ĠBros nan Ġabout Ġit .",O O O B-ACTOR-DIRECTOR I-ACTOR-DIRECTOR I-ACTOR-DIRECTOR O O O O O O O O O O O O O O O O O O O O O O O,O O O B-ACTOR-DIRECTOR I-ACTOR-DIRECTOR I-ACTOR-DIRECTOR O O O O O O O O O O O O O O O O O O B-BUSINESS-EXECUTIVE-MANAGER I-BUSINESS-EXECUTIVE-MANAGER O O O,"[('ACTOR-DIRECTOR', 3, 5)]","[('ACTOR-DIRECTOR', 3, 5), ('BUSINESS-EXECUTIVE-MANAGER', 24, 25)]"
392,"Ġ Ċ Ċ Sh ooting Ġon ĠCasino ĠRoyale Ġis Ġexpected Ġto Ġbegin Ġonce ĠCampbell Ġhas Ġfinished Ġwork Ġon ĠThe ĠLegend Ġof ĠZ or ro , Ġa Ġsequel Ġto ĠThe ĠMask Ġof ĠZ or ro , Ġstarring ĠCatherine ĠZ eta ĠJones Ġand ĠAntonio ĠB ander as .",O O O O O O O O O O O O O O O O O O O O O O O O O O O O O O O O O O O O B-ACTOR-DIRECTOR I-ACTOR-DIRECTOR I-ACTOR-DIRECTOR I-ACTOR-DIRECTOR O B-ACTOR-DIRECTOR I-ACTOR-DIRECTOR I-ACTOR-DIRECTOR I-ACTOR-DIRECTOR O,O O O O O O O O O O O O O B-ACTOR-DIRECTOR O O O O O O O O O O O O O O O O O O O O O O B-ACTOR-DIRECTOR I-ACTOR-DIRECTOR I-ACTOR-DIRECTOR I-ACTOR-DIRECTOR O B-ACTOR-DIRECTOR I-ACTOR-DIRECTOR I-ACTOR-DIRECTOR I-ACTOR-DIRECTOR O,"[('ACTOR-DIRECTOR', 36, 39), ('ACTOR-DIRECTOR', 41, 44)]","[('ACTOR-DIRECTOR', 13, 13), ('ACTOR-DIRECTOR', 36, 39), ('ACTOR-DIRECTOR', 41, 44)]"
393,ĠPro ducers ĠBarbara ĠBro ccoli Ġand ĠMichael ĠG ĠWilson Ġexpect Ġthe Ġfilm Ġto Ġbe Ġreleased Ġin Ġ2006 .,O O B-BUSINESS-EXECUTIVE-MANAGER I-BUSINESS-EXECUTIVE-MANAGER I-BUSINESS-EXECUTIVE-MANAGER O B-BUSINESS-EXECUTIVE-MANAGER I-BUSINESS-EXECUTIVE-MANAGER I-BUSINESS-EXECUTIVE-MANAGER O O O O O O O O O,O O B-ACTOR-DIRECTOR I-ACTOR-DIRECTOR I-ACTOR-DIRECTOR O B-ACTOR-DIRECTOR I-ACTOR-DIRECTOR I-ACTOR-DIRECTOR O O O O O O O O O,"[('BUSINESS-EXECUTIVE-MANAGER', 2, 4), ('BUSINESS-EXECUTIVE-MANAGER', 6, 8)]","[('ACTOR-DIRECTOR', 2, 4), ('ACTOR-DIRECTOR', 6, 8)]"
394,Ġ Ċ Ċ The Ġscript Ġwill Ġonce Ġagain Ġbe Ġdeveloped Ġby ĠNeal ĠPur vis Ġand ĠRobert ĠWade Ġwho Ġhave Ġboth Ġworked Ġon Ġtwo Ġprevious ĠBond Ġmovies .,O O O O O O O O O O O B-AUTHOR-WRITER I-AUTHOR-WRITER I-AUTHOR-WRITER O B-AUTHOR-WRITER I-AUTHOR-WRITER O O O O O O O O O O,O O O O O O O O O O O B-ACTOR-DIRECTOR I-ACTOR-DIRECTOR I-ACTOR-DIRECTOR O B-ACTOR-DIRECTOR I-ACTOR-DIRECTOR O O O O O O O O O O,"[('AUTHOR-WRITER', 11, 13), ('AUTHOR-WRITER', 15, 16)]","[('ACTOR-DIRECTOR', 11, 13), ('ACTOR-DIRECTOR', 15, 16)]"
395,ĠFleming 's Ġbook Ġsaw Ġthe Ġintroduction Ġof ĠBond Ġpitted Ġagainst Ġa ĠRussian Ġspy Ġin Ġa Ġgame Ġof Ġb acc arat .,O O O O O O O O O O O O O O O O O O O O O,B-AUTHOR-WRITER O O O O O O O O O O O O O O O O O O O O,[],"[('AUTHOR-WRITER', 0, 0)]"
396,"ĠSim ultane ously , Ġa Ġwoman Ġarrives Ġon Ġthe Ġscene Ġto Ġtake Ġhis Ġeye Ġoff Ġthe Ġgame .",O O O O O O O O O O O O O O O O O O,B-PUBLIC-FIGURE I-PUBLIC-FIGURE I-PUBLIC-FIGURE O O O O O O O O O O O O O O O,[],"[('PUBLIC-FIGURE', 0, 2)]"
397,"ĠThe Ġnovel Ġis Ġone Ġof ĠFleming 's Ġmost Ġviolent Ġand Ġsad istic Ġstories , Ġwith Ġ00 7 Ġsuffering Ġa Ġsavage Ġbeating Ġfrom Ġhis Ġnem esis ĠLe ĠCh iff re .",O O O O O O O O O O O O O O O O O O O O O O O O O O O O O O,O O O O O B-AUTHOR-WRITER O O O O O O O O O O O O O O O O O O O O O O O O,[],"[('AUTHOR-WRITER', 5, 5)]"
399,"ĠMGM ĠVice ĠChairman ĠChris ĠMcG ur k Ġsaid : Ġ"" Martin Ġ( Camp bell ) Ġis Ġan Ġincredibly Ġexciting Ġfilm - maker .",O O O B-BUSINESS-EXECUTIVE-MANAGER I-BUSINESS-EXECUTIVE-MANAGER I-BUSINESS-EXECUTIVE-MANAGER I-BUSINESS-EXECUTIVE-MANAGER O O O O O O O O O O O O O O O O,O O O B-BUSINESS-EXECUTIVE-MANAGER I-BUSINESS-EXECUTIVE-MANAGER I-BUSINESS-EXECUTIVE-MANAGER I-BUSINESS-EXECUTIVE-MANAGER O O O B-ACTOR-DIRECTOR I-ACTOR-DIRECTOR B-ACTOR-DIRECTOR I-ACTOR-DIRECTOR O O O O O O O O O,"[('BUSINESS-EXECUTIVE-MANAGER', 3, 6)]","[('BUSINESS-EXECUTIVE-MANAGER', 3, 6), ('ACTOR-DIRECTOR', 10, 11), ('ACTOR-DIRECTOR', 12, 13)]"
400,ĠGold ene ye Ġwas Ġa Ġwonderful Ġmovie Ġand Ġhelped Ġrein v ig orate Ġthe ĠBond Ġfranchise .,O O O O O O O O O O O O O O O O O,B-ACTOR-DIRECTOR I-ACTOR-DIRECTOR I-ACTOR-DIRECTOR O O O O O O O O O O O O O O,[],"[('ACTOR-DIRECTOR', 0, 2)]"
402,"ĠNew ĠZealand - born ĠCampbell Ġmoved Ġto Ġthe ĠUK Ġin Ġ1966 Ġand Ġdirected ĠTV Ġseries Ġsuch Ġas ĠThe ĠProfession als , ĠM inder Ġand ĠBerger ac .",O O O O O O O O O O O O O O O O O O O O O O O O O O O,O O O O B-ACTOR-DIRECTOR O O O O O O O O O O O O O O O O O O O O O O,[],"[('ACTOR-DIRECTOR', 4, 4)]"
405,Ġ Ċ Ċ Bar bara ĠRoche Ġsaid Ġan Ġorganisation Ġshould Ġmonitor Ġand Ġpublish Ġfigures Ġand Ġbe Ġindependent Ġof Ġgovernment .,O O O B-POLITICIAN I-POLITICIAN I-POLITICIAN O O O O O O O O O O O O O O,O O O B-PUBLIC-FIGURE I-PUBLIC-FIGURE I-PUBLIC-FIGURE O O O O O O O O O O O O O O,"[('POLITICIAN', 3, 5)]","[('PUBLIC-FIGURE', 3, 5)]"
408,"ĠSir ĠAndrew ĠGreen , Ġchairman Ġof Ġthe Ġorganisation , Ġsays Ġthere Ġis Ġno Ġneed Ġfor Ġan Ġindependent Ġbody Ġbecause ĠOffice Ġof ĠNational ĠStatistics Ġdata Ġare Ġaccurate .",B-PUBLIC-FIGURE I-PUBLIC-FIGURE I-PUBLIC-FIGURE O O O O O O O O O O O O O O O O O O O O O O O O,O B-PUBLIC-FIGURE I-PUBLIC-FIGURE O O O O O O O O O O O O O O O O O O O O O O O O,"[('PUBLIC-FIGURE', 0, 2)]","[('PUBLIC-FIGURE', 1, 2)]"
412,"ĠMs ĠRoche , ĠLabour ĠMP Ġfor ĠHorn sey Ġand ĠWood ĠGreen , Ġbelieves Ġlegal Ġmigration Ġis Ġsomething Ġwe Ġshould Ġwelcome .",O O O O O O O O O O O O O O O O O O O O O,O B-POLITICIAN O O O O O O O O O O O O O O O O O O O,[],"[('POLITICIAN', 1, 1)]"
419,"ĠITV Ġalso Ġunveiled Ġtheir Ġfestive Ġseason Ġon ĠTuesday , Ġwhich Ġincludes ĠStephen ĠFry Ġin Ġa Ġremake Ġof ĠTom ĠBrown 's ĠSch o old ays .",O O O O O O O O O O O B-ACTOR-DIRECTOR I-ACTOR-DIRECTOR O O O O O O O O O O O O,O O O O O O O O O O O B-ACTOR-DIRECTOR I-ACTOR-DIRECTOR O O O O B-AUTHOR-WRITER I-AUTHOR-WRITER I-AUTHOR-WRITER O O O O O,"[('ACTOR-DIRECTOR', 11, 12)]","[('ACTOR-DIRECTOR', 11, 12), ('AUTHOR-WRITER', 17, 19)]"
421,"Ġ Ċ Ċ The Ġprogramme Ġmer ges Ġscience , Ġdrama Ġand Ġcomputer Ġimagery Ġto Ġreveal Ġwhat Ġcould Ġhappen Ġif ĠYellowstone Ġ- Ġhome Ġto Ġthe Ġonly Ġcurrently Ġactive Ġsuper vol cano Ġin Ġthe Ġworld Ġ- Ġwere Ġto Ġerupt Ġagain .",O O O O O O O O O O O O O O O O O O O O O O O O O O O O O O O O O O O O O O O,O O O O O O O O O O O O O O O O O O O B-POLITICIAN O O O O O O O O O O O O O O O O O O O,[],"[('POLITICIAN', 19, 19)]"
423,ĠOther Ġeducational Ġhighlights Ġinclude Ġa Ġdocumentary Ġabout Ġinfamous ĠMongol ian Ġwarrior ĠGen gh is ĠKhan Ġand ĠGrand child Ġof ĠThe ĠHolocaust .,O O O O O O O O O O O B-PUBLIC-FIGURE I-PUBLIC-FIGURE I-PUBLIC-FIGURE I-PUBLIC-FIGURE O O O O O O O,O O O O O O O O O O O B-AUTHOR-WRITER I-AUTHOR-WRITER I-AUTHOR-WRITER I-AUTHOR-WRITER O O O O O O O,"[('PUBLIC-FIGURE', 11, 14)]","[('AUTHOR-WRITER', 11, 14)]"
425,"Ġ Ċ Ċ New Ġdrama Ġincludes ĠArchangel , Ġan Ġadaptation Ġof Ġthe ĠRobert ĠHarris Ġbest - seller , Ġwhich Ġstars ĠDaniel ĠCraig Ġon Ġthe Ġtrail Ġof ĠStalin 's Ġdi aries Ġin ĠCommunist ĠRussia .",O O O O O O O O O O O O B-AUTHOR-WRITER I-AUTHOR-WRITER O O O O O O B-ACTOR-DIRECTOR I-ACTOR-DIRECTOR O O O O B-POLITICIAN O O O O O O O,O O O O O O O O O O O O B-AUTHOR-WRITER I-AUTHOR-WRITER O O O O O O B-ACTOR-DIRECTOR I-ACTOR-DIRECTOR O O O O B-PUBLIC-FIGURE O O O O O O O,"[('AUTHOR-WRITER', 12, 13), ('ACTOR-DIRECTOR', 20, 21), ('POLITICIAN', 26, 26)]","[('AUTHOR-WRITER', 12, 13), ('ACTOR-DIRECTOR', 20, 21), ('PUBLIC-FIGURE', 26, 26)]"
426,ĠAnd ĠSarah ĠWaters ' Ġgets Ġher Ġsecond Ġadaptation Ġon ĠBBC ĠOne Ġwith ĠI me lda ĠSt aun ton Ġand ĠCharles ĠDance Ġlined Ġup Ġto Ġstar Ġin ĠF ingers mith .,O B-AUTHOR-WRITER I-AUTHOR-WRITER O O O O O O O O O B-ACTOR-DIRECTOR I-ACTOR-DIRECTOR I-ACTOR-DIRECTOR I-ACTOR-DIRECTOR I-ACTOR-DIRECTOR I-ACTOR-DIRECTOR O B-ACTOR-DIRECTOR I-ACTOR-DIRECTOR O O O O O O O O O,O O B-AUTHOR-WRITER O O O O O O O O O B-ACTOR-DIRECTOR I-ACTOR-DIRECTOR I-ACTOR-DIRECTOR I-ACTOR-DIRECTOR I-ACTOR-DIRECTOR I-ACTOR-DIRECTOR O B-ACTOR-DIRECTOR I-ACTOR-DIRECTOR O O O O O O O O O,"[('AUTHOR-WRITER', 1, 2), ('ACTOR-DIRECTOR', 12, 17), ('ACTOR-DIRECTOR', 19, 20)]","[('AUTHOR-WRITER', 2, 2), ('ACTOR-DIRECTOR', 12, 17), ('ACTOR-DIRECTOR', 19, 20)]"
427,"ĠThe Ġadaptation , Ġabout Ġa Ġcon man Ġin ĠVictorian ĠEngland , Ġwill Ġmake Ġan Ġinteresting Ġcontrast Ġto ĠJulie ĠB urch ill 's ĠSugar ĠRush Ġ- Ġa Ġlesbian Ġteenage Ġdrama Ġpart Ġof ĠChannel ĠFour 's Ġwinter Ġseason .",O O O O O O O O O O O O O O O O O B-AUTHOR-WRITER I-AUTHOR-WRITER I-AUTHOR-WRITER I-AUTHOR-WRITER O O O O O O O O O O O O O O O O,O O O O O O O O O O O O O O O O O B-AUTHOR-WRITER I-AUTHOR-WRITER I-AUTHOR-WRITER I-AUTHOR-WRITER I-AUTHOR-WRITER O O O O O O O O O O O O O O O,"[('AUTHOR-WRITER', 17, 20)]","[('AUTHOR-WRITER', 17, 21)]"
429,"Ġ Ċ Ċ F ry 's Ġportrayal Ġof Ġhead master ĠDr ĠArnold Ġdominates Ġa Ġmuted ĠChristmas Ġschedule Ġon ĠITV 1 , Ġwhich Ġsees Ġthe Ġchannel Ġretreat Ġfrom Ġbroadcasting Ġblockbuster Ġmovies Ġin Ġfavour Ġof Ġextended Ġsoap Ġepisodes Ġand Ġpopular Ġquiz Ġshows .",O O O O O O O O O O B-PUBLIC-FIGURE I-PUBLIC-FIGURE O O O O O O O O O O O O O O O O O O O O O O O O O O O O O,O O O B-AUTHOR-WRITER I-AUTHOR-WRITER O O O O O O B-BUSINESS-EXECUTIVE-MANAGER O O O O O O O O O O O O O O O O O O O O O O O O O O O O O,"[('PUBLIC-FIGURE', 10, 11)]","[('AUTHOR-WRITER', 3, 4), ('BUSINESS-EXECUTIVE-MANAGER', 11, 11)]"
430,"Ġ Ċ Ċ Sir ĠPaul ĠMcCartney , Ġwife ĠHeather ĠMills Ġand ĠManchester ĠUnited Ġmanager ĠSir ĠAlex ĠFerguson Ġwill Ġjoin Ġa Ġcelebrity Ġedition Ġof ĠWho ĠW ants Ġto Ġbe Ġa ĠMillion aire ?",O O O B-MUSICIAN I-MUSICIAN I-MUSICIAN O O B-PUBLIC-FIGURE I-PUBLIC-FIGURE O O O O B-ATHLETE I-ATHLETE I-ATHLETE O O O O O O O O O O O O O O O,O O O B-MUSICIAN B-MUSICIAN I-MUSICIAN O O B-MUSICIAN I-MUSICIAN O O O O B-BUSINESS-EXECUTIVE-MANAGER I-BUSINESS-EXECUTIVE-MANAGER I-BUSINESS-EXECUTIVE-MANAGER O O O O O O O O O O O O O O O,"[('MUSICIAN', 3, 5), ('PUBLIC-FIGURE', 8, 9), ('ATHLETE', 14, 16)]","[('MUSICIAN', 3, 3), ('MUSICIAN', 4, 5), ('MUSICIAN', 8, 9), ('BUSINESS-EXECUTIVE-MANAGER', 14, 16)]"
433,"ĠFilms Ġon ĠITV 1 Ġinclude ĠGus ĠVan ĠSant 's ĠFinding ĠFor re ster , Ġstarring ĠSean ĠCon nery , Ġand Ġclassics Ġsuch Ġa ĠMary ĠPo pp ins , ĠStar ĠWars Ġand ĠThe ĠGood , Ġthe ĠBad Ġand Ġthe ĠU gly .",O O O O O B-ACTOR-DIRECTOR I-ACTOR-DIRECTOR I-ACTOR-DIRECTOR O O O O O O O B-ACTOR-DIRECTOR I-ACTOR-DIRECTOR I-ACTOR-DIRECTOR O O O O O O O O O O O O O O O O O O O O O O O,O O O O O B-ACTOR-DIRECTOR I-ACTOR-DIRECTOR I-ACTOR-DIRECTOR I-ACTOR-DIRECTOR O O O O O O B-ACTOR-DIRECTOR I-ACTOR-DIRECTOR I-ACTOR-DIRECTOR O O O O O O O O O O O O O O O O O O O O O O O,"[('ACTOR-DIRECTOR', 5, 7), ('ACTOR-DIRECTOR', 15, 17)]","[('ACTOR-DIRECTOR', 5, 8), ('ACTOR-DIRECTOR', 15, 17)]"
434,"ĠIn Ġcontrast , ĠBBC 's ĠChristmas Ġseason Ġincludes Ġterrestrial Ġdeb uts Ġof Ġthe Ġfirst ĠHarry ĠPotter Ġfilm , ĠSh rek Ġand ĠSteven ĠSpielberg 's ĠAI , Ġas Ġwell Ġas Ġnew Ġep ips odes Ġof Ġthe ĠVic ar Ġof ĠD ible y Ġand Ġthe Ġfinal ĠA uf ĠW ied er se hen , ĠPet .",O O O O O O O O O O O O O O O O O O O O O B-ACTOR-DIRECTOR I-ACTOR-DIRECTOR O O O O O O O O O O O O O O O O O O O O O O O O O O O O O O O,O O O O O O O O O O O O O O O O O O O O O B-ACTOR-DIRECTOR I-ACTOR-DIRECTOR I-ACTOR-DIRECTOR O O O O O O O O O O O O O O O O O O O O O O O O O O O O O O,"[('ACTOR-DIRECTOR', 21, 22)]","[('ACTOR-DIRECTOR', 21, 23)]"
435,ĠKenya Ġlift ĠChe p ke me i 's Ġsuspension Ċ Ċ Ken ya 's Ġathletics Ġbody Ġhas Ġreversed Ġa Ġban Ġon Ġmarathon Ġrunner ĠSusan ĠChe p ke me i Ġafter Ġshe Ġmade Ġan Ġofficial Ġapology .,O O O O O O O O O O O O O O O O O O O O O O O B-ATHLETE I-ATHLETE I-ATHLETE I-ATHLETE I-ATHLETE I-ATHLETE O O O O O O O,O O B-ATHLETE I-ATHLETE I-ATHLETE I-ATHLETE I-ATHLETE O O O O O O O O O O O O O O O O B-ATHLETE I-ATHLETE I-ATHLETE I-ATHLETE I-ATHLETE I-ATHLETE O O O O O O O,"[('ATHLETE', 23, 28)]","[('ATHLETE', 2, 6), ('ATHLETE', 23, 28)]"
438,"ĠChe p ke me i Ġhas Ġgiven Ġa Ġreason Ġfor Ġher Ġabsence ,"" Ġsaid ĠAK Ġchief ĠIsaiah ĠKi pl ag at . Ġ""",O O O O O O O O O O O O O O O O B-BUSINESS-EXECUTIVE-MANAGER I-BUSINESS-EXECUTIVE-MANAGER I-BUSINESS-EXECUTIVE-MANAGER I-BUSINESS-EXECUTIVE-MANAGER I-BUSINESS-EXECUTIVE-MANAGER O O,B-ATHLETE I-ATHLETE I-ATHLETE I-ATHLETE I-ATHLETE O O O O O O O O O O O B-PUBLIC-FIGURE I-PUBLIC-FIGURE I-PUBLIC-FIGURE I-PUBLIC-FIGURE I-PUBLIC-FIGURE O O,"[('BUSINESS-EXECUTIVE-MANAGER', 16, 20)]","[('ATHLETE', 0, 4), ('PUBLIC-FIGURE', 16, 20)]"
440,Ġ Ċ Ċ The ĠKenyan Ġcoaching Ġteam Ġwill Ġnow Ġdecide Ġwhether ĠChe p ke me i Ġcan Ġbe Ġincluded Ġin Ġthe Ġteam Ġfor Ġthis Ġmonth 's Ġworld Ġcross Ġcountry Ġchampionships .,O O O O O O O O O O O O O O O O O O O O O O O O O O O O O O O,O O O O O O O O O O O B-ATHLETE I-ATHLETE I-ATHLETE I-ATHLETE I-ATHLETE O O O O O O O O O O O O O O O,[],"[('ATHLETE', 11, 15)]"
442,"ĠI Ġam Ġsatisfied Ġthat Ġthe Ġwhole Ġsaga Ġhas Ġbeen Ġbrought Ġto Ġan Ġend ,"" ĠChe p ke me i Ġsaid . Ġ""",O O O O O O O O O O O O O O O O O O O O O O,O O O O O O O O O O O O O O B-ATHLETE I-ATHLETE I-ATHLETE I-ATHLETE I-ATHLETE O O O,[],"[('ATHLETE', 14, 18)]"
445,ĠAK Ġhad Ġinsisted Ġit Ġwas Ġmaking Ġan Ġexample Ġof ĠChe p ke me i Ġby Ġbanning Ġher Ġfrom Ġcompetition Ġuntil Ġthe Ġend Ġof Ġ2005 .,O O O O O O O O O O O O O O O O O O O O O O O O O,O O O O O O O O O B-ATHLETE I-ATHLETE I-ATHLETE I-ATHLETE I-ATHLETE O O O O O O O O O O O,[],"[('ATHLETE', 9, 13)]"
450,"ĠMas ai Ġmissed ĠKenya 's Ġworld Ġcross Ġcountry Ġtrials Ġbecause Ġof Ġan Ġankle Ġproblem Ġbut ĠAK Ġinsisted Ġit Ġwould Ġtake Ġdisciplinary Ġaction Ġunless Ġshe Ġcould Ġprove Ġshe Ġwas Ġreally Ġinjured . Ġ""",O O O O O O O O O O O O O O O O O O O O O O O O O O O O O O O O,B-ATHLETE I-ATHLETE O O O O O O O O O O O O O O O O O O O O O O O O O O O O O O,[],"[('ATHLETE', 0, 1)]"
451,"ĠSubject Ġto Ġour Ġdoctor 's Ġconfirmation , Ġwe Ġhave Ġdecided Ġto Ġclear ĠMas ai ,"" Ġadded ĠKi pl ag at .",O O O O O O O O O O O O O O O O O O O O O,O O O O O O O O O O O O B-PUBLIC-FIGURE I-PUBLIC-FIGURE O O B-PUBLIC-FIGURE I-PUBLIC-FIGURE I-PUBLIC-FIGURE I-PUBLIC-FIGURE O,[],"[('PUBLIC-FIGURE', 12, 13), ('PUBLIC-FIGURE', 16, 19)]"
461,ĠMr ĠFlynn Ġsaid Ġthat Ġthe Ġmove Ġto Ġusing Ġsubscriptions Ġhappened Ġover Ġthe Ġspace Ġof Ġa Ġfew Ġweeks Ġat Ġthe Ġend Ġof Ġ2004 .,O O O O O O O O O O O O O O O O O O O O O O O,O B-BUSINESS-EXECUTIVE-MANAGER O O O O O O O O O O O O O O O O O O O O O,[],"[('BUSINESS-EXECUTIVE-MANAGER', 1, 1)]"
463,"ĠWhat Ġmade Ġus Ġuncomfortable Ġwas Ġthat Ġthese Ġservices Ġwere Ġnot Ġbeing Ġmarketed Ġtransparent ly ,"" Ġsaid ĠMr ĠFlynn . Ġ""",O O O O O O O O O O O O O O O O O O O O,O O O O O O O O O O O O O O O O O B-BUSINESS-EXECUTIVE-MANAGER O O,[],"[('BUSINESS-EXECUTIVE-MANAGER', 17, 17)]"
475,"ĠSome Ġhave Ġbeen Ġtold Ġto Ġrev amp Ġwebsites Ġso Ġcustomers Ġknow Ġwhat Ġthey Ġget Ġfor Ġtheir Ġmoney Ġand Ġwhat Ġthey Ġare Ġsigning Ġup Ġfor , Ġsaid ĠMr ĠFlynn .",O O O O O O O O O O O O O O O O O O O O O O O O O O O O O,O O O O O O O O O O O O O O O O O O O O O O O O O O O B-PUBLIC-FIGURE O,[],"[('PUBLIC-FIGURE', 27, 27)]"
476,"ĠAlso , Ġsaid ĠMr ĠFlynn , ĠV od af one Ġhas Ġbriefly Ġcut Ġoff Ġbetween Ġeight Ġand Ġten Ġcontent Ġsellers Ġfl outing Ġthe Ġrules . Ġ""",O O O O O O O O O O O O O O O O O O O O O O O O O O,O O O O B-BUSINESS-EXECUTIVE-MANAGER O O O O O O O O O O O O O O O O O O O O O,[],"[('BUSINESS-EXECUTIVE-MANAGER', 4, 4)]"
483,"ĠJam ies on Ġissues Ġwarning Ġto Ġbig ots Ċ Ċ Scotland 's Ġjustice Ġminister Ġhas Ġwarned Ġbig oted Ġsoccer Ġfans Ġthat Ġshe Ġwants Ġto Ġhit Ġthem Ġ"" where Ġit Ġhurts Ġmost "" Ġby Ġbanning Ġthem Ġfrom Ġmatches .",O O O O O O O O O O O O O O O O O O O O O O O O O O O O O O O O O O O O O O,B-POLITICIAN I-POLITICIAN I-POLITICIAN O O O O O O O O O O O O O O O O O O O O O O O O O O O O O O O O O O O,[],"[('POLITICIAN', 0, 2)]"
487,ĠMs ĠJam ies on Ġwas Ġspeaking Ġahead Ġof Ġthe Ġthird Ġround ĠScottish ĠCup Ġclash Ġbetween Ġthe ĠGlasgow Ġclubs Ġat ĠPark head Ġon ĠSunday .,O O O O O O O O O O O O O O O O O O O O O O O O,O B-POLITICIAN I-POLITICIAN I-POLITICIAN O O O O O O O O O O O O O O O O O O O O,[],"[('POLITICIAN', 1, 3)]"
489,ĠLast Ġweek ĠMs ĠJam ies on Ġand ĠFirst ĠMinister ĠJack ĠMcConnell Ġmet Ġsupporters ' Ġrepresentatives Ġfrom Ġboth Ġclubs Ġto Ġdiscuss Ġthe Ġissue .,O O O O O O O O O B-POLITICIAN I-POLITICIAN O O O O O O O O O O O O,O O O B-POLITICIAN I-POLITICIAN I-POLITICIAN O O O B-POLITICIAN I-POLITICIAN O O O O O O O O O O O O,"[('POLITICIAN', 9, 10)]","[('POLITICIAN', 3, 5), ('POLITICIAN', 9, 10)]"
491,"ĠSpeaking Ġon ĠBBC ĠRadio ĠScotland 's ĠSunday ĠLive Ġprogramme , ĠMs ĠJam ies on Ġdescribed ĠFriday 's Ġmeeting Ġas Ġ"" very Ġproductive "" Ġand Ġsaid Ġputting Ġthe Ġsqueeze Ġon Ġthe Ġbig ots Ġwould Ġbe Ġa Ġkey Ġaim .",O O O O O O O O O O O O O O O O O O O O O O O O O O O O O O O O O O O O O O,O O O O O O O O O O O B-POLITICIAN I-POLITICIAN I-POLITICIAN O O O O O O O O O O O O O O O O O O O O O O O O,[],"[('POLITICIAN', 11, 13)]"
492,"ĠMs ĠJam ies on Ġstressed Ġthat Ġsectarian ism Ġhas Ġnot Ġbeen Ġconfined Ġto Ġfootball Ġbut Ġit Ġcan Ġact Ġas Ġa Ġ"" trigger "" Ġfor Ġtensions Ġand Ġviolence .",O O O O O O O O O O O O O O O O O O O O O O O O O O O O,O B-POLITICIAN I-POLITICIAN I-POLITICIAN O O O O O O O O O O O O O O O O O O O O O O O O,[],"[('POLITICIAN', 1, 3)]"
494,Ġ Ċ Ċ Ms ĠJam ies on Ġsaid Ġthe Ġexecutive Ġshould Ġhave Ġa Ġrole Ġin Ġtackling Ġthe Ġsoccer Ġtrouble makers .,O O O O O O O O O O O O O O O O O O O O O,O O O O O B-PUBLIC-FIGURE I-PUBLIC-FIGURE O O O O O O O O O O O O O O,[],"[('PUBLIC-FIGURE', 5, 6)]"
497,"Ġ Ċ Ċ Ms ĠJam ies on Ġpraised Ġthe Ġpolice Ġfor Ġtheir Ġaction Ġand Ġsaid : Ġ"" The Ġpolice Ġdo Ġwant Ġto Ġidentify Ġwhether Ġthere Ġare Ġparticular Ġindividuals Ġwho Ġare Ġgoing Ġover Ġthe Ġtop Ġand Ġinciting Ġhatred Ġor Ġviolence Ġ- Ġthey Ġwill Ġcrack Ġdown Ġvery Ġeffectively Ġon Ġthem . Ġ""",O O O O O O O O O O O O O O O O O O O O O O O O O O O O O O O O O O O O O O O O O O O O O O O O O O,O O O O B-PUBLIC-FIGURE I-PUBLIC-FIGURE I-PUBLIC-FIGURE O O O O O O O O O O O O O O O O O O O O O O O O O O O O O O O O O O O O O O O O O O O,[],"[('PUBLIC-FIGURE', 4, 6)]"
503,Ġ Ċ Ċ Scan Soft Ġand ĠGrac en ote Ġare Ġdeveloping Ġtechnology Ġto Ġgive Ġpeople Ġaccess Ġto Ġtheir Ġfilm Ġand Ġmusic Ġlibraries Ġsimply Ġby Ġvoice Ġcontrol .,O O O O O O O O O O O O O O O O O O O O O O O O O O O,O O O O O O B-PUBLIC-FIGURE I-PUBLIC-FIGURE I-PUBLIC-FIGURE O O O O O O O O O O O O O O O O O O,[],"[('PUBLIC-FIGURE', 6, 8)]"
508,Ġ Ċ Ċ Gr ac en ote Ġprovides Ġmusic Ġlibrary Ġinformation Ġfor Ġmillions Ġof Ġdifferent Ġalbums Ġfor Ġj uke boxes Ġsuch Ġas ĠApple 's ĠiTunes .,O O O O O O O O O O O O O O O O O O O O O O O O O O,O O O B-PUBLIC-FIGURE I-PUBLIC-FIGURE I-PUBLIC-FIGURE I-PUBLIC-FIGURE O O O O O O O O O O O O O O O O O O O,[],"[('PUBLIC-FIGURE', 3, 6)]"
534,"ĠReg ent ĠStreet ĠAssociation Ġdirector ĠAnnie ĠWalker Ġsaid Ġon ĠSaturday : Ġ"" The Ġstores Ġwere Ġhe aving Ġtoday Ġand Ġa Ġlot Ġof Ġpeople Ġare Ġgoing Ġto Ġbe Ġdoing Ġlast Ġminute Ġshopping Ġas Ġmany Ġpeople Ġfinished Ġwork Ġon ĠFriday Ġand Ġcan Ġgo Ġin Ġthe Ġweek .""",O O O O O B-BUSINESS-EXECUTIVE-MANAGER I-BUSINESS-EXECUTIVE-MANAGER O O O O O O O O O O O O O O O O O O O O O O O O O O O O O O O O O O O O O O,O O O O O B-PUBLIC-FIGURE I-PUBLIC-FIGURE O O O O O O O O O O O O O O O O O O O O O O O O O O O O O O O O O O O O O O,"[('BUSINESS-EXECUTIVE-MANAGER', 5, 6)]","[('PUBLIC-FIGURE', 5, 6)]"
540,ĠDetails Ġof Ġhow Ġmany Ġanti - social Ġbehaviour Ġorders Ġ( As bos ) Ġwere Ġused Ġin Ġthe Ġlast Ġyear Ġare Ġalso Ġbeing Ġpublished .,O O O O O O O O O O O O O O O O O O O O O O O O,O O O O O O O O O O B-PUBLIC-FIGURE I-PUBLIC-FIGURE O O O O O O O O O O O O,[],"[('PUBLIC-FIGURE', 10, 11)]"
551,"ĠMr ĠBlair Ġthis Ġweek Ġdefended Ġthe Ġshake - up Ġof Ġthe Ġlicensing Ġlaws , Ġsaying Ġit Ġwas Ġright Ġto Ġfocus Ġon Ġtrouble makers Ġrather Ġthan Ġtreating Ġeverybody Ġas Ġa Ġpotential Ġdrunken Ġnuisance .",O O O O O O O O O O O O O O O O O O O O O O O O O O O O O O O O O,O B-POLITICIAN O O O O O O O O O O O O O O O O O O O O O O O O O O O O O O O,[],"[('POLITICIAN', 1, 1)]"
557,ĠJ arre Ġjoins Ġfair yt ale Ġcelebration Ċ Ċ French Ġmusician ĠJean - Mic hel ĠJ arre Ġis Ġto Ġperform Ġat Ġa Ġconcert Ġin ĠCopenhagen Ġto Ġmark Ġthe Ġb icent ennial Ġof Ġthe Ġbirth Ġof Ġwriter ĠHans ĠChristian ĠAndersen .,O O O O O O O O O O O B-MUSICIAN I-MUSICIAN I-MUSICIAN I-MUSICIAN I-MUSICIAN I-MUSICIAN O O O O O O O O O O O O O O O O O O O B-AUTHOR-WRITER I-AUTHOR-WRITER I-AUTHOR-WRITER O,B-MUSICIAN I-MUSICIAN O O O O O O O O O B-MUSICIAN I-MUSICIAN I-MUSICIAN I-MUSICIAN I-MUSICIAN I-MUSICIAN O O O O O O O O O O O O O O O O O O O B-AUTHOR-WRITER I-AUTHOR-WRITER I-AUTHOR-WRITER O,"[('MUSICIAN', 11, 16), ('AUTHOR-WRITER', 36, 38)]","[('MUSICIAN', 0, 1), ('MUSICIAN', 11, 16), ('AUTHOR-WRITER', 36, 38)]"
558,"Ġ Ċ Ċ Den mark Ġis Ġholding Ġa Ġthree - day Ġcelebration Ġof Ġthe Ġlife Ġof Ġthe Ġfairy - tale Ġauthor , Ġwith Ġa Ġconcert Ġat ĠPark en Ġstadium Ġon Ġ2 ĠApril .",O O O O O O O O O O O O O O O O O O O O O O O O O O O O O O O O O,O O O B-ACTOR-DIRECTOR I-ACTOR-DIRECTOR O O O O O O O O O O O O O O O O O O O O O O O O O O O O,[],"[('ACTOR-DIRECTOR', 3, 4)]"
560,"ĠChristian ĠAndersen 's Ġfairy Ġtales Ġare Ġtimeless Ġand Ġuniversal ,"" Ġsaid ĠJ arre . Ġ""",O O O O O O O O O O O O O O O,B-AUTHOR-WRITER I-AUTHOR-WRITER I-AUTHOR-WRITER O O O O O O O O B-ATHLETE I-ATHLETE O O,[],"[('AUTHOR-WRITER', 0, 2), ('ATHLETE', 11, 12)]"
562,"ĠThere Ġare Ġyear - long Ġcelebrations Ġplanned Ġacross Ġthe Ġworld Ġto Ġcelebrate ĠAndersen Ġand Ġhis Ġwork , Ġwhich Ġincludes ĠThe ĠEmperor 's ĠNew ĠCl othes Ġand ĠThe ĠLittle ĠMermaid .",O O O O O O O O O O O O O O O O O O O O O O O O O O O O O O,O O O O O O O O O O O O B-AUTHOR-WRITER O O O O O O O O O O O O O O O O O,[],"[('AUTHOR-WRITER', 12, 12)]"
563,ĠDenmark 's ĠCrown ĠPrince ĠFreder ik Ġand ĠCrown ĠPrincess ĠMary Ġvisited ĠNew ĠYork Ġon ĠMonday Ġto Ġhelp Ġpromote Ġthe Ġfestivities .,O O B-PUBLIC-FIGURE I-PUBLIC-FIGURE I-PUBLIC-FIGURE I-PUBLIC-FIGURE O B-PUBLIC-FIGURE I-PUBLIC-FIGURE I-PUBLIC-FIGURE O O O O O O O O O O O,O O O O B-PUBLIC-FIGURE I-PUBLIC-FIGURE O O O B-PUBLIC-FIGURE O O O O O O O O O O O,"[('PUBLIC-FIGURE', 2, 5), ('PUBLIC-FIGURE', 7, 9)]","[('PUBLIC-FIGURE', 4, 5), ('PUBLIC-FIGURE', 9, 9)]"
565,"Ġ Ċ Ċ "" Bloom Ġrecognizes Ġthe Ġdarker Ġaspects Ġof ĠAndersen 's Ġauthors hip ,"" ĠPrince ĠFreder ik Ġsaid .",O O O O O O O O O O O O O O O O O O O O,O O O O B-AUTHOR-WRITER O O O O O B-AUTHOR-WRITER O O O O B-PUBLIC-FIGURE I-PUBLIC-FIGURE I-PUBLIC-FIGURE O O,[],"[('AUTHOR-WRITER', 4, 4), ('AUTHOR-WRITER', 10, 10), ('PUBLIC-FIGURE', 15, 17)]"
566,ĠBloom Ġis Ġto Ġbe Ġformally Ġpresented Ġwith Ġthe ĠHans ĠChristian ĠAndersen ĠAward Ġthis Ġspring Ġin ĠAnderson 's Ġhometown Ġof ĠOd ense .,O O O O O O O O B-AUTHOR-WRITER I-AUTHOR-WRITER I-AUTHOR-WRITER O O O O O O O O O O O,B-MUSICIAN O O O O O O O O O O O O O O B-ACTOR-DIRECTOR O O O O O O,"[('AUTHOR-WRITER', 8, 10)]","[('MUSICIAN', 0, 0), ('ACTOR-DIRECTOR', 15, 15)]"
567,"ĠThe Ġroyal Ġcouple Ġalso Ġvisited Ġthe ĠHans ĠChristian ĠAnderson ĠSchool Ġcomplex , Ġwhere ĠQueen ĠMary Ġread ĠThe ĠU gly ĠDuck ling Ġto Ġthe Ġyoung Ġaudience .",O O O O O O O O O O O O O B-PUBLIC-FIGURE I-PUBLIC-FIGURE O O O O O O O O O O O,O O O O O O O O O O O O O O O O O O O O O O O O O O,"[('PUBLIC-FIGURE', 13, 14)]",[]
568,"ĠLater Ġat Ġa Ġg ala Ġdinner , ĠDanish Ġsuper model ĠHelena ĠChristensen Ġwas Ġnamed Ġa ĠHans ĠChristian ĠAndersen Ġambassador .",O O O O O O O O O O B-PUBLIC-FIGURE I-PUBLIC-FIGURE O O O B-AUTHOR-WRITER I-AUTHOR-WRITER I-AUTHOR-WRITER O O,O O O O O O O O O O B-PUBLIC-FIGURE I-PUBLIC-FIGURE O O O O O O O O,"[('PUBLIC-FIGURE', 10, 11), ('AUTHOR-WRITER', 15, 17)]","[('PUBLIC-FIGURE', 10, 11)]"
569,"ĠOther Ġambassadors Ġinclude Ġactors ĠHarvey ĠKe it el Ġand ĠSir ĠRoger ĠMoore , Ġathlete ĠCathy ĠFreeman Ġand ĠBrazilian Ġsoccer Ġlegend ĠPe le .",O O O O B-ACTOR-DIRECTOR I-ACTOR-DIRECTOR I-ACTOR-DIRECTOR I-ACTOR-DIRECTOR O B-ACTOR-DIRECTOR I-ACTOR-DIRECTOR I-ACTOR-DIRECTOR O O B-ATHLETE I-ATHLETE O O O O B-ATHLETE I-ATHLETE O,O O O O B-ACTOR-DIRECTOR I-ACTOR-DIRECTOR I-ACTOR-DIRECTOR I-ACTOR-DIRECTOR O O B-ACTOR-DIRECTOR I-ACTOR-DIRECTOR O O B-ATHLETE I-ATHLETE O O O O B-ATHLETE I-ATHLETE O,"[('ACTOR-DIRECTOR', 4, 7), ('ACTOR-DIRECTOR', 9, 11), ('ATHLETE', 14, 15), ('ATHLETE', 20, 21)]","[('ACTOR-DIRECTOR', 4, 7), ('ACTOR-DIRECTOR', 10, 11), ('ATHLETE', 14, 15), ('ATHLETE', 20, 21)]"
570,ĠSere na Ġbecomes Ġworld Ġnumber Ġtwo Ċ Ċ S ere na ĠWilliams Ġhas Ġmoved Ġup Ġfive Ġplaces Ġto Ġsecond Ġin Ġthe Ġworld Ġrankings Ġafter Ġher ĠAustralian ĠOpen Ġwin .,O O O O O O O O B-ATHLETE I-ATHLETE I-ATHLETE I-ATHLETE O O O O O O O O O O O O O O O O O,B-ATHLETE I-ATHLETE O O O O O O B-ATHLETE I-ATHLETE I-ATHLETE I-ATHLETE O O O O O O O O O O O O O O O O O,"[('ATHLETE', 8, 11)]","[('ATHLETE', 0, 1), ('ATHLETE', 8, 11)]"
571,"Ġ Ċ Ċ Williams Ġwon Ġher Ġfirst ĠGrand ĠSlam Ġtitle Ġsince Ġ2003 Ġwith Ġvictory Ġover ĠLindsay ĠD aven port , Ġthe Ġworld Ġnumber Ġone .",O O O O O O O O O O O O O O O B-ATHLETE I-ATHLETE I-ATHLETE I-ATHLETE O O O O O O,O O O B-ATHLETE O O O O O O O O O O O B-ATHLETE I-ATHLETE I-ATHLETE I-ATHLETE O O O O O O,"[('ATHLETE', 15, 18)]","[('ATHLETE', 3, 3), ('ATHLETE', 15, 18)]"
573,"ĠRoger ĠFed erer Ġretains Ġtop Ġspot , Ġbut ĠSaf in Ġhas Ġovert aken ĠHew itt Ġto Ġbecome Ġthe Ġnew Ġleader Ġof Ġthe ĠChampions ĠRace .",B-ATHLETE I-ATHLETE I-ATHLETE O O O O O O O O O O O O O O O O O O O O O O,B-ATHLETE I-ATHLETE I-ATHLETE O O O O O B-ATHLETE I-ATHLETE O O O B-ATHLETE I-ATHLETE O O O O O O O O O O,"[('ATHLETE', 0, 2)]","[('ATHLETE', 0, 2), ('ATHLETE', 8, 9), ('ATHLETE', 13, 14)]"
574,"ĠAlicia ĠMol ik , Ġwho Ġlost Ġa Ġthree - set Ġthriller Ġagainst ĠD aven port Ġin Ġthe Ġquarter - finals , Ġis Ġin Ġthe Ġwomen 's Ġtop Ġ10 Ġfor Ġthe Ġfirst Ġtime Ġin Ġher Ġcareer .",B-ATHLETE I-ATHLETE I-ATHLETE O O O O O O O O O O O O O O O O O O O O O O O O O O O O O O O O O,B-ATHLETE I-ATHLETE I-ATHLETE O O O O O O O O O B-ATHLETE I-ATHLETE I-ATHLETE O O O O O O O O O O O O O O O O O O O O O,"[('ATHLETE', 0, 2)]","[('ATHLETE', 0, 2), ('ATHLETE', 12, 14)]"
578,"Ġ Ċ Ċ Ray 's Ġsuccess Ġon ĠDVD Ġout stri pped Ġits Ġ$ 74 m Ġ(Â£ 40 m ) ĠUS Ġbox Ġoffice Ġtotal , Ġearning Ġmore Ġthan Ġ$ 40 m Ġ(Â£ 22 m ) Ġon Ġthe Ġfirst Ġday Ġof Ġthe ĠDVD 's Ġrelease Ġalone .",O O O O O O O O O O O O O O O O O O O O O O O O O O O O O O O O O O O O O O O O O O O O O,O O O B-MUSICIAN O O O O O O O O O O O O O O O O O O O O O O O O O O O O O O O O O O O O O O O O O,[],"[('MUSICIAN', 3, 3)]"
582,"ĠSony Ġhorror Ġfilm ĠThe ĠGr udge , Ġstarring ĠMichelle ĠG ellar , Ġwas Ġthe ĠUS ' Ġsecond Ġbest - selling ĠDVD , Ġwith ĠJennifer ĠLopez Ġand ĠRichard ĠG ere 's Ġromantic Ġcomedy ĠShall ĠWe ĠDance ?",O O O O O O O O B-ACTOR-DIRECTOR I-ACTOR-DIRECTOR I-ACTOR-DIRECTOR O O O O O O O O O O O O B-ACTOR-DIRECTOR I-ACTOR-DIRECTOR O B-ACTOR-DIRECTOR I-ACTOR-DIRECTOR I-ACTOR-DIRECTOR O O O O O O O,O O O O O O O O B-ACTOR-DIRECTOR I-ACTOR-DIRECTOR I-ACTOR-DIRECTOR O O O O O O O O O O O O B-MUSICIAN I-MUSICIAN O B-ACTOR-DIRECTOR I-ACTOR-DIRECTOR I-ACTOR-DIRECTOR O O O O O O O,"[('ACTOR-DIRECTOR', 8, 10), ('ACTOR-DIRECTOR', 23, 24), ('ACTOR-DIRECTOR', 26, 28)]","[('ACTOR-DIRECTOR', 8, 10), ('MUSICIAN', 23, 24), ('ACTOR-DIRECTOR', 26, 28)]"
584,"ĠFox x 's Ġcritically Ġacclaimed Ġperformance Ġas ĠRay Ġhas Ġalready Ġearned Ġhim Ġa ĠScreen ĠAct ors ĠGuild ĠAward Ġfor Ġbest Ġactor , Ġas Ġwell Ġas Ġa Ġprestigious ĠGolden ĠGlobe .",O O O O O O O O O O O O O O O O O O O O O O O O O O O O O O,B-ACTOR-DIRECTOR I-ACTOR-DIRECTOR O O O O O O O O O O O O O O O O O O O O O O O O O O O O,[],"[('ACTOR-DIRECTOR', 0, 1)]"
589,"ĠMacro vision Ġsays Ġits Ġnew ĠRip Guard Ġtechnology Ġwill Ġthwart Ġmost , Ġbut Ġnot Ġall , Ġof Ġthe Ġcurrent ĠDVD Ġripping Ġ( cop ying ) Ġprograms Ġused Ġto Ġpirate ĠDVDs . Ġ""",O O O O O O O O O O O O O O O O O O O O O O O O O O O O O O O O,B-ACTOR-DIRECTOR O O O O O O O O O O O O O O O O O O O O O O O O O O O O O O O,[],"[('ACTOR-DIRECTOR', 0, 0)]"
591,"ĠMacro vision Ġsaid Ġthe Ġnew Ġtechnology Ġwill Ġwork Ġin Ġ"" n early Ġall "" Ġcurrent ĠDVD Ġplayers Ġwhen Ġapplied Ġto Ġthe Ġdiscs , Ġbut Ġit Ġdid Ġnot Ġspecify Ġhow Ġmany Ġmachines Ġcould Ġhave Ġa Ġproblem Ġwith ĠRip Guard .",O O O O O O O O O O O O O O O O O O O O O O O O O O O O O O O O O O O O O O O,B-BUSINESS-EXECUTIVE-MANAGER I-BUSINESS-EXECUTIVE-MANAGER O O O O O O O O O O O O O O O O O O O O O O O O O O O O O O O O O O O O O,[],"[('BUSINESS-EXECUTIVE-MANAGER', 0, 1)]"
596,"ĠMacro vision Ġsaid ĠRip Guard Ġwould Ġalso Ġprevent Ġagainst Ġ"" rent , Ġrip Ġand Ġreturn "" Ġ- Ġwhere Ġpeople Ġwould Ġrent Ġa ĠDVD , Ġcopy Ġit Ġand Ġthen Ġreturn Ġthe Ġoriginal .",O O O O O O O O O O O O O O O O O O O O O O O O O O O O O O O O,B-ACTOR-DIRECTOR I-ACTOR-DIRECTOR O O O O O O O O O O O O O O O O O O O O O O O O O O O O O O,[],"[('ACTOR-DIRECTOR', 0, 1)]"
597,"ĠRip Guard Ġis Ġexpected Ġto Ġbe Ġrolled Ġout Ġon ĠDVDs Ġfrom Ġthe Ġmiddle Ġof Ġ2005 , Ġthe Ġcompany Ġsaid .",O O O O O O O O O O O O O O O O O O O O,B-MUSICIAN I-MUSICIAN O O O O O O O O O O O O O O O O O O,[],"[('MUSICIAN', 0, 1)]"
599,ĠMacro vision Ġhas Ġsaid Ġthat ĠRip ĠGuard Ġcan Ġbe Ġupdated Ġif Ġhackers Ġfind Ġa Ġway Ġaround Ġthe Ġnew Ġanti - cop ying Ġmeasures .,O O O O O O O O O O O O O O O O O O O O O O O O,B-BUSINESS-EXECUTIVE-MANAGER I-BUSINESS-EXECUTIVE-MANAGER O O O O O O O O O O O O O O O O O O O O O O,[],"[('BUSINESS-EXECUTIVE-MANAGER', 0, 1)]"
600,ĠAn el ka Ġapolog ises Ġfor Ġcriticism Ċ Ċ Manchester ĠCity Ġstriker ĠNicolas ĠAn el ka Ġhas Ġissued Ġan Ġapology Ġfor Ġcritic ising Ġthe Ġambitions Ġof Ġthe Ġclub .,O O O O O O O O O O O O B-ATHLETE I-ATHLETE I-ATHLETE I-ATHLETE O O O O O O O O O O O O O,B-ATHLETE I-ATHLETE I-ATHLETE O O O O O O O O O B-ATHLETE I-ATHLETE I-ATHLETE I-ATHLETE O O O O O O O O O O O O O,"[('ATHLETE', 12, 15)]","[('ATHLETE', 0, 2), ('ATHLETE', 12, 15)]"
601,Ġ Ċ Ċ An el ka Ġwas Ġquoted Ġin Ġa ĠFrench Ġnewspaper Ġas Ġsaying Ġhe Ġwould Ġlike Ġto Ġplay Ġin Ġthe ĠChampions ĠLeague Ġfor Ġa Ġbigger Ġclub .,O O O O O O O O O O O O O O O O O O O O O O O O O O O O,O O O B-ATHLETE I-ATHLETE I-ATHLETE O O O O O O O O O O O O O O O O O O O O O O,[],"[('ATHLETE', 3, 5)]"
602,"ĠBut Ġchairman ĠJohn ĠWard le Ġsaid : Ġ"" I 've Ġspoken Ġto ĠNicolas Ġand Ġhe 's Ġapologised Ġfor Ġanything Ġthat Ġmight Ġhave Ġbeen Ġmistakenly Ġtaken Ġfrom Ġthe ĠFrench Ġpress . Ġ""",O O B-BUSINESS-EXECUTIVE-MANAGER I-BUSINESS-EXECUTIVE-MANAGER I-BUSINESS-EXECUTIVE-MANAGER O O O O O O O O O O O O O O O O O O O O O O O O O O,O O B-BUSINESS-EXECUTIVE-MANAGER I-BUSINESS-EXECUTIVE-MANAGER I-BUSINESS-EXECUTIVE-MANAGER O O O O O O O B-ATHLETE O O O O O O O O O O O O O O O O O O,"[('BUSINESS-EXECUTIVE-MANAGER', 2, 4)]","[('BUSINESS-EXECUTIVE-MANAGER', 2, 4), ('ATHLETE', 12, 12)]"
604,"ĠNicolas Ġtold Ġme Ġthat Ġhe Ġagrees Ġwith Ġme Ġthat Ġwe Ġare Ġa Ġbig Ġclub .""",O O O O O O O O O O O O O O O,B-ATHLETE O O O O O O O O O O O O O O,[],"[('ATHLETE', 0, 0)]"
605,"ĠWard le Ġwas Ġspeaking Ġat Ġthe Ġclub 's Ġannual Ġgeneral Ġmeeting , Ġwhere Ġhe Ġalso Ġconfirmed Ġthe Ġclub Ġhad Ġnot Ġreceived Ġany Ġbids Ġfor Ġthe Ġformer ĠArsenal Ġand ĠReal ĠMadrid Ġstriker .",O O O O O O O O O O O O O O O O O O O O O O O O O O O O O O O O,B-ATHLETE I-ATHLETE O O O O O O O O O O O O O O O O O O O O O O O O O O O O O O,[],"[('ATHLETE', 0, 1)]"
606,ĠThe Ġclub Ġstill Ġowe ĠFrench Ġclub ĠPS G ĠÂ£ 5 m Ġfrom Ġthe Ġpurchase Ġof ĠAn el ka Ġin ĠMay Ġ2002 .,O O O O O O O O O O O O O O O O O O O O O O,O O O O O O O O O O O O O O O B-ATHLETE I-ATHLETE I-ATHLETE O O O O,[],"[('ATHLETE', 15, 17)]"
608,"ĠBut ĠWard le Ġadded : Ġ"" There 's Ġbeen Ġno Ġbids Ġfor ĠNicolas ĠAn el ka .",O O O O O O O O O O O O B-ATHLETE I-ATHLETE I-ATHLETE I-ATHLETE O,O B-PUBLIC-FIGURE I-PUBLIC-FIGURE O O O O O O O O O B-ATHLETE I-ATHLETE I-ATHLETE I-ATHLETE O,"[('ATHLETE', 12, 15)]","[('PUBLIC-FIGURE', 1, 2), ('ATHLETE', 12, 15)]"
612,"ĠWe Ġstill Ġowe Ġsome Ġmoney Ġon ĠNicolas Ġwhich Ġwe Ġhave Ġclear Ġout , Ġso Ġit Ġwould Ġhave Ġto Ġbe Ġabove Ġthat .""",O O O O O O O O O O O O O O O O O O O O O O,O O O O O O B-ATHLETE O O O O O O O O O O O O O O O,[],"[('ATHLETE', 6, 6)]"
613,ĠWard le Ġdid Ġstress Ġthat Ġthe Ġclub Ġwas Ġnot Ġinviting Ġany Ġoffers Ġfor ĠEngland Ġwinger ĠShaun ĠWright - Phill ips .,O O O O O O O O O O O O O O O B-ATHLETE I-ATHLETE I-ATHLETE I-ATHLETE I-ATHLETE O,B-PUBLIC-FIGURE I-PUBLIC-FIGURE O O O O O O O O O O O O O B-ATHLETE I-ATHLETE I-ATHLETE I-ATHLETE I-ATHLETE O,"[('ATHLETE', 15, 19)]","[('PUBLIC-FIGURE', 0, 1), ('ATHLETE', 15, 19)]"
619,"ĠCity Ġrecently Ġannounced Ġdebts Ġof ĠÂ£ 62 m , Ġbut ĠWard le Ġconfirmed Ġthey Ġwould Ġtry Ġand Ġfind Ġfunds Ġto Ġbring Ġin Ġplayers Ġin Ġthe ĠJanuary Ġtransfer Ġwindow .",O O O O O O O O O O O O O O O O O O O O O O O O O O O O O,O O O O O O O O O O B-BUSINESS-EXECUTIVE-MANAGER I-BUSINESS-EXECUTIVE-MANAGER O O O O O O O O O O O O O O O O O,[],"[('BUSINESS-EXECUTIVE-MANAGER', 10, 11)]"
620,"ĠHe Ġsaid : Ġ"" Like ĠKevin ĠI 'd Ġlike Ġto Ġsee Ġsome Ġplayers Ġcome Ġin .",O O O O O O O O O O O O O O O O,O O O O O B-ATHLETE O O O O O O O O O O,[],"[('ATHLETE', 5, 5)]"
621,"ĠWe 've Ġgot Ġto Ġsee Ġwhat Ġwe Ġcan Ġdo Ġ- Ġwhether Ġit 's Ġa Ġon Ġa ĠBos man Ġor Ġnot . Ġ""",O O O O O O O O O O O O O O O O O O O O O O,O O O O O O O O O O O O O O O O B-ATHLETE I-ATHLETE O O O O,[],"[('ATHLETE', 16, 17)]"
624,ĠBlair Ġto Ġface Ġtrust Ġissue Ġhead Ġon Ċ Ċ Tony ĠBlair Ġsays Ġhe Ġwill Ġbe Ġfacing Ġthe Ġissue Ġof Ġtrust Ġand Ġhis Ġown Ġintegrity Ġhead Ġon Ġduring Ġthe Ġelection Ġcampaign .,O O O O O O O O O B-POLITICIAN I-POLITICIAN O O O O O O O O O O O O O O O O O O O O,B-POLITICIAN O O O O O O O O B-POLITICIAN I-POLITICIAN O O O O O O O O O O O O O O O O O O O O,"[('POLITICIAN', 9, 10)]","[('POLITICIAN', 0, 0), ('POLITICIAN', 9, 10)]"
625,"Ġ Ċ Ċ During Ġa Ġquestion Ġand Ġanswer Ġsession Ġwith Ġfirst - time Ġvoters Ġon ĠFive ĠNews , ĠMr ĠBlair Ġsaid Ġhe Ġhad Ġno Ġoption Ġbut Ġto Ġ"" con front Ġit "" Ġby Ġtalking Ġto Ġpeople .",O O O O O O O O O O O O O O O O O O O O O O O O O O O O O O O O O O O O O,O O O O O O O O O O O O O O O O O O O B-POLITICIAN O O O O O O O O O O O O O O O O O,[],"[('POLITICIAN', 19, 19)]"
628,"ĠIn Ġanswer Ġto Ġa Ġquestion Ġfrom Ġ22 - year - old ĠLiverpool Ġstudent ĠDavid ĠDun ne Ġabout Ġconcerns Ġover Ġthe Ġprime Ġminister 's Ġpersonal Ġintegrity , ĠMr ĠBlair Ġsaid Ġtalking Ġwas Ġthe Ġonly Ġanswer . Ġ""",O O O O O O O O O O O O O B-PUBLIC-FIGURE I-PUBLIC-FIGURE I-PUBLIC-FIGURE O O O O O O O O O O O O O O O O O O O O,O O O O O O O O O O O O O B-PUBLIC-FIGURE I-PUBLIC-FIGURE I-PUBLIC-FIGURE O O O O O O O O O O O B-POLITICIAN O O O O O O O O,"[('PUBLIC-FIGURE', 13, 15)]","[('PUBLIC-FIGURE', 13, 15), ('POLITICIAN', 27, 27)]"
633,ĠMr ĠBlair Ġalso Ġfaced Ġquestions Ġabout ĠBritish Ġpolicy Ġon ĠIran Ġand Ġits Ġalleged Ġnuclear Ġweapons Ġprogramme .,O O O O O O O O O O O O O O O O O,O B-POLITICIAN O O O O O O O O O O O O O O O,[],"[('POLITICIAN', 1, 1)]"
637,Ġ Ċ Ċ Y uk os Ġfiled Ġfor ĠChapter Ġ11 Ġprotection Ġin ĠHouston Ġin Ġan Ġunsuccessful Ġattempt Ġto Ġhalt Ġthe Ġauction Ġof Ġits ĠYug ansk Ġdivision Ġby Ġthe ĠRussian Ġauthorities .,O O O O O O O O O O O O O O O O O O O O O O O O O O O O O O O,O O O B-ATHLETE I-ATHLETE I-ATHLETE O O O O O O O O O O O O O O O O O O O O O O O O O,[],"[('ATHLETE', 3, 5)]"
638,"ĠThe Ġcourt Ġruling Ġis Ġa Ġblow Ġto Ġefforts Ġto Ġget Ġdamages Ġfor Ġthe Ġsale Ġof ĠYug ansk , Ġwhich ĠYuk os Ġclaims Ġwas Ġillegally Ġsold .",O O O O O O O O O O O O O O O O O O O O O O O O O O,O O O O O O O O O O O O O O O O O O O B-MUSICIAN O O O O O O,[],"[('MUSICIAN', 19, 19)]"
640,"Ġ Ċ Ċ Mr ĠK hod ork ovsky Ġ- Ġwho Ġhas Ġbeen Ġin Ġjail Ġfor Ġmore Ġthan Ġa Ġyear Ġ- Ġpleaded Ġnot Ġguilty Ġto Ġthe Ġcharges Ġbrought Ġagainst Ġhim Ġand Ġdenied Ġinvolvement Ġin Ġany Ġcriminal Ġactivities . Ġ""",O O O O O O O O O O O O O O O O O O O O O O O O O O O O O O O O O O O O O O,O O O O B-BUSINESS-EXECUTIVE-MANAGER I-BUSINESS-EXECUTIVE-MANAGER I-BUSINESS-EXECUTIVE-MANAGER I-BUSINESS-EXECUTIVE-MANAGER O O O O O O O O O O O O O O O O O O O O O O O O O O O O O O,[],"[('BUSINESS-EXECUTIVE-MANAGER', 4, 7)]"
642,Ġ Ċ Ċ Y ug ansk Ġwas Ġauction ed Ġto Ġhelp Ġpay Ġoff Ġ$ 27 . 5 bn Ġ(Â£ 14 . 5 bn ) Ġin Ġunpaid Ġtaxes .,O O O O O O O O O O O O O O O O O O O O O O O O O O O O,O O O B-BUSINESS-EXECUTIVE-MANAGER I-BUSINESS-EXECUTIVE-MANAGER I-BUSINESS-EXECUTIVE-MANAGER O O O O O O O O O O O O O O O O O O O O O O,[],"[('BUSINESS-EXECUTIVE-MANAGER', 3, 5)]"
645,"ĠThe Ġvast Ġmajority Ġof Ġthe Ġbusiness Ġand Ġfinancial Ġactivities Ġof ĠYuk os Ġcontinue Ġto Ġoccur Ġin ĠRussia ,"" ĠJudge ĠClark Ġsaid Ġin Ġher Ġruling . Ġ""",O O O O O O O O O O O O O O O O O O O O O O O O O O,O O O O O O O O O O O O O O O O O O O B-PUBLIC-FIGURE O O O O O O,[],"[('PUBLIC-FIGURE', 19, 19)]"
648,ĠYuk os Ġclaimed Ġit Ġsought Ġhelp Ġin Ġthe ĠUS Ġbecause Ġother Ġforums Ġ- ĠRussian Ġcourts Ġand Ġthe ĠEuropean ĠCourt Ġof ĠHuman ĠRights Ġ- Ġwere Ġeither Ġunf riend ly Ġor Ġoffered Ġless Ġprotection .,O O O O O O O O O O O O O O O O O O O O O O O O O O O O O O O O O,B-MUSICIAN I-MUSICIAN O O O O O O O O O O O O O O O O O O O O O O O O O O O O O O O,[],"[('MUSICIAN', 0, 1)]"
653,ĠAnaly sts Ġsaid Ġthe Ġability Ġof ĠGaz prom Ġand ĠRos ne ft Ġto Ġtrade Ġfreely Ġoverseas Ġhad Ġbeen Ġst ifled Ġwhile Ġthe Ġownership Ġof ĠYug ansk Ġremained Ġunclear .,O O O O O O O O O O O O O O O O O O O O O O O O O O O O O,O O O O O O O O O B-ATHLETE I-ATHLETE I-ATHLETE O O O O O O O O O O O O O O O O O,[],"[('ATHLETE', 9, 11)]"
654,Ġ Ċ Ċ Y uk os Ġsaid Ġit Ġwould Ġconsider Ġits Ġoptions Ġin Ġlight Ġof Ġthe Ġruling .,O O O O O O O O O O O O O O O O O O,O O O B-PUBLIC-FIGURE I-PUBLIC-FIGURE I-PUBLIC-FIGURE O O O O O O O O O O O O,[],"[('PUBLIC-FIGURE', 3, 5)]"
673,"ĠIf Ġyou Ġenjoy Ġthe Ġvisual Ġchannel Ġoccasionally Ġand Ġinteract Ġit 'll Ġbe Ġtwo Ġor Ġthree Ġpounds Ġper Ġmonth ,"" Ġsaid ĠMr ĠWas en ius . Ġ""",O O O O O O O O O O O O O O O O O O O O O O O O O O,O O O O O O O O O O O O O O O O O O O O O B-BUSINESS-EXECUTIVE-MANAGER I-BUSINESS-EXECUTIVE-MANAGER I-BUSINESS-EXECUTIVE-MANAGER O O,[],"[('BUSINESS-EXECUTIVE-MANAGER', 21, 23)]"
679,"ĠStation Ġmanager ĠSteve ĠTaylor Ġcommented : Ġ"" Listen ers Ġcan Ġinteract Ġwith Ġthe Ġradio Ġstation Ġin Ġa Ġnew Ġway . Ġ""",O O B-BUSINESS-EXECUTIVE-MANAGER I-BUSINESS-EXECUTIVE-MANAGER O O O O O O O O O O O O O O O O O,O O B-PUBLIC-FIGURE I-PUBLIC-FIGURE O O O O O O O O O O O O O O O O O,"[('BUSINESS-EXECUTIVE-MANAGER', 2, 3)]","[('PUBLIC-FIGURE', 2, 3)]"
687,ĠKe zman Ġwas Ġforced Ġoff Ġthe Ġfield Ġto Ġreceive Ġtreatment Ġon Ġa Ġcut Ġabove Ġhis Ġeye Ġbut Ġwas Ġable Ġto Ġcontinue .,O O O O O O O O O O O O O O O O O O O O O O,B-ATHLETE I-ATHLETE O O O O O O O O O O O O O O O O O O O O,[],"[('ATHLETE', 0, 1)]"
694,"ĠLamp ard 's Ġspot - kick Ġwas Ġsaved Ġto Ġthe Ġdelight Ġof Ġthe ĠHam mers ' Ġfans , Ġwho Ġhave Ġstill Ġnot Ġforgiven Ġhim Ġfor Ġleaving ĠUpton ĠPark .",O O O O O O O O O O O O O O O O O O O O O O O O O O O O O,B-ATHLETE I-ATHLETE O O O O O O O O O O O O O O O O O O O O O O O O O O O,[],"[('ATHLETE', 0, 1)]"
696,ĠPolice Ġin Ġriot Ġgear Ġbattled Ġwith ĠWest ĠHam Ġfans Ġin Ġthe ĠMatthew ĠHarding Ġstand Ġand Ġat Ġleast Ġone Ġsupporter Ġrequired Ġtreatment .,O O O O O O O O O O O O O O O O O O O O O O,O O O O O O O O O O O B-ATHLETE I-ATHLETE O O O O O O O O O,[],"[('ATHLETE', 11, 12)]"
698,"ĠScotland ĠYard Ġsaid Ġthere Ġhad Ġbeen Ġ11 Ġarrests Ġfor Ġalleged Ġpublic Ġorder , Ġdrugs Ġand Ġoffensive Ġweapon Ġoffences .",O O O O O O O O O O O O O O O O O O O,O B-ATHLETE O O O O O O O O O O O O O O O O O,[],"[('ATHLETE', 1, 1)]"
703,"ĠThe Ġresulting Ġsong , ĠThrough Ġthe ĠWire , Ġbecame ĠWest 's Ġfirst ĠUK Ġhit Ġin ĠApril Ġ2004 Ġand Ġsubsequent Ġalbum ĠThe ĠCollege ĠDrop out Ġbecame Ġa Ġtrans atlantic Ġsuccess , Ġboth Ġcritically Ġand Ġcommercially .",O O O O O O O O O O O O O O O O O O O O O O O O O O O O O O O O O O O,O O O O O O O O O B-MUSICIAN O O O O O O O O O O O O O O O O O O O O O O O O O,[],"[('MUSICIAN', 9, 9)]"
704,"ĠWest , Ġ26 , Ġbegan Ġr apping Ġas Ġa Ġteenager Ġat Ġhis ĠChicago Ġschool , Ġinspired Ġby Ġthe Ġbeats Ġand Ġrh ymes Ġof Ġ1980 s Ġpioneers ĠRun ĠD MC .",O O O O O O O O O O O O O O O O O O O O O O O O O O O O O O,B-MUSICIAN O O O O O O O O O O O O O O O O O O O O O O O O O O O O O,[],"[('MUSICIAN', 0, 0)]"
705,"Ġ Ċ Ċ H ip - hop Ġproducer ĠNo ĠID Ġencouraged ĠWest Ġto Ġsample Ġold Ġsoul Ġand ĠR & B Ġhits Ġthen Ġrevive Ġthem Ġwith Ġan Ġupdated Ġsound , Ġan Ġapproach Ġthat Ġwould Ġbecome Ġhis Ġtrademark . Ġ""",O O O O O O O O B-MUSICIAN I-MUSICIAN O O O O O O O O O O O O O O O O O O O O O O O O O O O O,O O O O O O O O B-MUSICIAN I-MUSICIAN O B-MUSICIAN O O O O O O O O O O O O O O O O O O O O O O O O O O,"[('MUSICIAN', 8, 9)]","[('MUSICIAN', 8, 9), ('MUSICIAN', 11, 11)]"
710,Ġ Ċ Ċ Le aving Ġhis ĠChicago Ġart Ġschool Ġafter Ġonly Ġone Ġyear Ġ- Ġa Ġmove Ġwhich Ġwould Ġlater Ġinspire Ġthe Ġtitle Ġof Ġhis Ġalbum Ġ- ĠWest Ġbegan Ġhis Ġmusic Ġcareer Ġco - producing Ġsongs Ġfor Ġartists ĠM ase Ġand Ġthe ĠMadd ĠR apper .,O O O O O O O O O O O O O O O O O O O O O O O O O O O O O O O O O O O O O B-MUSICIAN I-MUSICIAN O O B-MUSICIAN I-MUSICIAN I-MUSICIAN O,O O O O O O O O O O O O O O O O O O O O O O O O O O B-MUSICIAN O O O O O O O O O O B-MUSICIAN I-MUSICIAN O O O O O O,"[('MUSICIAN', 37, 38), ('MUSICIAN', 41, 43)]","[('MUSICIAN', 26, 26), ('MUSICIAN', 37, 38)]"
711,"ĠThis Ġdrew Ġthe Ġattention Ġof Ġsuperstar Ġrapper ĠJay - Z , Ġwho Ġsigned ĠWest Ġup Ġto Ġhis ĠRoc - A - F ella Ġrecord Ġlabel Ġto Ġproduce Ġnumerous Ġartists Ġon Ġhis Ġroster .",O O O O O O O B-MUSICIAN I-MUSICIAN I-MUSICIAN O O O O O O O O O O O O O O O O O O O O O O O,O O O O O O O B-MUSICIAN I-MUSICIAN I-MUSICIAN O O O B-MUSICIAN O O O O O O O O O O O O O O O O O O O,"[('MUSICIAN', 7, 9)]","[('MUSICIAN', 7, 9), ('MUSICIAN', 13, 13)]"
712,ĠWest 's Ġwork Ġgained Ġmainstream Ġrecognition Ġwhen Ġhe Ġproduced Ġthe Ġsingles ĠTake over Ġand ĠI zzo Ġ( H OVA ) Ġon ĠJay - Z 's Ġown Ġ2001 Ġalbum ĠBlueprint .,O O O O O O O O O O O O O O O O O O O O O B-MUSICIAN I-MUSICIAN I-MUSICIAN O O O O O O,B-MUSICIAN O O O O O O O O O O O O O O O O O O O O B-MUSICIAN I-MUSICIAN I-MUSICIAN O O O O O O,"[('MUSICIAN', 21, 23)]","[('MUSICIAN', 0, 0), ('MUSICIAN', 21, 23)]"
713,"ĠInc orpor ating Ġsamples Ġof ĠFive Ġto ĠOne Ġby ĠThe ĠDoors Ġand Ġthe ĠJackson ĠFive 's ĠI ĠWant ĠYou ĠBack Ġrespectively , Ġthe Ġhits Ġwere Ġcredited Ġwith Ġinjecting Ġsoul Ġback Ġinto Ġhip - hop .",O O O O O O O O O O O O O O O O O O O O O O O O O O O O O O O O O O O,O O O O O O O O O O O O O B-MUSICIAN O O O O O O O O O O O O O O O O O O O O O,[],"[('MUSICIAN', 13, 13)]"
714,"Ġ Ċ Ċ As Ġtheir Ġsuccess Ġattracted Ġfurther Ġproduction Ġwork Ġfor ĠJay - Z Ġ(' 03 ĠBonnie Ġ& ĠClyde ) Ġand Ġartists Ġsuch Ġas ĠLud ac ris Ġ( Stand ĠUp ) Ġand ĠAlicia ĠKeys Ġ( You ĠDon 't ĠKnow ĠMy ĠName ), ĠWest Ġannounced Ġplans Ġfor Ġa Ġsolo Ġalbum .",O O O O O O O O O O O B-MUSICIAN I-MUSICIAN I-MUSICIAN O O O O O O O O O O B-MUSICIAN I-MUSICIAN I-MUSICIAN O O O O O B-MUSICIAN I-MUSICIAN O O O O O O O O O O O O O O O O,O O O O O O O O O O O B-MUSICIAN I-MUSICIAN I-MUSICIAN O O O O O O O O O O B-MUSICIAN I-MUSICIAN I-MUSICIAN O O O O O B-MUSICIAN I-MUSICIAN O O O O O O O O B-MUSICIAN O O O O O O O,"[('MUSICIAN', 11, 13), ('MUSICIAN', 24, 26), ('MUSICIAN', 32, 33)]","[('MUSICIAN', 11, 13), ('MUSICIAN', 24, 26), ('MUSICIAN', 32, 33), ('MUSICIAN', 42, 42)]"
718,Ġ Ċ Ċ West 's Ġaccount Ġof Ġthe Ġaccident Ġsampled ĠCh aka ĠKhan 's Ġhit ĠThrough Ġthe ĠFire Ġto Ġbecome Ġthe Ġheart Ġof Ġhis Ġcompleted Ġsolo Ġalbum ĠThe ĠCollege ĠDrop out .,O O O O O O O O O O B-MUSICIAN I-MUSICIAN I-MUSICIAN O O O O O O O O O O O O O O O O O O O,O O O B-MUSICIAN O O O O O O B-MUSICIAN I-MUSICIAN I-MUSICIAN O O O O O O O O O O O O O O O O O O O,"[('MUSICIAN', 10, 12)]","[('MUSICIAN', 3, 3), ('MUSICIAN', 10, 12)]"
722,"ĠWest Ġwas Ġshort listed Ġfor Ġ10 ĠGram mys Ġ- Ġincluding Ġnominations Ġfor Ġartist Ġand Ġalbum Ġof Ġthe Ġyear Ġ- Ġand Ġtook Ġthe Ġbest Ġhip - hop Ġartist , Ġproducer Ġand Ġalbum Ġtitles Ġat Ġlast Ġyear 's ĠMusic Ġof ĠBlack ĠOrigin Ġ( M obo ) ĠAwards .",O O O O O O O O O O O O O O O O O O O O O O O O O O O O O O O O O O O O O O O O O O O O O O,B-MUSICIAN O O O O O O O O O O O O O O O O O O O O O O O O O O O O O O O O O O O O O O O O O O O O O,[],"[('MUSICIAN', 0, 0)]"
728,"ĠUnder ĠMr ĠTell ier 's Ġtenure Ġat Ġthe Ġcompany , Ġwhich Ġbegan Ġin ĠJanuary Ġ2003 , Ġplans Ġto Ġcut Ġthe Ġworldwide Ġworkforce Ġof Ġ75 , 000 Ġby Ġalmost Ġa Ġthird Ġby Ġ2006 Ġwere Ġannounced .",O O O O O O O O O O O O O O O O O O O O O O O O O O O O O O O O O O O,O O B-BUSINESS-EXECUTIVE-MANAGER I-BUSINESS-EXECUTIVE-MANAGER O O O O O O O O O O O O O O O O O O O O O O O O O O O O O O O,[],"[('BUSINESS-EXECUTIVE-MANAGER', 2, 3)]"
729,ĠThe Ġfirm 's Ġsnow mobile Ġdivision Ġand Ġdefence Ġservices Ġunit Ġwere Ġalso Ġsold Ġand ĠBomb ard ier Ġstarted Ġthe Ġdevelopment Ġof Ġa Ġnew Ġaircraft Ġseating Ġ110 Ġto Ġ135 Ġpassengers .,O O O O O O O O O O O O O O O O O O O O O O O O O O O O O O,O O O O O O O O O O O O O O B-BUSINESS-EXECUTIVE-MANAGER I-BUSINESS-EXECUTIVE-MANAGER I-BUSINESS-EXECUTIVE-MANAGER O O O O O O O O O O O O O,[],"[('BUSINESS-EXECUTIVE-MANAGER', 14, 16)]"
730,Ġ Ċ Ċ Mr ĠTell ier Ġhad Ġindicated Ġhe Ġwanted Ġto Ġstay Ġat Ġthe Ġworld 's Ġtop Ġtrain Ġmaker Ġand Ġthird Ġlargest Ġmanufacturer Ġof Ġcivil Ġaircraft Ġuntil Ġthe Ġrestructuring Ġwas Ġcomplete .,O O O O O O O O O O O O O O O O O O O O O O O O O O O O O O O O,O O O O B-BUSINESS-EXECUTIVE-MANAGER I-BUSINESS-EXECUTIVE-MANAGER O O O O O O O O O O O O O O O O O O O O O O O O O O,[],"[('BUSINESS-EXECUTIVE-MANAGER', 4, 5)]"
731,ĠBut ĠBomb ard ier Ġhas Ġbeen Ġfaced Ġwith Ġa Ġdeclining Ġshare Ġprice Ġand Ġprofits .,O O O O O O O O O O O O O O O,O B-BUSINESS-EXECUTIVE-MANAGER I-BUSINESS-EXECUTIVE-MANAGER I-BUSINESS-EXECUTIVE-MANAGER O O O O O O O O O O O,[],"[('BUSINESS-EXECUTIVE-MANAGER', 1, 3)]"
733,"ĠI Ġunderstand Ġthe Ġboard 's Ġconcern Ġthat ĠI Ġwould Ġnot Ġbe Ġthere Ġfor Ġthe Ġlong - term Ġand Ġthe Ġneed Ġto Ġdevelop Ġand Ġexecute Ġstrategies , Ġand Ġthe Ġneed Ġto Ġresh ape Ġthe Ġmanagement Ġstructure Ġat Ġthis Ġtime ,"" ĠMr ĠTell ier Ġsaid Ġin Ġa Ġstatement Ġon ĠMonday .",O O O O O O O O O O O O O O O O O O O O O O O O O O O O O O O O O O O O O O O O O O O O O O O O O,O O O O O O O O O O O O O O O O O O O O O O O O O O O O O O O O O O O O O O O O B-BUSINESS-EXECUTIVE-MANAGER I-BUSINESS-EXECUTIVE-MANAGER O O O O O O O,[],"[('BUSINESS-EXECUTIVE-MANAGER', 40, 41)]"
734,ĠBomb ard ier Ġsaid Ġrestructuring Ġplans Ġdrawn Ġup Ġby ĠMr ĠTell ier 's Ġwould Ġcontinue Ġto Ġbe Ġimplemented .,O O O O O O O O O O O O O O O O O O O,O O O O O O O O O O B-BUSINESS-EXECUTIVE-MANAGER I-BUSINESS-EXECUTIVE-MANAGER O O O O O O O,[],"[('BUSINESS-EXECUTIVE-MANAGER', 10, 11)]"
736,ĠGram mys Ġhonour Ġsoul Ġstar ĠCharles Ċ Ċ The Ġmemory Ġof Ġsoul Ġlegend ĠRay ĠCharles Ġdominated Ġthe Ġmusic Ġworld 's Ġleading Ġmusic Ġceremony Ġon ĠSunday Ġas Ġhe Ġwas Ġgiven Ġeight Ġpost hum ous ĠGrammy ĠAwards .,O O O O O O O O O O O O O B-MUSICIAN I-MUSICIAN O O O O O O O O O O O O O O O O O O O O O,O O O O O B-MUSICIAN O O O O O O O B-MUSICIAN I-MUSICIAN O O O O O O O O O O O O O O O O O O O O O,"[('MUSICIAN', 13, 14)]","[('MUSICIAN', 5, 5), ('MUSICIAN', 13, 14)]"
737,"Ġ Ċ Ċ Charles , Ġwho Ġdied Ġin Ġ2004 , Ġgot Ġhon ours Ġincluding Ġrecord Ġand Ġalbum Ġof Ġthe Ġyear , Ġwhile ĠAlicia ĠKeys Ġand Ġactor ĠJamie ĠFox x Ġperformed Ġa Ġmusical Ġtribute Ġto Ġhim .",O O O O O O O O O O O O O O O O O O O O O O B-MUSICIAN I-MUSICIAN O O B-ACTOR-DIRECTOR I-ACTOR-DIRECTOR I-ACTOR-DIRECTOR O O O O O O O,O O O B-MUSICIAN O O O O O O O O O O O O O O O O O O B-MUSICIAN I-MUSICIAN O O B-ACTOR-DIRECTOR I-ACTOR-DIRECTOR I-ACTOR-DIRECTOR O O O O O O O,"[('MUSICIAN', 22, 23), ('ACTOR-DIRECTOR', 26, 28)]","[('MUSICIAN', 3, 3), ('MUSICIAN', 22, 23), ('ACTOR-DIRECTOR', 26, 28)]"
738,ĠR & B Ġstar ĠKeys Ġwon Ġfour Ġawards Ġherself Ġat Ġthe ĠGrammy Ġceremony Ġin ĠLos ĠAngeles .,O O O O O O O O O O O O O O O O O,O O O O B-MUSICIAN O O O O O O O O O O O O,[],"[('MUSICIAN', 4, 4)]"
740,ĠWest Ġled Ġthe Ġrace Ġgoing Ġinto Ġthe Ġceremony Ġwith Ġ10 Ġnominations .,O O O O O O O O O O O O,B-ATHLETE O O O O O O O O O O O,[],"[('ATHLETE', 0, 0)]"
741,"Ġ Ċ Ċ Charles ' Ġlast Ġalbum , ĠGenius ĠL oves ĠCompany , Ġa Ġcollection Ġof Ġdu ets Ġthat Ġhas Ġsold Ġmore Ġthan Ġtwo Ġmillion Ġcopies , Ġwas Ġnamed Ġalbum Ġof Ġthe Ġyear Ġand Ġbest Ġpop Ġvocal Ġalbum .",O O O O O O O O O O O O O O O O O O O O O O O O O O O O O O O O O O O O O O O,O O O B-MUSICIAN O O O O O O O O O O O O O O O O O O O O O O O O O O O O O O O O O O O,[],"[('MUSICIAN', 3, 3)]"
743,"ĠJones Ġsaid : Ġ"" I 'm Ġglad Ġhe 's Ġgetting Ġrecognised , Ġbecause Ġof Ġwho Ġhe Ġis Ġand Ġhow Ġmuch ĠI Ġlove Ġhim .""",O O O O O O O O O O O O O O O O O O O O O O O O,B-ATHLETE O O O O O O O O O O O O O O O O O O O O O O O,[],"[('ATHLETE', 0, 0)]"
744,"ĠActor ĠJamie ĠFox x Ġ- Ġwho Ġis Ġnominated Ġfor Ġan ĠOscar Ġfor Ġplaying ĠCharles Ġin Ġthe Ġhit Ġmovie ĠRay Ġ- Ġdedicated Ġa Ġrendition Ġof ĠGeorgia Ġon ĠMy ĠMind Ġto Ġ"" old Ġfriends "".",O B-ACTOR-DIRECTOR I-ACTOR-DIRECTOR I-ACTOR-DIRECTOR O O O O O O O O O O O O O O O O O O O O O O O O O O O O O,O B-ACTOR-DIRECTOR I-ACTOR-DIRECTOR I-ACTOR-DIRECTOR O O O O O O O O O B-MUSICIAN O O O O O O O O O O O O O O O O O O O,"[('ACTOR-DIRECTOR', 1, 3)]","[('ACTOR-DIRECTOR', 1, 3), ('MUSICIAN', 13, 13)]"
745,"ĠKeys , Ġlooking Ġto Ġreplicate Ġher ĠGram mys Ġsuccess Ġof Ġ2002 , Ġwhen Ġshe Ġwon Ġfive , Ġpicked Ġup Ġbest ĠR & B Ġsong Ġfor ĠYou ĠDon 't ĠKnow ĠMy ĠName Ġand Ġbest ĠR & B Ġalbum Ġfor ĠThe ĠDiary Ġof ĠAlicia ĠKeys .",O O O O O O O O O O O O O O O O O O O O O O O O O O O O O O O O O O O O O O O O O B-MUSICIAN I-MUSICIAN O,B-MUSICIAN O O O O O O O O O O O O O O O O O O O O O O O O O O O O O O O O O O O O O O O O O B-MUSICIAN O,"[('MUSICIAN', 41, 42)]","[('MUSICIAN', 0, 0), ('MUSICIAN', 42, 42)]"
747,"Ġ Ċ Ċ Us her 's Ġother Ġvictories Ġwere Ġfor Ġbest Ġcontemporary ĠR & B Ġalbum Ġfor ĠConf essions Ġand Ġbest Ġrap / sung Ġcollaboration Ġfor ĠYeah !,",O O O B-MUSICIAN I-MUSICIAN O O O O O O O O O O O O O O O O O O O O O O O,O O O B-MUSICIAN I-MUSICIAN O O O O O O O O O O O O O O O O O O O O O B-MUSICIAN O,"[('MUSICIAN', 3, 4)]","[('MUSICIAN', 3, 4), ('MUSICIAN', 26, 26)]"
748,Ġfeaturing ĠLil ĠJon Ġand ĠLud ac ris .,O B-MUSICIAN I-MUSICIAN O B-MUSICIAN I-MUSICIAN I-MUSICIAN O,O B-MUSICIAN I-MUSICIAN O O B-ATHLETE I-ATHLETE O,"[('MUSICIAN', 1, 2), ('MUSICIAN', 4, 6)]","[('MUSICIAN', 1, 2), ('ATHLETE', 5, 6)]"
749,"ĠKanye ĠWest Ġdominated Ġthe Ġrap Ġcategories , Ġwinning Ġbest Ġrap Ġsong Ġfor ĠJesus ĠWal ks Ġand Ġbest Ġrap Ġalbum Ġfor ĠThe ĠCollege ĠDrop out .",B-MUSICIAN I-MUSICIAN O O O O O O O O O O O O O O O O O O O O O O O,B-MUSICIAN I-MUSICIAN O O O O O O O O O O B-MUSICIAN O O O O O O O O O O O O,"[('MUSICIAN', 0, 1)]","[('MUSICIAN', 0, 1), ('MUSICIAN', 12, 12)]"
753,ĠMayer Ġalso Ġwon Ġbest Ġmale Ġpop Ġvocal Ġperformance .,O O O O O O O O O,B-MUSICIAN O O O O O O O O,[],"[('MUSICIAN', 0, 0)]"
758,"ĠAnnie ĠLenn ox , Ġmetal Ġgroup ĠMotor head Ġand Ġdance Ġact ĠBas ement ĠJ ax x Ġall Ġtook Ġhome Ġtrophies .",B-MUSICIAN I-MUSICIAN I-MUSICIAN O O O O O O O O O O O O O O O O O O,B-PUBLIC-FIGURE I-PUBLIC-FIGURE I-PUBLIC-FIGURE O O O O O O O O B-MUSICIAN I-MUSICIAN I-MUSICIAN I-MUSICIAN I-MUSICIAN O O O O O,"[('MUSICIAN', 0, 2)]","[('PUBLIC-FIGURE', 0, 2), ('MUSICIAN', 11, 15)]"
759,"ĠBut ĠElvis ĠCost ello , Ġwho Ġhad Ġfour Ġnominations , Ġand ĠJ oss ĠStone Ġand ĠFranz ĠFerdinand , Ġwho Ġwere Ġboth Ġup Ġfor Ġthree Ġawards , Ġgot Ġnothing .",O B-MUSICIAN I-MUSICIAN I-MUSICIAN O O O O O O O B-MUSICIAN I-MUSICIAN I-MUSICIAN O O O O O O O O O O O O O O O,O B-ACTOR-DIRECTOR I-ACTOR-DIRECTOR I-ACTOR-DIRECTOR O O O O O O O B-ACTOR-DIRECTOR I-ACTOR-DIRECTOR O O B-ACTOR-DIRECTOR I-ACTOR-DIRECTOR O O O O O O O O O O O O,"[('MUSICIAN', 1, 3), ('MUSICIAN', 11, 13)]","[('ACTOR-DIRECTOR', 1, 3), ('ACTOR-DIRECTOR', 11, 12), ('ACTOR-DIRECTOR', 15, 16)]"
777,ĠKil roy Ġnames Ġelection Ġseat Ġtarget Ċ Ċ Ex - chat Ġshow Ġhost ĠRobert ĠKil roy - Sil k Ġis Ġto Ġcontest Ġthe ĠDer bys hire Ġseat Ġof ĠE rew ash Ġat Ġthe Ġnext Ġgeneral Ġelection .,O O O O O O O O O O O O O B-POLITICIAN I-POLITICIAN I-POLITICIAN I-POLITICIAN I-POLITICIAN I-POLITICIAN O O O O O O O O O O O O O O O O O O,B-POLITICIAN I-POLITICIAN O O O O O O O O O O O B-POLITICIAN I-POLITICIAN I-POLITICIAN I-POLITICIAN I-POLITICIAN I-POLITICIAN O O O O O O O O O O O O O O O O O O,"[('POLITICIAN', 13, 18)]","[('POLITICIAN', 0, 1), ('POLITICIAN', 13, 18)]"
780,"ĠMr ĠKil roy - Sil k Ġannounced Ġhis Ġplans Ġa Ġday Ġafter Ġlaunching Ġhis Ġnew Ġparty , ĠVer itas , Ġthe ĠLatin Ġfor Ġtruth .",O O O O O O O O O O O O O O O O O O O O O O O O O,O B-POLITICIAN I-POLITICIAN I-POLITICIAN I-POLITICIAN I-POLITICIAN O O O O O O O O O O O O O O O O O O O,[],"[('POLITICIAN', 1, 5)]"
783,ĠUKIP Ġwon Ġ31 % Ġof Ġthe Ġvote Ġin ĠE rew ash Ġin Ġlast ĠJune 's ĠEuropean Ġelections Ġ- Ġwith ĠMr ĠKil roy - Sil k Ġamong Ġtheir Ġcandidates Ġfor Ġthe Ġregion .,O O O O O O O O O O O O O O O O O O O O O O O O O O O O O O O O,O O O O O O O O O O O O O O O O O O O O B-POLITICIAN I-POLITICIAN I-POLITICIAN I-POLITICIAN I-POLITICIAN O O O O O O O,[],"[('POLITICIAN', 20, 24)]"
784,"ĠUntil Ġ1997 , ĠE rew ash Ġhad Ġbeen Ġheld Ġby Ġthe ĠTories Ġsince Ġ1970 .",O O O O O O O O O O O O O O O,O O O B-POLITICIAN I-POLITICIAN I-POLITICIAN O O O O O O O O O,[],"[('POLITICIAN', 3, 5)]"
785,ĠMs ĠBlack man Ġsaid Ġshe Ġwas Ġproud Ġof Ġthe Ġgovernment 's Ġachievements Ġin Ġthe Ġarea .,O O O O O O O O O O O O O O O O,O B-POLITICIAN I-POLITICIAN O O O O O O O O O O O O O,[],"[('POLITICIAN', 1, 2)]"
786,ĠShe Ġdeclined Ġto Ġgive Ġher Ġview Ġof ĠMr ĠKil roy - Sil k Ġat Ġthis Ġpoint .,O O O O O O O O O O O O O O O O O,O O O O O O O O B-POLITICIAN I-POLITICIAN I-POLITICIAN I-POLITICIAN I-POLITICIAN O O O O,[],"[('POLITICIAN', 8, 12)]"
787,"Ġ Ċ Ċ On ĠThursday , Ġhe Ġtold Ġa ĠLondon Ġnews Ġconference Ġthat ĠVer itas Ġwould Ġavoid Ġthe Ġold Ġparties ' Ġ"" lies Ġand Ġspin "".",O O O O O O O O O O O O O O O O O O O O O O O O O O,O O O O O O O O O O O O O B-BUSINESS-EXECUTIVE-MANAGER O O O O O O O O O O O O,[],"[('BUSINESS-EXECUTIVE-MANAGER', 13, 13)]"
789,"ĠVer itas Ġsays Ġit Ġhopes Ġto Ġcontest Ġmost Ġseats Ġat Ġthe Ġforthcoming Ġgeneral Ġelection Ġbut Ġplans Ġto Ġannounce Ġdetailed Ġpolicies Ġon Ġcrime , Ġtax , Ġpensions , Ġhealth Ġand Ġdefence Ġover Ġthe Ġnext Ġfew Ġweeks .",O O O O O O O O O O O O O O O O O O O O O O O O O O O O O O O O O O O O,B-PUBLIC-FIGURE I-PUBLIC-FIGURE O O O O O O O O O O O O O O O O O O O O O O O O O O O O O O O O O O,[],"[('PUBLIC-FIGURE', 0, 1)]"
790,Ġ Ċ Ċ UK IP Ġleader ĠRoger ĠKn ap man Ġsays Ġhe Ġis Ġglad Ġto Ġsee Ġthe Ġback Ġof ĠMr ĠKil roy - Sil k .,O O O O O O B-POLITICIAN I-POLITICIAN I-POLITICIAN I-POLITICIAN O O O O O O O O O O O O O O O O,O O O O O O B-POLITICIAN I-POLITICIAN I-POLITICIAN I-POLITICIAN O O O O O O O O O O B-POLITICIAN I-POLITICIAN I-POLITICIAN I-POLITICIAN I-POLITICIAN O,"[('POLITICIAN', 6, 9)]","[('POLITICIAN', 6, 9), ('POLITICIAN', 20, 24)]"
792,"ĠMr ĠKil roy - Sil k Ġwas Ġjoined Ġin Ġthe Ġnew Ġventure Ġby Ġone Ġof ĠUKIP 's Ġtwo ĠLondon ĠAssembly Ġmembers , ĠDamien ĠH ock ney , Ġwho Ġis Ġnow ĠVer itas ' Ġdeputy Ġleader .",O O O O O O O O O O O O O O O O O O O O O O B-POLITICIAN I-POLITICIAN I-POLITICIAN I-POLITICIAN O O O O O O O O O O,O B-POLITICIAN I-POLITICIAN I-POLITICIAN I-POLITICIAN I-POLITICIAN O O O O O O O O O O O O O O O O B-POLITICIAN I-POLITICIAN I-POLITICIAN I-POLITICIAN O O O O O O O O O O,"[('POLITICIAN', 22, 25)]","[('POLITICIAN', 1, 5), ('POLITICIAN', 22, 25)]"
794,ĠMr ĠKil roy - Sil k Ġquit ĠUKIP Ġlast Ġweek Ġafter Ġmonths Ġof Ġtension Ġas Ġhe Ġv ied Ġunsuccessfully Ġfor Ġthe Ġleadership Ġof Ġthat Ġparty .,O O O O O O O O O O O O O O O O O O O O O O O O O O,O B-POLITICIAN I-POLITICIAN I-POLITICIAN I-POLITICIAN I-POLITICIAN O O O O O O O O O O O O O O O O O O O O,[],"[('POLITICIAN', 1, 5)]"
796,"ĠUKIP 's Ġleader , ĠRoger ĠKn ap man , Ġhas Ġsaid Ġhe Ġis Ġglad Ġto Ġsee Ġthe Ġback Ġof ĠMr ĠKil roy - Sil k . Ġ""",O O O O B-POLITICIAN I-POLITICIAN I-POLITICIAN I-POLITICIAN O O O O O O O O O O O O O O O O O O O,O O O O B-POLITICIAN I-POLITICIAN I-POLITICIAN I-POLITICIAN O O O O O O O O O O O O B-POLITICIAN I-POLITICIAN I-POLITICIAN I-POLITICIAN I-POLITICIAN O O,"[('POLITICIAN', 4, 7)]","[('POLITICIAN', 4, 7), ('POLITICIAN', 20, 24)]"
797,"ĠHe Ġhas Ġremarkable Ġability Ġto Ġinfluence Ġpeople Ġbut , Ġsadly , Ġafter Ġthe Ġ[ European ] Ġelection Ġit Ġbecame Ġclear Ġthat Ġhe Ġwas Ġmore Ġinterested Ġin Ġthe ĠRobert ĠKil roy - Sil k ĠParty Ġthan Ġthe ĠUK ĠIndependence ĠParty Ġso Ġit Ġwas Ġnice Ġknowing Ġhim , Ġnow Ġ' good bye ',"" Ġhe Ġsaid .",O O O O O O O O O O O O O O O O O O O O O O O O O O O B-POLITICIAN I-POLITICIAN I-POLITICIAN I-POLITICIAN I-POLITICIAN I-POLITICIAN O O O O O O O O O O O O O O O O O O O O O,O O O O O O O O O O O O O O O O O O O O O O O O O O O B-POLITICIAN O O O O O O O O O O O O O O O O O O O O O O O O O O,"[('POLITICIAN', 27, 32)]","[('POLITICIAN', 27, 27)]"
798,"ĠUKIP Ġofficials Ġalso Ġargue ĠMr ĠKil roy - Sil k Ġhas Ġnot Ġbeen Ġ"" straight forward "" Ġin Ġattacking Ġthe Ġparty Ġhe Ġonce Ġwanted Ġto Ġlead .",O O O O O O O O O O O O O O O O O O O O O O O O O O O,O O O O O B-POLITICIAN I-POLITICIAN I-POLITICIAN I-POLITICIAN I-POLITICIAN O O O O O O O O O O O O O O O O O,[],"[('POLITICIAN', 5, 9)]"
799,"Ġ' Ultimate Ġgame ' Ġaward Ġfor ĠDoom Ġ3 Ċ Ċ S ci - fi Ġshooter ĠDoom Ġ3 Ġhas Ġblasted Ġaway Ġthe Ġcompetition Ġat Ġa Ġmajor Ġgames Ġceremony , Ġthe ĠGolden ĠJoy stick Ġawards .",O O O O O O O O O O O O O O O O O O O O O O O O O O O O O O O O O O,O O O O O O B-MUSICIAN O O O O O O O O B-MUSICIAN O O O O O O O O O O O O O O O O O O,[],"[('MUSICIAN', 6, 6), ('MUSICIAN', 15, 15)]"
817,Ġ Ċ Ċ Tim ĠHen man 's Ġdecision Ġto Ġquit ĠDavis ĠCup Ġtennis Ġhas Ġleft Ġthe ĠBritish Ġteam Ġwith Ġa Ġgarg ant uan Ġvoid Ġto Ġfill .,O O O B-ATHLETE I-ATHLETE I-ATHLETE O O O O O O O O O O O O O O O O O O O O O,O O O B-ATHLETE I-ATHLETE I-ATHLETE I-ATHLETE O O O O O O O O O O O O O O O O O O O O,"[('ATHLETE', 3, 5)]","[('ATHLETE', 3, 6)]"
819,ĠAnd ĠGreat ĠBritain 's Ġlast ĠDavis ĠCup Ġwin Ġwithout ĠHen man Ġcame Ġagainst ĠSlovenia Ġas Ġfar Ġback Ġas Ġ1996 .,O O O O O O O O O O O O O O O O O O O O,O O O O O O O O O B-ATHLETE I-ATHLETE O O O O O O O O O,[],"[('ATHLETE', 9, 10)]"
821,"ĠBailey Ġtold ĠBBC ĠSport : Ġ"" After ĠTim 's Ġannouncement , ĠI Ġdoubt ĠGreg ĠR used ski Ġwill Ġbe Ġthat Ġfar Ġbehind Ġhim .""",O O O O O O O O O O O O O B-ATHLETE I-ATHLETE I-ATHLETE I-ATHLETE O O O O O O O,B-PUBLIC-FIGURE O O O O O O B-ATHLETE O O O O O B-ATHLETE I-ATHLETE I-ATHLETE I-ATHLETE O O O O O O O,"[('ATHLETE', 13, 16)]","[('PUBLIC-FIGURE', 0, 0), ('ATHLETE', 7, 7), ('ATHLETE', 13, 16)]"
824,"ĠThe ĠYugoslav ian - born ĠBog dan ovic , Ġthough , Ġis Ġ184 Ġplaces Ġbelow ĠHen man Ġin Ġthe Ġworld Ġrankings Ġand Ġhas Ġplayed Ġjust Ġtwo Ġcup Ġties Ġ- Ġwinning Ġone Ġand Ġlosing Ġthe Ġother .",O O O O O O O O O O O O O O O O O O O O O O O O O O O O O O O O O O O O,O O O O O B-ATHLETE I-ATHLETE I-ATHLETE O O O O O O O B-ATHLETE I-ATHLETE O O O O O O O O O O O O O O O O O O O,[],"[('ATHLETE', 5, 7), ('ATHLETE', 15, 16)]"
825,"Ġ Ċ Ċ Murray , Ġon Ġthe Ġother Ġhand , Ġis Ġ407 th Ġin Ġthe Ġcurrent ĠATP Ġentry Ġlist Ġand Ġyet Ġto Ġmake Ġhis Ġcup Ġdebut .",O O O O O O O O O O O O O O O O O O O O O O O O O O O,O O O B-ATHLETE O O O O O O O O O O O O O O O O O O O O O O O,[],"[('ATHLETE', 3, 3)]"
826,ĠBut ĠBailey Ġdoes Ġsee Ġsome Ġhope Ġfor Ġthe Ġfuture .,O O O O O O O O O O,O B-ATHLETE O O O O O O O O,[],"[('ATHLETE', 1, 1)]"
828,"ĠBritain 's Ġnext Ġopponents , ĠIsrael , Ġare Ġhardly Ġlikely Ġto Ġbe Ġqu aking Ġin Ġtheir Ġboots Ġahead Ġof Ġthe Ġ4 - 6 ĠMarch Ġmatch Ġagainst Ġa Ġlikely Ġtrio Ġof ĠBog dan ovic , ĠMurray Ġand Ġthe Ġ187 th - ranked ĠAr vind ĠParm ar .",O O O O O O O O O O O O O O O O O O O O O O O O O O O O O O O O O O O O O O O O O B-ATHLETE I-ATHLETE I-ATHLETE I-ATHLETE O,O O O O O O O O O O O O O O O O O O O O O O O O O O O O O O B-ATHLETE I-ATHLETE I-ATHLETE O B-ATHLETE O O O O O O B-ATHLETE I-ATHLETE I-ATHLETE I-ATHLETE O,"[('ATHLETE', 41, 44)]","[('ATHLETE', 30, 32), ('ATHLETE', 34, 34), ('ATHLETE', 41, 44)]"
829,"ĠBailey Ġsaid : Ġ"" It Ġwill Ġbe Ġtough Ġfor ĠGB Ġto Ġmove Ġup , Ġbut Ġthere Ġcomes Ġa Ġtime Ġwhen Ġour Ġyoung Ġplayers Ġhave Ġto Ġstep Ġup .",O O O O O O O O O O O O O O O O O O O O O O O O O O O O,B-ATHLETE O O O O O O O O O O O O O O O O O O O O O O O O O O O,[],"[('ATHLETE', 0, 0)]"
830,"ĠThis Ġwas Ġalways Ġgoing Ġto Ġbe Ġinevitable Ġwith ĠTim Ġand ĠGreg 's Ġgrowing Ġyears . Ġ""",O O O O O O O O O O O O O O O O,O O O O O O O O B-ATHLETE O B-ATHLETE O O O O O,[],"[('ATHLETE', 8, 8), ('ATHLETE', 10, 10)]"
833,"ĠOf Ġthose Ġlining Ġup Ġto Ġreplace ĠHen man , Ġthe Ġ17 - year - old ĠMurray , Ġwith Ġfour ĠFut ures Ġtitles Ġunder Ġhis Ġbelt Ġlast Ġyear , Ġlooks Ġthe Ġbest Ġlong - term Ġbet . Ġ""",O O O O O O O O O O O O O O O O O O O O O O O O O O O O O O O O O O O O O,O O O O O O B-ATHLETE I-ATHLETE O O O O O O O B-ATHLETE O O O O O O O O O O O O O O O O O O O O O,[],"[('ATHLETE', 6, 7), ('ATHLETE', 15, 15)]"
834,"ĠMurray Ġis Ġthe Ġone Ġthat Ġlooks Ġlike liest Ġto Ġtake Ġover ĠTim 's Ġmantle ,"" Ġsaid ĠBailey . Ġ""",O O O O O O O O O O O O O O O O O O O,B-ATHLETE O O O O O O O O O O B-ATHLETE O O O O B-ATHLETE O O,[],"[('ATHLETE', 0, 0), ('ATHLETE', 11, 11), ('ATHLETE', 16, 16)]"
836,"ĠBog dan ovic , Ġthree Ġyears ĠMurray 's Ġsenior , Ġhas Ġhad Ġa Ġmore Ġtroubled Ġtime Ġunder ĠBritain 's ĠDavis ĠCup Ġumbrella .",O O O O O O O O O O O O O O O O O O O O O O O,B-ATHLETE I-ATHLETE I-ATHLETE O O O B-ATHLETE O O O O O O O O O O O O O O O O,[],"[('ATHLETE', 0, 2), ('ATHLETE', 6, 6)]"
837,"Ġ Ċ Ċ While ĠMurray Ġhas Ġbeen Ġmarked Ġout Ġas ĠBritain 's Ġgolden Ġboy , ĠBog dan ovic Ġwas Ġwarned Ġby Ġthe ĠLawn ĠTennis ĠAssociation Ġfor Ġa Ġlack Ġof Ġdrive Ġat Ġthe Ġend Ġof Ġ2003 .",O O O O O O O O O O O O O O O O O O O O O O O O O O O O O O O O O O O O,O O O O B-ATHLETE O O O O O O O O O O B-ATHLETE I-ATHLETE I-ATHLETE O O O O O O O O O O O O O O O O O O,[],"[('ATHLETE', 4, 4), ('ATHLETE', 15, 17)]"
838,"ĠAnd ĠBailey Ġsaid : Ġ"" Despite Ġthat , ĠAlex Ġis Ġclearly Ġtalented Ġas Ġwell , Ġwhile ĠAr vind Ġis Ġanother Ġcontender . Ġ""",O O O O O O O O O O O O O O O O O O O O O O O,O B-ATHLETE O O O O O O B-ATHLETE O O O O O O O B-ATHLETE I-ATHLETE O O O O O,[],"[('ATHLETE', 1, 1), ('ATHLETE', 8, 8), ('ATHLETE', 16, 17)]"
843,ĠHoward Ġand ĠBlair Ġtax Ġpledge Ġclash Ċ Ċ Tony ĠBlair Ġhas Ġsaid Ġvoters Ġwill Ġhave Ġto Ġwait Ġfor ĠLabour 's Ġmanifesto Ġto Ġsee Ġif Ġthe Ġparty Ġhas Ġplans Ġto Ġincrease Ġtax .,O O O O O O O O B-POLITICIAN I-POLITICIAN O O O O O O O O O O O O O O O O O O O O O O,B-POLITICIAN O B-POLITICIAN O O O O O B-POLITICIAN I-POLITICIAN O O O O O O O O O O O O O O O O O O O O O O,"[('POLITICIAN', 8, 9)]","[('POLITICIAN', 0, 0), ('POLITICIAN', 2, 2), ('POLITICIAN', 8, 9)]"
845,"ĠMr ĠBlair Ġder ided ĠTory Ġclaims Ġthey Ġcould Ġcut ĠÂ£ 35 bn Ġin Ġ"" w ast eful Ġspending "" Ġsaying Ġthe Ġparty Ġhad Ġgot Ġits Ġsums Ġwrong .",O O O O O O O O O O O O O O O O O O O O O O O O O O O O,O B-POLITICIAN O O O O O O O O O O O O O O O O O O O O O O O O O O,[],"[('POLITICIAN', 1, 1)]"
847,"ĠMr ĠHoward Ġtold ĠMPs Ġthat Ġ"" every Ġindependent Ġexpert "" Ġfrom Ġthe ĠInternational ĠMonetary ĠFund Ġto Ġthe ĠInstitute Ġof ĠFiscal ĠStudies Ġhad Ġsuggested Ġthe Ġ"" government Ġwas Ġspending Ġmore Ġthan Ġit Ġis Ġraising Ġand Ġa ĠLabour Ġchancellor Ġwould Ġhave Ġto Ġput Ġup Ġtaxes "".",O O O O O O O O O O O O O O O O O O O O O O O O O O O O O O O O O O O O O O O O O O O O,O B-POLITICIAN O O O O O O O O O O O O O O O O O O O O O O O O O O O O O O O O O O O O O O O O O O,[],"[('POLITICIAN', 1, 1)]"
848,"ĠMr ĠBlair Ġreplied : Ġ"" I Ġthink Ġthey Ġare Ġwrong Ġfor Ġthis Ġvery Ġsimple Ġreason : Ġthat Ġthe ĠTreasury Ġforecasts Ġon Ġthe Ġeconomy Ġhave Ġbeen Ġproven Ġright .""",O O O O O O O O O O O O O O O O O O O O O O O O O O O O,O B-POLITICIAN O O O O O O O O O O O O O O O O O O O O O O O O O O,[],"[('POLITICIAN', 1, 1)]"
852,ĠBut ĠMr ĠHoward Ġsaid Ġvoters Ġfaced Ġa Ġclear Ġchoice Ġat Ġthe Ġnext Ġelection Ġbetween Ġmore Ġwaste Ġand Ġmore Ġtax Ġunder ĠLabour Ġand ĠTory Ġvalue Ġfor Ġmoney Ġand Ġlower Ġtaxes .,O O O O O O O O O O O O O O O O O O O O O O O O O O O O O O,O O B-POLITICIAN O O O O O O O O O O O O O O O O O O O O O O O O O O O,[],"[('POLITICIAN', 2, 2)]"
854,"ĠLabour Ġhit Ġback Ġat Ġthe ĠTory Ġproposals Ġeven Ġbefore Ġtheir Ġpublication Ġwith Ġelection Ġcoordinator ĠAlan ĠMil burn Ġaccusing ĠMr ĠHoward Ġof Ġproducing Ġa Ġ"" f raud ulent Ġprospect us "".",O O O O O O O O O O O O O O B-POLITICIAN I-POLITICIAN I-POLITICIAN O O O O O O O O O O O O O,O O O O O O O O O O O O O O B-POLITICIAN I-POLITICIAN I-POLITICIAN O O B-POLITICIAN O O O O O O O O O O,"[('POLITICIAN', 14, 16)]","[('POLITICIAN', 14, 16), ('POLITICIAN', 19, 19)]"
855,ĠPar ry Ġrel ishes ĠAnfield Ġchallenge Ċ Ċ BBC ĠSport Ġreflects Ġon Ġthe Ġfuture Ġfor ĠLiverpool Ġafter Ġour Ġexclusive Ġinterview Ġwith Ġchief Ġexecutive ĠRick ĠPar ry .,O O O O O O O O O O O O O O O O O O O O O O O B-BUSINESS-EXECUTIVE-MANAGER I-BUSINESS-EXECUTIVE-MANAGER I-BUSINESS-EXECUTIVE-MANAGER O,B-PUBLIC-FIGURE I-PUBLIC-FIGURE O O O O O O O O O O O O O O O O O O O O O B-BUSINESS-EXECUTIVE-MANAGER O O O,"[('BUSINESS-EXECUTIVE-MANAGER', 23, 25)]","[('PUBLIC-FIGURE', 0, 1), ('BUSINESS-EXECUTIVE-MANAGER', 23, 23)]"
856,Ġ Ċ Ċ Chief Ġexecutive ĠPar ry Ġis Ġthe Ġman Ġat Ġthe Ġhelm Ġas ĠLiverpool Ġreach Ġthe Ġmost Ġcrucial Ġpoint Ġin Ġtheir Ġrecent Ġhistory .,O O O O O O O O O O O O O O O O O O O O O O O O O,O O O O O B-BUSINESS-EXECUTIVE-MANAGER I-BUSINESS-EXECUTIVE-MANAGER O O O O O O O O O O O O O O O O O O,[],"[('BUSINESS-EXECUTIVE-MANAGER', 5, 6)]"
857,"ĠPar ry Ġhas Ġto Ġdeliver Ġa Ġnew Ġ60 , 000 - seat Ġstadium Ġin ĠStanley ĠPark Ġby Ġ2007 Ġamid Ġclaims Ġof Ġcosts Ġspir alling Ġabove ĠÂ£ 120 m . ĠHe Ġis Ġalso Ġsearching Ġfor Ġan Ġinvestment Ġpackage Ġof Ġa Ġsize Ġand Ġstature Ġthat Ġwill Ġrestore ĠLiverpool Ġto Ġtheir Ġplace Ġat ĠEuropean Ġfootball 's Ġtop Ġtable .",O O O O O O O O O O O O O O O O O O O O O O O O O O O O O O O O O O O O O O O O O O O O O O O O O O O O O O O O,B-PUBLIC-FIGURE I-PUBLIC-FIGURE O O O O O O O O O O O O O O O O O O O O O O O O O O O O O O O O O O O O O O O O O O O O O O O O O O O O O O,[],"[('PUBLIC-FIGURE', 0, 1)]"
858,"ĠBut Ġit Ġis Ġa Ġchallenge Ġthat Ġappears Ġto Ġsit Ġeasily Ġwith ĠPar ry , Ġwho Ġhas Ġforged Ġa Ġreputation Ġas Ġone Ġof Ġfootball 's Ġmost Ġrespected Ġadministrators Ġsince Ġhis Ġdays Ġat Ġthe Ġfledgling ĠPremier ĠLeague .",O O O O O O O O O O O O O O O O O O O O O O O O O O O O O O O O O O O O,O O O O O O O O O O O B-PUBLIC-FIGURE I-PUBLIC-FIGURE O O O O O O O O O O O O O O O O O O O O O O O,[],"[('PUBLIC-FIGURE', 11, 12)]"
860,"ĠThrow Ġin Ġthe Ġsmall Ġmatter Ġof Ġw arding Ġoff Ġevery Ġtop Ġclub Ġin Ġworld Ġfootball Ġas Ġthey Ġeye Ġcaptain ĠSteven ĠGerrard , Ġand Ġyou Ġcan Ġsee ĠPar ry Ġis Ġa Ġman Ġwith Ġa Ġlot Ġon Ġhis Ġplate .",O O O O O O O O O O O O O O O O O O O B-ATHLETE I-ATHLETE O O O O O O O O O O O O O O O O O,O O O O O O O O O O O O O O O O O O O B-ATHLETE I-ATHLETE O O O O O B-PUBLIC-FIGURE I-PUBLIC-FIGURE O O O O O O O O O O,"[('ATHLETE', 19, 20)]","[('ATHLETE', 19, 20), ('PUBLIC-FIGURE', 26, 27)]"
861,ĠBut Ġin Ġthe Ġcomfort Ġof Ġa Ġconference Ġroom Ġdeep Ġinside ĠLiverpool 's Ġheartbeat Ġ- ĠThe ĠKop Ġend Ġ- ĠPar ry Ġspoke Ġto Ġus Ġwith Ġbrutal Ġhonesty Ġabout Ġthe Ġcrucial Ġmonths Ġahead .,O O O O O O O O O O O O O O O O O O O O O O O O O O O O O O O O,O O O O O O O O O O O O O O O O O O B-PUBLIC-FIGURE I-PUBLIC-FIGURE O O O O O O O O O O O O,[],"[('PUBLIC-FIGURE', 18, 19)]"
864,"Ġ Ċ Ċ By Ġbusiness Ġhe Ġmeans Ġbecoming Ġtitle Ġchallengers Ġagain , Ġand Ġlocking Ġthe Ġpieces Ġtogether Ġthat Ġwill Ġhelp Ġreturn Ġthe Ġtrophy Ġto ĠLiverpool Ġis ĠPar ry 's Ġmission .",O O O O O O O O O O O O O O O O O O O O O O O O O O O O O O O,O O O O O O O O O O O O O O O O O O O O O O O O O O B-PUBLIC-FIGURE I-PUBLIC-FIGURE O O O,[],"[('PUBLIC-FIGURE', 26, 27)]"
865,ĠPar ry Ġhas Ġalready Ġsuccessfully Ġput Ġone Ġof Ġthose Ġplan ks Ġin Ġplace Ġin Ġthe Ġform Ġof Ġnew Ġmanager ĠRafael ĠBen ite z .,O O O O O O O O O O O O O O O O O O O B-ATHLETE I-ATHLETE I-ATHLETE I-ATHLETE O,B-PUBLIC-FIGURE I-PUBLIC-FIGURE O O O O O O O O O O O O O O O O O B-BUSINESS-EXECUTIVE-MANAGER I-BUSINESS-EXECUTIVE-MANAGER I-BUSINESS-EXECUTIVE-MANAGER I-BUSINESS-EXECUTIVE-MANAGER O,"[('ATHLETE', 19, 22)]","[('PUBLIC-FIGURE', 0, 1), ('BUSINESS-EXECUTIVE-MANAGER', 19, 22)]"
867,ĠBen ite z 's Ġearly Ġwork Ġhas Ġgiven ĠPar ry Ġrenewed Ġoptimism Ġabout Ġthe Ġyears Ġahead .,O O O O O O O O O O O O O O O O O,B-BUSINESS-EXECUTIVE-MANAGER I-BUSINESS-EXECUTIVE-MANAGER I-BUSINESS-EXECUTIVE-MANAGER O O O O O B-PUBLIC-FIGURE I-PUBLIC-FIGURE O O O O O O O,[],"[('BUSINESS-EXECUTIVE-MANAGER', 0, 2), ('PUBLIC-FIGURE', 8, 9)]"
869,"ĠThis Ġwill Ġnot Ġcome Ġas Ġnews Ġto ĠPar ry , Ġa Ġlifelong ĠLiverpool Ġsupporter , Ġbut Ġhis Ġquiet Ġdetermination Ġsuggests Ġhe Ġis Ġno Ġmood Ġto Ġbe Ġfound Ġwanting ... Ċ Ċ Captain ĠGerrard Ġis Ġcentral Ġto ĠLiverpool 's Ġplans Ġand ĠPar ry 's Ġinsistence Ġthat Ġall Ġoffers Ġwill Ġbe Ġrefused Ġis Ġa Ġfirm Ġstatement Ġof Ġintent .",O O O O O O O O O O O O O O O O O O O O O O O O O O O O O O O O O O O O O O O O O O O O O O O O O O O O O O O O O,O O O O O O O B-PUBLIC-FIGURE I-PUBLIC-FIGURE O O O O O O O O O O O O O O O O O O O O O O O B-ATHLETE O O O O O O O B-PUBLIC-FIGURE I-PUBLIC-FIGURE O O O O O O O O O O O O O O O,[],"[('PUBLIC-FIGURE', 7, 8), ('ATHLETE', 32, 32), ('PUBLIC-FIGURE', 40, 41)]"
870,"ĠAs Ġever , Ġthe Ġplayer Ġwill Ġhave Ġthe Ġfinal Ġsay , Ġand ĠPar ry Ġacknowledges Ġthat , Ġbut Ġhe Ġis Ġdetermined Ġto Ġprovide Ġthe Ġframework Ġand Ġenvironment Ġfor ĠLiverpool Ġand ĠGerrard Ġto Ġflourish .",O O O O O O O O O O O O O O O O O O O O O O O O O O O O O O O O O O,O O O O O O O O O O O O B-PUBLIC-FIGURE I-PUBLIC-FIGURE O O O O O O O O O O O O O O O O B-ATHLETE O O O,[],"[('PUBLIC-FIGURE', 12, 13), ('ATHLETE', 30, 30)]"
872,"ĠThailand ĠPrime ĠMinister ĠTh aks in ĠSh ini w atra Ġcame Ġand Ġwent , Ġwhile Ġthe Ġmost Ġserious Ġstatement Ġof Ġintent Ġcame Ġfrom Ġty coon Ġand Ġlifelong Ġfan ĠSteve ĠMorgan .",O O O B-POLITICIAN I-POLITICIAN I-POLITICIAN I-POLITICIAN I-POLITICIAN I-POLITICIAN I-POLITICIAN O O O O O O O O O O O O O O O O O O B-BUSINESS-EXECUTIVE-MANAGER I-BUSINESS-EXECUTIVE-MANAGER O,O O O B-POLITICIAN I-POLITICIAN I-POLITICIAN I-POLITICIAN I-POLITICIAN I-POLITICIAN I-POLITICIAN O O O O O O O O O O O O O O O O O O B-PUBLIC-FIGURE I-PUBLIC-FIGURE O,"[('POLITICIAN', 3, 9), ('BUSINESS-EXECUTIVE-MANAGER', 28, 29)]","[('POLITICIAN', 3, 9), ('PUBLIC-FIGURE', 28, 29)]"
873,"ĠMorgan Ġhad Ġa Ġsuccession Ġof Ġbids Ġrejected , Ġhaving Ġcome Ġclose Ġin Ġthe Ġsummer Ġonly Ġfor Ġtalks Ġto Ġbreak Ġdown Ġover Ġpotential Ġcosts Ġfor Ġthe Ġnew Ġstadium .",O O O O O O O O O O O O O O O O O O O O O O O O O O O O,B-BUSINESS-EXECUTIVE-MANAGER O O O O O O O O O O O O O O O O O O O O O O O O O O O,[],"[('BUSINESS-EXECUTIVE-MANAGER', 0, 0)]"
874,"ĠBBC ĠSport Ġunderstands ĠMorgan Ġis Ġstill Ġready Ġand Ġwilling Ġto Ġinvest Ġin ĠLiverpool , Ġand ĠPar ry Ġhas Ġkept Ġthe Ġdoor Ġa jar Ġdespite Ġcurrently Ġseeking Ġinvestment Ġelsewhere .",O O O O O O O O O O O O O O O O O O O O O O O O O O O O O,O O O B-PUBLIC-FIGURE O O O O O O O O O O O B-PUBLIC-FIGURE I-PUBLIC-FIGURE O O O O O O O O O O O O,[],"[('PUBLIC-FIGURE', 3, 3), ('PUBLIC-FIGURE', 15, 16)]"
875,"Ġ Ċ Ċ Morgan , Ġhowever , Ġhas Ġhad Ġno Ġformal Ġcontact Ġwith ĠLiverpool Ġor Ġtheir Ġadvisors Ġsince Ġlast ĠDecember , Ġblaming Ġindec ision Ġat Ġboard Ġlevel Ġas Ġhe Ġpublicly Ġwithdrew Ġhis ĠÂ£ 70 m Ġoffer .",O O O O O O O O O O O O O O O O O O O O O O O O O O O O O O O O O O O O O,O O O B-ATHLETE O O O O O O O O O O O O O O O O O O O O O O O O O O O O O O O O O,[],"[('ATHLETE', 3, 3)]"
877,ĠMorgan Ġwill Ġcertainly Ġnot Ġbe Ġmaking Ġanother Ġcall .,O O O O O O O O O,B-ATHLETE O O O O O O O O,[],"[('ATHLETE', 0, 0)]"
879,"Ġ Ċ Ċ P arry Ġmeanwhile Ġsees Ġthe Ġnew Ġground Ġas Ġcrucial Ġto ĠLiverpool 's Ġfuture , Ġbut Ġis Ġrefusing Ġto Ġbecome Ġemotionally Ġattached Ġto Ġthe Ġidea .",O O O O O O O O O O O O O O O O O O O O O O O O O O O O,O O O B-ATHLETE I-ATHLETE O O O O O O O O O O O O O O O O O O O O O O O,[],"[('ATHLETE', 3, 4)]"
881,"ĠPar ry Ġwill Ġpull Ġback Ġthe Ġmoment Ġthe Ġfigures Ġdo Ġnot Ġstack Ġup , Ġbut Ġthere Ġhas Ġbeen Ġa Ġvital Ġnew Ġdevelopment Ġin ĠNorth ĠLondon Ġthat Ġhas Ġre - shaped ĠLiverpool 's Ġthinking .",O O O O O O O O O O O O O O O O O O O O O O O O O O O O O O O O O O,B-PUBLIC-FIGURE I-PUBLIC-FIGURE O O O O O O O O O O O O O O O O O O O O O O O O O O O O O O O O,[],"[('PUBLIC-FIGURE', 0, 1)]"
883,"ĠPar ry Ġlabelled Ġthe Ġdeal Ġ"" an Ġeye - op ener "" Ġand Ġadmits ĠLiverpool Ġwould Ġbe Ġmissing Ġa Ġtrick Ġnot Ġto Ġexplore Ġthe Ġpossibilities .",O O O O O O O O O O O O O O O O O O O O O O O O O O,B-PUBLIC-FIGURE I-PUBLIC-FIGURE O O O O O O O O O O O O O O O O O O O O O O O O,[],"[('PUBLIC-FIGURE', 0, 1)]"
887,Ġ Ċ Ċ Â£ 50 m Ġfor ĠGerrard ?,O O O O O O O O O,O O O O O O O B-ATHLETE O,[],"[('ATHLETE', 7, 7)]"
889,"ĠWe Ġcannot Ġlet Ġthat Ġsum Ġof Ġmoney Ġgo , Ġdespite ĠGerrard 's Ġquality .",O O O O O O O O O O O O O O,O O O O O O O O O O B-ATHLETE O O O,[],"[('ATHLETE', 10, 10)]"
890,"Ġ Ċ Ċ Through Ġa Ġclever ly Ġword ed Ġstatement , Ġthe Ġclub Ġhas Ġeffectively Ġforced ĠGerrard Ġto Ġpublicly Ġmake Ġthe Ġdecision Ġfor Ġhimself , Ġwhich ĠI Ġthink Ġis Ġthe Ġright Ġthing Ġto Ġdo .",O O O O O O O O O O O O O O O O O O O O O O O O O O O O O O O O O O O,O O O O O O O O O O O O O O O O B-ATHLETE O O O O O O O O O O O O O O O O O O,[],"[('ATHLETE', 16, 16)]"
891,Ġ Ċ Ċ Critical Ġtime Ġfor ĠLiverpool Ġwith Ġregards Ġto ĠGerrard .,O O O O O O O O O O O O,O O O O O O O O O O B-ATHLETE O,[],"[('ATHLETE', 10, 10)]"
894,"Ġ Ċ Ċ Â£ 50 m Ġrealistically Ġwould Ġallow ĠRaf a Ġto Ġcompletely Ġrebuild Ġthe Ġsquad , Ġhowever , Ġif Ġwe Ġcan Ġafford Ġto Ġdo Ġthis ĠAND Ġkeep ĠGerrard Ġwe Ġwill Ġbe Ġbetter Ġfor Ġit .",O O O O O O O O O O O O O O O O O O O O O O O O O O O O O O O O O O O O,O O O O O O O O O B-PUBLIC-FIGURE I-PUBLIC-FIGURE O O O O O O O O O O O O O O O O O B-ATHLETE O O O O O O O,[],"[('PUBLIC-FIGURE', 9, 10), ('ATHLETE', 28, 28)]"
895,ĠI Ġwould Ġhowever Ġbe Ġhappy Ġwith ĠGerrard 's Ġtransfer Ġfor Ġany Ġfee Ġover ĠÂ£ 35 m . Ċ Ċ P arry 's Ġstatements Ġare Ġclever Ġin Ġthat Ġany Ġfuture ĠGerrard Ġtransfer Ġcannot Ġbe Ġconstrued Ġas Ġa Ġlack Ġof Ġambition Ġby Ġthe Ġclub Ġto Ġnot Ġtry Ġand Ġkeep Ġtheir Ġbest Ġplayers .,O O O O O O O O O O O O O O O O O O O O O O O O O O O O O O O O O O O O O O O O O O O O O O O O O O O,O O O O O O B-ATHLETE O O O O O O O O O O O O B-PUBLIC-FIGURE I-PUBLIC-FIGURE O O O O O O O O B-ATHLETE O O O O O O O O O O O O O O O O O O O O O,[],"[('ATHLETE', 6, 6), ('PUBLIC-FIGURE', 19, 20), ('ATHLETE', 29, 29)]"
896,ĠU pping Ġthe Ġante Ġis Ġanother Ġsmart Ġmove Ġby ĠPar ry .,O O O O O O O O O O O O,O O O O O O O O O B-PUBLIC-FIGURE I-PUBLIC-FIGURE O,[],"[('PUBLIC-FIGURE', 9, 10)]"
897,Ġ Ċ Ċ I Ġwould Ġkeep ĠGerrard .,O O O O O O O O,O O O O O O B-ATHLETE O,[],"[('ATHLETE', 6, 6)]"
899,Ġ Ċ Ċ The Ġkey Ġis Ġif ĠGerrard Ġcomes Ġout Ġand Ġsays Ġthat Ġhe Ġis Ġhappy .,O O O O O O O O O O O O O O O O O,O O O O O O O B-ATHLETE O O O O O O O O O,[],"[('ATHLETE', 7, 7)]"
905,"ĠVideo Ġgames Ġare Ġ"" big Ġbusiness "", Ġthe Ġpaper Ġquoted ĠMr ĠChern in Ġas Ġsaying .",O O O O O O O O O O O O O O O O,O O O O O O O O O O O B-BUSINESS-EXECUTIVE-MANAGER I-BUSINESS-EXECUTIVE-MANAGER O O O,[],"[('BUSINESS-EXECUTIVE-MANAGER', 11, 12)]"
908,"Ġ Ċ Ċ The Ġdays Ġof Ġarcade Ġclassics Ġsuch Ġas ĠSpace ĠInvaders , ĠPac - Man Ġand ĠDonkey ĠKong Ġare Ġlong Ġgone .",O O O O O O O O O O O O O O O O O O O O O O O,O O O O O O O O O O O O O B-MUSICIAN I-MUSICIAN I-MUSICIAN O B-MUSICIAN I-MUSICIAN O O O O,[],"[('MUSICIAN', 13, 15), ('MUSICIAN', 17, 18)]"
911,"ĠMr ĠChern in , Ġhowever , Ġtold Ġthe ĠFT Ġthat ĠNews ĠCorp Ġwas Ġfinding Ġit Ġdifficult Ġto Ġidentify Ġa Ġsuitable Ġtarget . Ġ""",O O O O O O O O O O O O O O O O O O O O O O O,O B-BUSINESS-EXECUTIVE-MANAGER I-BUSINESS-EXECUTIVE-MANAGER O O O O O O O O O O O O O O O O O O O O,[],"[('BUSINESS-EXECUTIVE-MANAGER', 1, 2)]"
914,"ĠBl unk ett Ġsorry Ġover Ġmurder Ġplan Ċ Ċ David ĠBl unk ett Ġhas Ġapologised Ġto ĠMPs Ġafter Ġthe ĠHome ĠOffice Ġannounced Ġ"" prem ature ly "" Ġvia Ġpress Ġrelease Ġa Ġreview Ġof Ġmurder Ġlaws .",O O O O O O O O O B-POLITICIAN I-POLITICIAN I-POLITICIAN I-POLITICIAN O O O O O O O O O O O O O O O O O O O O O O O,B-POLITICIAN I-POLITICIAN I-POLITICIAN O O O O O O B-POLITICIAN I-POLITICIAN I-POLITICIAN I-POLITICIAN O O O O O O O O O O O O O O O O O O O O O O O,"[('POLITICIAN', 9, 12)]","[('POLITICIAN', 0, 2), ('POLITICIAN', 9, 12)]"
919,ĠNews Ġof Ġthe Ġreview Ġwas Ġreleased Ġbecause Ġit Ġwas Ġthought ĠMr ĠBl unk ett Ġwould Ġmake Ġthe Ġofficial Ġannouncement Ġin Ġa ĠCommons Ġdebate Ġon ĠWednesday .,O O O O O O O O O O O O O O O O O O O O O O O O O O,O O O O O O O O O O O B-POLITICIAN I-POLITICIAN I-POLITICIAN O O O O O O O O O O O O,[],"[('POLITICIAN', 11, 13)]"
921,"ĠAmid Ġopposition Ġanger , ĠMr ĠBl unk ett Ġhad Ġto Ġanswer Ġan Ġemergency Ġquestion Ġin ĠParliament Ġon ĠThursday .",O O O O O O O O O O O O O O O O O O O,O O O O O B-POLITICIAN I-POLITICIAN I-POLITICIAN O O O O O O O O O O O,[],"[('POLITICIAN', 5, 7)]"
948,"ĠMr ĠBaker , Ġthe ĠLib ĠDem Ġenvironment Ġspokesman , Ġsaid : Ġ"" I Ġhave Ġbeen Ġwarning Ġfor Ġmonths Ġthat Ġthis Ġwould Ġhappen Ġand Ġraised Ġit Ġwith Ġgovernment Ġseveral Ġtimes .",O O O O O O O O O O O O O O O O O O O O O O O O O O O O O O,O B-POLITICIAN O O O O O O O O O O O O O O O O O O O O O O O O O O O O,[],"[('POLITICIAN', 1, 1)]"
965,"ĠThe Ġdata Ġis Ġfavourable , Ġbut Ġa Ġlot Ġof Ġjobs Ġare Ġtemporary Ġfor Ġthe Ġ( Christmas ) Ġholiday Ġseason , Ġso Ġwe Ġmay Ġsee Ġslightly Ġhigher Ġjob lessness Ġin ĠJanuary Ġand ĠFebruary ,"" ĠJulio ĠHe ged us , Ġchief Ġeconomist Ġwith ĠL opes ĠFil ho Ġ& ĠAssociates Ġconsultancy Ġin ĠRio Ġde ĠJane ir , Ġtold ĠReuters Ġnews Ġagency .",O O O O O O O O O O O O O O O O O O O O O O O O O O O O O O O O O B-PUBLIC-FIGURE I-PUBLIC-FIGURE I-PUBLIC-FIGURE I-PUBLIC-FIGURE O O O O O O O O O O O O O O O O O O O O O O,O O O O O O O O O O O O O O O O O O O O O O O O O O O O O O O O O B-BUSINESS-EXECUTIVE-MANAGER I-BUSINESS-EXECUTIVE-MANAGER I-BUSINESS-EXECUTIVE-MANAGER I-BUSINESS-EXECUTIVE-MANAGER O O O O O O O O O O O O O O O O O O O O O O,"[('PUBLIC-FIGURE', 33, 36)]","[('BUSINESS-EXECUTIVE-MANAGER', 33, 36)]"
979,ĠOne Ġmanager Ġwho Ġhas Ġgot Ġit Ġright Ġthis Ġweek Ġis ĠWalter ĠSmith .,O O O O O O O O O O B-ATHLETE I-ATHLETE O,O O O O O O O O O O B-BUSINESS-EXECUTIVE-MANAGER I-BUSINESS-EXECUTIVE-MANAGER O,"[('ATHLETE', 10, 11)]","[('BUSINESS-EXECUTIVE-MANAGER', 10, 11)]"
981,"ĠIt Ġis Ġthe Ġsort Ġof Ġmove Ġyou Ġwould Ġexpect Ġfrom ĠWalter , Ġwho Ġis Ġa Ġcan ny Ġmanager .",O O O O O O O O O O O O O O O O O O O,O O O O O O O O O O B-BUSINESS-EXECUTIVE-MANAGER O O O O O O O O,[],"[('BUSINESS-EXECUTIVE-MANAGER', 10, 10)]"
990,ĠBut Ġyou Ġhave Ġgot Ġto Ġremember ĠSven - G oran ĠE riks son 's Ġside Ġwere Ġgiven Ġa Ġlesson Ġby ĠSpain Ġin Ġthe Ġlast Ġgame Ġthey Ġplayed .,O O O O O O B-ATHLETE I-ATHLETE I-ATHLETE I-ATHLETE I-ATHLETE I-ATHLETE I-ATHLETE O O O O O O O O O O O O O O O,O O O O O O B-ATHLETE I-ATHLETE I-ATHLETE I-ATHLETE I-ATHLETE I-ATHLETE I-ATHLETE I-ATHLETE O O O O O O O O O O O O O O,"[('ATHLETE', 6, 12)]","[('ATHLETE', 6, 13)]"
993,"ĠStrong Ġquarterly Ġgrowth Ġfor ĠNike Ċ Ċ N ike Ġhas Ġreported Ġits Ġbest Ġsecond - quarter Ġearnings , Ġhelped Ġby Ġstrong Ġdemand Ġfor Ġits Ġathletic Ġshoes Ġand ĠCon verse Ġsneakers .",O O O O O O O O O O O O O O O O O O O O O O O O O O O O O O O,O O O O O O O O O O O O O O O O O O O O O O O O O O O B-ATHLETE I-ATHLETE O O,[],"[('ATHLETE', 27, 28)]"
995,"ĠRe ven ues Ġincreased Ġ11 % Ġto Ġ$ 3 . 1 bn , Ġfrom Ġ$ 2 . 8 bn Ġfor Ġthe Ġsame Ġperiod Ġin Ġ2003 .",O O O O O O O O O O O O O O O O O O O O O O O O O O,B-BUSINESS-EXECUTIVE-MANAGER B-ATHLETE I-ATHLETE O O O O O O O O O O O O O O O O O O O O O O O,[],"[('BUSINESS-EXECUTIVE-MANAGER', 0, 0), ('ATHLETE', 1, 2)]"
996,"ĠNike , Ġwhose Ġproducts Ġare Ġendorsed Ġby ĠTiger ĠWoods Ġamong Ġother Ġsports Ġstars , Ġsaid Ġ"" demand Ġcontinues Ġto Ġgrow "".",O O O O O O O B-ATHLETE I-ATHLETE O O O O O O O O O O O O,O O O O O O O O O O O O O O O O O O O O O,"[('ATHLETE', 7, 8)]",[]
1003,"Ġ' Pod casters ' Ġlook Ġto Ġnet Ġmoney Ċ Ċ N asa Ġis Ġdoing Ġit , Ġ14 - year - old Ġboys Ġin Ġbedrooms Ġare Ġdoing Ġit , Ġcouples Ġare Ġdoing Ġit , Ġgadget Ġlovers Ġ- Ġmale Ġand Ġfemale Ġ- Ġare Ġdefinitely Ġdoing Ġit .",O O O O O O O O O O O O O O O O O O O O O O O O O O O O O O O O O O O O O O O O O O O O O,O O O O O O O O O O B-PUBLIC-FIGURE I-PUBLIC-FIGURE O O O O O O O O O O O O O O O O O O O O O O O O O O O O O O O O O,[],"[('PUBLIC-FIGURE', 10, 11)]"
1008,"ĠIt 's Ġabout Ġreal Ġpeople Ġsaying Ġreal Ġthings Ġand Ġcommunicating ,"" Ġsays ĠAdam ĠCurry , Ġformer ĠMTV ĠV J Ġand Ġthe ĠP ied ĠPiper Ġof Ġpodcast ing .",O O O O O O O O O O O O B-BUSINESS-EXECUTIVE-MANAGER I-BUSINESS-EXECUTIVE-MANAGER O O O O O O O O O O O O O O,O O O O O O O O O O O O B-PUBLIC-FIGURE I-PUBLIC-FIGURE O O O O O O O O O O O O O O,"[('BUSINESS-EXECUTIVE-MANAGER', 12, 13)]","[('PUBLIC-FIGURE', 12, 13)]"
1013,"ĠIt Ġis Ġtotally Ġgoing Ġto Ġkill Ġthe Ġbusiness Ġmodel Ġof Ġradio ,"" Ġthinks ĠCurry . Ġ""",O O O O O O O O O O O O O O O O,O O O O O O O O O O O O O B-PUBLIC-FIGURE O O,[],"[('PUBLIC-FIGURE', 13, 13)]"
1023,"Ġ Ċ Ċ "" P odcast ing Ġis Ġone Ġof Ġthose Ġinteresting Ġareas Ġthat Ġbridges Ġwhat Ġyou Ġdo Ġat Ġhome Ġand Ġwhat Ġyou Ġdo Ġout Ġand Ġabout Ġ- Ġa Ġclassic Ġhybrid .",O O O O O O O O O O O O O O O O O O O O O O O O O O O O O O O O,O O O O B-ACTOR-DIRECTOR I-ACTOR-DIRECTOR I-ACTOR-DIRECTOR O O O O O O O O O O O O O O O O O O O O O O O O O,[],"[('ACTOR-DIRECTOR', 4, 6)]"
1027,ĠCurry 's ĠDaily ĠSource ĠCode Ġ- Ġwhich Ġhe Ġcommitted Ġto Ġdoing Ġdaily Ġto Ġinspire Ġthe Ġcommunity Ġ- Ġhas Ġ10 s Ġof Ġthousands Ġof Ġlisteners .,O O O O O O O O O O O O O O O O O O O O O O O O O,B-PUBLIC-FIGURE O O O O O O O O O O O O O O O O O O O O O O O O,[],"[('PUBLIC-FIGURE', 0, 0)]"
1028,Ġ Ċ Ċ But ĠDave ĠWin er Ġis Ġdoubtful .,O O O O B-AUTHOR-WRITER I-AUTHOR-WRITER I-AUTHOR-WRITER O O O,O O O O B-ATHLETE I-ATHLETE I-ATHLETE O O O,"[('AUTHOR-WRITER', 4, 6)]","[('ATHLETE', 4, 6)]"
1038,"ĠCurry Ġand Ġassociate ĠRon ĠBloom 's Ġnew Ġventure , Ġcalled ĠPod Show , Ġis Ġto Ġhelp Ġordinary Ġpeople Ġproduce , Ġpost , Ġdistribute Ġand Ġmarket Ġtheir Ġpodcasts .",O O O B-BUSINESS-EXECUTIVE-MANAGER I-BUSINESS-EXECUTIVE-MANAGER O O O O O O O O O O O O O O O O O O O O O O O,B-PUBLIC-FIGURE O O B-PUBLIC-FIGURE I-PUBLIC-FIGURE O O O O O O O O O O O O O O O O O O O O O O O,"[('BUSINESS-EXECUTIVE-MANAGER', 3, 4)]","[('PUBLIC-FIGURE', 0, 0), ('PUBLIC-FIGURE', 3, 4)]"
1042,"ĠThey Ġhave Ġdecided Ġto Ġsubscribe Ġto Ġyour Ġprogram ,"" Ġexplains ĠCurry .",O O O O O O O O O O O O,O O O O O O O O O O B-PUBLIC-FIGURE O,[],"[('PUBLIC-FIGURE', 10, 10)]"
1052,"ĠCoffee - loving ĠCurry Ġhas Ġsold Ġ$ 4 , 000 Ġworth Ġof Ġcoffee Ġmachines Ġthrough Ġa Ġreferral Ġlink Ġto ĠAmazon Ġfrom Ġhis Ġsite .",O O O O O O O O O O O O O O O O O O O O O O O O,O O O B-PUBLIC-FIGURE O O O O O O O O O O O O O O O O O O O O,[],"[('PUBLIC-FIGURE', 3, 3)]"
1054,"ĠOne , ĠEric ĠRice , Ġhas Ġwon Ġsponsorship Ġfrom ĠWarner ĠBros . ĠHe Ġcan Ġnow Ġlegally Ġplay Ġthe Ġmusic Ġof Ġa Ġband ĠWarner ĠBros Ġwants Ġto Ġpush .",O O B-PUBLIC-FIGURE I-PUBLIC-FIGURE O O O O O O O O O O O O O O O O O O O O O O O O,O O B-MUSICIAN I-MUSICIAN O O O O O O O O O O O O O O O O O O O O O O O O,"[('PUBLIC-FIGURE', 2, 3)]","[('MUSICIAN', 2, 3)]"
1058,"ĠThe Ġcreative Ġforces Ġbehind Ġradio Ġare Ġel ated , Ġsays ĠCurry .",O O O O O O O O O O O O,O O O O O O O O O O B-PUBLIC-FIGURE O,[],"[('PUBLIC-FIGURE', 10, 10)]"
1061,"ĠNewcastle Ġ27 - 27 ĠGlou cester Ċ Ċ New castle Ġcentre ĠMat hew ĠT ait Ġanswered Ġhis Ġcritics Ġas Ġhe Ġscored Ġone Ġtry Ġand Ġmade Ġanother , Ġbut Ġhe Ġcould Ġnot Ġstop ĠGlou cester Ġgrabbing Ġa Ġdraw .",O O O O O O O O O O O B-ATHLETE I-ATHLETE I-ATHLETE I-ATHLETE O O O O O O O O O O O O O O O O O O O O O O O,O O O O O B-ATHLETE O O O O O B-ATHLETE I-ATHLETE I-ATHLETE I-ATHLETE O O O O O O O O O O O O O O O O O B-ATHLETE I-ATHLETE O O O O,"[('ATHLETE', 11, 14)]","[('ATHLETE', 5, 5), ('ATHLETE', 11, 14), ('ATHLETE', 32, 33)]"
1062,"Ġ Ċ Ċ The ĠFalcons Ġwere Ġ22 - 6 Ġdown Ġat Ġthe Ġbreak Ġbefore ĠT ait , Ġrecently Ġax ed Ġby ĠEngland Ġafter Ġjust Ġone ĠSix ĠNations Ġouting , Ġinspired Ġhis Ġside Ġto Ġa Ġ27 - 22 Ġlead .",O O O O O O O O O O O O O O O O O O O O O O O O O O O O O O O O O O O O O O O,O O O O O O O O O O O O O O B-ATHLETE I-ATHLETE O O O O O O O O O O O O O O O O O O O O O O O,[],"[('ATHLETE', 14, 15)]"
1067,Ġ Ċ Ċ The Ġformer ĠAll ĠBlack Ġbroke Ġclear Ġand Ġpopped Ġthe Ġball Ġup Ġfor ĠT ait Ġon Ġhalfway .,O O O O O O O O O O O O O O O O O O O O,O O O O O O O O O O O O O O O B-ATHLETE I-ATHLETE O O O,[],"[('ATHLETE', 15, 16)]"
1068,"ĠHe Ġch ipped Ġahead Ġfor ĠMichael ĠStephenson Ġto Ġscor ch Ġthrough Ġfor Ġthe Ġtry , Ġwhich ĠWal der Ġconverted Ġto Ġgive ĠNewcastle Ġa Ġlif eline .",O O O O O B-ATHLETE I-ATHLETE O O O O O O O O O O O O O O O O O O O,O O O O O B-ATHLETE I-ATHLETE O O O O O O O O O B-ATHLETE I-ATHLETE O O O O O O O O,"[('ATHLETE', 5, 6)]","[('ATHLETE', 5, 6), ('ATHLETE', 16, 17)]"
1069,"ĠThey Ġgrabbed Ġit Ġwith Ġboth Ġhands , ĠMayer hof ler Ġbreaking Ġthrough Ġand ĠT ait Ġmaking Ġa Ġbrilliant Ġearly Ġrun Ġto Ġcut Ġinside Ġand Ġrace Ġ30 m Ġto Ġscore .",O O O O O O O O O O O O O O O O O O O O O O O O O O O O O O,O O O O O O O B-ATHLETE I-ATHLETE I-ATHLETE O O O B-ATHLETE I-ATHLETE O O O O O O O O O O O O O O O,[],"[('ATHLETE', 7, 9), ('ATHLETE', 13, 14)]"
1070,ĠWal der Ġconverted Ġto Ġmake Ġit Ġ22 - 20 Ġbefore Ġhe Ġwas Ġjust Ġwide Ġwith Ġa Ġ40 m Ġpenalty Ġin Ġthe Ġ70 th Ġminute .,O O O O O O O O O O O O O O O O O O O O O O O O O,B-ATHLETE I-ATHLETE O O O O O O O O O O O O O O O O O O O O O O O,[],"[('ATHLETE', 0, 1)]"
1071,"Ġ Ċ Ċ M ayer hof ler Ġthen Ġsc yt hed Ġthrough Ġthe Ġmiddle Ġfor Ġa Ġtry Ġafter ĠHall ĠCharl ton Ġpopped Ġthe Ġball Ġup , Ġand ĠWal der 's Ġconversion Ġtook ĠNewcastle Ġ27 - 22 Ġahead .",O O O O O O O O O O O O O O O O O O B-ATHLETE I-ATHLETE I-ATHLETE O O O O O O O O O O O O O O O O O,O O O B-ATHLETE I-ATHLETE I-ATHLETE I-ATHLETE O O O O O O O O O O O B-ATHLETE I-ATHLETE I-ATHLETE O O O O O O B-ATHLETE I-ATHLETE O O O O O O O O O,"[('ATHLETE', 18, 20)]","[('ATHLETE', 3, 6), ('ATHLETE', 18, 20), ('ATHLETE', 27, 28)]"
1072,"ĠWith Ġthree Ġminutes Ġof Ġnormal Ġtime Ġleft , ĠNar ra way Ġwas Ġdriven Ġover Ġfor Ġa Ġtry Ġin Ġthe Ġcorner Ġwhich Ġleve lled Ġthe Ġscores Ġat Ġ27 - 27 .",O O O O O O O O O O O O O O O O O O O O O O O O O O O O O O,O O O O O O O O B-ATHLETE I-ATHLETE I-ATHLETE O O O O O O O O O O O O O O O O O O O,[],"[('ATHLETE', 8, 10)]"
1073,ĠHenry Ġmissed Ġthe Ġconversion Ġbut ĠGlou cester Ġnearly Ġwon Ġit Ġwhen ĠK io le Ġbroke Ġthrough Ġonly Ġto Ġbe Ġhauled Ġdown Ġby ĠCharl ton Ġand ĠTom ĠMay .,O O O O O O O O O O O O O O O O O O O O O O O O O B-ATHLETE I-ATHLETE O,B-ATHLETE O O O O O O O O O O B-ATHLETE I-ATHLETE I-ATHLETE O O O O O O O O O O O B-ATHLETE I-ATHLETE O,"[('ATHLETE', 25, 26)]","[('ATHLETE', 0, 0), ('ATHLETE', 11, 13), ('ATHLETE', 25, 26)]"
1074,"Ġ Ċ Ċ Wal der ; ĠMay , ĠT ait , ĠMayer hof ler , ĠStephenson ; ĠWilkinson , ĠGrind al ; ĠIsaac son , ĠLong , ĠWard ; ĠGross , ĠHamilton ; ĠMcCarthy , ĠHarris , ĠDow son .",O O O O O O O O O O O O O O O O O B-ATHLETE O O O O O O O O O O O O O O O O O O O O O O,O O O B-ATHLETE I-ATHLETE O B-ATHLETE O B-ATHLETE I-ATHLETE O B-ATHLETE I-ATHLETE I-ATHLETE O B-ATHLETE O B-ATHLETE O B-ATHLETE I-ATHLETE O B-ATHLETE I-ATHLETE O B-ATHLETE O B-ATHLETE O B-ATHLETE O B-ATHLETE O B-ATHLETE O B-ATHLETE O B-ATHLETE I-ATHLETE O,"[('ATHLETE', 17, 17)]","[('ATHLETE', 3, 4), ('ATHLETE', 6, 6), ('ATHLETE', 8, 9), ('ATHLETE', 11, 13), ('ATHLETE', 15, 15), ('ATHLETE', 17, 17), ('ATHLETE', 19, 20), ('ATHLETE', 22, 23), ('ATHLETE', 25, 25), ('ATHLETE', 27, 27), ('ATHLETE', 29, 29), ('ATHLETE', 31, 31), ('ATHLETE', 33, 33), ('ATHLETE', 35, 35), ('ATHLETE', 37, 38)]"
1075,"Ġ Ċ Ċ Repl acements : ĠPeel , ĠWilson , ĠThompson , ĠPar ling , ĠSit iti , ĠCharl ton , ĠShaw .",O O O O O O O O O O O O O O O O O O O O O O O,O O O O O O B-ATHLETE O B-ATHLETE O B-ATHLETE O B-ATHLETE I-ATHLETE O B-ATHLETE I-ATHLETE O B-ATHLETE I-ATHLETE O B-ATHLETE O,[],"[('ATHLETE', 6, 6), ('ATHLETE', 8, 8), ('ATHLETE', 10, 10), ('ATHLETE', 12, 13), ('ATHLETE', 15, 16), ('ATHLETE', 18, 19), ('ATHLETE', 21, 21)]"
1076,"Ġ Ċ Ċ Good ridge ; ĠGar vey , ĠSimpson - Daniel , ĠFan ol ua , ĠK io le ; ĠPaul , ĠG om ars all ; ĠWood , ĠC urn ier , ĠPowell ; ĠE ust ace , ĠBrown ; ĠFor re ster , ĠBu xton , ĠBald ing .",O O O O O O O O O O O O O O O O O O O O O O O O O O O O O O O O O O O O O O O O O O O O O O O O O O O O,O O O B-ATHLETE I-ATHLETE O B-ATHLETE I-ATHLETE O B-ATHLETE I-ATHLETE I-ATHLETE O B-ATHLETE I-ATHLETE I-ATHLETE O B-ATHLETE I-ATHLETE I-ATHLETE O B-ATHLETE O B-ATHLETE I-ATHLETE I-ATHLETE I-ATHLETE O B-ATHLETE O B-ATHLETE I-ATHLETE I-ATHLETE O B-ATHLETE O B-ATHLETE I-ATHLETE I-ATHLETE O B-ATHLETE O B-ATHLETE I-ATHLETE I-ATHLETE O B-ATHLETE I-ATHLETE O B-ATHLETE I-ATHLETE O,[],"[('ATHLETE', 3, 4), ('ATHLETE', 6, 7), ('ATHLETE', 9, 11), ('ATHLETE', 13, 15), ('ATHLETE', 17, 19), ('ATHLETE', 21, 21), ('ATHLETE', 23, 26), ('ATHLETE', 28, 28), ('ATHLETE', 30, 32), ('ATHLETE', 34, 34), ('ATHLETE', 36, 38), ('ATHLETE', 40, 40), ('ATHLETE', 42, 44), ('ATHLETE', 46, 47), ('ATHLETE', 49, 50)]"
1077,"Ġ Ċ Ċ Repl acements : ĠEll oway , ĠSig ley , ĠCorn well , ĠNar ra way , ĠPage , ĠDavies , ĠMau ger .",O O O O O O O O O O O O O O O O O O O O O O O O O O,O O O O O O B-ATHLETE I-ATHLETE O B-ATHLETE I-ATHLETE O B-ATHLETE I-ATHLETE O B-ATHLETE I-ATHLETE I-ATHLETE O B-ATHLETE O B-ATHLETE O B-ATHLETE I-ATHLETE O,[],"[('ATHLETE', 6, 7), ('ATHLETE', 9, 10), ('ATHLETE', 12, 13), ('ATHLETE', 15, 17), ('ATHLETE', 19, 19), ('ATHLETE', 21, 21), ('ATHLETE', 23, 24)]"
1082,"Ġ Ċ Ċ "" If Ġthe Ġbandwidth Ġis Ġthere Ġthen ĠISPs Ġwill Ġbuy Ġit ,"" Ġsaid ĠJill ĠFinger , Ġa Ġresearch Ġdirector Ġat Ġanalyst Ġfirm ĠID C .",O O O O O O O O O O O O O O O O B-AUTHOR-WRITER I-AUTHOR-WRITER O O O O O O O O O O,O O O O O O O O O O O O O O O O B-BUSINESS-EXECUTIVE-MANAGER I-BUSINESS-EXECUTIVE-MANAGER O O O O O O O O O O,"[('AUTHOR-WRITER', 16, 17)]","[('BUSINESS-EXECUTIVE-MANAGER', 16, 17)]"
1085,"ĠIt Ġhas Ġbeen Ġlosing Ġmarket Ġshare Ġand Ġthis Ġcould Ġbe Ġone Ġway Ġof Ġgaining Ġsome Ġof Ġthat Ġback ,"" Ġsaid ĠMs ĠFinger .",O O O O O O O O O O O O O O O O O O O O O O O,O O O O O O O O O O O O O O O O O O O O O B-BUSINESS-EXECUTIVE-MANAGER O,[],"[('BUSINESS-EXECUTIVE-MANAGER', 21, 21)]"
1086,ĠWan ad oo Ġis Ġset Ġto Ġtrial Ġan Ġ8 Mbps Ġservice Ġin Ġthe Ġsummer Ġand Ġalso Ġplans Ġto Ġroll Ġout Ġunb und led Ġservices Ġ- Ġwhich Ġmeans Ġit Ġtakes Ġover Ġthe Ġnetwork Ġfrom ĠBT Ġ- Ġwhich Ġwill Ġprovide Ġspeeds Ġof Ġup Ġto Ġ15 Mbps .,O O O O O O O O O O O O O O O O O O O O O O O O O O O O O O O O O O O O O O O O O O O O O,B-BUSINESS-EXECUTIVE-MANAGER I-BUSINESS-EXECUTIVE-MANAGER I-BUSINESS-EXECUTIVE-MANAGER O O O O O O O O O O O O O O O O O O O O O O O O O O O O O O O O O O O O O O O O O O,[],"[('BUSINESS-EXECUTIVE-MANAGER', 0, 2)]"
1088,"ĠCable Ġfirms Ġn tl Ġand ĠTele west Ġare Ġalso Ġbound Ġto Ġincrease Ġbandwidth Ġat Ġsome Ġtime Ġin Ġthe Ġfuture Ġand , Ġaccording Ġto Ġan Ġn tl Ġspokesman , Ġare Ġin Ġa Ġbetter Ġposition Ġthan ĠBT Ġin Ġthe Ġlong Ġterm . Ġ""",O O O O O O O O O O O O O O O O O O O O O O O O O O O O O O O O O O O O O O O O O,B-POLITICIAN O O O O O O O O O O O O O O O O O O O O O O O O O O O O O O O O O O O O O O O O,[],"[('POLITICIAN', 0, 0)]"
1092,ĠDent Ġcontinues ĠAdelaide Ġprogress Ċ Ċ American ĠTaylor ĠDent Ġreached Ġthe Ġfinal Ġof Ġthe ĠAustralian Ġhard court Ġevent Ġin ĠAdelaide Ġwith Ġa Ġcrushing Ġ6 - 1 Ġ6 - 1 Ġwin Ġover ĠArgentine ĠJuan ĠIgn acio ĠChe la .,O O O O O O O B-ATHLETE I-ATHLETE O O O O O O O O O O O O O O O O O O O O O O O B-ATHLETE I-ATHLETE I-ATHLETE I-ATHLETE I-ATHLETE O,B-ATHLETE O O O O O O B-ATHLETE I-ATHLETE O O O O O O O O O O O O O O O O O O O O O O O B-ATHLETE I-ATHLETE I-ATHLETE I-ATHLETE I-ATHLETE O,"[('ATHLETE', 7, 8), ('ATHLETE', 32, 36)]","[('ATHLETE', 0, 0), ('ATHLETE', 7, 8), ('ATHLETE', 32, 36)]"
1093,Ġ Ċ Ċ D ent Ġwill Ġmeet ĠSwed e ĠJo ach im ĠJoh ansson Ġon ĠSunday Ġafter Ġthe Ġsecond Ġseed Ġsurvived Ġa Ġtense Ġtie - break Ġto Ġdefeat ĠBelgium 's ĠOlivier ĠR och us Ġ6 - 1 Ġ7 - 6 Ġ( 7 / 5 ).,O O O O O O O O O B-ATHLETE I-ATHLETE I-ATHLETE I-ATHLETE I-ATHLETE O O O O O O O O O O O O O O O O B-ATHLETE I-ATHLETE I-ATHLETE I-ATHLETE O O O O O O O O O O O,O O O B-ATHLETE I-ATHLETE O O O O B-ATHLETE I-ATHLETE I-ATHLETE I-ATHLETE I-ATHLETE O O O O O O O O O O O O O O O O B-ATHLETE I-ATHLETE I-ATHLETE I-ATHLETE O O O O O O O O O O O,"[('ATHLETE', 9, 13), ('ATHLETE', 30, 33)]","[('ATHLETE', 3, 4), ('ATHLETE', 9, 13), ('ATHLETE', 30, 33)]"
1094,"ĠJoh ansson , Ġthe Ġboyfriend Ġof ĠL ley ton ĠHew itt 's Ġsister ĠJas lyn , Ġreceived Ġstrong Ġcrowd Ġsupport Ġon ĠSaturday . Ġ""",O O O O O O B-ATHLETE I-ATHLETE I-ATHLETE I-ATHLETE I-ATHLETE O O O O O O O O O O O O O,B-PUBLIC-FIGURE I-PUBLIC-FIGURE O O O O B-ATHLETE I-ATHLETE I-ATHLETE I-ATHLETE I-ATHLETE I-ATHLETE O B-PUBLIC-FIGURE I-PUBLIC-FIGURE O O O O O O O O O,"[('ATHLETE', 6, 10)]","[('PUBLIC-FIGURE', 0, 1), ('ATHLETE', 6, 11), ('PUBLIC-FIGURE', 13, 14)]"
1095,"ĠIt Ġfeels Ġlike Ġhome Ġfor Ġme , Ġbecause ĠJas lyn Ġlives Ġhere ,"" Ġsaid ĠJoh ansson .",O O O O O O O O O O O O O O O O O,O O O O O O O O B-ACTOR-DIRECTOR I-ACTOR-DIRECTOR O O O O B-ATHLETE I-ATHLETE O,[],"[('ACTOR-DIRECTOR', 8, 9), ('ATHLETE', 14, 15)]"
1096,"ĠR och us Ġwas Ġleading Ġ5 - 4 Ġin Ġthe Ġsecond Ġset Ġtie break Ġbut Ġhis Ġconcentration Ġwas Ġr uff led Ġby Ġa Ġdisputed Ġline Ġcall Ġand Ġthe Ġmatch Ġslipped Ġaway . Ġ""",O O O O O O O O O O O O O O O O O O O O O O O O O O O O O O O O O,B-ATHLETE I-ATHLETE I-ATHLETE O O O O O O O O O O O O O O O O O O O O O O O O O O O O O O,[],"[('ATHLETE', 0, 2)]"
1098,"ĠFor Ġme , Ġit Ġwas Ġclearly Ġout ,"" ĠR och us Ġsaid .",O O O O O O O O O O O O O,O O O O O O O O B-ATHLETE I-ATHLETE I-ATHLETE O O,[],"[('ATHLETE', 8, 10)]"
1099,"ĠKennedy Ġquestions Ġtrust Ġof ĠBlair Ċ Ċ Lib ĠDem Ġleader ĠCharles ĠKennedy Ġhas Ġsaid Ġvoters Ġnow Ġhave Ġa Ġ"" fund amental Ġlack Ġof Ġtrust "" Ġof ĠTony ĠBlair Ġas Ġprime Ġminister .",O O O O O O O O O O B-POLITICIAN I-POLITICIAN O O O O O O O O O O O O O O B-POLITICIAN I-POLITICIAN O O O O,B-POLITICIAN O O O B-POLITICIAN O O O O O B-POLITICIAN I-POLITICIAN O O O O O O O O O O O O O O B-POLITICIAN I-POLITICIAN O O O O,"[('POLITICIAN', 10, 11), ('POLITICIAN', 26, 27)]","[('POLITICIAN', 0, 0), ('POLITICIAN', 4, 4), ('POLITICIAN', 10, 11), ('POLITICIAN', 26, 27)]"
1103,"Ġ Ċ Ċ Mr ĠKennedy Ġsaid Ġduring Ġhis Ġnearly Ġ22 Ġyears Ġin ĠParliament Ġhe Ġhad Ġseen Ġprime Ġministers Ġand Ġparty Ġleaders Ġcome Ġand Ġgo Ġand Ġknew Ġthe Ġpitfalls Ġof ĠBritish Ġpolitics . Ġ""",O O O O O O O O O O O O O O O O O O O O O O O O O O O O O O O O O,O O O O B-POLITICIAN O O O O O O O O O O O O O O O O O O O O O O O O O O O O,[],"[('POLITICIAN', 4, 4)]"
1107,"ĠBut Ġhe Ġsaid ĠMr ĠBlair Ġhad Ġlost Ġthe Ġtrust Ġof Ġthe ĠBritish Ġpeople . Ġ""",O O O O O O O O O O O O O O O,O O O O B-POLITICIAN O O O O O O O O O O,[],"[('POLITICIAN', 4, 4)]"
1110,"ĠMr ĠKennedy Ġalso Ġused Ġhis ĠTV Ġappearance Ġto Ġdefend Ġhis Ġparty 's Ġplans Ġto Ġincrease Ġincome Ġtax Ġto Ġ50 % Ġfor Ġthose Ġearning Ġmore Ġthan ĠÂ£ 100 , 000 , Ġsaying Ġit Ġwould Ġapply Ġto Ġjust Ġ1 % Ġof Ġthe Ġpopulation .",O O O O O O O O O O O O O O O O O O O O O O O O O O O O O O O O O O O O O O O O O O,O B-POLITICIAN O O O O O O O O O O O O O O O O O O O O O O O O O O O O O O O O O O O O O O O O,[],"[('POLITICIAN', 1, 1)]"
1112,ĠMr ĠBlair Ġhas Ġalready Ġspent Ġa Ġday Ġwith ĠFive Ġand ĠMichael ĠHoward Ġis Ġbooked Ġfor Ġa Ġsimilar Ġsession .,O O O O O O O O O O B-POLITICIAN I-POLITICIAN O O O O O O O,O B-POLITICIAN O O O O O O O O B-POLITICIAN I-POLITICIAN O O O O O O O,"[('POLITICIAN', 10, 11)]","[('POLITICIAN', 1, 1), ('POLITICIAN', 10, 11)]"
1117,Ġ Ċ Ċ De utsche ĠBank 's Ġevidence Ġcame Ġon Ġthe Ġfirst Ġday Ġof Ġa Ġtwo - day Ġhearing Ġin ĠHouston .,O O O O O O O O O O O O O O O O O O O O O O,O O O B-BUSINESS-EXECUTIVE-MANAGER I-BUSINESS-EXECUTIVE-MANAGER I-BUSINESS-EXECUTIVE-MANAGER O O O O O O O O O O O O O O O O,[],"[('BUSINESS-EXECUTIVE-MANAGER', 3, 5)]"
1118,"ĠIts Ġlawyer , ĠHugh ĠRay , Ġtold Ġthe Ġcourt Ġthat ĠYuk os Ġhad Ġclaimed Ġit Ġhad Ġtransferred Ġ$ 27 m Ġinto Ġtwo ĠTexas Ġbank Ġaccounts Ġopened Ġby Ġits Ġnew ĠUS Ġsubsidiary .",O O O B-PUBLIC-FIGURE I-PUBLIC-FIGURE O O O O O O O O O O O O O O O O O O O O O O O O O O O,O O O B-BUSINESS-EXECUTIVE-MANAGER I-BUSINESS-EXECUTIVE-MANAGER O O O O O O O O O O O O O O O O O O O O O O O O O O O,"[('PUBLIC-FIGURE', 3, 4)]","[('BUSINESS-EXECUTIVE-MANAGER', 3, 4)]"
1128,"ĠRos ne ft , Ġmeanwhile , Ġhas Ġagreed Ġto Ġmerge Ġwith ĠGaz prom , Ġbringing Ġa Ġlarge Ġchunk Ġof ĠRussia 's Ġvery Ġprofitable Ġoil Ġbusiness Ġback Ġunder Ġstate Ġcontrol .",O O O O O O O O O O O O O O O O O O O O O O O O O O O O O O,B-BUSINESS-EXECUTIVE-MANAGER I-BUSINESS-EXECUTIVE-MANAGER I-BUSINESS-EXECUTIVE-MANAGER O O O O O O O O O O O O O O O O O O O O O O O O O O O,[],"[('BUSINESS-EXECUTIVE-MANAGER', 0, 2)]"
1129,Ġ Ċ Ċ Y uk os Ġmaintains Ġthat Ġit Ġfiled Ġfor Ġbankruptcy Ġin Ġthe ĠUS Ġbecause Ġit Ġfeared Ġit Ġwould Ġnot Ġbe Ġable Ġto Ġdo Ġso Ġin ĠRussia .,O O O O O O O O O O O O O O O O O O O O O O O O O O O O O,O O O B-PUBLIC-FIGURE I-PUBLIC-FIGURE I-PUBLIC-FIGURE O O O O O O O O O O O O O O O O O O O O O O O,[],"[('PUBLIC-FIGURE', 3, 5)]"
1136,"ĠMr ĠK hod ork ovsky , Ġonce ĠRussia 's Ġrichest Ġman , Ġis Ġin Ġprison , Ġhaving Ġbeen Ġcharged Ġwith Ġfraud Ġand Ġtax Ġevasion Ġand Ġrepeatedly Ġdenied Ġbail .",O O O O O O O O O O O O O O O O O O O O O O O O O O O O O,O B-BUSINESS-EXECUTIVE-MANAGER I-BUSINESS-EXECUTIVE-MANAGER I-BUSINESS-EXECUTIVE-MANAGER I-BUSINESS-EXECUTIVE-MANAGER O O O O O O O O O O O O O O O O O O O O O O O O,[],"[('BUSINESS-EXECUTIVE-MANAGER', 1, 4)]"
1138,"Ġ Ċ Ċ James ĠWare ham , Ġa Ġlawyer Ġrepresenting Ġone Ġof Ġthe Ġdirectors , Ġtold ĠReuters Ġthe Ġ10 Ġhad Ġagreed Ġto Ġpay Ġthose Ġwho Ġlost Ġbillions Ġwhen Ġthe Ġfirm Ġcollapsed .",O O O B-PUBLIC-FIGURE I-PUBLIC-FIGURE I-PUBLIC-FIGURE O O O O O O O O O O O O O O O O O O O O O O O O O O,O O O B-BUSINESS-EXECUTIVE-MANAGER I-BUSINESS-EXECUTIVE-MANAGER I-BUSINESS-EXECUTIVE-MANAGER O O O O O O O O O O O O O O O O O O O O O O O O O O,"[('PUBLIC-FIGURE', 3, 5)]","[('BUSINESS-EXECUTIVE-MANAGER', 3, 5)]"
1140,"ĠBut , Ġa Ġspokesman Ġfor Ġthe Ġprosecutor , ĠNew ĠYork ĠState ĠCom ptroller ĠAlan ĠHe ves i , Ġsaid Ġno Ġformal Ġagreement Ġhad Ġbeen Ġmade .",O O O O O O O O O O O O O B-POLITICIAN I-POLITICIAN I-POLITICIAN I-POLITICIAN O O O O O O O O O,O O O O O O O O O O O O O B-PUBLIC-FIGURE I-PUBLIC-FIGURE I-PUBLIC-FIGURE I-PUBLIC-FIGURE O O O O O O O O O,"[('POLITICIAN', 13, 16)]","[('PUBLIC-FIGURE', 13, 16)]"
1146,"ĠThe Ġten Ġformer Ġoutside Ġdirectors Ġare ĠJames ĠAllen , ĠJudith ĠA reen , ĠCarl ĠAy cock , ĠMax ĠBob b itt , ĠClifford ĠAlexander , ĠSt iles ĠK elle tt , ĠGordon ĠMack lin , ĠJohn ĠPorter , ĠLawrence ĠTucker Ġand Ġthe Ġestate Ġof ĠJohn ĠSid g more , Ġwho Ġdied Ġlast Ġyear .",O O O O O O B-BUSINESS-EXECUTIVE-MANAGER I-BUSINESS-EXECUTIVE-MANAGER O B-BUSINESS-EXECUTIVE-MANAGER I-BUSINESS-EXECUTIVE-MANAGER I-BUSINESS-EXECUTIVE-MANAGER O B-BUSINESS-EXECUTIVE-MANAGER I-BUSINESS-EXECUTIVE-MANAGER I-BUSINESS-EXECUTIVE-MANAGER O B-BUSINESS-EXECUTIVE-MANAGER I-BUSINESS-EXECUTIVE-MANAGER I-BUSINESS-EXECUTIVE-MANAGER I-BUSINESS-EXECUTIVE-MANAGER O B-BUSINESS-EXECUTIVE-MANAGER I-BUSINESS-EXECUTIVE-MANAGER O B-BUSINESS-EXECUTIVE-MANAGER I-BUSINESS-EXECUTIVE-MANAGER I-BUSINESS-EXECUTIVE-MANAGER I-BUSINESS-EXECUTIVE-MANAGER I-BUSINESS-EXECUTIVE-MANAGER O B-BUSINESS-EXECUTIVE-MANAGER I-BUSINESS-EXECUTIVE-MANAGER I-BUSINESS-EXECUTIVE-MANAGER O B-BUSINESS-EXECUTIVE-MANAGER I-BUSINESS-EXECUTIVE-MANAGER O B-BUSINESS-EXECUTIVE-MANAGER I-BUSINESS-EXECUTIVE-MANAGER O O O O B-BUSINESS-EXECUTIVE-MANAGER I-BUSINESS-EXECUTIVE-MANAGER I-BUSINESS-EXECUTIVE-MANAGER I-BUSINESS-EXECUTIVE-MANAGER O O O O O O,O O O O O O B-ACTOR-DIRECTOR I-ACTOR-DIRECTOR O B-ACTOR-DIRECTOR I-ACTOR-DIRECTOR I-ACTOR-DIRECTOR O B-ACTOR-DIRECTOR I-ACTOR-DIRECTOR I-ACTOR-DIRECTOR O B-ACTOR-DIRECTOR I-ACTOR-DIRECTOR I-ACTOR-DIRECTOR I-ACTOR-DIRECTOR O B-ACTOR-DIRECTOR I-ACTOR-DIRECTOR O B-ACTOR-DIRECTOR I-ACTOR-DIRECTOR I-ACTOR-DIRECTOR I-ACTOR-DIRECTOR I-ACTOR-DIRECTOR O B-ACTOR-DIRECTOR I-ACTOR-DIRECTOR I-ACTOR-DIRECTOR O B-ACTOR-DIRECTOR I-ACTOR-DIRECTOR O B-ACTOR-DIRECTOR I-ACTOR-DIRECTOR O O O O B-PUBLIC-FIGURE I-PUBLIC-FIGURE I-PUBLIC-FIGURE I-PUBLIC-FIGURE O O O O O O,"[('BUSINESS-EXECUTIVE-MANAGER', 6, 7), ('BUSINESS-EXECUTIVE-MANAGER', 9, 11), ('BUSINESS-EXECUTIVE-MANAGER', 13, 15), ('BUSINESS-EXECUTIVE-MANAGER', 17, 20), ('BUSINESS-EXECUTIVE-MANAGER', 22, 23), ('BUSINESS-EXECUTIVE-MANAGER', 25, 29), ('BUSINESS-EXECUTIVE-MANAGER', 31, 33), ('BUSINESS-EXECUTIVE-MANAGER', 35, 36), ('BUSINESS-EXECUTIVE-MANAGER', 38, 39), ('BUSINESS-EXECUTIVE-MANAGER', 44, 47)]","[('ACTOR-DIRECTOR', 6, 7), ('ACTOR-DIRECTOR', 9, 11), ('ACTOR-DIRECTOR', 13, 15), ('ACTOR-DIRECTOR', 17, 20), ('ACTOR-DIRECTOR', 22, 23), ('ACTOR-DIRECTOR', 25, 29), ('ACTOR-DIRECTOR', 31, 33), ('ACTOR-DIRECTOR', 35, 36), ('ACTOR-DIRECTOR', 38, 39), ('PUBLIC-FIGURE', 44, 47)]"
1154,Ġ Ċ Ċ Pat ricia ĠHew itt Ġis Ġexpected Ġto Ġcall Ġfor Ġthe Ġlaw Ġbanning Ġthe Ġsale Ġof Ġ18 - rated Ġgames Ġto Ġchildren Ġto Ġbe Ġenforced Ġbetter Ġat Ġa Ġgames Ġindustry Ġmeeting Ġon ĠSunday .,O O O B-POLITICIAN I-POLITICIAN I-POLITICIAN I-POLITICIAN O O O O O O O O O O O O O O O O O O O O O O O O O O O O O,O O O B-PUBLIC-FIGURE I-PUBLIC-FIGURE I-PUBLIC-FIGURE I-PUBLIC-FIGURE O O O O O O O O O O O O O O O O O O O O O O O O O O O O O,"[('POLITICIAN', 3, 6)]","[('PUBLIC-FIGURE', 3, 6)]"
1157,"Ġ Ċ Ċ Viol ent Ġgames Ġhave Ġbeen Ġhit Ġby Ġcontroversy Ġafter Ġthe Ġgame ĠMan hunt Ġwas Ġblamed Ġby Ġthe Ġparents Ġof Ġ14 - year - old ĠStefan ĠP ake er ah , Ġwho Ġwas Ġstabbed Ġto Ġdeath Ġin ĠLeicester Ġin ĠFebruary .",O O O O O O O O O O O O O O O O O O O O O O O O O O O B-PUBLIC-FIGURE I-PUBLIC-FIGURE I-PUBLIC-FIGURE I-PUBLIC-FIGURE I-PUBLIC-FIGURE O O O O O O O O O O O,O O O O O O O O O O O O O O B-BUSINESS-EXECUTIVE-MANAGER I-BUSINESS-EXECUTIVE-MANAGER O O O O O O O O O O O B-PUBLIC-FIGURE I-PUBLIC-FIGURE I-PUBLIC-FIGURE I-PUBLIC-FIGURE I-PUBLIC-FIGURE O O O O O O O O O O O,"[('PUBLIC-FIGURE', 27, 31)]","[('BUSINESS-EXECUTIVE-MANAGER', 14, 15), ('PUBLIC-FIGURE', 27, 31)]"
1158,"ĠHis Ġmother , ĠG is elle , Ġsaid Ġher Ġson 's Ġkiller , ĠWarren ĠLe bl anc , Ġ17 Ġ- Ġwho Ġwas Ġjailed Ġfor Ġlife Ġin ĠSeptember Ġ- Ġhad Ġmim icked Ġbehaviour Ġin Ġthe Ġgame .",O O O B-PUBLIC-FIGURE I-PUBLIC-FIGURE I-PUBLIC-FIGURE O O O O O O O B-PUBLIC-FIGURE I-PUBLIC-FIGURE I-PUBLIC-FIGURE I-PUBLIC-FIGURE O O O O O O O O O O O O O O O O O O O,O O O B-PUBLIC-FIGURE I-PUBLIC-FIGURE I-PUBLIC-FIGURE O O O O O O O O O O O O O O O O O O O O O O O O O O O O O O,"[('PUBLIC-FIGURE', 3, 5), ('PUBLIC-FIGURE', 13, 16)]","[('PUBLIC-FIGURE', 3, 5)]"
1159,ĠPolice Ġinvestigating Ġthe ĠStefan 's Ġmurder Ġdismissed Ġits Ġinfluence Ġand ĠMan hunt Ġwas Ġnot Ġpart Ġof Ġits Ġlegal Ġcase .,O O O O O O O O O O O O O O O O O O O O,O O O B-MUSICIAN O O O O O O O O O O O O O O O O,[],"[('MUSICIAN', 3, 3)]"
1160,"ĠAhead Ġof ĠSunday 's Ġmeeting Ġin ĠLondon , ĠMs ĠHew itt Ġsaid Ġshe Ġwas Ġproud Ġof Ġthe ĠUK 's Ġ"" v ibr ant Ġgames Ġindustry "" Ġbut Ġwas Ġconcerned Ġtoo Ġmany Ġchildren Ġwere Ġplaying Ġgames Ġwhich Ġshould Ġonly Ġbe Ġsold Ġto Ġadults .",O O O O O O O O O O O O O O O O O O O O O O O O O O O O O O O O O O O O O O O O O O O,O O O O O O O O O B-PUBLIC-FIGURE I-PUBLIC-FIGURE O O O O O O O O O O O O O O O O O O O O O O O O O O O O O O O O,[],"[('PUBLIC-FIGURE', 9, 10)]"
1165,"ĠMs ĠHew itt Ġsaid : Ġ"" Ad ults Ġshould Ġbe Ġtreated Ġas Ġadults Ġand Ġchildren Ġas Ġchildren .",O O O O O O O O O O O O O O O O O O,O B-PUBLIC-FIGURE I-PUBLIC-FIGURE O O O O O O O O O O O O O O O,[],"[('PUBLIC-FIGURE', 1, 2)]"
1175,"ĠRock star ĠGames , Ġthe Ġmakers Ġof ĠMan hunt , Ġhas Ġsaid Ġin Ġthe Ġpast Ġit Ġmarkets Ġits Ġgames Ġresponsibly Ġand Ġonly Ġtargets Ġits Ġad verts Ġat Ġadults .",O O O O O O O O O O O O O O O O O O O O O O O O O O O O O,O O B-MUSICIAN O O O O O O O O O O O O O O O O O O O O O O O O O O,[],"[('MUSICIAN', 2, 2)]"
1177,"Ġ Ċ Ċ The ĠBra very , Ġwho Ġhave Ġbeen Ġcompared Ġto ĠThe ĠCure Ġand ĠNew ĠOrder , Ġwere Ġthe Ġmost Ġheavily - t ipped Ġact Ġin Ġthe Ġsurvey Ġof Ġ110 Ġimpartial Ġcritics Ġand Ġbroadcasters .",O O O O O O O O O O O O O O O O O O O O O O O O O O O O O O O O O O O O,O O O O B-ACTOR-DIRECTOR I-ACTOR-DIRECTOR O O O O O O O O O O O O O O O O O O O O O O O O O O O O O O,[],"[('ACTOR-DIRECTOR', 4, 5)]"
1178,ĠRock Ġband ĠKeane Ġwon ĠSound Ġof Ġ2004 Ġwhile ĠUS Ġrapper Ġ50 ĠCent Ġtopped ĠSound Ġof Ġ2003 .,O O O O O O O O O O O O O O O O O,O O O O O O O O O O B-MUSICIAN I-MUSICIAN O O O O O,[],"[('MUSICIAN', 10, 11)]"
1179,ĠOther Ġnew Ġartists Ġin Ġthis Ġyear 's Ġlist Ġinclude ĠLondon Ġindie Ġgroup ĠBl oc ĠParty Ġat Ġsecond Ġand ĠUK Ġrapper ĠK ano Ġthird .,O O O O O O O O O O O O O O O O O O O O O O O O,O O O O O O O O O O O O O O O O O O O O B-MUSICIAN I-MUSICIAN O O,[],"[('MUSICIAN', 20, 21)]"
1180,"ĠThe ĠBra very Ġplayed Ġtheir Ġfirst Ġgig Ġin Ġ2003 Ġand Ġhave Ġsince Ġsupported Ġbands Ġincluding ĠThe ĠLiber t ines , ĠInter pol Ġand ĠEcho Ġand Ġthe ĠBunny men .",O O O O O O O O O O O O O O O O O O O O O O O O O O O O O,O O O O O O O O O O O O O O O O O O O O O O O B-MUSICIAN O O O O O,[],"[('MUSICIAN', 23, 23)]"
1184,"ĠOne Ġof Ġthe Ġexperts Ġto Ġtip ĠThe ĠBra very Ġwas ĠThe ĠTimes ' Ġmusic Ġcritic ĠPaul ĠConn olly , Ġwho Ġsaid Ġthey Ġwere Ġ"" sp iky Ġbut Ġin Ġlove Ġwith Ġpop "".",O O O O O O O O O O O O O O O B-AUTHOR-WRITER I-AUTHOR-WRITER I-AUTHOR-WRITER O O O O O O O O O O O O O O,O O O O O O O O O O O O O O O B-PUBLIC-FIGURE I-PUBLIC-FIGURE I-PUBLIC-FIGURE O O O O O O O O O O O O O O,"[('AUTHOR-WRITER', 15, 17)]","[('PUBLIC-FIGURE', 15, 17)]"
1185,"ĠChris ĠHawkins , Ġhost Ġof ĠBBC Ġ6 ĠMusic 's Ġchart Ġshow , Ġsaid Ġthe Ġband Ġhad Ġ"" great Ġguitars Ġand Ġa Ġmastery Ġof Ġthe Ġelectro - cl ash Ġsound "". Ġ""",B-AUTHOR-WRITER I-AUTHOR-WRITER O O O O O O O O O O O O O O O O O O O O O O O O O O O O O,B-PUBLIC-FIGURE I-PUBLIC-FIGURE O O O O O O O O O O O O O O O O O O O O O O O O O O O O O,"[('AUTHOR-WRITER', 0, 1)]","[('PUBLIC-FIGURE', 0, 1)]"
1188,"Ġ Ċ Ċ Un cond itional Ġreached Ġthe Ġsummit Ġof Ġthe Ġstation 's Ġlisteners ' Ġchart Ġwithin Ġa Ġfortnight Ġof Ġits Ġfirst Ġplay , Ġwhich ĠMr ĠHarding Ġdescribed Ġas Ġ"" an Ġunheard Ġof Ġachievement Ġfor Ġa Ġdebut Ġsingle "".",O O O O O O O O O O O O O O O O O O O O O O O O O O O O O O O O O O O O O O O,O O O O O O O O O O O O O O O O O O O O O O O O O O B-PUBLIC-FIGURE O O O O O O O O O O O O,[],"[('PUBLIC-FIGURE', 26, 26)]"
1189,"Ġ Ċ Ċ Q Ġmagazine Ġreviews Ġeditor ĠTed ĠKessler Ġsaid Ġthey Ġwere Ġ"" pretty - boy ĠNew ĠYork Ġclothes Ġhorses "" Ġwith Ġ"" an Ġunusually Ġn imble Ġear Ġfor Ġconcise , Ġyear ning Ġpop Ġin Ġthe Ġmould Ġof ĠDur an ĠDur an Ġor ĠThe ĠStro kes "".",O O O O O O O B-AUTHOR-WRITER I-AUTHOR-WRITER O O O O O O O O O O O O O O O O O O O O O O O O O O O O O O O O O O O O O O,O O O O O O O B-PUBLIC-FIGURE I-PUBLIC-FIGURE O O O O O O O O O O O O O O O O O O O O O O O O O O O O O B-MUSICIAN I-MUSICIAN I-MUSICIAN I-MUSICIAN O O O O O,"[('AUTHOR-WRITER', 7, 8)]","[('PUBLIC-FIGURE', 7, 8), ('MUSICIAN', 38, 41)]"
1190,"ĠOther Ġpundits Ġto Ġtake Ġpart Ġin Ġthe Ġsurvey Ġincluded ĠBBC ĠRadio Ġ1 ĠDJ ĠTrevor ĠNelson , ĠN ME Ġeditor ĠConor ĠMcN ich olas , ĠTop Ġof Ġthe ĠP ops Ġpresenter ĠFear ne ĠCotton , ĠGl aston bury Ġorgan iser ĠEmily ĠE avis Ġand ĠBBC ĠRadio Ġ2 Ġmusic Ġeditor ĠColin ĠMartin .",O O O O O O O O O O O O O B-PUBLIC-FIGURE I-PUBLIC-FIGURE O O O O B-AUTHOR-WRITER I-AUTHOR-WRITER I-AUTHOR-WRITER I-AUTHOR-WRITER O O O O O O O B-ACTOR-DIRECTOR I-ACTOR-DIRECTOR I-ACTOR-DIRECTOR O O O O O O B-BUSINESS-EXECUTIVE-MANAGER I-BUSINESS-EXECUTIVE-MANAGER I-BUSINESS-EXECUTIVE-MANAGER O O O O O O B-BUSINESS-EXECUTIVE-MANAGER I-BUSINESS-EXECUTIVE-MANAGER O,O O O O O O O O O O O O O B-PUBLIC-FIGURE I-PUBLIC-FIGURE O O O O B-AUTHOR-WRITER I-AUTHOR-WRITER I-AUTHOR-WRITER I-AUTHOR-WRITER O O O O O O O B-PUBLIC-FIGURE I-PUBLIC-FIGURE I-PUBLIC-FIGURE O O O O O O B-PUBLIC-FIGURE I-PUBLIC-FIGURE I-PUBLIC-FIGURE O O O O O O B-PUBLIC-FIGURE I-PUBLIC-FIGURE O,"[('PUBLIC-FIGURE', 13, 14), ('AUTHOR-WRITER', 19, 22), ('ACTOR-DIRECTOR', 30, 32), ('BUSINESS-EXECUTIVE-MANAGER', 39, 41), ('BUSINESS-EXECUTIVE-MANAGER', 48, 49)]","[('PUBLIC-FIGURE', 13, 14), ('AUTHOR-WRITER', 19, 22), ('PUBLIC-FIGURE', 30, 32), ('PUBLIC-FIGURE', 39, 41), ('PUBLIC-FIGURE', 48, 49)]"
1191,"ĠElse where Ġon Ġthe Ġtop Ġ10 , Ġsecond - placed Ġrock Ġband ĠBl oc ĠParty Ġbegan Ġtheir Ġrise Ġafter Ġsupporting ĠFranz ĠFerdinand Ġand ĠUK Ġgarage ĠMC ĠK ano , Ġin Ġthird , Ġis Ġsigned Ġto ĠThe ĠStreets ' Ġrecord Ġlabel .",O O O O O O O O O O O O O O O O O O O O O O O O O O O O O O O O O O O O O O O O O,O O O O O O O O O O O O O O O O O O O O B-MUSICIAN I-MUSICIAN O O O O O O O O O O O O O O O O O O O,[],"[('MUSICIAN', 20, 21)]"
1192,ĠUS Ġrapper ĠThe ĠGame Ġis Ġhip - hop Ġgreat ĠDr ĠDre 's Ġlatest Ġprote ge Ġwhile ĠLeeds Ġgroup ĠKaiser ĠChiefs Ġcame Ġfifth Ġwith Ġa Ġpromise Ġto Ġlead Ġa ĠBrit pop Ġrevival .,O O O O O O O O O B-MUSICIAN I-MUSICIAN O O O O O O O O O O O O O O O O O O O O O,O O B-MUSICIAN I-MUSICIAN O O O O O B-MUSICIAN I-MUSICIAN O O O O O O O O O O O O O O O O O O O O O,"[('MUSICIAN', 9, 10)]","[('MUSICIAN', 2, 3), ('MUSICIAN', 9, 10)]"
1193,"ĠIn Ġlast Ġyear 's Ġsurvey , ĠKeane Ġwere Ġfollowed Ġby ĠFranz ĠFerdinand , ĠRazor light Ġand ĠJ oss ĠStone Ġin Ġthe Ġtop Ġfive Ġ- Ġall Ġof Ġwhom Ġwere Ġvirtually Ġunknown Ġoutside Ġthe Ġmusic Ġindustry Ġat Ġthat Ġpoint .",O O O O O O O O O O O O O O O O O O O O O O O O O O O O O O O O O O O O O O,O O O O O O O O O O B-MUSICIAN I-MUSICIAN O O O O B-MUSICIAN I-MUSICIAN I-MUSICIAN O O O O O O O O O O O O O O O O O O O,[],"[('MUSICIAN', 10, 11), ('MUSICIAN', 16, 18)]"
1198,ĠVenus Ġstunned Ġby ĠFar ina ĠEl ia Ċ Ċ Ven us ĠWilliams Ġsuffered Ġa Ġfirst - round Ġdefeat Ġfor Ġthe Ġfirst Ġtime Ġin Ġfour Ġyears Ġat Ġthe ĠDubai ĠChampionships .,O O O O O O O O O B-ATHLETE I-ATHLETE I-ATHLETE O O O O O O O O O O O O O O O O O O,O O O B-ATHLETE I-ATHLETE I-ATHLETE I-ATHLETE O O B-ATHLETE I-ATHLETE I-ATHLETE O O O O O O O O O O O O O O O O O O,"[('ATHLETE', 9, 11)]","[('ATHLETE', 3, 6), ('ATHLETE', 9, 11)]"
1201,"ĠMartinez , Ġ32 , Ġbeat ĠShin ob u ĠAs ag oe Ġ6 - 4 Ġ6 - 4 Ġand Ġ18 - year - old ĠMir za Ġbeat ĠJ el ena ĠK ost anic Ġ6 - 7 Ġ( 7 - 2 ) Ġ6 - 4 Ġ6 - 1 .",O O O O O B-ATHLETE I-ATHLETE I-ATHLETE I-ATHLETE I-ATHLETE I-ATHLETE O O O O O O O O O O O O O O O B-ATHLETE I-ATHLETE I-ATHLETE I-ATHLETE I-ATHLETE I-ATHLETE O O O O O O O O O O O O O O O,B-ATHLETE O O O O B-ATHLETE I-ATHLETE I-ATHLETE I-ATHLETE I-ATHLETE I-ATHLETE O O O O O O O O O O O O B-ATHLETE I-ATHLETE O B-ATHLETE I-ATHLETE I-ATHLETE I-ATHLETE I-ATHLETE I-ATHLETE O O O O O O O O O O O O O O O,"[('ATHLETE', 5, 10), ('ATHLETE', 26, 31)]","[('ATHLETE', 0, 0), ('ATHLETE', 5, 10), ('ATHLETE', 23, 24), ('ATHLETE', 26, 31)]"
1202,"ĠMir za , Ġthe Ġfirst ĠIndian Ġwoman Ġto Ġwin Ġa ĠW TA ĠTour Ġtitle Ġthis Ġmonth Ġon Ġhome Ġground Ġat ĠHyder abad , Ġwill Ġnow Ġface ĠUS ĠOpen Ġchampion ĠS vet l ana ĠK uz net so va .",O O O O O O O O O O O O O O O O O O O O O O O O O O O O O B-ATHLETE I-ATHLETE I-ATHLETE I-ATHLETE I-ATHLETE I-ATHLETE I-ATHLETE I-ATHLETE I-ATHLETE O,B-ATHLETE I-ATHLETE O O O O O O O O O O O O O O O O O O O O O O O O O O O B-ATHLETE I-ATHLETE I-ATHLETE I-ATHLETE I-ATHLETE I-ATHLETE I-ATHLETE I-ATHLETE I-ATHLETE O,"[('ATHLETE', 29, 37)]","[('ATHLETE', 0, 1), ('ATHLETE', 29, 37)]"
1204,"ĠShe Ġ( K uz net so va ) Ġis Ġa Ġgreat Ġplayer ,"" Ġshe Ġsaid . Ġ""",O O O O O O O O O O O O O O O O O,O O B-ATHLETE I-ATHLETE I-ATHLETE I-ATHLETE I-ATHLETE O O O O O O O O O O,[],"[('ATHLETE', 2, 6)]"
1206,"ĠWilliams Ġthough Ġblamed Ġher Ġdefeat Ġby ĠFar ina ĠEl ia Ġon Ġinjuries . Ġ""",O O O O O O O O O O O O O O,B-ATHLETE O O O O O B-ATHLETE I-ATHLETE I-ATHLETE I-ATHLETE O O O O,[],"[('ATHLETE', 0, 0), ('ATHLETE', 6, 9)]"
1212,"ĠG erv ais Ġwriting ĠSimpsons Ġepisode Ċ Ċ The ĠOffice 's ĠRicky ĠG erv ais Ġis Ġwriting Ġan Ġepisode Ġof Ġhit ĠUS Ġcartoon ĠThe ĠSimpsons , Ġfollowing Ġan Ġinvitation Ġfrom Ġits Ġcreator ĠMatt ĠGro ening .",O O O O O O O O O O O B-ACTOR-DIRECTOR I-ACTOR-DIRECTOR I-ACTOR-DIRECTOR I-ACTOR-DIRECTOR O O O O O O O O O O O O O O O O O B-AUTHOR-WRITER I-AUTHOR-WRITER I-AUTHOR-WRITER O,B-ACTOR-DIRECTOR I-ACTOR-DIRECTOR I-ACTOR-DIRECTOR O O O O O O O O B-AUTHOR-WRITER I-AUTHOR-WRITER I-AUTHOR-WRITER I-AUTHOR-WRITER O O O O O O O O O O O O O O O O O B-AUTHOR-WRITER I-AUTHOR-WRITER I-AUTHOR-WRITER O,"[('ACTOR-DIRECTOR', 11, 14), ('AUTHOR-WRITER', 32, 34)]","[('ACTOR-DIRECTOR', 0, 2), ('AUTHOR-WRITER', 11, 14), ('AUTHOR-WRITER', 32, 34)]"
1213,Ġ Ċ Ċ G erv ais Ġhas Ġalready Ġbegun Ġwriting Ġthe Ġscript Ġbut Ġis Ġkeeping Ġits Ġsubject Ġmatter Ġa Ġclosely Ġguarded Ġsecret .,O O O O O O O O O O O O O O O O O O O O O O O,O O O B-ACTOR-DIRECTOR I-ACTOR-DIRECTOR I-ACTOR-DIRECTOR O O O O O O O O O O O O O O O O O,[],"[('ACTOR-DIRECTOR', 3, 5)]"
1217,"ĠGro ening Ġrecently Ġhe aped Ġpraise Ġon ĠThe ĠOffice , Ġsaying : Ġ"" Everybody Ġon ĠThe ĠSimpsons Ġis Ġa Ġfan Ġof ĠThe ĠOffice Ġ- Ġit 's Ġone Ġof Ġthe Ġbest Ġshows Ġon ĠTV Ġin Ġthe Ġlast Ġdecade .""",O O O O O O O O O O O O O O O O O O O O O O O O O O O O O O O O O O O O O O,B-ACTOR-DIRECTOR I-ACTOR-DIRECTOR O O O O O O O O O O O O O O O O O O O O O O O O O O O O O O O O O O O O,[],"[('ACTOR-DIRECTOR', 0, 1)]"
1218,"ĠG erv ais Ġhas Ġalready Ġsaid Ġhe Ġwould Ġnot Ġguest Ġstar Ġin Ġthe Ġshow Ġas Ġhis ĠOffice Ġcharacter ĠDavid , Ġhaving Ġleft Ġhim Ġbehind Ġfor Ġgood Ġin Ġthe ĠChristmas Ġspecials .",O O O O O O O O O O O O O O O O O O B-PUBLIC-FIGURE O O O O O O O O O O O O,B-ACTOR-DIRECTOR I-ACTOR-DIRECTOR I-ACTOR-DIRECTOR O O O O O O O O O O O O O O O O O O O O O O O O O O O O,"[('PUBLIC-FIGURE', 18, 18)]","[('ACTOR-DIRECTOR', 0, 2)]"
1220,ĠThe Ġfirst Ġseries Ġwon Ġtwo ĠGolden ĠGlob es Ġin Ġ2004 Ġfor Ġbest Ġcomedy Ġand Ġbest ĠTV Ġactor Ġfor ĠG erv ais .,O O O O O O O O O O O O O O O O O O O O O O,O O O O O O O O O O O O O O O O O O B-ACTOR-DIRECTOR I-ACTOR-DIRECTOR I-ACTOR-DIRECTOR O,[],"[('ACTOR-DIRECTOR', 18, 20)]"
1221,Ġ Ċ Ċ In Ġwinning Ġit Ġbeat Ġthe Ġlikes Ġof ĠSex Ġand Ġthe ĠCity Ġand ĠWill Ġand ĠGrace .,O O O O O O O O O O O O O O O O O O O,O O O O O O O O O O O O O O O B-PUBLIC-FIGURE O O O,[],"[('PUBLIC-FIGURE', 15, 15)]"
1223,"ĠAt Ġthe ĠBritish ĠComedy ĠAwards Ġon ĠWednesday , ĠG erv ais Ġwas Ġhanded Ġa Ġspecial Ġachievement Ġaward Ġfor Ġwriting .",O O O O O O O O O O O O O O O O O O O O,O O O O O O O O B-ACTOR-DIRECTOR I-ACTOR-DIRECTOR I-ACTOR-DIRECTOR O O O O O O O O O,[],"[('ACTOR-DIRECTOR', 8, 10)]"
1225,ĠMatt ĠGro ening Ġwas Ġalso Ġat Ġthe Ġawards Ġto Ġcollect Ġthe Ġaward Ġfor Ġbest Ġinternational Ġcomedy Ġfor ĠThe ĠSimpsons .,B-AUTHOR-WRITER I-AUTHOR-WRITER I-AUTHOR-WRITER O O O O O O O O O O O O O O O O O,B-ACTOR-DIRECTOR I-ACTOR-DIRECTOR I-ACTOR-DIRECTOR O O O O O O O O O O O O O O O O O,"[('AUTHOR-WRITER', 0, 2)]","[('ACTOR-DIRECTOR', 0, 2)]"
1226,ĠCl ij sters Ġcould Ġplay ĠA ussie ĠOpen Ċ Ċ Kim ĠCl ij sters Ġhas Ġdenied Ġreports Ġthat Ġshe Ġhas Ġpulled Ġout Ġof ĠJanuary 's ĠAustralian ĠOpen Ġbecause Ġof Ġher Ġpersistent Ġwrist Ġinjury .,O O O O O O O O O O B-ATHLETE I-ATHLETE I-ATHLETE I-ATHLETE O O O O O O O O O O O O O O O O O O O O,B-ATHLETE I-ATHLETE I-ATHLETE O O O O O O O B-ATHLETE I-ATHLETE I-ATHLETE I-ATHLETE O O O O O O O O O O O O O O O O O O O O,"[('ATHLETE', 10, 13)]","[('ATHLETE', 0, 2), ('ATHLETE', 10, 13)]"
1227,"Ġ Ċ Ċ Open Ġchief ĠPaul ĠMc Name e Ġhad Ġsaid : Ġ"" Kim 's Ġwrist Ġobviously Ġisn 't Ġgoing Ġto Ġbe Ġrehabilit ated .""",O O O O O B-BUSINESS-EXECUTIVE-MANAGER I-BUSINESS-EXECUTIVE-MANAGER I-BUSINESS-EXECUTIVE-MANAGER I-BUSINESS-EXECUTIVE-MANAGER O O O O O O O O O O O O O O O O,O O O O O B-PUBLIC-FIGURE I-PUBLIC-FIGURE I-PUBLIC-FIGURE I-PUBLIC-FIGURE O O O O B-ATHLETE O O O O O O O O O O O,"[('BUSINESS-EXECUTIVE-MANAGER', 5, 8)]","[('PUBLIC-FIGURE', 5, 8), ('ATHLETE', 13, 13)]"
1231,"ĠDespite Ġbeing Ġabsent Ġfrom Ġthe ĠW TA Ġentry Ġlist Ġfor Ġthe Ġtournament , Ġwhich Ġbegins Ġon Ġ17 ĠJanuary , ĠCl ij sters Ġwould Ġbe Ġcertain Ġto Ġget Ġa Ġwild Ġcard Ġif Ġshe Ġrequested Ġone .",O O O O O O O O O O O O O O O O O O O O O O O O O O O O O O O O O O O,O O O O O O O O O O O O O O O O O O O B-ATHLETE I-ATHLETE I-ATHLETE O O O O O O O O O O O O O,[],"[('ATHLETE', 19, 21)]"
1232,ĠCl ij sters Ġis Ġstill Ġranked Ġ22 nd Ġin Ġthe Ġworld Ġdespite Ġonly Ġplaying Ġa Ġhandful Ġof Ġmatches Ġlast Ġseason .,O O O O O O O O O O O O O O O O O O O O O,B-ATHLETE I-ATHLETE I-ATHLETE O O O O O O O O O O O O O O O O O O,[],"[('ATHLETE', 0, 2)]"
1235,ĠD ok ic Ġhas Ġnot Ġplayed Ġin Ġthe ĠAustralian ĠOpen Ġsince Ġ2001 Ġwhen Ġshe Ġlost Ġin Ġthe Ġfirst Ġround .,O O O O O O O O O O O O O O O O O O O O,B-ATHLETE I-ATHLETE I-ATHLETE O O O O O O O O O O O O O O O O O,[],"[('ATHLETE', 0, 2)]"
1238,"ĠWenger Ġde jected Ġas ĠArsenal Ġslump Ċ Ċ Arsenal Ġmanager ĠArs ene ĠWenger Ġclaimed Ġtheir Ġdisplay Ġin Ġthe Ġ3 - 1 Ġdefeat Ġagainst ĠBayern ĠMunich Ġwas Ġ"" our Ġworst Ġpe formance Ġin Ġthe ĠChampions ĠLeague "".",O O O O O O O O O O B-ATHLETE I-ATHLETE I-ATHLETE O O O O O O O O O O O O O O O O O O O O O O O,B-BUSINESS-EXECUTIVE-MANAGER O O O O O O O O O B-BUSINESS-EXECUTIVE-MANAGER I-BUSINESS-EXECUTIVE-MANAGER I-BUSINESS-EXECUTIVE-MANAGER O O O O O O O O O O O O O O O O O O O O O O O,"[('ATHLETE', 10, 12)]","[('BUSINESS-EXECUTIVE-MANAGER', 0, 0), ('BUSINESS-EXECUTIVE-MANAGER', 10, 12)]"
1239,"Ġ Ċ Ċ K olo ĠTou re 's Ġlate Ġgoal Ġgives Ġthe ĠGun ners Ġhope Ġfor Ġthe Ġsecond Ġleg , Ġbut ĠWenger Ġsaid : Ġ"" The Ġonly Ġpositive Ġis Ġthat Ġwe Ġare Ġstill Ġin Ġthe Ġtie . Ġ""",O O O B-ATHLETE I-ATHLETE I-ATHLETE I-ATHLETE O O O O O O O O O O O O O O O O O O O O O O O O O O O O O O O,O O O B-ATHLETE I-ATHLETE I-ATHLETE I-ATHLETE I-ATHLETE O O O O O O O O O O O O O B-BUSINESS-EXECUTIVE-MANAGER O O O O O O O O O O O O O O O O,"[('ATHLETE', 3, 6)]","[('ATHLETE', 3, 7), ('BUSINESS-EXECUTIVE-MANAGER', 21, 21)]"
1243,"Ġ Ċ Ċ Go als core r ĠTou re Ġwas Ġalso Ġat Ġfault Ġfor Ġtwo Ġgoals , Ġand ĠWenger Ġsaid : Ġ"" We Ġneed Ġto Ġhelp ĠTou re Ġrebuild Ġhis Ġconfidence Ġas Ġhe Ġis Ġlow Ġat Ġthe Ġmoment .""",O O O O O O O O O O O O O O O O O O O O O O O O O O O O O O O O O O O O O O O,O O O B-ATHLETE I-ATHLETE I-ATHLETE I-ATHLETE I-ATHLETE I-ATHLETE O O O O O O O O O B-ATHLETE O O O O O O O B-ATHLETE I-ATHLETE O O O O O O O O O O O,[],"[('ATHLETE', 3, 8), ('ATHLETE', 18, 18), ('ATHLETE', 26, 27)]"
1244,"ĠWenger Ġalso Ġtried Ġto Ġstay Ġupbeat Ġhimself , Ġadding : Ġ"" But Ġthere Ġis Ġenough Ġtime Ġfor Ġcrying .",O O O O O O O O O O O O O O O O O O O,B-ATHLETE O O O O O O O O O O O O O O O O O O,[],"[('ATHLETE', 0, 0)]"
1248,ĠBut ĠWenger 's ĠBayern Ġcounterpart ĠFelix ĠMag ath Ġwas Ġin Ġno Ġmood Ġto Ġcelebrate Ġeither .,O O O O O B-ATHLETE I-ATHLETE I-ATHLETE O O O O O O O O,O B-ATHLETE O O O B-ATHLETE I-ATHLETE I-ATHLETE O O O O O O O O,"[('ATHLETE', 5, 7)]","[('ATHLETE', 1, 1), ('ATHLETE', 5, 7)]"
1258,"ĠR oxy ĠMusic Ġon ĠIsle Ġof ĠW ight Ġbill Ċ Ċ R oxy ĠMusic Ġwill Ġappear Ġat ĠJune 's ĠIsle Ġof ĠW ight Ġmusic Ġfestival , Ġalong Ġwith ĠMorris sey , ĠSuper grass Ġand ĠIdle wild .",O O O O O O O O O O O O O O O O O O O O O O O O O O O O B-MUSICIAN I-MUSICIAN O O O O O O O,B-MUSICIAN O O O O O O O O O O O O O O O O O O O O O O O O O O O B-MUSICIAN I-MUSICIAN O B-MUSICIAN O O O O O,"[('MUSICIAN', 28, 29)]","[('MUSICIAN', 0, 0), ('MUSICIAN', 28, 29), ('MUSICIAN', 31, 31)]"
1262,"ĠR oxy ĠMusic Ġwere Ġformed Ġin Ġ1971 Ġby ĠFerry , ĠMack ay Ġand ĠBrian ĠEn o , Ġwith ĠMan zan era Ġjoining Ġthe Ġfollowing Ġyear .",O O O O O O O O O O O O O B-MUSICIAN I-MUSICIAN I-MUSICIAN O O O O O O O O O O,O O O O O O O O B-MUSICIAN O B-MUSICIAN I-MUSICIAN O B-MUSICIAN I-MUSICIAN I-MUSICIAN O O B-MUSICIAN I-MUSICIAN I-MUSICIAN O O O O O,"[('MUSICIAN', 13, 15)]","[('MUSICIAN', 8, 8), ('MUSICIAN', 10, 11), ('MUSICIAN', 13, 15), ('MUSICIAN', 18, 20)]"
1264,"ĠR oxy ĠMusic 's Ġback Ġcatalogue Ġwas Ġre - released Ġin Ġ2000 , Ġleading Ġto Ġthe Ġband Ġundertaking Ġa Ġworld Ġtour Ġin Ġ2001 .",O O O O O O O O O O O O O O O O O O O O O O O O,B-MUSICIAN I-MUSICIAN O O O O O O O O O O O O O O O O O O O O O O,[],"[('MUSICIAN', 0, 1)]"
1265,"ĠMorris sey Ġwill Ġalso Ġplay Ġon ĠSaturday Ġat Ġthe Ġfestival , Ġwhile ĠSuper grass Ġand ĠIdle wild Ġhave Ġbeen Ġconfirmed Ġfor Ġthe ĠFriday .",B-MUSICIAN I-MUSICIAN O O O O O O O O O O O O O O O O O O O O O O,B-ACTOR-DIRECTOR I-ACTOR-DIRECTOR O O O O O O O O O O B-MUSICIAN I-MUSICIAN O O O O O O O O O O,"[('MUSICIAN', 0, 1)]","[('ACTOR-DIRECTOR', 0, 1), ('MUSICIAN', 12, 13)]"
1266,"ĠWeak Ġdollar Ġhits ĠReuters Ċ Ċ Re ven ues Ġat Ġmedia Ġgroup ĠReuters Ġslipped Ġ11 % Ġduring Ġ2004 , Ġmainly Ġdue Ġto Ġthe Ġweakness Ġof Ġthe Ġdollar , Ġthe Ġgroup Ġsaid .",O O O O O O O O O O O O O O O O O O O O O O O O O O O O O O O O,O O O O O O B-BUSINESS-EXECUTIVE-MANAGER O B-BUSINESS-EXECUTIVE-MANAGER O O O O O O O O O O O O O O O O O O O O O O O,[],"[('BUSINESS-EXECUTIVE-MANAGER', 6, 6), ('BUSINESS-EXECUTIVE-MANAGER', 8, 8)]"
1294,"Ġ Ċ Ċ G ard ener , ĠDarren ĠCampbell , ĠMar lon ĠDevon ish Ġand ĠMark ĠLewis - Franc is Ġhave Ġall Ġbeen Ġawarded ĠMB Es Ġafter Ġbeating Ġpre - race Ġfavourites ĠUSA Ġto Ġgold . Ġ""",O O O O O O O B-ATHLETE I-ATHLETE O B-ATHLETE I-ATHLETE I-ATHLETE I-ATHLETE O B-ATHLETE I-ATHLETE I-ATHLETE I-ATHLETE I-ATHLETE O O O O O O O O O O O O O O O O O,O O O B-ATHLETE I-ATHLETE I-ATHLETE O B-ATHLETE I-ATHLETE O B-ATHLETE I-ATHLETE I-ATHLETE I-ATHLETE O B-ATHLETE I-ATHLETE I-ATHLETE I-ATHLETE I-ATHLETE O O O O O O O O O O O O O O O O O,"[('ATHLETE', 7, 8), ('ATHLETE', 10, 13), ('ATHLETE', 15, 19)]","[('ATHLETE', 3, 5), ('ATHLETE', 7, 8), ('ATHLETE', 10, 13), ('ATHLETE', 15, 19)]"
1296,"ĠThis Ġrecognition Ġis Ġreally Ġinspiring Ġand Ġmakes Ġme Ġwant Ġto Ġhave Ġmore Ġsuccess ,"" Ġsaid ĠLewis - Franc is .",O O O O O O O O O O O O O O O O O O O O,O O O O O O O O O O O O O O O B-ATHLETE I-ATHLETE I-ATHLETE I-ATHLETE O,[],"[('ATHLETE', 15, 18)]"
1299,"ĠThen , Ġon Ġcue , ĠLewis - Franc is Ġran Ġa Ġtextbook Ġfinal Ġleg , Ġholding Ġoff ĠMaurice ĠGreene Ġto Ġbring ĠTeam ĠGB Ġhome Ġin Ġ38 . 07 Ġseconds Ġ- Ġjust Ġone Ġhundred th Ġof Ġa Ġsecond Ġahead Ġof Ġtheir Ġrivals . Ġ""",O O O O O O O O O O O O O O O O O B-ATHLETE I-ATHLETE O O O O O O O O O O O O O O O O O O O O O O O O,O O O O O B-ATHLETE I-ATHLETE I-ATHLETE I-ATHLETE O O O O O O O O B-ATHLETE I-ATHLETE O O O O O O O O O O O O O O O O O O O O O O O O,"[('ATHLETE', 17, 18)]","[('ATHLETE', 5, 8), ('ATHLETE', 17, 18)]"
1300,"ĠWinning Ġthe Ġgold Ġmedal Ġwas Ġthe Ġhighlight Ġof Ġmy Ġathletics Ġcareer Ġso Ġfar ,"" Ġsaid Ġthe ĠBirch field ĠHar rier . Ġ""",O O O O O O O O O O O O O O O O O O O O O O,O O O O O O O O O O O O O O O O O O B-ATHLETE I-ATHLETE O O,[],"[('ATHLETE', 18, 19)]"
1302,"ĠGard ener Ġadded : Ġ"" All Ġof Ġus Ġhad Ġworked Ġvery Ġhard Ġfor Ġa Ġlong , Ġlong Ġtime Ġto Ġcarry Ġoff Ġwhat Ġmost Ġbelieved Ġwas Ġan Ġimpossible Ġtask . Ġ""",O O O O O O O O O O O O O O O O O O O O O O O O O O O O O O,B-ATHLETE I-ATHLETE O O O O O O O O O O O O O O O O O O O O O O O O O O O O,[],"[('ATHLETE', 0, 1)]"
1307,"ĠCampbell Ġagreed Ġreceiving Ġthe Ġhonour Ġcapped Ġoff Ġwhat Ġhas Ġbeen Ġa Ġdifficult Ġyear Ġfor Ġthe Ġspr inter . Ġ""",O O O O O O O O O O O O O O O O O O O,B-ATHLETE O O O O O O O O O O O O O O O O O O,[],"[('ATHLETE', 0, 0)]"
1311,"Ġ Ċ Ċ - ĠThere Ġwas Ġalso Ġrecognition Ġfor ĠJames ĠClarke , Ġchairman Ġof Ġthe ĠLondon ĠMarathon .",O O O O O O O O O B-BUSINESS-EXECUTIVE-MANAGER I-BUSINESS-EXECUTIVE-MANAGER O O O O O O O,O O O O O O O O O B-PUBLIC-FIGURE I-PUBLIC-FIGURE O O O O O O O,"[('BUSINESS-EXECUTIVE-MANAGER', 9, 10)]","[('PUBLIC-FIGURE', 9, 10)]"
1313,ĠPoll Ġexplains Ġfree - kick Ġdecision Ċ Ċ Ref eree ĠGraham ĠPoll Ġsaid Ġhe Ġapplied Ġthe Ġlaws Ġof Ġthe Ġgame Ġin Ġallowing ĠArsenal Ġstriker ĠTh ier ry ĠHenry 's Ġfree - kick Ġin ĠSunday 's Ġ2 - 2 Ġdraw Ġwith ĠChelsea .,O O O O O O O O O O B-ATHLETE I-ATHLETE O O O O O O O O O O O O B-ATHLETE I-ATHLETE I-ATHLETE I-ATHLETE O O O O O O O O O O O O O O,B-PUBLIC-FIGURE O O O O O O O O O B-PUBLIC-FIGURE I-PUBLIC-FIGURE O O O O O O O O O O O O B-ATHLETE I-ATHLETE I-ATHLETE I-ATHLETE O O O O O O O O O O O O O O,"[('ATHLETE', 10, 11), ('ATHLETE', 24, 27)]","[('PUBLIC-FIGURE', 0, 0), ('PUBLIC-FIGURE', 10, 11), ('ATHLETE', 24, 27)]"
1314,"Ġ Ċ Ċ K eeper ĠPetr ĠC ech Ġwas Ġorganising Ġhis Ġdefensive Ġwall Ġwhen ĠHenry 's Ġquick Ġfree - kick Ġflew Ġin , Ġwhich Ġangered ĠChelsea . Ġ""",O O O O O B-ATHLETE I-ATHLETE I-ATHLETE O O O O O O O O O O O O O O O O O O O O,O O O O O B-ATHLETE I-ATHLETE I-ATHLETE O O O O O O B-ATHLETE O O O O O O O O O O O O O,"[('ATHLETE', 5, 7)]","[('ATHLETE', 5, 7), ('ATHLETE', 14, 14)]"
1316,ĠI Ġasked ĠHenry Ġ' do Ġyou Ġwant Ġa Ġwall ? '.,O O O O O O O O O O O,O O B-ATHLETE O O O O O O O O,[],"[('ATHLETE', 2, 2)]"
1319,"ĠI Ġsaid Ġ' yes ',"" Ġsaid ĠPoll . Ġ""",O O O O O O O O O,O O O O O O B-PUBLIC-FIGURE O O,[],"[('PUBLIC-FIGURE', 6, 6)]"
1322,"ĠPoll Ġadded : Ġ"" I Ġgave Ġthe Ġsignal Ġfor Ġhim Ġto Ġtake Ġit .",O O O O O O O O O O O O O O,B-PUBLIC-FIGURE O O O O O O O O O O O O O,[],"[('PUBLIC-FIGURE', 0, 0)]"
1324,"ĠThe Ġsame Ġthing Ġhappened Ġwhen ĠI Ġrefere ed ĠChelsea Ġagainst ĠWest ĠHam Ġin Ġan ĠFA ĠCup Ġreplay Ġtwo Ġyears Ġago Ġ- Ġwhen ĠJimmy ĠFloyd ĠHas sel b ain k Ġscored Ġ- Ġand ĠI Ġdon 't Ġremember Ġthem Ġcomplaining Ġabout Ġthat .""",O O O O O O O O O O O O O O O O O O O O O O B-ATHLETE I-ATHLETE I-ATHLETE I-ATHLETE I-ATHLETE I-ATHLETE I-ATHLETE O O O O O O O O O O O O,O O O O O O O O O O O O O O O O O O O O O O B-PUBLIC-FIGURE I-PUBLIC-FIGURE I-PUBLIC-FIGURE I-PUBLIC-FIGURE I-PUBLIC-FIGURE I-PUBLIC-FIGURE I-PUBLIC-FIGURE O O O O O O O O O O O O,"[('ATHLETE', 22, 28)]","[('PUBLIC-FIGURE', 22, 28)]"
1325,"ĠHenry Ġexplained Ġwhy Ġhe Ġpaused Ġbefore Ġstriking Ġthe Ġball Ġfor Ġthe Ġgoal , Ġwhich Ġput ĠArsenal Ġ2 - 1 Ġahead .",O O O O O O O O O O O O O O O O O O O O O,B-ATHLETE O O O O O O O O O O O O O O O O O O O O,[],"[('ATHLETE', 0, 0)]"
1326,"Ġ Ċ Ċ Henry Ġtold ĠBBC ĠRadio ĠFive ĠLive : Ġ"" The Ġref Ġasked Ġme Ġif ĠI Ġwanted Ġ10 Ġyards Ġor Ġif ĠI Ġwanted Ġto Ġtake Ġit Ġstraight Ġaway Ġand ĠI Ġsaid Ġthat ĠI Ġwanted Ġto Ġtake Ġit Ġstraight Ġaway .",O O O O O O O O O O O O O O O O O O O O O O O O O O O O O O O O O O O O O O O O O,O O O B-ATHLETE O O O O O O O O O O O O O O O O O O O O O O O O O O O O O O O O O O O O O,[],"[('ATHLETE', 3, 3)]"
1331,"ĠFormer Ġreferees ' Ġchief ĠPhilip ĠDon Ġbacked ĠPoll 's Ġdecision Ġto Ġallow Ġthe Ġstrike . Ġ""",O O O O B-ATHLETE I-ATHLETE O O O O O O O O O O,O O O O B-PUBLIC-FIGURE I-PUBLIC-FIGURE O B-PUBLIC-FIGURE O O O O O O O O,"[('ATHLETE', 4, 5)]","[('PUBLIC-FIGURE', 4, 5), ('PUBLIC-FIGURE', 7, 7)]"
1333,"ĠOn Ġthis Ġoccasion Ġit Ġwas ĠArsenal ,"" ĠDon Ġtold ĠBBC ĠRadio ĠFive ĠLive . Ġ""",O O O O O O O O O O O O O O O,O O O O O O O B-BUSINESS-EXECUTIVE-MANAGER O O O O O O O,[],"[('BUSINESS-EXECUTIVE-MANAGER', 7, 7)]"
1337,"ĠDon Ġwas Ġhead Ġof Ġthe Ġreferees Ġfor Ġthe ĠPremier ĠLeague Ġand Ġrevealed Ġall Ġclubs Ġwere Ġinformed Ġof Ġfree - kick Ġoptions . Ġ""",O O O O O O O O O O O O O O O O O O O O O O O,B-BUSINESS-EXECUTIVE-MANAGER O O O O O O O O O O O O O O O O O O O O O O,[],"[('BUSINESS-EXECUTIVE-MANAGER', 0, 0)]"
1349,"Ġ Ċ Ċ In Ġa Ġspeech Ġto Ġthe ĠForeign ĠPolicy ĠCentre ĠMr ĠStraw Ġsaid Ġof Ġthe ĠTory Ġleader : Ġ"" He Ġis Ġclever , Ġfluent Ġand Ġtactical , Ġbut Ġhe Ġis Ġnot Ġwise . Ġ""",O O O O O O O O O O O O O O O O O O O O O O O O O O O O O O O O O O O,O O O O O O O O O O O O B-POLITICIAN O O O O O O O O O O O O O O O O O O O O O O,[],"[('POLITICIAN', 12, 12)]"
1351,"ĠThe ĠForeign ĠSecretary Ġtold Ġthe ĠBBC : Ġ"" I Ġwas Ġmaking Ġthe Ġobservation Ġthat Ġbecause Ġof ĠMichael ĠHoward 's Ġimp et u osity Ġyou Ġcan Ġget Ġl urches Ġof Ġpolicy .""",O O O O O O O O O O O O O O O O B-POLITICIAN I-POLITICIAN O O O O O O O O O O O O O,O O O O O O O O O O O O O O O O B-POLITICIAN I-POLITICIAN I-POLITICIAN O O O O O O O O O O O O,"[('POLITICIAN', 16, 17)]","[('POLITICIAN', 16, 18)]"
1357,"ĠSince Ġ1997 , Ġthe Ġreported Ġaverage Ġtake - home Ġincome Ġhad Ġ"" ris en Ġby Ġ20 % Ġin Ġreal Ġterms "" Ġif Ġyou Ġtook Ġout Ġthe Ġself - employed , ĠMr ĠMil burn Ġtold ĠBBC ĠRadio Ġ4 's ĠToday Ġprogramme .",O O O O O O O O O O O O O O O O O O O O O O O O O O O O O O O O O O O O O O O O O,O O O O O O O O O O O O O O O O O O O O O O O O O O O O O O O B-POLITICIAN I-POLITICIAN O O O O O O O O,[],"[('POLITICIAN', 31, 32)]"
1358,"ĠMr ĠBrown Ġalso Ġdismissed Ġthe Ġfigures Ġinsisting Ġthat Ġthe Ġ"" typ ical Ġfamily "" Ġhas Ġbeen Ġmuch Ġbetter Ġoff Ġunder ĠLabour .",O O O O O O O O O O O O O O O O O O O O O O,O B-POLITICIAN O O O O O O O O O O O O O O O O O O O O,[],"[('POLITICIAN', 1, 1)]"
1359,"ĠSant ini Ġresign s Ġas ĠSpurs Ġmanager Ċ Ċ T ottenham Ġmanager ĠJacques ĠSant ini Ġhas Ġresigned Ġfor Ġ"" personal Ġreasons "".",O O O O O O O O O O O O B-ATHLETE I-ATHLETE I-ATHLETE O O O O O O O,B-BUSINESS-EXECUTIVE-MANAGER I-BUSINESS-EXECUTIVE-MANAGER O O O O O O O O O O B-BUSINESS-EXECUTIVE-MANAGER I-BUSINESS-EXECUTIVE-MANAGER I-BUSINESS-EXECUTIVE-MANAGER O O O O O O O,"[('ATHLETE', 12, 14)]","[('BUSINESS-EXECUTIVE-MANAGER', 0, 1), ('BUSINESS-EXECUTIVE-MANAGER', 12, 14)]"
1361,"ĠSant ini Ġsaid : Ġ"" My Ġtime Ġat ĠTottenham Ġhas Ġbeen Ġmemorable Ġand Ġit Ġis Ġwith Ġdeep Ġregret Ġthat ĠI Ġtake Ġmy Ġleave .",O O O O O O O O O O O O O O O O O O O O O O O O,B-BUSINESS-EXECUTIVE-MANAGER I-BUSINESS-EXECUTIVE-MANAGER O O O O O O O O O O O O O O O O O O O O O O,[],"[('BUSINESS-EXECUTIVE-MANAGER', 0, 1)]"
1365,"ĠHe Ġadded : Ġ"" I Ġshould Ġlike Ġto Ġthank Ġ( s porting Ġdirector ) ĠFrank ĠAr nes en Ġand Ġ( chair man ) ĠDaniel ĠLevy Ġfor Ġtheir Ġunderstanding .""",O O O O O O O O O O O O O O B-BUSINESS-EXECUTIVE-MANAGER I-BUSINESS-EXECUTIVE-MANAGER I-BUSINESS-EXECUTIVE-MANAGER I-BUSINESS-EXECUTIVE-MANAGER O O O O O B-BUSINESS-EXECUTIVE-MANAGER I-BUSINESS-EXECUTIVE-MANAGER O O O O,O O O O O O O O O O O O O B-BUSINESS-EXECUTIVE-MANAGER B-BUSINESS-EXECUTIVE-MANAGER I-BUSINESS-EXECUTIVE-MANAGER I-BUSINESS-EXECUTIVE-MANAGER I-BUSINESS-EXECUTIVE-MANAGER O O O O O B-BUSINESS-EXECUTIVE-MANAGER I-BUSINESS-EXECUTIVE-MANAGER O O O O,"[('BUSINESS-EXECUTIVE-MANAGER', 14, 17), ('BUSINESS-EXECUTIVE-MANAGER', 23, 24)]","[('BUSINESS-EXECUTIVE-MANAGER', 13, 13), ('BUSINESS-EXECUTIVE-MANAGER', 14, 17), ('BUSINESS-EXECUTIVE-MANAGER', 23, 24)]"
1367,"Ġ Ċ Ċ Ar nes en Ġsaid Ġthe Ġclub Ġwere Ġsad Ġto Ġsee ĠSant ini Ġgo : Ġ"" We Ġare Ġobviously Ġdisappointed Ġthat ĠJacques Ġis Ġleaving Ġus .",O O O O O O O O O O O O O O O O O O O O O O O O O O O O,O O O B-BUSINESS-EXECUTIVE-MANAGER I-BUSINESS-EXECUTIVE-MANAGER I-BUSINESS-EXECUTIVE-MANAGER O O O O O O O B-BUSINESS-EXECUTIVE-MANAGER I-BUSINESS-EXECUTIVE-MANAGER O O O O O O O O B-BUSINESS-EXECUTIVE-MANAGER O O O O,[],"[('BUSINESS-EXECUTIVE-MANAGER', 3, 5), ('BUSINESS-EXECUTIVE-MANAGER', 13, 14), ('BUSINESS-EXECUTIVE-MANAGER', 23, 23)]"
1369,"ĠI Ġcan Ġassure Ġyou Ġthat Ġthe Ġclub Ġwill Ġact Ġswiftly Ġto Ġminim ise Ġthe Ġimpact Ġof ĠJacques ' Ġdeparture . Ġ""",O O O O O O O O O O O O O O O O O O O O O,O O O O O O O O O O O O O O O O B-ATHLETE O O O O,[],"[('ATHLETE', 16, 16)]"
1372,"ĠWe Ġwish ĠJacques Ġwell .""",O O O O O,O O B-ATHLETE O O,[],"[('ATHLETE', 2, 2)]"
1373,"ĠCampbell Ġreturns Ġto Ġelection Ġteam Ċ Ċ Ex - Down ing ĠStreet Ġmedia Ġchief ĠAl ast air ĠCampbell Ġwill Ġreturn Ġto Ġthe Ġfold Ġto Ġstrengthen ĠLabour 's Ġgeneral Ġelection Ġcampaign , Ġthe Ġparty Ġhas Ġconfirmed .",O O O O O O O O O O O O O O B-PUBLIC-FIGURE I-PUBLIC-FIGURE I-PUBLIC-FIGURE I-PUBLIC-FIGURE O O O O O O O O O O O O O O O O O O,B-PUBLIC-FIGURE O O O O O O O O O O O O O B-PUBLIC-FIGURE I-PUBLIC-FIGURE I-PUBLIC-FIGURE I-PUBLIC-FIGURE O O O O O O O O O O O O O O O O O O,"[('PUBLIC-FIGURE', 14, 17)]","[('PUBLIC-FIGURE', 0, 0), ('PUBLIC-FIGURE', 14, 17)]"
1374,"Ġ Ċ Ċ Mr ĠCampbell Ġhas Ġconsistently Ġmade Ġpublic Ġhis Ġkeen ness Ġto Ġplay Ġa Ġpart Ġin Ġthe Ġpoll , Ġexpected Ġin ĠMay .",O O O O O O O O O O O O O O O O O O O O O O O O,O O O O B-PUBLIC-FIGURE O O O O O O O O O O O O O O O O O O O,[],"[('PUBLIC-FIGURE', 4, 4)]"
1376,"ĠHe Ġis Ġa Ġstrong ĠLabour ĠParty Ġmember ,"" ĠMr ĠPrescott Ġtold ĠBBC ĠOne 's ĠBreakfast ĠWith ĠFrost Ġprogramme .",O O O O O O O O O O O O O O O O O O O,O O O O O O O O O B-POLITICIAN O O O O O O O O O,[],"[('POLITICIAN', 9, 9)]"
1377,Ġ Ċ Ċ Mr ĠCampbell Ġquit ĠNumber Ġ10 Ġin ĠAugust Ġ2003 Ġafter Ġbeing ĠTony ĠBlair 's Ġright - hand Ġman Ġat Ġthe Ġ1997 Ġand Ġ2001 Ġelections .,O O O O O O O O O O O O O B-POLITICIAN I-POLITICIAN O O O O O O O O O O O O,O O O O B-PUBLIC-FIGURE O O O O O O O O B-POLITICIAN I-POLITICIAN I-POLITICIAN O O O O O O O O O O O,"[('POLITICIAN', 13, 14)]","[('PUBLIC-FIGURE', 4, 4), ('POLITICIAN', 13, 15)]"
1378,"ĠLabour Ġhave Ġrefused Ġto Ġdiscuss Ġhis Ġexact Ġnew Ġposition Ġand Ġhave Ġnot Ġsaid Ġhow Ġit Ġwould Ġaffect Ġhis ĠDowning ĠStreet Ġreplacement ĠDavid ĠHill . Ġ""",O O O O O O O O O O O O O O O O O O O O O B-PUBLIC-FIGURE I-PUBLIC-FIGURE O O,O O O O O O O O O O O O O O O O O O O O O B-POLITICIAN I-POLITICIAN O O,"[('PUBLIC-FIGURE', 21, 22)]","[('POLITICIAN', 21, 22)]"
1379,"ĠOf Ġcourse ĠAl ast air 's Ġgoing Ġto Ġbe Ġpart Ġof Ġthe Ġelection Ġcampaign Ġand ĠI Ġthink Ġthat Ġall Ġof Ġus Ġwho Ġwill Ġalso Ġbe Ġpart Ġof Ġthe Ġelection Ġcampaign Ġare Ġvery Ġpleased Ġabout Ġthat ,"" ĠMs ĠJ owell Ġtold ĠSky ĠNews .",O O O O O O O O O O O O O O O O O O O O O O O O O O O O O O O O O O O O O O O O O O O,O O O O O O O O O O O O O O O O O O O O O O O O O O O O O O O O O O O O O B-POLITICIAN I-POLITICIAN O O O O,[],"[('POLITICIAN', 37, 38)]"
1381,"ĠThis Ġis Ġthe Ġda ft Ġthing Ġabout Ġthe Ġway Ġin Ġwhich Ġpolitics Ġis Ġwritten Ġabout ,"" ĠMs ĠJ owell Ġadded . Ġ""",O O O O O O O O O O O O O O O O O O O O O O,O O O O O O O O O O O O O O O O O B-POLITICIAN I-POLITICIAN O O O,[],"[('POLITICIAN', 17, 18)]"
1384,"ĠA ĠLabour Ġsource Ġtold Ġthe ĠSunday ĠTimes ĠMr ĠCampbell Ġwould Ġ"" effect ively Ġfront "" Ġthe Ġelection Ġmedia Ġcampaign Ġbut Ġsaid Ġhe Ġwould Ġbe Ġgiven Ġno Ġformal Ġtitle .",O O O O O O O O O O O O O O O O O O O O O O O O O O O O O,O O O O O O O O B-POLITICIAN O O O O O O O O O O O O O O O O O O O O,[],"[('POLITICIAN', 8, 8)]"
1388,ĠMr ĠCampbell Ġwas Ġat Ġthe Ġcentre Ġof Ġthe Ġgovernment 's Ġrow Ġwith ĠBBC Ġover ĠAndrew ĠGill igan 's Ġstory Ġabout Ġthe ĠIraq Ġweapons Ġdossier .,O O O O O O O O O O O O O O B-AUTHOR-WRITER I-AUTHOR-WRITER I-AUTHOR-WRITER O O O O O O O O,O B-PUBLIC-FIGURE O O O O O O O O O O O O B-PUBLIC-FIGURE I-PUBLIC-FIGURE I-PUBLIC-FIGURE I-PUBLIC-FIGURE O O O O O O O,"[('AUTHOR-WRITER', 14, 16)]","[('PUBLIC-FIGURE', 1, 1), ('PUBLIC-FIGURE', 14, 17)]"
1389,"ĠThe ĠH utton Ġinquiry Ġcleared Ġhim Ġof Ġ"" sex ing Ġup "" Ġthe Ġdossier Ġin Ġthe Ġrun - up Ġto Ġthe ĠIraq Ġwar .",O O O O O O O O O O O O O O O O O O O O O O O O,O B-PUBLIC-FIGURE I-PUBLIC-FIGURE O O O O O O O O O O O O O O O O O O O O O,[],"[('PUBLIC-FIGURE', 1, 2)]"
1390,"ĠSince Ġleaving ĠDowning ĠStreet , Ġhe Ġhas Ġtoured Ġthe Ġcountry Ġwith Ġhis Ġone Ġman Ġshow , ĠAn ĠAud ience ĠWith ĠAl ast air ĠCampbell Ġand Ġpresented Ġa Ġnumber Ġof Ġinterview Ġprogrammes Ġfor ĠChannel Ġ4 .",O O O O O O O O O O O O O O O O O O O O B-PUBLIC-FIGURE I-PUBLIC-FIGURE I-PUBLIC-FIGURE I-PUBLIC-FIGURE O O O O O O O O O O O,O O O O O O O O O O O O O O O O O O O O O O O O O O O O O O O O O O O,"[('PUBLIC-FIGURE', 20, 23)]",[]
1391,ĠRobertson Ġout Ġto Ġretain ĠEuro Ġlure Ċ Ċ He arts Ġmanager ĠJohn ĠRobertson Ġhopes Ġa Ġplace Ġin Ġthe Ġknock - out Ġstages Ġof Ġthe ĠU ef a ĠCup Ġcould Ġhelp Ġkeep Ġsome Ġof Ġhis Ġout - of - contract Ġplayers Ġat Ġthe Ġclub .,O O O O O O O O O O O B-ATHLETE I-ATHLETE O O O O O O O O O O O O O O O O O O O O O O O O O O O O O O O,B-ATHLETE O O O O O O O O O O B-BUSINESS-EXECUTIVE-MANAGER I-BUSINESS-EXECUTIVE-MANAGER O O O O O O O O O O O O O O O O O O O O O O O O O O O O O O O,"[('ATHLETE', 11, 12)]","[('ATHLETE', 0, 0), ('BUSINESS-EXECUTIVE-MANAGER', 11, 12)]"
1396,"ĠA Ġwin Ġfor ĠRobertson 's Ġside Ġagainst ĠF ere nc var os Ġwould Ġput Ġthem Ġthrough Ġto Ġthe Ġlast Ġ32 Ġif ĠBas le Ġfail Ġto Ġbeat ĠFey eno ord . Ġ""",O O O O O O O O O O O O O O O O O O O O O O O O O O O O O O O,O O O B-PUBLIC-FIGURE O O O O B-ATHLETE I-ATHLETE I-ATHLETE I-ATHLETE O O O O O O O O O B-ATHLETE I-ATHLETE O O O B-ATHLETE I-ATHLETE I-ATHLETE O O,[],"[('PUBLIC-FIGURE', 3, 3), ('ATHLETE', 8, 11), ('ATHLETE', 21, 22), ('ATHLETE', 26, 28)]"
1397,"ĠIt 's Ġvery Ġmuch Ġthe Ġplayer 's Ġpre rog ative Ġbut Ġthe Ġfact Ġthat Ġwe 've Ġbeen Ġplaying ĠEuropean Ġfootball Ġfor Ġthe Ġlast Ġthree Ġor Ġfour Ġyears Ġis Ġobviously Ġan Ġincentive ,"" Ġadded ĠRobertson . Ġ""",O O O O O O O O O O O O O O O O O O O O O O O O O O O O O O O O O O O O,O O O O O O O O O O O O O O O O O O O O O O O O O O O O O O O O O B-PUBLIC-FIGURE O O,[],"[('PUBLIC-FIGURE', 33, 33)]"
1399,"ĠWith Ġthe Ġgame Ġbeing Ġplayed Ġat ĠMurray field Ġinstead Ġof ĠTy ne castle Ġbecause Ġof ĠU ef a Ġregulations , ĠRobertson Ġsees Ġboth Ġpositive Ġand Ġnegative Ġaspects Ġto Ġthe Ġchange Ġof Ġvenue .",O O O O O O O O O O O O O O O O O O O O O O O O O O O O O O O O O,O O O O O O O O O O O O O O O O O O O O B-PUBLIC-FIGURE O O O O O O O O O O O O,[],"[('PUBLIC-FIGURE', 20, 20)]"
1404,"ĠBut Ġhe Ġadded : Ġ"" If ĠTy ne castle Ġcould Ġhave Ġhosted Ġ30 , 000 Ġit Ġwould Ġhave Ġbeen Ġfantastic Ġbut Ġthat 's Ġone Ġof Ġthe Ġbenefits Ġof ĠMurray field Ġ- Ġit Ġallows Ġus Ġto Ġbring Ġeven Ġmore Ġof Ġour Ġsupporters Ġinto Ġit . Ġ""",O O O O O O O O O O O O O O O O O O O O O O O O O O O O O O O O O O O O O O O O O O O O O,O O O O O O B-ATHLETE I-ATHLETE I-ATHLETE O O O O O O O O O O O O O O O O O O O O O O O O O O O O O O O O O O O O,[],"[('ATHLETE', 6, 8)]"
1408,"ĠKennedy Ġcritic ises Ġ' un fair ' Ġtaxes Ċ Ċ Gordon ĠBrown Ġhas Ġfailed Ġto Ġtackle Ġthe Ġ"" fund amental Ġunfair ness "" Ġin Ġthe Ġtax Ġsystem Ġin Ġhis Ġninth ĠBudget , ĠCharles ĠKennedy Ġhas Ġsaid .",O O O O O O O O O O B-POLITICIAN I-POLITICIAN O O O O O O O O O O O O O O O O O O O O B-POLITICIAN I-POLITICIAN O O O,B-POLITICIAN O O O O O O O O O B-POLITICIAN I-POLITICIAN O O O O O O O O O O O O O O O O O O O O B-POLITICIAN I-POLITICIAN O O O,"[('POLITICIAN', 10, 11), ('POLITICIAN', 32, 33)]","[('POLITICIAN', 0, 0), ('POLITICIAN', 10, 11), ('POLITICIAN', 32, 33)]"
1412,"ĠSpeaking Ġin Ġthe ĠCommons Ġafter ĠMr ĠBrown Ġhad Ġdelivered Ġwhat Ġis Ġwidely Ġthought Ġto Ġbe Ġthe Ġlast ĠBudget Ġbefore Ġthe Ġgeneral Ġelection , ĠMr ĠKennedy Ġacknowledged Ġthat Ġthe ĠUK Ġwas Ġone Ġof Ġthe Ġmost Ġsuccessful Ġeconomies Ġin Ġthe Ġworld .",O O O O O O O O O O O O O O O O O O O O O O O O O O O O O O O O O O O O O O O O,O O O O O O B-POLITICIAN O O O O O O O O O O O O O O O O O B-POLITICIAN O O O O O O O O O O O O O O O,[],"[('POLITICIAN', 6, 6), ('POLITICIAN', 24, 24)]"
1417,"Ġ Ċ Ċ On Ġpensions , ĠMr ĠKennedy Ġsaid Ġit Ġwas Ġa Ġ"" sc andal "" Ġthat Ġthe Ġsystem Ġdiscriminated Ġagainst Ġwomen Ġwho Ġhad Ġmissed Ġmaking ĠNational ĠInsurance Ġpayments Ġwhen Ġthey Ġwere Ġhaving Ġchildren .",O O O O O O O O O O O O O O O O O O O O O O O O O O O O O O O O O O O,O O O O O O O B-POLITICIAN O O O O O O O O O O O O O O O O O O O O O O O O O O O,[],"[('POLITICIAN', 7, 7)]"
1419,"ĠMr ĠKennedy Ġadded Ġhis Ġparty 's Ġpriorities Ġof Ġfree Ġlong - term Ġcare Ġfor Ġthe Ġelderly , Ġabol ishing Ġtop - up Ġfees Ġand Ġreplacing Ġthe Ġcouncil Ġtax Ġwould Ġbe Ġfunded Ġby Ġcharging Ġ50 % Ġincome Ġtax Ġto Ġthose Ġearning Ġmore Ġthan ĠÂ£ 100 , 000 Ġper Ġann um .",O O O O O O O O O O O O O O O O O O O O O O O O O O O O O O O O O O O O O O O O O O O O O O O O O O,O B-POLITICIAN O O O O O O O O O O O O O O O O O O O O O O O O O O O O O O O O O O O O O O O O O O O O O O O O,[],"[('POLITICIAN', 1, 1)]"
1420,ĠHe Ġcontrasted Ġhis Ġapproach Ġwith ĠMr ĠBrown 's Ġpledge Ġin Ġ2001 Ġnot Ġto Ġincrease Ġincome Ġtax .,O O O O O O O O O O O O O O O O O,O O O O O O B-POLITICIAN O O O O O O O O O O,[],"[('POLITICIAN', 6, 6)]"
1422,"ĠFor Ġmost Ġindividuals , Ġmost Ġfamilies , Ġmost Ġhouseholds , Ġit Ġadds Ġup Ġto Ġexactly Ġthe Ġsame Ġthing ,"" Ġsaid ĠMr ĠKennedy . Ġ""",O O O O O O O O O O O O O O O O O O O O O O O O,O O O O O O O O O O O O O O O O O O O O O B-POLITICIAN O O,[],"[('POLITICIAN', 21, 21)]"
1433,"ĠAn Ġindependent Ġinquiry Ġinto Ġits Ġfindings , Ġthe ĠLyons Ġreview , Ġis Ġdue Ġto Ġreport Ġback Ġat Ġthe Ġend Ġof Ġ2005 .",O O O O O O O O O O O O O O O O O O O O O O,O O O O O O O O B-PUBLIC-FIGURE O O O O O O O O O O O O O,[],"[('PUBLIC-FIGURE', 8, 8)]"
1444,"ĠGat lin Ġand ĠHayes Ġwin ĠOwen Ġawards Ċ Ċ American ĠOlympic Ġstars ĠJustin ĠGat lin Ġand ĠJo anna ĠHayes Ġhave Ġbeen Ġnamed Ġthe Ġwinners Ġof Ġthe Ġ2004 ĠJesse ĠOwens ĠAwards , ĠUSA ĠTrack Ġ& ĠField 's Ġ( US AT F ) Ġtop Ġhonour .",O O O O O O O O O O O O B-ATHLETE I-ATHLETE I-ATHLETE O B-ATHLETE I-ATHLETE I-ATHLETE O O O O O O O O B-ATHLETE I-ATHLETE O O O O O O O O O O O O O O O,B-ATHLETE I-ATHLETE O B-ATHLETE O O O O O O O O B-ATHLETE I-ATHLETE I-ATHLETE O B-ATHLETE I-ATHLETE I-ATHLETE O O O O O O O O O O O O O O O O O O O O O O O O O,"[('ATHLETE', 12, 14), ('ATHLETE', 16, 18), ('ATHLETE', 27, 28)]","[('ATHLETE', 0, 1), ('ATHLETE', 3, 3), ('ATHLETE', 12, 14), ('ATHLETE', 16, 18)]"
1445,"Ġ Ċ Ċ G at lin , Ġ22 , Ġwon Ġthe Ġclosest Ġ100 m Ġfinal Ġin ĠGames Ġhistory Ġwith Ġa Ġcareer - best Ġtime Ġof Ġ9 . 85 Ġseconds Ġin ĠAthens .",O O O O O O O O O O O O O O O O O O O O O O O O O O O O O O O O,O O O B-ATHLETE I-ATHLETE I-ATHLETE O O O O O O O O O O O O O O O O O O O O O O O O O O,[],"[('ATHLETE', 3, 5)]"
1447,"ĠHayes , Ġ27 , Ġset Ġan ĠOlympic Ġrecord Ġof Ġ12 . 37 Ġin Ġwinning Ġthe Ġ100 m Ġhurdles .",O O O O O O O O O O O O O O O O O O O,B-ATHLETE O O O O O O O O O O O O O O O O O O,[],"[('ATHLETE', 0, 0)]"
1448,"ĠEst ablished Ġin Ġ1981 , Ġthe ĠJesse ĠOwens ĠAwards Ġ- Ġnamed Ġin Ġhonour Ġof Ġthe Ġlate ĠOlympic Ġgreat Ġwho Ġwon Ġfour Ġgold Ġmedals Ġat Ġthe Ġ1936 ĠBerlin ĠGames Ġ- Ġare Ġpresented Ġannually Ġto Ġthe Ġoutstanding ĠUS Ġmale Ġand Ġfemale Ġtrack Ġand Ġfield Ġperformers .",O O O O O O B-ATHLETE I-ATHLETE O O O O O O O O O O O O O O O O O O O O O O O O O O O O O O O O O O O O,O O O O O O O O O O O O O O O O O O O O O O O O O O O O O O O O O O O O O O O O O O O O,"[('ATHLETE', 6, 7)]",[]
1450,"ĠIt Ġis Ġsuch Ġa Ġgreat Ġhonour Ġto Ġwin Ġthe ĠJesse ĠOwens ĠAward ,"" Ġsaid ĠGat lin . Ġ""",O O O O O O O O O B-ATHLETE I-ATHLETE O O O O O O O,O O O O O O O O O O O O O O B-ATHLETE I-ATHLETE O O,"[('ATHLETE', 9, 10)]","[('ATHLETE', 14, 15)]"
1452,"ĠHayes Ġsaid : Ġ"" Knowing Ġsome Ġof Ġthe Ġgreat Ġpeople Ġwho Ġhave Ġwon Ġthis Ġaward Ġbefore Ġme Ġand Ġknowing Ġwhat Ġit Ġrepresents , ĠI Ġfeel Ġa Ġsense Ġaccomplishment Ġand Ġpride Ġwhich Ġlets Ġme Ġknow Ġthat Ġeverything Ġthat ĠI Ġhave Ġworked Ġfor Ġis Ġand Ġalways Ġwill Ġbe Ġworth Ġit .""",O O O O O O O O O O O O O O O O O O O O O O O O O O O O O O O O O O O O O O O O O O O O O O O O O,B-ACTOR-DIRECTOR O O O O O O O O O O O O O O O O O O O O O O O O O O O O O O O O O O O O O O O O O O O O O O O O,[],"[('ACTOR-DIRECTOR', 0, 0)]"
1453,"ĠDa ĠVin ci ĠCode Ġis Ġ' l ousy Ġhistory ' Ċ Ċ The Ġplot Ġof Ġan Ġinternational Ġbest seller Ġthat Ġthousands Ġof Ġreaders Ġare Ġlikely Ġto Ġreceive Ġas Ġa ĠChristmas Ġpresent Ġis Ġ' laugh able ', Ġa Ġclergy man Ġhas Ġsaid .",O O O O O O O O O O O O O O O O O O O O O O O O O O O O O O O O O O O O O O O O O O,B-AUTHOR-WRITER I-AUTHOR-WRITER I-AUTHOR-WRITER I-AUTHOR-WRITER O O O O O O O O O O O O O O O O O O O O O O O O O O O O O O O O O O O O O O,[],"[('AUTHOR-WRITER', 0, 3)]"
1454,"Ġ Ċ Ċ The ĠDa ĠVin ci ĠCode Ġclaims ĠJesus Ġwas Ġnot Ġcruc ified , Ġbut Ġmarried ĠMary ĠMag dal ene Ġand Ġdied Ġa Ġnormal Ġdeath .",O O O O O O O O O B-PUBLIC-FIGURE O O O O O O O B-PUBLIC-FIGURE I-PUBLIC-FIGURE I-PUBLIC-FIGURE I-PUBLIC-FIGURE O O O O O O,O O O O O O O O O B-MUSICIAN O O O O O O O B-PUBLIC-FIGURE I-PUBLIC-FIGURE I-PUBLIC-FIGURE I-PUBLIC-FIGURE O O O O O O,"[('PUBLIC-FIGURE', 9, 9), ('PUBLIC-FIGURE', 17, 20)]","[('MUSICIAN', 9, 9), ('PUBLIC-FIGURE', 17, 20)]"
1458,"ĠDespite Ġenjoying ĠDan ĠBrown 's Ġconspiracy Ġtheory , Ġthe ĠBishop Ġsaid Ġthere Ġwas Ġa Ġlack Ġof Ġevidence Ġto Ġback Ġup Ġits Ġclaims .",O O B-AUTHOR-WRITER I-AUTHOR-WRITER O O O O O O O O O O O O O O O O O O O,O O B-POLITICIAN I-POLITICIAN I-POLITICIAN O O O O O O O O O O O O O O O O O O,"[('AUTHOR-WRITER', 2, 3)]","[('POLITICIAN', 2, 4)]"
1459,"Ġ Ċ Ċ Writing Ġhis ĠChristmas Ġmessage Ġin Ġthe ĠNorthern ĠEcho , Ġthe ĠBishop Ġsaid : Ġ"" Cons piracy Ġtheories Ġare Ġalways Ġfun Ġ- Ġfun Ġto Ġinvent , Ġfun Ġto Ġread , Ġfun Ġto Ġfantas ise Ġabout . Ġ""",O O O O O O O O O O O O O O O O O O O O O O O O O O O O O O O O O O O O O O O,O O O O O O O O O O O O O B-PUBLIC-FIGURE O O O O O O O O O O O O O O O O O O O O O O O O O,[],"[('PUBLIC-FIGURE', 13, 13)]"
1461,"ĠA Ġgreat Ġdeal Ġof Ġcredible Ġevidence Ġproves Ġthe ĠBiblical Ġversion Ġof ĠJesus ' Ġlife Ġwas Ġtrue , Ġaccording Ġto Ġthe ĠBishop . Ġ""",O O O O O O O O O O O B-PUBLIC-FIGURE O O O O O O O O O O O,O O O O O O O O O O O B-PUBLIC-FIGURE O O O O O O O O B-PUBLIC-FIGURE O O,"[('PUBLIC-FIGURE', 11, 11)]","[('PUBLIC-FIGURE', 11, 11), ('PUBLIC-FIGURE', 20, 20)]"
1465,"ĠBrown 's Ġbook Ġhas Ġbecome Ġa Ġpublishing Ġphenomenon , Ġconsistently Ġtopping Ġbook Ġcharts Ġin Ġthe ĠUK Ġand ĠUS .",O O O O O O O O O O O O O O O O O O O,B-AUTHOR-WRITER O O O O O O O O O O O O O O O O O O,[],"[('AUTHOR-WRITER', 0, 0)]"
1466,"ĠThe ĠDa ĠVin ci ĠCode Ġhas Ġbeen Ġtranslated Ġinto Ġ42 Ġlanguages Ġand Ġhas Ġspawned Ġits Ġown Ġcottage Ġindustry Ġof Ġpublications , Ġincluding Ġguides Ġon Ġto Ġhow Ġto Ġread Ġthe Ġbook , Ġrebutt als Ġand Ġcounter Ġclaims .",O O O O O O O O O O O O O O O O O O O O O O O O O O O O O O O O O O O O O,O B-AUTHOR-WRITER I-AUTHOR-WRITER I-AUTHOR-WRITER O O O O O O O O O O O O O O O O O O O O O O O O O O O O O O O O O,[],"[('AUTHOR-WRITER', 1, 3)]"
1468,"ĠBoris Ġopposes Ġmayor Ġapology Ċ Ċ Ken ĠLiving stone Ġshould Ġ"" stick Ġto Ġhis Ġguns "" Ġand Ġnot Ġapologise Ġfor Ġhis Ġ"" Nazi "" Ġcomment Ġto Ġa ĠJewish Ġreporter , ĠTory ĠMP ĠBoris ĠJohnson Ġhas Ġinsisted .",O O O O O O B-POLITICIAN I-POLITICIAN I-POLITICIAN O O O O O O O O O O O O O O O O O O O O O O O B-POLITICIAN I-POLITICIAN O O O,B-POLITICIAN O O O O O B-POLITICIAN I-POLITICIAN I-POLITICIAN O O O O O O O O O O O O O O O O O O O O O O O B-POLITICIAN I-POLITICIAN O O O,"[('POLITICIAN', 6, 8), ('POLITICIAN', 32, 33)]","[('POLITICIAN', 0, 0), ('POLITICIAN', 6, 8), ('POLITICIAN', 32, 33)]"
1469,"Ġ Ċ Ċ Mr ĠJohnson Ġalso Ġclaimed ĠTony ĠBlair 's Ġintervention Ġin Ġthe Ġrow Ġwas Ġ"" an Ġattempt Ġto Ġreassure ĠJewish Ġvoters "".",O O O O O O O B-POLITICIAN I-POLITICIAN O O O O O O O O O O O O O O,O O O O B-POLITICIAN O O B-POLITICIAN I-POLITICIAN I-POLITICIAN O O O O O O O O O O O O O,"[('POLITICIAN', 7, 8)]","[('POLITICIAN', 4, 4), ('POLITICIAN', 7, 9)]"
1470,"ĠLondon Ġmayor ĠMr ĠLiving stone Ġsays Ġhe Ġis Ġ"" standing Ġby "" Ġhis Ġremarks Ġwhich Ġlikened Ġan ĠEvening ĠStandard Ġjournalist Ġto Ġa Ġ"" con cent ration Ġcamp Ġguard "".",O O O O O O O O O O O O O O O O O O O O O O O O O O O O O,O O O B-POLITICIAN I-POLITICIAN O O O O O O O O O O O O O O O O O O O O O O O O,[],"[('POLITICIAN', 3, 4)]"
1471,ĠBut Ġthe Ġprime Ġminister Ġsays Ġit Ġis Ġtime Ġfor ĠMr ĠLiving stone Ġto Ġsay Ġsorry .,O O O O O O O O O O O O O O O O,O O O O O O O O O O B-POLITICIAN I-POLITICIAN O O O O,[],"[('POLITICIAN', 10, 11)]"
1472,"Ġ Ċ Ċ Labour 's ĠMr ĠLiving stone Ġhas Ġsaid Ġhis Ġcomments Ġmay Ġhave Ġbeen Ġoffensive Ġbut Ġwere Ġnot Ġracist , Ġand Ġsaid Ġearlier Ġthis Ġweek Ġhe Ġwould Ġnot Ġapologise Ġeven Ġif ĠMr ĠBlair Ġasked .",O O O O O O O O O O O O O O O O O O O O O O O O O O O O O O O O O O O O,O O O O O O B-POLITICIAN I-POLITICIAN O O O O O O O O O O O O O O O O O O O O O O O O O B-POLITICIAN O O,[],"[('POLITICIAN', 6, 7), ('POLITICIAN', 33, 33)]"
1474,"Ġ Ċ Ċ However , ĠMr ĠJohnson , Ġwho Ġwas Ġforced Ġto Ġapologise Ġlast Ġyear Ġfor Ġan Ġarticle Ġin Ġthe Ġmagazine Ġhe Ġedits Ġabout ĠLiver p ud l ians Ġgrieving Ġover Ġthe Ġdeath Ġof ĠBritish Ġhostage ĠKen ĠBig ley , Ġsaid ĠMr ĠBlair Ġ"" should Ġbutt Ġout Ġof "" Ġthe Ġrow . Ġ""",O O O O O O O O O O O O O O O O O O O O O O O O O O O O O O O O O O O O B-PUBLIC-FIGURE I-PUBLIC-FIGURE I-PUBLIC-FIGURE O O O O O O O O O O O O O O,O O O O O O B-POLITICIAN O O O O O O O O O O O O O O O O O O O O O O O O O O O O O B-PUBLIC-FIGURE I-PUBLIC-FIGURE I-PUBLIC-FIGURE O O O B-POLITICIAN O O O O O O O O O O,"[('PUBLIC-FIGURE', 36, 38)]","[('POLITICIAN', 6, 6), ('PUBLIC-FIGURE', 36, 38), ('POLITICIAN', 42, 42)]"
1477,"ĠMr ĠJohnson , ĠMP Ġfor ĠHen ley - on - Th ames , ĠOxford shire , Ġsaid Ġhe Ġsuspected ĠLabour Ġwas Ġnow Ġtrying Ġto Ġreassure ĠJewish Ġvoters Ġ"" because Ġof Ġthis Ġcurious Ġway Ġin Ġwhich ĠLabour Ġseems Ġto Ġbe Ġtrying Ġto Ġcurry Ġfavour Ġwith Ġdisillusion ed ĠMuslim Ġvoters Ġwho Ġmay Ġbe Ġdisillusion ed Ġabout Ġthe Ġwar "".",O O O O O O O O O O O O O O O O O O O O O O O O O O O O O O O O O O O O O O O O O O O O O O O O O O O O O O O O O,O B-POLITICIAN O O O O O O O O O O O O O O O O O O O O O O O O O O O O O O O O O O O O O O O O O O O O O O O O O O O O O O O,[],"[('POLITICIAN', 1, 1)]"
1478,"Ġ Ċ Ċ "" Ken Ġdoesn 't Ġthink Ġhe 's Ġgot Ġanything Ġto Ġsay Ġsorry Ġfor Ġand Ġif Ġthat 's Ġreally Ġhis Ġfeeling , Ġthen ĠI Ġthink Ġthat Ġhe Ġshould Ġstick Ġto Ġhis Ġguns ,"" Ġhe Ġsaid .",O O O O O O O O O O O O O O O O O O O O O O O O O O O O O O O O O O O O O O,O O O O B-MUSICIAN O O O O O O O O O O O O O O O O O O O O O O O O O O O O O O O O O,[],"[('MUSICIAN', 4, 4)]"
1479,"ĠMr ĠJohnson Ġapologised Ġlast ĠOctober Ġfor Ġperpet uating Ġan Ġ"" out dated Ġstereotype "" Ġof ĠLiverpool Ġin Ġthe Ġleader Ġarticle Ġon Ġthe Ġdeath Ġof ĠMr ĠBig ley .",O O O O O O O O O O O O O O O O O O O O O O O O O O O O,O B-POLITICIAN O O O O O O O O O O O O O O O O O O O O O O O B-PUBLIC-FIGURE I-PUBLIC-FIGURE O,[],"[('POLITICIAN', 1, 1), ('PUBLIC-FIGURE', 25, 26)]"
1480,ĠThe Ġarticle Ġin Ġthe Ġmagazine Ġsuggested Ġgrieving ĠLiver p ud l ians Ġwere Ġwall owing Ġin Ġtheir Ġvictim Ġstatus .,O O O O O O O O O O O O O O O O O O O O,O O O O O O O B-PUBLIC-FIGURE I-PUBLIC-FIGURE I-PUBLIC-FIGURE I-PUBLIC-FIGURE I-PUBLIC-FIGURE O O O O O O O O,[],"[('PUBLIC-FIGURE', 7, 11)]"
1482,"ĠMr ĠJohnson Ġtold ĠToday : Ġ"" It 's Ġperfectly Ġtrue Ġthat ĠI Ġgot Ġinto Ġthe Ġgro ve lling Ġgame Ġmyself Ġand Ġwhen ĠI Ġapologised Ġthere Ġwere Ġsome Ġthings Ġthat ĠI Ġfelt ĠI Ġought Ġto Ġsay Ġsorry Ġfor Ġ... Ġthere Ġwere Ġalso Ġother Ġthings ĠI Ġdidn 't Ġthink ĠI Ġshould Ġapologise Ġfor ,"" Ġhe Ġsaid . Ġ""",O O O O O O O O O O O O O O O O O O O O O O O O O O O O O O O O O O O O O O O O O O O O O O O O O O O O O O O O,O B-ATHLETE O O O O O O O O O O O O O O O O O O O O O O O O O O O O O O O O O O O O O O O O O O O O O O O O O O O O O O,[],"[('ATHLETE', 1, 1)]"
1483,"ĠBut Ġhere 's Ġold ĠKen Ġ- Ġhe 's Ġbeen Ġcr ass , Ġhe 's Ġbeen Ġinsensitive Ġand Ġth uggish Ġand Ġbrutal Ġin Ġhis Ġlanguage Ġ- Ġbut ĠI Ġdon 't Ġthink Ġactually Ġif Ġyou Ġread Ġwhat Ġhe Ġsaid , Ġalthough Ġit Ġwas Ġextraordinary Ġand Ġrude , ĠI Ġdon 't Ġthink Ġhe Ġwas Ġactually Ġanti - Semitic .""",O O O O O O O O O O O O O O O O O O O O O O O O O O O O O O O O O O O O O O O O O O O O O O O O O O O O O O O O,O O O O B-POLITICIAN O O O O O O O O O O O O O O O O O O O O O O O O O O O O O O O O O O O O O O O O O O O O O O O O O O O,[],"[('POLITICIAN', 4, 4)]"
1484,ĠSinger ĠFerguson Ġ' facing Ġeviction ' Ċ Ċ Three ĠDeg rees Ġstar ĠSheila ĠFerguson Ġis Ġthe Ġfavourite Ġto Ġbe Ġev icted Ġfrom ĠITV 's ĠI 'm ĠA ĠCelebrity ... ĠGet ĠMe ĠOut ĠOf ĠHere Ġon ĠMonday .,O O O O O O O O O O O O B-MUSICIAN I-MUSICIAN O O O O O O O O O O O O O O O O O O O O O O O,O B-MUSICIAN O O O O O O O O O O B-MUSICIAN I-MUSICIAN O O O O O O O O O O O O O O O O O O O O O O O,"[('MUSICIAN', 12, 13)]","[('MUSICIAN', 1, 1), ('MUSICIAN', 12, 13)]"
1485,"Ġ Ċ Ċ Book makers ĠLad bro kes Ġsays Ġthe Ġsinger Ġhas Ġeven Ġodds Ġof Ġbeing Ġthe Ġfirst Ġcontestant Ġto Ġbe Ġvoted Ġoff Ġthe Ġshow . Ġ""",O O O O O O O O O O O O O O O O O O O O O O O O O O O,O O O O O B-PUBLIC-FIGURE O O O O O O O O O O O O O O O O O O O O O,[],"[('PUBLIC-FIGURE', 5, 5)]"
1486,"ĠIt 's Ġgoing Ġto Ġbe Ġclose Ġbut ĠSheila Ġis Ġfavourite Ġas Ġshe Ġhas Ġshown Ġherself Ġto Ġbe Ġa Ġbit Ġof Ġa Ġtrouble maker ,"" Ġsaid ĠLad bro kes ' ĠWarren ĠL ush .",O O O O O O O O O O O O O O O O O O O O O O O O O O O O O B-PUBLIC-FIGURE I-PUBLIC-FIGURE I-PUBLIC-FIGURE O,O O O O O O O B-ATHLETE O O O O O O O O O O O O O O O O O O O O O B-PUBLIC-FIGURE I-PUBLIC-FIGURE I-PUBLIC-FIGURE O,"[('PUBLIC-FIGURE', 29, 31)]","[('ATHLETE', 7, 7), ('PUBLIC-FIGURE', 29, 31)]"
1488,ĠMr ĠL ush Ġadded Ġthat ĠNancy ĠSor rell 's Ġchances Ġof Ġan Ġearly Ġdeparture Ġhad Ġincreased Ġsince Ġthe Ġsurprise Ġarrival Ġof Ġhusband ĠVic ĠReeves Ġin Ġthe Ġjungle Ġcamp Ġlast ĠWednesday .,O O O O O B-PUBLIC-FIGURE I-PUBLIC-FIGURE I-PUBLIC-FIGURE O O O O O O O O O O O O O O B-ACTOR-DIRECTOR I-ACTOR-DIRECTOR O O O O O O O,O B-BUSINESS-EXECUTIVE-MANAGER I-BUSINESS-EXECUTIVE-MANAGER O O B-PUBLIC-FIGURE I-PUBLIC-FIGURE I-PUBLIC-FIGURE I-PUBLIC-FIGURE O O O O O O O O O O O O O B-PUBLIC-FIGURE I-PUBLIC-FIGURE O O O O O O O,"[('PUBLIC-FIGURE', 5, 7), ('ACTOR-DIRECTOR', 22, 23)]","[('BUSINESS-EXECUTIVE-MANAGER', 1, 2), ('PUBLIC-FIGURE', 5, 8), ('PUBLIC-FIGURE', 22, 23)]"
1489,"ĠNotwithstanding , Ġcomedian ĠReeves Ġremains Ġ3 / 1 Ġfavourite Ġto Ġwin Ġthe Ġshow , Ġafter ĠPas qu ale .",O O O O O O O O O O O O O O O O O O O,O O O B-ACTOR-DIRECTOR O O O O O O O O O O O B-ACTOR-DIRECTOR I-ACTOR-DIRECTOR I-ACTOR-DIRECTOR O,[],"[('ACTOR-DIRECTOR', 3, 3), ('ACTOR-DIRECTOR', 15, 17)]"
1491,"ĠThere Ġhas Ġbeen Ġa Ġbig Ġgamble Ġon ĠNatalie Ġ[ App leton ] Ġto Ġgo ... Ġbut Ġbook ies Ġfancy Ġthe Ġmillions Ġat Ġhome Ġwill Ġkeep Ġpiling Ġon Ġthe Ġmisery Ġby Ġputting Ġher Ġthrough Ġmore Ġbus ht ucker Ġtrials ,"" Ġadded ĠMr ĠL ush .",O O O O O O O O O O O O O O O O O O O O O O O O O O O O O O O O O O O O O O O O O O O O,O O O O O O O B-ATHLETE I-ATHLETE I-ATHLETE I-ATHLETE O O O O O O O O O O O O O O O O O O O O O O O O O O O O O O B-BUSINESS-EXECUTIVE-MANAGER I-BUSINESS-EXECUTIVE-MANAGER O,[],"[('ATHLETE', 7, 10), ('BUSINESS-EXECUTIVE-MANAGER', 41, 42)]"
1493,"ĠOn ĠFriday , ĠLad bro kes Ġsuspended Ġbetting Ġafter Ġsinger ĠBrian ĠHarvey Ġquit Ġthe Ġshow Ġfoll l owing Ġa Ġblazing Ġrow Ġwith ĠJanet ĠStreet - P orter .",O O O O O O O O O O B-MUSICIAN I-MUSICIAN O O O O O O O O O O B-AUTHOR-WRITER I-AUTHOR-WRITER I-AUTHOR-WRITER I-AUTHOR-WRITER I-AUTHOR-WRITER O,O O O O O O O O O O B-MUSICIAN I-MUSICIAN O O O O O O O O O O B-PUBLIC-FIGURE I-PUBLIC-FIGURE I-PUBLIC-FIGURE I-PUBLIC-FIGURE I-PUBLIC-FIGURE O,"[('MUSICIAN', 10, 11), ('AUTHOR-WRITER', 22, 26)]","[('MUSICIAN', 10, 11), ('PUBLIC-FIGURE', 22, 26)]"
1494,"ĠHarvey , Ġwho Ġentered Ġthe Ġcamp Ġa Ġday Ġlater Ġthan Ġother Ġcontestants Ġafter Ġlearning Ġthat Ġhis Ġgrandmother Ġhad Ġdied , Ġreached Ġthe Ġend Ġof Ġhis Ġtether Ġfollowing Ġdays Ġof Ġme ag re Ġr ations Ġand Ġrows .",O O O O O O O O O O O O O O O O O O O O O O O O O O O O O O O O O O O O O,B-POLITICIAN O O O O O O O O O O O O O O O O O O O O O O O O O O O O O O O O O O O O,[],"[('POLITICIAN', 0, 0)]"
1495,ĠWin emaker Ġrejects ĠFoster 's Ġoffer Ċ Ċ Australian Ġwin emaker ĠSouth cor p Ġhas Ġrejected Ġa Ġtakeover Ġoffer Ġworth Ġ3 . 1 bn ĠAustralian Ġdollars Ġ($ 2 . 3 bn ; ĠÂ£ 1 . 8 bn ) Ġfrom Ġbrewing Ġgiant ĠFoster 's ĠGroup .,O O O O O O O O O O O O O O O O O O O O O O O O O O O O O O O O O O O O O O O O O O O O O,O O O B-PUBLIC-FIGURE O O O O O O O B-ATHLETE I-ATHLETE I-ATHLETE O O O O O O O O O O O O O O O O O O O O O O O O O O O O O O O,[],"[('PUBLIC-FIGURE', 3, 3), ('ATHLETE', 11, 13)]"
1496,"Ġ Ċ Ċ South cor p , Ġwhose Ġbrands Ġinclude ĠPen f olds , ĠRose mount Ġand ĠLind em ans , Ġdismissed Ġthe Ġoffer Ġas Ġinadequate .",O O O O O O O O O O O O O O O O O O O O O O O O O O O,O O O B-ATHLETE I-ATHLETE I-ATHLETE O O O O B-ATHLETE I-ATHLETE I-ATHLETE O B-ATHLETE I-ATHLETE O B-ATHLETE I-ATHLETE I-ATHLETE O O O O O O O,[],"[('ATHLETE', 3, 5), ('ATHLETE', 10, 12), ('ATHLETE', 14, 15), ('ATHLETE', 17, 19)]"
1497,ĠThe Ġtwo Ġcompanies Ġheld Ġfour Ġdays Ġof Ġtalks Ġafter ĠFoster 's Ġbought Ġan Ġ18 . 8 % Ġstake Ġin ĠSouth cor p Ġon Ġ13 ĠJanuary .,O O O O O O O O O O O O O O O O O O O O O O O O O O,O O O O O O O O O B-PUBLIC-FIGURE O O O O O O O O O O O O O O O O,[],"[('PUBLIC-FIGURE', 9, 9)]"
1499,"Ġ Ċ Ċ South cor p Ġsaid ĠFoster 's ĠA $ 4 . 17 - a - share Ġtakeover Ġproposal Ġoffered Ġa Ġ"" ex cellent Ġstrategic Ġfit "" Ġbut Ġunder valued Ġthe Ġcompany . Ġ""",O O O O O O O O O O O O O O O O O O O O O O O O O O O O O O O O O O O,O O O B-BUSINESS-EXECUTIVE-MANAGER I-BUSINESS-EXECUTIVE-MANAGER I-BUSINESS-EXECUTIVE-MANAGER O B-BUSINESS-EXECUTIVE-MANAGER O O O O O O O O O O O O O O O O O O O O O O O O O O O,[],"[('BUSINESS-EXECUTIVE-MANAGER', 3, 5), ('BUSINESS-EXECUTIVE-MANAGER', 7, 7)]"
1500,"ĠSouth cor p 's Ġboard Ġhas Ġinformed ĠFoster 's Ġthat Ġit Ġis Ġnot Ġprepared Ġto Ġrecommend Ġthe Ġoffer Ġas Ġit Ġdoes Ġnot Ġadequately Ġreflect Ġthe Ġstrategic Ġvalue Ġof Ġthe Ġcompany ,"" Ġsaid ĠSouth cor p Ġchairman ĠBrian ĠFinn .",O O O O O O O O O O O O O O O O O O O O O O O O O O O O O O O O O O O O B-BUSINESS-EXECUTIVE-MANAGER I-BUSINESS-EXECUTIVE-MANAGER O,O O O O O O O B-PUBLIC-FIGURE O O O O O O O O O O O O O O O O O O O O O O O O O O O O B-BUSINESS-EXECUTIVE-MANAGER I-BUSINESS-EXECUTIVE-MANAGER O,"[('BUSINESS-EXECUTIVE-MANAGER', 36, 37)]","[('PUBLIC-FIGURE', 7, 7), ('BUSINESS-EXECUTIVE-MANAGER', 36, 37)]"
1501,"Ġ Ċ Ċ South cor p Ġsaid ĠFoster 's Ġtakeover Ġoffer Ġwas Ġ"" opp ortun istic "".",O O O O O O O O O O O O O O O O O,O O O B-ATHLETE I-ATHLETE I-ATHLETE O B-PUBLIC-FIGURE O O O O O O O O O,[],"[('ATHLETE', 3, 5), ('PUBLIC-FIGURE', 7, 7)]"
1502,"ĠHowever , Ġit Ġsaid Ġthat Ġthe Ġoffer Ġmay Ġrepresent Ġan Ġ' opening Ġbid ', Ġopening Ġup Ġthe Ġpossibility Ġof ĠFoster 's Ġreturning Ġwith Ġan Ġimproved Ġoffer .",O O O O O O O O O O O O O O O O O O O O O O O O O O O,O O O O O O O O O O O O O O O O O O O B-PUBLIC-FIGURE O O O O O O O,[],"[('PUBLIC-FIGURE', 19, 19)]"
1503,"Ġ Ċ Ċ F oster 's Ġsaid Ġa Ġcombination Ġof Ġthe Ġtwo Ġcompanies Ġwould Ġcreate Ġa Ġglobal Ġplayer Ġwith Ġan Ġ"" un riv alled "" Ġcollection Ġof Ġpremium Ġwine Ġbrands .",O O O O O O O O O O O O O O O O O O O O O O O O O O O O O O O,O O O B-BUSINESS-EXECUTIVE-MANAGER I-BUSINESS-EXECUTIVE-MANAGER O O O O O O O O O O O O O O O O O O O O O O O O O O,[],"[('BUSINESS-EXECUTIVE-MANAGER', 3, 4)]"
1504,"ĠDespite Ġbeing Ġbest Ġknown Ġfor Ġbrewing ĠFoster 's ĠL ager , ĠFoster 's Ġis Ġalready Ġone Ġof ĠAustralia 's Ġlargest Ġwine Ġproducers , Ġowning Ġthe ĠB ering er Ġand ĠWolf ĠBl ass Ġbrands Ġamong Ġothers . Ġ""",O O O O O O O O O O O O O O O O O O O O O O O O O O O O O O O O O O O O O,O O O O O O B-PUBLIC-FIGURE O O O O B-PUBLIC-FIGURE O O O O O O O O O O O O O O O O O O O O O O O O O,[],"[('PUBLIC-FIGURE', 6, 6), ('PUBLIC-FIGURE', 11, 11)]"
1506,"ĠFoster 's Ġspent ĠA $ 584 m Ġon Ġbuying Ġan Ġ18 . 8 % Ġstake Ġin ĠSouth cor p Ġfrom Ġthe ĠO at ley Ġfamily , Ġwhich Ġfounded Ġthe ĠRose mount ĠEst ates Ġbusiness Ġand Ġlater Ġmerged Ġit Ġinto ĠSouth cor p .",O O O O O O O O O O O O O O O O O O O O O O O O O O O O O O O O O O O O O O O O O O O,B-PUBLIC-FIGURE O O O O O O O O O O O O O O O O O O O O B-PUBLIC-FIGURE I-PUBLIC-FIGURE I-PUBLIC-FIGURE O O O O O O O O O O O O O O O O O O O,[],"[('PUBLIC-FIGURE', 0, 0), ('PUBLIC-FIGURE', 21, 23)]"
1508,ĠSouth cor p 's Ġshares Ġrose Ġ12 % Ġto ĠA $ 4 . 76 Ġon Ġnews Ġof Ġthe Ġoffer Ġbut ĠFoster 's Ġshares Ġfell Ġ3 . 7 % Ġto ĠA $ 5 . 44 .,O O O O O O O O O O O O O O O O O O O O O O O O O O O O O O O O O O O,B-BUSINESS-EXECUTIVE-MANAGER I-BUSINESS-EXECUTIVE-MANAGER I-BUSINESS-EXECUTIVE-MANAGER O O O O O O O O O O O O O O O O O B-PUBLIC-FIGURE O O O O O O O O O O O O O O,[],"[('BUSINESS-EXECUTIVE-MANAGER', 0, 2), ('PUBLIC-FIGURE', 20, 20)]"
1509,ĠEur one xt Ġjoins Ġbid Ġbattle Ġfor ĠL SE Ċ Ċ Pan - European Ġstock Ġmarket ĠEur one xt Ġhas Ġapproached Ġthe ĠLondon ĠStock ĠExchange Ġ( L SE ) Ġabout Ġa Ġpossible Ġtakeover Ġbid .,O O O O O O O O O O O O O O O O O O O O O O O O O O O O O O O O O O O,B-BUSINESS-EXECUTIVE-MANAGER I-BUSINESS-EXECUTIVE-MANAGER I-BUSINESS-EXECUTIVE-MANAGER O O O O O O O O O O O O O B-BUSINESS-EXECUTIVE-MANAGER I-BUSINESS-EXECUTIVE-MANAGER I-BUSINESS-EXECUTIVE-MANAGER O O O O O O O O O O O O O O O O,[],"[('BUSINESS-EXECUTIVE-MANAGER', 0, 2), ('BUSINESS-EXECUTIVE-MANAGER', 16, 18)]"
1510,"Ġ Ċ Ċ "" The Ġapproach Ġis Ġat Ġan Ġearly Ġstage Ġand Ġtherefore Ġdoes Ġnot Ġrequire Ġa Ġresponse Ġat Ġthis Ġpoint ,"" ĠL SE Ġsaid .",O O O O O O O O O O O O O O O O O O O O O O O O O O,O O O O O O O O O O O O O O O O O O O O O O B-BUSINESS-EXECUTIVE-MANAGER I-BUSINESS-EXECUTIVE-MANAGER O O,[],"[('BUSINESS-EXECUTIVE-MANAGER', 22, 23)]"
1511,"ĠTalks Ġwith Ġthe ĠEuropean Ġstock Ġmarket Ġand Ġwith Ġrival Ġbidder ĠDeutsche ĠBo er se Ġwill Ġcontinue , Ġthe ĠL SE Ġsaid .",O O O O O O O O O O O O O O O O O O O O O O,O O O O O O O O O O B-BUSINESS-EXECUTIVE-MANAGER I-BUSINESS-EXECUTIVE-MANAGER I-BUSINESS-EXECUTIVE-MANAGER I-BUSINESS-EXECUTIVE-MANAGER O O O O O O O O,[],"[('BUSINESS-EXECUTIVE-MANAGER', 10, 13)]"
1514,Ġ Ċ Ċ The Ġoffer Ġfollows Ġwidespread Ġmedia Ġspeculation Ġthat ĠEur one xt Ġwould Ġmake Ġan Ġoffer Ġfor ĠL SE .,O O O O O O O O O O O O O O O O O O O O O,O O O O O O O O O O B-BUSINESS-EXECUTIVE-MANAGER I-BUSINESS-EXECUTIVE-MANAGER I-BUSINESS-EXECUTIVE-MANAGER O O O O O O O O,[],"[('BUSINESS-EXECUTIVE-MANAGER', 10, 12)]"
1520,ĠFurther Ġreports Ġhad Ġsuggested Ġthat ĠEur one xt Ġcould Ġmake Ġan Ġoffer Ġin Ġexcess Ġof Ġthe ĠL SE 's Ġ5 33 p Ġa Ġshare Ġclosing Ġprice Ġon ĠFriday .,O O O O O O O O O O O O O O O O O O O O O O O O O O O O O,O O O O O B-BUSINESS-EXECUTIVE-MANAGER I-BUSINESS-EXECUTIVE-MANAGER I-BUSINESS-EXECUTIVE-MANAGER O O O O O O O O O O O O O O O O O O O O O,[],"[('BUSINESS-EXECUTIVE-MANAGER', 5, 7)]"
1521,"ĠHowever , ĠEur one xt Ġsaid Ġit Ġcould Ġnot Ġguarantee Ġ"" at Ġthis Ġstage "" Ġthat Ġa Ġfirm Ġoffer Ġwould Ġbe Ġmade Ġfor ĠL SE .",O O O O O O O O O O O O O O O O O O O O O O O O O O,O O B-BUSINESS-EXECUTIVE-MANAGER I-BUSINESS-EXECUTIVE-MANAGER I-BUSINESS-EXECUTIVE-MANAGER O O O O O O O O O O O O O O O O O O O O O,[],"[('BUSINESS-EXECUTIVE-MANAGER', 2, 4)]"
1523,ĠL uf th ans a Ġmay Ġsue Ġover ĠBush Ġvisit Ċ Ċ German Ġairline ĠL uf th ans a Ġmay Ġsue Ġfederal Ġagencies Ġfor Ġdamages Ġafter Ġthe Ġarrival Ġof ĠUS Ġpresident ĠGeorge ĠW ĠBush Ġdisrupted Ġflights .,O O O O O O O O O O O O O O O O O O O O O O O O O O O O O O O B-POLITICIAN I-POLITICIAN I-POLITICIAN O O O,O O O O O O O O B-POLITICIAN O O O O O O O O O O O O O O O O O O O O O O B-POLITICIAN I-POLITICIAN I-POLITICIAN O O O,"[('POLITICIAN', 31, 33)]","[('POLITICIAN', 8, 8), ('POLITICIAN', 31, 33)]"
1524,Ġ Ċ Ċ L uf th ans a Ġsaid Ġthat Ġit Ġmay Ġlose Ġmillions Ġof Ġeuros Ġas Ġa Ġresult Ġof ĠAir ĠForce ĠOne Ġlanding Ġat ĠFrankfurt Ġairport .,O O O O O O O O O O O O O O O O O O O O O O O O O O O O,O O O B-BUSINESS-EXECUTIVE-MANAGER I-BUSINESS-EXECUTIVE-MANAGER I-BUSINESS-EXECUTIVE-MANAGER I-BUSINESS-EXECUTIVE-MANAGER I-BUSINESS-EXECUTIVE-MANAGER O O O O O O O O O O O O O O O O O O O O,[],"[('BUSINESS-EXECUTIVE-MANAGER', 3, 7)]"
1526,ĠL uf th ans a Ġaccounts Ġfor Ġsix Ġout Ġof Ġevery Ġ10 Ġplanes Ġusing ĠFrankfurt 's Ġairport .,O O O O O O O O O O O O O O O O O O,B-ATHLETE I-ATHLETE I-ATHLETE I-ATHLETE I-ATHLETE O O O O O O O O O O O O O,[],"[('ATHLETE', 0, 4)]"
1529,ĠMr ĠL amber ty Ġexplained Ġthat Ġthe Ġcompany Ġdid Ġnot Ġplan Ġto Ġpursue ĠGermany 's Ġair Ġtraffic Ġcontrollers ' Ġorganisation Ġor Ġthe Ġairport Ġauthority Ġbut Ġwanted Ġinstead Ġto Ġsee Ġif Ġit Ġwas Ġpossible Ġto Ġsue Ġthe ĠGerman Ġfederal Ġagencies Ġthat Ġgave Ġthe Ġorders .,O O O O O O O O O O O O O O O O O O O O O O O O O O O O O O O O O O O O O O O O O O O O,O B-BUSINESS-EXECUTIVE-MANAGER I-BUSINESS-EXECUTIVE-MANAGER I-BUSINESS-EXECUTIVE-MANAGER O O O O O O O O O O O O O O O O O O O O O O O O O O O O O O O O O O O O O O O O,[],"[('BUSINESS-EXECUTIVE-MANAGER', 1, 3)]"
1532,"Ġ Ċ Ċ Central Ġto Ġthe Ġproblem Ġwas Ġthat Ġinstead Ġof Ġhalf Ġan Ġhour , Ġthe Ġarrival Ġof ĠPresident ĠBush Ġon Ġthe ĠGerman Ġleg Ġof Ġhis ĠEuropean Ġtour Ġtook Ġthe Ġbest Ġpart Ġof Ġan Ġhour , ĠL uf th ans a Ġsaid .",O O O O O O O O O O O O O O O O O O O O O O O O O O O O O O O O O O O O O O O O O O O,O O O O O O O O O O O O O O O O O O O B-POLITICIAN O O O O O O O O O O O O O O O O B-ATHLETE I-ATHLETE I-ATHLETE I-ATHLETE O O O,[],"[('POLITICIAN', 19, 19), ('ATHLETE', 36, 39)]"
1534,ĠThe Ġextra Ġtime Ġtaken Ġby ĠPresident ĠBush Ġand Ġhis Ġent ourage Ġmeant Ġthat Ġthere Ġwas Ġa Ġknock - on Ġeffect Ġthat Ġled Ġto Ġsignificant Ġdelays .,O O O O O O O O O O O O O O O O O O O O O O O O O O,O O O O O O B-POLITICIAN O O O O O O O O O O O O O O O O O O O,[],"[('POLITICIAN', 6, 6)]"
1535,"ĠMr ĠL amber ty Ġsaid Ġthat Ġ92 Ġoutgoing Ġflights Ġand Ġ86 Ġincome Ġflights Ġwere Ġdelayed Ġby Ġan Ġaverage Ġof Ġan Ġhour Ġfollowing ĠPresident ĠBush 's Ġarrival , Ġaffecting Ġalmost Ġ17 , 000 Ġpassengers .",O O O O O O O O O O O O O O O O O O O O O O O O O O O O O O O O O O,O B-BUSINESS-EXECUTIVE-MANAGER I-BUSINESS-EXECUTIVE-MANAGER I-BUSINESS-EXECUTIVE-MANAGER O O O O O O O O O O O O O O O O O O O B-POLITICIAN O O O O O O O O O O,[],"[('BUSINESS-EXECUTIVE-MANAGER', 1, 3), ('POLITICIAN', 23, 23)]"
1536,"ĠDespite Ġthe Ġproblems , ĠMr ĠL amber ty Ġsaid Ġthat Ġit Ġwas Ġnot Ġcertain Ġthat ĠL uf th ans a Ġwould Ġtake Ġlegal Ġaction .",O O O O O O O O O O O O O O O O O O O O O O O O O,O O O O O B-BUSINESS-EXECUTIVE-MANAGER I-BUSINESS-EXECUTIVE-MANAGER I-BUSINESS-EXECUTIVE-MANAGER O O O O O O O O O O O O O O O O O,[],"[('BUSINESS-EXECUTIVE-MANAGER', 5, 7)]"
1538,"Ġ Ċ Ċ O ' G ara Ġkicked Ġall Ġof ĠIreland 's Ġpoints , Ġwith Ġtwo Ġdropped Ġgoals Ġand Ġfive Ġpenalties , Ġto Ġgive Ġthe Ġhome Ġside Ġa Ġ100 % Ġrecord Ġin Ġtheir Ġautumn Ġinternational s .",O O O O O O O O O O O O O O O O O O O O O O O O O O O O O O O O O O O O O,O O O B-ATHLETE I-ATHLETE I-ATHLETE I-ATHLETE O O O O O O O O O O O O O O O O O O O O O O O O O O O O O O,[],"[('ATHLETE', 3, 6)]"
1541,ĠThe Ġwell - dr illed Ġand Ġsharper ĠP um as Ġout - played Ġand Ġout - thought ĠIreland Ġin Ġthe Ġearly Ġstages .,O O O O O O O O O O O O O O O O O O O O O O O,O O O O O O O B-ATHLETE I-ATHLETE I-ATHLETE O O O O O O O O O O O O O,[],"[('ATHLETE', 7, 9)]"
1542,ĠInd is cipline Ġallowed ĠArgentina 's ĠLe in ster Ġfly - half ĠCont ep omi Ġto Ġopen Ġthe Ġscoring Ġin Ġthe Ġthird Ġminute Ġwith Ġa Ġstraightforward Ġpenalty .,O O O O O O O O O O O O O O O O O O O O O O O O O O O O,O O O O O O O O O O O O B-ATHLETE I-ATHLETE I-ATHLETE O O O O O O O O O O O O O,[],"[('ATHLETE', 12, 14)]"
1544,ĠIreland Ġturned Ġthe Ġball Ġover Ġand ĠManuel ĠCont ep omi Ġbroke Ġthrough Ġan Ġun struct ured Ġdefence Ġbefore Ġfeeding Ġhis Ġmidfield Ġpartner ĠAram bur u Ġto Ġsprint Ġin Ġunder Ġthe Ġposts .,O O O O O O B-ATHLETE I-ATHLETE I-ATHLETE I-ATHLETE O O O O O O O O O O O O O O O O O O O O O O,O O O O O O B-ATHLETE I-ATHLETE I-ATHLETE I-ATHLETE O O O O O O O O O O O O B-ATHLETE I-ATHLETE I-ATHLETE O O O O O O O,"[('ATHLETE', 6, 9)]","[('ATHLETE', 6, 9), ('ATHLETE', 22, 24)]"
1545,ĠO ' G ara Ġfinally Ġgot ĠIreland Ġon Ġthe Ġboard Ġwith Ġa Ġdropped Ġgoal Ġin Ġthe Ġninth Ġminute Ġonly Ġfor ĠCont ep omi Ġto Ġrifle Ġover Ġhis Ġsecond Ġpenalty Ġtwo Ġminutes Ġlater .,O O O O O O O O O O O O O O O O O O O O O O O O O O O O O O O O O,B-ATHLETE I-ATHLETE I-ATHLETE I-ATHLETE O O O O O O O O O O O O O O O O B-ATHLETE I-ATHLETE I-ATHLETE O O O O O O O O O O,[],"[('ATHLETE', 0, 3), ('ATHLETE', 20, 22)]"
1547,"ĠO ' G ara Ġmanaged Ġto Ġland Ġhis Ġsecond Ġpenalty Ġin Ġthe Ġ36 th Ġminute , Ġbut Ġonce Ġagain ĠCont ep omi Ġreplied Ġin Ġkind Ġfour Ġminutes Ġinto Ġfirst - half Ġinjury Ġtime .",O O O O O O O O O O O O O O O O O O O O O O O O O O O O O O O O O O,B-ATHLETE I-ATHLETE I-ATHLETE I-ATHLETE O O O O O O O O O O O O O O O B-ATHLETE I-ATHLETE I-ATHLETE O O O O O O O O O O O O,[],"[('ATHLETE', 0, 3), ('ATHLETE', 19, 21)]"
1549,"ĠO ' G ara Ġr ifled Ġover Ġanother Ġpenalty Ġin Ġthe Ġ45 th Ġminute , Ġbut ĠCont ep omi Ġmatched Ġit Ġthree Ġminutes Ġlater .",O O O O O O O O O O O O O O O O O O O O O O O O O,B-ATHLETE I-ATHLETE I-ATHLETE I-ATHLETE O O O O O O O O O O O O B-ATHLETE I-ATHLETE I-ATHLETE O O O O O O,[],"[('ATHLETE', 0, 3), ('ATHLETE', 16, 18)]"
1550,"ĠThe Ġupper - body Ġstrength Ġof Ġthe ĠP um as Ġnever Ġallowed ĠIreland Ġto Ġtake Ġcontrol Ġup Ġfront , Ġwhile Ġthe Ġthree - quarters Ġhad Ġno Ġspace Ġto Ġmanoeuv re .",O O O O O O O O O O O O O O O O O O O O O O O O O O O O O O O,O O O O O O O B-ATHLETE I-ATHLETE I-ATHLETE O O O O O O O O O O O O O O O O O O O O O,[],"[('ATHLETE', 7, 9)]"
1551,ĠIreland Ġhad Ġto Ġrely Ġon ĠO ' G ara 's Ġboot Ġto Ġkeep Ġin Ġtouch Ġrather Ġthan Ġany Ġcont rived Ġrunning Ġplays .,O O O O O O O O O O O O O O O O O O O O O O O,O O O O O B-ATHLETE I-ATHLETE I-ATHLETE I-ATHLETE O O O O O O O O O O O O O O,[],"[('ATHLETE', 5, 8)]"
1554,ĠO ' G ara Ġmade Ġno Ġmistake Ġas Ġhe Ġr ifled Ġover Ġhis Ġfifth Ġpenalty Ġto Ġset Ġup Ġa Ġtense Ġfinal Ġfew Ġminutes .,O O O O O O O O O O O O O O O O O O O O O O O O,B-ATHLETE I-ATHLETE I-ATHLETE I-ATHLETE O O O O O O O O O O O O O O O O O O O O,[],"[('ATHLETE', 0, 3)]"
1555,"ĠBut ĠIreland Ġshowed Ġgreat Ġcomposure Ġto Ġget Ġthemselves Ġinto Ġa Ġposition Ġto Ġallow ĠO ' G ara Ġto Ġth ump Ġover Ġa Ġmassive Ġdrop Ġgoal Ġto Ġcomplete Ġa Ġtremendous , Ġif Ġfort uitous , Ġcomeback .",O O O O O O O O O O O O O O O O O O O O O O O O O O O O O O O O O O O O,O O O O O O O O O O O O O B-ATHLETE I-ATHLETE I-ATHLETE I-ATHLETE O O O O O O O O O O O O O O O O O O O,[],"[('ATHLETE', 13, 16)]"
1560,"ĠMr ĠSol ana Ġtold ĠITV 1 's ĠJonathan ĠDim ble by Ġprogramme : Ġ""[ Phone - tap Ġevidence Ġin Ġcourt ] Ġworks , Ġit Ġis Ġnormal Ġthat Ġit Ġis Ġdone , Ġit Ġwould Ġbe Ġnaive Ġnot Ġto Ġdo Ġit . Ġ""",O O O O O O O B-AUTHOR-WRITER I-AUTHOR-WRITER I-AUTHOR-WRITER I-AUTHOR-WRITER O O O O O O O O O O O O O O O O O O O O O O O O O O O O O O,O B-BUSINESS-EXECUTIVE-MANAGER I-BUSINESS-EXECUTIVE-MANAGER O O O O B-PUBLIC-FIGURE I-PUBLIC-FIGURE I-PUBLIC-FIGURE I-PUBLIC-FIGURE O O O O O O O O O O O O O O O O O O O O O O O O O O O O O O,"[('AUTHOR-WRITER', 7, 10)]","[('BUSINESS-EXECUTIVE-MANAGER', 1, 2), ('PUBLIC-FIGURE', 7, 10)]"
1562,"ĠMr ĠSol ana 's Ġcomments Ġcome Ġthe Ġday Ġafter ĠSir ĠIan ĠBlair , Ġthe Ġnewly - appointed ĠMetropolitan ĠPolice Ġcommissioner , Ġsaid Ġhe Ġwas Ġin Ġfavour Ġof Ġphone - tap Ġevidence .",O O O O O O O O O B-PUBLIC-FIGURE I-PUBLIC-FIGURE I-PUBLIC-FIGURE O O O O O O O O O O O O O O O O O O O O,O B-PUBLIC-FIGURE I-PUBLIC-FIGURE O O O O O O O B-POLITICIAN I-POLITICIAN O O O O O O O O O O O O O O O O O O O O,"[('PUBLIC-FIGURE', 9, 11)]","[('PUBLIC-FIGURE', 1, 2), ('POLITICIAN', 10, 11)]"
1569,ĠBut ĠMr ĠClarke Ġhas Ġbeen Ġforced Ġto Ġchange Ġthe Ġregime Ġof Ġdetention Ġwithout Ġtrial Ġafter ĠLaw ĠLords Ġruled Ġit Ġillegal .,O O O O O O O O O O O O O O O O O O O O O,O O B-POLITICIAN O O O O O O O O O O O O O O O O O O,[],"[('POLITICIAN', 2, 2)]"
1572,"ĠWhile Ġaccepting Ġthat Ġpeople Ġ"" have Ġto Ġbe Ġprepared "" Ġfor Ġa Ġpossible Ġterrorist Ġattack , ĠMr ĠSol ana Ġsaid Ġhe Ġhad Ġ"" qual ms "" Ġabout Ġthe Ġhome Ġsecretary 's Ġnew Ġplans . Ġ""",O O O O O O O O O O O O O O O O O O O O O O O O O O O O O O O O O O O,O O O O O O O O O O O O O O O O O B-POLITICIAN I-POLITICIAN O O O O O O O O O O O O O O O O,[],"[('POLITICIAN', 17, 18)]"
1574,"ĠBrown Ġtargets ĠO AP s Ġand Ġhome buy ers Ċ Ċ Gordon ĠBrown Ġhas Ġdoubled Ġthe Ġlevel Ġat Ġwhich Ġhouse Ġbuyers Ġpay Ġstamp Ġduty Ġto ĠÂ£ 120 , 000 Ġas Ġhe Ġput Ġthe Ġeconomy Ġat Ġthe Ġheart Ġof ĠLabour 's Ġelection Ġcampaign .",O O O O O O O O O O O B-POLITICIAN I-POLITICIAN O O O O O O O O O O O O O O O O O O O O O O O O O O O O O O,B-POLITICIAN O O O O O O O O O O B-POLITICIAN I-POLITICIAN O O O O O O O O O O O O O O O O O O O O O O O O O O O O O O,"[('POLITICIAN', 11, 12)]","[('POLITICIAN', 0, 0), ('POLITICIAN', 11, 12)]"
1576,"ĠMr ĠBrown Ġput Ġ1 p Ġa Ġpint Ġon Ġbeer , Ġ4 p Ġon Ġa Ġbottle Ġof Ġwine Ġand Ġ7 p Ġon Ġ20 Ġcigarettes Ġbut Ġfroze Ġpetrol Ġduty Ġuntil ĠSeptember .",O O O O O O O O O O O O O O O O O O O O O O O O O O O O O O,O B-POLITICIAN O O O O O O O O O O O O O O O O O O O O O O O O O O O O,[],"[('POLITICIAN', 1, 1)]"
1580,"Ġ Ċ Ċ "" This Ġgovernment Ġand Ġthis Ġchancellor Ġhave Ġrun Ġout Ġof Ġsolutions Ġto Ġthe Ġproblems ĠBritain Ġfaces ,"" ĠMr ĠHoward Ġtold ĠMPs . Ġ""",O O O O O O O O O O O O O O O O O O O O O O O O O O,O O O O O O O O O O O O O O O O O O O O O B-POLITICIAN O O O O,[],"[('POLITICIAN', 21, 21)]"
1583,"ĠLiberal ĠDemocrat Ġleader ĠCharles ĠKennedy Ġattacked ĠMr ĠBrown Ġfor Ġfailing Ġto Ġmention Ġthe Ġenvironment Ġand Ġfor Ġhis Ġrecord Ġon Ġsocial Ġjustice . Ġ""",O O O B-POLITICIAN I-POLITICIAN O O O O O O O O O O O O O O O O O O,O O O B-POLITICIAN I-POLITICIAN O O B-POLITICIAN O O O O O O O O O O O O O O O,"[('POLITICIAN', 3, 4)]","[('POLITICIAN', 3, 4), ('POLITICIAN', 7, 7)]"
1585,"Ġ Ċ Ċ Mr ĠKennedy Ġcriticised ĠMr ĠBrown Ġfor Ġfailing Ġto Ġmention Ġthe Ġ"" t icking Ġbomb "" Ġof Ġcouncil Ġtax Ġre val uation , Ġsaying Ġit Ġwas Ġ"" high Ġtime "" Ġthe Ġsystem Ġwas Ġreplaced Ġby Ġa Ġ"" local Ġtax Ġbased Ġon Ġthe Ġability Ġto Ġpay "".",O O O O O O O O O O O O O O O O O O O O O O O O O O O O O O O O O O O O O O O O O O O O O O O O,O O O O B-POLITICIAN O O B-POLITICIAN O O O O O O O O O O O O O O O O O O O O O O O O O O O O O O O O O O O O O O O O,[],"[('POLITICIAN', 4, 4), ('POLITICIAN', 7, 7)]"
1586,ĠDuring Ġhis Ġ49 Ġminute Ġspeech ĠMr ĠBrown Ġtold ĠMPs Ġhe Ġhad Ġdefied Ġthe Ġpundits Ġby Ġhitting Ġhis Ġgrowth Ġtarget Ġof Ġ3 . 1 % Ġfor Ġ2004 .,O O O O O O O O O O O O O O O O O O O O O O O O O O O,O O O O O O B-POLITICIAN O O O O O O O O O O O O O O O O O O O O,[],"[('POLITICIAN', 6, 6)]"
1591,ĠMr ĠBrown Ġtold ĠMPs Ġchild Ġbenefit Ġwould Ġrise Ġto Ġa Ġmaximum Ġof ĠÂ£ 63 Ġa Ġweek Ġfor Ġthe Ġfirst Ġchild Ġand ĠÂ£ 111 Ġfor Ġtwo Ġchildren .,O O O O O O O O O O O O O O O O O O O O O O O O O O O,O B-POLITICIAN O O O O O O O O O O O O O O O O O O O O O O O O O,[],"[('POLITICIAN', 1, 1)]"
1592,"ĠDespite Ġhis Ġgiveaways , ĠBudget Ġdocuments Ġshow ĠMr ĠBrown Ġclaw ed Ġback ĠÂ£ 265 m Ġthrough Ġa Ġclamp down Ġon Ġtax Ġavoidance Ġand Ġincreased Ġrevenue Ġfrom Ġa Ġwind fall Ġtax Ġon Ġoil Ġcompanies .",O O O O O O O O O O O O O O O O O O O O O O O O O O O O O O O O O O,O O O O O O O O B-POLITICIAN O O O O O O O O O O O O O O O O O O O O O O O O O,[],"[('POLITICIAN', 8, 8)]"
1595,"ĠBut Ġtrust Ġin ĠMr ĠBrown 's Ġeconomic Ġstewards hip Ġwould Ġbe Ġa Ġcentral Ġelection Ġissue , Ġhe Ġsaid .",O O O O O O O O O O O O O O O O O O O,O O O O B-POLITICIAN O O O O O O O O O O O O O O,[],"[('POLITICIAN', 4, 4)]"
1596,"Ġ Ċ Ċ Mr ĠBrown Ġalso Ġunveiled Ġplans Ġfor Ġa Ġmemorial Ġto Ġthe ĠQueen ĠMother , Ġfunded Ġthrough Ġa Ġspecial Ġcoin Ġto Ġcelebrate Ġthe ĠQueen 's Ġ80 th Ġbirthday .",O O O O O O O O O O O O O B-PUBLIC-FIGURE I-PUBLIC-FIGURE O O O O O O O O O B-PUBLIC-FIGURE O O O O O,O O O O B-POLITICIAN O O O O O O O O O O O O O O O O O O O O O O O O O,"[('PUBLIC-FIGURE', 13, 14), ('PUBLIC-FIGURE', 24, 24)]","[('POLITICIAN', 4, 4)]"
1599,"ĠMr ĠBrown Ġsaid Ġhe Ġhad Ġmet Ġhis Ġfinancial Ġ"" gold en Ġrule "" Ġwith Ġa ĠÂ£ 6 bn Ġsurplus Ġand Ġhe Ġsaid Ġpublic Ġborrowing Ġwould Ġcontinue Ġto Ġfall Ġover Ġthe Ġnext Ġfive Ġyears .",O O O O O O O O O O O O O O O O O O O O O O O O O O O O O O O O O O,O B-POLITICIAN O O O O O O O O O O O O O O O O O O O O O O O O O O O O O O O O,[],"[('POLITICIAN', 1, 1)]"
1601,"ĠThe Ġfirst ĠÂ£ 2 bn Ġof Ġvalue - for - money Ġsavings Ġidentified Ġin Ġthe ĠG ers hon ĠReview Ġhave Ġbeen Ġachieved , Ġthe Ġchancellor Ġsaid .",O O O O O O O O O O O O O O O B-PUBLIC-FIGURE I-PUBLIC-FIGURE I-PUBLIC-FIGURE O O O O O O O O O,O O O O O O O O O O O O O O O O O O O O O O O O O O O,"[('PUBLIC-FIGURE', 15, 17)]",[]
1603,"ĠSNP Ġleader ĠAlex ĠSal mond Ġsaid ĠMr ĠBrown Ġhad Ġfailed Ġthe Ġ"" t art an Ġtest "" Ġas Ġthere Ġwere Ġno Ġmeasures Ġto Ġboost Ġthe ĠScottish Ġeconomy .",O O B-POLITICIAN I-POLITICIAN I-POLITICIAN O O O O O O O O O O O O O O O O O O O O O O O,O O B-POLITICIAN I-POLITICIAN I-POLITICIAN O O B-POLITICIAN O O O O O O O O O O O O O O O O O O O O,"[('POLITICIAN', 2, 4)]","[('POLITICIAN', 2, 4), ('POLITICIAN', 7, 7)]"
1606,"ĠThe ĠGreen ĠParty Ġsaid Ġthe ĠBudget Ġwas Ġa Ġ"" w asted Ġopportunity "" Ġfor Ġenvironmental Ġprotection , Ġadding : Ġ"" Brown Ġobviously Ġhas Ġan Ġeye Ġon Ġthe Ġcoming Ġelection , Ġand Ġhas Ġtaken Ġhis Ġeye Ġoff Ġthe Ġneeds Ġof Ġthe Ġplanet .""",O O O O O O O O O O O O O O O O O O O O O O O O O O O O O O O O O O O O O O O O O O,O O O O O O O O O O O O O O O O O O O O B-POLITICIAN O O O O O O O O O O O O O O O O O O O O O,[],"[('POLITICIAN', 20, 20)]"
1608,Ġ Ċ Ċ Two Ġexecutives Ġfrom ĠAmerican ĠInternational ĠGroup Ġ( A IG ) Ġand Ġone Ġfrom ĠMarsh Ġ& ĠMcL enn an Ġwere Ġthe Ġlatest .,O O O O O O O O O O O O O O O O O O O O O O O O O,O O O O O O O O O O O O O O O O O O O B-ATHLETE I-ATHLETE O O O O,[],"[('ATHLETE', 19, 20)]"
1612,ĠA ĠMarsh Ġspokeswoman Ġsaid ĠMr ĠB ew lay Ġwas Ġno Ġlonger Ġwith Ġthe Ġcompany .,O O O O O O O O O O O O O O O,O O O O O B-BUSINESS-EXECUTIVE-MANAGER I-BUSINESS-EXECUTIVE-MANAGER I-BUSINESS-EXECUTIVE-MANAGER O O O O O O O,[],"[('BUSINESS-EXECUTIVE-MANAGER', 5, 7)]"
1613,ĠMr ĠSp itzer 's Ġinvestigation Ġof Ġthe ĠUS Ġinsurance Ġindustry Ġlooked Ġat Ġwhether Ġcompanies Ġrigged Ġbids Ġand Ġfixed Ġprices .,O O O O O O O O O O O O O O O O O O O O,O B-POLITICIAN I-POLITICIAN O O O O O O O O O O O O O O O O O,[],"[('POLITICIAN', 1, 2)]"
1614,"ĠLast Ġmonth ĠMarsh Ġagreed Ġto Ġpay Ġ$ 850 m Ġ(Â£ 415 m ) Ġto Ġsettle Ġa Ġlawsuit Ġfiled Ġby ĠMr ĠSp itzer , Ġbut Ġunder Ġthe Ġsettlement Ġit Ġ"" ne ither Ġadmits Ġnor Ġdenies Ġthe Ġallegations "".",O O O O O O O O O O O O O O O O O O O O O O O O O O O O O O O O O O O O O,O O O O O O O O O O O O O O O O O O O O B-POLITICIAN I-POLITICIAN O O O O O O O O O O O O O O O,[],"[('POLITICIAN', 20, 21)]"
1619,"ĠMr ĠLeslie Ġsaid : Ġ"" The Ġprime Ġminister Ġshould Ġbe Ġable Ġto Ġappoint Ġthe Ġbest Ġperson Ġfor Ġthe Ġjob Ġwhether Ġthey Ġsit Ġin Ġthe ĠHouse Ġof ĠLords Ġor Ġthe ĠHouse Ġof ĠCommons .""",O O O O O O O O O O O O O O O O O O O O O O O O O O O O O O O O O,O B-POLITICIAN O O O O O O O O O O O O O O O O O O O O O O O O O O O O O O O,[],"[('POLITICIAN', 1, 1)]"
1621,Ġ Ċ Ċ In ĠDecember Ġthe ĠLords Ġrejected Ġa Ġplea Ġby Ġcurrent ĠLord ĠChancellor ĠLord ĠFalcon er Ġthat Ġthe Ġholder Ġof Ġthe Ġjob Ġshould Ġnot Ġnecessarily Ġbe Ġa Ġlawyer Ġor Ġa Ġpeer .,O O O O O O O O O O O O O O B-POLITICIAN I-POLITICIAN I-POLITICIAN O O O O O O O O O O O O O O O O,O O O O O O O O O O O O O O O B-POLITICIAN I-POLITICIAN O O O O O O O O O O O O O O O O,"[('POLITICIAN', 14, 16)]","[('POLITICIAN', 15, 16)]"
1624,ĠMr ĠLeslie Ġsaid Ġit Ġwas Ġirrelevant Ġwhether Ġthe Ġpost Ġwas Ġcalled ĠSecretary Ġof ĠState Ġfor ĠConstitutional ĠAffairs Ġor ĠLord ĠChancellor .,O O O O O O O O O O O O O O O O O O O O O,O B-POLITICIAN O O O O O O O O O O O O O O O O O O O,[],"[('POLITICIAN', 1, 1)]"
1628,"ĠThe Ġgovernment Ġhad Ġinitially Ġproposed Ġto Ġtake Ġthis Ġinstitution Ġand Ġ"" sm ash Ġit Ġto Ġpieces ,"" ĠMr ĠG rieve Ġsaid .",O O O O O O O O O O O O O O O O O O O O O O,O O O O O O O O O O O O O O O O O O B-POLITICIAN I-POLITICIAN O O,[],"[('POLITICIAN', 18, 19)]"
1642,"ĠMike ĠC aud well , Ġspokesman Ġfor ĠV od af one , Ġsaid Ġthat Ġwhen Ġphones Ġwere Ġlaunched Ġthey Ġwere Ġthe Ġsize Ġof Ġa Ġbrief case , Ġcost Ġabout ĠÂ£ 2 , 000 Ġand Ġhad Ġa Ġbattery Ġlife Ġof Ġlittle Ġmore Ġthan Ġ20 Ġminutes .",B-BUSINESS-EXECUTIVE-MANAGER I-BUSINESS-EXECUTIVE-MANAGER I-BUSINESS-EXECUTIVE-MANAGER I-BUSINESS-EXECUTIVE-MANAGER O O O O O O O O O O O O O O O O O O O O O O O O O O O O O O O O O O O O O O O O O,B-PUBLIC-FIGURE I-PUBLIC-FIGURE I-PUBLIC-FIGURE I-PUBLIC-FIGURE O O O O O O O O O O O O O O O O O O O O O O O O O O O O O O O O O O O O O O O O O,"[('BUSINESS-EXECUTIVE-MANAGER', 0, 3)]","[('PUBLIC-FIGURE', 0, 3)]"
1648,"ĠCell net Ġwas Ġforecasting Ġhalf Ġthat .""",O O O O O O O,B-ATHLETE I-ATHLETE O O O O O,[],"[('ATHLETE', 0, 1)]"
1655,"ĠMr ĠC aud well Ġsaid Ġthe Ġadvent Ġof Ġdigital Ġtechnology Ġalso Ġhelped Ġto Ġintroduce Ġall Ġthose Ġthings , Ġsuch Ġas Ġtext Ġmessaging Ġand Ġroaming Ġthat Ġhave Ġmade Ġmob iles Ġso Ġpopular .",O O O O O O O O O O O O O O O O O O O O O O O O O O O O O O O O,O B-PUBLIC-FIGURE I-PUBLIC-FIGURE I-PUBLIC-FIGURE O O O O O O O O O O O O O O O O O O O O O O O O O O O O,[],"[('PUBLIC-FIGURE', 1, 3)]"
1657,Ġ Ċ Ċ R angers Ġhad Ġrarely Ġthreatened Ġuntil ĠCeltic Ġgoalkeeper ĠRab ĠDouglas Ġlet Ġdefender ĠV ign al 's Ġ25 - yard Ġdrive Ġslip Ġthrough Ġhis Ġgrasp Ġand Ġinto Ġthe Ġnet .,O O O O O O O O O O O B-ATHLETE I-ATHLETE O O O O O O O O O O O O O O O O O O O,O O O O O O O O O O O B-ATHLETE I-ATHLETE O O B-ATHLETE I-ATHLETE I-ATHLETE O O O O O O O O O O O O O O,"[('ATHLETE', 11, 12)]","[('ATHLETE', 11, 12), ('ATHLETE', 15, 17)]"
1659,"ĠStri ker ĠNov o Ġsecured Ġvictory , Ġlob bing ĠDouglas Ġwith Ġeight Ġminutes Ġremaining .",O O O O O O O O O O O O O O O,O O B-ATHLETE I-ATHLETE O O O O O B-ATHLETE O O O O O,[],"[('ATHLETE', 2, 3), ('ATHLETE', 9, 9)]"
1662,"ĠThey Ġstarted Ġconfidently , Ġwith Ġnew Ġsigning ĠBell amy , Ġon Ġloan Ġfrom ĠNewcastle ĠUnited , Ġgiven Ġhis ĠCeltic Ġdebut Ġup Ġfront Ġwith ĠWales Ġinternational Ġcolleague ĠJohn ĠHart son Ġand ĠChris ĠSutton Ġdropping Ġinto Ġmidfield .",O O O O O O O O O O O O O O O O O O O O O O O O O O B-ATHLETE I-ATHLETE I-ATHLETE O B-ATHLETE I-ATHLETE O O O O,O O O O O O O B-ATHLETE I-ATHLETE O O O O O O O O O O O O O O O O O B-ATHLETE I-ATHLETE I-ATHLETE O B-ATHLETE I-ATHLETE O O O O,"[('ATHLETE', 26, 28), ('ATHLETE', 30, 31)]","[('ATHLETE', 7, 8), ('ATHLETE', 26, 28), ('ATHLETE', 30, 31)]"
1663,"ĠIt Ġtook ĠBell amy Ġjust Ġfour Ġminutes Ġto Ġthreaten , Ġtaking Ġon ĠMarvin ĠAndrews Ġbefore Ġdelivering Ġa Ġlow Ġdrive Ġthat Ġwas Ġheld Ġby ĠWater re us Ġat Ġthe Ġsecond Ġattempt .",O O O O O O O O O O O O B-ATHLETE I-ATHLETE O O O O O O O O O O O O O O O O O,O O B-ATHLETE I-ATHLETE O O O O O O O O B-ATHLETE I-ATHLETE O O O O O O O O O B-ATHLETE I-ATHLETE I-ATHLETE O O O O O,"[('ATHLETE', 12, 13)]","[('ATHLETE', 2, 3), ('ATHLETE', 12, 13), ('ATHLETE', 23, 25)]"
1664,ĠHe Ġhad Ġan Ġeven Ġbetter Ġchance Ġafter ĠHart son Ġdisp oss es ed ĠS ot iris ĠKyr gi ak os Ġand Ġsent Ġhis Ġstrike Ġpartner Ġclear Ġwith Ġonly Ġthe Ġgoalkeeper Ġto Ġbeat .,O O O O O O O O O O O O O B-ATHLETE I-ATHLETE I-ATHLETE I-ATHLETE I-ATHLETE I-ATHLETE I-ATHLETE O O O O O O O O O O O O O,O O O O O O O B-ATHLETE I-ATHLETE O O O O B-ATHLETE I-ATHLETE I-ATHLETE I-ATHLETE I-ATHLETE I-ATHLETE I-ATHLETE O O O O O O O O O O O O O,"[('ATHLETE', 13, 19)]","[('ATHLETE', 7, 8), ('ATHLETE', 13, 19)]"
1665,ĠBut ĠWater re us Ġdid Ġwell Ġto Ġbeat Ġaway ĠBell amy 's Ġdisappointing Ġlow Ġdrive Ġfrom Ġ16 Ġyards .,O O O O O O O O O O O O O O O O O O O,O B-ATHLETE I-ATHLETE I-ATHLETE O O O O O B-ATHLETE I-ATHLETE O O O O O O O O,[],"[('ATHLETE', 1, 3), ('ATHLETE', 9, 10)]"
1666,ĠWater re us Ġcame Ġto Ġthe Ġrescue Ġagain Ġwhen Ġthe Ġball Ġfell Ġto ĠHart son Ġjust Ġinside Ġthe Ġbox Ġand Ġthe ĠDutch Ġgoalkeeper Ġmade Ġa Ġbrave Ġblock .,O O O O O O O O O O O O O O O O O O O O O O O O O O O O,B-ATHLETE I-ATHLETE I-ATHLETE O O O O O O O O O O B-ATHLETE I-ATHLETE O O O O O O O O O O O O O,[],"[('ATHLETE', 0, 2), ('ATHLETE', 13, 14)]"
1667,ĠIt Ġwas Ġan ĠOld ĠFirm Ġreturn Ġfor ĠBarry ĠFerguson Ġas ĠMc Le ish Ġstuck Ġby Ġthe Ġside Ġthat Ġth umped Ġfour Ġgoals Ġpast ĠH iber nian .,O O O O O O O B-ATHLETE I-ATHLETE O O O O O O O O O O O O O O O O O O,O O O O O O O B-ATHLETE I-ATHLETE O B-ATHLETE I-ATHLETE I-ATHLETE O O O O O O O O O O B-ATHLETE I-ATHLETE I-ATHLETE O,"[('ATHLETE', 7, 8)]","[('ATHLETE', 7, 8), ('ATHLETE', 10, 12), ('ATHLETE', 23, 25)]"
1668,ĠBut ĠRangers Ġfound ĠCeltic Ġharder Ġto Ġbreak Ġdown Ġand ĠDouglas Ġwas Ġnot Ġthreatened Ġuntil Ġ10 Ġminutes Ġafter Ġthe Ġbreak .,O O O O O O O O O O O O O O O O O O O O,O O O O O O O O O B-ATHLETE O O O O O O O O O O,[],"[('ATHLETE', 9, 9)]"
1670,ĠA Ġgreat Ġdefensive Ġheader Ġby ĠAndrews Ġprevented ĠHart son Ġp ouncing Ġfrom Ġfive Ġyards Ġout .,O O O O O O O O O O O O O O O O,O O O O O B-ATHLETE O B-ATHLETE I-ATHLETE O O O O O O O,[],"[('ATHLETE', 5, 5), ('ATHLETE', 7, 8)]"
1671,"ĠHart son Ġfox ed ĠV ign al Ġat Ġthe Ġedge Ġof Ġthe ĠRangers Ġbox , Ġbut Ġthe Ġstriker 's Ġshot Ġon Ġthe Ġturn Ġwas Ġagain Ġbeaten Ġaway Ġby ĠWater re us .",O O O O O O O O O O O O O O O O O O O O O O O O O O O O O O O O,B-ATHLETE I-ATHLETE O O B-ATHLETE I-ATHLETE I-ATHLETE O O O O O O O O O O O O O O O O O O O O O B-ATHLETE I-ATHLETE I-ATHLETE O,[],"[('ATHLETE', 0, 1), ('ATHLETE', 4, 6), ('ATHLETE', 28, 30)]"
1672,"ĠRangers Ġwere Ġbeginning Ġto Ġdominate Ġthe Ġmidfield Ġand ĠV ign al , Ġcollecting Ġa Ġknock Ġback Ġfrom ĠFernando ĠR icks en , Ġbroke Ġthe Ġdead lock , ĠDouglas Ġsomehow Ġletting Ġthe ĠFrenchman 's Ġdipping Ġdrive Ġslip Ġthrough Ġhis Ġgrasp .",O O O O O O O O O O O O O O O O O B-ATHLETE I-ATHLETE I-ATHLETE I-ATHLETE O O O O O O O O O O O O O O O O O O O,O O O O O O O O B-ATHLETE I-ATHLETE I-ATHLETE O O O O O O B-ATHLETE I-ATHLETE I-ATHLETE I-ATHLETE O O O O O O B-ATHLETE O O O O O O O O O O O O,"[('ATHLETE', 17, 20)]","[('ATHLETE', 8, 10), ('ATHLETE', 17, 20), ('ATHLETE', 27, 27)]"
1673,ĠNov o Ġp ounced Ġon Ġa Ġmoments ' Ġhesitation Ġin Ġthe ĠCeltic Ġdefence Ġto Ġlatch Ġon Ġto Ġa Ġlong Ġball Ġfrom ĠR icks en Ġand Ġlob Ġthe Ġball Ġover Ġthe Ġadvancing ĠDouglas .,O O O O O O O O O O O O O O O O O O O O O O O O O O O O O O O O O,B-ATHLETE I-ATHLETE O O O O O O O O O O O O O O O O O O O B-ATHLETE I-ATHLETE I-ATHLETE O O O O O O O B-ATHLETE O,[],"[('ATHLETE', 0, 1), ('ATHLETE', 21, 23), ('ATHLETE', 31, 31)]"
1674,"ĠR icks en Ġappeared Ġto Ġbe Ġhit Ġby Ġa Ġcoin , Ġbut Ġit Ġcould Ġnot Ġprevent ĠRangers ' Ġcelebrations Ġat Ġthe Ġfinal Ġwhistle .",O O O O O O O O O O O O O O O O O O O O O O O O,B-ATHLETE I-ATHLETE I-ATHLETE O O O O O O O O O O O O O O O O O O O O O,[],"[('ATHLETE', 0, 2)]"
1675,"Ġ Ċ Ċ : ĠDouglas , ĠMcN amara , ĠBald e , ĠVarg a , ĠLa urs en , ĠPet rov , ĠLennon , ĠSutton , ĠThompson , ĠBell amy , ĠHart son .",O O O O O O O O O O O O O O O O O O O O O O O O O O O O O O O O O O,O O O O B-ATHLETE O B-ATHLETE I-ATHLETE O B-ATHLETE I-ATHLETE O B-ATHLETE I-ATHLETE O B-ATHLETE I-ATHLETE I-ATHLETE O B-ATHLETE I-ATHLETE O B-ATHLETE O B-ATHLETE O B-ATHLETE O B-ATHLETE I-ATHLETE O B-ATHLETE I-ATHLETE O,[],"[('ATHLETE', 4, 4), ('ATHLETE', 6, 7), ('ATHLETE', 9, 10), ('ATHLETE', 12, 13), ('ATHLETE', 15, 17), ('ATHLETE', 19, 20), ('ATHLETE', 22, 22), ('ATHLETE', 24, 24), ('ATHLETE', 26, 26), ('ATHLETE', 28, 29), ('ATHLETE', 31, 32)]"
1676,"Ġ Ċ Ċ Sub s : ĠMarshall , ĠHen cho z , ĠJun inho ĠPaul ista , ĠLambert , ĠMal oney , ĠWallace , ĠMcG ead y .",O O O O O O O O O O O O O O O O O O O O O O O O O O O O,O O O O O O B-ATHLETE O B-ATHLETE I-ATHLETE I-ATHLETE O B-ATHLETE I-ATHLETE I-ATHLETE I-ATHLETE O B-ATHLETE O B-ATHLETE I-ATHLETE O B-ATHLETE O B-ATHLETE I-ATHLETE I-ATHLETE O,[],"[('ATHLETE', 6, 6), ('ATHLETE', 8, 10), ('ATHLETE', 12, 15), ('ATHLETE', 17, 17), ('ATHLETE', 19, 20), ('ATHLETE', 22, 22), ('ATHLETE', 24, 26)]"
1677,"Ġ Ċ Ċ : ĠWater re us , ĠH utton , ĠKyr gi ak os , ĠAndrews , ĠBall , ĠBuff el , ĠFerguson , ĠR icks en , ĠV ign al , ĠPr so , ĠNov o .",O O O O O O O O O O O O O O O O O O O O O O O O O O O O O O O O O O O O O O O,O O O O B-ATHLETE I-ATHLETE I-ATHLETE O B-ATHLETE I-ATHLETE O B-ATHLETE I-ATHLETE I-ATHLETE I-ATHLETE O B-ATHLETE O B-ATHLETE O B-ATHLETE I-ATHLETE O B-ATHLETE O B-ATHLETE I-ATHLETE I-ATHLETE O B-ATHLETE I-ATHLETE I-ATHLETE O B-ATHLETE I-ATHLETE O B-ATHLETE I-ATHLETE O,[],"[('ATHLETE', 4, 6), ('ATHLETE', 8, 9), ('ATHLETE', 11, 14), ('ATHLETE', 16, 16), ('ATHLETE', 18, 18), ('ATHLETE', 20, 21), ('ATHLETE', 23, 23), ('ATHLETE', 25, 27), ('ATHLETE', 29, 31), ('ATHLETE', 33, 34), ('ATHLETE', 36, 37)]"
1678,"Ġ Ċ Ċ Sub s : ĠMcGregor , ĠNam ouch i , ĠBurke , ĠAlex ĠRae , ĠMalcolm , ĠThompson , ĠLo ven kr ands .",O O O O O O O O O O O O O O O O O O O O O O O O O O,O O O O O O B-ATHLETE O B-ATHLETE I-ATHLETE I-ATHLETE O B-ATHLETE O B-ATHLETE I-ATHLETE O B-ATHLETE O B-ATHLETE O B-ATHLETE I-ATHLETE I-ATHLETE I-ATHLETE O,[],"[('ATHLETE', 6, 6), ('ATHLETE', 8, 10), ('ATHLETE', 12, 12), ('ATHLETE', 14, 15), ('ATHLETE', 17, 17), ('ATHLETE', 19, 19), ('ATHLETE', 21, 24)]"
1679,Ġ Ċ Ċ : ĠM ĠMcC urry Ċ,O O O O O O O O,O O O O B-PUBLIC-FIGURE I-PUBLIC-FIGURE I-PUBLIC-FIGURE O,[],"[('PUBLIC-FIGURE', 4, 6)]"
1681,"Ġ Ċ Ċ Mill ions Ġof ĠIndones ians Ġuse Ġk eros ene Ġfor Ġbasic Ġcooking , Ġand Ġprices Ġhave Ġbeen Ġheavily Ġsubsid ised Ġfor Ġyears .",O O O O O O O O O O O O O O O O O O O O O O O O O O,O O O B-PUBLIC-FIGURE I-PUBLIC-FIGURE O O O O O O O O O O O O O O O O O O O O O,[],"[('PUBLIC-FIGURE', 3, 4)]"
1687,"ĠSince ĠPresident ĠY ud h oy ono 's Ġgovernment Ġcame Ġto Ġpower Ġin ĠOctober , Ġit Ġhas Ġindicated Ġits Ġintention Ġof Ġraising Ġdomestic Ġfuel Ġprices Ġby Ġcutting Ġsubsidies . Ġ""",O O O O O O O O O O O O O O O O O O O O O O O O O O O O O O,O O B-POLITICIAN I-POLITICIAN I-POLITICIAN I-POLITICIAN I-POLITICIAN O O O O O O O O O O O O O O O O O O O O O O O,[],"[('POLITICIAN', 2, 6)]"
1691,"ĠThe ĠBBC 's Ġcorrespondent Ġin ĠJakarta , ĠRachel ĠHarvey , Ġtold ĠWorld ĠBusiness ĠReport Ġthat Ġthere Ġwas Ġlikely Ġto Ġbe Ġa Ġstrong Ġpublic Ġreaction Ġto Ġany Ġprice Ġrise . Ġ""",O O O O O O O B-AUTHOR-WRITER I-AUTHOR-WRITER O O O O O O O O O O O O O O O O O O O O O,O O O O O O O B-PUBLIC-FIGURE I-PUBLIC-FIGURE O O O O O O O O O O O O O O O O O O O O O,"[('AUTHOR-WRITER', 7, 8)]","[('PUBLIC-FIGURE', 7, 8)]"
1694,"ĠTrou bled ĠMarsh Ġunder ĠSEC Ġscrutiny Ċ Ċ The ĠUS Ġstock Ġmarket Ġregulator Ġis Ġinvestigating Ġtroubled Ġinsurance Ġbroker ĠMarsh Ġ& ĠMcL enn an 's Ġshareholder Ġtransactions , Ġthe Ġfirm Ġhas Ġsaid .",O O O O O O O O O O O O O O O O O O O O O O O O O O O O O O O O,O O B-BUSINESS-EXECUTIVE-MANAGER O O O O O O O O O O O O O O O O O O O O O O O O O O O O O,[],"[('BUSINESS-EXECUTIVE-MANAGER', 2, 2)]"
1696,ĠMarsh Ġhas Ġsaid Ġit Ġis Ġco - oper ating Ġfully Ġwith Ġthe ĠSEC Ġinvestigation .,O O O O O O O O O O O O O O O,B-BUSINESS-EXECUTIVE-MANAGER O O O O O O O O O O O O O O,[],"[('BUSINESS-EXECUTIVE-MANAGER', 0, 0)]"
1697,ĠMarsh Ġis Ġalso Ġthe Ġfocus Ġof Ġan Ġinquiry Ġthe ĠNew ĠYork Ġattorney - general Ġinto Ġwhether Ġinsurers Ġrigged Ġthe Ġmarket .,O O O O O O O O O O O O O O O O O O O O O,B-PUBLIC-FIGURE O O O O O O O O O O O O O O O O O O O O,[],"[('PUBLIC-FIGURE', 0, 0)]"
1699,ĠProsecutors Ġallege Ġthat ĠMarsh Ġ- Ġthe Ġworld 's Ġbiggest Ġinsurance Ġbroker Ġ- Ġand Ġother ĠUS Ġinsurance Ġfirms Ġmay Ġhave Ġfixed Ġbids Ġfor Ġcorporate Ġcover .,O O O O O O O O O O O O O O O O O O O O O O O O O,O O O B-BUSINESS-EXECUTIVE-MANAGER O O O O O O O O O O O O O O O O O O O O O,[],"[('BUSINESS-EXECUTIVE-MANAGER', 3, 3)]"
1702,"ĠMarsh 's Ġnew Ġchief Ġexecutive , ĠMichael ĠCher k ask y , Ġis Ġtrying Ġto Ġnegotiate Ġa Ġsettlement Ġwith ĠMr ĠSp itzer .",O O O O O O B-BUSINESS-EXECUTIVE-MANAGER I-BUSINESS-EXECUTIVE-MANAGER I-BUSINESS-EXECUTIVE-MANAGER I-BUSINESS-EXECUTIVE-MANAGER I-BUSINESS-EXECUTIVE-MANAGER O O O O O O O O O O O O,O O O O O O B-BUSINESS-EXECUTIVE-MANAGER I-BUSINESS-EXECUTIVE-MANAGER I-BUSINESS-EXECUTIVE-MANAGER I-BUSINESS-EXECUTIVE-MANAGER I-BUSINESS-EXECUTIVE-MANAGER O O O O O O O O O B-POLITICIAN I-POLITICIAN O,"[('BUSINESS-EXECUTIVE-MANAGER', 6, 10)]","[('BUSINESS-EXECUTIVE-MANAGER', 6, 10), ('POLITICIAN', 20, 21)]"
1703,ĠMr ĠSp itzer Ġhas Ġbuilt Ġup Ġa Ġreputation Ġas Ġa Ġfierce Ġcritic Ġand Ġcampaigner Ġagainst Ġcorporate ĠAmerica 's Ġmis d eeds .,O O O O O O O O O O O O O O O O O O O O O O,O B-POLITICIAN I-POLITICIAN O O O O O O O O O O O O O O O O O O O,[],"[('POLITICIAN', 1, 2)]"
1705,"ĠAccording Ġto Ġthe ĠFinancial ĠTimes , Ġinsurance Ġanalysts Ġare Ġnow Ġquestioning Ġwhether ĠMarsh Ġwill Ġbe Ġable Ġto Ġmaintain Ġits Ġstrong Ġrecord Ġof Ġearning Ġgrowth Ġas Ġthey Ġdraw Ġup Ġforecasts Ġfor Ġthe Ġfirst Ġquarter Ġof Ġnext Ġyear .",O O O O O O O O O O O O O O O O O O O O O O O O O O O O O O O O O O O O O,O O O O O O O O O O O O B-BUSINESS-EXECUTIVE-MANAGER O O O O O O O O O O O O O O O O O O O O O O O O,[],"[('BUSINESS-EXECUTIVE-MANAGER', 12, 12)]"
1716,ĠThe Ġcase Ġbegan Ġin ĠDecember Ġ2004 Ġwhen ĠApple Ġasked Ġa Ġlocal ĠCaliforn ian Ġcourt Ġto Ġget Ġthe Ġjournalists Ġto Ġreveal Ġtheir Ġsources Ġfor Ġarticles Ġpublished Ġon Ġwebsites ĠApple Ins ider . com Ġand ĠPower Page . org .,O O O O O O O O O O O O O O O O O O O O O O O O O O O O O O O O O O O O O O,O O O O O O O B-BUSINESS-EXECUTIVE-MANAGER O O O O O O O O O O O O O O O O O O O O O O O O O O O O O O,[],"[('BUSINESS-EXECUTIVE-MANAGER', 7, 7)]"
1717,"Ġ Ċ Ċ Apple Ġalso Ġsent Ġrequested Ġinformation Ġfrom Ġthe ĠN fox . com , Ġthe Ġinternet Ġservice Ġprovider Ġof ĠPower Page 's Ġpublisher ĠJason ĠO - Gr ady .",O O O O O O O O O O O O O O O O O O O O O O O O B-BUSINESS-EXECUTIVE-MANAGER I-BUSINESS-EXECUTIVE-MANAGER I-BUSINESS-EXECUTIVE-MANAGER I-BUSINESS-EXECUTIVE-MANAGER I-BUSINESS-EXECUTIVE-MANAGER O,O O O O O O O O O O O O O O O O O O O O O O O O B-PUBLIC-FIGURE I-PUBLIC-FIGURE I-PUBLIC-FIGURE I-PUBLIC-FIGURE I-PUBLIC-FIGURE O,"[('BUSINESS-EXECUTIVE-MANAGER', 24, 28)]","[('PUBLIC-FIGURE', 24, 28)]"
1719,"ĠThe ĠEFF Ġhas Ġgained Ġsome Ġpowerful Ġallies Ġin Ġits Ġlegal Ġbattle Ġwith ĠApple , Ġincluding ĠProfessor ĠTom ĠGoldstein , Ġformer Ġdean Ġof Ġthe ĠJournalism ĠSchool Ġat Ġthe ĠUniversity Ġof ĠCalifornia Ġand ĠDan ĠGill mor , Ġa Ġwell - known ĠSilicon ĠValley Ġjournalist .",O O O O O O O O O O O O O O O O B-AUTHOR-WRITER I-AUTHOR-WRITER O O O O O O O O O O O O O B-AUTHOR-WRITER I-AUTHOR-WRITER I-AUTHOR-WRITER O O O O O O O O O,O O O O O O O O O O O O O O O O B-PUBLIC-FIGURE I-PUBLIC-FIGURE O O O O O O O O O O O O O B-AUTHOR-WRITER I-AUTHOR-WRITER I-AUTHOR-WRITER O O O O O O O O O,"[('AUTHOR-WRITER', 16, 17), ('AUTHOR-WRITER', 31, 33)]","[('PUBLIC-FIGURE', 16, 17), ('AUTHOR-WRITER', 31, 33)]"
1720,ĠApple Ġwas Ġnot Ġimmediately Ġavailable Ġfor Ġcomment .,O O O O O O O O,B-MUSICIAN O O O O O O O,[],"[('MUSICIAN', 0, 0)]"
1725,ĠBut ĠMr ĠBrown Ġwill Ġstun ĠWestminster Ġand Ġbreak Ġjust Ġabout Ġevery Ġhistorical Ġprecedent Ġif Ġhe Ġfails Ġto Ġdo Ġsomething Ġdesigned Ġto Ġput Ġa Ġsmile Ġon Ġvoters ' Ġfaces Ġand Ġmake Ġthem Ġmore Ġinclined Ġto Ġback ĠLabour Ġin Ġthe Ġelection .,O O O O O O O O O O O O O O O O O O O O O O O O O O O O O O O O O O O O O O O O,O O B-POLITICIAN O O O O O O O O O O O O O O O O O O O O O O O O O O O O O O O O O O O O O,[],"[('POLITICIAN', 2, 2)]"
1728,"Ġ Ċ Ċ And , Ġneedless Ġto Ġsay , Ġthere Ġwill Ġbe Ġplenty Ġof Ġanalysis Ġof Ġwhat Ġimpact Ġthe ĠBudget Ġwill Ġhave Ġon ĠMr ĠBrown 's Ġown Ġambitions Ġto Ġreplace ĠMr ĠBlair Ġas Ġprime Ġminister Ġat Ġsome Ġpoint Ġafter Ġa Ġthird Ġwin .",O O O O O O O O O O O O O O O O O O O O O O O O O O O O O O O O O O O O O O O O O O O,O O O O O O O O O O O O O O O O O O O O O O O O B-POLITICIAN O O O O O O B-POLITICIAN O O O O O O O O O O O,[],"[('POLITICIAN', 24, 24), ('POLITICIAN', 31, 31)]"
1730,"ĠThat Ġis Ġthe Ġsize Ġof Ġthe Ġfinancial Ġ"" black Ġhole "" Ġthe ĠTories , Ġbacked Ġby Ġsome Ġindependent Ġfore casters , Ġbelieve ĠMr ĠBrown Ġwill Ġhave Ġto Ġfill Ġwith Ġtax Ġincreases Ġafter Ġthe Ġelection .",O O O O O O O O O O O O O O O O O O O O O O O O O O O O O O O O O O O,O O O O O O O O O O O O O O O O O O O O O O O B-POLITICIAN O O O O O O O O O O O,[],"[('POLITICIAN', 23, 23)]"
1731,Ġ Ċ Ċ The Ġopening Ġshot Ġin Ġthat Ġbattle Ġwas Ġfired Ġat Ġthe Ġweekend Ġwith Ġclaims Ġa ĠTreasury Ġleak Ġsuggested ĠMr ĠBrown Ġwas Ġready Ġto Ġslap Ġcapital Ġgains Ġtax Ġon Ġhome Ġsales Ġto Ġraise Ġsome Ġof Ġthat Ġcash .,O O O O O O O O O O O O O O O O O O O O O O O O O O O O O O O O O O O O O O O,O O O O O O O O O O O O O O O O O O O O O B-POLITICIAN O O O O O O O O O O O O O O O O O,[],"[('POLITICIAN', 21, 21)]"
1732,"ĠIt Ġwas Ġimmediately Ġdenied , Ġbut Ġthe ĠTories Ġremain Ġsuspicious , Ġclaiming Ġthat , Ġas ĠMr ĠLet win Ġsaid , Ġif Ġthe Ġmoney Ġdoes Ġnot Ġcome Ġfrom Ġthere , Ġwhere Ġwill Ġit Ġcome Ġfrom .",O O O O O O O O O O O O O O O O O O O O O O O O O O O O O O O O O O O,O O O O O O O O O O O O O O O O B-POLITICIAN I-POLITICIAN O O O O O O O O O O O O O O O O O,[],"[('POLITICIAN', 16, 17)]"
1733,"Ġ Ċ Ċ Mr ĠBrown Ġwill Ġundoubtedly Ġclaim Ġthe Ġforecasts Ġare Ġsimply Ġwrong Ġand Ġthat Ġhe Ġwill Ġhave Ġabsolutely Ġno Ġneed Ġto Ġraise Ġtaxes Ġafter Ġthe Ġelection , Ġshould ĠLabour Ġwin .",O O O O O O O O O O O O O O O O O O O O O O O O O O O O O O O O,O O O O B-POLITICIAN O O O O O O O O O O O O O O O O O O O O O O O O O O O,[],"[('POLITICIAN', 4, 4)]"
1740,"ĠO ' Leary Ġagrees Ġnew ĠVilla Ġcontract Ċ Ċ A ston ĠVilla Ġboss ĠDavid ĠO ' Leary Ġsigned Ġa Ġthree - and - a - half Ġyear Ġcontract Ġextension Ġon ĠThursday , Ġsecuring Ġhis Ġfuture Ġat Ġthe Ġclub Ġuntil Ġsummer Ġ2008 .",O O O O O O O O O O O O O B-ATHLETE I-ATHLETE I-ATHLETE I-ATHLETE O O O O O O O O O O O O O O O O O O O O O O O O O,B-BUSINESS-EXECUTIVE-MANAGER I-BUSINESS-EXECUTIVE-MANAGER I-BUSINESS-EXECUTIVE-MANAGER O O O O O O O O O O B-BUSINESS-EXECUTIVE-MANAGER I-BUSINESS-EXECUTIVE-MANAGER I-BUSINESS-EXECUTIVE-MANAGER I-BUSINESS-EXECUTIVE-MANAGER O O O O O O O O O O O O O O O O O O O O O O O O O,"[('ATHLETE', 13, 16)]","[('BUSINESS-EXECUTIVE-MANAGER', 0, 2), ('BUSINESS-EXECUTIVE-MANAGER', 13, 16)]"
1741,"Ġ Ċ Ċ O ' Leary 's Ġfuture Ġwas Ġin Ġquestion , Ġbut ĠVilla Ġchairman ĠDoug ĠEllis Ġsaid Ġhe Ġwas Ġhappy Ġto Ġsecure Ġthe Ġdeal . Ġ""",O O O O O O O O O O O O O O O B-BUSINESS-EXECUTIVE-MANAGER I-BUSINESS-EXECUTIVE-MANAGER O O O O O O O O O O,O O O B-PUBLIC-FIGURE I-PUBLIC-FIGURE I-PUBLIC-FIGURE O O O O O O O O O B-PUBLIC-FIGURE I-PUBLIC-FIGURE O O O O O O O O O O,"[('BUSINESS-EXECUTIVE-MANAGER', 15, 16)]","[('PUBLIC-FIGURE', 3, 5), ('PUBLIC-FIGURE', 15, 16)]"
1742,"ĠDavid 's Ġrecord Ġsince Ġhis Ġarrival Ġin Ġ2003 Ġis Ġexcellent Ġand Ġhe Ġshares Ġthe Ġboard 's Ġam ib itions Ġin Ġtaking Ġthis Ġclub Ġforward ,"" Ġhe Ġtold ĠVilla 's Ġwebsite . Ġ""",O O O O O O O O O O O O O O O O O O O O O O O O O O O O O O O O,B-ATHLETE O O O O O O O O O O O O O O O O O O O O O O O O O O O O O O O,[],"[('ATHLETE', 0, 0)]"
1744,"ĠO ' Leary Ġput Ġpen Ġto Ġpaper Ġafter Ġdeals Ġwere Ġsorted Ġfor Ġhis Ġright - hand Ġmen ĠRoy ĠA it ken Ġand ĠSteve ĠMcGregor . Ġ""",O O O O O O O O O O O O O O O O O B-ATHLETE I-ATHLETE I-ATHLETE I-ATHLETE O B-ATHLETE I-ATHLETE O O,B-BUSINESS-EXECUTIVE-MANAGER I-BUSINESS-EXECUTIVE-MANAGER I-BUSINESS-EXECUTIVE-MANAGER O O O O O O O O O O O O O O B-ATHLETE I-ATHLETE I-ATHLETE I-ATHLETE O B-ATHLETE I-ATHLETE O O,"[('ATHLETE', 17, 20), ('ATHLETE', 22, 23)]","[('BUSINESS-EXECUTIVE-MANAGER', 0, 2), ('ATHLETE', 17, 20), ('ATHLETE', 22, 23)]"
1745,"ĠIt Ġwas Ġimportant Ġto Ġme ĠRoy Ġand ĠSteve , Ġan Ġintegral Ġpart Ġof Ġmy Ġteam , Ġshould Ġstay Ġfor Ġthe Ġsame Ġtime ,"" ĠO ' Leary Ġsaid Ġon ĠThursday Ġahead Ġof Ġsigning Ġhis Ġnew Ġdeal . Ġ""",O O O O O O O O O O O O O O O O O O O O O O O O O O O O O O O O O O O O O,O O O O O B-ATHLETE O B-ATHLETE O O O O O O O O O O O O O O O B-BUSINESS-EXECUTIVE-MANAGER I-BUSINESS-EXECUTIVE-MANAGER I-BUSINESS-EXECUTIVE-MANAGER O O O O O O O O O O O,[],"[('ATHLETE', 5, 5), ('ATHLETE', 7, 7), ('BUSINESS-EXECUTIVE-MANAGER', 23, 25)]"
1747,"Ġ"" Earlier Ġin ĠDecember , Ġthere Ġwere Ġrumours ĠO ' Leary Ġwould Ġquit Ġif Ġhe Ġis Ġnot Ġoffered Ġa Ġnew Ġdeal Ġbefore Ġthe Ġend Ġof Ġthe Ġseason .",O O O O O O O O O O O O O O O O O O O O O O O O O O O O,O O O O O O O O B-BUSINESS-EXECUTIVE-MANAGER I-BUSINESS-EXECUTIVE-MANAGER I-BUSINESS-EXECUTIVE-MANAGER O O O O O O O O O O O O O O O O O,[],"[('BUSINESS-EXECUTIVE-MANAGER', 8, 10)]"
1748,"Ġ Ċ Ċ But Ġhe Ġdenied Ġthat , Ġsaying Ġhe Ġwas Ġhappy Ġto Ġtake Ġon Ġthe Ġchallenge Ġof Ġimproving ĠVilla 's Ġfortunes Ġin Ġthe Ġlong Ġterm . Ġ""",O O O O O O O O O O O O O O O O O O O O O O O O O O O O,O O O O O O O O O O O O O O O O O O O B-ATHLETE O O O O O O O O,[],"[('ATHLETE', 19, 19)]"
1749,"ĠI Ġwant Ġto Ġmake Ġsure Ġby Ġthe Ġend Ġof Ġthe Ġfive Ġyears ĠI Ġwould Ġhave Ġbeen Ġin Ġcharge Ġthat ĠVilla Ġare Ġachieving Ġtop Ġsix Ġfinishes Ġin Ġthe ĠPremiership Ġon Ġa Ġregular Ġbasis ,"" Ġsaid ĠO ' Leary , Ġwho Ġtook Ġover Ġat ĠVilla ĠPark Ġin ĠMay Ġ2003 . Ġ""",O O O O O O O O O O O O O O O O O O O O O O O O O O O O O O O O O O O O O O O O O O O O O O O O O,O O O O O O O O O O O O O O O O O O O O O O O O O O O O O O O O O O B-BUSINESS-EXECUTIVE-MANAGER I-BUSINESS-EXECUTIVE-MANAGER I-BUSINESS-EXECUTIVE-MANAGER O O O O O O O O O O O O,[],"[('BUSINESS-EXECUTIVE-MANAGER', 34, 36)]"
1752,"ĠMeanwhile , ĠO ' Leary Ġhas Ġr apped Ġsk ipper ĠOl of ĠMell berg Ġfor Ġhis Ġcomments Ġbefore ĠSunday 's Ġderby Ġwith ĠBirmingham .",O O O O O O O O O O B-ATHLETE I-ATHLETE I-ATHLETE I-ATHLETE O O O O O O O O O O,O O B-PUBLIC-FIGURE I-PUBLIC-FIGURE I-PUBLIC-FIGURE O O O O O B-ATHLETE I-ATHLETE I-ATHLETE I-ATHLETE O O O O O O O O O O,"[('ATHLETE', 10, 13)]","[('PUBLIC-FIGURE', 2, 4), ('ATHLETE', 10, 13)]"
1753,"Ġ Ċ Ċ M ell berg Ġspoke Ġof Ġhis Ġdislike Ġof ĠVilla 's Ġrivals Ġahead Ġof Ġthe Ġmatch , Ġwhich ĠSteve ĠBruce 's Ġside Ġwon Ġ2 - 1 . Ġ""",O O O O O O O O O O O O O O O O O O O O B-ATHLETE I-ATHLETE O O O O O O O O,O O O B-ATHLETE I-ATHLETE I-ATHLETE O O O O O O O O O O O O O O B-PUBLIC-FIGURE I-PUBLIC-FIGURE I-PUBLIC-FIGURE O O O O O O O,"[('ATHLETE', 20, 21)]","[('ATHLETE', 3, 5), ('PUBLIC-FIGURE', 20, 22)]"
1754,ĠI 've Ġhad Ġmore Ġthan Ġa Ġquiet Ġword Ġwith ĠOl of .,O O O O O O O O O O O O,O O O O O O O O O B-ATHLETE I-ATHLETE O,[],"[('ATHLETE', 9, 10)]"
1755,"ĠIt 's Ġbeen Ġsaid Ġwithin Ġthe Ġwhole Ġgroup , Ġnot Ġas Ġa Ġone - to - one ,"" Ġhe Ġtold ĠVilla 's Ġwebsite . Ġ""",O O O O O O O O O O O O O O O O O O O O O O O O O,O O O O O O O O O O O O O O O O O O O O B-MUSICIAN O O O O,[],"[('MUSICIAN', 20, 20)]"
1759,"Ġ Ċ Ċ The Ġstudy Ġby ĠUS Ġresearchers , ĠPew ĠInternet , Ġsuggests Ġmusicians Ġdo Ġnot Ġagree Ġwith Ġthe Ġtactics Ġadopted Ġby Ġthe Ġmusic Ġindustry Ġagainst Ġfile - sharing .",O O O O O O O O O O O O O O O O O O O O O O O O O O O O O O,O O O O O O O O O B-PUBLIC-FIGURE I-PUBLIC-FIGURE O O O O O O O O O O O O O O O O O O O,[],"[('PUBLIC-FIGURE', 9, 10)]"
1761,"ĠEven Ġsuccessful Ġartists Ġdon 't Ġthink Ġthe Ġlawsuits Ġwill Ġbenefit Ġmusicians ,"" Ġsaid Ġreport Ġauthor ĠMary ĠMadden .",O O O O O O O O O O O O O O O B-AUTHOR-WRITER I-AUTHOR-WRITER O,O O O O O O O O O O O O O O O B-PUBLIC-FIGURE I-PUBLIC-FIGURE O,"[('AUTHOR-WRITER', 15, 16)]","[('PUBLIC-FIGURE', 15, 16)]"
1762,"Ġ Ċ Ċ For Ġpart Ġof Ġthe Ġstudy , ĠPew ĠInternet Ġconducted Ġan Ġonline Ġsurvey Ġof Ġ2 , 755 Ġmusicians , Ġsong writers Ġand Ġmusic Ġpublishers Ġvia Ġmusician Ġmembership Ġorganisations Ġbetween ĠMarch Ġand ĠApril Ġ2004 .",O O O O O O O O O O O O O O O O O O O O O O O O O O O O O O O O O O O O,O O O O O O O O O B-PUBLIC-FIGURE I-PUBLIC-FIGURE O O O O O O O O O O O O O O O O O O O O O O O O O,[],"[('PUBLIC-FIGURE', 9, 10)]"
1764,"ĠWe Ġlooked Ġat Ġmore Ġof Ġthe Ġindependent Ġmusicians , Ġrather Ġthan Ġthe Ġrock stars Ġof Ġthis Ġindustry Ġbut Ġthat Ġreflects Ġmore Ġaccurately Ġthe Ġstate Ġof Ġthe Ġmusic Ġindustry ,"" ĠMs ĠMadden Ġtold Ġthe ĠBBC ĠNews Ġwebsite . Ġ""",O O O O O O O O O O O O O O O O O O O O O O O O O O O O O O O O O O O O O O,O O O O O O O O O O O O O O O O O O O O O O O O O O O O O O B-BUSINESS-EXECUTIVE-MANAGER O O O O O O O,[],"[('BUSINESS-EXECUTIVE-MANAGER', 30, 30)]"
1765,"ĠWe Ġalways Ġhear Ġthe Ġviews Ġof Ġsuccessful Ġartists Ġlike Ġthe ĠBrit neys Ġof Ġthe Ġworld Ġbut Ġthe Ġless Ġsuccessful Ġartists Ġrarely Ġget Ġrepresented .""",O O O O O O O O O O O O O O O O O O O O O O O O,O O O O O O O O O O B-MUSICIAN I-MUSICIAN O O O O O O O O O O O O,[],"[('MUSICIAN', 10, 11)]"
1770,"ĠMus icians Ġare Ġembracing Ġthe Ġinternet Ġenthusiastically ,"" Ġsaid ĠMs ĠMadden . Ġ""",O O O O O O O O O O O O O,O O O O O O O O O O B-BUSINESS-EXECUTIVE-MANAGER O O,[],"[('BUSINESS-EXECUTIVE-MANAGER', 10, 10)]"
1780,"ĠBoth Ġsuccessful Ġand Ġstruggling Ġmusicians Ġwere Ġmore Ġlikely Ġto Ġsay Ġthat Ġthe Ġinternet Ġhas Ġmade Ġit Ġpossible Ġfor Ġthem Ġto Ġmake Ġmore Ġmoney Ġfrom Ġtheir Ġmusic , Ġrather Ġthan Ġmake Ġit Ġharder Ġfor Ġthem Ġto Ġprotect Ġtheir Ġmaterial Ġfrom Ġpiracy ,"" Ġsaid ĠMs ĠMadden .",O O O O O O O O O O O O O O O O O O O O O O O O O O O O O O O O O O O O O O O O O O O O O,O O O O O O O O O O O O O O O O O O O O O O O O O O O O O O O O O O O O O O O O O O O B-BUSINESS-EXECUTIVE-MANAGER O,[],"[('BUSINESS-EXECUTIVE-MANAGER', 43, 43)]"
1785,ĠMs ĠJ owell Ġsaid Ġthe Ġlegislation Ġwould Ġban Ġpsychological Ġtrick ery .,O O O O O O O O O O O O,O B-POLITICIAN I-POLITICIAN O O O O O O O O O,[],"[('POLITICIAN', 1, 2)]"
1790,"ĠCas inos Ġalso Ġfrequently Ġoffer Ġfree Ġfood , Ġdrink Ġand Ġhotel Ġaccommodation Ġto Ġkeep Ġpun ters Ġbetting .",O O O O O O O O O O O O O O O O O O,B-PUBLIC-FIGURE I-PUBLIC-FIGURE O O O O O O O O O O O O O O O O,[],"[('PUBLIC-FIGURE', 0, 1)]"
1795,"ĠWe Ġcertainly Ġdon 't Ġuse Ġp here m ones . Ġ""",O O O O O O O O O O O,O O O O O B-ATHLETE I-ATHLETE I-ATHLETE I-ATHLETE O O,[],"[('ATHLETE', 5, 8)]"
1800,"ĠThe ĠLib ĠDems Ġsaid Ġthe Ġplan Ġcould Ġlet Ġextreme Ġgroups Ġrun Ġpolicing , Ġwhile ĠLabour Ġcriticised Ġ"" ext rav ag ant "" ĠTory Ġpromises Ġon Ġpolicing .",O O O O O O O O O O O O O O O O O O O O O O O O O O O,O O O O O O O O O O O O O O O O O O O O O O B-POLITICIAN O O O O,[],"[('POLITICIAN', 22, 22)]"
1802,"Ġ Ċ Ċ Jan ĠBerry Ġsaid : Ġ"" It Ġis Ġa Ġservice , Ġnot Ġa Ġpolitical Ġfootball Ġto Ġbe Ġkicked Ġaround Ġevery Ġtime Ġan Ġelection Ġapproaches . Ġ""",O O O B-PUBLIC-FIGURE I-PUBLIC-FIGURE O O O O O O O O O O O O O O O O O O O O O O O,O O O B-AUTHOR-WRITER I-AUTHOR-WRITER O O O O O O O O O O O O O O O O O O O O O O O,"[('PUBLIC-FIGURE', 3, 4)]","[('AUTHOR-WRITER', 3, 4)]"
1804,"ĠOut lining Ġhis Ġcrime Ġmanifesto , ĠMr ĠHoward Ġsaid Ġelected Ġpolice Ġcommissioners Ġwould Ġbe Ġmore Ġaccountable Ġthan Ġpolice Ġauthorities Ġwhich Ġare Ġmade Ġup Ġof Ġlocal Ġcouncillors Ġand Ġmag istrates . Ġ""",O O O O O O O O O O O O O O O O O O O O O O O O O O O O O O O,O O O O O O O B-POLITICIAN O O O O O O O O O O O O O O O O O O O O O O O,[],"[('POLITICIAN', 7, 7)]"
1807,"ĠMr ĠHoward Ġsaid Ġthe Ġauthorities Ġwere Ġnot Ġ"" prov iding Ġthe Ġlocal Ġaccountability Ġthat Ġwe Ġwant Ġto Ġsee "" Ġand Ġthat Ġelected Ġpolice Ġcommissioners Ġwould Ġbe Ġmore Ġvisible .",O O O O O O O O O O O O O O O O O O O O O O O O O O O O O,O B-POLITICIAN O O O O O O O O O O O O O O O O O O O O O O O O O O O,[],"[('POLITICIAN', 1, 1)]"
1809,"ĠLord ĠHarris , Ġwho Ġsits Ġon Ġthe Ġexecutive Ġof ĠAssociation Ġof ĠPolice ĠAuthorities , Ġsaid Ġthe Ġplans Ġseemed Ġto Ġsuggest Ġchief Ġconst ables Ġshould Ġbe Ġtold Ġwhat Ġto Ġdo Ġby Ġa Ġsingle Ġpolitician . Ġ""",B-POLITICIAN I-POLITICIAN O O O O O O O O O O O O O O O O O O O O O O O O O O O O O O O O O,O B-PUBLIC-FIGURE O O O O O O O O O O O O O O O O O O O O O O O O O O O O O O O O O,"[('POLITICIAN', 0, 1)]","[('PUBLIC-FIGURE', 1, 1)]"
1812,"ĠMr ĠO aten Ġsaid Ġlocal Ġpeople Ġhad Ġtoo Ġlittle Ġcontrol Ġover Ġpolicing Ġbut Ġa Ġfar Ġbetter Ġsolution Ġwould Ġbe Ġfor Ġelected Ġcouncillors Ġto Ġdraw Ġup Ġa Ġ"" minimum Ġpolicing Ġguarantee "" Ġwith Ġtheir Ġchief Ġconst ables .",O O O O O O O O O O O O O O O O O O O O O O O O O O O O O O O O O O O O O,O B-POLITICIAN I-POLITICIAN O O O O O O O O O O O O O O O O O O O O O O O O O O O O O O O O O O,[],"[('POLITICIAN', 1, 2)]"
1813,"ĠA ĠLabour ĠParty Ġspokesman Ġcriticised ĠMichael ĠHoward 's Ġrecord , Ġsaying Ġpolice Ġnumbers Ġhad Ġfallen Ġby Ġ1 , 132 Ġwhen Ġhe Ġwas Ġhome Ġsecretary .",O O O O O B-POLITICIAN I-POLITICIAN O O O O O O O O O O O O O O O O O O,O O O O O B-POLITICIAN I-POLITICIAN I-POLITICIAN O O O O O O O O O O O O O O O O O,"[('POLITICIAN', 5, 6)]","[('POLITICIAN', 5, 7)]"
1820,ĠThe Ġprize Ġwas Ġpresented Ġat Ġan Ġawards Ġceremony Ġheld Ġin ĠLondon Ġon ĠThursday Ġand Ġhosted Ġby ĠJonathan ĠRoss .,O O O O O O O O O O O O O O O O B-ACTOR-DIRECTOR I-ACTOR-DIRECTOR O,O O O O O O O O O O O O O O O O B-PUBLIC-FIGURE I-PUBLIC-FIGURE O,"[('ACTOR-DIRECTOR', 16, 17)]","[('PUBLIC-FIGURE', 16, 17)]"
1822,"Ġ Ċ Ċ Ross , Ġwho Ġis Ġthe Ġpresenter Ġof ĠBBC ĠOne 's ĠFilm Ġ2005 , Ġwas Ġalso Ġinvolved Ġin Ġthe Ġdeliberations .",O O O O O O O O O O O O O O O O O O O O O O O,O O O B-PUBLIC-FIGURE O O O O O O O O O O O O O O O O O O O,[],"[('PUBLIC-FIGURE', 3, 3)]"
1824,"ĠOther Ġnominees Ġincluded Ġthe ĠMotor cycle ĠDi aries , ĠZ ato ichi Ġand ĠHero .",O O O O O O O O O O O O O O O,O O O O O O O O O B-ACTOR-DIRECTOR I-ACTOR-DIRECTOR I-ACTOR-DIRECTOR O O O,[],"[('ACTOR-DIRECTOR', 9, 11)]"
1833,"ĠAs Ġpart Ġof Ġthe Ġdeal , ĠFeder ated Ġ- Ġowner Ġof ĠMacy 's Ġand ĠBlooming dale 's Ġ- Ġwill Ġassume Ġ$ 6 bn Ġof ĠMay 's Ġdebt , Ġbringing Ġthe Ġdeal 's Ġtotal Ġvalue Ġto Ġ$ 17 bn .",O O O O O O O O O O O O O O O O O O O O O O O O O O O O O O O O O O O O O O O,O O O O O O B-BUSINESS-EXECUTIVE-MANAGER I-BUSINESS-EXECUTIVE-MANAGER O O O O O O O O O O O O O O O O O O O O O O O O O O O O O O O,[],"[('BUSINESS-EXECUTIVE-MANAGER', 6, 7)]"
1835,Ġ Ċ Ċ May Ġhas Ġstruggled Ġto Ġcompete Ġagainst Ġlarger Ġdepartment Ġstore Ġgroups Ġsuch Ġas ĠFeder ated Ġand Ġother Ġretailers Ġsuch Ġas ĠWal - Mart .,O O O O O O O O O O O O O O O O O O O O O O O O O O,O O O B-BUSINESS-EXECUTIVE-MANAGER O O O O O O O O O O O O O O O O O O O O O O,[],"[('BUSINESS-EXECUTIVE-MANAGER', 3, 3)]"
1836,ĠFeder ated Ġexpects Ġthe Ġmerger Ġto Ġboost Ġearnings Ġfrom Ġ2007 Ġbut Ġthe Ġdeal Ġwill Ġcost Ġit Ġ$ 1 bn Ġin Ġone - off Ġcharges .,O O O O O O O O O O O O O O O O O O O O O O O O O,B-BUSINESS-EXECUTIVE-MANAGER I-BUSINESS-EXECUTIVE-MANAGER O O O O O O O O O O O O O O O O O O O O O O O,[],"[('BUSINESS-EXECUTIVE-MANAGER', 0, 1)]"
1839,"ĠWithout Ġthis Ġdeal ĠMay Ġwould Ġhave Ġbeen , Ġto Ġput Ġit Ġbluntly , Ġwashed Ġup ,"" Ġsaid ĠKurt ĠBarn ard , Ġpresident Ġof ĠBarn ard 's ĠRetail ĠConsulting ĠGroup .",O O O O O O O O O O O O O O O O O B-PUBLIC-FIGURE I-PUBLIC-FIGURE I-PUBLIC-FIGURE O O O O O O O O O O,O O O O O O O O O O O O O O O O O B-BUSINESS-EXECUTIVE-MANAGER I-BUSINESS-EXECUTIVE-MANAGER I-BUSINESS-EXECUTIVE-MANAGER O O O O O O O O O O,"[('PUBLIC-FIGURE', 17, 19)]","[('BUSINESS-EXECUTIVE-MANAGER', 17, 19)]"
1840,"ĠFeder ated Ġhas Ġannual Ġsales Ġof Ġ$ 15 . 6 bn , Ġwhile ĠMay 's Ġyearly Ġsales Ġare Ġ$ 14 . 4 bn .",O O O O O O O O O O O O O O O O O O O O O O O O,B-BUSINESS-EXECUTIVE-MANAGER I-BUSINESS-EXECUTIVE-MANAGER O O O O O O O O O O O O O O O O O O O O O O,[],"[('BUSINESS-EXECUTIVE-MANAGER', 0, 1)]"
1841,ĠEd gy ĠAg assi Ġstruggles Ġpast ĠDent Ċ Ċ Andre ĠAg assi Ġput Ġin Ġan Ġerratic Ġdisplay Ġbefore Ġed ging Ġinto Ġthe Ġfourth Ġround Ġof Ġthe ĠAustralian ĠOpen Ġwith Ġvictory Ġover ĠTaylor ĠDent .,O O O O O O O O O B-ATHLETE I-ATHLETE I-ATHLETE O O O O O O O O O O O O O O O O O O O B-ATHLETE I-ATHLETE O,B-ATHLETE I-ATHLETE I-ATHLETE I-ATHLETE O O B-ATHLETE O O B-ATHLETE I-ATHLETE I-ATHLETE O O O O O O O O O O O O O O O O O O O B-ATHLETE I-ATHLETE O,"[('ATHLETE', 9, 11), ('ATHLETE', 31, 32)]","[('ATHLETE', 0, 3), ('ATHLETE', 6, 6), ('ATHLETE', 9, 11), ('ATHLETE', 31, 32)]"
1843,"ĠHaving Ġsecured Ġthe Ġlead , ĠAg assi Ġstill Ġfailed Ġto Ġtake Ġcontrol Ġas Ġboth Ġplayers Ġforced Ġa Ġsuccession Ġof Ġbreaks .",O O O O O O O O O O O O O O O O O O O O O,O O O O O B-ATHLETE I-ATHLETE O O O O O O O O O O O O O O,[],"[('ATHLETE', 5, 6)]"
1844,ĠBut ĠAg assi Ġwon Ġthe Ġtie - break Ġbefore Ġwrapping Ġup Ġa Ġ7 - 5 Ġ7 - 6 Ġ( 7 - 3 ) Ġ6 - 1 Ġwin .,O O O O O O O O O O O O O O O O O O O O O O O O O O O O,O B-ATHLETE I-ATHLETE O O O O O O O O O O O O O O O O O O O O O O O O O,[],"[('ATHLETE', 1, 2)]"
1851,"ĠI Ġtry Ġto Ġstay Ġcalm Ġbecause Ġif Ġyou Ġgo Ġcrazy Ġagainst Ġplayers Ġlike ĠAn c ic , Ġyou Ġmight Ġnever Ġcome Ġback Ġbecause Ġhe 's Ġa Ġtough Ġopponent ,"" Ġhe Ġsaid . Ġ""",O O O O O O O O O O O O O O O O O O O O O O O O O O O O O O O O O,O O O O O O O O O O O O O B-ATHLETE I-ATHLETE I-ATHLETE O O O O O O O O O O O O O O O O O,[],"[('ATHLETE', 13, 15)]"
1856,Ġ Ċ Ċ The Ġtop Ġseed Ġand Ġdefending Ġchampion Ġwas Ġleading Ġ6 - 3 Ġ5 - 2 Ġwhen ĠNi emin en Ġpulled Ġout Ġwith Ġan Ġabdominal Ġinjury .,O O O O O O O O O O O O O O O O O O O O O O O O O O O O,O O O O O O O O O O O O O O O O O O B-ATHLETE I-ATHLETE I-ATHLETE O O O O O O O,[],"[('ATHLETE', 18, 20)]"
1858,ĠThe Ġworld Ġnumber Ġone Ġwill Ġplay ĠCy pri ot Ċ Ċ next Ġafter Ġthe Ġformer Ġworld Ġjunior Ġchampion Ġbeat ĠTommy ĠRob redo Ġ7 - 6 Ġ( 7 - 2 ) Ġ6 - 4 Ġ6 - 1 .,O O O O O O O O O O O O O O O O O O O B-ATHLETE I-ATHLETE I-ATHLETE O O O O O O O O O O O O O O O,O O O O O O B-ATHLETE I-ATHLETE I-ATHLETE O O O O O O O O O O B-ATHLETE I-ATHLETE I-ATHLETE O O O O O O O O O O O O O O O,"[('ATHLETE', 19, 21)]","[('ATHLETE', 6, 8), ('ATHLETE', 19, 21)]"
1865,ĠH r bat y Ġdefeated Ġthe Ġ10 th Ġseed Ġ7 - 6 Ġ( 7 - 5 ) Ġ6 - 7 Ġ( 8 - 10 ) Ġ6 - 7 Ġ( 3 - 7 ) Ġ6 - 1 Ġ6 - 3 Ġin Ġa Ġmatch Ġlasting Ġfour Ġhours Ġand Ġ21 Ġminutes .,O O O O O O O O O O O O O O O O O O O O O O O O O O O O O O O O O O O O O O O O O O O O O O O O O,B-ATHLETE I-ATHLETE I-ATHLETE I-ATHLETE O O O O O O O O O O O O O O O O O O O O O O O O O O O O O O O O O O O O O O O O O O O O O,[],"[('ATHLETE', 0, 3)]"
1866,"ĠThe Ġpair Ġtraded Ġ16 Ġservice Ġbreaks Ġduring Ġan Ġexhausting Ġbaseline Ġbattle , Ġwith ĠH r bat y Ġtaking Ġa Ġdecisive Ġadvantage Ġin Ġthe Ġeighth Ġgame Ġof Ġthe Ġfinal Ġset .",O O O O O O O O O O O O O O O O O O O O O O O O O O O O O O,O O O O O O O O O O O O O B-ATHLETE I-ATHLETE I-ATHLETE I-ATHLETE O O O O O O O O O O O O O,[],"[('ATHLETE', 13, 16)]"
1867,"ĠH r bat y Ġwill Ġnow Ġplay Ġ2002 Ġchampion Ċ Ċ , Ġwho Ġoutl asted ĠAmerican ĠKevin ĠKim Ġ3 - 6 Ġ6 - 2 Ġ6 - 7 Ġ6 - 2 Ġ6 - 2 .",O O O O O O O O O O O O O O O O B-ATHLETE I-ATHLETE O O O O O O O O O O O O O O O O,B-ATHLETE I-ATHLETE I-ATHLETE I-ATHLETE O O O O O O O O O O O O B-ATHLETE I-ATHLETE O O O O O O O O O O O O O O O O,"[('ATHLETE', 16, 17)]","[('ATHLETE', 0, 3), ('ATHLETE', 16, 17)]"
1869,"Ġ Ċ Ċ G ib son Ġand Ġhis ĠIcon ĠProductions Ġpartner ĠBruce ĠDave y Ġsaid Ġthey Ġwould Ġnot Ġbe Ġcampaigning Ġin Ġprint , Ġradio Ġor ĠTV Ġfor Ġsuccess Ġat Ġthe ĠOscars Ġin ĠFebruary . Ġ""",O O O O O O O O O O O B-BUSINESS-EXECUTIVE-MANAGER I-BUSINESS-EXECUTIVE-MANAGER I-BUSINESS-EXECUTIVE-MANAGER O O O O O O O O O O O O O O O O O O O O O,O O O B-PUBLIC-FIGURE I-PUBLIC-FIGURE I-PUBLIC-FIGURE O O O O O B-BUSINESS-EXECUTIVE-MANAGER I-BUSINESS-EXECUTIVE-MANAGER I-BUSINESS-EXECUTIVE-MANAGER O O O O O O O O O O O O O O O O O O O O O,"[('BUSINESS-EXECUTIVE-MANAGER', 11, 13)]","[('PUBLIC-FIGURE', 3, 5), ('BUSINESS-EXECUTIVE-MANAGER', 11, 13)]"
1870,"ĠThis Ġfilm Ġshould Ġbe Ġjudged Ġon Ġits Ġartistic Ġmerit , Ġnot Ġwho Ġspends Ġmore Ġmoney Ġon Ġadvertising ,"" ĠDave y Ġsaid .",O O O O O O O O O O O O O O O O O O O O O O,O O O O O O O O O O O O O O O O O O B-ACTOR-DIRECTOR I-ACTOR-DIRECTOR O O,[],"[('ACTOR-DIRECTOR', 18, 19)]"
1872,"ĠIcon Ġspent Ġvery Ġlittle Ġon Ġadvertising Ġthe Ġfilm , Ġwhich Ġdeals Ġwith Ġthe Ġlast Ġhours Ġof ĠJesus ĠChrist 's Ġlife , Ġwhen Ġit Ġwas Ġreleased Ġearlier Ġthis Ġyear Ġ- Ġinstead , Ġit Ġmade Ġthe Ġfilm Ġavailable Ġfor Ġspecial Ġscreenings Ġat Ġchurches .",O O O O O O O O O O O O O O O O B-PUBLIC-FIGURE I-PUBLIC-FIGURE O O O O O O O O O O O O O O O O O O O O O O O O,B-MUSICIAN O O O O O O O O O O O O O O O O O O O O O O O O O O O O O O O O O O O O O O O O O,"[('PUBLIC-FIGURE', 16, 17)]","[('MUSICIAN', 0, 0)]"
1876,"ĠAcademy Ġpresident ĠFrank ĠPi erson Ġpraised ĠGibson 's Ġmove Ġfor Ġworking Ġto Ġrestore Ġthe ĠOscars Ġas Ġa Ġ"" cele b ration Ġand Ġappreciation Ġof Ġexcellence ,"" Ġand Ġresisting Ġthe Ġ"" cr ass Ġcommercial isation Ġthat Ġwas Ġthreatening Ġthe Ġintegrity Ġof Ġthe Ġaward "".",O O B-BUSINESS-EXECUTIVE-MANAGER I-BUSINESS-EXECUTIVE-MANAGER I-BUSINESS-EXECUTIVE-MANAGER O O O O O O O O O O O O O O O O O O O O O O O O O O O O O O O O O O O O O O,O O B-BUSINESS-EXECUTIVE-MANAGER I-BUSINESS-EXECUTIVE-MANAGER I-BUSINESS-EXECUTIVE-MANAGER O B-ACTOR-DIRECTOR O O O O O O O O O O O O O O O O O O O O O O O O O O O O O O O O O O O O,"[('BUSINESS-EXECUTIVE-MANAGER', 2, 4)]","[('BUSINESS-EXECUTIVE-MANAGER', 2, 4), ('ACTOR-DIRECTOR', 6, 6)]"
1881,Ġ Ċ Ċ There Ġwas Ġa Ġtime Ġwhen ĠMr ĠTs uts umi Ġseemed Ġunt ouch able .,O O O O O O O O O B-BUSINESS-EXECUTIVE-MANAGER I-BUSINESS-EXECUTIVE-MANAGER I-BUSINESS-EXECUTIVE-MANAGER O O O O O,O O O O O O O O O B-POLITICIAN I-POLITICIAN I-POLITICIAN O O O O O,"[('BUSINESS-EXECUTIVE-MANAGER', 9, 11)]","[('POLITICIAN', 9, 11)]"
1886,ĠNow ĠMr ĠTs uts umi Ġfaces Ġcriminal Ġcharges Ġand Ġthe Ġpossibility Ġof Ġa Ġprison Ġsentence Ġbecause Ġhe Ġmade Ġit Ġlook Ġas Ġif Ġthe Ġ10 Ġbiggest Ġshareholders Ġowned Ġless Ġthan Ġthis Ġamount .,O O B-BUSINESS-EXECUTIVE-MANAGER I-BUSINESS-EXECUTIVE-MANAGER I-BUSINESS-EXECUTIVE-MANAGER O O O O O O O O O O O O O O O O O O O O O O O O O O O,O O B-PUBLIC-FIGURE I-PUBLIC-FIGURE I-PUBLIC-FIGURE O O O O O O O O O O O O O O O O O O O O O O O O O O O,"[('BUSINESS-EXECUTIVE-MANAGER', 2, 4)]","[('PUBLIC-FIGURE', 2, 4)]"
1891,"ĠI Ġfelt Ġenormous Ġpressure Ġwhen ĠI Ġd ined Ġwith Ġhim Ġand Ġit Ġwas Ġnothing Ġbut Ġpain ,"" ĠTs uts umi Ġtold Ġa Ġweekly Ġmagazine Ġin Ġ1987 . Ġ""",O O O O O O O O O O O O O O O O O B-BUSINESS-EXECUTIVE-MANAGER I-BUSINESS-EXECUTIVE-MANAGER I-BUSINESS-EXECUTIVE-MANAGER O O O O O O O O,O O O O O O O O O O O O O O O O O B-ATHLETE I-ATHLETE I-ATHLETE O O O O O O O O,"[('BUSINESS-EXECUTIVE-MANAGER', 17, 19)]","[('ATHLETE', 17, 19)]"
1921,ĠThe Ġcommunications Ġwatchdog ĠOf com Ġcould Ġhand Ġover Ġsome Ġterrestrial Ġfrequencies Ġfreed Ġup Ġwhen Ġthe ĠUK Ġswitches Ġoff Ġits Ġanalogue ĠTV Ġsignal .,O O O O O O O O O O O O O O O O O O O O O O O,O O O B-PUBLIC-FIGURE I-PUBLIC-FIGURE O O O O O O O O O O O O O O O O O O,[],"[('PUBLIC-FIGURE', 3, 4)]"
1928,"ĠAccording Ġto ĠMr ĠQuest ed , Ġthis Ġcould Ġhelp Ġput ĠEurope Ġback Ġinto Ġthe Ġrunning Ġin Ġthe Ġrace Ġto Ġswitch Ġto ĠHD TV .",O O O O O O O O O O O O O O O O O O O O O O O O,O O O B-BUSINESS-EXECUTIVE-MANAGER I-BUSINESS-EXECUTIVE-MANAGER O O O O O O O O O O O O O O O O O O O,[],"[('BUSINESS-EXECUTIVE-MANAGER', 3, 4)]"
1930,ĠEb bers Ġdenies ĠWorld Com Ġfraud Ċ Ċ Former ĠWorld Com Ġchief ĠBernie ĠEb bers Ġhas Ġdenied Ġclaims Ġthat Ġhe Ġknew Ġaccount ants Ġwere Ġdoctor ing Ġthe Ġbooks Ġat Ġthe Ġfirm .,O O O O O O O O O O O O B-BUSINESS-EXECUTIVE-MANAGER I-BUSINESS-EXECUTIVE-MANAGER I-BUSINESS-EXECUTIVE-MANAGER O O O O O O O O O O O O O O O O O,B-BUSINESS-EXECUTIVE-MANAGER I-BUSINESS-EXECUTIVE-MANAGER O O O O O O O O O O B-BUSINESS-EXECUTIVE-MANAGER I-BUSINESS-EXECUTIVE-MANAGER I-BUSINESS-EXECUTIVE-MANAGER O O O O O O O O O O O O O O O O O,"[('BUSINESS-EXECUTIVE-MANAGER', 12, 14)]","[('BUSINESS-EXECUTIVE-MANAGER', 0, 1), ('BUSINESS-EXECUTIVE-MANAGER', 12, 14)]"
1931,"Ġ Ċ Ċ Speaking Ġin Ġcourt , ĠMr ĠEb bers Ġrejected Ġallegations Ġhe Ġpressured Ġex - chief Ġfinancial Ġofficer ĠScott ĠSullivan Ġto Ġfals ify Ġcompany Ġfinancial Ġstatements .",O O O O O O O O O O O O O O O O O O O B-BUSINESS-EXECUTIVE-MANAGER I-BUSINESS-EXECUTIVE-MANAGER O O O O O O O,O O O O O O O O B-BUSINESS-EXECUTIVE-MANAGER I-BUSINESS-EXECUTIVE-MANAGER O O O O O O O O O B-BUSINESS-EXECUTIVE-MANAGER I-BUSINESS-EXECUTIVE-MANAGER O O O O O O O,"[('BUSINESS-EXECUTIVE-MANAGER', 19, 20)]","[('BUSINESS-EXECUTIVE-MANAGER', 8, 9), ('BUSINESS-EXECUTIVE-MANAGER', 19, 20)]"
1932,"ĠMr ĠSullivan Ġ"" made Ġaccounting Ġdecisions ,"" Ġhe Ġtold Ġthe Ġfederal Ġcourt , Ġsaying Ġhis Ġfinance Ġchief Ġhad Ġ"" a Ġkeen Ġcommand Ġof Ġthe Ġnumbers "".",O O O O O O O O O O O O O O O O O O O O O O O O O O,O B-BUSINESS-EXECUTIVE-MANAGER O O O O O O O O O O O O O O O O O O O O O O O O,[],"[('BUSINESS-EXECUTIVE-MANAGER', 1, 1)]"
1933,ĠMr ĠEb bers Ġhas Ġdenied Ġcharges Ġof Ġfraud Ġand Ġconspiracy .,O O O O O O O O O O O,O B-BUSINESS-EXECUTIVE-MANAGER I-BUSINESS-EXECUTIVE-MANAGER O O O O O O O O,[],"[('BUSINESS-EXECUTIVE-MANAGER', 1, 2)]"
1934,ĠDuring Ġhis Ġsecond Ġday Ġof Ġquestioning Ġin Ġthe ĠNew ĠYork Ġtrial ĠMr ĠEb bers Ġplayed Ġdown Ġhis Ġworking Ġrelationship Ġwith ĠMr ĠSullivan Ġand Ġdenied Ġhe Ġfrequently Ġmet Ġhim Ġto Ġdiscuss Ġcompany Ġbusiness Ġwhen Ġquestioned Ġby Ġthe Ġprosecution .,O O O O O O O O O O O O O O O O O O O O O O O O O O O O O O O O O O O O O O,O O O O O O O O O O O O B-BUSINESS-EXECUTIVE-MANAGER I-BUSINESS-EXECUTIVE-MANAGER O O O O O O O B-BUSINESS-EXECUTIVE-MANAGER O O O O O O O O O O O O O O O O,[],"[('BUSINESS-EXECUTIVE-MANAGER', 12, 13), ('BUSINESS-EXECUTIVE-MANAGER', 21, 21)]"
1935,"Ġ Ċ Ċ "" In Ġa Ġlot Ġof Ġweeks , Ġwe Ġwould Ġspeak Ġ... Ġthree Ġor Ġfour Ġtimes ,"" ĠMr ĠEb bers Ġsaid , Ġadding Ġthat Ġconversations Ġabout Ġfinances Ġwere Ġrarely Ġone - on - one Ġand Ġwere Ġusually Ġdiscussed Ġby Ġa Ġ"" group Ġof Ġpeople "" Ġinstead .",O O O O O O O O O O O O O O O O O O O O O O O O O O O O O O O O O O O O O O O O O O O O O O O O O,O O O O O O O O O O O O O O O O O O O O B-BUSINESS-EXECUTIVE-MANAGER I-BUSINESS-EXECUTIVE-MANAGER O O O O O O O O O O O O O O O O O O O O O O O O O O O,[],"[('BUSINESS-EXECUTIVE-MANAGER', 20, 21)]"
1936,Ġ Ċ Ċ Mr ĠEb bers Ġrelationship Ġto ĠMr ĠSullivan Ġis Ġkey Ġto Ġthe Ġcase Ġsurrounding Ġfinancial Ġcorruption Ġthat Ġled Ġto Ġthe Ġcollapse Ġof Ġthe Ġfirm Ġin Ġ2002 Ġfollowing Ġthe Ġdiscovery Ġof Ġan Ġ$ 11 bn Ġaccounting Ġfraud .,O O O O O O O O O O O O O O O O O O O O O O O O O O O O O O O O O O O O O O O,O O O O B-BUSINESS-EXECUTIVE-MANAGER I-BUSINESS-EXECUTIVE-MANAGER O O O B-BUSINESS-EXECUTIVE-MANAGER O O O O O O O O O O O O O O O O O O O O O O O O O O O O O,[],"[('BUSINESS-EXECUTIVE-MANAGER', 4, 5), ('BUSINESS-EXECUTIVE-MANAGER', 9, 9)]"
1937,"ĠThe Ġprosecution 's Ġstar Ġwitness Ġis ĠMr ĠSullivan , Ġone Ġof Ġsix ĠWorld Com Ġexecutives Ġindicted Ġin Ġthe Ġcase , ĠHe Ġhas Ġpleaded Ġguilty Ġto Ġfraud Ġand Ġappeared Ġas Ġa Ġprosecution Ġwitness Ġas Ġpart Ġof Ġan Ġagreement Ġwith Ġprosecutors .",O O O O O O O O O O O O O O O O O O O O O O O O O O O O O O O O O O O O O O O O,O O O O O O O B-BUSINESS-EXECUTIVE-MANAGER O O O O O O O O O O O O O O O O O O O O O O O O O O O O O O O O,[],"[('BUSINESS-EXECUTIVE-MANAGER', 7, 7)]"
1938,"ĠDuring Ġhis Ġtime Ġon Ġthe Ġwitness Ġstand ĠMr ĠSullivan Ġrepeatedly Ġtold Ġjurors Ġhe Ġmet Ġfrequently Ġwith ĠMr ĠEb bers , Ġtold Ġhim Ġabout Ġchanges Ġmade Ġto ĠWorld Com 's Ġaccounts Ġto Ġhide Ġcosts Ġand Ġhad Ġwarned Ġhim Ġsuch Ġpract ises Ġwere Ġimproper .",O O O O O O O O O O O O O O O O O O O O O O O O O O O O O O O O O O O O O O O O O O O,O O O O O O O O B-BUSINESS-EXECUTIVE-MANAGER O O O O O O O O B-BUSINESS-EXECUTIVE-MANAGER I-BUSINESS-EXECUTIVE-MANAGER O O O O O O O O O O O O O O O O O O O O O O O O,[],"[('BUSINESS-EXECUTIVE-MANAGER', 8, 8), ('BUSINESS-EXECUTIVE-MANAGER', 17, 18)]"
1939,"ĠHowever Ġduring Ġthe Ġcase Ġon ĠTuesday ĠMr ĠEb bers Ġdenied Ġthe Ġallegations . Ġ""",O O O O O O O O O O O O O O,O O O O O O O B-BUSINESS-EXECUTIVE-MANAGER I-BUSINESS-EXECUTIVE-MANAGER O O O O O,[],"[('BUSINESS-EXECUTIVE-MANAGER', 7, 8)]"
1940,"ĠI Ġwasn 't Ġadvised Ġby ĠScott ĠSullivan Ġof Ġanything Ġever Ġbeing Ġwrong ,"" Ġhe Ġtold Ġthe Ġcourt . Ġ""",O O O O O B-BUSINESS-EXECUTIVE-MANAGER I-BUSINESS-EXECUTIVE-MANAGER O O O O O O O O O O O O,O O O O O B-PUBLIC-FIGURE I-PUBLIC-FIGURE O O O O O O O O O O O O,"[('BUSINESS-EXECUTIVE-MANAGER', 5, 6)]","[('PUBLIC-FIGURE', 5, 6)]"
1943,ĠMr ĠEb bers Ġcould Ġface Ġa Ġjail Ġsentence Ġof Ġup Ġto Ġ85 Ġyears Ġif Ġconvicted Ġof Ġall Ġthe Ġcharges Ġhe Ġis Ġfacing .,O O O O O O O O O O O O O O O O O O O O O O O,O B-BUSINESS-EXECUTIVE-MANAGER I-BUSINESS-EXECUTIVE-MANAGER O O O O O O O O O O O O O O O O O O O O,[],"[('BUSINESS-EXECUTIVE-MANAGER', 1, 2)]"
1948,ĠShark ĠTale Ġis Ġnow Ġthe Ġsixth - highest Ġearning ĠDVD Ġfor Ġfirst Ġweek Ġsales .,O O O O O O O O O O O O O O O,B-MUSICIAN I-MUSICIAN O O O O O O O O O O O O O,[],"[('MUSICIAN', 0, 1)]"
1949,"ĠThe Ġall - time Ġfirst - week Ġrecord Ġis Ġheld Ġby Ġ1995 's ĠLion ĠKing Ġfollowed Ġby ĠSh rek Ġ2 , ĠFinding ĠNem o , Ġthe Ġoriginal ĠSh rek , Ġand ĠMonster 's ĠInc . Ċ Ċ Sh ark ĠTale , Ġwhose Ġvoice Ġcast Ġincludes ĠWill ĠSmith , ĠRobert ĠDe ĠN iro , ĠRen ee ĠZ ell we ger Ġand ĠMartin ĠSc ors ese , Ġsold Ġmore Ġthan Ġ6 Ġmillion ĠDVDs Ġand Ġvideos Ġacross Ġthe ĠUnited ĠStates Ġand ĠCanada .",O O O O O O O O O O O O O O O O O O O O O O O O O O O O O O O O O O O O O O O O O O O O O B-ACTOR-DIRECTOR I-ACTOR-DIRECTOR O B-ACTOR-DIRECTOR I-ACTOR-DIRECTOR I-ACTOR-DIRECTOR I-ACTOR-DIRECTOR O B-ACTOR-DIRECTOR I-ACTOR-DIRECTOR I-ACTOR-DIRECTOR I-ACTOR-DIRECTOR I-ACTOR-DIRECTOR I-ACTOR-DIRECTOR O B-ACTOR-DIRECTOR I-ACTOR-DIRECTOR I-ACTOR-DIRECTOR I-ACTOR-DIRECTOR O O O O O O O O O O O O O O O O,O O O O O O O O O O O O O O O O O B-MUSICIAN O O O O O O O O O O O O O O O O O O O O O O O O O O O B-ACTOR-DIRECTOR I-ACTOR-DIRECTOR O B-ACTOR-DIRECTOR I-ACTOR-DIRECTOR I-ACTOR-DIRECTOR I-ACTOR-DIRECTOR O B-ACTOR-DIRECTOR I-ACTOR-DIRECTOR I-ACTOR-DIRECTOR I-ACTOR-DIRECTOR I-ACTOR-DIRECTOR I-ACTOR-DIRECTOR O B-ACTOR-DIRECTOR I-ACTOR-DIRECTOR I-ACTOR-DIRECTOR I-ACTOR-DIRECTOR O O O O O O O O O O O O O O O O,"[('ACTOR-DIRECTOR', 45, 46), ('ACTOR-DIRECTOR', 48, 51), ('ACTOR-DIRECTOR', 53, 58), ('ACTOR-DIRECTOR', 60, 63)]","[('MUSICIAN', 17, 17), ('ACTOR-DIRECTOR', 45, 46), ('ACTOR-DIRECTOR', 48, 51), ('ACTOR-DIRECTOR', 53, 58), ('ACTOR-DIRECTOR', 60, 63)]"
1952,"ĠThe Ġbest - selling Ġhome Ġvideo Ġof Ġlast Ġyear Ġwas Ġthe ĠDream works Ġhit ĠSh rek Ġ2 , Ġwhich Ġtook Ġan Ġestimated Ġ$ 458 Ġm Ġ(Â£ 242 . 7 m ) Ġin ĠNorth ĠAmerica Ġalone .",O O O O O O O O O O O O O O O O O O O O O O O O O O O O O O O O O O O O,O O O O O O O O O O O B-MUSICIAN I-MUSICIAN O O O O O O O O O O O O O O O O O O O O O O O,[],"[('MUSICIAN', 11, 12)]"
1955,ĠBut ĠHong ĠKong ĠRugby ĠFootball ĠUnion Ġ( H KR FU ) Ġchairman ĠJohn ĠM oll oy Ġhas Ġcalled Ġfor Ġthe Ġterritory Ġto Ġhost Ġone Ġof Ġthe Ġpools Ġand Ġa Ġquarter - final .,O O O O O O O O O O O O B-BUSINESS-EXECUTIVE-MANAGER I-BUSINESS-EXECUTIVE-MANAGER I-BUSINESS-EXECUTIVE-MANAGER I-BUSINESS-EXECUTIVE-MANAGER O O O O O O O O O O O O O O O O O,O O O O O O O O O O O O B-PUBLIC-FIGURE I-PUBLIC-FIGURE I-PUBLIC-FIGURE I-PUBLIC-FIGURE O O O O O O O O O O O O O O O O O,"[('BUSINESS-EXECUTIVE-MANAGER', 12, 15)]","[('PUBLIC-FIGURE', 12, 15)]"
1957,"ĠAt Ġthis Ġstage , Ġwe Ġare Ġonly Ġconsidering Ġhosting Ġthe Ġevent Ġby Ġourselves ,"" Ġsaid ĠJR FU Ġsecretary ĠKo ji ĠTok um asu . Ġ""",O O O O O O O O O O O O O O O O O O B-BUSINESS-EXECUTIVE-MANAGER I-BUSINESS-EXECUTIVE-MANAGER I-BUSINESS-EXECUTIVE-MANAGER I-BUSINESS-EXECUTIVE-MANAGER I-BUSINESS-EXECUTIVE-MANAGER O O,O O O O O O O O O O O O O O O O O O B-PUBLIC-FIGURE I-PUBLIC-FIGURE I-PUBLIC-FIGURE I-PUBLIC-FIGURE I-PUBLIC-FIGURE O O,"[('BUSINESS-EXECUTIVE-MANAGER', 18, 22)]","[('PUBLIC-FIGURE', 18, 22)]"
1960,"Ġ Ċ Ċ "" Until Ġnow , Ġthe ĠWorld ĠCup Ġhas Ġbeen Ġheld Ġin Ġcountries Ġfrom Ġthe ĠSix ĠNations Ġor ĠTri - N ations ,"" Ġsaid ĠTok um asu . Ġ""",O O O O O O O O O O O O O O O O O O O O O O O O O O O O O O O,O O O O O O O O O O O O O O O O O O O O O O O O O O B-PUBLIC-FIGURE I-PUBLIC-FIGURE I-PUBLIC-FIGURE O O,[],"[('PUBLIC-FIGURE', 26, 28)]"
1963,"ĠTok um asu Ġadded Ġthat Ġthe Ġ2002 Ġfootball ĠWorld ĠCup , Ġco - host ed Ġby ĠJapan Ġand ĠSouth ĠKorea , Ġhad Ġbeen Ġa Ġhuge Ġsuccess . Ġ""",O O O O O O O O O O O O O O O O O O O O O O O O O O O O,B-PUBLIC-FIGURE I-PUBLIC-FIGURE I-PUBLIC-FIGURE O O O O O O O O O O O O O O O O O O O O O O O O O,[],"[('PUBLIC-FIGURE', 0, 2)]"
1966,"ĠIrish Ġduo Ġcould Ġblock ĠMan ĠUt d Ġbid Ċ Ċ Irish men ĠJP ĠMc Man us Ġand ĠJohn ĠMagn ier , Ġwho Ġown Ġa Ġ29 % Ġstake Ġin ĠManchester ĠUnited , Ġwill Ġreportedly Ġreject Ġany Ġformal ĠÂ£ 800 m Ġoffer Ġfor Ġthe Ġclub .",O O O O O O O O O O O O B-BUSINESS-EXECUTIVE-MANAGER I-BUSINESS-EXECUTIVE-MANAGER I-BUSINESS-EXECUTIVE-MANAGER I-BUSINESS-EXECUTIVE-MANAGER O B-BUSINESS-EXECUTIVE-MANAGER I-BUSINESS-EXECUTIVE-MANAGER I-BUSINESS-EXECUTIVE-MANAGER O O O O O O O O O O O O O O O O O O O O O O O O,O O O O O O O O O O O O B-ATHLETE I-ATHLETE I-ATHLETE I-ATHLETE O B-BUSINESS-EXECUTIVE-MANAGER I-BUSINESS-EXECUTIVE-MANAGER I-BUSINESS-EXECUTIVE-MANAGER O O O O O O O O O O O O O O O O O O O O O O O O,"[('BUSINESS-EXECUTIVE-MANAGER', 12, 15), ('BUSINESS-EXECUTIVE-MANAGER', 17, 19)]","[('ATHLETE', 12, 15), ('BUSINESS-EXECUTIVE-MANAGER', 17, 19)]"
1968,ĠMr ĠGl azer Ġgot Ġpermission Ġto Ġlook Ġat Ġthe Ġclub 's Ġaccounts Ġlast Ġweek .,O O O O O O O O O O O O O O O,O B-BUSINESS-EXECUTIVE-MANAGER I-BUSINESS-EXECUTIVE-MANAGER O O O O O O O O O O O O,[],"[('BUSINESS-EXECUTIVE-MANAGER', 1, 2)]"
1969,ĠIrish Ġbillionaires ĠMr ĠMc Man us Ġand ĠMr ĠMagn ier Ġare Ġsaid Ġto Ġbelieve Ġthat Ġan ĠÂ£ 800 m Ġbid Ġunder values Ġclub Ġprospects .,O O O O O O O O O O O O O O O O O O O O O O O O O,O O O B-PUBLIC-FIGURE I-PUBLIC-FIGURE I-PUBLIC-FIGURE O O B-PUBLIC-FIGURE I-PUBLIC-FIGURE O O O O O O O O O O O O O O O,[],"[('PUBLIC-FIGURE', 3, 5), ('PUBLIC-FIGURE', 8, 9)]"
1970,"Ġ Ċ Ċ Mr ĠMagn ier Ġand ĠMr ĠMc Man us , Ġwho Ġhold Ġtheir Ġstake Ġthrough Ġtheir ĠCub ic ĠExpression Ġinvestment Ġvehicle Ġhave Ġthe Ġpower Ġto Ġblock Ġa Ġbid .",O O O O O O O O O O O O O O O O O O O O O O O O O O O O O O O,O O O O B-PUBLIC-FIGURE I-PUBLIC-FIGURE O O B-BUSINESS-EXECUTIVE-MANAGER I-BUSINESS-EXECUTIVE-MANAGER I-BUSINESS-EXECUTIVE-MANAGER O O O O O O O O O O O O O O O O O O O O,[],"[('PUBLIC-FIGURE', 4, 5), ('BUSINESS-EXECUTIVE-MANAGER', 8, 10)]"
1971,"ĠMr ĠGl azer 's Ġfinancial Ġbackers , Ġincluding ĠJP ĠMorgan , Ġthe ĠUS Ġinvestment Ġbank Ġhave Ġsaid Ġthey Ġwon 't Ġback Ġa Ġbid Ġunless Ġit Ġreceives Ġbacking Ġfrom Ġthe Ġowners Ġof Ġat Ġleast Ġ75 % Ġof Ġthe Ġclub 's Ġshares .",O O O O O O O O O O O O O O O O O O O O O O O O O O O O O O O O O O O O O O O O O,O B-BUSINESS-EXECUTIVE-MANAGER I-BUSINESS-EXECUTIVE-MANAGER O O O O O O O O O O O O O O O O O O O O O O O O O O O O O O O O O O O O O O,[],"[('BUSINESS-EXECUTIVE-MANAGER', 1, 2)]"
1973,ĠMr ĠGl azer Ġhas Ġbeen Ġstalking Ġthe Ġpremier Ġleague Ġfootball Ġclub Ġsince Ġ2003 .,O O O O O O O O O O O O O O,O B-PUBLIC-FIGURE I-PUBLIC-FIGURE O O O O O O O O O O O,[],"[('PUBLIC-FIGURE', 1, 2)]"
1974,"Ġ Ċ Ċ Mr ĠMagn ier Ġand ĠMr ĠMc Man us Ġissued Ġa Ġstatement Ġlate Ġon ĠFriday Ġsaying Ġthat Ġthey Ġremained Ġ"" long - term Ġinvestors "" Ġin ĠMan ĠUt d .",O O O O O O O O O O O O O O O O O O O O O O O O O O O O O O O O,O O O O B-PUBLIC-FIGURE I-PUBLIC-FIGURE O O B-BUSINESS-EXECUTIVE-MANAGER I-BUSINESS-EXECUTIVE-MANAGER I-BUSINESS-EXECUTIVE-MANAGER O O O O O O O O O O O O O O O O O O O O O,[],"[('PUBLIC-FIGURE', 4, 5), ('BUSINESS-EXECUTIVE-MANAGER', 8, 10)]"
1976,"ĠF ost ers Ġbuys Ġstake Ġin Ġwin emaker Ċ Ċ Australian Ġbrewer ĠF ost ers Ġhas Ġbought Ġa Ġlarge Ġstake Ġin ĠAustralian Ġwin emaker ĠSouth cor p , Ġsparking Ġrumours Ġof Ġa Ġpossible Ġtakeover .",O O O O O O O O O O O O O O O O O O O O O O O O O O O O O O O O O O O,B-BUSINESS-EXECUTIVE-MANAGER I-BUSINESS-EXECUTIVE-MANAGER I-BUSINESS-EXECUTIVE-MANAGER O O O O O O O O O B-BUSINESS-EXECUTIVE-MANAGER I-BUSINESS-EXECUTIVE-MANAGER I-BUSINESS-EXECUTIVE-MANAGER O O O O O O O O O O O O O O O O O O O O,[],"[('BUSINESS-EXECUTIVE-MANAGER', 0, 2), ('BUSINESS-EXECUTIVE-MANAGER', 12, 14)]"
1977,"Ġ Ċ Ċ F ost ers Ġbought Ġ18 . 8 % Ġof ĠSouth cor p , Ġthe Ġglobal Ġwin emaker Ġbehind Ġthe ĠPen f olds , ĠLind em ans Ġand ĠRose mount Ġbrands , Ġfor Ġ4 . 17 ĠAustralian Ġdollars Ġper Ġshare .",O O O O O O O O O O O O O O O O O O O O O O O O O O O O O O O O O O O O O O O O O O O,O O O O O O O O O O O O O O O O O O O O O O B-ATHLETE I-ATHLETE I-ATHLETE O B-ATHLETE I-ATHLETE I-ATHLETE O B-ATHLETE I-ATHLETE O O O O O O O O O O O,[],"[('ATHLETE', 22, 24), ('ATHLETE', 26, 28), ('ATHLETE', 30, 31)]"
1980,"Ġ Ċ Ċ In Ġa Ġseparate Ġstatement , ĠSouth cor p Ġconfirmed Ġthe Ġbrewer Ġhad Ġasked Ġfor Ġtalks .",O O O O O O O O O O O O O O O O O O O,O O O O O O O O B-ATHLETE I-ATHLETE I-ATHLETE O O O O O O O O,[],"[('ATHLETE', 8, 10)]"
1982,ĠSouth cor p 's Ġshares Ġwere Ġsuspended Ġat ĠA $ 4 . 25 .,O O O O O O O O O O O O O O,B-BUSINESS-EXECUTIVE-MANAGER I-BUSINESS-EXECUTIVE-MANAGER I-BUSINESS-EXECUTIVE-MANAGER O O O O O O O O O O O,[],"[('BUSINESS-EXECUTIVE-MANAGER', 0, 2)]"
1983,"Ġ Ċ Ċ F ost ers Ġbought Ġthe Ġ18 . 8 % Ġstake Ġfrom ĠR eline ĠInvestments , Ġthe Ġfamily Ġinvestment Ġfirm Ġfor Ġthe ĠO at leys , Ġwho Ġfounded Ġthe ĠRose mount ĠEst ates Ġlabel Ġand Ġsold Ġit Ġto ĠSouth cor p Ġin Ġ2001 .",O O O O O O O O O O O O O O O O O O O O O O O O O O O O O O O O O O O O O O O O O O O O O O,O O O O O O O O O O O O O O O O O O O O O O O O B-PUBLIC-FIGURE I-PUBLIC-FIGURE I-PUBLIC-FIGURE O O O O O O O O O O O O O O O O O O O,[],"[('PUBLIC-FIGURE', 24, 26)]"
1989,"ĠF ost ers Ġhas Ġdone Ġa Ġback - fl ip "", Ġsaid ĠShawn ĠBurns , Ġa Ġfund Ġman ger Ġat ĠDeutsche ĠAsset ĠManagement .",O O O O O O O O O O O O B-PUBLIC-FIGURE I-PUBLIC-FIGURE O O O O O O O O O O,O O O O O O O O O O O O B-BUSINESS-EXECUTIVE-MANAGER I-BUSINESS-EXECUTIVE-MANAGER O O O O O O O O O O,"[('PUBLIC-FIGURE', 12, 13)]","[('BUSINESS-EXECUTIVE-MANAGER', 12, 13)]"
1990,ĠSouth cor p 's Ġshares Ġhave Ġrisen Ġin Ġrecent Ġmonths Ġon Ġspeculation Ġthat Ġit Ġcould Ġbecome Ġa Ġtakeover Ġtarget .,O O O O O O O O O O O O O O O O O O O O,B-BUSINESS-EXECUTIVE-MANAGER O B-BUSINESS-EXECUTIVE-MANAGER O O O O O O O O O O O O O O O O O,[],"[('BUSINESS-EXECUTIVE-MANAGER', 0, 0), ('BUSINESS-EXECUTIVE-MANAGER', 2, 2)]"
1997,"ĠAnaly sts Ġwere Ġdivided Ġon ĠThursday Ġabout Ġwhether ĠF ost ers Ġwas Ġmore Ġlikely Ġto Ġgo Ġfor Ġa Ġtakeover Ġor Ġmerely Ġwanted Ġto Ġtake Ġa Ġbig Ġenough Ġchunk Ġof ĠSouth cor p Ġto Ġprevent Ġit Ġfalling Ġto Ġa Ġrival . Ġ""",O O O O O O O O O O O O O O O O O O O O O O O O O O O O O O O O O O O O O O O O O,O O O O O O O O B-BUSINESS-EXECUTIVE-MANAGER I-BUSINESS-EXECUTIVE-MANAGER I-BUSINESS-EXECUTIVE-MANAGER O O O O O O O O O O O O O O O O O O O O O O O O O O O O O O,[],"[('BUSINESS-EXECUTIVE-MANAGER', 8, 10)]"
1999,"ĠHowever , ĠMatt ĠWilliams , Ġa Ġfund Ġmanager Ġat ĠPer pet ual ĠTrust ees Ġsaid Ġtaking Ġthe Ġstake Ġ"" is Ġdefinitely Ġa Ġprecursor Ġto Ġa Ġtakeover "".",O O B-PUBLIC-FIGURE I-PUBLIC-FIGURE O O O O O O O O O O O O O O O O O O O O O O O,O O B-BUSINESS-EXECUTIVE-MANAGER I-BUSINESS-EXECUTIVE-MANAGER O O O O O O O O O O O O O O O O O O O O O O O,"[('PUBLIC-FIGURE', 2, 3)]","[('BUSINESS-EXECUTIVE-MANAGER', 2, 3)]"
2008,"Ġ Ċ Ċ But Ġthe Ġall - party Ġgroup , Ġincluding ĠTories ĠKen ĠClarke Ġand ĠSir ĠGeorge ĠYoung , ĠLabour 's ĠRobin ĠCook Ġand ĠTony ĠWright Ġand ĠLiberal ĠDemocrat ĠPaul ĠTyler , Ġis Ġconfident Ġits Ġplan Ġwould Ġwin Ġsupport Ġfrom Ġa Ġ"" large Ġmajority "".",O O O O O O O O O O O O B-POLITICIAN I-POLITICIAN O B-POLITICIAN I-POLITICIAN I-POLITICIAN O O O B-POLITICIAN I-POLITICIAN O B-POLITICIAN I-POLITICIAN O O O B-POLITICIAN I-POLITICIAN O O O O O O O O O O O O O O,O O O O O O O O O O O O B-POLITICIAN I-POLITICIAN O O B-POLITICIAN I-POLITICIAN O O O B-POLITICIAN I-POLITICIAN O B-POLITICIAN I-POLITICIAN O O O B-POLITICIAN I-POLITICIAN O O O O O O O O O O O O O O,"[('POLITICIAN', 12, 13), ('POLITICIAN', 15, 17), ('POLITICIAN', 21, 22), ('POLITICIAN', 24, 25), ('POLITICIAN', 29, 30)]","[('POLITICIAN', 12, 13), ('POLITICIAN', 16, 17), ('POLITICIAN', 21, 22), ('POLITICIAN', 24, 25), ('POLITICIAN', 29, 30)]"
2014,ĠMr ĠCook Ġsaid Ġholding Ġelections Ġfor ĠM SC Ps Ġon Ġthe Ġsame Ġday Ġas Ġthose Ġfor ĠMPs Ġmight Ġhelp Ġmotivate Ġthe Ġelectorate Ġand Ġincrease Ġvoter Ġturnout .,O O O O O O O O O O O O O O O O O O O O O O O O O O O,O B-POLITICIAN O O O O O O O O O O O O O O O O O O O O O O O O O,[],"[('POLITICIAN', 1, 1)]"
2019,"ĠMr ĠClarke Ġsaid Ġthe Ġissue Ġ"" went Ġto Ġthe Ġheart Ġof Ġreforming Ġthe Ġhealth Ġof Ġthe ĠBritish Ġpolitical Ġsystem "".",O O O O O O O O O O O O O O O O O O O O,O B-POLITICIAN O O O O O O O O O O O O O O O O O O,[],"[('POLITICIAN', 1, 1)]"
2020,"ĠAnd ĠMr ĠTyler Ġsaid Ġthe Ġprime Ġminister 's Ġview Ġthat Ġthere Ġwas Ġno Ġagreement Ġon Ġthe Ġshape Ġof Ġthe Ġfuture Ġof Ġthe ĠLords Ġwas Ġflawed . Ġ""",O O O O O O O O O O O O O O O O O O O O O O O O O O O,O O B-POLITICIAN O O O O O O O O O O O O O O O O O O O O O O O O,[],"[('POLITICIAN', 2, 2)]"
2026,ĠWall ĠStreet Ġcheers ĠBush Ġvictory Ċ Ċ The ĠUS Ġstock Ġmarket Ġhas Ġclosed Ġhigher Ġin Ġresponse Ġto ĠGeorge ĠW ĠBush 's Ġvictory Ġin Ġthe Ġpresidential Ġelections .,O O O O O O O O O O O O O O O O O B-POLITICIAN I-POLITICIAN I-POLITICIAN O O O O O O O,O O O B-POLITICIAN O O O O O O O O O O O O O B-POLITICIAN I-POLITICIAN I-POLITICIAN I-POLITICIAN O O O O O O,"[('POLITICIAN', 17, 19)]","[('POLITICIAN', 3, 3), ('POLITICIAN', 17, 20)]"
2028,"ĠMany Ġinvestors Ġbelieve Ġthat ĠMr ĠBush 's Ġpolicies Ġare Ġmore Ġbusiness - friendly Ġthan Ġthose Ġof Ġhis ĠDemocrat Ġchallenger , ĠJohn ĠKerry .",O O O O O O O O O O O O O O O O O O O O B-POLITICIAN I-POLITICIAN O,O O O O O B-POLITICIAN O O O O O O O O O O O O O O B-POLITICIAN I-POLITICIAN O,"[('POLITICIAN', 20, 21)]","[('POLITICIAN', 5, 5), ('POLITICIAN', 20, 21)]"
2032,"ĠMr ĠKerry Ġconceded Ġdefeat Ġon ĠWednesday , Ġabandoning Ġlast - d itch Ġhopes Ġof Ġcarrying Ġthe Ġvote Ġin Ġthe Ġswing Ġstate Ġof ĠOhio . Ġ""",O O O O O O O O O O O O O O O O O O O O O O O O O,O B-POLITICIAN O O O O O O O O O O O O O O O O O O O O O O O,[],"[('POLITICIAN', 1, 1)]"
2035,"ĠI Ġwould Ġlook Ġat Ġthe Ġstock Ġmarket Ġrally Ġfor ĠBush Ġas Ġkind Ġof Ġa Ġone - day Ġevent ,"" Ġsaid ĠKen ĠMay land Ġat ĠClear view ĠEconomics .",O O O O O O O O O O O O O O O O O O O O B-BUSINESS-EXECUTIVE-MANAGER I-BUSINESS-EXECUTIVE-MANAGER I-BUSINESS-EXECUTIVE-MANAGER O O O O O,O O O O O O O O O B-POLITICIAN O O O O O O O O O O B-BUSINESS-EXECUTIVE-MANAGER I-BUSINESS-EXECUTIVE-MANAGER I-BUSINESS-EXECUTIVE-MANAGER O O O O O,"[('BUSINESS-EXECUTIVE-MANAGER', 20, 22)]","[('POLITICIAN', 9, 9), ('BUSINESS-EXECUTIVE-MANAGER', 20, 22)]"
2038,ĠThe Ġrise Ġin Ġoil Ġprices Ġpartly Ġreflects Ġthe Ġview Ġthat ĠPresident ĠBush Ġis Ġless Ġlikely Ġthan ĠMr ĠKerry Ġto Ġrelease Ġsupplies Ġfrom Ġthe ĠUS ' Ġstrategic Ġoil Ġreserve .,O O O O O O O O O O O O O O O O O O O O O O O O O O O O O,O O O O O O O O O O O B-POLITICIAN O O O O O B-POLITICIAN O O O O O O O O O O O,[],"[('POLITICIAN', 11, 11), ('POLITICIAN', 17, 17)]"
2042,"ĠIn Ġkey Ġswing Ġstates Ġsuch Ġas ĠOhio , Ġwhich Ġhas Ġsuffered Ġsubstantial Ġjob Ġlosses Ġin Ġthe Ġpast Ġfour Ġyears , ĠPresident ĠBush 's Ġhandling Ġof Ġthe Ġeconomy Ġbecame Ġa Ġcrucial Ġelection Ġissue .",O O O O O O O O O O O O O O O O O O O O O O O O O O O O O O O O O,O O O O O O O O O O O O O O O O O O O O O B-POLITICIAN O O O O O O O O O O O,[],"[('POLITICIAN', 21, 21)]"
2043,"ĠSenator ĠKerry Ġattacked ĠPresident ĠBush 's Ġeconomic Ġrecord Ġduring Ġhis Ġcampaign , Ġhammer ing Ġhome Ġthe Ġfact Ġthat Ġa Ġnet Ġ800 , 000 Ġjobs Ġwere Ġlost Ġduring Ġhis Ġterm Ġin Ġoffice .",O O O O O O O O O O O O O O O O O O O O O O O O O O O O O O O O,O B-POLITICIAN O O B-POLITICIAN O O O O O O O O O O O O O O O O O O O O O O O O O O O,[],"[('POLITICIAN', 1, 1), ('POLITICIAN', 4, 4)]"
2044,"ĠPresident ĠBush Ġfocused Ġon Ġthe Ġfact Ġthat Ġtwo Ġmillion Ġjobs Ġhave Ġbeen Ġcreated Ġin Ġthe Ġpast Ġyear , Ġclaiming Ġthat Ġit Ġhas Ġvind icated Ġhis Ġtax - cutting Ġagenda .",O O O O O O O O O O O O O O O O O O O O O O O O O O O O O O,O B-POLITICIAN O O O O O O O O O O O O O O O O O O O O O O O O O O O O,[],"[('POLITICIAN', 1, 1)]"
2046,"ĠSenator ĠKerry Ġplanned Ġto Ġincrease Ġtaxes Ġon Ġthose Ġearning Ġmore Ġthan Ġ$ 200 , 000 Ġa Ġyear .",O O O O O O O O O O O O O O O O O O,O B-POLITICIAN O O O O O O O O O O O O O O O O,[],"[('POLITICIAN', 1, 1)]"
2047,ĠPresident ĠBush Ġhas Ġplaced Ġreform Ġof Ġthe Ġpensions Ġsystem Ġat Ġthe Ġheart Ġof Ġhis Ġeconomic Ġagenda Ġfor Ġa Ġsecond Ġterm .,O O O O O O O O O O O O O O O O O O O O O,O B-POLITICIAN O O O O O O O O O O O O O O O O O O O,[],"[('POLITICIAN', 1, 1)]"
2053,"Ġ Ċ Ċ Its Ġtop Ġbrands Ġinclude ĠNewcastle ĠBrown ĠAle , ĠFoster 's , ĠJohn ĠSmith 's , ĠStrong bow Ġand ĠKron en bourg .",O O O O O O O O O O O O O O O O O O O O O O O O O,O O O O O O O O B-ATHLETE I-ATHLETE O B-ATHLETE O O B-ATHLETE I-ATHLETE I-ATHLETE O B-ATHLETE I-ATHLETE O B-ATHLETE I-ATHLETE I-ATHLETE O,[],"[('ATHLETE', 8, 9), ('ATHLETE', 11, 11), ('ATHLETE', 14, 16), ('ATHLETE', 18, 19), ('ATHLETE', 21, 23)]"
2057,"ĠMillennium ĠAlc ob ev Ġwill Ġnow Ġbe Ġmerged Ġwith ĠUnited , Ġwhich Ġexpects Ġpost - mer ger Ġto Ġhave Ġabout Ġhalf Ġof ĠIndia 's Ġbeer Ġmarket .",O O O O O O O O O O O O O O O O O O O O O O O O O O O,B-MUSICIAN I-MUSICIAN O O O O O O O O O O O O O O O O O O O O O O O O O,[],"[('MUSICIAN', 0, 1)]"
2059,ĠKing f isher Ġhas Ġmarket Ġshare Ġof Ġabout Ġ29 %.,O O O O O O O O O O,B-BUSINESS-EXECUTIVE-MANAGER I-BUSINESS-EXECUTIVE-MANAGER I-BUSINESS-EXECUTIVE-MANAGER O O O O O O O,[],"[('BUSINESS-EXECUTIVE-MANAGER', 0, 2)]"
2062,"ĠThe Ġairline , Ġthe Ġbrain child Ġof ĠMr ĠM ally a , Ġexpects Ġto Ġstart Ġits Ġoperations Ġby Ġthe Ġend Ġof ĠApril .",O O O O O O O O O O O O O O O O O O O O O O O,O O O O O O O O B-BUSINESS-EXECUTIVE-MANAGER I-BUSINESS-EXECUTIVE-MANAGER I-BUSINESS-EXECUTIVE-MANAGER O O O O O O O O O O O O,[],"[('BUSINESS-EXECUTIVE-MANAGER', 8, 10)]"
2063,"ĠThe Ġnew Ġairline Ġwould Ġbreak Ġeven Ġin Ġthe Ġvery Ġfirst Ġyear Ġof Ġoperation , ĠMr ĠM ally a Ġsaid .",O O O O O O O O O O O O O O O O O O O O,O O O O O O O O O O O O O O O B-BUSINESS-EXECUTIVE-MANAGER I-BUSINESS-EXECUTIVE-MANAGER I-BUSINESS-EXECUTIVE-MANAGER O O,[],"[('BUSINESS-EXECUTIVE-MANAGER', 15, 17)]"
2068,ĠThe Ġbook 's Ġanalysts Ġcommissioned Ġchart Ġprank Ġgroup ĠM oped Ġto Ġcreate Ġthe Ġfirst ĠChristmas Ġsingle Ġusing Ġthe Ġwhole Ġformula Ġ- Ġthe Ġsong Ġis Ġcalled ĠG onna ĠHave Ġa ĠNo Ġ1 ĠThis ĠChristmas Ġby ĠM oped ĠVs ĠSanta .,O O O O O O O O O O O O O O O O O O O O O O O O O O O O O O O O O O O O O B-PUBLIC-FIGURE O,O O O O O O O O O O O O O O O O O O O O O O O O O O O O O O O O O O O O O O O,"[('PUBLIC-FIGURE', 37, 37)]",[]
2072,"ĠSl ade 's ĠMerry ĠChristmas ĠEverybody , ĠWh am 's ĠLast ĠChristmas Ġand ĠSir ĠCliff ĠRichards ' ĠM istle toe Ġand ĠWine .",O O O O O O O O O O O O O B-MUSICIAN I-MUSICIAN I-MUSICIAN O O O O O O O,O O O O O O O O O O O O O O O O O O O O O O O,"[('MUSICIAN', 13, 15)]",[]
2078,"ĠThere Ġare Ġclear Ġsigns Ġof Ġa Ġrevival Ġin Ġdomestic Ġdemand ,"" Ġsaid ĠFrank - J uer gen ĠWe ise , Ġhead Ġof Ġthe ĠFederal ĠLabour ĠAgency , Ġin Ġa Ġstatement . Ġ""",O O O O O O O O O O O O B-PUBLIC-FIGURE I-PUBLIC-FIGURE I-PUBLIC-FIGURE I-PUBLIC-FIGURE I-PUBLIC-FIGURE I-PUBLIC-FIGURE I-PUBLIC-FIGURE O O O O O O O O O O O O O,O O O O O O O O O O O O B-BUSINESS-EXECUTIVE-MANAGER I-BUSINESS-EXECUTIVE-MANAGER I-BUSINESS-EXECUTIVE-MANAGER I-BUSINESS-EXECUTIVE-MANAGER I-BUSINESS-EXECUTIVE-MANAGER I-BUSINESS-EXECUTIVE-MANAGER I-BUSINESS-EXECUTIVE-MANAGER O O O O O O O O O O O O O,"[('PUBLIC-FIGURE', 12, 18)]","[('BUSINESS-EXECUTIVE-MANAGER', 12, 18)]"
2087,"ĠThe Ġdeterioration Ġof Ġthe Ġlabour Ġmarket Ġdoes Ġnot Ġcome Ġas Ġa Ġsurprise ,"" Ġsaid ĠIsabel le ĠKron aw itter Ġat ĠHyp overe ins bank . Ġ""",O O O O O O O O O O O O O O B-PUBLIC-FIGURE I-PUBLIC-FIGURE I-PUBLIC-FIGURE I-PUBLIC-FIGURE I-PUBLIC-FIGURE O O O O O O O,O O O O O O O O O O O O O O B-BUSINESS-EXECUTIVE-MANAGER I-BUSINESS-EXECUTIVE-MANAGER I-BUSINESS-EXECUTIVE-MANAGER I-BUSINESS-EXECUTIVE-MANAGER I-BUSINESS-EXECUTIVE-MANAGER O O O O O O O,"[('PUBLIC-FIGURE', 14, 18)]","[('BUSINESS-EXECUTIVE-MANAGER', 14, 18)]"
2091,"ĠThe Ġ9 ĠNovember Ġtraffic Ġexplosion Ġhas Ġcontinued Ġinto ĠDecember , Ġsaid ĠSand vine .",O O O O O O O O O O O O O O,O O O O O O O O O O O B-BUSINESS-EXECUTIVE-MANAGER I-BUSINESS-EXECUTIVE-MANAGER O,[],"[('BUSINESS-EXECUTIVE-MANAGER', 11, 12)]"
2101,"ĠGam ers Ġtend Ġto Ġmigrate Ġtoward Ġnetworks Ġwith Ġthe Ġlowest Ġ"" lag "".",O O O O O O O O O O O O O,B-PUBLIC-FIGURE I-PUBLIC-FIGURE O O O O O O O O O O O,[],"[('PUBLIC-FIGURE', 0, 1)]"
2102,"ĠAn alys ing Ġtraffic Ġwill Ġbecome Ġincreasingly Ġimportant Ġfor Ġservice Ġproviders Ġif Ġthey Ġare Ġto Ġhold Ġon Ġto Ġbandwidth - hung ry Ġgamers Ġsaid ĠLindsay ĠSch roth , Ġan Ġanalyst Ġwith Ġresearch Ġfirm ĠThe ĠYankee ĠGroup . Ġ""",O O O O O O O O O O O O O O O O O O O O O O O O B-PUBLIC-FIGURE I-PUBLIC-FIGURE I-PUBLIC-FIGURE O O O O O O O O O O O,O O O O O O O O O O O O O O O O O O O O O O O O B-BUSINESS-EXECUTIVE-MANAGER I-BUSINESS-EXECUTIVE-MANAGER I-BUSINESS-EXECUTIVE-MANAGER O O O O O O O O O O O,"[('PUBLIC-FIGURE', 24, 26)]","[('BUSINESS-EXECUTIVE-MANAGER', 24, 26)]"
2106,"Ġ Ċ Ċ Both Ġsides Ġhope Ġto Ġreach Ġa Ġnegotiated Ġdeal Ġover Ġstate Ġaid Ġreceived Ġby ĠEuropean Ġaircraft Ġmaker ĠAirbus Ġand Ġits ĠUS Ġrival ĠBoeing , ĠMr ĠMand elson Ġsaid .",O O O O O O O O O O O O O O O O O O O O O O O O O O O O O O O,O O O O O O O O O O O O O O O O O O O O O O O O O O O B-POLITICIAN I-POLITICIAN O O,[],"[('POLITICIAN', 27, 28)]"
2108,ĠMr ĠMand elson Ġsaid Ġthe ĠEU Ġand ĠUS Ġhoped Ġto Ġavoid Ġhaving Ġto Ġresolve Ġthe Ġdispute Ġat Ġthe ĠWorld ĠTrade ĠOrganisation Ġ( W TO ).,O O O O O O O O O O O O O O O O O O O O O O O O O,O B-POLITICIAN I-POLITICIAN O O O O O O O O O O O O O O O O O O O O O O,[],"[('POLITICIAN', 1, 2)]"
2109,"Ġ Ċ Ċ "" With Ġthis Ġagreement Ġthe ĠEU Ġand ĠUS Ġhave Ġconfirmed Ġtheir Ġwillingness Ġto Ġresolve Ġthe Ġdispute Ġwhich Ġhas Ġarisen Ġbetween Ġthem ,"" ĠMr ĠMand elson Ġsaid . Ġ""",O O O O O O O O O O O O O O O O O O O O O O O O O O O O O O O,O O O O O O O O O O O O O O O O O O O O O O O O O O B-POLITICIAN I-POLITICIAN O O O,[],"[('POLITICIAN', 26, 27)]"
2114,"ĠE ADS Ġand ĠB AE ĠSystems , Ġthe ĠEuropean Ġdefence Ġand Ġaerospace Ġfirms Ġwhich Ġown ĠAirbus , Ġwelcomed ĠMr ĠMand elson 's Ġannouncement . Ġ""",O O O O O O O O O O O O O O O O O O O O O O O O O,O O O O O O O O O O O O O O O O O O O B-POLITICIAN I-POLITICIAN O O O O,[],"[('POLITICIAN', 19, 20)]"
2128,"ĠThe ĠPlayStation Ġ3 Ġis Ġexpected Ġin Ġ2006 , Ġwhile ĠTos hiba Ġplans Ġto Ġincorporate Ġit Ġinto Ġhigh - end Ġtelev isions Ġnext Ġyear .",O O O O O O O O O O O O O O O O O O O O O O O O,O O O O O O O O O B-BUSINESS-EXECUTIVE-MANAGER I-BUSINESS-EXECUTIVE-MANAGER O O O O O O O O O O O O O,[],"[('BUSINESS-EXECUTIVE-MANAGER', 9, 10)]"
2142,"ĠIf ĠCell Ġis Ġto Ġchallenge ĠIntel 's Ġrange Ġof Ġchips Ġin Ġthe Ġmarketplace , Ġit Ġwill Ġneed Ġto Ġfind Ġitself Ġinside ĠPCs , Ġwhich Ġpredominantly Ġrun Ġusing ĠWindows .",O O O O O O O O O O O O O O O O O O O O O O O O O O O O O,O B-MUSICIAN O O O O O O O O O O O O O O O O O O O O O O O O O O O,[],"[('MUSICIAN', 1, 1)]"
2146,ĠChavez Ġhas Ġsought Ġto Ġextend Ġthe Ġstate 's Ġrole Ġin Ġall Ġsectors Ġof Ġthe Ġeconomy .,O O O O O O O O O O O O O O O O,B-POLITICIAN O O O O O O O O O O O O O O O,[],"[('POLITICIAN', 0, 0)]"
2150,"ĠWe Ġare Ġdefending Ġour Ġnational Ġsovereignty Ġover Ġthe Ġuse Ġof Ġour Ġnational Ġresources Ġwhich Ġmust Ġserve Ġthe Ġendogenous Ġdevelopment Ġof Ġthe Ġnation ,"" ĠMr ĠAlvarez Ġsaid . Ġ""",O O O O O O O O O O O O O O O O O O O O O O O O O O O O,O O O O O O O O O O O O O O O O O O O O O O O O B-POLITICIAN O O O,[],"[('POLITICIAN', 24, 24)]"
2153,Ġ Ċ Ċ V enezuel a Ġhas Ġpreviously Ġassured Ġforeign Ġcompanies Ġwith Ġoperations Ġin Ġthe Ġmineral Ġrich Ġcountry Ġthat Ġit Ġrespects Ġexisting Ġcontracts .,O O O O O O O O O O O O O O O O O O O O O O O O,O O O B-BUSINESS-EXECUTIVE-MANAGER I-BUSINESS-EXECUTIVE-MANAGER I-BUSINESS-EXECUTIVE-MANAGER O O O O O O O O O O O O O O O O O O,[],"[('BUSINESS-EXECUTIVE-MANAGER', 3, 5)]"
2155,"ĠIf Ġwe Ġdon 't Ġdo Ġthis , Ġwe Ġare Ġjust Ġgoing Ġto Ġcarry Ġon Ġbeing Ġslaves , Ġsuppliers Ġof Ġraw Ġmaterials , Ġall Ġour Ġlives Ġand Ġwe Ġwill Ġnever Ġdevelop Ġour Ġown Ġproductive Ġcapacity ,"" ĠMr ĠAlvarez Ġadded .",O O O O O O O O O O O O O O O O O O O O O O O O O O O O O O O O O O O O O O O,O O O O O O O O O O O O O O O O O O O O O O O O O O O O O O O O O O O O B-POLITICIAN O O,[],"[('POLITICIAN', 36, 36)]"
2158,Ġ Ċ Ċ The ĠAmerican ĠFilm ĠInstitute Ġ( AF I ) Ġhailed ĠMel ĠGibson 's Ġbiblical Ġepic Ġand ĠMichael ĠMoore 's Ġpolitical Ġdocumentary Ġas Ġinspiring Ġnational Ġdebate .,O O O O O O O O O O O O B-ACTOR-DIRECTOR I-ACTOR-DIRECTOR O O O O B-ACTOR-DIRECTOR I-ACTOR-DIRECTOR O O O O O O O O,O O O O O O O O O O O O B-ACTOR-DIRECTOR I-ACTOR-DIRECTOR I-ACTOR-DIRECTOR O O O B-ACTOR-DIRECTOR I-ACTOR-DIRECTOR I-ACTOR-DIRECTOR O O O O O O O,"[('ACTOR-DIRECTOR', 12, 13), ('ACTOR-DIRECTOR', 18, 19)]","[('ACTOR-DIRECTOR', 12, 14), ('ACTOR-DIRECTOR', 18, 20)]"
2161,"ĠIn Ġreferring Ġto ĠMar lon ĠBrand o 's Ġdeath Ġon Ġ1 ĠJuly Ġat Ġthe Ġage Ġof Ġ80 , Ġthe Ġ13 - strong ĠA FI Ġjury Ġconcluded Ġ"" the Ġart Ġof Ġscreen Ġacting Ġhas Ġtwo Ġchapters Ġ- Ġ' Before ĠBrand o ' Ġand Ġ' After ĠBrand o '.",O O O B-ACTOR-DIRECTOR I-ACTOR-DIRECTOR I-ACTOR-DIRECTOR I-ACTOR-DIRECTOR O O O O O O O O O O O O O O O O O O O O O O O O O O O O O O O O O O O O O O O O,O O O B-ACTOR-DIRECTOR I-ACTOR-DIRECTOR I-ACTOR-DIRECTOR I-ACTOR-DIRECTOR I-ACTOR-DIRECTOR O O O O O O O O O O O O O O O O O O O O O O O O O O O O O O B-ACTOR-DIRECTOR I-ACTOR-DIRECTOR O O O O B-ACTOR-DIRECTOR I-ACTOR-DIRECTOR O,"[('ACTOR-DIRECTOR', 3, 6)]","[('ACTOR-DIRECTOR', 3, 7), ('ACTOR-DIRECTOR', 38, 39), ('ACTOR-DIRECTOR', 44, 45)]"
2162,"Ġ Ċ Ċ It Ġcredited Ġthe Ġscreen Ġlegend 's Ġ"" raw Ġhypnot ic Ġenergy "" Ġand Ġhis Ġability Ġto Ġcreate Ġcharacters Ġlike ĠStanley ĠK ow als ki Ġand ĠTerry ĠMall oy Ġ"" that Ġwill Ġlive Ġforever Ġin Ġthe Ġann als Ġof Ġfilm Ġhistory "".",O O O O O O O O O O O O O O O O O O O O O O B-PUBLIC-FIGURE I-PUBLIC-FIGURE I-PUBLIC-FIGURE I-PUBLIC-FIGURE I-PUBLIC-FIGURE O B-PUBLIC-FIGURE I-PUBLIC-FIGURE I-PUBLIC-FIGURE O O O O O O O O O O O O O,O O O O O O O O O O O O O O O O O O O O O O B-ACTOR-DIRECTOR I-ACTOR-DIRECTOR I-ACTOR-DIRECTOR I-ACTOR-DIRECTOR I-ACTOR-DIRECTOR O B-ACTOR-DIRECTOR I-ACTOR-DIRECTOR I-ACTOR-DIRECTOR O O O O O O O O O O O O O,"[('PUBLIC-FIGURE', 22, 26), ('PUBLIC-FIGURE', 28, 30)]","[('ACTOR-DIRECTOR', 22, 26), ('ACTOR-DIRECTOR', 28, 30)]"
2164,"ĠAmong Ġcurrent Ġtrends , Ġit Ġhighlighted Ġthe Ġfinal Ġbroadcasts Ġof Ġveteran Ġnew sc asters ĠTom ĠBro k aw , ĠBarbara ĠWalters Ġand Ġthe Ġimpending Ġretirement Ġof ĠCBS Ġnews Ġanchor ĠDan ĠRather .",O O O O O O O O O O O O O O B-AUTHOR-WRITER I-AUTHOR-WRITER I-AUTHOR-WRITER I-AUTHOR-WRITER O B-AUTHOR-WRITER I-AUTHOR-WRITER O O O O O O O O B-AUTHOR-WRITER I-AUTHOR-WRITER O,O O O O O O O O O O O O O O B-ACTOR-DIRECTOR I-ACTOR-DIRECTOR I-ACTOR-DIRECTOR I-ACTOR-DIRECTOR O B-MUSICIAN I-MUSICIAN O O O O O O O O B-AUTHOR-WRITER I-AUTHOR-WRITER O,"[('AUTHOR-WRITER', 14, 17), ('AUTHOR-WRITER', 19, 20), ('AUTHOR-WRITER', 29, 30)]","[('ACTOR-DIRECTOR', 14, 17), ('MUSICIAN', 19, 20), ('AUTHOR-WRITER', 29, 30)]"
2167,"ĠThe Ġlist Ġalso Ġdraws Ġattention Ġto Ġthe Ġgrowing Ġinfluence Ġof ĠUS Ġbroadcasting Ġregulator , Ġthe ĠFederal ĠCommunications ĠCommission Ġ( F CC ) Ċ Ċ The Ġinstitute Ġconcluded Ġthe Ġthreat Ġof Ġregulation , Ġwhich Ġwent Ġinto Ġfree fall Ġfollowing ĠJanet ĠJackson 's Ġ' ward robe Ġmalfunction ' Ġduring Ġa Ġlive ĠSuper ĠBowl Ġperformance Ġin ĠFebruary , Ġ"" had Ġa Ġprofound Ġeffect Ġon Ġtelevision "". Ġ""",O O O O O O O O O O O O O O O O O O O O O O O O O O O O O O O O O O O O O O B-MUSICIAN I-MUSICIAN O O O O O O O O O O O O O O O O O O O O O O O O,O O O O O O O O O O O O O O O O O O O O O O O O O O O O O O O O O O O O O O B-MUSICIAN I-MUSICIAN I-MUSICIAN O O O O O O O O O O O O O O O O O O O O O O O,"[('MUSICIAN', 38, 39)]","[('MUSICIAN', 38, 40)]"
2169,"ĠTo Ġillustrate Ġtheir Ġpoint , Ġthe ĠA FI Ġcited ĠABC Ġaffiliates Ġrefusal Ġto Ġair ĠSteven ĠSpielberg 's Ġfilm ĠSaving ĠPrivate ĠRyan Ġin Ġan Ġun edited Ġform Ġover Ġfears Ġof Ġpossible Ġfines .",O O O O O O O O O O O O O O B-ACTOR-DIRECTOR I-ACTOR-DIRECTOR O O O O O O O O O O O O O O O O,O O O O O O O O O O O O O O B-ACTOR-DIRECTOR I-ACTOR-DIRECTOR I-ACTOR-DIRECTOR O O O O O O O O O O O O O O O,"[('ACTOR-DIRECTOR', 14, 15)]","[('ACTOR-DIRECTOR', 14, 16)]"
2170,"ĠSere na Ġends ĠSan ia ĠMir za 's Ġdream Ċ Ċ S ania ĠMir za , Ġthe Ġfirst ĠIndian Ġwoman Ġto Ġreach Ġthe Ġthird Ġround Ġof Ġa ĠGrand ĠSlam Ġtennis Ġevent , Ġhas Ġlost Ġto Ġwomen 's Ġfavourite ĠSere na ĠWilliams .",O O O B-ATHLETE I-ATHLETE I-ATHLETE I-ATHLETE O O O O B-ATHLETE I-ATHLETE I-ATHLETE I-ATHLETE O O O O O O O O O O O O O O O O O O O O O O O B-ATHLETE I-ATHLETE I-ATHLETE O,B-ATHLETE I-ATHLETE O B-ATHLETE I-ATHLETE I-ATHLETE I-ATHLETE I-ATHLETE O O O B-ATHLETE I-ATHLETE I-ATHLETE I-ATHLETE O O O O O O O O O O O O O O O O O O O O O O O B-ATHLETE I-ATHLETE I-ATHLETE O,"[('ATHLETE', 3, 6), ('ATHLETE', 11, 14), ('ATHLETE', 38, 40)]","[('ATHLETE', 0, 1), ('ATHLETE', 3, 7), ('ATHLETE', 11, 14), ('ATHLETE', 38, 40)]"
2171,"Ġ Ċ Ċ The Ġ18 - year - old ĠMir za , Ġwho Ġgot Ġa Ġwild Ġcard Ġentry Ġinto Ġthe ĠAustralian ĠOpen Ġin ĠMelbourne , Ġlost Ġto ĠWilliams Ġ1 - 6 , 4 - 6 Ġin Ġthe Ġthird Ġround .",O O O O O O O O O O O O O O O O O O O O O O O O O O O O O O O O O O O O O O O O,O O O O O O O O O B-ATHLETE I-ATHLETE O O O O O O O O O O O O O O O O B-ATHLETE O O O O O O O O O O O O,[],"[('ATHLETE', 9, 10), ('ATHLETE', 27, 27)]"
2172,ĠWilliams Ġtook Ġjust Ġ56 Ġminutes Ġto Ġdefeat ĠMir za Ġand Ġsail Ġinto Ġthe Ġfourth Ġround .,O O O O O O O O O O O O O O O O,B-ATHLETE O O O O O O B-ATHLETE I-ATHLETE O O O O O O O,[],"[('ATHLETE', 0, 0), ('ATHLETE', 7, 8)]"
2174,ĠV aid yan athan Ġmade Ġit Ġto Ġthe Ġsecond Ġround Ġof Ġthe ĠAustralian ĠOpen Ġin Ġ1998 .,O O O O O O O O O O O O O O O O O,B-ATHLETE I-ATHLETE I-ATHLETE I-ATHLETE O O O O O O O O O O O O O,[],"[('ATHLETE', 0, 3)]"
2175,"Ġ Ċ Ċ Playing Ġthe Ġbiggest Ġmatch Ġof Ġher Ġlife , ĠMir za Ġmade Ġlittle Ġimpact Ġon ĠWilliams Ġin Ġthe Ġearly Ġstages Ġof Ġthe Ġgame .",O O O O O O O O O O O O O O O O O O O O O O O O O O,O O O O O O O O O O O B-ATHLETE I-ATHLETE O O O O B-ATHLETE O O O O O O O O,[],"[('ATHLETE', 11, 12), ('ATHLETE', 17, 17)]"
2176,ĠBut Ġthe Ġteenager Ġshowed Ġmore Ġconfidence Ġin Ġthe Ġsecond Ġset Ġand Ġengaged Ġthe Ġseventh - se eded ĠWilliams Ġin Ġsome Ġwell Ġcontested Ġrallies .,O O O O O O O O O O O O O O O O O O O O O O O O,O O O O O O O O O O O O O O O O O B-ATHLETE O O O O O O,[],"[('ATHLETE', 17, 17)]"
2177,"ĠMir za , Ġa Ġjunior ĠWim bledon Ġdoubles Ġtitle Ġwinner , Ġbecame Ġthe Ġfirst ĠIndian Ġwoman Ġto Ġreach Ġthe Ġthird Ġround Ġof Ġa Ġgrand Ġslam Ġtennis Ġevent Ġwhen Ġshe Ġbeat ĠHungarian ĠPetra ĠMand ula Ġon ĠWednesday . Ġ""",O O O O O O O O O O O O O O O O O O O O O O O O O O O O O O O B-ATHLETE I-ATHLETE I-ATHLETE O O O O,B-ATHLETE I-ATHLETE O O O O O O O O O O O O O O O O O O O O O O O O O O O O O B-ATHLETE I-ATHLETE I-ATHLETE O O O O,"[('ATHLETE', 31, 33)]","[('ATHLETE', 0, 1), ('ATHLETE', 31, 33)]"
2179,"ĠI Ġwas Ġconfident Ġbut ĠI Ġdidn 't Ġthink Ġit Ġwas Ġgoing Ġto Ġbe Ġthat Ġeasy ,"" ĠMir za Ġsaid Ġafter Ġher Ġsecond Ġround Ġwin . Ġ""",O O O O O O O O O O O O O O O O O O O O O O O O O O,O O O O O O O O O O O O O O O O B-ATHLETE I-ATHLETE O O O O O O O O,[],"[('ATHLETE', 16, 17)]"
2182,"ĠTennis Ġis Ġnot Ġa Ġparticularly Ġpopular Ġsport Ġin ĠIndia , Ġbut Ġa Ġnumber Ġof ĠIndians Ġwatched Ġthe Ġlive Ġtele cast Ġof Ġthe Ġmatch Ġbetween ĠMir za Ġand ĠWilliams .",O O O O O O O O O O O O O O O O O O O O O O O O O O O O O,O O O O O O O O O O O O O O O O O O O O O O O O B-ATHLETE I-ATHLETE O B-ATHLETE O,[],"[('ATHLETE', 24, 25), ('ATHLETE', 27, 27)]"
2183,"ĠMir za , Ġwho Ġlives Ġin Ġthe Ġsouthern ĠIndian Ġcity Ġof ĠHyder abad Ġknown Ġfor Ġproducing Ġa Ġhost Ġof Ġtop ĠIndian Ġcr ick eters , Ġturned Ġprofessional Ġtwo Ġyears Ġago .",O O O O O O O O O O O O O O O O O O O O O O O O O O O O O O O,B-PUBLIC-FIGURE I-PUBLIC-FIGURE O O O O O O O O O O O O O O O O O O O O O O O O O O O O O,[],"[('PUBLIC-FIGURE', 0, 1)]"
2185,"ĠThen Ġfinally Ġ[ the Ġcoach ] Ġcalled Ġmy Ġparents Ġup Ġand Ġsaid Ġ' the Ġway Ġshe Ġhits Ġthe Ġball , ĠI 've Ġnever Ġseen Ġa Ġsix - year - old Ġhit Ġa Ġball Ġlike Ġthat ',"" ĠMir za Ġtold Ġthe ĠAssociated ĠPress .",O O O O O O O O O O O O O O O O O O O O O O O O O O O O O O O O O O O O O O O O O O O,O O O O O O O O O O O O O O O O O O O O O O O O O O O O O O O O O O O O B-ATHLETE I-ATHLETE O O O O O,[],"[('ATHLETE', 36, 37)]"
2190,"ĠIt 's Ġpretty Ġclear Ġthat Ġthey 've Ġsuffered Ġa Ġsevere Ġsetback ,"" Ġsaid ĠAnthony ĠSeb ok , Ġa Ġprofessor Ġat ĠBrooklyn ĠLaw ĠSchool , Ġadding Ġthat Ġthe Ġappeal Ġwas Ġwhat Ġthe Ġgovernment Ġ"" would Ġbe Ġexpected Ġto Ġask Ġfor "".",O O O O O O O O O O O O O B-AUTHOR-WRITER I-AUTHOR-WRITER I-AUTHOR-WRITER O O O O O O O O O O O O O O O O O O O O O O O O,O O O O O O O O O O O O O B-PUBLIC-FIGURE I-PUBLIC-FIGURE I-PUBLIC-FIGURE O O O O O O O O O O O O O O O O O O O O O O O O,"[('AUTHOR-WRITER', 13, 15)]","[('PUBLIC-FIGURE', 13, 15)]"
2192,"ĠAmong Ġthe Ġfirms Ġaccused Ġwere ĠAlt ria ĠGroup , ĠRJ ĠReynolds ĠTobacco , ĠLor illard ĠTobacco , ĠL ig get t ĠGroup Ġand ĠBrown Ġand ĠWilliamson .",O O O O O O O O O O O O O O O O O O O O O O O O O O O,O O O O O O O O O O O O O O O O O O O O O O O B-BUSINESS-EXECUTIVE-MANAGER O B-BUSINESS-EXECUTIVE-MANAGER O,[],"[('BUSINESS-EXECUTIVE-MANAGER', 23, 23), ('BUSINESS-EXECUTIVE-MANAGER', 25, 25)]"
2200,"ĠAlt ria 's ĠPhilip ĠMorris Ġnow Ġaccepts Ġthat Ġnicotine Ġis Ġharmful , Ġand Ġthe Ġcompany 's Ġmain Ġlawyer ĠWilliam ĠOh le meyer Ġtold Ġthe ĠBBC Ġlast Ġyear Ġthat Ġearlier Ġstatements Ġmay Ġhave Ġbeen Ġwrong Ġbut Ġthey Ġwere Ġnot Ġdishonest .",O O O O O O O O O O O O O O O O O O B-PUBLIC-FIGURE I-PUBLIC-FIGURE I-PUBLIC-FIGURE I-PUBLIC-FIGURE O O O O O O O O O O O O O O O O O O,O O O B-AUTHOR-WRITER I-AUTHOR-WRITER O O O O O O O O O O O O O B-PUBLIC-FIGURE I-PUBLIC-FIGURE I-PUBLIC-FIGURE I-PUBLIC-FIGURE O O O O O O O O O O O O O O O O O O,"[('PUBLIC-FIGURE', 18, 21)]","[('AUTHOR-WRITER', 3, 4), ('PUBLIC-FIGURE', 18, 21)]"
2202,"ĠPolice Ġpraise Ġ' c ourage ous ' ĠO zzy Ċ Ċ Rock Ġstar ĠO zzy ĠOs bourne Ġhas Ġbeen Ġpraised Ġby Ġpolice Ġfor Ġ"" very Ġcourage ously "" Ġtackling Ġa Ġburg lar Ġwho Ġstole Ġjew ellery Ġfrom Ġhis Ġhouse .",O O O O O O O O O O O O O B-MUSICIAN I-MUSICIAN I-MUSICIAN I-MUSICIAN O O O O O O O O O O O O O O O O O O O O O O O,O O O O O O O B-MUSICIAN I-MUSICIAN O O O O B-MUSICIAN I-MUSICIAN I-MUSICIAN I-MUSICIAN O O O O O O O O O O O O O O O O O O O O O O O,"[('MUSICIAN', 13, 16)]","[('MUSICIAN', 7, 8), ('MUSICIAN', 13, 16)]"
2204,"ĠI Ġacted Ġon Ġimpulse ,"" ĠOs bourne Ġsaid . Ġ""",O O O O O O O O O O,O O O O O B-ATHLETE I-ATHLETE O O O,[],"[('ATHLETE', 5, 6)]"
2210,"ĠI Ġcould Ġhave Ġbeen Ġbadly Ġinjured Ġor Ġshot Ġor Ġanything ,"" ĠOs bourne Ġsaid . Ġ""",O O O O O O O O O O O O O O O O,O O O O O O O O O O O B-ATHLETE I-ATHLETE O O O,[],"[('ATHLETE', 11, 12)]"
2217,"ĠWhilst Ġselecting Ġitems Ġof Ġjew ellery , Ġthe Ġburg lar Ġwas Ġdisturbed Ġby ĠO zzy Ġwho Ġvery Ġcourage ously Ġtackled Ġthis Ġburg lar Ġand Ġpursued Ġhim Ġfrom Ġthe Ġhouse ,"" Ġhe Ġsaid .",O O O O O O O O O O O O O O O O O O O O O O O O O O O O O O O O O,O O O O O O O O O O O O O B-PUBLIC-FIGURE I-PUBLIC-FIGURE O O O O O O O O O O O O O O O O O O,[],"[('PUBLIC-FIGURE', 13, 14)]"
2218,"ĠO zzy Ġsaid Ġhe Ġwas Ġ"" just Ġcoming Ġto Ġgrips "" Ġwith Ġwhat Ġhad Ġhappened Ġand Ġhis Ġopinion Ġof Ġthe ĠUK Ġhad Ġbeen Ġlowered Ġafter Ġ12 Ġrelatively Ġtrouble - free Ġyears Ġin Ġthe ĠUS .",O O O O O O O O O O O O O O O O O O O O O O O O O O O O O O O O O O O,B-MUSICIAN I-MUSICIAN O O O O O O O O O O O O O O O O O O O O O O O O O O O O O O O O O,[],"[('MUSICIAN', 0, 1)]"
2220,"ĠAt Ġa Ġpress Ġconference Ġon ĠTuesday , ĠSharon ĠOs bourne Ġgave Ġdetails Ġof Ġnine Ġstolen Ġitems .",O O O O O O O B-PUBLIC-FIGURE O O O O O O O O O,O O O O O O O B-PUBLIC-FIGURE I-PUBLIC-FIGURE I-PUBLIC-FIGURE O O O O O O O,"[('PUBLIC-FIGURE', 7, 7)]","[('PUBLIC-FIGURE', 7, 9)]"
2221,ĠThey Ġincluded Ġa Ġdiamond Ġwedding Ġring Ġand Ġtwo Ġhandmade Ġwedding Ġbands ĠO zzy Ġgave Ġher Ġwhen Ġthey Ġrenewed Ġtheir Ġvows Ġtwo Ġyears Ġago .,O O O O O O O O O O O O O O O O O O O O O O O O,O O O O O O O O O O O B-MUSICIAN I-MUSICIAN O O O O O O O O O O O,[],"[('MUSICIAN', 11, 12)]"
2229,"ĠO zzy Ġcame Ġfrom Ġnot Ġa Ġvery Ġnice Ġpart Ġof ĠBirmingham Ġand Ġeverything Ġwe 've Ġgot Ġwe Ġhave Ġworked Ġour Ġar ses Ġoff Ġfor ."" Ġ""",O O O O O O O O O O O O O O O O O O O O O O O O O O,B-ATHLETE I-ATHLETE O O O O O O O O O O O O O O O O O O O O O O O O,[],"[('ATHLETE', 0, 1)]"
2231,"ĠO zzy Ġalso Ġlamented Ġtwo Ġyears Ġin Ġwhich Ġthe Ġfamily Ġhas Ġbeen Ġplagued Ġby Ġproblems , Ġincluding Ġhis Ġcritical Ġinjury Ġin Ġa Ġquad Ġbike Ġaccident , Ġhis Ġwife 's Ġcolon Ġcancer , Ġtheir Ġchildren s ' Ġdrug Ġproblems Ġand Ġnow Ġthe Ġburglary .",O O O O O O O O O O O O O O O O O O O O O O O O O O O O O O O O O O O O O O O O O O O,B-MUSICIAN I-MUSICIAN O O O O O O O O O O O O O O O O O O O O O O O O O O O O O O O O O O O O O O O O O,[],"[('MUSICIAN', 0, 1)]"
2232,"Ġ Ċ Ċ On ĠSunday Ġnight , Ġthe ĠOs b ourn es Ġhad Ġbeen Ġcelebrating Ġthe Ġbirthday Ġof Ġsinger ĠSir ĠEl ton ĠJohn 's Ġpartner ĠDavid ĠFurn ish .",O O O O O O O O O O O O O O O O O O O B-MUSICIAN I-MUSICIAN I-MUSICIAN I-MUSICIAN O O B-PUBLIC-FIGURE I-PUBLIC-FIGURE I-PUBLIC-FIGURE O,O O O O O O O O O O O O O O O O O O O O B-MUSICIAN I-MUSICIAN I-MUSICIAN O O B-MUSICIAN I-MUSICIAN I-MUSICIAN O,"[('MUSICIAN', 19, 22), ('PUBLIC-FIGURE', 25, 27)]","[('MUSICIAN', 20, 22), ('MUSICIAN', 25, 27)]"
2238,"ĠTory Ġ' st alking Ġhorse ' ĠMeyer Ġdies Ċ Ċ Sir ĠAnthony ĠMeyer , Ġthe ĠTory Ġback ben cher Ġwho Ġchallenged ĠMargaret ĠThatcher Ġfor Ġthe Ġparty Ġleadership Ġin Ġ1989 , Ġhas Ġdied .",O O O O O O O O O O B-POLITICIAN I-POLITICIAN I-POLITICIAN O O O O O O O O B-POLITICIAN I-POLITICIAN O O O O O O O O O O,O O O O O O B-PUBLIC-FIGURE O O O O B-POLITICIAN I-POLITICIAN O O O O O O O O B-POLITICIAN I-POLITICIAN O O O O O O O O O O,"[('POLITICIAN', 10, 12), ('POLITICIAN', 21, 22)]","[('PUBLIC-FIGURE', 6, 6), ('POLITICIAN', 11, 12), ('POLITICIAN', 21, 22)]"
2240,"ĠThat Ġfailed Ġ"" st alking Ġhorse "" Ġleadership Ġchallenge Ġmade Ġit Ġeasier Ġfor ĠMichael ĠHes elt ine Ġto Ġmount Ġhis Ġown Ġbid .",O O O O O O O O O O O O O B-POLITICIAN I-POLITICIAN I-POLITICIAN I-POLITICIAN O O O O O O,O O O O O O O O O O O O O B-ATHLETE I-ATHLETE I-ATHLETE I-ATHLETE O O O O O O,"[('POLITICIAN', 13, 16)]","[('ATHLETE', 13, 16)]"
2242,"ĠMeyer 's Ġconstituency Ġparty , ĠCl w yd ĠNorth ĠWest , Ġwhich Ġhe Ġhad Ġrepresented Ġas Ġan ĠMP Ġfor Ġmore Ġthan Ġ20 Ġyears , Ġdes elected Ġhim Ġas Ġa Ġresult Ġof Ġthat Ġchallenge .",O O O O O O O O O O O O O O O O O O O O O O O O O O O O O O O O O O,B-PUBLIC-FIGURE O O O O O O O O O O O O O O O O O O O O O O O O O O O O O O O O O,[],"[('PUBLIC-FIGURE', 0, 0)]"
2243,"ĠSir ĠAnthony ĠJohn ĠCharles ĠMeyer Ġwas Ġborn Ġon Ġ27 ĠOctober , Ġ1920 .",O O O O O O O O O O O O O,O B-PUBLIC-FIGURE I-PUBLIC-FIGURE I-PUBLIC-FIGURE I-PUBLIC-FIGURE O O O O O O O O,[],"[('PUBLIC-FIGURE', 1, 4)]"
2246,"ĠLabour Ġregained Ġthe Ġseat Ġtwo Ġyears Ġlater , Ġand ĠMeyer Ġhad Ġto Ġwait Ġuntil Ġ1970 Ġbefore Ġhe Ġcould Ġre - enter ĠParliament .",O O O O O O O O O O O O O O O O O O O O O O O,O O O O O O O O O B-PUBLIC-FIGURE O O O O O O O O O O O O O,[],"[('PUBLIC-FIGURE', 9, 9)]"
2249,"Ġ Ċ Ċ Vict or ĠWong , Ġa Ġgraduate Ġstudent Ġfrom ĠHong ĠKong Ġstudying Ġat ĠCornell ĠUniversity Ġin ĠNew ĠYork ĠState , Ġhad Ġto Ġread Ġcoloured Ġmaps Ġof Ġthe Ġupper Ġatmosphere Ġas Ġpart Ġof Ġhis Ġresearch .",O O O B-PUBLIC-FIGURE I-PUBLIC-FIGURE I-PUBLIC-FIGURE O O O O O O O O O O O O O O O O O O O O O O O O O O O O O O O,O O O B-MUSICIAN I-MUSICIAN I-MUSICIAN O O O O O O O O O O O O O O O O O O O O O O O O O O O O O O O,"[('PUBLIC-FIGURE', 3, 5)]","[('MUSICIAN', 3, 5)]"
2250,"ĠTo Ġstudy Ġ"" space Ġweather "" ĠMr ĠWong Ġneeded Ġto Ġexplore Ġminute Ġfluctuations Ġin Ġorder Ġto Ġcreate Ġmathematical Ġmodels .",O O O O O O O O O O O O O O O O O O O O,O O O O O O O B-MUSICIAN O O O O O O O O O O O O,[],"[('MUSICIAN', 7, 7)]"
2252,"ĠMr ĠWong Ġeventually Ġhit Ġupon Ġthe Ġidea Ġof Ġtranslating Ġindividual Ġcolours Ġinto Ġmusic , Ġand Ġenlisted Ġthe Ġhelp Ġof Ġa Ġcomputer Ġgraphics Ġspecialist Ġand Ġanother Ġstudent Ġto Ġdo Ġthe Ġprogramming Ġwork .",O O O O O O O O O O O O O O O O O O O O O O O O O O O O O O O O,O B-MUSICIAN O O O O O O O O O O O O O O O O O O O O O O O O O O O O O O,[],"[('MUSICIAN', 1, 1)]"
2253,"Ġ Ċ Ċ "" The Ġimages Ġhave Ġthree Ġdimensions Ġand ĠI Ġhad Ġto Ġfind Ġa Ġway Ġof Ġreading Ġthem Ġmyself ,"" ĠMr ĠWong Ġtold Ġthe ĠBBC ĠNews Ġwebsite . Ġ""",O O O O O O O O O O O O O O O O O O O O O O O O O O O O O O,O O O O O O O O O O O O O O O O O O O O O O B-MUSICIAN O O O O O O O,[],"[('MUSICIAN', 22, 22)]"
2258,"ĠMr ĠWong Ġsays Ġthe Ġapplication Ġis Ġstill Ġvery Ġmuch Ġin Ġits Ġinfancy Ġand Ġis Ġonly Ġuseful Ġfor Ġreading Ġimages Ġthat Ġhave Ġbeen Ġcreated Ġdigitally . Ġ""",O O O O O O O O O O O O O O O O O O O O O O O O O O,O B-MUSICIAN O O O O O O O O O O O O O O O O O O O O O O O O,[],"[('MUSICIAN', 1, 1)]"
2260,"Ġ Ċ Ċ Mr ĠWong Ġhas Ġbeen Ġblind Ġfrom Ġthe Ġage Ġof Ġseven Ġand Ġhe Ġthinks Ġthat Ġhaving Ġa Ġ"" colour Ġmemory "" Ġmakes Ġthe Ġsoftware Ġmore Ġuseful Ġthan Ġit Ġwould Ġbe Ġto Ġa Ġscientist Ġwho Ġhad Ġnever Ġhad Ġany Ġvision . Ġ""",O O O O O O O O O O O O O O O O O O O O O O O O O O O O O O O O O O O O O O O O O O O,O O O O B-MUSICIAN O O O O O O O O O O O O O O O O O O O O O O O O O O O O O O O O O O O O O O,[],"[('MUSICIAN', 4, 4)]"
2262,"ĠThe Ġcolour Ġto Ġmusic Ġsoftware Ġhas Ġnot Ġyet Ġbeen Ġmade Ġavailable Ġcommercially , Ġand ĠMr ĠWong Ġbelieves Ġthat Ġseveral Ġpeople Ġwould Ġhave Ġto Ġwork Ġtogether Ġto Ġmake Ġit Ġviable .",O O O O O O O O O O O O O O O O O O O O O O O O O O O O O O,O O O O O O O O O O O O O O O B-MUSICIAN O O O O O O O O O O O O O O,[],"[('MUSICIAN', 15, 15)]"
2265,"Ġ Ċ Ċ The Ġmove Ġcomes Ġafter Ġtelecom Ġregulator ĠOf com Ġsaid Ġin ĠNovember Ġthat Ġthe Ġfirm Ġmust Ġoffer Ġcompetitors Ġ"" real Ġequality Ġof Ġaccess Ġto Ġits Ġphone Ġlines "".",O O O O O O O O O O O O O O O O O O O O O O O O O O O O O O,O O O O O O O O O B-BUSINESS-EXECUTIVE-MANAGER O O O O O O O O O O O O O O O O O O O O,[],"[('BUSINESS-EXECUTIVE-MANAGER', 9, 9)]"
2278,"Ġ Ċ Ċ Tele com Ġanalysts ĠOv um Ġwelcomed Ġthe Ġmove , Ġsaying ĠBT Ġhad Ġ"" given Ġa Ġlot Ġof Ġground "".",O O O O O O O O O O O O O O O O O O O O O O,O O O O O O B-BUSINESS-EXECUTIVE-MANAGER I-BUSINESS-EXECUTIVE-MANAGER O O O O O O O O O O O O O O,[],"[('BUSINESS-EXECUTIVE-MANAGER', 6, 7)]"
2293,ĠThe ĠSimpsons Ġand ĠDallas Ġand Ġ24 Ġwere Ġamong Ġthe Ġmagazine 's Ġlist Ġof Ġthe Ġbest Ġall - time Ġimports Ġfrom Ġthe ĠUS .,O O O O O O O O O O O O O O O O O O O O O O O,B-MUSICIAN O O B-MUSICIAN O O O O O O O O O O O O O O O O O O O,[],"[('MUSICIAN', 0, 0), ('MUSICIAN', 3, 3)]"
2295,"ĠThe ĠJerry ĠSpringer ĠShow , Ġwhich Ġcame Ġin Ġat Ġsixth Ġon Ġthe Ġlist , Ġdid Ġnot Ġfare Ġwell .",O B-ACTOR-DIRECTOR I-ACTOR-DIRECTOR O O O O O O O O O O O O O O O O,O B-PUBLIC-FIGURE I-PUBLIC-FIGURE O O O O O O O O O O O O O O O O,"[('ACTOR-DIRECTOR', 1, 2)]","[('PUBLIC-FIGURE', 1, 2)]"
2296,"Ġ Ċ Ċ Broad cast Ġmagazine Ġsaid : Ġ"" British ĠTV Ġnever Ġrealised Ġhow Ġlow Ġit Ġcould Ġgo Ġbefore ĠJerry Ġshowed Ġthe Ġway .""",O O O O O O O O O O O O O O O O O O O O O O O O,O O O O O O O O O O O O O O O O O O O B-MUSICIAN O O O O,[],"[('MUSICIAN', 19, 19)]"
2297,"ĠBay watch Ġrose Ġto Ġthe Ġtop Ġof Ġthe Ġlist Ġfor Ġhaving Ġ"" mind - n umb ingly Ġpredictable Ġscripts : Ġbeach go er Ġis Ġsaved Ġfrom Ġdrowning ,"" Ġaccording Ġto Ġthe Ġmagazine .",O O O O O O O O O O O O O O O O O O O O O O O O O O O O O O O O O,O O O O O O O O O O O O O O O O O O O O B-MUSICIAN I-MUSICIAN I-MUSICIAN O O O O O O O O O O,[],"[('MUSICIAN', 20, 22)]"
2299,"ĠOther ĠAmerican Ġshows Ġwhich Ġwon Ġpraise Ġwere ĠThe ĠX - Files , ĠI ĠLove ĠLucy , ĠTwin ĠPeaks Ġand ĠStar ĠTrek .",O O O O O O O O O O O O O O O O O O O O O O,O O O O O O O O O O O O O O O O O O O O B-ACTOR-DIRECTOR O,[],"[('ACTOR-DIRECTOR', 20, 20)]"
2303,ĠBlack pool Ġwill Ġget Ġthe Ġmuch Ġsmaller ĠFebruary Ġspring Ġconference Ġinstead Ġin Ġwhat Ġwill Ġbe Ġseen Ġas Ġa Ġplac atory Ġmove .,O O O O O O O O O O O O O O O O O O O O O O,B-ATHLETE I-ATHLETE O O O O O O O O O O O O O O O O O O O O,[],"[('ATHLETE', 0, 1)]"
2319,"ĠProsecutors Ġsaid ĠJay nes Ġwas Ġ"" a Ġsnake Ġoil Ġsalesman Ġin Ġa Ġnew Ġformat "", Ġusing Ġthe Ġinternet Ġto Ġpedd le Ġuseless Ġwa res , Ġnews Ġagency ĠAssociated ĠPress Ġreported .",O O O O O O O O O O O O O O O O O O O O O O O O O O O O O O O,O O B-PUBLIC-FIGURE I-PUBLIC-FIGURE O O O O O O O O O O O O O O O O O O O O O O O O O O O,[],"[('PUBLIC-FIGURE', 2, 3)]"
2323,"ĠJay nes Ġamassed Ġa Ġfortune Ġof Ġ$ 24 m Ġfrom Ġhis Ġsales , Ġprosecutors Ġsaid . Ġ""",O O O O O O O O O O O O O O O O O,B-PUBLIC-FIGURE I-PUBLIC-FIGURE O O O O O O O O O O O O O O O,[],"[('PUBLIC-FIGURE', 0, 1)]"
2325,"ĠJay nes Ġwas Ġalso Ġfound Ġguilty Ġof Ġbreaking Ġa Ġstate Ġlaw Ġwhich Ġprohibits Ġthe Ġsending Ġof Ġmore Ġthan Ġ100 , 000 Ġe - mails Ġin Ġ30 Ġdays , ĠVirginia ĠState ĠAttorney ĠGeneral ĠJerry ĠKil g ore Ġreportedly Ġsaid .",O O O O O O O O O O O O O O O O O O O O O O O O O O O O O O O O B-POLITICIAN I-POLITICIAN I-POLITICIAN I-POLITICIAN O O O,B-PUBLIC-FIGURE I-PUBLIC-FIGURE O O O O O O O O O O O O O O O O O O O O O O O O O O O O O O B-POLITICIAN I-POLITICIAN I-POLITICIAN I-POLITICIAN O O O,"[('POLITICIAN', 32, 35)]","[('PUBLIC-FIGURE', 0, 1), ('POLITICIAN', 32, 35)]"
2326,"ĠProsecutors Ġhad Ġasked Ġfor Ġ15 Ġyears Ġin Ġjail Ġfor ĠJay nes , Ġand Ġa Ġjail Ġterm Ġfor Ġhis Ġsister .",O O O O O O O O O O O O O O O O O O O O,O O O O O O O O O B-PUBLIC-FIGURE I-PUBLIC-FIGURE O O O O O O O O O,[],"[('PUBLIC-FIGURE', 9, 10)]"
2327,"ĠBut ĠJay nes ' Ġlawyer ĠDavid ĠOb lon Ġcalled Ġthe Ġnine - year Ġrecommended Ġterm Ġ"" out rage ous "" Ġand Ġsaid Ġhis Ġclient Ġbelieved Ġhe Ġwas Ġinnocent .",O O O O O B-PUBLIC-FIGURE I-PUBLIC-FIGURE I-PUBLIC-FIGURE O O O O O O O O O O O O O O O O O O O O O,O B-PUBLIC-FIGURE I-PUBLIC-FIGURE O O B-PUBLIC-FIGURE I-PUBLIC-FIGURE I-PUBLIC-FIGURE O O O O O O O O O O O O O O O O O O O O O,"[('PUBLIC-FIGURE', 5, 7)]","[('PUBLIC-FIGURE', 1, 2), ('PUBLIC-FIGURE', 5, 7)]"
2333,"ĠMatthew ĠHer ren Ġfrom ĠEdu Vision Ġtold Ġthe ĠBBC Ġprogramme ĠGo ĠDigital Ġhow Ġthe Ġnon - governmental Ġorganisation Ġuses Ġa Ġcombination Ġof Ġsatellite Ġradio Ġand Ġhandheld Ġcomputers Ġcalled ĠE - sl ates . Ġ""",B-BUSINESS-EXECUTIVE-MANAGER I-BUSINESS-EXECUTIVE-MANAGER I-BUSINESS-EXECUTIVE-MANAGER O O O O O O O O O O O O O O O O O O O O O O O O O O O O O O O,B-PUBLIC-FIGURE I-PUBLIC-FIGURE I-PUBLIC-FIGURE O O O O O O O O O O O O O O O O O O O O O O O O O O O O O O O,"[('BUSINESS-EXECUTIVE-MANAGER', 0, 2)]","[('PUBLIC-FIGURE', 0, 2)]"
2341,"ĠBut ĠMr ĠHer ren Ġsays Ġthere Ġare Ġboth Ġpros Ġand Ġcons Ġto Ġthe Ġproject . Ġ""",O O O O O O O O O O O O O O O O,O O B-PUBLIC-FIGURE I-PUBLIC-FIGURE O O O O O O O O O O O O,[],"[('PUBLIC-FIGURE', 2, 3)]"
2347,ĠMr ĠHer ren Ġsays Ġthis Ġwould Ġvastly Ġincrease Ġthe Ġopportunities Ġavailable Ġto Ġthe Ġstudents .,O O O O O O O O O O O O O O O,O B-PUBLIC-FIGURE I-PUBLIC-FIGURE O O O O O O O O O O O O,[],"[('PUBLIC-FIGURE', 1, 2)]"
2351,"ĠBut ĠMr ĠHer ren Ġsays ĠEdu Vision Ġalready Ġhas Ġplans Ġto Ġextend Ġit Ġto Ġmore Ġremote Ġregions . Ġ""",O O O O O O O O O O O O O O O O O O O,O O B-PUBLIC-FIGURE I-PUBLIC-FIGURE O O O O O O O O O O O O O O O,[],"[('PUBLIC-FIGURE', 2, 3)]"
2353,"ĠMac ie j ĠSund ra , Ġwho Ġdesigned Ġthe Ġuser Ġinterface Ġfor Ġthe ĠE - sl ates , Ġsays Ġthe Ġproject 's Ġultimate Ġgoal Ġis Ġleve lling Ġaccess Ġto Ġknowledge Ġaround Ġthe Ġworld . Ġ""",B-BUSINESS-EXECUTIVE-MANAGER I-BUSINESS-EXECUTIVE-MANAGER I-BUSINESS-EXECUTIVE-MANAGER I-BUSINESS-EXECUTIVE-MANAGER I-BUSINESS-EXECUTIVE-MANAGER O O O O O O O O O O O O O O O O O O O O O O O O O O O O O O,B-PUBLIC-FIGURE I-PUBLIC-FIGURE I-PUBLIC-FIGURE I-PUBLIC-FIGURE I-PUBLIC-FIGURE O O O O O O O O O O O O O O O O O O O O O O O O O O O O O O,"[('BUSINESS-EXECUTIVE-MANAGER', 0, 4)]","[('PUBLIC-FIGURE', 0, 4)]"
2359,"ĠWe Ġtook Ġsome Ġtime Ġoff Ġfor ĠChristmas , Ġbut Ġgenerally Ġwe 're Ġdoing Ġanother Ġrecord ,"" ĠBar row Ġtold Ġthe Ġdigital Ġradio Ġstation .",O O O O O O O O O O O O O O O O O O O O O O O O,O O O O O O O O O O O O O O O O B-MUSICIAN I-MUSICIAN O O O O O O,[],"[('MUSICIAN', 16, 17)]"
2361,"ĠPort is head Ġwill Ġplay Ġalongside Ġfellow ĠBristol Ġband ĠMassive ĠAttack Ġat ĠOx fam 's ĠTs um ani Ġappeal , Ġheld Ġat Ġthe ĠBristol ĠAcademy Ġon Ġ19 ĠFebruary .",O O O O O O O O O O O O O O O O O O O O O O O O O O O O O,B-ATHLETE I-ATHLETE I-ATHLETE O O O O O O O O O O O O B-ATHLETE I-ATHLETE I-ATHLETE O O O O O O O O O O O,[],"[('ATHLETE', 0, 2), ('ATHLETE', 15, 17)]"
2362,"ĠBar row Ġsaid Ġhe Ġwas Ġsurprised Ġpeople Ġthought Ġthe Ġband , Ġwho Ġwon Ġa ĠMercury ĠMusic ĠPrize Ġin Ġ1995 Ġfor Ġtheir Ġdebut Ġalbum ĠD ummy , Ġhad Ġsplit Ġup .",O O O O O O O O O O O O O O O O O O O O O O O O O O O O O O,B-PUBLIC-FIGURE I-PUBLIC-FIGURE O O O O O O O O O O O O O O O O O O O O O O O O O O O O,[],"[('PUBLIC-FIGURE', 0, 1)]"
2365,"ĠPort is head Ġwill Ġnot Ġplay Ġany Ġnew Ġmaterial Ġat Ġnext Ġmonth 's Ġconcert , Ġwhich Ġwill Ġfeature Ġsinger ĠBeth ĠGib bons Ġplaying Ġwith Ġan Ġacoustic Ġbacking .",O O O O O O O O O O O O O O O O O O O B-MUSICIAN I-MUSICIAN I-MUSICIAN O O O O O O,B-MUSICIAN I-MUSICIAN I-MUSICIAN O O O O O O O O O O O O O O O O B-MUSICIAN I-MUSICIAN I-MUSICIAN O O O O O O,"[('MUSICIAN', 19, 21)]","[('MUSICIAN', 0, 2), ('MUSICIAN', 19, 21)]"
2368,"ĠD ummy Ġwas Ġa Ġcritics ' Ġfavourite Ġin Ġ1994 , Ġhailed Ġfor Ġits Ġblend Ġof Ġmenacing Ġsounds Ġand Ġhip - hop Ġbeats Ġmarried Ġto Ġold Ġsoul Ġsamples .",O O O O O O O O O O O O O O O O O O O O O O O O O O O O,B-MUSICIAN I-MUSICIAN O O O O O O O O O O O O O O O O O O O O O O O O O O,[],"[('MUSICIAN', 0, 1)]"
2369,"ĠThe Ġfollow Ġup , ĠPort is head , Ġwas Ġreleased Ġthree Ġyears Ġlater .",O O O O O O O O O O O O O O,O O O O B-ATHLETE I-ATHLETE I-ATHLETE O O O O O O O,[],"[('ATHLETE', 4, 6)]"
2370,ĠParker Ġmisses ĠEngland Ġclash Ċ Ċ Tom ĠShank lin Ġwill Ġstart Ġin Ġthe Ġcentre Ġfor ĠWales Ġagainst ĠEngland Ġin ĠCardiff Ġon ĠSaturday Ġafter ĠSonny ĠParker Ġfailed Ġto Ġrecover Ġfrom Ġa Ġtrapped Ġneck Ġnerve .,O O O O O O B-ATHLETE I-ATHLETE I-ATHLETE O O O O O O O O O O O O O O B-ATHLETE I-ATHLETE O O O O O O O O O,B-ATHLETE O O O O O B-ATHLETE I-ATHLETE I-ATHLETE O O O O O O O O O O O O O O B-ATHLETE I-ATHLETE O O O O O O O O O,"[('ATHLETE', 6, 8), ('ATHLETE', 23, 24)]","[('ATHLETE', 0, 0), ('ATHLETE', 6, 8), ('ATHLETE', 23, 24)]"
2371,"Ġ Ċ Ċ Sh ank lin Ġwas Ġfirst - choice Ġwing Ġin Ġthe Ġautumn ĠTests , Ġbut Ġprefers Ġcentre Ġand Ġwill Ġface ĠEngland Ġdebut ant ĠMat hew ĠT ait .",O O O O O O O O O O O O O O O O O O O O O O O O O B-ATHLETE I-ATHLETE I-ATHLETE I-ATHLETE O,O O O B-ATHLETE I-ATHLETE I-ATHLETE O O O O O O O O O O O O O O O O O O O B-ATHLETE I-ATHLETE I-ATHLETE I-ATHLETE O,"[('ATHLETE', 25, 28)]","[('ATHLETE', 3, 5), ('ATHLETE', 25, 28)]"
2372,ĠDragons Ġthree - quarter ĠHal ĠL us combe Ġtakes ĠShank lin 's Ġwing Ġberth .,O O O O B-ATHLETE I-ATHLETE I-ATHLETE I-ATHLETE O O O O O O O,O O O O B-ATHLETE I-ATHLETE I-ATHLETE I-ATHLETE O B-ATHLETE I-ATHLETE O O O O,"[('ATHLETE', 4, 7)]","[('ATHLETE', 4, 7), ('ATHLETE', 9, 10)]"
2374,"ĠDavies Ġwins Ġthe Ġvote Ġahead Ġof ĠRobin ĠMc B ry de , Ġwho Ġsits Ġon Ġthe Ġbench Ġhaving Ġrecently Ġreturned Ġto Ġaction Ġfor Ġthe ĠScar lets Ġfollowing Ġa Ġneck Ġinjury .",O O O O O O B-ATHLETE I-ATHLETE I-ATHLETE I-ATHLETE I-ATHLETE O O O O O O O O O O O O O O O O O O O O,B-ATHLETE O O O O O B-ATHLETE I-ATHLETE I-ATHLETE I-ATHLETE I-ATHLETE O O O O O O O O O O O O O O O O O O O O,"[('ATHLETE', 6, 10)]","[('ATHLETE', 0, 0), ('ATHLETE', 6, 10)]"
2375,"Ġ Ċ Ċ S id oli Ġis Ġback Ġfor Ġthe Ġfirst Ġtime Ġsince Ġlast Ġseason 's ĠSix ĠNations , Ġthe ĠBlues Ġsecond Ġrow Ġback Ġto Ġform Ġafter Ġa Ġn igg ling Ġgroin Ġproblem .",O O O O O O O O O O O O O O O O O O O O O O O O O O O O O O O O O O,O O O B-ATHLETE I-ATHLETE I-ATHLETE O O O O O O O O O O O O O O O O O O O O O O O O O O O O,[],"[('ATHLETE', 3, 5)]"
2376,"ĠWilliams , ĠSid oli 's Ġteam - mate Ġat ĠCardiff , Ġis Ġset Ġto Ġwin Ġhis Ġ50 th Ġcap , Ġreplacing Ġthe Ġinjured ĠColin ĠChar vis Ġafter Ġmaking Ġa Ġquicker - than - expected Ġrecovery Ġfrom Ġa Ġneck Ġdisc Ġproblem . Ġ""",O O O O O O O O O O O O O O O O O O O O O O O B-ATHLETE I-ATHLETE I-ATHLETE O O O O O O O O O O O O O O O O,B-ATHLETE O B-ATHLETE I-ATHLETE O O O O O O O O O O O O O O O O O O O B-ATHLETE I-ATHLETE I-ATHLETE O O O O O O O O O O O O O O O O,"[('ATHLETE', 23, 25)]","[('ATHLETE', 0, 0), ('ATHLETE', 2, 3), ('ATHLETE', 23, 25)]"
2377,"ĠInitially Ġwhen ĠI Ġhad Ġthe Ġdiagnosis Ġit Ġwas Ġa Ġcase Ġof Ġtrying Ġto Ġget Ġfit Ġfor Ġthe ĠItaly Ġgame Ġnext Ġweek , Ġbut Ġfortunately Ġmy Ġrecovery Ġhas Ġbeen Ġa Ġlot Ġquicker Ġthan Ġwe Ġall Ġhoped ,"" ĠWilliams Ġtold ĠBBC ĠSport ĠWales . Ġ""",O O O O O O O O O O O O O O O O O O O O O O O O O O O O O O O O O O O O O O O O O O O,O O O O O O O O O O O O O O O O O O O O O O O O O O O O O O O O O O O O B-ATHLETE O O O O O O,[],"[('ATHLETE', 36, 36)]"
2380,"ĠWilliams Ġsays Ġhe Ġexpects Ġa Ġtor rid Ġtime Ġfrom Ġan ĠEngland Ġloose - forward Ġtrio Ġof ĠLewis ĠMoody , ĠJoe ĠW ors ley Ġand ĠAndy ĠHaz ell . Ġ""",O O O O O O O O O O O O O O O O B-ATHLETE I-ATHLETE O B-ATHLETE I-ATHLETE I-ATHLETE I-ATHLETE O B-ATHLETE I-ATHLETE I-ATHLETE O O,B-PUBLIC-FIGURE O O O O O O O O O O O O O O O B-ATHLETE I-ATHLETE O B-ATHLETE I-ATHLETE I-ATHLETE I-ATHLETE O B-ATHLETE I-ATHLETE I-ATHLETE O O,"[('ATHLETE', 16, 17), ('ATHLETE', 19, 22), ('ATHLETE', 24, 26)]","[('PUBLIC-FIGURE', 0, 0), ('ATHLETE', 16, 17), ('ATHLETE', 19, 22), ('ATHLETE', 24, 26)]"
2381,"ĠThey Ġare Ġthree Ġtop - class Ġplayers , Ġespecially ĠW ors ley Ġand ĠMoody .",O O O O O O O O O O O O O O O,O O O O O O O O O B-ATHLETE I-ATHLETE I-ATHLETE O B-ATHLETE O,[],"[('ATHLETE', 9, 11), ('ATHLETE', 13, 13)]"
2382,"ĠThey Ġhave Ġbeen Ġthere Ġand Ġdone Ġit ,"" ĠWilliams Ġadded . Ġ""",O O O O O O O O O O O O,O O O O O O O O B-ATHLETE O O O,[],"[('ATHLETE', 8, 8)]"
2384,"ĠL us combe Ġgets Ġthe Ġnod Ġon Ġthe Ġwing Ġahead Ġof ĠDragons Ġteam - mate ĠKevin ĠMorgan , Ġwho Ġwins Ġa Ġplace Ġon Ġthe Ġbench Ġalongside Ġunc apped ĠBlues Ġprop ĠJohn ĠY app .",O O O O O O O O O O O O O O O B-ATHLETE I-ATHLETE O O O O O O O O O O O O O B-ATHLETE I-ATHLETE I-ATHLETE O,B-ATHLETE I-ATHLETE I-ATHLETE O O O O O O O O O O O O B-ATHLETE I-ATHLETE O O O O O O O O O O O O O B-ATHLETE I-ATHLETE I-ATHLETE O,"[('ATHLETE', 15, 16), ('ATHLETE', 30, 32)]","[('ATHLETE', 0, 2), ('ATHLETE', 15, 16), ('ATHLETE', 30, 32)]"
2385,"Ġ Ċ Ċ G ĠThomas Ġ( T oul ouse Ġ( capt ); ĠH ĠL us combe Ġ( Dr agons ), ĠT ĠShank lin Ġ( Bl ues ), ĠG ĠH enson Ġ( O sp reys ), ĠS ĠWilliams Ġ( O sp reys ); ĠS ĠJones Ġ( C ler mont ĠAu ver g ne ), ĠD ĠPeel Ġ( Scar lets ); ĠG ĠJenkins Ġ( Bl ues ), ĠM ĠDavies Ġ( Gl ou cester ), ĠA ĠJones Ġ( O sp reys ), ĠB ĠCock b ain Ġ( O sp reys ), ĠR ĠSid oli Ġ( Bl ues ), ĠD ĠJones Ġ( Scar lets ), ĠM ĠWilliams Ġ( Bl ues ), ĠM ĠOwen Ġ( Dr agons ).",O O O B-ATHLETE I-ATHLETE O O O O O O O B-ATHLETE I-ATHLETE I-ATHLETE I-ATHLETE O O O O B-ATHLETE I-ATHLETE I-ATHLETE O O O O B-ATHLETE I-ATHLETE I-ATHLETE O O O O O B-ATHLETE I-ATHLETE O O O O O B-ATHLETE I-ATHLETE O O O O O O O O O B-ATHLETE I-ATHLETE O O O O B-ATHLETE I-ATHLETE O O O O O O O O O O O B-ATHLETE I-ATHLETE O O O O O B-ATHLETE I-ATHLETE I-ATHLETE I-ATHLETE O O O O O B-ATHLETE I-ATHLETE I-ATHLETE O O O O B-ATHLETE I-ATHLETE O O O O B-ATHLETE I-ATHLETE O O O O B-ATHLETE I-ATHLETE O O O O,O O O B-ATHLETE I-ATHLETE O O O O O O O B-ATHLETE I-ATHLETE I-ATHLETE I-ATHLETE O O O O B-ATHLETE I-ATHLETE I-ATHLETE O O O O B-ATHLETE I-ATHLETE I-ATHLETE O O O O O B-ATHLETE I-ATHLETE O O O O O B-ATHLETE I-ATHLETE O O O O O O O O O B-ATHLETE I-ATHLETE O O O O B-ATHLETE I-ATHLETE O O O O B-ATHLETE I-ATHLETE O O O O O B-ATHLETE I-ATHLETE O O O O O B-ATHLETE I-ATHLETE I-ATHLETE I-ATHLETE O O O O O B-ATHLETE I-ATHLETE I-ATHLETE O O O O B-ATHLETE I-ATHLETE O O O O B-ATHLETE I-ATHLETE O O O O B-ATHLETE I-ATHLETE O O O O,"[('ATHLETE', 3, 4), ('ATHLETE', 12, 15), ('ATHLETE', 20, 22), ('ATHLETE', 27, 29), ('ATHLETE', 35, 36), ('ATHLETE', 42, 43), ('ATHLETE', 53, 54), ('ATHLETE', 59, 60), ('ATHLETE', 72, 73), ('ATHLETE', 79, 82), ('ATHLETE', 88, 90), ('ATHLETE', 95, 96), ('ATHLETE', 101, 102), ('ATHLETE', 107, 108)]","[('ATHLETE', 3, 4), ('ATHLETE', 12, 15), ('ATHLETE', 20, 22), ('ATHLETE', 27, 29), ('ATHLETE', 35, 36), ('ATHLETE', 42, 43), ('ATHLETE', 53, 54), ('ATHLETE', 59, 60), ('ATHLETE', 65, 66), ('ATHLETE', 72, 73), ('ATHLETE', 79, 82), ('ATHLETE', 88, 90), ('ATHLETE', 95, 96), ('ATHLETE', 101, 102), ('ATHLETE', 107, 108)]"
2387,ĠDawson Ġwins ĠEngland Ġsquad Ġrecall Ċ Ċ Was ps Ġscr um - half ĠMatt ĠDawson Ġhas Ġbeen Ġrecalled Ġto ĠEngland 's Ġtraining Ġsquad Ġahead Ġof Ġthe ĠR BS ĠSix ĠNations Ġand Ġbeen Ġreinstated Ġin Ġthe ĠElite ĠPlayer ĠSquad .,O O O O O O O O O O O O O B-ATHLETE I-ATHLETE O O O O O O O O O O O O O O O O O O O O O O O O,B-ATHLETE O O O O O O O O O O O O B-ATHLETE I-ATHLETE O O O O O O O O O O O O O O O O O O O O O O O O,"[('ATHLETE', 13, 14)]","[('ATHLETE', 0, 0), ('ATHLETE', 13, 14)]"
2388,"Ġ Ċ Ċ Coach ĠAndy ĠRobinson Ġdropped ĠDawson Ġfor Ġthe Ġautumn ĠTests Ġafter Ġhe Ġmissed Ġtraining Ġto Ġfilm Ġ' A ĠQuestion Ġof ĠSport .' Ġ""",O O O O B-ATHLETE I-ATHLETE O O O O O O O O O O O O O O O O O O O,O O O O B-ATHLETE I-ATHLETE O B-ATHLETE O O O O O O O O O O O O O O O O O,"[('ATHLETE', 4, 5)]","[('ATHLETE', 4, 5), ('ATHLETE', 7, 7)]"
2389,"ĠI Ġalways Ġsaid ĠI Ġwould Ġconsider Ġbringing ĠMatt Ġback Ġif ĠI Ġfelt Ġhe Ġwas Ġplaying Ġwell ,"" ĠRobinson Ġsaid . Ġ""",O O O O O O O O O O O O O O O O O O O O O,O O O O O O O B-ATHLETE O O O O O O O O O B-ATHLETE O O O,[],"[('ATHLETE', 7, 7), ('ATHLETE', 17, 17)]"
2392,"ĠIt 's Ġobviously Ġan Ġhonour Ġto Ġbe Ġasked Ġto Ġtrain Ġwith ĠEngland ,"" Ġsaid ĠT ait , Ġwho Ġhas Ġburst Ġinto Ġcontention Ġrecently . Ġ""",O O O O O O O O O O O O O O O O O O O O O O O O O,O O O O O O O O O O O O O O B-ATHLETE I-ATHLETE O O O O O O O O O,[],"[('ATHLETE', 14, 15)]"
2394,"ĠRobinson Ġhas Ġinvited Ġ42 Ġplayers Ġto Ġattend Ġa Ġthree - day Ġsession Ġin ĠLeeds Ġnext Ġweek , Ġin Ġwhich Ġhis Ġsquad Ġwill Ġtrain Ġin Ġpart Ġwith Ġthe ĠLeeds ĠRh inos Ġrugby Ġleague Ġsquad .",O O O O O O O O O O O O O O O O O O O O O O O O O O O O O O O O O O,B-PUBLIC-FIGURE O O O O O O O O O O O O O O O O O O O O O O O O O O O O O O O O O,[],"[('PUBLIC-FIGURE', 0, 0)]"
2395,"Ġ Ċ Ċ With ĠMike ĠT ind all Ġruled Ġout Ġof Ġthe Ġopening Ġtwo Ġmatches Ġand ĠWill ĠGreenwood Ġsidelined Ġfor Ġthe Ġentire ĠSix ĠNations , ĠT ait Ġis Ġone Ġof Ġsix Ġor Ġseven Ġcontenders Ġfor Ġthe Ġtwo Ġcentre Ġber ths .",O O O O B-ATHLETE I-ATHLETE I-ATHLETE I-ATHLETE O O O O O O O O B-ATHLETE I-ATHLETE O O O O O O O O O O O O O O O O O O O O O O O,O O O O B-ATHLETE I-ATHLETE I-ATHLETE I-ATHLETE O O O O O O O O B-ATHLETE I-ATHLETE O O O O O O O B-ATHLETE I-ATHLETE O O O O O O O O O O O O O O,"[('ATHLETE', 4, 7), ('ATHLETE', 16, 17)]","[('ATHLETE', 4, 7), ('ATHLETE', 16, 17), ('ATHLETE', 25, 26)]"
2400,"ĠBe att ie Ġhas Ġmatured Ġgreatly Ġas Ġa Ġplayer Ġthese Ġpast Ġtwo Ġseasons ,"" ĠRobinson Ġsaid .",O O O O O O O O O O O O O O O O O,B-ATHLETE I-ATHLETE I-ATHLETE O O O O O O O O O O O B-ATHLETE O O,[],"[('ATHLETE', 0, 2), ('ATHLETE', 14, 14)]"
2401,"ĠJon ny ĠWilkinson , ĠT ind all Ġand ĠMartin ĠCor ry Ġhave Ġall Ġbeen Ġincluded Ġdespite Ġtheir Ġun availability Ġfor Ġthe Ġopening Ġtwo Ġmatches Ġagainst ĠWales Ġand ĠFrance .",B-ATHLETE I-ATHLETE I-ATHLETE O O O O O B-ATHLETE I-ATHLETE I-ATHLETE O O O O O O O O O O O O O O O O O O,B-ATHLETE I-ATHLETE I-ATHLETE O B-ATHLETE I-ATHLETE I-ATHLETE O B-ATHLETE I-ATHLETE I-ATHLETE O O O O O O O O O O O O O O O O O O,"[('ATHLETE', 0, 2), ('ATHLETE', 8, 10)]","[('ATHLETE', 0, 2), ('ATHLETE', 4, 6), ('ATHLETE', 8, 10)]"
2403,"ĠCu eto Ġwas Ġselected Ġfor Ġthe ĠNovember Ġinternational s Ġdespite Ġnot Ġbeing Ġpart Ġof Ġthe Ġgroup , Ġbut Ġscored Ġfour Ġtries Ġin Ġthree ĠEngland Ġappearances .",O O O O O O O O O O O O O O O O O O O O O O O O O O,B-ATHLETE I-ATHLETE O O O O O O O O O O O O O O O O O O O O O O O O,[],"[('ATHLETE', 0, 1)]"
2405,ĠThe Ġplayers Ġin ĠRobinson 's Ġelite Ġsquad Ġcan Ġonly Ġplay Ġ32 Ġmatches Ġfor Ġclub Ġand Ġcountry .,O O O O O O O O O O O O O O O O O,O O O B-PUBLIC-FIGURE O O O O O O O O O O O O O,[],"[('PUBLIC-FIGURE', 3, 3)]"
2407,"Ġ Ċ Ċ B alsh aw , ĠCohen , ĠCu eto , ĠLew sey , ĠRobinson , ĠSimpson - Daniel , ĠVoy ce , ĠAbbott , ĠNoon , ĠPaul , ĠSmith , ĠT ait , ĠT ind all , ĠBarkley , ĠHodg son , ĠKing , ĠWilkinson , ĠDawson , ĠEllis , ĠG om ars all .",O O O O O O O O O O O O O O O O O O O O O O O O O O O O O O O O O O O O O O O O O O O O O O O O O O O O O O O O O,O O O B-ATHLETE I-ATHLETE I-ATHLETE O B-ATHLETE O B-ATHLETE I-ATHLETE O B-ATHLETE I-ATHLETE O B-ATHLETE O B-ATHLETE I-ATHLETE I-ATHLETE O B-ATHLETE I-ATHLETE O B-ATHLETE O B-ATHLETE O B-ATHLETE O B-ATHLETE O B-ATHLETE I-ATHLETE O B-ATHLETE I-ATHLETE I-ATHLETE O B-ATHLETE O B-ATHLETE I-ATHLETE O B-ATHLETE O B-ATHLETE O B-ATHLETE O B-ATHLETE O B-ATHLETE I-ATHLETE I-ATHLETE I-ATHLETE O,[],"[('ATHLETE', 3, 5), ('ATHLETE', 7, 7), ('ATHLETE', 9, 10), ('ATHLETE', 12, 13), ('ATHLETE', 15, 15), ('ATHLETE', 17, 19), ('ATHLETE', 21, 22), ('ATHLETE', 24, 24), ('ATHLETE', 26, 26), ('ATHLETE', 28, 28), ('ATHLETE', 30, 30), ('ATHLETE', 32, 33), ('ATHLETE', 35, 37), ('ATHLETE', 39, 39), ('ATHLETE', 41, 42), ('ATHLETE', 44, 44), ('ATHLETE', 46, 46), ('ATHLETE', 48, 48), ('ATHLETE', 50, 50), ('ATHLETE', 52, 55)]"
2408,"Ġ Ċ Ċ Ch uter , ĠThompson , ĠT itter rell , ĠR ownt ree , ĠSheridan , ĠStevens , ĠVick ery , ĠWhite , ĠB orth wick , ĠBrown , ĠL ĠDe acon , ĠG rew cock , ĠKay , ĠShaw , ĠBe att ie , ĠCor ry , ĠFor re ster , ĠHaz ell , ĠJones , ĠMoody , ĠV y v yan , ĠJ ĠW ors ley .",O O O O O O O O O O O O O O O O O O O O O O O O O O O O O O O O O O O O O O O O O O O O O O O O O O O O O O O O O O O O O O O O O O O O O O O,O O O B-ATHLETE I-ATHLETE O B-ATHLETE O B-ATHLETE I-ATHLETE I-ATHLETE O B-ATHLETE I-ATHLETE I-ATHLETE O B-ATHLETE O B-ATHLETE O B-ATHLETE I-ATHLETE O B-ATHLETE O B-ATHLETE I-ATHLETE I-ATHLETE O B-ATHLETE O B-ATHLETE I-ATHLETE I-ATHLETE O B-ATHLETE I-ATHLETE I-ATHLETE O B-ATHLETE O B-ATHLETE O B-ATHLETE I-ATHLETE I-ATHLETE O B-ATHLETE I-ATHLETE O B-ATHLETE I-ATHLETE I-ATHLETE O B-ATHLETE I-ATHLETE O B-ATHLETE O B-ATHLETE O B-ATHLETE I-ATHLETE I-ATHLETE I-ATHLETE O B-ATHLETE I-ATHLETE I-ATHLETE I-ATHLETE O,[],"[('ATHLETE', 3, 4), ('ATHLETE', 6, 6), ('ATHLETE', 8, 10), ('ATHLETE', 12, 14), ('ATHLETE', 16, 16), ('ATHLETE', 18, 18), ('ATHLETE', 20, 21), ('ATHLETE', 23, 23), ('ATHLETE', 25, 27), ('ATHLETE', 29, 29), ('ATHLETE', 31, 33), ('ATHLETE', 35, 37), ('ATHLETE', 39, 39), ('ATHLETE', 41, 41), ('ATHLETE', 43, 45), ('ATHLETE', 47, 48), ('ATHLETE', 50, 52), ('ATHLETE', 54, 55), ('ATHLETE', 57, 57), ('ATHLETE', 59, 59), ('ATHLETE', 61, 64), ('ATHLETE', 66, 69)]"
2409,"Ġ Ċ Ċ Ab bott , ĠB alsh aw , ĠB orth wick , ĠA ĠBrown , ĠCh uter , ĠCohen , ĠCor ry , ĠCu eto , ĠDawson , ĠEllis , ĠFlat man , ĠG om ars all , ĠGreen ing , ĠGreenwood , ĠG rew cock , ĠHaz ell , ĠHill , ĠHodg son , ĠKay , ĠKing , ĠLew sey , ĠMoody , ĠNoon , ĠPaul , ĠRobinson , ĠR ownt ree , ĠShaw , ĠSimpson - Daniel , ĠThompson , ĠT ind all , ĠT itter rell , ĠVick ery , ĠV y v yan , ĠWhite , ĠWilkinson , ĠJ ĠW ors ley , ĠM ĠW ors ley .",O O O O O O O O O O O O O O O O O O O O O O O O O O O O O O O O O O O O O O O O O O O O O O O O O O O O O O O O O O O O O O O O O O O O O O O O O O O O O O O O O O O O O O O O O O O O O O O O O O O O O O O O O O O O O O O O O O,O O O B-ATHLETE I-ATHLETE O B-ATHLETE I-ATHLETE I-ATHLETE O B-ATHLETE I-ATHLETE I-ATHLETE O B-ATHLETE I-ATHLETE O B-ATHLETE I-ATHLETE O B-ATHLETE O B-ATHLETE I-ATHLETE O B-ATHLETE I-ATHLETE O B-ATHLETE O B-ATHLETE O B-ATHLETE I-ATHLETE O B-ATHLETE I-ATHLETE I-ATHLETE I-ATHLETE O B-ATHLETE I-ATHLETE O B-ATHLETE O B-ATHLETE I-ATHLETE I-ATHLETE O B-ATHLETE I-ATHLETE O B-ATHLETE O B-ATHLETE I-ATHLETE O B-ATHLETE O B-ATHLETE O B-ATHLETE I-ATHLETE O B-ATHLETE O B-ATHLETE O B-ATHLETE O B-ATHLETE O B-ATHLETE I-ATHLETE I-ATHLETE O B-ATHLETE O B-ATHLETE I-ATHLETE I-ATHLETE O B-ATHLETE O B-ATHLETE I-ATHLETE I-ATHLETE O B-ATHLETE I-ATHLETE I-ATHLETE O B-ATHLETE I-ATHLETE O B-ATHLETE I-ATHLETE I-ATHLETE I-ATHLETE O B-ATHLETE O B-ATHLETE O B-ATHLETE I-ATHLETE I-ATHLETE I-ATHLETE O B-ATHLETE I-ATHLETE I-ATHLETE I-ATHLETE O,[],"[('ATHLETE', 3, 4), ('ATHLETE', 6, 8), ('ATHLETE', 10, 12), ('ATHLETE', 14, 15), ('ATHLETE', 17, 18), ('ATHLETE', 20, 20), ('ATHLETE', 22, 23), ('ATHLETE', 25, 26), ('ATHLETE', 28, 28), ('ATHLETE', 30, 30), ('ATHLETE', 32, 33), ('ATHLETE', 35, 38), ('ATHLETE', 40, 41), ('ATHLETE', 43, 43), ('ATHLETE', 45, 47), ('ATHLETE', 49, 50), ('ATHLETE', 52, 52), ('ATHLETE', 54, 55), ('ATHLETE', 57, 57), ('ATHLETE', 59, 59), ('ATHLETE', 61, 62), ('ATHLETE', 64, 64), ('ATHLETE', 66, 66), ('ATHLETE', 68, 68), ('ATHLETE', 70, 70), ('ATHLETE', 72, 74), ('ATHLETE', 76, 76), ('ATHLETE', 78, 80), ('ATHLETE', 82, 82), ('ATHLETE', 84, 86), ('ATHLETE', 88, 90), ('ATHLETE', 92, 93), ('ATHLETE', 95, 98), ('ATHLETE', 100, 100), ('ATHLETE', 102, 102), ('ATHLETE', 104, 107), ('ATHLETE', 109, 112)]"
2410,"Ġ Ċ Ċ B ark ley , ĠBe att ie , ĠChrist ophers , ĠL ĠDe acon , ĠFor re ster , ĠC ĠJones , ĠPalmer , ĠRe es , ĠSheridan , ĠSkinner , ĠSmith , ĠStevens , ĠT ait , ĠVoy ce .",O O O O O O O O O O O O O O O O O O O O O O O O O O O O O O O O O O O O O O O O O O O O,O O O B-ATHLETE I-ATHLETE I-ATHLETE O B-ATHLETE I-ATHLETE I-ATHLETE O B-ATHLETE I-ATHLETE O B-ATHLETE I-ATHLETE I-ATHLETE O B-ATHLETE I-ATHLETE I-ATHLETE O B-ATHLETE I-ATHLETE O B-ATHLETE O B-ATHLETE I-ATHLETE O B-ATHLETE O B-ATHLETE O B-ATHLETE O B-ATHLETE O B-ATHLETE I-ATHLETE O B-ATHLETE I-ATHLETE O,[],"[('ATHLETE', 3, 5), ('ATHLETE', 7, 9), ('ATHLETE', 11, 12), ('ATHLETE', 14, 16), ('ATHLETE', 18, 20), ('ATHLETE', 22, 23), ('ATHLETE', 25, 25), ('ATHLETE', 27, 28), ('ATHLETE', 30, 30), ('ATHLETE', 32, 32), ('ATHLETE', 34, 34), ('ATHLETE', 36, 36), ('ATHLETE', 38, 39), ('ATHLETE', 41, 42)]"
2411,"Ġ Ċ Ċ D ow son , ĠH augh ton , ĠM ony e , ĠRo ques , ĠP ĠSand erson .",O O O O O O O O O O O O O O O O O O O O O O,O O O B-ATHLETE I-ATHLETE I-ATHLETE O B-ATHLETE I-ATHLETE I-ATHLETE O B-ATHLETE I-ATHLETE I-ATHLETE O B-ATHLETE I-ATHLETE O B-ATHLETE I-ATHLETE I-ATHLETE O,[],"[('ATHLETE', 3, 5), ('ATHLETE', 7, 9), ('ATHLETE', 11, 13), ('ATHLETE', 15, 16), ('ATHLETE', 18, 20)]"
2412,ĠG iggs Ġhanded ĠWales Ġleading Ġrole Ċ Ċ Ryan ĠG iggs Ġwill Ġcaptain ĠWales Ġas Ġhe Ġwins Ġhis Ġ50 th Ġcap Ġin ĠWednesday 's Ġfriendly Ġagainst ĠHungary Ġin ĠCardiff .,O O O O O O O O B-ATHLETE I-ATHLETE I-ATHLETE O O O O O O O O O O O O O O O O O O O,B-ATHLETE I-ATHLETE O O O O O O B-ATHLETE I-ATHLETE I-ATHLETE O O O O O O O O O O O O O O O O O O O,"[('ATHLETE', 8, 10)]","[('ATHLETE', 0, 1), ('ATHLETE', 8, 10)]"
2413,"Ġ Ċ Ċ John ĠTosh ack , Ġin Ġhis Ġfirst Ġgame Ġas Ġcoach Ġafter Ġsucceeding ĠMark ĠHughes , Ġadmits Ġhe Ġis Ġsurprised Ġthat ĠG iggs Ġhas Ġonly Ġjust Ġreached Ġthe Ġlandmark . Ġ""",O O O B-ATHLETE I-ATHLETE I-ATHLETE O O O O O O O O O B-ATHLETE I-ATHLETE O O O O O O O O O O O O O O O O,O O O B-ATHLETE I-ATHLETE I-ATHLETE O O O O O O O O O B-ATHLETE I-ATHLETE O O O O O O B-ATHLETE I-ATHLETE O O O O O O O O,"[('ATHLETE', 3, 5), ('ATHLETE', 15, 16)]","[('ATHLETE', 3, 5), ('ATHLETE', 15, 16), ('ATHLETE', 23, 24)]"
2414,"ĠWith Ġthe Ġgames Ġhe 's Ġplayed Ġfor ĠUnited , Ġproportion ately Ġit Ġdoesn 't Ġseem Ġthat Ġmany Ġfor ĠWales ,"" ĠTosh ack Ġsaid . Ġ""",O O O O O O O O O O O O O O O O O O O O O O O O O,O O O O O O O O O O O O O O O O O O O O B-ATHLETE I-ATHLETE O O O,[],"[('ATHLETE', 20, 21)]"
2416,"ĠG iggs Ġadmits Ġhe Ġhad Ġbriefly Ġconsidered Ġretirement Ġfrom Ġthe Ġinternational Ġgame , Ġbut Ġis Ġnow Ġtarget ting Ġplaying Ġfor ĠWales Ġin Ġthe Ġ2008 ĠEuropean ĠChampionships .",O O O O O O O O O O O O O O O O O O O O O O O O O O O,B-ATHLETE I-ATHLETE O O O O O O O O O O O O O O O O O O O O O O O O O,[],"[('ATHLETE', 0, 1)]"
2417,"ĠThe ĠManchester ĠUnited Ġwing Ġrevealed Ġhow Ġclub Ġmanager ĠSir ĠAlex ĠFerguson Ġtalked Ġhim Ġinto Ġextending Ġhis ĠWales Ġcareer . Ġ""",O O O O O O O O B-ATHLETE I-ATHLETE I-ATHLETE O O O O O O O O O,O O O O O O O O B-BUSINESS-EXECUTIVE-MANAGER B-ATHLETE I-ATHLETE O O O O O O O O O,"[('ATHLETE', 8, 10)]","[('BUSINESS-EXECUTIVE-MANAGER', 8, 8), ('ATHLETE', 9, 10)]"
2418,"ĠI Ġbriefly Ġdiscussed Ġmy Ġinternational Ġfuture Ġwith ĠSir ĠAlex , Ġbut Ġhe Ġurged Ġme Ġto Ġcarry Ġon ,"" ĠG iggs Ġsaid . Ġ""",O O O O O O O O O O O O O O O O O O O O O O O,O O O O O O O O B-ATHLETE O O O O O O O O O B-ATHLETE I-ATHLETE O O O,[],"[('ATHLETE', 8, 8), ('ATHLETE', 18, 19)]"
2421,Ġ Ċ Ċ G iggs Ġadmits Ġhe Ġwas Ġwa ver ing Ġand Ġconsidering Ġjoining Ġthe Ġlikes Ġof Ġformer ĠWales Ġsk ipper ĠGary ĠSpeed Ġand ĠUnited Ġteam - mate ĠPaul ĠSch oles Ġin Ġcommitting Ġthe Ġremaining Ġyears Ġof Ġhis Ġcareer Ġto Ġclub Ġfootball .,O O O O O O O O O O O O O O O O O O O O O B-ATHLETE I-ATHLETE O O O O O B-ATHLETE I-ATHLETE I-ATHLETE O O O O O O O O O O O O,O O O B-ATHLETE I-ATHLETE O O O O O O O O O O O O O O O O B-ATHLETE I-ATHLETE O O O O O B-ATHLETE I-ATHLETE I-ATHLETE O O O O O O O O O O O O,"[('ATHLETE', 21, 22), ('ATHLETE', 28, 30)]","[('ATHLETE', 3, 4), ('ATHLETE', 21, 22), ('ATHLETE', 28, 30)]"
2422,ĠBut ĠG iggs Ġis Ġnow Ġfoc ussed Ġon Ġmaking Ġthe ĠTosh ack Ġera Ġeven Ġmore Ġsuccessful Ġthan Ġthe Ġtime ĠHughes Ġspent Ġat Ġthe Ġhelm .,O O O O O O O O O O O O O O O O O O O O O O O O O,O O B-ATHLETE O O O O O O O B-ATHLETE I-ATHLETE O O O O O O O B-BUSINESS-EXECUTIVE-MANAGER O O O O O,[],"[('ATHLETE', 2, 2), ('ATHLETE', 10, 11), ('BUSINESS-EXECUTIVE-MANAGER', 19, 19)]"
2424,"ĠWith ĠG iggs Ġleading ĠWales Ġout Ġagainst ĠHungary , Ġthere Ġis Ġevery Ġchance Ġthat Ġhe Ġwill Ġbecome Ġthe Ġpermanent Ġsuccessor Ġto ĠSpeed .",O O O O O O O O O O O O O O O O O O O O O O O,O B-ATHLETE I-ATHLETE O O O O O O O O O O O O O O O O O O O O,[],"[('ATHLETE', 1, 2)]"
2425,"ĠHowever , ĠTosh ack Ġrefused Ġto Ġreveal Ġwhether Ġhe Ġsees ĠG iggs Ġas Ġa Ġlong - term Ġoption . Ġ""",O O O O O O O O O O O O O O O O O O O O,O O B-PUBLIC-FIGURE I-PUBLIC-FIGURE O O O O O O B-ATHLETE I-ATHLETE O O O O O O O O,[],"[('PUBLIC-FIGURE', 2, 3), ('ATHLETE', 10, 11)]"
2426,"ĠFor Ġthis Ġparticular Ġgame ĠI Ġthink Ġit Ġis Ġappropriate Ġthat ĠRyan ĠG iggs Ġwill Ġbe Ġcaptain , Ġit 's Ġhis Ġ50 th Ġcap Ġand Ġhe 's Ġknown Ġfor Ġsome Ġtime Ġabout Ġthat ,"" ĠTosh ack Ġsaid .",O O O O O O O O O O B-ATHLETE I-ATHLETE I-ATHLETE O O O O O O O O O O O O O O O O O O O O O O O O,O O O O O O O O O O B-ATHLETE I-ATHLETE I-ATHLETE O O O O O O O O O O O O O O O O O O O O O B-PUBLIC-FIGURE O O,"[('ATHLETE', 10, 12)]","[('ATHLETE', 10, 12), ('PUBLIC-FIGURE', 34, 34)]"
2427,"ĠOn ĠWednesday Ġnight ĠTosh ack Ġtakes Ġcharge Ġof Ġhis Ġfirst Ġmatch Ġsince Ġreplacing ĠHughes , Ġand ĠG iggs Ġsaid : Ġ"" It 's Ġmy Ġ50 th Ġcap Ġand ĠI Ġam Ġlooking Ġforward Ġto Ġit , Ġand ĠI Ġhope Ġto Ġplay Ġa Ġlot Ġmore Ġtimes Ġfrom Ġhere Ġon Ġin . Ġ""",O O O O O O O O O O O O O O O O O O O O O O O O O O O O O O O O O O O O O O O O O O O O O O O O O O,O O O B-ATHLETE I-ATHLETE O O O O O O O O B-ATHLETE O O B-ATHLETE I-ATHLETE O O O O O O O O O O O O O O O O O O O O O O O O O O O O O O O O,[],"[('ATHLETE', 3, 4), ('ATHLETE', 13, 13), ('ATHLETE', 16, 17)]"
2431,"ĠThe Ġway ĠJohn Ġis Ġlooking Ġat Ġthings , Ġhe Ġis Ġaiming Ġto Ġbuild Ġhis Ġside Ġaround Ġthe Ġexperienced Ġl ads Ġright Ġup Ġto Ġthe Ġnext Ġtournament , Ġthe ĠEuro Ġ2006 Ġevent . Ġ""",O O O O O O O O O O O O O O O O O O O O O O O O O O O O O O O O O,O O B-PUBLIC-FIGURE O O O O O O O O O O O O O O O O O O O O O O O O O O O O O O,[],"[('PUBLIC-FIGURE', 2, 2)]"
2432,"ĠI Ġhave Ġtold ĠJohn ĠI Ġwill Ġbe Ġaround Ġfor Ġthe Ġnext ĠEuropean Ġtournament , Ġby Ġthen ĠI Ġwill Ġbe Ġ35 Ġso Ġhopefully ĠI Ġwill Ġstill Ġbe Ġokay . Ġ""",O O O O O O O O O O O O O O O O O O O O O O O O O O O O O,O O O B-PUBLIC-FIGURE O O O O O O O O O O O O O O O O O O O O O O O O O,[],"[('PUBLIC-FIGURE', 3, 3)]"
2434,"ĠG iggs ' Ġown Ġpersonal Ġfuture Ġat ĠOld ĠTrafford Ġis Ġstill Ġup Ġin Ġthe Ġair Ġas Ġhe Ġhas Ġyet Ġto Ġreach Ġagreement Ġon Ġa Ġnew Ġcontract , Ġwith ĠManchester ĠUnited Ġoffering Ġone Ġextra Ġyear Ġand ĠG iggs Ġseeking Ġtwo . Ġ""",O O O O O O O O O O O O O O O O O O O O O O O O O O O O O O O O O O O O O O O O O,B-ATHLETE I-ATHLETE O O O O O O O O O O O O O O O O O O O O O O O O O O O O O O O O O B-ATHLETE I-ATHLETE O O O O,[],"[('ATHLETE', 0, 1), ('ATHLETE', 35, 36)]"
2435,"ĠI Ġhave Ġput Ġthe Ġcontract Ġthing Ġto Ġthe Ġback Ġof Ġmy Ġmind Ġat Ġthe Ġmoment ,"" Ġsaid ĠG iggs . Ġ""",O O O O O O O O O O O O O O O O O O O O O,O O O O O O O O O O O O O O O O O B-ATHLETE I-ATHLETE O O,[],"[('ATHLETE', 17, 18)]"
2439,"ĠWe Ġhave Ġmassive Ġgames Ġcoming Ġup : ĠManchester ĠCity Ġthis Ġweek , Ġthen Ġthe ĠEverton Ġcup Ġtie , Ġfollowed Ġby ĠAC ĠMilan Ġin Ġthe ĠChampions ĠLeague , Ġand Ġmy Ġfirst ĠWales Ġgame Ġunder ĠJohn ĠTosh ack , Ġso Ġit 's Ġan Ġimportant Ġtime .""",O O O O O O O O O O O O O O O O O O O O O O O O O O O O O O O O O B-ATHLETE I-ATHLETE I-ATHLETE O O O O O O O O,O O O O O O O O O O O O O O O O O O O O O O O O O O O O O O O O O O O O O O O O O O O O,"[('ATHLETE', 33, 35)]",[]
2441,"ĠBy Ġthen Ġphones Ġwill Ġbe Ġprinted Ġdirectly Ġon Ġto Ġwrists , Ġor Ġother Ġparts Ġof Ġthe Ġbody , Ġsays ĠIan ĠPearson , ĠBT 's Ġresident Ġfut uro log ist .",O O O O O O O O O O O O O O O O O O O B-AUTHOR-WRITER I-AUTHOR-WRITER O O O O O O O O O,O O O O O O O O O O O O O O O O O O O B-BUSINESS-EXECUTIVE-MANAGER I-BUSINESS-EXECUTIVE-MANAGER O O O O O O O O O,"[('AUTHOR-WRITER', 19, 20)]","[('BUSINESS-EXECUTIVE-MANAGER', 19, 20)]"
2443,ĠMr ĠPearson Ġdoes Ġnot Ġhave Ġa Ġcrystal Ġball .,O O O O O O O O O,O B-PUBLIC-FIGURE O O O O O O O,[],"[('PUBLIC-FIGURE', 1, 1)]"
2451,"Ġ Ċ Ċ So ĠMP 3 Ġplayers Ġ- Ġthe Ġmass Ġgadget Ġof Ġthe Ġmoment Ġ- Ġwill Ġdisappear Ġand Ġinstead Ġbecome Ġintegrated Ġinto Ġone 's Ġclothing , Ġsays ĠMr ĠPearson . Ġ""",O O O O O O O O O O O O O O O O O O O O O O O O O O O O O O O,O O O O O O O O O O O O O O O O O O O O O O O O O O O O B-PUBLIC-FIGURE O O,[],"[('PUBLIC-FIGURE', 28, 28)]"
2456,"ĠIf Ġtechnology Ġis Ġgoing Ġto Ġbe Ġincreasingly Ġpart Ġof Ġclothing , Ġjew ellery , Ġand Ġskin , Ġthere Ġneeds Ġto Ġbe Ġsome Ġserious Ġthinking Ġabout Ġwhat Ġit Ġmeans Ġfor Ġus Ġas Ġhumans , Ġsays ĠBaron ess ĠSusan ĠGreen field .",O O O O O O O O O O O O O O O O O O O O O O O O O O O O O O O O O O B-PUBLIC-FIGURE I-PUBLIC-FIGURE I-PUBLIC-FIGURE I-PUBLIC-FIGURE I-PUBLIC-FIGURE O,O O O O O O O O O O O O O O O O O O O O O O O O O O O O O O O O O O O O B-PUBLIC-FIGURE I-PUBLIC-FIGURE I-PUBLIC-FIGURE O,"[('PUBLIC-FIGURE', 34, 38)]","[('PUBLIC-FIGURE', 36, 38)]"
2470,ĠBut ĠBaron ess ĠGreen field Ġis Ġconcerned Ġabout Ġhow Ġfar Ġthis Ġmore Ġpersonal Ġcontact Ġwith Ġtechnology Ġmight Ġaffect Ġour Ġvery Ġbeing .,O B-PUBLIC-FIGURE I-PUBLIC-FIGURE I-PUBLIC-FIGURE I-PUBLIC-FIGURE O O O O O O O O O O O O O O O O O,O O O B-POLITICIAN B-ATHLETE O O O O O O O O O O O O O O O O O,"[('PUBLIC-FIGURE', 1, 4)]","[('POLITICIAN', 3, 3), ('ATHLETE', 4, 4)]"
2472,"ĠMr ĠPearson Ġpicks Ġup Ġthe Ġtheme , Ġpointing Ġout Ġthere Ġare Ġa Ġlot Ġof Ġissues Ġhumans Ġhave Ġto Ġiron Ġout Ġbefore Ġwe Ġbecome Ġ"" cy borg ian "".",O O O O O O O O O O O O O O O O O O O O O O O O O O O O,O B-PUBLIC-FIGURE O O O O O O O O O O O O O O O O O O O O O O O O O O,[],"[('PUBLIC-FIGURE', 1, 1)]"
2478,"ĠWe Ġcannot Ġarrog antly Ġassume Ġthat Ġthe Ġhuman Ġbrain Ġwill Ġnot Ġchange Ġwith Ġthis ,"" Ġwarns ĠBaron ess ĠGreen field .",O O O O O O O O O O O O O O O O B-PUBLIC-FIGURE I-PUBLIC-FIGURE I-PUBLIC-FIGURE I-PUBLIC-FIGURE O,O O O O O O O O O O O O O O O O O O B-PUBLIC-FIGURE I-PUBLIC-FIGURE O,"[('PUBLIC-FIGURE', 16, 19)]","[('PUBLIC-FIGURE', 18, 19)]"
2483,ĠMusical Ġfuture Ġfor Ġphones Ċ Ċ An alyst ĠBill ĠThompson Ġhas Ġseen Ġthe Ġfuture Ġand Ġit Ġis Ġin Ġhis Ġson 's Ġhands .,O O O O O O O O B-AUTHOR-WRITER I-AUTHOR-WRITER O O O O O O O O O O O O O,O O O O O O O O B-MUSICIAN I-MUSICIAN O O O O O O O O O O O O O,"[('AUTHOR-WRITER', 8, 9)]","[('MUSICIAN', 8, 9)]"
2489,"ĠBy Ġcontrast Ġthe Ġconfusing Ġmenus , Ġcomplicated Ġkeyboard Ġand Ġtruly Ġirritating Ġuser Ġinterface Ġof ĠMax 's Ġ3 G Ġphone Ġsimply Ġget Ġin Ġthe Ġway , Ġand ĠI Ġdid Ġnot Ġsee Ġmuch Ġvalue Ġin Ġthe Ġpaid - for Ġservices , Ġespecially Ġthe Ġlimited Ġweb Ġaccess .",O O O O O O O O O O O O O O B-PUBLIC-FIGURE O O O O O O O O O O O O O O O O O O O O O O O O O O O O O O,O O O O O O O O O O O O O O O O O O O O O O O O O O O O O O O O O O O O O O O O O O O O O,"[('PUBLIC-FIGURE', 14, 14)]",[]
2491,"Ġ Ċ Ċ But Ġthen ĠMax Ġstarted Ġplaying , Ġand ĠI Ġrealised ĠI Ġwas Ġmissing Ġthe Ġpoint Ġentirely .",O O O O O B-PUBLIC-FIGURE O O O O O O O O O O O O O,O O O O O B-ACTOR-DIRECTOR O O O O O O O O O O O O O,"[('PUBLIC-FIGURE', 5, 5)]","[('ACTOR-DIRECTOR', 5, 5)]"
2494,"ĠMax Ġwas Ġcompletely Ġcapt ivated , Ġand ĠI Ġwas Ġintrigued Ġto Ġdiscover Ġthat ĠI Ġhad Ġnearly Ġmissed Ġthe Ġnext Ġstage Ġof Ġthe Ġnetwork Ġrevolution .",B-PUBLIC-FIGURE O O O O O O O O O O O O O O O O O O O O O O O O,B-ATHLETE O O O O O O O O O O O O O O O O O O O O O O O O,"[('PUBLIC-FIGURE', 0, 0)]","[('ATHLETE', 0, 0)]"
2533,ĠMr ĠFoster Ġand ĠMr ĠTre acy Ġget Ġthe Ġchance Ġto Ġattend Ġthe ĠWorld ĠTour Ġas Ġmembers Ġof Ġthe ĠUK 's ĠFour - Kings Ġgaming Ġclan .,O O O O O O O O O O O O O O O O O O O O O O O O O O,O B-PUBLIC-FIGURE O O B-BUSINESS-EXECUTIVE-MANAGER I-BUSINESS-EXECUTIVE-MANAGER O O O O O O O O O O O O O O O O O O O O,[],"[('PUBLIC-FIGURE', 1, 1), ('BUSINESS-EXECUTIVE-MANAGER', 4, 5)]"
2535,ĠThe Ġbest Ġeight Ġplayers Ġmet Ġface - to - face Ġin Ġa Ġspecial Ġelimination Ġevent Ġin Ġlate ĠDecember Ġwhere ĠMr ĠFoster Ġand ĠMr ĠTr acey Ġproved Ġtheir Ġprowess Ġat ĠPain killer .,O O O O O O O O O O O O O O O O O O O O O O O O O O O O O O O O,O O O O O O O O O O O O O O O O O O O O B-PUBLIC-FIGURE O O B-PUBLIC-FIGURE I-PUBLIC-FIGURE O O O O O O O,[],"[('PUBLIC-FIGURE', 20, 20), ('PUBLIC-FIGURE', 23, 24)]"
2540,"ĠJackson Ġfilm Ġ' absolute Ġdisaster ' Ċ Ċ A ĠPR Ġexpert Ġhas Ġtold Ġthe ĠMichael ĠJackson Ġchild Ġabuse Ġtrial Ġthat Ġthe ĠTV Ġdocumentary Ġat Ġthe Ġheart Ġof Ġthe Ġcase Ġwas Ġan Ġ"" absolute Ġdisaster "".",O O O O O O O O O O O O O O B-MUSICIAN I-MUSICIAN O O O O O O O O O O O O O O O O O O O,B-MUSICIAN O O O O O O O O O O O O O B-MUSICIAN I-MUSICIAN O O O O O O O O O O O O O O O O O O O,"[('MUSICIAN', 14, 15)]","[('MUSICIAN', 0, 0), ('MUSICIAN', 14, 15)]"
2541,"Ġ Ċ Ċ Ann ĠK ite Ġtold Ġthe Ġcourt Ġin Ġthe ĠCaliforn ian Ġtown Ġof ĠSanta ĠMaria Ġshe Ġwas Ġhired Ġto Ġ"" c risis Ġmanage "" Ġthe Ġfallout Ġafter Ġthe Ġprogramme Ġhad Ġaired Ġin Ġ2003 .",O O O B-BUSINESS-EXECUTIVE-MANAGER I-BUSINESS-EXECUTIVE-MANAGER I-BUSINESS-EXECUTIVE-MANAGER O O O O O O O O O O O O O O O O O O O O O O O O O O O O O O,O O O B-PUBLIC-FIGURE I-PUBLIC-FIGURE I-PUBLIC-FIGURE O O O O O O O O O O O O O O O O O O O O O O O O O O O O O O,"[('BUSINESS-EXECUTIVE-MANAGER', 3, 5)]","[('PUBLIC-FIGURE', 3, 5)]"
2542,"ĠJur ors Ġsaw Ġthe Ġfilm , Ġin Ġwhich Ġthe Ġpop Ġstar Ġheld Ġhands Ġwith Ġthe Ġalleged Ġvictim , Ġon ĠTuesday .",O O O O O O O O O O O O O O O O O O O O O,B-ACTOR-DIRECTOR I-ACTOR-DIRECTOR O O O O O O O O O O O O O O O O O O O,[],"[('ACTOR-DIRECTOR', 0, 1)]"
2543,ĠMr ĠJackson Ġdenies Ġ10 Ġcharges Ġof Ġchild Ġabuse Ġand Ġfalse Ġimprisonment .,O O O O O O O O O O O O,O B-MUSICIAN O O O O O O O O O O,[],"[('MUSICIAN', 1, 1)]"
2545,Ġ Ċ Ċ Ms ĠK ite Ġsuggested ĠJackson 's Ġassociates Ġhad Ġbeen Ġintent Ġon Ġlaunching Ġa Ġsmear Ġcampaign Ġagainst Ġthe Ġaccuser 's Ġfamily Ġafter Ġthe Ġairing Ġof ĠMartin ĠBash ir 's Ġfilm ĠLiving Ġwith ĠMichael ĠJackson .,O O O O O O O O O O O O O O O O O O O O O O O O O O O B-AUTHOR-WRITER I-AUTHOR-WRITER I-AUTHOR-WRITER O O O O B-MUSICIAN I-MUSICIAN O,O O O O B-POLITICIAN I-POLITICIAN O B-MUSICIAN O O O O O O O O O O O O O O O O O O O B-ACTOR-DIRECTOR I-ACTOR-DIRECTOR I-ACTOR-DIRECTOR I-ACTOR-DIRECTOR O O O B-ACTOR-DIRECTOR I-ACTOR-DIRECTOR O,"[('AUTHOR-WRITER', 27, 29), ('MUSICIAN', 34, 35)]","[('POLITICIAN', 4, 5), ('MUSICIAN', 7, 7), ('ACTOR-DIRECTOR', 27, 30), ('ACTOR-DIRECTOR', 34, 35)]"
2546,"ĠShe Ġtold Ġthe Ġcourt Ġthat Ġin Ġthe Ġaftermath Ġof Ġthe Ġbroadcast , Ġa ĠJackson Ġlawyer Ġhad Ġtold Ġher Ġthe Ġboy 's Ġmother Ġwould Ġbe Ġmade Ġto Ġlook Ġlike Ġa Ġ"" cr ack Ġwhore "".",O O O O O O O O O O O O O O O O O O O O O O O O O O O O O O O O O O,O O O O O O O O O O O O O B-ACTOR-DIRECTOR O O O O O O O O O O O O O O O O O O O O,[],"[('ACTOR-DIRECTOR', 13, 13)]"
2547,"ĠJackson 's Ġdefence Ġquestioned ĠMs ĠK ite 's Ġcredibility , Ġpointing Ġthat Ġshe Ġworked Ġfor Ġthe Ġsinger 's Ġteam Ġfor Ġless Ġthan Ġa Ġweek Ġbefore Ġbeing Ġfired , Ġand Ġhad Ġnever Ġmet Ġor Ġspoken Ġto Ġthe Ġstar .",O O O O O O O O O O O O O O O O O O O O O O O O O O O O O O O O O O O O O O,B-MUSICIAN O O O O B-POLITICIAN I-POLITICIAN O O O O O O O O O O O O O O O O O O O O O O O O O O O O O O O,[],"[('MUSICIAN', 0, 0), ('POLITICIAN', 5, 6)]"
2548,"Ġ Ċ Ċ Ms ĠK ite Ġsaid Ġshe Ġreceived Ġa Ġphone Ġcall Ġon Ġ13 ĠFebruary Ġ2003 Ġfrom Ġa ĠJackson Ġassociate , ĠMarc ĠSch aff el , Ġwho Ġsaid Ġthe Ġboy Ġand Ġhis Ġfamily Ġhad Ġleft Ġthe ĠNever land Ġranch Ġwhere Ġthey Ġhad Ġbeen Ġstaying .",O O O O O O O O O O O O O O O O O O O O O B-BUSINESS-EXECUTIVE-MANAGER I-BUSINESS-EXECUTIVE-MANAGER I-BUSINESS-EXECUTIVE-MANAGER I-BUSINESS-EXECUTIVE-MANAGER O O O O O O O O O O O O O O O O O O O O,O O O O B-PUBLIC-FIGURE I-PUBLIC-FIGURE O O O O O O O O O O O O B-MUSICIAN O O B-PUBLIC-FIGURE I-PUBLIC-FIGURE I-PUBLIC-FIGURE I-PUBLIC-FIGURE O O O O O O O O O O O O O O O O O O O O,"[('BUSINESS-EXECUTIVE-MANAGER', 21, 24)]","[('PUBLIC-FIGURE', 4, 5), ('MUSICIAN', 18, 18), ('PUBLIC-FIGURE', 21, 24)]"
2549,"Ġ Ċ Ċ Ms ĠK ite Ġtold Ġthe Ġcourt Ġshe Ġhad Ġlater Ġasked ĠJackson 's Ġlawyer , ĠDavid ĠLe Grand , Ġwhat Ġhad Ġhappened . Ġ""",O O O O O O O O O O O O O O O O O B-PUBLIC-FIGURE I-PUBLIC-FIGURE I-PUBLIC-FIGURE O O O O O O,O O O O B-POLITICIAN I-POLITICIAN O O O O O O O B-MUSICIAN O O O B-PUBLIC-FIGURE I-PUBLIC-FIGURE I-PUBLIC-FIGURE O O O O O O,"[('PUBLIC-FIGURE', 17, 19)]","[('POLITICIAN', 4, 5), ('MUSICIAN', 13, 13), ('PUBLIC-FIGURE', 17, 19)]"
2551,"ĠMs ĠK ite Ġbegan Ġto Ġwork Ġfor ĠMr ĠJackson Ġin ĠFebruary Ġ2003 , Ġafter Ġthe Ġcontroversial Ġfilm Ġwas Ġtelevised Ġin Ġthe ĠUS Ġand ĠEurope .",O O O O O O O O O O O O O O O O O O O O O O O O O,O B-ACTOR-DIRECTOR I-ACTOR-DIRECTOR O O O O O B-ACTOR-DIRECTOR O O O O O O O O O O O O O O O O,[],"[('ACTOR-DIRECTOR', 1, 2), ('ACTOR-DIRECTOR', 8, 8)]"
2552,ĠThe Ġdocumentary Ġsparked Ġa Ġmedia Ġstorm Ġand Ġthe Ġsubsequent Ġinvestigation Ġinto ĠMr ĠJackson 's Ġrelationship Ġwith Ġthe Ġboy .,O O O O O O O O O O O O O O O O O O O,O O O O O O O O O O O O B-POLITICIAN O O O O O O,[],"[('POLITICIAN', 12, 12)]"
2554,"Ġ Ċ Ċ Quest ioned Ġby Ġthe Ġprosecution , ĠMs ĠK ite Ġsaid Ġher Ġplan Ġhad Ġbeen Ġto Ġmove Ġmedia Ġcoverage Ġof Ġthe Ġstar Ġaway Ġfrom Ġa Ġfocus Ġon Ġhis Ġhuman Ġfra ilt ies Ġto Ġconcentrate Ġmore Ġon Ġhis Ġmusical Ġgenius .",O O O O O O O O O O O O O O O O O O O O O O O O O O O O O O O O O O O O O O O O O O,O O O O O O O O O O B-PUBLIC-FIGURE I-PUBLIC-FIGURE O O O O O O O O O O O O O O O O O O O O O O O O O O O O O O,[],"[('PUBLIC-FIGURE', 10, 11)]"
2555,ĠMs ĠK ite Ġsaid Ġthat Ġan Ġadditional Ġproblem Ġwas Ġthe Ġrelease Ġof Ġdocuments Ġrelating Ġto Ġa Ġprevious Ġallegation Ġof Ġchild Ġabuse Ġagainst ĠMr ĠJackson .,O O O O O O O O O O O O O O O O O O O O O O O O O,O B-PUBLIC-FIGURE I-PUBLIC-FIGURE O O O O O O O O O O O O O O O O O O O O B-MUSICIAN O,[],"[('PUBLIC-FIGURE', 1, 2), ('MUSICIAN', 23, 23)]"
2556,"ĠThe ĠSmoking ĠGun Ġwebsite Ġpublication Ġwas Ġ"" be yond Ġdisaster "", ĠMs ĠK ite Ġsaid .",O O O O O O O O O O O O O O O O,O O O O O O O O O O O O B-PUBLIC-FIGURE I-PUBLIC-FIGURE O O,[],"[('PUBLIC-FIGURE', 12, 13)]"
2558,"Ġ Ċ Ċ The Ġjudge Ġis Ġstudying Ġwhether Ġthe Ġprosecution 's Ġfirst Ġwitness , Ġreporter ĠMartin ĠBash ir , Ġis Ġin Ġcontempt Ġof Ġcourt .",O O O O O O O O O O O O O O O B-AUTHOR-WRITER I-AUTHOR-WRITER I-AUTHOR-WRITER O O O O O O O,O O O O O O O O O O O O O O O B-PUBLIC-FIGURE I-PUBLIC-FIGURE I-PUBLIC-FIGURE O O O O O O O,"[('AUTHOR-WRITER', 15, 17)]","[('PUBLIC-FIGURE', 15, 17)]"
2559,"ĠThe Ġdefence Ġprotested Ġafter ĠMr ĠBash ir , Ġwho Ġinterviewed ĠJackson Ġfor Ġthe ĠTV Ġdocumentary , Ġrefused Ġto Ġanswer Ġnearly Ġall Ġtheir Ġquestions , Ġciting Ġa ĠCalifornia Ġ"" shield "" Ġlaw Ġintended Ġto Ġallow Ġjournalists Ġto Ġprotect Ġtheir Ġsources .",O O O O O O O O O O O O O O O O O O O O O O O O O O O O O O O O O O O O O O O O,O O O O O B-POLITICIAN I-POLITICIAN O O O B-POLITICIAN O O O O O O O O O O O O O O O O O O O O O O O O O O O O O,[],"[('POLITICIAN', 5, 6), ('POLITICIAN', 10, 10)]"
2560,"ĠIn Ġthe Ġprosecution 's Ġopening Ġstatement Ġon ĠMonday , ĠTom ĠS ned don Ġtold Ġthe Ġcourt Ġthat ĠMr ĠJackson Ġhad Ġshown Ġthe Ġboy Ġporn Ġand Ġpl ied Ġhim Ġwith Ġwine , Ġin Ġorder Ġto Ġmol est Ġhim .",O O O O O O O O O B-PUBLIC-FIGURE I-PUBLIC-FIGURE I-PUBLIC-FIGURE I-PUBLIC-FIGURE O O O O O O O O O O O O O O O O O O O O O O O O O,O O O O O O O O O B-PUBLIC-FIGURE I-PUBLIC-FIGURE I-PUBLIC-FIGURE I-PUBLIC-FIGURE O O O O O B-MUSICIAN O O O O O O O O O O O O O O O O O O O,"[('PUBLIC-FIGURE', 9, 12)]","[('PUBLIC-FIGURE', 9, 12), ('MUSICIAN', 18, 18)]"
2571,"ĠIn Ġthe Ġfourth Ġquarter , Ġnine Ġof Ġour Ġ11 Ġbusinesses Ġdelivered Ġat Ġleast Ġdouble - digit Ġearnings Ġgrowth ,"" Ġsaid ĠMr ĠImm elt .",O O O O O O O O O O O O O O O O O O O O O O O O,O O O O O O O O O O O O O O O O O O O O O B-BUSINESS-EXECUTIVE-MANAGER I-BUSINESS-EXECUTIVE-MANAGER O,[],"[('BUSINESS-EXECUTIVE-MANAGER', 21, 22)]"
2577,"Ġ Ċ Ċ The Ġwin Ġfor ĠHearts Ġmeans Ġthey Ġwill Ġplay ĠAs ante ĠKot oko Ġin Ġthe Ġtwo - leg Ġfinal , Ġafter Ġthe ĠKum asi Ġteam Ġqualified Ġfrom ĠGroup ĠA Ġon ĠSaturday .",O O O O O O O O O O O O O O O O O O O O O O O O O O O O O O O O O O,O O O O O O O O O O O B-ATHLETE I-ATHLETE I-ATHLETE I-ATHLETE O O O O O O O O O O O O O O O O O O O,[],"[('ATHLETE', 11, 14)]"
2579,ĠHearts Ġof ĠOak Ġstarted Ġthe Ġgame Ġneeding Ġa Ġwin Ġto Ġqualify Ġfor Ġthe Ġfinal Ġwhile ĠCot ons port Ġonly Ġneeded Ġto Ġavoid Ġdefeat Ġto Ġgo Ġthrough .,O O O O O O O O O O O O O O O O O O O O O O O O O O O,O O O O O O O O O O O O O O O B-ATHLETE I-ATHLETE I-ATHLETE O O O O O O O O O,[],"[('ATHLETE', 15, 17)]"
2581,ĠHearts Ġlooked Ġset Ġfor Ġa Ġcomfortable Ġwin Ġbut ĠCot ons port Ġstaged Ġa Ġlate Ġfight Ġback Ġscoring Ġtwice Ġlate Ġon .,O O O O O O O O O O O O O O O O O O O O O,O O O O O O O O B-ATHLETE I-ATHLETE I-ATHLETE O O O O O O O O O O,[],"[('ATHLETE', 8, 10)]"
2585,ĠIn Ġthe Ġother ĠGroup ĠB Ġgame ĠCameroon 's ĠS able ĠBat ie Ġtook Ġthe Ġlead Ġin Ġthe Ġ35 th Ġminute Ġthrough ĠKem adj ou Ġbefore ĠSantos Ġequal ised Ġon Ġthe Ġhour Ġmark Ġthanks Ġto ĠTh ok oz ani ĠX aba Ġ.,O O O O O O O O O O O O O O O O O O O O O B-ATHLETE I-ATHLETE I-ATHLETE O O O O O O O O O O B-ATHLETE I-ATHLETE I-ATHLETE I-ATHLETE I-ATHLETE I-ATHLETE O,O O O O O O O O B-ATHLETE I-ATHLETE I-ATHLETE I-ATHLETE O O O O O O O O O B-ATHLETE I-ATHLETE I-ATHLETE O B-ATHLETE O O O O O O O O B-ATHLETE I-ATHLETE I-ATHLETE I-ATHLETE I-ATHLETE I-ATHLETE O,"[('ATHLETE', 21, 23), ('ATHLETE', 34, 39)]","[('ATHLETE', 8, 11), ('ATHLETE', 21, 23), ('ATHLETE', 25, 25), ('ATHLETE', 34, 39)]"
2586,ĠBernard ĠN gom Ġput ĠS able Ġahead Ġjust Ġfive Ġminutes Ġlater Ġand Ġthen ĠErnest ĠN for Ġsettled Ġthe Ġgame Ġon Ġ68 Ġminutes .,B-ATHLETE I-ATHLETE I-ATHLETE O O O O O O O O O O B-ATHLETE I-ATHLETE I-ATHLETE O O O O O O O,B-ATHLETE I-ATHLETE I-ATHLETE O B-ATHLETE I-ATHLETE O O O O O O O B-ATHLETE I-ATHLETE I-ATHLETE O O O O O O O,"[('ATHLETE', 0, 2), ('ATHLETE', 13, 15)]","[('ATHLETE', 0, 2), ('ATHLETE', 4, 5), ('ATHLETE', 13, 15)]"
2592,"ĠA Ġmajor Ġoverhaul Ġof Ġthe Ġsystem Ġis Ġneeded Ġto Ġallow Ġinspectors Ġimmediate , Ġsecure Ġonline Ġaccess Ġto Ġinformation ,"" Ġsaid Ġproject Ġmanager ĠLiv io ĠCost ant ini .",O O O O O O O O O O O O O O O O O O O O O O B-BUSINESS-EXECUTIVE-MANAGER I-BUSINESS-EXECUTIVE-MANAGER I-BUSINESS-EXECUTIVE-MANAGER I-BUSINESS-EXECUTIVE-MANAGER I-BUSINESS-EXECUTIVE-MANAGER O,O O O O O O O O O O O O O O O O O O O O O O B-PUBLIC-FIGURE I-PUBLIC-FIGURE I-PUBLIC-FIGURE I-PUBLIC-FIGURE I-PUBLIC-FIGURE O,"[('BUSINESS-EXECUTIVE-MANAGER', 22, 26)]","[('PUBLIC-FIGURE', 22, 26)]"
2600,"Ġ Ċ Ċ Computer Ġspecialist Ġat Ġthe ĠI AE A , ĠPeter ĠSmith , Ġwould Ġlike Ġto Ġbe Ġable Ġto Ġincorporate Ġstate Ġof Ġthe Ġart Ġvisual isation Ġtechniques , Ġmore Ġfamiliar Ġto Ġvideo Ġgames Ġplayers , Ġinto Ġthe Ġinspector 's Ġtool kit . Ġ""",O O O O O O O O O O O B-BUSINESS-EXECUTIVE-MANAGER I-BUSINESS-EXECUTIVE-MANAGER O O O O O O O O O O O O O O O O O O O O O O O O O O O O O O O,O O O O O O O O O O O B-PUBLIC-FIGURE I-PUBLIC-FIGURE O O O O O O O O O O O O O O O O O O O O O O O O O O O O O O O,"[('BUSINESS-EXECUTIVE-MANAGER', 11, 12)]","[('PUBLIC-FIGURE', 11, 12)]"
2606,ĠRad cliffe Ġproves Ġdoub ters Ġwrong Ċ Ċ This Ġwon 't Ġgo Ġdown Ġas Ġone Ġof Ġthe Ġgreatest Ġmar ath ons Ġof ĠPaula 's Ġcareer .,O O O O O O O O O O O O O O O O O O O O O O B-ATHLETE O O O,B-ATHLETE I-ATHLETE O O O O O O O O O O O O O O O O O O O O B-ATHLETE O O O,"[('ATHLETE', 22, 22)]","[('ATHLETE', 0, 1), ('ATHLETE', 22, 22)]"
2637,ĠBBC Ġcorrespondent ĠSarah ĠMuk her jee Ġsaid Ġhunt Ġsupporters Ġwere Ġin Ġtears .,O O B-AUTHOR-WRITER I-AUTHOR-WRITER I-AUTHOR-WRITER I-AUTHOR-WRITER O O O O O O O,O O B-PUBLIC-FIGURE I-PUBLIC-FIGURE I-PUBLIC-FIGURE I-PUBLIC-FIGURE O O O O O O O,"[('AUTHOR-WRITER', 2, 5)]","[('PUBLIC-FIGURE', 2, 5)]"
2649,ĠCand ela Ġcompletes ĠBolton Ġswitch Ċ Ċ B ol ton Ġboss ĠSam ĠAll ardy ce Ġhas Ġsigned ĠRoma Ġdefender ĠVincent ĠCand ela Ġon Ġa Ġfive - month Ġdeal .,O O O O O O O O O O O B-ATHLETE I-ATHLETE I-ATHLETE I-ATHLETE O O O O B-ATHLETE I-ATHLETE I-ATHLETE O O O O O O O,B-ATHLETE I-ATHLETE O O O O O O O O O B-ATHLETE I-ATHLETE I-ATHLETE I-ATHLETE O O O O B-ATHLETE I-ATHLETE I-ATHLETE O O O O O O O,"[('ATHLETE', 11, 14), ('ATHLETE', 19, 21)]","[('ATHLETE', 0, 1), ('ATHLETE', 11, 14), ('ATHLETE', 19, 21)]"
2651,"ĠI Ġhave Ġsigned Ġa Ġfive - month Ġcontract Ġwith ĠBolton ,"" Ġsaid ĠCand ela , Ġwho Ġwill Ġtravel Ġto ĠEngland Ġon ĠTuesday . Ġ""",O O O O O O O O O O O O O O O O O O O O O O O O,O O O O O O O O O O O O B-ATHLETE I-ATHLETE O O O O O O O O O O,[],"[('ATHLETE', 12, 13)]"
2653,"ĠAll ardy ce Ġhopes ĠCand ela 's Ġarrival Ġwill Ġrelieve ĠBolton 's Ġinjury Ġcrisis Ġafter Ġdefender ĠNick y ĠHunt Ġlim ped Ġout Ġinjured Ġduring ĠOld ham 's Ġ1 - 0 Ġwin Ġagainst ĠOld ham Ġin Ġthe ĠFA ĠCup Ġon ĠSunday . Ġ""",O O O O O O O O O O O O O O O O B-ATHLETE I-ATHLETE I-ATHLETE O O O O O O O O O O O O O O O O O O O O O O O,O B-PUBLIC-FIGURE O O B-ATHLETE I-ATHLETE O O O O O O O O O O B-ATHLETE I-ATHLETE I-ATHLETE O O O O O O O O O O O O O O O O O O O O O O O,"[('ATHLETE', 16, 18)]","[('PUBLIC-FIGURE', 1, 1), ('ATHLETE', 4, 5), ('ATHLETE', 16, 18)]"
2654,"ĠIn Ġlight Ġof Ġwhat Ġhas Ġhappened Ġto ĠNick y ĠHunt , Ġwith Ġhis Ġinjury , Ġit Ġmight Ġbe Ġa Ġblessing Ġin Ġdisguise Ġthat Ġwe Ġcan Ġbring Ġin Ġa Ġhighly - exper ienced Ġfull - back Ġto Ġhelp Ġwith Ġour Ġinjuries Ġat Ġthe Ġback ,"" ĠAll ardy ce Ġsaid . Ġ""",O O O O O O O B-ATHLETE I-ATHLETE I-ATHLETE O O O O O O O O O O O O O O O O O O O O O O O O O O O O O O O O O O O O O O O O,O O O O O O O B-ATHLETE I-ATHLETE I-ATHLETE O O O O O O O O O O O O O O O O O O O O O O O O O O O O O O O O O O B-ATHLETE I-ATHLETE I-ATHLETE O O O,"[('ATHLETE', 7, 9)]","[('ATHLETE', 7, 9), ('ATHLETE', 44, 46)]"
2658,"ĠCand ela , Ġwho Ġwas Ġa Ġmember Ġof Ġthe ĠRoma Ġside Ġthat Ġwon Ġthe Ġtitle Ġin Ġ2001 , Ġhas Ġmade Ġonly Ġseven Ġleague Ġappearances Ġthis Ġseason Ġfor ĠLuigi Ġdel ĠNer i 's Ġside .",O O O O O O O O O O O O O O O O O O O O O O O O O O O B-ATHLETE I-ATHLETE I-ATHLETE I-ATHLETE O O O,B-ATHLETE I-ATHLETE O O O O O O O O O O O O O O O O O O O O O O O O O O O O O O O O,"[('ATHLETE', 27, 30)]","[('ATHLETE', 0, 1)]"
2666,"Ġ Ċ Ċ Ann ouncing Ġthe Ġplans , ĠMr ĠRed wood Ġsaid : Ġ"" Mr ĠBlair Ġhas Ġforgotten Ġthe Ġinterests Ġof Ġtaxpayers , Ġand Ġhas Ġbroken Ġthe Ġpledges Ġhe Ġmade . Ġ""",O O O O O O O O O O O O O O O B-POLITICIAN O O O O O O O O O O O O O O O O,O O O O O O O O O B-POLITICIAN I-POLITICIAN O O O O B-POLITICIAN O O O O O O O O O O O O O O O O,"[('POLITICIAN', 15, 15)]","[('POLITICIAN', 9, 10), ('POLITICIAN', 15, 15)]"
2676,ĠD aven port Ġdismant les Ġyoung Ġrival Ċ Ċ Top Ġseed ĠLindsay ĠD aven port Ġbooked Ġher Ġplace Ġin Ġthe Ġlast Ġ16 Ġof Ġthe ĠAustralian ĠOpen Ġwith Ġa Ġconvincing Ġ6 - 2 Ġ6 - 4 Ġwin Ġover ĠNicole ĠV aid is ova Ġof Ġthe ĠCzech ĠRepublic .,O O O O O O O O O O O B-ATHLETE I-ATHLETE I-ATHLETE I-ATHLETE O O O O O O O O O O O O O O O O O O O O O O B-ATHLETE I-ATHLETE I-ATHLETE I-ATHLETE I-ATHLETE O O O O O,B-ATHLETE I-ATHLETE I-ATHLETE O O O O O O O O B-ATHLETE I-ATHLETE I-ATHLETE I-ATHLETE O O O O O O O O O O O O O O O O O O O O O O B-ATHLETE I-ATHLETE I-ATHLETE I-ATHLETE I-ATHLETE O O O O O,"[('ATHLETE', 11, 14), ('ATHLETE', 37, 41)]","[('ATHLETE', 0, 2), ('ATHLETE', 11, 14), ('ATHLETE', 37, 41)]"
2678,ĠThe ĠGerman - born ĠV aid is ova Ġrallied Ġwell Ġat Ġtimes Ġbut Ġwas Ġunable Ġto Ġfind Ġa Ġway Ġback Ġafter Ġfalling Ġbehind Ġ3 - 2 Ġin Ġthe Ġopening Ġset .,O O O O O O O O O O O O O O O O O O O O O O O O O O O O O O O,O O O O B-ATHLETE I-ATHLETE I-ATHLETE I-ATHLETE O O O O O O O O O O O O O O O O O O O O O O O,[],"[('ATHLETE', 4, 7)]"
2679,"ĠD aven port , Ġwho Ġclosed Ġout Ġwith Ġan Ġace , Ġplays ĠKar olina ĠSp rem Ġin Ġthe Ġnext Ġround . Ġ""",O O O O O O O O O O O O B-ATHLETE I-ATHLETE I-ATHLETE I-ATHLETE O O O O O O,B-ATHLETE I-ATHLETE I-ATHLETE O O O O O O O O O B-ATHLETE I-ATHLETE I-ATHLETE I-ATHLETE O O O O O O,"[('ATHLETE', 12, 15)]","[('ATHLETE', 0, 2), ('ATHLETE', 12, 15)]"
2680,"ĠI Ġwas Ġfully Ġexpecting Ġa Ġtough Ġopponent Ġand Ġwas Ġable Ġto Ġplay Ġwell Ġenough Ġto Ġget Ġthrough Ġit ,"" Ġsaid ĠD aven port . Ġ""",O O O O O O O O O O O O O O O O O O O O O O O O O,O O O O O O O O O O O O O O O O O O O O B-ATHLETE I-ATHLETE I-ATHLETE O O,[],"[('ATHLETE', 20, 22)]"
2684,"ĠSp rem , Ġthe ĠCroatian Ġ13 th Ġseed , Ġsaw Ġoff ĠRussia 's ĠElena ĠL ikh ov t se va Ġ6 - 3 Ġ6 - 2 .",O O O O O O O O O O O O O B-ATHLETE I-ATHLETE I-ATHLETE I-ATHLETE I-ATHLETE I-ATHLETE I-ATHLETE O O O O O O O,B-ATHLETE I-ATHLETE O O O O O O O O O O O B-ATHLETE I-ATHLETE I-ATHLETE I-ATHLETE I-ATHLETE I-ATHLETE I-ATHLETE O O O O O O O,"[('ATHLETE', 13, 19)]","[('ATHLETE', 0, 1), ('ATHLETE', 13, 19)]"
2703,"ĠRaymond , Ġthe Ġ25 th Ġseeded ĠAmerican , Ġwas Ġruled Ġout Ġafter Ġsustaining Ġa Ġleft Ġabdominal Ġmuscle Ġtear Ġin Ġthe Ġdoubles .",O O O O O O O O O O O O O O O O O O O O O O,B-ATHLETE O O O O O O O O O O O O O O O O O O O O O,[],"[('ATHLETE', 0, 0)]"
2704,"ĠM ys k ina , Ġthe Ġthird Ġseed , Ġnow Ġplays ĠFrance 's Ċ Ċ who Ġbeat ĠFrances ca ĠSch ia v one Ġof ĠItaly Ġ6 - 3 Ġ6 - 3 . Ġ""",O O O O O O O O O O O O O O O O O B-ATHLETE I-ATHLETE I-ATHLETE I-ATHLETE I-ATHLETE I-ATHLETE O O O O O O O O O O,B-ATHLETE I-ATHLETE I-ATHLETE I-ATHLETE O O O O O O O O O O O O O B-ATHLETE I-ATHLETE I-ATHLETE I-ATHLETE I-ATHLETE I-ATHLETE O O O O O O O O O O,"[('ATHLETE', 17, 22)]","[('ATHLETE', 0, 3), ('ATHLETE', 17, 22)]"
2705,"ĠI 'm Ġextremely Ġdisappointed Ġbecause ĠI Ġcouldn 't Ġhave Ġasked Ġto Ġplay Ġbetter Ġin Ġmy Ġfirst Ġtwo Ġmatches ,"" ĠRaymond Ġsaid .",O O O O O O O O O O O O O O O O O O O O O O,O O O O O O O O O O O O O O O O O O O B-ATHLETE O O,[],"[('ATHLETE', 19, 19)]"
2710,"ĠThe Ġdetails Ġof ĠPlayStation Ġ3 , ĠXbox Ġ2 Ġ( cod ename ĠXen on ) Ġand ĠNintendo 's Ġso - called ĠRevolution Ġare Ġstill Ġto Ġbe Ġfinal ised Ġbut Ġdevelopers Ġare Ġhaving Ġto Ġwork Ġon Ġtitles Ġfor Ġthe Ġnew Ġmachines Ġregardless .",O O O O O O O O O O O O O O O O O O O O O O O O O O O O O O O O O O O O O O O O O,O O O O O O O O O O O B-BUSINESS-EXECUTIVE-MANAGER O O O O O O O O O O O O O O O O O O O O O O O O O O O O O,[],"[('BUSINESS-EXECUTIVE-MANAGER', 11, 11)]"
2713,"ĠMicrosoft Ġhad Ġdelivered Ġdevelopment Ġkits Ġto ĠEA , Ġsaid ĠMr ĠAr mes , Ġbut Ġhe Ġsaid Ġthe Ġcompany Ġwas Ġstill Ġwaiting Ġon ĠSony Ġand ĠNintendo Ġto Ġsend Ġkits .",O O O O O O O O O O O O O O O O O O O O O O O O O O O O O,O O O O O O O O O O B-BUSINESS-EXECUTIVE-MANAGER I-BUSINESS-EXECUTIVE-MANAGER O O O O O O O O O O O O O O O O O,[],"[('BUSINESS-EXECUTIVE-MANAGER', 10, 11)]"
2714,"ĠAlthough Ġthe Ġdetails Ġmay Ġnot Ġbe Ġnailed Ġdown , ĠMr ĠAr mes Ġsaid ĠEA Ġwas Ġbeginning Ġto Ġget Ġa Ġsense Ġof Ġthe Ġcapabilities Ġof Ġthe Ġnew Ġmachines . Ġ""",O O O O O O O O O O O O O O O O O O O O O O O O O O O O O,O O O O O O O O O O B-BUSINESS-EXECUTIVE-MANAGER I-BUSINESS-EXECUTIVE-MANAGER O O O O O O O O O O O O O O O O O,[],"[('BUSINESS-EXECUTIVE-MANAGER', 10, 11)]"
2716,"Ġ Ċ Ċ "" Microsoft Ġis Ġobviously Ġa Ġsoftware Ġcompany Ġfirst Ġand Ġforemost , Ġwhile ĠSony Ġhas Ġmore Ġexperience Ġin Ġhardware .",O O O O O O O O O O O O O O O O O O O O O O,O O O O O O O O O O O O O O O B-BUSINESS-EXECUTIVE-MANAGER O O O O O O,[],"[('BUSINESS-EXECUTIVE-MANAGER', 15, 15)]"
2727,"Ġ Ċ Ċ Mr ĠDunn Ġsaid Ġhe Ġexpected Ġthe Ġintroduction Ġof Ġreal - world Ġphysics Ġto Ġbe Ġa Ġmajor Ġpart Ġof Ġthe Ġnew Ġconsoles . Ġ""",O O O O O O O O O O O O O O O O O O O O O O O O O O,O O O O B-BUSINESS-EXECUTIVE-MANAGER O O O O O O O O O O O O O O O O O O O O O,[],"[('BUSINESS-EXECUTIVE-MANAGER', 4, 4)]"
2741,"ĠPS 3 Ġwill Ġprovide Ġgraphics Ġindistinguishable Ġfrom Ġmovies ,"" Ġsaid ĠMr ĠFlor in .",O O O O O O O O O O O O O O,O O O O O O O O O O O B-BUSINESS-EXECUTIVE-MANAGER I-BUSINESS-EXECUTIVE-MANAGER O,[],"[('BUSINESS-EXECUTIVE-MANAGER', 11, 12)]"
2746,"ĠMr ĠAr mes Ġwarned Ġthat Ġdevelopers Ġstill Ġhad Ġto Ġlearn Ġhow Ġto Ġtell Ġstories Ġeffectively Ġin Ġthe Ġmedium . Ġ""",O O O O O O O O O O O O O O O O O O O O,O B-BUSINESS-EXECUTIVE-MANAGER I-BUSINESS-EXECUTIVE-MANAGER O O O O O O O O O O O O O O O O O,[],"[('BUSINESS-EXECUTIVE-MANAGER', 1, 2)]"
2750,"ĠMr ĠGardner Ġagreed : Ġ"" We Ġcan Ġthrown Ġmore Ġpolyg ons Ġaround Ġand Ġhave Ġbetter ĠAI Ġbut Ġif Ġit Ġdoesn 't Ġmake Ġfor Ġa Ġbetter Ġgame Ġthen Ġthat 's Ġnot Ġvery Ġuseful .""",O O O O O O O O O O O O O O O O O O O O O O O O O O O O O O O O O,O B-BUSINESS-EXECUTIVE-MANAGER O O O O O O O O O O O O O O O O O O O O O O O O O O O O O O O,[],"[('BUSINESS-EXECUTIVE-MANAGER', 1, 1)]"
2752,ĠSmith Ġloses ĠUS Ġbox Ġoffice Ġcrown Ċ Ċ New Ġcomedy ĠDiary Ġof Ġa ĠMad ĠBlack ĠWoman Ġhas Ġended ĠWill ĠSmith 's Ġreign Ġat Ġthe Ġtop Ġof Ġthe ĠNorth ĠAmerican Ġbox Ġoffice .,O O O O O O O O O O O O O O O O O O B-ACTOR-DIRECTOR I-ACTOR-DIRECTOR O O O O O O O O O O O O,B-ACTOR-DIRECTOR O O O O O O O O O O O O O O O O O B-ACTOR-DIRECTOR I-ACTOR-DIRECTOR O O O O O O O O O O O O,"[('ACTOR-DIRECTOR', 18, 19)]","[('ACTOR-DIRECTOR', 0, 0), ('ACTOR-DIRECTOR', 18, 19)]"
2753,"Ġ Ċ Ċ Based Ġon Ġa Ġplay Ġby ĠTyler ĠPerry , Ġwho Ġalso Ġstars Ġas Ġa Ġgun - t oting Ġgrandmother , Ġthe Ġfilm Ġtook Ġ$ 22 . 7 m Ġ(Â£ 11 . 8 m ) Ġin Ġits Ġfirst Ġthree Ġdays Ġof Ġrelease .",O O O O O O O O B-ACTOR-DIRECTOR I-ACTOR-DIRECTOR O O O O O O O O O O O O O O O O O O O O O O O O O O O O O O O O O O,O O O O O O O O B-AUTHOR-WRITER I-AUTHOR-WRITER O O O O O O O O O O O O O O O O O O O O O O O O O O O O O O O O O O,"[('ACTOR-DIRECTOR', 8, 9)]","[('AUTHOR-WRITER', 8, 9)]"
2754,"ĠAfter Ġtopping Ġthe Ġchart Ġfor Ġtwo Ġconsecutive Ġweeks , ĠSmith 's Ġromantic Ġcomedy ĠHitch Ġdropped Ġto Ġsecond Ġplace Ġwith Ġt akings Ġof Ġ$ 21 m Ġ(Â£ 10 . 9 m ).",O O O O O O O O O O O O O O O O O O O O O O O O O O O O O O O,O O O O O O O O O B-ACTOR-DIRECTOR O O O O O O O O O O O O O O O O O O O O O,[],"[('ACTOR-DIRECTOR', 9, 9)]"
2756,"ĠBased Ġon Ġthe ĠHell bl azer Ġcomics , Ġthe Ġfilm Ġtook Ġ$ 11 . 8 m Ġ(Â£ 6 . 1 m ) Ġon Ġits Ġsecond Ġweek Ġof Ġrelease .",O O O O O O O O O O O O O O O O O O O O O O O O O O O O O,O O O O B-AUTHOR-WRITER I-AUTHOR-WRITER O O O O O O O O O O O O O O O O O O O O O O O,[],"[('AUTHOR-WRITER', 4, 5)]"
2757,"ĠTwo Ġnew Ġentries Ġcame Ġnext Ġin Ġthe Ġchart , Ġwith ĠWes ĠCra ven 's Ġhorror Ġmovie ĠCursed , Ġabout Ġa Ġwere wolf Ġloose Ġin ĠLos ĠAngeles , Ġin Ġfourth Ġposition Ġwith Ġ$ 9 . 5 m Ġ(Â£ 4 . 9 m ).",O O O O O O O O O O B-ACTOR-DIRECTOR I-ACTOR-DIRECTOR I-ACTOR-DIRECTOR O O O O O O O O O O O O O O O O O O O O O O O O O O O O O,O O O O O O O O O O B-ACTOR-DIRECTOR I-ACTOR-DIRECTOR I-ACTOR-DIRECTOR I-ACTOR-DIRECTOR O O O O O O O O O O O O O O O O O O O O O O O O O O O O,"[('ACTOR-DIRECTOR', 10, 12)]","[('ACTOR-DIRECTOR', 10, 13)]"
2759,"ĠClint ĠEast wood 's Ġboxing Ġdrama ĠMillion ĠDollar ĠBaby Ġ- Ġrecipient Ġof Ġfour ĠAcademy ĠAwards , Ġincluding Ġbest Ġpicture Ġ- Ġcontinued Ġto Ġperform Ġwell Ġin Ġsixth Ġplace Ġwith Ġt akings Ġof Ġ$ 7 . 2 m Ġ(Â£ 3 . 74 m ).",B-ACTOR-DIRECTOR I-ACTOR-DIRECTOR I-ACTOR-DIRECTOR O O O O O O O O O O O O O O O O O O O O O O O O O O O O O O O O O O O O O O O,B-ACTOR-DIRECTOR I-ACTOR-DIRECTOR I-ACTOR-DIRECTOR I-ACTOR-DIRECTOR O O O O O O O O O O O O O O O O O O O O O O O O O O O O O O O O O O O O O O,"[('ACTOR-DIRECTOR', 0, 2)]","[('ACTOR-DIRECTOR', 0, 3)]"
2760,"ĠMartin ĠSc ors ese 's ĠHollywood Ġbi opic ĠThe ĠAv iator Ġ- Ġwhich Ġwon Ġfive ĠOscars , Ġall Ġin Ġminor Ġcategories Ġ- Ġheld Ġon Ġin Ġninth Ġplace .",B-ACTOR-DIRECTOR I-ACTOR-DIRECTOR I-ACTOR-DIRECTOR I-ACTOR-DIRECTOR O O O O O O O O O O O O O O O O O O O O O O O O,B-ACTOR-DIRECTOR I-ACTOR-DIRECTOR I-ACTOR-DIRECTOR I-ACTOR-DIRECTOR I-ACTOR-DIRECTOR O O O O O O O O O O O O O O O O O O O O O O O,"[('ACTOR-DIRECTOR', 0, 3)]","[('ACTOR-DIRECTOR', 0, 4)]"
2762,"ĠWith Ġthe Ġhelp Ġof Ġher Ġgrandmother ĠMade a Ġ( one Ġof Ġthree Ġroles Ġplayed Ġby ĠPerry ), Ġshe Ġplots Ġrevenge .",O O O O O O O O O O O O O O O O O O O O O,O O O O O O B-PUBLIC-FIGURE I-PUBLIC-FIGURE O O O O O O O B-ACTOR-DIRECTOR O O O O O,[],"[('PUBLIC-FIGURE', 6, 7), ('ACTOR-DIRECTOR', 15, 15)]"
2763,"ĠPerry , Ġ34 , Ġis Ġone Ġof ĠAmerica 's Ġbest - known Ġblack Ġplay wr ights Ġbut Ġis Ġa Ġnewcomer Ġto Ġfilm .",O O O O O O O O O O O O O O O O O O O O O O O,B-AUTHOR-WRITER O O O O O O O O O O O O O O O O O O O O O O,[],"[('AUTHOR-WRITER', 0, 0)]"
2773,"ĠThe Ġreport Ġwas Ġa Ġst inging Ġrebuke Ġfor Ġthe Ġgovernment Ġand Ġespecially ĠJohn ĠPrescott 's Ġdepartment , ĠBBC Ġenvironment Ġcorrespondent ĠRichard ĠBlack Ġsaid .",O O O O O O O O O O O O B-POLITICIAN I-POLITICIAN O O O O O O B-AUTHOR-WRITER I-AUTHOR-WRITER O O,O O O O O O O O O O O O B-POLITICIAN I-POLITICIAN I-POLITICIAN O O O O O B-PUBLIC-FIGURE I-PUBLIC-FIGURE O O,"[('POLITICIAN', 12, 13), ('AUTHOR-WRITER', 20, 21)]","[('POLITICIAN', 12, 14), ('PUBLIC-FIGURE', 20, 21)]"
2777,"Ġ Ċ Ġ- ĠThe Ġgovernment Ġshould Ġrecognise Ġshortcomings Ġof Ġthe ĠTreasury 's ĠBarker ĠReview , Ġwhich Ġsaid Ġ140 , 000 Ġnew Ġhomes Ġa Ġyear Ġwere Ġneeded Ġin ĠBritain .",O O O O O O O O O O O O B-PUBLIC-FIGURE O O O O O O O O O O O O O O O O,O O O O O O O O O O O O O O O O O O O O O O O O O O O O O,"[('PUBLIC-FIGURE', 12, 12)]",[]
2782,"Ġ Ċ Ġ Ċ Ċ Conservative Ġlocal Ġgovernment Ġspokeswoman ĠCaroline ĠSp elman Ġsaid : Ġ"" There Ġis Ġnow Ġgrowing Ġevidence Ġthat ĠJohn ĠPrescott 's Ġbuildings Ġprogramme Ġis Ġenvironmentally Ġunsustainable , Ġleaving Ġa Ġconcrete Ġscar Ġacross Ġthe Ġface Ġof Ġrural ĠEngland .""",O O O O O O O O O B-POLITICIAN I-POLITICIAN I-POLITICIAN O O O O O O O O O B-POLITICIAN I-POLITICIAN O O O O O O O O O O O O O O O O O O,O O O O O O O O O B-POLITICIAN I-POLITICIAN I-POLITICIAN O O O O O O O O O B-POLITICIAN I-POLITICIAN I-POLITICIAN O O O O O O O O O O O O O O O O O,"[('POLITICIAN', 9, 11), ('POLITICIAN', 21, 22)]","[('POLITICIAN', 9, 11), ('POLITICIAN', 21, 23)]"
2783,"ĠHar iri Ġkilling Ġhits ĠBeirut Ġshares Ċ Ċ Shares Ġin ĠSol ide re , Ġthe ĠLebanese Ġcompany Ġfounded Ġby Ġassassinated Ġformer Ġprime Ġminister ĠRaf ik ĠHar iri , Ġfell Ġ15 % Ġin Ġrenewed Ġtrading Ġin ĠBeirut .",O O O O O O O O O O O O O O O O O O O O O O O B-POLITICIAN I-POLITICIAN I-POLITICIAN I-POLITICIAN O O O O O O O O O O,B-POLITICIAN I-POLITICIAN O O O O O O O O O O O O O O O O O O O O O B-POLITICIAN I-POLITICIAN I-POLITICIAN I-POLITICIAN O O O O O O O O O O,"[('POLITICIAN', 23, 26)]","[('POLITICIAN', 0, 1), ('POLITICIAN', 23, 26)]"
2785,"ĠTrad ers Ġsaid Ġthere Ġwas Ġsome Ġpanic Ġselling Ġduring ĠFriday 's Ġsession , Ġthe Ġfirst Ġsince Ġa Ġthree - day Ġmarket Ġclosure Ġto Ġmourn Ġthe Ġdeath Ġof ĠMr ĠHar iri .",O O O O O O O O O O O O O O O O O O O O O O O O O O O O O O O,O O O O O O O O O O O O O O O O O O O O O O O O O O O O B-BUSINESS-EXECUTIVE-MANAGER I-BUSINESS-EXECUTIVE-MANAGER O,[],"[('BUSINESS-EXECUTIVE-MANAGER', 28, 29)]"
2786,ĠBeirut 's Ġbenchmark ĠBL OM Ġstock Ġindex Ġclosed Ġdown Ġ7 . 9 % Ġat Ġ6 42 . 80 .,O O O O O O O O O O O O O O O O O O O,B-BUSINESS-EXECUTIVE-MANAGER O O O O O O O O O O O O O O O O O O,[],"[('BUSINESS-EXECUTIVE-MANAGER', 0, 0)]"
2787,"Ġ Ċ Ċ Sol ide re , Ġin Ġwhich ĠMr ĠHar iri Ġwas Ġa Ġmajor Ġshareholder , Ġwas Ġthe Ġmajor Ġdrag Ġon Ġthe Ġindex .",O O O O O O O O O O O O O O O O O O O O O O O O O,O O O O O O O O O O B-BUSINESS-EXECUTIVE-MANAGER I-BUSINESS-EXECUTIVE-MANAGER O O O O O O O O O O O O O,[],"[('BUSINESS-EXECUTIVE-MANAGER', 10, 11)]"
2789,"ĠSol ide re Ġshould Ġbe Ġabove Ġ$ 10 Ġbut Ġbecause Ġof Ġthis Ġdisaster Ġit Ġis Ġfalling ,"" Ġsaid Ġone Ġtrader . Ġ""",O O O O O O O O O O O O O O O O O O O O O O,B-MUSICIAN I-MUSICIAN I-MUSICIAN O O O O O O O O O O O O O O O O O O O,[],"[('MUSICIAN', 0, 2)]"
2790,ĠIf ĠSol ide re Ġdrops Ġmuch Ġlower ĠI Ġwould Ġconsider Ġit Ġa Ġbuying Ġopportunity .,O O O O O O O O O O O O O O O,O B-ATHLETE I-ATHLETE I-ATHLETE O O O O O O O O O O O,[],"[('ATHLETE', 1, 3)]"
2792,ĠCritics Ġhad Ġaccused ĠMr ĠHar iri Ġof Ġusing ĠLebanon 's Ġpost - war Ġreconstruction Ġdrive Ġfor Ġhis Ġpersonal Ġfinancial Ġgain .,O O O O O O O O O O O O O O O O O O O O O,O O O O B-POLITICIAN I-POLITICIAN O O O O O O O O O O O O O O O,[],"[('POLITICIAN', 4, 5)]"
2794,"ĠSol ide re Ġposted Ġprofits Ġof Ġ$ 12 . 5 m Ġin Ġthe Ġfirst Ġhalf Ġof Ġ2004 , Ġand Ġits Ġshares Ġhad Ġbeen Ġgaining Ġin Ġrecent Ġmonths .",O O O O O O O O O O O O O O O O O O O O O O O O O O O O,B-BUSINESS-EXECUTIVE-MANAGER I-BUSINESS-EXECUTIVE-MANAGER I-BUSINESS-EXECUTIVE-MANAGER O O O O O O O O O O O O O O O O O O O O O O O O O,[],"[('BUSINESS-EXECUTIVE-MANAGER', 0, 2)]"
2795,ĠFilm Ġrow Ġover ĠPirates Ġ' c ann ib als ' Ċ Ċ Pl ans Ġto Ġportray ĠDomin ica 's ĠCarib ĠIndians Ġas Ġcann ib als Ġin Ġthe Ġsequel Ġto Ġhit Ġfilm ĠPirates Ġof Ġthe ĠCaribbean Ġhave Ġbeen Ġcriticised Ġby Ġthe Ġgroup 's Ġchief .,O O O O O O O O O O O O O O O O O O O O O O O O O O O O O O O O O O O O O O O O O O O O,O O O O O O O O O O O O B-ACTOR-DIRECTOR I-ACTOR-DIRECTOR O O B-PUBLIC-FIGURE I-PUBLIC-FIGURE O O O O O O O O O O O O O O O O O O O O O O O O O O,[],"[('ACTOR-DIRECTOR', 12, 13), ('PUBLIC-FIGURE', 16, 17)]"
2796,"Ġ Ċ Ċ Car ib ĠChief ĠCharles ĠWilliams Ġsaid Ġtalks Ġwith ĠDisney 's Ġproducers Ġrevealed Ġthere Ġwas Ġ"" a Ġstrong Ġelement Ġof Ġcannibal ism Ġin Ġthe Ġscript Ġwhich Ġcannot Ġbe Ġremoved "".",O O O O O O B-PUBLIC-FIGURE I-PUBLIC-FIGURE O O O O O O O O O O O O O O O O O O O O O O O O,O O O O O O B-BUSINESS-EXECUTIVE-MANAGER I-BUSINESS-EXECUTIVE-MANAGER O O O O O O O O O O O O O O O O O O O O O O O O,"[('PUBLIC-FIGURE', 6, 7)]","[('BUSINESS-EXECUTIVE-MANAGER', 6, 7)]"
2799,"ĠDisney Ġwas Ġunavailable Ġfor Ġcomment . Ġ""",O O O O O O O,B-ACTOR-DIRECTOR O O O O O O,[],"[('ACTOR-DIRECTOR', 0, 0)]"
2800,"ĠOur Ġancestors Ġstood Ġup Ġagainst Ġearly ĠEuropean Ġconquer ors Ġand Ġbecause Ġthey Ġstood Ġup ... we Ġwere Ġlabelled Ġsav ages Ġand Ġcann ib als Ġup Ġto Ġtoday ,"" Ġsaid ĠMr ĠWilliams .",O O O O O O O O O O O O O O O O O O O O O O O O O O O O O O O O,O O O O O O O O O O O O O O O O O O O O O O O O O O O O O O B-BUSINESS-EXECUTIVE-MANAGER O,[],"[('BUSINESS-EXECUTIVE-MANAGER', 30, 30)]"
2802,"ĠShooting Ġon Ġthe Ġsequel Ġis Ġexpected Ġto Ġbegin Ġin ĠApril , Ġwith Ġhundreds Ġof ĠDomin icans Ġapplying Ġto Ġbe Ġextras Ġin Ġthe Ġmovie .",O O O O O O O O O O O O O O O O O O O O O O O O,O O O O O O O O O O O O O O B-ACTOR-DIRECTOR O O O O O O O O O,[],"[('ACTOR-DIRECTOR', 14, 14)]"
2805,ĠMr ĠWilliams Ġsaid Ġhe Ġhad Ġreceived Ġsupport Ġfrom Ġindigenous Ġgroups Ġaround Ġthe Ġworld Ġin Ġhis Ġefforts Ġto Ġhave Ġcannibal ism Ġreferences Ġremoved Ġfrom Ġthe Ġfilm .,O O O O O O O O O O O O O O O O O O O O O O O O O O,O B-PUBLIC-FIGURE O O O O O O O O O O O O O O O O O O O O O O O O,[],"[('PUBLIC-FIGURE', 1, 1)]"
2815,"ĠMr ĠA it ken , Ġwho Ġlives Ġin ĠCleveland , Ġsaid Ġthat Ġafter Ġbecoming Ġlight - headed , Ġhe Ġran Ġtowards Ġthe Ġbedroom Ġand Ġknocked Ġhis Ġhead Ġin Ġa Ġdoorway .",O O O O O O O O O O O O O O O O O O O O O O O O O O O O O O O,O B-PUBLIC-FIGURE I-PUBLIC-FIGURE I-PUBLIC-FIGURE O O O O O O O O O O O O O O O O O O O O O O O O O O O,[],"[('PUBLIC-FIGURE', 1, 3)]"
2819,"ĠKil roy Ġunve ils Ġimmigration Ġpolicy Ċ Ċ Ex - ch ats how Ġhost ĠRobert ĠKil roy - Sil k Ġhas Ġattacked ĠUK Ġpolicy Ġon Ġimmigration Ġsaying ĠBritain 's Ġopen Ġdoor Ġapproach Ġis Ġhitting Ġlow Ġwage Ġ"" ind igenous "" Ġworkers .",O O O O O O O O O O O O O O B-POLITICIAN I-POLITICIAN I-POLITICIAN I-POLITICIAN I-POLITICIAN I-POLITICIAN O O O O O O O O O O O O O O O O O O O O O O,B-POLITICIAN I-POLITICIAN O O O O O O O O O O O O B-POLITICIAN I-POLITICIAN I-POLITICIAN I-POLITICIAN I-POLITICIAN I-POLITICIAN O O O O O O O O O O O O O O O O O O O O O O,"[('POLITICIAN', 14, 19)]","[('POLITICIAN', 0, 1), ('POLITICIAN', 14, 19)]"
2820,"Ġ Ċ Ċ The ĠVer itas Ġleader Ġsaid Ġthe Ġonly Ġpeople Ġto Ġbenefit Ġfrom Ġimmigrants Ġfrom Ġplaces Ġlike ĠPoland Ġwere Ġemployers , Ġlandlords , Ġmembers Ġof Ġthe Ġ' met ropolitan Ġelite '.",O O O O O O O O O O O O O O O O O O O O O O O O O O O O O O O O,O O O O B-POLITICIAN I-POLITICIAN O O O O O O O O O O O O O O O O O O O O O O O O O O,[],"[('POLITICIAN', 4, 5)]"
2823,"Ġ Ċ Ċ Mr ĠKil roy - Sil k Ġsaid Ġthat Ġworked Ġout Ġat ĠÂ£ 143 , 000 Ġper Ġsuccessful Ġasylum Ġseeker .",O O O O O O O O O O O O O O O O O O O O O O O,O O O O B-POLITICIAN I-POLITICIAN I-POLITICIAN I-POLITICIAN I-POLITICIAN O O O O O O O O O O O O O O,[],"[('POLITICIAN', 4, 8)]"
2824,ĠHe Ġsaid ĠVer itas Ġwanted Ġto Ġgrant Ġan Ġamnesty Ġfor Ġall Ġthose Ġin ĠBritain Ġclaiming Ġasylum Ġand Ġwho Ġhave Ġchildren Ġand Ġdeport Ġeveryone Ġelse .,O O O O O O O O O O O O O O O O O O O O O O O O O,O O B-PUBLIC-FIGURE O O O O O O O O O O O O O O O O O O O O O O,[],"[('PUBLIC-FIGURE', 2, 2)]"
2826,ĠAnd ĠMr ĠKil roy - Sil k Ġsaid Ġhe Ġwanted Ġto Ġspend Ġan Ġextra ĠÂ£ 500 m Ġa Ġyear Ġto Ġhelp Ġprovide Ġfor Ġrefugees Ġabroad .,O O O O O O O O O O O O O O O O O O O O O O O O O O,O O B-POLITICIAN I-POLITICIAN I-POLITICIAN I-POLITICIAN I-POLITICIAN O O O O O O O O O O O O O O O O O O O,[],"[('POLITICIAN', 2, 6)]"
2827,ĠEl ton Ġplays ĠParis Ġcharity Ġconcert Ċ Ċ Sir ĠEl ton ĠJohn Ġhas Ġperformed Ġat Ġa Ġspecial Ġconcert Ġin ĠParis Ġto Ġraise Ġmoney Ġfor Ġthe Ġvictims Ġof Ġthe ĠAsian Ġtsunami .,O O O O O O O O B-MUSICIAN I-MUSICIAN I-MUSICIAN I-MUSICIAN O O O O O O O O O O O O O O O O O O O,B-MUSICIAN I-MUSICIAN O O O O O O O B-MUSICIAN I-MUSICIAN I-MUSICIAN O O O O O O O O O O O O O O O O O O O,"[('MUSICIAN', 8, 11)]","[('MUSICIAN', 0, 1), ('MUSICIAN', 9, 11)]"
2831,ĠSir ĠEl ton Ġplayed Ġhits Ġfrom Ġhis Ġvast Ġback Ġcatalogue Ġto Ġa Ġsell - out Ġcrowd Ġwhich Ġincluded Ġformer ĠFrench Ġpresident ĠVal ery ĠG isc ard Ġd ' Est a ing Ġand Ġhis Ġwife ĠAnne - A ym one .,O O O O O O O O O O O O O O O O O O O O O B-POLITICIAN I-POLITICIAN I-POLITICIAN I-POLITICIAN I-POLITICIAN I-POLITICIAN I-POLITICIAN I-POLITICIAN I-POLITICIAN I-POLITICIAN O O O B-PUBLIC-FIGURE I-PUBLIC-FIGURE I-PUBLIC-FIGURE I-PUBLIC-FIGURE I-PUBLIC-FIGURE O,O B-MUSICIAN I-MUSICIAN O O O O O O O O O O O O O O O O O O B-POLITICIAN I-POLITICIAN I-POLITICIAN I-POLITICIAN I-POLITICIAN I-POLITICIAN I-POLITICIAN I-POLITICIAN I-POLITICIAN I-POLITICIAN O O O B-PUBLIC-FIGURE I-PUBLIC-FIGURE I-PUBLIC-FIGURE I-PUBLIC-FIGURE I-PUBLIC-FIGURE O,"[('POLITICIAN', 21, 30), ('PUBLIC-FIGURE', 34, 38)]","[('MUSICIAN', 1, 2), ('POLITICIAN', 21, 30), ('PUBLIC-FIGURE', 34, 38)]"
2836,"ĠNow Ġmy Ġdrug Ġis Ġcalled ĠDavid "" Ġ- Ġa Ġreference Ġto ĠDavid ĠFurn ish , Ġhis Ġpartner .",O O O O O O O O O O O B-PUBLIC-FIGURE I-PUBLIC-FIGURE I-PUBLIC-FIGURE O O O O,O O O O O B-MUSICIAN O O O O O B-MUSICIAN I-MUSICIAN I-MUSICIAN O O O O,"[('PUBLIC-FIGURE', 11, 13)]","[('MUSICIAN', 5, 5), ('MUSICIAN', 11, 13)]"
2837,"ĠThe Ġcrowd , Ġwho Ġgreeted Ġeach Ġsong Ġwith Ġa Ġstanding Ġo vation , Ġalso Ġincluded ĠFrench Ġsinger ĠCharles ĠAz nav our Ġand ĠBritish Ġambassador ĠSir ĠJohn ĠHolmes .",O O O O O O O O O O O O O O O O O B-MUSICIAN I-MUSICIAN I-MUSICIAN I-MUSICIAN O O O B-POLITICIAN I-POLITICIAN I-POLITICIAN O,O O O O O O O O O O O O O O O O O B-MUSICIAN I-MUSICIAN I-MUSICIAN I-MUSICIAN O O O O B-POLITICIAN I-POLITICIAN O,"[('MUSICIAN', 17, 20), ('POLITICIAN', 24, 26)]","[('MUSICIAN', 17, 20), ('POLITICIAN', 25, 26)]"
2838,ĠSir ĠEl ton Ġhas Ġalso Ġteamed Ġup Ġwith ĠPhil ĠCollins Ġto Ġrecord Ġa Ġversion Ġof ĠEric ĠCl apt on 's Ġ1991 Ġhit ĠTears ĠIn ĠHeaven Ġto Ġraise Ġmoney Ġfor Ġthe Ġrelief Ġfund .,O O O O O O O O B-MUSICIAN I-MUSICIAN O O O O O B-MUSICIAN I-MUSICIAN I-MUSICIAN I-MUSICIAN O O O O O O O O O O O O O O,O B-MUSICIAN I-MUSICIAN O O O O O B-MUSICIAN I-MUSICIAN O O O O O B-MUSICIAN I-MUSICIAN I-MUSICIAN I-MUSICIAN I-MUSICIAN O O O O O O O O O O O O O,"[('MUSICIAN', 8, 9), ('MUSICIAN', 15, 18)]","[('MUSICIAN', 1, 2), ('MUSICIAN', 8, 9), ('MUSICIAN', 15, 19)]"
2839,"ĠA Ġrelease Ġdate Ġhas Ġyet Ġto Ġbe Ġset Ġfor Ġthe Ġrecording , Ġwhich Ġwas Ġorganised Ġby ĠSharon ĠOs bourne .",O O O O O O O O O O O O O O O O B-PUBLIC-FIGURE I-PUBLIC-FIGURE I-PUBLIC-FIGURE O,O O O O O O O O O O O O O O O O B-MUSICIAN I-MUSICIAN I-MUSICIAN O,"[('PUBLIC-FIGURE', 16, 18)]","[('MUSICIAN', 16, 18)]"
2843,ĠBut Ġthe ĠUS Ġsays Ġit Ġcannot Ġsupport ĠMr ĠBrown 's ĠInternational ĠFinance ĠFacility Ġto Ġboost Ġaid Ġto Ġdeveloping Ġcountries .,O O O O O O O O O O O O O O O O O O O O,O O O O O O O O B-POLITICIAN O O O O O O O O O O O,[],"[('POLITICIAN', 8, 8)]"
2845,"ĠMr ĠBrown Ġsaid Ġit Ġwas Ġa Ġmajor Ġbreakthrough Ġfor Ġthe Ġinternational Ġorganisations Ġto Ġoffer Ġup Ġto Ġ100 % Ġmult ilateral Ġdebt Ġrelief Ġ- Ġ"" the Ġvast Ġbulk "" Ġof Ġmoney Ġowed Ġby Ġthe Ġpoorest Ġcountries .",O O O O O O O O O O O O O O O O O O O O O O O O O O O O O O O O O O O O,O B-POLITICIAN O O O O O O O O O O O O O O O O O O O O O O O O O O O O O O O O O O,[],"[('POLITICIAN', 1, 1)]"
2849,"ĠBBC Ġcorrespondent ĠPatrick ĠBart lett Ġsaid Ġwhile Ġit Ġwas Ġan Ġagreement Ġin Ġprinciple , Ġthe Ġorganisations Ġinvolved Ġnow Ġhave Ġto Ġlook Ġat Ġhow Ġit Ġwould Ġwork Ġin Ġpractice .",O O B-AUTHOR-WRITER I-AUTHOR-WRITER I-AUTHOR-WRITER O O O O O O O O O O O O O O O O O O O O O O O O,O O B-PUBLIC-FIGURE I-PUBLIC-FIGURE I-PUBLIC-FIGURE O O O O O O O O O O O O O O O O O O O O O O O O,"[('AUTHOR-WRITER', 2, 4)]","[('PUBLIC-FIGURE', 2, 4)]"
2856,ĠMr ĠBrown Ġsaid ĠG 7 Ġministers Ġhad Ġagreed Ġto Ġdefer Ġdebt Ġinterest Ġpayments Ġand Ġrepay ments Ġfor Ġsome Ġcountries Ġaffected Ġby Ġthe Ġtsunami Ġuntil Ġthe Ġend Ġof Ġ2005 .,O O O O O O O O O O O O O O O O O O O O O O O O O O O O O,O B-POLITICIAN O O O O O O O O O O O O O O O O O O O O O O O O O O O,[],"[('POLITICIAN', 1, 1)]"
2858,"ĠMr ĠBrown Ġwanted Ġto Ġprovide Ġ$ 10 bn Ġ(Â£ 5 . 38 bn ) Ġa Ġyear Ġover Ġa Ġdecade , Ġusing ĠG 7 Ġbacking Ġso Ġthe Ġmoney Ġcould Ġbe Ġborrowed Ġup Ġfront Ġon Ġfinancial Ġmarkets .",O O O O O O O O O O O O O O O O O O O O O O O O O O O O O O O O O O O O,O B-POLITICIAN O O O O O O O O O O O O O O O O O O O O O O O O O O O O O O O O O O,[],"[('POLITICIAN', 1, 1)]"
2860,"ĠMr ĠBrown Ġsaid Ġit Ġwas Ġ"" winning Ġsupport Ġevery Ġday "" Ġand Ġsaid Ġa Ġprogramme Ġhad Ġbeen Ġagreed Ġto Ġdraw Ġup Ġmore Ġdetails Ġin Ġtime Ġfor Ġthe ĠG 8 Ġsummit Ġin ĠJuly .",O O O O O O O O O O O O O O O O O O O O O O O O O O O O O O O O O,O B-POLITICIAN O O O O O O O O O O O O O O O O O O O O O O O O O O O O O O O,[],"[('POLITICIAN', 1, 1)]"
2870,"ĠAt Ġa Ġdinner Ġon ĠFriday Ġnight , Ġformer ĠSouth ĠAfrican Ġpresident ĠNelson ĠMandela Ġbacked ĠMr ĠBrown 's Ġplan Ġwhen Ġhe Ġurged Ġthe Ġfinance Ġchiefs Ġto Ġwrite - off ĠAfrican Ġdebt Ġand Ġprovide Ġan Ġextra Ġ$ 50 bn Ġ(Â£ 26 . 69 bn ) Ġa Ġyear Ġin Ġaid Ġfor Ġthe Ġnext Ġdecade .",O O O O O O O O O O O B-POLITICIAN I-POLITICIAN O O O O O O O O O O O O O O O O O O O O O O O O O O O O O O O O O O O O O O O,O O O O O O O O O O O B-POLITICIAN I-POLITICIAN O O B-POLITICIAN O O O O O O O O O O O O O O O O O O O O O O O O O O O O O O O O O O O O,"[('POLITICIAN', 11, 12)]","[('POLITICIAN', 11, 12), ('POLITICIAN', 15, 15)]"
2883,ĠTim ĠKash Ġhas Ġsince Ġbeen Ġreplaced Ġas Ġhost Ġby ĠFear ne ĠCotton .,B-ACTOR-DIRECTOR I-ACTOR-DIRECTOR O O O O O O O B-ACTOR-DIRECTOR I-ACTOR-DIRECTOR I-ACTOR-DIRECTOR O,O B-PUBLIC-FIGURE O O O O O O O B-PUBLIC-FIGURE I-PUBLIC-FIGURE I-PUBLIC-FIGURE O,"[('ACTOR-DIRECTOR', 0, 1), ('ACTOR-DIRECTOR', 9, 11)]","[('PUBLIC-FIGURE', 1, 1), ('PUBLIC-FIGURE', 9, 11)]"
2885,"ĠBBC ĠTwo Ġcontroller ĠR oly ĠKe ating : Ġ"" It 's Ġan Ġexciting Ġnew Ġera Ġfor ĠTop Ġof Ġthe ĠP ops .",O O O B-BUSINESS-EXECUTIVE-MANAGER I-BUSINESS-EXECUTIVE-MANAGER I-BUSINESS-EXECUTIVE-MANAGER I-BUSINESS-EXECUTIVE-MANAGER O O O O O O O O O O O O O O O,O O O B-PUBLIC-FIGURE I-PUBLIC-FIGURE I-PUBLIC-FIGURE I-PUBLIC-FIGURE O O O O O O O O O O O O O O O,"[('BUSINESS-EXECUTIVE-MANAGER', 3, 6)]","[('PUBLIC-FIGURE', 3, 6)]"
2887,"ĠMr ĠKe ating Ġdescribed ĠBBC ĠTwo Ġas Ġthe Ġ"" natural Ġhome "" Ġof ĠTop Ġof Ġthe ĠP ops .",O O O O O O O O O O O O O O O O O O O,O B-PUBLIC-FIGURE I-PUBLIC-FIGURE O O O O O O O O O O O O O O O O,[],"[('PUBLIC-FIGURE', 1, 2)]"
2889,Ġ Ċ Ċ A ĠBBC Ġspokeswoman Ġsaid ĠAnd i ĠPeters Ġwould Ġcontinue Ġas Ġexecutive Ġproducer Ġon Ġthe Ġshow .,O O O O O O O B-BUSINESS-EXECUTIVE-MANAGER I-BUSINESS-EXECUTIVE-MANAGER I-BUSINESS-EXECUTIVE-MANAGER O O O O O O O O O,O O O O O O O B-PUBLIC-FIGURE I-PUBLIC-FIGURE I-PUBLIC-FIGURE O O O O O O O O O,"[('BUSINESS-EXECUTIVE-MANAGER', 7, 9)]","[('PUBLIC-FIGURE', 7, 9)]"
2894,ĠFinn an Ġsays ĠIrish Ġcan Ġwin Ġgroup Ċ Ċ Steve ĠFinn an Ġbelieves Ġthe ĠRepublic Ġof ĠIreland Ġcan Ġqualify Ġdirectly Ġfor Ġthe ĠWorld ĠCup Ġfinals .,O O O O O O O O O B-ATHLETE I-ATHLETE I-ATHLETE O O O O O O O O O O O O O O,B-POLITICIAN I-POLITICIAN O O O O O O O B-POLITICIAN I-POLITICIAN I-POLITICIAN O O O O O O O O O O O O O O,"[('ATHLETE', 9, 11)]","[('POLITICIAN', 0, 1), ('POLITICIAN', 9, 11)]"
2896,"ĠThe Ġversatile ĠFinn an , Ġwho Ġstarred Ġagainst Ġthe ĠFrench , Ġis Ġconfident Ġthe Ġgroup Ġis ĠIreland 's Ġfor Ġthe Ġtaking . Ġ""",O O O O O O O O O O O O O O O O O O O O O O O,O O B-ATHLETE I-ATHLETE O O O O O O O O O O O O O O O O O O O,[],"[('ATHLETE', 2, 3)]"
2905,ĠManager ĠBrian ĠKerr Ġwas Ġkeen Ġto Ġmention Ġthe Ġcontribution Ġof ĠStephen ĠCarr Ġand ĠFinn an Ġon ĠIreland 's Ġright Ġflank Ġat Ġthe ĠSt ade Ġde ĠFrance .,O B-ATHLETE I-ATHLETE O O O O O O O B-ATHLETE I-ATHLETE O O O O O O O O O O O O O O O,O B-ATHLETE I-ATHLETE O O O O O O O B-ATHLETE I-ATHLETE O B-ATHLETE I-ATHLETE O O O O O O O O O O O O,"[('ATHLETE', 1, 2), ('ATHLETE', 10, 11)]","[('ATHLETE', 1, 2), ('ATHLETE', 10, 11), ('ATHLETE', 13, 14)]"
2906,"ĠFinn an 's Ġnormal Ġposition Ġis Ġright - back Ġbut Ġhe Ġlooked Ġassured Ġin Ġa Ġmore Ġadvanced Ġposition Ġagainst Ġthe ĠFrench . Ġ""",O O O O O O O O O O O O O O O O O O O O O O O,B-ATHLETE I-ATHLETE O O O O O O O O O O O O O O O O O O O O O,[],"[('ATHLETE', 0, 1)]"
2907,"ĠAs ĠI Ġplay Ġon Ġthe Ġright Ġfor Ġmy Ġclub Ġand Ġbeing Ġa Ġnatural Ġright - back , Ġit Ġwas Ġsomething Ġhe Ġ( K err ) Ġlooked Ġat Ġbecause ĠFrance Ġplay Ġstrongly Ġdown Ġthe Ġleft - hand Ġside . Ġ""",O O O O O O O O O O O O O O O O O O O O O O O O O O O O O O O O O O O O O O O,O O O O O O O O O O O O O O O O O O O O O O B-ATHLETE I-ATHLETE O O O O O O O O O O O O O O O,[],"[('ATHLETE', 22, 23)]"
2915,"Ġ Ċ Ċ But Ġfrom ĠTuesday Ġall Ġnon - EU Ġnationals , Ġapart Ġfrom Ġcitizens Ġof ĠSwitzerland , ĠLie ch ten stein , ĠIceland Ġor ĠNorway , Ġintending Ġto Ġwed Ġin Ġthe ĠUK Ġmust Ġeither Ġobtain Ġa Ġvisa Ġallowing Ġthem Ġto Ġget Ġmarried Ġbefore Ġthey Ġenter Ġthe Ġcountry Ġor Ġapply Ġfor Ġa ĠHome ĠOffice Ġ' cert ificate Ġof Ġmarriage Ġapproval '.",O O O O O O O O O O O O O O O O O O O O O O O O O O O O O O O O O O O O O O O O O O O O O O O O O O O O O O O O O O O O O,O O O O O O O O O O O O O O O O O O B-ATHLETE I-ATHLETE I-ATHLETE I-ATHLETE O O O O O O O O O O O O O O O O O O O O O O O O O O O O O O O O O O O O O O O,[],"[('ATHLETE', 18, 21)]"
2923,"ĠWe 'll Ġbe Ġlooking Ġfor Ġpeople Ġwhose Ġright Ġto Ġmarry Ġis Ġbreached Ġand Ġwe 'll Ġbe Ġlooking Ġat Ġtaking Ġa Ġcase Ġon Ġthis Ġto Ġthe ĠHuman ĠRights ĠCourt ,"" ĠMs ĠBe yn on Ġsaid .",O O O O O O O O O O O O O O O O O O O O O O O O O O O O O O O O O O O,O O O O O O O O O O O O O O O O O O O O O O O O O O O O O O B-PUBLIC-FIGURE I-PUBLIC-FIGURE I-PUBLIC-FIGURE O O,[],"[('PUBLIC-FIGURE', 30, 32)]"
2929,"ĠAnd Ġlast ĠNovember ĠSamuel ĠAm o ah , Ġa ĠBelgian Ġnational Ġwho Ġset Ġup Ġtwo Ġsham Ġweddings Ġfor Ġcouples Ġwho Ġwanted Ġto Ġremain Ġin Ġthe ĠUK , Ġwas Ġjailed Ġfor Ġthree Ġyears .",O O O B-PUBLIC-FIGURE I-PUBLIC-FIGURE I-PUBLIC-FIGURE I-PUBLIC-FIGURE O O O O O O O O O O O O O O O O O O O O O O O O O O,O O O B-ATHLETE I-ATHLETE I-ATHLETE I-ATHLETE O O O O O O O O O O O O O O O O O O O O O O O O O O,"[('PUBLIC-FIGURE', 3, 6)]","[('ATHLETE', 3, 6)]"
2934,"ĠCertainly Ġthose Ġwho Ġare Ġilleg als Ġin Ġthis Ġcountry , Ġof Ġwhich Ġwe Ġhad Ġquite Ġa Ġfew , Ġwill Ġno Ġlonger Ġbe Ġgetting Ġmarried ,"" ĠMr ĠR immer Ġsaid .",O O O O O O O O O O O O O O O O O O O O O O O O O O O O O O,O O O O O O O O O O O O O O O O O O O O O O O O O O B-PUBLIC-FIGURE I-PUBLIC-FIGURE O O,[],"[('PUBLIC-FIGURE', 26, 27)]"
2935,"ĠMr ĠR immer , Ġthe Ġservice Ġdirector Ġfor Ġregistrations Ġof Ġmarriages Ġat ĠBrent ĠCouncil Ġin Ġnorth - west ĠLondon , Ġsaid Ġhe Ġdid Ġnot Ġconsider Ġthe Ġnew Ġlaw Ġto Ġbe Ġan Ġinfringement Ġof Ġcivil Ġliberties . Ġ""",O O O O O O O O O O O O O O O O O O O O O O O O O O O O O O O O O O O O O,O B-PUBLIC-FIGURE I-PUBLIC-FIGURE O O O O O O O O O O O O O O O O O O O O O O O O O O O O O O O O O O,[],"[('PUBLIC-FIGURE', 1, 2)]"
2937,"ĠI Ġthink Ġit 's Ġa Ġproportion ate Ġresponse Ġby Ġgovernment Ġto Ġwhat Ġwas Ġa Ġvery Ġlarge Ġproblem ,"" ĠMr ĠR immer Ġsaid .",O O O O O O O O O O O O O O O O O O O O O O O,O O O O O O O O O O O O O O O O O O O B-PUBLIC-FIGURE I-PUBLIC-FIGURE O O,[],"[('PUBLIC-FIGURE', 19, 20)]"
2938,ĠDog ged ĠFed erer Ġclaims ĠDubai Ġcrown Ċ Ċ World Ġnumber Ġone ĠRoger ĠFed erer Ġadded Ġthe ĠDubai ĠChampionship Ġtrophy Ġto Ġhis Ġlong Ġlist Ġof Ġsuccesses Ġ- Ġbut Ġnot Ġbefore Ġhe Ġwas Ġgiven Ġa Ġtest Ġby ĠIvan ĠL j ub ic ic .,O O O O O O O O O O O O B-ATHLETE I-ATHLETE I-ATHLETE O O O O O O O O O O O O O O O O O O O O O B-ATHLETE I-ATHLETE I-ATHLETE I-ATHLETE I-ATHLETE I-ATHLETE O,O O B-ATHLETE I-ATHLETE O O O O O O O O B-ATHLETE I-ATHLETE I-ATHLETE O O O O O O O O O O O O O O O O O O O O O B-ATHLETE I-ATHLETE I-ATHLETE I-ATHLETE I-ATHLETE I-ATHLETE O,"[('ATHLETE', 12, 14), ('ATHLETE', 36, 41)]","[('ATHLETE', 2, 3), ('ATHLETE', 12, 14), ('ATHLETE', 36, 41)]"
2939,Ġ Ċ Ċ Top Ġseed ĠFed erer Ġlooked Ġto Ġbe Ġon Ġcourse Ġfor Ġa Ġeasy Ġvictory Ġwhen Ġhe Ġth umped Ġthe Ġeighth Ġseed Ġ6 - 1 Ġin Ġthe Ġfirst Ġset .,O O O O O O O O O O O O O O O O O O O O O O O O O O O O O O O,O O O O O B-ATHLETE I-ATHLETE O O O O O O O O O O O O O O O O O O O O O O O O,[],"[('ATHLETE', 5, 6)]"
2940,"ĠBut ĠL j ub ic ic , Ġwho Ġbeat ĠTim ĠHen man Ġin Ġthe Ġlast Ġeight , Ġdug Ġdeep Ġto Ġsecure Ġthe Ġsecond Ġset Ġafter Ġa Ġtense Ġtie break .",O O O O O O O O O B-ATHLETE I-ATHLETE I-ATHLETE O O O O O O O O O O O O O O O O O O,O B-ATHLETE I-ATHLETE I-ATHLETE I-ATHLETE I-ATHLETE O O O B-ATHLETE I-ATHLETE I-ATHLETE O O O O O O O O O O O O O O O O O O,"[('ATHLETE', 9, 11)]","[('ATHLETE', 1, 5), ('ATHLETE', 9, 11)]"
2941,"ĠSwiss Ġstar ĠFed erer Ġwas Ġnot Ġabout Ġto Ġlose Ġhis Ġcool , Ġthough , Ġturning Ġon Ġthe Ġstyle Ġto Ġwin Ġthe Ġdeciding Ġset Ġ6 - 3 .",O O O O O O O O O O O O O O O O O O O O O O O O O O O,O O B-ATHLETE I-ATHLETE O O O O O O O O O O O O O O O O O O O O O O O,[],"[('ATHLETE', 2, 3)]"
2942,"ĠThe Ġmatch Ġwas Ġa Ġre - run Ġof Ġlast Ġweek 's Ġfinal Ġat Ġthe ĠWorld ĠInd oor ĠTournament Ġin ĠRot ter dam , Ġwhere ĠFed erer Ġtri ump hed , Ġbut Ġnot Ġuntil ĠL j ub ic ic Ġhad Ġstretched Ġhim Ġall Ġthe Ġway . Ġ""",O O O O O O O O O O O O O O O O O O O O O O O O O O O O O O O O O O O O O O O O O O O O O O,O O O O O O O O O O O O O O O O O O O O O O O O B-ATHLETE I-ATHLETE O O O O O O O B-ATHLETE I-ATHLETE I-ATHLETE I-ATHLETE I-ATHLETE O O O O O O O O,[],"[('ATHLETE', 24, 25), ('ATHLETE', 33, 37)]"
2943,"ĠI Ġreally Ġwanted Ġto Ġget Ġoff Ġto Ġa Ġgood Ġstart Ġthis Ġtime , Ġand ĠI Ġdid , Ġand ĠI Ġcould Ġreally Ġplay Ġwith Ġconfidence Ġwhile Ġhe Ġstill Ġlooking Ġfor Ġhis Ġrhythm ,"" ĠFed erer Ġsaid .",O O O O O O O O O O O O O O O O O O O O O O O O O O O O O O O O O O O O,O O O O O O O O O O O O O O O O O O O O O O O O O O O O O O O O B-ATHLETE I-ATHLETE O O,[],"[('ATHLETE', 32, 33)]"
2946,"ĠL j ub ic ic Ġwas Ġat Ġa Ġloss Ġto Ġexplain Ġhis Ġpoor Ġshowing Ġin Ġthe Ġfirst Ġset . Ġ""",O O O O O O O O O O O O O O O O O O O O,B-ATHLETE I-ATHLETE I-ATHLETE I-ATHLETE I-ATHLETE O O O O O O O O O O O O O O O,[],"[('ATHLETE', 0, 4)]"
2948,"ĠAnd Ġwith ĠRoger , Ġif Ġyou Ġrelax Ġfor Ġa Ġsecond Ġit Ġjust Ġgoes Ġvery Ġquick ,"" Ġhe Ġsaid . Ġ""",O O O O O O O O O O O O O O O O O O O O,O O B-ATHLETE O O O O O O O O O O O O O O O O O,[],"[('ATHLETE', 2, 2)]"
2953,"ĠI Ġhad Ġa Ġchance Ġin Ġthe Ġthird , Ġand Ġfor Ġme Ġit 's Ġreally Ġpositive Ġto Ġtwice Ġin Ġtwo Ġweeks Ġhave Ġa Ġchance Ġagainst ĠRoger Ġto Ġwin Ġthe Ġmatch . Ġ""",O O O O O O O O O O O O O O O O O O O O O O O O O O O O O O O,O O O O O O O O O O O O O O O O O O O O O O O O B-ATHLETE O O O O O O,[],"[('ATHLETE', 24, 24)]"
2955,ĠCap ri ati Ġout Ġof ĠAustralian ĠOpen Ċ Ċ Jennifer ĠCap ri ati Ġhas Ġbecome Ġthe Ġthird Ġleading Ġlady Ġto Ġwithdraw Ġfrom Ġthe ĠAustralian ĠOpen Ġbecause Ġof Ġinjury .,O O O O O O O O O B-ATHLETE I-ATHLETE I-ATHLETE I-ATHLETE O O O O O O O O O O O O O O O O,B-ATHLETE I-ATHLETE I-ATHLETE O O O O O O B-ATHLETE I-ATHLETE I-ATHLETE I-ATHLETE O O O O O O O O O O O O O O O O,"[('ATHLETE', 9, 12)]","[('ATHLETE', 0, 2), ('ATHLETE', 9, 12)]"
2958,ĠCap ri ati Ġis Ġa Ġtwo - time Ġchampion Ġin ĠMelbourne Ġwith Ġwins Ġin Ġ2001 Ġand Ġ2002 .,O O O O O O O O O O O O O O O O O O,B-ATHLETE I-ATHLETE I-ATHLETE O O O O O O O O O O O O O O O,[],"[('ATHLETE', 0, 2)]"
2960,"ĠCap ri ati Ġalso Ġdecided Ġagainst Ġcompeting Ġin Ġthe ĠAustralian ĠOpen Ġwarm - up Ġevent , Ġthe ĠSydney ĠInternational .",O O O O O O O O O O O O O O O O O O O O,B-ATHLETE I-ATHLETE I-ATHLETE O O O O O O O O O O O O O O O O O,[],"[('ATHLETE', 0, 2)]"
2961,ĠHunt Ġdemo Ġat ĠLabour Ġmeeting Ċ Ċ Pro - hunt Ġsupporters Ġare Ġset Ġto Ġprotest Ġat ĠLabour 's Ġspring Ġconference .,O O O O O O O O O O O O O O O O O O O O O,B-POLITICIAN O O O O O O O O O O O O O O O O O O O O,[],"[('POLITICIAN', 0, 0)]"
2969,"Ġ Ċ Ċ Mr ĠDodd Ġsaid Ġhe Ġdid Ġnot Ġbelieve Ġthere Ġwould Ġbe Ġany Ġrepeat Ġof Ġthe Ġtrouble Ġwhich Ġmar red Ġthe Ġpro - hunt Ġdemonstration Ġoutside ĠParliament Ġin ĠSeptember . Ġ""",O O O O O O O O O O O O O O O O O O O O O O O O O O O O O O O O,O O O O B-PUBLIC-FIGURE O O O O O O O O O O O O O O O O O O O O O O O O O O O,[],"[('PUBLIC-FIGURE', 4, 4)]"
2990,Ġ Ċ Ċ T ata ĠTel es erv ices Ġis Ġusing Ġthe Ġlasers Ġto Ġmake Ġthe Ġlink Ġbetween Ġcustomers ' Ġoffices Ġand Ġits Ġown Ġcore Ġnetwork .,O O O O O O O O O O O O O O O O O O O O O O O O O O O,O O O B-PUBLIC-FIGURE I-PUBLIC-FIGURE I-PUBLIC-FIGURE I-PUBLIC-FIGURE I-PUBLIC-FIGURE I-PUBLIC-FIGURE O O O O O O O O O O O O O O O O O O,[],"[('PUBLIC-FIGURE', 3, 8)]"
3004,"ĠThe Ġlaser Ġlinks Ġalso Ġtake Ġfar Ġless Ġtime Ġto Ġset Ġup Ġand Ġget Ġworking , Ġsaid ĠMr ĠS rid har an . Ġ""",O O O O O O O O O O O O O O O O O O O O O O O,O O O O O O O O O O O O O O O O O B-BUSINESS-EXECUTIVE-MANAGER I-BUSINESS-EXECUTIVE-MANAGER I-BUSINESS-EXECUTIVE-MANAGER I-BUSINESS-EXECUTIVE-MANAGER O O,[],"[('BUSINESS-EXECUTIVE-MANAGER', 17, 20)]"
3010,"ĠSpeed Ġis Ġvery Ġimportant Ġbecause Ġof Ġthe Ġpace Ġof Ġcompetition ,"" Ġsaid ĠMr ĠS rid har an .",O O O O O O O O O O O O O O O O O O,O O O O O O O O O O O O O B-BUSINESS-EXECUTIVE-MANAGER I-BUSINESS-EXECUTIVE-MANAGER I-BUSINESS-EXECUTIVE-MANAGER I-BUSINESS-EXECUTIVE-MANAGER O,[],"[('BUSINESS-EXECUTIVE-MANAGER', 13, 16)]"
3011,ĠHolmes Ġstarts Ġ2005 Ġwith ĠGB Ġevents Ċ Ċ Kelly ĠHolmes Ġwill Ġstart Ġ2005 Ġwith Ġa Ġseries Ġof Ġraces Ġin ĠBritain .,O O O O O O O O B-ATHLETE I-ATHLETE O O O O O O O O O O O,B-ATHLETE O O O O O O O B-ATHLETE I-ATHLETE O O O O O O O O O O O,"[('ATHLETE', 8, 9)]","[('ATHLETE', 0, 0), ('ATHLETE', 8, 9)]"
3012,Ġ Ċ Ċ Hol mes Ġwill Ġmake Ġher Ġfirst Ġtrack Ġappearance Ġon Ġhome Ġsoil Ġsince Ġwinning Ġdouble ĠOlympic Ġgold Ġin ĠJanuary 's ĠNorwich ĠUnion ĠInternational Ġin ĠGlasgow .,O O O O O O O O O O O O O O O O O O O O O O O O O O O O,O O O B-ATHLETE I-ATHLETE O O O O O O O O O O O O O O O O O O O O O O O,[],"[('ATHLETE', 3, 4)]"
3017,"ĠThe ĠGlasgow Ġmeeting Ġwill Ġsee ĠHolmes Ġcompete Ġover Ġ1500 m Ġin Ġa Ġfive - way Ġmatch Ġagainst ĠSweden , ĠFrance , ĠRussia Ġand ĠItaly .",O O O O O O O O O O O O O O O O O O O O O O O O O,O O O O O B-ATHLETE O O O O O O O O O O O O O O O O O O O,[],"[('ATHLETE', 5, 5)]"
3027,"ĠA ĠLabour ĠParty Ġspokesman Ġsaid Ġthe Ġelection Ġdate Ġwas Ġultimately Ġa Ġmatter Ġfor ĠMr ĠBlair , Ġbut Ġhe Ġwas Ġunaware Ġof Ġanything Ġto Ġsuggest Ġit Ġwould Ġbe Ġin ĠFebruary .",O O O O O O O O O O O O O O O O O O O O O O O O O O O O O O,O O O O O O O O O O O O O O B-POLITICIAN O O O O O O O O O O O O O O O,[],"[('POLITICIAN', 14, 14)]"
