index,sentence,true_tags,predicted_tags,true_entities,predicted_entities
4,out ##kas ##t will add their awards to the four they won at the us mtv awards in august and three grammy ##s in february .,O O O O O O O O O O O O O O O O O O O O O O O O O O,B-MUSICIAN I-MUSICIAN I-MUSICIAN O O O O O O O O O O O O O O O O O O O O O O O,[],"[('MUSICIAN', 0, 2)]"
16,"emi ##nem ' s group , d ##12 , were surprise winners in the best hip - hop category , beating the beast ##ie boys , jay - z , kanye west and nelly .",B-MUSICIAN I-MUSICIAN O O O O O O O O O O O O O O O O O O O O O O O O B-MUSICIAN I-MUSICIAN I-MUSICIAN O B-MUSICIAN I-MUSICIAN O B-MUSICIAN O,B-MUSICIAN I-MUSICIAN O O O O O O O O O O O O O O O O O O O O O O O O O O O O B-MUSICIAN I-MUSICIAN O B-MUSICIAN O,"[('MUSICIAN', 0, 1), ('MUSICIAN', 26, 28), ('MUSICIAN', 30, 31), ('MUSICIAN', 33, 33)]","[('MUSICIAN', 0, 1), ('MUSICIAN', 30, 31), ('MUSICIAN', 33, 33)]"
21,"spears was named best female , sending a message of thanks on video saying the award "" means so much to me "" .",O O O O O O O O O O O O O O O O O O O O O O O O,B-MUSICIAN O O O O O O O O O O O O O O O O O O O O O O O,[],"[('MUSICIAN', 0, 0)]"
22,"alicia keys , anastasia , av ##ril la ##vi ##gne and beyonce knowles had featured alongside her in that contest .",B-MUSICIAN I-MUSICIAN O O O B-MUSICIAN I-MUSICIAN I-MUSICIAN I-MUSICIAN I-MUSICIAN O B-MUSICIAN I-MUSICIAN O O O O O O O O,B-MUSICIAN I-MUSICIAN O B-MUSICIAN O B-MUSICIAN I-MUSICIAN I-MUSICIAN I-MUSICIAN I-MUSICIAN O B-MUSICIAN I-MUSICIAN O O O O O O O O,"[('MUSICIAN', 0, 1), ('MUSICIAN', 5, 9), ('MUSICIAN', 11, 12)]","[('MUSICIAN', 0, 1), ('MUSICIAN', 3, 3), ('MUSICIAN', 5, 9), ('MUSICIAN', 11, 12)]"
24,"muse were also named best uk and ireland act , ahead of franz ferdinand , natasha bed ##ing ##field , jam ##elia and the streets .",O O O O O O O O O O O O O O O O O O O O O O O O O O,O O O O O O O O O O O O B-MUSICIAN I-MUSICIAN O B-MUSICIAN I-MUSICIAN I-MUSICIAN I-MUSICIAN O B-MUSICIAN I-MUSICIAN O O O O,[],"[('MUSICIAN', 12, 13), ('MUSICIAN', 15, 18), ('MUSICIAN', 20, 21)]"
30,pa ##vey focuses on indoor success jo pa ##vey will miss january ' s view from great edinburgh international cross country to focus on preparing for the european indoor championships in march .,O O O O O O B-ATHLETE I-ATHLETE I-ATHLETE O O O O O O O O O O O O O O O O O O O O O O O O,B-ATHLETE I-ATHLETE O O O O B-ATHLETE I-ATHLETE I-ATHLETE O O O O O O O O O O O O O O O O O O O O O O O O,"[('ATHLETE', 6, 8)]","[('ATHLETE', 0, 1), ('ATHLETE', 6, 8)]"
34,"pa ##vey , who came fifth in the 5 , 000 ##m at the athens olympics , helped the british cross country team win the team silver medal in her ##ings ##dorf last week .",O O O O O O O O O O O O O O O O O O O O O O O O O O O O O O O O O O O,B-ATHLETE I-ATHLETE O O O O O O O O O O O O O O O O O O O O O O O O O O O O O O O O O,[],"[('ATHLETE', 0, 1)]"
36,reyes tricked into real admission jose antonio reyes has added to speculation linking him with a move from arsenal to real madrid after falling victim to a radio prank .,O O O O O B-ATHLETE I-ATHLETE I-ATHLETE O O O O O O O O O O O O O O O O O O O O O O,B-ATHLETE O O O O B-ATHLETE I-ATHLETE I-ATHLETE O O O O O O O O O O O O O O O O O O O O O O,"[('ATHLETE', 5, 7)]","[('ATHLETE', 0, 0), ('ATHLETE', 5, 7)]"
37,"the span ##iard believed he was talking to real madrid sporting director emilio but ##rag ##uen ##o when he allegedly be ##rated his team - mates as "" bad people "" . """,O O O O O O O O O O O O B-BUSINESS-EXECUTIVE-MANAGER I-BUSINESS-EXECUTIVE-MANAGER I-BUSINESS-EXECUTIVE-MANAGER I-BUSINESS-EXECUTIVE-MANAGER I-BUSINESS-EXECUTIVE-MANAGER O O O O O O O O O O O O O O O O,O O O O O O O O O O O O B-ATHLETE I-ATHLETE I-ATHLETE I-ATHLETE I-ATHLETE O O O O O O O O O O O O O O O O,"[('BUSINESS-EXECUTIVE-MANAGER', 12, 16)]","[('ATHLETE', 12, 16)]"
38,"i wish i was playing for real madrid , "" the 21 - year - old told caden ##a cope . """,O O O O O O O O O O O O O O O O O O O O O O,O O O O O O O O O O O O O O O O O B-ATHLETE I-ATHLETE O O O,[],"[('ATHLETE', 17, 18)]"
47,"before the story surfaced , reyes had moved to play down reports linking him with the spanish giants , issuing a statement through arsenal describing the speculation as "" flat ##tering "" . """,O O O O O O O O O O O O O O O O O O O O O O O O O O O O O O O O O O,O O O O O B-ATHLETE O O O O O O O O O O O O O O O O O O O O O O O O O O O O,[],"[('ATHLETE', 5, 5)]"
50,"but ##rag ##uen ##o , meanwhile , was angry at being imp ##erson ##ated by the radio disc jockey . """,O O O O O O O O O O O O O O O O O O O O O,B-MUSICIAN I-MUSICIAN I-MUSICIAN I-MUSICIAN O O O O O O O O O O O O O O O O O,[],"[('MUSICIAN', 0, 3)]"
54,wen ##ger steps up row ars ##ene wen ##ger has stepped up his feud with sir alex ferguson by claiming the manchester united manager is guilty of bringing football into di ##sr ##ep ##ute .,O O O O O B-ATHLETE I-ATHLETE I-ATHLETE I-ATHLETE O O O O O O B-ATHLETE I-ATHLETE I-ATHLETE O O O O O O O O O O O O O O O O O,B-ATHLETE I-ATHLETE O O O B-BUSINESS-EXECUTIVE-MANAGER I-BUSINESS-EXECUTIVE-MANAGER I-BUSINESS-EXECUTIVE-MANAGER I-BUSINESS-EXECUTIVE-MANAGER O O O O O O O B-ATHLETE I-ATHLETE O O O O O O O O O O O O O O O O O,"[('ATHLETE', 5, 8), ('ATHLETE', 15, 17)]","[('ATHLETE', 0, 1), ('BUSINESS-EXECUTIVE-MANAGER', 5, 8), ('ATHLETE', 16, 17)]"
55,"the pair ' s long - running row was put back in the headlines on saturday when ferguson said his arsenal counterpart was "" a disgrace "" .",O O O O O O O O O O O O O O O O O O O O O O O O O O O O,O O O O O O O O O O O O O O O O O B-ATHLETE O O O O O O O O O O,[],"[('ATHLETE', 17, 17)]"
56,"wen ##ger initially refused to bite back , saying only : "" i will never answer any questions any more about this man . """,O O O O O O O O O O O O O O O O O O O O O O O O O,B-ATHLETE I-ATHLETE O O O O O O O O O O O O O O O O O O O O O O O,[],"[('ATHLETE', 0, 1)]"
57,but now he claims ferguson should be punished by the football association .,O O O O O O O O O O O O O,O O O O B-ATHLETE O O O O O O O O,[],"[('ATHLETE', 4, 4)]"
58,"the latest twist in the ferguson - wen ##ger saga came on saturday when the united boss , in an interview with the independent newspaper , discussed the events after the game between the two sides in october .",O O O O O O O O O O O O O O O O O O O O O O O O O O O O O O O O O O O O O O O,O O O O O B-BUSINESS-EXECUTIVE-MANAGER O O B-BUSINESS-EXECUTIVE-MANAGER O O O O O O O O O O O O O O O O O O O O O O O O O O O O O O,[],"[('BUSINESS-EXECUTIVE-MANAGER', 5, 5), ('BUSINESS-EXECUTIVE-MANAGER', 8, 8)]"
59,"united won 2 - 0 that day , at old trafford , but the game was followed by a now notorious food fight which saw ferguson ' s clothes covered in soup and pizza .",O O O O O O O O O O O O O O O O O O O O O O O O O O O O O O O O O O O,O O O O O O O O O O O O O O O O O O O O O O O O O B-BUSINESS-EXECUTIVE-MANAGER O O O O O O O O O,[],"[('BUSINESS-EXECUTIVE-MANAGER', 25, 25)]"
61,"in the tunnel wen ##ger was critic ##ising my players , calling them cheat ##s , so i told him to leave them alone and behave himself , "" ferguson said on saturday . """,O O O O O O O O O O O O O O O O O O O O O O O O O O O O O O O O O O O,O O O B-PUBLIC-FIGURE I-PUBLIC-FIGURE O O O O O O O O O O O O O O O O O O O O O O O O O O O O O O,[],"[('PUBLIC-FIGURE', 3, 4)]"
64,"it ' s a disgrace , but i don ' t expect wen ##ger to ever ap ##olo ##gis ##e , he ' s that type of person . """,O O O O O O O O O O O O O O O O O O O O O O O O O O O O O O,O O O O O O O O O O O O B-ATHLETE I-ATHLETE O O O O O O O O O O O O O O O O,[],"[('ATHLETE', 12, 13)]"
65,"those allegations were put to wen ##ger after saturday ' s game at bolton , which arsenal lost to slip 10 points behind chelsea in the title race .",O O O O O O O O O O O O O O O O O O O O O O O O O O O O O,O O O O O B-ATHLETE I-ATHLETE O O O O O O O O O O O O O O O O O O O O O O,[],"[('ATHLETE', 5, 6)]"
73,"but later on saturday , according to the independent , wen ##ger spoke to a smaller group of reporters and expanded on his reaction . """,O O O O O O O O O O O O O O O O O O O O O O O O O O,O O O O O O O O O O B-BUSINESS-EXECUTIVE-MANAGER I-BUSINESS-EXECUTIVE-MANAGER O O O O O O O O O O O O O O,[],"[('BUSINESS-EXECUTIVE-MANAGER', 10, 11)]"
83,"reminded that ferguson called him "" a disgrace "" , wen ##ger added : "" i don ' t respond to anything .",O O O O O O O O O O O O O O O O O O O O O O O,O O B-ATHLETE O O O O O O O B-ATHLETE I-ATHLETE O O O O O O O O O O O,[],"[('ATHLETE', 2, 2), ('ATHLETE', 10, 11)]"
88,"but ferguson added : "" in the ensuing weeks all you got was a dia ##tri ##be from arsenal about being kicked off the pitch and all that nonsense .",O O O O O O O O O O O O O O O O O O O O O O O O O O O O O O,O B-ATHLETE O O O O O O O O O O O O O O O O O O O O O O O O O O O O,[],"[('ATHLETE', 1, 1)]"
89,"gill phone ##d dei ##n three times to complain but nothing was done . """,O O O O O O O O O O O O O O O,B-AUTHOR-WRITER O O B-MUSICIAN I-MUSICIAN O O O O O O O O O O,[],"[('AUTHOR-WRITER', 0, 0), ('MUSICIAN', 3, 4)]"
91,"david gill and i feel we should set the record straight because arsenal have not written to us to ap ##olo ##gis ##e and we would not let that happen here . """,B-BUSINESS-EXECUTIVE-MANAGER I-BUSINESS-EXECUTIVE-MANAGER O O O O O O O O O O O O O O O O O O O O O O O O O O O O O O O,B-ATHLETE I-ATHLETE O O O O O O O O O O O O O O O O O O O O O O O O O O O O O O O,"[('BUSINESS-EXECUTIVE-MANAGER', 0, 1)]","[('ATHLETE', 0, 1)]"
94,"wen ##ger later accused van ni ##ste ##lr ##oo ##y of "" cheating "" and was fined £1 ##5 , 000 and "" severely rep ##rim ##and ##ed "" by the football association .",O O O O O O O O O O O O O O O O O O O O O O O O O O O O O O O O O O,B-ATHLETE I-ATHLETE O O B-ATHLETE I-ATHLETE I-ATHLETE I-ATHLETE I-ATHLETE I-ATHLETE O O O O O O O O O O O O O O O O O O O O O O O O,[],"[('ATHLETE', 0, 1), ('ATHLETE', 4, 9)]"
95,"ferguson admitted on saturday that van ni ##ste ##lr ##oo ##y ' s tackle , which earned the dutch ##man a ban , "" could have given ( cole ) a serious injury "" , but he believes arsenal were the main ag ##gre ##sso ##rs .",O O O O O O O O O O O O O O O O O O O O O O O O O O O O O O O O O O O O O O O O O O O O O O O,B-BUSINESS-EXECUTIVE-MANAGER O O O O B-ATHLETE I-ATHLETE I-ATHLETE I-ATHLETE I-ATHLETE I-ATHLETE O O O O O O O O O O O O O O O O O B-ATHLETE O O O O O O O O O O O O O O O O O O,[],"[('BUSINESS-EXECUTIVE-MANAGER', 0, 0), ('ATHLETE', 5, 10), ('ATHLETE', 28, 28)]"
96,""" wen ##ger is always complaining the match was not played in the right spirit , "" he added . """,O O O O O O O O O O O O O O O O O O O O O,O B-ATHLETE I-ATHLETE O O O O O O O O O O O O O O O O O O,[],"[('ATHLETE', 1, 2)]"
101,"but to wen ##ger it never happens , it is all some dream or nightmare . """,O O O O O O O O O O O O O O O O O,O O B-ATHLETE B-ACTOR-DIRECTOR O O O O O O O O O O O O O,[],"[('ATHLETE', 2, 2), ('ACTOR-DIRECTOR', 3, 3)]"
103,"despite moves to bring music download services to mobile ##s , people do not want to trade multimedia services with size and battery life , said jupiter .",O O O O O O O O O O O O O O O O O O O O O O O O O O O O,O O O O O O O O O O O O O O O O O O O O O O O O O O B-MUSICIAN O,[],"[('MUSICIAN', 26, 26)]"
104,"a separate study by ga ##rt ##ner has also said real - time tv broadcasts to mobile ##s is "" unlikely "" in europe until 2007 .",O O O O O O O O O O O O O O O O O O O O O O O O O O O,O O O O B-BUSINESS-EXECUTIVE-MANAGER O B-BUSINESS-EXECUTIVE-MANAGER O O O O O O O O O O O O O O O O O O O O,[],"[('BUSINESS-EXECUTIVE-MANAGER', 4, 4), ('BUSINESS-EXECUTIVE-MANAGER', 6, 6)]"
109,"mobile phone music services must not be positioned to compete with the pc music experience as the hands ##ets are not yet ready , "" said thomas hu ##sson , mobile analyst at jupiter research . """,O O O O O O O O O O O O O O O O O O O O O O O O O O B-AUTHOR-WRITER I-AUTHOR-WRITER I-AUTHOR-WRITER O O O O O O O O,O O O O O O O O O O O O O O O O O O O O O O O O O O B-PUBLIC-FIGURE I-PUBLIC-FIGURE I-PUBLIC-FIGURE O O O O O O O O,"[('AUTHOR-WRITER', 26, 28)]","[('PUBLIC-FIGURE', 26, 28)]"
127,"people are also likely to be put off watching tv on such small screens , said ga ##rt ##ner .",O O O O O O O O O O O O O O O O O O O O,O O O O O O O O O O O O O O O O B-BUSINESS-EXECUTIVE-MANAGER I-BUSINESS-EXECUTIVE-MANAGER I-BUSINESS-EXECUTIVE-MANAGER O,[],"[('BUSINESS-EXECUTIVE-MANAGER', 16, 18)]"
159,""" during 2004 we profit ##ed from the fact that the world economy was strong , "" said stefan sc ##hil ##be , analyst at hs ##bc tri ##nka ##us & bu ##rk ##hardt . """,O O O O O O O O O O O O O O O O O O B-PUBLIC-FIGURE I-PUBLIC-FIGURE I-PUBLIC-FIGURE I-PUBLIC-FIGURE O O O O O O O O O O O O O O,O O O O O O O O O O O O O O O O O O B-BUSINESS-EXECUTIVE-MANAGER I-BUSINESS-EXECUTIVE-MANAGER I-BUSINESS-EXECUTIVE-MANAGER I-BUSINESS-EXECUTIVE-MANAGER O O O O O O O O O O O O O O,"[('PUBLIC-FIGURE', 18, 21)]","[('BUSINESS-EXECUTIVE-MANAGER', 18, 21)]"
169,former scots guards ##man allan hen ##dry will challenge mr ingram .,O O O O B-PUBLIC-FIGURE I-PUBLIC-FIGURE I-PUBLIC-FIGURE O O O O O,O O O O B-PUBLIC-FIGURE O O O O O B-BUSINESS-EXECUTIVE-MANAGER O,"[('PUBLIC-FIGURE', 4, 6)]","[('PUBLIC-FIGURE', 4, 4), ('BUSINESS-EXECUTIVE-MANAGER', 10, 10)]"
198,"at its most mali ##gn , spy ##ware watches everything that people do with their pc and steals log ##in information and other personal data .",O O O O O O O O O O O O O O O O O O O O O O O O O O,O O O O O O B-PUBLIC-FIGURE I-PUBLIC-FIGURE O O O O O O O O O O O O O O O O O O,[],"[('PUBLIC-FIGURE', 6, 7)]"
201,stevens named in england line - up england have named bath prop matt stevens in the starting line - up for their six nations match against ireland at lan ##sd ##own ##e road on sunday .,O O O O O O O O O O O O B-ATHLETE I-ATHLETE O O O O O O O O O O O O O O O O O O O O O O,B-ATHLETE O O O O O O O O O O O B-ATHLETE I-ATHLETE O O O O O O O O O O O O O O O O O O O O O O,"[('ATHLETE', 12, 13)]","[('ATHLETE', 0, 0), ('ATHLETE', 12, 13)]"
203,it will be stevens ' first start after two caps as a replacement against the all blacks last year .,O O O O O O O O O O O O O O O O O O O O,O O O B-ATHLETE O O O O O O O O O O O O O O O O,[],"[('ATHLETE', 3, 3)]"
205,"stevens takes over from phil vic ##ker ##y , who suffered a broken arm playing for gloucester last weekend . """,O O O O B-ATHLETE I-ATHLETE I-ATHLETE I-ATHLETE O O O O O O O O O O O O O,B-PUBLIC-FIGURE O O O B-ATHLETE I-ATHLETE I-ATHLETE I-ATHLETE O O O O O O O O O O O O O,"[('ATHLETE', 4, 7)]","[('PUBLIC-FIGURE', 0, 0), ('ATHLETE', 4, 7)]"
206,"i ' m confident matt will grasp this opportunity and make his mark against ireland , "" said robinson .",O O O O O O O O O O O O O O O O O O O O,O O O O B-ATHLETE O O O O O O O O O O O O O B-PUBLIC-FIGURE O,[],"[('ATHLETE', 4, 4), ('PUBLIC-FIGURE', 18, 18)]"
207,""" all three players have shown outstanding form of late , most recently in the england a win against france a and for their club , "" added robinson . """,O O O O O O O O O O O O O O O O O O O O O O O O O O O O O O O,O O O O O O O O O O O O O O O O O O O O O O O O O O O O B-ATHLETE O O,[],"[('ATHLETE', 28, 28)]"
208,"selection beck ##ons when players demonstrate such consistent ability . """,O O O O O O O O O O O,O B-ATHLETE I-ATHLETE O O O O O O O O,[],"[('ATHLETE', 1, 2)]"
216,it is expected to match the 30 . 7 ##bn yen ( £1 ##57 ##m ) record of hay ##ao mi ##ya ##zaki ' s previous film spirited away .,O O O O O O O O O O O O O O O O O O B-ACTOR-DIRECTOR I-ACTOR-DIRECTOR I-ACTOR-DIRECTOR I-ACTOR-DIRECTOR I-ACTOR-DIRECTOR O O O O O O O,O O O O O O O O O O O O O O O O O O B-ACTOR-DIRECTOR I-ACTOR-DIRECTOR I-ACTOR-DIRECTOR I-ACTOR-DIRECTOR I-ACTOR-DIRECTOR I-ACTOR-DIRECTOR I-ACTOR-DIRECTOR O O O O O,"[('ACTOR-DIRECTOR', 18, 22)]","[('ACTOR-DIRECTOR', 18, 24)]"
219,"it was followed by harry potter and the prisoner of az ##ka ##ban , finding ne ##mo and the lord of the rings : the return of the king .",O O O O O O O O O O O O O O O O O O O O O O O O O O O O O O,O O O O B-ACTOR-DIRECTOR B-AUTHOR-WRITER O O O O O O O O O O O O O O O O O O O O O O O O,[],"[('ACTOR-DIRECTOR', 4, 4), ('AUTHOR-WRITER', 5, 5)]"
225,johnson announces june retirement former england captain martin johnson has announced he is to retire from rugby union at the end of the season .,O O O O O O O B-ATHLETE I-ATHLETE O O O O O O O O O O O O O O O O,B-ATHLETE O O O O O O B-ATHLETE I-ATHLETE O O O O O O O O O O O O O O O O,"[('ATHLETE', 7, 8)]","[('ATHLETE', 0, 0), ('ATHLETE', 7, 8)]"
226,"johnson , who captained england to world cup glory in 2003 , will play his final match in june .",O O O O O O O O O O O O O O O O O O O O,B-ATHLETE O O O O O O O O O O O O O O O O O O O,[],"[('ATHLETE', 0, 0)]"
227,"johnson won 84 england caps and quit test rugby at the start of 2004 , just two months after leading sir clive woodward ' s team to victory in sydney .",O O O O O O O O O O O O O O O O O O O O B-ATHLETE I-ATHLETE I-ATHLETE O O O O O O O O,O O O O O O O O O O O O O O O O O O O O O B-ATHLETE I-ATHLETE O O O O O O O O,"[('ATHLETE', 20, 22)]","[('ATHLETE', 21, 22)]"
229,"i ' m confident i have made the right decision to retire , "" said johnson . """,O O O O O O O O O O O O O O O O O O,O O O O O O O O O O O O O O O B-ATHLETE O O,[],"[('ATHLETE', 15, 15)]"
232,"johnson will always be revered by england fans for captain ##ing england to their dramatic world cup win against australia in sydney , but his list of achievements does not stop at that .",O O O O O O O O O O O O O O O O O O O O O O O O O O O O O O O O O O,B-ATHLETE O O O O O O O O O O O O O O O O O O O O O O O O O O O O O O O O O,[],"[('ATHLETE', 0, 0)]"
234,"johnson also had huge success as captain of leicester , guiding the tigers to back to back he ##ine ##ken cup victories and several premiership titles .",O O O O O O O O O O O O O O O O O O O O O O O O O O O,B-ATHLETE O O O O O O O O O O O O O O O O O O O O O O O O O O,[],"[('ATHLETE', 0, 0)]"
235,apart from his marvel ##lous captain ##cy johnson was also one of the finest second rows to ever play the game .,O O O O O O O O O O O O O O O O O O O O O O,O O O O O O O B-ATHLETE O O O O O O O O O O O O O O,[],"[('ATHLETE', 7, 7)]"
236,"tea ##k tough and physically intimidating , he ruled the ru ##cks and ma ##uls for the best part of a decade and was integral in england ' s rise to the top of the world game .",O O O O O O O O O O O O O O O O O O O O O O O O O O O O O O O O O O O O O O,B-ATHLETE I-ATHLETE O O O O O O O O O O O O O O O O O O O O O O O O O O O O O O O O O O O O,[],"[('ATHLETE', 0, 1)]"
238,"the all black is aiming to return to action after a kidney transplant and johnson expects it to be a memorable occasion . """,O O O O O O O O O O O O O O O O O O O O O O O O,O O O O O O O O O O O O O O B-ATHLETE O O O O O O O O O,[],"[('ATHLETE', 14, 14)]"
239,"this game against jonah will be a great way to end the season and end my career , "" said johnson .",O O O O O O O O O O O O O O O O O O O O O O,O O O O O O O O O O O O O O O O O O O O B-ATHLETE O,[],"[('ATHLETE', 20, 20)]"
240,"lo ##mu , rugby union ' s first global superstar after his exploits in the 1995 world cup , said he was proud to be part of johnson ' s farewell . """,O O O O O O O O O O O O O O O O O O O O O O O O O O O O O O O O O,B-ATHLETE I-ATHLETE O O O O O O O O O O O O O O O O O O O O O O O O O B-ATHLETE O O O O O,[],"[('ATHLETE', 0, 1), ('ATHLETE', 27, 27)]"
241,"we hold him in such high esteem , "" said lo ##mu . """,O O O O O O O O O O O O O O,O O O O O O O O O O B-ATHLETE I-ATHLETE O O,[],"[('ATHLETE', 10, 11)]"
251,"the newspaper also claimed mr se ##ifer ##t was becoming "" increasingly frustrated "" with the pace of negotiations since deutsche boer ##se ' s £1 . 3 ##bn offer was rejected in mid - december , in particular the l ##se ' s decision to suspend talks over the christmas period .",O O O O O O O O O O O O O O O O O O O O O O O O O O O O O O O O O O O O O O O O O O O O O O O O O O O O O,O O O O O B-BUSINESS-EXECUTIVE-MANAGER I-BUSINESS-EXECUTIVE-MANAGER I-BUSINESS-EXECUTIVE-MANAGER O O O O O O O O O O O O O O O O O O O O O O O O O O O O O O O O O O O O O O O O O O O O O,[],"[('BUSINESS-EXECUTIVE-MANAGER', 5, 7)]"
257,spears seeks ab ##orted tour payment singer britney spears is sui ##ng eight insurance companies that have refused to rei ##mb ##urse her for cancel ##ling her 2004 world tour .,O O O O O O O B-MUSICIAN I-MUSICIAN O O O O O O O O O O O O O O O O O O O O O O,B-MUSICIAN O O O O O O B-MUSICIAN I-MUSICIAN O O O O O O O O O O O O O O O O O O O O O O,"[('MUSICIAN', 7, 8)]","[('MUSICIAN', 0, 0), ('MUSICIAN', 7, 8)]"
265,"the legal submission described spears as "" one of the most recognised performers in her industry "" .",O O O O O O O O O O O O O O O O O O,O O O O B-MUSICIAN O O O O O O O O O O O O O,[],"[('MUSICIAN', 4, 4)]"
266,"the on ##yx hotel tour was cited as "" a highly crafted production which included the well - known music and dancing of spears , supported by elaborate costumes , complex choreography as well as cutting - edge video production , lighting and other effects "" .",O O O O O O O O O O O O O O O O O O O O O O O O O O O O O O O O O O O O O O O O O O O O O O O,O O O O O O O O O O O O O O O O O O O O O O O B-MUSICIAN O O O O O O O O O O O O O O O O O O O O O O O,[],"[('MUSICIAN', 23, 23)]"
267,"in september spears married kevin fed ##er ##line , who had been a dancer on the ab ##orted tour .",O O O O B-MUSICIAN I-MUSICIAN I-MUSICIAN I-MUSICIAN O O O O O O O O O O O O,O O B-MUSICIAN O B-PUBLIC-FIGURE I-PUBLIC-FIGURE I-PUBLIC-FIGURE I-PUBLIC-FIGURE O O O O O O O O O O O O,"[('MUSICIAN', 4, 7)]","[('MUSICIAN', 2, 2), ('PUBLIC-FIGURE', 4, 7)]"
303,"the fourth series of the show peaked on monday at 11 . 9 ##m and 49 . 2 % of the audience , just before joe pas ##qual ##e won .",O O O O O O O O O O O O O O O O O O O O O O O O O B-ACTOR-DIRECTOR I-ACTOR-DIRECTOR I-ACTOR-DIRECTOR I-ACTOR-DIRECTOR O O,O O O O O O O O O O O O O O O O O O O O O O O O O B-PUBLIC-FIGURE I-PUBLIC-FIGURE I-PUBLIC-FIGURE I-PUBLIC-FIGURE O O,"[('ACTOR-DIRECTOR', 25, 28)]","[('PUBLIC-FIGURE', 25, 28)]"
304,this compared with a peak of 15 . 3 ##m at and a record 62 . 2 % of the tv audience when kerry mc ##fa ##dden won in february .,O O O O O O O O O O O O O O O O O O O O O O O B-MUSICIAN I-MUSICIAN I-MUSICIAN I-MUSICIAN O O O O,O O O O O O O O O O O O O O O O O O O O O O O B-ACTOR-DIRECTOR I-ACTOR-DIRECTOR I-ACTOR-DIRECTOR I-ACTOR-DIRECTOR O O O O,"[('MUSICIAN', 23, 26)]","[('ACTOR-DIRECTOR', 23, 26)]"
305,"comic pas ##qual ##e beat former royal butler paul burr ##ell who came second , nightclub owner fran co ##sg ##rave , who was third .",O O O O O O O O B-PUBLIC-FIGURE I-PUBLIC-FIGURE I-PUBLIC-FIGURE O O O O O O B-BUSINESS-EXECUTIVE-MANAGER I-BUSINESS-EXECUTIVE-MANAGER I-BUSINESS-EXECUTIVE-MANAGER I-BUSINESS-EXECUTIVE-MANAGER O O O O O,O B-ACTOR-DIRECTOR I-ACTOR-DIRECTOR I-ACTOR-DIRECTOR O O O O B-PUBLIC-FIGURE I-PUBLIC-FIGURE I-PUBLIC-FIGURE O O O O O O B-PUBLIC-FIGURE I-PUBLIC-FIGURE I-PUBLIC-FIGURE I-PUBLIC-FIGURE O O O O O,"[('PUBLIC-FIGURE', 8, 10), ('BUSINESS-EXECUTIVE-MANAGER', 17, 20)]","[('ACTOR-DIRECTOR', 1, 3), ('PUBLIC-FIGURE', 8, 10), ('PUBLIC-FIGURE', 17, 20)]"
306,"pas ##qual ##e follows kerry mc ##fa ##dden , phil tu ##f ##nell and tony blackburn as winners of the show .",O O O O B-MUSICIAN I-MUSICIAN I-MUSICIAN I-MUSICIAN O B-ATHLETE I-ATHLETE I-ATHLETE I-ATHLETE O B-PUBLIC-FIGURE I-PUBLIC-FIGURE O O O O O O,O O O O B-PUBLIC-FIGURE I-PUBLIC-FIGURE I-PUBLIC-FIGURE I-PUBLIC-FIGURE O B-PUBLIC-FIGURE I-PUBLIC-FIGURE I-PUBLIC-FIGURE I-PUBLIC-FIGURE O B-PUBLIC-FIGURE I-PUBLIC-FIGURE O O O O O O,"[('MUSICIAN', 4, 7), ('ATHLETE', 9, 12), ('PUBLIC-FIGURE', 14, 15)]","[('PUBLIC-FIGURE', 4, 7), ('PUBLIC-FIGURE', 9, 12), ('PUBLIC-FIGURE', 14, 15)]"
307,singer and tv presenter mc ##fa ##dden was the show ' s first female winner .,O O O O O O O O O O O O O O O O,O O O O B-MUSICIAN I-MUSICIAN I-MUSICIAN O O O O O O O O O,[],"[('MUSICIAN', 4, 6)]"
310,"pas ##qual ##e had been the show ' s hottest ever favourite to win , and its hosts anthony mc ##par ##tl ##in and declan donnelly , known as ant and dec , said monday ' s deciding vote was the closest in the programme ' s history .",O O O O O O O O O O O O O O O O O O B-ACTOR-DIRECTOR I-ACTOR-DIRECTOR I-ACTOR-DIRECTOR I-ACTOR-DIRECTOR I-ACTOR-DIRECTOR O B-ACTOR-DIRECTOR I-ACTOR-DIRECTOR O O O O O O O O O O O O O O O O O O O O O O O,O O O O O O O O O O O O O O O O O O B-PUBLIC-FIGURE I-PUBLIC-FIGURE I-PUBLIC-FIGURE I-PUBLIC-FIGURE I-PUBLIC-FIGURE O B-ACTOR-DIRECTOR I-ACTOR-DIRECTOR O O O B-ACTOR-DIRECTOR O O O O O O O O O O O O O O O O O O O,"[('ACTOR-DIRECTOR', 18, 22), ('ACTOR-DIRECTOR', 24, 25)]","[('PUBLIC-FIGURE', 18, 22), ('ACTOR-DIRECTOR', 24, 25), ('ACTOR-DIRECTOR', 29, 29)]"
315,there are a number of things joe wants to do .,O O O O O O O O O O O,O O O O O O B-ATHLETE O O O O,[],"[('ATHLETE', 6, 6)]"
320,"charles evans jr battled over his role with the people who eventually made the film , and won a producer ' s credit .",B-BUSINESS-EXECUTIVE-MANAGER I-BUSINESS-EXECUTIVE-MANAGER I-BUSINESS-EXECUTIVE-MANAGER O O O O O O O O O O O O O O O O O O O O O,B-PUBLIC-FIGURE I-PUBLIC-FIGURE I-PUBLIC-FIGURE O O O O O O O O O O O O O O O O O O O O O,"[('BUSINESS-EXECUTIVE-MANAGER', 0, 2)]","[('PUBLIC-FIGURE', 0, 2)]"
324,"the aviator ' s nominated producers are michael mann and graham king - with mr evans and sandy cl ##iman , mr mann ' s former deputy , left off .",O O O O O O O B-ACTOR-DIRECTOR I-ACTOR-DIRECTOR O B-BUSINESS-EXECUTIVE-MANAGER I-BUSINESS-EXECUTIVE-MANAGER O O O O O B-BUSINESS-EXECUTIVE-MANAGER I-BUSINESS-EXECUTIVE-MANAGER I-BUSINESS-EXECUTIVE-MANAGER O O O O O O O O O O O,O O O O O O O B-ACTOR-DIRECTOR I-ACTOR-DIRECTOR O B-PUBLIC-FIGURE I-PUBLIC-FIGURE O O O B-PUBLIC-FIGURE O B-PUBLIC-FIGURE I-PUBLIC-FIGURE I-PUBLIC-FIGURE O O B-ACTOR-DIRECTOR O O O O O O O O,"[('ACTOR-DIRECTOR', 7, 8), ('BUSINESS-EXECUTIVE-MANAGER', 10, 11), ('BUSINESS-EXECUTIVE-MANAGER', 17, 19)]","[('ACTOR-DIRECTOR', 7, 8), ('PUBLIC-FIGURE', 10, 11), ('PUBLIC-FIGURE', 15, 15), ('PUBLIC-FIGURE', 17, 19), ('ACTOR-DIRECTOR', 22, 22)]"
325,"mr evans sued mr mann in 2001 , claiming he came up with the idea , spent years developing it and persuaded di ##cap ##rio to play hughes - but said he was later excluded from the project .",O O O O O O O O O O O O O O O O O O O O O O O O O O O B-PUBLIC-FIGURE O O O O O O O O O O O,O B-PUBLIC-FIGURE O O B-ACTOR-DIRECTOR O O O O O O O O O O O O O O O O O B-ACTOR-DIRECTOR I-ACTOR-DIRECTOR I-ACTOR-DIRECTOR O O O O O O O O O O O O O O,"[('PUBLIC-FIGURE', 27, 27)]","[('PUBLIC-FIGURE', 1, 1), ('ACTOR-DIRECTOR', 4, 4), ('ACTOR-DIRECTOR', 22, 24)]"
326,the two sides settled out of court in a deal that has remained secret apart from the fact mr evans ' name has appeared as a producer when the film ' s credits roll .,O O O O O O O O O O O O O O O O O O O O O O O O O O O O O O O O O O O,O O O O O O O O O O O O O O O O O O O B-PUBLIC-FIGURE O O O O O O O O O O O O O O O,[],"[('PUBLIC-FIGURE', 19, 19)]"
327,"at the golden globe ##s , mr evans - who was named among the winners when the film won best drama film - evade ##d a security guard to have his photo taken with di ##cap ##rio , director martin sc ##ors ##ese , mr mann and mr king .",O O O O O O O O O O O O O O O O O O O O O O O O O O O O O O O O O O O O O O O B-ACTOR-DIRECTOR I-ACTOR-DIRECTOR I-ACTOR-DIRECTOR I-ACTOR-DIRECTOR O O O O O O O,O O O O O O O B-PUBLIC-FIGURE O O O O O O O O O O O O O O O O O O O O O O O O O O B-ACTOR-DIRECTOR I-ACTOR-DIRECTOR I-ACTOR-DIRECTOR O O B-ACTOR-DIRECTOR I-ACTOR-DIRECTOR I-ACTOR-DIRECTOR I-ACTOR-DIRECTOR O O B-ACTOR-DIRECTOR O O B-PUBLIC-FIGURE O,"[('ACTOR-DIRECTOR', 39, 42)]","[('PUBLIC-FIGURE', 7, 7), ('ACTOR-DIRECTOR', 34, 36), ('ACTOR-DIRECTOR', 39, 42), ('ACTOR-DIRECTOR', 45, 45), ('PUBLIC-FIGURE', 48, 48)]"
328,amp ##as decided to limit the number of producers who could be nominated after shakespeare in love ' s victory in 1999 saw five producers collect awards .,O O O O O O O O O O O O O O O O O O O O O O O O O O O O,O O O O O O O O O O O O O O B-ACTOR-DIRECTOR O O O O O O O O O O O O O,[],"[('ACTOR-DIRECTOR', 14, 14)]"
340,"celebrating his win , the oscar - nominated owen told reporters : "" the whole award season is new to me because i haven ' t won anything before .",O O O O O O O O O O O O O O O O O O O O O O O O O O O O O O,O O O O O O O O B-ACTOR-DIRECTOR O O O O O O O O O O O O O O O O O O O O O,[],"[('ACTOR-DIRECTOR', 8, 8)]"
342,"blanche ##tt , who won a bafta in 1999 for her leading role in elizabeth , said : "" winning a bafta means an enormous amount to me . """,O O O O O O O O O O O O O O O O O O O O O O O O O O O O O O,B-ACTOR-DIRECTOR I-ACTOR-DIRECTOR O O O O O O O O O O O O O O O O O O O O O O O O O O O O,[],"[('ACTOR-DIRECTOR', 0, 1)]"
346,"st ##au ##nton , who is up for an oscar for her role in vera drake , arrived wearing a green silk and chi ##ff ##on bea ##ded evening dress . """,O O O O O O O O O O O O O O O O O O O O O O O O O O O O O O O O,B-ACTOR-DIRECTOR I-ACTOR-DIRECTOR I-ACTOR-DIRECTOR O O O O O O O O O O O O O O O O O O O O O O O O O O O O O,[],"[('ACTOR-DIRECTOR', 0, 2)]"
349,"her director leigh , who beat martin sc ##ors ##ese to the best director award , told the audience : "" we always say it was a surprise and sometimes i ' ve said it and not meant it .",O O O O O O B-ACTOR-DIRECTOR I-ACTOR-DIRECTOR I-ACTOR-DIRECTOR I-ACTOR-DIRECTOR O O O O O O O O O O O O O O O O O O O O O O O O O O O O O O,O O B-ACTOR-DIRECTOR O O O B-ACTOR-DIRECTOR I-ACTOR-DIRECTOR I-ACTOR-DIRECTOR I-ACTOR-DIRECTOR O O O O O O O O O O O O O O O O O O O O O O O O O O O O O O,"[('ACTOR-DIRECTOR', 6, 9)]","[('ACTOR-DIRECTOR', 2, 2), ('ACTOR-DIRECTOR', 6, 9)]"
352,"best actor fox ##x could not make the ceremony , but actress helen mir ##ren read out his acceptance speech . """,O O O O O O O O O O O O B-ACTOR-DIRECTOR I-ACTOR-DIRECTOR I-ACTOR-DIRECTOR O O O O O O O,O O B-ACTOR-DIRECTOR I-ACTOR-DIRECTOR O O O O O O O O B-ACTOR-DIRECTOR I-ACTOR-DIRECTOR I-ACTOR-DIRECTOR O O O O O O O,"[('ACTOR-DIRECTOR', 12, 14)]","[('ACTOR-DIRECTOR', 2, 3), ('ACTOR-DIRECTOR', 12, 14)]"
356,"di ##cap ##rio , who lost out on the best actor bafta to fox ##x , will face him again at the academy awards in two weeks ' time .",B-ACTOR-DIRECTOR I-ACTOR-DIRECTOR I-ACTOR-DIRECTOR O O O O O O O O O O O O O O O O O O O O O O O O O O O,B-ACTOR-DIRECTOR I-ACTOR-DIRECTOR I-ACTOR-DIRECTOR O O O O O O O O O O B-ACTOR-DIRECTOR I-ACTOR-DIRECTOR O O O O O O O O O O O O O O O,"[('ACTOR-DIRECTOR', 0, 2)]","[('ACTOR-DIRECTOR', 0, 2), ('ACTOR-DIRECTOR', 13, 14)]"
360,"best british film was my summer of love , the story of two young women and their developing relationship , while fox ##x ' s movie ray , a bio - pic of late singer ray charles , also took best sound .",O O O O O O O O O O O O O O O O O O O O O O O O O O O O O O O O O O O B-MUSICIAN I-MUSICIAN O O O O O O,O O O O O O O O O O O O O O O O O O O O O B-ACTOR-DIRECTOR I-ACTOR-DIRECTOR O O O O O O O O O O O O B-MUSICIAN I-MUSICIAN O O O O O O,"[('MUSICIAN', 35, 36)]","[('ACTOR-DIRECTOR', 21, 22), ('MUSICIAN', 35, 36)]"
363,ben ##ite ##z delight after crucial win liverpool manager rafael ben ##ite ##z admitted victory against deportivo la co ##runa was vital in their tight champions league group .,O O O O O O O O O B-ATHLETE I-ATHLETE I-ATHLETE I-ATHLETE O O O O O O O O O O O O O O O O,B-BUSINESS-EXECUTIVE-MANAGER I-BUSINESS-EXECUTIVE-MANAGER I-BUSINESS-EXECUTIVE-MANAGER O O O O O O B-BUSINESS-EXECUTIVE-MANAGER I-BUSINESS-EXECUTIVE-MANAGER I-BUSINESS-EXECUTIVE-MANAGER I-BUSINESS-EXECUTIVE-MANAGER O O O O O O O O O O O O O O O O,"[('ATHLETE', 9, 12)]","[('BUSINESS-EXECUTIVE-MANAGER', 0, 2), ('BUSINESS-EXECUTIVE-MANAGER', 9, 12)]"
364,jorge and ##rade ' s early own goal gave liverpool a 1 - 0 win .,B-ATHLETE I-ATHLETE I-ATHLETE O O O O O O O O O O O O O,B-ATHLETE I-ATHLETE I-ATHLETE I-ATHLETE I-ATHLETE O O O O O O O O O O O,"[('ATHLETE', 0, 2)]","[('ATHLETE', 0, 4)]"
365,"and ben ##ite ##z said : "" we started at a very high tempo and had many chances .",O O O O O O O O O O O O O O O O O O O,O B-BUSINESS-EXECUTIVE-MANAGER I-BUSINESS-EXECUTIVE-MANAGER I-BUSINESS-EXECUTIVE-MANAGER O O O O O O O O O O O O O O O,[],"[('BUSINESS-EXECUTIVE-MANAGER', 1, 3)]"
369,"igor bis ##can was outstanding in midfield after replacing injured x ##abi alonso , and ben ##ite ##z said : "" he played very well . """,B-ATHLETE I-ATHLETE I-ATHLETE O O O O O O O B-ATHLETE I-ATHLETE I-ATHLETE O O O O O O O O O O O O O O,B-ATHLETE I-ATHLETE I-ATHLETE O O O O O O O B-ATHLETE I-ATHLETE I-ATHLETE O O B-BUSINESS-EXECUTIVE-MANAGER I-BUSINESS-EXECUTIVE-MANAGER I-BUSINESS-EXECUTIVE-MANAGER O O O O O O O O O,"[('ATHLETE', 0, 2), ('ATHLETE', 10, 12)]","[('ATHLETE', 0, 2), ('ATHLETE', 10, 12), ('BUSINESS-EXECUTIVE-MANAGER', 15, 17)]"
371,"ben ##ite ##z added : "" it is all back in our own hands now , it was a great win for us and i was delighted with what i feel was the best liverpool i have seen . """,O O O O O O O O O O O O O O O O O O O O O O O O O O O O O O O O O O O O O O O O,B-BUSINESS-EXECUTIVE-MANAGER I-BUSINESS-EXECUTIVE-MANAGER I-BUSINESS-EXECUTIVE-MANAGER O O O O O O O O O O O O O O O O O O O O O O O O O O O O O O O O O O O O O,[],"[('BUSINESS-EXECUTIVE-MANAGER', 0, 2)]"
375,"ben ##ite ##z added : ben ##ite ##z said : "" we had a problem before the start , it was decided that x ##abi could not play more than 45 minutes . """,O O O O O O O O O O O O O O O O O O O O O O O O O O O O O O O O O O,B-BUSINESS-EXECUTIVE-MANAGER I-BUSINESS-EXECUTIVE-MANAGER I-BUSINESS-EXECUTIVE-MANAGER O O B-BUSINESS-EXECUTIVE-MANAGER I-BUSINESS-EXECUTIVE-MANAGER I-BUSINESS-EXECUTIVE-MANAGER O O O O O O O O O O O O O O O B-ATHLETE I-ATHLETE O O O O O O O O O,[],"[('BUSINESS-EXECUTIVE-MANAGER', 0, 2), ('BUSINESS-EXECUTIVE-MANAGER', 5, 7), ('ATHLETE', 23, 24)]"
376,"but in the end because of the way that ( diet ##mar ) ham ##ann and ( igor ) bis ##can performed , we did not need to change things until right at the end of the match . """,O O O O O O O O O O O O O O O O O O O O O O O O O O O O O O O O O O O O O O O O,O O O O O O O O O O B-ATHLETE I-ATHLETE B-PUBLIC-FIGURE B-ATHLETE I-ATHLETE O O B-PUBLIC-FIGURE I-PUBLIC-FIGURE I-PUBLIC-FIGURE I-PUBLIC-FIGURE O O O O O O O O O O O O O O O O O O O,[],"[('ATHLETE', 10, 11), ('PUBLIC-FIGURE', 12, 12), ('ATHLETE', 13, 14), ('PUBLIC-FIGURE', 17, 20)]"
377,"de ##por are a good team and if you allow them to keep possession they can be very dangerous indeed . """,O O O O O O O O O O O O O O O O O O O O O O,B-PUBLIC-FIGURE O O O O O O O O O O O O O O O O O O O O O,[],"[('PUBLIC-FIGURE', 0, 0)]"
386,"it will be the 21st james bond film to hit the big screen , and speculation has been ri ##fe over who will play the lead .",O O O O O O O O O O O O O O O O O O O O O O O O O O O,O O O O O O O O O O O O O O O O O O B-ACTOR-DIRECTOR I-ACTOR-DIRECTOR O O O O O O O,[],"[('ACTOR-DIRECTOR', 18, 19)]"
389,"among the favourites to take over the coveted role are scottish actor doug ##ray scott , oscar nominee clive owen and australian star hugh jack ##man .",O O O O O O O O O O O O B-ACTOR-DIRECTOR I-ACTOR-DIRECTOR I-ACTOR-DIRECTOR O O O B-ACTOR-DIRECTOR I-ACTOR-DIRECTOR O O O B-ACTOR-DIRECTOR I-ACTOR-DIRECTOR I-ACTOR-DIRECTOR O,O O O O O O O O O O O O B-ACTOR-DIRECTOR I-ACTOR-DIRECTOR I-ACTOR-DIRECTOR O O O B-ACTOR-DIRECTOR I-ACTOR-DIRECTOR O O O O O O O,"[('ACTOR-DIRECTOR', 12, 14), ('ACTOR-DIRECTOR', 18, 19), ('ACTOR-DIRECTOR', 23, 25)]","[('ACTOR-DIRECTOR', 12, 14), ('ACTOR-DIRECTOR', 18, 19)]"
390,"producers say no decision has yet been made on who will become the seventh actor , including ni ##ven , to play bond on film .",O O O O O O O O O O O O O O O O O O O O O O O O O O,O O O O O O O O O O O O O O O O O B-ACTOR-DIRECTOR I-ACTOR-DIRECTOR O O O O O O O,[],"[('ACTOR-DIRECTOR', 17, 18)]"
391,"kill bill director quentin tara ##ntino had talked of wanting to take on the casino royale project , and said he had spoken to bros ##nan about it .",O O O B-ACTOR-DIRECTOR I-ACTOR-DIRECTOR I-ACTOR-DIRECTOR O O O O O O O O O O O O O O O O O O O O O O O,O O O B-ACTOR-DIRECTOR I-ACTOR-DIRECTOR I-ACTOR-DIRECTOR O O O O O O O O O O O O O O O O O O B-ACTOR-DIRECTOR I-ACTOR-DIRECTOR O O O,"[('ACTOR-DIRECTOR', 3, 5)]","[('ACTOR-DIRECTOR', 3, 5), ('ACTOR-DIRECTOR', 24, 25)]"
392,"shooting on casino royale is expected to begin once campbell has finished work on the legend of z ##orro , a sequel to the mask of z ##orro , starring catherine zeta jones and antonio band ##eras .",O O O O O O O O O O O O O O O O O O O O O O O O O O O O O O B-ACTOR-DIRECTOR I-ACTOR-DIRECTOR I-ACTOR-DIRECTOR O B-ACTOR-DIRECTOR I-ACTOR-DIRECTOR I-ACTOR-DIRECTOR O,O O O O O O O O O B-ACTOR-DIRECTOR O O O O O O O O O O O O O O O O O O O O B-ACTOR-DIRECTOR I-ACTOR-DIRECTOR I-ACTOR-DIRECTOR O B-ACTOR-DIRECTOR I-ACTOR-DIRECTOR I-ACTOR-DIRECTOR O,"[('ACTOR-DIRECTOR', 30, 32), ('ACTOR-DIRECTOR', 34, 36)]","[('ACTOR-DIRECTOR', 9, 9), ('ACTOR-DIRECTOR', 30, 32), ('ACTOR-DIRECTOR', 34, 36)]"
393,producers barbara bro ##cco ##li and michael g wilson expect the film to be released in 2006 .,O B-BUSINESS-EXECUTIVE-MANAGER I-BUSINESS-EXECUTIVE-MANAGER I-BUSINESS-EXECUTIVE-MANAGER I-BUSINESS-EXECUTIVE-MANAGER O B-BUSINESS-EXECUTIVE-MANAGER I-BUSINESS-EXECUTIVE-MANAGER I-BUSINESS-EXECUTIVE-MANAGER O O O O O O O O O,O B-ACTOR-DIRECTOR I-ACTOR-DIRECTOR I-ACTOR-DIRECTOR I-ACTOR-DIRECTOR O B-ACTOR-DIRECTOR I-ACTOR-DIRECTOR I-ACTOR-DIRECTOR O O O O O O O O O,"[('BUSINESS-EXECUTIVE-MANAGER', 1, 4), ('BUSINESS-EXECUTIVE-MANAGER', 6, 8)]","[('ACTOR-DIRECTOR', 1, 4), ('ACTOR-DIRECTOR', 6, 8)]"
394,the script will once again be developed by neal pu ##rvis and robert wade who have both worked on two previous bond movies .,O O O O O O O O B-AUTHOR-WRITER I-AUTHOR-WRITER I-AUTHOR-WRITER O B-AUTHOR-WRITER I-AUTHOR-WRITER O O O O O O O O O O,O O O O O O O O B-BUSINESS-EXECUTIVE-MANAGER I-BUSINESS-EXECUTIVE-MANAGER I-BUSINESS-EXECUTIVE-MANAGER O B-ACTOR-DIRECTOR I-ACTOR-DIRECTOR O O O O O O O O O O,"[('AUTHOR-WRITER', 8, 10), ('AUTHOR-WRITER', 12, 13)]","[('BUSINESS-EXECUTIVE-MANAGER', 8, 10), ('ACTOR-DIRECTOR', 12, 13)]"
395,fleming ' s book saw the introduction of bond pitted against a russian spy in a game of ba ##cca ##rat .,O O O O O O O O O O O O O O O O O O O O O O,B-AUTHOR-WRITER O O O O O O O O O O O O O O O O O O O O O,[],"[('AUTHOR-WRITER', 0, 0)]"
397,"the novel is one of fleming ' s most violent and sad ##istic stories , with 00 ##7 suffering a savage beating from his nemesis le chi ##ff ##re .",O O O O O O O O O O O O O O O O O O O O O O O O O O O O O O,O O O O O B-AUTHOR-WRITER O O O O O O O O O O O O O O O O O O O O O O O O,[],"[('AUTHOR-WRITER', 5, 5)]"
399,"mgm vice chairman chris mc ##gur ##k said : "" martin ( campbell ) is an incredibly exciting film - maker .",O O O B-BUSINESS-EXECUTIVE-MANAGER I-BUSINESS-EXECUTIVE-MANAGER I-BUSINESS-EXECUTIVE-MANAGER I-BUSINESS-EXECUTIVE-MANAGER O O O O O O O O O O O O O O O,O O O B-BUSINESS-EXECUTIVE-MANAGER I-BUSINESS-EXECUTIVE-MANAGER I-BUSINESS-EXECUTIVE-MANAGER I-BUSINESS-EXECUTIVE-MANAGER O O O B-ACTOR-DIRECTOR I-ACTOR-DIRECTOR O O O O O O O O O O,"[('BUSINESS-EXECUTIVE-MANAGER', 3, 6)]","[('BUSINESS-EXECUTIVE-MANAGER', 3, 6), ('ACTOR-DIRECTOR', 10, 11)]"
402,"new zealand - born campbell moved to the uk in 1966 and directed tv series such as the professionals , mind ##er and berger ##ac .",O O O O O O O O O O O O O O O O O O O O O O O O O O,O O O O B-ACTOR-DIRECTOR O O O O O O O O O O O O O O O O O O O O O,[],"[('ACTOR-DIRECTOR', 4, 4)]"
405,barbara roche said an organisation should monitor and publish figures and be independent of government .,B-POLITICIAN I-POLITICIAN O O O O O O O O O O O O O O,B-PUBLIC-FIGURE I-PUBLIC-FIGURE O O O O O O O O O O O O O O,"[('POLITICIAN', 0, 1)]","[('PUBLIC-FIGURE', 0, 1)]"
408,"sir andrew green , chairman of the organisation , says there is no need for an independent body because office of national statistics data are accurate .",B-PUBLIC-FIGURE I-PUBLIC-FIGURE I-PUBLIC-FIGURE O O O O O O O O O O O O O O O O O O O O O O O O,O B-PUBLIC-FIGURE I-PUBLIC-FIGURE O O O O O O O O O O O O O O O O O O O O O O O O,"[('PUBLIC-FIGURE', 0, 2)]","[('PUBLIC-FIGURE', 1, 2)]"
412,"ms roche , labour mp for horns ##ey and wood green , believes legal migration is something we should welcome .",O O O O O O O O O O O O O O O O O O O O O,O B-POLITICIAN O O O O O O O O O O O O O O O O O O O,[],"[('POLITICIAN', 1, 1)]"
419,"itv also unveiled their fest ##ive season on tuesday , which includes stephen fry in a remake of tom brown ' s school ##day ##s .",O O O O O O O O O O O O B-ACTOR-DIRECTOR I-ACTOR-DIRECTOR O O O O O O O O O O O O,O O O O O O O O O O O O B-ACTOR-DIRECTOR I-ACTOR-DIRECTOR O O O O O O B-PUBLIC-FIGURE I-PUBLIC-FIGURE O O O O,"[('ACTOR-DIRECTOR', 12, 13)]","[('ACTOR-DIRECTOR', 12, 13), ('PUBLIC-FIGURE', 20, 21)]"
425,"new drama includes archangel , an adaptation of the robert harris best - seller , which stars daniel craig on the trail of stalin ' s diaries in communist russia .",O O O O O O O O O B-AUTHOR-WRITER I-AUTHOR-WRITER O O O O O O B-ACTOR-DIRECTOR I-ACTOR-DIRECTOR O O O O B-POLITICIAN O O O O O O O,O O O O O O O O O B-AUTHOR-WRITER I-AUTHOR-WRITER O O O O O O B-ACTOR-DIRECTOR I-ACTOR-DIRECTOR O O O O O O O O O O O O,"[('AUTHOR-WRITER', 9, 10), ('ACTOR-DIRECTOR', 17, 18), ('POLITICIAN', 23, 23)]","[('AUTHOR-WRITER', 9, 10), ('ACTOR-DIRECTOR', 17, 18)]"
426,and sarah waters ' gets her second adaptation on bbc one with im ##eld ##a st ##au ##nton and charles dance lined up to star in fingers ##mith .,O B-AUTHOR-WRITER I-AUTHOR-WRITER O O O O O O O O O B-ACTOR-DIRECTOR I-ACTOR-DIRECTOR I-ACTOR-DIRECTOR I-ACTOR-DIRECTOR I-ACTOR-DIRECTOR I-ACTOR-DIRECTOR O B-ACTOR-DIRECTOR I-ACTOR-DIRECTOR O O O O O O O O,O O O O O O O O O O O O B-ACTOR-DIRECTOR I-ACTOR-DIRECTOR I-ACTOR-DIRECTOR I-ACTOR-DIRECTOR I-ACTOR-DIRECTOR I-ACTOR-DIRECTOR O B-ACTOR-DIRECTOR I-ACTOR-DIRECTOR O O O O O O O O,"[('AUTHOR-WRITER', 1, 2), ('ACTOR-DIRECTOR', 12, 17), ('ACTOR-DIRECTOR', 19, 20)]","[('ACTOR-DIRECTOR', 12, 17), ('ACTOR-DIRECTOR', 19, 20)]"
427,"the adaptation , about a con ##man in victorian england , will make an interesting contrast to julie bu ##rch ##ill ' s sugar rush - a lesbian teenage drama part of channel four ' s winter season .",O O O O O O O O O O O O O O O O O B-AUTHOR-WRITER I-AUTHOR-WRITER I-AUTHOR-WRITER I-AUTHOR-WRITER O O O O O O O O O O O O O O O O O O,O O O O O O O O O O O O O O O O O B-ACTOR-DIRECTOR I-ACTOR-DIRECTOR I-ACTOR-DIRECTOR I-ACTOR-DIRECTOR O O O O O O O O O O O O O O O O O O,"[('AUTHOR-WRITER', 17, 20)]","[('ACTOR-DIRECTOR', 17, 20)]"
429,"fry ' s portrayal of headmaster dr arnold dominates a muted christmas schedule on itv ##1 , which sees the channel retreat from broadcasting blockbuster movies in favour of extended soap episodes and popular quiz shows .",O O O O O O B-PUBLIC-FIGURE I-PUBLIC-FIGURE O O O O O O O O O O O O O O O O O O O O O O O O O O O O O,B-ACTOR-DIRECTOR O O O O O O B-PUBLIC-FIGURE O O O O O O O O O O O O O O O O O O O O O O O O O O O O O,"[('PUBLIC-FIGURE', 6, 7)]","[('ACTOR-DIRECTOR', 0, 0), ('PUBLIC-FIGURE', 7, 7)]"
430,"sir paul mccartney , wife heather mills and manchester united manager sir alex ferguson will join a celebrity edition of who wants to be a millionaire ?",B-MUSICIAN I-MUSICIAN I-MUSICIAN O O B-PUBLIC-FIGURE I-PUBLIC-FIGURE O O O O B-ATHLETE I-ATHLETE I-ATHLETE O O O O O O O O O O O O O,O B-MUSICIAN I-MUSICIAN O O B-PUBLIC-FIGURE I-PUBLIC-FIGURE O O O O O O B-BUSINESS-EXECUTIVE-MANAGER O O O O O O O O O O O O O,"[('MUSICIAN', 0, 2), ('PUBLIC-FIGURE', 5, 6), ('ATHLETE', 11, 13)]","[('MUSICIAN', 1, 2), ('PUBLIC-FIGURE', 5, 6), ('BUSINESS-EXECUTIVE-MANAGER', 13, 13)]"
432,"also on christmas day , john net ##tle ##s will return in a one - off edition of mid ##some ##r murders , while two episodes of the new miss mar ##ple drama will air over the fest ##ive period .",O O O O O B-ACTOR-DIRECTOR I-ACTOR-DIRECTOR I-ACTOR-DIRECTOR I-ACTOR-DIRECTOR O O O O O O O O O O O O O O O O O O O O O O O O O O O O O O O O,O O O O O B-PUBLIC-FIGURE I-PUBLIC-FIGURE I-PUBLIC-FIGURE I-PUBLIC-FIGURE O O O O O O O O O O O O O O O O O O O O O O O O O O O O O O O O,"[('ACTOR-DIRECTOR', 5, 8)]","[('PUBLIC-FIGURE', 5, 8)]"
433,"films on itv ##1 include gus van sant ' s finding forrest ##er , starring sean conner ##y , and classics such a mary pop ##pins , star wars and the good , the bad and the ugly .",O O O O O B-ACTOR-DIRECTOR I-ACTOR-DIRECTOR I-ACTOR-DIRECTOR O O O O O O O B-ACTOR-DIRECTOR I-ACTOR-DIRECTOR I-ACTOR-DIRECTOR O O O O O O O O O O O O O O O O O O O O O,O O O O O B-ACTOR-DIRECTOR I-ACTOR-DIRECTOR I-ACTOR-DIRECTOR I-ACTOR-DIRECTOR I-ACTOR-DIRECTOR O O O O O B-ACTOR-DIRECTOR I-ACTOR-DIRECTOR I-ACTOR-DIRECTOR O O O O O O O O O O O O O O O O O O O O O,"[('ACTOR-DIRECTOR', 5, 7), ('ACTOR-DIRECTOR', 15, 17)]","[('ACTOR-DIRECTOR', 5, 9), ('ACTOR-DIRECTOR', 15, 17)]"
434,"in contrast , bbc ' s christmas season includes terrestrial debuts of the first harry potter film , sh ##rek and steven spielberg ' s ai , as well as new ep ##ip ##so ##des of the vicar of di ##bley and the final auf wi ##ede ##rse ##hen , pet .",O O O O O O O O O O O O O O O O O O O O O B-ACTOR-DIRECTOR I-ACTOR-DIRECTOR O O O O O O O O O O O O O O O O O O O O O O O O O O O O O,O O O O O O O O O O O O O O O O O O O O O B-ACTOR-DIRECTOR I-ACTOR-DIRECTOR I-ACTOR-DIRECTOR I-ACTOR-DIRECTOR O O O O O O O O O O O O O O O O O O O O O O O O O O O,"[('ACTOR-DIRECTOR', 21, 22)]","[('ACTOR-DIRECTOR', 21, 24)]"
435,kenya lift che ##p ##ke ##mei ' s suspension kenya ' s athletics body has reversed a ban on marathon runner susan che ##p ##ke ##mei after she made an official apology .,O O O O O O O O O O O O O O O O O O O O O B-ATHLETE I-ATHLETE I-ATHLETE I-ATHLETE I-ATHLETE O O O O O O O,O O B-ATHLETE I-ATHLETE I-ATHLETE I-ATHLETE O O O O O O O O O O O O O O O B-ATHLETE I-ATHLETE I-ATHLETE I-ATHLETE I-ATHLETE O O O O O O O,"[('ATHLETE', 21, 25)]","[('ATHLETE', 2, 5), ('ATHLETE', 21, 25)]"
438,"che ##p ##ke ##mei has given a reason for her absence , "" said ak chief isaiah ki ##pl ##aga ##t . """,O O O O O O O O O O O O O O O O B-BUSINESS-EXECUTIVE-MANAGER I-BUSINESS-EXECUTIVE-MANAGER I-BUSINESS-EXECUTIVE-MANAGER I-BUSINESS-EXECUTIVE-MANAGER I-BUSINESS-EXECUTIVE-MANAGER O O,B-ACTOR-DIRECTOR I-ACTOR-DIRECTOR I-ACTOR-DIRECTOR I-ACTOR-DIRECTOR O O O O O O O O O O O O B-PUBLIC-FIGURE I-PUBLIC-FIGURE I-PUBLIC-FIGURE I-PUBLIC-FIGURE I-PUBLIC-FIGURE O O,"[('BUSINESS-EXECUTIVE-MANAGER', 16, 20)]","[('ACTOR-DIRECTOR', 0, 3), ('PUBLIC-FIGURE', 16, 20)]"
440,the kenyan coaching team will now decide whether che ##p ##ke ##mei can be included in the team for this month ' s world cross country championships .,O O O O O O O O O O O O O O O O O O O O O O O O O O O O,O O O O O O O O B-ATHLETE I-ATHLETE I-ATHLETE I-ATHLETE O O O O O O O O O O O O O O O O,[],"[('ATHLETE', 8, 11)]"
442,"i am satisfied that the whole saga has been brought to an end , "" che ##p ##ke ##mei said . """,O O O O O O O O O O O O O O O O O O O O O O,O O O O O O O O O O O O O O O B-BUSINESS-EXECUTIVE-MANAGER I-BUSINESS-EXECUTIVE-MANAGER I-BUSINESS-EXECUTIVE-MANAGER I-BUSINESS-EXECUTIVE-MANAGER O O O,[],"[('BUSINESS-EXECUTIVE-MANAGER', 15, 18)]"
445,ak had insisted it was making an example of che ##p ##ke ##mei by banning her from competition until the end of 2005 .,O O O O O O O O O O O O O O O O O O O O O O O O,O O O O O O O O O B-ATHLETE I-ATHLETE I-ATHLETE I-ATHLETE O O O O O O O O O O O,[],"[('ATHLETE', 9, 12)]"
450,"mas ##ai missed kenya ' s world cross country trials because of an ankle problem but ak insisted it would take disciplinary action unless she could prove she was really injured . """,O O O O O O O O O O O O O O O O O O O O O O O O O O O O O O O O O,B-ATHLETE I-ATHLETE O O O O O O O O O O O O O O B-PUBLIC-FIGURE O O O O O O O O O O O O O O O O,[],"[('ATHLETE', 0, 1), ('PUBLIC-FIGURE', 16, 16)]"
451,"subject to our doctor ' s confirmation , we have decided to clear mas ##ai , "" added ki ##pl ##aga ##t .",O O O O O O O O O O O O O O O O O O O O O O O,O O O O O O O O O O O O O B-PUBLIC-FIGURE I-PUBLIC-FIGURE O O O B-ATHLETE I-ATHLETE I-ATHLETE I-ATHLETE O,[],"[('PUBLIC-FIGURE', 13, 14), ('ATHLETE', 18, 21)]"
461,mr flynn said that the move to using subscription ##s happened over the space of a few weeks at the end of 2004 .,O O O O O O O O O O O O O O O O O O O O O O O O,O B-BUSINESS-EXECUTIVE-MANAGER O O O O O O O O O O O O O O O O O O O O O O,[],"[('BUSINESS-EXECUTIVE-MANAGER', 1, 1)]"
463,"what made us uncomfortable was that these services were not being marketed transparent ##ly , "" said mr flynn . """,O O O O O O O O O O O O O O O O O O O O O,O O O O O O O O O O O O O O O O O O B-BUSINESS-EXECUTIVE-MANAGER O O,[],"[('BUSINESS-EXECUTIVE-MANAGER', 18, 18)]"
475,"some have been told to rev ##amp websites so customers know what they get for their money and what they are signing up for , said mr flynn .",O O O O O O O O O O O O O O O O O O O O O O O O O O O O O,O O O O O O O O O O O O O O O O O O O O O O O O O O O B-BUSINESS-EXECUTIVE-MANAGER O,[],"[('BUSINESS-EXECUTIVE-MANAGER', 27, 27)]"
476,"also , said mr flynn , vo ##da ##fo ##ne has briefly cut off between eight and ten content sellers fl ##out ##ing the rules . """,O O O O O O O O O O O O O O O O O O O O O O O O O O O,O O O O B-BUSINESS-EXECUTIVE-MANAGER O O O O O O O O O O O O O O O O O O O O O O,[],"[('BUSINESS-EXECUTIVE-MANAGER', 4, 4)]"
482,"the mobile is so personal that people really res ##ent the abuse of what is effectively part of their personality , "" said mr flynn .",O O O O O O O O O O O O O O O O O O O O O O O O O O,O O O O O O O O O O O O O O O O O O O O O O O O B-PUBLIC-FIGURE O,[],"[('PUBLIC-FIGURE', 24, 24)]"
483,"jamie ##son issues warning to big ##ots scotland ' s justice minister has warned big ##oted soccer fans that she wants to hit them "" where it hurts most "" by banning them from matches .",O O O O O O O O O O O O O O O O O O O O O O O O O O O O O O O O O O O O,B-POLITICIAN I-POLITICIAN O O O O O O O O O O O O O O O O O O O O O O O O O O O O O O O O O O,[],"[('POLITICIAN', 0, 1)]"
484,cathy jamie ##son said exclusion orders are one of a series of measures being considered in the scottish executive campaign against sect ##arian ##ism .,B-POLITICIAN I-POLITICIAN I-POLITICIAN O O O O O O O O O O O O O O O O O O O O O O,B-PUBLIC-FIGURE B-PUBLIC-FIGURE I-PUBLIC-FIGURE O O O O O O O O O O O O O O O O O O O O O O,"[('POLITICIAN', 0, 2)]","[('PUBLIC-FIGURE', 0, 0), ('PUBLIC-FIGURE', 1, 2)]"
487,ms jamie ##son was speaking ahead of the third round scottish cup clash between the glasgow clubs at park ##head on sunday .,O O O O O O O O O O O O O O O O O O O O O O O,O B-POLITICIAN I-POLITICIAN O O O O O O O O O O O O O O O O O O O O,[],"[('POLITICIAN', 1, 2)]"
489,last week ms jamie ##son and first minister jack mcconnell met supporters ' representatives from both clubs to discuss the issue .,O O O O O O O O B-POLITICIAN I-POLITICIAN O O O O O O O O O O O O,O O O B-POLITICIAN I-POLITICIAN O O O B-POLITICIAN I-POLITICIAN O O O O O O O O O O O O,"[('POLITICIAN', 8, 9)]","[('POLITICIAN', 3, 4), ('POLITICIAN', 8, 9)]"
491,"speaking on bbc radio scotland ' s sunday live programme , ms jamie ##son described friday ' s meeting as "" very productive "" and said putting the squeeze on the big ##ots would be a key aim .",O O O O O O O O O O O O O O O O O O O O O O O O O O O O O O O O O O O O O O O,O O O O O O O O O O O O B-POLITICIAN I-POLITICIAN O O O O O O O O O O O O O O O O O O O O O O O O O,[],"[('POLITICIAN', 12, 13)]"
492,"ms jamie ##son stressed that sect ##arian ##ism has not been confined to football but it can act as a "" trigger "" for tensions and violence .",O O O O O O O O O O O O O O O O O O O O O O O O O O O O,O B-POLITICIAN I-POLITICIAN O O O O O O O O O O O O O O O O O O O O O O O O O,[],"[('POLITICIAN', 1, 2)]"
494,ms jamie ##son said the executive should have a role in tack ##ling the soccer trouble ##makers .,O O O O O O O O O O O O O O O O O O,O B-BUSINESS-EXECUTIVE-MANAGER I-BUSINESS-EXECUTIVE-MANAGER O O O O O O O O O O O O O O O,[],"[('BUSINESS-EXECUTIVE-MANAGER', 1, 2)]"
497,"ms jamie ##son praised the police for their action and said : "" the police do want to identify whether there are particular individuals who are going over the top and inc ##iting hatred or violence - they will crack down very effectively on them . """,O O O O O O O O O O O O O O O O O O O O O O O O O O O O O O O O O O O O O O O O O O O O O O O,O B-POLITICIAN I-POLITICIAN O O O O O O O O O O O O O O O O O O O O O O O O O O O O O O O O O O O O O O O O O O O O,[],"[('POLITICIAN', 1, 2)]"
508,grace ##note provides music library information for millions of different albums for ju ##ke ##box ##es such as apple ' s itunes .,O O O O O O O O O O O O O O O O O O O O O O O,B-MUSICIAN I-MUSICIAN O O O O O O O O O O O O O O O O O O O O O,[],"[('MUSICIAN', 0, 1)]"
512,"pairing our voice technologies with grace ##note ' s vast music database will bring the benefits of speech technologies to a host of consumer devices and enable people to access their media in ways they ' ve never imagined . """,O O O O O O O O O O O O O O O O O O O O O O O O O O O O O O O O O O O O O O O O O,O O O O O B-MUSICIAN I-MUSICIAN O O O O O O O O O O O O O O O O O O O O O O O O O O O O O O O O O O,[],"[('MUSICIAN', 5, 6)]"
526,"spokesman alan jones said he expected 150 , 000 shop ##pers to have visited by the end of saturday and a further 100 , 000 on sunday . """,O B-PUBLIC-FIGURE I-PUBLIC-FIGURE O O O O O O O O O O O O O O O O O O O O O O O O O O,O B-POLITICIAN I-POLITICIAN O O O O O O O O O O O O O O O O O O O O O O O O O O,"[('PUBLIC-FIGURE', 1, 2)]","[('POLITICIAN', 1, 2)]"
534,"regent street association director annie walker said on saturday : "" the stores were heaving today and a lot of people are going to be doing last minute shopping as many people finished work on friday and can go in the week . """,O O O O B-BUSINESS-EXECUTIVE-MANAGER I-BUSINESS-EXECUTIVE-MANAGER O O O O O O O O O O O O O O O O O O O O O O O O O O O O O O O O O O O O O O,O O O O B-PUBLIC-FIGURE I-PUBLIC-FIGURE O O O O O O O O O O O O O O O O O O O O O O O O O O O O O O O O O O O O O O,"[('BUSINESS-EXECUTIVE-MANAGER', 4, 5)]","[('PUBLIC-FIGURE', 4, 5)]"
551,"mr blair this week defended the shake - up of the licensing laws , saying it was right to focus on trouble ##makers rather than treating everybody as a potential drunken nu ##isance .",O O O O O O O O O O O O O O O O O O O O O O O O O O O O O O O O O O,O B-POLITICIAN O O O O O O O O O O O O O O O O O O O O O O O O O O O O O O O O,[],"[('POLITICIAN', 1, 1)]"
557,jar ##re joins fairy ##tale celebration french musician jean - michel jar ##re is to perform at a concert in copenhagen to mark the bi ##cent ##ennial of the birth of writer hans christian andersen .,O O O O O O O O B-MUSICIAN I-MUSICIAN I-MUSICIAN I-MUSICIAN I-MUSICIAN O O O O O O O O O O O O O O O O O O O B-AUTHOR-WRITER I-AUTHOR-WRITER I-AUTHOR-WRITER O,B-MUSICIAN I-MUSICIAN O O O O O O B-MUSICIAN I-MUSICIAN I-MUSICIAN I-MUSICIAN I-MUSICIAN O O O O O O O O O O O O O O O O O O O B-AUTHOR-WRITER I-AUTHOR-WRITER I-AUTHOR-WRITER O,"[('MUSICIAN', 8, 12), ('AUTHOR-WRITER', 32, 34)]","[('MUSICIAN', 0, 1), ('MUSICIAN', 8, 12), ('AUTHOR-WRITER', 32, 34)]"
560,"christian andersen ' s fairy tales are timeless and universal , "" said jar ##re . """,O O O O O O O O O O O O O O O O O,B-AUTHOR-WRITER I-AUTHOR-WRITER O B-AUTHOR-WRITER O O O O O O O O O B-PUBLIC-FIGURE I-PUBLIC-FIGURE O O,[],"[('AUTHOR-WRITER', 0, 1), ('AUTHOR-WRITER', 3, 3), ('PUBLIC-FIGURE', 13, 14)]"
562,"there are year - long celebrations planned across the world to celebrate andersen and his work , which includes the emperor ' s new clothes and the little mermaid .",O O O O O O O O O O O O O O O O O O O O O O O O O O O O O O,O O O O O O O O O O O O B-AUTHOR-WRITER O O O O O O O O O O O O O O O O O,[],"[('AUTHOR-WRITER', 12, 12)]"
563,denmark ' s crown prince fred ##erik and crown princess mary visited new york on monday to help promote the festivities .,O O O B-PUBLIC-FIGURE I-PUBLIC-FIGURE I-PUBLIC-FIGURE I-PUBLIC-FIGURE O B-PUBLIC-FIGURE I-PUBLIC-FIGURE I-PUBLIC-FIGURE O O O O O O O O O O O,O O O O O B-POLITICIAN I-POLITICIAN O O O O O O O O O O O O O O O,"[('PUBLIC-FIGURE', 3, 6), ('PUBLIC-FIGURE', 8, 10)]","[('POLITICIAN', 5, 6)]"
565,""" bloom recognizes the darker aspects of andersen ' s authorship , "" prince fred ##erik said .",O O O O O O O O O O O O O O O O O O,O O O O O O O B-AUTHOR-WRITER O O O O O O B-PUBLIC-FIGURE I-PUBLIC-FIGURE O O,[],"[('AUTHOR-WRITER', 7, 7), ('PUBLIC-FIGURE', 14, 15)]"
566,bloom is to be formally presented with the hans christian andersen award this spring in anderson ' s hometown of ode ##nse .,O O O O O O O O B-AUTHOR-WRITER I-AUTHOR-WRITER I-AUTHOR-WRITER O O O O O O O O O O O O,O O O O O O O O B-PUBLIC-FIGURE I-PUBLIC-FIGURE I-PUBLIC-FIGURE O O O O B-ACTOR-DIRECTOR O O O O O O O,"[('AUTHOR-WRITER', 8, 10)]","[('PUBLIC-FIGURE', 8, 10), ('ACTOR-DIRECTOR', 15, 15)]"
567,"the royal couple also visited the hans christian anderson school complex , where queen mary read the ugly duck ##ling to the young audience .",O O O O O O O O O O O O O B-PUBLIC-FIGURE I-PUBLIC-FIGURE O O O O O O O O O O,O O O O O O O O O O O O O O O O O O O O O O O O O,"[('PUBLIC-FIGURE', 13, 14)]",[]
568,"later at a gala dinner , danish super ##mo ##del helena christensen was named a hans christian andersen ambassador .",O O O O O O O O O O B-PUBLIC-FIGURE I-PUBLIC-FIGURE O O O B-AUTHOR-WRITER I-AUTHOR-WRITER I-AUTHOR-WRITER O O,O O O O O O O O O O B-PUBLIC-FIGURE B-ATHLETE O O O O O O O O,"[('PUBLIC-FIGURE', 10, 11), ('AUTHOR-WRITER', 15, 17)]","[('PUBLIC-FIGURE', 10, 10), ('ATHLETE', 11, 11)]"
569,"other ambassadors include actors harvey kei ##tel and sir roger moore , athlete cathy freeman and brazilian soccer legend pe ##le .",O O O O B-ACTOR-DIRECTOR I-ACTOR-DIRECTOR I-ACTOR-DIRECTOR O B-ACTOR-DIRECTOR I-ACTOR-DIRECTOR I-ACTOR-DIRECTOR O O B-ATHLETE I-ATHLETE O O O O B-ATHLETE I-ATHLETE O,O O O O B-ACTOR-DIRECTOR I-ACTOR-DIRECTOR I-ACTOR-DIRECTOR O O B-ACTOR-DIRECTOR I-ACTOR-DIRECTOR O O B-ATHLETE I-ATHLETE O O O O B-ATHLETE I-ATHLETE O,"[('ACTOR-DIRECTOR', 4, 6), ('ACTOR-DIRECTOR', 8, 10), ('ATHLETE', 13, 14), ('ATHLETE', 19, 20)]","[('ACTOR-DIRECTOR', 4, 6), ('ACTOR-DIRECTOR', 9, 10), ('ATHLETE', 13, 14), ('ATHLETE', 19, 20)]"
570,serena becomes world number two serena williams has moved up five places to second in the world rankings after her australian open win .,O O O O O B-ATHLETE I-ATHLETE O O O O O O O O O O O O O O O O O,B-ATHLETE O O O O B-ATHLETE I-ATHLETE O O O O O O O O O O O O O O O O O,"[('ATHLETE', 5, 6)]","[('ATHLETE', 0, 0), ('ATHLETE', 5, 6)]"
571,"williams won her first grand slam title since 2003 with victory over lindsay davenport , the world number one .",O O O O O O O O O O O O B-ATHLETE I-ATHLETE O O O O O O,B-ATHLETE O O O O O O O O O O O B-ATHLETE I-ATHLETE O O O O O O,"[('ATHLETE', 12, 13)]","[('ATHLETE', 0, 0), ('ATHLETE', 12, 13)]"
573,"roger federer retains top spot , but sa ##fin has over ##taken hewitt to become the new leader of the champions race .",B-ATHLETE I-ATHLETE O O O O O O O O O O O O O O O O O O O O O,B-ATHLETE I-ATHLETE O O O O O B-ATHLETE I-ATHLETE O O O B-ATHLETE O O O O O O O O O O,"[('ATHLETE', 0, 1)]","[('ATHLETE', 0, 1), ('ATHLETE', 7, 8), ('ATHLETE', 12, 12)]"
574,"alicia mo ##lik , who lost a three - set thriller against davenport in the quarter - finals , is in the women ' s top 10 for the first time in her career .",B-ATHLETE I-ATHLETE I-ATHLETE O O O O O O O O O O O O O O O O O O O O O O O O O O O O O O O O,B-ATHLETE I-ATHLETE I-ATHLETE O O O O O O O O O B-ATHLETE O O O O O O O O O O O O O O O O O O O O O O,"[('ATHLETE', 0, 2)]","[('ATHLETE', 0, 2), ('ATHLETE', 12, 12)]"
582,"sony horror film the gr ##udge , starring michelle gel ##lar , was the us ' second best - selling dvd , with jennifer lopez and richard ge ##re ' s romantic comedy shall we dance ?",O O O O O O O O B-ACTOR-DIRECTOR I-ACTOR-DIRECTOR I-ACTOR-DIRECTOR O O O O O O O O O O O O B-ACTOR-DIRECTOR I-ACTOR-DIRECTOR O B-ACTOR-DIRECTOR I-ACTOR-DIRECTOR I-ACTOR-DIRECTOR O O O O O O O O,O O O O O O O O B-ACTOR-DIRECTOR I-ACTOR-DIRECTOR I-ACTOR-DIRECTOR O O O O O O O O O O O O B-MUSICIAN I-MUSICIAN O B-ACTOR-DIRECTOR I-ACTOR-DIRECTOR I-ACTOR-DIRECTOR O O O O O O O O,"[('ACTOR-DIRECTOR', 8, 10), ('ACTOR-DIRECTOR', 23, 24), ('ACTOR-DIRECTOR', 26, 28)]","[('ACTOR-DIRECTOR', 8, 10), ('MUSICIAN', 23, 24), ('ACTOR-DIRECTOR', 26, 28)]"
584,"fox ##x ' s critically acclaimed performance as ray has already earned him a screen actors guild award for best actor , as well as a prestigious golden globe .",O O O O O O O O O O O O O O O O O O O O O O O O O O O O O O,B-ACTOR-DIRECTOR I-ACTOR-DIRECTOR O O O O O O O O O O O O O O O O O O O O O O O O O O O O,[],"[('ACTOR-DIRECTOR', 0, 1)]"
600,an ##el ##ka ap ##olo ##gis ##es for criticism manchester city striker nicolas an ##el ##ka has issued an apology for critic ##ising the ambitions of the club .,O O O O O O O O O O O O B-ATHLETE I-ATHLETE I-ATHLETE I-ATHLETE O O O O O O O O O O O O O,B-ATHLETE I-ATHLETE I-ATHLETE O O O B-ATHLETE O O O O O B-ATHLETE I-ATHLETE I-ATHLETE I-ATHLETE O O O O O O O O O O O O O,"[('ATHLETE', 12, 15)]","[('ATHLETE', 0, 2), ('ATHLETE', 6, 6), ('ATHLETE', 12, 15)]"
601,an ##el ##ka was quoted in a french newspaper as saying he would like to play in the champions league for a bigger club .,O O O O O O O O O O O O O O O O O O O O O O O O O,B-ATHLETE I-ATHLETE I-ATHLETE O O O O O O O O O O O O O O O O O O O O O O,[],"[('ATHLETE', 0, 2)]"
602,"but chairman john ward ##le said : "" i ' ve spoken to nicolas and he ' s ap ##olo ##gis ##ed for anything that might have been mistakenly taken from the french press . """,O O B-BUSINESS-EXECUTIVE-MANAGER I-BUSINESS-EXECUTIVE-MANAGER I-BUSINESS-EXECUTIVE-MANAGER O O O O O O O O O O O O O O O O O O O O O O O O O O O O O O O,O O B-PUBLIC-FIGURE I-PUBLIC-FIGURE I-PUBLIC-FIGURE O O O O O O O O B-PUBLIC-FIGURE O O O O O O O O O O O O O O O O O O O O O O,"[('BUSINESS-EXECUTIVE-MANAGER', 2, 4)]","[('PUBLIC-FIGURE', 2, 4), ('PUBLIC-FIGURE', 13, 13)]"
604,"nicolas told me that he agrees with me that we are a big club . """,O O O O O O O O O O O O O O O O,B-ATHLETE O O O O O O O O O O O O O O O,[],"[('ATHLETE', 0, 0)]"
605,"ward ##le was speaking at the club ' s annual general meeting , where he also confirmed the club had not received any bids for the former arsenal and real madrid striker .",O O O O O O O O O O O O O O O O O O O O O O O O O O O O O O O O O,B-PUBLIC-FIGURE I-PUBLIC-FIGURE O O O O O O O O O O O O O O O O O O O O O O O O O O O O O O O,[],"[('PUBLIC-FIGURE', 0, 1)]"
606,the club still owe french club ps ##g £5 ##m from the purchase of an ##el ##ka in may 2002 .,O O O O O O O O O O O O O O O O O O O O O,O O O O O O O O O O O O O O B-ATHLETE I-ATHLETE I-ATHLETE O O O O,[],"[('ATHLETE', 14, 16)]"
608,"but ward ##le added : "" there ' s been no bids for nicolas an ##el ##ka .",O O O O O O O O O O O O O B-ATHLETE I-ATHLETE I-ATHLETE I-ATHLETE O,O B-PUBLIC-FIGURE B-ATHLETE O O O O O O O O O O B-ATHLETE I-ATHLETE I-ATHLETE I-ATHLETE O,"[('ATHLETE', 13, 16)]","[('PUBLIC-FIGURE', 1, 1), ('ATHLETE', 2, 2), ('ATHLETE', 13, 16)]"
612,"we still owe some money on nicolas which we have clear out , so it would have to be above that . """,O O O O O O O O O O O O O O O O O O O O O O O,O O O O O O B-PUBLIC-FIGURE O O O O O O O O O O O O O O O O,[],"[('PUBLIC-FIGURE', 6, 6)]"
613,ward ##le did stress that the club was not inviting any offers for england winger shaun wright - phillips .,O O O O O O O O O O O O O O O B-ATHLETE I-ATHLETE I-ATHLETE I-ATHLETE O,B-BUSINESS-EXECUTIVE-MANAGER I-BUSINESS-EXECUTIVE-MANAGER O O O O O O O O O O O O O B-ATHLETE I-ATHLETE I-ATHLETE I-ATHLETE O,"[('ATHLETE', 15, 18)]","[('BUSINESS-EXECUTIVE-MANAGER', 0, 1), ('ATHLETE', 15, 18)]"
619,"city recently announced debts of £ ##6 ##2 ##m , but ward ##le confirmed they would try and find funds to bring in players in the january transfer window .",O O O O O O O O O O O O O O O O O O O O O O O O O O O O O O,O O O O O O O O O O O B-BUSINESS-EXECUTIVE-MANAGER I-BUSINESS-EXECUTIVE-MANAGER O O O O O O O O O O O O O O O O O,[],"[('BUSINESS-EXECUTIVE-MANAGER', 11, 12)]"
620,"he said : "" like kevin i ' d like to see some players come in .",O O O O O O O O O O O O O O O O O,O O O O O B-ATHLETE O O O O O O O O O O O,[],"[('ATHLETE', 5, 5)]"
624,blair to face trust issue head on tony blair says he will be facing the issue of trust and his own integrity head on during the election campaign .,O O O O O O O B-POLITICIAN I-POLITICIAN O O O O O O O O O O O O O O O O O O O O,B-POLITICIAN O O O O O O B-POLITICIAN I-POLITICIAN O O O O O O O O O O O O O O O O O O O O,"[('POLITICIAN', 7, 8)]","[('POLITICIAN', 0, 0), ('POLITICIAN', 7, 8)]"
625,"during a question and answer session with first - time voters on five news , mr blair said he had no option but to "" confront it "" by talking to people .",O O O O O O O O O O O O O O O O O O O O O O O O O O O O O O O O O,O O O O O O O O O O O O O O O O B-POLITICIAN O O O O O O O O O O O O O O O O,[],"[('POLITICIAN', 16, 16)]"
628,"in answer to a question from 22 - year - old liverpool student david dunne about concerns over the prime minister ' s personal integrity , mr blair said talking was the only answer . """,O O O O O O O O O O O O O B-PUBLIC-FIGURE I-PUBLIC-FIGURE O O O O O O O O O O O O O O O O O O O O O,O O O O O O O O O O O O O B-PUBLIC-FIGURE I-PUBLIC-FIGURE O O O O O O O O O O O O B-POLITICIAN O O O O O O O O,"[('PUBLIC-FIGURE', 13, 14)]","[('PUBLIC-FIGURE', 13, 14), ('POLITICIAN', 27, 27)]"
633,mr blair also faced questions about british policy on iran and its alleged nuclear weapons programme .,O O O O O O O O O O O O O O O O O,O B-POLITICIAN O O O O O O O O O O O O O O O,[],"[('POLITICIAN', 1, 1)]"
640,"mr k ##ho ##dor ##kovsky - who has been in jail for more than a year - pleaded not guilty to the charges brought against him and denied involvement in any criminal activities . """,O O O O O O O O O O O O O O O O O O O O O O O O O O O O O O O O O O O,O B-PUBLIC-FIGURE I-PUBLIC-FIGURE I-PUBLIC-FIGURE I-PUBLIC-FIGURE O O O O O O O O O O O O O O O O O O O O O O O O O O O O O O,[],"[('PUBLIC-FIGURE', 1, 4)]"
645,"the vast majority of the business and financial activities of yu ##kos continue to occur in russia , "" judge clark said in her ruling . """,O O O O O O O O O O O O O O O O O O O O O O O O O O O,O O O O O O O O O O O O O O O O O O O O B-PUBLIC-FIGURE O O O O O O,[],"[('PUBLIC-FIGURE', 20, 20)]"
673,"if you enjoy the visual channel occasionally and interact it ' ll be two or three pounds per month , "" said mr was ##eni ##us . """,O O O O O O O O O O O O O O O O O O O O O O O O O O O O,O O O O O O O O O O O O O O O O O O O O O O O B-PUBLIC-FIGURE I-PUBLIC-FIGURE I-PUBLIC-FIGURE O O,[],"[('PUBLIC-FIGURE', 23, 25)]"
679,"station manager steve taylor commented : "" listeners can interact with the radio station in a new way . """,O O B-BUSINESS-EXECUTIVE-MANAGER I-BUSINESS-EXECUTIVE-MANAGER O O O O O O O O O O O O O O O O,O O B-PUBLIC-FIGURE I-PUBLIC-FIGURE O O O O O O O O O O O O O O O O,"[('BUSINESS-EXECUTIVE-MANAGER', 2, 3)]","[('PUBLIC-FIGURE', 2, 3)]"
687,ke ##zman was forced off the field to receive treatment on a cut above his eye but was able to continue .,O O O O O O O O O O O O O O O O O O O O O O,B-ATHLETE I-ATHLETE O O O O O O O O O O O O O O O O O O O O,[],"[('ATHLETE', 0, 1)]"
694,"lamp ##ard ' s spot - kick was saved to the delight of the hammer ##s ' fans , who have still not forgiven him for leaving upton park .",O O O O O O O O O O O O O O O O O O O O O O O O O O O O O O,B-ATHLETE I-ATHLETE O O O O O O O O O O O O O O O O O O O O O O O O O O O O,[],"[('ATHLETE', 0, 1)]"
696,police in riot gear battled with west ham fans in the matthew harding stand and at least one supporter required treatment .,O O O O O O O O O O O O O O O O O O O O O O,O O O O O O O O O O O B-ATHLETE I-ATHLETE O O O O O O O O O,[],"[('ATHLETE', 11, 12)]"
700,rapper kanye west ' s sh ##rew ##d soul us hip - hop star kanye west - who leads the race for this year ' s grammy ##s with 10 nominations - rose to prominence by producing songs for artists such as jay - z and alicia keys .,O B-MUSICIAN I-MUSICIAN O O O O O O O O O O O B-MUSICIAN I-MUSICIAN O O O O O O O O O O O O O O O O O O O O O O O O O O B-MUSICIAN I-MUSICIAN I-MUSICIAN O B-MUSICIAN I-MUSICIAN O,O B-MUSICIAN I-MUSICIAN O O O O O O O O O O O B-MUSICIAN I-MUSICIAN O O O O O O O O O O O O O O O O O O O O O O O O O O O O O O B-MUSICIAN I-MUSICIAN O,"[('MUSICIAN', 1, 2), ('MUSICIAN', 14, 15), ('MUSICIAN', 42, 44), ('MUSICIAN', 46, 47)]","[('MUSICIAN', 1, 2), ('MUSICIAN', 14, 15), ('MUSICIAN', 46, 47)]"
702,but his solo career almost ended before it began after a near - fatal car crash left west with his jaw wired shut in 2002 .,O O O O O O O O O O O O O O O O O O O O O O O O O O,O O O O O O O O O O O O O O O O O B-MUSICIAN O O O O O O O O,[],"[('MUSICIAN', 17, 17)]"
703,"the resulting song , through the wire , became west ' s first uk hit in april 2004 and subsequent album the college drop ##out became a transatlantic success , both critically and commercially .",O O O O O O O O O O O O O O O O O O O O O O O O O O O O O O O O O O O,O O O O O O O O O B-MUSICIAN O O O O O O O O O O O O O O O O O O O O O O O O O,[],"[('MUSICIAN', 9, 9)]"
704,"west , 26 , began rap ##ping as a teenager at his chicago school , inspired by the beats and rhymes of 1980s pioneers run d ##mc .",O O O O O O O O O O O O O O O O O O O O O O O O O O O O,B-MUSICIAN O O O O O O O O O O O O O O O O O O O O O O O O O O O,[],"[('MUSICIAN', 0, 0)]"
705,"hip - hop producer no id encouraged west to sample old soul and r & b hits then revive them with an updated sound , an approach that would become his trademark . """,O O O O B-MUSICIAN I-MUSICIAN O O O O O O O O O O O O O O O O O O O O O O O O O O O O,O O O O B-MUSICIAN I-MUSICIAN O B-MUSICIAN O O O O O O O O O O O O O O O O O O O O O O O O O O,"[('MUSICIAN', 4, 5)]","[('MUSICIAN', 4, 5), ('MUSICIAN', 7, 7)]"
710,leaving his chicago art school after only one year - a move which would later inspire the title of his album - west began his music career co - producing songs for artists mas ##e and the mad ##d rapper .,O O O O O O O O O O O O O O O O O O O O O O O O O O O O O O O O O B-MUSICIAN I-MUSICIAN O O B-MUSICIAN I-MUSICIAN I-MUSICIAN O,O O O O O O O O O O O O O O O O O O O O O O B-MUSICIAN O O O O O O O O O O B-MUSICIAN I-MUSICIAN O O O O O O,"[('MUSICIAN', 33, 34), ('MUSICIAN', 37, 39)]","[('MUSICIAN', 22, 22), ('MUSICIAN', 33, 34)]"
711,"this drew the attention of superstar rapper jay - z , who signed west up to his roc - a - fell ##a record label to produce numerous artists on his roster .",O O O O O O O B-MUSICIAN I-MUSICIAN I-MUSICIAN O O O O O O O O O O O O O O O O O O O O O O O,O O O O O O O B-MUSICIAN I-MUSICIAN I-MUSICIAN O O O B-MUSICIAN O O O O O O O O O O O O O O O O O O O,"[('MUSICIAN', 7, 9)]","[('MUSICIAN', 7, 9), ('MUSICIAN', 13, 13)]"
712,west ' s work gained mainstream recognition when he produced the singles takeover and i ##zzo ( ho ##va ) on jay - z ' s own 2001 album blue ##print .,O O O O O O O O O O O O O O O O O O O O O B-MUSICIAN I-MUSICIAN I-MUSICIAN O O O O O O O O,B-MUSICIAN O O O O O O O O O O O O O B-MUSICIAN I-MUSICIAN I-MUSICIAN O O O O O O O O O O O O O O O,"[('MUSICIAN', 21, 23)]","[('MUSICIAN', 0, 0), ('MUSICIAN', 14, 16)]"
713,"incorporating samples of five to one by the doors and the jackson five ' s i want you back respectively , the hits were credited with in ##ject ##ing soul back into hip - hop .",O O O O O O O O O O O O O O O O O O O O O O O O O O O O O O O O O O O O,O O O O O O O O O O O B-MUSICIAN O O O O O O O O O O O O O O O O O O O O O O O O,[],"[('MUSICIAN', 11, 11)]"
714,"as their success attracted further production work for jay - z ( ' 03 bonnie & clyde ) and artists such as lu ##da ##cr ##is ( stand up ) and alicia keys ( you don ' t know my name ) , west announced plans for a solo album .",O O O O O O O O B-MUSICIAN I-MUSICIAN I-MUSICIAN O O O O O O O O O O O B-MUSICIAN I-MUSICIAN I-MUSICIAN I-MUSICIAN O O O O O B-MUSICIAN I-MUSICIAN O O O O O O O O O O O O O O O O O O,O O O O O O O O O O O O O O O O O O O O O O B-MUSICIAN I-MUSICIAN I-MUSICIAN I-MUSICIAN O O O O O B-MUSICIAN I-MUSICIAN O O O O O O O O O O B-MUSICIAN O O O O O O O,"[('MUSICIAN', 8, 10), ('MUSICIAN', 22, 25), ('MUSICIAN', 31, 32)]","[('MUSICIAN', 22, 25), ('MUSICIAN', 31, 32), ('MUSICIAN', 43, 43)]"
718,west ' s account of the accident sampled cha ##ka khan ' s hit through the fire to become the heart of his completed solo album the college drop ##out .,O O O O O O O O B-MUSICIAN I-MUSICIAN I-MUSICIAN O O O O O O O O O O O O O O O O O O O O,B-MUSICIAN O O O O O O O B-MUSICIAN I-MUSICIAN I-MUSICIAN O O O O O O O O O O O O O O O O O O O O,"[('MUSICIAN', 8, 10)]","[('MUSICIAN', 0, 0), ('MUSICIAN', 8, 10)]"
720,"through the wire was quickly joined in the uk and us charts by slow jam ##z , on which west collaborated with rapper twist ##a and ray actor jamie fox ##x .",O O O O O O O O O O O O O O O O O O O O O O O B-MUSICIAN I-MUSICIAN O O O B-ACTOR-DIRECTOR I-ACTOR-DIRECTOR I-ACTOR-DIRECTOR O,O O O O O O O O O O O O O O O O O O O B-ACTOR-DIRECTOR O O O B-MUSICIAN I-MUSICIAN O O O B-ACTOR-DIRECTOR I-ACTOR-DIRECTOR I-ACTOR-DIRECTOR O,"[('MUSICIAN', 23, 24), ('ACTOR-DIRECTOR', 28, 30)]","[('ACTOR-DIRECTOR', 19, 19), ('MUSICIAN', 23, 24), ('ACTOR-DIRECTOR', 28, 30)]"
722,"west was shortlisted for 10 grammy ##s - including nominations for artist and album of the year - and took the best hip - hop artist , producer and album titles at last year ' s music of black origin ( mob ##o ) awards .",O O O O O O O O O O O O O O O O O O O O O O O O O O O O O O O O O O O O O O O O O O O O O O,B-MUSICIAN O O O O O O O O O O O O O O O O O O O O O O O O O O O O O O O O O O O O O O O O O O O O O,[],"[('MUSICIAN', 0, 0)]"
728,"under mr tell ##ier ' s tenure at the company , which began in january 2003 , plans to cut the worldwide workforce of 75 , 000 by almost a third by 2006 were announced .",O O O O O O O O O O O O O O O O O O O O O O O O O O O O O O O O O O O O,O O B-PUBLIC-FIGURE I-PUBLIC-FIGURE O O O O O O O O O O O O O O O O O O O O O O O O O O O O O O O O,[],"[('PUBLIC-FIGURE', 2, 3)]"
730,mr tell ##ier had indicated he wanted to stay at the world ' s top train maker and third largest manufacturer of civil aircraft until the restructuring was complete .,O O O O O O O O O O O O O O O O O O O O O O O O O O O O O O,O B-PUBLIC-FIGURE I-PUBLIC-FIGURE O O O O O O O O O O O O O O O O O O O O O O O O O O O,[],"[('PUBLIC-FIGURE', 1, 2)]"
733,"i understand the board ' s concern that i would not be there for the long - term and the need to develop and execute strategies , and the need to res ##ha ##pe the management structure at this time , "" mr tell ##ier said in a statement on monday .",O O O O O O O O O O O O O O O O O O O O O O O O O O O O O O O O O O O O O O O O O O O O O O O O O O O O,O O O O O O O O O O O O O O O O O O O O O O O O O O O O O O O O O O O O O O O O O O O B-PUBLIC-FIGURE I-PUBLIC-FIGURE O O O O O O O,[],"[('PUBLIC-FIGURE', 43, 44)]"
734,bombardier said restructuring plans drawn up by mr tell ##ier ' s would continue to be implemented .,O O O O O O O O O O O O O O O O O O,O O O O O O O O B-PUBLIC-FIGURE I-PUBLIC-FIGURE B-PUBLIC-FIGURE B-PUBLIC-FIGURE O O O O O O,[],"[('PUBLIC-FIGURE', 8, 9), ('PUBLIC-FIGURE', 10, 10), ('PUBLIC-FIGURE', 11, 11)]"
736,grammy ##s honour soul star charles the memory of soul legend ray charles dominated the music world ' s leading music ceremony on sunday as he was given eight posthumous grammy awards .,O O O O O O O O O O O B-MUSICIAN I-MUSICIAN O O O O O O O O O O O O O O O O O O O O,O O O O O B-MUSICIAN O O O O O B-MUSICIAN I-MUSICIAN O O O O O O O O O O O O O O O O O O O O,"[('MUSICIAN', 11, 12)]","[('MUSICIAN', 5, 5), ('MUSICIAN', 11, 12)]"
737,"charles , who died in 2004 , got honours including record and album of the year , while alicia keys and actor jamie fox ##x performed a musical tribute to him .",O O O O O O O O O O O O O O O O O O B-MUSICIAN I-MUSICIAN O O B-ACTOR-DIRECTOR I-ACTOR-DIRECTOR I-ACTOR-DIRECTOR O O O O O O O,B-MUSICIAN O O O O O O O O O O O O O O O O O B-MUSICIAN I-MUSICIAN O O B-ACTOR-DIRECTOR I-ACTOR-DIRECTOR I-ACTOR-DIRECTOR O O O O O O O,"[('MUSICIAN', 18, 19), ('ACTOR-DIRECTOR', 22, 24)]","[('MUSICIAN', 0, 0), ('MUSICIAN', 18, 19), ('ACTOR-DIRECTOR', 22, 24)]"
738,r & b star keys won four awards herself at the grammy ceremony in los angeles .,O O O O O O O O O O O O O O O O O,O O O O B-MUSICIAN O O O O O O O O O O O O,[],"[('MUSICIAN', 4, 4)]"
740,west led the race going into the ceremony with 10 nominations .,O O O O O O O O O O O O,B-ACTOR-DIRECTOR O O O O O O O O O O O,[],"[('ACTOR-DIRECTOR', 0, 0)]"
741,"charles ' last album , genius loves company , a collection of duets that has sold more than two million copies , was named album of the year and best pop vocal album .",O O O O O O O O O O O O O O O O O O O O O O O O O O O O O O O O O O,B-MUSICIAN O O O O O O O O O O O O O O O O O O O O O O O O O O O O O O O O O,[],"[('MUSICIAN', 0, 0)]"
743,"jones said : "" i ' m glad he ' s getting recognised , because of who he is and how much i love him . """,O O O O O O O O O O O O O O O O O O O O O O O O O O O,B-ATHLETE O O O O O O O O O O O O O O O O O O O O O O O O O O,[],"[('ATHLETE', 0, 0)]"
745,"keys , looking to replicate her grammy ##s success of 2002 , when she won five , picked up best r & b song for you don ' t know my name and best r & b album for the diary of alicia keys .",O O O O O O O O O O O O O O O O O O O O O O O O O O O O O O O O O O O O O O O O O O B-MUSICIAN I-MUSICIAN O,B-MUSICIAN O O O O O O O O O O O O O O O O O O O O O O O O O O O O O O O O O O O O O O O O O O B-MUSICIAN O,"[('MUSICIAN', 42, 43)]","[('MUSICIAN', 0, 0), ('MUSICIAN', 43, 43)]"
753,mayer also won best male pop vocal performance .,O O O O O O O O O,B-MUSICIAN O O O O O O O O,[],"[('MUSICIAN', 0, 0)]"
756,"in 2003 , stewart said he was "" as ##tou ##nded "" he had never won a grammy - but "" they tend not to give it to the british unless you ' re sting "" .",O O O O O O O O O O O O O O O O O O O O O O O O O O O O O O O O O O B-MUSICIAN O O,O O O B-MUSICIAN O O O O O O O O O O O O O O O O O O O O O O O O O O O O O O O O O,"[('MUSICIAN', 34, 34)]","[('MUSICIAN', 3, 3)]"
758,"annie lennox , metal group motor ##head and dance act basement jax ##x all took home trophies .",B-MUSICIAN I-MUSICIAN O O O O O O O O O O O O O O O O,B-MUSICIAN I-MUSICIAN O O O O O O O O O B-MUSICIAN I-MUSICIAN O O O O O,"[('MUSICIAN', 0, 1)]","[('MUSICIAN', 0, 1), ('MUSICIAN', 11, 12)]"
759,"but elvis costello , who had four nominations , and jo ##ss stone and franz ferdinand , who were both up for three awards , got nothing .",O B-MUSICIAN I-MUSICIAN O O O O O O O B-MUSICIAN I-MUSICIAN I-MUSICIAN O O O O O O O O O O O O O O O,O B-MUSICIAN I-MUSICIAN O O O O O O O B-MUSICIAN I-MUSICIAN I-MUSICIAN O B-MUSICIAN I-MUSICIAN O O O O O O O O O O O O,"[('MUSICIAN', 1, 2), ('MUSICIAN', 10, 12)]","[('MUSICIAN', 1, 2), ('MUSICIAN', 10, 12), ('MUSICIAN', 14, 15)]"
777,ki ##lr ##oy names election seat target ex - chat show host robert ki ##lr ##oy - silk is to contest the derbyshire seat of er ##ew ##ash at the next general election .,O O O O O O O O O O O O B-POLITICIAN I-POLITICIAN I-POLITICIAN I-POLITICIAN I-POLITICIAN I-POLITICIAN O O O O O O O O O O O O O O O O,B-POLITICIAN I-POLITICIAN I-POLITICIAN O O O O O O O O O B-POLITICIAN I-POLITICIAN I-POLITICIAN I-POLITICIAN I-POLITICIAN I-POLITICIAN O O O O O O O O O O O O O O O O,"[('POLITICIAN', 12, 17)]","[('POLITICIAN', 0, 2), ('POLITICIAN', 12, 17)]"
780,"mr ki ##lr ##oy - silk announced his plans a day after launching his new party , ve ##rita ##s , the latin for truth .",O O O O O O O O O O O O O O O O O O O O O O O O O O,O B-POLITICIAN I-POLITICIAN I-POLITICIAN I-POLITICIAN I-POLITICIAN O O O O O O O O O O O O O O O O O O O O,[],"[('POLITICIAN', 1, 5)]"
783,uk ##ip won 31 % of the vote in er ##ew ##ash in last june ' s european elections - with mr ki ##lr ##oy - silk among their candidates for the region .,O O O O O O O O O O O O O O O O O O O O O O O O O O O O O O O O O O,O O O O O O O O O O O O O O O O O O O O O O B-POLITICIAN I-POLITICIAN I-POLITICIAN I-POLITICIAN I-POLITICIAN O O O O O O O,[],"[('POLITICIAN', 22, 26)]"
785,ms black ##man said she was proud of the government ' s achievements in the area .,O O O O O O O O O O O O O O O O O,O B-POLITICIAN I-POLITICIAN O O O O O O O O O O O O O O,[],"[('POLITICIAN', 1, 2)]"
786,she declined to give her view of mr ki ##lr ##oy - silk at this point .,O O O O O O O O O O O O O O O O O,O O O O O O O O B-POLITICIAN I-POLITICIAN I-POLITICIAN I-POLITICIAN I-POLITICIAN O O O O,[],"[('POLITICIAN', 8, 12)]"
790,uk ##ip leader roger kn ##ap ##man says he is glad to see the back of mr ki ##lr ##oy - silk .,O O O B-POLITICIAN I-POLITICIAN I-POLITICIAN I-POLITICIAN O O O O O O O O O O O O O O O O,O O O B-POLITICIAN I-POLITICIAN I-POLITICIAN I-POLITICIAN O O O O O O O O O O B-POLITICIAN I-POLITICIAN I-POLITICIAN I-POLITICIAN I-POLITICIAN O,"[('POLITICIAN', 3, 6)]","[('POLITICIAN', 3, 6), ('POLITICIAN', 17, 21)]"
792,"mr ki ##lr ##oy - silk was joined in the new venture by one of uk ##ip ' s two london assembly members , damien hoc ##kney , who is now ve ##rita ##s ' deputy leader .",O O O O O O O O O O O O O O O O O O O O O O O O B-POLITICIAN I-POLITICIAN I-POLITICIAN O O O O O O O O O O O,O B-POLITICIAN I-POLITICIAN I-POLITICIAN I-POLITICIAN I-POLITICIAN O O O O O O O O O O O O O O O O O O B-POLITICIAN I-POLITICIAN I-POLITICIAN O O O O O O O O O O O,"[('POLITICIAN', 24, 26)]","[('POLITICIAN', 1, 5), ('POLITICIAN', 24, 26)]"
793,uk ##ip ' s chairman pet ##rina holds ##worth has said the group will just be a parody of the party the men have left .,O O O O O B-PUBLIC-FIGURE I-PUBLIC-FIGURE I-PUBLIC-FIGURE I-PUBLIC-FIGURE O O O O O O O O O O O O O O O O O,O O O O O B-POLITICIAN I-POLITICIAN I-POLITICIAN I-POLITICIAN O O O O O O O O O O O O O O O O O,"[('PUBLIC-FIGURE', 5, 8)]","[('POLITICIAN', 5, 8)]"
794,mr ki ##lr ##oy - silk quit uk ##ip last week after months of tension as he vie ##d unsuccessfully for the leadership of that party .,O O O O O O O O O O O O O O O O O O O O O O O O O O O,O B-POLITICIAN I-POLITICIAN I-POLITICIAN I-POLITICIAN I-POLITICIAN O O O O O O O O O O O O O O O O O O O O O,[],"[('POLITICIAN', 1, 5)]"
796,"uk ##ip ' s leader , roger kn ##ap ##man , has said he is glad to see the back of mr ki ##lr ##oy - silk . """,O O O O O O B-POLITICIAN I-POLITICIAN I-POLITICIAN I-POLITICIAN O O O O O O O O O O O O O O O O O O O,O O O O O O B-POLITICIAN I-POLITICIAN I-POLITICIAN I-POLITICIAN O O O O O O O O O O O O B-POLITICIAN I-POLITICIAN I-POLITICIAN I-POLITICIAN I-POLITICIAN O O,"[('POLITICIAN', 6, 9)]","[('POLITICIAN', 6, 9), ('POLITICIAN', 22, 26)]"
798,"uk ##ip officials also argue mr ki ##lr ##oy - silk has not been "" straightforward "" in attacking the party he once wanted to lead .",O O O O O O O O O O O O O O O O O O O O O O O O O O O,O O O O O O B-POLITICIAN I-POLITICIAN I-POLITICIAN I-POLITICIAN I-POLITICIAN O O O O O O O O O O O O O O O O,[],"[('POLITICIAN', 6, 10)]"
817,tim hen ##man ' s decision to quit davis cup tennis has left the british team with a ga ##rgan ##tua ##n void to fill .,B-ATHLETE I-ATHLETE I-ATHLETE O O O O O O O O O O O O O O O O O O O O O O O,B-ATHLETE I-ATHLETE I-ATHLETE I-ATHLETE I-ATHLETE O O O O O O O O O O O O O O O O O O O O O,"[('ATHLETE', 0, 2)]","[('ATHLETE', 0, 4)]"
819,and great britain ' s last davis cup win without hen ##man came against slovenia as far back as 1996 .,O O O O O O O O O O O O O O O O O O O O O,O O O O O O O O O O B-ATHLETE I-ATHLETE O O O O O O O O O,[],"[('ATHLETE', 10, 11)]"
820,"worse could follow , according to former british team member chris bailey .",O O O O O O O O O O B-ATHLETE I-ATHLETE O,O O O O O O O O O O B-PUBLIC-FIGURE I-PUBLIC-FIGURE O,"[('ATHLETE', 10, 11)]","[('PUBLIC-FIGURE', 10, 11)]"
821,"bailey told bbc sport : "" after tim ' s announcement , i doubt greg ruse ##ds ##ki will be that far behind him . """,O O O O O O O O O O O O O O B-ATHLETE I-ATHLETE I-ATHLETE I-ATHLETE O O O O O O O O,B-PUBLIC-FIGURE O O O O O O B-ATHLETE O O O O O O B-ATHLETE I-ATHLETE I-ATHLETE I-ATHLETE O O O O O O O O,"[('ATHLETE', 14, 17)]","[('PUBLIC-FIGURE', 0, 0), ('ATHLETE', 7, 7), ('ATHLETE', 14, 17)]"
824,"the yugoslavia ##n - born bog ##dan ##ovic , though , is 184 places below hen ##man in the world rankings and has played just two cup ties - winning one and losing the other .",O O O O O O O O O O O O O O O O O O O O O O O O O O O O O O O O O O O O,O O O O O B-ATHLETE I-ATHLETE I-ATHLETE O O O O O O O B-ATHLETE I-ATHLETE O O O O O O O O O O O O O O O O O O O,[],"[('ATHLETE', 5, 7), ('ATHLETE', 15, 16)]"
825,"murray , on the other hand , is 407 ##th in the current atp entry list and yet to make his cup debut .",O O O O O O O O O O O O O O O O O O O O O O O O,B-ATHLETE O O O O O O O O O O O O O O O O O O O O O O O,[],"[('ATHLETE', 0, 0)]"
826,but bailey does see some hope for the future .,O O O O O O O O O O,O B-PUBLIC-FIGURE O O O O O O O O,[],"[('PUBLIC-FIGURE', 1, 1)]"
828,"britain ' s next opponents , israel , are hardly likely to be qu ##aking in their boots ahead of the 4 - 6 march match against a likely trio of bog ##dan ##ovic , murray and the 187 ##th - ranked ar ##vin ##d parma ##r .",O O O O O O O O O O O O O O O O O O O O O O O O O O O O O O O O O O O O O O O O O O B-ATHLETE I-ATHLETE I-ATHLETE I-ATHLETE I-ATHLETE O,O O O O O O O O O O O O O O O O O O O O O O O O O O O O O O O B-ATHLETE I-ATHLETE I-ATHLETE O B-ATHLETE O O O O O O O O O B-ATHLETE I-ATHLETE O,"[('ATHLETE', 42, 46)]","[('ATHLETE', 31, 33), ('ATHLETE', 35, 35), ('ATHLETE', 45, 46)]"
829,"bailey said : "" it will be tough for gb to move up , but there comes a time when our young players have to step up .",O O O O O O O O O O O O O O O O O O O O O O O O O O O O,B-PUBLIC-FIGURE O O O O O O O O O O O O O O O O O O O O O O O O O O O,[],"[('PUBLIC-FIGURE', 0, 0)]"
830,"this was always going to be inevitable with tim and greg ' s growing years . """,O O O O O O O O O O O O O O O O O,O O O O O O O O B-PUBLIC-FIGURE O B-PUBLIC-FIGURE O O O O O O,[],"[('PUBLIC-FIGURE', 8, 8), ('PUBLIC-FIGURE', 10, 10)]"
833,"of those lining up to replace hen ##man , the 17 - year - old murray , with four futures titles under his belt last year , looks the best long - term bet . """,O O O O O O O O O O O O O O O O O O O O O O O O O O O O O O O O O O O O,O O O O O O B-ATHLETE I-ATHLETE O O O O O O O B-ATHLETE O O O O O O O O O O O O O O O O O O O O,[],"[('ATHLETE', 6, 7), ('ATHLETE', 15, 15)]"
834,"murray is the one that looks like ##liest to take over tim ' s mantle , "" said bailey . """,O O O O O O O O O O O O O O O O O O O O O,B-ATHLETE O O O O O O O O O O B-ATHLETE O O O O O O B-BUSINESS-EXECUTIVE-MANAGER O O,[],"[('ATHLETE', 0, 0), ('ATHLETE', 11, 11), ('BUSINESS-EXECUTIVE-MANAGER', 18, 18)]"
836,"bog ##dan ##ovic , three years murray ' s senior , has had a more troubled time under britain ' s davis cup umbrella .",O O O O O O O O O O O O O O O O O O O O O O O O O,B-ATHLETE I-ATHLETE I-ATHLETE O O O B-ATHLETE O O O O O O O O O O O O O O O O O O,[],"[('ATHLETE', 0, 2), ('ATHLETE', 6, 6)]"
837,"while murray has been marked out as britain ' s golden boy , bog ##dan ##ovic was warned by the lawn tennis association for a lack of drive at the end of 2003 .",O O O O O O O O O O O O O O O O O O O O O O O O O O O O O O O O O O,O B-ATHLETE O O O O O O O O O O O B-ATHLETE I-ATHLETE I-ATHLETE O O O O O O O O O O O O O O O O O O,[],"[('ATHLETE', 1, 1), ('ATHLETE', 13, 15)]"
838,"and bailey said : "" despite that , alex is clearly talented as well , while ar ##vin ##d is another contender . """,O O O O O O O O O O O O O O O O O O O O O O O O,O B-PUBLIC-FIGURE O O O O O O B-ATHLETE O O O O O O O B-ATHLETE I-ATHLETE I-ATHLETE O O O O O,[],"[('PUBLIC-FIGURE', 1, 1), ('ATHLETE', 8, 8), ('ATHLETE', 16, 18)]"
843,howard and blair tax pledge clash tony blair has said voters will have to wait for labour ' s manifesto to see if the party has plans to increase tax .,O O O O O O B-POLITICIAN I-POLITICIAN O O O O O O O O O O O O O O O O O O O O O O O,B-POLITICIAN O B-POLITICIAN O O O B-POLITICIAN I-POLITICIAN O O O O O O O O O O O O O O O O O O O O O O O,"[('POLITICIAN', 6, 7)]","[('POLITICIAN', 0, 0), ('POLITICIAN', 2, 2), ('POLITICIAN', 6, 7)]"
845,"mr blair der ##ided tory claims they could cut £3 ##5 ##bn in "" waste ##ful spending "" saying the party had got its sums wrong .",O O O O O O O O O O O O O O O O O O O O O O O O O O O,O B-POLITICIAN O O O O O O O O O O O O O O O O O O O O O O O O O,[],"[('POLITICIAN', 1, 1)]"
847,"mr howard told mps that "" every independent expert "" from the international monetary fund to the institute of fiscal studies had suggested the "" government was spending more than it is raising and a labour chancellor would have to put up taxes "" .",O O O O O O O O O O O O O O O O O O O O O O O O O O O O O O O O O O O O O O O O O O O O O,O B-POLITICIAN O O O O O O O O O O O O O O O O O O O O O O O O O O O O O O O O O O O O O O O O O O O,[],"[('POLITICIAN', 1, 1)]"
848,"mr blair replied : "" i think they are wrong for this very simple reason : that the treasury forecast ##s on the economy have been proven right . """,O O O O O O O O O O O O O O O O O O O O O O O O O O O O O O,O B-POLITICIAN O O O O O O O O O O O O O O O O O O O O O O O O O O O O,[],"[('POLITICIAN', 1, 1)]"
852,but mr howard said voters faced a clear choice at the next election between more waste and more tax under labour and tory value for money and lower taxes .,O O O O O O O O O O O O O O O O O O O O O O O O O O O O O O,O O B-POLITICIAN O O O O O O O O O O O O O O O O O O O O O O O O O O O,[],"[('POLITICIAN', 2, 2)]"
854,"labour hit back at the tory proposals even before their publication with election coordinator alan mil ##burn accusing mr howard of producing a "" fraudulent prospect ##us "" .",O O O O O O O O O O O O O O B-POLITICIAN I-POLITICIAN I-POLITICIAN O O O O O O O O O O O O,O O O O O O O O O O O O O O B-POLITICIAN I-POLITICIAN I-POLITICIAN O O B-POLITICIAN O O O O O O O O O,"[('POLITICIAN', 14, 16)]","[('POLITICIAN', 14, 16), ('POLITICIAN', 19, 19)]"
855,parry re ##lish ##es an ##field challenge bbc sport reflects on the future for liverpool after our exclusive interview with chief executive rick parry .,O O O O O O O O O O O O O O O O O O O O O O B-BUSINESS-EXECUTIVE-MANAGER I-BUSINESS-EXECUTIVE-MANAGER O,B-PUBLIC-FIGURE O O O O O O O O O O O O O O O O O O O O O B-BUSINESS-EXECUTIVE-MANAGER I-BUSINESS-EXECUTIVE-MANAGER O,"[('BUSINESS-EXECUTIVE-MANAGER', 22, 23)]","[('PUBLIC-FIGURE', 0, 0), ('BUSINESS-EXECUTIVE-MANAGER', 22, 23)]"
856,chief executive parry is the man at the helm as liverpool reach the most crucial point in their recent history .,O O O O O O O O O O O O O O O O O O O O O,O O B-BUSINESS-EXECUTIVE-MANAGER O O O O O O O O O O O O O O O O O O,[],"[('BUSINESS-EXECUTIVE-MANAGER', 2, 2)]"
857,"parry has to deliver a new 60 , 000 - seat stadium in stanley park by 2007 amid claims of costs spiral ##ling above £1 ##20 ##m . he is also searching for an investment package of a size and stature that will restore liverpool to their place at european football ' s top table .",O O O O O O O O O O O O O O O O O O O O O O O O O O O O O O O O O O O O O O O O O O O O O O O O O O O O O O O O,B-PUBLIC-FIGURE O O O O O O O O O O O O O O O O O O O O O O O O O O O O O O O O O O O O O O O O O O O O O O O O O O O O O O O,[],"[('PUBLIC-FIGURE', 0, 0)]"
858,"but it is a challenge that appears to sit easily with parry , who has forged a reputation as one of football ' s most respected administrators since his days at the fledgling premier league .",O O O O O O O O O O O O O O O O O O O O O O O O O O O O O O O O O O O O,O O O O O O O O O O O B-PUBLIC-FIGURE O O O O O O O O O O O O O O O O O O O O O O O O,[],"[('PUBLIC-FIGURE', 11, 11)]"
860,"throw in the small matter of ward ##ing off every top club in world football as they eye captain steven ge ##rrard , and you can see parry is a man with a lot on his plate .",O O O O O O O O O O O O O O O O O O O B-ATHLETE I-ATHLETE I-ATHLETE O O O O O O O O O O O O O O O O,O O O O O O O O O O O O O O O O O O O B-ATHLETE I-ATHLETE I-ATHLETE O O O O O B-PUBLIC-FIGURE O O O O O O O O O O,"[('ATHLETE', 19, 21)]","[('ATHLETE', 19, 21), ('PUBLIC-FIGURE', 27, 27)]"
861,but in the comfort of a conference room deep inside liverpool ' s heartbeat - the ko ##p end - parry spoke to us with brutal honesty about the crucial months ahead .,O O O O O O O O O O O O O O O O O O O O O O O O O O O O O O O O O,O O O O O O O O O O O O O O O O O O O O B-PUBLIC-FIGURE O O O O O O O O O O O O,[],"[('PUBLIC-FIGURE', 20, 20)]"
864,"by business he means becoming title challenger ##s again , and locking the pieces together that will help return the trophy to liverpool is parry ' s mission .",O O O O O O O O O O O O O O O O O O O O O O O O O O O O O,O O O O O O O O O O O O O O O O O O O O O O O O B-PUBLIC-FIGURE O O O O,[],"[('PUBLIC-FIGURE', 24, 24)]"
865,parry has already successfully put one of those plank ##s in place in the form of new manager rafael ben ##ite ##z .,O O O O O O O O O O O O O O O O O O B-ATHLETE I-ATHLETE I-ATHLETE I-ATHLETE O,B-PUBLIC-FIGURE O O O O O O O O O O O O O O O O O B-BUSINESS-EXECUTIVE-MANAGER I-BUSINESS-EXECUTIVE-MANAGER I-BUSINESS-EXECUTIVE-MANAGER I-BUSINESS-EXECUTIVE-MANAGER O,"[('ATHLETE', 18, 21)]","[('PUBLIC-FIGURE', 0, 0), ('BUSINESS-EXECUTIVE-MANAGER', 18, 21)]"
867,ben ##ite ##z ' s early work has given parry renewed optimism about the years ahead .,O O O O O O O O O O O O O O O O O,B-BUSINESS-EXECUTIVE-MANAGER I-BUSINESS-EXECUTIVE-MANAGER I-BUSINESS-EXECUTIVE-MANAGER O O O O O O B-PUBLIC-FIGURE O O O O O O O,[],"[('BUSINESS-EXECUTIVE-MANAGER', 0, 2), ('PUBLIC-FIGURE', 9, 9)]"
869,"this will not come as news to parry , a lifelong liverpool supporter , but his quiet determination suggests he is no mood to be found wanting . . . captain ge ##rrard is central to liverpool ' s plans and parry ' s insistence that all offers will be refused is a firm statement of intent .",O O O O O O O O O O O O O O O O O O O O O O O O O O O O O O O O O O O O O O O O O O O O O O O O O O O O O O O O O O,O O O O O O O B-PUBLIC-FIGURE O O O O O O O O O O O O O O O O O O O O O O O B-ATHLETE I-ATHLETE O O O O O O O O B-PUBLIC-FIGURE O O O O O O O O O O O O O O O O,[],"[('PUBLIC-FIGURE', 7, 7), ('ATHLETE', 31, 32), ('PUBLIC-FIGURE', 41, 41)]"
870,"as ever , the player will have the final say , and parry acknowledges that , but he is determined to provide the framework and environment for liverpool and ge ##rrard to flourish .",O O O O O O O O O O O O O O O O O O O O O O O O O O O O O O O O O O,O O O O O O O O O O O O B-PUBLIC-FIGURE O O O O O O O O O O O O O O O O B-ATHLETE I-ATHLETE O O O,[],"[('PUBLIC-FIGURE', 12, 12), ('ATHLETE', 29, 30)]"
871,"in terms of the search for new investment , hawk ##point were appointed as advisors to flush out interest in march 2004 .",O O O O O O O O O O O O O O O O O O O O O O O,O O O O O O O O O B-BUSINESS-EXECUTIVE-MANAGER I-BUSINESS-EXECUTIVE-MANAGER O O O O O O O O O O O O,[],"[('BUSINESS-EXECUTIVE-MANAGER', 9, 10)]"
872,"thailand prime minister tha ##ks ##in shin ##i ##wat ##ra came and went , while the most serious statement of intent came from ty ##co ##on and lifelong fan steve morgan .",O O O B-POLITICIAN I-POLITICIAN I-POLITICIAN I-POLITICIAN I-POLITICIAN I-POLITICIAN I-POLITICIAN O O O O O O O O O O O O O O O O O O O B-BUSINESS-EXECUTIVE-MANAGER I-BUSINESS-EXECUTIVE-MANAGER O,O O O B-POLITICIAN I-POLITICIAN I-POLITICIAN I-POLITICIAN I-POLITICIAN I-POLITICIAN I-POLITICIAN O O O O O O O O O O O O O O O O O O O B-PUBLIC-FIGURE I-PUBLIC-FIGURE O,"[('POLITICIAN', 3, 9), ('BUSINESS-EXECUTIVE-MANAGER', 29, 30)]","[('POLITICIAN', 3, 9), ('PUBLIC-FIGURE', 29, 30)]"
873,"morgan had a succession of bids rejected , having come close in the summer only for talks to break down over potential costs for the new stadium .",O O O O O O O O O O O O O O O O O O O O O O O O O O O O,B-BUSINESS-EXECUTIVE-MANAGER O O O O O O O O O O O O O O O O O O O O O O O O O O O,[],"[('BUSINESS-EXECUTIVE-MANAGER', 0, 0)]"
874,"bbc sport understands morgan is still ready and willing to invest in liverpool , and parry has kept the door aj ##ar despite currently seeking investment elsewhere .",O O O O O O O O O O O O O O O O O O O O O O O O O O O O,O O O B-BUSINESS-EXECUTIVE-MANAGER O O O O O O O O O O O B-PUBLIC-FIGURE O O O O O O O O O O O O,[],"[('BUSINESS-EXECUTIVE-MANAGER', 3, 3), ('PUBLIC-FIGURE', 15, 15)]"
875,"morgan , however , has had no formal contact with liverpool or their advisors since last december , blaming ind ##ec ##ision at board level as he publicly withdrew his £ ##70 ##m offer .",O O O O O O O O O O O O O O O O O O O O O O O O O O O O O O O O O O O,B-BUSINESS-EXECUTIVE-MANAGER O O O O O O O O O O O O O O O O O O O O O O O O O O O O O O O O O O,[],"[('BUSINESS-EXECUTIVE-MANAGER', 0, 0)]"
877,morgan will certainly not be making another call .,O O O O O O O O O,B-BUSINESS-EXECUTIVE-MANAGER O O O O O O O O,[],"[('BUSINESS-EXECUTIVE-MANAGER', 0, 0)]"
879,"parry meanwhile sees the new ground as crucial to liverpool ' s future , but is refusing to become emotionally attached to the idea .",O O O O O O O O O O O O O O O O O O O O O O O O O,B-PUBLIC-FIGURE O O O O O O O O O O O O O O O O O O O O O O O O,[],"[('PUBLIC-FIGURE', 0, 0)]"
881,"parry will pull back the moment the figures do not stack up , but there has been a vital new development in north london that has re - shaped liverpool ' s thinking .",O O O O O O O O O O O O O O O O O O O O O O O O O O O O O O O O O O,B-PUBLIC-FIGURE O O O O O O O O O O O O O O O O O O O O O O O O O O O O O O O O O,[],"[('PUBLIC-FIGURE', 0, 0)]"
883,"parry labelled the deal "" an eye - opener "" and admits liverpool would be missing a trick not to explore the possibilities .",O O O O O O O O O O O O O O O O O O O O O O O O,B-PUBLIC-FIGURE O O O O O O O O O O O O O O O O O O O O O O O,[],"[('PUBLIC-FIGURE', 0, 0)]"
887,£5 ##0 ##m for ge ##rrard ?,O O O O O O O,O O O O B-ATHLETE I-ATHLETE O,[],"[('ATHLETE', 4, 5)]"
889,"we cannot let that sum of money go , despite ge ##rrard ' s quality .",O O O O O O O O O O O O O O O O,O O O O O O O O O O B-ATHLETE I-ATHLETE O O O O,[],"[('ATHLETE', 10, 11)]"
890,"through a clever ##ly word ##ed statement , the club has effectively forced ge ##rrard to publicly make the decision for himself , which i think is the right thing to do .",O O O O O O O O O O O O O O O O O O O O O O O O O O O O O O O O O,O O O O O O O O O O O O O B-ATHLETE I-ATHLETE O O O O O O O O O O O O O O O O O O,[],"[('ATHLETE', 13, 14)]"
891,critical time for liverpool with regards to ge ##rrard .,O O O O O O O O O O,O O O O O O O B-ATHLETE I-ATHLETE O,[],"[('ATHLETE', 7, 8)]"
894,"£5 ##0 ##m realistic ##ally would allow raf ##a to completely rebuild the squad , however , if we can afford to do this and keep ge ##rrard we will be better for it .",O O O O O O O O O O O O O O O O O O O O O O O O O O O O O O O O O O O,O O O O O O O B-PUBLIC-FIGURE I-PUBLIC-FIGURE O O O O O O O O O O O O O O O O O B-ATHLETE I-ATHLETE O O O O O O O,[],"[('PUBLIC-FIGURE', 7, 8), ('ATHLETE', 26, 27)]"
895,i would however be happy with ge ##rrard ' s transfer for any fee over £3 ##5 ##m . parry ' s statements are clever in that any future ge ##rrard transfer cannot be con ##st ##rued as a lack of ambition by the club to not try and keep their best players .,O O O O O O O O O O O O O O O O O O O O O O O O O O O O O O O O O O O O O O O O O O O O O O O O O O O O O O,O O O O O O B-ATHLETE I-ATHLETE O O O O O O O O O O O B-PUBLIC-FIGURE O O O O O O O O O B-ATHLETE I-ATHLETE O O O O O O O O O O O O O O O O O O O O O O O,[],"[('ATHLETE', 6, 7), ('PUBLIC-FIGURE', 19, 19), ('ATHLETE', 29, 30)]"
896,up ##ping the ant ##e is another smart move by parry .,O O O O O O O O O O O O,O O O O O O O O O O B-PUBLIC-FIGURE O,[],"[('PUBLIC-FIGURE', 10, 10)]"
897,i would keep ge ##rrard .,O O O O O O,O O O B-ATHLETE I-ATHLETE O,[],"[('ATHLETE', 3, 4)]"
899,the key is if ge ##rrard comes out and says that he is happy .,O O O O O O O O O O O O O O O,O O O O B-ATHLETE I-ATHLETE O O O O O O O O O,[],"[('ATHLETE', 4, 5)]"
905,"video games are "" big business "" , the paper quoted mr cher ##nin as saying .",O O O O O O O O O O O O O O O O O,O O O O O O O O O O O O B-BUSINESS-EXECUTIVE-MANAGER I-BUSINESS-EXECUTIVE-MANAGER O O O,[],"[('BUSINESS-EXECUTIVE-MANAGER', 12, 13)]"
908,"the days of arcade classics such as space invaders , pac - man and donkey kong are long gone .",O O O O O O O O O O O O O O O O O O O O,O O O O O O O O O O B-MUSICIAN I-MUSICIAN I-MUSICIAN O O O O O O O,[],"[('MUSICIAN', 10, 12)]"
911,"mr cher ##nin , however , told the ft that news corp was finding it difficult to identify a suitable target . """,O O O O O O O O O O O O O O O O O O O O O O O,O B-BUSINESS-EXECUTIVE-MANAGER I-BUSINESS-EXECUTIVE-MANAGER O O O O O O O O O O O O O O O O O O O O,[],"[('BUSINESS-EXECUTIVE-MANAGER', 1, 2)]"
914,"blu ##nk ##ett sorry over murder plan david blu ##nk ##ett has ap ##olo ##gis ##ed to mps after the home office announced "" prematurely "" via press release a review of murder laws .",O O O O O O O B-POLITICIAN I-POLITICIAN I-POLITICIAN I-POLITICIAN O O O O O O O O O O O O O O O O O O O O O O O O,B-POLITICIAN I-POLITICIAN I-POLITICIAN O O O O B-POLITICIAN I-POLITICIAN I-POLITICIAN I-POLITICIAN O O O O O O O O O O O O O O O O O O O O O O O O,"[('POLITICIAN', 7, 10)]","[('POLITICIAN', 0, 2), ('POLITICIAN', 7, 10)]"
919,news of the review was released because it was thought mr blu ##nk ##ett would make the official announcement in a commons debate on wednesday .,O O O O O O O O O O O O O O O O O O O O O O O O O O,O O O O O O O O O O O B-POLITICIAN I-POLITICIAN I-POLITICIAN O O O O O O O O O O O O,[],"[('POLITICIAN', 11, 13)]"
921,"amid opposition anger , mr blu ##nk ##ett had to answer an emergency question in parliament on thursday .",O O O O O O O O O O O O O O O O O O O,O O O O O B-POLITICIAN I-POLITICIAN I-POLITICIAN O O O O O O O O O O O,[],"[('POLITICIAN', 5, 7)]"
933,"but speaking after the report was published , home office minister baroness scotland said : "" murder is the most serious of crimes and we have no intention of ab ##olis ##hing the mandatory life sentence . """,O O O O O O O O O O O B-POLITICIAN I-POLITICIAN O O O O O O O O O O O O O O O O O O O O O O O O O,O O O O O O O O O O O O O O O O O O O O O O O O O O O O O O O O O O O O O O,"[('POLITICIAN', 11, 12)]",[]
948,"mr baker , the li ##b dem environment spokesman , said : "" i have been warning for months that this would happen and raised it with government several times .",O O O O O O O O O O O O O O O O O O O O O O O O O O O O O O O,O B-POLITICIAN O O O O O O O O O O O O O O O O O O O O O O O O O O O O O,[],"[('POLITICIAN', 1, 1)]"
965,"the data is favourable , but a lot of jobs are temporary for the ( christmas ) holiday season , so we may see slightly higher job ##lessness in january and february , "" julio he ##ged ##us , chief economist with lo ##pes fi ##lho & associates consultancy in rio de jane ##ir , told reuters news agency .",O O O O O O O O O O O O O O O O O O O O O O O O O O O O O O O O O O B-PUBLIC-FIGURE I-PUBLIC-FIGURE I-PUBLIC-FIGURE I-PUBLIC-FIGURE O O O O O O O O O O O O O O O O O O O O O O,O O O O O O O O O O O O O O O O O O O O O O O O O O O O O O O O O O B-BUSINESS-EXECUTIVE-MANAGER I-BUSINESS-EXECUTIVE-MANAGER I-BUSINESS-EXECUTIVE-MANAGER I-BUSINESS-EXECUTIVE-MANAGER O O O O O O O O O O O O O O O O O O O O O O,"[('PUBLIC-FIGURE', 34, 37)]","[('BUSINESS-EXECUTIVE-MANAGER', 34, 37)]"
981,"it is the sort of move you would expect from walter , who is a can ##ny manager .",O O O O O O O O O O O O O O O O O O O,O O O O O O O O O O B-ATHLETE O O O O O O O O,[],"[('ATHLETE', 10, 10)]"
984,"john to ##sha ##ck has his first game in charge of wales , and it will be important for him to get a decent result against hungary .",B-ATHLETE I-ATHLETE I-ATHLETE I-ATHLETE O O O O O O O O O O O O O O O O O O O O O O O O,B-PUBLIC-FIGURE I-PUBLIC-FIGURE I-PUBLIC-FIGURE O O O O O O O O O O O O O O O O O O O O O O O O O,"[('ATHLETE', 0, 3)]","[('PUBLIC-FIGURE', 0, 2)]"
990,but you have got to remember sven - goran erik ##sson ' s side were given a lesson by spain in the last game they played .,O O O O O O B-ATHLETE I-ATHLETE I-ATHLETE I-ATHLETE I-ATHLETE O O O O O O O O O O O O O O O O,O O O O O O B-ATHLETE I-ATHLETE I-ATHLETE I-ATHLETE I-ATHLETE I-ATHLETE I-ATHLETE O O O O O O O O O O O O O O,"[('ATHLETE', 6, 10)]","[('ATHLETE', 6, 12)]"
996,"nike , whose products are endorsed by tiger woods among other sports stars , said "" demand continues to grow "" .",O O O O O O O B-ATHLETE I-ATHLETE O O O O O O O O O O O O O,O O O O O O O O O O O O O O O O O O O O O O,"[('ATHLETE', 7, 8)]",[]
1008,"it ' s about real people saying real things and communicating , "" says adam curry , former mtv v ##j and the pie ##d piper of podcast ##ing .",O O O O O O O O O O O O O O B-BUSINESS-EXECUTIVE-MANAGER I-BUSINESS-EXECUTIVE-MANAGER O O O O O O O O O O O O O O,O O O O O O O O O O O O O O B-PUBLIC-FIGURE I-PUBLIC-FIGURE O O O O O O O O O O O O O O,"[('BUSINESS-EXECUTIVE-MANAGER', 14, 15)]","[('PUBLIC-FIGURE', 14, 15)]"
1013,"it is totally going to kill the business model of radio , "" thinks curry . """,O O O O O O O O O O O O O O O O O,O O O O O O O O O O O O O O B-PUBLIC-FIGURE O O,[],"[('PUBLIC-FIGURE', 14, 14)]"
1027,curry ' s daily source code - which he committed to doing daily to inspire the community - has 10 ##s of thousands of listeners .,O O O O O O O O O O O O O O O O O O O O O O O O O O,B-PUBLIC-FIGURE O O O O O O O O O O O O O O O O O O O O O O O O O,[],"[('PUBLIC-FIGURE', 0, 0)]"
1028,but dave wine ##r is doubtful .,O B-AUTHOR-WRITER I-AUTHOR-WRITER I-AUTHOR-WRITER O O O,O B-MUSICIAN I-MUSICIAN I-MUSICIAN O O O,"[('AUTHOR-WRITER', 1, 3)]","[('MUSICIAN', 1, 3)]"
1038,"curry and associate ron bloom ' s new venture , called pods ##how , is to help ordinary people produce , post , distribute and market their podcast ##s .",O O O B-BUSINESS-EXECUTIVE-MANAGER I-BUSINESS-EXECUTIVE-MANAGER O O O O O O O O O O O O O O O O O O O O O O O O O,B-PUBLIC-FIGURE O O B-PUBLIC-FIGURE I-PUBLIC-FIGURE O O O O O O O O O O O O O O O O O O O O O O O O O,"[('BUSINESS-EXECUTIVE-MANAGER', 3, 4)]","[('PUBLIC-FIGURE', 0, 0), ('PUBLIC-FIGURE', 3, 4)]"
1042,"they have decided to sub ##scribe to your program , "" explains curry .",O O O O O O O O O O O O O O,O O O O O O O O O O O O B-PUBLIC-FIGURE O,[],"[('PUBLIC-FIGURE', 12, 12)]"
1052,"coffee - loving curry has sold $ 4 , 000 worth of coffee machines through a refer ##ral link to amazon from his site .",O O O O O O O O O O O O O O O O O O O O O O O O O,O O O B-PUBLIC-FIGURE O O O O O O O O O O O O O O O O O O O O O,[],"[('PUBLIC-FIGURE', 3, 3)]"
1054,"one , eric rice , has won sponsorship from warner bros . he can now legally play the music of a band warner bros wants to push .",O O B-PUBLIC-FIGURE I-PUBLIC-FIGURE O O O O O O O O O O O O O O O O O O O O O O O O,O O B-MUSICIAN I-MUSICIAN O O O O O O O O O O O O O O O O O O O O O O O O,"[('PUBLIC-FIGURE', 2, 3)]","[('MUSICIAN', 2, 3)]"
1058,"the creative forces behind radio are el ##ated , says curry .",O O O O O O O O O O O O,O O O O O O O O O O B-PUBLIC-FIGURE O,[],"[('PUBLIC-FIGURE', 10, 10)]"
1062,"the falcons were 22 - 6 down at the break before tai ##t , recently axe ##d by england after just one six nations outing , inspired his side to a 27 - 22 lead .",O O O O O O O O O O O O O O O O O O O O O O O O O O O O O O O O O O O O,O O O O O O O O O O O B-ATHLETE I-ATHLETE O O O O O O O O O O O O O O O O O O O O O O O,[],"[('ATHLETE', 11, 12)]"
1067,the former all black broke clear and popped the ball up for tai ##t on halfway .,O O O O O O O O O O O O O O O O O,O O O O O O O O O O O O B-ATHLETE I-ATHLETE O O O,[],"[('ATHLETE', 12, 13)]"
1068,"he chip ##ped ahead for michael stephenson to sc ##or ##ch through for the try , which wal ##der converted to give newcastle a life ##line .",O O O O O B-ATHLETE I-ATHLETE O O O O O O O O O O O O O O O O O O O O,O O O O O B-ATHLETE I-ATHLETE O O O O O O O O O O B-ATHLETE I-ATHLETE O O O O O O O O,"[('ATHLETE', 5, 6)]","[('ATHLETE', 5, 6), ('ATHLETE', 17, 18)]"
1069,"they grabbed it with both hands , mayer ##hof ##ler breaking through and tai ##t making a brilliant early run to cut inside and race 30 ##m to score .",O O O O O O O O O O O O O O O O O O O O O O O O O O O O O O,O O O O O O O B-ATHLETE I-ATHLETE I-ATHLETE O O O B-ATHLETE I-ATHLETE O O O O O O O O O O O O O O O,[],"[('ATHLETE', 7, 9), ('ATHLETE', 13, 14)]"
1070,wal ##der converted to make it 22 - 20 before he was just wide with a 40 ##m penalty in the 70th minute .,O O O O O O O O O O O O O O O O O O O O O O O O,B-ATHLETE I-ATHLETE O O O O O O O O O O O O O O O O O O O O O O,[],"[('ATHLETE', 0, 1)]"
1071,"mayer ##hof ##ler then sc ##ythe ##d through the middle for a try after hall charlton popped the ball up , and wal ##der ' s conversion took newcastle 27 - 22 ahead .",O O O O O O O O O O O O O O B-ATHLETE I-ATHLETE O O O O O O O O O O O O O O O O O O,B-ATHLETE I-ATHLETE I-ATHLETE O O O O O O O O O O O B-ATHLETE I-ATHLETE O O O O O O B-ATHLETE I-ATHLETE O O O O O O O O O O,"[('ATHLETE', 14, 15)]","[('ATHLETE', 0, 2), ('ATHLETE', 14, 15), ('ATHLETE', 22, 23)]"
1072,"with three minutes of normal time left , na ##rra ##way was driven over for a try in the corner which level ##led the scores at 27 - 27 .",O O O O O O O O O O O O O O O O O O O O O O O O O O O O O O,O O O O O O O O B-ATHLETE I-ATHLETE I-ATHLETE O O O O O O O O O O O O O O O O O O O,[],"[('ATHLETE', 8, 10)]"
1073,henry missed the conversion but gloucester nearly won it when ki ##ole broke through only to be hauled down by charlton and tom may .,O O O O O O O O O O O O O O O O O O O O O O B-ATHLETE I-ATHLETE O,B-ATHLETE O O O O O O O O O B-ATHLETE I-ATHLETE O O O O O O O O O O B-ATHLETE I-ATHLETE O,"[('ATHLETE', 22, 23)]","[('ATHLETE', 0, 0), ('ATHLETE', 10, 11), ('ATHLETE', 22, 23)]"
1074,"wal ##der ; may , tai ##t , mayer ##hof ##ler , stephenson ; wilkinson , grind ##al ; isaac ##son , long , ward ; gross , hamilton ; mccarthy , harris , dow ##son .",O O O O O O O O O O O O O O B-ATHLETE O O O O O O O O O O O O O O O O O O O O O O,B-ATHLETE I-ATHLETE O B-ATHLETE O B-ATHLETE I-ATHLETE O B-ATHLETE I-ATHLETE I-ATHLETE O B-ATHLETE O B-ATHLETE O B-ATHLETE I-ATHLETE O B-ATHLETE I-ATHLETE O B-ATHLETE O B-ATHLETE O B-ATHLETE O B-ATHLETE O B-ATHLETE O B-ATHLETE O B-ATHLETE I-ATHLETE O,"[('ATHLETE', 14, 14)]","[('ATHLETE', 0, 1), ('ATHLETE', 3, 3), ('ATHLETE', 5, 6), ('ATHLETE', 8, 10), ('ATHLETE', 12, 12), ('ATHLETE', 14, 14), ('ATHLETE', 16, 17), ('ATHLETE', 19, 20), ('ATHLETE', 22, 22), ('ATHLETE', 24, 24), ('ATHLETE', 26, 26), ('ATHLETE', 28, 28), ('ATHLETE', 30, 30), ('ATHLETE', 32, 32), ('ATHLETE', 34, 35)]"
1075,"replacements : peel , wilson , thompson , par ##ling , sit ##iti , charlton , shaw .",O O O O O O O O O O O O O O O O O O,O O B-ATHLETE O B-ATHLETE O B-ATHLETE O B-ATHLETE I-ATHLETE O B-ATHLETE I-ATHLETE O O O B-ATHLETE O,[],"[('ATHLETE', 2, 2), ('ATHLETE', 4, 4), ('ATHLETE', 6, 6), ('ATHLETE', 8, 9), ('ATHLETE', 11, 12), ('ATHLETE', 16, 16)]"
1076,"good ##ridge ; ga ##r ##vey , simpson - daniel , fan ##ol ##ua , ki ##ole ; paul , go ##mar ##sal ##l ; wood , cu ##rnier , powell ; eu ##sta ##ce , brown ; forrest ##er , bu ##xton , bald ##ing .",O O O O O O O O O O O O O O O O O O O O O O O O O O O O O O O O O O O O O O O O O O O O O O O,O O O B-ATHLETE I-ATHLETE I-ATHLETE O B-ATHLETE I-ATHLETE I-ATHLETE O B-ATHLETE I-ATHLETE I-ATHLETE O B-ATHLETE I-ATHLETE O B-ATHLETE O B-ATHLETE I-ATHLETE I-ATHLETE I-ATHLETE O B-ATHLETE O B-ATHLETE I-ATHLETE O B-ATHLETE O B-ATHLETE I-ATHLETE I-ATHLETE O B-ATHLETE O B-ATHLETE I-ATHLETE O B-ATHLETE I-ATHLETE O B-ATHLETE I-ATHLETE O,[],"[('ATHLETE', 3, 5), ('ATHLETE', 7, 9), ('ATHLETE', 11, 13), ('ATHLETE', 15, 16), ('ATHLETE', 18, 18), ('ATHLETE', 20, 23), ('ATHLETE', 25, 25), ('ATHLETE', 27, 28), ('ATHLETE', 30, 30), ('ATHLETE', 32, 34), ('ATHLETE', 36, 36), ('ATHLETE', 38, 39), ('ATHLETE', 41, 42), ('ATHLETE', 44, 45)]"
1077,"replacements : el ##low ##ay , si ##gley , corn ##well , na ##rra ##way , page , davies , ma ##uge ##r .",O O O O O O O O O O O O O O O O O O O O O O O O,O O B-ATHLETE I-ATHLETE I-ATHLETE O B-ATHLETE I-ATHLETE O B-ATHLETE I-ATHLETE O B-ATHLETE I-ATHLETE I-ATHLETE O B-ATHLETE O B-ATHLETE O B-ATHLETE I-ATHLETE I-ATHLETE O,[],"[('ATHLETE', 2, 4), ('ATHLETE', 6, 7), ('ATHLETE', 9, 10), ('ATHLETE', 12, 14), ('ATHLETE', 16, 16), ('ATHLETE', 18, 18), ('ATHLETE', 20, 22)]"
1082,""" if the bandwidth is there then is ##ps will buy it , "" said jill finger , a research director at analyst firm id ##c .",O O O O O O O O O O O O O O O B-AUTHOR-WRITER I-AUTHOR-WRITER O O O O O O O O O O,O O O O O O O O O O O O O O O B-BUSINESS-EXECUTIVE-MANAGER I-BUSINESS-EXECUTIVE-MANAGER O O O O O O O O O O,"[('AUTHOR-WRITER', 15, 16)]","[('BUSINESS-EXECUTIVE-MANAGER', 15, 16)]"
1085,"it has been losing market share and this could be one way of gaining some of that back , "" said ms finger .",O O O O O O O O O O O O O O O O O O O O O O O O,O O O O O O O O O O O O O O O O O O O O O O B-BUSINESS-EXECUTIVE-MANAGER O,[],"[('BUSINESS-EXECUTIVE-MANAGER', 22, 22)]"
1092,dent continues adelaide progress american taylor dent reached the final of the australian hard ##court event in adelaide with a crushing 6 - 1 6 - 1 win over argentine juan ignacio che ##la .,O O O O O B-ATHLETE I-ATHLETE O O O O O O O O O O O O O O O O O O O O O O O B-ATHLETE I-ATHLETE I-ATHLETE I-ATHLETE O,B-ATHLETE O O O O B-ATHLETE I-ATHLETE O O O O O O O O O O O O O O O O O O O O O O O B-ATHLETE I-ATHLETE I-ATHLETE I-ATHLETE O,"[('ATHLETE', 5, 6), ('ATHLETE', 30, 33)]","[('ATHLETE', 0, 0), ('ATHLETE', 5, 6), ('ATHLETE', 30, 33)]"
1093,dent will meet sw ##ede joachim johansson on sunday after the second seed survived a tense tie - break to defeat belgium ' s olivier roc ##hus 6 - 1 7 - 6 ( 7 / 5 ) .,O O O O O B-ATHLETE I-ATHLETE O O O O O O O O O O O O O O O O O B-ATHLETE I-ATHLETE I-ATHLETE O O O O O O O O O O O O,B-ATHLETE O O O O B-ATHLETE I-ATHLETE O O O O O O O O O O O O O O O O O B-ATHLETE I-ATHLETE I-ATHLETE O O O O O O O O O O O O,"[('ATHLETE', 5, 6), ('ATHLETE', 24, 26)]","[('ATHLETE', 0, 0), ('ATHLETE', 5, 6), ('ATHLETE', 24, 26)]"
1094,"johansson , the boyfriend of ll ##ey ##ton hewitt ' s sister ja ##sl ##yn , received strong crowd support on saturday . """,O O O O O B-ATHLETE I-ATHLETE I-ATHLETE I-ATHLETE O O O O O O O O O O O O O O O,B-PUBLIC-FIGURE O O O O B-ATHLETE I-ATHLETE I-ATHLETE I-ATHLETE O O O O B-ATHLETE O O O O O O O O O O,"[('ATHLETE', 5, 8)]","[('PUBLIC-FIGURE', 0, 0), ('ATHLETE', 5, 8), ('ATHLETE', 13, 13)]"
1095,"it feels like home for me , because ja ##sl ##yn lives here , "" said johansson .",O O O O O O O O O O O O O O O O O O,O O O O O O O O B-ATHLETE I-ATHLETE I-ATHLETE O O O O O B-ATHLETE O,[],"[('ATHLETE', 8, 10), ('ATHLETE', 16, 16)]"
1096,"roc ##hus was leading 5 - 4 in the second set tie ##break but his concentration was ru ##ffled by a disputed line call and the match slipped away . """,O O O O O O O O O O O O O O O O O O O O O O O O O O O O O O O,B-ATHLETE I-ATHLETE O O O O O O O O O O O O O O O O O O O O O O O O O O O O O,[],"[('ATHLETE', 0, 1)]"
1098,"for me , it was clearly out , "" roc ##hus said .",O O O O O O O O O O O O O,O O O O O O O O O B-ATHLETE I-ATHLETE O O,[],"[('ATHLETE', 9, 10)]"
1099,"kennedy questions trust of blair li ##b dem leader charles kennedy has said voters now have a "" fundamental lack of trust "" of tony blair as prime minister .",O O O O O O O O O B-POLITICIAN I-POLITICIAN O O O O O O O O O O O O O B-POLITICIAN I-POLITICIAN O O O O,B-POLITICIAN O O O B-POLITICIAN O O O O B-POLITICIAN I-POLITICIAN O O O O O O O O O O O O O B-POLITICIAN I-POLITICIAN O O O O,"[('POLITICIAN', 9, 10), ('POLITICIAN', 24, 25)]","[('POLITICIAN', 0, 0), ('POLITICIAN', 4, 4), ('POLITICIAN', 9, 10), ('POLITICIAN', 24, 25)]"
1103,"mr kennedy said during his nearly 22 years in parliament he had seen prime ministers and party leaders come and go and knew the pit ##falls of british politics . """,O O O O O O O O O O O O O O O O O O O O O O O O O O O O O O O,O B-POLITICIAN O O O O O O O O O O O O O O O O O O O O O O O O O O O O O,[],"[('POLITICIAN', 1, 1)]"
1107,"but he said mr blair had lost the trust of the british people . """,O O O O O O O O O O O O O O O,O O O O B-POLITICIAN O O O O O O O O O O,[],"[('POLITICIAN', 4, 4)]"
1110,"mr kennedy also used his tv appearance to defend his party ' s plans to increase income tax to 50 % for those earning more than £100 , 000 , saying it would apply to just 1 % of the population .",O O O O O O O O O O O O O O O O O O O O O O O O O O O O O O O O O O O O O O O O O O,O B-POLITICIAN O O O O O O O O O O O O O O O O O O O O O O O O O O O O O O O O O O O O O O O O,[],"[('POLITICIAN', 1, 1)]"
1112,mr blair has already spent a day with five and michael howard is booked for a similar session .,O O O O O O O O O O B-POLITICIAN I-POLITICIAN O O O O O O O,O B-POLITICIAN O O O O O O O O B-POLITICIAN I-POLITICIAN O O O O O O O,"[('POLITICIAN', 10, 11)]","[('POLITICIAN', 1, 1), ('POLITICIAN', 10, 11)]"
1136,"mr k ##ho ##dor ##kovsky , once russia ' s richest man , is in prison , having been charged with fraud and tax eva ##sion and repeatedly denied bail .",O O O O O O O O O O O O O O O O O O O O O O O O O O O O O O O,O B-BUSINESS-EXECUTIVE-MANAGER I-BUSINESS-EXECUTIVE-MANAGER I-BUSINESS-EXECUTIVE-MANAGER I-BUSINESS-EXECUTIVE-MANAGER O O O O O O O O O O O O O O O O O O O O O O O O O O,[],"[('BUSINESS-EXECUTIVE-MANAGER', 1, 4)]"
1140,"but , a spokesman for the prosecutor , new york state com ##pt ##roller alan he ##ves ##i , said no formal agreement had been made .",O O O O O O O O O O O O O O B-POLITICIAN I-POLITICIAN I-POLITICIAN I-POLITICIAN O O O O O O O O O,O O O O O O O O O O O O O O B-PUBLIC-FIGURE I-PUBLIC-FIGURE I-PUBLIC-FIGURE I-PUBLIC-FIGURE O O O O O O O O O,"[('POLITICIAN', 14, 17)]","[('PUBLIC-FIGURE', 14, 17)]"
1146,"the ten former outside directors are james allen , judith are ##en , carl a ##y ##cock , max bob ##bit ##t , clifford alexander , stil ##es ke ##llet ##t , gordon mack ##lin , john porter , lawrence tucker and the estate of john sid ##gm ##ore , who died last year .",O O O O O O B-BUSINESS-EXECUTIVE-MANAGER I-BUSINESS-EXECUTIVE-MANAGER O B-BUSINESS-EXECUTIVE-MANAGER I-BUSINESS-EXECUTIVE-MANAGER I-BUSINESS-EXECUTIVE-MANAGER O B-BUSINESS-EXECUTIVE-MANAGER I-BUSINESS-EXECUTIVE-MANAGER I-BUSINESS-EXECUTIVE-MANAGER I-BUSINESS-EXECUTIVE-MANAGER O B-BUSINESS-EXECUTIVE-MANAGER I-BUSINESS-EXECUTIVE-MANAGER I-BUSINESS-EXECUTIVE-MANAGER I-BUSINESS-EXECUTIVE-MANAGER O B-BUSINESS-EXECUTIVE-MANAGER I-BUSINESS-EXECUTIVE-MANAGER O B-BUSINESS-EXECUTIVE-MANAGER I-BUSINESS-EXECUTIVE-MANAGER I-BUSINESS-EXECUTIVE-MANAGER I-BUSINESS-EXECUTIVE-MANAGER I-BUSINESS-EXECUTIVE-MANAGER O B-BUSINESS-EXECUTIVE-MANAGER I-BUSINESS-EXECUTIVE-MANAGER I-BUSINESS-EXECUTIVE-MANAGER O B-BUSINESS-EXECUTIVE-MANAGER I-BUSINESS-EXECUTIVE-MANAGER O B-BUSINESS-EXECUTIVE-MANAGER I-BUSINESS-EXECUTIVE-MANAGER O O O O B-BUSINESS-EXECUTIVE-MANAGER I-BUSINESS-EXECUTIVE-MANAGER I-BUSINESS-EXECUTIVE-MANAGER I-BUSINESS-EXECUTIVE-MANAGER O O O O O O,O O O O O O B-PUBLIC-FIGURE I-PUBLIC-FIGURE O B-PUBLIC-FIGURE I-PUBLIC-FIGURE I-PUBLIC-FIGURE O B-PUBLIC-FIGURE I-PUBLIC-FIGURE I-PUBLIC-FIGURE I-PUBLIC-FIGURE O B-PUBLIC-FIGURE I-PUBLIC-FIGURE I-PUBLIC-FIGURE I-PUBLIC-FIGURE O B-PUBLIC-FIGURE I-PUBLIC-FIGURE O B-PUBLIC-FIGURE I-PUBLIC-FIGURE I-PUBLIC-FIGURE I-PUBLIC-FIGURE I-PUBLIC-FIGURE O B-PUBLIC-FIGURE I-PUBLIC-FIGURE I-PUBLIC-FIGURE O B-PUBLIC-FIGURE I-PUBLIC-FIGURE O B-PUBLIC-FIGURE I-PUBLIC-FIGURE O O O O B-BUSINESS-EXECUTIVE-MANAGER I-BUSINESS-EXECUTIVE-MANAGER I-BUSINESS-EXECUTIVE-MANAGER I-BUSINESS-EXECUTIVE-MANAGER O O O O O O,"[('BUSINESS-EXECUTIVE-MANAGER', 6, 7), ('BUSINESS-EXECUTIVE-MANAGER', 9, 11), ('BUSINESS-EXECUTIVE-MANAGER', 13, 16), ('BUSINESS-EXECUTIVE-MANAGER', 18, 21), ('BUSINESS-EXECUTIVE-MANAGER', 23, 24), ('BUSINESS-EXECUTIVE-MANAGER', 26, 30), ('BUSINESS-EXECUTIVE-MANAGER', 32, 34), ('BUSINESS-EXECUTIVE-MANAGER', 36, 37), ('BUSINESS-EXECUTIVE-MANAGER', 39, 40), ('BUSINESS-EXECUTIVE-MANAGER', 45, 48)]","[('PUBLIC-FIGURE', 6, 7), ('PUBLIC-FIGURE', 9, 11), ('PUBLIC-FIGURE', 13, 16), ('PUBLIC-FIGURE', 18, 21), ('PUBLIC-FIGURE', 23, 24), ('PUBLIC-FIGURE', 26, 30), ('PUBLIC-FIGURE', 32, 34), ('PUBLIC-FIGURE', 36, 37), ('PUBLIC-FIGURE', 39, 40), ('BUSINESS-EXECUTIVE-MANAGER', 45, 48)]"
1149,"two other outside former directors , bert roberts and francesco gale ##si , remain defendants in the lawsuit , said the newspaper .",O O O O O O B-BUSINESS-EXECUTIVE-MANAGER I-BUSINESS-EXECUTIVE-MANAGER O B-BUSINESS-EXECUTIVE-MANAGER I-BUSINESS-EXECUTIVE-MANAGER I-BUSINESS-EXECUTIVE-MANAGER O O O O O O O O O O O,O O O O O O B-ACTOR-DIRECTOR B-PUBLIC-FIGURE O B-PUBLIC-FIGURE I-PUBLIC-FIGURE I-PUBLIC-FIGURE O O O O O O O O O O O,"[('BUSINESS-EXECUTIVE-MANAGER', 6, 7), ('BUSINESS-EXECUTIVE-MANAGER', 9, 11)]","[('ACTOR-DIRECTOR', 6, 6), ('PUBLIC-FIGURE', 7, 7), ('PUBLIC-FIGURE', 9, 11)]"
1154,patricia hewitt is expected to call for the law banning the sale of 18 - rated games to children to be enforced better at a games industry meeting on sunday .,B-POLITICIAN I-POLITICIAN O O O O O O O O O O O O O O O O O O O O O O O O O O O O O,B-PUBLIC-FIGURE I-PUBLIC-FIGURE O O O O O O O O O O O O O O O O O O O O O O O O O O O O O,"[('POLITICIAN', 0, 1)]","[('PUBLIC-FIGURE', 0, 1)]"
1159,police investigating the stefan ' s murder dismissed its influence and man ##hun ##t was not part of its legal case .,O O O O O O O O O O O O O O O O O O O O O O,O O O B-MUSICIAN O O O O O O O B-AUTHOR-WRITER I-AUTHOR-WRITER I-AUTHOR-WRITER O O O O O O O O,[],"[('MUSICIAN', 3, 3), ('AUTHOR-WRITER', 11, 13)]"
1160,"ahead of sunday ' s meeting in london , ms hewitt said she was proud of the uk ' s "" vibrant games industry "" but was concerned too many children were playing games which should only be sold to adults .",O O O O O O O O O O O O O O O O O O O O O O O O O O O O O O O O O O O O O O O O O O,O O O O O O O O O O B-POLITICIAN O O O O O O O O O O O O O O O O O O O O O O O O O O O O O O O,[],"[('POLITICIAN', 10, 10)]"
1165,"ms hewitt said : "" adults should be treated as adults and children as children .",O O O O O O O O O O O O O O O O,O B-POLITICIAN O O O O O O O O O O O O O O,[],"[('POLITICIAN', 1, 1)]"
1178,rock band keane won sound of 2004 while us rapper 50 cent topped sound of 2003 .,O O O O O O O O O O O O O O O O O,O O O O O O O O O O B-MUSICIAN I-MUSICIAN O O O O O,[],"[('MUSICIAN', 10, 11)]"
1179,other new artists in this year ' s list include london indie group bloc party at second and uk rapper kan ##o third .,O O O O O O O O O O O O O O O O O O O O O O O O,O O O O O O O O O O O O O O O O O O O O B-MUSICIAN I-MUSICIAN O O,[],"[('MUSICIAN', 20, 21)]"
1184,"one of the experts to tip the bravery was the times ' music critic paul connolly , who said they were "" sp ##ik ##y but in love with pop "" .",O O O O O O O O O O O O O O B-AUTHOR-WRITER I-AUTHOR-WRITER O O O O O O O O O O O O O O O O,O O O O O O O O O O O O O O B-PUBLIC-FIGURE I-PUBLIC-FIGURE O O O O O O O O O O O O O O O O,"[('AUTHOR-WRITER', 14, 15)]","[('PUBLIC-FIGURE', 14, 15)]"
1185,"chris hawkins , host of bbc 6 music ' s chart show , said the band had "" great guitars and a mastery of the electro - clash sound "" . """,B-AUTHOR-WRITER I-AUTHOR-WRITER O O O O O O O O O O O O O O O O O O O O O O O O O O O O O O,B-PUBLIC-FIGURE I-PUBLIC-FIGURE O O O O O O O O O O O O O O O O O O O O O O O O O O O O O O,"[('AUTHOR-WRITER', 0, 1)]","[('PUBLIC-FIGURE', 0, 1)]"
1187,"nigel harding , head of music at london rock radio station x ##fm , said every track from their live set "" sounded like a potential single "" .",B-BUSINESS-EXECUTIVE-MANAGER I-BUSINESS-EXECUTIVE-MANAGER O O O O O O O O O O O O O O O O O O O O O O O O O O O,B-PUBLIC-FIGURE I-PUBLIC-FIGURE O O O O O O O O O O O O O O O O O O O O O O O O O O O,"[('BUSINESS-EXECUTIVE-MANAGER', 0, 1)]","[('PUBLIC-FIGURE', 0, 1)]"
1188,"un ##con ##ditional reached the summit of the station ' s listeners ' chart within a fort ##night of its first play , which mr harding described as "" an un ##heard of achievement for a debut single "" .",O O O O O O O O O O O O O O O O O O O O O O O O O O O O O O O O O O O O O O O O,O O O O O O O O O O O O O O O O O O O O O O O O O B-PUBLIC-FIGURE O O O O O O O O O O O O O O,[],"[('PUBLIC-FIGURE', 25, 25)]"
1189,"q magazine reviews editor ted ke ##ssler said they were "" pretty - boy new york clothes horses "" with "" an unusually ni ##mble ear for con ##cise , yearning pop in the mo ##uld of duran duran or the strokes "" .",O O O O B-AUTHOR-WRITER I-AUTHOR-WRITER I-AUTHOR-WRITER O O O O O O O O O O O O O O O O O O O O O O O O O O O O O O O O O O O O O,O O O O B-PUBLIC-FIGURE I-PUBLIC-FIGURE I-PUBLIC-FIGURE O O O O O O O O O O O O O O O O O O O O O O O O O O O O O O B-MUSICIAN I-MUSICIAN O O O O O,"[('AUTHOR-WRITER', 4, 6)]","[('PUBLIC-FIGURE', 4, 6), ('MUSICIAN', 37, 38)]"
1190,"other pun ##dit ##s to take part in the survey included bbc radio 1 dj trevor nelson , nme editor conor mc ##nic ##hol ##as , top of the pops presenter fear ##ne cotton , g ##las ##ton ##bury organise ##r emily ea ##vis and bbc radio 2 music editor colin martin .",O O O O O O O O O O O O O O O B-PUBLIC-FIGURE I-PUBLIC-FIGURE O O O B-AUTHOR-WRITER I-AUTHOR-WRITER I-AUTHOR-WRITER I-AUTHOR-WRITER I-AUTHOR-WRITER O O O O O O B-ACTOR-DIRECTOR I-ACTOR-DIRECTOR I-ACTOR-DIRECTOR O O O O O O O B-BUSINESS-EXECUTIVE-MANAGER I-BUSINESS-EXECUTIVE-MANAGER I-BUSINESS-EXECUTIVE-MANAGER O O O O O O B-BUSINESS-EXECUTIVE-MANAGER I-BUSINESS-EXECUTIVE-MANAGER O,O O O O O O O O O O O O O O O B-PUBLIC-FIGURE I-PUBLIC-FIGURE O O O B-AUTHOR-WRITER I-AUTHOR-WRITER I-AUTHOR-WRITER I-AUTHOR-WRITER I-AUTHOR-WRITER O O O O O O B-PUBLIC-FIGURE I-PUBLIC-FIGURE I-PUBLIC-FIGURE O O O O O O O B-PUBLIC-FIGURE I-PUBLIC-FIGURE I-PUBLIC-FIGURE O O O O O O B-PUBLIC-FIGURE I-PUBLIC-FIGURE O,"[('PUBLIC-FIGURE', 15, 16), ('AUTHOR-WRITER', 20, 24), ('ACTOR-DIRECTOR', 31, 33), ('BUSINESS-EXECUTIVE-MANAGER', 41, 43), ('BUSINESS-EXECUTIVE-MANAGER', 50, 51)]","[('PUBLIC-FIGURE', 15, 16), ('AUTHOR-WRITER', 20, 24), ('PUBLIC-FIGURE', 31, 33), ('PUBLIC-FIGURE', 41, 43), ('PUBLIC-FIGURE', 50, 51)]"
1191,"elsewhere on the top 10 , second - placed rock band bloc party began their rise after supporting franz ferdinand and uk garage mc kan ##o , in third , is signed to the streets ' record label .",O O O O O O O O O O O O O O O O O O O O O O O O O O O O O O O O O O O O O O O,O O O O O O O O O O O O O O O O O O B-MUSICIAN I-MUSICIAN O O O O O O O O O O O O O O O O O O O,[],"[('MUSICIAN', 18, 19)]"
1192,us rapper the game is hip - hop great dr dr ##e ' s latest protege while leeds group kaiser chiefs came fifth with a promise to lead a brit ##pop revival .,O O O O O O O O O B-MUSICIAN I-MUSICIAN I-MUSICIAN O O O O O O O O O O O O O O O O O O O O O,O O B-MUSICIAN I-MUSICIAN O O O O O B-MUSICIAN I-MUSICIAN I-MUSICIAN O O O O O O O O O O O O O O O O O O O O O,"[('MUSICIAN', 9, 11)]","[('MUSICIAN', 2, 3), ('MUSICIAN', 9, 11)]"
1193,"in last year ' s survey , keane were followed by franz ferdinand , razor ##light and jo ##ss stone in the top five - all of whom were virtually unknown outside the music industry at that point .",O O O O O O O O O O O O O O O O O O O O O O O O O O O O O O O O O O O O O O O,O O O O O O O O O O O B-MUSICIAN I-MUSICIAN O O O O B-MUSICIAN I-MUSICIAN I-MUSICIAN O O O O O O O O O O O O O O O O O O O,[],"[('MUSICIAN', 11, 12), ('MUSICIAN', 17, 19)]"
1198,venus stunned by far ##ina eli ##a venus williams suffered a first - round defeat for the first time in four years at the dubai championships .,O O O O O O O B-ATHLETE I-ATHLETE O O O O O O O O O O O O O O O O O O,B-ATHLETE O O B-ATHLETE I-ATHLETE I-ATHLETE I-ATHLETE I-ATHLETE I-ATHLETE O O O O O O O O O O O O O O O O O O,"[('ATHLETE', 7, 8)]","[('ATHLETE', 0, 0), ('ATHLETE', 3, 8)]"
1201,"martinez , 32 , beat shin ##ob ##u asa ##go ##e 6 - 4 6 - 4 and 18 - year - old mirza beat je ##lena ko ##stan ##ic 6 - 7 ( 7 - 2 ) 6 - 4 6 - 1 .",O O O O O B-ATHLETE I-ATHLETE I-ATHLETE I-ATHLETE I-ATHLETE I-ATHLETE O O O O O O O O O O O O O O B-ATHLETE I-ATHLETE I-ATHLETE I-ATHLETE I-ATHLETE O O O O O O O O O O O O O O O,B-ATHLETE O O O O B-ATHLETE I-ATHLETE I-ATHLETE I-ATHLETE I-ATHLETE I-ATHLETE O O O O O O O O O O O O B-ATHLETE O B-ATHLETE I-ATHLETE I-ATHLETE I-ATHLETE I-ATHLETE O O O O O O O O O O O O O O O,"[('ATHLETE', 5, 10), ('ATHLETE', 25, 29)]","[('ATHLETE', 0, 0), ('ATHLETE', 5, 10), ('ATHLETE', 23, 23), ('ATHLETE', 25, 29)]"
1202,"mirza , the first indian woman to win a wta tour title this month on home ground at hyderabad , will now face us open champion sv ##et ##lana ku ##z ##nets ##ova .",O O O O O O O O O O O O O O O O O O O O O O O O O O B-ATHLETE I-ATHLETE I-ATHLETE I-ATHLETE I-ATHLETE I-ATHLETE I-ATHLETE O,B-ATHLETE O O O O O O O O O O O O O O O O O O O O O O O O O B-ATHLETE I-ATHLETE I-ATHLETE I-ATHLETE I-ATHLETE I-ATHLETE I-ATHLETE O,"[('ATHLETE', 26, 32)]","[('ATHLETE', 0, 0), ('ATHLETE', 26, 32)]"
1204,"she ( ku ##z ##nets ##ova ) is a great player , "" she said . """,O O O O O O O O O O O O O O O O O,O O B-ATHLETE I-ATHLETE I-ATHLETE I-ATHLETE O O O O O O O O O O O,[],"[('ATHLETE', 2, 5)]"
1206,"williams though blamed her defeat by far ##ina eli ##a on injuries . """,O O O O O O O O O O O O O O,B-ATHLETE O O O O O B-ATHLETE I-ATHLETE I-ATHLETE I-ATHLETE O O O O,[],"[('ATHLETE', 0, 0), ('ATHLETE', 6, 9)]"
1212,"ge ##rva ##is writing simpsons episode the office ' s ricky ge ##rva ##is is writing an episode of hit us cartoon the simpsons , following an invitation from its creator matt gr ##oe ##ning .",O O O O O O O O O O B-ACTOR-DIRECTOR I-ACTOR-DIRECTOR I-ACTOR-DIRECTOR I-ACTOR-DIRECTOR O O O O O O O O O O O O O O O O O B-AUTHOR-WRITER I-AUTHOR-WRITER I-AUTHOR-WRITER I-AUTHOR-WRITER O,B-ACTOR-DIRECTOR I-ACTOR-DIRECTOR I-ACTOR-DIRECTOR O O O O O O O B-ACTOR-DIRECTOR I-ACTOR-DIRECTOR I-ACTOR-DIRECTOR I-ACTOR-DIRECTOR O O O O O O O O O O O O O O O O O B-ACTOR-DIRECTOR I-ACTOR-DIRECTOR I-ACTOR-DIRECTOR I-ACTOR-DIRECTOR O,"[('ACTOR-DIRECTOR', 10, 13), ('AUTHOR-WRITER', 31, 34)]","[('ACTOR-DIRECTOR', 0, 2), ('ACTOR-DIRECTOR', 10, 13), ('ACTOR-DIRECTOR', 31, 34)]"
1213,ge ##rva ##is has already begun writing the script but is keeping its subject matter a closely guarded secret .,O O O O O O O O O O O O O O O O O O O O,B-ACTOR-DIRECTOR I-ACTOR-DIRECTOR I-ACTOR-DIRECTOR O O O O O O O O O O O O O O O O O,[],"[('ACTOR-DIRECTOR', 0, 2)]"
1217,"gr ##oe ##ning recently heap ##ed praise on the office , saying : "" everybody on the simpsons is a fan of the office - it ' s one of the best shows on tv in the last decade . """,O O O O O O O O O O O O O O O O O O O O O O O O O O O O O O O O O O O O O O O O O,B-BUSINESS-EXECUTIVE-MANAGER I-BUSINESS-EXECUTIVE-MANAGER I-BUSINESS-EXECUTIVE-MANAGER O O O O O O O O O O O O O O O O O O O O O O O O O O O O O O O O O O O O O O,[],"[('BUSINESS-EXECUTIVE-MANAGER', 0, 2)]"
1218,"ge ##rva ##is has already said he would not guest star in the show as his office character david , having left him behind for good in the christmas specials .",O O O O O O O O O O O O O O O O O O B-PUBLIC-FIGURE O O O O O O O O O O O O,B-ACTOR-DIRECTOR I-ACTOR-DIRECTOR I-ACTOR-DIRECTOR O O O O O O O O O O O O O O O B-PUBLIC-FIGURE O O O O O O O O O O O O,"[('PUBLIC-FIGURE', 18, 18)]","[('ACTOR-DIRECTOR', 0, 2), ('PUBLIC-FIGURE', 18, 18)]"
1220,the first series won two golden globe ##s in 2004 for best comedy and best tv actor for ge ##rva ##is .,O O O O O O O O O O O O O O O O O O O O O O,O O O O O O O O O O O O O O O O O O B-ACTOR-DIRECTOR I-ACTOR-DIRECTOR I-ACTOR-DIRECTOR O,[],"[('ACTOR-DIRECTOR', 18, 20)]"
1221,in winning it beat the likes of sex and the city and will and grace .,O O O O O O O O O O O O O O O O,O O O O O O O O O O O O B-MUSICIAN O O O,[],"[('MUSICIAN', 12, 12)]"
1223,"at the british comedy awards on wednesday , ge ##rva ##is was handed a special achievement award for writing .",O O O O O O O O O O O O O O O O O O O O,O O O O O O O O B-ACTOR-DIRECTOR I-ACTOR-DIRECTOR I-ACTOR-DIRECTOR O O O O O O O O O,[],"[('ACTOR-DIRECTOR', 8, 10)]"
1225,matt gr ##oe ##ning was also at the awards to collect the award for best international comedy for the simpsons .,B-AUTHOR-WRITER I-AUTHOR-WRITER I-AUTHOR-WRITER I-AUTHOR-WRITER O O O O O O O O O O O O O O O O O,B-ACTOR-DIRECTOR I-ACTOR-DIRECTOR I-ACTOR-DIRECTOR I-ACTOR-DIRECTOR O O O O O O O O O O O O O O O O O,"[('AUTHOR-WRITER', 0, 3)]","[('ACTOR-DIRECTOR', 0, 3)]"
1226,cl ##ij ##sters could play aus ##sie open kim cl ##ij ##sters has denied reports that she has pulled out of january ' s australian open because of her persistent wrist injury .,O O O O O O O O B-ATHLETE I-ATHLETE I-ATHLETE I-ATHLETE O O O O O O O O O O O O O O O O O O O O O,B-ATHLETE I-ATHLETE I-ATHLETE O O O O O B-ATHLETE I-ATHLETE I-ATHLETE I-ATHLETE O O O O O O O O O O O O O O O O O O O O O,"[('ATHLETE', 8, 11)]","[('ATHLETE', 0, 2), ('ATHLETE', 8, 11)]"
1227,"open chief paul mc ##name ##e had said : "" kim ' s wrist obviously isn ' t going to be rehab ##ili ##tated . """,O O B-BUSINESS-EXECUTIVE-MANAGER I-BUSINESS-EXECUTIVE-MANAGER I-BUSINESS-EXECUTIVE-MANAGER I-BUSINESS-EXECUTIVE-MANAGER O O O O O O O O O O O O O O O O O O O O,O O B-PUBLIC-FIGURE I-PUBLIC-FIGURE I-PUBLIC-FIGURE I-PUBLIC-FIGURE O O O O B-ATHLETE O O O O O O O O O O O O O O O,"[('BUSINESS-EXECUTIVE-MANAGER', 2, 5)]","[('PUBLIC-FIGURE', 2, 5), ('ATHLETE', 10, 10)]"
1231,"despite being absent from the wta entry list for the tournament , which begins on 17 january , cl ##ij ##sters would be certain to get a wild card if she requested one .",O O O O O O O O O O O O O O O O O O O O O O O O O O O O O O O O O O,O O O O O O O O O O O O O O O O O O B-ATHLETE I-ATHLETE I-ATHLETE O O O O O O O O O O O O O,[],"[('ATHLETE', 18, 20)]"
1232,cl ##ij ##sters is still ranked 22nd in the world despite only playing a handful of matches last season .,O O O O O O O O O O O O O O O O O O O O,B-ATHLETE I-ATHLETE I-ATHLETE O O O O O O O O O O O O O O O O O,[],"[('ATHLETE', 0, 2)]"
1235,do ##kic has not played in the australian open since 2001 when she lost in the first round .,O O O O O O O O O O O O O O O O O O O,B-ATHLETE I-ATHLETE O O O O O O O O O O O O O O O O O,[],"[('ATHLETE', 0, 1)]"
1238,"wen ##ger de ##jected as arsenal slump arsenal manager ars ##ene wen ##ger claimed their display in the 3 - 1 defeat against bayern munich was "" our worst pe ##form ##ance in the champions league "" .",O O O O O O O O O B-ATHLETE I-ATHLETE I-ATHLETE I-ATHLETE O O O O O O O O O O O O O O O O O O O O O O O O O,B-ATHLETE I-ATHLETE O O O O O O O B-BUSINESS-EXECUTIVE-MANAGER I-BUSINESS-EXECUTIVE-MANAGER I-BUSINESS-EXECUTIVE-MANAGER I-BUSINESS-EXECUTIVE-MANAGER O O O O O O O O O O O O O O O O O O O O O O O O O,"[('ATHLETE', 9, 12)]","[('ATHLETE', 0, 1), ('BUSINESS-EXECUTIVE-MANAGER', 9, 12)]"
1239,"ko ##lo tour ##e ' s late goal gives the gunners hope for the second leg , but wen ##ger said : "" the only positive is that we are still in the tie . """,B-ATHLETE I-ATHLETE I-ATHLETE I-ATHLETE O O O O O O O O O O O O O O O O O O O O O O O O O O O O O O O O,B-ATHLETE I-ATHLETE I-ATHLETE I-ATHLETE I-ATHLETE I-ATHLETE O O O O O O O O O O O O B-ATHLETE I-ATHLETE O O O O O O O O O O O O O O O O,"[('ATHLETE', 0, 3)]","[('ATHLETE', 0, 5), ('ATHLETE', 18, 19)]"
1243,"goalscorer tour ##e was also at fault for two goals , and wen ##ger said : "" we need to help tour ##e rebuild his confidence as he is low at the moment . """,O O O O O O O O O O O O O O O O O O O O O O O O O O O O O O O O O O O,O B-ATHLETE I-ATHLETE O O O O O O O O O B-ATHLETE I-ATHLETE O O O O O O O B-ATHLETE I-ATHLETE O O O O O O O O O O O O,[],"[('ATHLETE', 1, 2), ('ATHLETE', 12, 13), ('ATHLETE', 21, 22)]"
1244,"wen ##ger also tried to stay upbeat himself , adding : "" but there is enough time for crying .",O O O O O O O O O O O O O O O O O O O O,B-MUSICIAN I-MUSICIAN O O O O O O O O O O O O O O O O O O,[],"[('MUSICIAN', 0, 1)]"
1248,but wen ##ger ' s bayern counterpart felix mag ##ath was in no mood to celebrate either .,O O O O O O O B-ATHLETE I-ATHLETE I-ATHLETE O O O O O O O O,O B-ATHLETE I-ATHLETE O O O O B-ATHLETE I-ATHLETE I-ATHLETE O O O O O O O O,"[('ATHLETE', 7, 9)]","[('ATHLETE', 1, 2), ('ATHLETE', 7, 9)]"
1258,"roxy music on isle of wight bill roxy music will appear at june ' s isle of wight music festival , along with morris ##sey , super ##grass and idle ##wil ##d .",O O O O O O O O O O O O O O O O O O O O O O O B-MUSICIAN I-MUSICIAN O O O O O O O O,O O O O O O O O O O O O O O O O O O O O O O O O O O O O O O O O O,"[('MUSICIAN', 23, 24)]",[]
1262,"roxy music were formed in 1971 by ferry , mackay and brian en ##o , with man ##zan ##era joining the following year .",O O O O O O O O O O O B-MUSICIAN I-MUSICIAN I-MUSICIAN O O O O O O O O O O,O O O O O O O B-MUSICIAN O B-MUSICIAN O B-MUSICIAN I-MUSICIAN I-MUSICIAN O O B-MUSICIAN I-MUSICIAN I-MUSICIAN O O O O O,"[('MUSICIAN', 11, 13)]","[('MUSICIAN', 7, 7), ('MUSICIAN', 9, 9), ('MUSICIAN', 11, 13), ('MUSICIAN', 16, 18)]"
1294,"gardener , darren campbell , marlon devon ##ish and mark lewis - francis have all been awarded mbe ##s after beating pre - race favourites usa to gold . """,O O B-ATHLETE I-ATHLETE O B-ATHLETE I-ATHLETE I-ATHLETE O B-ATHLETE I-ATHLETE I-ATHLETE I-ATHLETE O O O O O O O O O O O O O O O O O,B-ATHLETE O B-ATHLETE I-ATHLETE O B-ATHLETE I-ATHLETE I-ATHLETE O B-ATHLETE I-ATHLETE I-ATHLETE I-ATHLETE O O O O O O O O O O O O O O O O O,"[('ATHLETE', 2, 3), ('ATHLETE', 5, 7), ('ATHLETE', 9, 12)]","[('ATHLETE', 0, 0), ('ATHLETE', 2, 3), ('ATHLETE', 5, 7), ('ATHLETE', 9, 12)]"
1296,"this recognition is really inspiring and makes me want to have more success , "" said lewis - francis .",O O O O O O O O O O O O O O O O O O O O,O O O O O O O O O O O O O O O O B-ATHLETE I-ATHLETE I-ATHLETE O,[],"[('ATHLETE', 16, 18)]"
1298,"and when the usa stumbled with a poor switch between justin ga ##tl ##in and co ##by miller at the 300 ##m stage , britain edged ahead going into the final bend .",O O O O O O O O O O B-ATHLETE I-ATHLETE I-ATHLETE I-ATHLETE O B-ATHLETE I-ATHLETE I-ATHLETE O O O O O O O O O O O O O O O,O O O O O O O O O O B-ATHLETE I-ATHLETE I-ATHLETE I-ATHLETE O O O B-ATHLETE O O O O O O O O O O O O O O O,"[('ATHLETE', 10, 13), ('ATHLETE', 15, 17)]","[('ATHLETE', 10, 13), ('ATHLETE', 17, 17)]"
1299,"then , on cue , lewis - francis ran a textbook final leg , holding off maurice greene to bring team gb home in 38 . 07 seconds - just one hundred ##th of a second ahead of their rivals . """,O O O O O O O O O O O O O O O O B-ATHLETE I-ATHLETE O O O O O O O O O O O O O O O O O O O O O O O O,O O O O O B-ATHLETE I-ATHLETE I-ATHLETE O O O O O O O O B-ATHLETE I-ATHLETE O O O O O O O O O O O O O O O O O O O O O O O O,"[('ATHLETE', 16, 17)]","[('ATHLETE', 5, 7), ('ATHLETE', 16, 17)]"
1302,"gardener added : "" all of us had worked very hard for a long , long time to carry off what most believed was an impossible task . """,O O O O O O O O O O O O O O O O O O O O O O O O O O O O O,B-ATHLETE O O O O O O O O O O O O O O O O O O O O O O O O O O O O,[],"[('ATHLETE', 0, 0)]"
1307,"campbell agreed receiving the honour capped off what has been a difficult year for the sprinter . """,O O O O O O O O O O O O O O O O O O,B-ATHLETE O O O O O O O O O O O O O O O O O,[],"[('ATHLETE', 0, 0)]"
1311,"- there was also recognition for james clarke , chairman of the london marathon .",O O O O O O B-BUSINESS-EXECUTIVE-MANAGER I-BUSINESS-EXECUTIVE-MANAGER O O O O O O O,O O O O O O B-PUBLIC-FIGURE I-PUBLIC-FIGURE O O O O O O O,"[('BUSINESS-EXECUTIVE-MANAGER', 6, 7)]","[('PUBLIC-FIGURE', 6, 7)]"
1313,poll explains free - kick decision referee graham poll said he applied the laws of the game in allowing arsenal striker thierry henry ' s free - kick in sunday ' s 2 - 2 draw with chelsea .,O O O O O O O B-ATHLETE I-ATHLETE O O O O O O O O O O O O B-ATHLETE I-ATHLETE O O O O O O O O O O O O O O O O,B-PUBLIC-FIGURE O O O O O O B-PUBLIC-FIGURE I-PUBLIC-FIGURE O O O O O O O O O O O O B-ATHLETE I-ATHLETE O O O O O O O O O O O O O O O O,"[('ATHLETE', 7, 8), ('ATHLETE', 21, 22)]","[('PUBLIC-FIGURE', 0, 0), ('PUBLIC-FIGURE', 7, 8), ('ATHLETE', 21, 22)]"
1314,"keeper pet ##r ce ##ch was organising his defensive wall when henry ' s quick free - kick flew in , which angered chelsea . """,O B-ATHLETE I-ATHLETE I-ATHLETE I-ATHLETE O O O O O O O O O O O O O O O O O O O O O,O B-ATHLETE I-ATHLETE I-ATHLETE I-ATHLETE O O O O O O B-ATHLETE O O O O O O O O O O O O O O,"[('ATHLETE', 1, 4)]","[('ATHLETE', 1, 4), ('ATHLETE', 11, 11)]"
1316,i asked henry ' do you want a wall ? ' .,O O O O O O O O O O O O,O O B-PUBLIC-FIGURE O O O O O O O O O,[],"[('PUBLIC-FIGURE', 2, 2)]"
1319,"i said ' yes ' , "" said poll . """,O O O O O O O O O O O,O O O O O O O O B-PUBLIC-FIGURE O O,[],"[('PUBLIC-FIGURE', 8, 8)]"
1324,"the same thing happened when i referee ##d chelsea against west ham in an fa cup replay two years ago - when jimmy floyd has ##sel ##bain ##k scored - and i don ' t remember them complaining about that . """,O O O O O O O O O O O O O O O O O O O O O O B-ATHLETE I-ATHLETE I-ATHLETE I-ATHLETE I-ATHLETE I-ATHLETE O O O O O O O O O O O O O O,O O O O O O O O O O O O O O O O O O O O O O B-ATHLETE I-ATHLETE O O O B-ATHLETE O O O O O O O O O O O O O O,"[('ATHLETE', 22, 27)]","[('ATHLETE', 22, 23), ('ATHLETE', 27, 27)]"
1325,"henry explained why he paused before striking the ball for the goal , which put arsenal 2 - 1 ahead .",O O O O O O O O O O O O O O O O O O O O O,B-ATHLETE O O O O O O O O O O O O O O O O O O O O,[],"[('ATHLETE', 0, 0)]"
1326,"henry told bbc radio five live : "" the ref asked me if i wanted 10 yards or if i wanted to take it straight away and i said that i wanted to take it straight away .",O O O O O O O O O O O O O O O O O O O O O O O O O O O O O O O O O O O O O O,B-ATHLETE O O O O O O O O O O O O O O O O O O O O O O O O O O O O O O O O O O O O O,[],"[('ATHLETE', 0, 0)]"
1331,"former referees ' chief philip don backed poll ' s decision to allow the strike . """,O O O O B-ATHLETE I-ATHLETE O O O O O O O O O O O,O O O O B-PUBLIC-FIGURE I-PUBLIC-FIGURE O B-PUBLIC-FIGURE O O O O O O O O O,"[('ATHLETE', 4, 5)]","[('PUBLIC-FIGURE', 4, 5), ('PUBLIC-FIGURE', 7, 7)]"
1333,"on this occasion it was arsenal , "" don told bbc radio five live . """,O O O O O O O O O O O O O O O O,O O O O O O O O B-ATHLETE O O O O O O O,[],"[('ATHLETE', 8, 8)]"
1337,"don was head of the referees for the premier league and revealed all clubs were informed of free - kick options . """,O O O O O O O O O O O O O O O O O O O O O O O,B-PUBLIC-FIGURE O O O O O O O O O O O O O O O O O O O O O O,[],"[('PUBLIC-FIGURE', 0, 0)]"
1349,"in a speech to the foreign policy centre mr straw said of the tory leader : "" he is clever , fluent and tactical , but he is not wise . """,O O O O O O O O O O O O O O O O O O O O O O O O O O O O O O O O,O O O O O O O O O B-POLITICIAN O O O O O O O O O O O O O O O O O O O O O O,[],"[('POLITICIAN', 9, 9)]"
1351,"the foreign secretary told the bbc : "" i was making the observation that because of michael howard ' s imp ##et ##uo ##sity you can get lu ##rch ##es of policy . """,O O O O O O O O O O O O O O O O B-POLITICIAN I-POLITICIAN O O O O O O O O O O O O O O O O,O O O O O O O O O O O O O O O O B-POLITICIAN I-POLITICIAN I-POLITICIAN I-POLITICIAN O O O O O O O O O O O O O O,"[('POLITICIAN', 16, 17)]","[('POLITICIAN', 16, 19)]"
1357,"since 1997 , the reported average take - home income had "" risen by 20 % in real terms "" if you took out the self - employed , mr mil ##burn told bbc radio 4 ' s today programme .",O O O O O O O O O O O O O O O O O O O O O O O O O O O O O O O O O O O O O O O O O,O O O O O O O O O O O O O O O O O O O O O O O O O O O O O O B-POLITICIAN I-POLITICIAN O O O O O O O O O,[],"[('POLITICIAN', 30, 31)]"
1358,"mr brown also dismissed the figures insisting that the "" typical family "" has been much better off under labour .",O O O O O O O O O O O O O O O O O O O O O,O B-POLITICIAN O O O O O O O O O O O O O O O O O O O,[],"[('POLITICIAN', 1, 1)]"
1359,"sant ##ini resign ##s as spurs manager tottenham manager jacques sant ##ini has resigned for "" personal reasons "" .",O O O O O O O O O B-ATHLETE I-ATHLETE I-ATHLETE O O O O O O O O,B-ATHLETE I-ATHLETE O O O O O O O B-ATHLETE I-ATHLETE I-ATHLETE O O O O O O O O,"[('ATHLETE', 9, 11)]","[('ATHLETE', 0, 1), ('ATHLETE', 9, 11)]"
1361,"sant ##ini said : "" my time at tottenham has been memorable and it is with deep regret that i take my leave .",O O O O O O O O O O O O O O O O O O O O O O O O,B-ATHLETE I-ATHLETE O O O O O O O O O O O O O O O O O O O O O O,[],"[('ATHLETE', 0, 1)]"
1367,"ar ##nese ##n said the club were sad to see sant ##ini go : "" we are obviously disappointed that jacques is leaving us .",O O O O O O O O O O O O O O O O O O O O O O O O O,B-BUSINESS-EXECUTIVE-MANAGER I-BUSINESS-EXECUTIVE-MANAGER I-BUSINESS-EXECUTIVE-MANAGER O O O O O O O B-BUSINESS-EXECUTIVE-MANAGER I-BUSINESS-EXECUTIVE-MANAGER O O O O O O O O B-PUBLIC-FIGURE O O O O,[],"[('BUSINESS-EXECUTIVE-MANAGER', 0, 2), ('BUSINESS-EXECUTIVE-MANAGER', 10, 11), ('PUBLIC-FIGURE', 20, 20)]"
1369,"i can assure you that the club will act swiftly to mini ##mise the impact of jacques ' departure . """,O O O O O O O O O O O O O O O O O O O O O,O O O O O O O O O O O O O O O O B-BUSINESS-EXECUTIVE-MANAGER O O O O,[],"[('BUSINESS-EXECUTIVE-MANAGER', 16, 16)]"
1373,"campbell returns to election team ex - downing street media chief ala ##sta ##ir campbell will return to the fold to strengthen labour ' s general election campaign , the party has confirmed .",O O O O O O O O O O O B-PUBLIC-FIGURE I-PUBLIC-FIGURE I-PUBLIC-FIGURE I-PUBLIC-FIGURE O O O O O O O O O O O O O O O O O O O,B-PUBLIC-FIGURE O O O O O O O O O O B-PUBLIC-FIGURE I-PUBLIC-FIGURE I-PUBLIC-FIGURE I-PUBLIC-FIGURE O O O O O O O O O O O O O O O O O O O,"[('PUBLIC-FIGURE', 11, 14)]","[('PUBLIC-FIGURE', 0, 0), ('PUBLIC-FIGURE', 11, 14)]"
1374,"mr campbell has consistently made public his keen ##ness to play a part in the poll , expected in may .",O O O O O O O O O O O O O O O O O O O O O,O B-PUBLIC-FIGURE O O O O O O O O O O O O O O O O O O O,[],"[('PUBLIC-FIGURE', 1, 1)]"
1376,"he is a strong labour party member , "" mr prescott told bbc one ' s breakfast with frost programme .",O O O O O O O O O O O O O O O O O O O O O,O O O O O O O O O O B-POLITICIAN O O O O O O O O O O,[],"[('POLITICIAN', 10, 10)]"
1377,mr campbell quit number 10 in august 2003 after being tony blair ' s right - hand man at the 1997 and 2001 elections .,O O O O O O O O O O B-POLITICIAN I-POLITICIAN O O O O O O O O O O O O O,O B-PUBLIC-FIGURE O O O O O O O O B-POLITICIAN I-POLITICIAN I-POLITICIAN I-POLITICIAN O O O O O O O O O O O,"[('POLITICIAN', 10, 11)]","[('PUBLIC-FIGURE', 1, 1), ('POLITICIAN', 10, 13)]"
1378,"labour have refused to discuss his exact new position and have not said how it would affect his downing street replacement david hill . """,O O O O O O O O O O O O O O O O O O O O O B-PUBLIC-FIGURE I-PUBLIC-FIGURE O O,O O O O O O O O O O O O O O O O O O O O O B-POLITICIAN I-POLITICIAN O O,"[('PUBLIC-FIGURE', 21, 22)]","[('POLITICIAN', 21, 22)]"
1379,"of course ala ##sta ##ir ' s going to be part of the election campaign and i think that all of us who will also be part of the election campaign are very pleased about that , "" ms jo ##well told sky news .",O O O O O O O O O O O O O O O O O O O O O O O O O O O O O O O O O O O O O O O O O O O O O,O O B-POLITICIAN I-POLITICIAN I-POLITICIAN O O O O O O O O O O O O O O O O O O O O O O O O O O O O O O O O O O B-POLITICIAN I-POLITICIAN O O O O,[],"[('POLITICIAN', 2, 4), ('POLITICIAN', 39, 40)]"
1381,"this is the da ##ft thing about the way in which politics is written about , "" ms jo ##well added . """,O O O O O O O O O O O O O O O O O O O O O O O,O O O O O O O O O O O O O O O O O O B-POLITICIAN I-POLITICIAN O O O,[],"[('POLITICIAN', 18, 19)]"
1384,"a labour source told the sunday times mr campbell would "" effectively front "" the election media campaign but said he would be given no formal title .",O O O O O O O O O O O O O O O O O O O O O O O O O O O O,O O O O O O O O B-POLITICIAN O O O O O O O O O O O O O O O O O O O,[],"[('POLITICIAN', 8, 8)]"
1387,"making michael howard leader gives us an un ##mis ##sable opportunity to remind people what it was like to pay mortgage rates of 15 % even if it was more than a decade ago . """,O B-POLITICIAN I-POLITICIAN O O O O O O O O O O O O O O O O O O O O O O O O O O O O O O O O O,O B-POLITICIAN I-POLITICIAN I-POLITICIAN O O O O O O O O O O O O O O O O O O O O O O O O O O O O O O O O,"[('POLITICIAN', 1, 2)]","[('POLITICIAN', 1, 3)]"
1388,mr campbell was at the centre of the government ' s row with bbc over andrew gill ##igan ' s story about the iraq weapons dos ##sier .,O O O O O O O O O O O O O O O B-AUTHOR-WRITER I-AUTHOR-WRITER I-AUTHOR-WRITER O O O O O O O O O O,O B-PUBLIC-FIGURE O O O O O O O O O O O O O B-PUBLIC-FIGURE I-PUBLIC-FIGURE I-PUBLIC-FIGURE I-PUBLIC-FIGURE I-PUBLIC-FIGURE O O O O O O O O,"[('AUTHOR-WRITER', 15, 17)]","[('PUBLIC-FIGURE', 1, 1), ('PUBLIC-FIGURE', 15, 19)]"
1390,"since leaving downing street , he has toured the country with his one man show , an audience with ala ##sta ##ir campbell and presented a number of interview programmes for channel 4 .",O O O O O O O O O O O O O O O O O O O B-PUBLIC-FIGURE I-PUBLIC-FIGURE I-PUBLIC-FIGURE I-PUBLIC-FIGURE O O O O O O O O O O O,O O O O O O O O O O O O O O O O O O O B-POLITICIAN I-POLITICIAN I-POLITICIAN I-POLITICIAN O O O O O O O O O O O,"[('PUBLIC-FIGURE', 19, 22)]","[('POLITICIAN', 19, 22)]"
1391,robertson out to retain euro lure hearts manager john robertson hopes a place in the knock - out stages of the uefa cup could help keep some of his out - of - contract players at the club .,O O O O O O O O B-ATHLETE I-ATHLETE O O O O O O O O O O O O O O O O O O O O O O O O O O O O O,B-PUBLIC-FIGURE O O O O O O O B-PUBLIC-FIGURE I-PUBLIC-FIGURE O O O O O O O O O O O O O O O O O O O O O O O O O O O O O,"[('ATHLETE', 8, 9)]","[('PUBLIC-FIGURE', 0, 0), ('PUBLIC-FIGURE', 8, 9)]"
1396,"a win for robertson ' s side against fe ##ren ##c ##var ##os would put them through to the last 32 if bas ##le fail to beat fey ##eno ##ord . """,O O O O O O O O O O O O O O O O O O O O O O O O O O O O O O O O,O O O B-ATHLETE O O O O O O O O O O O O O O O O O O B-ATHLETE I-ATHLETE O O O O O O O O,[],"[('ATHLETE', 3, 3), ('ATHLETE', 22, 23)]"
1397,"it ' s very much the player ' s pre ##ro ##gative but the fact that we ' ve been playing european football for the last three or four years is obviously an incentive , "" added robertson . """,O O O O O O O O O O O O O O O O O O O O O O O O O O O O O O O O O O O O O O O O,O O O O O O O O O O O O O O O O O O O O O O O O O O O O O O O O O O O O O B-PUBLIC-FIGURE O O,[],"[('PUBLIC-FIGURE', 37, 37)]"
1399,"with the game being played at murray ##field instead of tyne ##castle because of uefa regulations , robertson sees both positive and negative aspects to the change of venue .",O O O O O O O O O O O O O O O O O O O O O O O O O O O O O O,O O O O O O O O O O O O O O O O O B-PUBLIC-FIGURE O O O O O O O O O O O O,[],"[('PUBLIC-FIGURE', 17, 17)]"
1408,"kennedy critic ##ises ' unfair ' taxes gordon brown has failed to tackle the "" fundamental unfair ##ness "" in the tax system in his ninth budget , charles kennedy has said .",O O O O O O O B-POLITICIAN I-POLITICIAN O O O O O O O O O O O O O O O O O O O B-POLITICIAN I-POLITICIAN O O O,B-POLITICIAN O O O O O O B-POLITICIAN I-POLITICIAN O O O O O O O O O O O O O O O O O O O B-POLITICIAN I-POLITICIAN O O O,"[('POLITICIAN', 7, 8), ('POLITICIAN', 28, 29)]","[('POLITICIAN', 0, 0), ('POLITICIAN', 7, 8), ('POLITICIAN', 28, 29)]"
1412,"speaking in the commons after mr brown had delivered what is widely thought to be the last budget before the general election , mr kennedy acknowledged that the uk was one of the most successful economies in the world .",O O O O O O O O O O O O O O O O O O O O O O O O O O O O O O O O O O O O O O O O,O O O O O O B-POLITICIAN O O O O O O O O O O O O O O O O O B-POLITICIAN O O O O O O O O O O O O O O O,[],"[('POLITICIAN', 6, 6), ('POLITICIAN', 24, 24)]"
1417,"on pensions , mr kennedy said it was a "" scandal "" that the system disc ##rim ##inated against women who had missed making national insurance payments when they were having children .",O O O O O O O O O O O O O O O O O O O O O O O O O O O O O O O O O,O O O O B-POLITICIAN O O O O O O O O O O O O O O O O O O O O O O O O O O O O,[],"[('POLITICIAN', 4, 4)]"
1419,"mr kennedy added his party ' s priorities of free long - term care for the elderly , ab ##olis ##hing top - up fees and replacing the council tax would be funded by charging 50 % income tax to those earning more than £100 , 000 per annum .",O O O O O O O O O O O O O O O O O O O O O O O O O O O O O O O O O O O O O O O O O O O O O O O O O O,O B-POLITICIAN O O O O O O O O O O O O O O O O O O O O O O O O O O O O O O O O O O O O O O O O O O O O O O O O,[],"[('POLITICIAN', 1, 1)]"
1420,he contrasted his approach with mr brown ' s pledge in 2001 not to increase income tax .,O O O O O O O O O O O O O O O O O O,O O O O O O B-POLITICIAN O O O O O O O O O O O,[],"[('POLITICIAN', 6, 6)]"
1422,"for most individuals , most families , most households , it adds up to exactly the same thing , "" said mr kennedy . """,O O O O O O O O O O O O O O O O O O O O O O O O O,O O O O O O O O O O O O O O O O O O O O O O B-POLITICIAN O O,[],"[('POLITICIAN', 22, 22)]"
1433,"an independent inquiry into its findings , the lyons review , is due to report back at the end of 2005 .",O O O O O O O O O O O O O O O O O O O O O O,O O O O O O O O B-PUBLIC-FIGURE O O O O O O O O O O O O O,[],"[('PUBLIC-FIGURE', 8, 8)]"
1444,"ga ##tl ##in and hayes win owen awards american olympic stars justin ga ##tl ##in and joanna hayes have been named the winners of the 2004 jesse owens awards , usa track & field ' s ( usa ##tf ) top honour .",O O O O O O O O O O O B-ATHLETE I-ATHLETE I-ATHLETE I-ATHLETE O B-ATHLETE I-ATHLETE O O O O O O O O B-ATHLETE I-ATHLETE O O O O O O O O O O O O O O O,B-ATHLETE I-ATHLETE I-ATHLETE O B-ATHLETE O O O O O O B-ATHLETE I-ATHLETE I-ATHLETE I-ATHLETE O B-ATHLETE I-ATHLETE O O O O O O O O O O O O O O O O O O O O O O O O O,"[('ATHLETE', 11, 14), ('ATHLETE', 16, 17), ('ATHLETE', 26, 27)]","[('ATHLETE', 0, 2), ('ATHLETE', 4, 4), ('ATHLETE', 11, 14), ('ATHLETE', 16, 17)]"
1445,"ga ##tl ##in , 22 , won the closest 100 ##m final in games history with a career - best time of 9 . 85 seconds in athens .",O O O O O O O O O O O O O O O O O O O O O O O O O O O O O,B-ATHLETE I-ATHLETE I-ATHLETE O O O O O O O O O O O O O O O O O O O O O O O O O O,[],"[('ATHLETE', 0, 2)]"
1447,"hayes , 27 , set an olympic record of 12 . 37 in winning the 100 ##m hurdles .",O O O O O O O O O O O O O O O O O O O,B-ATHLETE O O O O O O O O O O O O O O O O O O,[],"[('ATHLETE', 0, 0)]"
1450,"it is such a great honour to win the jesse owens award , "" said ga ##tl ##in . """,O O O O O O O O O B-ATHLETE I-ATHLETE O O O O O O O O O,O O O O O O O O O O O O O O O B-ATHLETE I-ATHLETE I-ATHLETE O O,"[('ATHLETE', 9, 10)]","[('ATHLETE', 15, 17)]"
1452,"hayes said : "" knowing some of the great people who have won this award before me and knowing what it represents , i feel a sense accomplishment and pride which lets me know that everything that i have worked for is and always will be worth it . """,O O O O O O O O O O O O O O O O O O O O O O O O O O O O O O O O O O O O O O O O O O O O O O O O O O,B-ACTOR-DIRECTOR O O O O O O O O O O O O O O O O O O O O O O O O O O O O O O O O O O O O O O O O O O O O O O O O O,[],"[('ACTOR-DIRECTOR', 0, 0)]"
1454,"the da vinci code claims jesus was not cr ##uc ##ified , but married mary magdalene and died a normal death .",O O O O O B-PUBLIC-FIGURE O O O O O O O O B-PUBLIC-FIGURE I-PUBLIC-FIGURE O O O O O O,O O B-AUTHOR-WRITER O O B-PUBLIC-FIGURE O O O O O O O O B-PUBLIC-FIGURE I-PUBLIC-FIGURE O O O O O O,"[('PUBLIC-FIGURE', 5, 5), ('PUBLIC-FIGURE', 14, 15)]","[('AUTHOR-WRITER', 2, 2), ('PUBLIC-FIGURE', 5, 5), ('PUBLIC-FIGURE', 14, 15)]"
1456,"the bishop of durham , the rt rev dr tom wright , described the novel as a "" great thriller "" but "" lou ##sy history "" .",O O O O O O O O O B-AUTHOR-WRITER I-AUTHOR-WRITER O O O O O O O O O O O O O O O O O,O O O O O O O O O B-PUBLIC-FIGURE I-PUBLIC-FIGURE O O O O O O O O O O O O O O O O O,"[('AUTHOR-WRITER', 9, 10)]","[('PUBLIC-FIGURE', 9, 10)]"
1458,"despite enjoying dan brown ' s conspiracy theory , the bishop said there was a lack of evidence to back up its claims .",O O B-AUTHOR-WRITER I-AUTHOR-WRITER O O O O O O O O O O O O O O O O O O O O,O O B-AUTHOR-WRITER I-AUTHOR-WRITER I-AUTHOR-WRITER I-AUTHOR-WRITER O O O O O O O O O O O O O O O O O O,"[('AUTHOR-WRITER', 2, 3)]","[('AUTHOR-WRITER', 2, 5)]"
1462,"the evidence for jesus and the origins of christianity is astonishing ##ly good , "" he said . """,O O O B-PUBLIC-FIGURE O O O O O O O O O O O O O O O,O O O O O O O O O O O O O O O O O O O,"[('PUBLIC-FIGURE', 3, 3)]",[]
1464,""" historical research shows that they present a coherent and thoroughly credible picture of jesus , with all sorts of incident ##al details that fit the time when he lived , and don ' t fit the world of later legend . """,O O O O O O O O O O O O O O B-PUBLIC-FIGURE O O O O O O O O O O O O O O O O O O O O O O O O O O O O,O O O O O O O O O O O O O O O O O O O O O O O O O O O O O O O O O O O O O O O O O O O,"[('PUBLIC-FIGURE', 14, 14)]",[]
1465,"brown ' s book has become a publishing phenomenon , consistently topping book charts in the uk and us .",O O O O O O O O O O O O O O O O O O O O,B-AUTHOR-WRITER O O O O O O O O O O O O O O O O O O O,[],"[('AUTHOR-WRITER', 0, 0)]"
1468,"boris opposes mayor apology ken livingstone should "" stick to his guns "" and not ap ##olo ##gis ##e for his "" nazi "" comment to a jewish reporter , tory mp boris johnson has insisted .",O O O O B-POLITICIAN I-POLITICIAN O O O O O O O O O O O O O O O O O O O O O O O O O O B-POLITICIAN I-POLITICIAN O O O,B-POLITICIAN O O O B-POLITICIAN I-POLITICIAN O O O O O O O O O O O O O O O O O O O O O O O O O O B-POLITICIAN I-POLITICIAN O O O,"[('POLITICIAN', 4, 5), ('POLITICIAN', 32, 33)]","[('POLITICIAN', 0, 0), ('POLITICIAN', 4, 5), ('POLITICIAN', 32, 33)]"
1469,"mr johnson also claimed tony blair ' s intervention in the row was "" an attempt to reassure jewish voters "" .",O O O O B-POLITICIAN I-POLITICIAN O O O O O O O O O O O O O O O O,O B-POLITICIAN O O B-POLITICIAN I-POLITICIAN I-POLITICIAN I-POLITICIAN O O O O O O O O O O O O O O,"[('POLITICIAN', 4, 5)]","[('POLITICIAN', 1, 1), ('POLITICIAN', 4, 7)]"
1470,"london mayor mr livingstone says he is "" standing by "" his remarks which likened an evening standard journalist to a "" concentration camp guard "" .",O O O O O O O O O O O O O O O O O O O O O O O O O O O,O O O B-POLITICIAN O O O O O O O O O O O O O O O O O O O O O O O,[],"[('POLITICIAN', 3, 3)]"
1471,but the prime minister says it is time for mr livingstone to say sorry .,O O O O O O O O O O O O O O O,O O O O O O O O O O B-POLITICIAN O O O O,[],"[('POLITICIAN', 10, 10)]"
1472,"labour ' s mr livingstone has said his comments may have been offensive but were not racist , and said earlier this week he would not ap ##olo ##gis ##e even if mr blair asked .",O O O O O O O O O O O O O O O O O O O O O O O O O O O O O O O O O O O O,O O O O B-POLITICIAN O O O O O O O O O O O O O O O O O O O O O O O O O O O O B-POLITICIAN O O,[],"[('POLITICIAN', 4, 4), ('POLITICIAN', 33, 33)]"
1474,"however , mr johnson , who was forced to ap ##olo ##gis ##e last year for an article in the magazine he edit ##s about liver ##pu ##dl ##ians gr ##ieving over the death of british hostage ken big ##ley , said mr blair "" should butt out of "" the row . """,O O O O O O O O O O O O O O O O O O O O O O O O O O O O O O O O O O O O O B-PUBLIC-FIGURE I-PUBLIC-FIGURE I-PUBLIC-FIGURE O O O O O O O O O O O O O O,O O O B-POLITICIAN O O O O O O O O O O O O O O O O O O O O O O O O O O O O O O O O O B-PUBLIC-FIGURE I-PUBLIC-FIGURE I-PUBLIC-FIGURE O O O B-POLITICIAN O O O O O O O O O O,"[('PUBLIC-FIGURE', 37, 39)]","[('POLITICIAN', 3, 3), ('PUBLIC-FIGURE', 37, 39), ('POLITICIAN', 43, 43)]"
1477,"mr johnson , mp for henley - on - thames , oxfordshire , said he suspected labour was now trying to reassure jewish voters "" because of this curious way in which labour seems to be trying to curry favour with di ##sil ##lusion ##ed muslim voters who may be di ##sil ##lusion ##ed about the war "" .",O O O O O O O O O O O O O O O O O O O O O O O O O O O O O O O O O O O O O O O O O O O O O O O O O O O O O O O O O O O,O B-POLITICIAN O O O O O O O O O O O O O O O O O O O O O O O O O O O O O O O O O O O O O O O O O O O O O O O O O O O O O O O O O,[],"[('POLITICIAN', 1, 1)]"
1478,""" ken doesn ' t think he ' s got anything to say sorry for and if that ' s really his feeling , then i think that he should stick to his guns , "" he said .",O O O O O O O O O O O O O O O O O O O O O O O O O O O O O O O O O O O O O O O,O B-PUBLIC-FIGURE O O O O O O O O O O O O O O O O O O O O O O O O O O O O O O O O O O O O O,[],"[('PUBLIC-FIGURE', 1, 1)]"
1479,"mr johnson ap ##olo ##gis ##ed last october for per ##pet ##uating an "" outdated stereo ##type "" of liverpool in the leader article on the death of mr big ##ley .",O O O O O O O O O O O O O O O O O O O O O O O O O O O O O O O O,O B-POLITICIAN O O O O O O O O O O O O O O O O O O O O O O O O O O O B-PUBLIC-FIGURE I-PUBLIC-FIGURE O,[],"[('POLITICIAN', 1, 1), ('PUBLIC-FIGURE', 29, 30)]"
1482,"mr johnson told today : "" it ' s perfectly true that i got into the grove ##lling game myself and when i ap ##olo ##gis ##ed there were some things that i felt i ought to say sorry for . . . there were also other things i didn ' t think i should ap ##olo ##gis ##e for , "" he said . """,O O O O O O O O O O O O O O O O O O O O O O O O O O O O O O O O O O O O O O O O O O O O O O O O O O O O O O O O O O O O O O O O O O,O B-PUBLIC-FIGURE O O O O O O O O O O O O O O O O O O O O O O O O O O O O O O O O O O O O O O O O O O O O O O O O O O O O O O O O O O O O O O O O,[],"[('PUBLIC-FIGURE', 1, 1)]"
1483,"but here ' s old ken - he ' s been cr ##ass , he ' s been ins ##ens ##itive and thug ##gis ##h and brutal in his language - but i don ' t think actually if you read what he said , although it was extraordinary and rude , i don ' t think he was actually anti - semitic . """,O O O O O O O O O O O O O O O O O O O O O O O O O O O O O O O O O O O O O O O O O O O O O O O O O O O O O O O O O O O O O O O O O,O O O O O B-AUTHOR-WRITER O O O O O O O O O O O O O O O O O O O O O O O O O O O O O O O O O O O O O O O O O O O O O O O O O O O O O O O O O O O,[],"[('AUTHOR-WRITER', 5, 5)]"
1484,singer ferguson ' facing ev ##iction ' three degrees star sheila ferguson is the favourite to be evicted from itv ' s i ' m a celebrity . . . get me out of here on monday .,O O O O O O O O O O B-MUSICIAN I-MUSICIAN O O O O O O O O O O O O O O O O O O O O O O O O O O,O B-MUSICIAN O O O O O O O O B-MUSICIAN I-MUSICIAN O O O O O O O O O O O O O O O O O O O O O O O O O O,"[('MUSICIAN', 10, 11)]","[('MUSICIAN', 1, 1), ('MUSICIAN', 10, 11)]"
1485,"book ##makers lad ##bro ##kes says the singer has even odds of being the first contestant to be voted off the show . """,O O O O O O O O O O O O O O O O O O O O O O O O,O O O B-PUBLIC-FIGURE I-PUBLIC-FIGURE O O O O O O O O O O O O O O O O O O O,[],"[('PUBLIC-FIGURE', 3, 4)]"
1486,"it ' s going to be close but sheila is favourite as she has shown herself to be a bit of a trouble ##maker , "" said lad ##bro ##kes ' warren lush .",O O O O O O O O O O O O O O O O O O O O O O O O O O O O O O O B-PUBLIC-FIGURE I-PUBLIC-FIGURE O,O O O O O O O O B-PUBLIC-FIGURE O O O O O O O O O O O O O O O O O O O O O O B-BUSINESS-EXECUTIVE-MANAGER I-BUSINESS-EXECUTIVE-MANAGER O,"[('PUBLIC-FIGURE', 31, 32)]","[('PUBLIC-FIGURE', 8, 8), ('BUSINESS-EXECUTIVE-MANAGER', 31, 32)]"
1487,comic joe pas ##qual ##e remains odds on favourite to win the reality show .,O B-ACTOR-DIRECTOR I-ACTOR-DIRECTOR I-ACTOR-DIRECTOR I-ACTOR-DIRECTOR O O O O O O O O O O,O B-AUTHOR-WRITER I-AUTHOR-WRITER I-AUTHOR-WRITER I-AUTHOR-WRITER O O O O O O O O O O,"[('ACTOR-DIRECTOR', 1, 4)]","[('AUTHOR-WRITER', 1, 4)]"
1488,mr lush added that nancy so ##rrell ' s chances of an early departure had increased since the surprise arrival of husband vic reeves in the jungle camp last wednesday .,O O O O B-PUBLIC-FIGURE I-PUBLIC-FIGURE I-PUBLIC-FIGURE O O O O O O O O O O O O O O O B-ACTOR-DIRECTOR I-ACTOR-DIRECTOR O O O O O O O,O O O O B-ACTOR-DIRECTOR I-ACTOR-DIRECTOR I-ACTOR-DIRECTOR O O O O O O O O O O O O O O O B-ACTOR-DIRECTOR I-ACTOR-DIRECTOR O O O O O O O,"[('PUBLIC-FIGURE', 4, 6), ('ACTOR-DIRECTOR', 22, 23)]","[('ACTOR-DIRECTOR', 4, 6), ('ACTOR-DIRECTOR', 22, 23)]"
1489,"notwithstanding , comedian reeves remains 3 / 1 favourite to win the show , after pas ##qual ##e .",O O O O O O O O O O O O O O O O O O O,O O O B-ACTOR-DIRECTOR O O O O O O O O O O O O O O O,[],"[('ACTOR-DIRECTOR', 3, 3)]"
1491,"there has been a big gamble on natalie [ appleton ] to go . . . but book ##ies fancy the millions at home will keep pi ##ling on the misery by putting her through more bush ##tu ##cker trials , "" added mr lush .",O O O O O O O O O O O O O O O O O O O O O O O O O O O O O O O O O O O O O O O O O O O O O O,O O O O O O O B-ACTOR-DIRECTOR O B-ACTOR-DIRECTOR O O O O O O O O O O O O O O O O O O O O O O O O O O O O O O O O O O B-BUSINESS-EXECUTIVE-MANAGER O,[],"[('ACTOR-DIRECTOR', 7, 7), ('ACTOR-DIRECTOR', 9, 9), ('BUSINESS-EXECUTIVE-MANAGER', 44, 44)]"
1493,"on friday , lad ##bro ##kes suspended betting after singer brian harvey quit the show f ##oll ##low ##ing a blazing row with janet street - porter .",O O O O O O O O O O B-MUSICIAN I-MUSICIAN O O O O O O O O O O O B-AUTHOR-WRITER I-AUTHOR-WRITER I-AUTHOR-WRITER I-AUTHOR-WRITER O,O O O O O O O O O O B-MUSICIAN I-MUSICIAN O O O O O O O O O O O B-PUBLIC-FIGURE I-PUBLIC-FIGURE I-PUBLIC-FIGURE I-PUBLIC-FIGURE O,"[('MUSICIAN', 10, 11), ('AUTHOR-WRITER', 23, 26)]","[('MUSICIAN', 10, 11), ('PUBLIC-FIGURE', 23, 26)]"
1494,"harvey , who entered the camp a day later than other contestants after learning that his grandmother had died , reached the end of his te ##ther following days of me ##ag ##re rations and rows .",O O O O O O O O O O O O O O O O O O O O O O O O O O O O O O O O O O O O O,B-PUBLIC-FIGURE O O O O O O O O O O O O O O O O O O O O O O O O O O O O O O O O O O O O,[],"[('PUBLIC-FIGURE', 0, 0)]"
1495,wine ##maker rejects foster ' s offer australian wine ##maker south ##corp has rejected a takeover offer worth 3 . 1b ##n australian dollars ( $ 2 . 3 ##bn ; £1 . 8 ##bn ) from brewing giant foster ' s group .,O O O O O O O O O O O O O O O O O O O O O O O O O O O O O O O O O O O O O O O O O O O O,O O O B-PUBLIC-FIGURE O O O O O O O O O O O O O O O O O O O O O O O O O O O O O O O O O O O O O O O O,[],"[('PUBLIC-FIGURE', 3, 3)]"
1497,the two companies held four days of talks after foster ' s bought an 18 . 8 % stake in south ##corp on 13 january .,O O O O O O O O O O O O O O O O O O O O O O O O O O,O O O O O O O O O B-BUSINESS-EXECUTIVE-MANAGER O O O O O O O O O O O O O O O O,[],"[('BUSINESS-EXECUTIVE-MANAGER', 9, 9)]"
1499,"south ##corp said foster ' s a $ 4 . 17 - a - share takeover proposal offered a "" excellent strategic fit "" but under ##val ##ue ##d the company . """,O O O O O O O O O O O O O O O O O O O O O O O O O O O O O O O O O,O O O B-PUBLIC-FIGURE O O O O O O O O O O O O O O O O O O O O O O O O O O O O O,[],"[('PUBLIC-FIGURE', 3, 3)]"
1501,"south ##corp said foster ' s takeover offer was "" op ##port ##uni ##stic "" .",O O O O O O O O O O O O O O O O,O O O B-BUSINESS-EXECUTIVE-MANAGER O O O O O O O O O O O O,[],"[('BUSINESS-EXECUTIVE-MANAGER', 3, 3)]"
1502,"however , it said that the offer may represent an ' opening bid ' , opening up the possibility of foster ' s returning with an improved offer .",O O O O O O O O O O O O O O O O O O O O O O O O O O O O O,O O O O O O O O O O O O O O O O O O O O B-PUBLIC-FIGURE O O O O O O O O,[],"[('PUBLIC-FIGURE', 20, 20)]"
1506,"foster ' s spent a $ 58 ##4 ##m on buying an 18 . 8 % stake in south ##corp from the o ##at ##ley family , which founded the rose ##mount estates business and later merged it into south ##corp .",O O O O O O O O O O O O O O O O O O O O O O O O O O O O O O O O O O O O O O O O O O,B-PUBLIC-FIGURE O O O O O O O O O O O O O O O O O O O O O B-PUBLIC-FIGURE I-PUBLIC-FIGURE I-PUBLIC-FIGURE O O O O O O O O O O O O O O O O O,[],"[('PUBLIC-FIGURE', 0, 0), ('PUBLIC-FIGURE', 22, 24)]"
1510,""" the approach is at an early stage and therefore does not require a response at this point , "" l ##se said .",O O O O O O O O O O O O O O O O O O O O O O O O,O O O O O O O O O O O O O O O O O O O O B-BUSINESS-EXECUTIVE-MANAGER I-BUSINESS-EXECUTIVE-MANAGER O O,[],"[('BUSINESS-EXECUTIVE-MANAGER', 20, 21)]"
1513,"l ##se saw its shares surge 4 . 9 % to a new high of 58 ##3 ##p in early trade , following the announcement on monday .",O O O O O O O O O O O O O O O O O O O O O O O O O O O O,B-BUSINESS-EXECUTIVE-MANAGER O O O O O O O O O O O O O O O O O O O O O O O O O O O,[],"[('BUSINESS-EXECUTIVE-MANAGER', 0, 0)]"
1523,lu ##ft ##han ##sa may sue over bush visit german airline lu ##ft ##han ##sa may sue federal agencies for damages after the arrival of us president george w bush disrupted flights .,O O O O O O O O O O O O O O O O O O O O O O O O O O O B-POLITICIAN I-POLITICIAN I-POLITICIAN O O O,O O O O O O O B-POLITICIAN O O O O O O O O O O O O O O O O O O O B-POLITICIAN I-POLITICIAN I-POLITICIAN O O O,"[('POLITICIAN', 27, 29)]","[('POLITICIAN', 7, 7), ('POLITICIAN', 27, 29)]"
1524,lu ##ft ##han ##sa said that it may lose millions of euros as a result of air force one landing at frankfurt airport .,O O O O O O O O O O O O O O O O O O O O O O O O,B-BUSINESS-EXECUTIVE-MANAGER I-BUSINESS-EXECUTIVE-MANAGER I-BUSINESS-EXECUTIVE-MANAGER I-BUSINESS-EXECUTIVE-MANAGER O O O O O O O O O O O O O O O O O O O O,[],"[('BUSINESS-EXECUTIVE-MANAGER', 0, 3)]"
1529,mr lambert ##y explained that the company did not plan to pursue germany ' s air traffic controllers ' organisation or the airport authority but wanted instead to see if it was possible to sue the german federal agencies that gave the orders .,O O O O O O O O O O O O O O O O O O O O O O O O O O O O O O O O O O O O O O O O O O O O,O B-BUSINESS-EXECUTIVE-MANAGER I-BUSINESS-EXECUTIVE-MANAGER O O O O O O O O O O O O O O O O O O O O O O O O O O O O O O O O O O O O O O O O O,[],"[('BUSINESS-EXECUTIVE-MANAGER', 1, 2)]"
1532,"central to the problem was that instead of half an hour , the arrival of president bush on the german leg of his european tour took the best part of an hour , lu ##ft ##han ##sa said .",O O O O O O O O O O O O O O O O O O O O O O O O O O O O O O O O O O O O O O O,O O O O O O O O O O O O O O O O B-POLITICIAN O O O O O O O O O O O O O O O O B-PUBLIC-FIGURE I-PUBLIC-FIGURE I-PUBLIC-FIGURE I-PUBLIC-FIGURE O O,[],"[('POLITICIAN', 16, 16), ('PUBLIC-FIGURE', 33, 36)]"
1534,the extra time taken by president bush and his entourage meant that there was a knock - on effect that led to significant delays .,O O O O O O O O O O O O O O O O O O O O O O O O O,O O O O O O B-POLITICIAN O O O O O O O O O O O O O O O O O O,[],"[('POLITICIAN', 6, 6)]"
1535,"mr lambert ##y said that 92 outgoing flights and 86 income flights were delayed by an average of an hour following president bush ' s arrival , affecting almost 17 , 000 passengers .",O O O O O O O O O O O O O O O O O O O O O O O O O O O O O O O O O O,O B-BUSINESS-EXECUTIVE-MANAGER I-BUSINESS-EXECUTIVE-MANAGER O O O O O O O O O O O O O O O O O O O B-POLITICIAN O O O O O O O O O O O,[],"[('BUSINESS-EXECUTIVE-MANAGER', 1, 2), ('POLITICIAN', 22, 22)]"
1536,"despite the problems , mr lambert ##y said that it was not certain that lu ##ft ##han ##sa would take legal action .",O O O O O O O O O O O O O O O O O O O O O O O,O O O O O B-BUSINESS-EXECUTIVE-MANAGER I-BUSINESS-EXECUTIVE-MANAGER O O O O O O O B-BUSINESS-EXECUTIVE-MANAGER I-BUSINESS-EXECUTIVE-MANAGER I-BUSINESS-EXECUTIVE-MANAGER I-BUSINESS-EXECUTIVE-MANAGER O O O O O,[],"[('BUSINESS-EXECUTIVE-MANAGER', 5, 6), ('BUSINESS-EXECUTIVE-MANAGER', 14, 17)]"
1538,"o ' ga ##ra kicked all of ireland ' s points , with two dropped goals and five penalties , to give the home side a 100 % record in their autumn internationals .",O O O O O O O O O O O O O O O O O O O O O O O O O O O O O O O O O O,B-ATHLETE I-ATHLETE I-ATHLETE I-ATHLETE O O O O O O O O O O O O O O O O O O O O O O O O O O O O O O,[],"[('ATHLETE', 0, 3)]"
1541,the well - drilled and sharpe ##r pu ##mas out - played and out - thought ireland in the early stages .,O O O O O O O O O O O O O O O O O O O O O O,O O O O O B-ATHLETE I-ATHLETE O O O O O O O O O O O O O O O,[],"[('ATHLETE', 5, 6)]"
1542,ind ##is ##ci ##plin ##e allowed argentina ' s leinster fly - half con ##te ##po ##mi to open the scoring in the third minute with a straightforward penalty .,O O O O O O O O O O O O O O O O O O O O O O O O O O O O O O,B-ATHLETE I-ATHLETE I-ATHLETE I-ATHLETE I-ATHLETE O O O O O O O O B-ATHLETE I-ATHLETE I-ATHLETE I-ATHLETE O O O O O O O O O O O O O,[],"[('ATHLETE', 0, 4), ('ATHLETE', 13, 16)]"
1544,ireland turned the ball over and manuel con ##te ##po ##mi broke through an un ##st ##ructured defence before feeding his midfield partner ara ##mb ##uru to sprint in under the posts .,O O O O O O B-ATHLETE I-ATHLETE I-ATHLETE I-ATHLETE I-ATHLETE O O O O O O O O O O O O O O O O O O O O O O,O O O O O O B-ATHLETE I-ATHLETE I-ATHLETE I-ATHLETE I-ATHLETE O O O O O O O O O O O O B-ATHLETE I-ATHLETE I-ATHLETE O O O O O O O,"[('ATHLETE', 6, 10)]","[('ATHLETE', 6, 10), ('ATHLETE', 23, 25)]"
1545,o ' ga ##ra finally got ireland on the board with a dropped goal in the ninth minute only for con ##te ##po ##mi to rifle over his second penalty two minutes later .,O O O O O O O O O O O O O O O O O O O O O O O O O O O O O O O O O O,B-ATHLETE I-ATHLETE I-ATHLETE I-ATHLETE O O O O O O O O O O O O O O O O B-ATHLETE I-ATHLETE I-ATHLETE I-ATHLETE O O O O O O O O O O,[],"[('ATHLETE', 0, 3), ('ATHLETE', 20, 23)]"
1547,"o ' ga ##ra managed to land his second penalty in the 36th minute , but once again con ##te ##po ##mi replied in kind four minutes into first - half injury time .",O O O O O O O O O O O O O O O O O O O O O O O O O O O O O O O O O O,B-ATHLETE I-ATHLETE I-ATHLETE I-ATHLETE O O O O O O O O O O O O O O B-ATHLETE I-ATHLETE I-ATHLETE I-ATHLETE O O O O O O O O O O O O,[],"[('ATHLETE', 0, 3), ('ATHLETE', 18, 21)]"
1549,"o ' ga ##ra rifle ##d over another penalty in the 45th minute , but con ##te ##po ##mi matched it three minutes later .",O O O O O O O O O O O O O O O O O O O O O O O O O,B-ATHLETE I-ATHLETE I-ATHLETE I-ATHLETE O O O O O O O O O O O B-ATHLETE I-ATHLETE I-ATHLETE I-ATHLETE O O O O O O,[],"[('ATHLETE', 0, 3), ('ATHLETE', 15, 18)]"
1551,ireland had to rely on o ' ga ##ra ' s boot to keep in touch rather than any con ##tri ##ved running plays .,O O O O O O O O O O O O O O O O O O O O O O O O O,O O O O O B-ATHLETE I-ATHLETE I-ATHLETE I-ATHLETE O O O O O O O O O O O O O O O O,[],"[('ATHLETE', 5, 8)]"
1554,o ' ga ##ra made no mistake as he rifle ##d over his fifth penalty to set up a tense final few minutes .,O O O O O O O O O O O O O O O O O O O O O O O O,B-ATHLETE I-ATHLETE I-ATHLETE I-ATHLETE O O O O O O O O O O O O O O O O O O O O,[],"[('ATHLETE', 0, 3)]"
1555,"but ireland showed great composure to get themselves into a position to allow o ' ga ##ra to thump over a massive drop goal to complete a tremendous , if fort ##uit ##ous , comeback .",O O O O O O O O O O O O O O O O O O O O O O O O O O O O O O O O O O O O,O O O O O O O O O O O O O B-ATHLETE I-ATHLETE I-ATHLETE I-ATHLETE O O O O O O O O O O O O O O O O O O O,[],"[('ATHLETE', 13, 16)]"
1557,"javier sol ##ana , eu foreign policy chief , says phone - tap evidence works in the courts of other european countries .",B-POLITICIAN I-POLITICIAN I-POLITICIAN O O O O O O O O O O O O O O O O O O O O,B-PUBLIC-FIGURE B-POLITICIAN I-POLITICIAN O O O O O O O O O O O O O O O O O O O O,"[('POLITICIAN', 0, 2)]","[('PUBLIC-FIGURE', 0, 0), ('POLITICIAN', 1, 2)]"
1560,"mr sol ##ana told itv ##1 ' s jonathan dim ##ble ##by programme : "" [ phone - tap evidence in court ] works , it is normal that it is done , it would be naive not to do it . """,O O O O O O O O B-AUTHOR-WRITER I-AUTHOR-WRITER I-AUTHOR-WRITER I-AUTHOR-WRITER O O O O O O O O O O O O O O O O O O O O O O O O O O O O O O O,O B-PUBLIC-FIGURE I-PUBLIC-FIGURE O O O O O B-PUBLIC-FIGURE I-PUBLIC-FIGURE I-PUBLIC-FIGURE I-PUBLIC-FIGURE O O O O O O O O O O O O O O O O O O O O O O O O O O O O O O O,"[('AUTHOR-WRITER', 8, 11)]","[('PUBLIC-FIGURE', 1, 2), ('PUBLIC-FIGURE', 8, 11)]"
1562,"mr sol ##ana ' s comments come the day after sir ian blair , the newly - appointed metropolitan police commissioner , said he was in favour of phone - tap evidence .",O O O O O O O O O O B-PUBLIC-FIGURE I-PUBLIC-FIGURE I-PUBLIC-FIGURE O O O O O O O O O O O O O O O O O O O O,O B-PUBLIC-FIGURE I-PUBLIC-FIGURE O O O O O O O O B-POLITICIAN I-POLITICIAN O O O O O O O O O O O O O O O O O O O O,"[('PUBLIC-FIGURE', 10, 12)]","[('PUBLIC-FIGURE', 1, 2), ('POLITICIAN', 11, 12)]"
1569,but mr clarke has been forced to change the regime of detention without trial after law lords ruled it illegal .,O O O O O O O O O O O O O O O O O O O O O,O O B-POLITICIAN O O O O O O O O O O O O O O O O O O,[],"[('POLITICIAN', 2, 2)]"
1572,"while accepting that people "" have to be prepared "" for a possible terrorist attack , mr sol ##ana said he had "" qu ##al ##ms "" about the home secretary ' s new plans . """,O O O O O O O O O O O O O O O O O O O O O O O O O O O O O O O O O O O O O,O O O O O O O O O O O O O O O O O B-PUBLIC-FIGURE B-POLITICIAN O O O O O O O O O O O O O O O O O O,[],"[('PUBLIC-FIGURE', 17, 17), ('POLITICIAN', 18, 18)]"
1574,"brown targets o ##ap ##s and home ##bu ##yer ##s gordon brown has doubled the level at which house buyers pay stamp duty to £1 ##20 , 000 as he put the economy at the heart of labour ' s election campaign .",O O O O O O O O O O B-POLITICIAN I-POLITICIAN O O O O O O O O O O O O O O O O O O O O O O O O O O O O O O O,B-POLITICIAN O O O O O O O O O B-POLITICIAN I-POLITICIAN O O O O O O O O O O O O O O O O O O O O O O O O O O O O O O O,"[('POLITICIAN', 10, 11)]","[('POLITICIAN', 0, 0), ('POLITICIAN', 10, 11)]"
1576,"mr brown put 1 ##p a pin ##t on beer , 4 ##p on a bottle of wine and 7 ##p on 20 cigarettes but froze petrol duty until september .",O O O O O O O O O O O O O O O O O O O O O O O O O O O O O O O,O B-POLITICIAN O O O O O O O O O O O O O O O O O O O O O O O O O O O O O,[],"[('POLITICIAN', 1, 1)]"
1580,""" this government and this chancellor have run out of solutions to the problems britain faces , "" mr howard told mps . """,O O O O O O O O O O O O O O O O O O O O O O O O,O O O O O O O O O O O O O O O O O O O B-POLITICIAN O O O O,[],"[('POLITICIAN', 19, 19)]"
1583,"liberal democrat leader charles kennedy attacked mr brown for failing to mention the environment and for his record on social justice . """,O O O B-POLITICIAN I-POLITICIAN O O O O O O O O O O O O O O O O O O,O O O B-POLITICIAN I-POLITICIAN O O B-POLITICIAN O O O O O O O O O O O O O O O,"[('POLITICIAN', 3, 4)]","[('POLITICIAN', 3, 4), ('POLITICIAN', 7, 7)]"
1585,"mr kennedy criticised mr brown for failing to mention the "" ticking bomb "" of council tax rev ##al ##uation , saying it was "" high time "" the system was replaced by a "" local tax based on the ability to pay "" .",O O O O O O O O O O O O O O O O O O O O O O O O O O O O O O O O O O O O O O O O O O O O O,O B-POLITICIAN O O B-POLITICIAN O O O O O O O O O O O O O O O O O O O O O O O O O O O O O O O O O O O O O O O O,[],"[('POLITICIAN', 1, 1), ('POLITICIAN', 4, 4)]"
1586,during his 49 minute speech mr brown told mps he had def ##ied the pun ##dit ##s by hitting his growth target of 3 . 1 % for 2004 .,O O O O O O O O O O O O O O O O O O O O O O O O O O O O O O,O O O O O O B-POLITICIAN O O O O O O O O O O O O O O O O O O O O O O O,[],"[('POLITICIAN', 6, 6)]"
1591,mr brown told mps child benefit would rise to a maximum of £ ##6 ##3 a week for the first child and £1 ##11 for two children .,O O O O O O O O O O O O O O O O O O O O O O O O O O O O,O B-POLITICIAN O O O O O O O O O O O O O O O O O O O O O O O O O O,[],"[('POLITICIAN', 1, 1)]"
1592,"despite his give ##away ##s , budget documents show mr brown clawed back £2 ##65 ##m through a cl ##amp ##down on tax avoidance and increased revenue from a wind ##fall tax on oil companies .",O O O O O O O O O O O O O O O O O O O O O O O O O O O O O O O O O O O O,O O O O O O O O O O B-POLITICIAN O O O O O O O O O O O O O O O O O O O O O O O O O,[],"[('POLITICIAN', 10, 10)]"
1595,"but trust in mr brown ' s economic steward ##ship would be a central election issue , he said .",O O O O O O O O O O O O O O O O O O O O,O O O O B-POLITICIAN O O O O O O O O O O O O O O O,[],"[('POLITICIAN', 4, 4)]"
1596,"mr brown also unveiled plans for a memorial to the queen mother , funded through a special coin to celebrate the queen ' s 80 ##th birthday .",O O O O O O O O O O B-PUBLIC-FIGURE I-PUBLIC-FIGURE O O O O O O O O O B-PUBLIC-FIGURE O O O O O O,O B-POLITICIAN O O O O O O O O O O O O O O O O O O O O O O O O O O,"[('PUBLIC-FIGURE', 10, 11), ('PUBLIC-FIGURE', 21, 21)]","[('POLITICIAN', 1, 1)]"
1599,"mr brown said he had met his financial "" golden rule "" with a £ ##6 ##bn surplus and he said public borrowing would continue to fall over the next five years .",O O O O O O O O O O O O O O O O O O O O O O O O O O O O O O O O O,O B-POLITICIAN O O O O O O O O O O O O O O O O O O O O O O O O O O O O O O O,[],"[('POLITICIAN', 1, 1)]"
1601,"the first £2 ##bn of value - for - money savings identified in the ge ##rs ##hon review have been achieved , the chancellor said .",O O O O O O O O O O O O O O B-PUBLIC-FIGURE I-PUBLIC-FIGURE I-PUBLIC-FIGURE O O O O O O O O O,O O O O O O O O O O O O O O O O O O O O O O O O O O,"[('PUBLIC-FIGURE', 14, 16)]",[]
1603,"s ##np leader alex salmon ##d said mr brown had failed the "" tar ##tan test "" as there were no measures to boost the scottish economy .",O O O B-POLITICIAN I-POLITICIAN I-POLITICIAN O O O O O O O O O O O O O O O O O O O O O O,O O O B-POLITICIAN I-POLITICIAN I-POLITICIAN O O B-POLITICIAN O O O O O O O O O O O O O O O O O O O,"[('POLITICIAN', 3, 5)]","[('POLITICIAN', 3, 5), ('POLITICIAN', 8, 8)]"
1606,"the green party said the budget was a "" wasted opportunity "" for environmental protection , adding : "" brown obviously has an eye on the coming election , and has taken his eye off the needs of the planet . """,O O O O O O O O O O O O O O O O O O O O O O O O O O O O O O O O O O O O O O O O O O,O O O O O O O O O O O O O O O O O O O B-POLITICIAN O O O O O O O O O O O O O O O O O O O O O O,[],"[('POLITICIAN', 19, 19)]"
1612,a marsh spoke ##sw ##oman said mr be ##wl ##ay was no longer with the company .,O O O O O O O O O O O O O O O O O,O O O O O O O B-BUSINESS-EXECUTIVE-MANAGER I-BUSINESS-EXECUTIVE-MANAGER I-BUSINESS-EXECUTIVE-MANAGER O O O O O O O,[],"[('BUSINESS-EXECUTIVE-MANAGER', 7, 9)]"
1613,mr spit ##zer ' s investigation of the us insurance industry looked at whether companies rigged bids and fixed prices .,O O O O O O O O O O O O O O O O O O O O O,O B-POLITICIAN I-POLITICIAN O O O O O O O O O O O O O O O O O O,[],"[('POLITICIAN', 1, 2)]"
1614,"last month marsh agreed to pay $ 850 ##m ( £ ##41 ##5 ##m ) to settle a lawsuit filed by mr spit ##zer , but under the settlement it "" neither admits nor denies the allegations "" .",O O O O O O O O O O O O O O O O O O O O O O O O O O O O O O O O O O O O O O O,O O O O O O O O O O O O O O O O O O O O O O B-POLITICIAN I-POLITICIAN O O O O O O O O O O O O O O O,[],"[('POLITICIAN', 22, 23)]"
1619,"mr leslie said : "" the prime minister should be able to appoint the best person for the job whether they sit in the house of lords or the house of commons . """,O O O O O O O O O O O O O O O O O O O O O O O O O O O O O O O O O O,O B-POLITICIAN O O O O O O O O O O O O O O O O O O O O O O O O O O O O O O O O,[],"[('POLITICIAN', 1, 1)]"
1621,in december the lords rejected a plea by current lord chancellor lord falcon ##er that the holder of the job should not necessarily be a lawyer or a peer .,O O O O O O O O O O O B-POLITICIAN I-POLITICIAN I-POLITICIAN O O O O O O O O O O O O O O O O,O O O O O O O O O O O O B-POLITICIAN I-POLITICIAN O O O O O O O O O O O O O O O O,"[('POLITICIAN', 11, 13)]","[('POLITICIAN', 12, 13)]"
1624,mr leslie said it was irrelevant whether the post was called secretary of state for constitutional affairs or lord chancellor .,O O O O O O O O O O O O O O O O O O O O O,O B-POLITICIAN O O O O O O O O O O O O O O O O O O O,[],"[('POLITICIAN', 1, 1)]"
1628,"the government had initially proposed to take this institution and "" smash it to pieces , "" mr gr ##ie ##ve said .",O O O O O O O O O O O O O O O O O O O O O O O,O O O O O O O O O O O O O O O O O O B-PUBLIC-FIGURE B-POLITICIAN I-POLITICIAN O O,[],"[('PUBLIC-FIGURE', 18, 18), ('POLITICIAN', 19, 20)]"
1640,for the first nine days of 1985 vo ##da ##fo ##ne was the only firm with a mobile network in the uk .,O O O O O O O O O O O O O O O O O O O O O O O,O O O O O O O B-BUSINESS-EXECUTIVE-MANAGER O O O O O O O O O O O O O O O,[],"[('BUSINESS-EXECUTIVE-MANAGER', 7, 7)]"
1642,"mike ca ##ud ##well , spokesman for vo ##da ##fo ##ne , said that when phones were launched they were the size of a briefcase , cost about £2 , 000 and had a battery life of little more than 20 minutes .",B-BUSINESS-EXECUTIVE-MANAGER I-BUSINESS-EXECUTIVE-MANAGER I-BUSINESS-EXECUTIVE-MANAGER I-BUSINESS-EXECUTIVE-MANAGER O O O O O O O O O O O O O O O O O O O O O O O O O O O O O O O O O O O O O O O,B-PUBLIC-FIGURE I-PUBLIC-FIGURE I-PUBLIC-FIGURE I-PUBLIC-FIGURE O O O O O O O O O O O O O O O O O O O O O O O O O O O O O O O O O O O O O O O,"[('BUSINESS-EXECUTIVE-MANAGER', 0, 3)]","[('PUBLIC-FIGURE', 0, 3)]"
1655,"mr ca ##ud ##well said the advent of digital technology also helped to introduce all those things , such as text messaging and roaming that have made mobile ##s so popular .",O O O O O O O O O O O O O O O O O O O O O O O O O O O O O O O O,O B-PUBLIC-FIGURE I-PUBLIC-FIGURE I-PUBLIC-FIGURE O O O O O O O O O O O O O O O O O O O O O O O O O O O O,[],"[('PUBLIC-FIGURE', 1, 3)]"
1657,rangers had rarely threatened until celtic goalkeeper ra ##b douglas let defender vi ##gna ##l ' s 25 - yard drive slip through his grasp and into the net .,O O O O O O O B-ATHLETE I-ATHLETE I-ATHLETE O O O O O O O O O O O O O O O O O O O O,O O O O O O O B-ATHLETE I-ATHLETE I-ATHLETE O O B-ATHLETE I-ATHLETE I-ATHLETE O O O O O O O O O O O O O O O,"[('ATHLETE', 7, 9)]","[('ATHLETE', 7, 9), ('ATHLETE', 12, 14)]"
1659,"striker novo secured victory , lo ##bbing douglas with eight minutes remaining .",O O O O O O O O O O O O O,O B-ATHLETE O O O O O B-ATHLETE O O O O O,[],"[('ATHLETE', 1, 1), ('ATHLETE', 7, 7)]"
1662,"they started confidently , with new signing bellamy , on loan from newcastle united , given his celtic debut up front with wales international colleague john hart ##son and chris sutton dropping into midfield .",O O O O O O O O O O O O O O O O O O O O O O O O O B-ATHLETE I-ATHLETE I-ATHLETE O B-ATHLETE I-ATHLETE O O O O,O O O O O O O B-ATHLETE O O O O O O O O O O O O O O O O O B-ATHLETE I-ATHLETE I-ATHLETE O B-ATHLETE I-ATHLETE O O O O,"[('ATHLETE', 25, 27), ('ATHLETE', 29, 30)]","[('ATHLETE', 7, 7), ('ATHLETE', 25, 27), ('ATHLETE', 29, 30)]"
1663,"it took bellamy just four minutes to threaten , taking on marvin andrews before delivering a low drive that was held by water ##reus at the second attempt .",O O O O O O O O O O O B-ATHLETE I-ATHLETE O O O O O O O O O O O O O O O O,O O B-ATHLETE O O O O O O O O B-ATHLETE I-ATHLETE O O O O O O O O O B-ATHLETE I-ATHLETE O O O O O,"[('ATHLETE', 11, 12)]","[('ATHLETE', 2, 2), ('ATHLETE', 11, 12), ('ATHLETE', 22, 23)]"
1664,he had an even better chance after hart ##son di ##sp ##oss ##ese ##d so ##ti ##ris ky ##rg ##ia ##kos and sent his strike partner clear with only the goalkeeper to beat .,O O O O O O O O O O O O O O B-ATHLETE I-ATHLETE I-ATHLETE I-ATHLETE I-ATHLETE I-ATHLETE I-ATHLETE O O O O O O O O O O O O O,O O O O O O O B-ATHLETE I-ATHLETE I-ATHLETE I-ATHLETE I-ATHLETE I-ATHLETE I-ATHLETE B-ATHLETE I-ATHLETE I-ATHLETE I-ATHLETE I-ATHLETE I-ATHLETE I-ATHLETE O O O O O O O O O O O O O,"[('ATHLETE', 14, 20)]","[('ATHLETE', 7, 13), ('ATHLETE', 14, 20)]"
1665,but water ##reus did well to beat away bellamy ' s disappointing low drive from 16 yards .,O O O O O O O O O O O O O O O O O O,O B-ATHLETE I-ATHLETE O O O O O B-ATHLETE O O O O O O O O O,[],"[('ATHLETE', 1, 2), ('ATHLETE', 8, 8)]"
1666,water ##reus came to the rescue again when the ball fell to hart ##son just inside the box and the dutch goalkeeper made a brave block .,O O O O O O O O O O O O O O O O O O O O O O O O O O O,B-ATHLETE I-ATHLETE O O O O O O O O O O B-ATHLETE I-ATHLETE O O O O O O O O O O O O O,[],"[('ATHLETE', 0, 1), ('ATHLETE', 12, 13)]"
1667,it was an old firm return for barry ferguson as mc ##lei ##sh stuck by the side that thumped four goals past hi ##ber ##nian .,O O O O O O O B-ATHLETE I-ATHLETE O O O O O O O O O O O O O O O O O,O O O O O O O B-ATHLETE I-ATHLETE O B-ATHLETE I-ATHLETE I-ATHLETE O O O O O O O O O B-ATHLETE I-ATHLETE I-ATHLETE O,"[('ATHLETE', 7, 8)]","[('ATHLETE', 7, 8), ('ATHLETE', 10, 12), ('ATHLETE', 22, 24)]"
1668,but rangers found celtic harder to break down and douglas was not threatened until 10 minutes after the break .,O O O O O O O O O O O O O O O O O O O O,O O O O O O O O O B-ATHLETE O O O O O O O O O O,[],"[('ATHLETE', 9, 9)]"
1670,a great defensive header by andrews prevented hart ##son po ##un ##cing from five yards out .,O O O O O O O O O O O O O O O O O,O O O O O B-ATHLETE O B-ATHLETE I-ATHLETE O O O O O O O O,[],"[('ATHLETE', 5, 5), ('ATHLETE', 7, 8)]"
1671,"hart ##son fox ##ed vi ##gna ##l at the edge of the rangers box , but the striker ' s shot on the turn was again beaten away by water ##reus .",O O O O O O O O O O O O O O O O O O O O O O O O O O O O O O O O,B-ATHLETE I-ATHLETE O O B-ATHLETE I-ATHLETE I-ATHLETE O O O O O O O O O O O O O O O O O O O O O O B-ATHLETE I-ATHLETE O,[],"[('ATHLETE', 0, 1), ('ATHLETE', 4, 6), ('ATHLETE', 29, 30)]"
1672,"rangers were beginning to dominate the midfield and vi ##gna ##l , collecting a knock back from fernando rick ##sen , broke the dead ##lock , douglas somehow letting the frenchman ' s dipping drive slip through his grasp .",O O O O O O O O O O O O O O O O O B-ATHLETE I-ATHLETE I-ATHLETE O O O O O O O O O O O O O O O O O O O O,O O O O O O O O O O O O O O O O O B-ATHLETE I-ATHLETE I-ATHLETE O O O O O O B-ATHLETE O O O O O O O O O O O O O,"[('ATHLETE', 17, 19)]","[('ATHLETE', 17, 19), ('ATHLETE', 26, 26)]"
1673,novo po ##unced on a moments ' hesitation in the celtic defence to latch on to a long ball from rick ##sen and lo ##b the ball over the advancing douglas .,O O O O O O O O O O O O O O O O O O O O O O O O O O O O O O O O,B-ATHLETE O O O O O O O O O O O O O O O O O O O B-ATHLETE I-ATHLETE O O O O O O O O B-ATHLETE O,[],"[('ATHLETE', 0, 0), ('ATHLETE', 20, 21), ('ATHLETE', 30, 30)]"
1674,"rick ##sen appeared to be hit by a coin , but it could not prevent rangers ' celebrations at the final whistle .",O O O O O O O O O O O O O O O O O O O O O O O,B-ATHLETE I-ATHLETE O O O O O O O O O O O O O O O O O O O O O,[],"[('ATHLETE', 0, 1)]"
1675,": douglas , mcnamara , bald ##e , var ##ga , lau ##rse ##n , pet ##rov , lennon , sutton , thompson , bellamy , hart ##son .",O O O O O O O O O O O O O O O O O O O O O O O O O O O O O,O B-ATHLETE O B-ATHLETE O B-ATHLETE I-ATHLETE O B-ATHLETE I-ATHLETE O B-ATHLETE I-ATHLETE I-ATHLETE O B-ATHLETE I-ATHLETE O B-ATHLETE O B-ATHLETE O B-ATHLETE O B-ATHLETE O B-ATHLETE I-ATHLETE O,[],"[('ATHLETE', 1, 1), ('ATHLETE', 3, 3), ('ATHLETE', 5, 6), ('ATHLETE', 8, 9), ('ATHLETE', 11, 13), ('ATHLETE', 15, 16), ('ATHLETE', 18, 18), ('ATHLETE', 20, 20), ('ATHLETE', 22, 22), ('ATHLETE', 24, 24), ('ATHLETE', 26, 27)]"
1676,"sub ##s : marshall , hen ##cho ##z , jun ##inho paul ##ista , lambert , malone ##y , wallace , mc ##ge ##ady .",O O O O O O O O O O O O O O O O O O O O O O O O O,O O O B-ATHLETE O B-ATHLETE I-ATHLETE I-ATHLETE O B-ATHLETE I-ATHLETE I-ATHLETE I-ATHLETE O B-ATHLETE O B-ATHLETE I-ATHLETE O B-ATHLETE O B-ATHLETE I-ATHLETE I-ATHLETE O,[],"[('ATHLETE', 3, 3), ('ATHLETE', 5, 7), ('ATHLETE', 9, 12), ('ATHLETE', 14, 14), ('ATHLETE', 16, 17), ('ATHLETE', 19, 19), ('ATHLETE', 21, 23)]"
1677,": water ##reus , hutton , ky ##rg ##ia ##kos , andrews , ball , buff ##el , ferguson , rick ##sen , vi ##gna ##l , pr ##so , novo .",O O O O O O O O O O O O O O O O O O O O O O O O O O O O O O O O,O B-ATHLETE I-ATHLETE O B-ATHLETE O B-ATHLETE I-ATHLETE I-ATHLETE I-ATHLETE O B-ATHLETE O B-ATHLETE O B-ATHLETE I-ATHLETE O B-ATHLETE O B-ATHLETE I-ATHLETE O B-ATHLETE I-ATHLETE I-ATHLETE O B-ATHLETE I-ATHLETE O B-ATHLETE O,[],"[('ATHLETE', 1, 2), ('ATHLETE', 4, 4), ('ATHLETE', 6, 9), ('ATHLETE', 11, 11), ('ATHLETE', 13, 13), ('ATHLETE', 15, 16), ('ATHLETE', 18, 18), ('ATHLETE', 20, 21), ('ATHLETE', 23, 25), ('ATHLETE', 27, 28), ('ATHLETE', 30, 30)]"
1678,"sub ##s : mcgregor , nam ##ou ##chi , burke , alex rae , malcolm , thompson , love ##nk ##rand ##s .",O O O O O O O O O O O O O O O O O O O O O O O,O O O B-ATHLETE O B-ATHLETE I-ATHLETE I-ATHLETE O B-ATHLETE O B-ATHLETE I-ATHLETE O B-ATHLETE O B-ATHLETE O B-ATHLETE I-ATHLETE I-ATHLETE I-ATHLETE O,[],"[('ATHLETE', 3, 3), ('ATHLETE', 5, 7), ('ATHLETE', 9, 9), ('ATHLETE', 11, 12), ('ATHLETE', 14, 14), ('ATHLETE', 16, 16), ('ATHLETE', 18, 21)]"
1679,: m mcc ##ur ##ry,O O O O O,O B-ATHLETE I-ATHLETE I-ATHLETE I-ATHLETE,[],"[('ATHLETE', 1, 4)]"
1687,"since president yu ##dh ##oy ##ono ' s government came to power in october , it has indicated its intention of raising domestic fuel prices by cutting subsidies . """,O O O O O O O O O O O O O O O O O O O O O O O O O O O O O O,O O B-POLITICIAN I-POLITICIAN I-POLITICIAN I-POLITICIAN O O O O O O O O O O O O O O O O O O O O O O O O,[],"[('POLITICIAN', 2, 5)]"
1688,"the ( january to march ) quarter of this year is the best time for us to increase fuel prices , "" said sri mu ##ly ##ani ind ##ra ##wat ##i , state minister for national development planning . """,O O O O O O O O O O O O O O O O O O O O O O O B-POLITICIAN I-POLITICIAN I-POLITICIAN I-POLITICIAN I-POLITICIAN I-POLITICIAN I-POLITICIAN I-POLITICIAN O O O O O O O O O,O O O O O O O O O O O O O O O O O O O O O O O O B-POLITICIAN I-POLITICIAN I-POLITICIAN I-POLITICIAN I-POLITICIAN I-POLITICIAN I-POLITICIAN O O O O O O O O O,"[('POLITICIAN', 23, 30)]","[('POLITICIAN', 24, 30)]"
1691,"the bbc ' s correspondent in jakarta , rachel harvey , told world business report that there was likely to be a strong public reaction to any price rise . """,O O O O O O O O B-AUTHOR-WRITER I-AUTHOR-WRITER O O O O O O O O O O O O O O O O O O O O O,O O O O O O O O B-PUBLIC-FIGURE I-PUBLIC-FIGURE O O O O O O O O O O O O O O O O O O O O O,"[('AUTHOR-WRITER', 8, 9)]","[('PUBLIC-FIGURE', 8, 9)]"
1698,"since that inquiry was launched in october , marsh has replaced its chief executive and held a board ##room shake - out to meet criticism by less ##ening the number of company executives on the board .",O O O O O O O O O O O O O O O O O O O O O O O O O O O O O O O O O O O O O,O O O O O O O O B-BUSINESS-EXECUTIVE-MANAGER O O O O O O O O O O O O O O O O O O O O O O O O O O O O,[],"[('BUSINESS-EXECUTIVE-MANAGER', 8, 8)]"
1702,"marsh ' s new chief executive , michael cher ##kas ##ky , is trying to negotiate a settlement with mr spit ##zer .",O O O O O O O B-BUSINESS-EXECUTIVE-MANAGER I-BUSINESS-EXECUTIVE-MANAGER I-BUSINESS-EXECUTIVE-MANAGER I-BUSINESS-EXECUTIVE-MANAGER O O O O O O O O O O O O,O O O O O O O B-BUSINESS-EXECUTIVE-MANAGER I-BUSINESS-EXECUTIVE-MANAGER I-BUSINESS-EXECUTIVE-MANAGER I-BUSINESS-EXECUTIVE-MANAGER O O O O O O O O O B-POLITICIAN I-POLITICIAN O,"[('BUSINESS-EXECUTIVE-MANAGER', 7, 10)]","[('BUSINESS-EXECUTIVE-MANAGER', 7, 10), ('POLITICIAN', 20, 21)]"
1703,mr spit ##zer has built up a reputation as a fierce critic and campaign ##er against corporate america ' s mis ##dee ##ds .,O O O O O O O O O O O O O O O O O O O O O O O O,O B-POLITICIAN I-POLITICIAN O O O O O O O O O O O O O O O O O O O O O,[],"[('POLITICIAN', 1, 2)]"
1717,"apple also sent requested information from the n ##fo ##x . com , the internet service provider of power ##page ' s publisher jason o - grady .",O O O O O O O O O O O O O O O O O O O O O O O B-BUSINESS-EXECUTIVE-MANAGER I-BUSINESS-EXECUTIVE-MANAGER I-BUSINESS-EXECUTIVE-MANAGER I-BUSINESS-EXECUTIVE-MANAGER O,O O O O O O O O O O O O O O O O O O O O O O O B-PUBLIC-FIGURE I-PUBLIC-FIGURE I-PUBLIC-FIGURE I-PUBLIC-FIGURE O,"[('BUSINESS-EXECUTIVE-MANAGER', 23, 26)]","[('PUBLIC-FIGURE', 23, 26)]"
1719,"the e ##ff has gained some powerful allies in its legal battle with apple , including professor tom goldstein , former dean of the journalism school at the university of california and dan gill ##mo ##r , a well - known silicon valley journalist .",O O O O O O O O O O O O O O O O O B-AUTHOR-WRITER I-AUTHOR-WRITER O O O O O O O O O O O O O B-AUTHOR-WRITER I-AUTHOR-WRITER I-AUTHOR-WRITER I-AUTHOR-WRITER O O O O O O O O O,O O O O O O O O O O O O O O O O O B-PUBLIC-FIGURE I-PUBLIC-FIGURE O O O O O O O O O O O O O B-AUTHOR-WRITER I-AUTHOR-WRITER I-AUTHOR-WRITER I-AUTHOR-WRITER O O O O O O O O O,"[('AUTHOR-WRITER', 17, 18), ('AUTHOR-WRITER', 32, 35)]","[('PUBLIC-FIGURE', 17, 18), ('AUTHOR-WRITER', 32, 35)]"
1725,but mr brown will stu ##n westminster and break just about every historical precedent if he fails to do something designed to put a smile on voters ' faces and make them more inclined to back labour in the election .,O O O O O O O O O O O O O O O O O O O O O O O O O O O O O O O O O O O O O O O O O,O O B-POLITICIAN O O O O O O O O O O O O O O O O O O O O O O O O O O O O O O O O O O O O O O,[],"[('POLITICIAN', 2, 2)]"
1728,"and , needles ##s to say , there will be plenty of analysis of what impact the budget will have on mr brown ' s own ambitions to replace mr blair as prime minister at some point after a third win .",O O O O O O O O O O O O O O O O O O O O O O O O O O O O O O O O O O O O O O O O O O,O O O O O O O O O O O O O O O O O O O O O O B-POLITICIAN O O O O O O O B-POLITICIAN O O O O O O O O O O O,[],"[('POLITICIAN', 22, 22), ('POLITICIAN', 30, 30)]"
1730,"that is the size of the financial "" black hole "" the tori ##es , backed by some independent forecast ##ers , believe mr brown will have to fill with tax increases after the election .",O O O O O O O O O O O O O O O O O O O O O O O O O O O O O O O O O O O O,O O O O O O O O O O O O O O O O O O O O O O O O B-POLITICIAN O O O O O O O O O O O,[],"[('POLITICIAN', 24, 24)]"
1731,the opening shot in that battle was fired at the weekend with claims a treasury leak suggested mr brown was ready to slap capital gains tax on home sales to raise some of that cash .,O O O O O O O O O O O O O O O O O O O O O O O O O O O O O O O O O O O O,O O O O O O O O O O O O O O O O O O B-POLITICIAN O O O O O O O O O O O O O O O O O,[],"[('POLITICIAN', 18, 18)]"
1732,"it was immediately denied , but the tori ##es remain suspicious , claiming that , as mr let ##win said , if the money does not come from there , where will it come from .",O O O O O O O O O O O O O O O O O O O O O O O O O O O O O O O O O O O O,O O O O O O O O O O O O O O O O O B-POLITICIAN I-POLITICIAN O O O O O O O O O O O O O O O O O,[],"[('POLITICIAN', 17, 18)]"
1733,"mr brown will undoubtedly claim the forecast ##s are simply wrong and that he will have absolutely no need to raise taxes after the election , should labour win .",O O O O O O O O O O O O O O O O O O O O O O O O O O O O O O,O B-POLITICIAN O O O O O O O O O O O O O O O O O O O O O O O O O O O O,[],"[('POLITICIAN', 1, 1)]"
1740,"o ' leary agrees new villa contract aston villa boss david o ' leary signed a three - and - a - half year contract extension on thursday , securing his future at the club until summer 2008 .",O O O O O O O O O O B-ATHLETE I-ATHLETE I-ATHLETE I-ATHLETE O O O O O O O O O O O O O O O O O O O O O O O O O,B-ATHLETE I-ATHLETE I-ATHLETE O O O O O O O B-ATHLETE I-ATHLETE I-ATHLETE I-ATHLETE O O O O O O O O O O O O O O O O O O O O O O O O O,"[('ATHLETE', 10, 13)]","[('ATHLETE', 0, 2), ('ATHLETE', 10, 13)]"
1741,"o ' leary ' s future was in question , but villa chairman doug ellis said he was happy to secure the deal . """,O O O O O O O O O O O O O B-BUSINESS-EXECUTIVE-MANAGER I-BUSINESS-EXECUTIVE-MANAGER O O O O O O O O O O,B-PUBLIC-FIGURE I-PUBLIC-FIGURE I-PUBLIC-FIGURE O O O O O O O O O O B-PUBLIC-FIGURE I-PUBLIC-FIGURE O O O O O O O O O O,"[('BUSINESS-EXECUTIVE-MANAGER', 13, 14)]","[('PUBLIC-FIGURE', 0, 2), ('PUBLIC-FIGURE', 13, 14)]"
1742,"david ' s record since his arrival in 2003 is excellent and he shares the board ' s ami ##bit ##ions in taking this club forward , "" he told villa ' s website . """,O O O O O O O O O O O O O O O O O O O O O O O O O O O O O O O O O O O O,B-PUBLIC-FIGURE O O O O O O O O O O O O O O O O O O O O O O O O O O O O O O O O O O O,[],"[('PUBLIC-FIGURE', 0, 0)]"
1744,"o ' leary put pen to paper after deals were sorted for his right - hand men roy ai ##t ##ken and steve mcgregor . """,O O O O O O O O O O O O O O O O O B-ATHLETE I-ATHLETE I-ATHLETE I-ATHLETE O B-ATHLETE I-ATHLETE O O,B-PUBLIC-FIGURE I-PUBLIC-FIGURE I-PUBLIC-FIGURE O O O O O O O O O O O O O O B-PUBLIC-FIGURE I-PUBLIC-FIGURE I-PUBLIC-FIGURE I-PUBLIC-FIGURE O B-PUBLIC-FIGURE I-PUBLIC-FIGURE O O,"[('ATHLETE', 17, 20), ('ATHLETE', 22, 23)]","[('PUBLIC-FIGURE', 0, 2), ('PUBLIC-FIGURE', 17, 20), ('PUBLIC-FIGURE', 22, 23)]"
1745,"it was important to me roy and steve , an integral part of my team , should stay for the same time , "" o ' leary said on thursday ahead of signing his new deal . """,O O O O O O O O O O O O O O O O O O O O O O O O O O O O O O O O O O O O O O,O O O O O B-ATHLETE O B-PUBLIC-FIGURE O O O O O O O O O O O O O O O O B-PUBLIC-FIGURE I-PUBLIC-FIGURE I-PUBLIC-FIGURE O O O O O O O O O O O,[],"[('ATHLETE', 5, 5), ('PUBLIC-FIGURE', 7, 7), ('PUBLIC-FIGURE', 24, 26)]"
1747,""" earlier in december , there were rumours o ' leary would quit if he is not offered a new deal before the end of the season .",O O O O O O O O O O O O O O O O O O O O O O O O O O O O,O O O O O O O O O B-BUSINESS-EXECUTIVE-MANAGER O O O O O O O O O O O O O O O O O O,[],"[('BUSINESS-EXECUTIVE-MANAGER', 9, 9)]"
1749,"i want to make sure by the end of the five years i would have been in charge that villa are achieving top six finishes in the premiership on a regular basis , "" said o ' leary , who took over at villa park in may 2003 . """,O O O O O O O O O O O O O O O O O O O O O O O O O O O O O O O O O O O O O O O O O O O O O O O O O O,O O O O O O O O O O O O O O O O O O O O O O O O O O O O O O O O O O O B-PUBLIC-FIGURE I-PUBLIC-FIGURE I-PUBLIC-FIGURE O O O O O O O O O O O O,[],"[('PUBLIC-FIGURE', 35, 37)]"
1752,"meanwhile , o ' leary has rap ##ped skipper ol ##of mel ##lberg for his comments before sunday ' s derby with birmingham .",O O O O O O O O O B-ATHLETE I-ATHLETE I-ATHLETE I-ATHLETE O O O O O O O O O O O,O O B-ATHLETE I-ATHLETE I-ATHLETE O O O O B-ATHLETE I-ATHLETE I-ATHLETE I-ATHLETE O O O O O O O O O O O,"[('ATHLETE', 9, 12)]","[('ATHLETE', 2, 4), ('ATHLETE', 9, 12)]"
1753,"mel ##lberg spoke of his dislike of villa ' s rivals ahead of the match , which steve bruce ' s side won 2 - 1 . """,O O O O O O O O O O O O O O O O O B-ATHLETE I-ATHLETE O O O O O O O O O,B-ATHLETE I-ATHLETE O O O O O O O O O O O O O O O B-ATHLETE I-ATHLETE I-ATHLETE I-ATHLETE O O O O O O O,"[('ATHLETE', 17, 18)]","[('ATHLETE', 0, 1), ('ATHLETE', 17, 20)]"
1754,i ' ve had more than a quiet word with ol ##of .,O O O O O O O O O O O O O,O O O O O O O O O O B-MUSICIAN I-MUSICIAN O,[],"[('MUSICIAN', 10, 11)]"
1761,"even successful artists don ' t think the lawsuits will benefit musicians , "" said report author mary madden .",O O O O O O O O O O O O O O O O O B-AUTHOR-WRITER I-AUTHOR-WRITER O,O O O O O O O O O O O O O O O O O B-PUBLIC-FIGURE I-PUBLIC-FIGURE O,"[('AUTHOR-WRITER', 17, 18)]","[('PUBLIC-FIGURE', 17, 18)]"
1764,"we looked at more of the independent musicians , rather than the rocks ##tar ##s of this industry but that reflects more accurately the state of the music industry , "" ms madden told the bbc news website . """,O O O O O O O O O O O O O O O O O O O O O O O O O O O O O O O O O O O O O O O O,O O O O O O O O O O O O O O O O O O O O O O O O O O O O O O O O B-BUSINESS-EXECUTIVE-MANAGER O O O O O O O,[],"[('BUSINESS-EXECUTIVE-MANAGER', 32, 32)]"
1765,"we always hear the views of successful artists like the britney ##s of the world but the less successful artists rarely get represented . """,O O O O O O O O O O O O O O O O O O O O O O O O O,O O O O O O O O O O B-MUSICIAN O O O O O O O O O O O O O O,[],"[('MUSICIAN', 10, 10)]"
1780,"both successful and struggling musicians were more likely to say that the internet has made it possible for them to make more money from their music , rather than make it harder for them to protect their material from piracy , "" said ms madden .",O O O O O O O O O O O O O O O O O O O O O O O O O O O O O O O O O O O O O O O O O O O O O O,O O O O O O O O O O O O O O O O O O O O O O O O O O O O O O O O O O O O O O O O O O O O B-BUSINESS-EXECUTIVE-MANAGER O,[],"[('BUSINESS-EXECUTIVE-MANAGER', 44, 44)]"
1783,"in america , ph ##ero ##mon ##es have reportedly been released from machines to encourage aggressive gambling and clocks are often removed from walls .",O O O O O O O O O O O O O O O O O O O O O O O O O,O O O B-PUBLIC-FIGURE I-PUBLIC-FIGURE I-PUBLIC-FIGURE I-PUBLIC-FIGURE O O O O O O O O O O O O O O O O O O,[],"[('PUBLIC-FIGURE', 3, 6)]"
1785,ms jo ##well said the legislation would ban psychological trick ##ery .,O O O O O O O O O O O O,O B-POLITICIAN I-POLITICIAN O O O O O O O O O,[],"[('POLITICIAN', 1, 2)]"
1795,"we certainly don ' t use ph ##ere ##mon ##es . """,O O O O O O O O O O O O,O O O O O O B-PUBLIC-FIGURE I-PUBLIC-FIGURE I-PUBLIC-FIGURE I-PUBLIC-FIGURE O O,[],"[('PUBLIC-FIGURE', 6, 9)]"
1804,"out ##lining his crime manifesto , mr howard said elected police commissioners would be more accountable than police authorities which are made up of local councillors and magistrates . """,O O O O O O O O O O O O O O O O O O O O O O O O O O O O O O,O O O O O O O B-POLITICIAN O O O O O O O O O O O O O O O O O O O O O O,[],"[('POLITICIAN', 7, 7)]"
1807,"mr howard said the authorities were not "" providing the local accountability that we want to see "" and that elected police commissioners would be more visible .",O O O O O O O O O O O O O O O O O O O O O O O O O O O O,O B-POLITICIAN O O O O O O O O O O O O O O O O O O O O O O O O O O,[],"[('POLITICIAN', 1, 1)]"
1809,"lord harris , who sits on the executive of association of police authorities , said the plans seemed to suggest chief constable ##s should be told what to do by a single politician . """,B-POLITICIAN I-POLITICIAN O O O O O O O O O O O O O O O O O O O O O O O O O O O O O O O O O,O B-PUBLIC-FIGURE O O O O O O O O O O O O O O O O O O O O O O O O O O O O O O O O O,"[('POLITICIAN', 0, 1)]","[('PUBLIC-FIGURE', 1, 1)]"
1812,"mr o ##ate ##n said local people had too little control over policing but a far better solution would be for elected councillors to draw up a "" minimum policing guarantee "" with their chief constable ##s .",O O O O O O O O O O O O O O O O O O O O O O O O O O O O O O O O O O O O O O,O B-POLITICIAN I-POLITICIAN I-POLITICIAN O O O O O O O O O O O O O O O O O O O O O O O O O O O O O O O O O O,[],"[('POLITICIAN', 1, 3)]"
1813,"a labour party spokesman criticised michael howard ' s record , saying police numbers had fallen by 1 , 132 when he was home secretary .",O O O O O B-POLITICIAN I-POLITICIAN O O O O O O O O O O O O O O O O O O O,O O O O O B-POLITICIAN I-POLITICIAN I-POLITICIAN I-POLITICIAN O O O O O O O O O O O O O O O O O,"[('POLITICIAN', 5, 6)]","[('POLITICIAN', 5, 8)]"
1817,russian film wins bbc world prize russian drama the return ( vo ##z ##vr ##ash ##chen ##ie ) has been named winner of the bbc four world cinema award .,O O O O O O O O O O O O O O O O O O O O O O O O O O O O O O,O O O O O O O O O O O B-ACTOR-DIRECTOR I-ACTOR-DIRECTOR I-ACTOR-DIRECTOR I-ACTOR-DIRECTOR I-ACTOR-DIRECTOR I-ACTOR-DIRECTOR O O O O O O O O O O O O O,[],"[('ACTOR-DIRECTOR', 11, 16)]"
1820,the prize was presented at an awards ceremony held in london on thursday and hosted by jonathan ross .,O O O O O O O O O O O O O O O O B-ACTOR-DIRECTOR I-ACTOR-DIRECTOR O,O O O O O O O O O O O O O O O O B-PUBLIC-FIGURE I-PUBLIC-FIGURE O,"[('ACTOR-DIRECTOR', 16, 17)]","[('PUBLIC-FIGURE', 16, 17)]"
1822,"ross , who is the presenter of bbc one ' s film 2005 , was also involved in the del ##ibe ##rations .",O O O O O O O O O O O O O O O O O O O O O O O,B-PUBLIC-FIGURE O O O O O O O O O O O O O O O O O O O O O O,[],"[('PUBLIC-FIGURE', 0, 0)]"
1833,"as part of the deal , fed ##erated - owner of macy ' s and bloom ##ing ##dale ' s - will assume $ 6 ##bn of may ' s debt , bringing the deal ' s total value to $ 17 ##bn .",O O O O O O O O O O O O O O O O O O O O O O O O O O O O O O O O O O O O O O O O O O O O,O O O O O O O O O O O O O O O B-BUSINESS-EXECUTIVE-MANAGER O B-BUSINESS-EXECUTIVE-MANAGER O O O O O O O O O O O O O O O O O O O O O O O O O O,[],"[('BUSINESS-EXECUTIVE-MANAGER', 15, 15), ('BUSINESS-EXECUTIVE-MANAGER', 17, 17)]"
1839,"without this deal may would have been , to put it blunt ##ly , washed up , "" said kurt barnard , president of barnard ' s retail consulting group .",O O O O O O O O O O O O O O O O O O O B-PUBLIC-FIGURE I-PUBLIC-FIGURE O O O O O O O O O O,O O O O O O O O O O O O O O O O O O O B-BUSINESS-EXECUTIVE-MANAGER I-BUSINESS-EXECUTIVE-MANAGER O O O O O O O O O O,"[('PUBLIC-FIGURE', 19, 20)]","[('BUSINESS-EXECUTIVE-MANAGER', 19, 20)]"
1841,ed ##gy ag ##ass ##i struggles past dent andre ag ##ass ##i put in an erratic display before ed ##ging into the fourth round of the australian open with victory over taylor dent .,O O O O O O O O B-ATHLETE I-ATHLETE I-ATHLETE I-ATHLETE O O O O O O O O O O O O O O O O O O O B-ATHLETE I-ATHLETE O,B-ATHLETE I-ATHLETE B-ATHLETE I-ATHLETE I-ATHLETE O O O B-ATHLETE I-ATHLETE I-ATHLETE I-ATHLETE O O O O O O O O O O O O O O O O O O O B-ATHLETE I-ATHLETE O,"[('ATHLETE', 8, 11), ('ATHLETE', 31, 32)]","[('ATHLETE', 0, 1), ('ATHLETE', 2, 4), ('ATHLETE', 8, 11), ('ATHLETE', 31, 32)]"
1843,"having secured the lead , ag ##ass ##i still failed to take control as both players forced a succession of breaks .",O O O O O O O O O O O O O O O O O O O O O O,O O O O O B-ATHLETE I-ATHLETE I-ATHLETE O O O O O O O O O O O O O O,[],"[('ATHLETE', 5, 7)]"
1844,but ag ##ass ##i won the tie - break before wrapping up a 7 - 5 7 - 6 ( 7 - 3 ) 6 - 1 win .,O O O O O O O O O O O O O O O O O O O O O O O O O O O O O,O B-ATHLETE I-ATHLETE I-ATHLETE O O O O O O O O O O O O O O O O O O O O O O O O O,[],"[('ATHLETE', 1, 3)]"
1848,"an ##cic , wimbledon semi - finalist in 2004 , looked set to push sa ##fin all the way when he took the second set but sa ##fin raised his game to sink the croatian .",O O O O O O O O O O O O O O B-ATHLETE I-ATHLETE O O O O O O O O O O B-ATHLETE I-ATHLETE O O O O O O O O,B-ATHLETE I-ATHLETE O O O O O O O O O O O O B-ATHLETE I-ATHLETE O O O O O O O O O O B-ATHLETE I-ATHLETE O O O O O O O O,"[('ATHLETE', 14, 15), ('ATHLETE', 26, 27)]","[('ATHLETE', 0, 1), ('ATHLETE', 14, 15), ('ATHLETE', 26, 27)]"
1856,the top seed and defending champion was leading 6 - 3 5 - 2 when ni ##emi ##nen pulled out with an abdominal injury .,O O O O O O O O O O O O O O O O O O O O O O O O O,O O O O O O O O O O O O O O O B-ATHLETE I-ATHLETE I-ATHLETE O O O O O O O,[],"[('ATHLETE', 15, 17)]"
1865,hr ##bat ##y defeated the 10th seed 7 - 6 ( 7 - 5 ) 6 - 7 ( 8 - 10 ) 6 - 7 ( 3 - 7 ) 6 - 1 6 - 3 in a match lasting four hours and 21 minutes .,O O O O O O O O O O O O O O O O O O O O O O O O O O O O O O O O O O O O O O O O O O O O O O O,B-ATHLETE I-ATHLETE I-ATHLETE O O O O O O O O O O O O O O O O O O O O O O O O O O O O O O O O O O O O O O O O O O O O,[],"[('ATHLETE', 0, 2)]"
1866,"the pair traded 16 service breaks during an exhaust ##ing baseline battle , with hr ##bat ##y taking a decisive advantage in the eighth game of the final set .",O O O O O O O O O O O O O O O O O O O O O O O O O O O O O O,O O O O O O O O O O O O O O B-ATHLETE I-ATHLETE I-ATHLETE O O O O O O O O O O O O O,[],"[('ATHLETE', 14, 16)]"
1867,"hr ##bat ##y will now play 2002 champion , who out ##las ##ted american kevin kim 3 - 6 6 - 2 6 - 7 6 - 2 6 - 2 .",O O O O O O O O O O O O O O B-ATHLETE I-ATHLETE O O O O O O O O O O O O O O O O,B-ATHLETE I-ATHLETE I-ATHLETE O O O O O O O O O O O B-ATHLETE I-ATHLETE O O O O O O O O O O O O O O O O,"[('ATHLETE', 14, 15)]","[('ATHLETE', 0, 2), ('ATHLETE', 14, 15)]"
1869,"gibson and his icon productions partner bruce davey said they would not be campaigning in print , radio or tv for success at the oscar ##s in february . """,O O O O O O B-BUSINESS-EXECUTIVE-MANAGER I-BUSINESS-EXECUTIVE-MANAGER O O O O O O O O O O O O O O O O O O O O O O,B-ACTOR-DIRECTOR O O O O O B-PUBLIC-FIGURE I-PUBLIC-FIGURE O O O O O O O O O O O O O O O O O O O O O O,"[('BUSINESS-EXECUTIVE-MANAGER', 6, 7)]","[('ACTOR-DIRECTOR', 0, 0), ('PUBLIC-FIGURE', 6, 7)]"
1870,"this film should be judged on its artistic merit , not who spends more money on advertising , "" davey said .",O O O O O O O O O O O O O O O O O O O O O O,O O O O O O O O O O O O O O O O O O O B-PUBLIC-FIGURE O O,[],"[('PUBLIC-FIGURE', 19, 19)]"
1872,"icon spent very little on advertising the film , which deals with the last hours of jesus christ ' s life , when it was released earlier this year - instead , it made the film available for special screenings at churches .",O O O O O O O O O O O O O O O O B-PUBLIC-FIGURE I-PUBLIC-FIGURE O O O O O O O O O O O O O O O O O O O O O O O O O,O O O O O O O O O O O O O O O O O O O O O O O O O O O O O O O O O O O O O O O O O O O,"[('PUBLIC-FIGURE', 16, 17)]",[]
1876,"academy president frank piers ##on praised gibson ' s move for working to restore the oscar ##s as a "" celebration and appreciation of excellence , "" and resisting the "" cr ##ass commercial ##isation that was threatening the integrity of the award "" .",O O B-BUSINESS-EXECUTIVE-MANAGER I-BUSINESS-EXECUTIVE-MANAGER I-BUSINESS-EXECUTIVE-MANAGER O O O O O O O O O O O O O O O O O O O O O O O O O O O O O O O O O O O O O O O O,O O B-ACTOR-DIRECTOR I-ACTOR-DIRECTOR I-ACTOR-DIRECTOR O B-ACTOR-DIRECTOR O O O O O O O O O O O O O O O O O O O O O O O O O O O O O O O O O O O O O O,"[('BUSINESS-EXECUTIVE-MANAGER', 2, 4)]","[('ACTOR-DIRECTOR', 2, 4), ('ACTOR-DIRECTOR', 6, 6)]"
1891,"i felt enormous pressure when i din ##ed with him and it was nothing but pain , "" ts ##uts ##umi told a weekly magazine in 1987 . """,O O O O O O O O O O O O O O O O O O B-BUSINESS-EXECUTIVE-MANAGER I-BUSINESS-EXECUTIVE-MANAGER I-BUSINESS-EXECUTIVE-MANAGER O O O O O O O O,O O O O O O O O O O O O O O O O O O B-PUBLIC-FIGURE I-PUBLIC-FIGURE I-PUBLIC-FIGURE O O O O O O O O,"[('BUSINESS-EXECUTIVE-MANAGER', 18, 20)]","[('PUBLIC-FIGURE', 18, 20)]"
1901,"hd ##tv is just the latest must - have technology in viewers ' homes , "" says jo fl ##ah ##erty , a senior broadcaster with the cbs network in the us .",O O O O O O O O O O O O O O O O O B-PUBLIC-FIGURE I-PUBLIC-FIGURE I-PUBLIC-FIGURE I-PUBLIC-FIGURE O O O O O O O O O O O O,O O O O O O O O O O O O O O O O O B-BUSINESS-EXECUTIVE-MANAGER I-BUSINESS-EXECUTIVE-MANAGER I-BUSINESS-EXECUTIVE-MANAGER I-BUSINESS-EXECUTIVE-MANAGER O O O O O O O O O O O O,"[('PUBLIC-FIGURE', 17, 20)]","[('BUSINESS-EXECUTIVE-MANAGER', 17, 20)]"
1928,"according to mr quest ##ed , this could help put europe back into the running in the race to switch to hd ##tv .",O O O O O O O O O O O O O O O O O O O O O O O O,O O O B-BUSINESS-EXECUTIVE-MANAGER I-BUSINESS-EXECUTIVE-MANAGER O O O O O O O O O O O O O O O O O O O,[],"[('BUSINESS-EXECUTIVE-MANAGER', 3, 4)]"
1930,e ##bber ##s denies world ##com fraud former world ##com chief bernie e ##bber ##s has denied claims that he knew accountants were doctor ##ing the books at the firm .,O O O O O O O O O O O B-BUSINESS-EXECUTIVE-MANAGER I-BUSINESS-EXECUTIVE-MANAGER I-BUSINESS-EXECUTIVE-MANAGER I-BUSINESS-EXECUTIVE-MANAGER O O O O O O O O O O O O O O O O,B-BUSINESS-EXECUTIVE-MANAGER I-BUSINESS-EXECUTIVE-MANAGER I-BUSINESS-EXECUTIVE-MANAGER O O O O O O O O B-BUSINESS-EXECUTIVE-MANAGER I-BUSINESS-EXECUTIVE-MANAGER I-BUSINESS-EXECUTIVE-MANAGER I-BUSINESS-EXECUTIVE-MANAGER O O O O O O O O O O O O O O O O,"[('BUSINESS-EXECUTIVE-MANAGER', 11, 14)]","[('BUSINESS-EXECUTIVE-MANAGER', 0, 2), ('BUSINESS-EXECUTIVE-MANAGER', 11, 14)]"
1931,"speaking in court , mr e ##bber ##s rejected allegations he pressured ex - chief financial officer scott sullivan to fa ##ls ##ify company financial statements .",O O O O O O O O O O O O O O O O O B-BUSINESS-EXECUTIVE-MANAGER I-BUSINESS-EXECUTIVE-MANAGER O O O O O O O O,O O O O O B-BUSINESS-EXECUTIVE-MANAGER I-BUSINESS-EXECUTIVE-MANAGER I-BUSINESS-EXECUTIVE-MANAGER O O O O O O O O O B-BUSINESS-EXECUTIVE-MANAGER I-BUSINESS-EXECUTIVE-MANAGER O O O O O O O O,"[('BUSINESS-EXECUTIVE-MANAGER', 17, 18)]","[('BUSINESS-EXECUTIVE-MANAGER', 5, 7), ('BUSINESS-EXECUTIVE-MANAGER', 17, 18)]"
1932,"mr sullivan "" made accounting decisions , "" he told the federal court , saying his finance chief had "" a keen command of the numbers "" .",O O O O O O O O O O O O O O O O O O O O O O O O O O O O,O B-BUSINESS-EXECUTIVE-MANAGER O O O O O O O O O O O O O O O O O O O O O O O O O O,[],"[('BUSINESS-EXECUTIVE-MANAGER', 1, 1)]"
1933,mr e ##bber ##s has denied charges of fraud and conspiracy .,O O O O O O O O O O O O,O B-BUSINESS-EXECUTIVE-MANAGER I-BUSINESS-EXECUTIVE-MANAGER I-BUSINESS-EXECUTIVE-MANAGER O O O O O O O O,[],"[('BUSINESS-EXECUTIVE-MANAGER', 1, 3)]"
1934,during his second day of questioning in the new york trial mr e ##bber ##s played down his working relationship with mr sullivan and denied he frequently met him to discuss company business when questioned by the prosecution .,O O O O O O O O O O O O O O O O O O O O O O O O O O O O O O O O O O O O O O O,O O O O O O O O O O O O B-BUSINESS-EXECUTIVE-MANAGER I-BUSINESS-EXECUTIVE-MANAGER I-BUSINESS-EXECUTIVE-MANAGER O O O O O O O B-BUSINESS-EXECUTIVE-MANAGER O O O O O O O O O O O O O O O O,[],"[('BUSINESS-EXECUTIVE-MANAGER', 12, 14), ('BUSINESS-EXECUTIVE-MANAGER', 22, 22)]"
1935,""" in a lot of weeks , we would speak . . . three or four times , "" mr e ##bber ##s said , adding that conversations about finances were rarely one - on - one and were usually discussed by a "" group of people "" instead .",O O O O O O O O O O O O O O O O O O O O O O O O O O O O O O O O O O O O O O O O O O O O O O O O O O,O O O O O O O O O O O O O O O O O O O O B-BUSINESS-EXECUTIVE-MANAGER I-BUSINESS-EXECUTIVE-MANAGER I-BUSINESS-EXECUTIVE-MANAGER O O O O O O O O O O O O O O O O O O O O O O O O O O O,[],"[('BUSINESS-EXECUTIVE-MANAGER', 20, 22)]"
1936,mr e ##bber ##s relationship to mr sullivan is key to the case surrounding financial corruption that led to the collapse of the firm in 2002 following the discovery of an $ 11 ##bn accounting fraud .,O O O O O O O O O O O O O O O O O O O O O O O O O O O O O O O O O O O O O,O B-BUSINESS-EXECUTIVE-MANAGER I-BUSINESS-EXECUTIVE-MANAGER I-BUSINESS-EXECUTIVE-MANAGER O O O B-BUSINESS-EXECUTIVE-MANAGER O O O O O O O O O O O O O O O O O O O O O O O O O O O O O,[],"[('BUSINESS-EXECUTIVE-MANAGER', 1, 3), ('BUSINESS-EXECUTIVE-MANAGER', 7, 7)]"
1937,"the prosecution ' s star witness is mr sullivan , one of six world ##com executives indicted in the case , he has pleaded guilty to fraud and appeared as a prosecution witness as part of an agreement with prosecutors .",O O O O O O O O O O O O O O O O O O O O O O O O O O O O O O O O O O O O O O O O O,O O O O O O O O B-BUSINESS-EXECUTIVE-MANAGER O O O O O O O O O O O O O O O O O O O O O O O O O O O O O O O O,[],"[('BUSINESS-EXECUTIVE-MANAGER', 8, 8)]"
1938,"during his time on the witness stand mr sullivan repeatedly told ju ##ror ##s he met frequently with mr e ##bber ##s , told him about changes made to world ##com ' s accounts to hide costs and had warned him such pr ##act ##ises were improper .",O O O O O O O O O O O O O O O O O O O O O O O O O O O O O O O O O O O O O O O O O O O O O O O O,O O O O O O O O B-BUSINESS-EXECUTIVE-MANAGER O O O O O O O O O O B-BUSINESS-EXECUTIVE-MANAGER I-BUSINESS-EXECUTIVE-MANAGER I-BUSINESS-EXECUTIVE-MANAGER O O O O O O O O O O O O O O O O O O O O O O O O O O,[],"[('BUSINESS-EXECUTIVE-MANAGER', 8, 8), ('BUSINESS-EXECUTIVE-MANAGER', 19, 21)]"
1939,"however during the case on tuesday mr e ##bber ##s denied the allegations . """,O O O O O O O O O O O O O O O,O O O O O O O B-BUSINESS-EXECUTIVE-MANAGER I-BUSINESS-EXECUTIVE-MANAGER I-BUSINESS-EXECUTIVE-MANAGER O O O O O,[],"[('BUSINESS-EXECUTIVE-MANAGER', 7, 9)]"
1940,"i wasn ' t advised by scott sullivan of anything ever being wrong , "" he told the court . """,O O O O O O B-BUSINESS-EXECUTIVE-MANAGER I-BUSINESS-EXECUTIVE-MANAGER O O O O O O O O O O O O O,O O O O O O B-PUBLIC-FIGURE I-PUBLIC-FIGURE O O O O O O O O O O O O O,"[('BUSINESS-EXECUTIVE-MANAGER', 6, 7)]","[('PUBLIC-FIGURE', 6, 7)]"
1943,mr e ##bber ##s could face a jail sentence of up to 85 years if convicted of all the charges he is facing .,O O O O O O O O O O O O O O O O O O O O O O O O,O B-BUSINESS-EXECUTIVE-MANAGER I-BUSINESS-EXECUTIVE-MANAGER I-BUSINESS-EXECUTIVE-MANAGER O O O O O O O O O O O O O O O O O O O O,[],"[('BUSINESS-EXECUTIVE-MANAGER', 1, 3)]"
1957,"at this stage , we are only considering hosting the event by ourselves , "" said jr ##fu secretary ko ##ji to ##ku ##mas ##u . """,O O O O O O O O O O O O O O O O O O O B-BUSINESS-EXECUTIVE-MANAGER I-BUSINESS-EXECUTIVE-MANAGER I-BUSINESS-EXECUTIVE-MANAGER I-BUSINESS-EXECUTIVE-MANAGER I-BUSINESS-EXECUTIVE-MANAGER I-BUSINESS-EXECUTIVE-MANAGER O O,O O O O O O O O O O O O O O O O O O O B-PUBLIC-FIGURE I-PUBLIC-FIGURE I-PUBLIC-FIGURE I-PUBLIC-FIGURE I-PUBLIC-FIGURE I-PUBLIC-FIGURE O O,"[('BUSINESS-EXECUTIVE-MANAGER', 19, 24)]","[('PUBLIC-FIGURE', 19, 24)]"
1960,""" until now , the world cup has been held in countries from the six nations or tri - nations , "" said to ##ku ##mas ##u . """,O O O O O O O O O O O O O O O O O O O O O O O O O O O O O,O O O O O O O O O O O O O O O O O O O O O O O B-ATHLETE I-ATHLETE I-ATHLETE I-ATHLETE O O,[],"[('ATHLETE', 23, 26)]"
1963,"to ##ku ##mas ##u added that the 2002 football world cup , co - hosted by japan and south korea , had been a huge success . """,O O O O O O O O O O O O O O O O O O O O O O O O O O O O,B-PUBLIC-FIGURE I-PUBLIC-FIGURE I-PUBLIC-FIGURE I-PUBLIC-FIGURE O O O O O O O O O O O O O O O O O O O O O O O O,[],"[('PUBLIC-FIGURE', 0, 3)]"
1967,the sunday times and the sunday telegraph say they will oppose any formal £ ##80 ##0 ##m takeover bid from us ty ##co ##on mal ##com g ##laze ##r .,O O O O O O O O O O O O O O O O O O O O O O O O B-BUSINESS-EXECUTIVE-MANAGER I-BUSINESS-EXECUTIVE-MANAGER I-BUSINESS-EXECUTIVE-MANAGER I-BUSINESS-EXECUTIVE-MANAGER I-BUSINESS-EXECUTIVE-MANAGER O,O O O O O O O O O O O O O O O O O O O O O O O O B-BUSINESS-EXECUTIVE-MANAGER I-BUSINESS-EXECUTIVE-MANAGER B-BUSINESS-EXECUTIVE-MANAGER I-BUSINESS-EXECUTIVE-MANAGER I-BUSINESS-EXECUTIVE-MANAGER O,"[('BUSINESS-EXECUTIVE-MANAGER', 24, 28)]","[('BUSINESS-EXECUTIVE-MANAGER', 24, 25), ('BUSINESS-EXECUTIVE-MANAGER', 26, 28)]"
1968,mr g ##laze ##r got permission to look at the club ' s accounts last week .,O O O O O O O O O O O O O O O O O,O B-BUSINESS-EXECUTIVE-MANAGER I-BUSINESS-EXECUTIVE-MANAGER I-BUSINESS-EXECUTIVE-MANAGER O O O O O O O O O O O O O,[],"[('BUSINESS-EXECUTIVE-MANAGER', 1, 3)]"
1969,irish billionaire ##s mr mc ##man ##us and mr mag ##nier are said to believe that an £ ##80 ##0 ##m bid under ##val ##ues club prospects .,O O O O O O O O O O O O O O O O O O O O O O O O O O O O,O O O O O B-PUBLIC-FIGURE O O O B-BUSINESS-EXECUTIVE-MANAGER I-BUSINESS-EXECUTIVE-MANAGER O O O O O O O O O O O O O O O O O,[],"[('PUBLIC-FIGURE', 5, 5), ('BUSINESS-EXECUTIVE-MANAGER', 9, 10)]"
1970,"mr mag ##nier and mr mc ##man ##us , who hold their stake through their cubic expression investment vehicle have the power to block a bid .",O O O O O O O O O O O O O O O O O O O O O O O O O O O,O O O O O B-PUBLIC-FIGURE I-PUBLIC-FIGURE I-PUBLIC-FIGURE O O O O O O O O O O O O O O O O O O O,[],"[('PUBLIC-FIGURE', 5, 7)]"
1971,"mr g ##laze ##r ' s financial back ##ers , including jp morgan , the us investment bank have said they won ' t back a bid unless it receives backing from the owners of at least 75 % of the club ' s shares .",O O O O O O O O O O O O O O O O O O O O O O O O O O O O O O O O O O O O O O O O O O O O O O,O B-BUSINESS-EXECUTIVE-MANAGER I-BUSINESS-EXECUTIVE-MANAGER I-BUSINESS-EXECUTIVE-MANAGER O O O O O O O O O O O O O O O O O O O O O O O O O O O O O O O O O O O O O O O O O O,[],"[('BUSINESS-EXECUTIVE-MANAGER', 1, 3)]"
1973,mr g ##laze ##r has been stalking the premier league football club since 2003 .,O O O O O O O O O O O O O O O,O B-PUBLIC-FIGURE I-PUBLIC-FIGURE I-PUBLIC-FIGURE O O O O O O O O O O O,[],"[('PUBLIC-FIGURE', 1, 3)]"
1974,"mr mag ##nier and mr mc ##man ##us issued a statement late on friday saying that they remained "" long - term investors "" in man ut ##d .",O O O O O O O O O O O O O O O O O O O O O O O O O O O O O,O B-BUSINESS-EXECUTIVE-MANAGER I-BUSINESS-EXECUTIVE-MANAGER O O B-BUSINESS-EXECUTIVE-MANAGER I-BUSINESS-EXECUTIVE-MANAGER I-BUSINESS-EXECUTIVE-MANAGER O O O O O O O O O O O O O O O O O O O O O,[],"[('BUSINESS-EXECUTIVE-MANAGER', 1, 2), ('BUSINESS-EXECUTIVE-MANAGER', 5, 7)]"
1976,"foster ##s buys stake in wine ##maker australian brewer foster ##s has bought a large stake in australian wine ##maker south ##corp , spark ##ing rumours of a possible takeover .",O O O O O O O O O O O O O O O O O O O O O O O O O O O O O O O,B-BUSINESS-EXECUTIVE-MANAGER I-BUSINESS-EXECUTIVE-MANAGER O O O O O O O B-BUSINESS-EXECUTIVE-MANAGER I-BUSINESS-EXECUTIVE-MANAGER O O O O O O O O O O O O O O O O O O O O,[],"[('BUSINESS-EXECUTIVE-MANAGER', 0, 1), ('BUSINESS-EXECUTIVE-MANAGER', 9, 10)]"
1977,"foster ##s bought 18 . 8 % of south ##corp , the global wine ##maker behind the pen ##fold ##s , lin ##de ##mans and rose ##mount brands , for 4 . 17 australian dollars per share .",O O O O O O O O O O O O O O O O O O O O O O O O O O O O O O O O O O O O O O,B-BUSINESS-EXECUTIVE-MANAGER I-BUSINESS-EXECUTIVE-MANAGER O O O O O O O O O O O O O O O O O O O O O O O O O O O O O O O O O O O O,[],"[('BUSINESS-EXECUTIVE-MANAGER', 0, 1)]"
1979,"foster ##s said it was currently in discussions "" which may lead to a major corporate announcement "" .",O O O O O O O O O O O O O O O O O O O,B-PUBLIC-FIGURE I-PUBLIC-FIGURE O O O O O O O O O O O O O O O O O,[],"[('PUBLIC-FIGURE', 0, 1)]"
1983,"foster ##s bought the 18 . 8 % stake from re ##line investments , the family investment firm for the o ##at ##ley ##s , who founded the rose ##mount estates label and sold it to south ##corp in 2001 .",O O O O O O O O O O O O O O O O O O O O O O O O O O O O O O O O O O O O O O O O O,B-PUBLIC-FIGURE O O O O O O O O O O O O O O O O O O O O O O O O O O O O O O O O O O O O O O O O,[],"[('PUBLIC-FIGURE', 0, 0)]"
1989,"foster ##s has done a back - flip "" , said shawn burns , a fund man ##ger at deutsche asset management .",O O O O O O O O O O O B-PUBLIC-FIGURE I-PUBLIC-FIGURE O O O O O O O O O O,O O O O O O O O O O O B-BUSINESS-EXECUTIVE-MANAGER I-BUSINESS-EXECUTIVE-MANAGER O O O O O O O O O O,"[('PUBLIC-FIGURE', 11, 12)]","[('BUSINESS-EXECUTIVE-MANAGER', 11, 12)]"
1993,it seized the top spot when it bought australian firm br ##l hardy for just over $ 1b ##n in 2003 .,O O O O O O O O O O O O O O O O O O O O O O,O O O O O O O O O O B-BUSINESS-EXECUTIVE-MANAGER O B-BUSINESS-EXECUTIVE-MANAGER O O O O O O O O O,[],"[('BUSINESS-EXECUTIVE-MANAGER', 10, 10), ('BUSINESS-EXECUTIVE-MANAGER', 12, 12)]"
1994,"since then , it has paid $ 1b ##n for us wine maker robert mon ##dav ##i , bought last month .",O O O O O O O O O O O O O B-BUSINESS-EXECUTIVE-MANAGER I-BUSINESS-EXECUTIVE-MANAGER I-BUSINESS-EXECUTIVE-MANAGER I-BUSINESS-EXECUTIVE-MANAGER O O O O O,O O O O O O O O O O O O O B-PUBLIC-FIGURE I-PUBLIC-FIGURE I-PUBLIC-FIGURE I-PUBLIC-FIGURE O O O O O,"[('BUSINESS-EXECUTIVE-MANAGER', 13, 16)]","[('PUBLIC-FIGURE', 13, 16)]"
1997,"analysts were divided on thursday about whether foster ##s was more likely to go for a takeover or merely wanted to take a big enough chunk of south ##corp to prevent it falling to a rival . """,O O O O O O O O O O O O O O O O O O O O O O O O O O O O O O O O O O O O O O,O O O O O O O B-PUBLIC-FIGURE I-PUBLIC-FIGURE O O O O O O O O O O O O O O O O O O O O O O O O O O O O O,[],"[('PUBLIC-FIGURE', 7, 8)]"
1999,"however , matt williams , a fund manager at perpetual trustees said taking the stake "" is definitely a precursor to a takeover "" .",O O B-PUBLIC-FIGURE I-PUBLIC-FIGURE O O O O O O O O O O O O O O O O O O O O O,O O B-BUSINESS-EXECUTIVE-MANAGER I-BUSINESS-EXECUTIVE-MANAGER O O O O O O O O O O O O O O O O O O O O O,"[('PUBLIC-FIGURE', 2, 3)]","[('BUSINESS-EXECUTIVE-MANAGER', 2, 3)]"
2008,"but the all - party group , including tori ##es ken clarke and sir george young , labour ' s robin cook and tony wright and liberal democrat paul tyler , is confident its plan would win support from a "" large majority "" .",O O O O O O O O O O B-POLITICIAN I-POLITICIAN O B-POLITICIAN I-POLITICIAN I-POLITICIAN O O O O B-POLITICIAN I-POLITICIAN O B-POLITICIAN I-POLITICIAN O O O B-POLITICIAN I-POLITICIAN O O O O O O O O O O O O O O O,O O O O O O O O O O B-POLITICIAN I-POLITICIAN O O B-POLITICIAN I-POLITICIAN O O O O B-POLITICIAN I-POLITICIAN O B-POLITICIAN I-POLITICIAN O O O B-POLITICIAN I-POLITICIAN O O O O O O O O O O O O O O O,"[('POLITICIAN', 10, 11), ('POLITICIAN', 13, 15), ('POLITICIAN', 20, 21), ('POLITICIAN', 23, 24), ('POLITICIAN', 28, 29)]","[('POLITICIAN', 10, 11), ('POLITICIAN', 14, 15), ('POLITICIAN', 20, 21), ('POLITICIAN', 23, 24), ('POLITICIAN', 28, 29)]"
2014,mr cook said holding elections for msc ##ps on the same day as those for mps might help mo ##tiv ##ate the electorate and increase voter turnout .,O O O O O O O O O O O O O O O O O O O O O O O O O O O O,O B-POLITICIAN O O O O O O O O O O O O O O O O O O O O O O O O O O,[],"[('POLITICIAN', 1, 1)]"
2019,"mr clarke said the issue "" went to the heart of reforming the health of the british political system "" .",O O O O O O O O O O O O O O O O O O O O O,O B-POLITICIAN O O O O O O O O O O O O O O O O O O O,[],"[('POLITICIAN', 1, 1)]"
2020,"and mr tyler said the prime minister ' s view that there was no agreement on the shape of the future of the lords was flawed . """,O O O O O O O O O O O O O O O O O O O O O O O O O O O O,O O B-PUBLIC-FIGURE O O O O O O O O O O O O O O O O O O O O O O O O O,[],"[('PUBLIC-FIGURE', 2, 2)]"
2026,wall street cheers bush victory the us stock market has closed higher in response to george w bush ' s victory in the presidential elections .,O O O O O O O O O O O O O O O B-POLITICIAN I-POLITICIAN I-POLITICIAN O O O O O O O O,O O O B-POLITICIAN O O O O O O O O O O O B-POLITICIAN I-POLITICIAN I-POLITICIAN I-POLITICIAN I-POLITICIAN O O O O O O,"[('POLITICIAN', 15, 17)]","[('POLITICIAN', 3, 3), ('POLITICIAN', 15, 19)]"
2027,"the bench ##mark dow jones share index closed more than 1 % higher at 10 , 137 , while the nas ##da ##q rose 0 . 9 % to 2 , 00 ##4 .",O O O O O O O O O O O O O O O O O O O O O O O O O O O O O O O O O O,O O O B-BUSINESS-EXECUTIVE-MANAGER I-BUSINESS-EXECUTIVE-MANAGER O O O O O O O O O O O O O O O O O O O O O O O O O O O O O,[],"[('BUSINESS-EXECUTIVE-MANAGER', 3, 4)]"
2028,"many investors believe that mr bush ' s policies are more business - friendly than those of his democrat challenger , john kerry .",O O O O O O O O O O O O O O O O O O O O O B-POLITICIAN I-POLITICIAN O,O O O O O B-POLITICIAN O O O O O O O O O O O O O O O B-POLITICIAN I-POLITICIAN O,"[('POLITICIAN', 21, 22)]","[('POLITICIAN', 5, 5), ('POLITICIAN', 21, 22)]"
2032,"mr kerry conceded defeat on wednesday , abandoning last - ditch hopes of carrying the vote in the swing state of ohio . """,O O O O O O O O O O O O O O O O O O O O O O O O,O B-POLITICIAN O O O O O O O O O O O O O O O O O O O O O O,[],"[('POLITICIAN', 1, 1)]"
2035,"i would look at the stock market rally for bush as kind of a one - day event , "" said ken may ##land at clear ##view economics .",O O O O O O O O O O O O O O O O O O O O O B-BUSINESS-EXECUTIVE-MANAGER I-BUSINESS-EXECUTIVE-MANAGER I-BUSINESS-EXECUTIVE-MANAGER O O O O O,O O O O O O O O O B-POLITICIAN O O O O O O O O O O O B-PUBLIC-FIGURE I-PUBLIC-FIGURE I-PUBLIC-FIGURE O O O O O,"[('BUSINESS-EXECUTIVE-MANAGER', 21, 23)]","[('POLITICIAN', 9, 9), ('PUBLIC-FIGURE', 21, 23)]"
2038,the rise in oil prices partly reflects the view that president bush is less likely than mr kerry to release supplies from the us ' strategic oil reserve .,O O O O O O O O O O O O O O O O O O O O O O O O O O O O O,O O O O O O O O O O O B-POLITICIAN O O O O O B-POLITICIAN O O O O O O O O O O O,[],"[('POLITICIAN', 11, 11), ('POLITICIAN', 17, 17)]"
2042,"in key swing states such as ohio , which has suffered substantial job losses in the past four years , president bush ' s handling of the economy became a crucial election issue .",O O O O O O O O O O O O O O O O O O O O O O O O O O O O O O O O O O,O O O O O O O O O O O O O O O O O O O O O B-POLITICIAN O O O O O O O O O O O O,[],"[('POLITICIAN', 21, 21)]"
2043,"senator kerry attacked president bush ' s economic record during his campaign , hammering home the fact that a net 800 , 000 jobs were lost during his term in office .",O O O O O O O O O O O O O O O O O O O O O O O O O O O O O O O O,O B-POLITICIAN O O B-POLITICIAN O O O O O O O O O O O O O O O O O O O O O O O O O O O,[],"[('POLITICIAN', 1, 1), ('POLITICIAN', 4, 4)]"
2044,"president bush focused on the fact that two million jobs have been created in the past year , claiming that it has vin ##dicated his tax - cutting agenda .",O O O O O O O O O O O O O O O O O O O O O O O O O O O O O O,O B-POLITICIAN O O O O O O O O O O O O O O O O O O O O O O O O O O O O,[],"[('POLITICIAN', 1, 1)]"
2046,"senator kerry planned to increase taxes on those earning more than $ 200 , 000 a year .",O O O O O O O O O O O O O O O O O O,O B-POLITICIAN O O O O O O O O O O O O O O O O,[],"[('POLITICIAN', 1, 1)]"
2047,president bush has placed reform of the pensions system at the heart of his economic agenda for a second term .,O O O O O O O O O O O O O O O O O O O O O,O B-POLITICIAN O O O O O O O O O O O O O O O O O O O,[],"[('POLITICIAN', 1, 1)]"
2053,"its top brands include newcastle brown ale , foster ' s , john smith ' s , strong ##bow and k ##rone ##nb ##our ##g .",O O O O O O O O O O O O O O O O O O O O O O O O O O,O O O O O O O O O O O O O B-BUSINESS-EXECUTIVE-MANAGER O O O O O O O O O O O O,[],"[('BUSINESS-EXECUTIVE-MANAGER', 13, 13)]"
2059,king ##fish ##er has market share of about 29 % .,O O O O O O O O O O O,B-ACTOR-DIRECTOR I-ACTOR-DIRECTOR I-ACTOR-DIRECTOR O O O O O O O O,[],"[('ACTOR-DIRECTOR', 0, 2)]"
2062,"the airline , the brain ##child of mr mall ##ya , expects to start its operations by the end of april .",O O O O O O O O O O O O O O O O O O O O O O,O O O O O O O O B-BUSINESS-EXECUTIVE-MANAGER I-BUSINESS-EXECUTIVE-MANAGER O O O O O O O O O O O O,[],"[('BUSINESS-EXECUTIVE-MANAGER', 8, 9)]"
2063,"the new airline would break even in the very first year of operation , mr mall ##ya said .",O O O O O O O O O O O O O O O O O O O,O O O O O O O O O O O O O O O B-BUSINESS-EXECUTIVE-MANAGER I-BUSINESS-EXECUTIVE-MANAGER O O,[],"[('BUSINESS-EXECUTIVE-MANAGER', 15, 16)]"
2067,"there are common musical elements linking nearly all the big christmas number ones of recent times , "" said editor david roberts .",O O O O O O O O O O O O O O O O O O O O B-AUTHOR-WRITER I-AUTHOR-WRITER O,O O O O O O O O O O O O O O O O O O O O B-MUSICIAN I-MUSICIAN O,"[('AUTHOR-WRITER', 20, 21)]","[('MUSICIAN', 20, 21)]"
2068,the book ' s analysts commissioned chart prank group mo ##ped to create the first christmas single using the whole formula - the song is called gonna have a no 1 this christmas by mo ##ped vs santa .,O O O O O O O O O O O O O O O O O O O O O O O O O O O O O O O O O O O O O B-PUBLIC-FIGURE O,O O O O O O O O O O O O O O O O O O O O O O O O O O O O O O O O O O B-MUSICIAN I-MUSICIAN O O O,"[('PUBLIC-FIGURE', 37, 37)]","[('MUSICIAN', 34, 35)]"
2069,""" everybody says that christmas number ones are formula ##ic , but gonna have a number one this christmas is the first song to crack the formula and combine all these elements into one ultimate christmas track "" said mr roberts . """,O O O O O O O O O O O O O O O O O O O O O O O O O O O O O O O O O O O O O O O O O O O,O O O O O O O O O O O O O O O O O O O O O O O O O O O O O O O O O O O O O O O O B-PUBLIC-FIGURE O O,[],"[('PUBLIC-FIGURE', 40, 40)]"
2070,"surprisingly , there ' s no santa listed among the 8 , 000 , top 75 chart performers in the book , so this is our chance to help santa to his rightful place in british recording history . """,O O O O O O B-PUBLIC-FIGURE O O O O O O O O O O O O O O O O O O O O O O B-PUBLIC-FIGURE O O O O O O O O O O,O O O O O O B-MUSICIAN O O O O O O O O O O O O O O O O O O O O O O B-MUSICIAN O O O O O O O O O O,"[('PUBLIC-FIGURE', 6, 6), ('PUBLIC-FIGURE', 29, 29)]","[('MUSICIAN', 6, 6), ('MUSICIAN', 29, 29)]"
2072,"slade ' s merry christmas everybody , w ##ham ' s last christmas and sir cliff richards ' mist ##let ##oe and wine .",O O O O O O O O O O O O O O B-MUSICIAN I-MUSICIAN I-MUSICIAN O O O O O O O,B-MUSICIAN O O O O O O O O O O O O O O O O O O O O O O O,"[('MUSICIAN', 14, 16)]","[('MUSICIAN', 0, 0)]"
2078,"there are clear signs of a revival in domestic demand , "" said frank - ju ##er ##gen wei ##se , head of the federal labour agency , in a statement . """,O O O O O O O O O O O O O B-PUBLIC-FIGURE I-PUBLIC-FIGURE I-PUBLIC-FIGURE I-PUBLIC-FIGURE I-PUBLIC-FIGURE I-PUBLIC-FIGURE I-PUBLIC-FIGURE O O O O O O O O O O O O O,O O O O O O O O O O O O O B-PUBLIC-FIGURE I-PUBLIC-FIGURE O B-PUBLIC-FIGURE I-PUBLIC-FIGURE I-PUBLIC-FIGURE I-PUBLIC-FIGURE O O O O O O O O O O O O O,"[('PUBLIC-FIGURE', 13, 19)]","[('PUBLIC-FIGURE', 13, 14), ('PUBLIC-FIGURE', 16, 19)]"
2091,"the 9 november traffic explosion has continued into december , said sand ##vine .",O O O O O O O O O O O O O O,O O O O O O O O O O O B-PUBLIC-FIGURE O O,[],"[('PUBLIC-FIGURE', 11, 11)]"
2102,"anal ##ys ##ing traffic will become increasingly important for service providers if they are to hold on to bandwidth - hungry gamer ##s said lindsay sc ##hr ##oth , an analyst with research firm the yankee group . """,O O O O O O O O O O O O O O O O O O O O O O O O B-PUBLIC-FIGURE I-PUBLIC-FIGURE I-PUBLIC-FIGURE I-PUBLIC-FIGURE O O O O O O O O O O O,O O O O O O O O O O O O O O O O O O O O O O O O B-BUSINESS-EXECUTIVE-MANAGER I-BUSINESS-EXECUTIVE-MANAGER I-BUSINESS-EXECUTIVE-MANAGER I-BUSINESS-EXECUTIVE-MANAGER O O O O O O O O O O O,"[('PUBLIC-FIGURE', 24, 27)]","[('BUSINESS-EXECUTIVE-MANAGER', 24, 27)]"
2106,"both sides hope to reach a negotiated deal over state aid received by european aircraft maker airbus and its us rival boeing , mr man ##del ##son said .",O O O O O O O O O O O O O O O O O O O O O O O O O O O O O,O O O O O O O O O O O O O O O O O O O O O O O O B-BUSINESS-EXECUTIVE-MANAGER I-BUSINESS-EXECUTIVE-MANAGER I-BUSINESS-EXECUTIVE-MANAGER O O,[],"[('BUSINESS-EXECUTIVE-MANAGER', 24, 26)]"
2108,mr man ##del ##son said the eu and us hoped to avoid having to resolve the dispute at the world trade organisation ( w ##to ) .,O O O O O O O O O O O O O O O O O O O O O O O O O O O,O B-POLITICIAN I-POLITICIAN I-POLITICIAN O O O O O O O O O O O O O O O O O O O O O O O,[],"[('POLITICIAN', 1, 3)]"
2109,""" with this agreement the eu and us have confirmed their willingness to resolve the dispute which has arise ##n between them , "" mr man ##del ##son said . """,O O O O O O O O O O O O O O O O O O O O O O O O O O O O O O O,O O O O O O O O O O O O O O O O O O O O O O O O O B-POLITICIAN I-POLITICIAN I-POLITICIAN O O O,[],"[('POLITICIAN', 25, 27)]"
2114,"ea ##ds and bae systems , the european defence and aerospace firms which own airbus , welcomed mr man ##del ##son ' s announcement . """,O O O O O O O O O O O O O O O O O O O O O O O O O O,O O O O O O O O O O O O O O O O O O B-BUSINESS-EXECUTIVE-MANAGER I-BUSINESS-EXECUTIVE-MANAGER I-BUSINESS-EXECUTIVE-MANAGER O O O O O,[],"[('BUSINESS-EXECUTIVE-MANAGER', 18, 20)]"
2122,"sony , ibm and to ##shi ##ba , who have been working on the cell processor for three years , unveiled the chip on monday .",O O O O O O O O O O O O O O O O O O O O O O O O O O,O O O O B-BUSINESS-EXECUTIVE-MANAGER I-BUSINESS-EXECUTIVE-MANAGER I-BUSINESS-EXECUTIVE-MANAGER O O O O O O O O O O O O O O O O O O O,[],"[('BUSINESS-EXECUTIVE-MANAGER', 4, 6)]"
2128,"the playstation 3 is expected in 2006 , while to ##shi ##ba plans to incorporate it into high - end television ##s next year .",O O O O O O O O O O O O O O O O O O O O O O O O O,O O O O O O O O O B-BUSINESS-EXECUTIVE-MANAGER I-BUSINESS-EXECUTIVE-MANAGER I-BUSINESS-EXECUTIVE-MANAGER O O O O O O O O O O O O O,[],"[('BUSINESS-EXECUTIVE-MANAGER', 9, 11)]"
2146,chavez has sought to extend the state ' s role in all sectors of the economy .,O O O O O O O O O O O O O O O O O,B-POLITICIAN O O O O O O O O O O O O O O O O,[],"[('POLITICIAN', 0, 0)]"
2150,"we are defending our national sovereignty over the use of our national resources which must serve the end ##ogen ##ous development of the nation , "" mr alvarez said . """,O O O O O O O O O O O O O O O O O O O O O O O O O O O O O O O,O O O O O O O O O O O O O O O O O O O O O O O O O O O B-PUBLIC-FIGURE O O O,[],"[('PUBLIC-FIGURE', 27, 27)]"
2155,"if we don ' t do this , we are just going to carry on being slaves , suppliers of raw materials , all our lives and we will never develop our own productive capacity , "" mr alvarez added .",O O O O O O O O O O O O O O O O O O O O O O O O O O O O O O O O O O O O O O O O O,O O O O O O O O O O O O O O O O O O O O O O O O O O O O O O O O O O O O O O B-PUBLIC-FIGURE O O,[],"[('PUBLIC-FIGURE', 38, 38)]"
2158,the american film institute ( afi ) hailed mel gibson ' s biblical epic and michael moore ' s political documentary as inspiring national debate .,O O O O O O O O B-ACTOR-DIRECTOR I-ACTOR-DIRECTOR O O O O O B-ACTOR-DIRECTOR I-ACTOR-DIRECTOR O O O O O O O O O,O O O O O O O O B-ACTOR-DIRECTOR I-ACTOR-DIRECTOR I-ACTOR-DIRECTOR I-ACTOR-DIRECTOR O O O B-ACTOR-DIRECTOR I-ACTOR-DIRECTOR I-ACTOR-DIRECTOR I-ACTOR-DIRECTOR O O O O O O O,"[('ACTOR-DIRECTOR', 8, 9), ('ACTOR-DIRECTOR', 15, 16)]","[('ACTOR-DIRECTOR', 8, 11), ('ACTOR-DIRECTOR', 15, 18)]"
2161,"in referring to marlon brand ##o ' s death on 1 july at the age of 80 , the 13 - strong afi jury concluded "" the art of screen acting has two chapters - ' before brand ##o ' and ' after brand ##o ' .",O O O B-ACTOR-DIRECTOR I-ACTOR-DIRECTOR I-ACTOR-DIRECTOR O O O O O O O O O O O O O O O O O O O O O O O O O O O O O O O O O O O O O O O O O,O O O B-ACTOR-DIRECTOR I-ACTOR-DIRECTOR I-ACTOR-DIRECTOR O B-ACTOR-DIRECTOR O O O O O O O O O O O O O O O O O O O O O O O O O O O O O B-ACTOR-DIRECTOR I-ACTOR-DIRECTOR O O O O B-ACTOR-DIRECTOR I-ACTOR-DIRECTOR O O,"[('ACTOR-DIRECTOR', 3, 5)]","[('ACTOR-DIRECTOR', 3, 5), ('ACTOR-DIRECTOR', 7, 7), ('ACTOR-DIRECTOR', 37, 38), ('ACTOR-DIRECTOR', 43, 44)]"
2162,"it credited the screen legend ' s "" raw hypnotic energy "" and his ability to create characters like stanley kowalski and terry mall ##oy "" that will live forever in the annals of film history "" .",O O O O O O O O O O O O O O O O O O O B-PUBLIC-FIGURE I-PUBLIC-FIGURE O B-PUBLIC-FIGURE I-PUBLIC-FIGURE I-PUBLIC-FIGURE O O O O O O O O O O O O O,O O O O O O O O O O O O O O O O O O O B-ACTOR-DIRECTOR I-ACTOR-DIRECTOR O B-ACTOR-DIRECTOR I-ACTOR-DIRECTOR I-ACTOR-DIRECTOR O O O O O O O O O O O O O,"[('PUBLIC-FIGURE', 19, 20), ('PUBLIC-FIGURE', 22, 24)]","[('ACTOR-DIRECTOR', 19, 20), ('ACTOR-DIRECTOR', 22, 24)]"
2164,"among current trends , it highlighted the final broadcasts of veteran newscast ##ers tom bro ##ka ##w , barbara walters and the impending retirement of cbs news anchor dan rather .",O O O O O O O O O O O O O B-AUTHOR-WRITER I-AUTHOR-WRITER I-AUTHOR-WRITER I-AUTHOR-WRITER O B-AUTHOR-WRITER I-AUTHOR-WRITER O O O O O O O O B-AUTHOR-WRITER I-AUTHOR-WRITER O,O O O O O O O O O O O O O B-PUBLIC-FIGURE I-PUBLIC-FIGURE I-PUBLIC-FIGURE I-PUBLIC-FIGURE O B-PUBLIC-FIGURE I-PUBLIC-FIGURE O O O O O O O O B-PUBLIC-FIGURE I-PUBLIC-FIGURE O,"[('AUTHOR-WRITER', 13, 16), ('AUTHOR-WRITER', 18, 19), ('AUTHOR-WRITER', 28, 29)]","[('PUBLIC-FIGURE', 13, 16), ('PUBLIC-FIGURE', 18, 19), ('PUBLIC-FIGURE', 28, 29)]"
2167,"the list also draws attention to the growing influence of us broadcasting regulator , the federal communications commission ( fcc ) the institute concluded the threat of regulation , which went into free ##fall following janet jackson ' s ' wardrobe mal ##fu ##nction ' during a live super bowl performance in february , "" had a profound effect on television "" . """,O O O O O O O O O O O O O O O O O O O O O O O O O O O O O O O O O O O B-MUSICIAN I-MUSICIAN O O O O O O O O O O O O O O O O O O O O O O O O O O O,O O O O O O O O O O O O O O O O O O O O O O O O O O O O O O O O O O O B-MUSICIAN I-MUSICIAN I-MUSICIAN I-MUSICIAN O O O O O O O O O O O O O O O O O O O O O O O O O,"[('MUSICIAN', 35, 36)]","[('MUSICIAN', 35, 38)]"
2169,"to illustrate their point , the afi cited abc affiliates refusal to air steven spielberg ' s film saving private ryan in an une ##dit ##ed form over fears of possible fines .",O O O O O O O O O O O O O B-ACTOR-DIRECTOR I-ACTOR-DIRECTOR O O O O O O O O O O O O O O O O O O,O O O O O O O O O O O O O B-ACTOR-DIRECTOR I-ACTOR-DIRECTOR I-ACTOR-DIRECTOR I-ACTOR-DIRECTOR O O O O O O O O O O O O O O O O,"[('ACTOR-DIRECTOR', 13, 14)]","[('ACTOR-DIRECTOR', 13, 16)]"
2170,"serena ends san ##ia mirza ' s dream san ##ia mirza , the first indian woman to reach the third round of a grand slam tennis event , has lost to women ' s favourite serena williams .",O O B-ATHLETE I-ATHLETE I-ATHLETE O O O B-ATHLETE I-ATHLETE I-ATHLETE O O O O O O O O O O O O O O O O O O O O O O O O B-ATHLETE I-ATHLETE O,B-ATHLETE O B-ATHLETE I-ATHLETE I-ATHLETE O O O B-ATHLETE I-ATHLETE I-ATHLETE O O O O O O O O O O O O O O O O O O O O O O O O B-ATHLETE I-ATHLETE O,"[('ATHLETE', 2, 4), ('ATHLETE', 8, 10), ('ATHLETE', 35, 36)]","[('ATHLETE', 0, 0), ('ATHLETE', 2, 4), ('ATHLETE', 8, 10), ('ATHLETE', 35, 36)]"
2171,"the 18 - year - old mirza , who got a wild card entry into the australian open in melbourne , lost to williams 1 - 6 , 4 - 6 in the third round .",O O O O O O O O O O O O O O O O O O O O O O O O O O O O O O O O O O O O,O O O O O O B-ATHLETE O O O O O O O O O O O O O O O O B-ATHLETE O O O O O O O O O O O O,[],"[('ATHLETE', 6, 6), ('ATHLETE', 23, 23)]"
2172,williams took just 56 minutes to defeat mirza and sail into the fourth round .,O O O O O O O O O O O O O O O,B-ATHLETE O O O O O O B-ATHLETE O O O O O O O,[],"[('ATHLETE', 0, 0), ('ATHLETE', 7, 7)]"
2174,va ##id ##yana ##than made it to the second round of the australian open in 1998 .,O O O O O O O O O O O O O O O O O,B-ATHLETE I-ATHLETE I-ATHLETE I-ATHLETE O O O O O O O O O O O O O,[],"[('ATHLETE', 0, 3)]"
2175,"playing the biggest match of her life , mirza made little impact on williams in the early stages of the game .",O O O O O O O O O O O O O O O O O O O O O O,O O O O O O O O B-ATHLETE O O O O B-ATHLETE O O O O O O O O,[],"[('ATHLETE', 8, 8), ('ATHLETE', 13, 13)]"
2176,but the teenager showed more confidence in the second set and engaged the seventh - seeded williams in some well contested rallies .,O O O O O O O O O O O O O O O O O O O O O O O,O O O O O O O O O O O O O O O O B-ATHLETE O O O O O O,[],"[('ATHLETE', 16, 16)]"
2177,"mirza , a junior wimbledon doubles title winner , became the first indian woman to reach the third round of a grand slam tennis event when she beat hungarian petra man ##du ##la on wednesday . """,O O O O O O O O O O O O O O O O O O O O O O O O O O O O O B-ATHLETE I-ATHLETE I-ATHLETE I-ATHLETE O O O O,B-ATHLETE O O O O O O O O O O O O O O O O O O O O O O O O O O O O B-ATHLETE I-ATHLETE I-ATHLETE I-ATHLETE O O O O,"[('ATHLETE', 29, 32)]","[('ATHLETE', 0, 0), ('ATHLETE', 29, 32)]"
2179,"i was confident but i didn ' t think it was going to be that easy , "" mirza said after her second round win . """,O O O O O O O O O O O O O O O O O O O O O O O O O O O,O O O O O O O O O O O O O O O O O O B-ATHLETE O O O O O O O O,[],"[('ATHLETE', 18, 18)]"
2182,"tennis is not a particularly popular sport in india , but a number of indians watched the live telecast of the match between mirza and williams .",O O O O O O O O O O O O O O O O O O O O O O O O O O O,O O O O O O O O O O O O O O O O O O O O O O O B-ATHLETE O B-ATHLETE O,[],"[('ATHLETE', 23, 23), ('ATHLETE', 25, 25)]"
2183,"mirza , who lives in the southern indian city of hyderabad known for producing a host of top indian cricketer ##s , turned professional two years ago .",O O O O O O O O O O O O O O O O O O O O O O O O O O O O,B-ATHLETE O O O O O O O O O O O O O O O O O O O O O O O O O O O,[],"[('ATHLETE', 0, 0)]"
2185,"then finally [ the coach ] called my parents up and said ' the way she hits the ball , i ' ve never seen a six - year - old hit a ball like that ' , "" mirza told the associated press .",O O O O O O O O O O O O O O O O O O O O O O O O O O O O O O O O O O O O O O O O O O O O O,O O O O O O O O O O O O O O O O O O O O O O O O O O O O O O O O O O O O O O O B-ATHLETE O O O O O,[],"[('ATHLETE', 39, 39)]"
2190,"it ' s pretty clear that they ' ve suffered a severe set ##back , "" said anthony se ##bo ##k , a professor at brooklyn law school , adding that the appeal was what the government "" would be expected to ask for "" .",O O O O O O O O O O O O O O O O O B-AUTHOR-WRITER I-AUTHOR-WRITER I-AUTHOR-WRITER I-AUTHOR-WRITER O O O O O O O O O O O O O O O O O O O O O O O O O,O O O O O O O O O O O O O O O O O B-PUBLIC-FIGURE I-PUBLIC-FIGURE I-PUBLIC-FIGURE I-PUBLIC-FIGURE O O O O O O O O O O O O O O O O O O O O O O O O O,"[('AUTHOR-WRITER', 17, 20)]","[('PUBLIC-FIGURE', 17, 20)]"
2200,"alt ##ria ' s philip morris now accepts that nico ##tine is harmful , and the company ' s main lawyer william oh ##lem ##eyer told the bbc last year that earlier statements may have been wrong but they were not dish ##ones ##t .",O O O O O O O O O O O O O O O O O O O O O B-PUBLIC-FIGURE I-PUBLIC-FIGURE I-PUBLIC-FIGURE I-PUBLIC-FIGURE O O O O O O O O O O O O O O O O O O O O,O O O O B-AUTHOR-WRITER I-AUTHOR-WRITER O O O O O O O O O O O O O O O B-PUBLIC-FIGURE I-PUBLIC-FIGURE I-PUBLIC-FIGURE I-PUBLIC-FIGURE O O O O O O O O O O O O O O O O O O O O,"[('PUBLIC-FIGURE', 21, 24)]","[('AUTHOR-WRITER', 4, 5), ('PUBLIC-FIGURE', 21, 24)]"
2204,"i acted on impulse , "" os ##bourne said . """,O O O O O O O O O O O,O O O O O O B-ACTOR-DIRECTOR I-ACTOR-DIRECTOR O O O,[],"[('ACTOR-DIRECTOR', 6, 7)]"
2210,"i could have been badly injured or shot or anything , "" os ##bourne said . """,O O O O O O O O O O O O O O O O O,O O O O O O O O O O O O B-PUBLIC-FIGURE O O O O,[],"[('PUBLIC-FIGURE', 12, 12)]"
2217,"whilst selecting items of jewellery , the bu ##rg ##lar was disturbed by oz ##zy who very courageous ##ly tackled this bu ##rg ##lar and pursued him from the house , "" he said .",O O O O O O O O O O O O O O O O O O O O O O O O O O O O O O O O O O O,O O O O O O O O O O O O O B-ACTOR-DIRECTOR B-POLITICIAN O O O O O O O O O O O O O O O O O O O O,[],"[('ACTOR-DIRECTOR', 13, 13), ('POLITICIAN', 14, 14)]"
2218,"oz ##zy said he was "" just coming to grips "" with what had happened and his opinion of the uk had been lowered after 12 relatively trouble - free years in the us .",O O O O O O O O O O O O O O O O O O O O O O O O O O O O O O O O O O O,B-ACTOR-DIRECTOR I-ACTOR-DIRECTOR O O O O O O O O O O O O O O O O O O O O O O O O O O O O O O O O O,[],"[('ACTOR-DIRECTOR', 0, 1)]"
2220,"at a press conference on tuesday , sharon os ##bourne gave details of nine stolen items .",O O O O O O O B-PUBLIC-FIGURE O O O O O O O O O,O O O O O O O B-PUBLIC-FIGURE I-PUBLIC-FIGURE I-PUBLIC-FIGURE O O O O O O O,"[('PUBLIC-FIGURE', 7, 7)]","[('PUBLIC-FIGURE', 7, 9)]"
2221,they included a diamond wedding ring and two hand ##made wedding bands oz ##zy gave her when they renewed their vows two years ago .,O O O O O O O O O O O O O O O O O O O O O O O O O,O O O O O O O O O O O O B-MUSICIAN I-MUSICIAN O O O O O O O O O O O,[],"[('MUSICIAN', 12, 13)]"
2228,i came from br ##ix ##ton .,O O O O O O O,O O O B-ATHLETE I-ATHLETE I-ATHLETE O,[],"[('ATHLETE', 3, 5)]"
2229,"oz ##zy came from not a very nice part of birmingham and everything we ' ve got we have worked our ars ##es off for . "" """,O O O O O O O O O O O O O O O O O O O O O O O O O O O O,B-ATHLETE I-ATHLETE O O O O O O O O O O O O O O O O O O O O O O O O O O,[],"[('ATHLETE', 0, 1)]"
2231,"oz ##zy also lame ##nted two years in which the family has been plagued by problems , including his critical injury in a quad bike accident , his wife ' s colon cancer , their children ##s ' drug problems and now the bu ##rg ##lary .",O O O O O O O O O O O O O O O O O O O O O O O O O O O O O O O O O O O O O O O O O O O O O O O,B-ACTOR-DIRECTOR B-MUSICIAN O O O O O O O O O O O O O O O O O O O O O O O O O O O O O O O O O O O O O O O O O O O O O,[],"[('ACTOR-DIRECTOR', 0, 0), ('MUSICIAN', 1, 1)]"
2232,"on sunday night , the os ##bourne ##s had been celebrating the birthday of singer sir elton john ' s partner david fur ##nish .",O O O O O O O O O O O O O O O B-MUSICIAN I-MUSICIAN I-MUSICIAN O O O B-PUBLIC-FIGURE I-PUBLIC-FIGURE I-PUBLIC-FIGURE O,O O O O O O O O O O O O O O O O B-MUSICIAN I-MUSICIAN O O O B-PUBLIC-FIGURE I-PUBLIC-FIGURE I-PUBLIC-FIGURE O,"[('MUSICIAN', 15, 17), ('PUBLIC-FIGURE', 21, 23)]","[('MUSICIAN', 16, 17), ('PUBLIC-FIGURE', 21, 23)]"
2236,"police think the pair were driving a large vehicle , possibly a van , and are keen to hear from anyone who may have seen one leaving cha ##lf ##ont st peter at speed .",O O O O O O O O O O O O O O O O O O O O O O O O O O O O O O O O O O O,O O O O O O O O O O O O O O O O O O O O O O O O O O O O O O O B-PUBLIC-FIGURE O O O,[],"[('PUBLIC-FIGURE', 31, 31)]"
2238,"tory ' stalking horse ' meyer dies sir anthony meyer , the tory back ##ben ##cher who challenged margaret thatcher for the party leadership in 1989 , has died .",O O O O O O O B-POLITICIAN I-POLITICIAN I-POLITICIAN O O O O O O O O B-POLITICIAN I-POLITICIAN O O O O O O O O O O,O O O O O B-PUBLIC-FIGURE O O B-PUBLIC-FIGURE I-PUBLIC-FIGURE O O O O O O O O B-POLITICIAN I-POLITICIAN O O O O O O O O O O,"[('POLITICIAN', 7, 9), ('POLITICIAN', 18, 19)]","[('PUBLIC-FIGURE', 5, 5), ('PUBLIC-FIGURE', 8, 9), ('POLITICIAN', 18, 19)]"
2240,"that failed "" stalking horse "" leadership challenge made it easier for michael he ##sel ##tine to mount his own bid .",O O O O O O O O O O O O B-POLITICIAN I-POLITICIAN I-POLITICIAN I-POLITICIAN O O O O O O,O O O O O O O O O O O O B-PUBLIC-FIGURE I-PUBLIC-FIGURE I-PUBLIC-FIGURE I-PUBLIC-FIGURE O O O O O O,"[('POLITICIAN', 12, 15)]","[('PUBLIC-FIGURE', 12, 15)]"
2242,"meyer ' s constituency party , cl ##wy ##d north west , which he had represented as an mp for more than 20 years , des ##ele ##cted him as a result of that challenge .",O O O O O O O O O O O O O O O O O O O O O O O O O O O O O O O O O O O O,B-POLITICIAN O O O O O O O O O O O O O O O O O O O O O O O O O O O O O O O O O O O,[],"[('POLITICIAN', 0, 0)]"
2243,"sir anthony john charles meyer was born on 27 october , 1920 .",O O O O O O O O O O O O O,O B-PUBLIC-FIGURE B-PUBLIC-FIGURE I-PUBLIC-FIGURE I-PUBLIC-FIGURE O O O O O O O O,[],"[('PUBLIC-FIGURE', 1, 1), ('PUBLIC-FIGURE', 2, 4)]"
2246,"labour regained the seat two years later , and meyer had to wait until 1970 before he could re - enter parliament .",O O O O O O O O O O O O O O O O O O O O O O O,O O O O O O O O O B-PUBLIC-FIGURE O O O O O O O O O O O O O,[],"[('PUBLIC-FIGURE', 9, 9)]"
2249,"victor wong , a graduate student from hong kong studying at cornell university in new york state , had to read coloured maps of the upper atmosphere as part of his research .",B-PUBLIC-FIGURE I-PUBLIC-FIGURE O O O O O O O O O O O O O O O O O O O O O O O O O O O O O O O,B-MUSICIAN I-MUSICIAN O O O O O O O O O O O O O O O O O O O O O O O O O O O O O O O,"[('PUBLIC-FIGURE', 0, 1)]","[('MUSICIAN', 0, 1)]"
2250,"to study "" space weather "" mr wong needed to explore minute fluctuations in order to create mathematical models .",O O O O O O O O O O O O O O O O O O O O,O O O O O O O B-MUSICIAN O O O O O O O O O O O O,[],"[('MUSICIAN', 7, 7)]"
2252,"mr wong eventually hit upon the idea of translating individual colours into music , and enlisted the help of a computer graphics specialist and another student to do the programming work .",O O O O O O O O O O O O O O O O O O O O O O O O O O O O O O O O,O B-MUSICIAN O O O O O O O O O O O O O O O O O O O O O O O O O O O O O O,[],"[('MUSICIAN', 1, 1)]"
2253,""" the images have three dimensions and i had to find a way of reading them myself , "" mr wong told the bbc news website . """,O O O O O O O O O O O O O O O O O O O O O O O O O O O O,O O O O O O O O O O O O O O O O O O O O B-MUSICIAN O O O O O O O,[],"[('MUSICIAN', 20, 20)]"
2258,"mr wong says the application is still very much in its infancy and is only useful for reading images that have been created digitally . """,O O O O O O O O O O O O O O O O O O O O O O O O O O,O B-MUSICIAN O O O O O O O O O O O O O O O O O O O O O O O O,[],"[('MUSICIAN', 1, 1)]"
2260,"mr wong has been blind from the age of seven and he thinks that having a "" colour memory "" makes the software more useful than it would be to a scientist who had never had any vision . """,O O O O O O O O O O O O O O O O O O O O O O O O O O O O O O O O O O O O O O O O,O B-MUSICIAN O O O O O O O O O O O O O O O O O O O O O O O O O O O O O O O O O O O O O O,[],"[('MUSICIAN', 1, 1)]"
2262,"the colour to music software has not yet been made available commercially , and mr wong believes that several people would have to work together to make it viable .",O O O O O O O O O O O O O O O O O O O O O O O O O O O O O O,O O O O O O O O O O O O O O O B-MUSICIAN O O O O O O O O O O O O O O,[],"[('MUSICIAN', 15, 15)]"
2278,"telecom analysts o ##vu ##m welcomed the move , saying bt had "" given a lot of ground "" .",O O O O O O O O O O O O O O O O O O O O,O O B-PUBLIC-FIGURE I-PUBLIC-FIGURE I-PUBLIC-FIGURE O O O O O O O O O O O O O O O,[],"[('PUBLIC-FIGURE', 2, 4)]"
2279,""" the big question now is whether the industry , and particularly of ##com feels bt ' s proposals go far enough . . . now the real negotiation begins , "" director of telecom ##s research tony lavender said .",O O O O O O O O O O O O O O O O O O O O O O O O O O O O O O O O O O O O O B-BUSINESS-EXECUTIVE-MANAGER I-BUSINESS-EXECUTIVE-MANAGER O O,O O O O O O O O O O O O O O O O O O O O O O O O O O O O O O O O O O O O O B-POLITICIAN I-POLITICIAN O O,"[('BUSINESS-EXECUTIVE-MANAGER', 37, 38)]","[('POLITICIAN', 37, 38)]"
2285,"ao ##l backed the price cuts but said regulation was still needed to ensure a level playing field . """,O O O O O O O O O O O O O O O O O O O O,B-BUSINESS-EXECUTIVE-MANAGER I-BUSINESS-EXECUTIVE-MANAGER O O O O O O O O O O O O O O O O O O,[],"[('BUSINESS-EXECUTIVE-MANAGER', 0, 1)]"
2293,the simpsons and dallas and 24 were among the magazine ' s list of the best all - time imports from the us .,O O O O O O O O O O O O O O O O O O O O O O O O,O O O B-ACTOR-DIRECTOR O O O O O O O O O O O O O O O O O O O O,[],"[('ACTOR-DIRECTOR', 3, 3)]"
2295,"the jerry springer show , which came in at sixth on the list , did not fare well .",O B-ACTOR-DIRECTOR I-ACTOR-DIRECTOR O O O O O O O O O O O O O O O O,O B-PUBLIC-FIGURE I-PUBLIC-FIGURE O O O O O O O O O O O O O O O O,"[('ACTOR-DIRECTOR', 1, 2)]","[('PUBLIC-FIGURE', 1, 2)]"
2296,"broadcast magazine said : "" british tv never realised how low it could go before jerry showed the way . """,O O O O O O O O O O O O O O O O O O O O O,O O O O O O O O O O O O O O O B-PUBLIC-FIGURE O O O O O,[],"[('PUBLIC-FIGURE', 15, 15)]"
2297,"bay ##watch rose to the top of the list for having "" mind - numb ##ingly predictable scripts : beach ##go ##er is saved from drowning , "" according to the magazine .",O O O O O O O O O O O O O O O O O O O O O O O O O O O O O O O O O,B-ACTOR-DIRECTOR I-ACTOR-DIRECTOR O O O O O O O O O O O O O O O O O O B-ACTOR-DIRECTOR I-ACTOR-DIRECTOR O O O O O O O O O O O,[],"[('ACTOR-DIRECTOR', 0, 1), ('ACTOR-DIRECTOR', 20, 21)]"
2319,"prosecutors said jayne ##s was "" a snake oil salesman in a new format "" , using the internet to pe ##ddle useless ware ##s , news agency associated press reported .",O O O O O O O O O O O O O O O O O O O O O O O O O O O O O O O O,O O B-PUBLIC-FIGURE I-PUBLIC-FIGURE O O O O O O O O O O O O O O O O O O O O O O O O O O O O,[],"[('PUBLIC-FIGURE', 2, 3)]"
2323,"jayne ##s amassed a fortune of $ 24 ##m from his sales , prosecutors said . """,O O O O O O O O O O O O O O O O O,B-PUBLIC-FIGURE I-PUBLIC-FIGURE O O O O O O O O O O O O O O O,[],"[('PUBLIC-FIGURE', 0, 1)]"
2325,"jayne ##s was also found guilty of breaking a state law which prohibits the sending of more than 100 , 000 e - mail ##s in 30 days , virginia state attorney general jerry ki ##l ##gor ##e reportedly said .",O O O O O O O O O O O O O O O O O O O O O O O O O O O O O O O O O B-POLITICIAN I-POLITICIAN I-POLITICIAN I-POLITICIAN I-POLITICIAN O O O,B-PUBLIC-FIGURE I-PUBLIC-FIGURE O O O O O O O O O O O O O O O O O O O O O O O O O O O O O O O B-POLITICIAN I-POLITICIAN I-POLITICIAN I-POLITICIAN I-POLITICIAN O O O,"[('POLITICIAN', 33, 37)]","[('PUBLIC-FIGURE', 0, 1), ('POLITICIAN', 33, 37)]"
2326,"prosecutors had asked for 15 years in jail for jayne ##s , and a jail term for his sister .",O O O O O O O O O O O O O O O O O O O O,O O O O O O O O O B-PUBLIC-FIGURE I-PUBLIC-FIGURE O O O O O O O O O,[],"[('PUBLIC-FIGURE', 9, 10)]"
2327,"but jayne ##s ' lawyer david ob ##lon called the nine - year recommended term "" outrageous "" and said his client believed he was innocent .",O O O O O B-PUBLIC-FIGURE I-PUBLIC-FIGURE I-PUBLIC-FIGURE O O O O O O O O O O O O O O O O O O O,O B-PUBLIC-FIGURE I-PUBLIC-FIGURE O O B-PUBLIC-FIGURE I-PUBLIC-FIGURE I-PUBLIC-FIGURE O O O O O O O O O O O O O O O O O O O,"[('PUBLIC-FIGURE', 5, 7)]","[('PUBLIC-FIGURE', 1, 2), ('PUBLIC-FIGURE', 5, 7)]"
2333,"matthew herr ##en from ed ##u ##vision told the bbc programme go digital how the non - governmental organisation uses a combination of satellite radio and handheld computers called e - slate ##s . """,B-BUSINESS-EXECUTIVE-MANAGER I-BUSINESS-EXECUTIVE-MANAGER I-BUSINESS-EXECUTIVE-MANAGER O O O O O O O O O O O O O O O O O O O O O O O O O O O O O O O O,B-PUBLIC-FIGURE I-PUBLIC-FIGURE I-PUBLIC-FIGURE O O O O O O O O O O O O O O O O O O O O O O O O O O O O O O O O,"[('BUSINESS-EXECUTIVE-MANAGER', 0, 2)]","[('PUBLIC-FIGURE', 0, 2)]"
2341,"but mr herr ##en says there are both pro ##s and con ##s to the project . """,O O O O O O O O O O O O O O O O O O,O O B-PUBLIC-FIGURE I-PUBLIC-FIGURE O O O O O O O O O O O O O O,[],"[('PUBLIC-FIGURE', 2, 3)]"
2347,mr herr ##en says this would vastly increase the opportunities available to the students .,O O O O O O O O O O O O O O O,O B-PUBLIC-FIGURE I-PUBLIC-FIGURE O O O O O O O O O O O O,[],"[('PUBLIC-FIGURE', 1, 2)]"
2351,"but mr herr ##en says ed ##u ##vision already has plans to extend it to more remote regions . """,O O O O O O O O O O O O O O O O O O O O,O O B-PUBLIC-FIGURE I-PUBLIC-FIGURE O O O O O O O O O O O O O O O O,[],"[('PUBLIC-FIGURE', 2, 3)]"
2353,"mac ##ie ##j sun ##dra , who designed the user interface for the e - slate ##s , says the project ' s ultimate goal is level ##ling access to knowledge around the world . """,B-BUSINESS-EXECUTIVE-MANAGER I-BUSINESS-EXECUTIVE-MANAGER I-BUSINESS-EXECUTIVE-MANAGER I-BUSINESS-EXECUTIVE-MANAGER I-BUSINESS-EXECUTIVE-MANAGER O O O O O O O O O O O O O O O O O O O O O O O O O O O O O O O,B-PUBLIC-FIGURE I-PUBLIC-FIGURE I-PUBLIC-FIGURE I-PUBLIC-FIGURE I-PUBLIC-FIGURE O O O O O O O O O O O O O O O O O O O O O O O O O O O O O O O,"[('BUSINESS-EXECUTIVE-MANAGER', 0, 4)]","[('PUBLIC-FIGURE', 0, 4)]"
2356,"port ##ish ##ead back after eight years cult british group port ##ish ##ead have revealed they are writing their third album , their first in eight years .",O O O O O O O O O O O O O O O O O O O O O O O O O O O O,B-ACTOR-DIRECTOR I-ACTOR-DIRECTOR I-ACTOR-DIRECTOR O O O O O O O O O O O O O O O O O O O O O O O O O,[],"[('ACTOR-DIRECTOR', 0, 2)]"
2357,"founding member geoff barrow told bbc 6 music the record was well on the way to being completed . """,O O B-MUSICIAN I-MUSICIAN O O O O O O O O O O O O O O O O,O O B-PUBLIC-FIGURE I-PUBLIC-FIGURE O O O O O O O O O O O O O O O O,"[('MUSICIAN', 2, 3)]","[('PUBLIC-FIGURE', 2, 3)]"
2359,"we took some time off for christmas , but generally we ' re doing another record , "" barrow told the digital radio station .",O O O O O O O O O O O O O O O O O O O O O O O O O,O O O O O O O O O O O O O O O O O O B-MUSICIAN O O O O O O,[],"[('MUSICIAN', 18, 18)]"
2361,"port ##ish ##ead will play alongside fellow bristol band massive attack at ox ##fa ##m ' s ts ##uman ##i appeal , held at the bristol academy on 19 february .",O O O O O O O O O O O O O O O O O O O O O O O O O O O O O O O,B-ACTOR-DIRECTOR I-ACTOR-DIRECTOR I-ACTOR-DIRECTOR O O O O O O O O O O O O O O O O O O O O O O O O O O O O,[],"[('ACTOR-DIRECTOR', 0, 2)]"
2362,"barrow said he was surprised people thought the band , who won a mercury music prize in 1995 for their debut album dummy , had split up .",O O O O O O O O O O O O O O O O O O O O O O O O O O O O,B-PUBLIC-FIGURE O O O O O O O O O O O O O O O O O O O O O O O O O O O,[],"[('PUBLIC-FIGURE', 0, 0)]"
2365,"port ##ish ##ead will not play any new material at next month ' s concert , which will feature singer beth gibbons playing with an acoustic backing .",O O O O O O O O O O O O O O O O O O O O B-MUSICIAN I-MUSICIAN O O O O O O,B-ACTOR-DIRECTOR I-ACTOR-DIRECTOR I-ACTOR-DIRECTOR O O O O O O O O O O O O O O O O O B-MUSICIAN I-MUSICIAN O O O O O O,"[('MUSICIAN', 20, 21)]","[('ACTOR-DIRECTOR', 0, 2), ('MUSICIAN', 20, 21)]"
2367,port ##ish ##ead became an international success and a deeply influential band despite their scan ##t recorded output .,O O O O O O O O O O O O O O O O O O O,B-MUSICIAN I-MUSICIAN I-MUSICIAN O O O O O O O O O O O O O O O O,[],"[('MUSICIAN', 0, 2)]"
2370,parker misses england clash tom shan ##k ##lin will start in the centre for wales against england in cardiff on saturday after sonny parker failed to recover from a trapped neck nerve .,O O O O B-ATHLETE I-ATHLETE I-ATHLETE I-ATHLETE O O O O O O O O O O O O O O B-ATHLETE I-ATHLETE O O O O O O O O O,B-ATHLETE O O O B-ATHLETE I-ATHLETE I-ATHLETE I-ATHLETE O O O O O O O O O O O O O O B-ATHLETE I-ATHLETE O O O O O O O O O,"[('ATHLETE', 4, 7), ('ATHLETE', 22, 23)]","[('ATHLETE', 0, 0), ('ATHLETE', 4, 7), ('ATHLETE', 22, 23)]"
2371,"shan ##k ##lin was first - choice wing in the autumn tests , but prefers centre and will face england debut ##ant mathew tai ##t .",O O O O O O O O O O O O O O O O O O O O O O B-ATHLETE I-ATHLETE I-ATHLETE O,B-ATHLETE I-ATHLETE I-ATHLETE O O O O O O O O O O O O O O O O O O O B-ATHLETE I-ATHLETE I-ATHLETE O,"[('ATHLETE', 22, 24)]","[('ATHLETE', 0, 2), ('ATHLETE', 22, 24)]"
2372,dragons three - quarter hal lu ##sco ##mbe takes shan ##k ##lin ' s wing berth .,O O O O B-ATHLETE I-ATHLETE I-ATHLETE I-ATHLETE O O O O O O O O O,O O O O B-ATHLETE I-ATHLETE I-ATHLETE I-ATHLETE O B-ATHLETE I-ATHLETE I-ATHLETE O O O O O,"[('ATHLETE', 4, 7)]","[('ATHLETE', 4, 7), ('ATHLETE', 9, 11)]"
2374,"davies wins the vote ahead of robin mc ##bry ##de , who sits on the bench having recently returned to action for the scarlet ##s following a neck injury .",O O O O O O B-ATHLETE I-ATHLETE I-ATHLETE I-ATHLETE O O O O O O O O O O O O O O O O O O O O,B-PUBLIC-FIGURE O O O O O B-PUBLIC-FIGURE I-PUBLIC-FIGURE I-PUBLIC-FIGURE I-PUBLIC-FIGURE O O O O O O O O O O O O O O O O O O O O,"[('ATHLETE', 6, 9)]","[('PUBLIC-FIGURE', 0, 0), ('PUBLIC-FIGURE', 6, 9)]"
2375,"sid ##oli is back for the first time since last season ' s six nations , the blues second row back to form after a ni ##gg ##ling groin problem .",O O O O O O O O O O O O O O O O O O O O O O O O O O O O O O O,B-ATHLETE I-ATHLETE O O O O O O O O O O O O O O O O O O O O O O O O O O O O O,[],"[('ATHLETE', 0, 1)]"
2376,"williams , sid ##oli ' s team - mate at cardiff , is set to win his 50th cap , replacing the injured colin char ##vis after making a quicker - than - expected recovery from a neck disc problem . """,O O O O O O O O O O O O O O O O O O O O O O O B-ATHLETE I-ATHLETE I-ATHLETE O O O O O O O O O O O O O O O O,B-ATHLETE O B-ATHLETE O O O O O O O O O O O O O O O O O O O O B-ATHLETE I-ATHLETE I-ATHLETE O O O O O O O O O O O O O O O O,"[('ATHLETE', 23, 25)]","[('ATHLETE', 0, 0), ('ATHLETE', 2, 2), ('ATHLETE', 23, 25)]"
2377,"initially when i had the diagnosis it was a case of trying to get fit for the italy game next week , but fortunately my recovery has been a lot quicker than we all hoped , "" williams told bbc sport wales . """,O O O O O O O O O O O O O O O O O O O O O O O O O O O O O O O O O O O O O O O O O O O O,O O O O O O O O O O O O O O O O O O O O O O O O O O O O O O O O O O O O O B-PUBLIC-FIGURE O O O O O O,[],"[('PUBLIC-FIGURE', 37, 37)]"
2380,"williams says he expects a tor ##rid time from an england loose - forward trio of lewis moody , joe wo ##rs ##ley and andy hazel ##l . """,O O O O O O O O O O O O O O O O B-ATHLETE I-ATHLETE O B-ATHLETE I-ATHLETE I-ATHLETE I-ATHLETE O B-ATHLETE I-ATHLETE I-ATHLETE O O,B-PUBLIC-FIGURE O O O O O O O O O O O O O O O B-ATHLETE I-ATHLETE O B-ATHLETE I-ATHLETE I-ATHLETE I-ATHLETE O B-ATHLETE I-ATHLETE I-ATHLETE O O,"[('ATHLETE', 16, 17), ('ATHLETE', 19, 22), ('ATHLETE', 24, 26)]","[('PUBLIC-FIGURE', 0, 0), ('ATHLETE', 16, 17), ('ATHLETE', 19, 22), ('ATHLETE', 24, 26)]"
2381,"they are three top - class players , especially wo ##rs ##ley and moody .",O O O O O O O O O O O O O O O,O O O O O O O O O B-ATHLETE I-ATHLETE I-ATHLETE O B-ATHLETE O,[],"[('ATHLETE', 9, 11), ('ATHLETE', 13, 13)]"
2382,"they have been there and done it , "" williams added . """,O O O O O O O O O O O O O,O O O O O O O O O B-ATHLETE O O O,[],"[('ATHLETE', 9, 9)]"
2384,"lu ##sco ##mbe gets the nod on the wing ahead of dragons team - mate kevin morgan , who wins a place on the bench alongside un ##cap ##ped blues prop john ya ##pp .",O O O O O O O O O O O O O O O B-ATHLETE I-ATHLETE O O O O O O O O O O O O O O B-ATHLETE I-ATHLETE I-ATHLETE O,B-ATHLETE I-ATHLETE I-ATHLETE O O O O O O O O O O O O B-ATHLETE I-ATHLETE O O O O O O O O O O O O O O B-ATHLETE I-ATHLETE I-ATHLETE O,"[('ATHLETE', 15, 16), ('ATHLETE', 31, 33)]","[('ATHLETE', 0, 2), ('ATHLETE', 15, 16), ('ATHLETE', 31, 33)]"
2385,"g thomas ( toulouse ( capt ) ; h lu ##sco ##mbe ( dragons ) , t shan ##k ##lin ( blues ) , g henson ( os ##pre ##ys ) , s williams ( os ##pre ##ys ) ; s jones ( clermont au ##ver ##gne ) , d peel ( scarlet ##s ) ; g jenkins ( blues ) , m davies ( gloucester ) , a jones ( os ##pre ##ys ) , b cock ##bain ( os ##pre ##ys ) , r sid ##oli ( blues ) , d jones ( scarlet ##s ) , m williams ( blues ) , m owen ( dragons ) .",B-ATHLETE I-ATHLETE O O O O O O B-ATHLETE I-ATHLETE I-ATHLETE I-ATHLETE O O O O B-ATHLETE I-ATHLETE I-ATHLETE I-ATHLETE O O O O B-ATHLETE I-ATHLETE O O O O O O B-ATHLETE I-ATHLETE O O O O O O B-ATHLETE I-ATHLETE O O O O O O O B-ATHLETE I-ATHLETE O O O O O B-ATHLETE I-ATHLETE O O O O O O O O O O B-ATHLETE I-ATHLETE O O O O O O B-ATHLETE I-ATHLETE I-ATHLETE O O O O O O B-ATHLETE I-ATHLETE I-ATHLETE O O O O B-ATHLETE I-ATHLETE O O O O O B-ATHLETE I-ATHLETE O O O O B-ATHLETE I-ATHLETE O O O O,B-ATHLETE I-ATHLETE O O O O O O B-ATHLETE I-ATHLETE I-ATHLETE I-ATHLETE O O O O B-ATHLETE I-ATHLETE I-ATHLETE I-ATHLETE O O O O B-ATHLETE I-ATHLETE O O O O O O B-ATHLETE I-ATHLETE O O O O O O B-ATHLETE I-ATHLETE O O O O O O O B-ATHLETE I-ATHLETE O O O O O B-ATHLETE I-ATHLETE O O O O B-ATHLETE I-ATHLETE O O O O B-ATHLETE I-ATHLETE O O O O O O B-ATHLETE I-ATHLETE I-ATHLETE O O O O O O B-ATHLETE I-ATHLETE I-ATHLETE O O O O B-ATHLETE I-ATHLETE O O O O O B-ATHLETE I-ATHLETE O O O O B-ATHLETE I-ATHLETE O O O O,"[('ATHLETE', 0, 1), ('ATHLETE', 8, 11), ('ATHLETE', 16, 19), ('ATHLETE', 24, 25), ('ATHLETE', 32, 33), ('ATHLETE', 40, 41), ('ATHLETE', 49, 50), ('ATHLETE', 56, 57), ('ATHLETE', 68, 69), ('ATHLETE', 76, 78), ('ATHLETE', 85, 87), ('ATHLETE', 92, 93), ('ATHLETE', 99, 100), ('ATHLETE', 105, 106)]","[('ATHLETE', 0, 1), ('ATHLETE', 8, 11), ('ATHLETE', 16, 19), ('ATHLETE', 24, 25), ('ATHLETE', 32, 33), ('ATHLETE', 40, 41), ('ATHLETE', 49, 50), ('ATHLETE', 56, 57), ('ATHLETE', 62, 63), ('ATHLETE', 68, 69), ('ATHLETE', 76, 78), ('ATHLETE', 85, 87), ('ATHLETE', 92, 93), ('ATHLETE', 99, 100), ('ATHLETE', 105, 106)]"
2387,dawson wins england squad recall wasps sc ##rum - half matt dawson has been recalled to england ' s training squad ahead of the rb ##s six nations and been reinstated in the elite player squad .,O O O O O O O O O O B-ATHLETE I-ATHLETE O O O O O O O O O O O O O O O O O O O O O O O O O,B-ATHLETE O O O O O O O O O B-ATHLETE I-ATHLETE O O O O O O O O O O O O O O O O O O O O O O O O O,"[('ATHLETE', 10, 11)]","[('ATHLETE', 0, 0), ('ATHLETE', 10, 11)]"
2388,"coach andy robinson dropped dawson for the autumn tests after he missed training to film ' a question of sport . ' """,O B-ATHLETE I-ATHLETE O O O O O O O O O O O O O O O O O O O O,O B-ATHLETE I-ATHLETE O B-ATHLETE O O O O O O O O O O O O O O O O O O,"[('ATHLETE', 1, 2)]","[('ATHLETE', 1, 2), ('ATHLETE', 4, 4)]"
2389,"i always said i would consider bringing matt back if i felt he was playing well , "" robinson said . """,O O O O O O O O O O O O O O O O O O O O O O,O O O O O O O B-ATHLETE O O O O O O O O O O B-PUBLIC-FIGURE O O O,[],"[('ATHLETE', 7, 7), ('PUBLIC-FIGURE', 18, 18)]"
2392,"it ' s obviously an honour to be asked to train with england , "" said tai ##t , who has burst into contention recently . """,O O O O O O O O O O O O O O O O O O O O O O O O O O O,O O O O O O O O O O O O O O O O B-ATHLETE I-ATHLETE O O O O O O O O O,[],"[('ATHLETE', 16, 17)]"
2394,"robinson has invited 42 players to attend a three - day session in leeds next week , in which his squad will train in part with the leeds rhino ##s rugby league squad .",O O O O O O O O O O O O O O O O O O O O O O O O O O O O O O O O O O,B-PUBLIC-FIGURE O O O O O O O O O O O O O O O O O O O O O O O O O O O O O O O O O,[],"[('PUBLIC-FIGURE', 0, 0)]"
2395,"with mike tin ##dal ##l ruled out of the opening two matches and will greenwood side ##lined for the entire six nations , tai ##t is one of six or seven contenders for the two centre berth ##s .",O B-ATHLETE I-ATHLETE I-ATHLETE I-ATHLETE O O O O O O O O B-ATHLETE I-ATHLETE O O O O O O O O O O O O O O O O O O O O O O O O,O B-ATHLETE I-ATHLETE I-ATHLETE I-ATHLETE O O O O O O O O B-ATHLETE I-ATHLETE O O O O O O O O B-ATHLETE I-ATHLETE O O O O O O O O O O O O O O,"[('ATHLETE', 1, 4), ('ATHLETE', 13, 14)]","[('ATHLETE', 1, 4), ('ATHLETE', 13, 14), ('ATHLETE', 23, 24)]"
2400,"beat ##tie has mature ##d greatly as a player these past two seasons , "" robinson said .",O O O O O O O O O O O O O O O O O O,B-ATHLETE I-ATHLETE O O O O O O O O O O O O O B-ATHLETE O O,[],"[('ATHLETE', 0, 1), ('ATHLETE', 15, 15)]"
2401,"jonny wilkinson , tin ##dal ##l and martin co ##rry have all been included despite their una ##va ##ila ##bility for the opening two matches against wales and france .",B-ATHLETE I-ATHLETE O O O O O B-ATHLETE I-ATHLETE I-ATHLETE O O O O O O O O O O O O O O O O O O O O,B-ATHLETE I-ATHLETE O B-ATHLETE I-ATHLETE I-ATHLETE O B-ATHLETE I-ATHLETE I-ATHLETE O O O O O O O O O O O O O O O O O O O O,"[('ATHLETE', 0, 1), ('ATHLETE', 7, 9)]","[('ATHLETE', 0, 1), ('ATHLETE', 3, 5), ('ATHLETE', 7, 9)]"
2403,"cue ##to was selected for the november internationals despite not being part of the group , but scored four tries in three england appearances .",O O O O O O O O O O O O O O O O O O O O O O O O O,B-ATHLETE I-ATHLETE O O O O O O O O O O O O O O O O O O O O O O O,[],"[('ATHLETE', 0, 1)]"
2404,"leicester sc ##rum - half harry ellis has also been promoted from the senior national academy , and will contest the number nine jersey with dawson and gloucester ' s andy go ##mar ##sal ##l .",O O O O O B-ATHLETE I-ATHLETE O O O O O O O O O O O O O O O O O O O O O O O B-ATHLETE I-ATHLETE I-ATHLETE I-ATHLETE I-ATHLETE O,O O O O O B-ATHLETE I-ATHLETE O O O O O O O O O O O O O O O O O O B-ATHLETE O O O O B-ATHLETE I-ATHLETE I-ATHLETE I-ATHLETE I-ATHLETE O,"[('ATHLETE', 5, 6), ('ATHLETE', 30, 34)]","[('ATHLETE', 5, 6), ('ATHLETE', 25, 25), ('ATHLETE', 30, 34)]"
2405,the players in robinson ' s elite squad can only play 32 matches for club and country .,O O O O O O O O O O O O O O O O O O,O O O B-ATHLETE O O O O O O O O O O O O O O,[],"[('ATHLETE', 3, 3)]"
2407,"bal ##shaw , cohen , cue ##to , lew ##sey , robinson , simpson - daniel , vo ##yce , abbott , noon , paul , smith , tai ##t , tin ##dal ##l , bark ##ley , hodgson , king , wilkinson , dawson , ellis , go ##mar ##sal ##l .",O O O O O O O O O O O O O O O O O O O O O O O O O O O O O O O O O O O O O O O O O O O O O O O O O O O O O,B-ATHLETE I-ATHLETE O B-ATHLETE O B-ATHLETE I-ATHLETE O B-ATHLETE I-ATHLETE O B-ATHLETE O B-ATHLETE I-ATHLETE I-ATHLETE O B-ATHLETE I-ATHLETE O B-ATHLETE O B-ATHLETE O B-ATHLETE O B-ATHLETE O B-ATHLETE I-ATHLETE O B-ATHLETE I-ATHLETE I-ATHLETE O B-ATHLETE I-ATHLETE O B-ATHLETE O B-ATHLETE O B-ATHLETE O B-ATHLETE O B-ATHLETE O B-ATHLETE I-ATHLETE I-ATHLETE I-ATHLETE O,[],"[('ATHLETE', 0, 1), ('ATHLETE', 3, 3), ('ATHLETE', 5, 6), ('ATHLETE', 8, 9), ('ATHLETE', 11, 11), ('ATHLETE', 13, 15), ('ATHLETE', 17, 18), ('ATHLETE', 20, 20), ('ATHLETE', 22, 22), ('ATHLETE', 24, 24), ('ATHLETE', 26, 26), ('ATHLETE', 28, 29), ('ATHLETE', 31, 33), ('ATHLETE', 35, 36), ('ATHLETE', 38, 38), ('ATHLETE', 40, 40), ('ATHLETE', 42, 42), ('ATHLETE', 44, 44), ('ATHLETE', 46, 46), ('ATHLETE', 48, 51)]"
2408,"chu ##ter , thompson , ti ##tter ##rell , row ##nt ##ree , sheridan , stevens , vic ##ker ##y , white , bo ##rth ##wick , brown , l deacon , grew ##cock , kay , shaw , beat ##tie , co ##rry , forrest ##er , hazel ##l , jones , moody , v ##y ##vy ##an , j wo ##rs ##ley .",O O O O O O O O O O O O O O O O O O O O O O O O O O O O O O O O O O O O O O O O O O O O O O O O O O O O O O O O O O O O O O O O O,B-ATHLETE I-ATHLETE O B-ATHLETE O B-ATHLETE I-ATHLETE I-ATHLETE O B-ATHLETE I-ATHLETE I-ATHLETE O B-ATHLETE O B-ATHLETE O B-ATHLETE I-ATHLETE I-ATHLETE O B-ATHLETE O B-ATHLETE I-ATHLETE I-ATHLETE O B-ATHLETE O B-ATHLETE I-ATHLETE O B-ATHLETE I-ATHLETE O B-ATHLETE O B-ATHLETE O B-ATHLETE I-ATHLETE O B-ATHLETE I-ATHLETE O B-ATHLETE I-ATHLETE O B-ATHLETE I-ATHLETE O B-ATHLETE O B-ATHLETE O B-ATHLETE I-ATHLETE I-ATHLETE I-ATHLETE O B-ATHLETE I-ATHLETE I-ATHLETE I-ATHLETE O,[],"[('ATHLETE', 0, 1), ('ATHLETE', 3, 3), ('ATHLETE', 5, 7), ('ATHLETE', 9, 11), ('ATHLETE', 13, 13), ('ATHLETE', 15, 15), ('ATHLETE', 17, 19), ('ATHLETE', 21, 21), ('ATHLETE', 23, 25), ('ATHLETE', 27, 27), ('ATHLETE', 29, 30), ('ATHLETE', 32, 33), ('ATHLETE', 35, 35), ('ATHLETE', 37, 37), ('ATHLETE', 39, 40), ('ATHLETE', 42, 43), ('ATHLETE', 45, 46), ('ATHLETE', 48, 49), ('ATHLETE', 51, 51), ('ATHLETE', 53, 53), ('ATHLETE', 55, 58), ('ATHLETE', 60, 63)]"
2409,"abbott , bal ##shaw , bo ##rth ##wick , a brown , chu ##ter , cohen , co ##rry , cue ##to , dawson , ellis , flat ##man , go ##mar ##sal ##l , green ##ing , greenwood , grew ##cock , hazel ##l , hill , hodgson , kay , king , lew ##sey , moody , noon , paul , robinson , row ##nt ##ree , shaw , simpson - daniel , thompson , tin ##dal ##l , ti ##tter ##rell , vic ##ker ##y , v ##y ##vy ##an , white , wilkinson , j wo ##rs ##ley , m wo ##rs ##ley .",O O O O O O O O O O O O O O O O O O O O O O O O O O O O O O O O O O O O O O O O O O O O O O O O O O O O O O O O O O O O O O O O O O O O O O O O O O O O O O O O O O O O O O O O O O O O O O O O O O O O O O O O O O O O,B-ATHLETE O B-ATHLETE I-ATHLETE O B-ATHLETE I-ATHLETE I-ATHLETE O B-ATHLETE I-ATHLETE O B-ATHLETE I-ATHLETE O B-ATHLETE O B-ATHLETE I-ATHLETE O B-ATHLETE I-ATHLETE O B-ATHLETE O B-ATHLETE O B-ATHLETE I-ATHLETE O B-ATHLETE I-ATHLETE I-ATHLETE I-ATHLETE O B-ATHLETE I-ATHLETE O B-ATHLETE O B-ATHLETE I-ATHLETE O B-ATHLETE I-ATHLETE O B-ATHLETE O B-ATHLETE O B-ATHLETE O B-ATHLETE O B-ATHLETE I-ATHLETE O B-ATHLETE O B-ATHLETE O B-ATHLETE O B-ATHLETE O B-ATHLETE I-ATHLETE I-ATHLETE O B-ATHLETE O B-ATHLETE I-ATHLETE I-ATHLETE O B-ATHLETE O B-ATHLETE I-ATHLETE I-ATHLETE O B-ATHLETE I-ATHLETE I-ATHLETE O B-ATHLETE I-ATHLETE I-ATHLETE O B-ATHLETE I-ATHLETE I-ATHLETE I-ATHLETE O B-ATHLETE O B-ATHLETE O B-ATHLETE I-ATHLETE I-ATHLETE I-ATHLETE O B-ATHLETE I-ATHLETE I-ATHLETE I-ATHLETE O,[],"[('ATHLETE', 0, 0), ('ATHLETE', 2, 3), ('ATHLETE', 5, 7), ('ATHLETE', 9, 10), ('ATHLETE', 12, 13), ('ATHLETE', 15, 15), ('ATHLETE', 17, 18), ('ATHLETE', 20, 21), ('ATHLETE', 23, 23), ('ATHLETE', 25, 25), ('ATHLETE', 27, 28), ('ATHLETE', 30, 33), ('ATHLETE', 35, 36), ('ATHLETE', 38, 38), ('ATHLETE', 40, 41), ('ATHLETE', 43, 44), ('ATHLETE', 46, 46), ('ATHLETE', 48, 48), ('ATHLETE', 50, 50), ('ATHLETE', 52, 52), ('ATHLETE', 54, 55), ('ATHLETE', 57, 57), ('ATHLETE', 59, 59), ('ATHLETE', 61, 61), ('ATHLETE', 63, 63), ('ATHLETE', 65, 67), ('ATHLETE', 69, 69), ('ATHLETE', 71, 73), ('ATHLETE', 75, 75), ('ATHLETE', 77, 79), ('ATHLETE', 81, 83), ('ATHLETE', 85, 87), ('ATHLETE', 89, 92), ('ATHLETE', 94, 94), ('ATHLETE', 96, 96), ('ATHLETE', 98, 101), ('ATHLETE', 103, 106)]"
2410,"bark ##ley , beat ##tie , christopher ##s , l deacon , forrest ##er , c jones , palmer , rees , sheridan , skinner , smith , stevens , tai ##t , vo ##yce .",O O O O O O O O O O O O O O O O O O O O O O O O O O O O O O O O O O O O,B-ATHLETE I-ATHLETE O B-ATHLETE I-ATHLETE O B-ATHLETE I-ATHLETE O B-ATHLETE I-ATHLETE O B-ATHLETE I-ATHLETE O B-ATHLETE I-ATHLETE O B-ATHLETE O B-ATHLETE O B-ATHLETE O B-ATHLETE O B-ATHLETE O B-ATHLETE O B-ATHLETE I-ATHLETE O B-ATHLETE I-ATHLETE O,[],"[('ATHLETE', 0, 1), ('ATHLETE', 3, 4), ('ATHLETE', 6, 7), ('ATHLETE', 9, 10), ('ATHLETE', 12, 13), ('ATHLETE', 15, 16), ('ATHLETE', 18, 18), ('ATHLETE', 20, 20), ('ATHLETE', 22, 22), ('ATHLETE', 24, 24), ('ATHLETE', 26, 26), ('ATHLETE', 28, 28), ('ATHLETE', 30, 31), ('ATHLETE', 33, 34)]"
2411,"dow ##son , ha ##ught ##on , mon ##ye , ro ##ques , p sanders ##on .",O O O O O O O O O O O O O O O O O,B-ATHLETE I-ATHLETE O B-ATHLETE I-ATHLETE I-ATHLETE O B-ATHLETE I-ATHLETE O B-ATHLETE I-ATHLETE O B-ATHLETE I-ATHLETE I-ATHLETE O,[],"[('ATHLETE', 0, 1), ('ATHLETE', 3, 5), ('ATHLETE', 7, 8), ('ATHLETE', 10, 11), ('ATHLETE', 13, 15)]"
2412,gig ##gs handed wales leading role ryan gig ##gs will captain wales as he wins his 50th cap in wednesday ' s friendly against hungary in cardiff .,O O O O O O B-ATHLETE I-ATHLETE I-ATHLETE O O O O O O O O O O O O O O O O O O O,B-ATHLETE I-ATHLETE O O O O B-ATHLETE I-ATHLETE I-ATHLETE O O O O O O O O O O O O O O O O O O O,"[('ATHLETE', 6, 8)]","[('ATHLETE', 0, 1), ('ATHLETE', 6, 8)]"
2413,"john to ##sha ##ck , in his first game as coach after succeeding mark hughes , admits he is surprised that gig ##gs has only just reached the landmark . """,B-ATHLETE I-ATHLETE I-ATHLETE I-ATHLETE O O O O O O O O O B-ATHLETE I-ATHLETE O O O O O O O O O O O O O O O O,B-ATHLETE I-ATHLETE I-ATHLETE I-ATHLETE O O O O O O O O O B-ATHLETE I-ATHLETE O O O O O O B-ATHLETE I-ATHLETE O O O O O O O O,"[('ATHLETE', 0, 3), ('ATHLETE', 13, 14)]","[('ATHLETE', 0, 3), ('ATHLETE', 13, 14), ('ATHLETE', 21, 22)]"
2414,"with the games he ' s played for united , proportion ##ately it doesn ' t seem that many for wales , "" to ##sha ##ck said . """,O O O O O O O O O O O O O O O O O O O O O O O O O O O O O,O O O O O O O O O O O O O O O O O O O O O O O B-ATHLETE I-ATHLETE I-ATHLETE O O O,[],"[('ATHLETE', 23, 25)]"
2416,"gig ##gs admits he had briefly considered retirement from the international game , but is now target ##ting playing for wales in the 2008 european championships .",O O O O O O O O O O O O O O O O O O O O O O O O O O O,B-ATHLETE I-ATHLETE O O O O O O O O O O O O O O O O O O O O O O O O O,[],"[('ATHLETE', 0, 1)]"
2417,"the manchester united wing revealed how club manager sir alex ferguson talked him into extending his wales career . """,O O O O O O O O B-ATHLETE I-ATHLETE I-ATHLETE O O O O O O O O O,O O O O O O O O O B-ATHLETE I-ATHLETE O O O O O O O O O,"[('ATHLETE', 8, 10)]","[('ATHLETE', 9, 10)]"
2418,"i briefly discussed my international future with sir alex , but he urged me to carry on , "" gig ##gs said . """,O O O O O O O O O O O O O O O O O O O O O O O O,O O O O O O O O B-ATHLETE O O O O O O O O O O B-ATHLETE I-ATHLETE O O O,[],"[('ATHLETE', 8, 8), ('ATHLETE', 19, 20)]"
2421,gig ##gs admits he was wave ##ring and considering joining the likes of former wales skipper gary speed and united team - mate paul sc ##holes in committing the remaining years of his career to club football .,O O O O O O O O O O O O O O O O B-ATHLETE I-ATHLETE O O O O O B-ATHLETE I-ATHLETE I-ATHLETE O O O O O O O O O O O O,B-ATHLETE I-ATHLETE O O O O O O O O O O O O O O B-ATHLETE I-ATHLETE O O O O O B-ATHLETE I-ATHLETE I-ATHLETE O O O O O O O O O O O O,"[('ATHLETE', 16, 17), ('ATHLETE', 23, 25)]","[('ATHLETE', 0, 1), ('ATHLETE', 16, 17), ('ATHLETE', 23, 25)]"
2422,but gig ##gs is now focus ##sed on making the to ##sha ##ck era even more successful than the time hughes spent at the helm .,O O O O O O O O O O O O O O O O O O O O O O O O O O,O O O O O O O O O O O O O O O O O O O O B-BUSINESS-EXECUTIVE-MANAGER O O O O O,[],"[('BUSINESS-EXECUTIVE-MANAGER', 20, 20)]"
2424,"with gig ##gs leading wales out against hungary , there is every chance that he will become the permanent successor to speed .",O O O O O O O O O O O O O O O O O O O O O O O,O B-ATHLETE I-ATHLETE O O O O O O O O O O O O O O O O O O B-ATHLETE O,[],"[('ATHLETE', 1, 2), ('ATHLETE', 21, 21)]"
2425,"however , to ##sha ##ck refused to reveal whether he sees gig ##gs as a long - term option . """,O O O O O O O O O O O O O O O O O O O O O,O O B-MUSICIAN I-MUSICIAN I-MUSICIAN O O O O O O O O O O O O O O O O,[],"[('MUSICIAN', 2, 4)]"
2427,"on wednesday night to ##sha ##ck takes charge of his first match since replacing hughes , and gig ##gs said : "" it ' s my 50th cap and i am looking forward to it , and i hope to play a lot more times from here on in . """,O O O O O O O O O O O O O O O O O O O O O O O O O O O O O O O O O O O O O O O O O O O O O O O O O O O,O O O B-ATHLETE I-ATHLETE I-ATHLETE O O O O O O O O B-ATHLETE O O B-ATHLETE I-ATHLETE O O O O O O O O O O O O O O O O O O O O O O O O O O O O O O O O,[],"[('ATHLETE', 3, 5), ('ATHLETE', 14, 14), ('ATHLETE', 17, 18)]"
2431,"the way john is looking at things , he is aiming to build his side around the experienced lads right up to the next tournament , the euro 2006 event . """,O O O O O O O O O O O O O O O O O O O O O O O O O O O O O O O O,O O B-PUBLIC-FIGURE O O O O O O O O O O O O O O O O O O O O O O O O O O O O O,[],"[('PUBLIC-FIGURE', 2, 2)]"
2432,"i have told john i will be around for the next european tournament , by then i will be 35 so hopefully i will still be okay . """,O O O O O O O O O O O O O O O O O O O O O O O O O O O O O,O O O B-PUBLIC-FIGURE O O O O O O O O O O O O O O O O O O O O O O O O O,[],"[('PUBLIC-FIGURE', 3, 3)]"
2434,"gig ##gs ' own personal future at old trafford is still up in the air as he has yet to reach agreement on a new contract , with manchester united offering one extra year and gig ##gs seeking two . """,O O O O O O O O O O O O O O O O O O O O O O O O O O O O O O O O O O O O O O O O O,B-ATHLETE I-ATHLETE O O O O O O O O O O O O O O O O O O O O O O O O O O O O O O O O O B-ATHLETE I-ATHLETE O O O O,[],"[('ATHLETE', 0, 1), ('ATHLETE', 35, 36)]"
2435,"i have put the contract thing to the back of my mind at the moment , "" said gig ##gs . """,O O O O O O O O O O O O O O O O O O O O O O,O O O O O O O O O O O O O O O O O O B-BUSINESS-EXECUTIVE-MANAGER I-BUSINESS-EXECUTIVE-MANAGER O O,[],"[('BUSINESS-EXECUTIVE-MANAGER', 18, 19)]"
2439,"we have massive games coming up : manchester city this week , then the everton cup tie , followed by ac milan in the champions league , and my first wales game under john to ##sha ##ck , so it ' s an important time . """,O O O O O O O O O O O O O O O O O O O O O O O O O O O O O O O O O B-ATHLETE I-ATHLETE I-ATHLETE I-ATHLETE O O O O O O O O O O,O O O O O O O O O O O O O O O O O O O O O O O O O O O O O O O O O B-PUBLIC-FIGURE O B-ATHLETE O O O O O O O O O O O,"[('ATHLETE', 33, 36)]","[('PUBLIC-FIGURE', 33, 33), ('ATHLETE', 35, 35)]"
2441,"by then phones will be printed directly on to wrists , or other parts of the body , says ian pearson , bt ' s resident fu ##tur ##ologist .",O O O O O O O O O O O O O O O O O O O B-AUTHOR-WRITER I-AUTHOR-WRITER O O O O O O O O O,O O O O O O O O O O O O O O O O O O O B-PUBLIC-FIGURE I-PUBLIC-FIGURE O O O O O O O O O,"[('AUTHOR-WRITER', 19, 20)]","[('PUBLIC-FIGURE', 19, 20)]"
2443,mr pearson does not have a crystal ball .,O O O O O O O O O,O B-BUSINESS-EXECUTIVE-MANAGER O O O O O O O,[],"[('BUSINESS-EXECUTIVE-MANAGER', 1, 1)]"
2445,"ina ##ni ##mate objects will start to interact with us : we will be surrounded - on streets , in homes , in appliances , on our bodies and possibly in our heads - by things that "" think "" .",O O O O O O O O O O O O O O O O O O O O O O O O O O O O O O O O O O O O O O O O O,B-PUBLIC-FIGURE I-PUBLIC-FIGURE I-PUBLIC-FIGURE O O O O O O O O O O O O O O O O O O O O O O O O O O O O O O O O O O O O O O,[],"[('PUBLIC-FIGURE', 0, 2)]"
2451,"so mp3 players - the mass ga ##dget of the moment - will disappear and instead become integrated into one ' s clothing , says mr pearson . """,O O O O O O O O O O O O O O O O O O O O O O O O O O O O O,O O O O O O O O O O O O O O O O O O O O O O O O O O B-BUSINESS-EXECUTIVE-MANAGER O O,[],"[('BUSINESS-EXECUTIVE-MANAGER', 26, 26)]"
2456,"if technology is going to be increasingly part of clothing , jewellery , and skin , there needs to be some serious thinking about what it means for us as humans , says baroness susan greenfield .",O O O O O O O O O O O O O O O O O O O O O O O O O O O O O O O O O B-PUBLIC-FIGURE I-PUBLIC-FIGURE I-PUBLIC-FIGURE O,O O O O O O O O O O O O O O O O O O O O O O O O O O O O O O O O O O B-AUTHOR-WRITER I-AUTHOR-WRITER O,"[('PUBLIC-FIGURE', 33, 35)]","[('AUTHOR-WRITER', 34, 35)]"
2457,"at a recent conference for technology , engineering , academic and fashion industry experts , at the royal society in london , ne ##uro ##sc ##ient ##ist baroness greenfield caution ##ed we "" can ' t just sleep ##walk into the future "" .",O O O O O O O O O O O O O O O O O O O O O O O O O O O B-PUBLIC-FIGURE I-PUBLIC-FIGURE O O O O O O O O O O O O O O O,O O O O O O O O O O O O O O O O O O O O O O O O O O O O B-PUBLIC-FIGURE O O O O O O O O O O O O O O O,"[('PUBLIC-FIGURE', 27, 28)]","[('PUBLIC-FIGURE', 28, 28)]"
2470,but baroness greenfield is concerned about how far this more personal contact with technology might affect our very being .,O B-PUBLIC-FIGURE I-PUBLIC-FIGURE O O O O O O O O O O O O O O O O O,O O B-POLITICIAN O O O O O O O O O O O O O O O O O,"[('PUBLIC-FIGURE', 1, 2)]","[('POLITICIAN', 2, 2)]"
2472,"mr pearson picks up the theme , pointing out there are a lot of issues humans have to iron out before we become "" cy ##borg ##ian "" .",O O O O O O O O O O O O O O O O O O O O O O O O O O O O O,O B-BUSINESS-EXECUTIVE-MANAGER O O O O O O O O O O O O O O O O O O O O O O O O O O O,[],"[('BUSINESS-EXECUTIVE-MANAGER', 1, 1)]"
2478,"we cannot arrogant ##ly assume that the human brain will not change with this , "" warns baroness greenfield .",O O O O O O O O O O O O O O O O O B-PUBLIC-FIGURE I-PUBLIC-FIGURE O,O O O O O O O O O O O O O O O O O O O O,"[('PUBLIC-FIGURE', 17, 18)]",[]
2483,musical future for phones analyst bill thompson has seen the future and it is in his son ' s hands .,O O O O O B-AUTHOR-WRITER I-AUTHOR-WRITER O O O O O O O O O O O O O O,O O O O O B-PUBLIC-FIGURE I-PUBLIC-FIGURE O O O O O O O O O O O O O O,"[('AUTHOR-WRITER', 5, 6)]","[('PUBLIC-FIGURE', 5, 6)]"
2484,"i bought my son max a 3 ##g phone , partly because they are so cheap and he needed a phone , and partly because i am supposed to know about the latest technology and thought i should see how they work in real life .",O O O O B-PUBLIC-FIGURE O O O O O O O O O O O O O O O O O O O O O O O O O O O O O O O O O O O O O O O O O,O O O O B-BUSINESS-EXECUTIVE-MANAGER O O O O O O O O O O O O O O O O O O O O O O O O O O O O O O O O O O O O O O O O O,"[('PUBLIC-FIGURE', 4, 4)]","[('BUSINESS-EXECUTIVE-MANAGER', 4, 4)]"
2489,"by contrast the confusing menu ##s , complicated keyboard and truly irritating user interface of max ' s 3 ##g phone simply get in the way , and i did not see much value in the paid - for services , especially the limited web access .",O O O O O O O O O O O O O O O B-PUBLIC-FIGURE O O O O O O O O O O O O O O O O O O O O O O O O O O O O O O O,O O O O O O O O O O O O O O O O O O O O O O O O O O O O O O O O O O O O O O O O O O O O O O O,"[('PUBLIC-FIGURE', 15, 15)]",[]
2491,"but then max started playing , and i realised i was missing the point entirely .",O O B-PUBLIC-FIGURE O O O O O O O O O O O O O,O O B-ATHLETE O O O O O O O O O O O O O,"[('PUBLIC-FIGURE', 2, 2)]","[('ATHLETE', 2, 2)]"
2494,"max was completely capt ##ivated , and i was intrigued to discover that i had nearly missed the next stage of the network revolution .",B-PUBLIC-FIGURE O O O O O O O O O O O O O O O O O O O O O O O O,B-BUSINESS-EXECUTIVE-MANAGER O O O O O O O O O O O O O O O O O O O O O O O O,"[('PUBLIC-FIGURE', 0, 0)]","[('BUSINESS-EXECUTIVE-MANAGER', 0, 0)]"
2520,aaron foster and david tre ##acy have won the right to take part in a tournament offering $ 1 ##m in total prize money .,B-PUBLIC-FIGURE I-PUBLIC-FIGURE O B-PUBLIC-FIGURE I-PUBLIC-FIGURE I-PUBLIC-FIGURE O O O O O O O O O O O O O O O O O O O,B-ATHLETE I-ATHLETE O B-ATHLETE I-ATHLETE I-ATHLETE O O O O O O O O O O O O O O O O O O O,"[('PUBLIC-FIGURE', 0, 1), ('PUBLIC-FIGURE', 3, 5)]","[('ATHLETE', 0, 1), ('ATHLETE', 3, 5)]"
2533,mr foster and mr tre ##acy get the chance to attend the world tour as members of the uk ' s four - kings gaming clan .,O O O O O O O O O O O O O O O O O O O O O O O O O O O,O B-PUBLIC-FIGURE O O B-PUBLIC-FIGURE I-PUBLIC-FIGURE O O O O O O O O O O O O O O O O O O O O O,[],"[('PUBLIC-FIGURE', 1, 1), ('PUBLIC-FIGURE', 4, 5)]"
2535,the best eight players met face - to - face in a special elimination event in late december where mr foster and mr tracey proved their prowess at pain ##kill ##er .,O O O O O O O O O O O O O O O O O O O O O O O O O O O O O O O O,O O O O O O O O O O O O O O O O O O O O B-PUBLIC-FIGURE O O B-PUBLIC-FIGURE O O O O O O O O,[],"[('PUBLIC-FIGURE', 20, 20), ('PUBLIC-FIGURE', 23, 23)]"
2540,"jackson film ' absolute disaster ' a pr expert has told the michael jackson child abuse trial that the tv documentary at the heart of the case was an "" absolute disaster "" .",O O O O O O O O O O O O B-MUSICIAN I-MUSICIAN O O O O O O O O O O O O O O O O O O O O,B-ACTOR-DIRECTOR O O O O O O O O O O O B-MUSICIAN I-MUSICIAN O O O O O O O O O O O O O O O O O O O O,"[('MUSICIAN', 12, 13)]","[('ACTOR-DIRECTOR', 0, 0), ('MUSICIAN', 12, 13)]"
2541,"ann kite told the court in the california ##n town of santa maria she was hired to "" crisis manage "" the fallout after the programme had aired in 2003 .",B-BUSINESS-EXECUTIVE-MANAGER I-BUSINESS-EXECUTIVE-MANAGER O O O O O O O O O O O O O O O O O O O O O O O O O O O O O,B-PUBLIC-FIGURE I-PUBLIC-FIGURE O O O O O O O O O O O O O O O O O O O O O O O O O O O O O,"[('BUSINESS-EXECUTIVE-MANAGER', 0, 1)]","[('PUBLIC-FIGURE', 0, 1)]"
2543,mr jackson denies 10 charges of child abuse and false imprisonment .,O O O O O O O O O O O O,O B-POLITICIAN O O O O O O O O O O,[],"[('POLITICIAN', 1, 1)]"
2545,ms kite suggested jackson ' s associates had been intent on launching a sm ##ear campaign against the accuse ##r ' s family after the airing of martin bash ##ir ' s film living with michael jackson .,O O O O O O O O O O O O O O O O O O O O O O O O O O O B-AUTHOR-WRITER I-AUTHOR-WRITER I-AUTHOR-WRITER O O O O O B-MUSICIAN I-MUSICIAN O,O B-PUBLIC-FIGURE O B-ACTOR-DIRECTOR O O O O O O O O O O O O O O O O O O O O O O O B-ACTOR-DIRECTOR I-ACTOR-DIRECTOR I-ACTOR-DIRECTOR I-ACTOR-DIRECTOR I-ACTOR-DIRECTOR O O O B-ACTOR-DIRECTOR I-ACTOR-DIRECTOR O,"[('AUTHOR-WRITER', 27, 29), ('MUSICIAN', 35, 36)]","[('PUBLIC-FIGURE', 1, 1), ('ACTOR-DIRECTOR', 3, 3), ('ACTOR-DIRECTOR', 27, 31), ('ACTOR-DIRECTOR', 35, 36)]"
2547,"jackson ' s defence questioned ms kite ' s credibility , pointing that she worked for the singer ' s team for less than a week before being fired , and had never met or spoken to the star .",O O O O O O O O O O O O O O O O O O O O O O O O O O O O O O O O O O O O O O O O,B-MUSICIAN O O O O O B-PUBLIC-FIGURE O O O O O O O O O O O O O O O O O O O O O O O O O O O O O O O O O,[],"[('MUSICIAN', 0, 0), ('PUBLIC-FIGURE', 6, 6)]"
2548,"ms kite said she received a phone call on 13 february 2003 from a jackson associate , marc sc ##ha ##ffe ##l , who said the boy and his family had left the never ##land ranch where they had been staying .",O O O O O O O O O O O O O O O O O B-BUSINESS-EXECUTIVE-MANAGER I-BUSINESS-EXECUTIVE-MANAGER I-BUSINESS-EXECUTIVE-MANAGER I-BUSINESS-EXECUTIVE-MANAGER I-BUSINESS-EXECUTIVE-MANAGER O O O O O O O O O O O O O O O O O O O O,O B-PUBLIC-FIGURE O O O O O O O O O O O O O O O B-PUBLIC-FIGURE I-PUBLIC-FIGURE I-PUBLIC-FIGURE I-PUBLIC-FIGURE I-PUBLIC-FIGURE O O O O O O O O O O O O O O O O O O O O,"[('BUSINESS-EXECUTIVE-MANAGER', 17, 21)]","[('PUBLIC-FIGURE', 1, 1), ('PUBLIC-FIGURE', 17, 21)]"
2549,"ms kite told the court she had later asked jackson ' s lawyer , david leg ##rand , what had happened . """,O O O O O O O O O O O O O O B-PUBLIC-FIGURE I-PUBLIC-FIGURE I-PUBLIC-FIGURE O O O O O O,O B-PUBLIC-FIGURE O O O O O O O B-ACTOR-DIRECTOR O O O O B-PUBLIC-FIGURE I-PUBLIC-FIGURE I-PUBLIC-FIGURE O O O O O O,"[('PUBLIC-FIGURE', 14, 16)]","[('PUBLIC-FIGURE', 1, 1), ('ACTOR-DIRECTOR', 9, 9), ('PUBLIC-FIGURE', 14, 16)]"
2551,"ms kite began to work for mr jackson in february 2003 , after the controversial film was televised in the us and europe .",O O O O O O O O O O O O O O O O O O O O O O O O,O O O O O O O B-ACTOR-DIRECTOR O O O O O O O O O O O O O O O O,[],"[('ACTOR-DIRECTOR', 7, 7)]"
2552,the documentary sparked a media storm and the subsequent investigation into mr jackson ' s relationship with the boy .,O O O O O O O O O O O O O O O O O O O O,O O O O O O O O O O O O B-PUBLIC-FIGURE O O O O O O O,[],"[('PUBLIC-FIGURE', 12, 12)]"
2554,"questioned by the prosecution , ms kite said her plan had been to move media coverage of the star away from a focus on his human frail ##ties to concentrate more on his musical genius .",O O O O O O O O O O O O O O O O O O O O O O O O O O O O O O O O O O O O,O O O O O O B-MUSICIAN O O O O O O O O O O O O O O O O O O O O O O O O O O O O O,[],"[('MUSICIAN', 6, 6)]"
2555,ms kite said that an additional problem was the release of documents relating to a previous all ##ega ##tion of child abuse against mr jackson .,O O O O O O O O O O O O O O O O O O O O O O O O O O,O B-PUBLIC-FIGURE O O O O O O O O O O O O O O O O O O O O O O B-POLITICIAN O,[],"[('PUBLIC-FIGURE', 1, 1), ('POLITICIAN', 24, 24)]"
2556,"the smoking gun website publication was "" beyond disaster "" , ms kite said .",O O O O O O O O O O O O O O O,O O O O O O O O O O O O B-PUBLIC-FIGURE O O,[],"[('PUBLIC-FIGURE', 12, 12)]"
2558,"the judge is studying whether the prosecution ' s first witness , reporter martin bash ##ir , is in contempt of court .",O O O O O O O O O O O O O B-AUTHOR-WRITER I-AUTHOR-WRITER I-AUTHOR-WRITER O O O O O O O,O O O O O O O O O O O O O B-PUBLIC-FIGURE I-PUBLIC-FIGURE I-PUBLIC-FIGURE O O O O O O O,"[('AUTHOR-WRITER', 13, 15)]","[('PUBLIC-FIGURE', 13, 15)]"
2559,"the defence protested after mr bash ##ir , who interviewed jackson for the tv documentary , refused to answer nearly all their questions , citing a california "" shield "" law intended to allow journalists to protect their sources .",O O O O O O O O O O O O O O O O O O O O O O O O O O O O O O O O O O O O O O O O,O O O O O B-PUBLIC-FIGURE I-PUBLIC-FIGURE O O O B-ACTOR-DIRECTOR O O O O O O O O O O O O O O O O O O O O O O O O O O O O O,[],"[('PUBLIC-FIGURE', 5, 6), ('ACTOR-DIRECTOR', 10, 10)]"
2560,"in the prosecution ' s opening statement on monday , tom s ##ned ##don told the court that mr jackson had shown the boy porn and pl ##ied him with wine , in order to mole ##st him .",O O O O O O O O O O B-PUBLIC-FIGURE I-PUBLIC-FIGURE I-PUBLIC-FIGURE I-PUBLIC-FIGURE O O O O O O O O O O O O O O O O O O O O O O O O O,O O O O O O O O O O B-PUBLIC-FIGURE I-PUBLIC-FIGURE I-PUBLIC-FIGURE I-PUBLIC-FIGURE O O O O O B-PUBLIC-FIGURE O O O O O O O O O O O O O O O O O O O,"[('PUBLIC-FIGURE', 10, 13)]","[('PUBLIC-FIGURE', 10, 13), ('PUBLIC-FIGURE', 19, 19)]"
2562,"ge sees ' excellent ' world economy us be ##hem ##oth general electric has posted an 18 % jump in quarterly sales , and in profits , and declared itself "" in great shape "" .",O O O O O O O O O O O O O O O O O O O O O O O O O O O O O O O O O O O O,O O O O O O O O B-BUSINESS-EXECUTIVE-MANAGER O O O O O O O O O O O O O O O O O O O O O O O O O O O,[],"[('BUSINESS-EXECUTIVE-MANAGER', 8, 8)]"
2567,ge ' s shares rose 1 % on the news before ending friday 0 . 24 % lower .,O O O O O O O O O O O O O O O O O O O,B-BUSINESS-EXECUTIVE-MANAGER O O O O O O O O O O O O O O O O O O,[],"[('BUSINESS-EXECUTIVE-MANAGER', 0, 0)]"
2569,"the materials , financial and industrial sectors are all picking up , "" said steve ro ##uki ##s , an analyst at fund manager matrix asset advisors , which has shares in ge .",O O O O O O O O O O O O O O B-PUBLIC-FIGURE I-PUBLIC-FIGURE I-PUBLIC-FIGURE I-PUBLIC-FIGURE O O O O O O O O O O O O O O O O,O O O O O O O O O O O O O O B-BUSINESS-EXECUTIVE-MANAGER I-BUSINESS-EXECUTIVE-MANAGER O O O O O O O O O O O O O O O O O O,"[('PUBLIC-FIGURE', 14, 17)]","[('BUSINESS-EXECUTIVE-MANAGER', 14, 15)]"
2570,"ge said orders in the fourth quarter were 15 % higher than in the same period of 2003 , "" with growth across the board "" . """,O O O O O O O O O O O O O O O O O O O O O O O O O O O O,B-BUSINESS-EXECUTIVE-MANAGER O O O O O O O O O O O O O O O O O O O O O O O O O O O,[],"[('BUSINESS-EXECUTIVE-MANAGER', 0, 0)]"
2571,"in the fourth quarter , nine of our 11 businesses delivered at least double - digit earnings growth , "" said mr im ##mel ##t .",O O O O O O O O O O O O O O O O O O O O O O O O O O,O O O O O O O O O O O O O O O O O O O O O O B-BUSINESS-EXECUTIVE-MANAGER I-BUSINESS-EXECUTIVE-MANAGER I-BUSINESS-EXECUTIVE-MANAGER O,[],"[('BUSINESS-EXECUTIVE-MANAGER', 22, 24)]"
2574,"last year , ge bought vi ##ven ##di universal , merging it with nbc to form nbc universal .",O O O O O O O O O O O O O O O O O O O,O O O B-BUSINESS-EXECUTIVE-MANAGER O O O O O O O O O O O O O O O,[],"[('BUSINESS-EXECUTIVE-MANAGER', 3, 3)]"
2577,"the win for hearts means they will play asa ##nte ko ##tok ##o in the two - leg final , after the ku ##mas ##i team qualified from group a on saturday .",O O O O O O O O O O O O O O O O O O O O O O O O O O O O O O O O O,O O O O O O O O B-ATHLETE I-ATHLETE I-ATHLETE I-ATHLETE I-ATHLETE O O O O O O O O O O O O O O O O O O O O,[],"[('ATHLETE', 8, 12)]"
2579,hearts of oak started the game needing a win to qualify for the final while cot ##ons ##port only needed to avoid defeat to go through .,O O O O O O O O O O O O O O O O O O O O O O O O O O O,O O O O O O O O O O O O O O O B-ATHLETE I-ATHLETE I-ATHLETE O O O O O O O O O,[],"[('ATHLETE', 15, 17)]"
2581,hearts looked set for a comfortable win but cot ##ons ##port staged a late fight back scoring twice late on .,O O O O O O O O O O O O O O O O O O O O O,O O O O O O O O B-ATHLETE I-ATHLETE I-ATHLETE O O O O O O O O O O,[],"[('ATHLETE', 8, 10)]"
2585,in the other group b game cameroon ' s sable bat ##ie took the lead in the 35th minute through ke ##mad ##jou before santos equal ##ised on the hour mark thanks to tho ##ko ##zan ##i x ##aba .,O O O O O O O O O O O O O O O O O O O O B-ATHLETE I-ATHLETE I-ATHLETE O O O O O O O O O O B-ATHLETE I-ATHLETE I-ATHLETE I-ATHLETE I-ATHLETE I-ATHLETE O,O O O O O O O O O B-ATHLETE I-ATHLETE I-ATHLETE O O O O O O O O B-ATHLETE I-ATHLETE I-ATHLETE O O O O O O O O O O B-ATHLETE I-ATHLETE I-ATHLETE I-ATHLETE I-ATHLETE I-ATHLETE O,"[('ATHLETE', 20, 22), ('ATHLETE', 33, 38)]","[('ATHLETE', 9, 11), ('ATHLETE', 20, 22), ('ATHLETE', 33, 38)]"
2586,bernard ngo ##m put sable ahead just five minutes later and then ernest n ##for settled the game on 68 minutes .,B-ATHLETE I-ATHLETE I-ATHLETE O O O O O O O O O B-ATHLETE I-ATHLETE I-ATHLETE O O O O O O O,B-ATHLETE I-ATHLETE I-ATHLETE O O O O O O O O O B-ATHLETE I-ATHLETE B-BUSINESS-EXECUTIVE-MANAGER O O O O O O O,"[('ATHLETE', 0, 2), ('ATHLETE', 12, 14)]","[('ATHLETE', 0, 2), ('ATHLETE', 12, 13), ('BUSINESS-EXECUTIVE-MANAGER', 14, 14)]"
2592,"a major overhaul of the system is needed to allow inspectors immediate , secure online access to information , "" said project manager liv ##io costa ##nti ##ni .",O O O O O O O O O O O O O O O O O O O O O O O B-BUSINESS-EXECUTIVE-MANAGER I-BUSINESS-EXECUTIVE-MANAGER I-BUSINESS-EXECUTIVE-MANAGER I-BUSINESS-EXECUTIVE-MANAGER I-BUSINESS-EXECUTIVE-MANAGER O,O O O O O O O O O O O O O O O O O O O O O O O B-PUBLIC-FIGURE I-PUBLIC-FIGURE I-PUBLIC-FIGURE I-PUBLIC-FIGURE I-PUBLIC-FIGURE O,"[('BUSINESS-EXECUTIVE-MANAGER', 23, 27)]","[('PUBLIC-FIGURE', 23, 27)]"
2600,"computer specialist at the ia ##ea , peter smith , would like to be able to incorporate state of the art visual ##isation techniques , more familiar to video games players , into the inspector ' s tool ##kit . """,O O O O O O O B-BUSINESS-EXECUTIVE-MANAGER I-BUSINESS-EXECUTIVE-MANAGER O O O O O O O O O O O O O O O O O O O O O O O O O O O O O O O O,O O O O O O O B-PUBLIC-FIGURE I-PUBLIC-FIGURE O O O O O O O O O O O O O O O O O O O O O O O O O O O O O O O O,"[('BUSINESS-EXECUTIVE-MANAGER', 7, 8)]","[('PUBLIC-FIGURE', 7, 8)]"
2606,radcliffe proves doubt ##ers wrong this won ' t go down as one of the greatest marathon ##s of paula ' s career .,O O O O O O O O O O O O O O O O O O O B-ATHLETE O O O O,B-ATHLETE O O O O O O O O O O O O O O O O O O B-ATHLETE O O O O,"[('ATHLETE', 19, 19)]","[('ATHLETE', 0, 0), ('ATHLETE', 19, 19)]"
2627,"final hunts held as ban lo ##oms hunts in england and wales have begun on the last day that hunting with dogs is legal , with more due out later .",O O O O O O O O O O O O O O O O O O O O O O O O O O O O O O O,O O O O O B-PUBLIC-FIGURE I-PUBLIC-FIGURE O O O O O O O O O O O O O O O O O O O O O O O O,[],"[('PUBLIC-FIGURE', 5, 6)]"
2637,bbc correspondent sarah mukherjee said hunt supporters were in tears .,O O B-AUTHOR-WRITER I-AUTHOR-WRITER O O O O O O O,O O B-PUBLIC-FIGURE I-PUBLIC-FIGURE O O O O O O O,"[('AUTHOR-WRITER', 2, 3)]","[('PUBLIC-FIGURE', 2, 3)]"
2649,can ##del ##a completes bolton switch bolton boss sam alla ##rdy ##ce has signed roma defender vincent can ##del ##a on a five - month deal .,O O O O O O O O B-ATHLETE I-ATHLETE I-ATHLETE I-ATHLETE O O O O B-ATHLETE I-ATHLETE I-ATHLETE I-ATHLETE O O O O O O O,B-ATHLETE I-ATHLETE I-ATHLETE O O O O O B-BUSINESS-EXECUTIVE-MANAGER I-BUSINESS-EXECUTIVE-MANAGER I-BUSINESS-EXECUTIVE-MANAGER I-BUSINESS-EXECUTIVE-MANAGER O O O O B-ATHLETE I-ATHLETE I-ATHLETE I-ATHLETE O O O O O O O,"[('ATHLETE', 8, 11), ('ATHLETE', 16, 19)]","[('ATHLETE', 0, 2), ('BUSINESS-EXECUTIVE-MANAGER', 8, 11), ('ATHLETE', 16, 19)]"
2651,"i have signed a five - month contract with bolton , "" said can ##del ##a , who will travel to england on tuesday . """,O O O O O O O O O O O O O O O O O O O O O O O O O O,O O O O O O O O O O O O O B-ATHLETE I-ATHLETE I-ATHLETE O O O O O O O O O O,[],"[('ATHLETE', 13, 15)]"
2653,"alla ##rdy ##ce hopes can ##del ##a ' s arrival will relieve bolton ' s injury crisis after defender nicky hunt limp ##ed out injured during oldham ' s 1 - 0 win against oldham in the fa cup on sunday . """,O O O O O O O O O O O O O O O O O O O B-ATHLETE I-ATHLETE O O O O O O O O O O O O O O O O O O O O O O,O O O O B-ATHLETE I-ATHLETE I-ATHLETE O O O O O O O O O O O O B-ATHLETE I-ATHLETE O O O O O O O O O O O O O O O O O O O O O O,"[('ATHLETE', 19, 20)]","[('ATHLETE', 4, 6), ('ATHLETE', 19, 20)]"
2654,"in light of what has happened to nicky hunt , with his injury , it might be a blessing in disguise that we can bring in a highly - experienced full - back to help with our injuries at the back , "" alla ##rdy ##ce said . """,O O O O O O O B-ATHLETE I-ATHLETE O O O O O O O O O O O O O O O O O O O O O O O O O O O O O O O O O O O O O O O O,O O O O O O O B-ATHLETE I-ATHLETE O O O O O O O O O O O O O O O O O O O O O O O O O O O O O O O O O O B-PUBLIC-FIGURE I-PUBLIC-FIGURE I-PUBLIC-FIGURE O O O,"[('ATHLETE', 7, 8)]","[('ATHLETE', 7, 8), ('PUBLIC-FIGURE', 43, 45)]"
2658,"can ##del ##a , who was a member of the roma side that won the title in 2001 , has made only seven league appearances this season for luigi del ne ##ri ' s side .",O O O O O O O O O O O O O O O O O O O O O O O O O O O O B-ATHLETE I-ATHLETE I-ATHLETE I-ATHLETE O O O O,B-ATHLETE I-ATHLETE I-ATHLETE O O O O O O O O O O O O O O O O O O O O O O O O O B-PUBLIC-FIGURE I-PUBLIC-FIGURE O O B-PUBLIC-FIGURE I-PUBLIC-FIGURE O O,"[('ATHLETE', 28, 31)]","[('ATHLETE', 0, 2), ('PUBLIC-FIGURE', 28, 29), ('PUBLIC-FIGURE', 32, 33)]"
2666,"announcing the plans , mr redwood said : "" mr blair has forgotten the interests of taxpayers , and has broken the pledge ##s he made . """,O O O O O O O O O O B-POLITICIAN O O O O O O O O O O O O O O O O O,O O O O O B-POLITICIAN O O O O B-POLITICIAN O O O O O O O O O O O O O O O O O,"[('POLITICIAN', 10, 10)]","[('POLITICIAN', 5, 5), ('POLITICIAN', 10, 10)]"
2676,davenport di ##sman ##tle ##s young rival top seed lindsay davenport booked her place in the last 16 of the australian open with a convincing 6 - 2 6 - 4 win over nicole va ##idi ##sov ##a of the czech republic .,O O O O O O O O O B-ATHLETE I-ATHLETE O O O O O O O O O O O O O O O O O O O O O O B-ATHLETE I-ATHLETE I-ATHLETE I-ATHLETE I-ATHLETE O O O O O,B-ATHLETE O O O O O O O O B-ATHLETE I-ATHLETE O O O O O O O O O O O O O O O O O O O O O O B-ATHLETE I-ATHLETE I-ATHLETE I-ATHLETE I-ATHLETE O O O O O,"[('ATHLETE', 9, 10), ('ATHLETE', 33, 37)]","[('ATHLETE', 0, 0), ('ATHLETE', 9, 10), ('ATHLETE', 33, 37)]"
2678,the german - born va ##idi ##sov ##a rallied well at times but was unable to find a way back after falling behind 3 - 2 in the opening set .,O O O O O O O O O O O O O O O O O O O O O O O O O O O O O O O,O O O O B-ATHLETE I-ATHLETE I-ATHLETE I-ATHLETE O O O O O O O O O O O O O O O O O O O O O O O,[],"[('ATHLETE', 4, 7)]"
2679,"davenport , who closed out with an ace , plays ka ##rol ##ina sp ##rem in the next round . """,O O O O O O O O O O B-ATHLETE I-ATHLETE I-ATHLETE I-ATHLETE I-ATHLETE O O O O O O,B-ATHLETE O O O O O O O O O B-ATHLETE I-ATHLETE I-ATHLETE I-ATHLETE I-ATHLETE O O O O O O,"[('ATHLETE', 10, 14)]","[('ATHLETE', 0, 0), ('ATHLETE', 10, 14)]"
2680,"i was fully expecting a tough opponent and was able to play well enough to get through it , "" said davenport . """,O O O O O O O O O O O O O O O O O O O O O O O O,O O O O O O O O O O O O O O O O O O O O O B-ATHLETE O O,[],"[('ATHLETE', 21, 21)]"
2684,"sp ##rem , the croatian 13th seed , saw off russia ' s elena li ##khov ##ts ##eva 6 - 3 6 - 2 .",O O O O O O O O O O O O O B-ATHLETE I-ATHLETE I-ATHLETE I-ATHLETE I-ATHLETE O O O O O O O,B-ATHLETE I-ATHLETE O O O O O O O O O O O B-ATHLETE I-ATHLETE I-ATHLETE I-ATHLETE I-ATHLETE O O O O O O O,"[('ATHLETE', 13, 17)]","[('ATHLETE', 0, 1), ('ATHLETE', 13, 17)]"
2703,"raymond , the 25th seeded american , was ruled out after sustaining a left abdominal muscle tear in the doubles .",O O O O O O O O O O O O O O O O O O O O O,B-ATHLETE O O O O O O O O O O O O O O O O O O O O,[],"[('ATHLETE', 0, 0)]"
2704,"my ##skin ##a , the third seed , now plays france ' s who beat francesca sc ##hia ##von ##e of italy 6 - 3 6 - 3 . """,O O O O O O O O O O O O O O O B-ATHLETE I-ATHLETE I-ATHLETE I-ATHLETE I-ATHLETE O O O O O O O O O O,B-ATHLETE I-ATHLETE I-ATHLETE O O O O O O O O O O O O B-ATHLETE I-ATHLETE I-ATHLETE I-ATHLETE I-ATHLETE O O O O O O O O O O,"[('ATHLETE', 15, 19)]","[('ATHLETE', 0, 2), ('ATHLETE', 15, 19)]"
2705,"i ' m extremely disappointed because i couldn ' t have asked to play better in my first two matches , "" raymond said .",O O O O O O O O O O O O O O O O O O O O O O O O O,O O O O O O O O O O O O O O O O O O O O O O B-ATHLETE O O,[],"[('ATHLETE', 22, 22)]"
2713,"microsoft had delivered development kits to ea , said mr arm ##es , but he said the company was still waiting on sony and nintendo to send kits .",O O O O O O O O O O O O O O O O O O O O O O O O O O O O O,O O O O O O O O O O B-BUSINESS-EXECUTIVE-MANAGER I-BUSINESS-EXECUTIVE-MANAGER O O O O O O O O O O O O O O O O O,[],"[('BUSINESS-EXECUTIVE-MANAGER', 10, 11)]"
2714,"although the details may not be nailed down , mr arm ##es said ea was beginning to get a sense of the capabilities of the new machines . """,O O O O O O O O O O O O O O O O O O O O O O O O O O O O O,O O O O O O O O O O B-BUSINESS-EXECUTIVE-MANAGER I-BUSINESS-EXECUTIVE-MANAGER O O O O O O O O O O O O O O O O O,[],"[('BUSINESS-EXECUTIVE-MANAGER', 10, 11)]"
2727,"mr dunn said he expected the introduction of real - world physics to be a major part of the new consoles . """,O O O O O O O O O O O O O O O O O O O O O O O,O B-BUSINESS-EXECUTIVE-MANAGER O O O O O O O O O O O O O O O O O O O O O,[],"[('BUSINESS-EXECUTIVE-MANAGER', 1, 1)]"
2741,"ps ##3 will provide graphics ind ##ist ##ing ##uis ##hab ##le from movies , "" said mr fl ##orin .",O O O O O O O O O O O O O O O O O O O O,O O O O O O O O O O O O O O O O O B-BUSINESS-EXECUTIVE-MANAGER I-BUSINESS-EXECUTIVE-MANAGER O,[],"[('BUSINESS-EXECUTIVE-MANAGER', 17, 18)]"
2746,"mr arm ##es warned that developers still had to learn how to tell stories effectively in the medium . """,O O O O O O O O O O O O O O O O O O O O,O B-BUSINESS-EXECUTIVE-MANAGER I-BUSINESS-EXECUTIVE-MANAGER O O O O O O O O O O O O O O O O O,[],"[('BUSINESS-EXECUTIVE-MANAGER', 1, 2)]"
2750,"mr gardner agreed : "" we can thrown more poly ##gon ##s around and have better ai but if it doesn ' t make for a better game then that ' s not very useful . """,O O O O O O O O O O O O O O O O O O O O O O O O O O O O O O O O O O O O O,O B-BUSINESS-EXECUTIVE-MANAGER O O O O O O O O O O O O O O O O O O O O O O O O O O O O O O O O O O O,[],"[('BUSINESS-EXECUTIVE-MANAGER', 1, 1)]"
2752,smith loses us box office crown new comedy diary of a mad black woman has ended will smith ' s reign at the top of the north american box office .,O O O O O O O O O O O O O O O O B-ACTOR-DIRECTOR I-ACTOR-DIRECTOR O O O O O O O O O O O O O,B-ACTOR-DIRECTOR O O O O O O O O O O O O O O O B-ACTOR-DIRECTOR I-ACTOR-DIRECTOR I-ACTOR-DIRECTOR I-ACTOR-DIRECTOR O O O O O O O O O O O,"[('ACTOR-DIRECTOR', 16, 17)]","[('ACTOR-DIRECTOR', 0, 0), ('ACTOR-DIRECTOR', 16, 19)]"
2753,"based on a play by tyler perry , who also stars as a gun - to ##ting grandmother , the film took $ 22 . 7 ##m ( £1 ##1 . 8 ##m ) in its first three days of release .",O O O O O B-ACTOR-DIRECTOR I-ACTOR-DIRECTOR O O O O O O O O O O O O O O O O O O O O O O O O O O O O O O O O O O O,O O O O O B-ACTOR-DIRECTOR O O O O O O O O O O O O O O O O O O O O O O O O O O O O O O O O O O O O,"[('ACTOR-DIRECTOR', 5, 6)]","[('ACTOR-DIRECTOR', 5, 5)]"
2754,"after topping the chart for two consecutive weeks , smith ' s romantic comedy hitch dropped to second place with taking ##s of $ 21 ##m ( £10 . 9 ##m ) .",O O O O O O O O O O O O O O O O O O O O O O O O O O O O O O O O O,O O O O O O O O O B-ACTOR-DIRECTOR O O O O O O O O O O O O O O O O O O O O O O O,[],"[('ACTOR-DIRECTOR', 9, 9)]"
2757,"two new entries came next in the chart , with wes craven ' s horror movie cursed , about a werewolf loose in los angeles , in fourth position with $ 9 . 5 ##m ( £ ##4 . 9 ##m ) .",O O O O O O O O O O B-ACTOR-DIRECTOR I-ACTOR-DIRECTOR O O O O O O O O O O O O O O O O O O O O O O O O O O O O O O O,O O O O O O O O O O B-ACTOR-DIRECTOR I-ACTOR-DIRECTOR I-ACTOR-DIRECTOR I-ACTOR-DIRECTOR O O O O O O O O O O O O O O O O O O O O O O O O O O O O O,"[('ACTOR-DIRECTOR', 10, 11)]","[('ACTOR-DIRECTOR', 10, 13)]"
2759,"clint eastwood ' s boxing drama million dollar baby - recipient of four academy awards , including best picture - continued to perform well in sixth place with taking ##s of $ 7 . 2 ##m ( £3 . 74 ##m ) .",B-ACTOR-DIRECTOR I-ACTOR-DIRECTOR O O O O O O O O O O O O O O O O O O O O O O O O O O O O O O O O O O O O O O O O O,B-ACTOR-DIRECTOR I-ACTOR-DIRECTOR I-ACTOR-DIRECTOR I-ACTOR-DIRECTOR O O O O O O O O O O O O O O O O O O O O O O O O O O O O O O O O O O O O O O O,"[('ACTOR-DIRECTOR', 0, 1)]","[('ACTOR-DIRECTOR', 0, 3)]"
2760,"martin sc ##ors ##ese ' s hollywood bio ##pic the aviator - which won five oscar ##s , all in minor categories - held on in ninth place .",B-ACTOR-DIRECTOR I-ACTOR-DIRECTOR I-ACTOR-DIRECTOR I-ACTOR-DIRECTOR O O O O O O O O O O O O O O O O O O O O O O O O O,B-ACTOR-DIRECTOR I-ACTOR-DIRECTOR I-ACTOR-DIRECTOR I-ACTOR-DIRECTOR I-ACTOR-DIRECTOR I-ACTOR-DIRECTOR O O O O O O O O O O O O O O O O O O O O O O O,"[('ACTOR-DIRECTOR', 0, 3)]","[('ACTOR-DIRECTOR', 0, 5)]"
2762,"with the help of her grandmother made ##a ( one of three roles played by perry ) , she plots revenge .",O O O O O O O O O O O O O O O O O O O O O O,O O O O O O B-ACTOR-DIRECTOR I-ACTOR-DIRECTOR O O O O O O O B-ACTOR-DIRECTOR O O O O O O,[],"[('ACTOR-DIRECTOR', 6, 7), ('ACTOR-DIRECTOR', 15, 15)]"
2763,"perry , 34 , is one of america ' s best - known black playwright ##s but is a newcomer to film .",O O O O O O O O O O O O O O O O O O O O O O O,B-ACTOR-DIRECTOR O O O O O O O O O O O O O O O O O O O O O O,[],"[('ACTOR-DIRECTOR', 0, 0)]"
2773,"the report was a stinging re ##bu ##ke for the government and especially john prescott ' s department , bbc environment correspondent richard black said .",O O O O O O O O O O O O O B-POLITICIAN I-POLITICIAN O O O O O O O B-AUTHOR-WRITER I-AUTHOR-WRITER O O,O O O O O O O O O O O O O B-PUBLIC-FIGURE I-PUBLIC-FIGURE I-PUBLIC-FIGURE I-PUBLIC-FIGURE O O O O O B-PUBLIC-FIGURE I-PUBLIC-FIGURE O O,"[('POLITICIAN', 13, 14), ('AUTHOR-WRITER', 22, 23)]","[('PUBLIC-FIGURE', 13, 16), ('PUBLIC-FIGURE', 22, 23)]"
2779,- the office of the deputy prime minister should maxim ##ise brown field development and housing den ##sities .,O O O O O O O O O O O O O O O O O O O,O O O O O O O O O B-POLITICIAN I-POLITICIAN I-POLITICIAN O O O O O O O,[],"[('POLITICIAN', 9, 11)]"
2782,"conservative local government spoke ##sw ##oman caroline sp ##elman said : "" there is now growing evidence that john prescott ' s buildings programme is environmentally un ##sus ##tain ##able , leaving a concrete scar across the face of rural england . """,O O O O O O B-POLITICIAN I-POLITICIAN I-POLITICIAN O O O O O O O O O B-POLITICIAN I-POLITICIAN O O O O O O O O O O O O O O O O O O O O O O O,O O O O O O B-POLITICIAN I-POLITICIAN I-POLITICIAN O O O O O O O O O B-POLITICIAN I-POLITICIAN I-POLITICIAN I-POLITICIAN O O O O O O O O O O O O O O O O O O O O O,"[('POLITICIAN', 6, 8), ('POLITICIAN', 18, 19)]","[('POLITICIAN', 6, 8), ('POLITICIAN', 18, 21)]"
2783,"hari ##ri killing hits beirut shares shares in solid ##ere , the lebanese company founded by assassinated former prime minister raf ##ik hari ##ri , fell 15 % in renewed trading in beirut .",O O O O O O O O O O O O O O O O O O O O B-POLITICIAN I-POLITICIAN I-POLITICIAN I-POLITICIAN O O O O O O O O O O,B-BUSINESS-EXECUTIVE-MANAGER I-BUSINESS-EXECUTIVE-MANAGER O O O O O O O O O O O O O O O O O O B-POLITICIAN I-POLITICIAN I-POLITICIAN I-POLITICIAN O O O O O O O O O O,"[('POLITICIAN', 20, 23)]","[('BUSINESS-EXECUTIVE-MANAGER', 0, 1), ('POLITICIAN', 20, 23)]"
2785,"traders said there was some panic selling during friday ' s session , the first since a three - day market closure to mo ##urn the death of mr hari ##ri .",O O O O O O O O O O O O O O O O O O O O O O O O O O O O O O O O,O O O O O O O O O O O O O O O O O O O O O O O O O O O O O B-PUBLIC-FIGURE I-PUBLIC-FIGURE O,[],"[('PUBLIC-FIGURE', 29, 30)]"
2787,"solid ##ere , in which mr hari ##ri was a major shareholder , was the major drag on the index .",O O O O O O O O O O O O O O O O O O O O O,O O O O O O B-BUSINESS-EXECUTIVE-MANAGER I-BUSINESS-EXECUTIVE-MANAGER O O O O O O O O O O O O O,[],"[('BUSINESS-EXECUTIVE-MANAGER', 6, 7)]"
2792,critics had accused mr hari ##ri of using lebanon ' s post - war reconstruction drive for his personal financial gain .,O O O O O O O O O O O O O O O O O O O O O O,O O O O B-POLITICIAN I-POLITICIAN O O O O O O O O O O O O O O O O,[],"[('POLITICIAN', 4, 5)]"
2795,film row over pirates ' can ##ni ##bal ##s ' plans to portray dominic ##a ' s car ##ib indians as can ##ni ##bal ##s in the sequel to hit film pirates of the caribbean have been criticised by the group ' s chief .,O O O O O O O O O O O O O O O O O O O O O O O O O O O O O O O O O O O O O O O O O O O O O,O O O O O B-ACTOR-DIRECTOR O O O O O O O B-ACTOR-DIRECTOR I-ACTOR-DIRECTOR O O O O O O O O O O O O O O O O O O O O O O O O O O O O O O,[],"[('ACTOR-DIRECTOR', 5, 5), ('ACTOR-DIRECTOR', 13, 14)]"
2796,"car ##ib chief charles williams said talks with disney ' s producers revealed there was "" a strong element of can ##ni ##bal ##ism in the script which cannot be removed "" .",O O O B-PUBLIC-FIGURE I-PUBLIC-FIGURE O O O O O O O O O O O O O O O O O O O O O O O O O O O O,O O O B-BUSINESS-EXECUTIVE-MANAGER I-BUSINESS-EXECUTIVE-MANAGER O O O O O O O O O O O O O O O O O O O O O O O O O O O O,"[('PUBLIC-FIGURE', 3, 4)]","[('BUSINESS-EXECUTIVE-MANAGER', 3, 4)]"
2799,"disney was unavailable for comment . """,O O O O O O O,B-ACTOR-DIRECTOR O O O O O O,[],"[('ACTOR-DIRECTOR', 0, 0)]"
2800,"our ancestors stood up against early european conqueror ##s and because they stood up . . . we were labelled savage ##s and can ##ni ##bal ##s up to today , "" said mr williams .",O O O O O O O O O O O O O O O O O O O O O O O O O O O O O O O O O O O O,O O O O O O O O O O O O O O O O O O O O O O O O O O O O O O O O O O B-PUBLIC-FIGURE O,[],"[('PUBLIC-FIGURE', 34, 34)]"
2805,mr williams said he had received support from indigenous groups around the world in his efforts to have can ##ni ##bal ##ism references removed from the film .,O O O O O O O O O O O O O O O O O O O O O O O O O O O O,O B-PUBLIC-FIGURE O O O O O O O O O O O O O O O O O O O O O O O O O O,[],"[('PUBLIC-FIGURE', 1, 1)]"
2811,austin ai ##t ##ken is taking action against nbc over its programme fear factor .,B-PUBLIC-FIGURE I-PUBLIC-FIGURE I-PUBLIC-FIGURE I-PUBLIC-FIGURE O O O O O O O O O O O,B-ACTOR-DIRECTOR I-ACTOR-DIRECTOR I-ACTOR-DIRECTOR I-ACTOR-DIRECTOR O O O O O O O O O O O,"[('PUBLIC-FIGURE', 0, 3)]","[('ACTOR-DIRECTOR', 0, 3)]"
2815,"mr ai ##t ##ken , who lives in cleveland , said that after becoming light - headed , he ran towards the bedroom and knocked his head in a doorway .",O O O O O O O O O O O O O O O O O O O O O O O O O O O O O O O,O B-PUBLIC-FIGURE I-PUBLIC-FIGURE I-PUBLIC-FIGURE O O O O O O O O O O O O O O O O O O O O O O O O O O O,[],"[('PUBLIC-FIGURE', 1, 3)]"
2819,"ki ##lr ##oy un ##ve ##ils immigration policy ex - chat ##sho ##w host robert ki ##lr ##oy - silk has attacked uk policy on immigration saying britain ' s open door approach is hitting low wage "" indigenous "" workers .",O O O O O O O O O O O O O O B-POLITICIAN I-POLITICIAN I-POLITICIAN I-POLITICIAN I-POLITICIAN I-POLITICIAN O O O O O O O O O O O O O O O O O O O O O O,B-POLITICIAN I-POLITICIAN I-POLITICIAN O O O O O O O O O O O B-POLITICIAN I-POLITICIAN I-POLITICIAN I-POLITICIAN I-POLITICIAN I-POLITICIAN O O O O O O O O O O O O O O O O O O O O O O,"[('POLITICIAN', 14, 19)]","[('POLITICIAN', 0, 2), ('POLITICIAN', 14, 19)]"
2823,"mr ki ##lr ##oy - silk said that worked out at £1 ##43 , 000 per successful asylum seeker .",O O O O O O O O O O O O O O O O O O O O,O B-POLITICIAN I-POLITICIAN I-POLITICIAN I-POLITICIAN I-POLITICIAN O O O O O O O O O O O O O O,[],"[('POLITICIAN', 1, 5)]"
2824,he said ve ##rita ##s wanted to grant an amnesty for all those in britain claiming asylum and who have children and de ##port everyone else .,O O O O O O O O O O O O O O O O O O O O O O O O O O O,O O B-POLITICIAN I-POLITICIAN I-POLITICIAN O O O O O O O O O O O O O O O O O O O O O O,[],"[('POLITICIAN', 2, 4)]"
2826,and mr ki ##lr ##oy - silk said he wanted to spend an extra £5 ##00 ##m a year to help provide for refugees abroad .,O O O O O O O O O O O O O O O O O O O O O O O O O O,O O B-POLITICIAN I-POLITICIAN I-POLITICIAN I-POLITICIAN I-POLITICIAN O O O O O O O O O O O O O O O O O O O,[],"[('POLITICIAN', 2, 6)]"
2827,elton plays paris charity concert sir elton john has performed at a special concert in paris to raise money for the victims of the asian tsunami .,O O O O O B-MUSICIAN I-MUSICIAN I-MUSICIAN O O O O O O O O O O O O O O O O O O O,B-MUSICIAN O O O O O B-MUSICIAN I-MUSICIAN O O O O O O O O O O O O O O O O O O O,"[('MUSICIAN', 5, 7)]","[('MUSICIAN', 0, 0), ('MUSICIAN', 6, 7)]"
2831,sir elton played hits from his vast back catalogue to a sell - out crowd which included former french president vale ##ry gi ##sca ##rd d ' est ##ain ##g and his wife anne - a ##ym ##one .,O O O O O O O O O O O O O O O O O O O O B-POLITICIAN I-POLITICIAN I-POLITICIAN I-POLITICIAN I-POLITICIAN I-POLITICIAN I-POLITICIAN I-POLITICIAN I-POLITICIAN I-POLITICIAN O O O B-PUBLIC-FIGURE I-PUBLIC-FIGURE I-PUBLIC-FIGURE I-PUBLIC-FIGURE I-PUBLIC-FIGURE O,O B-MUSICIAN O O O O O O O O O O O O O O O O O O B-POLITICIAN I-POLITICIAN I-POLITICIAN I-POLITICIAN I-POLITICIAN I-POLITICIAN I-POLITICIAN I-POLITICIAN I-POLITICIAN I-POLITICIAN O O O B-PUBLIC-FIGURE I-PUBLIC-FIGURE I-PUBLIC-FIGURE I-PUBLIC-FIGURE I-PUBLIC-FIGURE O,"[('POLITICIAN', 20, 29), ('PUBLIC-FIGURE', 33, 37)]","[('MUSICIAN', 1, 1), ('POLITICIAN', 20, 29), ('PUBLIC-FIGURE', 33, 37)]"
2837,"the crowd , who greeted each song with a standing o ##vation , also included french singer charles az ##na ##vo ##ur and british ambassador sir john holmes .",O O O O O O O O O O O O O O O O O B-MUSICIAN I-MUSICIAN I-MUSICIAN I-MUSICIAN I-MUSICIAN O O O B-POLITICIAN I-POLITICIAN I-POLITICIAN O,O O O O O O O O O O O O O O O O O B-MUSICIAN I-MUSICIAN I-MUSICIAN I-MUSICIAN I-MUSICIAN O O O O B-PUBLIC-FIGURE I-PUBLIC-FIGURE O,"[('MUSICIAN', 17, 21), ('POLITICIAN', 25, 27)]","[('MUSICIAN', 17, 21), ('PUBLIC-FIGURE', 26, 27)]"
2838,sir elton has also teamed up with phil collins to record a version of eric clapton ' s 1991 hit tears in heaven to raise money for the relief fund .,O O O O O O O B-MUSICIAN I-MUSICIAN O O O O O B-MUSICIAN I-MUSICIAN O O O O O O O O O O O O O O O,O B-MUSICIAN O O O O O B-MUSICIAN I-MUSICIAN O O O O O B-MUSICIAN I-MUSICIAN I-MUSICIAN I-MUSICIAN O O O O O O O O O O O O O,"[('MUSICIAN', 7, 8), ('MUSICIAN', 14, 15)]","[('MUSICIAN', 1, 1), ('MUSICIAN', 7, 8), ('MUSICIAN', 14, 17)]"
2840,g ##7 backs africa debt relief plan g ##7 finance ministers have backed plans to write off up to 100 % of the debts of some of the world ' s poor ##est countries .,O O O O O O O O O O O O O O O O O O O O O O O O O O O O O O O O O O O,B-POLITICIAN O O O O O O O O O O O O O O O O O O O O O O O O O O O O O O O O O O,[],"[('POLITICIAN', 0, 0)]"
2843,but the us says it cannot support mr brown ' s international finance facility to boost aid to developing countries .,O O O O O O O O O O O O O O O O O O O O O,O O O O O O O O B-POLITICIAN O O O O O O O O O O O O,[],"[('POLITICIAN', 8, 8)]"
2845,"mr brown said it was a major breakthrough for the international organisations to offer up to 100 % multi ##lateral debt relief - "" the vast bulk "" of money owed by the poor ##est countries .",O O O O O O O O O O O O O O O O O O O O O O O O O O O O O O O O O O O O O,O B-POLITICIAN O O O O O O O O O O O O O O O O O O O O O O O O O O O O O O O O O O O,[],"[('POLITICIAN', 1, 1)]"
2849,"bbc correspondent patrick bartlett said while it was an agreement in principle , the organisations involved now have to look at how it would work in practice .",O O B-AUTHOR-WRITER I-AUTHOR-WRITER O O O O O O O O O O O O O O O O O O O O O O O O,O O B-PUBLIC-FIGURE I-PUBLIC-FIGURE O O O O O O O O O O O O O O O O O O O O O O O O,"[('AUTHOR-WRITER', 2, 3)]","[('PUBLIC-FIGURE', 2, 3)]"
2856,mr brown said g ##7 ministers had agreed to def ##er debt interest payments and repay ##ments for some countries affected by the tsunami until the end of 2005 .,O O O O O O O O O O O O O O O O O O O O O O O O O O O O O O,O B-POLITICIAN O O O O O O O O O O O O O O O O O O O O O O O O O O O O,[],"[('POLITICIAN', 1, 1)]"
2858,"mr brown wanted to provide $ 10 ##bn ( £5 . 38 ##bn ) a year over a decade , using g ##7 backing so the money could be borrowed up front on financial markets .",O O O O O O O O O O O O O O O O O O O O O O O O O O O O O O O O O O O O,O B-POLITICIAN O O O O O O O O O O O O O O O O O O O O O O O O O O O O O O O O O O,[],"[('POLITICIAN', 1, 1)]"
2860,"mr brown said it was "" winning support every day "" and said a programme had been agreed to draw up more details in time for the g ##8 summit in july .",O O O O O O O O O O O O O O O O O O O O O O O O O O O O O O O O O,O B-POLITICIAN O O O O O O O O O O O O O O O O O O O O O O O O O O O O O O O,[],"[('POLITICIAN', 1, 1)]"
2870,"at a dinner on friday night , former south african president nelson mandela backed mr brown ' s plan when he urged the finance chiefs to write - off african debt and provide an extra $ 50 ##bn ( £2 ##6 . 69 ##bn ) a year in aid for the next decade .",O O O O O O O O O O O B-POLITICIAN I-POLITICIAN O O O O O O O O O O O O O O O O O O O O O O O O O O O O O O O O O O O O O O O O O,O O O O O O O O O O O B-POLITICIAN I-POLITICIAN O O B-POLITICIAN O O O O O O O O O O O O O O O O O O O O O O O O O O O O O O O O O O O O O O,"[('POLITICIAN', 11, 12)]","[('POLITICIAN', 11, 12), ('POLITICIAN', 15, 15)]"
2880,"the all new top of the pops was fronted by newcomer tim ka ##sh and was put together by producer and ##i peters , who was brought back to the bbc from channel 4 to rev ##ital ##ise the series .",O O O O O O O O O O O B-ACTOR-DIRECTOR I-ACTOR-DIRECTOR I-ACTOR-DIRECTOR O O O O O O B-BUSINESS-EXECUTIVE-MANAGER I-BUSINESS-EXECUTIVE-MANAGER I-BUSINESS-EXECUTIVE-MANAGER O O O O O O O O O O O O O O O O O O,O O O O O O O O O O O B-MUSICIAN I-MUSICIAN I-MUSICIAN O O O O O O B-PUBLIC-FIGURE I-PUBLIC-FIGURE I-PUBLIC-FIGURE O O O O O O O O O O O O O O O O O O,"[('ACTOR-DIRECTOR', 11, 13), ('BUSINESS-EXECUTIVE-MANAGER', 20, 22)]","[('MUSICIAN', 11, 13), ('PUBLIC-FIGURE', 20, 22)]"
2883,tim ka ##sh has since been replaced as host by fear ##ne cotton .,B-ACTOR-DIRECTOR I-ACTOR-DIRECTOR I-ACTOR-DIRECTOR O O O O O O O B-ACTOR-DIRECTOR I-ACTOR-DIRECTOR I-ACTOR-DIRECTOR O,B-PUBLIC-FIGURE I-PUBLIC-FIGURE I-PUBLIC-FIGURE O O O O O O O B-PUBLIC-FIGURE I-PUBLIC-FIGURE I-PUBLIC-FIGURE O,"[('ACTOR-DIRECTOR', 0, 2), ('ACTOR-DIRECTOR', 10, 12)]","[('PUBLIC-FIGURE', 0, 2), ('PUBLIC-FIGURE', 10, 12)]"
2885,"bbc two controller ro ##ly keating : "" it ' s an exciting new era for top of the pops .",O O O B-BUSINESS-EXECUTIVE-MANAGER I-BUSINESS-EXECUTIVE-MANAGER I-BUSINESS-EXECUTIVE-MANAGER O O O O O O O O O O O O O O O,O O O B-PUBLIC-FIGURE I-PUBLIC-FIGURE I-PUBLIC-FIGURE O O O O O O O O O O O O O O O,"[('BUSINESS-EXECUTIVE-MANAGER', 3, 5)]","[('PUBLIC-FIGURE', 3, 5)]"
2887,"mr keating described bbc two as the "" natural home "" of top of the pops .",O O O O O O O O O O O O O O O O O,O B-POLITICIAN O O O O O O O O O O O O O O O,[],"[('POLITICIAN', 1, 1)]"
2889,a bbc spoke ##sw ##oman said and ##i peters would continue as executive producer on the show .,O O O O O O B-BUSINESS-EXECUTIVE-MANAGER I-BUSINESS-EXECUTIVE-MANAGER I-BUSINESS-EXECUTIVE-MANAGER O O O O O O O O O,O O O O O O B-PUBLIC-FIGURE I-PUBLIC-FIGURE I-PUBLIC-FIGURE O O O O O O O O O,"[('BUSINESS-EXECUTIVE-MANAGER', 6, 8)]","[('PUBLIC-FIGURE', 6, 8)]"
2894,finn ##an says irish can win group steve finn ##an believes the republic of ireland can qualify directly for the world cup finals .,O O O O O O O B-ATHLETE I-ATHLETE I-ATHLETE O O O O O O O O O O O O O O,B-ATHLETE I-ATHLETE O O O O O B-ATHLETE I-ATHLETE I-ATHLETE O O O O O O O O O O O O O O,"[('ATHLETE', 7, 9)]","[('ATHLETE', 0, 1), ('ATHLETE', 7, 9)]"
2895,"after saturday ' s superb display in the draw in paris , ireland face min ##now ##s the far ##oe islands in dublin on wednesday .",O O O O O O O O O O O O O O O O O O O O O O O O O O,O O O O O O O O O O O O O O O B-ATHLETE I-ATHLETE O O O O O O O O O,[],"[('ATHLETE', 15, 16)]"
2896,"the versatile finn ##an , who starred against the french , is confident the group is ireland ' s for the taking . """,O O O O O O O O O O O O O O O O O O O O O O O O,O O B-ATHLETE I-ATHLETE O O O O O O O O O O O O O O O O O O O O,[],"[('ATHLETE', 2, 3)]"
2905,manager brian kerr was keen to mention the contribution of stephen carr and finn ##an on ireland ' s right flank at the stade de france .,O B-ATHLETE I-ATHLETE O O O O O O O B-ATHLETE I-ATHLETE O O O O O O O O O O O O O O O,O B-ATHLETE I-ATHLETE O O O O O O O B-ATHLETE I-ATHLETE O B-ATHLETE I-ATHLETE O O O O O O O O O O O O,"[('ATHLETE', 1, 2), ('ATHLETE', 10, 11)]","[('ATHLETE', 1, 2), ('ATHLETE', 10, 11), ('ATHLETE', 13, 14)]"
2906,"finn ##an ' s normal position is right - back but he looked assured in a more advanced position against the french . """,O O O O O O O O O O O O O O O O O O O O O O O O,B-ATHLETE I-ATHLETE O O O O O O O O O O O O O O O O O O O O O O,[],"[('ATHLETE', 0, 1)]"
2907,"as i play on the right for my club and being a natural right - back , it was something he ( kerr ) looked at because france play strongly down the left - hand side . """,O O O O O O O O O O O O O O O O O O O O O O O O O O O O O O O O O O O O O O,O O O O O O O O O O O O O O O O O O O O O O B-ATHLETE O O O O O O O O O O O O O O O,[],"[('ATHLETE', 22, 22)]"
2923,"we ' ll be looking for people whose right to marry is breached and we ' ll be looking at taking a case on this to the human rights court , "" ms bey ##non said .",O O O O O O O O O O O O O O O O O O O O O O O O O O O O O O O O O O O O O,O O O O O O O O O O O O O O O O O O O O O O O O O O O O O O O O O B-PUBLIC-FIGURE I-PUBLIC-FIGURE O O,[],"[('PUBLIC-FIGURE', 33, 34)]"
2934,"certainly those who are illegal ##s in this country , of which we had quite a few , will no longer be getting married , "" mr rim ##mer said .",O O O O O O O O O O O O O O O O O O O O O O O O O O O O O O O,O O O O O O O O O O O O O O O O O O O O O O O O O O O B-PUBLIC-FIGURE B-BUSINESS-EXECUTIVE-MANAGER O O,[],"[('PUBLIC-FIGURE', 27, 27), ('BUSINESS-EXECUTIVE-MANAGER', 28, 28)]"
2935,"mr rim ##mer , the service director for registration ##s of marriages at brent council in north - west london , said he did not consider the new law to be an infringement of civil liberties . """,O O O O O O O O O O O O O O O O O O O O O O O O O O O O O O O O O O O O O O,O B-BUSINESS-EXECUTIVE-MANAGER I-BUSINESS-EXECUTIVE-MANAGER O O O O O O O O O O O O O O O O O O O O O O O O O O O O O O O O O O O,[],"[('BUSINESS-EXECUTIVE-MANAGER', 1, 2)]"
2937,"i think it ' s a proportion ##ate response by government to what was a very large problem , "" mr rim ##mer said .",O O O O O O O O O O O O O O O O O O O O O O O O O,O O O O O O O O O O O O O O O O O O O O O B-BUSINESS-EXECUTIVE-MANAGER I-BUSINESS-EXECUTIVE-MANAGER O O,[],"[('BUSINESS-EXECUTIVE-MANAGER', 21, 22)]"
2938,dogg ##ed federer claims dubai crown world number one roger federer added the dubai championship trophy to his long list of successes - but not before he was given a test by ivan l ##ju ##bic ##ic .,O O O O O O O O O B-ATHLETE I-ATHLETE O O O O O O O O O O O O O O O O O O O O O B-ATHLETE I-ATHLETE I-ATHLETE I-ATHLETE I-ATHLETE O,O O B-ATHLETE O O O O O O B-ATHLETE I-ATHLETE O O O O O O O O O O O O O O O O O O O O O B-ATHLETE I-ATHLETE I-ATHLETE I-ATHLETE I-ATHLETE O,"[('ATHLETE', 9, 10), ('ATHLETE', 32, 36)]","[('ATHLETE', 2, 2), ('ATHLETE', 9, 10), ('ATHLETE', 32, 36)]"
2939,top seed federer looked to be on course for a easy victory when he thumped the eighth seed 6 - 1 in the first set .,O O O O O O O O O O O O O O O O O O O O O O O O O O,O O B-ATHLETE O O O O O O O O O O O O O O O O O O O O O O O,[],"[('ATHLETE', 2, 2)]"
2940,"but l ##ju ##bic ##ic , who beat tim hen ##man in the last eight , dug deep to secure the second set after a tense tie ##break .",O O O O O O O O B-ATHLETE I-ATHLETE I-ATHLETE O O O O O O O O O O O O O O O O O O,O B-ATHLETE I-ATHLETE I-ATHLETE I-ATHLETE O O O B-ATHLETE I-ATHLETE I-ATHLETE O O O O O O O O O O O O O O O O O O,"[('ATHLETE', 8, 10)]","[('ATHLETE', 1, 4), ('ATHLETE', 8, 10)]"
2941,"swiss star federer was not about to lose his cool , though , turning on the style to win the deciding set 6 - 3 .",O O O O O O O O O O O O O O O O O O O O O O O O O O,O O B-ATHLETE O O O O O O O O O O O O O O O O O O O O O O O,[],"[('ATHLETE', 2, 2)]"
2942,"the match was a re - run of last week ' s final at the world indoor tournament in rotterdam , where federer triumph ##ed , but not until l ##ju ##bic ##ic had stretched him all the way . """,O O O O O O O O O O O O O O O O O O O O O O O O O O O O O O O O O O O O O O O O O,O O O O O O O O O O O O O O O O O O O O O O B-ATHLETE O O O O O O B-ATHLETE I-ATHLETE I-ATHLETE I-ATHLETE O O O O O O O O,[],"[('ATHLETE', 22, 22), ('ATHLETE', 29, 32)]"
2943,"i really wanted to get off to a good start this time , and i did , and i could really play with confidence while he still looking for his rhythm , "" federer said .",O O O O O O O O O O O O O O O O O O O O O O O O O O O O O O O O O O O O,O O O O O O O O O O O O O O O O O O O O O O O O O O O O O O O O O B-ATHLETE O O,[],"[('ATHLETE', 33, 33)]"
2946,"l ##ju ##bic ##ic was at a loss to explain his poor showing in the first set . """,O O O O O O O O O O O O O O O O O O O,B-ATHLETE I-ATHLETE I-ATHLETE I-ATHLETE O O O O O O O O O O O O O O O,[],"[('ATHLETE', 0, 3)]"
2948,"and with roger , if you relax for a second it just goes very quick , "" he said . """,O O O O O O O O O O O O O O O O O O O O O,O O B-ATHLETE O O O O O O O O O O O O O O O O O O,[],"[('ATHLETE', 2, 2)]"
2953,"i had a chance in the third , and for me it ' s really positive to twice in two weeks have a chance against roger to win the match . """,O O O O O O O O O O O O O O O O O O O O O O O O O O O O O O O O,O O O O O O O O O O O O O O O O O O O O O O O O O B-ATHLETE O O O O O O,[],"[('ATHLETE', 25, 25)]"
2955,cap ##ria ##ti out of australian open jennifer cap ##ria ##ti has become the third leading lady to withdraw from the australian open because of injury .,O O O O O O O B-ATHLETE I-ATHLETE I-ATHLETE I-ATHLETE O O O O O O O O O O O O O O O O,B-ATHLETE I-ATHLETE I-ATHLETE O O O O B-ATHLETE I-ATHLETE I-ATHLETE I-ATHLETE O O O O O O O O O O O O O O O O,"[('ATHLETE', 7, 10)]","[('ATHLETE', 0, 2), ('ATHLETE', 7, 10)]"
2958,cap ##ria ##ti is a two - time champion in melbourne with wins in 2001 and 2002 .,O O O O O O O O O O O O O O O O O O,B-ATHLETE I-ATHLETE I-ATHLETE O O O O O O O O O O O O O O O,[],"[('ATHLETE', 0, 2)]"
2960,"cap ##ria ##ti also decided against competing in the australian open warm - up event , the sydney international .",O O O O O O O O O O O O O O O O O O O O,B-ATHLETE I-ATHLETE I-ATHLETE O O O O O O O O O O O O O O O O O,[],"[('ATHLETE', 0, 2)]"
2969,"mr dodd said he did not believe there would be any repeat of the trouble which marred the pro - hunt demonstration outside parliament in september . """,O O O O O O O O O O O O O O O O O O O O O O O O O O O O,O B-POLITICIAN O O O O O O O O O O O O O O O O O O O O O O O O O O,[],"[('POLITICIAN', 1, 1)]"
3004,"the laser links also take far less time to set up and get working , said mr sri ##dhar ##an . """,O O O O O O O O O O O O O O O O O O O O O O,O O O O O O O O O O O O O O O O O B-PUBLIC-FIGURE I-PUBLIC-FIGURE I-PUBLIC-FIGURE O O,[],"[('PUBLIC-FIGURE', 17, 19)]"
3010,"speed is very important because of the pace of competition , "" said mr sri ##dhar ##an .",O O O O O O O O O O O O O O O O O O,O O O O O O O O O O O O O O B-PUBLIC-FIGURE I-PUBLIC-FIGURE O O,[],"[('PUBLIC-FIGURE', 14, 15)]"
3011,holmes starts 2005 with gb events kelly holmes will start 2005 with a series of races in britain .,O O O O O O B-ATHLETE I-ATHLETE O O O O O O O O O O O,B-ATHLETE O O O O O B-ATHLETE I-ATHLETE O O O O O O O O O O O,"[('ATHLETE', 6, 7)]","[('ATHLETE', 0, 0), ('ATHLETE', 6, 7)]"
3012,holmes will make her first track appearance on home soil since winning double olympic gold in january ' s norwich union international in glasgow .,O O O O O O O O O O O O O O O O O O O O O O O O O,B-ATHLETE O O O O O O O O O O O O O O O O O O O O O O O O,[],"[('ATHLETE', 0, 0)]"
3017,"the glasgow meeting will see holmes compete over 1500 ##m in a five - way match against sweden , france , russia and italy .",O O O O O O O O O O O O O O O O O O O O O O O O O,O O O O O B-ATHLETE O O O O O O O O O O O O O O O O O O O,[],"[('ATHLETE', 5, 5)]"
3027,"a labour party spokesman said the election date was ultimately a matter for mr blair , but he was unaware of anything to suggest it would be in february .",O O O O O O O O O O O O O O O O O O O O O O O O O O O O O O,O O O O O O O O O O O O O O B-POLITICIAN O O O O O O O O O O O O O O O,[],"[('POLITICIAN', 14, 14)]"
