index,sentence,true_tags,predicted_tags
0,ĠOut K ast Ġwin Ġat ĠMTV ĠEurope ĠAwards Ċ Ċ US Ġhip - hop Ġduo ĠOut K ast Ġhave Ġcapped Ġa Ġyear Ġof Ġaward Ġglory Ġwith Ġthree Ġprizes Ġat Ġthe ĠMTV ĠEurope ĠMusic ĠAwards Ġin ĠRome .,O O O O O O O O O O O O O O O O O O O O O O O O O O O O O O O O O O O O O,O O O O O O O O O O O O O O O O O O O O O O O O O O O O O O O O O O O O O
1,"Ġ Ċ Ċ They Ġwon Ġbest Ġgroup , Ġbest Ġvideo Ġand Ġbest Ġsong Ġfor Ġhit ĠHey ĠYa !",O O O O O O O O O O O O O O O O O O,O O O O O O O O O O O O O O O O O O
2,Ġafter Ġgetting Ġfive Ġnominations .,O O O O O,O O O O O
3,"ĠR & B Ġsinger ĠUs her Ġwon Ġbest Ġmale Ġand Ġbest Ġalbum Ġfor ĠConf essions , Ġwhile ĠUK Ġrock Ġband ĠMuse Ġwere Ġnamed Ġbest Ġalternative Ġact Ġand Ġbest ĠBritish Ġartists .",O O O O B-MUSICIAN I-MUSICIAN O O O O O O O O O O O O O O O O O O O O O O O O O,O O O O B-MUSICIAN I-MUSICIAN O O O O O O O O O O O O O O O O O O O O O O O O O
4,ĠOut K ast Ġwill Ġadd Ġtheir Ġawards Ġto Ġthe Ġfour Ġthey Ġwon Ġat Ġthe ĠUS ĠMTV ĠAwards Ġin ĠAugust Ġand Ġthree ĠGram mys Ġin ĠFebruary .,O O O O O O O O O O O O O O O O O O O O O O O O O O,O O O O O O O O O O O O O O O O O O O O O O O O O O
5,ĠNot Ġonly Ġwas ĠHey ĠYa !,O O O O O O,O O O O B-MUSICIAN O
6,"Ġone Ġof Ġthe Ġbiggest Ġglobal Ġhits Ġof Ġlast Ġyear , Ġbut ĠOut K ast Ġhave Ġbeen Ġwidely Ġacclaimed Ġas Ġone Ġof Ġthe Ġmost Ġexciting Ġand Ġinnovative Ġacts Ġin Ġmusic .",O O O O O O O O O O O O O O O O O O O O O O O O O O O O O O,O O O O O O O O O O O O O O O O O O O O O O O O O O O O O O
7,"ĠTheir Ġdouble ĠCD Ġalbum ĠSpeaker box xx / The ĠLove ĠBelow , Ġwhich Ġsaw ĠAndre Ġ3000 Ġand ĠBig ĠBo i Ġeach Ġproduce Ġone Ġdisc , Ġwas Ġhailed Ġas Ġthe Ġalbum Ġof Ġ2003 Ġby Ġmany Ġcritics .",O O O O O O O O O O O O O O B-MUSICIAN I-MUSICIAN O B-MUSICIAN I-MUSICIAN I-MUSICIAN O O O O O O O O O O O O O O O O,O O O O O O O O O O O O O O B-MUSICIAN I-MUSICIAN O B-MUSICIAN I-MUSICIAN I-MUSICIAN O O O O O O O O O O O O O O O O
8,"Ġ Ċ Ċ Andre Ġ3000 Ġthanked Ġfans Ġ"" for Ġsupporting ĠOut K ast Ġthroughout Ġthe Ġyears "". Ġ""",O O O B-MUSICIAN I-MUSICIAN O O O O O O O O O O O O O,O O O B-MUSICIAN I-MUSICIAN O O O O O O O O O O O O O
9,"ĠWe Ġreally Ġappreciate Ġit ,"" Ġhe Ġsaid . Ġ""",O O O O O O O O O,O O O O O O O O O
10,"ĠI Ġhope Ġyou Ġdon 't Ġget Ġtired Ġof Ġus , Ġbut Ġwe Ġonly Ġdo Ġwhat Ġwe Ġdo .""",O O O O O O O O O O O O O O O O O O,O O O O O O O O O O O O O O O O O O
11,"ĠAlso Ġcompeting Ġfor Ġbest Ġgroup Ġhad Ġbeen Ġthe ĠBeast ie ĠBoys , Ġthe ĠBlack ĠEy ed ĠPe as , ĠD 12 Ġand ĠMar oon Ġ5 .",O O O O O O O O O O O O O O O O O O O O O O O O O O,O O O O O O O O O O O O O O O O O O O O O O B-MUSICIAN I-MUSICIAN O O
12,"ĠAnd ĠAn ast acia , ĠBrit ney ĠSpears , ĠMar oon Ġ5 Ġand ĠLud ac ris Ġhad Ġbeen Ġon Ġthe Ġshort list Ġfor Ġbest Ġsong .",O B-MUSICIAN I-MUSICIAN I-MUSICIAN O B-MUSICIAN I-MUSICIAN I-MUSICIAN O O O O O B-MUSICIAN I-MUSICIAN I-MUSICIAN O O O O O O O O O O,O B-MUSICIAN I-MUSICIAN I-MUSICIAN O B-MUSICIAN I-MUSICIAN I-MUSICIAN O B-MUSICIAN I-MUSICIAN O O B-MUSICIAN I-MUSICIAN I-MUSICIAN O O O O O O O O O O
13,"Ġ Ċ Ċ Out K ast Ġdid Ġlose Ġout Ġin Ġthe Ġcontest Ġfor Ġbest Ġalbum Ġ- Ġwhich Ġwas Ġwon Ġby ĠUs her , Ġanother Ġaward Ġfavourite .",O O O O O O O O O O O O O O O O O O O O B-MUSICIAN I-MUSICIAN O O O O O,O O O O O O O O O O O O O O O O O O O O B-MUSICIAN I-MUSICIAN O O O O O
14,"ĠUs her , Ġwho Ġperformed Ġa Ġdu et Ġwith ĠAlicia ĠKeys , Ġalso Ġbeat Ġoff Ġcompetition Ġfrom ĠJustin ĠTimber lake , ĠJay - Z , ĠN elly Ġand ĠRobbie ĠWilliams Ġto Ġtake Ġthe Ġbest Ġmale Ġcrown .",B-MUSICIAN I-MUSICIAN O O O O O O O B-MUSICIAN I-MUSICIAN O O O O O O B-MUSICIAN I-MUSICIAN I-MUSICIAN O B-MUSICIAN I-MUSICIAN I-MUSICIAN O B-MUSICIAN I-MUSICIAN O B-MUSICIAN I-MUSICIAN O O O O O O O,B-MUSICIAN I-MUSICIAN O O O O O O O B-MUSICIAN I-MUSICIAN O O O O O O B-MUSICIAN I-MUSICIAN I-MUSICIAN O B-MUSICIAN I-MUSICIAN I-MUSICIAN O B-MUSICIAN I-MUSICIAN O B-MUSICIAN I-MUSICIAN O O O O O O O
15,"ĠHe Ġhad Ġfour Ġnominations Ġgoing Ġinto Ġthe Ġceremony , Ġwith Ġseven Ġartists Ġnominated Ġin Ġthree Ġcategories .",O O O O O O O O O O O O O O O O O,O O O O O O O O O O O O O O O O O
16,"Ġ Ċ Ċ E min em 's Ġgroup , ĠD 12 , Ġwere Ġsurprise Ġwinners Ġin Ġthe Ġbest Ġhip - hop Ġcategory , Ġbeating Ġthe ĠBeast ie ĠBoys , ĠJay - Z , ĠKanye ĠWest Ġand ĠN elly .",O O O B-MUSICIAN I-MUSICIAN I-MUSICIAN O O O O O O O O O O O O O O O O O O O O O O O B-MUSICIAN I-MUSICIAN I-MUSICIAN O B-MUSICIAN I-MUSICIAN O B-MUSICIAN I-MUSICIAN O,O O O O O O O O O O O O O O O O O O O O O O O O O B-MUSICIAN I-MUSICIAN I-MUSICIAN O B-MUSICIAN I-MUSICIAN I-MUSICIAN O B-MUSICIAN I-MUSICIAN O B-MUSICIAN I-MUSICIAN O
17,"ĠEminem Ġtold Ġthe Ġcrowd : Ġ"" D 12 Ġfinally Ġwon Ġan Ġaward , Ġthank Ġyou Ġvery Ġmuch .""",B-MUSICIAN O O O O O O O O O O O O O O O O O,B-MUSICIAN O O O O O O O O O O O O O O O O O
18,"ĠThe Ġrapper Ġopened Ġthe Ġshow Ġwith Ġa Ġperformance Ġof Ġhis Ġsongs ĠLike ĠToy ĠSoldiers Ġand ĠJust ĠLose ĠIt , Ġfor Ġwhich Ġhe Ġwas Ġjoined Ġon Ġstage Ġby Ġa Ġcrowd Ġof Ġchildren .",O O O O O O O O O O O O O O O O O O O O O O O O O O O O O O O O,O O O O O O O O O O O O O O O O O O O O O O O O O O O O O O O O
19,ĠThe ĠBlack ĠEy ed ĠPe as Ġ- Ġwho Ġhad Ġa Ġglobal Ġhit Ġwith ĠWhere Ġis Ġthe ĠLove ? Ġ-,O O O O O O O O O O O O O O O O O O O,O O O O O O O O O O O O O O O O O O O
20,"Ġpicked Ġup Ġthe Ġprize Ġfor Ġbest Ġpop Ġact , Ġbeating ĠAn ast acia , ĠAv ril ĠLav igne , ĠRobbie ĠWilliams Ġand ĠBrit ney ĠSpears .",O O O O O O O O O O B-MUSICIAN I-MUSICIAN I-MUSICIAN O B-MUSICIAN I-MUSICIAN I-MUSICIAN I-MUSICIAN O B-MUSICIAN I-MUSICIAN O B-MUSICIAN I-MUSICIAN I-MUSICIAN O,O O O O O O O O O O B-MUSICIAN I-MUSICIAN I-MUSICIAN O B-MUSICIAN I-MUSICIAN I-MUSICIAN I-MUSICIAN O B-MUSICIAN I-MUSICIAN O B-MUSICIAN I-MUSICIAN I-MUSICIAN O
21,"ĠSpears Ġwas Ġnamed Ġbest Ġfemale , Ġsending Ġa Ġmessage Ġof Ġthanks Ġon Ġvideo Ġsaying Ġthe Ġaward Ġ"" me ans Ġso Ġmuch Ġto Ġme "".",O O O O O O O O O O O O O O O O O O O O O O O O,B-MUSICIAN O O O O O O O O O O O O O O O O O O O O O O O
22,"ĠAlicia ĠKeys , ĠAn ast asia , ĠAv ril ĠLav igne Ġand ĠBeyon ce ĠKnow les Ġhad Ġfeatured Ġalongside Ġher Ġin Ġthat Ġcontest .",B-MUSICIAN I-MUSICIAN O O O O O B-MUSICIAN I-MUSICIAN I-MUSICIAN I-MUSICIAN O B-MUSICIAN I-MUSICIAN I-MUSICIAN I-MUSICIAN O O O O O O O O,B-MUSICIAN I-MUSICIAN O B-MUSICIAN I-MUSICIAN I-MUSICIAN O B-MUSICIAN I-MUSICIAN I-MUSICIAN I-MUSICIAN O B-MUSICIAN I-MUSICIAN I-MUSICIAN I-MUSICIAN O O O O O O O O
23,"Ġ Ċ Ċ Link in ĠPark Ġsinger ĠChester ĠBen nington Ġdescribed Ġtheir Ġprize Ġfor Ġbest Ġrock Ġband Ġas Ġ"" quite Ġan Ġhonour "" Ġwhile ĠMuse Ġsaid Ġtheir Ġwin Ġfor Ġbest Ġalternative Ġact Ġwas Ġ"" a Ġreal Ġsurprise Ġfor Ġus "".",O O O O O O O B-MUSICIAN I-MUSICIAN I-MUSICIAN O O O O O O O O O O O O O O O O O O O O O O O O O O O O O O,O O O O O O O B-MUSICIAN I-MUSICIAN I-MUSICIAN O O O O O O O O O O O O O O B-MUSICIAN O O O O O O O O O O O O O O O
24,"ĠMuse Ġwere Ġalso Ġnamed Ġbest ĠUK Ġand ĠIreland Ġact , Ġahead Ġof ĠFranz ĠFerdinand , ĠNatasha ĠB eding field , ĠJam elia Ġand ĠThe ĠStreets .",O O O O O O O O O O O O O O O O O O O O O O O O O O,O O O O O O O O O O O O B-MUSICIAN I-MUSICIAN O B-MUSICIAN I-MUSICIAN I-MUSICIAN I-MUSICIAN O B-MUSICIAN I-MUSICIAN O O O O
25,"ĠRefer ring Ġto Ġthe Ġfact Ġthat Ġwinners Ġof Ġ11 Ġof Ġthe Ġ12 Ġmain Ġawards Ġwere Ġfrom Ġthe ĠUS , ĠMuse Ġsinger ĠMatt ĠBell amy Ġsaid : Ġ"" There Ġneeds Ġto Ġbe Ġmore ĠEuropean Ġbands .""",O O O O O O O O O O O O O O O O O O O O O B-MUSICIAN I-MUSICIAN I-MUSICIAN O O O O O O O O O O O,O O O O O O O O O O O O O O O O O O O O O B-MUSICIAN I-MUSICIAN I-MUSICIAN O O O O O O O O O O O
26,"ĠThe Ġ11 th Ġannual Ġawards Ġwere Ġhosted Ġby Ġhip - hop Ġartist ĠX z ib it Ġand Ġwatched Ġby Ġ6 , 000 Ġpeople Ġat Ġthe ĠTor ĠDi ĠVal le Ġarena , Ġplus Ġmillions Ġmore Ġon ĠTV Ġaround Ġthe Ġworld .",O O O O O O O O O O O O B-MUSICIAN I-MUSICIAN I-MUSICIAN I-MUSICIAN O O O O O O O O O O O O O O O O O O O O O O O O,O O O O O O O O O O O O B-MUSICIAN I-MUSICIAN I-MUSICIAN I-MUSICIAN O O O O O O O O O O O O O O O O O O O O O O O O
27,"ĠThe Ġceremony Ġfeatured Ġperformances Ġfrom Ġthe ĠBeast ie ĠBoys , Ġwho Ġentered Ġthe Ġstage Ġon Ġbicycles Ġand Ġskate boards , ĠNo ĠDou bt Ġsinger ĠG wen ĠStef ani Ġbeing Ġlowered Ġfrom Ġa Ġgiant Ġclock Ġand ĠN elly Ġdoing Ġa Ġdu et Ġwith ĠPh arrell ĠWilliams .",O O O O O O O O O O O O O O O O O O O O O O O O B-MUSICIAN I-MUSICIAN I-MUSICIAN I-MUSICIAN O O O O O O O B-MUSICIAN I-MUSICIAN O O O O O B-MUSICIAN I-MUSICIAN I-MUSICIAN O,O O O O O O O O O O O O O O O O O O O O O O O O B-MUSICIAN I-MUSICIAN I-MUSICIAN I-MUSICIAN O O O O O O O B-MUSICIAN I-MUSICIAN O O O O O B-MUSICIAN I-MUSICIAN I-MUSICIAN O
28,"ĠMTV Ġalso Ġorganised Ġa Ġhuge Ġopen - air Ġconcert Ġfeaturing ĠAn ast acia Ġand ĠThe ĠCure Ġoutside Ġthe ĠItalian Ġcapital 's Ġancient ĠCol os se um , Ġwith Ġsome Ġestimates Ġputting Ġthe Ġattendance Ġthere Ġat Ġ200 , 000 .",O O O O O O O O O O B-MUSICIAN I-MUSICIAN I-MUSICIAN O O O O O O O O O O O O O O O O O O O O O O O O O O,O O O O O O O O O O B-MUSICIAN I-MUSICIAN I-MUSICIAN O O O O O O O O O O O O O O O O O O O O O O O O O O
29,"ĠLast Ġyear 's Ġbig Ġwinner Ġat Ġthe ĠMTV ĠEurope ĠAwards , Ġheld Ġin ĠEdinburgh , ĠScotland , Ġwas ĠJustin ĠTimber lake , Ġwho Ġwalked Ġaway Ġwith Ġthree Ġtrophies .",O O O O O O O O O O O O O O O O O O B-MUSICIAN I-MUSICIAN I-MUSICIAN O O O O O O O O,O O O O O O O O O O O O O O O O O O B-MUSICIAN I-MUSICIAN I-MUSICIAN O O O O O O O O
30,ĠP ave y Ġfocuses Ġon Ġindoor Ġsuccess Ċ Ċ Jo ĠP ave y Ġwill Ġmiss ĠJanuary 's ĠView ĠFrom ĠGreat ĠEdinburgh ĠInternational ĠCross ĠCountry Ġto Ġfocus Ġon Ġpreparing Ġfor Ġthe ĠEuropean ĠInd oor ĠChampionships Ġin ĠMarch .,O O O O O O O O O B-ATHLETE I-ATHLETE I-ATHLETE I-ATHLETE O O O O O O O O O O O O O O O O O O O O O O O O,B-ATHLETE I-ATHLETE I-ATHLETE O O O O O O B-ATHLETE I-ATHLETE I-ATHLETE I-ATHLETE O O O O O O O O O O O O O O O O O O O O O O O O
31,"Ġ Ċ Ċ The Ġ31 - year - old Ġwas Ġthird Ġbehind ĠHay ley ĠY elling Ġand ĠJust yna ĠBak Ġin Ġlast Ġweek 's ĠEuropean ĠCross ĠCountry ĠChampionships Ġbut Ġshe Ġprefers Ġto Ġrace Ġon Ġthe Ġtrack . Ġ""",O O O O O O O O O O O O B-ATHLETE I-ATHLETE I-ATHLETE I-ATHLETE O B-ATHLETE I-ATHLETE I-ATHLETE O O O O O O O O O O O O O O O O O O,O O O O O O O O O O O O B-ATHLETE I-ATHLETE I-ATHLETE I-ATHLETE O B-ATHLETE I-ATHLETE I-ATHLETE O O O O O O O O O O O O O O O O O O
32,"ĠIt Ġwas Ġgreat Ġwinning Ġbronze Ġbut ĠI 'm Ġwary Ġof Ġinjuries Ġand Ġmust Ġconcentrate Ġon Ġthe Ġindoor Ġseason ,"" Ġshe Ġsaid . Ġ""",O O O O O O O O O O O O O O O O O O O O O O O,O O O O O O O O O O O O O O O O O O O O O O O
33,"ĠBecause Ġof Ġprevious Ġinjuries ĠI Ġdon 't Ġeven Ġrun Ġup Ġhills Ġin Ġtraining .""",O O O O O O O O O O O O O O,O O O O O O O O O O O O O O
34,"ĠP ave y , Ġwho Ġcame Ġfifth Ġin Ġthe Ġ5 , 000 m Ġat Ġthe ĠAthens ĠOlympics , Ġhelped Ġthe ĠBritish Ġcross Ġcountry Ġteam Ġwin Ġthe Ġteam Ġsilver Ġmedal Ġin ĠHer ings d orf Ġlast Ġweek .",O O O O O O O O O O O O O O O O O O O O O O O O O O O O O O O O O O O O O,B-ATHLETE I-ATHLETE I-ATHLETE O O O O O O O O O O O O O O O O O O O O O O O O O O O O O O O O O O
35,"ĠShe Ġis Ġlikely Ġto Ġstart Ġher Ġ3 , 000 m Ġseason Ġwith Ġa Ġrace Ġin Ġeither ĠBoston Ġor ĠSt utt gart Ġat Ġthe Ġend Ġof ĠJanuary .",O O O O O O O O O O O O O O O O O O O O O O O O O O O,O O O O O O O O O O O O O O O O O O B-ATHLETE I-ATHLETE I-ATHLETE O O O O O O
36,ĠReyes Ġtricked Ġinto ĠReal Ġadmission Ċ Ċ Jose ĠAntonio ĠReyes Ġhas Ġadded Ġto Ġspeculation Ġlinking Ġhim Ġwith Ġa Ġmove Ġfrom ĠArsenal Ġto ĠReal ĠMadrid Ġafter Ġfalling Ġvictim Ġto Ġa Ġradio Ġprank .,O O O O O O O B-ATHLETE I-ATHLETE I-ATHLETE O O O O O O O O O O O O O O O O O O O O O O,B-ATHLETE O O O O O O B-ATHLETE I-ATHLETE I-ATHLETE O O O O O O O O O O O O O O O O O O O O O O
37,"Ġ Ċ Ċ The ĠSpani ard Ġbelieved Ġhe Ġwas Ġtalking Ġto ĠReal ĠMadrid Ġsporting Ġdirector ĠEmil io ĠBut r agu eno Ġwhen Ġhe Ġallegedly Ġber ated Ġhis Ġteam - mates Ġas Ġ"" bad Ġpeople "". Ġ""",O O O O O O O O O O O O O O O B-BUSINESS-EXECUTIVE-MANAGER I-BUSINESS-EXECUTIVE-MANAGER I-BUSINESS-EXECUTIVE-MANAGER I-BUSINESS-EXECUTIVE-MANAGER I-BUSINESS-EXECUTIVE-MANAGER I-BUSINESS-EXECUTIVE-MANAGER O O O O O O O O O O O O O O O,O O O O O O O O O O O O O O O B-BUSINESS-EXECUTIVE-MANAGER I-BUSINESS-EXECUTIVE-MANAGER I-BUSINESS-EXECUTIVE-MANAGER I-BUSINESS-EXECUTIVE-MANAGER I-BUSINESS-EXECUTIVE-MANAGER I-BUSINESS-EXECUTIVE-MANAGER O O O O O O O O O O O O O O O
38,"ĠI Ġwish ĠI Ġwas Ġplaying Ġfor ĠReal ĠMadrid ,"" Ġthe Ġ21 - year - old Ġtold ĠCad ena ĠC ope . Ġ""",O O O O O O O O O O O O O O O O O O O O O O,O O O O O O O O O O O O O O O O B-ATHLETE I-ATHLETE I-ATHLETE I-ATHLETE O O
39,ĠHopefully Ġit Ġcould Ġhappen .,O O O O O,O O O O O
40,ĠI Ġlove Ġthe Ġway ĠMadrid Ġplay .,O O O O O O O,O O O O O O O
41,"ĠI 'm Ġnot Ġhappy Ġwith Ġthe Ġway Ġthings Ġare .""",O O O O O O O O O O,O O O O O O O O O O
42,"ĠThe Ġstriker Ġjoined Ġthe ĠGun ners Ġfrom ĠSe ville Ġfor ĠÂ£ 17 m Ġat Ġthe Ġstart Ġof Ġ2004 , Ġbut Ġit Ġhas Ġfrequently Ġbeen Ġreported Ġthat Ġhe Ġis Ġhomes ick .",O O O O O O O O O O O O O O O O O O O O O O O O O O O O O O O,O O O O O O O O O O O O O O O O O O O O O O O O O O O O O O O
43,"ĠHe Ġbegan Ġthe Ġseason Ġin Ġsuperb Ġform Ġbut Ġhas Ġstruggled Ġto Ġmaintain Ġhis Ġhigh Ġstandards Ġas ĠArsenal Ġhave Ġgradually Ġlost Ġthe ĠPremiership Ġinitiative Ġto ĠManchester ĠUnited Ġand ĠChelsea . Ġ""",O O O O O O O O O O O O O O O O O O O O O O O O O O O O O O,O O O O O O O O O O O O O O O O O O O O O O O O O O O O O O
44,"ĠIf ĠI 'm Ġnot Ġ( playing Ġfor ĠReal ) ĠI 'm Ġgoing Ġto Ġhave Ġto Ġcarry Ġon Ġplaying Ġwith Ġsome Ġbad Ġpeople ,"" Ġhe Ġadded .",O O O O O O O O O O O O O O O O O O O O O O O O O O,O O O O O O O O O O O O O O O O O O O O O O O O O O
45,"Ġ Ċ Ċ "" I 'm Ġsure Ġthere Ġare Ġnone Ġin Ġthe ĠReal Ġdressing Ġroom . Ġ""",O O O O O O O O O O O O O O O O O,O O O O O O O O O O O O O O O O O
46,"ĠI 'm Ġhappy ĠMadrid Ġis Ġinterested Ġin Ġme Ġbecause Ġit Ġhas Ġalways Ġbeen Ġmy Ġdream Ġsince ĠI Ġwas Ġlittle Ġto Ġplay Ġthere .""",O O O O O O O O O O O O O O O O O O O O O O O,O O O O O O O O O O O O O O O O O O O O O O O
47,"ĠBefore Ġthe Ġstory Ġsurfaced , ĠReyes Ġhad Ġmoved Ġto Ġplay Ġdown Ġreports Ġlinking Ġhim Ġwith Ġthe ĠSpanish Ġgiants , Ġissuing Ġa Ġstatement Ġthrough ĠArsenal Ġdescribing Ġthe Ġspeculation Ġas Ġ"" fl attering "". Ġ""",O O O O O O O O O O O O O O O O O O O O O O O O O O O O O O O O O,O O O O O B-ATHLETE O O O O O O O O O O O O O O O O O O O O O O O O O O O
48,"ĠI Ġhave Ġseen Ġthe Ġstories Ġin Ġthe Ġmedia Ġlinking Ġme Ġwith ĠReal ĠMadrid ,"" Ġhe Ġhad Ġsaid Ġon ĠThursday Ġlunch time . Ġ""",O O O O O O O O O O O O O O O O O O O O O O O,O O O O O O O O O O O O O O O O O O O O O O O
49,"ĠBut Ġnot Ġonly Ġam ĠI Ġunder Ġcontract Ġat ĠArsenal , ĠI Ġam Ġhappy Ġhere Ġand Ġcommitted Ġto Ġhelping Ġthe Ġteam Ġwin Ġmore Ġtrophies .""",O O O O O O O O O O O O O O O O O O O O O O O O,O O O O O O O O O O O O O O O O O O O O O O O O
50,"ĠBut r agu eno , Ġmeanwhile , Ġwas Ġangry Ġat Ġbeing Ġimperson ated Ġby Ġthe Ġradio Ġdisc Ġj ockey . Ġ""",O O O O O O O O O O O O O O O O O O O O O,B-ATHLETE I-ATHLETE I-ATHLETE I-ATHLETE O O O O O O O O O O O O O O O O O
51,"ĠIt Ġis Ġa Ġdisgrace , Ġthere Ġis Ġno Ġfoundation Ġto Ġthis ,"" Ġhe Ġsaid . Ġ""",O O O O O O O O O O O O O O O O,O O O O O O O O O O O O O O O O
52,ĠHe Ġis Ġan ĠArsenal Ġplayer Ġand Ġwe Ġhave Ġto Ġbe Ġrespectful .,O O O O O O O O O O O O,O O O O O O O O O O O O
53,"ĠWe Ġhave Ġto Ġbe Ġcareful Ġbecause Ġof Ġthe Ġrumours Ġthat Ġappear Ġin Ġthe Ġnews .""",O O O O O O O O O O O O O O O,O O O O O O O O O O O O O O O
54,ĠWenger Ġsteps Ġup Ġrow Ċ Ċ Ar s ene ĠWenger Ġhas Ġstepped Ġup Ġhis Ġfeud Ġwith ĠSir ĠAlex ĠFerguson Ġby Ġclaiming Ġthe ĠManchester ĠUnited Ġmanager Ġis Ġguilty Ġof Ġbringing Ġfootball Ġinto Ġdis rep ute .,O O O O O O B-ATHLETE I-ATHLETE I-ATHLETE I-ATHLETE O O O O O O B-ATHLETE I-ATHLETE I-ATHLETE O O O O O O O O O O O O O O O O,B-BUSINESS-EXECUTIVE-MANAGER O O O O O B-ATHLETE I-ATHLETE I-ATHLETE I-ATHLETE O O O O O O O B-BUSINESS-EXECUTIVE-MANAGER I-BUSINESS-EXECUTIVE-MANAGER O O O O O O O O O O O O O O O O
55,"Ġ Ċ Ċ The Ġpair 's Ġlong - running Ġrow Ġwas Ġput Ġback Ġin Ġthe Ġheadlines Ġon ĠSaturday Ġwhen ĠFerguson Ġsaid Ġhis ĠArsenal Ġcounterpart Ġwas Ġ"" a Ġdisgrace "".",O O O O O O O O O O O O O O O O O O O O O O O O O O O O O,O O O O O O O O O O O O O O O O O O O B-BUSINESS-EXECUTIVE-MANAGER O O O O O O O O O
56,"ĠWenger Ġinitially Ġrefused Ġto Ġbite Ġback , Ġsaying Ġonly : Ġ"" I Ġwill Ġnever Ġanswer Ġany Ġquestions Ġany Ġmore Ġabout Ġthis Ġman .""",O O O O O O O O O O O O O O O O O O O O O O O,B-ATHLETE O O O O O O O O O O O O O O O O O O O O O O
57,ĠBut Ġnow Ġhe Ġclaims ĠFerguson Ġshould Ġbe Ġpunished Ġby Ġthe ĠFootball ĠAssociation .,O O O O O O O O O O O O O,O O O O B-BUSINESS-EXECUTIVE-MANAGER O O O O O O O O
58,"ĠThe Ġlatest Ġtwist Ġin Ġthe ĠFerguson - W enger Ġsaga Ġcame Ġon ĠSaturday Ġwhen Ġthe ĠUnited Ġboss , Ġin Ġan Ġinterview Ġwith ĠThe ĠIndependent Ġnewspaper , Ġdiscussed Ġthe Ġevents Ġafter Ġthe Ġgame Ġbetween Ġthe Ġtwo Ġsides Ġin ĠOctober .",O O O O O O O O O O O O O O O O O O O O O O O O O O O O O O O O O O O O O O O,O O O O O B-BUSINESS-EXECUTIVE-MANAGER O O B-BUSINESS-EXECUTIVE-MANAGER O O O O O O O O O O O O O O O O O O O O O O O O O O O O O O
59,"ĠUnited Ġwon Ġ2 - 0 Ġthat Ġday , Ġat ĠOld ĠTrafford , Ġbut Ġthe Ġgame Ġwas Ġfollowed Ġby Ġa Ġnow Ġnotorious Ġfood Ġfight Ġwhich Ġsaw ĠFerguson 's Ġclothes Ġcovered Ġin Ġsoup Ġand Ġpizza .",O O O O O O O O O O O O O O O O O O O O O O O O O O O O O O O O O O,O O O O O O O O O O O O O O O O O O O O O O O O O B-BUSINESS-EXECUTIVE-MANAGER O O O O O O O O
60,"ĠThe Ġsides Ġmeet Ġagain Ġat ĠHigh bury Ġon Ġ1 ĠFebruary . Ġ""",O O O O O O O O O O O O,O O O O O O O O O O O O
61,"ĠIn Ġthe Ġtunnel ĠWenger Ġwas Ġcritic ising Ġmy Ġplayers , Ġcalling Ġthem Ġche ats , Ġso ĠI Ġtold Ġhim Ġto Ġleave Ġthem Ġalone Ġand Ġbehave Ġhimself ,"" ĠFerguson Ġsaid Ġon ĠSaturday . Ġ""",O O O O O O O O O O O O O O O O O O O O O O O O O O O O O O O O O,O O O B-ATHLETE O O O O O O O O O O O O O O O O O O O O O O O B-BUSINESS-EXECUTIVE-MANAGER O O O O O
62,"ĠHe Ġran Ġat Ġme Ġwith Ġhands Ġraised Ġsaying Ġ' what Ġdo Ġyou Ġwant Ġto Ġdo Ġabout Ġit ?' Ġ""",O O O O O O O O O O O O O O O O O O O,O O O O O O O O O O O O O O O O O O O
63,ĠTo Ġnot Ġapologise Ġfor Ġthe Ġbehaviour Ġof Ġthe Ġplayers Ġto Ġanother Ġmanager Ġis Ġunthinkable .,O O O O O O O O O O O O O O O,O O O O O O O O O O O O O O O
64,"ĠIt 's Ġa Ġdisgrace , Ġbut ĠI Ġdon 't Ġexpect ĠWenger Ġto Ġever Ġapologise , Ġhe 's Ġthat Ġtype Ġof Ġperson .""",O O O O O O O O O O O O O O O O O O O O O O,O O O O O O O O O O B-BUSINESS-EXECUTIVE-MANAGER O O O O O O O O O O O
65,"Ġ Ċ Ċ Those Ġallegations Ġwere Ġput Ġto ĠWenger Ġafter ĠSaturday 's Ġgame Ġat ĠBolton , Ġwhich ĠArsenal Ġlost Ġto Ġslip Ġ10 Ġpoints Ġbehind ĠChelsea Ġin Ġthe Ġtitle Ġrace .",O O O O O O O O O O O O O O O O O O O O O O O O O O O O O O,O O O O O O O O B-BUSINESS-EXECUTIVE-MANAGER O O O O O O O O O O O O O O O O O O O O O
66,"ĠAt Ġfirst Ġhe Ġsaid Ġonly : Ġ"" I 've Ġalways Ġbeen Ġconsistent Ġwith Ġthat Ġstory Ġand Ġtold Ġyou Ġnothing Ġhappened . Ġ""",O O O O O O O O O O O O O O O O O O O O O O,O O O O O O O O O O O O O O O O O O O O O O
67,"ĠIf Ġhe Ġhas Ġto Ġtalk , Ġhe Ġtalks .",O O O O O O O O O,O O O O O O O O O
68,"ĠIf Ġhe Ġwants Ġto Ġmake Ġa Ġnewspaper Ġarticle , Ġhe Ġmakes Ġa Ġnewspaper Ġarticle . Ġ""",O O O O O O O O O O O O O O O O,O O O O O O O O O O O O O O O O
69,ĠHe Ġdoesn 't Ġinterest Ġme Ġand Ġdoesn 't Ġmatter Ġto Ġme Ġat Ġall .,O O O O O O O O O O O O O O,O O O O O O O O O O O O O O
70,"ĠI Ġwill Ġnever Ġanswer Ġto Ġany Ġprovocation Ġfrom Ġhim Ġany Ġmore . Ġ""",O O O O O O O O O O O O O,O O O O O O O O O O O O O
71,ĠHe Ġdoes Ġwhat Ġhe Ġlikes Ġin ĠEngland Ġanyway .,O O O O O O O O O,O O O O O O O O O
72,"ĠHe Ġcan Ġgo Ġabroad Ġone Ġday Ġand Ġsee Ġhow Ġit Ġis .""",O O O O O O O O O O O O,O O O O O O O O O O O O
73,"ĠBut Ġlater Ġon ĠSaturday , Ġaccording Ġto ĠThe ĠIndependent , ĠWenger Ġspoke Ġto Ġa Ġsmaller Ġgroup Ġof Ġreporters Ġand Ġexpanded Ġon Ġhis Ġreaction . Ġ""",O O O O O O O O O O O O O O O O O O O O O O O O O,O O O O O O O O O O B-POLITICIAN O O O O O O O O O O O O O O
74,"ĠI Ġhave Ġno Ġdiplomatic Ġrelations Ġwith Ġhim ,"" Ġthe ĠArsenal Ġboss Ġis Ġquoted Ġas Ġsaying . Ġ""",O O O O O O O O O O O O O O O O O,O O O O O O O O O O O O O O O O O
75,ĠWhat ĠI Ġdon 't Ġunderstand Ġis Ġthat Ġhe Ġdoes Ġwhat Ġhe Ġwants Ġand Ġyou Ġ( the Ġpress ) Ġare Ġall Ġat Ġhis Ġfeet .,O O O O O O O O O O O O O O O O O O O O O O O O,O O O O O O O O O O O O O O O O O O O O O O O O
76,"Ġ Ċ Ċ "" The Ġsituation Ġ( con cerning Ġthe Ġfood Ġfight ) Ġhas Ġbeen Ġjudged Ġand Ġthere Ġis Ġa Ġgame Ġgoing Ġon Ġin Ġa Ġmonth . Ġ""",O O O O O O O O O O O O O O O O O O O O O O O O O O O O,O O O O O O O O O O O O O O O O O O O O O O O O O O O O
77,ĠThe Ġmanagers Ġhave Ġa Ġresponsibility Ġto Ġprotect Ġthe Ġgame Ġbefore Ġthe Ġgame .,O O O O O O O O O O O O O,O O O O O O O O O O O O O
78,"ĠBut Ġin ĠEngland Ġyou Ġare Ġonly Ġpunished Ġfor Ġwhat Ġyou Ġsay Ġafter Ġthe Ġgame . Ġ""",O O O O O O O O O O O O O O O O,O O O O O O O O O O O O O O O O
79,ĠNow Ġthe Ġwhole Ġstory Ġstarts Ġagain .,O O O O O O O,O O O O O O O
80,ĠI Ġdon 't Ġgo Ġinto Ġthat Ġgame .,O O O O O O O O,O O O O O O O O
81,ĠWe Ġplay Ġfootball .,O O O O,O O O O
82,"ĠI Ġam Ġa Ġfootball Ġmanager Ġand ĠI Ġlove Ġfootball Ġabove Ġall Ġ... Ġno Ġmatter Ġwhat Ġpeople Ġsay .""",O O O O O O O O O O O O O O O O O O,O O O O O O O O O O O O O O O O O O
83,"ĠRem ind ed Ġthat ĠFerguson Ġcalled Ġhim Ġ"" a Ġdisgrace "", ĠWenger Ġadded : Ġ"" I Ġdon 't Ġrespond Ġto Ġanything .",O O O O O O O O O O O O O O O O O O O O O O,O O O O B-BUSINESS-EXECUTIVE-MANAGER O O O O O O B-ATHLETE O O O O O O O O O O
84,ĠIn ĠEngland Ġyou Ġhave Ġa Ġgood Ġphrase .,O O O O O O O O,O O O O O O O O
85,"ĠIt Ġis Ġ' bringing Ġthe Ġgame Ġinto Ġdis rep ute '. Ġ""",O O O O O O O O O O O O,O O O O O O O O O O O O
86,"ĠBut Ġthat Ġis Ġnot Ġonly Ġafter Ġa Ġgame , Ġit Ġis Ġas Ġwell Ġbefore Ġa Ġgame .""",O O O O O O O O O O O O O O O O O,O O O O O O O O O O O O O O O O O
87,Ġ Ċ Ċ F erguson Ġhad Ġalso Ġclaimed Ġthat ĠUnited Ġchief Ġexecutive ĠDavid ĠGill Ġand ĠArsenal Ġvice - chair man ĠDavid ĠDe in Ġhad Ġagreed Ġat Ġboard room Ġlevel Ġnot Ġto Ġdiscuss Ġthe Ġincident Ġin Ġpublic .,O O O O O O O O O O O O B-BUSINESS-EXECUTIVE-MANAGER I-BUSINESS-EXECUTIVE-MANAGER O O O O O O B-BUSINESS-EXECUTIVE-MANAGER I-BUSINESS-EXECUTIVE-MANAGER I-BUSINESS-EXECUTIVE-MANAGER O O O O O O O O O O O O O O,O O O O O O O O O O O O B-BUSINESS-EXECUTIVE-MANAGER I-BUSINESS-EXECUTIVE-MANAGER O O O O O O B-BUSINESS-EXECUTIVE-MANAGER I-BUSINESS-EXECUTIVE-MANAGER I-BUSINESS-EXECUTIVE-MANAGER O O O O O O O O O O O O O O
88,"ĠBut ĠFerguson Ġadded : Ġ"" In Ġthe Ġensuing Ġweeks Ġall Ġyou Ġgot Ġwas Ġa Ġdi at ribe Ġfrom ĠArsenal Ġabout Ġbeing Ġkicked Ġoff Ġthe Ġpitch Ġand Ġall Ġthat Ġnonsense .",O O O O O O O O O O O O O O O O O O O O O O O O O O O O O O,O B-BUSINESS-EXECUTIVE-MANAGER O O O O O O O O O O O O O O O O O O O O O O O O O O O O
89,"ĠGill Ġph oned ĠDe in Ġthree Ġtimes Ġto Ġcomplain Ġbut Ġnothing Ġwas Ġdone . Ġ""",O O O O O O O O O O O O O O O,B-ATHLETE O O B-ATHLETE I-ATHLETE O O O O O O O O O O
90,"ĠThe Ġreturn Ġis Ġon Ġ1 ĠFebruary Ġand Ġthey Ġwill Ġcome Ġout Ġwith Ġanother Ġdi at ribe . Ġ""",O O O O O O O O O O O O O O O O O O,O O O O O O O O O O O O O O O O O O
91,"ĠDavid ĠGill Ġand ĠI Ġfeel Ġwe Ġshould Ġset Ġthe Ġrecord Ġstraight Ġbecause ĠArsenal Ġhave Ġnot Ġwritten Ġto Ġus Ġto Ġapologise Ġand Ġwe Ġwould Ġnot Ġlet Ġthat Ġhappen Ġhere .""",B-BUSINESS-EXECUTIVE-MANAGER I-BUSINESS-EXECUTIVE-MANAGER O O O O O O O O O O O O O O O O O O O O O O O O O O O,B-ATHLETE I-ATHLETE O O O O O O O O O O O O O O O O O O O O O O O O O O O
92,"ĠMeanwhile , Ġthe ĠLeague ĠMan agers ĠAssociation Ġhave Ġoffered Ġto Ġact Ġas Ġpeac em akers Ġin Ġthe Ġhope Ġof Ġresolving Ġthe Ġon - going Ġrow .",O O O O O O O O O O O O O O O O O O O O O O O O O O,O O O O O O O O O O O O O O O O O O O O O O O O O O
93,"ĠDuring Ġthat Ġstorm y Ġgame Ġin ĠOctober , ĠUnited Ġstriker ĠRu ud Ġvan ĠN ist el ro oy Ġcaught ĠArsenal 's ĠAshley ĠCole Ġwith Ġone Ġparticularly Ġstrong Ġtackle .",O O O O O O O O O O B-ATHLETE I-ATHLETE I-ATHLETE I-ATHLETE I-ATHLETE I-ATHLETE I-ATHLETE I-ATHLETE O O O B-ATHLETE I-ATHLETE O O O O O O,O O O O O O O O O O B-ATHLETE I-ATHLETE I-ATHLETE I-ATHLETE I-ATHLETE I-ATHLETE I-ATHLETE I-ATHLETE O O O B-ATHLETE I-ATHLETE O O O O O O
94,"ĠWenger Ġlater Ġaccused ĠVan ĠN ist el ro oy Ġof Ġ"" che ating "" Ġand Ġwas Ġfined ĠÂ£ 15 , 000 Ġand Ġ"" severe ly Ġreprim anded "" Ġby Ġthe ĠFootball ĠAssociation .",O O O O O O O O O O O O O O O O O O O O O O O O O O O O O O O O O,B-BUSINESS-EXECUTIVE-MANAGER O O B-ATHLETE I-ATHLETE I-ATHLETE I-ATHLETE I-ATHLETE I-ATHLETE O O O O O O O O O O O O O O O O O O O O O O O O
95,"ĠFerguson Ġadmitted Ġon ĠSaturday Ġthat ĠVan ĠN ist el ro oy 's Ġtackle , Ġwhich Ġearned Ġthe ĠDutch man Ġa Ġban , Ġ"" could Ġhave Ġgiven Ġ( Cole ) Ġa Ġserious Ġinjury "", Ġbut Ġhe Ġbelieves ĠArsenal Ġwere Ġthe Ġmain Ġaggress ors .",O O O O O O O O O O O O O O O O O O O O O O O O O O O O O O O O O O O O O O O O O O O,B-BUSINESS-EXECUTIVE-MANAGER O O O O B-ATHLETE I-ATHLETE I-ATHLETE I-ATHLETE I-ATHLETE I-ATHLETE I-ATHLETE O O O O O O O O O O O O O O O B-ATHLETE O O O O O O O O O O O O O O O
96,"Ġ Ċ Ċ "" W enger Ġis Ġalways Ġcomplaining Ġthe Ġmatch Ġwas Ġnot Ġplayed Ġin Ġthe Ġright Ġspirit ,"" Ġhe Ġadded . Ġ""",O O O O O O O O O O O O O O O O O O O O O O O,O O O O B-PUBLIC-FIGURE I-PUBLIC-FIGURE O O O O O O O O O O O O O O O O O
97,"ĠThey Ġare Ġthe Ġworst Ġlosers Ġof Ġall Ġtime , Ġthey Ġdon 't Ġknow Ġhow Ġto Ġlose .",O O O O O O O O O O O O O O O O O,O O O O O O O O O O O O O O O O O
98,"ĠMaybe Ġit Ġis Ġjust ĠManchester ĠUnited , Ġthey Ġdon 't Ġlose Ġmany Ġgames Ġto Ġother Ġteams . Ġ""",O O O O O O O O O O O O O O O O O O,O O O O O O O O O O O O O O O O O O
99,ĠWe Ġtend Ġto Ġforget Ġthe Ġworst Ġdisciplinary Ġrecord Ġof Ġall Ġtime Ġwas ĠArsenal 's Ġup Ġuntil Ġlast Ġseason .,O O O O O O O O O O O O O O O O O O O,O O O O O O O O O O O O O O O O O O O
100,"ĠIn Ġfairness Ġit Ġhas Ġimproved Ġand Ġnow Ġthey Ġare Ġseen Ġas Ġpar agons Ġof Ġvirtue . Ġ""",O O O O O O O O O O O O O O O O O,O O O O O O O O O O O O O O O O O
101,"ĠBut Ġto ĠWenger Ġit Ġnever Ġhappens , Ġit Ġis Ġall Ġsome Ġdream Ġor Ġnightmare .""",O O O O O O O O O O O O O O O,O O B-ACTOR-DIRECTOR O O O O O O O O O O O O
102,"ĠMob iles Ġ' not Ġmedia Ġplayers Ġyet ' Ċ Ċ M obiles Ġare Ġnot Ġyet Ġready Ġto Ġbe Ġall - sing ing , Ġall - d ancing Ġmultimedia Ġdevices Ġwhich Ġwill Ġreplace Ġportable Ġmedia Ġplayers , Ġsay Ġtwo Ġreports .",O O O O O O O O O O O O O O O O O O O O O O O O O O O O O O O O O O O O O O O O,O O O O O O O O O O O O O O O O O O O O O O O O O O O O O O O O O O O O O O O O
103,"Ġ Ċ Ċ Despite Ġmoves Ġto Ġbring Ġmusic Ġdownload Ġservices Ġto Ġmob iles , Ġpeople Ġdo Ġnot Ġwant Ġto Ġtrade Ġmultimedia Ġservices Ġwith Ġsize Ġand Ġbattery Ġlife , Ġsaid ĠJupiter .",O O O O O O O O O O O O O O O O O O O O O O O O O O O O O O O,O O O O O O O O O O O O O O O O O O O O O O O O O O O O O B-BUSINESS-EXECUTIVE-MANAGER O
104,"ĠA Ġseparate Ġstudy Ġby ĠG art ner Ġhas Ġalso Ġsaid Ġreal - time ĠTV Ġbroadcasts Ġto Ġmob iles Ġis Ġ"" un likely "" Ġin ĠEurope Ġuntil Ġ2007 .",O O O O O O O O O O O O O O O O O O O O O O O O O O O O,O O O O B-PUBLIC-FIGURE I-PUBLIC-FIGURE I-PUBLIC-FIGURE O O O O O O O O O O O O O O O O O O O O O
105,"ĠTechnical Ġissues Ġand Ġstandards Ġmust Ġbe Ġresolved Ġfirst , Ġsaid Ġthe Ġreport .",O O O O O O O O O O O O O,O O O O O O O O O O O O O
106,"ĠB atter ies Ġalready Ġhave Ġto Ġcope Ġwith Ġother Ġservices Ġthat Ġoperators Ġoffer , Ġlike Ġvideo Ġplayback , Ġvideo Ġmessaging , Ġmeg apixel Ġcameras Ġand Ġgames Ġamongst Ġothers .",O O O O O O O O O O O O O O O O O O O O O O O O O O O O O,O O O O O O O O O O O O O O O O O O O O O O O O O O O O O
107,ĠBringing Ġmusic Ġdownload Ġservices Ġbased Ġon Ġthe Ġsuccess Ġof Ġcomputer - based Ġdownload Ġservices Ġwill Ġput Ġmore Ġdemands Ġon Ġbattery Ġlife .,O O O O O O O O O O O O O O O O O O O O O O,O O O O O O O O O O O O O O O O O O O O O O
108,"Ġ Ċ Ċ F ifty Ġpercent Ġof ĠEuropeans Ġsaid Ġthe Ġsize Ġof Ġa Ġmobile Ġwas Ġthe Ġmost Ġimportant Ġfactor Ġwhen Ġit Ġcame Ġto Ġchoosing Ġtheir Ġphone , Ġbut Ġmore Ġpower Ġdemands Ġtend Ġto Ġmean Ġlarger Ġhands ets . Ġ""",O O O O O O O O O O O O O O O O O O O O O O O O O O O O O O O O O O O O O O O,O O O O O O O O O O O O O O O O O O O O O O O O O O O O O O O O O O O O O O O
109,"ĠMobile Ġphone Ġmusic Ġservices Ġmust Ġnot Ġbe Ġpositioned Ġto Ġcompete Ġwith Ġthe ĠPC Ġmusic Ġexperience Ġas Ġthe Ġhands ets Ġare Ġnot Ġyet Ġready ,"" Ġsaid ĠThomas ĠHuss on , Ġmobile Ġanalyst Ġat ĠJupiter Ġresearch . Ġ""",O O O O O O O O O O O O O O O O O O O O O O O O O B-AUTHOR-WRITER I-AUTHOR-WRITER I-AUTHOR-WRITER O O O O O O O O,O O O O O O O O O O O O O O O O O O O O O O O O O B-PUBLIC-FIGURE I-PUBLIC-FIGURE I-PUBLIC-FIGURE O O O O O O O O
110,"ĠMobile Ġmusic Ġservices Ġshould Ġbe Ġnew Ġand Ġdifferent , Ġand Ġenable Ġoperators Ġto Ġdifferentiate Ġtheir Ġbrands Ġand Ġsupport Ġthird Ġgeneration Ġnetwork Ġlaunches .""",O O O O O O O O O O O O O O O O O O O O O O O,O O O O O O O O O O O O O O O O O O O O O O O
111,"ĠOther Ġproblems Ġfacing Ġmobile Ġmusic Ġinclude Ġlimited Ġstorage Ġon Ġphones , Ġcompared Ġto Ġportable Ġplayers Ġwhich Ġcan Ġhold Ġup Ġto Ġ40 GB Ġof Ġmusic .",O O O O O O O O O O O O O O O O O O O O O O O O O,O O O O O O O O O O O O O O O O O O O O O O O O O
112,"ĠThe Ġmobile Ġindustry Ġis Ġkeen Ġto Ġget Ġinto Ġmusic Ġdownloading , Ġafter Ġthe Ġsuccess Ġof ĠApple 's ĠiTunes , ĠNap ster Ġand Ġother Ġnet Ġmusic Ġdownload Ġservices .",O O O O O O O O O O O O O O O O O O O O O O O O O O O O,O O O O O O O O O O O O O O O O O O O O O O O O O O O O
113,"Ġ Ċ Ċ With Ġphones Ġgetting Ġsmarter Ġand Ġmore Ġpowerful , Ġthere Ġare Ġalso Ġdemands Ġto Ġbe Ġable Ġto Ġwatch ĠTV Ġon Ġthe Ġmove .",O O O O O O O O O O O O O O O O O O O O O O O O O,O O O O O O O O O O O O O O O O O O O O O O O O O
114,"ĠIn Ġthe ĠUS , Ġservices Ġlike ĠTi Vo ĠTo ĠGo Ġlet Ġpeople Ġtransfer Ġpre - recorded ĠTV Ġcontent Ġonto Ġtheir Ġphones .",O O O O O O O O O O O O O O O O O O O O O O,O O O O O O O O O O O O O O O O O O O O O O
115,"ĠBut , Ġthe ĠG art ner Ġreport Ġon Ġmobile ĠTV Ġbroadcasting Ġin ĠEurope Ġsuggests Ġdirect Ġbroadcasting Ġwill Ġhave Ġto Ġwait .",O O O O O O O O O O O O O O O O O O O O O,O O O B-PUBLIC-FIGURE I-PUBLIC-FIGURE I-PUBLIC-FIGURE O O O O O O O O O O O O O O O
116,"ĠCurrently , ĠTV - like Ġservices , Ġwhere Ġclips Ġare Ġdownloaded , Ġare Ġoffered Ġby Ġseveral ĠEuropean Ġoperators , Ġlike ĠItaly 's ĠTIM Ġand Ġ3 .",O O O O O O O O O O O O O O O O O O O O O O O O O O,O O O O O O O O O O O O O O O O O O O O O O O O O O
117,"ĠMobile ĠTV Ġwill Ġhave Ġto Ġovercome Ġseveral Ġbarriers Ġbefore Ġit Ġis Ġwidely Ġtaken Ġup Ġthough , Ġsaid Ġthe Ġreport .",O O O O O O O O O O O O O O O O O O O O,O O O O O O O O O O O O O O O O O O O O
118,Ġ Ċ Ċ Various Ġstandards Ġand Ġways Ġof Ġgetting ĠTV Ġsignals Ġto Ġmob iles Ġare Ġbeing Ġworked Ġon Ġglobally .,O O O O O O O O O O O O O O O O O O O O,O O O O O O O O O O O O O O O O O O O O
119,"ĠIn ĠEurope , Ġtrials Ġin ĠBerlin Ġand ĠHelsinki Ġare Ġmaking Ġuse Ġof Ġterrestrial ĠTV Ġm asts Ġto Ġbroadcast Ġcompressed Ġsignals Ġto Ġhands ets Ġwith Ġextra Ġreceivers .",O O O O O O O O O O O O O O O O O O O O O O O O O O O,O O O O O O O O O O O O O O O O O O O O O O O O O O O
120,ĠA Ġservice Ġfrom Ġthe ĠNorwegian ĠBroadcasting ĠCorporation Ġlets Ġpeople Ġwatch ĠTV Ġprogrammes Ġon Ġtheir Ġmob iles Ġ24 Ġhours Ġa Ġday .,O O O O O O O O O O O O O O O O O O O O O,O O O O O O O O O O O O O O O O O O O O O
121,"ĠThe Ġservice Ġuses Ġ3 GP Ġtechnology , Ġone Ġof Ġthe Ġstandards Ġfor Ġmobile ĠTV .",O O O O O O O O O O O O O O O,O O O O O O O O O O O O O O O
122,"ĠBut Ġat Ġthe Ġend Ġof Ġ2004 , Ġthe ĠEuropean ĠTelecommunications ĠInstitute Ġ( E ts i ) Ġformally Ġadopted ĠDigital ĠVideo ĠBroadcasting ĠHand held Ġ( D VB - H ) Ġas Ġthe Ġmobile ĠTV Ġbroadcasting Ġstandard Ġfor ĠEurope .",O O O O O O O O O O O O O O O O O O O O O O O O O O O O O O O O O O O O O O,O O O O O O O O O O O O O O O O O O O O O O O O O O O O O O O O O O O O O O
123,"ĠOper ators Ġwill Ġbe Ġworking Ġon Ġthe Ġstandard Ġas Ġa Ġway Ġto Ġbring Ġreal - time Ġbroadcasts Ġto Ġmob iles , Ġas Ġwell Ġas Ġtrying Ġto Ġovercome Ġseveral Ġother Ġbarriers .",O O O O O O O O O O O O O O O O O O O O O O O O O O O O O O O,O O O O O O O O O O O O O O O O O O O O O O O O O O O O O O O
124,ĠThe Ġcost Ġand Ġinfrastructure Ġneeds Ġto Ġset Ġup Ġthe Ġservices Ġwill Ġneed Ġto Ġbe Ġaddressed .,O O O O O O O O O O O O O O O O,O O O O O O O O O O O O O O O O
125,ĠHands ets Ġalso Ġneed Ġto Ġbe Ġable Ġto Ġwork Ġwith Ġthe ĠDV B - H Ġstandard .,O O O O O O O O O O O O O O O O O,O O O O O O O O O O O O O O O O O
126,"ĠTV Ġservices Ġwill Ġhave Ġto Ġlive Ġup Ġto Ġthe Ġexpectations Ġof Ġthe Ġdigital ĠTV Ġgeneration Ġtoo , Ġwhich Ġexpects Ġgood Ġquality Ġimages Ġat Ġlow Ġprices , Ġaccording Ġto Ġanalysts .",O O O O O O O O O O O O O O O O O O O O O O O O O O O O O O,O O O O O O O O O O O O O O O O O O O O O O O O O O O O O O
127,"ĠPeople Ġare Ġalso Ġlikely Ġto Ġbe Ġput Ġoff Ġwatching ĠTV Ġon Ġsuch Ġsmall Ġscreens , Ġsaid ĠG art ner .",O O O O O O O O O O O O O O O O O O O O,O O O O O O O O O O O O O O O O B-PUBLIC-FIGURE I-PUBLIC-FIGURE I-PUBLIC-FIGURE O
128,"ĠDigital Ġvideo Ġrecord ers , Ġlike ĠEurope 's ĠSky + Ġbox , Ġand Ġvideo - on - demand Ġservices Ġmean Ġpeople Ġhave Ġmuch Ġmore Ġcontrol Ġover Ġwhat ĠTV Ġthey Ġwatch .",O O O O O O O O O O O O O O O O O O O O O O O O O O O O O O O,O O O O O O O O O O O O O O O O O O O O O O O O O O O O O O O
129,"ĠAs Ġa Ġresult , Ġpeople Ġmay Ġsee Ġbroadcasting Ġstraight Ġto Ġmob iles Ġas Ġtaking Ġaway Ġthat Ġcontrol .",O O O O O O O O O O O O O O O O O O,O O O O O O O O O O O O O O O O O O
130,"ĠMore Ġpowerful Ġsmartphones Ġlike Ġthe ĠX DA ĠII , ĠNokia Ġ66 00 , ĠSony Eric sson ĠP 900 Ġand Ġthe ĠOrange ĠE 200 , Ġoffering Ġweb Ġaccess , Ġtext Ġand Ġmultimedia Ġmessaging , Ġe - mail , Ġcalendar Ġand Ġgaming Ġare Ġbecoming Ġincreasingly Ġcommon .",O O O O O O O O O O O O O O O O O O O O O O O O O O O O O O O O O O O O O O O O O O O O O,O O O O O O O O O O O O O O O O O O O O O O O O O O O O O O O O O O O O O O O O O O O O O
131,ĠA Ġreport Ġby Ġanalysts ĠIn Stat / M DR Ġhas Ġpredicted Ġthat Ġsmartphone Ġshipments Ġwill Ġgrow Ġby Ġ44 % Ġover Ġthe Ġnext Ġfive Ġyears .,O O O O O O O O O O O O O O O O O O O O O O O O O,O O O O O O O O O O O O O O O O O O O O O O O O O
132,ĠIt Ġsays Ġthat Ġsmartphones Ġwill Ġmake Ġup Ġ117 Ġmillion Ġout Ġof Ġ8 33 Ġmillion Ġhands ets Ġshipped Ġglobally Ġby Ġ2009 .,O O O O O O O O O O O O O O O O O O O O O,O O O O O O O O O O O O O O O O O O O O O
133,ĠFrench Ġsu itor Ġholds ĠL SE Ġmeeting Ċ Ċ European Ġstock Ġmarket ĠEur one xt Ġhas Ġmet Ġwith Ġthe ĠLondon ĠStock ĠExchange Ġ( L SE ) Ġamid Ġspeculation Ġthat Ġit Ġmay Ġbe Ġready Ġto Ġlaunch Ġa Ġcash Ġbid .,O O O O O O O O O O O O O O O O O O O O O O O O O O O O O O O O O O O O O O O,O O O O O O O O O O O O O O O O O O O O O O O O O O O O O O O O O O O O O O O
134,Ġ Ċ Ċ E ur one xt Ġchief ĠJean - Fran co is ĠTheodore Ġheld Ġtalks Ġwith ĠL SE Ġboss ĠClara ĠF urse Ġthe Ġday Ġafter Ġrival ĠDeutsche ĠBo er se Ġput Ġforward Ġits Ġown Ġbid Ġcase .,O O O O O O O O B-BUSINESS-EXECUTIVE-MANAGER I-BUSINESS-EXECUTIVE-MANAGER I-BUSINESS-EXECUTIVE-MANAGER I-BUSINESS-EXECUTIVE-MANAGER I-BUSINESS-EXECUTIVE-MANAGER I-BUSINESS-EXECUTIVE-MANAGER O O O O O O B-BUSINESS-EXECUTIVE-MANAGER I-BUSINESS-EXECUTIVE-MANAGER I-BUSINESS-EXECUTIVE-MANAGER O O O O O O O O O O O O O O O,O O O O O O O O B-BUSINESS-EXECUTIVE-MANAGER I-BUSINESS-EXECUTIVE-MANAGER I-BUSINESS-EXECUTIVE-MANAGER I-BUSINESS-EXECUTIVE-MANAGER I-BUSINESS-EXECUTIVE-MANAGER I-BUSINESS-EXECUTIVE-MANAGER O O O O O O B-BUSINESS-EXECUTIVE-MANAGER I-BUSINESS-EXECUTIVE-MANAGER I-BUSINESS-EXECUTIVE-MANAGER O O O O O O O O O O O O O O O
135,"ĠThe ĠGerman Ġexchange Ġsaid Ġit Ġhad Ġheld Ġ"" construct ive , Ġprofessional Ġand Ġfriendly "" Ġtalks Ġwith Ġthe ĠL SE .",O O O O O O O O O O O O O O O O O O O O O,O O O O O O O O O O O O O O O O O O O O O
136,ĠBut ĠEur one xt Ġdeclined Ġto Ġcomment Ġafter Ġthe Ġtalks Ġended Ġon ĠFriday .,O O O O O O O O O O O O O O,O B-PUBLIC-FIGURE I-PUBLIC-FIGURE I-PUBLIC-FIGURE O O O O O O O O O O
137,ĠSpe culation Ġis Ġmounting Ġthat Ġthe ĠGermans Ġmay Ġraise Ġtheir Ġbid Ġto ĠÂ£ 1 . 5 bn .,O O O O O O O O O O O O O O O O O O,O O O O O O O O O O O O O O O O O O
138,"ĠDeutsche ĠBo er se Ġpreviously Ġoffered ĠÂ£ 1 . 3 bn , Ġwhich Ġwas Ġrejected Ġby Ġthe ĠL SE , Ġwhile ĠEur one xt Ġis Ġrum oured Ġto Ġhave Ġfacilities Ġin Ġplace Ġto Ġfund Ġa ĠÂ£ 1 . 4 bn Ġcash Ġbid .",O O O O O O O O O O O O O O O O O O O O O O O O O O O O O O O O O O O O O O O O O O O,O O O O O O O O O O O O O O O O O O O O O O O O O O O O O O O O O O O O O O O O O O O
139,"ĠSo Ġfar , Ġhowever , Ġneither Ġhave Ġt abled Ġa Ġformal Ġbid .",O O O O O O O O O O O O O,O O O O O O O O O O O O O
140,ĠBut Ġa Ġdeal Ġwith Ġeither Ġbidder Ġwould Ġcreate Ġthe Ġbiggest Ġstock Ġmarket Ġoperator Ġin ĠEurope Ġand Ġthe Ġsecond Ġbiggest Ġin Ġthe Ġworld Ġafter Ġthe ĠNew ĠYork ĠStock ĠExchange .,O O O O O O O O O O O O O O O O O O O O O O O O O O O O O,O O O O O O O O O O O O O O O O O O O O O O O O O O O O O
141,Ġ Ċ Ċ There Ġwas Ġspeculation ĠEur one xt Ġwould Ġuse ĠFriday 's Ġmeeting Ġas Ġan Ġopportunity Ġto Ġtake Ġadvantage Ġof Ġgrowing Ġdis quiet Ġover ĠDeutsche ĠBo er se 's Ġown Ġplans Ġfor Ġdominance Ġover Ġthe ĠLondon Ġmarket .,O O O O O O O O O O O O O O O O O O O O O O O O O O O O O O O O O O O O O O O,O O O O O O O O O O O O O O O O O O O O O O O O O O O O O O O O O O O O O O O
142,"ĠUn ions Ġfor ĠDeutsche ĠBo er se Ġstaff Ġin ĠFrankfurt Ġhas Ġreportedly Ġexpressed Ġfears Ġthat Ġup Ġto Ġ300 Ġjobs Ġwould Ġbe Ġmoved Ġto ĠLondon Ġif Ġthe Ġtakeover Ġis Ġsuccessful . Ġ""",O O O O O O O O O O O O O O O O O O O O O O O O O O O O O O O,O O O O O O O O O O O O O O O O O O O O O O O O O O O O O O O
143,"ĠThe Ġworks Ġcouncil Ġhas Ġexpressed Ġconcerns Ġthat Ġthe Ġequ ities Ġand Ġderivatives Ġtrade Ġcould Ġbe Ġmanaged Ġfrom ĠLondon Ġin Ġthe Ġfuture ,"" ĠReuters Ġnews Ġagency Ġreports Ġa Ġunion Ġsource Ġas Ġsaying .",O O O O O O O O O O O O O O O O O O O O O O O O O O O O O O O O,O O O O O O O O O O O O O O O O O O O O O O O O O O O O O O O O
144,ĠGerman Ġpoliticians Ġare Ġalso Ġsaid Ġto Ġbe Ġangry Ġover Ġthe Ġmarket Ġoperator 's Ġpromise Ġto Ġmove Ġits Ġheadquarters Ġto ĠLondon Ġif Ġa Ġbid Ġwere Ġsuccessful .,O O O O O O O O O O O O O O O O O O O O O O O O O O,O O O O O O O O O O O O O O O O O O O O O O O O O O
145,"Ġ Ċ Ċ Meanwhile , ĠL SE Ġshareholders Ġfear Ġthat ĠDeutsche ĠBo er se 's Ġcontrol Ġover Ġits ĠClear stream Ġunit Ġ- Ġthe Ġclearing Ġhouse Ġthat Ġprocesses Ġsecurities Ġtransactions Ġ- Ġwould Ġcreate Ġa Ġmonopoly Ġsituation .",O O O O O O O O O O O O O O O O O O O O O O O O O O O O O O O O O O O O,O O O O O O O O O O B-BUSINESS-EXECUTIVE-MANAGER I-BUSINESS-EXECUTIVE-MANAGER I-BUSINESS-EXECUTIVE-MANAGER I-BUSINESS-EXECUTIVE-MANAGER I-BUSINESS-EXECUTIVE-MANAGER O O O O O O O O O O O O O O O O O O O O O
146,ĠThis Ġwould Ġweaken Ġthe Ġposition Ġof Ġshareholders Ġwhen Ġnegotiating Ġlower Ġtransaction Ġfees Ġfor Ġshare Ġdealings .,O O O O O O O O O O O O O O O O,O O O O O O O O O O O O O O O O
147,"ĠL SE Ġand ĠEur one xt Ġdo Ġnot Ġhave Ġcontrol Ġover Ġtheir Ġclearing Ġand Ġsettlement Ġoperations , Ġa Ġsituation Ġwhich Ġcritics Ġsay Ġis Ġmore Ġtransparent Ġand Ġcompetitive .",O O O O O O O O O O O O O O O O O O O O O O O O O O O O,O O O O O O O O O O O O O O O O O O O O O O O O O O O O
148,ĠThe ĠGerman Ġgroup 's Ġownership Ġof ĠClear stream Ġhas Ġbeen Ġseen Ġas Ġthe Ġmain Ġstumbling Ġblock Ġto Ġa ĠLondon - Frank furt Ġmerger .,O O O O O O O O O O O O O O O O O O O O O O O O,O O O O O O O O O O O O O O O O O O O O O O O O
149,"ĠComment ators Ġbelieve ĠDeutsche ĠBo er se , Ġwhich Ġhas Ġnow Ġformally Ġasked ĠGerman Ġauthorities Ġto Ġapprove Ġits Ġplan Ġto Ġbuy Ġthe ĠL SE , Ġmay Ġoffer Ġto Ġsell ĠClear stream Ġto Ġgain Ġshareholder Ġapproval .",O O O O O O O O O O O O O O O O O O O O O O O O O O O O O O O O O O O O,O O O O O O O O O O O O O O O O O O O O O O O O O O O O O O O O O O O O
150,"ĠEur one xt , Ġso Ġfar , Ġhas Ġgiven Ġlittle Ġaway Ġas Ġto Ġwhat Ġsweet eners Ġit Ġwill Ġoffer Ġthe ĠL SE Ġ- ĠEurope 's Ġbiggest Ġequity Ġmarket Ġ- Ġinto Ġa Ġdeal .",O O O O O O O O O O O O O O O O O O O O O O O O O O O O O O O O O,O O O O O O O O O O O O O O O O O O O O O O O O O O O O O O O O O
151,"ĠGerman Ġeconomy Ġrebounds Ċ Ċ Germany 's Ġeconomy , Ġthe Ġbiggest Ġamong Ġthe Ġ12 Ġcountries Ġsharing Ġthe Ġeuro , Ġgrew Ġat Ġits Ġfastest Ġrate Ġin Ġfour Ġyears Ġduring Ġ2004 , Ġdriven Ġby Ġstrong Ġexports .",O O O O O O O O O O O O O O O O O O O O O O O O O O O O O O O O O O O,O O O O O O O O O O O O O O O O O O O O O O O O O O O O O O O O O O O
152,"Ġ Ċ Ċ G ross Ġdomestic Ġproduct Ġ( G DP ) Ġrose Ġby Ġ1 . 7 % Ġlast Ġyear , Ġthe Ġstatistical Ġoffice Ġsaid .",O O O O O O O O O O O O O O O O O O O O O O O O O,O O O O O O O O O O O O O O O O O O O O O O O O O
153,ĠThe Ġeconomy Ġcontracted Ġin Ġ2003 .,O O O O O O,O O O O O O
154,"ĠForeign Ġsales Ġincreased Ġby Ġ8 . 2 % Ġlast Ġyear , Ġcompared Ġwith Ġa Ġ0 . 3 % Ġslide Ġin Ġprivate Ġconsumption .",O O O O O O O O O O O O O O O O O O O O O O O,O O O O O O O O O O O O O O O O O O O O O O O
155,"ĠConcern s Ġremain , Ġhowever , Ġover Ġthe Ġstrength Ġof Ġthe Ġeuro , Ġweak Ġdomestic Ġdemand Ġand Ġa Ġsluggish Ġlabour Ġmarket .",O O O O O O O O O O O O O O O O O O O O O O,O O O O O O O O O O O O O O O O O O O O O O
156,ĠThe ĠEuropean ĠCentral ĠBank Ġ( EC B ) Ġleft Ġits Ġbenchmark Ġinterest Ġrate Ġunchanged Ġat Ġ2 % Ġon ĠThursday .,O O O O O O O O O O O O O O O O O O O O,O O O O O O O O O O O O O O O O O O O O
157,ĠIt Ġis Ġthe Ġnineteenth Ġmonth Ġin Ġa Ġrow Ġthat Ġthe ĠECB Ġhas Ġnot Ġmoved Ġborrowing Ġcosts .,O O O O O O O O O O O O O O O O O,O O O O O O O O O O O O O O O O O
158,"ĠEconom ists Ġpredict Ġthat Ġan Ġincrease Ġis Ġunlikely Ġto Ġcome Ġuntil Ġthe Ġsecond Ġhalf Ġof Ġ2005 , Ġwith Ġgrowth Ġset Ġto Ġsp utter Ġrather Ġthan Ġignite .",O O O O O O O O O O O O O O O O O O O O O O O O O O O,O O O O O O O O O O O O O O O O O O O O O O O O O O O
159,"Ġ Ċ Ċ "" During Ġ2004 Ġwe Ġprof ited Ġfrom Ġthe Ġfact Ġthat Ġthe Ġworld Ġeconomy Ġwas Ġstrong ,"" Ġsaid ĠStefan ĠSch il be , Ġanalyst Ġat ĠHSBC ĠTr ink aus Ġ& ĠBurk hardt . Ġ""",O O O O O O O O O O O O O O O O O O O O B-PUBLIC-FIGURE I-PUBLIC-FIGURE I-PUBLIC-FIGURE I-PUBLIC-FIGURE O O O O O O O O O O O O,O O O O O O O O O O O O O O O O O O O O B-BUSINESS-EXECUTIVE-MANAGER I-BUSINESS-EXECUTIVE-MANAGER I-BUSINESS-EXECUTIVE-MANAGER I-BUSINESS-EXECUTIVE-MANAGER O O O O O O O O O O O O
160,"ĠIf Ġexports Ġweaken Ġand Ġdomestic Ġgrowth Ġremains Ġpoor , Ġwe Ġcannot Ġexpect Ġmuch Ġfrom Ġ2005 .""",O O O O O O O O O O O O O O O O,O O O O O O O O O O O O O O O O
161,ĠMany ĠGerman Ġconsumers Ġhave Ġbeen Ġsp ooked Ġand Ġunsett led Ġby Ġgovernment Ġattempts Ġto Ġreform Ġthe Ġwelfare Ġstate Ġand Ġcorporate Ġenvironment .,O O O O O O O O O O O O O O O O O O O O O O,O O O O O O O O O O O O O O O O O O O O O O
162,"ĠMajor Ġcompanies Ġincluding ĠVolkswagen , ĠD aim ler Ch rys ler Ġand ĠSiem ens Ġhave Ġspent Ġmuch Ġof Ġ2004 Ġin Ġtough Ġtalks Ġwith Ġunions Ġabout Ġtrim ming Ġjobs Ġand Ġcosts .",O O O O O O O O O O O O O O O O O O O O O O O O O O O O O O O,O O O O O O O O O O O O O O O O O O O O O O O O O O O O O O O
163,ĠThey Ġhave Ġalso Ġwarned Ġthere Ġare Ġmore Ġcost Ġcutting Ġmeasures Ġon Ġthe Ġhorizon .,O O O O O O O O O O O O O O,O O O O O O O O O O O O O O
164,ĠReg iments ' Ġgroup Ġin Ġpoll Ġmove Ċ Ċ A Ġreg iments ' Ġcampaign Ġgroup Ġis Ġto Ġtarget Ġnine Ġmarginal ĠLabour Ġseats Ġat Ġthe ĠGeneral ĠElection .,O O O O O O O O O O O O O O O O O O O O O O O O O O O,O O O O O O O O O O O O O O O O O O O O O O O O O O O
165,Ġ Ċ Ċ Save Ġthe ĠScottish ĠReg iments Ġwill Ġalso Ġfield Ġa Ġcandidate Ġagainst ĠArmed ĠForces ĠMinister ĠAdam ĠIngram Ġin ĠEast ĠKil br ide .,O O O O O O O O O O O O O O O O O B-POLITICIAN I-POLITICIAN O O O O O O,O O O O O O O O O O O O O O O O O B-POLITICIAN I-POLITICIAN O O O O O O
166,"ĠThe Ġgroup , Ġwhich Ġis Ġunhappy Ġat Ġdefence Ġmerger Ġplans , Ġis Ġendorsing Ġopposition Ġcandidates Ġin Ġnine Ġseats .",O O O O O O O O O O O O O O O O O O O,O O O O O O O O O O O O O O O O O O O
167,"ĠThe Ġmarg inals Ġare ĠAberdeen ĠSouth , ĠDum f ri ess hire , ĠDund ee ĠEast Ġand ĠWest , ĠSouth ĠWest ĠEdinburgh , ĠO ch il , ĠSt irling , ĠEast ĠRen f rew shire Ġand ĠWestern ĠIsles .",O O O O O O O O O O O O O O O O O O O O O O O O O O O O O O O O O O O O O O O,O O O O O O O O O O O O O O O O O O O O O O O O O O O O O O O O O O O O O O O
168,ĠThe Ġcampaigners Ġunveiled Ġa Ġhuge Ġposter Ġfeaturing ĠBlack ĠWatch Ġsoldiers Ġfighting Ġthe Ġwar Ġin ĠIraq Ġbefore Ġthey Ġannounced Ġtheir Ġelection Ġplans .,O O O O O O O O O O O O O O O O O O O O O O,O O O O O O O O O O O O O O O O O O O O O O
169,Ġ Ċ Ċ Former ĠScots ĠGuards man ĠAllan ĠHend ry Ġwill Ġchallenge ĠMr ĠIngram .,O O O O O O O B-PUBLIC-FIGURE I-PUBLIC-FIGURE I-PUBLIC-FIGURE O O O O O,O O O O O O O B-PUBLIC-FIGURE I-PUBLIC-FIGURE I-PUBLIC-FIGURE O O O B-BUSINESS-EXECUTIVE-MANAGER O
170,"ĠThe Ġgroup Ġsaid Ġit Ġis Ġwell Ġorganised , Ġwith Ġ350 Ġvolunteers , Ġand Ġwill Ġbe Ġannouncing Ġat Ġleast Ġone Ġother Ġcandidate Ġlater .",O O O O O O O O O O O O O O O O O O O O O O O,O O O O O O O O O O O O O O O O O O O O O O O
171,ĠIt Ġadded Ġthat Ġit Ġcan Ġonly Ġbe Ġstopped Ġfrom Ġinflicting Ġserious Ġdamage Ġon ĠLabour Ġif Ġthe Ġgovernment Ġrevers es Ġits Ġplan Ġto Ġmerge Ġthe Ġsix ĠScottish Ġreg iments .,O O O O O O O O O O O O O O O O O O O O O O O O O O O O O,O O O O O O O O O O O O O O O O O O O O O O O O O O O O O
172,"Ġ Ċ Ċ Scotland 's Ġonly ĠConservative ĠMP ĠPeter ĠDuncan Ġsaid Ġthe ĠSave Ġthe ĠScottish ĠReg iments Ġhad Ġdone Ġa Ġ"" super b Ġjob "" Ġin Ġfighting Ġagainst Ġdefence Ġcuts .",O O O O O O O O B-POLITICIAN I-POLITICIAN O O O O O O O O O O O O O O O O O O O O O,O O O O O O O O B-POLITICIAN I-POLITICIAN O O O O O O O O O O O O O O O O O O O O O
173,"ĠHe Ġadded : Ġ"" Their Ġactions Ġhave Ġreflected Ġthe Ġpride Ġthat Ġmost Ġpeople Ġin Ġthis Ġcountry Ġhave Ġin Ġour Ġtroops , Ġand Ġhave Ġshown Ġa Ġst eely Ġdetermination Ġto Ġmake ĠLabour Ġpay Ġfor Ġtheir Ġbetrayal . Ġ""",O O O O O O O O O O O O O O O O O O O O O O O O O O O O O O O O O O O O O,O O O O O O O O O O O O O O O O O O O O O O O O O O O O O O O O O O O O O
174,"ĠI Ġhave Ġbeen Ġhonoured Ġto Ġspeak Ġat Ġtheir Ġrallies Ġthroughout ĠScotland .""",O O O O O O O O O O O O,O O O O O O O O O O O O
175,"ĠScottish ĠNational ĠParty Ġleader ĠAlex ĠSal mond Ġsaid Ġit Ġhad Ġreceived Ġa Ġ"" big Ġboost "" Ġfrom Ġthe Ġcampaign 's Ġdecision Ġto Ġendorse ĠSNP Ġcandidates Ġin Ġfour Ġmarginal Ġseats .",O O O O B-POLITICIAN I-POLITICIAN I-POLITICIAN O O O O O O O O O O O O O O O O O O O O O O O,O O O O B-POLITICIAN I-POLITICIAN I-POLITICIAN O O O O O O O O O O O O O O O O O O O O O O O
176,"Ġ Ċ Ċ "" Labour 's Ġarrogance Ġhas Ġbeen Ġtheir Ġundo ing .",O O O O O O O O O O O O O,O O O O O O O O O O O O O
177,"ĠIn Ġtrying Ġto Ġget Ġrid Ġof ĠScotland 's Ġhistoric Ġreg iments , ĠLabour ĠMPs Ġwill Ġend Ġup Ġbeing Ġscrapped Ġthemselves ,"" Ġhe Ġsaid .",O O O O O O O O O O O O O O O O O O O O O O O O,O O O O O O O O O O O O O O O O O O O O O O O O
178,"ĠHowever , ĠLabour ĠMP ĠGeorge ĠF oul kes Ġsaid Ġthe Ġcampaigners Ġwould Ġnot Ġmake Ġany Ġdifference Ġto Ġthe Ġoutcome Ġof Ġthe Ġelection Ġand Ġwould Ġnot Ġwin Ġthe Ġargument . Ġ""",O O O O B-POLITICIAN I-POLITICIAN I-POLITICIAN I-POLITICIAN O O O O O O O O O O O O O O O O O O O O O O,O O O O B-POLITICIAN I-POLITICIAN I-POLITICIAN I-POLITICIAN O O O O O O O O O O O O O O O O O O O O O O
179,"ĠA Ġserving Ġsoldier Ġknows Ġthat Ġwhat ĠLabour Ġis Ġproposing Ġis Ġright ,"" Ġhe Ġsaid .",O O O O O O O O O O O O O O O,O O O O O O O O O O O O O O O
180,"ĠAs Ġwell Ġas Ġtheir Ġelection Ġmove , ĠSave Ġthe ĠScottish ĠReg iments Ġwill Ġjoin Ġother Ġcampaigners Ġat Ġa Ġrally Ġin ĠLondon Ġin Ġthe Ġspring .",O O O O O O O O O O O O O O O O O O O O O O O O O,O O O O O O O O O O O O O O O O O O O O O O O O O
181,ĠDefence ĠSecretary ĠGeoff ĠH oon Ġannounced Ġlast Ġyear Ġthat ĠScotland 's Ġreg iments Ġwould Ġbe Ġcombined Ġinto Ġa Ġsingle Ġunit .,O O B-POLITICIAN I-POLITICIAN I-POLITICIAN O O O O O O O O O O O O O O O O,O O B-POLITICIAN I-POLITICIAN I-POLITICIAN O O O O O O O O O O O O O O O O
182,ĠThe Ġmove Ġwas Ġpart Ġof Ġoverall ĠArmy Ġreforms .,O O O O O O O O O,O O O O O O O O O
183,ĠMicrosoft Ġsets Ġsights Ġon Ġspy ware Ċ Ċ Windows Ġusers Ġcould Ġsoon Ġbe Ġpaying ĠMicrosoft Ġto Ġkeep ĠPCs Ġfree Ġof Ġspy ware .,O O O O O O O O O O O O O O O O O O O O O O O,O O O O O O O O O O O O O O O O O O O O O O O
184,"Ġ Ċ Ċ Following Ġthe Ġtakeover Ġof Ġanti - sp y ware Ġfirm ĠGiant , ĠMicrosoft Ġsaid Ġit Ġwould Ġsoon Ġrelease Ġa Ġtool kit Ġthat Ġstrips Ġmachines Ġof Ġthe Ġirritating Ġprograms .",O O O O O O O O O O O O O O O O O O O O O O O O O O O O O O O O,O O O O O O O O O O O O O O O O O O O O O O O O O O O O O O O O
185,"ĠAlthough Ġinitially Ġfree , ĠMicrosoft Ġhas Ġnot Ġruled Ġout Ġcharging Ġpeople Ġwho Ġwant Ġto Ġkeep Ġthis Ġtool kit Ġup Ġto Ġdate .",O O O O O O O O O O O O O O O O O O O O O O,O O O O O O O O O O O O O O O O O O O O O O
186,ĠSurve ys Ġshow Ġthat Ġalmost Ġevery ĠWindows ĠPC Ġis Ġinf ested Ġwith Ġspy ware Ġprograms Ġthat Ġdo Ġeverything Ġfrom Ġbombard Ġusers Ġwith Ġad verts Ġto Ġsteal Ġlogin Ġdata .,O O O O O O O O O O O O O O O O O O O O O O O O O O O O O,O O O O O O O O O O O O O O O O O O O O O O O O O O O O O
187,ĠMicrosoft Ġsaid Ġthat Ġa Ġbeta Ġversion Ġof Ġthe Ġtool kit Ġto Ġclean Ġup ĠWindows Ġmachines Ġshould Ġbe Ġavailable Ġwithin Ġ30 Ġdays .,O O O O O O O O O O O O O O O O O O O O O O,O O O O O O O O O O O O O O O O O O O O O O
188,"Ġ Ċ Ċ Des igned Ġfor ĠPCs Ġrunning ĠWindows Ġ2000 Ġand ĠXP , Ġthe Ġutility Ġwill Ġclean Ġout Ġspy ware Ġprograms , Ġconstantly Ġmonitor Ġwhat Ġhappens Ġon Ġa ĠPC Ġand Ġwill Ġbe Ġregularly Ġupdated Ġto Ġcatch Ġthe Ġlatest Ġvariants .",O O O O O O O O O O O O O O O O O O O O O O O O O O O O O O O O O O O O O O O O,O O O O O O O O O O O O O O O O O O O O O O O O O O O O O O O O O O O O O O O O
189,"ĠBefore Ġnow Ġmany Ġof ĠMicrosoft 's Ġother Ġsecurity Ġboosting Ġprograms , Ġsuch Ġas Ġthe Ġfirewall Ġin ĠWindows ĠXP , Ġhave Ġbeen Ġgiven Ġaway Ġfree .",O O O O O O O O O O O O O O O O O O O O O O O O O,O O O O O O O O O O O O O O O O O O O O O O O O O
190,"ĠBut ĠMike ĠNash , Ġvice Ġpresident Ġin ĠMicrosoft 's Ġsecurity Ġbusiness Ġunit , Ġsaid Ġit Ġwas Ġstill Ġworking Ġout Ġpricing Ġand Ġlicensing Ġissues .",O B-BUSINESS-EXECUTIVE-MANAGER I-BUSINESS-EXECUTIVE-MANAGER O O O O O O O O O O O O O O O O O O O O O,O B-BUSINESS-EXECUTIVE-MANAGER I-BUSINESS-EXECUTIVE-MANAGER O O O O O O O O O O O O O O O O O O O O O
191,"ĠCharg ing Ġfor Ġfuture Ġversions Ġhas Ġnot Ġbeen Ġdiscounted , Ġhe Ġsaid . Ġ""",O O O O O O O O O O O O O O,O O O O O O O O O O O O O O
192,"ĠWe 'll Ġcome Ġup Ġwith Ġa Ġplan Ġand Ġroll Ġthat Ġout ,"" Ġhe Ġsaid .",O O O O O O O O O O O O O O O,O O O O O O O O O O O O O O O
193,ĠThe Ġplan Ġcould Ġturn Ġout Ġto Ġbe Ġa Ġlucrative Ġone Ġfor ĠMicrosoft .,O O O O O O O O O O O O O,O O O O O O O O O O O O O
194,"ĠA Ġrecent Ġsurvey Ġby ĠEarth link Ġand ĠWeb root Ġfound Ġthat Ġ90 % Ġof ĠPCs Ġare Ġinf ested Ġwith Ġthe Ġsur re pt itious Ġsoftware Ġand Ġthat , Ġon Ġaverage , Ġeach Ġone Ġis Ġharbour ing Ġ28 Ġseparate Ġspy ware Ġprograms .",O O O O O O O O O O O O O O O O O O O O O O O O O O O O O O O O O O O O O O O O O O,O O O O O O O O O O O O O O O O O O O O O O O O O O O O O O O O O O O O O O O O O O
195,ĠCurrently Ġusers Ġwanting Ġprotection Ġfrom Ġspy ware Ġhave Ġturned Ġto Ġfree Ġprograms Ġsuch Ġas ĠSpy bot Ġand ĠAd - A ware .,O O O O O O O O O O O O O O O O O O O O O O,O O O O O O O O O O O O O O O O O O O O O O
196,ĠSpy ware Ġcomes Ġin Ġmany Ġforms Ġand Ġat Ġits Ġmost Ġbenign Ġexploits Ġlazy Ġbrowsing Ġhabits Ġto Ġinstall Ġitself Ġand Ġsubject Ġusers Ġto Ġunwanted Ġad verts .,O O O O O O O O O O O O O O O O O O O O O O O O O O,O O O O O O O O O O O O O O O O O O O O O O O O O O
197,ĠOther Ġforms Ġhij ack Ġnet Ġbrowser Ġsettings Ġto Ġforce Ġpeople Ġto Ġview Ġpages Ġthey Ġwould Ġotherwise Ġnever Ġvisit .,O O O O O O O O O O O O O O O O O O O,O O O O O O O O O O O O O O O O O O O
198,"ĠAt Ġits Ġmost Ġmal ign , Ġspy ware Ġwatches Ġeverything Ġthat Ġpeople Ġdo Ġwith Ġtheir ĠPC Ġand Ġsteals Ġlogin Ġinformation Ġand Ġother Ġpersonal Ġdata .",O O O O O O O O O O O O O O O O O O O O O O O O O,O O O O O O O O O O O O O O O O O O O O O O O O O
199,ĠMicrosoft 's Ġannouncement Ġabout Ġspy ware Ġcomes Ġafter Ġit Ġbought Ġsmall ĠNew ĠYork Ġsoftware Ġfirm ĠGiant ĠCompany ĠSoftware .,O O O O O O O O O O O O O O O O O O O,O O O O O O O O O O O O O O O O O O O
200,ĠTerms Ġof Ġthe Ġacquisition Ġwere Ġnot Ġdisclosed .,O O O O O O O O,O O O O O O O O
201,ĠStevens Ġnamed Ġin ĠEngland Ġline - up Ċ Ċ England Ġhave Ġnamed ĠBath Ġprop ĠMatt ĠStevens Ġin Ġthe Ġstarting Ġline - up Ġfor Ġtheir ĠSix ĠNations Ġmatch Ġagainst ĠIreland Ġat ĠLans down e ĠRoad Ġon ĠSunday .,O O O O O O O O O O O O O O B-ATHLETE I-ATHLETE O O O O O O O O O O O O O O O O O O O O O,B-ATHLETE O O O O O O O O O O O O O B-ATHLETE I-ATHLETE O O O O O O O O O O O O O O O O O O O O O
202,"Ġ Ċ Ċ F ellow ĠBath Ġprop ĠDuncan ĠBell Ġwill Ġstart Ġon Ġthe Ġbench , Ġas Ġcoach ĠAndy ĠRobinson Ġmakes Ġjust Ġone Ġchange Ġto Ġthe Ġteam Ġthat Ġwas Ġbeaten Ġby ĠFrance .",O O O O O O O B-ATHLETE I-ATHLETE O O O O O O O O B-ATHLETE I-ATHLETE O O O O O O O O O O O O O,O O O O O O O B-ATHLETE I-ATHLETE O O O O O O O O B-ATHLETE I-ATHLETE O O O O O O O O O O O O O
203,ĠIt Ġwill Ġbe ĠStevens ' Ġfirst Ġstart Ġafter Ġtwo Ġcaps Ġas Ġa Ġreplacement Ġagainst Ġthe ĠAll ĠBlacks Ġlast Ġyear .,O O O O O O O O O O O O O O O O O O O O,O O O B-ATHLETE O O O O O O O O O O O O O O O O
204,ĠLeicester Ġduo ĠO ll ie ĠSmith Ġand ĠAndy ĠGood e Ġhave Ġbeen Ġdrafted Ġonto Ġthe Ġbench .,O O B-ATHLETE I-ATHLETE I-ATHLETE I-ATHLETE O B-ATHLETE I-ATHLETE I-ATHLETE O O O O O O O,O O B-ATHLETE I-ATHLETE I-ATHLETE I-ATHLETE O B-ATHLETE I-ATHLETE I-ATHLETE O O O O O O O
205,"ĠStevens Ġtakes Ġover Ġfrom ĠPhil ĠVick ery , Ġwho Ġsuffered Ġa Ġbroken Ġarm Ġplaying Ġfor ĠGlou cester Ġlast Ġweekend . Ġ""",O O O O B-ATHLETE I-ATHLETE I-ATHLETE O O O O O O O O O O O O O O,B-ATHLETE O O O B-ATHLETE I-ATHLETE I-ATHLETE O O O O O O O O O O O O O O
206,"ĠI 'm Ġconfident ĠMatt Ġwill Ġgrasp Ġthis Ġopportunity Ġand Ġmake Ġhis Ġmark Ġagainst ĠIreland ,"" Ġsaid ĠRobinson .",O O O O O O O O O O O O O O O O O O,O O O B-ATHLETE O O O O O O O O O O O O B-ATHLETE O
207,"Ġ Ċ Ċ "" All Ġthree Ġplayers Ġhave Ġshown Ġoutstanding Ġform Ġof Ġlate , Ġmost Ġrecently Ġin Ġthe ĠEngland ĠA Ġwin Ġagainst ĠFrance ĠA Ġand Ġfor Ġtheir Ġclub ,"" Ġadded ĠRobinson . Ġ""",O O O O O O O O O O O O O O O O O O O O O O O O O O O O O O O O O,O O O O O O O O O O O O O O O O O O O O O O O O O O O O O O B-ATHLETE O O
208,"ĠSelection Ġbeck ons Ġwhen Ġplayers Ġdemonstrate Ġsuch Ġconsistent Ġability . Ġ""",O O O O O O O O O O O,O O O O O O O O O O O
209,ĠThis Ġgame Ġagainst ĠIreland Ġwill Ġbe Ġmassive .,O O O O O O O O,O O O O O O O O
210,"ĠWe Ġrecognise Ġit 's Ġa Ġmust - win Ġgame Ġfor Ġus Ġthis Ġseason .""",O O O O O O O O O O O O O O,O O O O O O O O O O O O O O
211,ĠEngland Ġconfirmed Ġthat ĠSale ĠSharks Ġprop ĠAndrew ĠSheridan Ġwas Ġnot Ġconsidered Ġfor Ġselection Ġbecause Ġof Ġan Ġinjury Ġhe Ġpicked Ġup Ġto Ġthe Ġback Ġof Ġhis Ġankle Ġduring Ġlast ĠFriday 's Ġmatch Ġagainst ĠLeeds .,O O O O O O B-ATHLETE I-ATHLETE O O O O O O O O O O O O O O O O O O O O O O O O O O,O O O O O O B-ATHLETE I-ATHLETE O O O O O O O O O O O O O O O O O O O O O O O O O O
212,"Ġ Ċ Ċ J ĠRobinson Ġ( S ale ĠSharks , Ġcapt ); ĠM ĠCu eto Ġ( S ale ĠSharks ), ĠJ ĠNoon Ġ( New castle ), ĠO ĠBarkley Ġ( B ath ), ĠJ ĠLew sey Ġ( Was ps ); ĠC ĠHodg son Ġ( S ale ĠSharks ), ĠH ĠEllis Ġ( Le icester ); ĠG ĠR ownt ree Ġ( Le icester ), ĠS ĠThompson Ġ( North ampton ), ĠM ĠStevens Ġ( B ath ), ĠD ĠG rew cock Ġ( B ath ), ĠB ĠKay Ġ( Le icester ), ĠJ ĠW ors ley Ġ( Was ps ), ĠL ĠMoody Ġ( Le icester ), ĠM ĠCor ry Ġ( Le icester ).",O O O B-ATHLETE I-ATHLETE O O O O O O O B-ATHLETE I-ATHLETE I-ATHLETE O O O O O B-ATHLETE I-ATHLETE O O O O B-ATHLETE I-ATHLETE O O O O B-ATHLETE I-ATHLETE I-ATHLETE O O O O B-ATHLETE I-ATHLETE I-ATHLETE O O O O O B-ATHLETE I-ATHLETE O O O O B-ATHLETE I-ATHLETE I-ATHLETE I-ATHLETE O O O O B-ATHLETE I-ATHLETE O O O O B-ATHLETE I-ATHLETE O O O O B-ATHLETE I-ATHLETE I-ATHLETE I-ATHLETE O O O O B-ATHLETE I-ATHLETE O O O O B-ATHLETE I-ATHLETE I-ATHLETE I-ATHLETE O O O O B-ATHLETE I-ATHLETE O O O O B-ATHLETE I-ATHLETE I-ATHLETE O O O O,O O O B-ATHLETE I-ATHLETE O O O O O O O B-ATHLETE I-ATHLETE I-ATHLETE O O O O O B-ATHLETE I-ATHLETE O O O O B-ATHLETE I-ATHLETE O O O O B-ATHLETE I-ATHLETE I-ATHLETE O O O O B-ATHLETE I-ATHLETE I-ATHLETE O O O O O B-ATHLETE I-ATHLETE O O O O B-ATHLETE I-ATHLETE I-ATHLETE I-ATHLETE O O O O B-ATHLETE I-ATHLETE O O O O B-ATHLETE I-ATHLETE O O O O B-ATHLETE I-ATHLETE I-ATHLETE I-ATHLETE O O O O B-ATHLETE I-ATHLETE O O O O B-ATHLETE I-ATHLETE I-ATHLETE I-ATHLETE O O O O B-ATHLETE I-ATHLETE O O O O B-ATHLETE I-ATHLETE I-ATHLETE O O O O
213,"Ġ Ċ Ċ A ĠT itter rell Ġ( S ale ĠSharks ), ĠD ĠBell Ġ( B ath ), ĠS ĠB orth wick Ġ( B ath ), ĠA ĠHaz ell Ġ( Gl ou cester ), ĠM ĠDawson Ġ( Was ps ), ĠA ĠGood e Ġ( Le icester ), ĠO ĠSmith Ġ( Le icester ).",O O O B-ATHLETE I-ATHLETE I-ATHLETE I-ATHLETE O O O O O B-ATHLETE I-ATHLETE O O O O B-ATHLETE I-ATHLETE I-ATHLETE I-ATHLETE O O O O B-ATHLETE I-ATHLETE I-ATHLETE O O O O O B-ATHLETE I-ATHLETE O O O O B-ATHLETE I-ATHLETE I-ATHLETE O O O O B-ATHLETE I-ATHLETE O O O O,O O O B-ATHLETE I-ATHLETE I-ATHLETE I-ATHLETE O O O O O B-ATHLETE I-ATHLETE O O O O B-ATHLETE I-ATHLETE I-ATHLETE I-ATHLETE O O O O B-ATHLETE I-ATHLETE I-ATHLETE O O O O O B-ATHLETE I-ATHLETE O O O O B-ATHLETE I-ATHLETE I-ATHLETE O O O O B-ATHLETE I-ATHLETE O O O O
214,"ĠHow l Ġhelps Ġboost ĠJapan 's Ġcinem as Ċ Ċ Japan 's Ġbox Ġoffice Ġreceived Ġa Ġ3 . 8 % Ġboost Ġlast Ġyear , Ġwith Ġticket Ġsales Ġworth Ġ211 bn Ġyen Ġ(Â£ 1 . 08 bn ).",O O O O O O O O O O O O O O O O O O O O O O O O O O O O O O O O O O O O O,O O O O O O O O O O O O O O O O O O O O O O O O O O O O O O O O O O O O O
215,"Ġ Ċ Ċ The Ġsurge Ġwas Ġled Ġby Ġanimated Ġmovie ĠHow l 's ĠMoving ĠCastle , Ġwhich Ġtook Ġ20 bn Ġyen Ġ(Â£ 102 m ) Ġto Ġbecome Ġthe Ġbiggest Ġfilm Ġin ĠJapan Ġin Ġ2004 .",O O O O O O O O O O O O O O O O O O O O O O O O O O O O O O O O O O O,O O O O O O O O O O O O O O O O O O O O O O O O O O O O O O O O O O O
216,ĠIt Ġis Ġexpected Ġto Ġmatch Ġthe Ġ30 . 7 bn Ġyen Ġ(Â£ 157 m ) Ġrecord Ġof ĠHay ao ĠMiy azaki 's Ġprevious Ġfilm ĠSpir ited ĠAway .,O O O O O O O O O O O O O O O O O B-ACTOR-DIRECTOR I-ACTOR-DIRECTOR I-ACTOR-DIRECTOR I-ACTOR-DIRECTOR O O O O O O O,O O O O O O O O O O O O O O O O O B-ACTOR-DIRECTOR I-ACTOR-DIRECTOR I-ACTOR-DIRECTOR I-ACTOR-DIRECTOR I-ACTOR-DIRECTOR O O O O O O
217,ĠJapan ĠMotion ĠPicture ĠPro ducers Ġfigures Ġshowed Ġthat Ġ170 Ġmillion Ġcinema Ġadmissions Ġwere Ġmade Ġin ĠJapan Ġin Ġ2004 .,O O O O O O O O O O O O O O O O O O O,O O O O O O O O O O O O O O O O O O O
218,"ĠThe ĠLast ĠSamurai , Ġstarring ĠTom ĠCruise , Ġwas Ġthe Ġbiggest Ġforeign Ġmovie Ġhit Ġin ĠJapan Ġlast Ġyear , Ġtaking Ġ13 . 8 bn Ġyen Ġ(Â£ 70 . 7 m ).",O O O O O B-ACTOR-DIRECTOR I-ACTOR-DIRECTOR O O O O O O O O O O O O O O O O O O O O O O O O,O O O O O B-ACTOR-DIRECTOR I-ACTOR-DIRECTOR O O O O O O O O O O O O O O O O O O O O O O O O
219,"Ġ Ċ Ċ It Ġwas Ġfollowed Ġby ĠHarry ĠPotter Ġand Ġthe ĠPrison er Ġof ĠAz k aban , ĠFinding ĠNem o Ġand ĠThe ĠLord Ġof Ġthe ĠRings : ĠThe ĠReturn Ġof Ġthe ĠKing .",O O O O O O O O O O O O O O O O O O O O O O O O O O O O O O O O O O,O O O O O O O O O O O O O O O O O O O O O O O O O O O O O O O O O O
220,"ĠThe Ġsecond Ġhighest - gross ing ĠJapanese Ġfilm Ġwas Ġromantic Ġdrama ĠCry ing ĠOut ĠLove Ġin Ġthe ĠCentre Ġof Ġthe ĠWorld , Ġfollowed Ġby ĠBe ĠWith ĠYou Ġand ĠPocket ĠMonsters ĠAdvanced ĠGeneration .",O O O O O O O O O O O O O O O O O O O O O O O O O O O O O O O O O,O O O O O O O O O O O O O O O O O O O O O O O O O O O O O O O O O
221,"ĠJapanese Ġfilms Ġaccounted Ġfor Ġ37 . 5 % Ġof ĠJapan 's Ġbox Ġoffice Ġtotal Ġlast Ġyear , Ġwith Ġforeign Ġfilms Ġtaking Ġthe Ġremaining Ġ62 . 5 %.",O O O O O O O O O O O O O O O O O O O O O O O O O O O,O O O O O O O O O O O O O O O O O O O O O O O O O O O
222,ĠThis Ġrepresented Ġa Ġ4 . 5 % Ġgain Ġfor Ġthe Ġproportion Ġof ĠJapanese Ġfilms Ġin Ġ2004 Ġcompared Ġto Ġ2003 .,O O O O O O O O O O O O O O O O O O O O,O O O O O O O O O O O O O O O O O O O O
223,ĠThe Ġnumber Ġof ĠJapanese Ġfilms Ġreleased Ġrose Ġto Ġ310 Ġin Ġ2004 Ġfrom Ġ287 Ġthe Ġprevious Ġyear .,O O O O O O O O O O O O O O O O O,O O O O O O O O O O O O O O O O O
224,ĠSales Ġof Ġmovies Ġon ĠDVD Ġand Ġvideo Ġamounted Ġto Ġ49 7 bn Ġyen Ġ(Â£ 2 . 54 bn ) Ġfor Ġthe Ġyear .,O O O O O O O O O O O O O O O O O O O O O O O,O O O O O O O O O O O O O O O O O O O O O O O
225,ĠJohnson Ġannounces ĠJune Ġretirement Ċ Ċ Former ĠEngland Ġcaptain ĠMartin ĠJohnson Ġhas Ġannounced Ġhe Ġis Ġto Ġretire Ġfrom Ġrugby Ġunion Ġat Ġthe Ġend Ġof Ġthe Ġseason .,O O O O O O O O O B-ATHLETE I-ATHLETE O O O O O O O O O O O O O O O O,B-ATHLETE O O O O O O O O B-ATHLETE I-ATHLETE O O O O O O O O O O O O O O O O
226,"Ġ Ċ Ċ Johnson , Ġwho Ġcapt ained ĠEngland Ġto ĠWorld ĠCup Ġglory Ġin Ġ2003 , Ġwill Ġplay Ġhis Ġfinal Ġmatch Ġin ĠJune .",O O O O O O O O O O O O O O O O O O O O O O O O,O O O B-ATHLETE O O O O O O O O O O O O O O O O O O O O
227,"ĠJohnson Ġwon Ġ84 ĠEngland Ġcaps Ġand Ġquit ĠTest Ġrugby Ġat Ġthe Ġstart Ġof Ġ2004 , Ġjust Ġtwo Ġmonths Ġafter Ġleading ĠSir ĠClive ĠWoodward 's Ġteam Ġto Ġvictory Ġin ĠSydney .",O O O O O O O O O O O O O O O O O O O O B-ATHLETE I-ATHLETE I-ATHLETE O O O O O O O,B-PUBLIC-FIGURE O O O O O O O O O O O O O O O O O O O O B-PUBLIC-FIGURE I-PUBLIC-FIGURE O O O O O O O
228,"ĠThe Ġ34 - year - old ĠLeicester Ġlock 's Ġfinal Ġmatch Ġwill Ġbe Ġhis Ġtestim onial Ġat ĠTw icken ham Ġon Ġ4 ĠJune . Ġ""",O O O O O O O O O O O O O O O O O O O O O O O O O,O O O O O O O O O O O O O O O O O O O O O O O O O
229,"ĠI 'm Ġconfident ĠI Ġhave Ġmade Ġthe Ġright Ġdecision Ġto Ġretire ,"" Ġsaid ĠJohnson . Ġ""",O O O O O O O O O O O O O O O O,O O O O O O O O O O O O O B-ATHLETE O O
230,"ĠI 'm Ġsure Ġthere Ġwill Ġbe Ġtimes Ġnext Ġseason Ġwhen ĠI 'll Ġwish ĠI Ġwas Ġout Ġthere Ġplaying Ġfor Ġthe ĠTigers , Ġbut Ġyou Ġknow Ġwhen Ġthe Ġtime Ġis Ġright Ġto Ġgo Ġand ĠI Ġfeel Ġthis Ġis Ġthe Ġright Ġtime . Ġ""",O O O O O O O O O O O O O O O O O O O O O O O O O O O O O O O O O O O O O O O O O O,O O O O O O O O O O O O O O O O O O O O O O O O O O O O O O O O O O O O O O O O O O
231,"ĠI Ġfeel Ġphysically Ġthat ĠI Ġcould Ġplay Ġfor Ġanother Ġseason , Ġbut Ġplaying Ġweek Ġin Ġand Ġweek Ġout Ġin Ġthe ĠPremiership Ġis Ġa Ġfull - time Ġoccupation Ġand ĠI Ġonly Ġwant Ġto Ġbe Ġout Ġthere Ġfor Ġthe Ġright Ġreasons .""",O O O O O O O O O O O O O O O O O O O O O O O O O O O O O O O O O O O O O O O O,O O O O O O O O O O O O O O O O O O O O O O O O O O O O O O O O O O O O O O O O
232,"ĠJohnson Ġwill Ġalways Ġbe Ġrevered Ġby ĠEngland Ġfans Ġfor Ġcapt aining ĠEngland Ġto Ġtheir Ġdramatic ĠWorld ĠCup Ġwin Ġagainst ĠAustralia Ġin ĠSydney , Ġbut Ġhis Ġlist Ġof Ġachievements Ġdoes Ġnot Ġstop Ġat Ġthat .",O O O O O O O O O O O O O O O O O O O O O O O O O O O O O O O O O O,B-ATHLETE O O O O O O O O O O O O O O O O O O O O O O O O O O O O O O O O O
233,Ġ Ċ Ċ He Ġis Ġthe Ġonly Ġman Ġto Ġcaptain Ġthe ĠLions Ġtwice Ġand Ġhe Ġalso Ġled ĠEngland Ġto Ġa ĠSix ĠNations ĠGrand ĠSlam .,O O O O O O O O O O O O O O O O O O O O O O O O O,O O O O O O O O O O O O O O O O O O O O O O O O O
234,"ĠJohnson Ġalso Ġhad Ġhuge Ġsuccess Ġas Ġcaptain Ġof ĠLeicester , Ġguiding Ġthe ĠTigers Ġto Ġback Ġto Ġback ĠHe ine ken ĠCup Ġvictories Ġand Ġseveral ĠPremiership Ġtitles .",O O O O O O O O O O O O O O O O O O O O O O O O O O O,B-ATHLETE O O O O O O O O O O O O O O O O O O O O O O O O O O
235,ĠApart Ġfrom Ġhis Ġmar vell ous Ġcaptain cy ĠJohnson Ġwas Ġalso Ġone Ġof Ġthe Ġfinest Ġsecond Ġrows Ġto Ġever Ġplay Ġthe Ġgame .,O O O O O O O O O O O O O O O O O O O O O O O,O O O O O O O B-ATHLETE I-ATHLETE O O O O O O O O O O O O O O
236,"ĠTe ak Ġtough Ġand Ġphysically Ġintimidating , Ġhe Ġruled Ġthe Ġr ucks Ġand Ġm aul s Ġfor Ġthe Ġbest Ġpart Ġof Ġa Ġdecade Ġand Ġwas Ġintegral Ġin ĠEngland 's Ġrise Ġto Ġthe Ġtop Ġof Ġthe Ġworld Ġgame .",O O O O O O O O O O O O O O O O O O O O O O O O O O O O O O O O O O O O O O,B-PUBLIC-FIGURE I-PUBLIC-FIGURE O O O O O O O O O O O O O O O O O O O O O O O O O O O O O O O O O O O O
237,"ĠHis Ġfinal Ġappearance Ġwill Ġbe Ġin Ġhis Ġtestim onial Ġat ĠTw icken ham , Ġwhere Ġhe Ġwill Ġlead Ġa Ġteam Ġagainst Ġa Ġside Ġcapt ained Ġby ĠNew ĠZealand Ġwinger ĠJonah ĠL om u .",O O O O O O O O O O O O O O O O O O O O O O O O O O O O O B-ATHLETE I-ATHLETE I-ATHLETE I-ATHLETE O,O O O O O O O O O O O O O O O O O O O O O O O O O O O O O B-ATHLETE I-ATHLETE I-ATHLETE I-ATHLETE O
238,"ĠThe ĠAll ĠBlack Ġis Ġaiming Ġto Ġreturn Ġto Ġaction Ġafter Ġa Ġkidney Ġtransplant Ġand ĠJohnson Ġexpects Ġit Ġto Ġbe Ġa Ġmemorable Ġoccasion . Ġ""",O O O O O O O O O O O O O O O O O O O O O O O O,O O O O O O O O O O O O O O B-MUSICIAN O O O O O O O O O
239,"ĠThis Ġgame Ġagainst ĠJonah Ġwill Ġbe Ġa Ġgreat Ġway Ġto Ġend Ġthe Ġseason Ġand Ġend Ġmy Ġcareer ,"" Ġsaid ĠJohnson .",O O O O O O O O O O O O O O O O O O O O O,O O O B-ATHLETE O O O O O O O O O O O O O O O B-ATHLETE O
240,"ĠL om u , Ġrugby Ġunion 's Ġfirst Ġglobal Ġsuperstar Ġafter Ġhis Ġexploits Ġin Ġthe Ġ1995 ĠWorld ĠCup , Ġsaid Ġhe Ġwas Ġproud Ġto Ġbe Ġpart Ġof ĠJohnson 's Ġfarewell . Ġ""",O O O O O O O O O O O O O O O O O O O O O O O O O O O O O O O O,B-ATHLETE I-ATHLETE I-ATHLETE O O O O O O O O O O O O O O O O O O O O O O O O B-ATHLETE O O O O
241,"ĠWe Ġhold Ġhim Ġin Ġsuch Ġhigh Ġesteem ,"" Ġsaid ĠL om u . Ġ""",O O O O O O O O O O O O O O,O O O O O O O O O B-ATHLETE I-ATHLETE I-ATHLETE O O
242,"ĠHe Ġis Ġsuch Ġa Ġgreat Ġleader Ġand ĠI Ġam Ġjust Ġhonoured Ġto Ġbe Ġon Ġthe Ġsame Ġpitch .""",O O O O O O O O O O O O O O O O O O,O O O O O O O O O O O O O O O O O O
243,"ĠL SE Ġ' sets Ġdate Ġfor Ġtakeover Ġdeal ' Ċ Ċ The ĠLondon ĠStock ĠExchange Ġ( L SE ) Ġis Ġplanning Ġto Ġannounce Ġa Ġpreferred Ġtakeover Ġby Ġthe Ġend Ġof Ġthe Ġmonth , Ġnewspaper Ġreports Ġclaim .",O O O O O O O O O O O O O O O O O O O O O O O O O O O O O O O O O O O O O,O O O O O O O O O O O O O O O O O O O O O O O O O O O O O O O O O O O O O
244,Ġ Ċ Ċ The ĠSunday ĠTelegraph Ġsaid Ġthe ĠL SE 's Ġplan Ġwas Ġfurther Ġevidence Ġit Ġwants Ġto Ġretain Ġtight Ġcontrol Ġover Ġits Ġdestiny .,O O O O O O O O O O O O O O O O O O O O O O O O O,O O O O O O O O O O O O O O O O O O O O O O O O O
245,ĠBoth ĠDeutsche ĠBo er se Ġand Ġrival ĠEur one xt Ġheld Ġtalks Ġwith Ġthe ĠLondon Ġmarket Ġlast Ġweek Ġover Ġa Ġpossible Ġoffer .,O O O O O O O O O O O O O O O O O O O O O O O,O O O O O O O O O O O O O O O O O O O O O O O
246,"ĠA ĠÂ£ 1 . 3 bn Ġoffer Ġfrom ĠDeutsche ĠBo er se Ġhas Ġalready Ġbeen Ġrejected , Ġwhile ĠEur one xt Ġhas Ġsaid Ġit Ġwill Ġmake Ġan Ġall Ġcash Ġbid .",O O O O O O O O O O O O O O O O O O O O O O O O O O O O O O O,O O O O O O O O O O O O O O O O O O O O O O O O O O O O O O O
247,"ĠSpe culation Ġsuggests Ġthat ĠParis - based ĠEur one xt Ġhas Ġthe Ġfacilities Ġin Ġplace Ġto Ġmake Ġa Ġbid Ġof ĠÂ£ 1 . 4 bn , Ġwhile Ġits ĠGerman Ġrival Ġmay Ġup Ġits Ġbid Ġto Ġthe ĠÂ£ 1 . 5 bn Ġmark .",O O O O O O O O O O O O O O O O O O O O O O O O O O O O O O O O O O O O O O O O O O O,O O O O O O O O O O O O O O O O O O O O O O O O O O O O O O O O O O O O O O O O O O O
248,"ĠNeither Ġhas Ġyet Ġt abled Ġa Ġformal Ġbid , Ġbut Ġthe ĠL SE Ġis Ġexpected Ġto Ġhold Ġfurther Ġtalks Ġwith Ġthe Ġtwo Ġparties Ġlater Ġthis Ġweek .",O O O O O O O O O O O O O O O O O O O O O O O O O O O,O O O O O O O O O O O O O O O O O O O O O O O O O O O
249,"ĠHowever , Ġthe ĠSunday ĠTelegraph Ġreport Ġadded Ġthat Ġthere Ġare Ġsigns Ġthat ĠDeutsche ĠBo er se Ġchief Ġexecutive ĠWerner ĠSe if ert Ġis Ġbecoming Ġincreasingly Ġimpatient Ġwith Ġthe ĠL SE 's Ġmanaged Ġbid Ġprocess .",O O O O O O O O O O O O O O O O O O B-BUSINESS-EXECUTIVE-MANAGER I-BUSINESS-EXECUTIVE-MANAGER I-BUSINESS-EXECUTIVE-MANAGER I-BUSINESS-EXECUTIVE-MANAGER O O O O O O O O O O O O O,O O O O O O O O O O O O O O O O O O B-BUSINESS-EXECUTIVE-MANAGER I-BUSINESS-EXECUTIVE-MANAGER I-BUSINESS-EXECUTIVE-MANAGER I-BUSINESS-EXECUTIVE-MANAGER O O O O O O O O O O O O O
250,"Ġ Ċ Ċ Despite Ġinsisting Ġhe Ġwants Ġto Ġagree Ġa Ġrecommended Ġdeal Ġwith Ġthe ĠL SE 's Ġboard , Ġthe Ġnewspaper Ġsuggested Ġhe Ġmay Ġpull Ġout Ġof Ġthe Ġprocess Ġand Ġput Ġan Ġoffer Ġdirectly Ġto Ġshareholders Ġinstead .",O O O O O O O O O O O O O O O O O O O O O O O O O O O O O O O O O O O O O O,O O O O O O O O O O O O O O O O O O O O O O O O O O O O O O O O O O O O O O
251,"ĠThe Ġnewspaper Ġalso Ġclaimed ĠMr ĠSe if ert Ġwas Ġbecoming Ġ"" increasing ly Ġfrustrated "" Ġwith Ġthe Ġpace Ġof Ġnegotiations Ġsince ĠDeutsche ĠBo er se 's ĠÂ£ 1 . 3 bn Ġoffer Ġwas Ġrejected Ġin Ġmid - December , Ġin Ġparticular Ġthe ĠL SE 's Ġdecision Ġto Ġsuspend Ġtalks Ġover Ġthe ĠChristmas Ġperiod .",O O O O O O O O O O O O O O O O O O O O O O O O O O O O O O O O O O O O O O O O O O O O O O O O O O O O O O,O O O O O B-BUSINESS-EXECUTIVE-MANAGER I-BUSINESS-EXECUTIVE-MANAGER I-BUSINESS-EXECUTIVE-MANAGER O O O O O O O O O O O O O O O O O O O O O O O O O O O O O O O O O O O O O O O O O O O O O O
252,"ĠMeanwhile , Ġthe ĠGerman Ġexchange 's Ġoffer Ġhas Ġcome Ġunder Ġfire Ġrecently .",O O O O O O O O O O O O O,O O O O O O O O O O O O O
253,ĠUn ions Ġfor ĠDeutsche ĠBo er se Ġstaff Ġin ĠFrankfurt Ġhave Ġreportedly Ġexpressed Ġfears Ġthat Ġup Ġto Ġ300 Ġjobs Ġwould Ġbe Ġmoved Ġto ĠLondon Ġif Ġthe Ġtakeover Ġis Ġsuccessful .,O O O O O O O O O O O O O O O O O O O O O O O O O O O O O O,O O O O O O O O O O O O O O O O O O O O O O O O O O O O O O
254,"ĠOthers Ġclaim Ġit Ġwill Ġweaken Ġthe Ġcity 's Ġstatus Ġas ĠEurope 's Ġfinancial Ġcentre , Ġwhile ĠGerman Ġpoliticians Ġare Ġalso Ġsaid Ġto Ġbe Ġangry Ġover Ġthe Ġmarket Ġoperator 's Ġpromise Ġto Ġmove Ġits Ġheadquarters Ġto ĠLondon Ġif Ġa Ġbid Ġis Ġsuccessful .",O O O O O O O O O O O O O O O O O O O O O O O O O O O O O O O O O O O O O O O O O O,O O O O O O O O O O O O O O O O O O O O O O O O O O O O O O O O O O O O O O O O O O
255,"ĠA Ġfurther Ġstumbling Ġblock Ġis ĠDeutsche ĠBo er se 's Ġcontrol Ġover Ġits ĠClear stream Ġunit , Ġthe Ġclearing Ġhouse Ġthat Ġprocesses Ġsecurities Ġtransactions .",O O O O O O O O O O O O O O O O O O O O O O O O O,O O O O O B-BUSINESS-EXECUTIVE-MANAGER I-BUSINESS-EXECUTIVE-MANAGER I-BUSINESS-EXECUTIVE-MANAGER I-BUSINESS-EXECUTIVE-MANAGER I-BUSINESS-EXECUTIVE-MANAGER O O O O O O O O O O O O O O O
256,"ĠL SE Ġshareholders Ġfear Ġit Ġwould Ġcreate Ġa Ġmonopoly Ġsituation , Ġweakening Ġthe Ġposition Ġof Ġshareholders Ġwhen Ġnegotiating Ġlower Ġtransaction Ġfees Ġfor Ġshare Ġdealings .",O O O O O O O O O O O O O O O O O O O O O O O O O,O O O O O O O O O O O O O O O O O O O O O O O O O
257,ĠSpears Ġseeks Ġaborted Ġtour Ġpayment Ċ Ċ S inger ĠBrit ney ĠSpears Ġis Ġsuing Ġeight Ġinsurance Ġcompanies Ġthat Ġhave Ġrefused Ġto Ġreimburse Ġher Ġfor Ġcance lling Ġher Ġ2004 Ġworld Ġtour .,O O O O O O O O O B-MUSICIAN I-MUSICIAN I-MUSICIAN O O O O O O O O O O O O O O O O O O O,B-MUSICIAN O O O O O O O O B-MUSICIAN I-MUSICIAN I-MUSICIAN O O O O O O O O O O O O O O O O O O O
258,Ġ Ċ Ċ The Ġpop Ġstar Ġcancelled Ġher ĠOn yx ĠHotel Ġtour Ġlast ĠJune Ġafter Ġsuffering Ġa Ġknee Ġinjury Ġduring Ġa Ġvideo Ġshoot .,O O O O O O O O O O O O O O O O O O O O O O O O,O O O O O O O O O O O O O O O O O O O O O O O O
259,ĠShe Ġis Ġnow Ġseeking Ġto Ġbe Ġreimb ursed Ġfor Ġthe Ġtour 's ĠÂ£ 5 m Ġ($ 9 . 3 m ) Ġcosts Ġin Ġa Ġclaim Ġfiled Ġat ĠNew ĠYork ĠState ĠSupreme ĠCourt .,O O O O O O O O O O O O O O O O O O O O O O O O O O O O O O O O O,O O O O O O O O O O O O O O O O O O O O O O O O O O O O O O O O O
260,ĠSeven ĠLondon - based Ġcompanies Ġand Ġan Ġeighth ĠParis Ġfirm Ġhave Ġbeen Ġgiven Ġup Ġto Ġ30 Ġdays Ġto Ġrespond Ġto Ġthe Ġcomplaint .,O O O O O O O O O O O O O O O O O O O O O O O,O O O O O O O O O O O O O O O O O O O O O O O
261,Ġ Ċ Ċ The Ġ22 - year - old Ġstar Ġinitially Ġmissed Ġa Ġnumber Ġof Ġshows Ġon Ġthe Ġ82 - date Ġtour Ġafter Ġinjuring Ġher Ġknee Ġduring Ġa Ġshow Ġin ĠIllinois Ġlast ĠMarch .,O O O O O O O O O O O O O O O O O O O O O O O O O O O O O O O O O O,O O O O O O O O O O O O O O O O O O O O O O O O O O O O O O O O O O
262,"ĠBut Ġshe Ġwas Ġrushed Ġto Ġhospital Ġand Ġneeded Ġsurgery Ġafter Ġa Ġlater Ġincident Ġwhile Ġfilming Ġa Ġvideo Ġfor Ġher Ġsong ĠOut rage ous , Ġleading Ġher Ġto Ġcancel Ġthe Ġrest Ġof Ġthe Ġtour , Ġincluding Ġdates Ġin ĠChina . Ġ""",O O O O O O O O O O O O O O O O O O O O O O O O O O O O O O O O O O O O O O O O,O O O O O O O O O O O O O O O O O O O O O O O O O O O O O O O O O O O O O O O O
263,"ĠShe Ġobviously Ġtook Ġa Ġwrong Ġstep Ġand Ġblew Ġout Ġher Ġknee ,"" Ġa ĠJ ive Ġspokeswoman Ġsaid Ġat Ġthe Ġtime . Ġ""",O O O O O O O O O O O O O O O O O O O O O O,O O O O O O O O O O O O O O O O O O O O O O
264,"ĠIt Ġwas Ġan Ġold Ġdance Ġinjury .""",O O O O O O O,O O O O O O O
265,"ĠThe Ġlegal Ġsubmission Ġdescribed ĠSpears Ġas Ġ"" one Ġof Ġthe Ġmost Ġrecognised Ġperformers Ġin Ġher Ġindustry "".",O O O O O O O O O O O O O O O O O,O O O O B-MUSICIAN O O O O O O O O O O O O
266,"ĠThe ĠOn yx ĠHotel Ġtour Ġwas Ġcited Ġas Ġ"" a Ġhighly Ġcrafted Ġproduction Ġwhich Ġincluded Ġthe Ġwell - known Ġmusic Ġand Ġdancing Ġof ĠSpears , Ġsupported Ġby Ġelaborate Ġcostumes , Ġcomplex Ġchore ography Ġas Ġwell Ġas Ġcutting - edge Ġvideo Ġproduction , Ġlighting Ġand Ġother Ġeffects "".",O O O O O O O O O O O O O O O O O O O O O O O O O O O O O O O O O O O O O O O O O O O O O O O,O O O O O O O O O O O O O O O O O O O O O O O B-MUSICIAN O O O O O O O O O O O O O O O O O O O O O O O
267,"ĠIn ĠSeptember ĠSpears Ġmarried ĠKevin ĠFeder line , Ġwho Ġhad Ġbeen Ġa Ġdancer Ġon Ġthe Ġaborted Ġtour .",O O O O B-MUSICIAN I-MUSICIAN I-MUSICIAN O O O O O O O O O O O,O O B-MUSICIAN O B-MUSICIAN I-MUSICIAN I-MUSICIAN O O O O O O O O O O O
268,"ĠUK Ġeconomy Ġfacing Ġ' major Ġrisks ' Ċ Ċ The ĠUK Ġmanufacturing Ġsector Ġwill Ġcontinue Ġto Ġface Ġ"" serious Ġchallenges "" Ġover Ġthe Ġnext Ġtwo Ġyears , Ġthe ĠBritish ĠChamber Ġof ĠCommerce Ġ( BC C ) Ġhas Ġsaid .",O O O O O O O O O O O O O O O O O O O O O O O O O O O O O O O O O O O O O O O,O O O O O O O O O O O O O O O O O O O O O O O O O O O O O O O O O O O O O O O
269,Ġ Ċ Ċ The Ġgroup 's Ġquarterly Ġsurvey Ġof Ġcompanies Ġfound Ġexports Ġhad Ġpicked Ġup Ġin Ġthe Ġlast Ġthree Ġmonths Ġof Ġ2004 Ġto Ġtheir Ġbest Ġlevels Ġin Ġeight Ġyears .,O O O O O O O O O O O O O O O O O O O O O O O O O O O O O O,O O O O O O O O O O O O O O O O O O O O O O O O O O O O O O
270,ĠThe Ġrise Ġcame Ġdespite Ġexchange Ġrates Ġbeing Ġcited Ġas Ġa Ġmajor Ġconcern .,O O O O O O O O O O O O O,O O O O O O O O O O O O O
271,"ĠHowever , Ġthe ĠBCC Ġfound Ġthe Ġwhole ĠUK Ġeconomy Ġstill Ġfaced Ġ"" major Ġrisks "" Ġand Ġwarned Ġthat Ġgrowth Ġis Ġset Ġto Ġslow .",O O O O O O O O O O O O O O O O O O O O O O O O,O O O O O O O O O O O O O O O O O O O O O O O O
272,ĠIt Ġrecently Ġforecast Ġeconomic Ġgrowth Ġwill Ġslow Ġfrom Ġmore Ġthan Ġ3 % Ġin Ġ2004 Ġto Ġa Ġlittle Ġbelow Ġ2 . 5 % Ġin Ġboth Ġ2005 Ġand Ġ2006 .,O O O O O O O O O O O O O O O O O O O O O O O O O O O O,O O O O O O O O O O O O O O O O O O O O O O O O O O O O
273,"Ġ Ċ Ċ Manufact urers ' Ġdomestic Ġsales Ġgrowth Ġfell Ġback Ġslightly Ġin Ġthe Ġquarter , Ġthe Ġsurvey Ġof Ġ5 , 196 Ġfirms Ġfound .",O O O O O O O O O O O O O O O O O O O O O O O O O,O O O O O O O O O O O O O O O O O O O O O O O O O
274,ĠEmployment Ġin Ġmanufacturing Ġalso Ġfell Ġand Ġjob Ġexpectations Ġwere Ġat Ġtheir Ġlowest Ġlevel Ġfor Ġa Ġyear .,O O O O O O O O O O O O O O O O O,O O O O O O O O O O O O O O O O O
275,"Ġ Ċ Ċ "" Despite Ġsome Ġpositive Ġnews Ġfor Ġthe Ġexport Ġsector , Ġthere Ġare Ġworrying Ġsigns Ġfor Ġmanufacturing ,"" Ġthe ĠBCC Ġsaid . Ġ""",O O O O O O O O O O O O O O O O O O O O O O O O O,O O O O O O O O O O O O O O O O O O O O O O O O O
276,"ĠThese Ġresults Ġreinforce Ġour Ġconcern Ġover Ġthe Ġsector 's Ġpersistent Ġinability Ġto Ġsustain Ġrecovery .""",O O O O O O O O O O O O O O O,O O O O O O O O O O O O O O O
277,"ĠThe Ġoutlook Ġfor Ġthe Ġservice Ġsector Ġwas Ġ"" unc ertain "" Ġdespite Ġan Ġincrease Ġin Ġexports Ġand Ġorders Ġover Ġthe Ġquarter , Ġthe ĠBCC Ġnoted .",O O O O O O O O O O O O O O O O O O O O O O O O O O,O O O O O O O O O O O O O O O O O O O O O O O O O O
278,Ġ Ċ Ċ The ĠBCC Ġfound Ġconfidence Ġincreased Ġin Ġthe Ġquarter Ġacross Ġboth Ġthe Ġmanufacturing Ġand Ġservice Ġsectors Ġalthough Ġoverall Ġit Ġfailed Ġto Ġreach Ġthe Ġlevels Ġat Ġthe Ġstart Ġof Ġ2004 .,O O O O O O O O O O O O O O O O O O O O O O O O O O O O O O O O,O O O O O O O O O O O O O O O O O O O O O O O O O O O O O O O O
279,"ĠThe Ġreduced Ġthreat Ġof Ġinterest Ġrate Ġincreases Ġhad Ġcontributed Ġto Ġimproved Ġconfidence , Ġit Ġsaid .",O O O O O O O O O O O O O O O O,O O O O O O O O O O O O O O O O
280,ĠThe ĠBank Ġof ĠEngland Ġraised Ġinterest Ġrates Ġfive Ġtimes Ġbetween ĠNovember Ġ2003 Ġand ĠAugust Ġlast Ġyear .,O O O O O O O O O O O O O O O O O,O O O O O O O O O O O O O O O O O
281,"ĠBut Ġrates Ġhave Ġbeen Ġkept Ġon Ġhold Ġsince Ġthen Ġamid Ġsigns Ġof Ġfalling Ġconsumer Ġconfidence Ġand Ġa Ġslowdown Ġin Ġoutput . Ġ""",O O O O O O O O O O O O O O O O O O O O O O,O O O O O O O O O O O O O O O O O O O O O O
282,"ĠThe Ġpressure Ġon Ġcosts Ġand Ġmargins , Ġthe Ġrelentless Ġincrease Ġin Ġregulations , Ġand Ġthe Ġthreat Ġof Ġhigher Ġtaxes Ġremain Ġserious Ġproblems ,"" ĠBCC Ġdirector Ġgeneral ĠDavid ĠFrost Ġsaid . Ġ""",O O O O O O O O O O O O O O O O O O O O O O O O O O B-BUSINESS-EXECUTIVE-MANAGER I-BUSINESS-EXECUTIVE-MANAGER O O O,O O O O O O O O O O O O O O O O O O O O O O O O O O B-BUSINESS-EXECUTIVE-MANAGER I-BUSINESS-EXECUTIVE-MANAGER O O O
283,"ĠWhile Ġconsumer Ġspending Ġis Ġset Ġto Ġde celer ate Ġsignificantly Ġover Ġthe Ġnext Ġ12 - 18 Ġmonths , Ġit Ġis Ġunlikely Ġthat Ġinvestment Ġand Ġexports Ġwill Ġrise Ġsufficiently Ġstrongly Ġto Ġpick Ġup Ġthe Ġslack .""",O O O O O O O O O O O O O O O O O O O O O O O O O O O O O O O O O O O,O O O O O O O O O O O O O O O O O O O O O O O O O O O O O O O O O O O
284,ĠSoftware Ġwatching Ġwhile Ġyou Ġwork Ċ Ċ Software Ġthat Ġcan Ġnot Ġonly Ġmonitor Ġevery Ġkey stroke Ġand Ġaction Ġperformed Ġat Ġa ĠPC Ġbut Ġalso Ġbe Ġused Ġas Ġlegally Ġbinding Ġevidence Ġof Ġwrong - doing Ġhas Ġbeen Ġunveiled .,O O O O O O O O O O O O O O O O O O O O O O O O O O O O O O O O O O O O O O,O O O O O O O O O O O O O O O O O O O O O O O O O O O O O O O O O O O O O O
285,Ġ Ċ Ċ W or ries Ġabout Ġcyber - crime Ġand Ġsabotage Ġhave Ġprompted Ġmany Ġemployers Ġto Ġconsider Ġmonitoring Ġemployees .,O O O O O O O O O O O O O O O O O O O O O,O O O O O O O O O O O O O O O O O O O O O
286,ĠThe Ġdevelopers Ġbehind Ġthe Ġsystem Ġclaim Ġit Ġis Ġa Ġbreak - through Ġin Ġthe Ġway Ġdata Ġis Ġmonitored Ġand Ġstored .,O O O O O O O O O O O O O O O O O O O O O,O O O O O O O O O O O O O O O O O O O O O
287,ĠBut Ġprivacy Ġadvocates Ġare Ġconcerned Ġby Ġthe Ġinvasive Ġnature Ġof Ġsuch Ġsoftware .,O O O O O O O O O O O O O,O O O O O O O O O O O O O
288,Ġ Ċ Ċ The Ġsystem Ġis Ġa Ġjoint Ġventure Ġbetween Ġsecurity Ġfirm Ġ3 ami Ġand Ġstorage Ġspecialists ĠBridge Head ĠSoftware .,O O O O O O O O O O O O O O O O O O O O O,O O O O O O O O O O O O O O O O O O O O O
289,"ĠThey Ġhave Ġjoined Ġforces Ġto Ġcreate Ġa Ġsystem Ġwhich Ġcan Ġmonitor Ġcomputer Ġactivity , Ġstore Ġit Ġand Ġretrieve Ġdisputed Ġfiles Ġwithin Ġminutes .",O O O O O O O O O O O O O O O O O O O O O O O,O O O O O O O O O O O O O O O O O O O O O O O
290,ĠMore Ġand Ġmore Ġfirms Ġare Ġfinding Ġthemselves Ġin Ġdeep Ġwater Ġas Ġa Ġresult Ġof Ġdata Ġmisuse .,O O O O O O O O O O O O O O O O O,O O O O O O O O O O O O O O O O O
291,ĠSab ot age Ġand Ġdata Ġtheft Ġare Ġmost Ġcommonly Ġcommitted Ġfrom Ġwithin Ġan Ġorganisation Ġaccording Ġto Ġthe ĠNational ĠHi - Tech ĠCrime ĠUnit Ġ( NH TC U ) ĠA Ġsurvey Ġconducted Ġon Ġits Ġbehalf Ġby ĠN OP Ġfound Ġevidence Ġthat Ġmore Ġthan Ġ80 % Ġof Ġmedium Ġand Ġlarge Ġcompanies Ġhave Ġbeen Ġvictims Ġof Ġsome Ġform Ġof Ġcyber - crime .,O O O O O O O O O O O O O O O O O O O O O O O O O O O O O O O O O O O O O O O O O O O O O O O O O O O O O O O O O O O O,O O O O O O O O O O O O O O O O O O O O O O O O O O O O O O O O O O O O O O O O O O O O O O O O O O O O O O O O O O O O
292,"ĠBridge Head ĠSoftware Ġhas Ġcome Ġup Ġwith Ġtechniques Ġto Ġprove , Ġto Ġa Ġlegal Ġstandard , Ġthat Ġany Ġstored Ġfile Ġon Ġa ĠPC Ġhas Ġnot Ġbeen Ġtam pered Ġwith .",O O O O O O O O O O O O O O O O O O O O O O O O O O O O O O,O O O O O O O O O O O O O O O O O O O O O O O O O O O O O O
293,"ĠIronically Ġthe Ġimpetus Ġfor Ġdeveloping Ġthe Ġsystem Ġcame Ġas Ġa Ġresult Ġof Ġthe ĠFreedom Ġof ĠInformation ĠAct , Ġwhich Ġrequires Ġcompanies Ġto Ġstore Ġall Ġdata Ġfor Ġa Ġcertain Ġamount Ġof Ġtime .",O O O O O O O O O O O O O O O O O O O O O O O O O O O O O O O O,O O O O O O O O O O O O O O O O O O O O O O O O O O O O O O O O
294,Ġ Ċ Ċ The Ġstorage Ġsystem Ġhas Ġbeen Ġincorporated Ġinto Ġan Ġapplication Ġdeveloped Ġby Ġsecurity Ġfirm Ġ3 ami Ġwhich Ġallows Ġevery Ġaction Ġon Ġa Ġcomputer Ġto Ġbe Ġlogged .,O O O O O O O O O O O O O O O O O O O O O O O O O O O O O,O O O O O O O O O O O O O O O O O O O O O O O O O O O O O
295,"ĠPot entially Ġit Ġcould Ġhelp Ġemployers Ġto Ġfollow Ġthe Ġtrail Ġof Ġstolen Ġfiles Ġand Ġpinpoint Ġwhether Ġthey Ġhad Ġbeen Ġemailed Ġto Ġa Ġthird Ġparty , Ġcopied , Ġprinted , Ġdeleted Ġor Ġsaved Ġto ĠCD , Ġfloppy Ġdisk , Ġmemory Ġstick Ġor Ġflash Ġcard .",O O O O O O O O O O O O O O O O O O O O O O O O O O O O O O O O O O O O O O O O O O O O,O O O O O O O O O O O O O O O O O O O O O O O O O O O O O O O O O O O O O O O O O O O O
296,"ĠOther Ġactivities Ġthe Ġsystem Ġcan Ġmonitor Ġinclude Ġthe Ġdownloading Ġof Ġpornography , Ġthe Ġuse Ġof Ġracist Ġor Ġbullying Ġlanguage Ġor Ġthe Ġcopying Ġof Ġapplications Ġfor Ġpersonal Ġuse .",O O O O O O O O O O O O O O O O O O O O O O O O O O O O,O O O O O O O O O O O O O O O O O O O O O O O O O O O O
297,"ĠIncreasing ly Ġorganisations Ġthat Ġhandle Ġsensitive Ġdata , Ġsuch Ġas Ġgovernments , Ġare Ġusing Ġbi ometric Ġlog - ins Ġsuch Ġas Ġfingerprint ing Ġto Ġprovide Ġconclusive Ġproof Ġof Ġwho Ġwas Ġusing Ġa Ġparticular Ġmachine Ġat Ġany Ġgiven Ġtime .",O O O O O O O O O O O O O O O O O O O O O O O O O O O O O O O O O O O O O O O,O O O O O O O O O O O O O O O O O O O O O O O O O O O O O O O O O O O O O O O
298,"ĠPrivacy Ġadvocates Ġare Ġconcerned Ġthat Ġmonitoring Ġat Ġwork Ġis Ġnot Ġonly Ġdamaging Ġto Ġemployee 's Ġprivacy Ġbut Ġalso Ġto Ġthe Ġrelationship Ġbetween Ġemployers Ġand Ġtheir Ġstaff . Ġ""",O O O O O O O O O O O O O O O O O O O O O O O O O O O O,O O O O O O O O O O O O O O O O O O O O O O O O O O O O
299,"ĠThat Ġis Ġnot Ġthe Ġcase ,"" Ġsaid ĠTim ĠEll s more , Ġmanaging Ġdirector Ġof Ġ3 ami . Ġ""",O O O O O O O B-BUSINESS-EXECUTIVE-MANAGER I-BUSINESS-EXECUTIVE-MANAGER I-BUSINESS-EXECUTIVE-MANAGER I-BUSINESS-EXECUTIVE-MANAGER O O O O O O O O,O O O O O O O B-BUSINESS-EXECUTIVE-MANAGER I-BUSINESS-EXECUTIVE-MANAGER I-BUSINESS-EXECUTIVE-MANAGER I-BUSINESS-EXECUTIVE-MANAGER O O O O O O O O
300,"ĠIt Ġis Ġnot Ġabout Ġreplacing Ġdialogue Ġbut Ġthere Ġare Ġissues Ġthat Ġyou Ġcan Ġtalk Ġthrough Ġbut Ġyou Ġstill Ġneed Ġproof ,"" Ġhe Ġsaid . Ġ""",O O O O O O O O O O O O O O O O O O O O O O O O O,O O O O O O O O O O O O O O O O O O O O O O O O O
301,"ĠPeople Ġneed Ġto Ġrecognise Ġthat Ġyou Ġare Ġusing Ġa ĠPC Ġas Ġa Ġrepresentative Ġof Ġa Ġcompany Ġand Ġthat Ġemployers Ġhave Ġa Ġlegal Ġrequirement Ġto Ġstore Ġdata ,"" Ġhe Ġadded .",O O O O O O O O O O O O O O O O O O O O O O O O O O O O O O,O O O O O O O O O O O O O O O O O O O O O O O O O O O O O O
302,ĠJungle ĠTV Ġshow Ġratings Ġdrop Ġby Ġ4 m Ċ Ċ The Ġfinale Ġof ĠITV 1 's ĠI 'm Ġa ĠCelebrity ... ĠGet ĠMe ĠOut Ġof ĠHere Ġdrew Ġan Ġaverage Ġof Ġ10 . 9 m Ġviewers Ġ- Ġabout Ġfour Ġmillion Ġfewer Ġthan Ġthe Ġprevious Ġseries .,O O O O O O O O O O O O O O O O O O O O O O O O O O O O O O O O O O O O O O O O O O O O O,O O O O O O O O O O O O O O O O O O O O O O O O O O O O O O O O O O O O O O O O O O O O O
303,"Ġ Ċ Ċ The Ġfourth Ġseries Ġof Ġthe Ġshow Ġpeaked Ġon ĠMonday Ġat Ġ11 . 9 m Ġand Ġ49 . 2 % Ġof Ġthe Ġaudience , Ġjust Ġbefore ĠJoe ĠPas qu ale Ġwon .",O O O O O O O O O O O O O O O O O O O O O O O O O O O O B-ACTOR-DIRECTOR I-ACTOR-DIRECTOR I-ACTOR-DIRECTOR I-ACTOR-DIRECTOR O O,O O O O O O O O O O O O O O O O O O O O O O O O O O O O B-ACTOR-DIRECTOR I-ACTOR-DIRECTOR I-ACTOR-DIRECTOR I-ACTOR-DIRECTOR O O
304,ĠThis Ġcompared Ġwith Ġa Ġpeak Ġof Ġ15 . 3 m Ġat Ġand Ġa Ġrecord Ġ62 . 2 % Ġof Ġthe ĠTV Ġaudience Ġwhen ĠKerry ĠMcF adden Ġwon Ġin ĠFebruary .,O O O O O O O O O O O O O O O O O O O O O O O B-MUSICIAN I-MUSICIAN I-MUSICIAN O O O O,O O O O O O O O O O O O O O O O O O O O O O O B-MUSICIAN I-MUSICIAN I-MUSICIAN O O O O
305,"ĠComic ĠPas qu ale Ġbeat Ġformer ĠRoyal Ġbut ler ĠPaul ĠBur rell Ġwho Ġcame Ġsecond , Ġnightclub Ġowner ĠFran ĠCos grave , Ġwho Ġwas Ġthird .",O O O O O O O O O B-PUBLIC-FIGURE I-PUBLIC-FIGURE I-PUBLIC-FIGURE O O O O O O B-BUSINESS-EXECUTIVE-MANAGER I-BUSINESS-EXECUTIVE-MANAGER I-BUSINESS-EXECUTIVE-MANAGER O O O O O,O B-ACTOR-DIRECTOR I-ACTOR-DIRECTOR I-ACTOR-DIRECTOR O O O O O B-PUBLIC-FIGURE I-PUBLIC-FIGURE I-PUBLIC-FIGURE O O O O O O B-PUBLIC-FIGURE I-PUBLIC-FIGURE I-PUBLIC-FIGURE O O O O O
306,"ĠPas qu ale Ġfollows ĠKerry ĠMcF adden , ĠPhil ĠT uf nell Ġand ĠTony ĠBlackburn Ġas Ġwinners Ġof Ġthe Ġshow .",O O O O B-MUSICIAN I-MUSICIAN I-MUSICIAN O B-ATHLETE I-ATHLETE I-ATHLETE I-ATHLETE O B-PUBLIC-FIGURE I-PUBLIC-FIGURE O O O O O O,O O O O B-MUSICIAN I-MUSICIAN I-MUSICIAN O B-MUSICIAN I-MUSICIAN I-MUSICIAN I-MUSICIAN O B-MUSICIAN I-MUSICIAN O O O O O O
307,Ġ Ċ Ċ S inger Ġand ĠTV Ġpresenter ĠMcF adden Ġwas Ġthe Ġshow 's Ġfirst Ġfemale Ġwinner .,O O O O O O O O O O O O O O O O O O,O O O O O O O O B-MUSICIAN I-MUSICIAN O O O O O O O O
308,"ĠWhen Ġcr ick eter ĠPhil ĠT uf nell Ġwon Ġin ĠMay Ġ2003 , Ġ12 . 3 Ġmillion Ġpeople Ġ- Ġ50 % Ġof Ġthe Ġviewing Ġpublic Ġ- Ġtuned Ġin Ġto Ġwatch .",O O O O B-ATHLETE I-ATHLETE I-ATHLETE I-ATHLETE O O O O O O O O O O O O O O O O O O O O O O O,O O O O B-ATHLETE I-ATHLETE I-ATHLETE I-ATHLETE O O O O O O O O O O O O O O O O O O O O O O O
309,"ĠAnd Ġwhen ĠTony ĠBlackburn Ġwon Ġthe Ġfirst Ġshow Ġin Ġ2002 , Ġ10 . 9 Ġmillion Ġpeople Ġsaw Ġthe Ġshow .",O O B-PUBLIC-FIGURE I-PUBLIC-FIGURE O O O O O O O O O O O O O O O O,O O B-MUSICIAN B-POLITICIAN O O O O O O O O O O O O O O O O
310,"ĠPas qu ale Ġhad Ġbeen Ġthe Ġshow 's Ġhottest Ġever Ġfavourite Ġto Ġwin , Ġand Ġits Ġhosts ĠAnthony ĠMc Part lin Ġand ĠDecl an ĠDonn elly , Ġknown Ġas ĠAnt Ġand ĠDec , Ġsaid ĠMonday 's Ġdeciding Ġvote Ġwas Ġthe Ġclosest Ġin Ġthe Ġprogramme 's Ġhistory .",O O O O O O O O O O O O O O O O O B-ACTOR-DIRECTOR I-ACTOR-DIRECTOR I-ACTOR-DIRECTOR I-ACTOR-DIRECTOR O B-ACTOR-DIRECTOR I-ACTOR-DIRECTOR I-ACTOR-DIRECTOR I-ACTOR-DIRECTOR O O O O O O O O O O O O O O O O O O O O O,O O O O O O O O O O O O O O O O O B-ACTOR-DIRECTOR I-ACTOR-DIRECTOR I-ACTOR-DIRECTOR I-ACTOR-DIRECTOR O B-ACTOR-DIRECTOR I-ACTOR-DIRECTOR I-ACTOR-DIRECTOR I-ACTOR-DIRECTOR O O O B-ACTOR-DIRECTOR O O O O O O O O O O O O O O O O O
311,"Ġ Ċ Ċ P asc ual e Ġhas Ġbeen Ġflooded Ġwith Ġoffers Ġof ĠTV Ġwork , Ġaccording Ġto Ġhis Ġmanagement Ġcompany , Ġbut Ġone Ġof Ġhis Ġfirst Ġjobs Ġon Ġhis Ġreturn Ġis Ġp antom ime .",O O O O O O O O O O O O O O O O O O O O O O O O O O O O O O O O O O O O,O O O B-PUBLIC-FIGURE I-PUBLIC-FIGURE I-PUBLIC-FIGURE I-PUBLIC-FIGURE O O O O O O O O O O O O O O O O O O O O O O O O O O O O O
312,"Ġ Ċ Ċ Before Ġjoining ĠI 'm Ġa ĠCelebrity , Ġhe Ġhad Ġsigned Ġup Ġto Ġplay ĠJack Ġin ĠJack Ġand Ġthe ĠBean st alk Ġin ĠBirmingham , Ġand Ġtickets Ġfor Ġthe Ġshow Ġhave Ġbecome Ġincreasingly Ġpopular Ġsince Ġhe Ġjoined Ġthe ĠTV Ġshow .",O O O O O O O O O O O O O O O O O O O O O O O O O O O O O O O O O O O O O O O O O O O,O O O O O O O O O O O O O O O O O O O O O O O O O O O O O O O O O O O O O O O O O O O
313,"ĠHis Ġmanager ĠRobert ĠVoice Ġsaid : Ġ"" We 've Ġhad Ġinterest Ġfrom Ġdifferent ĠTV Ġproducers .",O O B-BUSINESS-EXECUTIVE-MANAGER I-BUSINESS-EXECUTIVE-MANAGER O O O O O O O O O O O O,O O B-PUBLIC-FIGURE I-PUBLIC-FIGURE O O O O O O O O O O O O
314,"ĠSome Ġare Ġfor Ġcomedy Ġshows , Ġsome Ġare Ġnew - type Ġprojects . Ġ""",O O O O O O O O O O O O O O,O O O O O O O O O O O O O O
315,ĠThere Ġare Ġa Ġnumber Ġof Ġthings ĠJoe Ġwants Ġto Ġdo .,O O O O O O O O O O O,O O O O O O B-ATHLETE O O O O
316,"ĠHe Ġis Ġvery Ġambitious . Ġ""",O O O O O O,O O O O O O
317,ĠHe Ġwants Ġto Ġplay Ġthe ĠWest ĠEnd Ġand Ġdo Ġdifferent Ġthings Ġother Ġthan Ġstraightforward Ġcomedy .,O O O O O O O O O O O O O O O O,O O O O O O O O O O O O O O O O
318,"ĠWe Ġare Ġtalking Ġto Ġa Ġcouple Ġof ĠWest ĠEnd Ġproducers Ġabout Ġa Ġmusical .""",O O O O O O O O O O O O O O,O O O O O O O O O O O O O O
319,ĠAv iator Ġ' creator ' Ġin ĠOscars Ġsn ub Ċ Ċ The Ġman Ġwho Ġsaid Ġhe Ġgot ĠOscar - nom inated Ġmovie ĠThe ĠAv iator Ġoff Ġthe Ġground Ġand Ġsigned Ġup ĠLeonardo ĠDi Cap rio Ġhas Ġbeen Ġshut Ġout Ġof Ġthe ĠAcademy ĠAwards Ġrace .,O O O O O O O O O O O O O O O O O O O O O O O O O O O O O O O B-ACTOR-DIRECTOR I-ACTOR-DIRECTOR I-ACTOR-DIRECTOR I-ACTOR-DIRECTOR O O O O O O O O O O,O O O O O O O O O O O O O O O O O O O O O O O O O O O O O O O B-ACTOR-DIRECTOR I-ACTOR-DIRECTOR I-ACTOR-DIRECTOR I-ACTOR-DIRECTOR O O O O O O O O O O
320,"Ġ Ċ Ċ Charles ĠEvans ĠJr Ġbattled Ġover Ġhis Ġrole Ġwith Ġthe Ġpeople Ġwho Ġeventually Ġmade Ġthe Ġfilm , Ġand Ġwon Ġa Ġproducer 's Ġcredit .",O O O B-BUSINESS-EXECUTIVE-MANAGER I-BUSINESS-EXECUTIVE-MANAGER I-BUSINESS-EXECUTIVE-MANAGER O O O O O O O O O O O O O O O O O O O O,O O O B-PUBLIC-FIGURE I-PUBLIC-FIGURE I-PUBLIC-FIGURE O O O O O O O O O O O O O O O O O O O O
321,ĠBut Ġhe Ġis Ġnot Ġon Ġthe Ġlist Ġof Ġproducers Ġwho Ġcan Ġwin Ġa Ġbest Ġfilm ĠOscar Ġdue Ġto Ġa Ġlimit Ġon Ġthe Ġnumber Ġof Ġnominees .,O O O O O O O O O O O O O O O O O O O O O O O O O O,O O O O O O O O O O O O O O O O O O O O O O O O O O
322,ĠThe ĠOscars Ġorganisers Ġhave Ġpicked Ġtwo Ġof ĠThe ĠAv iator 's Ġfour Ġproducers Ġto Ġbe Ġnominated Ġfor Ġbest Ġfilm .,O O O O O O O O O O O O O O O O O O O O,O O O O O O O O O O O O O O O O O O O O
323,Ġ Ċ Ċ Up Ġto Ġthree Ġproducers Ġcan Ġbe Ġnamed Ġper Ġfilm Ġbut Ġthe Ġstudios Ġbehind ĠThe ĠAv iator Ġand ĠMillion ĠDollar ĠBaby Ġfailed Ġto Ġtrim Ġtheir Ġcredits Ġ- Ġso Ġthe ĠAcademy Ġof ĠMotion ĠPictures ĠArts Ġand ĠSciences Ġ( A mp as ) Ġhas Ġdone Ġit Ġfor Ġthem .,O O O O O O O O O O O O O O O O O O O O O O O O O O O O O O O O O O O O O O O O O O O O O O O O O,O O O O O O O O O O O O O O O O O O O O O O O O O O O O O O O O O O O O O O O O O O O O O O O O O
324,"ĠThe ĠAv iator 's Ġnominated Ġproducers Ġare ĠMichael ĠMann Ġand ĠGraham ĠKing Ġ- Ġwith ĠMr ĠEvans Ġand ĠSandy ĠCl iman , ĠMr ĠMann 's Ġformer Ġdeputy , Ġleft Ġoff .",O O O O O O O B-ACTOR-DIRECTOR I-ACTOR-DIRECTOR O B-BUSINESS-EXECUTIVE-MANAGER I-BUSINESS-EXECUTIVE-MANAGER O O O O O B-BUSINESS-EXECUTIVE-MANAGER I-BUSINESS-EXECUTIVE-MANAGER I-BUSINESS-EXECUTIVE-MANAGER O O O O O O O O O O,O O O O O O O B-ACTOR-DIRECTOR I-ACTOR-DIRECTOR O B-PUBLIC-FIGURE I-PUBLIC-FIGURE O O O B-PUBLIC-FIGURE O B-PUBLIC-FIGURE I-PUBLIC-FIGURE I-PUBLIC-FIGURE O O B-ACTOR-DIRECTOR O O O O O O O
325,"ĠMr ĠEvans Ġsued ĠMr ĠMann Ġin Ġ2001 , Ġclaiming Ġhe Ġcame Ġup Ġwith Ġthe Ġidea , Ġspent Ġyears Ġdeveloping Ġit Ġand Ġpersuaded ĠDi Cap rio Ġto Ġplay ĠHughes Ġ- Ġbut Ġsaid Ġhe Ġwas Ġlater Ġexcluded Ġfrom Ġthe Ġproject .",O O O O O O O O O O O O O O O O O O O O O O O O O O O B-PUBLIC-FIGURE O O O O O O O O O O O,O B-PUBLIC-FIGURE O O B-ACTOR-DIRECTOR O O O O O O O O O O O O O O O O O B-ACTOR-DIRECTOR I-ACTOR-DIRECTOR I-ACTOR-DIRECTOR O O O O O O O O O O O O O O
326,ĠThe Ġtwo Ġsides Ġsettled Ġout Ġof Ġcourt Ġin Ġa Ġdeal Ġthat Ġhas Ġremained Ġsecret Ġapart Ġfrom Ġthe Ġfact ĠMr ĠEvans ' Ġname Ġhas Ġappeared Ġas Ġa Ġproducer Ġwhen Ġthe Ġfilm 's Ġcredits Ġroll .,O O O O O O O O O O O O O O O O O O O O O O O O O O O O O O O O O O,O O O O O O O O O O O O O O O O O O O B-PUBLIC-FIGURE O O O O O O O O O O O O O O
327,"ĠAt Ġthe ĠGolden ĠGlob es , ĠMr ĠEvans Ġ- Ġwho Ġwas Ġnamed Ġamong Ġthe Ġwinners Ġwhen Ġthe Ġfilm Ġwon Ġbest Ġdrama Ġfilm Ġ- Ġev aded Ġa Ġsecurity Ġguard Ġto Ġhave Ġhis Ġphoto Ġtaken Ġwith ĠDi Cap rio , Ġdirector ĠMartin ĠSc ors ese , ĠMr ĠMann Ġand ĠMr ĠKing .",O O O O O O O O O O O O O O O O O O O O O O O O O O O O O O O O O O O O O O O B-ACTOR-DIRECTOR I-ACTOR-DIRECTOR I-ACTOR-DIRECTOR I-ACTOR-DIRECTOR O O O O O O O,O O O O O O O B-PUBLIC-FIGURE O O O O O O O O O O O O O O O O O O O O O O O O O O B-ACTOR-DIRECTOR I-ACTOR-DIRECTOR I-ACTOR-DIRECTOR O O B-ACTOR-DIRECTOR I-ACTOR-DIRECTOR I-ACTOR-DIRECTOR I-ACTOR-DIRECTOR O O B-ACTOR-DIRECTOR O O B-PUBLIC-FIGURE O
328,Ġ Ċ Ċ A mp as Ġdecided Ġto Ġlimit Ġthe Ġnumber Ġof Ġproducers Ġwho Ġcould Ġbe Ġnominated Ġafter ĠShakespeare Ġin ĠLove 's Ġvictory Ġin Ġ1999 Ġsaw Ġfive Ġproducers Ġcollect Ġawards .,O O O O O O O O O O O O O O O O O O O O O O O O O O O O O O O,O O O B-PUBLIC-FIGURE I-PUBLIC-FIGURE I-PUBLIC-FIGURE O O O O O O O O O O O O B-AUTHOR-WRITER O O O O O O O O O O O O
329,ĠThe Ġeligible Ġnames Ġfor ĠThe ĠAv iator Ġand ĠMillion ĠDollar ĠBaby Ġwere Ġdecided Ġby ĠAm pas ' Ġproducers Ġbranch Ġexecutive Ġcommittee Ġon ĠWednesday .,O O O O O O O O O O O O O O O O O O O O O O O O,O O O O O O O O O O O O O O O O O O O O O O O O
330,ĠThe Ġdecision Ġalso Ġsaw ĠClint ĠEast wood Ġget Ġhis Ġthird Ġpersonal Ġnomination Ġfor ĠMillion ĠDollar ĠBaby .,O O O O B-ACTOR-DIRECTOR I-ACTOR-DIRECTOR I-ACTOR-DIRECTOR O O O O O O O O O O,O O O O B-ACTOR-DIRECTOR I-ACTOR-DIRECTOR I-ACTOR-DIRECTOR O O O O O O O O O O
331,ĠHe Ġis Ġnow Ġnamed Ġin Ġthe Ġbest Ġfilm Ġcategory Ġas Ġwell Ġas Ġbeing Ġnominated Ġfor Ġbest Ġdirector Ġand Ġbest Ġlead Ġactor .,O O O O O O O O O O O O O O O O O O O O O O,O O O O O O O O O O O O O O O O O O O O O O
332,ĠThe ĠAcademy ĠAwards Ġceremony Ġwill Ġbe Ġheld Ġin ĠHollywood Ġon Ġ27 ĠFebruary .,O O O O O O O O O O O O O,O O O O O O O O O O O O O
333,"ĠChinese Ġactress ĠZ iy i ĠZhang , Ġstar Ġof ĠC rou ching ĠTiger , ĠHidden ĠDragon , ĠHero Ġand ĠHouse Ġof ĠFlying ĠDag gers , Ġis Ġthe Ġlatest Ġname Ġto Ġbe Ġadded Ġto Ġthe Ġlist Ġof Ġpresent ers Ġon Ġthe Ġnight .",O O B-ACTOR-DIRECTOR I-ACTOR-DIRECTOR I-ACTOR-DIRECTOR I-ACTOR-DIRECTOR O O O O O O O O O O O O O O O O O O O O O O O O O O O O O O O O O O O O,O O B-ACTOR-DIRECTOR I-ACTOR-DIRECTOR I-ACTOR-DIRECTOR I-ACTOR-DIRECTOR O O O O O O O O O O O O O O O O O O O O O O O O O O O O O O O O O O O O
334,ĠAv iator Ġand ĠVera Ġtake ĠBa ft a Ġglory Ċ Ċ H ollywood Ġblockbuster ĠThe ĠAv iator Ġand Ġlow - budget ĠBritish Ġmovie ĠVera ĠDrake Ġhave Ġshared Ġthe Ġmain Ġhon ours Ġat Ġthe Ġ2005 ĠBa ft a Ġfilm Ġawards .,O O O O O O O O O O O O O O O O O O O O O O O O O O O O O O O O O O O O O O O O,O O O O O O O O O O O O O O O O O O O O O O O O O O O O O O O O O O O O O O O O
335,"ĠThe ĠAv iator Ġwas Ġdeclared Ġbest Ġfilm , Ġand Ġits Ġstar ĠC ate ĠBl anche tt Ġwon Ġbest Ġsupporting Ġactress .",O O O O O O O O O O O B-ACTOR-DIRECTOR I-ACTOR-DIRECTOR I-ACTOR-DIRECTOR I-ACTOR-DIRECTOR I-ACTOR-DIRECTOR O O O O O,O O O O O O O O O O O B-ACTOR-DIRECTOR I-ACTOR-DIRECTOR I-ACTOR-DIRECTOR I-ACTOR-DIRECTOR I-ACTOR-DIRECTOR O O O O O
336,ĠBut ĠVera ĠDrake Ġscored Ġbest Ġdirector Ġfor ĠMike ĠLeigh Ġwhile ĠI me lda ĠSt aun ton Ġtook Ġthe Ġhotly Ġcontested Ġbest Ġactress Ġaward .,O O O O O O O B-ACTOR-DIRECTOR I-ACTOR-DIRECTOR O B-ACTOR-DIRECTOR I-ACTOR-DIRECTOR I-ACTOR-DIRECTOR I-ACTOR-DIRECTOR I-ACTOR-DIRECTOR I-ACTOR-DIRECTOR O O O O O O O O,O O O O O O O B-ACTOR-DIRECTOR I-ACTOR-DIRECTOR O B-ACTOR-DIRECTOR I-ACTOR-DIRECTOR I-ACTOR-DIRECTOR I-ACTOR-DIRECTOR I-ACTOR-DIRECTOR I-ACTOR-DIRECTOR O O O O O O O O
337,"ĠJamie ĠFox x Ġwon Ġbest Ġactor Ġfor ĠRay , Ġwhile ĠBritish Ġactor ĠClive ĠOwen Ġtook Ġbest Ġsupporting Ġactor Ġfor ĠCl oser .",B-ACTOR-DIRECTOR I-ACTOR-DIRECTOR I-ACTOR-DIRECTOR O O O O O O O O O B-ACTOR-DIRECTOR I-ACTOR-DIRECTOR O O O O O O O O,B-ACTOR-DIRECTOR I-ACTOR-DIRECTOR I-ACTOR-DIRECTOR O O O O O O O O O B-ACTOR-DIRECTOR I-ACTOR-DIRECTOR O O O O O O O O
338,ĠThe Ġtwo Ġactors Ġhave Ġrepeated Ġtheir Ġsuccess Ġat Ġthe ĠGolden ĠGlob es Ġin ĠJanuary .,O O O O O O O O O O O O O O O,O O O O O O O O O O O O O O O
339,ĠBut Ġbig ĠBritish Ġhope ĠKate ĠWins let Ġwalked Ġaway Ġempty - handed Ġon ĠSaturday Ġdespite Ġtwo Ġnominations Ġfor Ġbest Ġactress .,O O O O B-ACTOR-DIRECTOR I-ACTOR-DIRECTOR I-ACTOR-DIRECTOR O O O O O O O O O O O O O O,O O O O B-ACTOR-DIRECTOR I-ACTOR-DIRECTOR I-ACTOR-DIRECTOR O O O O O O O O O O O O O O
340,"ĠCelebr ating Ġhis Ġwin , Ġthe ĠOscar - nom inated ĠOwen Ġtold Ġreporters : Ġ"" The Ġwhole Ġaward Ġseason Ġis Ġnew Ġto Ġme Ġbecause ĠI Ġhaven 't Ġwon Ġanything Ġbefore .",O O O O O O O O O O O O O O O O O O O O O O O O O O O O O O O,O O O O O O O O O O B-ACTOR-DIRECTOR O O O O O O O O O O O O O O O O O O O O
341,"ĠAll Ġof Ġthat Ġis Ġa Ġbit Ġoverwhelming .""",O O O O O O O O,O O O O O O O O
342,"ĠBl anche tt , Ġwho Ġwon Ġa ĠBa ft a Ġin Ġ1999 Ġfor Ġher Ġleading Ġrole Ġin ĠElizabeth , Ġsaid : Ġ"" Win ning Ġa ĠBa ft a Ġmeans Ġan Ġenormous Ġamount Ġto Ġme .""",O O O O O O O O O O O O O O O O O O O O O O O O O O O O O O O O O O O,B-ACTOR-DIRECTOR I-ACTOR-DIRECTOR I-ACTOR-DIRECTOR O O O O O O O O O O O O O O O O O O O O O O O O O O O O O O O O
343,"ĠShe Ġthanked Ġthe Ġwoman Ġshe Ġplayed , ĠKath arine ĠHep burn , Ġfor Ġpaving Ġthe Ġway Ġfor Ġwomen Ġto Ġwork Ġin Ġfilm . Ġ""",O O O O O O O B-ACTOR-DIRECTOR I-ACTOR-DIRECTOR I-ACTOR-DIRECTOR I-ACTOR-DIRECTOR O O O O O O O O O O O O O,O O O O O O O B-ACTOR-DIRECTOR I-ACTOR-DIRECTOR I-ACTOR-DIRECTOR I-ACTOR-DIRECTOR O O O O O O O O O O O O O
344,"ĠThank Ġyou Ġvery Ġmuch , ĠI 'm Ġsure Ġyou 're Ġpleased , Ġalthough Ġyou 're Ġnot Ġable Ġto Ġsee Ġthis ,"" Ġshe Ġsaid .",O O O O O O O O O O O O O O O O O O O O O O O O,O O O O O O O O O O O O O O O O O O O O O O O O
345,"Ġ Ċ Ċ The ĠAv iator Ġtook Ġfour Ġawards Ġin Ġall , Ġalso Ġcollecting Ġbest Ġmake - up Ġand Ġhair Ġand Ġproduction Ġdesign , Ġwhile ĠVera ĠDrake Ġalso Ġscoop ed Ġbest Ġcostume Ġdesign .",O O O O O O O O O O O O O O O O O O O O O O O O O O O O O O O O O O,O O O O O O O O O O O O O O O O O O O O O O O O O O O O O O O O O O
346,"ĠSt aun ton , Ġwho Ġis Ġup Ġfor Ġan ĠOscar Ġfor Ġher Ġrole Ġin ĠVera ĠDrake , Ġarrived Ġwearing Ġa Ġgreen Ġsilk Ġand Ġch iff on Ġbe aded Ġevening Ġdress . Ġ""",O O O O O O O O O O O O O O O O O O O O O O O O O O O O O O O O,B-ACTOR-DIRECTOR I-ACTOR-DIRECTOR I-ACTOR-DIRECTOR O O O O O O O O O O O O O O O O O O O O O O O O O O O O O
347,ĠThank Ġyou Ġvery Ġmuch .,O O O O O,O O O O O
348,"ĠI 'm Ġso Ġthrilled Ġand Ġso Ġgrateful Ġand ĠI 'm Ġdelighted Ġthat Ġthe Ġsuccess Ġof ĠVera ĠDrake Ġhas Ġboosted Ġsales Ġof Ġhair Ġnets Ġand Ġp inn ies , Ġwhich Ġis Ġvery Ġgood ,"" Ġshe Ġsaid Ġon Ġaccepting Ġher Ġaward .",O O O O O O O O O O O O O O O O O O O O O O O O O O O O O O O O O O O O O O O O,O O O O O O O O O O O O O O O O O O O O O O O O O O O O O O O O O O O O O O O O
349,"ĠHer Ġdirector ĠLeigh , Ġwho Ġbeat ĠMartin ĠSc ors ese Ġto Ġthe Ġbest Ġdirector Ġaward , Ġtold Ġthe Ġaudience : Ġ"" We Ġalways Ġsay Ġit Ġwas Ġa Ġsurprise Ġand Ġsometimes ĠI 've Ġsaid Ġit Ġand Ġnot Ġmeant Ġit .",O O O O O O B-ACTOR-DIRECTOR I-ACTOR-DIRECTOR I-ACTOR-DIRECTOR I-ACTOR-DIRECTOR O O O O O O O O O O O O O O O O O O O O O O O O O O O O O,O O B-ACTOR-DIRECTOR O O O B-ACTOR-DIRECTOR I-ACTOR-DIRECTOR I-ACTOR-DIRECTOR I-ACTOR-DIRECTOR O O O O O O O O O O O O O O O O O O O O O O O O O O O O O
350,"ĠOn Ġthis Ġoccasion , Ġgiven Ġthe Ġother Ġnames , Ġit 's Ġa Ġreal Ġsurprise Ġand Ġan Ġextraordinary Ġhonour . Ġ""",O O O O O O O O O O O O O O O O O O O O,O O O O O O O O O O O O O O O O O O O O
351,"ĠIt 's Ġan Ġimmense Ġprivilege Ġto Ġhave Ġbeen Ġallowed Ġthe Ġfreedom Ġto Ġmake Ġas Ġuncomp romising Ġa Ġfilm Ġas ĠI Ġthink ĠVera ĠDrake Ġis Ġand Ġan Ġepic Ġwith Ġsuch Ġa Ġsmall Ġbudget .""",O O O O O O O O O O O O O O O O O O O O O O O O O O O O O O O O O,O O O O O O O O O O O O O O O O O O O O O O O O O O O O O O O O O
352,"ĠBest Ġactor ĠFox x Ġcould Ġnot Ġmake Ġthe Ġceremony , Ġbut Ġactress ĠHelen ĠMir ren Ġread Ġout Ġhis Ġacceptance Ġspeech . Ġ""",O O O O O O O O O O O O B-ACTOR-DIRECTOR I-ACTOR-DIRECTOR I-ACTOR-DIRECTOR O O O O O O O,O O B-ACTOR-DIRECTOR I-ACTOR-DIRECTOR O O O O O O O O B-ACTOR-DIRECTOR I-ACTOR-DIRECTOR I-ACTOR-DIRECTOR O O O O O O O
353,ĠI 'm Ġhonoured Ġand Ġproud Ġto Ġreceive Ġthis ĠBa ft a .,O O O O O O O O O O O O,O O O O O O O O O O O O
354,"ĠI 'd Ġlike Ġto Ġthank Ġthe Ġlate ĠRay ĠCharles Ġhimself .""",O O O O O O O B-MUSICIAN I-MUSICIAN O O,O O O O O O O B-MUSICIAN I-MUSICIAN O O
355,"ĠHe Ġapologised Ġfor Ġnot Ġbeing Ġin ĠLondon , Ġjoking : Ġ"" Unfortunately ĠI 'm Ġstuck Ġdriving Ġa Ġcar Ġin ĠLA Ġat Ġgun point Ġand ĠI Ġcan 't Ġget Ġaway .""",O O O O O O O O O O O O O O O O O O O O O O O O O O O O O O,O O O O O O O O O O O O O O O O O O O O O O O O O O O O O O
356,"ĠDi Cap rio , Ġwho Ġlost Ġout Ġon Ġthe Ġbest Ġactor ĠBa ft a Ġto ĠFox x , Ġwill Ġface Ġhim Ġagain Ġat Ġthe ĠAcademy ĠAwards Ġin Ġtwo Ġweeks ' Ġtime .",B-ACTOR-DIRECTOR I-ACTOR-DIRECTOR I-ACTOR-DIRECTOR O O O O O O O O O O O O O O O O O O O O O O O O O O O O O,B-ACTOR-DIRECTOR I-ACTOR-DIRECTOR I-ACTOR-DIRECTOR O O O O O O O O O O O O B-ACTOR-DIRECTOR I-ACTOR-DIRECTOR O O O O O O O O O O O O O O O
357,"Ġ Ċ Ċ "" It 's Ġthe Ġfirst Ġtime ĠI 've Ġcome Ġto Ġthe ĠBa ft as Ġbecause Ġit 's Ġthe Ġfirst Ġtime ĠI 've Ġbeen Ġnominated ,"" Ġhe Ġtold Ġreporters Ġon Ġthe Ġred Ġcarpet . Ġ""",O O O O O O O O O O O O O O O O O O O O O O O O O O O O O O O O O O O O O,O O O O O O O O O O O O O O O O O O O O O O O O O O O O O O O O O O O O O
358,"ĠI 've Ġappreciated ĠBritish Ġcinema Ġfor Ġa Ġlong Ġtime Ġand Ġto Ġbe Ġrecognised Ġlike Ġthis Ġis Ġa Ġspecial Ġhonour .""",O O O O O O O O O O O O O O O O O O O O,O O O O O O O O O O O O O O O O O O O O
359,"ĠOther Ġwinners Ġincluded ĠThe ĠMotor cycle ĠDi aries Ġwhich Ġtook Ġbest Ġforeign Ġfilm Ġand Ġbest Ġmusic , Ġwhile ĠEternal ĠSunshine Ġof Ġthe ĠSpot less ĠMind Ġwon Ġbest Ġoriginal Ġscreenplay Ġand Ġbest Ġediting .",O O O O O O O O O O O O O O O O O O O O O O O O O O O O O O O O O,O O O O O O O O O O O O O O O O O O O O O O O O O O O O O O O O O
360,"ĠBest ĠBritish Ġfilm Ġwas ĠMy ĠSummer Ġof ĠLove , Ġthe Ġstory Ġof Ġtwo Ġyoung Ġwomen Ġand Ġtheir Ġdeveloping Ġrelationship , Ġwhile ĠFox x 's Ġmovie ĠRay , Ġa Ġbio - pic Ġof Ġlate Ġsinger ĠRay ĠCharles , Ġalso Ġtook Ġbest Ġsound .",O O O O O O O O O O O O O O O O O O O O O O O O O O O O O O O O O O B-MUSICIAN I-MUSICIAN O O O O O O,O O O O O O O O O O O O O O O O O O O O O B-ACTOR-DIRECTOR I-ACTOR-DIRECTOR O O O O O O O O O O O B-MUSICIAN I-MUSICIAN O O O O O O
361,"ĠHarry ĠPotter Ġand Ġthe ĠPrison er Ġof ĠAz k aban Ġwon Ġthe ĠOrange ĠFilm ĠOf ĠThe ĠYear , Ġvoted Ġfor Ġby Ġthe Ġpublic .",O O O O O O O O O O O O O O O O O O O O O O O O,B-ACTOR-DIRECTOR I-ACTOR-DIRECTOR O O O O O O O O O O O O O O O O O O O O O O
362,Ġ Ċ Ċ The ĠOrange ĠBritish ĠAcademy ĠFilm ĠAwards Ġare Ġbeing Ġshown Ġon ĠBBC ĠOne Ġfrom Ġ2010 ĠGMT .,O O O O O O O O O O O O O O O O O O O,O O O O O O O O O O O O O O O O O O O
363,ĠBen ite z Ġdelight Ġafter Ġcrucial Ġwin Ċ Ċ Liverpool Ġmanager ĠRafael ĠBen ite z Ġadmitted Ġvictory Ġagainst ĠDep ort ivo ĠLa ĠCor una Ġwas Ġvital Ġin Ġtheir Ġtight ĠChampions ĠLeague Ġgroup .,O O O O O O O O O O O B-ATHLETE I-ATHLETE I-ATHLETE I-ATHLETE O O O O O O O O O O O O O O O O O O,B-BUSINESS-EXECUTIVE-MANAGER I-BUSINESS-EXECUTIVE-MANAGER I-BUSINESS-EXECUTIVE-MANAGER O O O O O O O O B-BUSINESS-EXECUTIVE-MANAGER I-BUSINESS-EXECUTIVE-MANAGER I-BUSINESS-EXECUTIVE-MANAGER I-BUSINESS-EXECUTIVE-MANAGER O O O B-ATHLETE I-ATHLETE I-ATHLETE I-ATHLETE I-ATHLETE I-ATHLETE O O O O O O O O O
364,Ġ Ċ Ċ J orge ĠAnd rade 's Ġearly Ġown Ġgoal Ġgave ĠLiverpool Ġa Ġ1 - 0 Ġwin .,O O O B-ATHLETE I-ATHLETE I-ATHLETE I-ATHLETE O O O O O O O O O O O O,O O O B-ATHLETE I-ATHLETE I-ATHLETE I-ATHLETE I-ATHLETE O O O O O O O O O O O
365,"ĠAnd ĠBen ite z Ġsaid : Ġ"" We Ġstarted Ġat Ġa Ġvery Ġhigh Ġtempo Ġand Ġhad Ġmany Ġchances .",O O O O O O O O O O O O O O O O O O O,O B-BUSINESS-EXECUTIVE-MANAGER I-BUSINESS-EXECUTIVE-MANAGER I-BUSINESS-EXECUTIVE-MANAGER O O O O O O O O O O O O O O O
366,"ĠIt Ġis Ġa Ġvery Ġimportant Ġwin Ġfor Ġus Ġand Ġwe Ġcould Ġhave Ġscored Ġmore Ġgoals . Ġ""",O O O O O O O O O O O O O O O O O,O O O O O O O O O O O O O O O O O
367,ĠWe Ġwere Ġvery Ġgood Ġdefensively Ġand Ġalso Ġgood Ġon Ġthe Ġcounter Ġattack .,O O O O O O O O O O O O O,O O O O O O O O O O O O O
368,"ĠWe Ġare Ġpleased Ġbut Ġmove Ġon Ġto Ġthe Ġnext Ġgame .""",O O O O O O O O O O O,O O O O O O O O O O O
369,"ĠIgor ĠB isc an Ġwas Ġoutstanding Ġin Ġmidfield Ġafter Ġreplacing Ġinjured ĠX abi ĠAlonso , Ġand ĠBen ite z Ġsaid : Ġ"" He Ġplayed Ġvery Ġwell . Ġ""",B-ATHLETE I-ATHLETE I-ATHLETE I-ATHLETE O O O O O O O B-ATHLETE I-ATHLETE I-ATHLETE O O O O O O O O O O O O O O,B-ATHLETE I-ATHLETE I-ATHLETE I-ATHLETE O O O O O O O B-ATHLETE I-ATHLETE I-ATHLETE O O B-BUSINESS-EXECUTIVE-MANAGER I-BUSINESS-EXECUTIVE-MANAGER I-BUSINESS-EXECUTIVE-MANAGER O O O O O O O O O
370,"ĠIt Ġis Ġimportant Ġto Ġhave Ġall Ġthe Ġplayers Ġready Ġand Ġa Ġgood Ġsquad Ġso Ġyou Ġcan Ġplay Ġmore Ġgames Ġat Ġa Ġhigh Ġlevel .""",O O O O O O O O O O O O O O O O O O O O O O O O,O O O O O O O O O O O O O O O O O O O O O O O O
371,"ĠBen ite z Ġadded : Ġ"" It Ġis Ġall Ġback Ġin Ġour Ġown Ġhands Ġnow , Ġit Ġwas Ġa Ġgreat Ġwin Ġfor Ġus Ġand ĠI Ġwas Ġdelighted Ġwith Ġwhat ĠI Ġfeel Ġwas Ġthe Ġbest ĠLiverpool ĠI Ġhave Ġseen . Ġ""",O O O O O O O O O O O O O O O O O O O O O O O O O O O O O O O O O O O O O O O O,B-BUSINESS-EXECUTIVE-MANAGER I-BUSINESS-EXECUTIVE-MANAGER I-BUSINESS-EXECUTIVE-MANAGER O O O O O O O O O O O O O O O O O O O O O O O O O O O O O O O O O O O O O
372,"ĠAs Ġfar Ġas Ġmy Ġfeelings Ġabout Ġwinning Ġin ĠSpain , Ġthat Ġis Ġreally Ġnot Ġimportant . Ġ""",O O O O O O O O O O O O O O O O O,O O O O O O O O O O O O O O O O O
373,"ĠI Ġwant Ġto Ġsee Ġus Ġwin Ġaway Ġmatches Ġin Ġthe ĠChampions ĠLeague , Ġthat Ġit Ġwas Ġin ĠSpain Ġwas Ġnot Ġmy Ġfirst Ġconsideration . Ġ""",O O O O O O O O O O O O O O O O O O O O O O O O O,O O O O O O O O O O O O O O O O O O O O O O O O O
374,"ĠAs Ġfar Ġas ĠI Ġam Ġconcerned Ġit Ġis Ġimportant Ġfor ĠLiverpool Ġto Ġwin , Ġit Ġis Ġnot Ġimportant Ġin Ġwhat Ġcountry Ġit Ġis Ġin .""",O O O O O O O O O O O O O O O O O O O O O O O O O,O O O O O O O O O O O O O O O O O O O O O O O O O
375,"ĠBen ite z Ġadded : ĠBen ite z Ġsaid : Ġ"" We Ġhad Ġa Ġproblem Ġbefore Ġthe Ġstart , Ġit Ġwas Ġdecided Ġthat ĠX abi Ġcould Ġnot Ġplay Ġmore Ġthan Ġ45 Ġminutes . Ġ""",O O O O O O O O O O O O O O O O O O O O O O O O O O O O O O O O O O,B-BUSINESS-EXECUTIVE-MANAGER I-BUSINESS-EXECUTIVE-MANAGER I-BUSINESS-EXECUTIVE-MANAGER O O B-BUSINESS-EXECUTIVE-MANAGER I-BUSINESS-EXECUTIVE-MANAGER I-BUSINESS-EXECUTIVE-MANAGER O O O O O O O O O O O O O O O O O O O O O O O O O O
376,"ĠBut Ġin Ġthe Ġend Ġbecause Ġof Ġthe Ġway Ġthat Ġ( D iet mar ) ĠHam ann Ġand Ġ( I gor ) ĠB isc an Ġperformed , Ġwe Ġdid Ġnot Ġneed Ġto Ġchange Ġthings Ġuntil Ġright Ġat Ġthe Ġend Ġof Ġthe Ġmatch . Ġ""",O O O O O O O O O O O O O O O O O O O O O O O O O O O O O O O O O O O O O O O O O O O,O O O O O O O O O O B-ATHLETE I-ATHLETE I-ATHLETE O B-ATHLETE I-ATHLETE O O B-ATHLETE I-ATHLETE O B-ATHLETE I-ATHLETE I-ATHLETE O O O O O O O O O O O O O O O O O O O
377,"ĠDep or Ġare Ġa Ġgood Ġteam Ġand Ġif Ġyou Ġallow Ġthem Ġto Ġkeep Ġpossession Ġthey Ġcan Ġbe Ġvery Ġdangerous Ġindeed . Ġ""",O O O O O O O O O O O O O O O O O O O O O O,O O O O O O O O O O O O O O O O O O O O O O
378,"ĠBut Ġwe Ġknew Ġthat Ġif Ġwe Ġhit Ġthem Ġon Ġthe Ġcounter - attack Ġit Ġwould Ġmake Ġthem Ġnervous , Ġand Ġthat Ġis Ġhow Ġit Ġworked Ġout .""",O O O O O O O O O O O O O O O O O O O O O O O O O O O,O O O O O O O O O O O O O O O O O O O O O O O O O O O
379,"ĠDep ort ivo Ġcoach ĠJavier ĠIr ure ta Ġsaid : Ġ"" Liverpool Ġplayed Ġvery Ġwell Ġand Ġwe Ġjust Ġcould Ġnot Ġbreak Ġthem Ġdown . Ġ""",O O O O B-ATHLETE I-ATHLETE I-ATHLETE I-ATHLETE O O O O O O O O O O O O O O O O O,O O O O B-ATHLETE I-ATHLETE I-ATHLETE I-ATHLETE O O O O O O O O O O O O O O O O O
380,"ĠI Ġknow Ġwe Ġhave Ġnow Ġgone Ġsix Ġgames Ġat Ġhome Ġin ĠEurope Ġwithout Ġscoring , Ġbut Ġthat Ġdoes Ġnot Ġreflect Ġour Ġoverall Ġperformances . Ġ""",O O O O O O O O O O O O O O O O O O O O O O O O O,O O O O O O O O O O O O O O O O O O O O O O O O O
381,"ĠBut Ġthis Ġtime Ġwe Ġdid Ġnot Ġplay Ġwell Ġand Ġwe Ġlacked Ġimagination . Ġ""",O O O O O O O O O O O O O O,O O O O O O O O O O O O O O
382,ĠThe Ġgoal Ġwas Ġa Ġbad Ġmistake Ġand Ġa Ġbig Ġblow Ġto Ġour Ġconfidence .,O O O O O O O O O O O O O O,O O O O O O O O O O O O O O
383,"ĠPlayers Ġwho Ġusually Ġwant Ġthe Ġball Ġat Ġthat Ġstage Ġdid Ġnot Ġwant Ġit . Ġ""",O O O O O O O O O O O O O O O,O O O O O O O O O O O O O O O
384,"ĠI Ġknow Ġwe Ġare Ġbottom Ġof Ġthe Ġgroup , Ġbut Ġas Ġlong Ġas Ġthere Ġis Ġhope Ġof Ġqualifying , Ġwe Ġwill Ġhang Ġon Ġto Ġthat .""",O O O O O O O O O O O O O O O O O O O O O O O O O O,O O O O O O O O O O O O O O O O O O O O O O O O O O
385,"ĠCasino ĠRoyale Ġis Ġnext ĠBond Ġmovie Ċ Ċ Cas ino ĠRoyale , Ġauthor ĠIan ĠFleming 's Ġfirst ĠJames ĠBond Ġbook , Ġis Ġto Ġbe Ġthe Ġnext ĠBond Ġfilm , Ġwith ĠGold ene ye Ġdirector ĠMartin ĠCampbell Ġbehind Ġthe Ġcamera .",O O O O O O O O O O O O O B-AUTHOR-WRITER I-AUTHOR-WRITER O O O O O O O O O O O O O O O O O O O B-ACTOR-DIRECTOR I-ACTOR-DIRECTOR O O O O,O O O O O O O O O O O O O B-AUTHOR-WRITER I-AUTHOR-WRITER O O O O O O O O O O O O O O O O O O O B-ACTOR-DIRECTOR I-ACTOR-DIRECTOR O O O O
386,"Ġ Ċ Ċ It Ġwill Ġbe Ġthe Ġ21 st ĠJames ĠBond Ġfilm Ġto Ġhit Ġthe Ġbig Ġscreen , Ġand Ġspeculation Ġhas Ġbeen Ġrife Ġover Ġwho Ġwill Ġplay Ġthe Ġlead .",O O O O O O O O O O O O O O O O O O O O O O O O O O O O O O,O O O O O O O O O B-ACTOR-DIRECTOR I-ACTOR-DIRECTOR O O O O O O O O O O O O O O O O O O O
387,"ĠCasino ĠRoyale Ġwas Ġturned Ġinto Ġa Ġspoof Ġspy Ġmovie Ġby ĠJohn ĠHust on Ġin Ġ1967 , Ġwith ĠDavid ĠN iven Ġin Ġthe Ġlead Ġrole .",O O O O O O O O O O B-ACTOR-DIRECTOR I-ACTOR-DIRECTOR I-ACTOR-DIRECTOR O O O O B-ACTOR-DIRECTOR I-ACTOR-DIRECTOR I-ACTOR-DIRECTOR O O O O O,O O O O O O O O O O B-ACTOR-DIRECTOR I-ACTOR-DIRECTOR I-ACTOR-DIRECTOR O O O O B-ACTOR-DIRECTOR I-ACTOR-DIRECTOR I-ACTOR-DIRECTOR O O O O O
388,ĠPierce ĠBros nan Ġled Ġthe Ġpast Ġfour ĠBond Ġfilms Ġbut Ġsaid Ġproducers Ġax ed Ġhim Ġafter Ġoffering Ġhim Ġthe Ġchance Ġto Ġreturn .,B-ACTOR-DIRECTOR I-ACTOR-DIRECTOR I-ACTOR-DIRECTOR O O O O O O O O O O O O O O O O O O O O,B-ACTOR-DIRECTOR I-ACTOR-DIRECTOR I-ACTOR-DIRECTOR O O O O O O O O O O O O O O O O O O O O
389,"ĠAmong Ġthe Ġfavourites Ġto Ġtake Ġover Ġthe Ġcoveted Ġrole Ġare ĠScottish Ġactor ĠDou gray ĠScott , ĠOscar Ġnominee ĠClive ĠOwen Ġand ĠAustralian Ġstar ĠHugh ĠJack man .",O O O O O O O O O O O O B-ACTOR-DIRECTOR I-ACTOR-DIRECTOR I-ACTOR-DIRECTOR O O O B-ACTOR-DIRECTOR I-ACTOR-DIRECTOR O O O B-ACTOR-DIRECTOR I-ACTOR-DIRECTOR I-ACTOR-DIRECTOR O,O O O O O O O O O O O O B-ACTOR-DIRECTOR I-ACTOR-DIRECTOR I-ACTOR-DIRECTOR O O O B-ACTOR-DIRECTOR I-ACTOR-DIRECTOR O O O O O O O
390,"ĠPro ducers Ġsay Ġno Ġdecision Ġhas Ġyet Ġbeen Ġmade Ġon Ġwho Ġwill Ġbecome Ġthe Ġseventh Ġactor , Ġincluding ĠN iven , Ġto Ġplay ĠBond Ġon Ġfilm .",O O O O O O O O O O O O O O O O O O O O O O O O O O O,O O O O O O O O O O O O O O O O O O B-ACTOR-DIRECTOR I-ACTOR-DIRECTOR O O O O O O O
391,"ĠKill ĠBill Ġdirector ĠQuentin ĠTarant ino Ġhad Ġtalked Ġof Ġwanting Ġto Ġtake Ġon Ġthe ĠCasino ĠRoyale Ġproject , Ġand Ġsaid Ġhe Ġhad Ġspoken Ġto ĠBros nan Ġabout Ġit .",O O O B-ACTOR-DIRECTOR I-ACTOR-DIRECTOR I-ACTOR-DIRECTOR O O O O O O O O O O O O O O O O O O O O O O O,O O O B-ACTOR-DIRECTOR I-ACTOR-DIRECTOR I-ACTOR-DIRECTOR O O O O O O O O O O O O O O O O O O B-ACTOR-DIRECTOR I-ACTOR-DIRECTOR O O O
392,"Ġ Ċ Ċ Sh ooting Ġon ĠCasino ĠRoyale Ġis Ġexpected Ġto Ġbegin Ġonce ĠCampbell Ġhas Ġfinished Ġwork Ġon ĠThe ĠLegend Ġof ĠZ or ro , Ġa Ġsequel Ġto ĠThe ĠMask Ġof ĠZ or ro , Ġstarring ĠCatherine ĠZ eta ĠJones Ġand ĠAntonio ĠB ander as .",O O O O O O O O O O O O O O O O O O O O O O O O O O O O O O O O O O O O B-ACTOR-DIRECTOR I-ACTOR-DIRECTOR I-ACTOR-DIRECTOR I-ACTOR-DIRECTOR O B-ACTOR-DIRECTOR I-ACTOR-DIRECTOR I-ACTOR-DIRECTOR I-ACTOR-DIRECTOR O,O O O O O O O O O O O O O B-ACTOR-DIRECTOR O O O O O O O O O O O O O O O O O O O O O O B-ACTOR-DIRECTOR I-ACTOR-DIRECTOR I-ACTOR-DIRECTOR I-ACTOR-DIRECTOR O B-ACTOR-DIRECTOR I-ACTOR-DIRECTOR I-ACTOR-DIRECTOR I-ACTOR-DIRECTOR O
393,ĠPro ducers ĠBarbara ĠBro ccoli Ġand ĠMichael ĠG ĠWilson Ġexpect Ġthe Ġfilm Ġto Ġbe Ġreleased Ġin Ġ2006 .,O O B-BUSINESS-EXECUTIVE-MANAGER I-BUSINESS-EXECUTIVE-MANAGER I-BUSINESS-EXECUTIVE-MANAGER O B-BUSINESS-EXECUTIVE-MANAGER I-BUSINESS-EXECUTIVE-MANAGER I-BUSINESS-EXECUTIVE-MANAGER O O O O O O O O O,O O B-ACTOR-DIRECTOR I-ACTOR-DIRECTOR I-ACTOR-DIRECTOR O B-ACTOR-DIRECTOR I-ACTOR-DIRECTOR I-ACTOR-DIRECTOR O O O O O O O O O
394,Ġ Ċ Ċ The Ġscript Ġwill Ġonce Ġagain Ġbe Ġdeveloped Ġby ĠNeal ĠPur vis Ġand ĠRobert ĠWade Ġwho Ġhave Ġboth Ġworked Ġon Ġtwo Ġprevious ĠBond Ġmovies .,O O O O O O O O O O O B-AUTHOR-WRITER I-AUTHOR-WRITER I-AUTHOR-WRITER O B-AUTHOR-WRITER I-AUTHOR-WRITER O O O O O O O O O O,O O O O O O O O O O O B-ACTOR-DIRECTOR I-ACTOR-DIRECTOR I-ACTOR-DIRECTOR O B-ACTOR-DIRECTOR I-ACTOR-DIRECTOR O O O O O O O O O O
395,ĠFleming 's Ġbook Ġsaw Ġthe Ġintroduction Ġof ĠBond Ġpitted Ġagainst Ġa ĠRussian Ġspy Ġin Ġa Ġgame Ġof Ġb acc arat .,O O O O O O O O O O O O O O O O O O O O O,B-AUTHOR-WRITER O O O O O O O O O O O O O O O O O O O O
396,"ĠSim ultane ously , Ġa Ġwoman Ġarrives Ġon Ġthe Ġscene Ġto Ġtake Ġhis Ġeye Ġoff Ġthe Ġgame .",O O O O O O O O O O O O O O O O O O,B-PUBLIC-FIGURE I-PUBLIC-FIGURE I-PUBLIC-FIGURE O O O O O O O O O O O O O O O
397,"ĠThe Ġnovel Ġis Ġone Ġof ĠFleming 's Ġmost Ġviolent Ġand Ġsad istic Ġstories , Ġwith Ġ00 7 Ġsuffering Ġa Ġsavage Ġbeating Ġfrom Ġhis Ġnem esis ĠLe ĠCh iff re .",O O O O O O O O O O O O O O O O O O O O O O O O O O O O O O,O O O O O B-AUTHOR-WRITER O O O O O O O O O O O O O O O O O O O O O O O O
398,"ĠIn Ġaddition Ġto Ġthe Ġ1967 Ġfilm , Ġit Ġwas Ġalso Ġadapted Ġfor Ġtelevision Ġin Ġ1954 Ġwith Ġactor ĠBarry ĠNelson Ġas Ġan ĠAmerican ised Ġ"" Jimmy "" ĠBond .",O O O O O O O O O O O O O O O O O B-ACTOR-DIRECTOR I-ACTOR-DIRECTOR O O O O O O O O O,O O O O O O O O O O O O O O O O O B-ACTOR-DIRECTOR I-ACTOR-DIRECTOR O O O O O O O O O
399,"ĠMGM ĠVice ĠChairman ĠChris ĠMcG ur k Ġsaid : Ġ"" Martin Ġ( Camp bell ) Ġis Ġan Ġincredibly Ġexciting Ġfilm - maker .",O O O B-BUSINESS-EXECUTIVE-MANAGER I-BUSINESS-EXECUTIVE-MANAGER I-BUSINESS-EXECUTIVE-MANAGER I-BUSINESS-EXECUTIVE-MANAGER O O O O O O O O O O O O O O O O,O O O B-BUSINESS-EXECUTIVE-MANAGER I-BUSINESS-EXECUTIVE-MANAGER I-BUSINESS-EXECUTIVE-MANAGER I-BUSINESS-EXECUTIVE-MANAGER O O O B-ACTOR-DIRECTOR O B-ACTOR-DIRECTOR I-ACTOR-DIRECTOR O O O O O O O O O
400,ĠGold ene ye Ġwas Ġa Ġwonderful Ġmovie Ġand Ġhelped Ġrein v ig orate Ġthe ĠBond Ġfranchise .,O O O O O O O O O O O O O O O O O,B-ACTOR-DIRECTOR I-ACTOR-DIRECTOR I-ACTOR-DIRECTOR O O O O O O O O O O O O O O
401,"ĠWe 're Ġthrilled Ġto Ġhave Ġhim Ġback Ġto Ġdirect Ġthe Ġnewest ĠBond .""",O O O O O O O O O O O O O,O O O O O O O O O O O O O
402,"ĠNew ĠZealand - born ĠCampbell Ġmoved Ġto Ġthe ĠUK Ġin Ġ1966 Ġand Ġdirected ĠTV Ġseries Ġsuch Ġas ĠThe ĠProfession als , ĠM inder Ġand ĠBerger ac .",O O O O O O O O O O O O O O O O O O O O O O O O O O O,O O O O B-ACTOR-DIRECTOR O O O O O O O O O O O O O O O O O O O O O O
403,"ĠHis Ġfilm Ġcredits Ġinclude ĠEdge Ġof ĠDarkness , ĠVertical ĠLimit Ġand ĠBeyond ĠBorders , Ġwhich Ġstarred ĠAngel ina ĠJol ie Ġand ĠClive ĠOwen .",O O O O O O O O O O O O O O O O B-ACTOR-DIRECTOR I-ACTOR-DIRECTOR I-ACTOR-DIRECTOR I-ACTOR-DIRECTOR O B-ACTOR-DIRECTOR I-ACTOR-DIRECTOR O,O O O O O O O O O O O O O O O O B-ACTOR-DIRECTOR I-ACTOR-DIRECTOR I-ACTOR-DIRECTOR I-ACTOR-DIRECTOR O B-ACTOR-DIRECTOR I-ACTOR-DIRECTOR O
404,ĠUK Ġ' needs Ġtrue Ġimmigration Ġdata ' Ċ Ċ A Ġformer ĠHome ĠOffice Ġminister Ġhas Ġcalled Ġfor Ġan Ġindependent Ġbody Ġto Ġbe Ġset Ġup Ġto Ġmonitor ĠUK Ġimmigration .,O O O O O O O O O O O O O O O O O O O O O O O O O O O O O,O O O O O O O O O O O O O O O O O O O O O O O O O O O O O
405,Ġ Ċ Ċ Bar bara ĠRoche Ġsaid Ġan Ġorganisation Ġshould Ġmonitor Ġand Ġpublish Ġfigures Ġand Ġbe Ġindependent Ġof Ġgovernment .,O O O B-POLITICIAN I-POLITICIAN I-POLITICIAN O O O O O O O O O O O O O O,O O O B-PUBLIC-FIGURE I-PUBLIC-FIGURE I-PUBLIC-FIGURE O O O O O O O O O O O O O O
406,"ĠShe Ġsaid Ġthis Ġwould Ġcounter Ġ"" so - called Ġindependent "" Ġgroups Ġlike ĠMigration ĠWatch , Ġwhich Ġshe Ġdescribed Ġas Ġan Ġanti - immigration Ġbody Ġposing Ġas Ġindependent .",O O O O O O O O O O O O O O O O O O O O O O O O O O O O O,O O O O O O O O O O O O O O O O O O O O O O O O O O O O O
407,ĠMigration ĠWatch Ġsays Ġit Ġis Ġnot Ġagainst Ġall Ġimmigration Ġand Ġthe Ġgovernment Ġalready Ġpublishes Ġaccurate Ġfigures .,O O O O O O O O O O O O O O O O O,O O O O O O O O O O O O O O O O O
408,"ĠSir ĠAndrew ĠGreen , Ġchairman Ġof Ġthe Ġorganisation , Ġsays Ġthere Ġis Ġno Ġneed Ġfor Ġan Ġindependent Ġbody Ġbecause ĠOffice Ġof ĠNational ĠStatistics Ġdata Ġare Ġaccurate .",B-PUBLIC-FIGURE I-PUBLIC-FIGURE I-PUBLIC-FIGURE O O O O O O O O O O O O O O O O O O O O O O O O,O B-PUBLIC-FIGURE I-PUBLIC-FIGURE O O O O O O O O O O O O O O O O O O O O O O O O
409,"ĠHe Ġsays Ġhe Ġopposes Ġlarge - scale Ġimmigration Ġ"" both Ġon Ġthe Ġgrounds Ġof Ġovercrowd ing Ġand Ġculture "".",O O O O O O O O O O O O O O O O O O O,O O O O O O O O O O O O O O O O O O O
410,"Ġ Ċ Ċ He Ġsaid : Ġ"" For Ġexample , Ġover Ġthe Ġnext Ġ20 Ġyears Ġone Ġhousehold Ġin Ġthree Ġwill Ġbe Ġdue Ġto Ġimmigration . Ġ""",O O O O O O O O O O O O O O O O O O O O O O O O O O,O O O O O O O O O O O O O O O O O O O O O O O O O O
411,"ĠWe Ġare Ġalready Ġmore Ġovercrowd ed Ġthan ĠIndia Ġand Ġwe Ġare Ġfour Ġtimes Ġmore Ġovercrowd ed Ġthan ĠFrance .""",O O O O O O O O O O O O O O O O O O O,O O O O O O O O O O O O O O O O O O O
412,"ĠMs ĠRoche , ĠLabour ĠMP Ġfor ĠHorn sey Ġand ĠWood ĠGreen , Ġbelieves Ġlegal Ġmigration Ġis Ġsomething Ġwe Ġshould Ġwelcome .",O O O O O O O O O O O O O O O O O O O O O,O B-POLITICIAN O O O O O O O O O O O O O O O O O O O
413,"ĠShe Ġsaid Ġher Ġproposals Ġmean Ġ"" we Ġwouldn 't Ġhave Ġso - called Ġindependent Ġexperts , Ġlike ĠMigration ĠWatch , Ġwho Ġcome Ġinto Ġthis Ġdebate Ġfrom Ġan Ġanti - immigration Ġpoint Ġof Ġview .""",O O O O O O O O O O O O O O O O O O O O O O O O O O O O O O O O O O,O O O O O O O O O O O O O O O O O O O O O O O O O O O O O O O O O O
414,"ĠShe Ġwent Ġon : Ġ"" What ĠI Ġwould Ġlike Ġto Ġsee Ġis Ġthere Ġbeing Ġa Ġbody Ġwhich Ġactually Ġlooked Ġat Ġthe Ġfigures , Ġpublished Ġthem , Ġand Ġwas Ġindependent Ġof Ġgovernment . Ġ""",O O O O O O O O O O O O O O O O O O O O O O O O O O O O O O O O O,O O O O O O O O O O O O O O O O O O O O O O O O O O O O O O O O O
415,"ĠI Ġthink Ġthat Ġwould Ġgo Ġa Ġlong Ġway Ġto Ġall aying Ġsome Ġof Ġthe Ġfears Ġthat Ġare Ġsometimes Ġwhipped Ġup Ġduring Ġthis Ġdebate .""",O O O O O O O O O O O O O O O O O O O O O O O O,O O O O O O O O O O O O O O O O O O O O O O O O
416,"ĠVolcano Ġdrama Ġerupt s Ġon ĠBBC ĠOne Ċ Ċ Super vol cano , Ġa Ġdoc u - d rama Ġabout Ġa Ġvolcanic Ġeruption Ġin ĠYellowstone ĠNational ĠPark Ġin Ġthe ĠUS , Ġis Ġamong Ġthe Ġhighlights Ġon Ġthe ĠBBC ĠOne Ġthis Ġwinter .",O O O O O O O O O O O O O O O O O O O O O O O O O O O O O O O O O O O O O O O O O O,O O O O O O O O O O O O O O O O O O O O O O O O O O O O O O O O O O O O O O O O O O
417,"Ġ Ċ Ċ The ĠÂ£ 178 m Ġwinter Ġschedule Ġalso Ġincludes Ġthe Ġreturn Ġof ĠDoctor ĠWho Ġand Ġa Ġdrama Ġabout ĠAngela ĠCann ings , Ġwho Ġwas Ġwrongly Ġconvicted Ġof Ġkilling Ġtwo Ġof Ġher Ġbabies .",O O O O O O O O O O O O O O O O O O O O B-PUBLIC-FIGURE I-PUBLIC-FIGURE I-PUBLIC-FIGURE O O O O O O O O O O O O,O O O O O O O O O O O O O O O O O O O O B-PUBLIC-FIGURE I-PUBLIC-FIGURE I-PUBLIC-FIGURE O O O O O O O O O O O O
418,"ĠSarah ĠLanc ash ire Ġand ĠTimothy ĠSp all Ġwill Ġstar Ġin Ġthe Ġreal - life Ġdrama , ĠCher ished .",B-ACTOR-DIRECTOR I-ACTOR-DIRECTOR I-ACTOR-DIRECTOR I-ACTOR-DIRECTOR O B-ACTOR-DIRECTOR I-ACTOR-DIRECTOR I-ACTOR-DIRECTOR O O O O O O O O O O O O,B-ACTOR-DIRECTOR I-ACTOR-DIRECTOR I-ACTOR-DIRECTOR I-ACTOR-DIRECTOR O B-ACTOR-DIRECTOR I-ACTOR-DIRECTOR I-ACTOR-DIRECTOR O O O O O O O O O O O O
419,"ĠITV Ġalso Ġunveiled Ġtheir Ġfestive Ġseason Ġon ĠTuesday , Ġwhich Ġincludes ĠStephen ĠFry Ġin Ġa Ġremake Ġof ĠTom ĠBrown 's ĠSch o old ays .",O O O O O O O O O O O B-ACTOR-DIRECTOR I-ACTOR-DIRECTOR O O O O O O O O O O O O,O O O O O O O O O O O B-ACTOR-DIRECTOR I-ACTOR-DIRECTOR O O O O B-AUTHOR-WRITER I-AUTHOR-WRITER I-AUTHOR-WRITER O O O O O
420,"ĠSuper vol cano , Ġfollows Ġin Ġthe Ġfootsteps Ġof Ġlast Ġyear 's ĠPom pei , Ġwhich Ġdrew Ġ10 Ġmillion Ġviewers Ġto ĠBBC ĠOne Ġin ĠOctober Ġ2003 .",O O O O O O O O O O O O O O O O O O O O O O O O O O O,B-ATHLETE I-ATHLETE I-ATHLETE O O O O O O O O O O O O O O O O O O O O O O O O
421,"Ġ Ċ Ċ The Ġprogramme Ġmer ges Ġscience , Ġdrama Ġand Ġcomputer Ġimagery Ġto Ġreveal Ġwhat Ġcould Ġhappen Ġif ĠYellowstone Ġ- Ġhome Ġto Ġthe Ġonly Ġcurrently Ġactive Ġsuper vol cano Ġin Ġthe Ġworld Ġ- Ġwere Ġto Ġerupt Ġagain .",O O O O O O O O O O O O O O O O O O O O O O O O O O O O O O O O O O O O O O O,O O O O O O O O O O O O O O O O O O O O O O O O O O O O O O O O O O O O O O O
422,"ĠBBC ĠTwo Ġwill Ġrun Ġa Ġtwo - part Ġdocumentary , ĠThe ĠScience ĠBehind ĠSuper vol cano , Ġin Ġconjunction Ġwith Ġthe Ġtransmission .",O O O O O O O O O O O O O O O O O O O O O O O,O O O O O O O O O O O O O O O O O O O O O O O
423,ĠOther Ġeducational Ġhighlights Ġinclude Ġa Ġdocumentary Ġabout Ġinfamous ĠMongol ian Ġwarrior ĠGen gh is ĠKhan Ġand ĠGrand child Ġof ĠThe ĠHolocaust .,O O O O O O O O O O O B-PUBLIC-FIGURE I-PUBLIC-FIGURE I-PUBLIC-FIGURE I-PUBLIC-FIGURE O O O O O O O,O O O O O O O O O O O B-PUBLIC-FIGURE I-PUBLIC-FIGURE I-PUBLIC-FIGURE I-PUBLIC-FIGURE O O O O O O O
424,"ĠGrand child Ġof ĠThe ĠHolocaust , Ġpart Ġof Ġthe ĠBBC Ġcommitment Ġto ĠHolocaust ĠMemorial ĠDay , Ġfollows ĠAdrian , Ġ13 , Ġon Ġa Ġjourney Ġto Ġuncover Ġthe Ġtruth Ġabout Ġwhat Ġhappened Ġto Ġhis Ġgrandmother Ġin ĠAuschwitz Ġand ĠB elsen .",O O O O O O O O O O O O O O O O O B-PUBLIC-FIGURE O O O O O O O O O O O O O O O O O O O O O O,O O O O O O O O O O O O O O O O O B-PUBLIC-FIGURE O O O O O O O O O O O O O O O O O O O B-PUBLIC-FIGURE I-PUBLIC-FIGURE O
425,"Ġ Ċ Ċ New Ġdrama Ġincludes ĠArchangel , Ġan Ġadaptation Ġof Ġthe ĠRobert ĠHarris Ġbest - seller , Ġwhich Ġstars ĠDaniel ĠCraig Ġon Ġthe Ġtrail Ġof ĠStalin 's Ġdi aries Ġin ĠCommunist ĠRussia .",O O O O O O O O O O O O B-AUTHOR-WRITER I-AUTHOR-WRITER O O O O O O B-ACTOR-DIRECTOR I-ACTOR-DIRECTOR O O O O B-POLITICIAN O O O O O O O,O O O O O O O O O O O O B-AUTHOR-WRITER I-AUTHOR-WRITER O O O O O O B-ACTOR-DIRECTOR I-ACTOR-DIRECTOR O O O O B-PUBLIC-FIGURE O O O O O O O
426,ĠAnd ĠSarah ĠWaters ' Ġgets Ġher Ġsecond Ġadaptation Ġon ĠBBC ĠOne Ġwith ĠI me lda ĠSt aun ton Ġand ĠCharles ĠDance Ġlined Ġup Ġto Ġstar Ġin ĠF ingers mith .,O B-AUTHOR-WRITER I-AUTHOR-WRITER O O O O O O O O O B-ACTOR-DIRECTOR I-ACTOR-DIRECTOR I-ACTOR-DIRECTOR I-ACTOR-DIRECTOR I-ACTOR-DIRECTOR I-ACTOR-DIRECTOR O B-ACTOR-DIRECTOR I-ACTOR-DIRECTOR O O O O O O O O O,O B-AUTHOR-WRITER O O O O O O O O O O B-ACTOR-DIRECTOR I-ACTOR-DIRECTOR I-ACTOR-DIRECTOR I-ACTOR-DIRECTOR I-ACTOR-DIRECTOR I-ACTOR-DIRECTOR O B-ACTOR-DIRECTOR I-ACTOR-DIRECTOR O O O O O O O O O
427,"ĠThe Ġadaptation , Ġabout Ġa Ġcon man Ġin ĠVictorian ĠEngland , Ġwill Ġmake Ġan Ġinteresting Ġcontrast Ġto ĠJulie ĠB urch ill 's ĠSugar ĠRush Ġ- Ġa Ġlesbian Ġteenage Ġdrama Ġpart Ġof ĠChannel ĠFour 's Ġwinter Ġseason .",O O O O O O O O O O O O O O O O O B-AUTHOR-WRITER I-AUTHOR-WRITER I-AUTHOR-WRITER I-AUTHOR-WRITER O O O O O O O O O O O O O O O O,O O O O O O O O O O O O O O O O O B-ACTOR-DIRECTOR B-AUTHOR-WRITER O O B-AUTHOR-WRITER O O O O O O O O O O O O O O O
428,"ĠOn Ġa Ġlighter Ġnote , ĠJessica ĠStevenson Ġwill Ġstar Ġin Ġnew ĠBBC ĠOne Ġsitcom , ĠThe ĠWorld ĠAccording Ġto ĠB ex , Ġpenned Ġby ĠMy ĠFamily Ġcreator ĠFred ĠBarron Ġand Ġthe ĠTwo ĠRon n ies Ġreturn Ġfor Ġa Ġcelebration Ġof Ġtheir Ġclassic Ġcomedy Ġseries .",O O O O O B-ACTOR-DIRECTOR I-ACTOR-DIRECTOR O O O O O O O O O O O O O O O O O O O O B-AUTHOR-WRITER I-AUTHOR-WRITER O O O O O O O O O O O O O O O O,O O O O O B-ACTOR-DIRECTOR I-ACTOR-DIRECTOR O O O O O O O O O O O O O O O O O O O O B-AUTHOR-WRITER I-AUTHOR-WRITER O O O O O O O O O O O O O O O O
429,"Ġ Ċ Ċ F ry 's Ġportrayal Ġof Ġhead master ĠDr ĠArnold Ġdominates Ġa Ġmuted ĠChristmas Ġschedule Ġon ĠITV 1 , Ġwhich Ġsees Ġthe Ġchannel Ġretreat Ġfrom Ġbroadcasting Ġblockbuster Ġmovies Ġin Ġfavour Ġof Ġextended Ġsoap Ġepisodes Ġand Ġpopular Ġquiz Ġshows .",O O O O O O O O O O B-PUBLIC-FIGURE I-PUBLIC-FIGURE O O O O O O O O O O O O O O O O O O O O O O O O O O O O O,O O O O O O O O O O B-BUSINESS-EXECUTIVE-MANAGER B-BUSINESS-EXECUTIVE-MANAGER O O O O O O O O O O O O O O O O O O O O O O O O O O O O O
430,"Ġ Ċ Ċ Sir ĠPaul ĠMcCartney , Ġwife ĠHeather ĠMills Ġand ĠManchester ĠUnited Ġmanager ĠSir ĠAlex ĠFerguson Ġwill Ġjoin Ġa Ġcelebrity Ġedition Ġof ĠWho ĠW ants Ġto Ġbe Ġa ĠMillion aire ?",O O O B-MUSICIAN I-MUSICIAN I-MUSICIAN O O B-PUBLIC-FIGURE I-PUBLIC-FIGURE O O O O B-ATHLETE I-ATHLETE I-ATHLETE O O O O O O O O O O O O O O O,O O O O B-MUSICIAN I-MUSICIAN O O B-PUBLIC-FIGURE I-PUBLIC-FIGURE O O O O B-BUSINESS-EXECUTIVE-MANAGER I-BUSINESS-EXECUTIVE-MANAGER I-BUSINESS-EXECUTIVE-MANAGER O O O O O O O O O O O O O O O
431,Ġon ĠChristmas ĠDay .,O O O O,O O O O
432,"ĠAlso Ġon ĠChristmas ĠDay , ĠJohn ĠN ett les Ġwill Ġreturn Ġin Ġa Ġone - off Ġedition Ġof ĠM ids omer ĠMurd ers , Ġwhile Ġtwo Ġepisodes Ġof Ġthe Ġnew ĠMiss ĠMar ple Ġdrama Ġwill Ġair Ġover Ġthe Ġfestive Ġperiod .",O O O O O B-ACTOR-DIRECTOR I-ACTOR-DIRECTOR I-ACTOR-DIRECTOR I-ACTOR-DIRECTOR O O O O O O O O O O O O O O O O O O O O O O O O O O O O O O O O,O O O O O B-ACTOR-DIRECTOR I-ACTOR-DIRECTOR I-ACTOR-DIRECTOR I-ACTOR-DIRECTOR O O O O O O O O O O O O O O O O O O O O O O O O O O O O O O O O
433,"ĠFilms Ġon ĠITV 1 Ġinclude ĠGus ĠVan ĠSant 's ĠFinding ĠFor re ster , Ġstarring ĠSean ĠCon nery , Ġand Ġclassics Ġsuch Ġa ĠMary ĠPo pp ins , ĠStar ĠWars Ġand ĠThe ĠGood , Ġthe ĠBad Ġand Ġthe ĠU gly .",O O O O O B-ACTOR-DIRECTOR I-ACTOR-DIRECTOR I-ACTOR-DIRECTOR O O O O O O O B-ACTOR-DIRECTOR I-ACTOR-DIRECTOR I-ACTOR-DIRECTOR O O O O O O O O O O O O O O O O O O O O O O O,O O O O O B-ACTOR-DIRECTOR I-ACTOR-DIRECTOR I-ACTOR-DIRECTOR I-ACTOR-DIRECTOR O O O O O O B-ACTOR-DIRECTOR I-ACTOR-DIRECTOR I-ACTOR-DIRECTOR O O O O O O O O O O O O O O O O O O O O O O O
434,"ĠIn Ġcontrast , ĠBBC 's ĠChristmas Ġseason Ġincludes Ġterrestrial Ġdeb uts Ġof Ġthe Ġfirst ĠHarry ĠPotter Ġfilm , ĠSh rek Ġand ĠSteven ĠSpielberg 's ĠAI , Ġas Ġwell Ġas Ġnew Ġep ips odes Ġof Ġthe ĠVic ar Ġof ĠD ible y Ġand Ġthe Ġfinal ĠA uf ĠW ied er se hen , ĠPet .",O O O O O O O O O O O O O O O O O O O O O B-ACTOR-DIRECTOR I-ACTOR-DIRECTOR O O O O O O O O O O O O O O O O O O O O O O O O O O O O O O O,O O O O O O O O O O O O O O O O O O B-ACTOR-DIRECTOR O O B-ACTOR-DIRECTOR I-ACTOR-DIRECTOR I-ACTOR-DIRECTOR O O O O O O O O O O O O O O O O O O O O O O O O O O O O O O
435,ĠKenya Ġlift ĠChe p ke me i 's Ġsuspension Ċ Ċ Ken ya 's Ġathletics Ġbody Ġhas Ġreversed Ġa Ġban Ġon Ġmarathon Ġrunner ĠSusan ĠChe p ke me i Ġafter Ġshe Ġmade Ġan Ġofficial Ġapology .,O O O O O O O O O O O O O O O O O O O O O O O B-ATHLETE I-ATHLETE I-ATHLETE I-ATHLETE I-ATHLETE I-ATHLETE O O O O O O O,O O B-ATHLETE I-ATHLETE I-ATHLETE I-ATHLETE I-ATHLETE O O O O O O O O O O O O O O O O B-ATHLETE I-ATHLETE I-ATHLETE I-ATHLETE I-ATHLETE I-ATHLETE O O O O O O O
436,"Ġ Ċ Ċ A th let ics ĠKenya Ġ( AK ) Ġhad Ġsuspended Ġthe Ġtwo - time ĠLondon ĠMarathon Ġrunner - up Ġfor Ġfailing Ġto Ġturn Ġup Ġto Ġa Ġcross - country Ġteam Ġtraining Ġcamp Ġin ĠEmb u . Ġ""",O O O O O O O O O O O O O O O O O O O O O O O O O O O O O O O O O O O O O O O O,O O O O O O O O O O O O O O O O O O O O O O O O O O O O O O O O O O O O O O O O
437,ĠWe Ġhave Ġwithdrawn Ġthe Ġban .,O O O O O O,O O O O O O
438,"ĠChe p ke me i Ġhas Ġgiven Ġa Ġreason Ġfor Ġher Ġabsence ,"" Ġsaid ĠAK Ġchief ĠIsaiah ĠKi pl ag at . Ġ""",O O O O O O O O O O O O O O O O B-BUSINESS-EXECUTIVE-MANAGER I-BUSINESS-EXECUTIVE-MANAGER I-BUSINESS-EXECUTIVE-MANAGER I-BUSINESS-EXECUTIVE-MANAGER I-BUSINESS-EXECUTIVE-MANAGER O O,B-ATHLETE I-ATHLETE I-ATHLETE I-ATHLETE I-ATHLETE O O O O O O O O O O O B-PUBLIC-FIGURE I-PUBLIC-FIGURE I-PUBLIC-FIGURE I-PUBLIC-FIGURE I-PUBLIC-FIGURE O O
439,"ĠShe Ġexplained Ġshe Ġhad Ġa Ġcontract Ġwith Ġthe Ġorganisers Ġof Ġthe Ġrace Ġin ĠPuerto ĠRice Ġand Ġwe Ġhave Ġaccepted Ġher Ġapology .""",O O O O O O O O O O O O O O O O O O O O O O,O O O O O O O O O O O O O O O O O O O O O O
440,Ġ Ċ Ċ The ĠKenyan Ġcoaching Ġteam Ġwill Ġnow Ġdecide Ġwhether ĠChe p ke me i Ġcan Ġbe Ġincluded Ġin Ġthe Ġteam Ġfor Ġthis Ġmonth 's Ġworld Ġcross Ġcountry Ġchampionships .,O O O O O O O O O O O O O O O O O O O O O O O O O O O O O O O,O O O O O O O O O O O B-ATHLETE I-ATHLETE I-ATHLETE I-ATHLETE I-ATHLETE O O O O O O O O O O O O O O O
441,"ĠThe Ġ29 - year - old Ġwould Ġbe Ġa Ġstrong Ġcontender Ġat Ġthe Ġevent Ġin ĠFrance Ġand Ġis Ġhopeful Ġshe Ġwill Ġbe Ġgranted Ġa Ġplace Ġin Ġthe Ġ32 - strong Ġsquad . Ġ""",O O O O O O O O O O O O O O O O O O O O O O O O O O O O O O O O O,O O O O O O O O O O O O O O O O O O O O O O O O O O O O O O O O O
442,"ĠI Ġam Ġsatisfied Ġthat Ġthe Ġwhole Ġsaga Ġhas Ġbeen Ġbrought Ġto Ġan Ġend ,"" ĠChe p ke me i Ġsaid . Ġ""",O O O O O O O O O O O O O O O O O O O O O O,O O O O O O O O O O O O O O B-ATHLETE I-ATHLETE I-ATHLETE I-ATHLETE I-ATHLETE O O O
443,"ĠI Ġam Ġready Ġand Ġprepared Ġto Ġrepresent Ġmy Ġcountry . Ġ""",O O O O O O O O O O O,O O O O O O O O O O O
444,"ĠI Ġwill Ġbe Ġdisappointed Ġif ĠI Ġam Ġnot Ġgiven Ġa Ġchance Ġto Ġcompete Ġat Ġthe Ġworld Ġcross Ġcountry Ġchampionships .""",O O O O O O O O O O O O O O O O O O O O,O O O O O O O O O O O O O O O O O O O O
445,ĠAK Ġhad Ġinsisted Ġit Ġwas Ġmaking Ġan Ġexample Ġof ĠChe p ke me i Ġby Ġbanning Ġher Ġfrom Ġcompetition Ġuntil Ġthe Ġend Ġof Ġ2005 .,O O O O O O O O O O O O O O O O O O O O O O O O O,O O O O O O O O O B-ATHLETE I-ATHLETE I-ATHLETE I-ATHLETE I-ATHLETE O O O O O O O O O O O
446,ĠBut Ġthe Ġorganisation Ġcame Ġunder Ġintense Ġinternational Ġand Ġdomestic Ġpressure Ġto Ġreverse Ġits Ġdecision .,O O O O O O O O O O O O O O O,O O O O O O O O O O O O O O O
447,ĠThe Ġ29 - year - old Ġtook Ġpart Ġin Ġthe Ġ2002 Ġand Ġ2003 ĠLondon ĠMar ath ons Ġand Ġwas Ġedged Ġout Ġby ĠRad cliffe Ġin Ġan Ġepic ĠNew ĠYork ĠMarathon Ġcontest Ġlast Ġyear .,O O O O O O O O O O O O O O O O O O O O O O B-ATHLETE I-ATHLETE O O O O O O O O O O,O O O O O O O O O O O O O O O O O O O O O O B-ATHLETE I-ATHLETE O O O O O O O O O O
448,Ġ Ċ Ċ The Ġtwo - time Ġworld Ġhalf - mar athon Ġsilver Ġmed all ist Ġwill Ġbe Ġback Ġto Ġchallenge ĠRad cliffe Ġat Ġthis Ġyear 's ĠLondon Ġevent Ġin ĠApril .,O O O O O O O O O O O O O O O O O O O O O B-ATHLETE I-ATHLETE O O O O O O O O O,O O O O O O O O O O O O O O O O O O O O O B-ATHLETE I-ATHLETE O O O O O O O O O
449,ĠAK Ġalso Ġdropped Ġits Ġharsh Ġstance Ġon Ġthree - time Ġworld Ġcross Ġcountry Ġ4 km Ġchampion ĠEd ith ĠMas ai .,O O O O O O O O O O O O O O O O B-ATHLETE I-ATHLETE I-ATHLETE I-ATHLETE O,O O O O O O O O O O O O O O O O B-ATHLETE I-ATHLETE I-ATHLETE I-ATHLETE O
450,"ĠMas ai Ġmissed ĠKenya 's Ġworld Ġcross Ġcountry Ġtrials Ġbecause Ġof Ġan Ġankle Ġproblem Ġbut ĠAK Ġinsisted Ġit Ġwould Ġtake Ġdisciplinary Ġaction Ġunless Ġshe Ġcould Ġprove Ġshe Ġwas Ġreally Ġinjured . Ġ""",O O O O O O O O O O O O O O O O O O O O O O O O O O O O O O O O,B-ATHLETE I-ATHLETE O O O O O O O O O O O O O O O O O O O O O O O O O O O O O O
451,"ĠSubject Ġto Ġour Ġdoctor 's Ġconfirmation , Ġwe Ġhave Ġdecided Ġto Ġclear ĠMas ai ,"" Ġadded ĠKi pl ag at .",O O O O O O O O O O O O O O O O O O O O O,O O O O O O O O O O O O B-ATHLETE I-ATHLETE O O B-PUBLIC-FIGURE I-PUBLIC-FIGURE I-PUBLIC-FIGURE I-PUBLIC-FIGURE O
452,ĠTough Ġrules Ġfor Ġring tone Ġsellers Ċ Ċ F irms Ġthat Ġfl out Ġrules Ġon Ġhow Ġring tones Ġand Ġother Ġmobile Ġextras Ġare Ġsold Ġcould Ġbe Ġcut Ġoff Ġfrom Ġall ĠUK Ġphone Ġnetworks .,O O O O O O O O O O O O O O O O O O O O O O O O O O O O O O O O O O,O O O O O O O O O O O O O O O O O O O O O O O O O O O O O O O O O O
453,Ġ Ċ Ċ The Ġrules Ġallow Ġoffenders Ġto Ġbe Ġcut Ġoff Ġif Ġthey Ġdo Ġnot Ġlet Ġconsumers Ġknow Ġexactly Ġwhat Ġthey Ġget Ġfor Ġtheir Ġmoney Ġand Ġhow Ġto Ġturn Ġoff Ġthe Ġservices .,O O O O O O O O O O O O O O O O O O O O O O O O O O O O O O O O O,O O O O O O O O O O O O O O O O O O O O O O O O O O O O O O O O O
454,ĠThe Ġfirst Ġmonth Ġunder Ġthe Ġnew Ġrules Ġhas Ġseen Ġat Ġleast Ġten Ġfirms Ġsuspended Ġwhile Ġthey Ġclean Ġup Ġthe Ġway Ġthey Ġwork .,O O O O O O O O O O O O O O O O O O O O O O O,O O O O O O O O O O O O O O O O O O O O O O O
455,ĠThe Ġrules Ġhave Ġbeen Ġbrought Ġin Ġto Ġensure Ġthat Ġthe Ġproblems Ġplag uing Ġnet Ġusers Ġdo Ġnot Ġspread Ġto Ġmobile Ġphones .,O O O O O O O O O O O O O O O O O O O O O O,O O O O O O O O O O O O O O O O O O O O O O
456,"Ġ Ċ Ċ In Ġthe Ġlast Ġcouple Ġof Ġyears Ġring tones , Ġwall papers , Ġscreens avers Ġand Ġlots Ġof Ġother Ġextras Ġfor Ġphones Ġhave Ġbecome Ġhugely Ġpopular .",O O O O O O O O O O O O O O O O O O O O O O O O O O O O O,O O O O O O O O O O O O O O O O O O O O O O O O O O O O O
457,"ĠBut Ġfierce Ġcompetition Ġis Ġmaking Ġit Ġdifficult Ġfor Ġfirms Ġto Ġget Ġtheir Ġwa res Ġin Ġfront Ġof Ġconsumers , Ġsaid ĠJeremy ĠFlynn , Ġhead Ġof Ġthird Ġparty Ġservices Ġat ĠV od af one .",O O O O O O O O O O O O O O O O O O O O B-BUSINESS-EXECUTIVE-MANAGER I-BUSINESS-EXECUTIVE-MANAGER O O O O O O O O O O O O,O O O O O O O O O O O O O O O O O O O O B-BUSINESS-EXECUTIVE-MANAGER I-BUSINESS-EXECUTIVE-MANAGER O O O O O O O O O O O O
458,"Ġ Ċ Ċ "" If Ġyou Ġare Ġnot Ġon Ġthe Ġoperator 's Ġportal Ġyou Ġare Ġgoing Ġto Ġhave Ġquite Ġheavy Ġmarketing Ġcosts Ġbecause Ġit 's Ġa Ġproblem Ġof Ġhow Ġpeople Ġdiscover Ġyour Ġservices ,"" Ġhe Ġsaid .",O O O O O O O O O O O O O O O O O O O O O O O O O O O O O O O O O O O O O,O O O O O O O O O O O O O O O O O O O O O O O O O O O O O O O O O O O O O
459,ĠTo Ġcombat Ġthis Ġmany Ġring tone Ġand Ġother Ġmobile Ġcontent Ġsellers Ġstarted Ġusing Ġa Ġnew Ġtactic Ġto Ġsqueeze Ġmore Ġcash Ġout Ġof Ġcustomers .,O O O O O O O O O O O O O O O O O O O O O O O O,O O O O O O O O O O O O O O O O O O O O O O O O
460,"ĠThis Ġtactic Ġinvolved Ġsigning Ġpeople Ġup Ġfor Ġa Ġsubscription Ġto Ġgive Ġthem , Ġfor Ġinstance , Ġseveral Ġring tones Ġper Ġweek Ġor Ġmonth Ġinstead Ġof Ġthe Ġsingle Ġtrack Ġthey Ġthought Ġthey Ġwere Ġgetting .",O O O O O O O O O O O O O O O O O O O O O O O O O O O O O O O O O O,O O O O O O O O O O O O O O O O O O O O O O O O O O O O O O O O O O
461,ĠMr ĠFlynn Ġsaid Ġthat Ġthe Ġmove Ġto Ġusing Ġsubscriptions Ġhappened Ġover Ġthe Ġspace Ġof Ġa Ġfew Ġweeks Ġat Ġthe Ġend Ġof Ġ2004 .,O O O O O O O O O O O O O O O O O O O O O O O,O B-BUSINESS-EXECUTIVE-MANAGER O O O O O O O O O O O O O O O O O O O O O
462,"ĠWebs ites Ġsuch Ġas Ġgr umble text . co . uk Ġstarted Ġgetting Ġreports Ġfrom Ġcustomers Ġwho Ġwere Ġr acking Ġup Ġlarge Ġbills Ġfor Ġphone Ġcontent Ġthey Ġdid Ġnot Ġknow Ġthey Ġhad Ġsigned Ġup Ġfor . Ġ""",O O O O O O O O O O O O O O O O O O O O O O O O O O O O O O O O O O O O O,O O O O O O O O O O O O O O O O O O O O O O O O O O O O O O O O O O O O O
463,"ĠWhat Ġmade Ġus Ġuncomfortable Ġwas Ġthat Ġthese Ġservices Ġwere Ġnot Ġbeing Ġmarketed Ġtransparent ly ,"" Ġsaid ĠMr ĠFlynn . Ġ""",O O O O O O O O O O O O O O O O O O O O,O O O O O O O O O O O O O O O O O B-PUBLIC-FIGURE O O
464,"ĠPeople Ġdid Ġnot Ġknow Ġthey Ġwere Ġbeing Ġoffered Ġa Ġsubscription Ġservice ."" Ġ""",O O O O O O O O O O O O O,O O O O O O O O O O O O O
465,"ĠWe Ġsaw Ġpotential Ġfor Ġsubstantial Ġconsumer Ġharm Ġhere ,"" Ġhe Ġadded .",O O O O O O O O O O O O,O O O O O O O O O O O O
466,Ġ Ċ Ċ The Ġswift Ġadoption Ġof Ġsubscription Ġservices Ġled Ġto Ġthe Ġcreation Ġof Ġa Ġnew Ġcode Ġof Ġconduct Ġfor Ġfirms Ġthat Ġwant Ġto Ġsell Ġcontent Ġfor Ġmobile Ġphones .,O O O O O O O O O O O O O O O O O O O O O O O O O O O O O O,O O O O O O O O O O O O O O O O O O O O O O O O O O O O O O
467,"ĠThe Ġdrafting Ġof Ġthe Ġnew Ġrules Ġwas Ġled Ġby Ġthe ĠMobile ĠEntertainment ĠForum Ġand Ġthe ĠUK 's Ġphone Ġfirms . Ġ""",O O O O O O O O O O O O O O O O O O O O O,O O O O O O O O O O O O O O O O O O O O O
468,"ĠEveryone Ġis Ġrequired Ġto Ġconform Ġto Ġthis Ġcode Ġof Ġconduct ,"" Ġsaid ĠAndrew ĠBud , Ġregulatory Ġhead Ġof Ġthe ĠME F Ġand Ġexecutive Ġchairman Ġof Ġmessaging Ġfirm ĠM Bl ox .",O O O O O O O O O O O O B-BUSINESS-EXECUTIVE-MANAGER I-BUSINESS-EXECUTIVE-MANAGER O O O O O O O O O O O O O O O O O,O O O O O O O O O O O O B-BUSINESS-EXECUTIVE-MANAGER I-BUSINESS-EXECUTIVE-MANAGER O O O O O O O O O O O O O O O O O
469,"Ġ Ċ Ċ "" It 's Ġall Ġabout Ġtransparency ,"" Ġhe Ġsaid . Ġ""",O O O O O O O O O O O O O O,O O O O O O O O O O O O O O
470,"ĠConsumers Ġhave Ġto Ġbe Ġtold Ġwhat Ġthey Ġhave Ġgot Ġthemselves Ġinto Ġand Ġhow Ġto Ġget Ġout Ġof Ġit ."" Ġ""",O O O O O O O O O O O O O O O O O O O O,O O O O O O O O O O O O O O O O O O O O
471,"ĠThe Ġconsumer Ġhas Ġa Ġright Ġto Ġbe Ġprotected ,"" Ġhe Ġsaid .",O O O O O O O O O O O O,O O O O O O O O O O O O
472,"ĠChristian ĠHarris , Ġpartnership Ġmanager Ġof Ġmobile Ġcontent Ġfirm ĠZed , Ġsaid Ġthe Ġnew Ġsystem Ġwas Ġessential Ġif Ġconsumers Ġwere Ġto Ġtrust Ġcompanies Ġthat Ġsell Ġring tones Ġand Ġother Ġdownloads . Ġ""",B-BUSINESS-EXECUTIVE-MANAGER I-BUSINESS-EXECUTIVE-MANAGER O O O O O O O O O O O O O O O O O O O O O O O O O O O O O O,B-BUSINESS-EXECUTIVE-MANAGER I-BUSINESS-EXECUTIVE-MANAGER O O O O O O O O O O O O O O O O O O O O O O O O O O O O O O
473,"ĠThe Ġground rules Ġmust Ġbe Ġapplied Ġacross Ġthe Ġwhole Ġindustry Ġand Ġif Ġthat 's Ġdone Ġeffectively Ġwe Ġwill Ġsee Ġthe Ġcow boys Ġdriven Ġout ,"" Ġhe Ġsaid .",O O O O O O O O O O O O O O O O O O O O O O O O O O O O,O O O O O O O O O O O O O O O O O O O O O O O O O O O O
474,ĠThe Ġnew Ġrules Ġcame Ġin Ġto Ġforce Ġon Ġ15 ĠJanuary Ġand Ġthe Ġfirst Ġmonth Ġunder Ġthe Ġnew Ġregime Ġhas Ġseen Ġmany Ġfirms Ġcautioned Ġfor Ġnot Ġhonour ing Ġthem .,O O O O O O O O O O O O O O O O O O O O O O O O O O O O O,O O O O O O O O O O O O O O O O O O O O O O O O O O O O O
475,"ĠSome Ġhave Ġbeen Ġtold Ġto Ġrev amp Ġwebsites Ġso Ġcustomers Ġknow Ġwhat Ġthey Ġget Ġfor Ġtheir Ġmoney Ġand Ġwhat Ġthey Ġare Ġsigning Ġup Ġfor , Ġsaid ĠMr ĠFlynn .",O O O O O O O O O O O O O O O O O O O O O O O O O O O O O,O O O O O O O O O O O O O O O O O O O O O O O O O O O B-PUBLIC-FIGURE O
476,"ĠAlso , Ġsaid ĠMr ĠFlynn , ĠV od af one Ġhas Ġbriefly Ġcut Ġoff Ġbetween Ġeight Ġand Ġten Ġcontent Ġsellers Ġfl outing Ġthe Ġrules . Ġ""",O O O O O O O O O O O O O O O O O O O O O O O O O O,O O O O B-BUSINESS-EXECUTIVE-MANAGER O O O O O O O O O O O O O O O O O O O O O
477,"ĠWe Ġhave Ġquite Ġdraconian Ġcontracts Ġwith Ġfirms ,"" Ġhe Ġsaid . Ġ""",O O O O O O O O O O O O,O O O O O O O O O O O O
478,ĠWe Ġdo Ġnot Ġhave Ġto Ġsay Ġwhy .,O O O O O O O O,O O O O O O O O
479,"ĠWe Ġcan Ġjust Ġcut Ġthem Ġoff .""",O O O O O O O,O O O O O O O
480,"ĠUnder Ġthe Ġrules Ġconsumers Ġmust Ġbe Ġable Ġto Ġswitch Ġoff Ġthe Ġservices Ġby Ġusing Ġa Ġuniversal Ġ"" stop "" Ġcommand Ġsent Ġvia Ġtext Ġmessage .",O O O O O O O O O O O O O O O O O O O O O O O O O,O O O O O O O O O O O O O O O O O O O O O O O O O
481,"ĠHe Ġsaid Ġthe Ġsystem Ġhad Ġbeen Ġdesigned Ġto Ġlimit Ġhow Ġmuch Ġa Ġconsumer Ġwill Ġpay Ġif Ġthey Ġinadvertently Ġsigned Ġup Ġfor Ġa Ġservice . Ġ""",O O O O O O O O O O O O O O O O O O O O O O O O O,O O O O O O O O O O O O O O O O O O O O O O O O O
482,"ĠThe Ġmobile Ġis Ġso Ġpersonal Ġthat Ġpeople Ġreally Ġresent Ġthe Ġabuse Ġof Ġwhat Ġis Ġeffectively Ġpart Ġof Ġtheir Ġpersonality ,"" Ġsaid ĠMr ĠFlynn .",O O O O O O O O O O O O O O O O O O O O O O O O,O O O O O O O O O O O O O O O O O O O O O O B-PUBLIC-FIGURE O
483,"ĠJam ies on Ġissues Ġwarning Ġto Ġbig ots Ċ Ċ Scotland 's Ġjustice Ġminister Ġhas Ġwarned Ġbig oted Ġsoccer Ġfans Ġthat Ġshe Ġwants Ġto Ġhit Ġthem Ġ"" where Ġit Ġhurts Ġmost "" Ġby Ġbanning Ġthem Ġfrom Ġmatches .",O O O O O O O O O O O O O O O O O O O O O O O O O O O O O O O O O O O O O O,B-POLITICIAN I-POLITICIAN I-POLITICIAN O O O O O O O O O O O O O O O O O O O O O O O O O O O O O O O O O O O
484,Ġ Ċ Ċ C athy ĠJam ies on Ġsaid Ġexclusion Ġorders Ġare Ġone Ġof Ġa Ġseries Ġof Ġmeasures Ġbeing Ġconsidered Ġin Ġthe ĠScottish ĠExecutive Ġcampaign Ġagainst Ġsectarian ism .,O O O B-POLITICIAN I-POLITICIAN I-POLITICIAN I-POLITICIAN I-POLITICIAN O O O O O O O O O O O O O O O O O O O O O,O O O B-POLITICIAN I-POLITICIAN I-POLITICIAN I-POLITICIAN I-POLITICIAN O O O O O O O O O O O O O O O O O O O O O
485,ĠShe Ġpraised ĠCeltic Ġand ĠRangers Ġfor Ġtheir Ġwork Ġin Ġtackling Ġthe Ġproblem .,O O O O O O O O O O O O O,O O O O O O O O O O O O O
486,"ĠHowever , Ġthe Ġminister Ġsaid Ġstopping Ġsectarian Ġabuse Ġassociated Ġwith ĠOld ĠFirm Ġmatches Ġis Ġa Ġkey Ġobjective .",O O O O O O O O O O O O O O O O O O,O O O O O O O O O O O O O O O O O O
487,ĠMs ĠJam ies on Ġwas Ġspeaking Ġahead Ġof Ġthe Ġthird Ġround ĠScottish ĠCup Ġclash Ġbetween Ġthe ĠGlasgow Ġclubs Ġat ĠPark head Ġon ĠSunday .,O O O O O O O O O O O O O O O O O O O O O O O O,O B-POLITICIAN I-POLITICIAN I-POLITICIAN O O O O O O O O O O O O O O O O O O O O
488,ĠThe Ġsectarian ism Ġlong Ġassociated Ġwith Ġsections Ġof Ġthe Ġsupport Ġfrom Ġboth Ġclubs Ġhas Ġbecome Ġa Ġsignificant Ġtarget Ġfor Ġthe Ġexecutive .,O O O O O O O O O O O O O O O O O O O O O O,O O O O O O O O O O O O O O O O O O O O O O
489,ĠLast Ġweek ĠMs ĠJam ies on Ġand ĠFirst ĠMinister ĠJack ĠMcConnell Ġmet Ġsupporters ' Ġrepresentatives Ġfrom Ġboth Ġclubs Ġto Ġdiscuss Ġthe Ġissue .,O O O O O O O O O B-POLITICIAN I-POLITICIAN O O O O O O O O O O O O,O O O B-POLITICIAN I-POLITICIAN I-POLITICIAN O O O B-POLITICIAN I-POLITICIAN O O O O O O O O O O O O
490,"Ġ Ċ Ċ They Ġplan Ġto Ġhold Ġan Ġanti - sect arian Ġsummit Ġnext Ġmonth Ġwith Ġofficials Ġfrom Ġthe Ġclubs , Ġchurch Ġleaders , Ġsenior Ġpolice Ġofficers Ġand Ġlocal Ġauthority Ġchiefs Ġamong Ġthose Ġto Ġbe Ġinvited .",O O O O O O O O O O O O O O O O O O O O O O O O O O O O O O O O O O O O O,O O O O O O O O O O O O O O O O O O O O O O O O O O O O O O O O O O O O O
491,"ĠSpeaking Ġon ĠBBC ĠRadio ĠScotland 's ĠSunday ĠLive Ġprogramme , ĠMs ĠJam ies on Ġdescribed ĠFriday 's Ġmeeting Ġas Ġ"" very Ġproductive "" Ġand Ġsaid Ġputting Ġthe Ġsqueeze Ġon Ġthe Ġbig ots Ġwould Ġbe Ġa Ġkey Ġaim .",O O O O O O O O O O O O O O O O O O O O O O O O O O O O O O O O O O O O O O,O O O O O O O O O O O B-POLITICIAN I-POLITICIAN I-POLITICIAN O O O O O O O O O O O O O O O O O O O O O O O O
492,"ĠMs ĠJam ies on Ġstressed Ġthat Ġsectarian ism Ġhas Ġnot Ġbeen Ġconfined Ġto Ġfootball Ġbut Ġit Ġcan Ġact Ġas Ġa Ġ"" trigger "" Ġfor Ġtensions Ġand Ġviolence .",O O O O O O O O O O O O O O O O O O O O O O O O O O O O,O B-POLITICIAN I-POLITICIAN I-POLITICIAN O O O O O O O O O O O O O O O O O O O O O O O O
493,ĠClubs Ġhave Ġtaken Ġaction Ġin Ġthe Ġpast Ġto Ġban Ġtroublesome Ġfans Ġand Ġsupporters ' Ġgroups Ġexpressed Ġtheir Ġdesire Ġto Ġensure Ġthat Ġthe Ġgame Ġis Ġno Ġlonger Ġtainted Ġby Ġthe Ġproblem .,O O O O O O O O O O O O O O O O O O O O O O O O O O O O O O O,O O O O O O O O O O O O O O O O O O O O O O O O O O O O O O O
494,Ġ Ċ Ċ Ms ĠJam ies on Ġsaid Ġthe Ġexecutive Ġshould Ġhave Ġa Ġrole Ġin Ġtackling Ġthe Ġsoccer Ġtrouble makers .,O O O O O O O O O O O O O O O O O O O O O,O O O O B-POLITICIAN I-POLITICIAN I-POLITICIAN O O O O O O O O O O O O O O
495,"ĠShe Ġsaid : Ġ"" We Ġcan 't Ġget Ġaway Ġfrom Ġthe Ġfact Ġthat Ġin Ġsome Ġinstances Ġsome Ġof Ġthe Ġreligious Ġhatred Ġthat Ġsome Ġpeople Ġtry Ġto Ġassociate Ġwith Ġfootball Ġboils Ġover Ġinto Ġviolence . Ġ""",O O O O O O O O O O O O O O O O O O O O O O O O O O O O O O O O O O O,O O O O O O O O O O O O O O O O O O O O O O O O O O O O O O O O O O O
496,"ĠThat Ġis Ġthe Ġkind Ġof Ġthing Ġwe Ġwant Ġto Ġstop Ġand Ġthat 's Ġthe Ġkind Ġof Ġthing Ġsupporters ' Ġgroups Ġare Ġvery Ġclear Ġthey Ġdon 't Ġwant Ġto Ġbe Ġpart Ġof Ġeither , Ġand Ġthey Ġwill Ġwork Ġwith Ġus Ġto Ġtry Ġand Ġdeal Ġwith Ġthat .""",O O O O O O O O O O O O O O O O O O O O O O O O O O O O O O O O O O O O O O O O O O O O O O,O O O O O O O O O O O O O O O O O O O O O O O O O O O O O O O O O O O O O O O O O O O O O O
497,"Ġ Ċ Ċ Ms ĠJam ies on Ġpraised Ġthe Ġpolice Ġfor Ġtheir Ġaction Ġand Ġsaid : Ġ"" The Ġpolice Ġdo Ġwant Ġto Ġidentify Ġwhether Ġthere Ġare Ġparticular Ġindividuals Ġwho Ġare Ġgoing Ġover Ġthe Ġtop Ġand Ġinciting Ġhatred Ġor Ġviolence Ġ- Ġthey Ġwill Ġcrack Ġdown Ġvery Ġeffectively Ġon Ġthem . Ġ""",O O O O O O O O O O O O O O O O O O O O O O O O O O O O O O O O O O O O O O O O O O O O O O O O O O,O O O O B-POLITICIAN I-POLITICIAN I-POLITICIAN O O O O O O O O O O O O O O O O O O O O O O O O O O O O O O O O O O O O O O O O O O O
498,"ĠWe Ġhave Ġof Ġcourse Ġalready Ġindicated Ġthat Ġwe Ġwill Ġconsider Ġthe Ġintroduction Ġof Ġbanning Ġorders Ġto Ġgive Ġadditional Ġpowers Ġto Ġwhere Ġthere Ġare Ġpeople Ġwho Ġare Ġgoing Ġover Ġthe Ġtop , Ġwho Ġhave Ġmade Ġinappropriate Ġbehaviour Ġat Ġfootball Ġmatches , Ġto Ġbe Ġable Ġto Ġstop Ġthem Ġattending Ġthe Ġgames . Ġ""",O O O O O O O O O O O O O O O O O O O O O O O O O O O O O O O O O O O O O O O O O O O O O O O O O O O,O O O O O O O O O O O O O O O O O O O O O O O O O O O O O O O O O O O O O O O O O O O O O O O O O O O
499,"ĠThat 's Ġthe Ġkind Ġof Ġthing Ġthat Ġwill Ġhit Ġthose Ġkind Ġof Ġpeople Ġwhere Ġit Ġhurts Ġthe Ġmost Ġin Ġnot Ġallowing Ġthem Ġto Ġattend Ġthe Ġgames ,"" Ġshe Ġsaid .",O O O O O O O O O O O O O O O O O O O O O O O O O O O O O O,O O O O O O O O O O O O O O O O O O O O O O O O O O O O O O
500,"ĠPra ising ĠCeltic Ġand ĠRangers Ġfor Ġtheir Ġefforts , Ġshe Ġsaid : Ġ"" I Ġdon 't Ġthink Ġthere Ġis Ġany Ġdoubt Ġthat Ġwe Ġhave Ġseen Ġsome Ġpositive Ġmoves Ġfrom Ġthe Ġclubs . Ġ""",O O O O O O O O O O O O O O O O O O O O O O O O O O O O O O O O O,O O O O O O O O O O O O O O O O O O O O O O O O O O O O O O O O O
501,"ĠBoth ĠRangers Ġand ĠCeltic Ġfootball Ġclubs Ġhave Ġbeen Ġinvolved Ġin Ġworking Ġwith Ġthe Ġexecutive Ġto Ġproduce , Ġfor Ġexample , Ġan Ġeducational Ġpack Ġfor Ġyoung Ġpeople .""",O O O O O O O O O O O O O O O O O O O O O O O O O O O,O O O O O O O O O O O O O O O O O O O O O O O O O O O
502,"ĠSpeak Ġeasy Ġplan Ġfor Ġmedia Ġplayers Ċ Ċ Music Ġand Ġfilm Ġfans Ġwill Ġbe Ġable Ġto Ġcontrol Ġtheir Ġdigital Ġmedia Ġplayers Ġjust Ġby Ġspeaking Ġto Ġthem , Ġunder Ġplans Ġin Ġdevelopment Ġby Ġtwo ĠUS Ġfirms .",O O O O O O O O O O O O O O O O O O O O O O O O O O O O O O O O O O O O,O O O O O O O O O O O O O O O O O O O O O O O O O O O O O O O O O O O O
503,Ġ Ċ Ċ Scan Soft Ġand ĠGrac en ote Ġare Ġdeveloping Ġtechnology Ġto Ġgive Ġpeople Ġaccess Ġto Ġtheir Ġfilm Ġand Ġmusic Ġlibraries Ġsimply Ġby Ġvoice Ġcontrol .,O O O O O O O O O O O O O O O O O O O O O O O O O O O,O O O O O O O O O O O O O O O O O O O O O O O O O O O
504,"ĠThey Ġwant Ġto Ġgive Ġpeople Ġhands - free Ġaccess Ġto Ġdigital Ġmusic Ġand Ġfilms Ġin Ġthe Ġcar , Ġor Ġat Ġhome Ġor Ġon Ġthe Ġmove .",O O O O O O O O O O O O O O O O O O O O O O O O O O,O O O O O O O O O O O O O O O O O O O O O O O O O O
505,"ĠHuge Ġmedia Ġlibraries Ġon Ġsome Ġplayers Ġcan Ġmake Ġfinding Ġsingle Ġsongs Ġhard . Ġ""",O O O O O O O O O O O O O O,O O O O O O O O O O O O O O
506,"ĠVoice Ġcommand - and - control Ġunlocks Ġthe Ġpotential Ġof Ġdevices Ġthat Ġcan Ġstore Ġlarge Ġdigital Ġmusic Ġcollections ,"" Ġsaid ĠRoss ĠBl anch ard , Ġvice Ġpresident Ġof Ġbusiness Ġdevelopment Ġfor ĠGrac en ote . Ġ""",O O O O O O O O O O O O O O O O O O O O B-BUSINESS-EXECUTIVE-MANAGER I-BUSINESS-EXECUTIVE-MANAGER I-BUSINESS-EXECUTIVE-MANAGER I-BUSINESS-EXECUTIVE-MANAGER O O O O O O O O O O O O,O O O O O O O O O O O O O O O O O O O O B-BUSINESS-EXECUTIVE-MANAGER I-BUSINESS-EXECUTIVE-MANAGER I-BUSINESS-EXECUTIVE-MANAGER I-BUSINESS-EXECUTIVE-MANAGER O O O O O O O O O O O O
507,"ĠThese Ġapplications Ġwill Ġradically Ġchange Ġthe Ġcar Ġentertainment Ġexperience , Ġallowing Ġdrivers Ġto Ġenjoy Ġtheir Ġentire Ġmusic Ġcollections Ġwithout Ġever Ġtaking Ġtheir Ġhands Ġoff Ġthe Ġsteering Ġwheel ,"" Ġhe Ġadded .",O O O O O O O O O O O O O O O O O O O O O O O O O O O O O O O,O O O O O O O O O O O O O O O O O O O O O O O O O O O O O O O
508,Ġ Ċ Ċ Gr ac en ote Ġprovides Ġmusic Ġlibrary Ġinformation Ġfor Ġmillions Ġof Ġdifferent Ġalbums Ġfor Ġj uke boxes Ġsuch Ġas ĠApple 's ĠiTunes .,O O O O O O O O O O O O O O O O O O O O O O O O O O,O O O B-MUSICIAN I-MUSICIAN I-MUSICIAN I-MUSICIAN O O O O O O O O O O O O O O O O O O O
509,"ĠThe Ġnew Ġtechnology Ġwill Ġbe Ġdesigned Ġso Ġthat Ġpeople Ġcan Ġplay Ġany Ġindividual Ġsong Ġor Ġmovie Ġout Ġof Ġa Ġcollection , Ġjust Ġby Ġsaying Ġits Ġname .",O O O O O O O O O O O O O O O O O O O O O O O O O O O,O O O O O O O O O O O O O O O O O O O O O O O O O O O
510,"ĠUsers Ġwill Ġalso Ġbe Ġable Ġto Ġrequest Ġmusic Ġthat Ġfits Ġa Ġmood Ġor Ġan Ġoccasion , Ġor Ġa Ġfilm Ġjust Ġby Ġsaying Ġthe Ġactor 's Ġname . Ġ""",O O O O O O O O O O O O O O O O O O O O O O O O O O O O,O O O O O O O O O O O O O O O O O O O O O O O O O O O O
511,"ĠSpeech Ġis Ġa Ġnatural Ġfit Ġfor Ġtoday 's Ġconsumer Ġdevices , Ġparticularly Ġin Ġmobile Ġenvironments ,"" Ġsaid ĠAlan ĠSchwartz , Ġvice Ġpresident Ġof ĠSpeech Works , Ġa Ġdivision Ġof ĠScan Soft . Ġ""",O O O O O O O O O O O O O O O O O B-BUSINESS-EXECUTIVE-MANAGER I-BUSINESS-EXECUTIVE-MANAGER O O O O O O O O O O O O O O,O O O O O O O O O O O O O O O O O B-BUSINESS-EXECUTIVE-MANAGER I-BUSINESS-EXECUTIVE-MANAGER O O O O O O O O O O O O O O
512,"ĠPair ing Ġour Ġvoice Ġtechnologies Ġwith ĠGrac en ote 's Ġvast Ġmusic Ġdatabase Ġwill Ġbring Ġthe Ġbenefits Ġof Ġspeech Ġtechnologies Ġto Ġa Ġhost Ġof Ġconsumer Ġdevices Ġand Ġenable Ġpeople Ġto Ġaccess Ġtheir Ġmedia Ġin Ġways Ġthey 've Ġnever Ġimagined .""",O O O O O O O O O O O O O O O O O O O O O O O O O O O O O O O O O O O O O O O O,O O O O O O O O O O O O O O O O O O O O O O O O O O O O O O O O O O O O O O O O
513,ĠThe Ġtwo Ġfirms Ġdid Ġnot Ġsay Ġif Ġthey Ġwere Ġdeveloping Ġthe Ġtechnology Ġfor Ġlanguages Ġother Ġthan ĠEnglish .,O O O O O O O O O O O O O O O O O O,O O O O O O O O O O O O O O O O O O
514,"ĠUsers Ġwill Ġalso Ġbe Ġable Ġto Ġget Ġmore Ġinformation Ġon Ġa Ġfavourite Ġsong Ġthey Ġhave Ġbeen Ġlistening Ġto Ġby Ġasking : Ġ"" What Ġis Ġthis ?""",O O O O O O O O O O O O O O O O O O O O O O O O O O,O O O O O O O O O O O O O O O O O O O O O O O O O O
515,ĠPortable Ġplayers Ġare Ġbecoming Ġpopular Ġin Ġcars Ġand Ġa Ġnumber Ġof Ġauto Ġfirms Ġare Ġworking Ġwith ĠApple Ġto Ġdevice Ġinterfaces Ġto Ġcontrol Ġthe Ġfirm 's ĠiPod Ġmusic Ġplayer .,O O O O O O O O O O O O O O O O O O O O O O O O O O O O O,O O O O O O O O O O O O O O O O O O O O O O O O O O O O O
516,"ĠBut Ġwith Ġtens Ġof Ġthousands Ġof Ġsongs Ġable Ġto Ġbe Ġstored Ġon Ġone Ġplayer , Ġvoice Ġcontrol Ġwould Ġmake Ġfinding Ġthat Ġelusive Ġtrack Ġby ĠElvis ĠPres ley Ġmuch Ġeasier .",O O O O O O O O O O O O O O O O O O O O O O O O B-MUSICIAN I-MUSICIAN I-MUSICIAN O O O,O O O O O O O O O O O O O O O O O O O O O O O O B-MUSICIAN I-MUSICIAN I-MUSICIAN O O O
517,"ĠThe Ġfirms Ġgave Ġno Ġindication Ġabout Ġwhether Ġthe ĠiPod , Ġor Ġany Ġother Ġmedia Ġplayer , Ġwere Ġin Ġmind Ġfor Ġthe Ġuse Ġof Ġthe Ġvoice Ġcontrol Ġtechnology .",O O O O O O O O O O O O O O O O O O O O O O O O O O O O,O O O O O O O O O O O O O O O O O O O O O O O O O O O O
518,ĠThe Ġcompanies Ġestimate Ġthat Ġthe Ġtechnology Ġwill Ġbe Ġavailable Ġin Ġthe Ġfourth Ġquarter Ġof Ġ2005 .,O O O O O O O O O O O O O O O O,O O O O O O O O O O O O O O O O
519,ĠChristmas Ġshoppers Ġflock Ġto Ġt ills Ċ Ċ Sh ops Ġall Ġover Ġthe ĠUK Ġreported Ġstrong Ġsales Ġon Ġthe Ġlast ĠSaturday Ġbefore ĠChristmas Ġwith Ġsome Ġclaiming Ġrecord - breaking Ġnumbers Ġof Ġfestive Ġshoppers .,O O O O O O O O O O O O O O O O O O O O O O O O O O O O O O O O O O,O O O O O O O O O O O O O O O O O O O O O O O O O O O O O O O O O O
520,"Ġ Ċ Ċ A Ġspokesman Ġfor ĠManchester 's ĠTrafford ĠCentre Ġsaid Ġit Ġwas Ġ"" the Ġbiggest ĠChristmas Ġto Ġdate "" Ġwith Ġsales Ġup Ġ5 %.",O O O O O O O O O O O O O O O O O O O O O O O O O,O O O O O O O O O O O O O O O O O O O O O O O O O
521,"ĠAnd Ġthe ĠReg ent ĠStreet ĠAssociation Ġsaid Ġshops Ġin Ġcentral ĠLondon Ġwere Ġalso Ġexpecting Ġthe Ġ"" best ĠChristmas Ġever "".",O O O O O O O O O O O O O O O O O O O O,O O O O O O O O O O O O O O O O O O O O
522,ĠThat Ġpicture Ġcomes Ġdespite Ġreports Ġof Ġdisappointing Ġfestive Ġsales Ġin Ġthe Ġlast Ġcouple Ġof Ġweeks .,O O O O O O O O O O O O O O O O,O O O O O O O O O O O O O O O O
523,"Ġ Ċ Ċ The ĠTrafford ĠCentre Ġspokeswoman Ġsaid Ġabout Ġ8 , 500 Ġthousand Ġvehicles Ġhad Ġarrived Ġat Ġthe Ġcentre Ġon ĠSaturday Ġbefore Ġ11 30 ĠGMT . Ġ""",O O O O O O O O O O O O O O O O O O O O O O O O O O O,O O O O O O O O O O O O O O O O O O O O O O O O O O O
524,"ĠWe Ġpredict Ġthat Ġthe Ġnext Ġweek Ġwill Ġcontinue Ġthe Ġsame Ġtrend ,"" Ġshe Ġadded .",O O O O O O O O O O O O O O O,O O O O O O O O O O O O O O O
525,Ġ Ċ Ċ It Ġwas Ġa Ġsimilar Ġstory Ġat ĠBlu ewater Ġin ĠKent .,O O O O O O O O O O O O O O,O O O O O O O O O O O O O O
526,"ĠSp okes man ĠAlan ĠJones Ġsaid Ġhe Ġexpected Ġ150 , 000 Ġshoppers Ġto Ġhave Ġvisited Ġby Ġthe Ġend Ġof ĠSaturday Ġand Ġa Ġfurther Ġ100 , 000 Ġon ĠSunday . Ġ""",O O O B-PUBLIC-FIGURE I-PUBLIC-FIGURE O O O O O O O O O O O O O O O O O O O O O O O O O,O O O B-PUBLIC-FIGURE I-PUBLIC-FIGURE O O O O O O O O O O O O O O O O O O O O O O O O O
527,"ĠOur Ġsales Ġso Ġfar Ġhave Ġbeen Ġ2 % Ġup Ġon Ġthe Ġsame Ġtime Ġlast Ġyear ,"" Ġhe Ġsaid . Ġ""",O O O O O O O O O O O O O O O O O O O O,O O O O O O O O O O O O O O O O O O O O
528,"ĠWe 're Ġvery Ġbusy , Ġit 's Ġreally Ġstrong Ġand Ġpeople Ġwill Ġbe Ġshopping Ġright Ġup Ġuntil ĠChristmas . Ġ""",O O O O O O O O O O O O O O O O O O O O,O O O O O O O O O O O O O O O O O O O O
529,"ĠOver Ġthe ĠChristmas Ġperiod Ġwe 're Ġexpecting Ġpeople Ġto Ġspend Ġin Ġexcess Ġof ĠÂ£ 200 m Ġat Ġthe Ġcentre .""",O O O O O O O O O O O O O O O O O O O O,O O O O O O O O O O O O O O O O O O O O
530,"Ġ Ċ Ċ On ĠSaturday Ġafternoon , Ġa Ġspokeswoman Ġfor Ġthe ĠSt ĠDavid 's ĠShopping ĠCentre Ġin ĠCardiff Ġsaid Ġit Ġlooked Ġlike Ġbeing Ġits Ġbusiest Ġday Ġof Ġthe Ġyear Ġwith Ġabout Ġ200 , 000 Ġshoppers Ġexpected Ġto Ġhave Ġvisited Ġby Ġthe Ġclose Ġof Ġplay .",O O O O O O O O O O O O O O O O O O O O O O O O O O O O O O O O O O O O O O O O O O O O O,O O O O O O O O O O O O O O O O O O O O O O O O O O O O O O O O O O O O O O O O O O O O O
531,"ĠAt Ġthe ĠSt ĠEn och 's ĠShopping ĠCentre Ġin ĠGlasgow , Ġmore Ġthan Ġ140 , 000 Ġshoppers Ġ- Ġan Ġall - time Ġrecord Ġ- Ġwere Ġexpected Ġto Ġhave Ġpassed Ġthrough Ġthe Ġdoors Ġby Ġits Ġclosing Ġtime Ġof Ġ1900 ĠGMT .",O O O O O O O O O O O O O O O O O O O O O O O O O O O O O O O O O O O O O O O O,O O O O O O O O O O O O O O O O O O O O O O O O O O O O O O O O O O O O O O O O
532,"ĠSenior Ġbusiness Ġmanager ĠJon ĠWalton Ġsaid : Ġ"" It Ġhas Ġbeen Ġphenomenal Ġ- Ġabsolutely Ġmob bed . Ġ""",O O O B-BUSINESS-EXECUTIVE-MANAGER I-BUSINESS-EXECUTIVE-MANAGER O O O O O O O O O O O O O,O O O B-BUSINESS-EXECUTIVE-MANAGER I-BUSINESS-EXECUTIVE-MANAGER O O O O O O O O O O O O O
533,"ĠEvery Ġweek Ġfoot fall Ġhas Ġbeen Ġshowing Ġstrong Ġgrowth Ġand Ġat Ġthe Ġweekends Ġit Ġhas Ġbeen Ġgoing Ġmad .""",O O O O O O O O O O O O O O O O O O O,O O O O O O O O O O O O O O O O O O O
534,"ĠReg ent ĠStreet ĠAssociation Ġdirector ĠAnnie ĠWalker Ġsaid Ġon ĠSaturday : Ġ"" The Ġstores Ġwere Ġhe aving Ġtoday Ġand Ġa Ġlot Ġof Ġpeople Ġare Ġgoing Ġto Ġbe Ġdoing Ġlast Ġminute Ġshopping Ġas Ġmany Ġpeople Ġfinished Ġwork Ġon ĠFriday Ġand Ġcan Ġgo Ġin Ġthe Ġweek .""",O O O O O B-BUSINESS-EXECUTIVE-MANAGER I-BUSINESS-EXECUTIVE-MANAGER O O O O O O O O O O O O O O O O O O O O O O O O O O O O O O O O O O O O O O,O O O O O B-PUBLIC-FIGURE I-PUBLIC-FIGURE O O O O O O O O O O O O O O O O O O O O O O O O O O O O O O O O O O O O O O
535,"Ġ Ċ Ċ She Ġsaid Ġreports Ġof Ġa Ġslump Ġin Ġpre - Christmas Ġsales Ġwere Ġrelated Ġto Ġthe Ġgrowing Ġpopularity Ġof Ġinternet Ġsales . Ġ""",O O O O O O O O O O O O O O O O O O O O O O O O O,O O O O O O O O O O O O O O O O O O O O O O O O O
536,"ĠI Ġdo Ġthink Ġthis Ġhas Ġhad Ġa Ġlot Ġto Ġdo Ġwith Ġreports Ġof Ġlower Ġsales Ġfigures ,"" Ġshe Ġsaid . Ġ""",O O O O O O O O O O O O O O O O O O O O O,O O O O O O O O O O O O O O O O O O O O O
537,"ĠInternet Ġshopping Ġhas Ġgone Ġup Ġenormously Ġand Ġnot Ġall Ġstores Ġhave Ġwebsites .""",O O O O O O O O O O O O O,O O O O O O O O O O O O O
538,ĠNew Ġ' y ob ' Ġtargets Ġto Ġbe Ġunveiled Ċ Ċ F ifty Ġnew Ġareas Ġgetting Ġspecial Ġhelp Ġto Ġfight Ġanti - social Ġbehaviour Ġin ĠEngland Ġand ĠWales Ġwill Ġbe Ġnamed Ġon ĠThursday .,O O O O O O O O O O O O O O O O O O O O O O O O O O O O O O O O O O,O O O O O O O O O O O O O O O O O O O O O O O O O O O O O O O O O O
539,Ġ Ċ Ċ Ten Ġareas Ġhave Ġalready Ġhad Ġaccess Ġto Ġspecial Ġprosecutors Ġand Ġlocal Ġexperts Ġand Ġthe Ġgovernment Ġis Ġnow Ġexpanding Ġthe Ġcrackdown Ġto Ġmore Ġtowns Ġand Ġcities .,O O O O O O O O O O O O O O O O O O O O O O O O O O O O O,O O O O O O O O O O O O O O O O O O O O O O O O O O O O O
540,ĠDetails Ġof Ġhow Ġmany Ġanti - social Ġbehaviour Ġorders Ġ( As bos ) Ġwere Ġused Ġin Ġthe Ġlast Ġyear Ġare Ġalso Ġbeing Ġpublished .,O O O O O O O O O O O O O O O O O O O O O O O O,O O O O O O O O O O O O O O O O O O O O O O O O
541,ĠLabour Ġsees Ġnuisance Ġbehaviour Ġas Ġa Ġkey Ġelection Ġissue Ġbut Ġcritics Ġclaim Ġthe Ġrecord Ġis Ġat Ġbest Ġpatch y .,O O O O O O O O O O O O O O O O O O O O,O O O O O O O O O O O O O O O O O O O O
542,"ĠA Ġyear Ġago , Ġministers Ġlaunched Ġtheir Ġanti - social Ġbehaviour Ġplan Ġand ĠThursday 's Ġfigures Ġoffer Ġa Ġprogress Ġcheck .",O O O O O O O O O O O O O O O O O O O O O,O O O O O O O O O O O O O O O O O O O O O
543,"ĠThey Ġwill Ġsay Ġthat Ġin Ġthe Ġpast Ġyear Ġmore Ġthan Ġ2 , 600 Ġanti - social Ġbehaviour Ġorders Ġwere Ġissued Ġby Ġthe Ġcourts Ġ- Ġmore Ġthan Ġdouble Ġthe Ġtotal Ġused Ġin Ġthe Ġprevious Ġfour Ġyears .",O O O O O O O O O O O O O O O O O O O O O O O O O O O O O O O O O O O O,O O O O O O O O O O O O O O O O O O O O O O O O O O O O O O O O O O O O
544,"Ġ Ċ Ċ Police Ġhave Ġalso Ġclosed Ġ150 Ġcrack Ġhouses Ġand Ġissued Ġmore Ġthan Ġ400 Ġdispers al Ġorders , Ġbreaking Ġup Ġgroups Ġof Ġyouths Ġin Ġpublic Ġplaces .",O O O O O O O O O O O O O O O O O O O O O O O O O O O O,O O O O O O O O O O O O O O O O O O O O O O O O O O O O
545,ĠThe Ġ50 Ġnew Ġpilot Ġareas Ġto Ġget Ġspecial Ġattention Ġwill Ġalso Ġreceive Ġextra Ġgovernment Ġfunding .,O O O O O O O O O O O O O O O O,O O O O O O O O O O O O O O O O
546,ĠEx eter Ġand ĠCardiff Ġare Ġamong Ġcities Ġwho Ġhave Ġvoiced Ġinterest Ġin Ġbeing Ġinvolved .,O O O O O O O O O O O O O O O,O O O O O O O O O O O O O O O
547,Ġ Ċ Ċ Prime ĠMinister ĠTony ĠBlair Ġis Ġalso Ġexpected Ġto Ġannounce Ġnew Ġmeasures Ġto Ġstrengthen Ġthe Ġuse Ġof ĠAs bos Ġand Ġfixed Ġpenalty Ġnotices .,O O O O O B-POLITICIAN I-POLITICIAN O O O O O O O O O O O O O O O O O O O,O O O O O B-POLITICIAN I-POLITICIAN O O O O O O O O O O O O O O O O O O O
548,ĠThere Ġare Ġstill Ġconcerns Ġthat Ġsome Ġareas Ġof Ġthe Ġcountry Ġare Ġnot Ġusing Ġthe Ġpowers Ġproperly .,O O O O O O O O O O O O O O O O O,O O O O O O O O O O O O O O O O O
549,"Ġ Ċ Ċ He Ġis Ġexpected Ġto Ġsay Ġthat Ġthe Ġnew Ġfigures Ġwere Ġheart ening Ġbut Ġhe Ġwould Ġnot Ġrest Ġuntil Ġsimilar Ġaction Ġwas Ġtaken Ġin Ġall Ġareas Ġof Ġthe Ġcountry Ġwhere Ġit Ġwas Ġneeded . Ġ""",O O O O O O O O O O O O O O O O O O O O O O O O O O O O O O O O O O O O O,O O O O O O O O O O O O O O O O O O O O O O O O O O O O O O O O O O O O O
550,"ĠWe Ġhave Ġnot Ġdefeated Ġthis Ġproblem Ġby Ġany Ġmeans , Ġbut Ġshown Ġtogether Ġwhat Ġcan Ġbe Ġdone ,"" Ġhe Ġwill Ġsay .",O O O O O O O O O O O O O O O O O O O O O O,O O O O O O O O O O O O O O O O O O O O O O
551,"ĠMr ĠBlair Ġthis Ġweek Ġdefended Ġthe Ġshake - up Ġof Ġthe Ġlicensing Ġlaws , Ġsaying Ġit Ġwas Ġright Ġto Ġfocus Ġon Ġtrouble makers Ġrather Ġthan Ġtreating Ġeverybody Ġas Ġa Ġpotential Ġdrunken Ġnuisance .",O O O O O O O O O O O O O O O O O O O O O O O O O O O O O O O O O,O B-POLITICIAN O O O O O O O O O O O O O O O O O O O O O O O O O O O O O O O
552,"Ġ Ċ Ċ Min isters Ġalso Ġboast Ġof Ġrecord Ġpolice Ġnumbers Ġand Ġare Ġspeeding Ġup Ġplans Ġto Ġput Ġin Ġplace Ġ25 , 000 Ġcommunity Ġsupport Ġofficers Ġ( CS Os ).",O O O O O O O O O O O O O O O O O O O O O O O O O O O O O O,O O O O O O O O O O O O O O O O O O O O O O O O O O O O O O
553,ĠBut Ġresearchers Ġfrom ĠLeeds ĠUniversity Ġwarned Ġthat ĠCS Os Ġcould Ġundermine Ġtraditional Ġbonds Ġbetween Ġpolice Ġofficers Ġand Ġcommunities .,O O O O O O O O O O O O O O O O O O O,O O O O O O O O O O O O O O O O O O O
554,"ĠMore Ġwork Ġneeded Ġto Ġbe Ġdone Ġon Ġclar ifying Ġthe Ġrole Ġof Ġdifferent Ġagencies Ġand Ġhow Ġthey Ġlinked Ġtogether Ġbefore ĠCS Os , Ġthey Ġargued Ġin Ġa Ġthe Ġstudy .",O O O O O O O O O O O O O O O O O O O O O O O O O O O O O O,O O O O O O O O O O O O O O O O O O O O O O O O O O O O O O
555,ĠCritics Ġof Ġthe Ġgovernment Ġsay Ġit Ġhas Ġannounced Ġmore Ġthan Ġ20 Ġinitiatives Ġto Ġtackle Ġnuisance Ġbehaviour Ġwhen Ġthe Ġreal Ġfocus Ġshould Ġbe Ġon Ġgood Ġpolicing .,O O O O O O O O O O O O O O O O O O O O O O O O O O,O O O O O O O O O O O O O O O O O O O O O O O O O O
556,"ĠHome ĠOffice ĠMinister ĠHazel ĠBle ars Ġalso Ġrevealed Ġthis Ġweek Ġthat Ġ"" about Ġa Ġthird "" Ġof ĠAs bos Ġwere Ġbreached Ġ- Ġwith Ġsome Ġpeople Ġjailed Ġand Ġothers Ġnot .",O O O B-POLITICIAN I-POLITICIAN I-POLITICIAN O O O O O O O O O O O O O O O O O O O O O O O O,O O O B-POLITICIAN I-POLITICIAN I-POLITICIAN O O O O O O O O O O O O O O O O O O O O O O O O
557,ĠJ arre Ġjoins Ġfair yt ale Ġcelebration Ċ Ċ French Ġmusician ĠJean - Mic hel ĠJ arre Ġis Ġto Ġperform Ġat Ġa Ġconcert Ġin ĠCopenhagen Ġto Ġmark Ġthe Ġb icent ennial Ġof Ġthe Ġbirth Ġof Ġwriter ĠHans ĠChristian ĠAndersen .,O O O O O O O O O O O B-MUSICIAN I-MUSICIAN I-MUSICIAN I-MUSICIAN I-MUSICIAN I-MUSICIAN O O O O O O O O O O O O O O O O O O O B-AUTHOR-WRITER I-AUTHOR-WRITER I-AUTHOR-WRITER O,B-MUSICIAN I-MUSICIAN O O O O O O O O O B-MUSICIAN I-MUSICIAN I-MUSICIAN I-MUSICIAN I-MUSICIAN I-MUSICIAN O O O O O O O O O O O O O O O O O O O B-AUTHOR-WRITER I-AUTHOR-WRITER I-AUTHOR-WRITER O
558,"Ġ Ċ Ċ Den mark Ġis Ġholding Ġa Ġthree - day Ġcelebration Ġof Ġthe Ġlife Ġof Ġthe Ġfairy - tale Ġauthor , Ġwith Ġa Ġconcert Ġat ĠPark en Ġstadium Ġon Ġ2 ĠApril .",O O O O O O O O O O O O O O O O O O O O O O O O O O O O O O O O O,O O O B-ACTOR-DIRECTOR I-ACTOR-DIRECTOR O O O O O O O O O O O O O O O O O O O O O O O O O O O O
559,"ĠOther Ġstars Ġare Ġexpected Ġto Ġjoin Ġthe Ġline - up Ġin Ġthe Ġcoming Ġmonths , Ġand Ġthe ĠDanish Ġroyal Ġfamily Ġwill Ġattend . Ġ""",O O O O O O O O O O O O O O O O O O O O O O O O,O O O O O O O O O O O O O O O O O O O O O O O O
560,"ĠChristian ĠAndersen 's Ġfairy Ġtales Ġare Ġtimeless Ġand Ġuniversal ,"" Ġsaid ĠJ arre . Ġ""",O O O O O O O O O O O O O O O,B-AUTHOR-WRITER I-AUTHOR-WRITER I-AUTHOR-WRITER O O O O O O O O B-PUBLIC-FIGURE I-PUBLIC-FIGURE O O
561,"ĠFor Ġall Ġof Ġus , Ġat Ġany Ġage Ġthere Ġis Ġalways Ġ- Ġbeyond Ġthe Ġpure Ġenjoyment Ġof Ġthe Ġtale Ġ- Ġa Ġmessage Ġto Ġlearn .""",O O O O O O O O O O O O O O O O O O O O O O O O O,O O O O O O O O O O O O O O O O O O O O O O O O O
562,"ĠThere Ġare Ġyear - long Ġcelebrations Ġplanned Ġacross Ġthe Ġworld Ġto Ġcelebrate ĠAndersen Ġand Ġhis Ġwork , Ġwhich Ġincludes ĠThe ĠEmperor 's ĠNew ĠCl othes Ġand ĠThe ĠLittle ĠMermaid .",O O O O O O O O O O O O O O O O O O O O O O O O O O O O O O,O O O O O O O O O O O O B-AUTHOR-WRITER O O O O O O O O O O O O O O O O O
563,ĠDenmark 's ĠCrown ĠPrince ĠFreder ik Ġand ĠCrown ĠPrincess ĠMary Ġvisited ĠNew ĠYork Ġon ĠMonday Ġto Ġhelp Ġpromote Ġthe Ġfestivities .,O O B-PUBLIC-FIGURE I-PUBLIC-FIGURE I-PUBLIC-FIGURE I-PUBLIC-FIGURE O B-PUBLIC-FIGURE I-PUBLIC-FIGURE I-PUBLIC-FIGURE O O O O O O O O O O O,O O O O B-PUBLIC-FIGURE I-PUBLIC-FIGURE O O O B-PUBLIC-FIGURE O O O O O O O O O O O
564,"ĠThe Ġpair Ġwere Ġat Ġa ĠManhattan Ġlibrary Ġto Ġhonour ĠUS Ġliterary Ġcritic ĠHarold ĠBloom Ġ"" the Ġinternational Ġicon Ġwe Ġthought Ġwe Ġknew Ġso Ġwell "".",O O O O O O O O O O O O B-AUTHOR-WRITER I-AUTHOR-WRITER O O O O O O O O O O O,O O O O O O O O O O O O B-AUTHOR-WRITER I-AUTHOR-WRITER O O O O O O O O O O O
565,"Ġ Ċ Ċ "" Bloom Ġrecognizes Ġthe Ġdarker Ġaspects Ġof ĠAndersen 's Ġauthors hip ,"" ĠPrince ĠFreder ik Ġsaid .",O O O O O O O O O O O O O O O O O O O O,O O O O B-AUTHOR-WRITER O O O O O B-AUTHOR-WRITER O O O O O B-PUBLIC-FIGURE I-PUBLIC-FIGURE O O
566,ĠBloom Ġis Ġto Ġbe Ġformally Ġpresented Ġwith Ġthe ĠHans ĠChristian ĠAndersen ĠAward Ġthis Ġspring Ġin ĠAnderson 's Ġhometown Ġof ĠOd ense .,O O O O O O O O B-AUTHOR-WRITER I-AUTHOR-WRITER I-AUTHOR-WRITER O O O O O O O O O O O,O O O O O O O O O O O O O O O B-ACTOR-DIRECTOR O O O O O O
567,"ĠThe Ġroyal Ġcouple Ġalso Ġvisited Ġthe ĠHans ĠChristian ĠAnderson ĠSchool Ġcomplex , Ġwhere ĠQueen ĠMary Ġread ĠThe ĠU gly ĠDuck ling Ġto Ġthe Ġyoung Ġaudience .",O O O O O O O O O O O O O B-PUBLIC-FIGURE I-PUBLIC-FIGURE O O O O O O O O O O O,O O O O O O O O O O O O O O B-PUBLIC-FIGURE O O O O O O O O O O O
568,"ĠLater Ġat Ġa Ġg ala Ġdinner , ĠDanish Ġsuper model ĠHelena ĠChristensen Ġwas Ġnamed Ġa ĠHans ĠChristian ĠAndersen Ġambassador .",O O O O O O O O O O B-PUBLIC-FIGURE I-PUBLIC-FIGURE O O O B-AUTHOR-WRITER I-AUTHOR-WRITER I-AUTHOR-WRITER O O,O O O O O O O O O O B-ACTOR-DIRECTOR I-ACTOR-DIRECTOR O O O O O O O O
569,"ĠOther Ġambassadors Ġinclude Ġactors ĠHarvey ĠKe it el Ġand ĠSir ĠRoger ĠMoore , Ġathlete ĠCathy ĠFreeman Ġand ĠBrazilian Ġsoccer Ġlegend ĠPe le .",O O O O B-ACTOR-DIRECTOR I-ACTOR-DIRECTOR I-ACTOR-DIRECTOR I-ACTOR-DIRECTOR O B-ACTOR-DIRECTOR I-ACTOR-DIRECTOR I-ACTOR-DIRECTOR O O B-ATHLETE I-ATHLETE O O O O B-ATHLETE I-ATHLETE O,O O O O B-ACTOR-DIRECTOR I-ACTOR-DIRECTOR I-ACTOR-DIRECTOR I-ACTOR-DIRECTOR O O B-ACTOR-DIRECTOR I-ACTOR-DIRECTOR O O B-ATHLETE I-ATHLETE O O O O O O O
570,ĠSere na Ġbecomes Ġworld Ġnumber Ġtwo Ċ Ċ S ere na ĠWilliams Ġhas Ġmoved Ġup Ġfive Ġplaces Ġto Ġsecond Ġin Ġthe Ġworld Ġrankings Ġafter Ġher ĠAustralian ĠOpen Ġwin .,O O O O O O O O B-ATHLETE I-ATHLETE I-ATHLETE I-ATHLETE O O O O O O O O O O O O O O O O O,B-ATHLETE I-ATHLETE O O O O O O B-ATHLETE I-ATHLETE I-ATHLETE I-ATHLETE O O O O O O O O O O O O O O O O O
571,"Ġ Ċ Ċ Williams Ġwon Ġher Ġfirst ĠGrand ĠSlam Ġtitle Ġsince Ġ2003 Ġwith Ġvictory Ġover ĠLindsay ĠD aven port , Ġthe Ġworld Ġnumber Ġone .",O O O O O O O O O O O O O O O B-ATHLETE I-ATHLETE I-ATHLETE I-ATHLETE O O O O O O,O O O B-ATHLETE O O O O O O O O O O O B-ATHLETE I-ATHLETE I-ATHLETE I-ATHLETE O O O O O O
572,ĠMen 's Ġchampion ĠMar at ĠSaf in Ġremains Ġfourth Ġin Ġthe ĠATP Ġrankings Ġwhile Ġbeaten Ġfinal ist ĠL ley ton ĠHew itt Ġreplaces ĠAndy ĠR odd ick Ġas Ġworld Ġnumber Ġtwo .,O O O B-ATHLETE I-ATHLETE I-ATHLETE I-ATHLETE O O O O O O O O O O B-ATHLETE I-ATHLETE I-ATHLETE I-ATHLETE I-ATHLETE O B-ATHLETE I-ATHLETE I-ATHLETE I-ATHLETE O O O O O,O O O B-ATHLETE I-ATHLETE I-ATHLETE I-ATHLETE O O O O O O O O O O B-ATHLETE I-ATHLETE I-ATHLETE I-ATHLETE I-ATHLETE O B-ATHLETE I-ATHLETE I-ATHLETE I-ATHLETE O O O O O
573,"ĠRoger ĠFed erer Ġretains Ġtop Ġspot , Ġbut ĠSaf in Ġhas Ġovert aken ĠHew itt Ġto Ġbecome Ġthe Ġnew Ġleader Ġof Ġthe ĠChampions ĠRace .",B-ATHLETE I-ATHLETE I-ATHLETE O O O O O O O O O O O O O O O O O O O O O O,B-ATHLETE I-ATHLETE I-ATHLETE O O O O O B-ATHLETE I-ATHLETE O O O B-ATHLETE I-ATHLETE O O O O O O O O O O
574,"ĠAlicia ĠMol ik , Ġwho Ġlost Ġa Ġthree - set Ġthriller Ġagainst ĠD aven port Ġin Ġthe Ġquarter - finals , Ġis Ġin Ġthe Ġwomen 's Ġtop Ġ10 Ġfor Ġthe Ġfirst Ġtime Ġin Ġher Ġcareer .",B-ATHLETE I-ATHLETE I-ATHLETE O O O O O O O O O O O O O O O O O O O O O O O O O O O O O O O O O,B-ATHLETE I-ATHLETE I-ATHLETE O O O O O O O O O B-ATHLETE I-ATHLETE I-ATHLETE O O O O O O O O O O O O O O O O O O O O O
575,ĠHer Ġrise Ġmeans ĠAustralia Ġhave Ġa Ġplayer Ġin Ġthe Ġtop Ġ10 Ġof Ġthe Ġmen 's Ġand Ġwomen 's Ġrankings Ġfor Ġthe Ġfirst Ġtime Ġin Ġ21 Ġyears .,O O O O O O O O O O O O O O O O O O O O O O O O O O O,O O O O O O O O O O O O O O O O O O O O O O O O O O O
576,"ĠAnd ĠBritain 's ĠElena ĠBalt acha , Ġwho Ġqualified Ġand Ġthen Ġreached Ġthe Ġthird Ġround , Ġhas Ġrisen Ġto Ġ120 Ġin Ġthe Ġworld Ġ- Ġa Ġleap Ġof Ġ65 Ġplaces Ġand Ġher Ġhighest Ġranking Ġyet .",O O O B-ATHLETE I-ATHLETE I-ATHLETE O O O O O O O O O O O O O O O O O O O O O O O O O O O O O,O O O B-ATHLETE I-ATHLETE I-ATHLETE O O O O O O O O O O O O O O O O O O O O O O O O O O O O O
577,ĠRay ĠDVD Ġbeats Ġbox Ġoffice Ġt akings Ċ Ċ O scar - nom inated Ġfilm Ġbi opic ĠRay Ġhas Ġsurpassed Ġits ĠUS Ġbox Ġoffice Ġt akings Ġwith Ġa Ġcombined Ġtally Ġof Ġ$ 80 m Ġ(Â£ 43 m ) Ġfrom ĠDVD Ġand Ġvideo Ġsales Ġand Ġrentals .,O O O O O O O O O O O O O O O O O O O O O O O O O O O O O O O O O O O O O O O O O O O O O O,O O O O O O O O O O O O O O O O O O O O O O O O O O O O O O O O O O O O O O O O O O O O O O
578,"Ġ Ċ Ċ Ray 's Ġsuccess Ġon ĠDVD Ġout stri pped Ġits Ġ$ 74 m Ġ(Â£ 40 m ) ĠUS Ġbox Ġoffice Ġtotal , Ġearning Ġmore Ġthan Ġ$ 40 m Ġ(Â£ 22 m ) Ġon Ġthe Ġfirst Ġday Ġof Ġthe ĠDVD 's Ġrelease Ġalone .",O O O O O O O O O O O O O O O O O O O O O O O O O O O O O O O O O O O O O O O O O O O O O,O O O B-MUSICIAN O O O O O O O O O O O O O O O O O O O O O O O O O O O O O O O O O O O O O O O O O
579,ĠRay Ġhas Ġbeen Ġnominated Ġin Ġsix ĠOscar Ġcategories Ġincluding Ġbest Ġfilm Ġand Ġbest Ġactor Ġfor ĠJamie ĠFox x .,O O O O O O O O O O O O O O O B-ACTOR-DIRECTOR I-ACTOR-DIRECTOR I-ACTOR-DIRECTOR O,O O O O O O O O O O O O O O O B-ACTOR-DIRECTOR I-ACTOR-DIRECTOR I-ACTOR-DIRECTOR O
580,"ĠThe Ġfilm Ġrecounts Ġthe Ġlife Ġof Ġblues Ġsinger ĠRay ĠCharles , Ġwho Ġdied Ġin Ġ2004 .",O O O O O O O O B-MUSICIAN I-MUSICIAN O O O O O O,O O O O O O O O B-MUSICIAN I-MUSICIAN O O O O O O
581,"ĠIn Ġits Ġfirst Ġweek Ġon Ġhome Ġentertainment Ġrelease Ġthe Ġfilm Ġwas Ġthe Ġnumber Ġone Ġselling ĠDVD , Ġwith Ġthe Ġlimited Ġedition Ġversion Ġcoming Ġin Ġat Ġnumber Ġ11 .",O O O O O O O O O O O O O O O O O O O O O O O O O O O O,O O O O O O O O O O O O O O O O O O O O O O O O O O O O
582,"ĠSony Ġhorror Ġfilm ĠThe ĠGr udge , Ġstarring ĠMichelle ĠG ellar , Ġwas Ġthe ĠUS ' Ġsecond Ġbest - selling ĠDVD , Ġwith ĠJennifer ĠLopez Ġand ĠRichard ĠG ere 's Ġromantic Ġcomedy ĠShall ĠWe ĠDance ?",O O O O O O O O B-ACTOR-DIRECTOR I-ACTOR-DIRECTOR I-ACTOR-DIRECTOR O O O O O O O O O O O O B-ACTOR-DIRECTOR I-ACTOR-DIRECTOR O B-ACTOR-DIRECTOR I-ACTOR-DIRECTOR I-ACTOR-DIRECTOR O O O O O O O,O O O O O O O O B-ACTOR-DIRECTOR I-ACTOR-DIRECTOR I-ACTOR-DIRECTOR O O O O O O O O O O O O B-MUSICIAN I-MUSICIAN O B-ACTOR-DIRECTOR I-ACTOR-DIRECTOR I-ACTOR-DIRECTOR O O O O O O O
583,Ġat Ġnumber Ġthree .,O O O O,O O O O
584,"ĠFox x 's Ġcritically Ġacclaimed Ġperformance Ġas ĠRay Ġhas Ġalready Ġearned Ġhim Ġa ĠScreen ĠAct ors ĠGuild ĠAward Ġfor Ġbest Ġactor , Ġas Ġwell Ġas Ġa Ġprestigious ĠGolden ĠGlobe .",O O O O O O O O O O O O O O O O O O O O O O O O O O O O O O,B-ACTOR-DIRECTOR I-ACTOR-DIRECTOR O O O O O O O O O O O O O O O O O O O O O O O O O O O O
585,"ĠRay Ġdirector ĠTaylor ĠHack ford , Ġresponsible Ġfor Ġthe Ġclassic Ġ1982 Ġfilm ĠAn ĠOfficer Ġand Ġa ĠGentleman , Ġhas Ġalso Ġreceived Ġan ĠOscar Ġnomination Ġin Ġthe Ġbest Ġdirector Ġcategory .",O O B-ACTOR-DIRECTOR I-ACTOR-DIRECTOR I-ACTOR-DIRECTOR O O O O O O O O O O O O O O O O O O O O O O O O O,O O B-ACTOR-DIRECTOR I-ACTOR-DIRECTOR I-ACTOR-DIRECTOR O O O O O O O O O O O O O O O O O O O O O O O O O
586,"ĠThe Ġfilm 's Ġthree Ġother ĠOscar Ġnominations Ġare Ġfor Ġcostume , Ġfilm Ġediting Ġand Ġsound Ġmixing .",O O O O O O O O O O O O O O O O O,O O O O O O O O O O O O O O O O O
587,ĠDVD Ġcopy Ġprotection Ġstrengthened Ċ Ċ DVD s Ġwill Ġbe Ġharder Ġto Ġcopy Ġthanks Ġto Ġnew Ġanti - piracy Ġmeasures Ġdevised Ġby Ġcopy Ġprotection Ġfirm ĠMacro vision .,O O O O O O O O O O O O O O O O O O O O O O O O O O O O,O O O O O O O O O O O O O O O O O O O O O O O O O O O O
588,Ġ Ċ Ċ The Ġpir ated ĠDVD Ġmarket Ġis Ġenormous Ġbecause Ġcurrent Ġcopy Ġprotection Ġwas Ġhacked Ġmore Ġthan Ġfive Ġyears Ġago .,O O O O O O O O O O O O O O O O O O O O O O,O O O O O O O O O O O O O O O O O O O O O O
589,"ĠMacro vision Ġsays Ġits Ġnew ĠRip Guard Ġtechnology Ġwill Ġthwart Ġmost , Ġbut Ġnot Ġall , Ġof Ġthe Ġcurrent ĠDVD Ġripping Ġ( cop ying ) Ġprograms Ġused Ġto Ġpirate ĠDVDs . Ġ""",O O O O O O O O O O O O O O O O O O O O O O O O O O O O O O O O,B-ACTOR-DIRECTOR I-ACTOR-DIRECTOR O O O O O O O O O O O O O O O O O O O O O O O O O O O O O O
590,"ĠRip Guard Ġis Ġdesigned Ġto ... Ġreduce ĠDVD Ġripping Ġand Ġthe Ġresulting Ġsupply Ġof Ġillegal Ġpeer Ġto Ġpeer ,"" Ġsaid Ġthe Ġfirm .",O O O O O O O O O O O O O O O O O O O O O O O,O O O O O O O O O O O O O O O O O O O O O O O
591,"ĠMacro vision Ġsaid Ġthe Ġnew Ġtechnology Ġwill Ġwork Ġin Ġ"" n early Ġall "" Ġcurrent ĠDVD Ġplayers Ġwhen Ġapplied Ġto Ġthe Ġdiscs , Ġbut Ġit Ġdid Ġnot Ġspecify Ġhow Ġmany Ġmachines Ġcould Ġhave Ġa Ġproblem Ġwith ĠRip Guard .",O O O O O O O O O O O O O O O O O O O O O O O O O O O O O O O O O O O O O O O,B-BUSINESS-EXECUTIVE-MANAGER I-BUSINESS-EXECUTIVE-MANAGER O O O O O O O O O O O O O O O O O O O O O O O O O O O O O O O O O O O O O
592,ĠSome ĠBBC ĠNews Ġwebsite Ġusers Ġhave Ġexpressed Ġconcerns Ġthat Ġthe Ġnew Ġtechnology Ġwill Ġmean Ġthat ĠDVDs Ġwill Ġnot Ġwork Ġon ĠPCs Ġrunning Ġthe Ġoperating Ġsystem ĠLinux .,O O O O O O O O O O O O O O O O O O O O O O O O O O O,O O O O O O O O O O O O O O O O O O O O O O O O O O O
593,ĠThe Ġnew Ġtechnology Ġwill Ġbe Ġwelcomed Ġby ĠHollywood Ġfilm Ġstudios Ġwhich Ġare Ġincreasingly Ġrelying Ġon Ġrevenue Ġfrom ĠDVD Ġsales .,O O O O O O O O O O O O O O O O O O O O,O O O O O O O O O O O O O O O O O O O O
594,"Ġ Ċ Ċ The Ġfilm Ġindustry Ġhas Ġstepped Ġup Ġefforts Ġto Ġfight ĠDVD Ġpiracy Ġin Ġthe Ġlast Ġ12 Ġmonths , Ġtaking Ġlegal Ġaction Ġagainst Ġwebsites Ġwhich Ġoffer Ġpir ated Ġcopies Ġof ĠDVD Ġmovies Ġfor Ġdownload .",O O O O O O O O O O O O O O O O O O O O O O O O O O O O O O O O O O O O,O O O O O O O O O O O O O O O O O O O O O O O O O O O O O O O O O O O O
595,"Ġ Ċ Ċ "" Ultimately , Ġwe Ġsee ĠRip Guard ĠDVD ... Ġevolving Ġbeyond Ġanti - piracy , Ġand Ġtowards Ġenable ment Ġof Ġlegitimate Ġonline Ġtransactions , Ġinteroper ability Ġin Ġtomorrow 's Ġdigital Ġhome , Ġand Ġthe Ġupcoming Ġhigh - definition Ġformats ,"" Ġsaid ĠSteve ĠWeinstein , Ġexecutive Ġvice Ġpresident Ġand Ġgeneral Ġmanager Ġof ĠMacro vision 's ĠEntertainment ĠTechnologies ĠGroup .",O O O O O O O O O O O O O O O O O O O O O O O O O O O O O O O O O O O O O O O O O O O O B-BUSINESS-EXECUTIVE-MANAGER I-BUSINESS-EXECUTIVE-MANAGER O O O O O O O O O O O O O O O,O O O O O O O O O O O O O O O O O O O O O O O O O O O O O O O O O O O O O O O O O O O O B-BUSINESS-EXECUTIVE-MANAGER I-BUSINESS-EXECUTIVE-MANAGER O O O O O O O O O O O O O O O
596,"ĠMacro vision Ġsaid ĠRip Guard Ġwould Ġalso Ġprevent Ġagainst Ġ"" rent , Ġrip Ġand Ġreturn "" Ġ- Ġwhere Ġpeople Ġwould Ġrent Ġa ĠDVD , Ġcopy Ġit Ġand Ġthen Ġreturn Ġthe Ġoriginal .",O O O O O O O O O O O O O O O O O O O O O O O O O O O O O O O O,B-ACTOR-DIRECTOR I-ACTOR-DIRECTOR O O O O O O O O O O O O O O O O O O O O O O O O O O O O O O
597,"ĠRip Guard Ġis Ġexpected Ġto Ġbe Ġrolled Ġout Ġon ĠDVDs Ġfrom Ġthe Ġmiddle Ġof Ġ2005 , Ġthe Ġcompany Ġsaid .",O O O O O O O O O O O O O O O O O O O O,O O O O O O O O O O O O O O O O O O O O
598,"ĠThe Ġnew Ġsystem Ġworks Ġspecifically Ġto Ġblock Ġmost Ġripping Ġprograms Ġ- Ġif Ġused , Ġthose Ġprograms Ġwill Ġnow Ġmost Ġlikely Ġcrash , Ġthe Ġcompany Ġsaid .",O O O O O O O O O O O O O O O O O O O O O O O O O O,O O O O O O O O O O O O O O O O O O O O O O O O O O
599,ĠMacro vision Ġhas Ġsaid Ġthat ĠRip ĠGuard Ġcan Ġbe Ġupdated Ġif Ġhackers Ġfind Ġa Ġway Ġaround Ġthe Ġnew Ġanti - cop ying Ġmeasures .,O O O O O O O O O O O O O O O O O O O O O O O O,B-PUBLIC-FIGURE I-PUBLIC-FIGURE O O O O O O O O O O O O O O O O O O O O O O
600,ĠAn el ka Ġapolog ises Ġfor Ġcriticism Ċ Ċ Manchester ĠCity Ġstriker ĠNicolas ĠAn el ka Ġhas Ġissued Ġan Ġapology Ġfor Ġcritic ising Ġthe Ġambitions Ġof Ġthe Ġclub .,O O O O O O O O O O O O B-ATHLETE I-ATHLETE I-ATHLETE I-ATHLETE O O O O O O O O O O O O O,B-ATHLETE I-ATHLETE I-ATHLETE O O O O O O O O O B-ATHLETE I-ATHLETE I-ATHLETE I-ATHLETE O O O O O O O O O O O O O
601,Ġ Ċ Ċ An el ka Ġwas Ġquoted Ġin Ġa ĠFrench Ġnewspaper Ġas Ġsaying Ġhe Ġwould Ġlike Ġto Ġplay Ġin Ġthe ĠChampions ĠLeague Ġfor Ġa Ġbigger Ġclub .,O O O O O O O O O O O O O O O O O O O O O O O O O O O O,O O O B-ATHLETE I-ATHLETE I-ATHLETE O O O O O O O O O O O O O O O O O O O O O O
602,"ĠBut Ġchairman ĠJohn ĠWard le Ġsaid : Ġ"" I 've Ġspoken Ġto ĠNicolas Ġand Ġhe 's Ġapologised Ġfor Ġanything Ġthat Ġmight Ġhave Ġbeen Ġmistakenly Ġtaken Ġfrom Ġthe ĠFrench Ġpress . Ġ""",O O B-BUSINESS-EXECUTIVE-MANAGER I-BUSINESS-EXECUTIVE-MANAGER I-BUSINESS-EXECUTIVE-MANAGER O O O O O O O O O O O O O O O O O O O O O O O O O O,O O B-PUBLIC-FIGURE I-PUBLIC-FIGURE I-PUBLIC-FIGURE O O O O O O O B-PUBLIC-FIGURE O O O O O O O O O O O O O O O O O O
603,ĠWe Ġare Ġa Ġbig Ġclub .,O O O O O O,O O O O O O
604,"ĠNicolas Ġtold Ġme Ġthat Ġhe Ġagrees Ġwith Ġme Ġthat Ġwe Ġare Ġa Ġbig Ġclub .""",O O O O O O O O O O O O O O O,B-ATHLETE O O O O O O O O O O O O O O
605,"ĠWard le Ġwas Ġspeaking Ġat Ġthe Ġclub 's Ġannual Ġgeneral Ġmeeting , Ġwhere Ġhe Ġalso Ġconfirmed Ġthe Ġclub Ġhad Ġnot Ġreceived Ġany Ġbids Ġfor Ġthe Ġformer ĠArsenal Ġand ĠReal ĠMadrid Ġstriker .",O O O O O O O O O O O O O O O O O O O O O O O O O O O O O O O O,B-ATHLETE I-ATHLETE O O O O O O O O O O O O O O O O O O O O O O O O O O O O O O
606,ĠThe Ġclub Ġstill Ġowe ĠFrench Ġclub ĠPS G ĠÂ£ 5 m Ġfrom Ġthe Ġpurchase Ġof ĠAn el ka Ġin ĠMay Ġ2002 .,O O O O O O O O O O O O O O O O O O O O O O,O O O O O O O O O O O O O O O B-ATHLETE I-ATHLETE I-ATHLETE O O O O
607,"ĠHe Ġhas Ġbeen Ġlinked Ġwith Ġa Ġmove Ġto ĠBarcelona Ġand ĠLiverpool , Ġand ĠReds Ġsk ipper ĠSteven ĠGerrard Ġalso Ġrevealed Ġhe Ġis Ġan Ġadmire r Ġfrom Ġhis Ġtime Ġon Ġloan Ġat ĠAnfield .",O O O O O O O O O O O O O O O O B-ATHLETE I-ATHLETE O O O O O O O O O O O O O O O,O O O O O O O O O O O O O O O O B-ATHLETE I-ATHLETE O O O O O O O O O O O O O O O
608,"ĠBut ĠWard le Ġadded : Ġ"" There 's Ġbeen Ġno Ġbids Ġfor ĠNicolas ĠAn el ka .",O O O O O O O O O O O O B-ATHLETE I-ATHLETE I-ATHLETE I-ATHLETE O,O B-PUBLIC-FIGURE I-PUBLIC-FIGURE O O O O O O O O O B-ATHLETE I-ATHLETE I-ATHLETE I-ATHLETE O
609,ĠNo - one Ġhas Ġcome Ġto Ġme Ġand Ġsaid ĠI Ġwould Ġlike Ġto Ġbuy ĠNicolas ĠAn el ka .,O O O O O O O O O O O O O O B-ATHLETE I-ATHLETE I-ATHLETE I-ATHLETE O,O O O O O O O O O O O O O O B-ATHLETE I-ATHLETE I-ATHLETE I-ATHLETE O
610,"Ġ Ċ Ċ "" If Ġa Ġbid Ġcomes Ġin Ġfor ĠNicolas ĠAn el ka ĠI Ġwill Ġspeak Ġto Ġthe Ġboard Ġand Ġthen Ġspeak Ġto ĠKevin ĠKee gan . Ġ""",O O O O O O O O O O B-ATHLETE I-ATHLETE I-ATHLETE I-ATHLETE O O O O O O O O O O B-ATHLETE I-ATHLETE I-ATHLETE O O,O O O O O O O O O O B-ATHLETE I-ATHLETE I-ATHLETE I-ATHLETE O O O O O O O O O O B-ATHLETE I-ATHLETE I-ATHLETE O O
611,"ĠIf Ġthere Ġwas Ġa Ġbid Ġand Ġit Ġwas Ġa Ġbid Ġof Ġsubstance Ġand Ġworth Ġtaking Ġthen Ġbetween Ġus Ġwe 'd Ġdecide . Ġ""",O O O O O O O O O O O O O O O O O O O O O O O,O O O O O O O O O O O O O O O O O O O O O O O
612,"ĠWe Ġstill Ġowe Ġsome Ġmoney Ġon ĠNicolas Ġwhich Ġwe Ġhave Ġclear Ġout , Ġso Ġit Ġwould Ġhave Ġto Ġbe Ġabove Ġthat .""",O O O O O O O O O O O O O O O O O O O O O O,O O O O O O B-ATHLETE O O O O O O O O O O O O O O O
613,ĠWard le Ġdid Ġstress Ġthat Ġthe Ġclub Ġwas Ġnot Ġinviting Ġany Ġoffers Ġfor ĠEngland Ġwinger ĠShaun ĠWright - Phill ips .,O O O O O O O O O O O O O O O B-ATHLETE I-ATHLETE I-ATHLETE I-ATHLETE I-ATHLETE O,B-PUBLIC-FIGURE I-PUBLIC-FIGURE O O O O O O O O O O O O O B-ATHLETE I-ATHLETE I-ATHLETE I-ATHLETE I-ATHLETE O
614,"ĠHe Ġadded : Ġ"" I 've Ġno Ġintention Ġof Ġselling ĠShaun ĠWright - Phill ips . Ġ""",O O O O O O O O O O B-ATHLETE I-ATHLETE I-ATHLETE I-ATHLETE I-ATHLETE O O,O O O O O O O O O O B-ATHLETE I-ATHLETE I-ATHLETE I-ATHLETE I-ATHLETE O O
615,"ĠIf Ġsomeone Ġcomes Ġwith Ġa Ġsilly Ġbid ĠI 'll Ġhave Ġto Ġdiscuss Ġit . Ġ""",O O O O O O O O O O O O O O O,O O O O O O O O O O O O O O O
616,ĠBut Ġwe 're Ġnot Ġputting Ġhim Ġon Ġthe Ġshelf Ġto Ġsell .,O O O O O O O O O O O O,O O O O O O O O O O O O
617,"ĠHe Ġis Ġthe Ġheart Ġand Ġsoul Ġof Ġthis Ġclub Ġand Ġhas Ġhis Ġheart Ġand Ġsole Ġin Ġthis Ġclub , Ġand Ġhe Ġwould Ġbe Ġvery Ġupset Ġif ĠI Ġput Ġhim Ġin Ġthe Ġshop Ġwindow . Ġ""",O O O O O O O O O O O O O O O O O O O O O O O O O O O O O O O O O O O,O O O O O O O O O O O O O O O O O O O O O O O O O O O O O O O O O O O
618,"ĠHe Ġwas Ġan Ġacademy Ġkid Ġhere , Ġhe 's Ġjust Ġsigned Ġa Ġnew Ġfour - year Ġdeal , ĠI Ġdon 't Ġthink Ġhe 'd Ġdo Ġthat Ġunless Ġhe Ġwanted Ġto Ġplay Ġfor ĠManchester ĠCity ĠFootball ĠClub .""",O O O O O O O O O O O O O O O O O O O O O O O O O O O O O O O O O O O O O,O O O O O O O O O O O O O O O O O O O O O O O O O O O O O O O O O O O O O
619,"ĠCity Ġrecently Ġannounced Ġdebts Ġof ĠÂ£ 62 m , Ġbut ĠWard le Ġconfirmed Ġthey Ġwould Ġtry Ġand Ġfind Ġfunds Ġto Ġbring Ġin Ġplayers Ġin Ġthe ĠJanuary Ġtransfer Ġwindow .",O O O O O O O O O O O O O O O O O O O O O O O O O O O O O,O O O O O O O O O O B-BUSINESS-EXECUTIVE-MANAGER I-BUSINESS-EXECUTIVE-MANAGER O O O O O O O O O O O O O O O O O
620,"ĠHe Ġsaid : Ġ"" Like ĠKevin ĠI 'd Ġlike Ġto Ġsee Ġsome Ġplayers Ġcome Ġin .",O O O O O O O O O O O O O O O O,O O O O O B-ATHLETE O O O O O O O O O O
621,"ĠWe 've Ġgot Ġto Ġsee Ġwhat Ġwe Ġcan Ġdo Ġ- Ġwhether Ġit 's Ġa Ġon Ġa ĠBos man Ġor Ġnot . Ġ""",O O O O O O O O O O O O O O O O O O O O O O,O O O O O O O O O O O O O O O O O O O O O O
622,ĠWe Ġwill Ġtry Ġto Ġbe Ġcreative Ġto Ġgenerate Ġsome Ġfunds .,O O O O O O O O O O O,O O O O O O O O O O O
623,"ĠBut Ġmaybe Ġwe Ġhave Ġto Ġstart Ġlooking Ġat Ġclubs Ġlike ĠEverton Ġand ĠBolton Ġto Ġsee Ġhow Ġthey Ġhave Ġbeen Ġdealing Ġin Ġthe Ġtransfer Ġmarket Ġand Ġdo Ġa Ġsimilar Ġtype Ġof Ġthing .""",O O O O O O O O O O O O O O O O O O O O O O O O O O O O O O O O,O O O O O O O O O O O O O O O O O O O O O O O O O O O O O O O O
624,ĠBlair Ġto Ġface Ġtrust Ġissue Ġhead Ġon Ċ Ċ Tony ĠBlair Ġsays Ġhe Ġwill Ġbe Ġfacing Ġthe Ġissue Ġof Ġtrust Ġand Ġhis Ġown Ġintegrity Ġhead Ġon Ġduring Ġthe Ġelection Ġcampaign .,O O O O O O O O O B-POLITICIAN I-POLITICIAN O O O O O O O O O O O O O O O O O O O O,B-POLITICIAN O O O O O O O O B-POLITICIAN I-POLITICIAN O O O O O O O O O O O O O O O O O O O O
625,"Ġ Ċ Ċ During Ġa Ġquestion Ġand Ġanswer Ġsession Ġwith Ġfirst - time Ġvoters Ġon ĠFive ĠNews , ĠMr ĠBlair Ġsaid Ġhe Ġhad Ġno Ġoption Ġbut Ġto Ġ"" con front Ġit "" Ġby Ġtalking Ġto Ġpeople .",O O O O O O O O O O O O O O O O O O O O O O O O O O O O O O O O O O O O O,O O O O O O O O O O O O O O O O O O O B-POLITICIAN O O O O O O O O O O O O O O O O O
626,ĠHe Ġalso Ġdismissed Ġclaims Ġgovernment Ġplans Ġto Ġget Ġ50 % Ġof Ġyoung Ġpeople Ġinto Ġuniversity Ġwould Ġdeval ue Ġdegrees .,O O O O O O O O O O O O O O O O O O O O,O O O O O O O O O O O O O O O O O O O O
627,"ĠHe Ġwas Ġnot Ġ"" forcing "" Ġanyone Ġto Ġgo Ġto Ġuniversity , Ġbut Ġplaces Ġshould Ġbe Ġthere Ġfor Ġthose Ġwho Ġwanted Ġthem , Ġhe Ġsaid .",O O O O O O O O O O O O O O O O O O O O O O O O O O,O O O O O O O O O O O O O O O O O O O O O O O O O O
628,"ĠIn Ġanswer Ġto Ġa Ġquestion Ġfrom Ġ22 - year - old ĠLiverpool Ġstudent ĠDavid ĠDun ne Ġabout Ġconcerns Ġover Ġthe Ġprime Ġminister 's Ġpersonal Ġintegrity , ĠMr ĠBlair Ġsaid Ġtalking Ġwas Ġthe Ġonly Ġanswer . Ġ""",O O O O O O O O O O O O O B-PUBLIC-FIGURE I-PUBLIC-FIGURE I-PUBLIC-FIGURE O O O O O O O O O O O O O O O O O O O O,O O O O O O O O O O O O O B-PUBLIC-FIGURE I-PUBLIC-FIGURE I-PUBLIC-FIGURE O O O O O O O O O O O B-POLITICIAN O O O O O O O O
629,"ĠYou 've Ġjust Ġgot Ġto Ġconfront Ġit Ġand Ġsay Ġto Ġpeople Ġlet 's Ġhave Ġa Ġdiscussion Ġon Ġthe Ġthings Ġthat Ġworry Ġyou , Ġthe Ġthings Ġthat Ġmake Ġyou Ġsay Ġ' I Ġcan 't Ġtrust Ġyou ' Ġor Ġ' I Ġam Ġagainst Ġyou Ġon Ġthis .'""",O O O O O O O O O O O O O O O O O O O O O O O O O O O O O O O O O O O O O O O O O O O O O,O O O O O O O O O O O O O O O O O O O O O O O O O O O O O O O O O O O O O O O O O O O O O
630,"ĠThe Ġ"" worst Ġthing Ġin Ġpolitics "" Ġwas Ġthat Ġthe Ġelectorate Ġonly Ġgot Ġ"" little Ġsn atches Ġof Ġpolicy "" Ġfrom Ġthings Ġlike ĠPrime ĠMinister 's ĠQuestions Ġand Ġthe Ġnews Ġheadlines .",O O O O O O O O O O O O O O O O O O O O O O O O O O O O O O O O,O O O O O O O O O O O O O O O O O O O O O O O O O O O O O O O O
631,"ĠThis Ġwas Ġwhy Ġhe Ġwanted Ġto Ġ"" get Ġout Ġof Ġthe Ġ30 Ġseconds Ġon Ġthe Ġnews ,"" Ġhe Ġadded .",O O O O O O O O O O O O O O O O O O O O,O O O O O O O O O O O O O O O O O O O O
632,"Ġ Ċ Ċ By Ġtalking Ġthrough Ġpolicies Ġat Ġleast Ġpeople Ġunderstood Ġthe Ġreason Ġfor Ġthem , Ġeven Ġif Ġthey Ġdid Ġnot Ġagree Ġwith Ġthem , Ġhe Ġsaid .",O O O O O O O O O O O O O O O O O O O O O O O O O O O O,O O O O O O O O O O O O O O O O O O O O O O O O O O O O
633,ĠMr ĠBlair Ġalso Ġfaced Ġquestions Ġabout ĠBritish Ġpolicy Ġon ĠIran Ġand Ġits Ġalleged Ġnuclear Ġweapons Ġprogramme .,O O O O O O O O O O O O O O O O O,O B-POLITICIAN O O O O O O O O O O O O O O O
634,"ĠHe Ġinsisted Ġthere Ġwas Ġno Ġplan Ġfor Ġan Ġinvasion Ġof Ġthe Ġcountry Ġsaying : Ġ"" Sometimes Ġpeople Ġsay Ġbecause Ġof Ġwhat Ġhas Ġhappened Ġin ĠIraq Ġthis Ġis Ġthe Ġnext Ġplace .""",O O O O O O O O O O O O O O O O O O O O O O O O O O O O O O O,O O O O O O O O O O O O O O O O O O O O O O O O O O O O O O O
635,"ĠInstead Ġthere Ġwas Ġa Ġreal Ġchance Ġof Ġa Ġ"" peace ful Ġresolution "" Ġto Ġthe Ġproblem , Ġhe Ġsaid .",O O O O O O O O O O O O O O O O O O O O,O O O O O O O O O O O O O O O O O O O O
636,ĠYuk os Ġloses ĠUS Ġbankruptcy Ġbattle Ċ Ċ A Ġjudge Ġhas Ġdismissed Ġan Ġattempt Ġby ĠRussian Ġoil Ġgiant ĠYuk os Ġto Ġgain Ġbankruptcy Ġprotection Ġin Ġthe ĠUS .,O O O O O O O O O O O O O O O O O O O O O O O O O O O O,O O O O O O O O O O O O O O O O O O O O O O O O O O O O
637,Ġ Ċ Ċ Y uk os Ġfiled Ġfor ĠChapter Ġ11 Ġprotection Ġin ĠHouston Ġin Ġan Ġunsuccessful Ġattempt Ġto Ġhalt Ġthe Ġauction Ġof Ġits ĠYug ansk Ġdivision Ġby Ġthe ĠRussian Ġauthorities .,O O O O O O O O O O O O O O O O O O O O O O O O O O O O O O O,O O O B-ATHLETE I-ATHLETE I-ATHLETE O O O O O O O O O O O O O O O O O O O O O O O O O
638,"ĠThe Ġcourt Ġruling Ġis Ġa Ġblow Ġto Ġefforts Ġto Ġget Ġdamages Ġfor Ġthe Ġsale Ġof ĠYug ansk , Ġwhich ĠYuk os Ġclaims Ġwas Ġillegally Ġsold .",O O O O O O O O O O O O O O O O O O O O O O O O O O,O O O O O O O O O O O O O O O O O O O O O O O O O O
639,"ĠSep ar ately , Ġformer ĠYuk os Ġboss ĠMikhail ĠK hod ork ovsky Ġbegan Ġtestimony Ġon ĠFriday Ġin Ġhis Ġtrial Ġfor Ġfraud Ġand Ġtax Ġevasion .",O O O O O O O O B-BUSINESS-EXECUTIVE-MANAGER I-BUSINESS-EXECUTIVE-MANAGER I-BUSINESS-EXECUTIVE-MANAGER I-BUSINESS-EXECUTIVE-MANAGER I-BUSINESS-EXECUTIVE-MANAGER O O O O O O O O O O O O O,O O O O O O O O B-BUSINESS-EXECUTIVE-MANAGER I-BUSINESS-EXECUTIVE-MANAGER I-BUSINESS-EXECUTIVE-MANAGER I-BUSINESS-EXECUTIVE-MANAGER I-BUSINESS-EXECUTIVE-MANAGER O O O O O O O O O O O O O
640,"Ġ Ċ Ċ Mr ĠK hod ork ovsky Ġ- Ġwho Ġhas Ġbeen Ġin Ġjail Ġfor Ġmore Ġthan Ġa Ġyear Ġ- Ġpleaded Ġnot Ġguilty Ġto Ġthe Ġcharges Ġbrought Ġagainst Ġhim Ġand Ġdenied Ġinvolvement Ġin Ġany Ġcriminal Ġactivities . Ġ""",O O O O O O O O O O O O O O O O O O O O O O O O O O O O O O O O O O O O O O,O O O O B-BUSINESS-EXECUTIVE-MANAGER I-BUSINESS-EXECUTIVE-MANAGER I-BUSINESS-EXECUTIVE-MANAGER I-BUSINESS-EXECUTIVE-MANAGER O O O O O O O O O O O O O O O O O O O O O O O O O O O O O O
641,"ĠI Ġpride Ġmyself Ġon Ġheading Ġfor Ġ15 Ġyears Ġa Ġnumber Ġof Ġsuccessful Ġcompanies Ġand Ġhelping Ġother Ġenterprises Ġrise Ġfrom Ġtheir Ġknees ,"" Ġhe Ġtold Ġa ĠRussian Ġcourt .",O O O O O O O O O O O O O O O O O O O O O O O O O O O O,O O O O O O O O O O O O O O O O O O O O O O O O O O O O
642,Ġ Ċ Ċ Y ug ansk Ġwas Ġauction ed Ġto Ġhelp Ġpay Ġoff Ġ$ 27 . 5 bn Ġ(Â£ 14 . 5 bn ) Ġin Ġunpaid Ġtaxes .,O O O O O O O O O O O O O O O O O O O O O O O O O O O O,O O O O O O O O O O O O O O O O O O O O O O O O O O O O
643,"ĠIt Ġwas Ġbought Ġfor Ġ$ 9 . 4 bn Ġby Ġa Ġpreviously - unknown Ġgroup , Ġwhich Ġwas Ġin Ġturn Ġbought Ġup Ġalmost Ġimmediately Ġby Ġstate - controlled Ġoil Ġcompany ĠRos ne ft .",O O O O O O O O O O O O O O O O O O O O O O O O O O O O O O O O O O,O O O O O O O O O O O O O O O O O O O O O O O O O O O O O O O O O O
644,"Ġ Ċ Ċ Texas ĠJudge ĠLet itia ĠClark Ġsaid ĠYuk os Ġdid Ġnot Ġhave Ġenough Ġof Ġa ĠUS Ġpresence Ġto Ġestablish ĠUS Ġjurisdiction . Ġ""",O O O O O B-PUBLIC-FIGURE I-PUBLIC-FIGURE I-PUBLIC-FIGURE O O O O O O O O O O O O O O O O O,O O O O O B-PUBLIC-FIGURE I-PUBLIC-FIGURE I-PUBLIC-FIGURE O O O O O O O O O O O O O O O O O
645,"ĠThe Ġvast Ġmajority Ġof Ġthe Ġbusiness Ġand Ġfinancial Ġactivities Ġof ĠYuk os Ġcontinue Ġto Ġoccur Ġin ĠRussia ,"" ĠJudge ĠClark Ġsaid Ġin Ġher Ġruling . Ġ""",O O O O O O O O O O O O O O O O O O O O O O O O O O,O O O O O O O O O O O O O O O O O O O B-PUBLIC-FIGURE O O O O O O
646,"ĠSuch Ġactivities Ġrequire Ġthe Ġcontinued Ġparticipation Ġof Ġthe ĠRussian Ġgovernment .""",O O O O O O O O O O O,O O O O O O O O O O O
647,"ĠYuk os Ġhad Ġargued Ġthat Ġa ĠUS Ġcourt Ġwas Ġentitled Ġto Ġdeclare Ġit Ġbankrupt Ġbefore Ġits ĠYug ansk Ġunit Ġwas Ġsold , Ġsince Ġit Ġhas Ġlocal Ġbank Ġaccounts Ġand Ġits Ġchief Ġfinance Ġofficer ĠBruce ĠMis am ore Ġlives Ġin ĠHouston .",O O O O O O O O O O O O O O O O O O O O O O O O O O O O O O O O O B-BUSINESS-EXECUTIVE-MANAGER I-BUSINESS-EXECUTIVE-MANAGER I-BUSINESS-EXECUTIVE-MANAGER I-BUSINESS-EXECUTIVE-MANAGER O O O O,O O O O O O O O O O O O O O O O O O O O O O O O O O O O O O O O O B-BUSINESS-EXECUTIVE-MANAGER I-BUSINESS-EXECUTIVE-MANAGER I-BUSINESS-EXECUTIVE-MANAGER I-BUSINESS-EXECUTIVE-MANAGER O O O O
648,ĠYuk os Ġclaimed Ġit Ġsought Ġhelp Ġin Ġthe ĠUS Ġbecause Ġother Ġforums Ġ- ĠRussian Ġcourts Ġand Ġthe ĠEuropean ĠCourt Ġof ĠHuman ĠRights Ġ- Ġwere Ġeither Ġunf riend ly Ġor Ġoffered Ġless Ġprotection .,O O O O O O O O O O O O O O O O O O O O O O O O O O O O O O O O O,O O O O O O O O O O O O O O O O O O O O O O O O O O O O O O O O O
649,ĠRussia Ġhad Ġindicated Ġit Ġwould Ġin Ġany Ġcase Ġnot Ġabide Ġby Ġthe Ġrulings Ġof Ġthe ĠUS Ġcourts .,O O O O O O O O O O O O O O O O O O,O O O O O O O O O O O O O O O O O O
650,"Ġ Ċ Ċ In Ġher Ġruling , Ġthe Ġjudge Ġacknowledged Ġthat Ġ"" it Ġappears Ġlikely Ġthat Ġagencies Ġof Ġthe ĠRussian Ġgovernment Ġhave Ġacted Ġin Ġa Ġmanner Ġthat Ġwould Ġbe Ġconsidered Ġconfisc atory Ġunder ĠUnited ĠStates Ġlaw "".",O O O O O O O O O O O O O O O O O O O O O O O O O O O O O O O O O O O O O,O O O O O O O O O O O O O O O O O O O O O O O O O O O O O O O O O O O O O
651,ĠBut Ġshe Ġsaid Ġher Ġrole Ġwas Ġsimply Ġto Ġdecide Ġon Ġjurisdiction .,O O O O O O O O O O O O,O O O O O O O O O O O O
652,"ĠThe ĠUS Ġcourt 's Ġjurisdiction Ġhad Ġbeen Ġchallenged Ġby ĠDeutsche ĠBank Ġand ĠGaz prom ne ft , Ġa Ġformer Ġunit Ġof ĠRussian Ġgas Ġmonopoly ĠGaz prom Ġwhich Ġis Ġdue Ġto Ġmerge Ġwith ĠRos ne ft .",O O O O O O O O O O O O O O O O O O O O O O O O O O O O O O O O O O O O,O O O O O O O O O O O O O O O O O O O O O O O O O O O O O O O O O O O O
653,ĠAnaly sts Ġsaid Ġthe Ġability Ġof ĠGaz prom Ġand ĠRos ne ft Ġto Ġtrade Ġfreely Ġoverseas Ġhad Ġbeen Ġst ifled Ġwhile Ġthe Ġownership Ġof ĠYug ansk Ġremained Ġunclear .,O O O O O O O O O O O O O O O O O O O O O O O O O O O O O,O O O O O O O O O O O O O O O O O O O O O O O O O O O O O
654,Ġ Ċ Ċ Y uk os Ġsaid Ġit Ġwould Ġconsider Ġits Ġoptions Ġin Ġlight Ġof Ġthe Ġruling .,O O O O O O O O O O O O O O O O O O,O O O B-ATHLETE O B-ATHLETE O O O O O O O O O O O O
655,"ĠHowever , Ġit Ġclaimed Ġthat Ġthe Ġcourt Ġhad Ġbacked Ġits Ġargument Ġin Ġfour Ġout Ġof Ġfive Ġkey Ġissues . Ġ""",O O O O O O O O O O O O O O O O O O O O,O O O O O O O O O O O O O O O O O O O O
656,"ĠWe Ġbelieve Ġthe Ġmerits Ġof Ġour Ġcase Ġare Ġstrong Ġand Ġsimple ,"" Ġsaid Ġchief Ġexecutive ĠSteven ĠThe ede . Ġ""",O O O O O O O O O O O O O O O B-BUSINESS-EXECUTIVE-MANAGER I-BUSINESS-EXECUTIVE-MANAGER I-BUSINESS-EXECUTIVE-MANAGER O O,O O O O O O O O O O O O O O O B-BUSINESS-EXECUTIVE-MANAGER I-BUSINESS-EXECUTIVE-MANAGER I-BUSINESS-EXECUTIVE-MANAGER O O
657,ĠOur Ġassets Ġwere Ġillegally Ġseized .,O O O O O O,O O O O O O
658,"ĠWe Ġwant Ġthem Ġback Ġor Ġdamages Ġpaid .""",O O O O O O O O,O O O O O O O O
659,"ĠMob iles Ġget Ġset Ġfor Ġvisual Ġradio Ċ Ċ The Ġgrowth Ġin Ġthe Ġmobile Ġphone Ġmarket Ġin Ġthe Ġpast Ġdecade Ġhas Ġbeen Ġnothing Ġless Ġthan Ġastonishing , Ġbut Ġthe Ġability Ġto Ġcommunicate Ġon Ġthe Ġgo Ġis Ġnot Ġthe Ġonly Ġreason Ġwe Ġare Ġhooked .",O O O O O O O O O O O O O O O O O O O O O O O O O O O O O O O O O O O O O O O O O O O O,O O O O O O O O O O O O O O O O O O O O O O O O O O O O O O O O O O O O O O O O O O O O
660,"ĠGames , Ġcameras Ġand Ġmusic Ġplayers Ġhave Ġall Ġbeen Ġadded Ġto Ġour Ġhands ets Ġin Ġthe Ġlast Ġfew Ġyears , Ġbut Ġ2005 Ġcould Ġsee Ġanother Ġbig Ġinnovation Ġthat Ġwon 't Ġjust Ġsee Ġa Ġchange Ġin Ġour Ġmobile Ġphone Ġhabits Ġ- Ġit Ġmight Ġalter Ġthe Ġway Ġwe Ġlisten Ġto Ġthe Ġradio .",O O O O O O O O O O O O O O O O O O O O O O O O O O O O O O O O O O O O O O O O O O O O O O O O O O O,O O O O O O O O O O O O O O O O O O O O O O O O O O O O O O O O O O O O O O O O O O O O O O O O O O O
661,"ĠFinnish Ġhandset Ġgiant ĠNokia Ġhas Ġbeen Ġworking Ġon Ġa Ġtechnology Ġcalled ĠVisual ĠRadio , Ġwhich Ġtakes Ġan Ġexisting ĠFM Ġsignal Ġfrom Ġa Ġradio Ġstation Ġand Ġenables Ġthat Ġstation Ġto Ġadd Ġenhancements Ġsuch Ġas Ġinformation Ġand Ġpictures .",O O O O O O O O O O O O O O O O O O O O O O O O O O O O O O O O O O O O O,O O O O O O O O O O O O O O O O O O O O O O O O O O O O O O O O O O O O O
662,ĠIt Ġis Ġnot Ġthe Ġfirst Ġtime Ġthat Ġsuch Ġan Ġidea Ġhas Ġbeen Ġsuggested Ġ- Ġthe Ġearly Ġdays Ġof ĠD AB ĠDigital ĠRadio Ġhad Ġsimilar Ġintentions Ġthat Ġnever Ġreally Ġsaw Ġthe Ġlight Ġof Ġday .,O O O O O O O O O O O O O O O O O O O O O O O O O O O O O O O O O O,O O O O O O O O O O O O O O O O O O O O O O O O O O O O O O O O O O
663,"Ġ Ċ Ċ One Ġproblem Ġis Ġthat Ġthe Ġname ĠVisual ĠRadio Ġleads Ġpeople Ġto Ġthink Ġof Ġtelevision Ġbut ĠReid ar ĠWas en ius , Ġa Ġsenior Ġproject Ġmanager Ġat ĠNokia , Ġwas Ġadamant Ġthat ĠVisual ĠRadio Ġshould Ġnot Ġbe Ġconfused Ġwith Ġthe Ġmore Ġtraditional Ġmedium .",O O O O O O O O O O O O O O O O O O B-BUSINESS-EXECUTIVE-MANAGER I-BUSINESS-EXECUTIVE-MANAGER I-BUSINESS-EXECUTIVE-MANAGER I-BUSINESS-EXECUTIVE-MANAGER I-BUSINESS-EXECUTIVE-MANAGER O O O O O O O O O O O O O O O O O O O O O O O,O O O O O O O O O O O O O O O O O O B-BUSINESS-EXECUTIVE-MANAGER I-BUSINESS-EXECUTIVE-MANAGER I-BUSINESS-EXECUTIVE-MANAGER I-BUSINESS-EXECUTIVE-MANAGER I-BUSINESS-EXECUTIVE-MANAGER O O O O O O O O O O O O O O O O O O O O O O O
664,"ĠHe Ġsaid : Ġ"" I 'm Ġvery Ġhappy Ġto Ġsay Ġit 's Ġnot Ġtelevision , Ġwhat Ġwe 're Ġtalking Ġabout Ġis Ġan Ġenhancement Ġof Ġradio Ġas Ġwe Ġknow Ġit Ġtoday . Ġ""",O O O O O O O O O O O O O O O O O O O O O O O O O O O O O O O O,O O O O O O O O O O O O O O O O O O O O O O O O O O O O O O O O
665,"ĠIf Ġyou Ġhave Ġa ĠVisual ĠRadio Ġenabled Ġhandset , Ġwhen Ġyou Ġhear Ġan Ġartist Ġyou Ġdon 't Ġknow , Ġor Ġthere 's Ġa Ġcompetition Ġor Ġvote Ġthat Ġyou 'd Ġlike Ġto Ġparticipate Ġin , Ġyou Ġpull Ġout Ġyour Ġhandset Ġand Ġwith Ġone Ġclick Ġyou Ġturn Ġon Ġa Ġvisual Ġchannel Ġparallel Ġto Ġthe Ġon - air Ġbroadcast Ġyou 've Ġjust Ġbeen Ġlistening Ġto .""",O O O O O O O O O O O O O O O O O O O O O O O O O O O O O O O O O O O O O O O O O O O O O O O O O O O O O O O O O O O O O O O,O O O O O O O O O O O O O O O O O O O O O O O O O O O O O O O O O O O O O O O O O O O O O O O O O O O O O O O O O O O O O O O
666,"Ġ Ċ Ċ That Ġvisual Ġchannel Ġis Ġrun Ġfrom Ġa Ġcomputer Ġwithin Ġthe Ġradio Ġstation , Ġand Ġsends Ġout Ġdifferent Ġkinds Ġof Ġinformation Ġto Ġthe Ġhandset Ġdepending Ġon Ġwhat Ġyou Ġare Ġlistening Ġto .",O O O O O O O O O O O O O O O O O O O O O O O O O O O O O O O O O O,O O O O O O O O O O O O O O O O O O O O O O O O O O O O O O O O O O
667,"ĠAs Ġwell Ġas Ġdetails Ġon Ġthe Ġtrack Ġor Ġartist Ġof Ġa Ġparticular Ġsong , Ġthere Ġis Ġalso Ġthe Ġability Ġto Ġinteract Ġimmediately Ġwith Ġthe Ġradio Ġstation Ġitself , Ġin Ġa Ġsimilar Ġway Ġto Ġdigital Ġtelevision 's Ġ"" red Ġbutton "" Ġcontent .",O O O O O O O O O O O O O O O O O O O O O O O O O O O O O O O O O O O O O O O O O O,O O O O O O O O O O O O O O O O O O O O O O O O O O O O O O O O O O O O O O O O O O
668,"Ġ Ċ Ċ P ossible Ġinteractive Ġcontent Ġincludes Ġcompetitions , Ġvotes Ġand Ġeven Ġthe Ġchance Ġto Ġrate Ġthe Ġsong Ġthat Ġis Ġplaying .",O O O O O O O O O O O O O O O O O O O O O O O,O O O O O O O O O O O O O O O O O O O O O O O
669,"ĠBut Ġthe Ġinteractive Ġaspect Ġwill Ġmake Ġthe Ġservice Ġespecially Ġattractive Ġto Ġradio Ġstations , Ġwho Ġwill Ġbe Ġable Ġto Ġtrack Ġthe Ġnumber Ġof Ġpeople Ġtaking Ġpart Ġin Ġsuch Ġactivities Ġon Ġa Ġreal - time Ġbasis .",O O O O O O O O O O O O O O O O O O O O O O O O O O O O O O O O O O O O,O O O O O O O O O O O O O O O O O O O O O O O O O O O O O O O O O O O O
670,"ĠThis Ġin Ġturn Ġshould Ġlead Ġto Ġan Ġadditional Ġsource Ġof Ġrevenue , Ġas Ġit Ġis Ġvery Ġlikely Ġthat Ġadvertisers Ġwill Ġbe Ġkeen Ġto Ġexploit Ġnew Ġopportunities Ġto Ġreach Ġlisteners .",O O O O O O O O O O O O O O O O O O O O O O O O O O O O O O,O O O O O O O O O O O O O O O O O O O O O O O O O O O O O O
671,Ġ Ċ Ċ As Ġthe ĠVisual ĠRadio Ġcontent Ġis Ġtransmitted Ġby Ġexisting ĠG PR S Ġtechnology Ġyou Ġwould Ġneed Ġto Ġhave Ġthat Ġservice Ġenabled Ġby Ġyour Ġnetwork .,O O O O O O O O O O O O O O O O O O O O O O O O O O O O,O O O O O O O O O O O O O O O O O O O O O O O O O O O O
672,"ĠAnd Ġthere Ġwill Ġbe Ġa Ġcost Ġfor Ġthe Ġservice Ġas Ġwell , Ġalthough Ġit Ġmay Ġdepend Ġon Ġyour Ġusage . Ġ""",O O O O O O O O O O O O O O O O O O O O O,O O O O O O O O O O O O O O O O O O O O O
673,"ĠIf Ġyou Ġenjoy Ġthe Ġvisual Ġchannel Ġoccasionally Ġand Ġinteract Ġit 'll Ġbe Ġtwo Ġor Ġthree Ġpounds Ġper Ġmonth ,"" Ġsaid ĠMr ĠWas en ius . Ġ""",O O O O O O O O O O O O O O O O O O O O O O O O O O,O O O O O O O O O O O O O O O O O O O O O B-PUBLIC-FIGURE I-PUBLIC-FIGURE I-PUBLIC-FIGURE O O
674,"ĠBut Ġtypically Ġwhat Ġwe Ġsee Ġhappening Ġis Ġthe Ġoperator Ġoffering Ġa Ġpackage Ġdeal Ġfor Ġan Ġ' all Ġyou Ġcan Ġeat ' Ġarrangement Ġper Ġmonth .""",O O O O O O O O O O O O O O O O O O O O O O O O O,O O O O O O O O O O O O O O O O O O O O O O O O O
675,ĠThe Ġpayment Ġsystem Ġcould Ġtherefore Ġbe Ġsimilar Ġto Ġthe Ġway Ġthat Ġbroadband Ġinternet Ġworks Ġversus Ġdial - up Ġconnections .,O O O O O O O O O O O O O O O O O O O O,O O O O O O O O O O O O O O O O O O O O
676,"ĠOne Ġthing Ġthat Ġis Ġfor Ġsure Ġ- Ġassuming Ġthat ĠNokia Ġretains Ġits Ġmarket Ġshare Ġin Ġhands ets , Ġit Ġis Ġestimating Ġthat Ġthere Ġwill Ġbe Ġ100 Ġmillion ĠVisual ĠRadio - enabled Ġmobile Ġphones Ġin Ġcirculation Ġby Ġthe Ġend Ġof Ġ2006 . Ġ""",O O O O O O O O O O O O O O O O O O O O O O O O O O O O O O O O O O O O O O O O O O,O O O O O O O O O O O O O O O O O O O O O O O O O O O O O O O O O O O O O O O O O O
677,"ĠBasically , ĠVisual ĠRadio Ġis Ġnot Ġreally Ġrevolutionary , Ġbut Ġrather Ġan Ġevolution Ġwhere Ġwe Ġare Ġproviding Ġtools Ġwith Ġwhich Ġpeople Ġcan Ġparticipate Ġin Ġradio Ġmuch Ġmore Ġeasily Ġthan Ġever Ġbefore .""",O O O O O O O O O O O O O O O O O O O O O O O O O O O O O O O O,O O O O O O O O O O O O O O O O O O O O O O O O O O O O O O O O
678,"Ġ Ċ Ċ The Ġfirst ĠVisual ĠRadio Ġservice Ġin Ġthe ĠUK Ġwill Ġbegin Ġin Ġa Ġfew Ġmonths Ġtime Ġwith ĠVirgin ĠRadio , Ġwho Ġare Ġpositive Ġabout Ġthe Ġimpact Ġit Ġcould Ġhave Ġon Ġtheir Ġlisteners .",O O O O O O O O O O O O O O O O O O O O O O O O O O O O O O O O O O O,O O O O O O O O O O O O O O O O O O O O O O O O O O O O O O O O O O O
679,"ĠStation Ġmanager ĠSteve ĠTaylor Ġcommented : Ġ"" Listen ers Ġcan Ġinteract Ġwith Ġthe Ġradio Ġstation Ġin Ġa Ġnew Ġway . Ġ""",O O B-BUSINESS-EXECUTIVE-MANAGER I-BUSINESS-EXECUTIVE-MANAGER O O O O O O O O O O O O O O O O O,O O B-PUBLIC-FIGURE I-PUBLIC-FIGURE O O O O O O O O O O O O O O O O O
680,"ĠNot Ġonly Ġdoes Ġthis Ġgive Ġlisteners Ġmore Ġinformation Ġon Ġthe Ġmusic Ġwe Ġplay Ġbut Ġmeans Ġthey Ġcan Ġinstantly Ġpurchase Ġthings Ġthey Ġlike ; Ġmp 3 Ġmusic Ġdownloads Ġand Ġthe Ġlatest Ġgig Ġtickets .""",O O O O O O O O O O O O O O O O O O O O O O O O O O O O O O O O O,O O O O O O O O O O O O O O O O O O O O O O O O O O O O O O O O O
681,"ĠInitially ĠVisual ĠRadio Ġfunctionality Ġwill Ġbe Ġlimited Ġto Ġtwo ĠNokia Ġhands ets Ġdue Ġout Ġsoon Ġ- Ġthe Ġ32 30 Ġand Ġ77 10 Ġ- Ġbut Ġif Ġsuccessful , Ġit Ġis Ġvery Ġlikely Ġthat Ġother Ġmanufacturers Ġwill Ġwant Ġto Ġjoin Ġthem .",O O O O O O O O O O O O O O O O O O O O O O O O O O O O O O O O O O O O O O O O,O O O O O O O O O O O O O O O O O O O O O O O O O O O O O O O O O O O O O O O O
682,Ġ Ċ Ċ Listen Ġagain Ġto Ġthe Ġinterview Ġon Ġthe ĠRadio ĠFive ĠLive Ġwebsite .,O O O O O O O O O O O O O O O,O O O O O O O O O O O O O O O
683,ĠFA Ġprobes Ġcrowd Ġtrouble Ċ Ċ The ĠFA Ġis Ġto Ġtake Ġaction Ġafter Ġtrouble Ġmar red ĠWednesday 's ĠCar ling ĠCup Ġtie Ġbetween ĠChelsea Ġand ĠWest ĠHam .,O O O O O O O O O O O O O O O O O O O O O O O O O O O O,O O O O O O O O O O O O O O O O O O O O O O O O O O O O
684,Ġ Ċ Ċ Police Ġin Ġriot Ġgear Ġwere Ġconfronted Ġby Ġa Ġsection Ġof Ġthe ĠWest ĠHam Ġsupport Ġafter Ġthe Ġmatch Ġwhich Ġthe ĠBlues Ġwon Ġ1 - 0 .,O O O O O O O O O O O O O O O O O O O O O O O O O O O O,O O O O O O O O O O O O O O O O O O O O O O O O O O O O
685,"ĠMate ja ĠKe zman , Ġthe Ġscorer Ġof ĠChelsea 's Ġgoal , Ġneeded Ġtreatment Ġon Ġa Ġhead Ġinjury Ġduring Ġthe Ġmatch Ġafter Ġbeing Ġhit Ġby Ġa Ġmissile , Ġbelieved Ġto Ġbe Ġa Ġcoin .",B-ATHLETE I-ATHLETE I-ATHLETE I-ATHLETE O O O O O O O O O O O O O O O O O O O O O O O O O O O O O O,B-ATHLETE I-ATHLETE I-ATHLETE I-ATHLETE O O O O O O O O O O O O O O O O O O O O O O O O O O O O O O
686,ĠA Ġspokeswoman Ġfor ĠChelsea Ġsaid Ġthe Ġclub Ġwould Ġawait Ġthe Ġreferee 's Ġreport Ġbefore Ġdeciding Ġon Ġits Ġcourse Ġof Ġaction .,O O O O O O O O O O O O O O O O O O O O O,O O O O O O O O O O O O O O O O O O O O O
687,ĠKe zman Ġwas Ġforced Ġoff Ġthe Ġfield Ġto Ġreceive Ġtreatment Ġon Ġa Ġcut Ġabove Ġhis Ġeye Ġbut Ġwas Ġable Ġto Ġcontinue .,O O O O O O O O O O O O O O O O O O O O O O,B-ATHLETE I-ATHLETE O O O O O O O O O O O O O O O O O O O O
688,"Ġ Ċ Ċ Chelsea Ġassistant Ġboss ĠSteve ĠClarke Ġsaid : Ġ"" I Ġwould Ġrather Ġtalk Ġabout Ġthe Ġfootball Ġbut Ġwe Ġthink Ġit Ġwas Ġsomething Ġthrown Ġfrom Ġthe Ġcrowd .",O O O O O O B-ATHLETE I-ATHLETE O O O O O O O O O O O O O O O O O O O O O,O O O O O O B-BUSINESS-EXECUTIVE-MANAGER I-BUSINESS-EXECUTIVE-MANAGER O O O O O O O O O O O O O O O O O O O O O
689,"ĠHe Ġdid Ġnot Ġrequire Ġstitches .""",O O O O O O,O O O O O O
690,"ĠWest ĠHam Ġboss ĠAlan ĠP ard ew Ġsaid : Ġ"" It 's Ġa Ġshame Ġbecause ĠI Ġthought Ġthere Ġwas Ġgood ĠEnglish Ġbanter Ġin Ġthe Ġcrowd . Ġ""",O O O B-ATHLETE I-ATHLETE I-ATHLETE I-ATHLETE O O O O O O O O O O O O O O O O O O O O,O O O B-AUTHOR-WRITER I-AUTHOR-WRITER I-AUTHOR-WRITER I-AUTHOR-WRITER O O O O O O O O O O O O O O O O O O O O
691,ĠThere 's Ġbig Ġrivalry Ġbetween Ġthe Ġtwo Ġclubs Ġand Ġit Ġis Ġa Ġshame Ġif Ġthat 's Ġhappened .,O O O O O O O O O O O O O O O O O O,O O O O O O O O O O O O O O O O O O
692,"ĠFrom Ġwhere ĠI Ġwas Ġstanding ĠI Ġdidn 't Ġsee Ġany Ġtrouble .""",O O O O O O O O O O O O,O O O O O O O O O O O O
693,"ĠFormer ĠHam mers Ġstar ĠJoe ĠCole Ġalso Ġhad Ġa Ġplastic Ġbottle Ġthrown Ġat Ġhim , Ġwhile ĠFrank ĠLamp ard Ġwas Ġpel ted Ġwith Ġcoins Ġas Ġhe Ġwas Ġpreparing Ġto Ġtake Ġa Ġpenalty .",O O O O B-ATHLETE I-ATHLETE O O O O O O O O O O B-ATHLETE I-ATHLETE I-ATHLETE O O O O O O O O O O O O O O,O O O O B-ATHLETE I-ATHLETE O O O O O O O O O O B-ATHLETE I-ATHLETE I-ATHLETE O O O O O O O O O O O O O O
694,"ĠLamp ard 's Ġspot - kick Ġwas Ġsaved Ġto Ġthe Ġdelight Ġof Ġthe ĠHam mers ' Ġfans , Ġwho Ġhave Ġstill Ġnot Ġforgiven Ġhim Ġfor Ġleaving ĠUpton ĠPark .",O O O O O O O O O O O O O O O O O O O O O O O O O O O O O,B-ATHLETE I-ATHLETE O O O O O O O O O O O O O O O O O O O O O O O O O O O
695,"ĠThe ĠFA Ġwill Ġseek Ġreports Ġfrom Ġthe Ġclubs Ġand Ġthe Ġpolice , Ġand Ġwill Ġreview Ġvideo Ġevidence Ġand Ġthe Ġreferee 's Ġreport .",O O O O O O O O O O O O O O O O O O O O O O O,O O O O O O O O O O O O O O O O O O O O O O O
696,ĠPolice Ġin Ġriot Ġgear Ġbattled Ġwith ĠWest ĠHam Ġfans Ġin Ġthe ĠMatthew ĠHarding Ġstand Ġand Ġat Ġleast Ġone Ġsupporter Ġrequired Ġtreatment .,O O O O O O O O O O O O O O O O O O O O O O,O O O O O O O O O O O B-PUBLIC-FIGURE I-PUBLIC-FIGURE O O O O O O O O O
697,ĠFans Ġare Ġalso Ġthought Ġto Ġhave Ġclashed Ġoutside Ġthe Ġground Ġafter Ġthe Ġgame .,O O O O O O O O O O O O O O,O O O O O O O O O O O O O O
698,"ĠScotland ĠYard Ġsaid Ġthere Ġhad Ġbeen Ġ11 Ġarrests Ġfor Ġalleged Ġpublic Ġorder , Ġdrugs Ġand Ġoffensive Ġweapon Ġoffences .",O O O O O O O O O O O O O O O O O O O,O O O O O O O O O O O O O O O O O O O
699,Ġ Ċ Ċ The ĠFA Ġis Ġalready Ġlooking Ġinto Ġthe Ġtrouble Ġat ĠTuesday 's Ġheated ĠCar ling ĠCup Ġtie Ġbetween ĠMill wall Ġand ĠLiverpool .,O O O O O O O O O O O O O O O O O O O O O O O O O,O O O O O O O O O O O O O O O O O O O O O O O O O
700,ĠR apper ĠKanye ĠWest 's Ġshrew d Ġsoul Ċ Ċ US Ġhip - hop Ġstar ĠKanye ĠWest Ġ- Ġwho Ġleads Ġthe Ġrace Ġfor Ġthis Ġyear 's ĠGram mys Ġwith Ġ10 Ġnominations Ġ- Ġrose Ġto Ġprominence Ġby Ġproducing Ġsongs Ġfor Ġartists Ġsuch Ġas ĠJay - Z Ġand ĠAlicia ĠKeys .,O O B-MUSICIAN I-MUSICIAN O O O O O O O O O O O B-MUSICIAN I-MUSICIAN O O O O O O O O O O O O O O O O O O O O O O O O O B-MUSICIAN I-MUSICIAN I-MUSICIAN O B-MUSICIAN I-MUSICIAN O,O O B-MUSICIAN I-MUSICIAN O O O O O O O O O O O B-MUSICIAN I-MUSICIAN O O O O O O O O O O O O O O O O O O O O O O O O O B-MUSICIAN I-MUSICIAN I-MUSICIAN O B-MUSICIAN I-MUSICIAN O
701,Ġ Ċ Ċ He Ġthen Ġemerged Ġfrom Ġhis Ġbehind - the - scenes Ġrole Ġto Ġbecome Ġan Ġartist Ġas Ġwell Ġas Ġa Ġproducer .,O O O O O O O O O O O O O O O O O O O O O O O O,O O O O O O O O O O O O O O O O O O O O O O O O
702,ĠBut Ġhis Ġsolo Ġcareer Ġalmost Ġended Ġbefore Ġit Ġbegan Ġafter Ġa Ġnear - f atal Ġcar Ġcrash Ġleft ĠWest Ġwith Ġhis Ġjaw Ġwired Ġshut Ġin Ġ2002 .,O O O O O O O O O O O O O O O O O O O O O O O O O O O,O O O O O O O O O O O O O O O O O O O O O O O O O O O
703,"ĠThe Ġresulting Ġsong , ĠThrough Ġthe ĠWire , Ġbecame ĠWest 's Ġfirst ĠUK Ġhit Ġin ĠApril Ġ2004 Ġand Ġsubsequent Ġalbum ĠThe ĠCollege ĠDrop out Ġbecame Ġa Ġtrans atlantic Ġsuccess , Ġboth Ġcritically Ġand Ġcommercially .",O O O O O O O O O O O O O O O O O O O O O O O O O O O O O O O O O O O,O O O O O O O O O B-MUSICIAN O O O O O O O O O O O O O O O O O O O O O O O O O
704,"ĠWest , Ġ26 , Ġbegan Ġr apping Ġas Ġa Ġteenager Ġat Ġhis ĠChicago Ġschool , Ġinspired Ġby Ġthe Ġbeats Ġand Ġrh ymes Ġof Ġ1980 s Ġpioneers ĠRun ĠD MC .",O O O O O O O O O O O O O O O O O O O O O O O O O O O O O O,B-MUSICIAN O O O O O O O O O O O O O O O O O O O O O O O O O O O O O
705,"Ġ Ċ Ċ H ip - hop Ġproducer ĠNo ĠID Ġencouraged ĠWest Ġto Ġsample Ġold Ġsoul Ġand ĠR & B Ġhits Ġthen Ġrevive Ġthem Ġwith Ġan Ġupdated Ġsound , Ġan Ġapproach Ġthat Ġwould Ġbecome Ġhis Ġtrademark . Ġ""",O O O O O O O O B-MUSICIAN I-MUSICIAN O O O O O O O O O O O O O O O O O O O O O O O O O O O O,O O O O O O O O B-MUSICIAN I-MUSICIAN O O O O O O O O O O O O O O O O O O O O O O O O O O O O
706,"ĠI Ġfeel Ġlike Ġa Ġlot Ġof Ġthe Ġsoul Ġthat 's Ġin Ġthose Ġold Ġrecords Ġthat ĠI Ġsample Ġis Ġin Ġme ,"" Ġhe Ġsaid . Ġ""",O O O O O O O O O O O O O O O O O O O O O O O O O,O O O O O O O O O O O O O O O O O O O O O O O O O
707,"ĠSo Ġwhen ĠI Ġhear Ġthem Ġand ĠI Ġput Ġthem Ġwith Ġthe Ġdrums Ġand ĠI Ġbring Ġthem Ġto Ġthe Ġnew Ġmillennium , Ġit 's Ġjust Ġlike ĠGod 's Ġdoing Ġthat .",O O O O O O O O O O O O O O O O O O O O O O O O O O O O O O,O O O O O O O O O O O O O O O O O O O O O O O O O O O O O O
708,ĠI 'm Ġone Ġwith Ġthem Ġrecords Ġright Ġthere .,O O O O O O O O O,O O O O O O O O O
709,"ĠIt 's Ġa Ġblessing .""",O O O O O,O O O O O
710,Ġ Ċ Ċ Le aving Ġhis ĠChicago Ġart Ġschool Ġafter Ġonly Ġone Ġyear Ġ- Ġa Ġmove Ġwhich Ġwould Ġlater Ġinspire Ġthe Ġtitle Ġof Ġhis Ġalbum Ġ- ĠWest Ġbegan Ġhis Ġmusic Ġcareer Ġco - producing Ġsongs Ġfor Ġartists ĠM ase Ġand Ġthe ĠMadd ĠR apper .,O O O O O O O O O O O O O O O O O O O O O O O O O O O O O O O O O O O O O B-MUSICIAN I-MUSICIAN O O B-MUSICIAN I-MUSICIAN I-MUSICIAN O,O O O O O O O O O O O O O O O O O O O O O O O O O O O O O O O O O O O O O B-MUSICIAN I-MUSICIAN O O O O O O
711,"ĠThis Ġdrew Ġthe Ġattention Ġof Ġsuperstar Ġrapper ĠJay - Z , Ġwho Ġsigned ĠWest Ġup Ġto Ġhis ĠRoc - A - F ella Ġrecord Ġlabel Ġto Ġproduce Ġnumerous Ġartists Ġon Ġhis Ġroster .",O O O O O O O B-MUSICIAN I-MUSICIAN I-MUSICIAN O O O O O O O O O O O O O O O O O O O O O O O,O O O O O O O B-MUSICIAN I-MUSICIAN I-MUSICIAN O O O B-MUSICIAN O O O O O O O O O O O O O O O O O O O
712,ĠWest 's Ġwork Ġgained Ġmainstream Ġrecognition Ġwhen Ġhe Ġproduced Ġthe Ġsingles ĠTake over Ġand ĠI zzo Ġ( H OVA ) Ġon ĠJay - Z 's Ġown Ġ2001 Ġalbum ĠBlueprint .,O O O O O O O O O O O O O O O O O O O O O B-MUSICIAN I-MUSICIAN I-MUSICIAN O O O O O O,B-MUSICIAN O O O O O O O O O O O O O O O O O O O O O O O O O O O O O
713,"ĠInc orpor ating Ġsamples Ġof ĠFive Ġto ĠOne Ġby ĠThe ĠDoors Ġand Ġthe ĠJackson ĠFive 's ĠI ĠWant ĠYou ĠBack Ġrespectively , Ġthe Ġhits Ġwere Ġcredited Ġwith Ġinjecting Ġsoul Ġback Ġinto Ġhip - hop .",O O O O O O O O O O O O O O O O O O O O O O O O O O O O O O O O O O O,O O O O O O O O O O O O O B-MUSICIAN I-MUSICIAN O O O O O O O O O O O O O O O O O O O O
714,"Ġ Ċ Ċ As Ġtheir Ġsuccess Ġattracted Ġfurther Ġproduction Ġwork Ġfor ĠJay - Z Ġ(' 03 ĠBonnie Ġ& ĠClyde ) Ġand Ġartists Ġsuch Ġas ĠLud ac ris Ġ( Stand ĠUp ) Ġand ĠAlicia ĠKeys Ġ( You ĠDon 't ĠKnow ĠMy ĠName ), ĠWest Ġannounced Ġplans Ġfor Ġa Ġsolo Ġalbum .",O O O O O O O O O O O B-MUSICIAN I-MUSICIAN I-MUSICIAN O O O O O O O O O O B-MUSICIAN I-MUSICIAN I-MUSICIAN O O O O O B-MUSICIAN I-MUSICIAN O O O O O O O O O O O O O O O O,O O O O O O O O O O O B-MUSICIAN I-MUSICIAN I-MUSICIAN O O O O O O O O O O B-MUSICIAN I-MUSICIAN I-MUSICIAN O O O O O B-MUSICIAN I-MUSICIAN O O O O O O O O B-MUSICIAN O O O O O O O
715,"ĠDriving Ġhome Ġfrom Ġa Ġlate - night ĠLos ĠAngeles Ġrecording Ġsession Ġin ĠOctober Ġ2002 , Ġhe Ġwas Ġinvolved Ġin Ġthe Ġcar Ġcrash Ġthat Ġleft Ġhis Ġjaw Ġfractured Ġin Ġthree Ġplaces . Ġ""",O O O O O O O O O O O O O O O O O O O O O O O O O O O O O O O O,O O O O O O O O O O O O O O O O O O O O O O O O O O O O O O O O
716,"ĠAny time ĠI Ġhear Ġabout Ġany Ġaccident Ġmy Ġheart Ġsinks Ġin Ġand ĠI Ġjust Ġthank ĠGod Ġthat ĠI 'm Ġstill Ġhere ,"" Ġhe Ġlater Ġsaid . Ġ""",O O O O O O O O O O O O O O O O O O O O O O O O O O O,O O O O O O O O O O O O O O O O O O O O O O O O O O O
717,"ĠThat Ġsteering Ġwheel Ġcould Ġhave Ġbeen Ġtwo Ġinches Ġfurther Ġout , Ġand Ġthat Ġwould Ġhave Ġbeen Ġit .""",O O O O O O O O O O O O O O O O O O,O O O O O O O O O O O O O O O O O O
718,Ġ Ċ Ċ West 's Ġaccount Ġof Ġthe Ġaccident Ġsampled ĠCh aka ĠKhan 's Ġhit ĠThrough Ġthe ĠFire Ġto Ġbecome Ġthe Ġheart Ġof Ġhis Ġcompleted Ġsolo Ġalbum ĠThe ĠCollege ĠDrop out .,O O O O O O O O O O B-MUSICIAN I-MUSICIAN I-MUSICIAN O O O O O O O O O O O O O O O O O O O,O O O B-MUSICIAN O O O O O O B-MUSICIAN I-MUSICIAN I-MUSICIAN I-MUSICIAN O O O O O O O O O O O O O O O O O O
719,"ĠReleased Ġlast Ġyear , Ġit Ġwas Ġby Ġturns Ġsmooth , Ġhumorous Ġand Ġsharp Ġand Ġlargely Ġavoided Ġthe Ġclich & # 233 ; d Ġhip - hop Ġpre occup ation Ġwith Ġguns , Ġgirls Ġand Ġjew ellery .",O O O O O O O O O O O O O O O O O O O O O O O O O O O O O O O O O O O O O,O O O O O O O O O O O O O O O O O O O O O O O O O O O O O O O O O O O O O
720,"Ġ Ċ Ċ Through Ġthe ĠWire Ġwas Ġquickly Ġjoined Ġin Ġthe ĠUK Ġand ĠUS Ġcharts Ġby ĠSlow ĠJam z , Ġon Ġwhich ĠWest Ġcollaborated Ġwith Ġrapper ĠTw ista Ġand ĠRay Ġactor ĠJamie ĠFox x .",O O O O O O O O O O O O O O O O O O O O O O O O O O B-MUSICIAN I-MUSICIAN O O O B-ACTOR-DIRECTOR I-ACTOR-DIRECTOR I-ACTOR-DIRECTOR O,O O O O O O O O O O O O O O O O O O O O O O B-MUSICIAN O O O B-MUSICIAN I-MUSICIAN O O O B-ACTOR-DIRECTOR I-ACTOR-DIRECTOR I-ACTOR-DIRECTOR O
721,ĠThe ĠCollege ĠDrop out Ġspawned Ġtwo Ġfurther ĠUK Ġhits Ġand Ġa Ġstring Ġof Ġaward Ġnominations .,O O O O O O O O O O O O O O O O,O O O O O O O O O O O O O O O O
722,"ĠWest Ġwas Ġshort listed Ġfor Ġ10 ĠGram mys Ġ- Ġincluding Ġnominations Ġfor Ġartist Ġand Ġalbum Ġof Ġthe Ġyear Ġ- Ġand Ġtook Ġthe Ġbest Ġhip - hop Ġartist , Ġproducer Ġand Ġalbum Ġtitles Ġat Ġlast Ġyear 's ĠMusic Ġof ĠBlack ĠOrigin Ġ( M obo ) ĠAwards .",O O O O O O O O O O O O O O O O O O O O O O O O O O O O O O O O O O O O O O O O O O O O O O,B-MUSICIAN O O O O O O O O O O O O O O O O O O O O O O O O O O O O O O O O O O O O O O O O O O O O O
723,"ĠNow Ġa Ġrespected Ġrapper Ġand Ġproducer Ġin Ġthe Ġinfluential Ġfield Ġof Ġhip - hop , ĠKanye ĠWest Ġis Ġunlikely Ġto Ġregret Ġhis Ġdecision Ġto Ġleave Ġcollege Ġearly .",O O O O O O O O O O O O O O O B-MUSICIAN I-MUSICIAN O O O O O O O O O O O,O O O O O O O O O O O O O O O B-MUSICIAN I-MUSICIAN O O O O O O O O O O O
724,ĠBomb ard ier Ġchief Ġto Ġleave Ġcompany Ċ Ċ Shares Ġin Ġtrain Ġand Ġplane - making Ġgiant ĠBomb ard ier Ġhave Ġfallen Ġto Ġa Ġ10 - year Ġlow Ġfollowing Ġthe Ġdeparture Ġof Ġits Ġchief Ġexecutive Ġand Ġtwo Ġmembers Ġof Ġthe Ġboard .,O O O O O O O O O O O O O O O O O O O O O O O O O O O O O O O O O O O O O O O O O O,O O O O O O O O O O O O O O O O O O O O O O O O O O O O O O O O O O O O O O O O O O
725,"Ġ Ċ Ċ Paul ĠTell ier , Ġwho Ġwas Ġalso ĠBomb ard ier 's Ġpresident , Ġleft Ġthe Ġcompany Ġamid Ġan Ġongoing Ġrestructuring .",O O O B-BUSINESS-EXECUTIVE-MANAGER I-BUSINESS-EXECUTIVE-MANAGER I-BUSINESS-EXECUTIVE-MANAGER O O O O O O O O O O O O O O O O O O,O O O B-BUSINESS-EXECUTIVE-MANAGER I-BUSINESS-EXECUTIVE-MANAGER I-BUSINESS-EXECUTIVE-MANAGER O O O O O O O O O O O O O O O O O O
726,"ĠLaurent ĠBe aud oin , Ġpart Ġof Ġthe Ġfamily Ġthat Ġcontrols Ġthe ĠMontreal - based Ġfirm , Ġwill Ġtake Ġon Ġthe Ġrole Ġof ĠCEO Ġunder Ġa Ġnewly Ġcreated Ġmanagement Ġstructure .",B-BUSINESS-EXECUTIVE-MANAGER I-BUSINESS-EXECUTIVE-MANAGER I-BUSINESS-EXECUTIVE-MANAGER I-BUSINESS-EXECUTIVE-MANAGER O O O O O O O O O O O O O O O O O O O O O O O O O O O,B-BUSINESS-EXECUTIVE-MANAGER I-BUSINESS-EXECUTIVE-MANAGER I-BUSINESS-EXECUTIVE-MANAGER I-BUSINESS-EXECUTIVE-MANAGER O O O O O O O O O O O O O O O O O O O O O O O O O O O
727,ĠAnaly sts Ġsaid Ġthe Ġresign ations Ġseem Ġto Ġhave Ġstemmed Ġfrom Ġa Ġboard room Ġdispute .,O O O O O O O O O O O O O O O O,O O O O O O O O O O O O O O O O
728,"ĠUnder ĠMr ĠTell ier 's Ġtenure Ġat Ġthe Ġcompany , Ġwhich Ġbegan Ġin ĠJanuary Ġ2003 , Ġplans Ġto Ġcut Ġthe Ġworldwide Ġworkforce Ġof Ġ75 , 000 Ġby Ġalmost Ġa Ġthird Ġby Ġ2006 Ġwere Ġannounced .",O O O O O O O O O O O O O O O O O O O O O O O O O O O O O O O O O O O,O O B-BUSINESS-EXECUTIVE-MANAGER I-BUSINESS-EXECUTIVE-MANAGER O O O O O O O O O O O O O O O O O O O O O O O O O O O O O O O
729,ĠThe Ġfirm 's Ġsnow mobile Ġdivision Ġand Ġdefence Ġservices Ġunit Ġwere Ġalso Ġsold Ġand ĠBomb ard ier Ġstarted Ġthe Ġdevelopment Ġof Ġa Ġnew Ġaircraft Ġseating Ġ110 Ġto Ġ135 Ġpassengers .,O O O O O O O O O O O O O O O O O O O O O O O O O O O O O O,O O O O O O O O O O O O O O B-BUSINESS-EXECUTIVE-MANAGER I-BUSINESS-EXECUTIVE-MANAGER I-BUSINESS-EXECUTIVE-MANAGER O O O O O O O O O O O O O
730,Ġ Ċ Ċ Mr ĠTell ier Ġhad Ġindicated Ġhe Ġwanted Ġto Ġstay Ġat Ġthe Ġworld 's Ġtop Ġtrain Ġmaker Ġand Ġthird Ġlargest Ġmanufacturer Ġof Ġcivil Ġaircraft Ġuntil Ġthe Ġrestructuring Ġwas Ġcomplete .,O O O O O O O O O O O O O O O O O O O O O O O O O O O O O O O O,O O O O B-BUSINESS-EXECUTIVE-MANAGER I-BUSINESS-EXECUTIVE-MANAGER O O O O O O O O O O O O O O O O O O O O O O O O O O
731,ĠBut ĠBomb ard ier Ġhas Ġbeen Ġfaced Ġwith Ġa Ġdeclining Ġshare Ġprice Ġand Ġprofits .,O O O O O O O O O O O O O O O,O B-BUSINESS-EXECUTIVE-MANAGER I-BUSINESS-EXECUTIVE-MANAGER I-BUSINESS-EXECUTIVE-MANAGER O O O O O O O O O O O
732,"ĠEarlier Ġthis Ġmonth Ġthe Ġfirm Ġsaid Ġit Ġearned Ġ$ 10 m Ġ(Â£ 19 . 2 m ) Ġin Ġthe Ġthird Ġquarter , Ġdown Ġfrom Ġa Ġprofit Ġof Ġ$ 133 m Ġa Ġyear Ġago . Ġ""",O O O O O O O O O O O O O O O O O O O O O O O O O O O O O O O O O O O,O O O O O O O O O O O O O O O O O O O O O O O O O O O O O O O O O O O
733,"ĠI Ġunderstand Ġthe Ġboard 's Ġconcern Ġthat ĠI Ġwould Ġnot Ġbe Ġthere Ġfor Ġthe Ġlong - term Ġand Ġthe Ġneed Ġto Ġdevelop Ġand Ġexecute Ġstrategies , Ġand Ġthe Ġneed Ġto Ġresh ape Ġthe Ġmanagement Ġstructure Ġat Ġthis Ġtime ,"" ĠMr ĠTell ier Ġsaid Ġin Ġa Ġstatement Ġon ĠMonday .",O O O O O O O O O O O O O O O O O O O O O O O O O O O O O O O O O O O O O O O O O O O O O O O O O,O O O O O O O O O O O O O O O O O O O O O O O O O O O O O O O O O O O O O O O O B-BUSINESS-EXECUTIVE-MANAGER I-BUSINESS-EXECUTIVE-MANAGER O O O O O O O
734,ĠBomb ard ier Ġsaid Ġrestructuring Ġplans Ġdrawn Ġup Ġby ĠMr ĠTell ier 's Ġwould Ġcontinue Ġto Ġbe Ġimplemented .,O O O O O O O O O O O O O O O O O O O,B-BUSINESS-EXECUTIVE-MANAGER I-BUSINESS-EXECUTIVE-MANAGER I-BUSINESS-EXECUTIVE-MANAGER O O O O O O O B-BUSINESS-EXECUTIVE-MANAGER I-BUSINESS-EXECUTIVE-MANAGER I-BUSINESS-EXECUTIVE-MANAGER O O O O O O
735,ĠShares Ġin ĠBomb ard ier Ġlost Ġ65 ĠCanadian Ġcents Ġor Ġ25 % Ġon Ġthe Ġnews Ġto Ġ1 . 90 ĠCanadian Ġdollars Ġbefore Ġrallying Ġto Ġ2 . 20 ĠCanadian Ġdollars .,O O O O O O O O O O O O O O O O O O O O O O O O O O O O O O,O O B-BUSINESS-EXECUTIVE-MANAGER I-BUSINESS-EXECUTIVE-MANAGER I-BUSINESS-EXECUTIVE-MANAGER O O O O O O O O O O O O O O O O O O O O O O O O O
736,ĠGram mys Ġhonour Ġsoul Ġstar ĠCharles Ċ Ċ The Ġmemory Ġof Ġsoul Ġlegend ĠRay ĠCharles Ġdominated Ġthe Ġmusic Ġworld 's Ġleading Ġmusic Ġceremony Ġon ĠSunday Ġas Ġhe Ġwas Ġgiven Ġeight Ġpost hum ous ĠGrammy ĠAwards .,O O O O O O O O O O O O O B-MUSICIAN I-MUSICIAN O O O O O O O O O O O O O O O O O O O O O,O O O O O B-MUSICIAN O O O O O O O B-MUSICIAN I-MUSICIAN O O O O O O O O O O O O O O O O O O O O O
737,"Ġ Ċ Ċ Charles , Ġwho Ġdied Ġin Ġ2004 , Ġgot Ġhon ours Ġincluding Ġrecord Ġand Ġalbum Ġof Ġthe Ġyear , Ġwhile ĠAlicia ĠKeys Ġand Ġactor ĠJamie ĠFox x Ġperformed Ġa Ġmusical Ġtribute Ġto Ġhim .",O O O O O O O O O O O O O O O O O O O O O O B-MUSICIAN I-MUSICIAN O O B-ACTOR-DIRECTOR I-ACTOR-DIRECTOR I-ACTOR-DIRECTOR O O O O O O O,O O O B-MUSICIAN O O O O O O O O O O O O O O O O O O B-MUSICIAN I-MUSICIAN O O B-ACTOR-DIRECTOR I-ACTOR-DIRECTOR I-ACTOR-DIRECTOR O O O O O O O
738,ĠR & B Ġstar ĠKeys Ġwon Ġfour Ġawards Ġherself Ġat Ġthe ĠGrammy Ġceremony Ġin ĠLos ĠAngeles .,O O O O O O O O O O O O O O O O O,O O O O B-MUSICIAN O O O O O O O O O O O O
739,"ĠU 2 , ĠUs her , ĠNor ah ĠJones Ġand ĠKanye ĠWest Ġgot Ġthree Ġeach .",O O O B-MUSICIAN I-MUSICIAN O B-MUSICIAN I-MUSICIAN I-MUSICIAN O B-MUSICIAN I-MUSICIAN O O O O,O O O B-MUSICIAN I-MUSICIAN O B-MUSICIAN I-MUSICIAN I-MUSICIAN O B-MUSICIAN I-MUSICIAN O O O O
740,ĠWest Ġled Ġthe Ġrace Ġgoing Ġinto Ġthe Ġceremony Ġwith Ġ10 Ġnominations .,O O O O O O O O O O O O,B-ATHLETE O O O O O O O O O O O
741,"Ġ Ċ Ċ Charles ' Ġlast Ġalbum , ĠGenius ĠL oves ĠCompany , Ġa Ġcollection Ġof Ġdu ets Ġthat Ġhas Ġsold Ġmore Ġthan Ġtwo Ġmillion Ġcopies , Ġwas Ġnamed Ġalbum Ġof Ġthe Ġyear Ġand Ġbest Ġpop Ġvocal Ġalbum .",O O O O O O O O O O O O O O O O O O O O O O O O O O O O O O O O O O O O O O O,O O O B-MUSICIAN O O O O O O O O O O O O O O O O O O O O O O O O O O O O O O O O O O O
742,"ĠHis Ġsong ĠHere ĠWe ĠGo ĠAgain Ġwith ĠNor ah ĠJones Ġwon Ġrecord Ġof Ġthe Ġyear Ġand Ġbest Ġpop Ġvocal Ġcollaboration , Ġwhile ĠHeaven ĠHelp ĠUs ĠAll Ġwith ĠGlad ys ĠKnight Ġpicked Ġup Ġbest Ġgospel Ġperformance .",O O O O O O O B-MUSICIAN I-MUSICIAN I-MUSICIAN O O O O O O O O O O O O O O O O O B-MUSICIAN I-MUSICIAN I-MUSICIAN O O O O O O,O O O O O O O B-MUSICIAN I-MUSICIAN I-MUSICIAN O O O O O O O O O O O O O O O O O B-MUSICIAN I-MUSICIAN I-MUSICIAN O O O O O O
743,"ĠJones Ġsaid : Ġ"" I 'm Ġglad Ġhe 's Ġgetting Ġrecognised , Ġbecause Ġof Ġwho Ġhe Ġis Ġand Ġhow Ġmuch ĠI Ġlove Ġhim .""",O O O O O O O O O O O O O O O O O O O O O O O O,B-ATHLETE O O O O O O O O O O O O O O O O O O O O O O O
744,"ĠActor ĠJamie ĠFox x Ġ- Ġwho Ġis Ġnominated Ġfor Ġan ĠOscar Ġfor Ġplaying ĠCharles Ġin Ġthe Ġhit Ġmovie ĠRay Ġ- Ġdedicated Ġa Ġrendition Ġof ĠGeorgia Ġon ĠMy ĠMind Ġto Ġ"" old Ġfriends "".",O B-ACTOR-DIRECTOR I-ACTOR-DIRECTOR I-ACTOR-DIRECTOR O O O O O O O O O O O O O O O O O O O O O O O O O O O O O,O B-ACTOR-DIRECTOR I-ACTOR-DIRECTOR I-ACTOR-DIRECTOR O O O O O O O O O B-MUSICIAN O O O O O O O O O O O O O O O O O O O
745,"ĠKeys , Ġlooking Ġto Ġreplicate Ġher ĠGram mys Ġsuccess Ġof Ġ2002 , Ġwhen Ġshe Ġwon Ġfive , Ġpicked Ġup Ġbest ĠR & B Ġsong Ġfor ĠYou ĠDon 't ĠKnow ĠMy ĠName Ġand Ġbest ĠR & B Ġalbum Ġfor ĠThe ĠDiary Ġof ĠAlicia ĠKeys .",O O O O O O O O O O O O O O O O O O O O O O O O O O O O O O O O O O O O O O O O O B-MUSICIAN I-MUSICIAN O,B-MUSICIAN O O O O O O O O O O O O O O O O O O O O O O O O O O O O O O O O O O O O O O O O O B-MUSICIAN O
746,ĠShe Ġalso Ġshared Ġthe Ġaward Ġfor Ġbest ĠR & B Ġvocal Ġperformance Ġby Ġa Ġduo Ġor Ġgroup Ġwith ĠUs her Ġfor ĠMy ĠBoo .,O O O O O O O O O O O O O O O O O O B-MUSICIAN I-MUSICIAN O O O O,O O O O O O O O O O O O O O O O O O B-MUSICIAN I-MUSICIAN O O O O
747,"Ġ Ċ Ċ Us her 's Ġother Ġvictories Ġwere Ġfor Ġbest Ġcontemporary ĠR & B Ġalbum Ġfor ĠConf essions Ġand Ġbest Ġrap / sung Ġcollaboration Ġfor ĠYeah !,",O O O B-MUSICIAN I-MUSICIAN O O O O O O O O O O O O O O O O O O O O O O O,O O O B-MUSICIAN I-MUSICIAN O O O O O O O O O O O O O O O O O O O O O O O
748,Ġfeaturing ĠLil ĠJon Ġand ĠLud ac ris .,O B-MUSICIAN I-MUSICIAN O B-MUSICIAN I-MUSICIAN I-MUSICIAN O,O B-MUSICIAN I-MUSICIAN O B-MUSICIAN I-MUSICIAN I-MUSICIAN O
749,"ĠKanye ĠWest Ġdominated Ġthe Ġrap Ġcategories , Ġwinning Ġbest Ġrap Ġsong Ġfor ĠJesus ĠWal ks Ġand Ġbest Ġrap Ġalbum Ġfor ĠThe ĠCollege ĠDrop out .",B-MUSICIAN I-MUSICIAN O O O O O O O O O O O O O O O O O O O O O O O,B-MUSICIAN I-MUSICIAN O O O O O O O O O O B-MUSICIAN I-MUSICIAN I-MUSICIAN O O O O O O O O O O
750,"ĠBut Ġin Ġone Ġof Ġthe Ġnight 's Ġbiggest Ġshocks , Ġhe Ġlost Ġout Ġin Ġthe Ġbattle Ġto Ġbe Ġnamed Ġbest Ġnew Ġartist Ġto Ġpop Ġrock Ġact ĠMar oon Ġ5 .",O O O O O O O O O O O O O O O O O O O O O O O O O O O O O O,O O O O O O O O O O O O O O O O O O O O O O O O O O O O O O
751,"ĠVert igo Ġby Ġrock Ġgiants ĠU 2 Ġwon Ġthree Ġtrophies Ġ- Ġbest Ġrock Ġsong , Ġbest Ġshort Ġvideo Ġand Ġbest Ġrock Ġvocal Ġperformance Ġby Ġa Ġduo Ġor Ġgroup .",O O O O O O O O O O O O O O O O O O O O O O O O O O O O O,O O O O O O O O O O O O O O O O O O O O O O O O O O O O O
752,"ĠOne Ġof Ġthe Ġother Ġmain Ġawards , Ġsong Ġof Ġthe Ġyear , Ġwent Ġto ĠUS Ġsinger - song writer ĠJohn ĠMayer Ġfor ĠD aughters .",O O O O O O O O O O O O O O O O O O O B-MUSICIAN I-MUSICIAN O O O O,O O O O O O O O O O O O O O O O O O O B-MUSICIAN I-MUSICIAN O O O O
753,ĠMayer Ġalso Ġwon Ġbest Ġmale Ġpop Ġvocal Ġperformance .,O O O O O O O O O,B-MUSICIAN O O O O O O O O
754,"ĠBrit ney ĠSpears Ġpicked Ġup Ġher Ġfirst Ġever ĠGrammy Ġfor Ġher Ġsong ĠToxic , Ġwhich Ġwas Ġnamed Ġbest Ġdance Ġrecording .",B-MUSICIAN I-MUSICIAN I-MUSICIAN O O O O O O O O O O O O O O O O O O,B-MUSICIAN I-MUSICIAN I-MUSICIAN O O O O O O O O O O O O O O O O O O
755,"Ġ Ċ Ċ Rod ĠStewart Ġalso Ġwon Ġthe Ġfirst ĠGrammy Ġof Ġhis Ġcareer , Ġgetting Ġthe Ġbest Ġtraditional Ġpop Ġalbum Ġaward Ġfor ĠStard ust ... ĠThe ĠGreat ĠAmerican ĠSong book : ĠVolume ĠIII .",O O O B-MUSICIAN I-MUSICIAN O O O O O O O O O O O O O O O O O O O O O O O O O O O O O,O O O B-MUSICIAN I-MUSICIAN O O O O O O O O O O O O O O O O O O O O O O O O O O O O O
756,"ĠIn Ġ2003 , ĠStewart Ġsaid Ġhe Ġwas Ġ"" ast ounded "" Ġhe Ġhad Ġnever Ġwon Ġa ĠGrammy Ġ- Ġbut Ġ"" they Ġtend Ġnot Ġto Ġgive Ġit Ġto Ġthe ĠBritish Ġunless Ġyou 're ĠSting "".",O O O O O O O O O O O O O O O O O O O O O O O O O O O O O O O O B-MUSICIAN O,O O O B-ACTOR-DIRECTOR O O O O O O O O O O O O O O O O O O O O O O O O O O O O B-MUSICIAN O
757,ĠThere Ġwere Ġfew Ġother Ġhigh - profile ĠBritish Ġvict ors Ġthis Ġyear .,O O O O O O O O O O O O O,O O O O O O O O O O O O O
758,"ĠAnnie ĠLenn ox , Ġmetal Ġgroup ĠMotor head Ġand Ġdance Ġact ĠBas ement ĠJ ax x Ġall Ġtook Ġhome Ġtrophies .",B-MUSICIAN I-MUSICIAN I-MUSICIAN O O O O O O O O O O O O O O O O O O,B-MUSICIAN I-MUSICIAN I-MUSICIAN O O O O O O O O B-MUSICIAN I-MUSICIAN I-MUSICIAN I-MUSICIAN I-MUSICIAN O O O O O
759,"ĠBut ĠElvis ĠCost ello , Ġwho Ġhad Ġfour Ġnominations , Ġand ĠJ oss ĠStone Ġand ĠFranz ĠFerdinand , Ġwho Ġwere Ġboth Ġup Ġfor Ġthree Ġawards , Ġgot Ġnothing .",O B-MUSICIAN I-MUSICIAN I-MUSICIAN O O O O O O O B-MUSICIAN I-MUSICIAN I-MUSICIAN O O O O O O O O O O O O O O O,O B-MUSICIAN I-MUSICIAN I-MUSICIAN O O O O O O O B-MUSICIAN I-MUSICIAN I-MUSICIAN O B-MUSICIAN I-MUSICIAN O O O O O O O O O O O O
760,"Ġ Ċ Ċ Be ach ĠBoys Ġveteran ĠBrian ĠWilson Ġwas Ġanother Ġfirst - time Ġwinner Ġ- Ġfor Ġbest Ġrock Ġinstrumental Ġperformance . Ġ""",O O O O O O O B-MUSICIAN I-MUSICIAN O O O O O O O O O O O O O O,O O O O O O O B-MUSICIAN I-MUSICIAN O O O O O O O O O O O O O O
761,"ĠIt Ġrepresents Ġtriumph Ġand Ġachievement Ġin Ġmusic Ġthat ĠI Ġfeel Ġthat ĠI Ġdeserved , Ġand ĠI 'm Ġreally Ġglad ĠI Ġwon ,"" Ġhe Ġsaid .",O O O O O O O O O O O O O O O O O O O O O O O O O,O O O O O O O O O O O O O O O O O O O O O O O O O
762,"ĠA Ġlive Ġrecording Ġof Ġcomposer ĠJohn ĠAdams ' Ġ11 ĠSeptember Ġtribute , ĠOn Ġthe ĠTrans m igration Ġof ĠSouls , Ġperformed Ġby Ġthe ĠNew ĠYork ĠPhil harm onic , Ġwon Ġthree Ġclassical Ġprizes .",O O O O O B-MUSICIAN I-MUSICIAN O O O O O O O O O O O O O O O O O O O O O O O O O O O,O O O O O B-MUSICIAN I-MUSICIAN O O O O O O O O O O O O O O O O O O B-MUSICIAN I-MUSICIAN I-MUSICIAN O O O O O O
763,"ĠAnd Ġformer ĠUS ĠPresident ĠBill ĠClinton Ġpicked Ġup Ġthe Ġsecond ĠGrammy Ġof Ġhis Ġcareer , Ġwinning Ġthe Ġspoken Ġword Ġaward Ġfor Ġthe Ġaudio Ġversion Ġof Ġhis Ġautobiography ĠMy ĠLife .",O O O O B-POLITICIAN I-POLITICIAN O O O O O O O O O O O O O O O O O O O O O O O O,O O O O B-POLITICIAN I-POLITICIAN O O O O O O O O O O O O O O O O O O O O O O O O
764,ĠEU Ġsoftware Ġpatent Ġlaw Ġfaces Ġaxe Ċ Ċ The ĠEuropean ĠParliament Ġhas Ġthrown Ġout Ġa Ġbill Ġthat Ġwould Ġhave Ġallowed Ġsoftware Ġto Ġbe Ġpatented .,O O O O O O O O O O O O O O O O O O O O O O O O O,O O O O O O O O O O O O O O O O O O O O O O O O O
765,Ġ Ċ Ċ Polit icians Ġunanimously Ġrejected Ġthe Ġbill Ġand Ġnow Ġit Ġmust Ġgo Ġthrough Ġanother Ġround Ġof Ġconsultation Ġif Ġit Ġis Ġto Ġhave Ġa Ġchance Ġof Ġbecoming Ġlaw .,O O O O O O O O O O O O O O O O O O O O O O O O O O O O O O,O O O O O O O O O O O O O O O O O O O O O O O O O O O O O O
766,ĠDuring Ġconsultation Ġthe Ġsoftware Ġpatents Ġbill Ġcould Ġbe Ġsubstantially Ġre - d rafted Ġor Ġeven Ġscrapped .,O O O O O O O O O O O O O O O O O,O O O O O O O O O O O O O O O O O
767,"ĠThe Ġbill Ġwas Ġbacked Ġby Ġsome Ġhi - tech Ġfirms , Ġsaying Ġthey Ġneeded Ġprotections Ġit Ġoffered Ġto Ġmake Ġresearch Ġworthwhile .",O O O O O O O O O O O O O O O O O O O O O O,O O O O O O O O O O O O O O O O O O O O O O
768,"Ġ Ċ Ċ Hug o ĠL ued ers , ĠEuropean Ġdirector Ġfor Ġpublic Ġpolicy Ġat ĠComp T IA , Ġan Ġumbrella Ġorganization Ġfor Ġtechnology Ġcompanies , Ġsaid Ġonly Ġwhen Ġintellectual Ġproperty Ġwas Ġadequately Ġprotected Ġwould ĠEuropean Ġinvent ors Ġprosper .",O O O B-BUSINESS-EXECUTIVE-MANAGER I-BUSINESS-EXECUTIVE-MANAGER I-BUSINESS-EXECUTIVE-MANAGER I-BUSINESS-EXECUTIVE-MANAGER I-BUSINESS-EXECUTIVE-MANAGER O O O O O O O O O O O O O O O O O O O O O O O O O O O O O O O O,O O O B-BUSINESS-EXECUTIVE-MANAGER I-BUSINESS-EXECUTIVE-MANAGER I-BUSINESS-EXECUTIVE-MANAGER I-BUSINESS-EXECUTIVE-MANAGER I-BUSINESS-EXECUTIVE-MANAGER O O O O O O O O O O O O O O O O O O O O O O O O O O O O O O O O
769,ĠHe Ġsaid Ġthe Ġbenefits Ġof Ġthe Ġbill Ġhad Ġbeen Ġobscured Ġby Ġspecial Ġinterest Ġgroups Ġwhich Ġm udd ied Ġdebate Ġover Ġthe Ġrights Ġand Ġwrong s Ġof Ġsoftware Ġpatents .,O O O O O O O O O O O O O O O O O O O O O O O O O O O O O,O O O O O O O O O O O O O O O O O O O O O O O O O O O O O
770,ĠOther Ġproponents Ġof Ġthe Ġbill Ġsaid Ġit Ġwas Ġa Ġgood Ġcompromise Ġthat Ġavoided Ġthe Ġexcess es Ġof Ġthe ĠAmerican Ġsystem Ġwhich Ġallows Ġthe Ġpatent ing Ġof Ġbusiness Ġpractices Ġas Ġwell Ġas Ġsoftware .,O O O O O O O O O O O O O O O O O O O O O O O O O O O O O O O O O,O O O O O O O O O O O O O O O O O O O O O O O O O O O O O O O O O
771,"ĠBut Ġopponents Ġof Ġthe Ġbill Ġsaid Ġthat Ġit Ġcould Ġst ifle Ġinnovation , Ġbe Ġabused Ġby Ġfirms Ġkeen Ġto Ġprotect Ġexisting Ġmonopol ies Ġand Ġcould Ġham per Ġthe Ġgrowth Ġof Ġthe Ġopen Ġsource Ġmovement .",O O O O O O O O O O O O O O O O O O O O O O O O O O O O O O O O O O O,O O O O O O O O O O O O O O O O O O O O O O O O O O O O O O O O O O O
772,ĠThe Ġproposed Ġlaw Ġhad Ġa Ġtroubled Ġpassage Ġthrough Ġthe ĠEuropean Ġparliament .,O O O O O O O O O O O O,O O O O O O O O O O O O
773,ĠIts Ġprogress Ġwas Ġdelayed Ġtwice Ġwhen ĠPolish ĠMEP s Ġrejected Ġplans Ġto Ġadopt Ġit .,O O O O O O O O O O O O O O O,O O O O O O O O O O O O O O O
774,ĠAlso Ġearlier Ġthis Ġmonth Ġthe Ġinfluential ĠEuropean ĠLegal ĠAffairs ĠCommittee Ġ( J URI ) Ġsaid Ġthe Ġlaw Ġshould Ġbe Ġre - d rafted Ġafter Ġit Ġfailed Ġto Ġwin Ġthe Ġsupport Ġof ĠMEP s .,O O O O O O O O O O O O O O O O O O O O O O O O O O O O O O O O O O,O O O O O O O O O O O O O O O O O O O O O O O O O O O O O O O O O O
775,ĠTo Ġbecome Ġlaw Ġboth Ġthe ĠEuropean ĠParliament Ġand Ġa Ġqualified Ġmajority Ġof ĠEU Ġstates Ġhave Ġto Ġapprove Ġof Ġthe Ġdraft Ġwording Ġof Ġthe Ġbill .,O O O O O O O O O O O O O O O O O O O O O O O O O,O O O O O O O O O O O O O O O O O O O O O O O O O
776,ĠThe Ġlatest Ġrejection Ġmeans Ġthat Ġnow Ġthe Ġbill Ġon Ġcomputer Ġinventions Ġmust Ġgo Ġback Ġto Ġthe ĠEU Ġfor Ġre - consider ation .,O O O O O O O O O O O O O O O O O O O O O O O,O O O O O O O O O O O O O O O O O O O O O O O
777,ĠKil roy Ġnames Ġelection Ġseat Ġtarget Ċ Ċ Ex - chat Ġshow Ġhost ĠRobert ĠKil roy - Sil k Ġis Ġto Ġcontest Ġthe ĠDer bys hire Ġseat Ġof ĠE rew ash Ġat Ġthe Ġnext Ġgeneral Ġelection .,O O O O O O O O O O O O O B-POLITICIAN I-POLITICIAN I-POLITICIAN I-POLITICIAN I-POLITICIAN I-POLITICIAN O O O O O O O O O O O O O O O O O O,B-POLITICIAN I-POLITICIAN O O O O O O O O O O O B-POLITICIAN I-POLITICIAN I-POLITICIAN I-POLITICIAN I-POLITICIAN I-POLITICIAN O O O O O O O O O O O O O O O O O O
778,"Ġ Ċ Ċ Labour 's ĠElizabeth ĠBlack man Ġwon Ġthe Ġseat Ġin Ġ1997 Ġand Ġhas Ġa Ġ6 , 9 32 Ġmajority .",O O O O O B-POLITICIAN I-POLITICIAN I-POLITICIAN O O O O O O O O O O O O O O,O O O O O B-POLITICIAN I-POLITICIAN I-POLITICIAN O O O O O O O O O O O O O O
779,"ĠShe Ġsays Ġshe Ġwill Ġfight Ġon Ġher Ġrecord Ġ"" as Ġa Ġhard - working Ġconstituency ĠMP "".",O O O O O O O O O O O O O O O O O,O O O O O O O O O O O O O O O O O
780,"ĠMr ĠKil roy - Sil k Ġannounced Ġhis Ġplans Ġa Ġday Ġafter Ġlaunching Ġhis Ġnew Ġparty , ĠVer itas , Ġthe ĠLatin Ġfor Ġtruth .",O O O O O O O O O O O O O O O O O O O O O O O O O,O B-POLITICIAN I-POLITICIAN I-POLITICIAN I-POLITICIAN I-POLITICIAN O O O O O O O O O O O O O O O O O O O
781,"ĠThe ĠEast ĠMidlands ĠMEP , Ġwho Ġquit Ġthe ĠUK ĠIndependence ĠParty , Ġwants Ġhis Ġnew Ġgroup Ġto Ġ"" change Ġthe Ġface "" Ġof ĠUK Ġpolitics .",O O O O O O O O O O O O O O O O O O O O O O O O O O,O O O O O O O O O O O O O O O O O O O O O O O O O O
782,"ĠHis Ġchoice Ġof Ġelection Ġconstituency Ġqu ashes Ġspeculation Ġthat Ġhe Ġwould Ġstand Ġagainst ĠDefence ĠSecretary ĠGeoff ĠH oon Ġin ĠAsh field , ĠNottingham shire .",O O O O O O O O O O O O O O O B-POLITICIAN I-POLITICIAN I-POLITICIAN O O O O O O O,O O O O O O O O O O O O O O O B-POLITICIAN I-POLITICIAN I-POLITICIAN O O O O O O O
783,ĠUKIP Ġwon Ġ31 % Ġof Ġthe Ġvote Ġin ĠE rew ash Ġin Ġlast ĠJune 's ĠEuropean Ġelections Ġ- Ġwith ĠMr ĠKil roy - Sil k Ġamong Ġtheir Ġcandidates Ġfor Ġthe Ġregion .,O O O O O O O O O O O O O O O O O O O O O O O O O O O O O O O O,O O O O O O O O O O O O O O O O O O O O B-POLITICIAN I-POLITICIAN I-POLITICIAN I-POLITICIAN I-POLITICIAN O O O O O O O
784,"ĠUntil Ġ1997 , ĠE rew ash Ġhad Ġbeen Ġheld Ġby Ġthe ĠTories Ġsince Ġ1970 .",O O O O O O O O O O O O O O O,O O O B-POLITICIAN I-POLITICIAN I-POLITICIAN O O O O O O O O O
785,ĠMs ĠBlack man Ġsaid Ġshe Ġwas Ġproud Ġof Ġthe Ġgovernment 's Ġachievements Ġin Ġthe Ġarea .,O O O O O O O O O O O O O O O O,O B-POLITICIAN I-POLITICIAN O O O O O O O O O O O O O
786,ĠShe Ġdeclined Ġto Ġgive Ġher Ġview Ġof ĠMr ĠKil roy - Sil k Ġat Ġthis Ġpoint .,O O O O O O O O O O O O O O O O O,O O O O O O O O B-POLITICIAN I-POLITICIAN I-POLITICIAN I-POLITICIAN I-POLITICIAN O O O O
787,"Ġ Ċ Ċ On ĠThursday , Ġhe Ġtold Ġa ĠLondon Ġnews Ġconference Ġthat ĠVer itas Ġwould Ġavoid Ġthe Ġold Ġparties ' Ġ"" lies Ġand Ġspin "".",O O O O O O O O O O O O O O O O O O O O O O O O O O,O O O O O O O O O O O O O O O O O O O O O O O O O O
788,"ĠHe Ġsaid Ġ"" our Ġcountry "" Ġwas Ġbeing Ġ"" st olen Ġfrom Ġus "" Ġby Ġmass Ġimmigration Ġand Ġpromised Ġa Ġ"" f irm Ġbut Ġfair "" Ġpolicy Ġon Ġimmigration .",O O O O O O O O O O O O O O O O O O O O O O O O O O O O O O,O O O O O O O O O O O O O O O O O O O O O O O O O O O O O O
789,"ĠVer itas Ġsays Ġit Ġhopes Ġto Ġcontest Ġmost Ġseats Ġat Ġthe Ġforthcoming Ġgeneral Ġelection Ġbut Ġplans Ġto Ġannounce Ġdetailed Ġpolicies Ġon Ġcrime , Ġtax , Ġpensions , Ġhealth Ġand Ġdefence Ġover Ġthe Ġnext Ġfew Ġweeks .",O O O O O O O O O O O O O O O O O O O O O O O O O O O O O O O O O O O O,B-PUBLIC-FIGURE I-PUBLIC-FIGURE O O O O O O O O O O O O O O O O O O O O O O O O O O O O O O O O O O
790,Ġ Ċ Ċ UK IP Ġleader ĠRoger ĠKn ap man Ġsays Ġhe Ġis Ġglad Ġto Ġsee Ġthe Ġback Ġof ĠMr ĠKil roy - Sil k .,O O O O O O B-POLITICIAN I-POLITICIAN I-POLITICIAN I-POLITICIAN O O O O O O O O O O O O O O O O,O O O O O O B-POLITICIAN I-POLITICIAN I-POLITICIAN I-POLITICIAN O O O O O O O O O O B-POLITICIAN I-POLITICIAN I-POLITICIAN I-POLITICIAN I-POLITICIAN O
791,"ĠLabour Ġcampaign Ġspokesman ĠFraser ĠKemp Ġsaid ĠVer itas Ġwas Ġjoining Ġ"" an Ġalready Ġcrowded Ġfield Ġon Ġthe Ġright Ġof ĠBritish Ġpolitics "".",O O O B-POLITICIAN I-POLITICIAN O O O O O O O O O O O O O O O O O,O O O B-POLITICIAN I-POLITICIAN O O O O O O O O O O O O O O O O O
792,"ĠMr ĠKil roy - Sil k Ġwas Ġjoined Ġin Ġthe Ġnew Ġventure Ġby Ġone Ġof ĠUKIP 's Ġtwo ĠLondon ĠAssembly Ġmembers , ĠDamien ĠH ock ney , Ġwho Ġis Ġnow ĠVer itas ' Ġdeputy Ġleader .",O O O O O O O O O O O O O O O O O O O O O O B-POLITICIAN I-POLITICIAN I-POLITICIAN I-POLITICIAN O O O O O O O O O O,O B-POLITICIAN I-POLITICIAN I-POLITICIAN I-POLITICIAN I-POLITICIAN O O O O O O O O O O O O O O O O B-POLITICIAN I-POLITICIAN I-POLITICIAN I-POLITICIAN O O O O O O O O O O
793,Ġ Ċ Ċ UK IP 's Ġchairman ĠPet rina ĠHold sworth Ġhas Ġsaid Ġthe Ġgroup Ġwill Ġjust Ġbe Ġa Ġparody Ġof Ġthe Ġparty Ġthe Ġmen Ġhave Ġleft .,O O O O O O O B-PUBLIC-FIGURE I-PUBLIC-FIGURE I-PUBLIC-FIGURE I-PUBLIC-FIGURE O O O O O O O O O O O O O O O O O,O O O O O O O B-PUBLIC-FIGURE I-PUBLIC-FIGURE I-PUBLIC-FIGURE I-PUBLIC-FIGURE O O O O O O O O O O O O O O O O O
794,ĠMr ĠKil roy - Sil k Ġquit ĠUKIP Ġlast Ġweek Ġafter Ġmonths Ġof Ġtension Ġas Ġhe Ġv ied Ġunsuccessfully Ġfor Ġthe Ġleadership Ġof Ġthat Ġparty .,O O O O O O O O O O O O O O O O O O O O O O O O O O,O B-POLITICIAN I-POLITICIAN I-POLITICIAN I-POLITICIAN I-POLITICIAN O O O O O O O O O O O O O O O O O O O O
795,"ĠHe Ġsaid Ġhe Ġwas Ġashamed Ġto Ġbe Ġa Ġmember Ġof Ġa ĠUKIP Ġwhose Ġleadership Ġhad Ġ"" gone ĠAW OL "" Ġafter Ġthe Ġgreat Ġopportunity Ġoffered Ġby Ġits Ġthird Ġplace Ġat Ġlast ĠJune 's ĠEuropean Ġelections .",O O O O O O O O O O O O O O O O O O O O O O O O O O O O O O O O O O O O,O O O O O O O O O O O O O O O O O O O O O O O O O O O O O O O O O O O O
796,"ĠUKIP 's Ġleader , ĠRoger ĠKn ap man , Ġhas Ġsaid Ġhe Ġis Ġglad Ġto Ġsee Ġthe Ġback Ġof ĠMr ĠKil roy - Sil k . Ġ""",O O O O B-POLITICIAN I-POLITICIAN I-POLITICIAN I-POLITICIAN O O O O O O O O O O O O O O O O O O O,O O O O B-POLITICIAN I-POLITICIAN I-POLITICIAN I-POLITICIAN O O O O O O O O O O O O B-POLITICIAN I-POLITICIAN I-POLITICIAN I-POLITICIAN I-POLITICIAN O O
797,"ĠHe Ġhas Ġremarkable Ġability Ġto Ġinfluence Ġpeople Ġbut , Ġsadly , Ġafter Ġthe Ġ[ European ] Ġelection Ġit Ġbecame Ġclear Ġthat Ġhe Ġwas Ġmore Ġinterested Ġin Ġthe ĠRobert ĠKil roy - Sil k ĠParty Ġthan Ġthe ĠUK ĠIndependence ĠParty Ġso Ġit Ġwas Ġnice Ġknowing Ġhim , Ġnow Ġ' good bye ',"" Ġhe Ġsaid .",O O O O O O O O O O O O O O O O O O O O O O O O O O O B-POLITICIAN I-POLITICIAN I-POLITICIAN I-POLITICIAN I-POLITICIAN I-POLITICIAN O O O O O O O O O O O O O O O O O O O O O,O O O O O O O O O O O O O O O O O O O O O O O O O O O B-POLITICIAN I-POLITICIAN I-POLITICIAN O O O O O O O O O O O O O O O O O O O O O O O O
798,"ĠUKIP Ġofficials Ġalso Ġargue ĠMr ĠKil roy - Sil k Ġhas Ġnot Ġbeen Ġ"" straight forward "" Ġin Ġattacking Ġthe Ġparty Ġhe Ġonce Ġwanted Ġto Ġlead .",O O O O O O O O O O O O O O O O O O O O O O O O O O O,O O O O O B-POLITICIAN I-POLITICIAN I-POLITICIAN I-POLITICIAN I-POLITICIAN O O O O O O O O O O O O O O O O O
799,"Ġ' Ultimate Ġgame ' Ġaward Ġfor ĠDoom Ġ3 Ċ Ċ S ci - fi Ġshooter ĠDoom Ġ3 Ġhas Ġblasted Ġaway Ġthe Ġcompetition Ġat Ġa Ġmajor Ġgames Ġceremony , Ġthe ĠGolden ĠJoy stick Ġawards .",O O O O O O O O O O O O O O O O O O O O O O O O O O O O O O O O O O,O O O O O O O O O O O O O O O O O O O O O O O O O O O O O O O O O O
800,"Ġ Ċ Ċ It Ġwas Ġthe Ġonly Ġtitle Ġto Ġwin Ġtwice , Ġwinning ĠUltimate ĠGame Ġof Ġthe Ġyear Ġand Ġbest ĠPC Ġgame Ġat Ġthe Ġawards , Ġpresented Ġby ĠLittle ĠBritain Ġstar ĠMatt ĠLucas .",O O O O O O O O O O O O O O O O O O O O O O O O O O O O O O O B-ACTOR-DIRECTOR I-ACTOR-DIRECTOR O,O O O O O O O O O O O O O O O O O O O O O O O O O O O O O O O B-ACTOR-DIRECTOR I-ACTOR-DIRECTOR O
801,ĠThe Ġmuch - anticipated Ġsci - fi Ġhorror ĠDoom Ġ3 Ġshot Ġstraight Ġto Ġthe Ġtop Ġof Ġthe ĠUK Ġgames Ġcharts Ġon Ġits Ġrelease Ġin ĠAugust .,O O O O O O O O O O O O O O O O O O O O O O O O O O,O O O O O O O O O O O O O O O O O O O O O O O O O O
802,ĠOther Ġwinners Ġincluded ĠGrand ĠTheft ĠAuto : ĠSan ĠAndreas Ġwhich Ġtook Ġthe ĠMost ĠWanted Ġfor ĠChristmas Ġprize .,O O O O O O O O O O O O O O O O O O,O O O O O O O O O O O O O O O O O O
803,"ĠOnly Ġreleased Ġlast Ġweek , Ġit Ġwas Ġclosely Ġfollowed Ġby ĠHalo Ġ2 Ġand ĠHalf - Life Ġ2 , Ġwhich Ġare Ġexpected Ġto Ġbe Ġbig Ġhits Ġwhen Ġthey Ġare Ġunleashed Ġlater Ġthis Ġmonth .",O O O O O O O O O O O O O O O O O O O O O O O O O O O O O O O O O,O O O O O O O O O O O O O O O O O O O O O O O O O O O O O O O O O
804,"Ġ Ċ Ċ But Ġthey Ġmissed Ġout Ġon Ġthe Ġprize Ġfor Ġthe ĠMost ĠWanted Ġgame Ġof Ġ2005 , Ġwhich Ġwent Ġto Ġthe ĠNintendo Ġtitle , ĠThe ĠLegend Ġof ĠZelda .",O O O O O O O O O O O O O O O O O O O O O O O O O O O O O O,O O O O O O O O O O O O O O O O O O O O O O O O O O O O O O
805,"ĠThe Ġoriginal ĠDoom , Ġreleased Ġin Ġ1994 , Ġherald ed Ġa Ġnew Ġera Ġin Ġcomputer Ġgames Ġand Ġintroduced Ġ3 D Ġgraphics .",O O O O O O O O O O O O O O O O O O O O O O,O O O O O O O O O O O O O O O O O O O O O O
806,ĠIt Ġhelped Ġto Ġestablish Ġthe Ġconcept Ġof Ġthe Ġfirst - person Ġshooter .,O O O O O O O O O O O O O,O O O O O O O O O O O O O
807,ĠDoom Ġ3 Ġwas Ġdeveloped Ġover Ġfour Ġyears Ġand Ġis Ġthought Ġto Ġhave Ġcost Ġaround Ġ$ 15 m Ġ(Â£ 8 . 3 m ).,O O O O O O O O O O O O O O O O O O O O O O O,O O O O O O O O O O O O O O O O O O O O O O O
808,ĠThe Ġtop Ġhonour Ġfor Ġthe Ġbest Ġonline Ġgame Ġof Ġthe Ġyear Ġwent Ġto ĠBattlefield ĠVietnam .,O O O O O O O O O O O O O O O O,O O O O O O O O O O O O O O O O
809,ĠThe ĠChronicles Ġof ĠR idd ick : ĠEscape Ġfrom ĠButcher ĠBay Ġwas Ġhanded Ġthe ĠUn sung ĠHero ĠGame Ġof Ġ2004 .,O O O O O O O O O O O O O O O O O O O O O,O O O B-AUTHOR-WRITER I-AUTHOR-WRITER I-AUTHOR-WRITER O O O O O O O O O O O O O O O
810,"ĠIts Ġrelease Ġwas Ġsomewhat Ġeclips ed Ġby ĠDoom Ġ3 , Ġwhich Ġwas Ġreleased Ġon Ġthe Ġsame Ġweek .",O O O O O O O O O O O O O O O O O O,O O O O O O O O O O O O O O O O O O
811,"ĠIt Ġwas , Ġhowever , Ġvery Ġwell Ġreceived Ġby Ġgamers Ġand Ġwas Ġpraised Ġfor Ġits Ġstoryline Ġwhich Ġdiffered Ġfrom Ġthe Ġfilm Ġreleased Ġaround Ġthe Ġsame Ġtime .",O O O O O O O O O O O O O O O O O O O O O O O O O O O,O O O O O O O O O O O O O O O O O O O O O O O O O O O
812,"ĠElectronic ĠArts Ġwas Ġnamed Ġtop Ġpublisher Ġof Ġthe Ġyear , Ġtaking Ġthe Ġcrown Ġfrom ĠNintendo Ġwhich Ġwon Ġin Ġ2003 .",O O O O O O O O O O O O O O O O O O O O,O O O O O O O O O O O O O O O O O O O O
813,"ĠThe Ġannual Ġawards Ġare Ġvoted Ġfor Ġby Ġmore Ġthan Ġ200 , 000 Ġreaders Ġof Ġcomputer Ġand Ġvideo Ġgames Ġmagazines .",O O O O O O O O O O O O O O O O O O O O,O O O O O O O O O O O O O O O O O O O O
814,ĠGames Ġawards Ġlike Ġthis Ġhave Ġgrown Ġin Ġimportance .,O O O O O O O O O,O O O O O O O O O
815,"ĠOver Ġthe Ġlast Ġsix Ġyears , Ġthe ĠUK Ġmarket Ġfor Ġgames Ġgrew Ġby Ġ100 % Ġand Ġwas Ġworth Ġa Ġrecord ĠÂ£ 1 , 152 m Ġin Ġ2003 , Ġaccording Ġto Ġa Ġrecent Ġreport Ġby Ġanalysts ĠScreen ĠDigest .",O O O O O O O O O O O O O O O O O O O O O O O O O O O O O O O O O O O O O O,O O O O O O O O O O O O O O O O O O O O O O O O O O O O O O O O O O O O O O
816,ĠWhat Ġnow Ġfor ĠBritish Ġtennis ?,O O O O O O,O O O O O O
817,Ġ Ċ Ċ Tim ĠHen man 's Ġdecision Ġto Ġquit ĠDavis ĠCup Ġtennis Ġhas Ġleft Ġthe ĠBritish Ġteam Ġwith Ġa Ġgarg ant uan Ġvoid Ġto Ġfill .,O O O B-ATHLETE I-ATHLETE I-ATHLETE O O O O O O O O O O O O O O O O O O O O O,O O O B-ATHLETE I-ATHLETE I-ATHLETE I-ATHLETE O O O O O O O O O O O O O O O O O O O O
818,Ġ Ċ Ċ The Ġworld Ġnumber Ġseven Ġis Ġtied Ġfor Ġfourth Ġamong Ġhis Ġcountry men Ġfor Ġwins Ġin Ġthe Ġhistory Ġof Ġthe Ġtournament Ġ( he Ġhas Ġ36 Ġfrom Ġhis Ġ50 Ġrub bers ).,O O O O O O O O O O O O O O O O O O O O O O O O O O O O O O O O O,O O O O O O O O O O O O O O O O O O O O O O O O O O O O O O O O O
819,ĠAnd ĠGreat ĠBritain 's Ġlast ĠDavis ĠCup Ġwin Ġwithout ĠHen man Ġcame Ġagainst ĠSlovenia Ġas Ġfar Ġback Ġas Ġ1996 .,O O O O O O O O O O O O O O O O O O O O,O O O O O O O O O B-ATHLETE I-ATHLETE O O O O O O O O O
820,"ĠWorse Ġcould Ġfollow , Ġaccording Ġto Ġformer ĠBritish Ġteam Ġmember ĠChris ĠBailey .",O O O O O O O O O O B-ATHLETE I-ATHLETE O,O O O O O O O O O O B-ATHLETE I-ATHLETE O
821,"ĠBailey Ġtold ĠBBC ĠSport : Ġ"" After ĠTim 's Ġannouncement , ĠI Ġdoubt ĠGreg ĠR used ski Ġwill Ġbe Ġthat Ġfar Ġbehind Ġhim .""",O O O O O O O O O O O O O B-ATHLETE I-ATHLETE I-ATHLETE I-ATHLETE O O O O O O O,B-ATHLETE O O O O O O B-ATHLETE O O O O O B-ATHLETE I-ATHLETE I-ATHLETE I-ATHLETE O O O O O O O
822,"ĠBut Ġwithout Ġtheir Ġtop Ġtwo , Ġwhere Ġdoes Ġthat Ġleave ĠBritish Ġambitions Ġin Ġthe Ġsport 's Ġpremier Ġteam Ġevent ?",O O O O O O O O O O O O O O O O O O O O,O O O O O O O O O O O O O O O O O O O O
823,ĠCaptain ĠJeremy ĠBates Ġhas Ġsingled Ġout ĠAlex ĠBog dan ovic Ġand ĠAndrew ĠMurray Ġas Ġpotential Ġreplacements .,O B-ATHLETE I-ATHLETE O O O B-ATHLETE I-ATHLETE I-ATHLETE I-ATHLETE O B-ATHLETE I-ATHLETE O O O O,O B-ATHLETE I-ATHLETE O O O B-ATHLETE I-ATHLETE I-ATHLETE I-ATHLETE O B-ATHLETE I-ATHLETE O O O O
824,"ĠThe ĠYugoslav ian - born ĠBog dan ovic , Ġthough , Ġis Ġ184 Ġplaces Ġbelow ĠHen man Ġin Ġthe Ġworld Ġrankings Ġand Ġhas Ġplayed Ġjust Ġtwo Ġcup Ġties Ġ- Ġwinning Ġone Ġand Ġlosing Ġthe Ġother .",O O O O O O O O O O O O O O O O O O O O O O O O O O O O O O O O O O O O,O O O O O B-ATHLETE I-ATHLETE I-ATHLETE O O O O O O O B-ATHLETE I-ATHLETE O O O O O O O O O O O O O O O O O O O
825,"Ġ Ċ Ċ Murray , Ġon Ġthe Ġother Ġhand , Ġis Ġ407 th Ġin Ġthe Ġcurrent ĠATP Ġentry Ġlist Ġand Ġyet Ġto Ġmake Ġhis Ġcup Ġdebut .",O O O O O O O O O O O O O O O O O O O O O O O O O O O,O O O B-ATHLETE O O O O O O O O O O O O O O O O O O O O O O O
826,ĠBut ĠBailey Ġdoes Ġsee Ġsome Ġhope Ġfor Ġthe Ġfuture .,O O O O O O O O O O,O B-ATHLETE O O O O O O O O
827,"ĠHe Ġsaid : Ġ"" Now Ġwe 've Ġdropped Ġdown Ġto Ġthe ĠEuro - Af rica Ġzone , Ġthe Ġtime Ġwas Ġright Ġfor Ġhim Ġto Ġstep Ġdown Ġand Ġlet Ġthe Ġyoung Ġguys Ġcome Ġto Ġthe Ġfore .""",O O O O O O O O O O O O O O O O O O O O O O O O O O O O O O O O O O O O,O O O O O O O O O O O O O O O O O O O O O O O O O O O O O O O O O O O O
828,"ĠBritain 's Ġnext Ġopponents , ĠIsrael , Ġare Ġhardly Ġlikely Ġto Ġbe Ġqu aking Ġin Ġtheir Ġboots Ġahead Ġof Ġthe Ġ4 - 6 ĠMarch Ġmatch Ġagainst Ġa Ġlikely Ġtrio Ġof ĠBog dan ovic , ĠMurray Ġand Ġthe Ġ187 th - ranked ĠAr vind ĠParm ar .",O O O O O O O O O O O O O O O O O O O O O O O O O O O O O O O O O O O O O O O O O B-ATHLETE I-ATHLETE I-ATHLETE I-ATHLETE O,O O O O O O O O O O O O O O O O O O O O O O O O O O O O O O B-ATHLETE I-ATHLETE I-ATHLETE O B-ATHLETE O O O O O O B-ATHLETE I-ATHLETE I-ATHLETE I-ATHLETE O
829,"ĠBailey Ġsaid : Ġ"" It Ġwill Ġbe Ġtough Ġfor ĠGB Ġto Ġmove Ġup , Ġbut Ġthere Ġcomes Ġa Ġtime Ġwhen Ġour Ġyoung Ġplayers Ġhave Ġto Ġstep Ġup .",O O O O O O O O O O O O O O O O O O O O O O O O O O O O,B-PUBLIC-FIGURE O O O O O O O O O O O O O O O O O O O O O O O O O O O
830,"ĠThis Ġwas Ġalways Ġgoing Ġto Ġbe Ġinevitable Ġwith ĠTim Ġand ĠGreg 's Ġgrowing Ġyears . Ġ""",O O O O O O O O O O O O O O O O,O O O O O O O O B-ATHLETE O B-ATHLETE O O O O O
831,ĠI 'm Ġconfident Ġabout Ġthe Ġfuture .,O O O O O O O,O O O O O O O
832,"ĠI Ġwouldn 't Ġlay Ġmoney Ġon Ġus Ġgetting Ġback Ġinto Ġthe Ġworld Ġgroup Ġnext Ġyear , Ġbut ĠI 'd Ġimagine Ġin Ġfive Ġyears Ġtime Ġwe 'll Ġbe Ġcompeting Ġfor Ġthe Ġmajor Ġhon ours .""",O O O O O O O O O O O O O O O O O O O O O O O O O O O O O O O O O O,O O O O O O O O O O O O O O O O O O O O O O O O O O O O O O O O O O
833,"ĠOf Ġthose Ġlining Ġup Ġto Ġreplace ĠHen man , Ġthe Ġ17 - year - old ĠMurray , Ġwith Ġfour ĠFut ures Ġtitles Ġunder Ġhis Ġbelt Ġlast Ġyear , Ġlooks Ġthe Ġbest Ġlong - term Ġbet . Ġ""",O O O O O O O O O O O O O O O O O O O O O O O O O O O O O O O O O O O O O,O O O O O O B-ATHLETE I-ATHLETE O O O O O O O B-ATHLETE O O O O O O O O O O O O O O O O O O O O O
834,"ĠMurray Ġis Ġthe Ġone Ġthat Ġlooks Ġlike liest Ġto Ġtake Ġover ĠTim 's Ġmantle ,"" Ġsaid ĠBailey . Ġ""",O O O O O O O O O O O O O O O O O O O,B-ATHLETE O O O O O O O O O O B-ATHLETE O O O O B-ATHLETE O O
835,"ĠHe Ġhas Ġan Ġenormous Ġamount Ġof Ġself - confidence , Ġjudging Ġby Ġwhat Ġhe 's Ġsaid Ġin Ġthe Ġpast .""",O O O O O O O O O O O O O O O O O O O O,O O O O O O O O O O O O O O O O O O O O
836,"ĠBog dan ovic , Ġthree Ġyears ĠMurray 's Ġsenior , Ġhas Ġhad Ġa Ġmore Ġtroubled Ġtime Ġunder ĠBritain 's ĠDavis ĠCup Ġumbrella .",O O O O O O O O O O O O O O O O O O O O O O O,B-ATHLETE I-ATHLETE I-ATHLETE O O O B-ATHLETE O O O O O O O O O O O O O O O O
837,"Ġ Ċ Ċ While ĠMurray Ġhas Ġbeen Ġmarked Ġout Ġas ĠBritain 's Ġgolden Ġboy , ĠBog dan ovic Ġwas Ġwarned Ġby Ġthe ĠLawn ĠTennis ĠAssociation Ġfor Ġa Ġlack Ġof Ġdrive Ġat Ġthe Ġend Ġof Ġ2003 .",O O O O O O O O O O O O O O O O O O O O O O O O O O O O O O O O O O O O,O O O O B-ATHLETE O O O O O O O O O O B-ATHLETE I-ATHLETE I-ATHLETE O O O O O O O O O O O O O O O O O O
838,"ĠAnd ĠBailey Ġsaid : Ġ"" Despite Ġthat , ĠAlex Ġis Ġclearly Ġtalented Ġas Ġwell , Ġwhile ĠAr vind Ġis Ġanother Ġcontender . Ġ""",O O O O O O O O O O O O O O O O O O O O O O O,O B-ATHLETE O O O O O O B-ATHLETE O O O O O O O B-ATHLETE I-ATHLETE O O O O O
839,"ĠThey 're Ġamong Ġthe Ġguys Ġwho Ġhave Ġexperienced Ġthe Ġintensity Ġof ĠDavis ĠCup Ġtennis Ġ- Ġwhether Ġas Ġplayers Ġor Ġon Ġthe Ġsidelines . Ġ""",O O O O O O O O O O O O O O O O O O O O O O O O,O O O O O O O O O O O O O O O O O O O O O O O O
840,"ĠThe ĠL TA Ġhas Ġalways Ġdone Ġan Ġexceptional Ġjob Ġof Ġensuring Ġthat . Ġ""",O O O O O O O O O O O O O O,O O O O O O O O O O O O O O
841,ĠNow Ġthey 'll Ġfinally Ġget Ġto Ġplay Ġregularly Ġin Ġthe Ġc auldron Ġof Ġthe Ġcup .,O O O O O O O O O O O O O O O O,O O O O O O O O O O O O O O O O
842,"ĠAnd ĠI 'm Ġconfident Ġthat Ġwill Ġspring board ĠTeam ĠGB Ġto Ġgreater Ġsuccess .""",O O O O O O O O O O O O O O,O O O O O O O O O O O O O O
843,ĠHoward Ġand ĠBlair Ġtax Ġpledge Ġclash Ċ Ċ Tony ĠBlair Ġhas Ġsaid Ġvoters Ġwill Ġhave Ġto Ġwait Ġfor ĠLabour 's Ġmanifesto Ġto Ġsee Ġif Ġthe Ġparty Ġhas Ġplans Ġto Ġincrease Ġtax .,O O O O O O O O B-POLITICIAN I-POLITICIAN O O O O O O O O O O O O O O O O O O O O O O,B-POLITICIAN O B-POLITICIAN O O O O O B-POLITICIAN I-POLITICIAN O O O O O O O O O O O O O O O O O O O O O O
844,Ġ Ċ Ċ The Ġpremier Ġwas Ġresponding Ġto Ġa Ġchallenge Ġfrom ĠTory Ġleader ĠMichael ĠHoward Ġwho Ġsaid ĠLabour Ġwould Ġraise Ġtaxes Ġin Ġits Ġpost - election ĠBudget .,O O O O O O O O O O O O O B-POLITICIAN I-POLITICIAN O O O O O O O O O O O O O,O O O O O O O O O O O O O B-POLITICIAN I-POLITICIAN O O O O O O O O O O O O O
845,"ĠMr ĠBlair Ġder ided ĠTory Ġclaims Ġthey Ġcould Ġcut ĠÂ£ 35 bn Ġin Ġ"" w ast eful Ġspending "" Ġsaying Ġthe Ġparty Ġhad Ġgot Ġits Ġsums Ġwrong .",O O O O O O O O O O O O O O O O O O O O O O O O O O O O,O B-POLITICIAN O O O O O O O O O O O O O O O O O O O O O O O O O O
846,ĠThe Ġtwo Ġpolitical Ġleaders Ġclashed Ġjust Ġdays Ġafter Ġthe Ġopening Ġsalv oes Ġof Ġthe Ġpre - election Ġperiod .,O O O O O O O O O O O O O O O O O O O,O O O O O O O O O O O O O O O O O O O
847,"ĠMr ĠHoward Ġtold ĠMPs Ġthat Ġ"" every Ġindependent Ġexpert "" Ġfrom Ġthe ĠInternational ĠMonetary ĠFund Ġto Ġthe ĠInstitute Ġof ĠFiscal ĠStudies Ġhad Ġsuggested Ġthe Ġ"" government Ġwas Ġspending Ġmore Ġthan Ġit Ġis Ġraising Ġand Ġa ĠLabour Ġchancellor Ġwould Ġhave Ġto Ġput Ġup Ġtaxes "".",O O O O O O O O O O O O O O O O O O O O O O O O O O O O O O O O O O O O O O O O O O O O,O B-POLITICIAN O O O O O O O O O O O O O O O O O O O O O O O O O O O O O O O O O O O O O O O O O O
848,"ĠMr ĠBlair Ġreplied : Ġ"" I Ġthink Ġthey Ġare Ġwrong Ġfor Ġthis Ġvery Ġsimple Ġreason : Ġthat Ġthe ĠTreasury Ġforecasts Ġon Ġthe Ġeconomy Ġhave Ġbeen Ġproven Ġright .""",O O O O O O O O O O O O O O O O O O O O O O O O O O O O,O B-POLITICIAN O O O O O O O O O O O O O O O O O O O O O O O O O O
849,"ĠThe ĠTories Ġon ĠMonday Ġhighlighted Ġtheir Ġplans Ġfor Ġtax Ġcuts Ġworth ĠÂ£ 4 bn , Ġalthough Ġthe Ġspecific Ġtaxes Ġto Ġbe Ġcut Ġhave Ġnot Ġbeen Ġannounced .",O O O O O O O O O O O O O O O O O O O O O O O O O O O,O O O O O O O O O O O O O O O O O O O O O O O O O O O
850,Ġ Ċ Ċ They Ġalso Ġspelled Ġout Ġtheir Ġplans Ġfor Ġreduced Ġgovernment Ġborrowing Ġand Ġmore Ġspending Ġon Ġkey Ġservices .,O O O O O O O O O O O O O O O O O O O O,O O O O O O O O O O O O O O O O O O O O
851,ĠLabour Ġand Ġthe ĠLiberal ĠDemocrats Ġhave Ġsaid Ġthe Ġparty 's Ġsums Ġdo Ġnot Ġadd Ġup Ġand Ġclaim Ġit Ġwould Ġcut Ġfrontline Ġservices .,O O O O O O O O O O O O O O O O O O O O O O O,O O O O O O O O O O O O O O O O O O O O O O O
852,ĠBut ĠMr ĠHoward Ġsaid Ġvoters Ġfaced Ġa Ġclear Ġchoice Ġat Ġthe Ġnext Ġelection Ġbetween Ġmore Ġwaste Ġand Ġmore Ġtax Ġunder ĠLabour Ġand ĠTory Ġvalue Ġfor Ġmoney Ġand Ġlower Ġtaxes .,O O O O O O O O O O O O O O O O O O O O O O O O O O O O O O,O O B-POLITICIAN O O O O O O O O O O O O O O O O O O O O O O O O O O O
853,"ĠThe ĠLiberal ĠDemocrats Ġhave Ġalso Ġlaunched Ġtheir Ġpre - election Ġplatform , Ġwith Ġleader ĠCharles ĠKennedy Ġsaying Ġhis Ġparty Ġwas Ġthe Ġ"" authent ic Ġopposition "", Ġparticularly Ġon Ġthe ĠIraq Ġwar , Ġcouncil Ġtax Ġand Ġuniversity Ġtuition Ġfees .",O O O O O O O O O O O O O O B-POLITICIAN I-POLITICIAN O O O O O O O O O O O O O O O O O O O O O O O,O O O O O O O O O O O O O O B-POLITICIAN I-POLITICIAN O O O O O O O O O O O O O O O O O O O O O O O
854,"ĠLabour Ġhit Ġback Ġat Ġthe ĠTory Ġproposals Ġeven Ġbefore Ġtheir Ġpublication Ġwith Ġelection Ġcoordinator ĠAlan ĠMil burn Ġaccusing ĠMr ĠHoward Ġof Ġproducing Ġa Ġ"" f raud ulent Ġprospect us "".",O O O O O O O O O O O O O O B-POLITICIAN I-POLITICIAN I-POLITICIAN O O O O O O O O O O O O O,O O O O O O O O O O O O O O B-POLITICIAN I-POLITICIAN I-POLITICIAN O O B-POLITICIAN O O O O O O O O O O
855,ĠPar ry Ġrel ishes ĠAnfield Ġchallenge Ċ Ċ BBC ĠSport Ġreflects Ġon Ġthe Ġfuture Ġfor ĠLiverpool Ġafter Ġour Ġexclusive Ġinterview Ġwith Ġchief Ġexecutive ĠRick ĠPar ry .,O O O O O O O O O O O O O O O O O O O O O O O B-BUSINESS-EXECUTIVE-MANAGER I-BUSINESS-EXECUTIVE-MANAGER I-BUSINESS-EXECUTIVE-MANAGER O,B-PUBLIC-FIGURE I-PUBLIC-FIGURE O O O O O O O O O O O O O O O O O O O O O B-PUBLIC-FIGURE I-PUBLIC-FIGURE I-PUBLIC-FIGURE O
856,Ġ Ċ Ċ Chief Ġexecutive ĠPar ry Ġis Ġthe Ġman Ġat Ġthe Ġhelm Ġas ĠLiverpool Ġreach Ġthe Ġmost Ġcrucial Ġpoint Ġin Ġtheir Ġrecent Ġhistory .,O O O O O O O O O O O O O O O O O O O O O O O O O,O O O O O B-BUSINESS-EXECUTIVE-MANAGER I-BUSINESS-EXECUTIVE-MANAGER O O O O O O O O O O O O O O O O O O
857,"ĠPar ry Ġhas Ġto Ġdeliver Ġa Ġnew Ġ60 , 000 - seat Ġstadium Ġin ĠStanley ĠPark Ġby Ġ2007 Ġamid Ġclaims Ġof Ġcosts Ġspir alling Ġabove ĠÂ£ 120 m . ĠHe Ġis Ġalso Ġsearching Ġfor Ġan Ġinvestment Ġpackage Ġof Ġa Ġsize Ġand Ġstature Ġthat Ġwill Ġrestore ĠLiverpool Ġto Ġtheir Ġplace Ġat ĠEuropean Ġfootball 's Ġtop Ġtable .",O O O O O O O O O O O O O O O O O O O O O O O O O O O O O O O O O O O O O O O O O O O O O O O O O O O O O O O O,B-PUBLIC-FIGURE I-PUBLIC-FIGURE O O O O O O O O O O O O O O O O O O O O O O O O O O O O O O O O O O O O O O O O O O O O O O O O O O O O O O
858,"ĠBut Ġit Ġis Ġa Ġchallenge Ġthat Ġappears Ġto Ġsit Ġeasily Ġwith ĠPar ry , Ġwho Ġhas Ġforged Ġa Ġreputation Ġas Ġone Ġof Ġfootball 's Ġmost Ġrespected Ġadministrators Ġsince Ġhis Ġdays Ġat Ġthe Ġfledgling ĠPremier ĠLeague .",O O O O O O O O O O O O O O O O O O O O O O O O O O O O O O O O O O O O,O O O O O O O O O O O B-PUBLIC-FIGURE I-PUBLIC-FIGURE O O O O O O O O O O O O O O O O O O O O O O O
859,"Ġ Ċ Ċ Liverpool Ġhave Ġnot Ġwon Ġthe Ġchampionship Ġsince Ġ1990 , Ġa Ġfact Ġthat Ġcauses Ġdeep Ġdiscomfort Ġinside ĠAnfield Ġas Ġthey Ġattempt Ġto Ġmuscle Ġin Ġon Ġthe Ġtop Ġthree Ġof ĠChelsea , ĠManchester ĠUnited Ġand ĠArsenal .",O O O O O O O O O O O O O O O O O O O O O O O O O O O O O O O O O O O O O O,O O O O O O O O O O O O O O O O O O O O O O O O O O O O O O O O O O O O O O
860,"ĠThrow Ġin Ġthe Ġsmall Ġmatter Ġof Ġw arding Ġoff Ġevery Ġtop Ġclub Ġin Ġworld Ġfootball Ġas Ġthey Ġeye Ġcaptain ĠSteven ĠGerrard , Ġand Ġyou Ġcan Ġsee ĠPar ry Ġis Ġa Ġman Ġwith Ġa Ġlot Ġon Ġhis Ġplate .",O O O O O O O O O O O O O O O O O O O B-ATHLETE I-ATHLETE O O O O O O O O O O O O O O O O O,O O O O O O O O O O O O O O O O O O O B-ATHLETE I-ATHLETE O O O O O B-PUBLIC-FIGURE I-PUBLIC-FIGURE O O O O O O O O O O
861,ĠBut Ġin Ġthe Ġcomfort Ġof Ġa Ġconference Ġroom Ġdeep Ġinside ĠLiverpool 's Ġheartbeat Ġ- ĠThe ĠKop Ġend Ġ- ĠPar ry Ġspoke Ġto Ġus Ġwith Ġbrutal Ġhonesty Ġabout Ġthe Ġcrucial Ġmonths Ġahead .,O O O O O O O O O O O O O O O O O O O O O O O O O O O O O O O O,O O O O O O O O O O O O O O O O O O B-PUBLIC-FIGURE I-PUBLIC-FIGURE O O O O O O O O O O O O
862,"ĠHe Ġonly Ġdodged Ġone Ġquestion Ġ- Ġwhen Ġasked Ġto Ġreveal Ġthe Ġname Ġof Ġthe Ġmystery Ġinvestor Ġcurrently Ġcour ting ĠLiverpool , Ġa Ġpolite Ġsmile Ġdef lected Ġthe Ġinquiry .",O O O O O O O O O O O O O O O O O O O O O O O O O O O O O,O O O O O O O O O O O O O O O O O O O O O O O O O O O O O
863,"ĠBut Ġto Ġhis Ġcredit , Ġhe Ġmet Ġeverything Ġelse Ġhead Ġon Ġin Ġmeasured Ġtones Ġthat Ġunderscore Ġthe Ġbelief Ġthat ĠLiverpool Ġstill Ġmean Ġbusiness .",O O O O O O O O O O O O O O O O O O O O O O O O,O O O O O O O O O O O O O O O O O O O O O O O O
864,"Ġ Ċ Ċ By Ġbusiness Ġhe Ġmeans Ġbecoming Ġtitle Ġchallengers Ġagain , Ġand Ġlocking Ġthe Ġpieces Ġtogether Ġthat Ġwill Ġhelp Ġreturn Ġthe Ġtrophy Ġto ĠLiverpool Ġis ĠPar ry 's Ġmission .",O O O O O O O O O O O O O O O O O O O O O O O O O O O O O O O,O O O O O O O O O O O O O O O O O O O O O O O O O O B-PUBLIC-FIGURE I-PUBLIC-FIGURE O O O
865,ĠPar ry Ġhas Ġalready Ġsuccessfully Ġput Ġone Ġof Ġthose Ġplan ks Ġin Ġplace Ġin Ġthe Ġform Ġof Ġnew Ġmanager ĠRafael ĠBen ite z .,O O O O O O O O O O O O O O O O O O O B-ATHLETE I-ATHLETE I-ATHLETE I-ATHLETE O,B-PUBLIC-FIGURE I-PUBLIC-FIGURE O O O O O O O O O O O O O O O O O B-BUSINESS-EXECUTIVE-MANAGER I-BUSINESS-EXECUTIVE-MANAGER I-BUSINESS-EXECUTIVE-MANAGER I-BUSINESS-EXECUTIVE-MANAGER O
866,ĠAnd Ġhis Ġenthusiasm Ġfor Ġthe ĠSpani ard 's Ġpersonality Ġand Ġmethods Ġis Ġan Ġindication Ġof Ġhis Ġclear Ġfeeling Ġthat Ġhe Ġhas Ġstruck Ġgold .,O O O O O O O O O O O O O O O O O O O O O O O O,O O O O O O O O O O O O O O O O O O O O O O O O
867,ĠBen ite z 's Ġearly Ġwork Ġhas Ġgiven ĠPar ry Ġrenewed Ġoptimism Ġabout Ġthe Ġyears Ġahead .,O O O O O O O O O O O O O O O O O,B-BUSINESS-EXECUTIVE-MANAGER I-BUSINESS-EXECUTIVE-MANAGER I-BUSINESS-EXECUTIVE-MANAGER O O O O O B-PUBLIC-FIGURE I-PUBLIC-FIGURE O O O O O O O
868,ĠBut Ġit Ġremains Ġa Ġmassive Ġtask Ġat Ġa Ġclub Ġwith Ġa Ġunique Ġhistory Ġand Ġexpectations .,O O O O O O O O O O O O O O O O,O O O O O O O O O O O O O O O O
869,"ĠThis Ġwill Ġnot Ġcome Ġas Ġnews Ġto ĠPar ry , Ġa Ġlifelong ĠLiverpool Ġsupporter , Ġbut Ġhis Ġquiet Ġdetermination Ġsuggests Ġhe Ġis Ġno Ġmood Ġto Ġbe Ġfound Ġwanting ... Ċ Ċ Captain ĠGerrard Ġis Ġcentral Ġto ĠLiverpool 's Ġplans Ġand ĠPar ry 's Ġinsistence Ġthat Ġall Ġoffers Ġwill Ġbe Ġrefused Ġis Ġa Ġfirm Ġstatement Ġof Ġintent .",O O O O O O O O O O O O O O O O O O O O O O O O O O O O O O O O O O O O O O O O O O O O O O O O O O O O O O O O O,O O O O O O O B-PUBLIC-FIGURE I-PUBLIC-FIGURE O O O O O O O O O O O O O O O O O O O O O O O B-ATHLETE O O O O O O O B-PUBLIC-FIGURE I-PUBLIC-FIGURE O O O O O O O O O O O O O O O
870,"ĠAs Ġever , Ġthe Ġplayer Ġwill Ġhave Ġthe Ġfinal Ġsay , Ġand ĠPar ry Ġacknowledges Ġthat , Ġbut Ġhe Ġis Ġdetermined Ġto Ġprovide Ġthe Ġframework Ġand Ġenvironment Ġfor ĠLiverpool Ġand ĠGerrard Ġto Ġflourish .",O O O O O O O O O O O O O O O O O O O O O O O O O O O O O O O O O O,O O O O O O O O O O O O B-PUBLIC-FIGURE I-PUBLIC-FIGURE O O O O O O O O O O O O O O O O B-ATHLETE O O O
871,"Ġ Ċ Ċ In Ġterms Ġof Ġthe Ġsearch Ġfor Ġnew Ġinvestment , ĠHawk point Ġwere Ġappointed Ġas Ġadvisors Ġto Ġflush Ġout Ġinterest Ġin ĠMarch Ġ2004 .",O O O O O O O O O O O O O O O O O O O O O O O O O O,O O O O O O O O O O O O B-PUBLIC-FIGURE I-PUBLIC-FIGURE O O O O O O O O O O O O
872,"ĠThailand ĠPrime ĠMinister ĠTh aks in ĠSh ini w atra Ġcame Ġand Ġwent , Ġwhile Ġthe Ġmost Ġserious Ġstatement Ġof Ġintent Ġcame Ġfrom Ġty coon Ġand Ġlifelong Ġfan ĠSteve ĠMorgan .",O O O B-POLITICIAN I-POLITICIAN I-POLITICIAN I-POLITICIAN I-POLITICIAN I-POLITICIAN I-POLITICIAN O O O O O O O O O O O O O O O O O O B-BUSINESS-EXECUTIVE-MANAGER I-BUSINESS-EXECUTIVE-MANAGER O,O O O B-POLITICIAN I-POLITICIAN I-POLITICIAN I-POLITICIAN I-POLITICIAN I-POLITICIAN I-POLITICIAN O O O O O O O O O O O O O O O O O O B-ATHLETE I-ATHLETE O
873,"ĠMorgan Ġhad Ġa Ġsuccession Ġof Ġbids Ġrejected , Ġhaving Ġcome Ġclose Ġin Ġthe Ġsummer Ġonly Ġfor Ġtalks Ġto Ġbreak Ġdown Ġover Ġpotential Ġcosts Ġfor Ġthe Ġnew Ġstadium .",O O O O O O O O O O O O O O O O O O O O O O O O O O O O,B-BUSINESS-EXECUTIVE-MANAGER O O O O O O O O O O O O O O O O O O O O O O O O O O O
874,"ĠBBC ĠSport Ġunderstands ĠMorgan Ġis Ġstill Ġready Ġand Ġwilling Ġto Ġinvest Ġin ĠLiverpool , Ġand ĠPar ry Ġhas Ġkept Ġthe Ġdoor Ġa jar Ġdespite Ġcurrently Ġseeking Ġinvestment Ġelsewhere .",O O O O O O O O O O O O O O O O O O O O O O O O O O O O O,O O O B-BUSINESS-EXECUTIVE-MANAGER O O O O O O O O O O O B-PUBLIC-FIGURE I-PUBLIC-FIGURE O O O O O O O O O O O O
875,"Ġ Ċ Ċ Morgan , Ġhowever , Ġhas Ġhad Ġno Ġformal Ġcontact Ġwith ĠLiverpool Ġor Ġtheir Ġadvisors Ġsince Ġlast ĠDecember , Ġblaming Ġindec ision Ġat Ġboard Ġlevel Ġas Ġhe Ġpublicly Ġwithdrew Ġhis ĠÂ£ 70 m Ġoffer .",O O O O O O O O O O O O O O O O O O O O O O O O O O O O O O O O O O O O O,O O O B-ATHLETE O O O O O O O O O O O O O O O O O O O O O O O O O O O O O O O O O
876,"ĠHe Ġwas Ġalso Ġconvinced Ġhis Ġinterest Ġwas Ġbeing Ġused Ġto Ġlure Ġin Ġothers , Ġso Ġany Ġnew Ġapproach Ġwould Ġnow Ġhave Ġto Ġcome Ġfrom ĠLiverpool .",O O O O O O O O O O O O O O O O O O O O O O O O O O,O O O O O O O O O O O O O O O O O O O O O O O O O O
877,ĠMorgan Ġwill Ġcertainly Ġnot Ġbe Ġmaking Ġanother Ġcall .,O O O O O O O O O,B-BUSINESS-EXECUTIVE-MANAGER O O O O O O O O
878,"ĠSo Ġspeculation Ġcontinues Ġabout Ġthe Ġnew Ġbenef actor , Ġwith Ġtrails Ġleading Ġto Ġthe ĠMiddle ĠEast Ġand ĠAmerica , Ġbut Ġall Ġmet Ġwith Ġan Ġunderstandable Ġveil Ġof Ġsecrecy Ġfrom ĠAnfield .",O O O O O O O O O O O O O O O O O O O O O O O O O O O O O O O,O O O O O O O O O O O O O O O O O O O O O O O O O O O O O O O
879,"Ġ Ċ Ċ P arry Ġmeanwhile Ġsees Ġthe Ġnew Ġground Ġas Ġcrucial Ġto ĠLiverpool 's Ġfuture , Ġbut Ġis Ġrefusing Ġto Ġbecome Ġemotionally Ġattached Ġto Ġthe Ġidea .",O O O O O O O O O O O O O O O O O O O O O O O O O O O O,O O O B-PUBLIC-FIGURE I-PUBLIC-FIGURE O O O O O O O O O O O O O O O O O O O O O O O
880,ĠHe Ġis Ġdetermined Ġthe Ġground Ġwill Ġonly Ġbe Ġbuilt Ġon Ġan Ġaffordable Ġbasis Ġand Ġwill Ġnot Ġmake Ġfuture ĠLiverpool Ġmanagement Ġhostages Ġto Ġthe Ġnew Ġstadium .,O O O O O O O O O O O O O O O O O O O O O O O O O O,O O O O O O O O O O O O O O O O O O O O O O O O O O
881,"ĠPar ry Ġwill Ġpull Ġback Ġthe Ġmoment Ġthe Ġfigures Ġdo Ġnot Ġstack Ġup , Ġbut Ġthere Ġhas Ġbeen Ġa Ġvital Ġnew Ġdevelopment Ġin ĠNorth ĠLondon Ġthat Ġhas Ġre - shaped ĠLiverpool 's Ġthinking .",O O O O O O O O O O O O O O O O O O O O O O O O O O O O O O O O O O,B-PUBLIC-FIGURE I-PUBLIC-FIGURE O O O O O O O O O O O O O O O O O O O O O O O O O O O O O O O O
882,Ġ Ċ Ċ Liverpool Ġhave Ġpublicly Ġrefused Ġto Ġentertain Ġthe Ġidea Ġof Ġstadium Ġsponsorship Ġand Ġpotential Ġnaming Ġrights Ġ- Ġbut Ġthe Ġrealism Ġof ĠArsenal 's Ġstunning ĠÂ£ 100 m Ġdeal Ġfor Ġtheir Ġnew ĠEmirates ĠStadium Ġat ĠAsh bur ton Ġhas Ġchanged Ġthe Ġlandscape .,O O O O O O O O O O O O O O O O O O O O O O O O O O O O O O O O O O O O O O O O O O O O,O O O O O O O O O O O O O O O O O O O O O O O O O O O O O O O O O O O O O O O O O O O O
883,"ĠPar ry Ġlabelled Ġthe Ġdeal Ġ"" an Ġeye - op ener "" Ġand Ġadmits ĠLiverpool Ġwould Ġbe Ġmissing Ġa Ġtrick Ġnot Ġto Ġexplore Ġthe Ġpossibilities .",O O O O O O O O O O O O O O O O O O O O O O O O O O,B-PUBLIC-FIGURE I-PUBLIC-FIGURE O O O O O O O O O O O O O O O O O O O O O O O O
884,"ĠHe Ġknows Ġsome Ġtraditional ist ĠLiverpool Ġfans Ġwill Ġreel Ġat Ġany Ġattempt Ġto Ġcall Ġthe Ġnew Ġstadium Ġanything Ġother Ġthan Ġjust Ġ' An field ', Ġbut Ġthe Ġmaths Ġof Ġmodern - day Ġfootball Ġdecree Ġthat Ġmulti - mill ions Ġfor Ġstadium Ġand Ġteam Ġcould Ġease Ġthe Ġpain .",O O O O O O O O O O O O O O O O O O O O O O O O O O O O O O O O O O O O O O O O O O O O O O O O,O O O O O O O O O O O O O O O O O O O O O O O O O O O O O O O O O O O O O O O O O O O O O O O O
885,"Ġ Ċ Ċ I Ġwould Ġtake ĠÂ£ 50 m Ġif Ġwe Ġhad Ġno Ġinvestment , Ġbut Ġif Ġwe Ġdid , Ġkeep Ġhim .",O O O O O O O O O O O O O O O O O O O O O O O,O O O O O O O O O O O O O O O O O O O O O O O
886,"ĠAs Ġfor Ġthe Ġstadium , Ġif Ġit Ġgets Ġus Ġcash Ġwhat Ġdifference Ġdoes Ġit Ġmake Ġreally ?",O O O O O O O O O O O O O O O O O,O O O O O O O O O O O O O O O O O
887,Ġ Ċ Ċ Â£ 50 m Ġfor ĠGerrard ?,O O O O O O O O O,O O O O O O O B-ATHLETE O
888,"ĠI Ġdon 't Ġcare Ġwho Ġyou Ġare , Ġthe ĠDirectors Ġwould Ġtake Ġthe Ġmoney Ġand Ġit Ġis Ġthe Ġway Ġit Ġshould Ġbe .",O O O O O O O O O O O O O O O O O O O O O O O,O O O O O O O O O O O O O O O O O O O O O O O
889,"ĠWe Ġcannot Ġlet Ġthat Ġsum Ġof Ġmoney Ġgo , Ġdespite ĠGerrard 's Ġquality .",O O O O O O O O O O O O O O,O O O O O O O O O O B-ATHLETE O O O
890,"Ġ Ċ Ċ Through Ġa Ġclever ly Ġword ed Ġstatement , Ġthe Ġclub Ġhas Ġeffectively Ġforced ĠGerrard Ġto Ġpublicly Ġmake Ġthe Ġdecision Ġfor Ġhimself , Ġwhich ĠI Ġthink Ġis Ġthe Ġright Ġthing Ġto Ġdo .",O O O O O O O O O O O O O O O O O O O O O O O O O O O O O O O O O O O,O O O O O O O O O O O O O O O O B-ATHLETE O O O O O O O O O O O O O O O O O O
891,Ġ Ċ Ċ Critical Ġtime Ġfor ĠLiverpool Ġwith Ġregards Ġto ĠGerrard .,O O O O O O O O O O O O,O O O O O O O O O O B-ATHLETE O
892,ĠIdeally Ġwe Ġwould Ġwant Ġto Ġsecure Ġhis Ġfuture Ġto Ġthe Ġclub Ġfor Ġthe Ġlong Ġterm .,O O O O O O O O O O O O O O O O,O O O O O O O O O O O O O O O O
893,ĠI Ġam Ġhoping Ġhe Ġdoesn 't Ġwalk Ġout Ġof Ġthe Ġclub Ġlike ĠMichael ĠOwen Ġdid Ġfor Ġvery Ġlittle Ġcash .,O O O O O O O O O O O O B-ATHLETE I-ATHLETE O O O O O O,O O O O O O O O O O O O B-ATHLETE I-ATHLETE O O O O O O
894,"Ġ Ċ Ċ Â£ 50 m Ġrealistically Ġwould Ġallow ĠRaf a Ġto Ġcompletely Ġrebuild Ġthe Ġsquad , Ġhowever , Ġif Ġwe Ġcan Ġafford Ġto Ġdo Ġthis ĠAND Ġkeep ĠGerrard Ġwe Ġwill Ġbe Ġbetter Ġfor Ġit .",O O O O O O O O O O O O O O O O O O O O O O O O O O O O O O O O O O O O,O O O O O O O O O B-PUBLIC-FIGURE I-PUBLIC-FIGURE O O O O O O O O O O O O O O O O O B-ATHLETE O O O O O O O
895,ĠI Ġwould Ġhowever Ġbe Ġhappy Ġwith ĠGerrard 's Ġtransfer Ġfor Ġany Ġfee Ġover ĠÂ£ 35 m . Ċ Ċ P arry 's Ġstatements Ġare Ġclever Ġin Ġthat Ġany Ġfuture ĠGerrard Ġtransfer Ġcannot Ġbe Ġconstrued Ġas Ġa Ġlack Ġof Ġambition Ġby Ġthe Ġclub Ġto Ġnot Ġtry Ġand Ġkeep Ġtheir Ġbest Ġplayers .,O O O O O O O O O O O O O O O O O O O O O O O O O O O O O O O O O O O O O O O O O O O O O O O O O O O,O O O O O O B-ATHLETE O O O O O O O O O O O O B-PUBLIC-FIGURE I-PUBLIC-FIGURE O O O O O O O O B-ATHLETE O O O O O O O O O O O O O O O O O O O O O
896,ĠU pping Ġthe Ġante Ġis Ġanother Ġsmart Ġmove Ġby ĠPar ry .,O O O O O O O O O O O O,O O O O O O O O O B-PUBLIC-FIGURE I-PUBLIC-FIGURE O
897,Ġ Ċ Ċ I Ġwould Ġkeep ĠGerrard .,O O O O O O O O,O O O O O O B-ATHLETE O
898,ĠNo Ġamount Ġof Ġmoney Ġcould Ġreplace Ġhis Ġobvious Ġlove Ġof Ġthe Ġclub Ġand Ġdetermination Ġto Ġsucceed .,O O O O O O O O O O O O O O O O O,O O O O O O O O O O O O O O O O O
899,Ġ Ċ Ċ The Ġkey Ġis Ġif ĠGerrard Ġcomes Ġout Ġand Ġsays Ġthat Ġhe Ġis Ġhappy .,O O O O O O O O O O O O O O O O O,O O O O O O O B-ATHLETE O O O O O O O O O
900,"ĠClearly , Ġif Ġhe Ġisn 't , Ġthen Ġwe Ġwould Ġbe Ġfoolish Ġnot Ġto Ġsell .",O O O O O O O O O O O O O O O O,O O O O O O O O O O O O O O O O
901,ĠThe Ġworrying Ġthing Ġis Ġwho Ġwould Ġyou Ġbuy Ġ( or Ġwho Ġwould Ġcome ) Ġpending Ġpossible Ġnon - Ch ampions ĠLeague Ġfootball .,O O O O O O O O O O O O O O O O O O O O O O O,O O O O O O O O O O O O O O O O O O O O O O O
902,"ĠNews ĠCorp Ġeyes Ġvideo Ġgames Ġmarket Ċ Ċ News ĠCorp , Ġthe Ġmedia Ġcompany Ġcontrolled Ġby ĠAustralian Ġbillionaire ĠRupert ĠMurdoch , Ġis Ġeyeing Ġa Ġmove Ġinto Ġthe Ġvideo Ġgames Ġmarket .",O O O O O O O O O O O O O O O O O O B-BUSINESS-EXECUTIVE-MANAGER I-BUSINESS-EXECUTIVE-MANAGER O O O O O O O O O O O,O O O O O O O O O O O O O O O O O O B-BUSINESS-EXECUTIVE-MANAGER I-BUSINESS-EXECUTIVE-MANAGER O O O O O O O O O O O
903,"Ġ Ċ Ċ According Ġto Ġthe ĠFinancial ĠTimes , Ġchief Ġoperating Ġofficer ĠPeter ĠChern in Ġsaid Ġthat ĠNews ĠCorp Ġis Ġ"" k icking Ġthe Ġtires Ġof Ġpretty Ġmuch Ġall Ġvideo Ġgames Ġcompanies "".",O O O O O O O O O O O O B-BUSINESS-EXECUTIVE-MANAGER I-BUSINESS-EXECUTIVE-MANAGER I-BUSINESS-EXECUTIVE-MANAGER O O O O O O O O O O O O O O O O O O,O O O O O O O O O O O O B-BUSINESS-EXECUTIVE-MANAGER I-BUSINESS-EXECUTIVE-MANAGER I-BUSINESS-EXECUTIVE-MANAGER O O O O O O O O O O O O O O O O O O
904,ĠSanta ĠMonica - based ĠActiv ison Ġis Ġsaid Ġto Ġbe Ġone Ġfirm Ġon Ġits Ġtakeover Ġlist .,O O O O O O O O O O O O O O O O O,O O O O O O O O O O O O O O O O O
905,"ĠVideo Ġgames Ġare Ġ"" big Ġbusiness "", Ġthe Ġpaper Ġquoted ĠMr ĠChern in Ġas Ġsaying .",O O O O O O O O O O O O O O O O,O O O O O O O O O O O B-BUSINESS-EXECUTIVE-MANAGER I-BUSINESS-EXECUTIVE-MANAGER O O O
906,"ĠWe Ġ"" would Ġlike Ġto Ġget Ġinto Ġit "".",O O O O O O O O O,O O O O O O O O O
907,"Ġ Ċ Ċ The Ġsuccess Ġof Ġproducts Ġsuch Ġas ĠSony 's ĠPlaystation , ĠMicrosoft 's ĠX - Box Ġand ĠNintendo 's ĠGame ĠCube Ġhave Ġboosted Ġdemand Ġfor Ġvideo Ġgames .",O O O O O O O O O O O O O O O O O O O O O O O O O O O O O O,O O O O O O O O O O O O O O O O O O O O O O O O O O O O O O
908,"Ġ Ċ Ċ The Ġdays Ġof Ġarcade Ġclassics Ġsuch Ġas ĠSpace ĠInvaders , ĠPac - Man Ġand ĠDonkey ĠKong Ġare Ġlong Ġgone .",O O O O O O O O O O O O O O O O O O O O O O O,O O O O O O O O O O O O O B-MUSICIAN I-MUSICIAN I-MUSICIAN O B-MUSICIAN I-MUSICIAN O O O O
909,"ĠToday , Ġgames Ġoften Ġhave Ġbudgets Ġbig Ġenough Ġfor Ġfeature Ġfilms Ġand Ġlook Ġto Ġgive Ġgamers Ġas Ġreal Ġan Ġexperience Ġas Ġpossible .",O O O O O O O O O O O O O O O O O O O O O O O,O O O O O O O O O O O O O O O O O O O O O O O
910,"ĠAnd Ġwith Ġtheir Ġprice Ġtags Ġreflecting Ġthe Ġheavy Ġinvestment Ġby Ġdevelopment Ġcompanies , Ġvideo Ġgames Ġare Ġproving Ġalmost Ġas Ġprofitable Ġas Ġthey Ġare Ġfun .",O O O O O O O O O O O O O O O O O O O O O O O O O,O O O O O O O O O O O O O O O O O O O O O O O O O
911,"ĠMr ĠChern in , Ġhowever , Ġtold Ġthe ĠFT Ġthat ĠNews ĠCorp Ġwas Ġfinding Ġit Ġdifficult Ġto Ġidentify Ġa Ġsuitable Ġtarget . Ġ""",O O O O O O O O O O O O O O O O O O O O O O O,O B-BUSINESS-EXECUTIVE-MANAGER I-BUSINESS-EXECUTIVE-MANAGER O O O O O O O O O O O O O O O O O O O O
912,"ĠWe Ġare Ġstruggling Ġwith Ġthe Ġgap Ġbetween Ġcompanies Ġlike ĠElectronic ĠArts , Ġwhich Ġcomes Ġwith Ġa Ġhigh Ġprice Ġtag , Ġand Ġthe Ġnext Ġtier Ġof Ġcompanies ,"" Ġhe Ġexplained Ġduring Ġa Ġconference Ġin ĠPhoenix , ĠArizona . Ġ""",O O O O O O O O O O O O O O O O O O O O O O O O O O O O O O O O O O O O O O,O O O O O O O O O O O O O O O O O O O O O O O O O O O O O O O O O O O O O O
913,"ĠThese Ġmay Ġbe Ġtoo Ġfocused Ġon Ġone Ġor Ġtwo Ġproduct Ġlines .""",O O O O O O O O O O O O,O O O O O O O O O O O O
914,"ĠBl unk ett Ġsorry Ġover Ġmurder Ġplan Ċ Ċ David ĠBl unk ett Ġhas Ġapologised Ġto ĠMPs Ġafter Ġthe ĠHome ĠOffice Ġannounced Ġ"" prem ature ly "" Ġvia Ġpress Ġrelease Ġa Ġreview Ġof Ġmurder Ġlaws .",O O O O O O O O O B-POLITICIAN I-POLITICIAN I-POLITICIAN I-POLITICIAN O O O O O O O O O O O O O O O O O O O O O O O,B-POLITICIAN I-POLITICIAN I-POLITICIAN O O O O O O B-POLITICIAN I-POLITICIAN I-POLITICIAN I-POLITICIAN O O O O O O O O O O O O O O O O O O O O O O O
915,"Ġ Ċ Ċ The Ġhome Ġsecretary Ġconfirmed Ġthe Ġreview Ġwas Ġto Ġget Ġunder Ġway Ġin Ġthe Ġwake Ġof Ġa ĠLaw ĠCommission Ġreport Ġwhich Ġbranded Ġthe Ġcurrent Ġmurder Ġlaw Ġas Ġ"" a Ġmess "".",O O O O O O O O O O O O O O O O O O O O O O O O O O O O O O O O O,O O O O O O O O O O O O O O O O O O O O O O O O O O O O O O O O O
916,"ĠHe Ġsaid Ġthe Ġreview Ġwould Ġlook Ġat Ġpartial Ġdefences Ġto Ġmurder , Ġincluding Ġprovocation Ġand Ġat Ġmandatory Ġsentences .",O O O O O O O O O O O O O O O O O O O,O O O O O O O O O O O O O O O O O O O
917,ĠThe ĠHome ĠOffice Ġhas Ġalready Ġsaid Ġthe Ġreview Ġwill Ġbegin Ġnext Ġyear .,O O O O O O O O O O O O O,O O O O O O O O O O O O O
918,"Ġ Ċ Ċ On ĠWednesday , Ġa ĠHome ĠOffice Ġspokeswoman Ġsaid Ġthe Ġterms Ġof Ġreference Ġfor Ġthe Ġreview Ġhad Ġnot Ġbeen Ġestablished Ġbut Ġit Ġwas Ġlikely Ġto Ġinclude Ġonly ĠEngland Ġand ĠWales .",O O O O O O O O O O O O O O O O O O O O O O O O O O O O O O O O O,O O O O O O O O O O O O O O O O O O O O O O O O O O O O O O O O O
919,ĠNews Ġof Ġthe Ġreview Ġwas Ġreleased Ġbecause Ġit Ġwas Ġthought ĠMr ĠBl unk ett Ġwould Ġmake Ġthe Ġofficial Ġannouncement Ġin Ġa ĠCommons Ġdebate Ġon ĠWednesday .,O O O O O O O O O O O O O O O O O O O O O O O O O O,O O O O O O O O O O O B-POLITICIAN I-POLITICIAN I-POLITICIAN O O O O O O O O O O O O
920,"ĠBut Ġthe Ġannouncement Ġnever Ġcame , Ġwith Ġthe Ġhome Ġsecretary Ġsaying Ġthe Ġdebate Ġhad Ġnever Ġreached Ġthat Ġstage .",O O O O O O O O O O O O O O O O O O O,O O O O O O O O O O O O O O O O O O O
921,"ĠAmid Ġopposition Ġanger , ĠMr ĠBl unk ett Ġhad Ġto Ġanswer Ġan Ġemergency Ġquestion Ġin ĠParliament Ġon ĠThursday .",O O O O O O O O O O O O O O O O O O O,O O O O O B-POLITICIAN I-POLITICIAN I-POLITICIAN O O O O O O O O O O O
922,ĠHe Ġsaid Ġhe Ġhad Ġtaken Ġsteps Ġto Ġensure Ġthe Ġincident Ġwas Ġnot Ġrepeated .,O O O O O O O O O O O O O O,O O O O O O O O O O O O O O
923,"ĠShadow Ġhome Ġsecretary ĠDavid ĠDavis Ġwelcomed Ġhis Ġ"" gr acious Ġapology "" Ġand Ġthe Ġreview Ġitself .",O O O B-POLITICIAN I-POLITICIAN O O O O O O O O O O O O,O O O B-POLITICIAN I-POLITICIAN O O O O O O O O O O O O
924,"ĠBut Ġhe Ġargued Ġthe Ġminister Ġshould Ġhave Ġvolunteered Ġa Ġformal Ġstatement Ġinstead Ġof Ġhaving Ġto Ġbe Ġ"" dr agged "" Ġto Ġface ĠMPs .",O O O O O O O O O O O O O O O O O O O O O O O O,O O O O O O O O O O O O O O O O O O O O O O O O
925,"Ġ Ċ Ċ In Ġits Ġreport , Ġthe ĠLaw ĠCommission Ġsaid Ġit Ġhad Ġfound Ġwide Ġsupport Ġamong Ġcriminal Ġjustice Ġprofessionals Ġfor Ġan Ġend Ġto Ġthe Ġmandatory Ġlife Ġsentence Ġfor Ġmurder .",O O O O O O O O O O O O O O O O O O O O O O O O O O O O O O O,O O O O O O O O O O O O O O O O O O O O O O O O O O O O O O O
926,"ĠThe Ġpanel Ġsuggested Ġdifferent Ġkinds Ġof Ġmurders Ġcould Ġbe Ġ"" graded "" Ġto Ġrecognise Ġthe Ġseriousness Ġof Ġthe Ġoffence .",O O O O O O O O O O O O O O O O O O O O,O O O O O O O O O O O O O O O O O O O O
927,Ġ Ċ Ċ But Ġthe ĠHome ĠOffice Ġsaid Ġmandatory Ġlife Ġsentences Ġwould Ġnot Ġbe Ġabolished Ġand Ġargued Ġcourts Ġalready Ġhad Ġflexibility .,O O O O O O O O O O O O O O O O O O O O O O,O O O O O O O O O O O O O O O O O O O O O O
928,"ĠThe Ġcommission , Ġan Ġindependent Ġbody Ġincluding Ġtwo Ġjudges , Ġa Ġsenior Ġbarr ister Ġand Ġsentencing Ġexperts , Ġhad Ġbeen Ġasked Ġto Ġconsider Ġreforms Ġto Ġthe Ġdefence Ġof Ġprovocation Ġin Ġmurder Ġcases .",O O O O O O O O O O O O O O O O O O O O O O O O O O O O O O O O O,O O O O O O O O O O O O O O O O O O O O O O O O O O O O O O O O O
929,ĠBut Ġit Ġsaid Ġits Ġproposals Ġwere Ġunlikely Ġto Ġwork Ġwithout Ġa Ġfar Ġwider Ġreview Ġof Ġthe Ġlaw .,O O O O O O O O O O O O O O O O O O,O O O O O O O O O O O O O O O O O O
930,"ĠResults Ġof Ġa Ġconsultation Ġexercise Ġshowed Ġ64 Ġrespondents Ġout Ġof Ġ146 Ġ- Ġamong Ġthem Ġ21 Ġjudges Ġ- Ġbelieved Ġa Ġmandatory Ġlife Ġsentence Ġfor Ġevery Ġmurder Ġwas Ġ"" ind ef ensible Ġand Ġshould Ġcease "".",O O O O O O O O O O O O O O O O O O O O O O O O O O O O O O O O O O,O O O O O O O O O O O O O O O O O O O O O O O O O O O O O O O O O O
931,Ġ Ċ Ċ A Ġkey Ġquestion Ġwas Ġwhether Ġone Ġcategory Ġshould Ġcontinue Ġto Ġcover Ġall Ġtypes Ġof Ġmurder Ġfrom Ġmercy Ġkillings Ġto Ġserial Ġor Ġcontract Ġkillings .,O O O O O O O O O O O O O O O O O O O O O O O O O O O,O O O O O O O O O O O O O O O O O O O O O O O O O O O
932,ĠThe Ġcommission Ġfound Ġsupport Ġfor Ġthe Ġidea Ġof Ġgrading Ġmurders Ġso Ġthat Ġthe Ġsentence Ġreflected Ġthe Ġseriousness Ġof Ġthe Ġoffence .,O O O O O O O O O O O O O O O O O O O O O,O O O O O O O O O O O O O O O O O O O O O
933,"ĠBut Ġspeaking Ġafter Ġthe Ġreport Ġwas Ġpublished , ĠHome ĠOffice Ġminister ĠBaron ess ĠScotland Ġsaid : Ġ"" Mur der Ġis Ġthe Ġmost Ġserious Ġof Ġcrimes Ġand Ġwe Ġhave Ġno Ġintention Ġof Ġabol ishing Ġthe Ġmandatory Ġlife Ġsentence . Ġ""",O O O O O O O O O O O B-POLITICIAN I-POLITICIAN I-POLITICIAN O O O O O O O O O O O O O O O O O O O O O O O O O,O O O O O O O O O O O B-POLITICIAN I-POLITICIAN I-POLITICIAN O O O O O O O O O O O O O O O O O O O O O O O O O
934,"ĠWhere Ġan Ġoffender Ġis Ġconvicted Ġof Ġmurder , Ġthe Ġcourt Ġmust Ġpass Ġa Ġlife Ġsentence .""",O O O O O O O O O O O O O O O O,O O O O O O O O O O O O O O O O
935,"ĠThe Ġcommission Ġalso Ġrecommended Ġtightening Ġthe Ġlaw Ġso Ġthat Ġthe Ġprovocation Ġdefence Ġcannot Ġbe Ġused Ġin Ġcases Ġwhere Ġsomeone Ġhas Ġkilled Ġfor Ġrevenge , Ġsuch Ġas Ġa Ġjealous Ġhusband Ġwho Ġmurders Ġan Ġunf aith ful Ġwife .",O O O O O O O O O O O O O O O O O O O O O O O O O O O O O O O O O O O O O,O O O O O O O O O O O O O O O O O O O O O O O O O O O O O O O O O O O O O
936,"Ġ' N uclear Ġdumps ite ' Ġplan Ġattacked Ċ Ċ Pl ans Ġto Ġallow Ġforeign Ġnuclear Ġwaste Ġto Ġbe Ġpermanently Ġstored Ġin Ġthe ĠUK Ġhave Ġbeen Ġbranded Ġ"" deep ly Ġirresponsible "" Ġby Ġthe ĠLiberal ĠDemocrats .",O O O O O O O O O O O O O O O O O O O O O O O O O O O O O O O O O O O O O,O O O O O O O O O O O O O O O O O O O O O O O O O O O O O O O O O O O O O
937,Ġ Ċ Ċ The Ġgovernment Ġhas Ġconfirmed Ġintermediate Ġlevel Ġwaste Ġ( IL W ) Ġthat Ġwas Ġto Ġhave Ġbeen Ġshipped Ġback Ġto Ġits Ġhome Ġcountries Ġwill Ġnow Ġbe Ġstored Ġin Ġthe ĠUK .,O O O O O O O O O O O O O O O O O O O O O O O O O O O O O O O O O,O O O O O O O O O O O O O O O O O O O O O O O O O O O O O O O O O
938,ĠThe Ġcash Ġraised Ġwill Ġgo Ġtowards Ġthe ĠUK 's Ġnuclear Ġclean - up Ġprogramme .,O O O O O O O O O O O O O O O,O O O O O O O O O O O O O O O
939,"ĠBut ĠLib ĠDem ĠNorman ĠBaker Ġaccused Ġministers Ġof Ġturning ĠBritain Ġinto Ġa Ġ"" nuclear Ġdumps ite "".",O O O B-POLITICIAN I-POLITICIAN O O O O O O O O O O O O,O O O B-POLITICIAN I-POLITICIAN O O O O O O O O O O O O
940,"Ġ Ċ Ċ Under Ġcurrent Ġcontracts , ĠBritish ĠNuclear ĠFu els Ġshould Ġreturn Ġall Ġbut Ġlow Ġlevel Ġwaste , Ġbut Ġnone Ġhas Ġever Ġbeen Ġsent Ġback .",O O O O O O O O O O O O O O O O O O O O O O O O O O O,O O O O O O O O O O O O O O O O O O O O O O O O O O O
941,"ĠIn Ġfuture , Ġonly Ġhighly - radio active Ġwaste Ġwill Ġbe Ġsent Ġback Ġto Ġits Ġcountry Ġof Ġorigin , Ġnormally ĠGermany Ġor ĠJapan , Ġunder Ġarmed Ġguard .",O O O O O O O O O O O O O O O O O O O O O O O O O O O O,O O O O O O O O O O O O O O O O O O O O O O O O O O O O
942,"ĠIntermediate Ġwaste Ġfrom Ġcountries Ġsuch Ġas ĠJapan , ĠGermany , ĠSpain , ĠItaly , ĠSwitzerland Ġand ĠSweden Ġwill Ġbe Ġstored Ġpermanently Ġin Ġthe ĠUK .",O O O O O O O O O O O O O O O O O O O O O O O O O,O O O O O O O O O O O O O O O O O O O O O O O O O
943,"ĠAt Ġthe Ġmoment , Ġthis Ġwaste Ġis Ġstored Ġat ĠSell af ield , Ġin ĠC umb ria , Ġin Ġthe Ġform Ġof Ġglass Ġbricks , Ġuntreated Ġliquid Ġwaste Ġor Ġsolid Ġmaterial Ġin Ġdrums .",O O O O O O O O O O O O O O O O O O O O O O O O O O O O O O O O O O,O O O O O O O O O O O O O O O O O O O O O O O O O O O O O O O O O O
944,"ĠIn Ġa Ġstatement , Ġthe ĠDepartment Ġof ĠTrade Ġand ĠIndustry Ġsaid Ġthe Ġnew Ġpolicy Ġmeant Ġthere Ġwould Ġbe Ġa Ġ"" six fold Ġreduction Ġin Ġthe Ġnumber Ġof Ġwaste Ġshipments Ġto Ġoverseas Ġcountries "".",O O O O O O O O O O O O O O O O O O O O O O O O O O O O O O O O O,O O O O O O O O O O O O O O O O O O O O O O O O O O O O O O O O O
945,"ĠAnd Ġit Ġsaid Ġhighly - radio active Ġwaste Ġwould Ġbe Ġreturned Ġto Ġits Ġhome Ġcountry Ġsooner , Ġensuring Ġthere Ġwould Ġbe Ġno Ġoverall Ġincrease Ġin Ġradio activity .",O O O O O O O O O O O O O O O O O O O O O O O O O O O O,O O O O O O O O O O O O O O O O O O O O O O O O O O O O
946,"Ġ Ċ Ċ Trade ĠSecretary ĠPatricia ĠHew itt Ġsaid Ġthe Ġnew Ġarrangements , Ġrevealed Ġin Ġa ĠCommons Ġwritten Ġstatement , Ġwould Ġraise Ġup Ġto ĠÂ£ 680 m Ġfor ĠBritain 's Ġnuclear Ġclean - up Ġprogramme , Ġunder Ġthe Ġnew ĠNuclear ĠDec omm ission ing ĠAgency .",O O O O O B-POLITICIAN I-POLITICIAN I-POLITICIAN O O O O O O O O O O O O O O O O O O O O O O O O O O O O O O O O O O O O O O,O O O O O B-POLITICIAN I-POLITICIAN I-POLITICIAN O O O O O O O O O O O O O O O O O O O O O O O O O O O O O O O O O O O O O O
947,ĠBut Ġthe Ġmove Ġhas Ġbeen Ġcriticised Ġby Ġenvironmental Ġgroups Ġand Ġthe ĠLiberal ĠDemocrats .,O O O O O O O O O O O O O O,O O O O O O O O O O O O O O
948,"ĠMr ĠBaker , Ġthe ĠLib ĠDem Ġenvironment Ġspokesman , Ġsaid : Ġ"" I Ġhave Ġbeen Ġwarning Ġfor Ġmonths Ġthat Ġthis Ġwould Ġhappen Ġand Ġraised Ġit Ġwith Ġgovernment Ġseveral Ġtimes .",O O O O O O O O O O O O O O O O O O O O O O O O O O O O O O,O B-POLITICIAN O O O O O O O O O O O O O O O O O O O O O O O O O O O O
949,"ĠBut Ġnow Ġour Ġworst Ġfears Ġhave Ġbeen Ġconfirmed . Ġ""",O O O O O O O O O O,O O O O O O O O O O
950,"ĠOnce Ġagain ĠBritain 's Ġenvironmental Ġand Ġhealth Ġneeds Ġare Ġbeing Ġignored Ġin Ġpolicies Ġdriven Ġby Ġthe ĠTreasury Ġand ĠDT I . Ġ""",O O O O O O O O O O O O O O O O O O O O O O,O O O O O O O O O O O O O O O O O O O O O O
951,"ĠThis Ġis Ġa Ġterrible Ġattempt Ġto Ġoff load Ġsome Ġof Ġthe ĠÂ£ 48 bn Ġcost Ġof Ġcleaning Ġup Ġnuclear Ġsites . Ġ""",O O O O O O O O O O O O O O O O O O O O O O,O O O O O O O O O O O O O O O O O O O O O O
952,"ĠThe ĠEnergy ĠAct Ġwas Ġsupposed Ġto Ġhelp ĠBritain Ġclean Ġup , Ġbut Ġin Ġorder Ġto Ġpay Ġfor Ġit Ġwe Ġare Ġbecoming Ġa Ġnuclear Ġdumps ite . Ġ""",O O O O O O O O O O O O O O O O O O O O O O O O O O O,O O O O O O O O O O O O O O O O O O O O O O O O O O O
953,"ĠThe Ġnuclear Ġindustry Ġis Ġan Ġeconomic , Ġsocial Ġand Ġenvironmental Ġmill stone Ġthat Ġhangs Ġaround ĠBritain 's Ġneck .""",O O O O O O O O O O O O O O O O O O O,O O O O O O O O O O O O O O O O O O O
954,"ĠBrazil Ġjob less Ġrate Ġhits Ġnew Ġlow Ċ Ċ Brazil 's Ġunemployment Ġrate Ġfell Ġto Ġits Ġlowest Ġlevel Ġin Ġthree Ġyears Ġin ĠDecember , Ġaccording Ġto Ġthe Ġgovernment .",O O O O O O O O O O O O O O O O O O O O O O O O O O O O O,O O O O O O O O O O O O O O O O O O O O O O O O O O O O O
955,Ġ Ċ Ċ The ĠBrazilian ĠInstitute Ġfor ĠGe ography Ġand ĠStatistics Ġ( IB GE ) Ġsaid Ġit Ġfell Ġto Ġ9 . 6 % Ġin ĠDecember Ġfrom Ġ10 . 6 % Ġin ĠNovember Ġand Ġ10 . 9 % Ġin ĠDecember Ġ2003 .,O O O O O O O O O O O O O O O O O O O O O O O O O O O O O O O O O O O O O O O O O,O O O O O O O O O O O O O O O O O O O O O O O O O O O O O O O O O O O O O O O O O
956,ĠIB GE Ġalso Ġsaid Ġthat Ġaverage Ġmonthly Ġsalaries Ġgrew Ġ1 . 9 % Ġin ĠDecember Ġ2004 Ġfrom ĠDecember Ġ2003 .,O O O O O O O O O O O O O O O O O O O O,O O O O O O O O O O O O O O O O O O O O
957,"ĠHowever , Ġaverage Ġmonthly Ġwages Ġfell Ġ1 . 8 % Ġin ĠDecember Ġto Ġ8 95 . 4 Ġre ais Ġ($ 332 ; ĠÂ£ 179 . 3 ) Ġfrom ĠNovember .",O O O O O O O O O O O O O O O O O O O O O O O O O O O O O O,O O O O O O O O O O O O O O O O O O O O O O O O O O O O O O
958,ĠTuesday 's Ġfigures Ġrepresent Ġthe Ġfirst Ġtime Ġthat Ġthe Ġunemployment Ġrate Ġhas Ġfallen Ġto Ġa Ġsingle Ġdigit Ġsince Ġnew Ġmeasurement Ġrules Ġwere Ġintroduced Ġin Ġ2001 .,O O O O O O O O O O O O O O O O O O O O O O O O O O,O O O O O O O O O O O O O O O O O O O O O O O O O O
959,ĠThe Ġunemployment Ġrate Ġhas Ġbeen Ġfalling Ġgradually Ġsince ĠApril Ġ2004 Ġwhen Ġit Ġreached Ġa Ġpeak Ġof Ġ13 . 1 %.,O O O O O O O O O O O O O O O O O O O O,O O O O O O O O O O O O O O O O O O O O
960,"ĠThe Ġjob less Ġrate Ġaverage Ġfor Ġthe Ġwhole Ġof Ġ2004 Ġwas Ġ11 . 5 %, Ġdown Ġfrom Ġ12 . 3 % Ġin Ġ2003 , Ġthe ĠIB GE Ġsaid .",O O O O O O O O O O O O O O O O O O O O O O O O O O O O O,O O O O O O O O O O O O O O O O O O O O O O O O O O O O O
961,"Ġ Ċ Ċ This Ġimprovement Ġcan Ġbe Ġattributed Ġto Ġthe Ġcountry 's Ġstrong Ġeconomic Ġgrowth , Ġwith Ġthe Ġeconomy Ġregistering Ġgrowth Ġof Ġ5 . 2 % Ġin Ġ2004 , Ġthe Ġgovernment Ġsaid .",O O O O O O O O O O O O O O O O O O O O O O O O O O O O O O O O O,O O O O O O O O O O O O O O O O O O O O O O O O O O O O O O O O O
962,ĠThe Ġeconomy Ġis Ġexpected Ġto Ġgrow Ġby Ġabout Ġ4 % Ġthis Ġyear .,O O O O O O O O O O O O O,O O O O O O O O O O O O O
963,ĠPresident ĠLu iz ĠIn acio ĠL ula Ġda ĠSilva Ġpromised Ġto Ġreduce Ġunemployment Ġwhen Ġhe Ġwas Ġelected Ġtwo Ġyears Ġago .,O B-POLITICIAN I-POLITICIAN I-POLITICIAN I-POLITICIAN I-POLITICIAN I-POLITICIAN I-POLITICIAN I-POLITICIAN O O O O O O O O O O O O,O B-POLITICIAN I-POLITICIAN I-POLITICIAN I-POLITICIAN I-POLITICIAN I-POLITICIAN I-POLITICIAN I-POLITICIAN O O O O O O O O O O O O
964,"ĠNevertheless , Ġsome Ġanalysts Ġsay Ġthat Ġunemployment Ġcould Ġincrease Ġin Ġthe Ġnext Ġmonths . Ġ""",O O O O O O O O O O O O O O O,O O O O O O O O O O O O O O O
965,"ĠThe Ġdata Ġis Ġfavourable , Ġbut Ġa Ġlot Ġof Ġjobs Ġare Ġtemporary Ġfor Ġthe Ġ( Christmas ) Ġholiday Ġseason , Ġso Ġwe Ġmay Ġsee Ġslightly Ġhigher Ġjob lessness Ġin ĠJanuary Ġand ĠFebruary ,"" ĠJulio ĠHe ged us , Ġchief Ġeconomist Ġwith ĠL opes ĠFil ho Ġ& ĠAssociates Ġconsultancy Ġin ĠRio Ġde ĠJane ir , Ġtold ĠReuters Ġnews Ġagency .",O O O O O O O O O O O O O O O O O O O O O O O O O O O O O O O O O B-PUBLIC-FIGURE I-PUBLIC-FIGURE I-PUBLIC-FIGURE I-PUBLIC-FIGURE O O O O O O O O O O O O O O O O O O O O O O,O O O O O O O O O O O O O O O O O O O O O O O O O O O O O O O O O B-BUSINESS-EXECUTIVE-MANAGER I-BUSINESS-EXECUTIVE-MANAGER I-BUSINESS-EXECUTIVE-MANAGER I-BUSINESS-EXECUTIVE-MANAGER O O O O O O O O O O O O O O O O O O O O O O
966,"ĠDespite Ġhis Ġleftist Ġbackground , ĠPresident ĠL ula Ġhas Ġpursued Ġa Ġsurprisingly Ġconservative Ġeconomic Ġpolicy , Ġarguing Ġthat Ġin Ġorder Ġto Ġmeet Ġits Ġsocial Ġpromises , Ġthe Ġgovernment Ġneeds Ġto Ġfirst Ġreach Ġa Ġsustained Ġeconomic Ġgrowth .",O O O O O O B-POLITICIAN I-POLITICIAN O O O O O O O O O O O O O O O O O O O O O O O O O O O O O,O O O O O O B-POLITICIAN I-POLITICIAN O O O O O O O O O O O O O O O O O O O O O O O O O O O O O
967,"ĠThe Ġunemployment Ġrate Ġis Ġmeasured Ġin Ġthe Ġsix Ġmain Ġmetropolitan Ġareas Ġof ĠBrazil Ġ( S ao ĠPa olo , ĠRio Ġde ĠJaneiro , ĠBel o ĠHorizon te , ĠRec ife , ĠSalvador Ġand ĠPort o ĠA leg re ), Ġwhere Ġmost Ġof Ġthe Ġpopulation Ġis Ġconcentrated .",O O O O O O O O O O O O O O O O O O O O O O O O O O O O O O O O O O O O O O O O O O O O O O O,O O O O O O O O O O O O O O O O O O O O O O O O O O O O O O O O O O O O O O O O O O O O O O O
968,ĠTime Ġto Ġget Ġtough Ġon Ġfriend lies ?,O O O O O O O O,O O O O O O O O
969,"Ġ Ċ Ċ For Ġan Ġinternational Ġmanager , Ġa Ġfriendly Ġprovides Ġan Ġimportant Ġopportunity Ġto Ġwork Ġwith Ġyour Ġplayers .",O O O O O O O O O O O O O O O O O O O O,O O O O O O O O O O O O O O O O O O O O
970,Ġ Ċ Ċ The Ġonly Ġproblem Ġis Ġthat Ġthe Ġgame Ġitself Ġcan Ġoften Ġbe Ġa Ġfar ce .,O O O O O O O O O O O O O O O O O O,O O O O O O O O O O O O O O O O O O
971,"ĠSome Ġpeople Ġhave Ġbeen Ġsaying Ġit Ġwould Ġbe Ġbetter Ġto Ġget Ġthe Ġplayers Ġtogether Ġfor Ġthe Ġweek , Ġand Ġdo Ġaway Ġwith Ġthe Ġ90 Ġminutes Ġat Ġthe Ġend .",O O O O O O O O O O O O O O O O O O O O O O O O O O O O O,O O O O O O O O O O O O O O O O O O O O O O O O O O O O O
972,"Ġ Ċ Ċ I Ġwould Ġsay Ġit 's Ġ50 - 50 Ġwhether Ġyou Ġshould Ġhave Ġthese Ġgames Ġor Ġnot , Ġand Ġif Ġyou Ġlook Ġat Ġit Ġthat Ġway Ġyou Ġwould Ġprobably Ġsay Ġyou 're Ġbetter Ġnot Ġdoing Ġso .",O O O O O O O O O O O O O O O O O O O O O O O O O O O O O O O O O O O O O O O,O O O O O O O O O O O O O O O O O O O O O O O O O O O O O O O O O O O O O O O
973,"ĠIt Ġwould Ġcertainly Ġkeep Ġclub Ġmanagers Ġhappy , Ġas Ġit Ġwould Ġreduce Ġthe Ġrisk Ġof Ġplayers Ġreturning Ġto Ġdomestic Ġduty Ġinjured .",O O O O O O O O O O O O O O O O O O O O O O,O O O O O O O O O O O O O O O O O O O O O O
974,ĠBut Ġinternational Ġbosses Ġwill Ġtell Ġyou Ġthat Ġscra pping Ġfriend lies Ġis Ġcounterproductive Ġbecause Ġthe Ġonly Ġway Ġfor Ġa Ġteam Ġto Ġget Ġbetter Ġis Ġby Ġplaying .,O O O O O O O O O O O O O O O O O O O O O O O O O O O,O O O O O O O O O O O O O O O O O O O O O O O O O O O
975,"ĠThe Ġmore Ġyou Ġplay Ġtogether , Ġthe Ġeasier Ġit Ġis Ġwhen Ġit Ġcomes Ġto Ġthe Ġcrunch Ġin Ġgames Ġlike ĠWorld ĠCup Ġquarter - finals Ġagainst ĠBrazil .",O O O O O O O O O O O O O O O O O O O O O O O O O O O,O O O O O O O O O O O O O O O O O O O O O O O O O O O
976,"ĠOften Ġin Ġfriend lies , Ġthough , Ġa Ġmanager Ġwill Ġplay Ġhis Ġstrongest Ġside Ġfor Ġthe Ġfirst Ġ45 Ġminutes Ġand Ġthen Ġsend Ġout Ġan Ġentirely Ġdifferent Ġone Ġin Ġthe Ġsecond Ġhalf .",O O O O O O O O O O O O O O O O O O O O O O O O O O O O O O O O,O O O O O O O O O O O O O O O O O O O O O O O O O O O O O O O O
977,"ĠAnd Ġit 's Ġvery Ġdifficult Ġfor Ġany Ġplayer Ġto Ġcome Ġon Ġas Ġsubstitute Ġin Ġa Ġside Ġwith Ġa Ġfew Ġchanges , Ġlet Ġalone Ġa Ġwhole Ġteam 's Ġworth .",O O O O O O O O O O O O O O O O O O O O O O O O O O O O O,O O O O O O O O O O O O O O O O O O O O O O O O O O O O O
978,"ĠThe Ġdebate Ġwill Ġrage Ġon , Ġand ĠI 'm Ġnot Ġsure Ġthere Ġis Ġa Ġsatisfactory Ġsolution .",O O O O O O O O O O O O O O O O O,O O O O O O O O O O O O O O O O O
979,ĠOne Ġmanager Ġwho Ġhas Ġgot Ġit Ġright Ġthis Ġweek Ġis ĠWalter ĠSmith .,O O O O O O O O O O B-ATHLETE I-ATHLETE O,O O O O O O O O O O B-BUSINESS-EXECUTIVE-MANAGER I-BUSINESS-EXECUTIVE-MANAGER O
980,ĠThe Ġnew ĠScotland Ġmanager Ġhas Ġdecided Ġto Ġhave Ġa Ġtraining Ġcamp Ġinstead Ġof Ġa Ġfriendly Ġfor Ġhis Ġfirst Ġinternational Ġweek Ġsince Ġreplacing ĠBert i ĠVog ts .,O O O O O O O O O O O O O O O O O O O O O O B-ATHLETE I-ATHLETE I-ATHLETE I-ATHLETE O,O O O O O O O O O O O O O O O O O O O O O O B-ATHLETE I-ATHLETE I-ATHLETE I-ATHLETE O
981,"ĠIt Ġis Ġthe Ġsort Ġof Ġmove Ġyou Ġwould Ġexpect Ġfrom ĠWalter , Ġwho Ġis Ġa Ġcan ny Ġmanager .",O O O O O O O O O O O O O O O O O O O,O O O O O O O O O O B-BUSINESS-EXECUTIVE-MANAGER O O O O O O O O
982,Ġ Ċ Ċ The Ġplayers Ġhave Ġhad Ġsuch Ġa Ġhard Ġtime Ġrecently Ġthat Ġhe Ġis Ġbetter Ġoff Ġgetting Ġthem Ġtogether Ġin Ġa Ġrelaxed Ġatmosphere Ġand Ġtrying Ġto Ġgenerate Ġsome Ġteam Ġspirit Ġbefore Ġthe Ġnext ĠWorld ĠCup Ġqualifiers .,O O O O O O O O O O O O O O O O O O O O O O O O O O O O O O O O O O O O O O,O O O O O O O O O O O O O O O O O O O O O O O O O O O O O O O O O O O O O O
983,"ĠIf Ġhe Ġhad Ġsent Ġthem Ġout Ġon ĠWednesday Ġand Ġthey Ġhad Ġbeen Ġbadly Ġbeaten , Ġit Ġwould Ġhave Ġdone Ġthem Ġno Ġgood Ġwhatsoever .",O O O O O O O O O O O O O O O O O O O O O O O O,O O O O O O O O O O O O O O O O O O O O O O O O
984,"ĠJohn ĠTosh ack Ġhas Ġhis Ġfirst Ġgame Ġin Ġcharge Ġof ĠWales , Ġand Ġit Ġwill Ġbe Ġimportant Ġfor Ġhim Ġto Ġget Ġa Ġdecent Ġresult Ġagainst ĠHungary .",B-ATHLETE I-ATHLETE I-ATHLETE O O O O O O O O O O O O O O O O O O O O O O O O,B-ATHLETE I-ATHLETE I-ATHLETE O O O O O O O O O O O O O O O O O O O O O O O O
985,"ĠHe Ġwill Ġhave Ġhis Ġown Ġideas Ġon Ġindividuals Ġand Ġhow Ġto Ġplay Ġand Ġwill Ġprobably Ġlook Ġmore Ġat Ġthe Ġperformance , Ġbut Ġthe Ġpublic Ġwants Ġresults .",O O O O O O O O O O O O O O O O O O O O O O O O O O O,O O O O O O O O O O O O O O O O O O O O O O O O O O O
986,ĠIt 's Ġextremely Ġdifficult Ġto Ġget Ġthe Ġbalance Ġfor Ġfriend lies .,O O O O O O O O O O O O,O O O O O O O O O O O O
987,"ĠIf Ġyou Ġwin , Ġpeople Ġforget Ġthem , Ġbut Ġif Ġyou Ġlose Ġit Ġbecomes Ġa Ġstat Ġthat Ġcan Ġbe Ġused Ġagainst Ġyou .",O O O O O O O O O O O O O O O O O O O O O O O,O O O O O O O O O O O O O O O O O O O O O O O
988,ĠEngland 's Ġgame Ġagainst ĠHolland Ġis Ġa Ġgood Ġexample .,O O O O O O O O O O,O O O O O O O O O O
989,ĠIt Ġlooks Ġlike Ġa Ġgood Ġopportunity Ġto Ġtry Ġout Ġplayers Ġlike ĠMiddles b rough Ġwinger ĠStewart ĠDowning Ġor ĠCrystal ĠPalace Ġstriker ĠAndy ĠJohnson .,O O O O O O O O O O O O O O O B-ATHLETE I-ATHLETE O O O O B-ATHLETE I-ATHLETE O,O O O O O O O O O O O O O O O B-ATHLETE I-ATHLETE O O O O B-ATHLETE I-ATHLETE O
990,ĠBut Ġyou Ġhave Ġgot Ġto Ġremember ĠSven - G oran ĠE riks son 's Ġside Ġwere Ġgiven Ġa Ġlesson Ġby ĠSpain Ġin Ġthe Ġlast Ġgame Ġthey Ġplayed .,O O O O O O B-ATHLETE I-ATHLETE I-ATHLETE I-ATHLETE I-ATHLETE I-ATHLETE I-ATHLETE O O O O O O O O O O O O O O O,O O O O O O B-PUBLIC-FIGURE I-PUBLIC-FIGURE I-PUBLIC-FIGURE I-PUBLIC-FIGURE I-PUBLIC-FIGURE I-PUBLIC-FIGURE I-PUBLIC-FIGURE I-PUBLIC-FIGURE O O O O O O O O O O O O O O
991,Ġ Ċ Ċ The Ġinjury Ġproblems Ġin Ġdefence Ġshould Ġat Ġleast Ġgive Ġthe Ġlikes Ġof ĠWes ĠBrown Ġand ĠJamie ĠCarr agher Ġa Ġchance Ġto Ġimpress .,O O O O O O O O O O O O O O O B-ATHLETE I-ATHLETE O B-ATHLETE I-ATHLETE I-ATHLETE O O O O O,O O O O O O O O O O O O O O O B-ATHLETE I-ATHLETE O B-ATHLETE I-ATHLETE I-ATHLETE O O O O O
992,"ĠFor Ġthe Ġclub Ġmanagers , Ġit Ġwill Ġsimply Ġbe Ġa Ġcase Ġof Ġwaiting Ġat Ġhome Ġwith Ġfingers Ġcrossed .",O O O O O O O O O O O O O O O O O O O,O O O O O O O O O O O O O O O O O O O
993,"ĠStrong Ġquarterly Ġgrowth Ġfor ĠNike Ċ Ċ N ike Ġhas Ġreported Ġits Ġbest Ġsecond - quarter Ġearnings , Ġhelped Ġby Ġstrong Ġdemand Ġfor Ġits Ġathletic Ġshoes Ġand ĠCon verse Ġsneakers .",O O O O O O O O O O O O O O O O O O O O O O O O O O O O O O O,O O O O O O O O O O O O O O O O O O O O O O O O O O O O O O O
994,"Ġ Ċ Ċ The Ġglobal Ġsports Ġgiant Ġsaid Ġit Ġposted Ġa Ġprofit Ġof Ġ$ 261 . 9 m Ġ(Â£ 135 . 6 m ), Ġfor Ġthe Ġthree Ġmonths Ġto Ġ30 ĠNovember , Ġup Ġfrom Ġ$ 179 . 1 m Ġin Ġthe Ġsame Ġperiod Ġlast Ġyear .",O O O O O O O O O O O O O O O O O O O O O O O O O O O O O O O O O O O O O O O O O O O O O O,O O O O O O O O O O O O O O O O O O O O O O O O O O O O O O O O O O O O O O O O O O O O O O
995,"ĠRe ven ues Ġincreased Ġ11 % Ġto Ġ$ 3 . 1 bn , Ġfrom Ġ$ 2 . 8 bn Ġfor Ġthe Ġsame Ġperiod Ġin Ġ2003 .",O O O O O O O O O O O O O O O O O O O O O O O O O O,B-BUSINESS-EXECUTIVE-MANAGER I-BUSINESS-EXECUTIVE-MANAGER I-BUSINESS-EXECUTIVE-MANAGER O O O O O O O O O O O O O O O O O O O O O O O
996,"ĠNike , Ġwhose Ġproducts Ġare Ġendorsed Ġby ĠTiger ĠWoods Ġamong Ġother Ġsports Ġstars , Ġsaid Ġ"" demand Ġcontinues Ġto Ġgrow "".",O O O O O O O B-ATHLETE I-ATHLETE O O O O O O O O O O O O,B-MUSICIAN O O O O O O B-MUSICIAN I-MUSICIAN O O O O O O O O O O O O
997,"ĠThe Ġresults Ġcame Ġafter Ġa Ġstrong Ġfirst Ġquarter Ġof Ġthe Ġyear Ġfor Ġthe Ġfirm Ġbased Ġin ĠBeaver ton , ĠOregon .",O O O O O O O O O O O O O O O O O O O O O,O O O O O O O O O O O O O O O O O O O O O
998,"Ġ Ċ Ċ Phil ip ĠKnight , Ġchairman Ġand Ġchief Ġexecutive , Ġsaid : Ġ"" N ike 's Ġsecond - quarter Ġrevenues Ġand Ġearnings Ġper Ġshare Ġreached Ġall - time Ġhigh Ġlevels Ġas Ġa Ġresult Ġof Ġsolid Ġperformance Ġacross Ġour Ġglobal Ġportfolio . Ġ""",O O O B-BUSINESS-EXECUTIVE-MANAGER I-BUSINESS-EXECUTIVE-MANAGER I-BUSINESS-EXECUTIVE-MANAGER O O O O O O O O O O O O O O O O O O O O O O O O O O O O O O O O O O O O O O,O O O B-BUSINESS-EXECUTIVE-MANAGER I-BUSINESS-EXECUTIVE-MANAGER I-BUSINESS-EXECUTIVE-MANAGER O O O O O O O O O O O O O O O O O O O O O O O O O O O O O O O O O O O O O O
999,"ĠOur Ġbusinesses Ġin Ġthe ĠUnited ĠStates Ġand Ġemerging Ġmarkets Ġsuch Ġas ĠChina , ĠRussia Ġand ĠTurkey , Ġcombined Ġwith Ġfavourable ĠEuropean Ġexchange Ġrates , Ġhelped Ġdrive Ġmuch Ġof Ġthis Ġgrowth .""",O O O O O O O O O O O O O O O O O O O O O O O O O O O O O O O,O O O O O O O O O O O O O O O O O O O O O O O O O O O O O O O
1000,"ĠHe Ġadded : Ġ"" With Ġthe Ġfirst Ġhalf Ġof Ġour Ġfiscal Ġyear Ġin Ġthe Ġbooks , Ġwe Ġremain Ġconfident Ġthat Ġour Ġbusiness Ġstrategy Ġand Ġconsistent Ġexecution Ġwill Ġallow Ġus Ġto Ġdeliver Ġon Ġour Ġgoals Ġof Ġhealthy , Ġprofitable Ġgrowth .""",O O O O O O O O O O O O O O O O O O O O O O O O O O O O O O O O O O O O O O O O,O O O O O O O O O O O O O O O O O O O O O O O O O O O O O O O O O O O O O O O O
1001,"ĠThe Ġfirm Ġreported Ġworldwide Ġfutures Ġorders Ġfor Ġathletic Ġfootwear Ġand Ġgear , Ġscheduled Ġfor Ġdelivery Ġfrom ĠDecember Ġ2004 Ġto ĠApril Ġ2005 , Ġof Ġ$ 4 . 9 bn .",O O O O O O O O O O O O O O O O O O O O O O O O O O O O O,O O O O O O O O O O O O O O O O O O O O O O O O O O O O O
1002,ĠThat Ġis Ġ9 . 1 % Ġhigher Ġthan Ġsuch Ġorders Ġreported Ġfor Ġthe Ġsame Ġperiod Ġlast Ġyear .,O O O O O O O O O O O O O O O O O O,O O O O O O O O O O O O O O O O O O
1003,"Ġ' Pod casters ' Ġlook Ġto Ġnet Ġmoney Ċ Ċ N asa Ġis Ġdoing Ġit , Ġ14 - year - old Ġboys Ġin Ġbedrooms Ġare Ġdoing Ġit , Ġcouples Ġare Ġdoing Ġit , Ġgadget Ġlovers Ġ- Ġmale Ġand Ġfemale Ġ- Ġare Ġdefinitely Ġdoing Ġit .",O O O O O O O O O O O O O O O O O O O O O O O O O O O O O O O O O O O O O O O O O O O O O,O O O O O O O O O O B-PUBLIC-FIGURE I-PUBLIC-FIGURE O O O O O O O O O O O O O O O O O O O O O O O O O O O O O O O O O
1004,Ġ Ċ Ċ It Ġis Ġpodcast ing Ġ- ĠDIY Ġradio Ġin Ġthe Ġform Ġof Ġdownloadable ĠMP 3 Ġaudio Ġfiles .,O O O O O O O O O O O O O O O O O O O O,O O O O O O O O O O O O O O O O O O O O
1005,"ĠThey Ġcan Ġdone Ġby Ġanyone Ġwho Ġhas Ġa Ġmicrophone , Ġsimple Ġsoftware , Ġthe Ġnet , Ġand Ġsomething Ġto Ġsay .",O O O O O O O O O O O O O O O O O O O O O,O O O O O O O O O O O O O O O O O O O O O
1006,"ĠSome Ġlik en Ġthem Ġto Ġtalking Ġ"" audi ob log s "" Ġbecause Ġmany Ġcomplement Ġtext - based Ġwe blogs Ġ- Ġdiary - like Ġsites Ġwhere Ġpeople Ġshare Ġtheir Ġthoughts .",O O O O O O O O O O O O O O O O O O O O O O O O O O O O O O O,O O O O O O O O O O O O O O O O O O O O O O O O O O O O O O O
1007,"ĠThey Ġare Ġessentially Ġamateur Ġradio Ġshows Ġon Ġthe Ġnet , Ġon Ġdemand , Ġand Ġthe Ġ"" move ment "" Ġis Ġat Ġvery Ġearly Ġstages . Ġ""",O O O O O O O O O O O O O O O O O O O O O O O O O O,O O O O O O O O O O O O O O O O O O O O O O O O O O
1008,"ĠIt 's Ġabout Ġreal Ġpeople Ġsaying Ġreal Ġthings Ġand Ġcommunicating ,"" Ġsays ĠAdam ĠCurry , Ġformer ĠMTV ĠV J Ġand Ġthe ĠP ied ĠPiper Ġof Ġpodcast ing .",O O O O O O O O O O O O B-BUSINESS-EXECUTIVE-MANAGER I-BUSINESS-EXECUTIVE-MANAGER O O O O O O O O O O O O O O,O O O O O O O O O O O O B-PUBLIC-FIGURE I-PUBLIC-FIGURE O O O O O O O O O O O O O O
1009,"ĠHe Ġwas Ġone Ġof Ġa Ġcommunity Ġof Ġpeople Ġwho Ġcreated ĠiPod der , Ġa Ġsmall Ġcomputer Ġprogram , Ġknown Ġas Ġan Ġ"" agg reg ator "".",O O O O O O O O O O O O O O O O O O O O O O O O O O,O O O O O O O O O O O O O O O O O O O O O O O O O O
1010,Ġ Ċ Ċ It Ġcollects Ġand Ġautomatically Ġsends ĠMP 3 Ġfiles Ġto Ġany Ġdigital Ġmusic - playing Ġdevice Ġthat Ġcan Ġplay ĠW MP Ġformats .,O O O O O O O O O O O O O O O O O O O O O O O O O,O O O O O O O O O O O O O O O O O O O O O O O O O
1011,"ĠThose Ġwith Ġdigital Ġmusic Ġplayers Ġcan Ġselect Ġwhich Ġpodcasts Ġthey Ġlike , Ġand Ġsubscribe Ġ- Ġfor Ġfree Ġ- Ġto Ġthat Ġshow 's Ġ"" feed "".",O O O O O O O O O O O O O O O O O O O O O O O O O,O O O O O O O O O O O O O O O O O O O O O O O O O
1012,"ĠWhen Ġa Ġnew Ġpodcast Ġis Ġavailable , Ġit Ġis Ġautomatically Ġsent Ġto Ġthe Ġdevice Ġwhen Ġconnected Ġto Ġa Ġcomputer . Ġ""",O O O O O O O O O O O O O O O O O O O O O,O O O O O O O O O O O O O O O O O O O O O
1013,"ĠIt Ġis Ġtotally Ġgoing Ġto Ġkill Ġthe Ġbusiness Ġmodel Ġof Ġradio ,"" Ġthinks ĠCurry . Ġ""",O O O O O O O O O O O O O O O O,O O O O O O O O O O O O O B-PUBLIC-FIGURE O O
1014,"ĠI Ġjust Ġdid Ġa Ġtour Ġof ĠMadison ĠAvenue Ġwhere Ġall Ġthe Ġbig Ġbrands Ġand Ġadvertising Ġagencies Ġof Ġthe Ġworld Ġare ,"" Ġhe Ġsays . Ġ""",O O O O O O O O O O O O O O O O O O O O O O O O O,O O O O O O O O O O O O O O O O O O O O O O O O O
1015,"ĠAnd Ġthey Ġare Ġscared Ġto Ġdeath Ġof Ġthe Ġnext Ġgeneration Ġ- Ġlike Ġmy Ġdaughter Ġwho Ġis Ġ14 Ġ- Ġwho Ġdon 't Ġlisten Ġto Ġradio . Ġ""",O O O O O O O O O O O O O O O O O O O O O O O O O O,O O O O O O O O O O O O O O O O O O O O O O O O O O
1016,"ĠThey Ġare Ġon ĠMS N , Ġthey 've Ġgot Ġtheir ĠiPod , Ġtheir ĠMP 3 Ġplayer , Ġthey 've Ġgot Ġtheir ĠXbox Ġ- Ġthey Ġare Ġnot Ġlistening Ġto Ġradio . Ġ""",O O O O O O O O O O O O O O O O O O O O O O O O O O O O O O O,O O O O O O O O O O O O O O O O O O O O O O O O O O O O O O O
1017,"ĠSo Ġhow Ġare Ġthey Ġgoing Ġto Ġreach Ġthese Ġaudiences ? Ġ""",O O O O O O O O O O O,O O O O O O O O O O O
1018,"ĠIt Ġis Ġthe Ġdistribution Ġthat Ġis Ġchanging Ġand Ġthe Ġbarriers Ġare Ġbeing Ġbrought Ġdown Ġso Ġeveryone Ġcan Ġbe Ġpart Ġof Ġit .""",O O O O O O O O O O O O O O O O O O O O O O,O O O O O O O O O O O O O O O O O O O O O O
1019,"Ġ Ċ Ċ It Ġis Ġa Ġfledgling Ġmovement , Ġbut Ġit Ġis Ġgaining Ġmomentum Ġnow Ġthat Ġpeople Ġhave Ġstarted Ġthinking Ġabout Ġhow Ġto Ġmake Ġa Ġbusiness Ġfrom Ġit .",O O O O O O O O O O O O O O O O O O O O O O O O O O O O O,O O O O O O O O O O O O O O O O O O O O O O O O O O O O O
1020,"ĠIan ĠF ogg , ĠJupiter ĠResearch Ġanalyst , Ġthinks Ġthere Ġcould Ġbe Ġpotential Ġfor Ġbusiness , Ġbut Ġit Ġcould Ġtake Ġan Ġinteresting Ġturn Ġif Ġbig Ġcompanies , Ġlike ĠApple Ġand ĠMicrosoft , Ġget Ġinvolved . Ġ""",B-PUBLIC-FIGURE I-PUBLIC-FIGURE I-PUBLIC-FIGURE O O O O O O O O O O O O O O O O O O O O O O O O O O O O O O O O O,B-PUBLIC-FIGURE I-PUBLIC-FIGURE I-PUBLIC-FIGURE O O O O O O O O O O O O O O O O O O O O O O O O O O O O O O O O O
1021,ĠIt Ġis Ġa Ġnascent Ġarea Ġbut Ġquite Ġexciting .,O O O O O O O O O,O O O O O O O O O
1022,"ĠIt Ġis Ġyet Ġanother Ġarea Ġthat Ġdemonstrates Ġthe Ġmove Ġto Ġa Ġdigital Ġlifestyle Ġand Ġdigital Ġhome Ġis Ġnot Ġover ,"" Ġhe Ġsays .",O O O O O O O O O O O O O O O O O O O O O O O,O O O O O O O O O O O O O O O O O O O O O O O
1023,"Ġ Ċ Ċ "" P odcast ing Ġis Ġone Ġof Ġthose Ġinteresting Ġareas Ġthat Ġbridges Ġwhat Ġyou Ġdo Ġat Ġhome Ġand Ġwhat Ġyou Ġdo Ġout Ġand Ġabout Ġ- Ġa Ġclassic Ġhybrid .",O O O O O O O O O O O O O O O O O O O O O O O O O O O O O O O O,O O O O O O O O O O O O O O O O O O O O O O O O O O O O O O O O
1024,"ĠIt Ġis Ġanother Ġaspect Ġof Ġthe Ġ"" time - sh ifting "" Ġof Ġcontent Ġ- Ġthe Ġlatest Ġindustry Ġbuzz word Ġfor Ġbeing Ġable Ġto Ġlisten Ġto Ġwhat Ġyou Ġwant , Ġwhen , Ġand Ġwherever Ġyou Ġwant .",O O O O O O O O O O O O O O O O O O O O O O O O O O O O O O O O O O O O O,O O O O O O O O O O O O O O O O O O O O O O O O O O O O O O O O O O O O O
1025,"ĠAud iences Ġare Ġin Ġthe Ġ10 s , Ġ100 s , Ġand Ġ1 , 000 s Ġrather Ġthan Ġmillions .",O O O O O O O O O O O O O O O O O O O O,O O O O O O O O O O O O O O O O O O O O
1026,"ĠMore Ġthan Ġ4 , 300 Ġpodcasts Ġare Ġcurrently Ġlisted .",O O O O O O O O O O,O O O O O O O O O O
1027,ĠCurry 's ĠDaily ĠSource ĠCode Ġ- Ġwhich Ġhe Ġcommitted Ġto Ġdoing Ġdaily Ġto Ġinspire Ġthe Ġcommunity Ġ- Ġhas Ġ10 s Ġof Ġthousands Ġof Ġlisteners .,O O O O O O O O O O O O O O O O O O O O O O O O O,B-PUBLIC-FIGURE O O O O O O O O O O O O O O O O O O O O O O O O
1028,Ġ Ċ Ċ But ĠDave ĠWin er Ġis Ġdoubtful .,O O O O B-AUTHOR-WRITER I-AUTHOR-WRITER I-AUTHOR-WRITER O O O,O O O O B-ATHLETE I-ATHLETE I-ATHLETE O O O
1029,"ĠHe Ġdesigned Ġthe Ġformat Ġcalled ĠRSS Ġ( Really ĠSimple ĠSynd ication ), Ġwhich Ġgives Ġweb Ġusers Ġan Ġeasy Ġway Ġto Ġkeep Ġupdated Ġautomatically Ġon Ġsites Ġthey Ġlike .",O O O O O O O O O O O O O O O O O O O O O O O O O O O O,O O O O O O O O O O O O O O O O O O O O O O O O O O O O
1030,ĠPodcast s Ġrely Ġon Ġhis Ġtechnology Ġbecause Ġit Ġis Ġthe Ġway Ġthey Ġare Ġdistributed .,O O O O O O O O O O O O O O O,O O O O O O O O O O O O O O O
1031,"ĠHe Ġis Ġalso Ġwriter Ġof Ġthe Ġlongest - running Ġwe blog Ġon Ġthe Ġnet , ĠScript ing ĠNews .",O O O O O O O O O O O O O O O O O O O,O O O O O O O O O O O O O O O O O O O
1032,"ĠHe Ġthinks Ġits Ġpower Ġlies Ġin Ġits Ġdemocrat ising Ġpotential , Ġnot Ġin Ġits Ġ"" over - hyp ed "" Ġbusiness Ġpromise .",O O O O O O O O O O O O O O O O O O O O O O O,O O O O O O O O O O O O O O O O O O O O O O O
1033,"Ġ Ċ Ċ "" We 're Ġthe Ġsources , Ġthe Ġpeople Ġdoing Ġstuff , Ġand Ġpodcast ing Ġis Ġa Ġway Ġto Ġtell Ġpeople Ġwho Ġcare Ġwhat Ġwe 're Ġdoing . Ġ""",O O O O O O O O O O O O O O O O O O O O O O O O O O O O O O O,O O O O O O O O O O O O O O O O O O O O O O O O O O O O O O O
1034,"ĠNo Ġmatter Ġhow Ġyou Ġlook Ġat Ġit , Ġcommercial ising Ġthis Ġmedium Ġisn 't Ġgoing Ġto Ġmake Ġvery Ġmuch Ġmoney ,"" Ġhe Ġsays . Ġ""",O O O O O O O O O O O O O O O O O O O O O O O O O,O O O O O O O O O O O O O O O O O O O O O O O O O
1035,"ĠPodcast ing Ġis Ġgoing Ġto Ġbe Ġa Ġmedium Ġof Ġnic hes , Ġwith Ġ' aud iences ' Ġmeasured Ġin Ġthe Ġsingle Ġdigits , Ġlike Ġe - mail Ġor Ġblogs . Ġ""",O O O O O O O O O O O O O O O O O O O O O O O O O O O O O O O,O O O O O O O O O O O O O O O O O O O O O O O O O O O O O O O
1036,"ĠMaybe Ġin Ġa Ġfew Ġyears , Ġmaybe Ġsix Ġor Ġseven Ġdigits .",O O O O O O O O O O O O,O O O O O O O O O O O O
1037,"ĠBut Ġit Ġwill Ġhave Ġto Ġsustain Ġinterest Ġbeyond Ġthe Ġhype Ġballoon .""",O O O O O O O O O O O O,O O O O O O O O O O O O
1038,"ĠCurry Ġand Ġassociate ĠRon ĠBloom 's Ġnew Ġventure , Ġcalled ĠPod Show , Ġis Ġto Ġhelp Ġordinary Ġpeople Ġproduce , Ġpost , Ġdistribute Ġand Ġmarket Ġtheir Ġpodcasts .",O O O B-BUSINESS-EXECUTIVE-MANAGER I-BUSINESS-EXECUTIVE-MANAGER O O O O O O O O O O O O O O O O O O O O O O O,B-PUBLIC-FIGURE O O B-MUSICIAN I-MUSICIAN O O O O O O O O O O O O O O O O O O O O O O O
1039,"ĠBecause Ġof Ġthe Ġway Ġpodcasts Ġwork , Ġbased Ġon ĠRSS , Ġthe Ġlatest Ġpodcasts Ġwhich Ġpeople Ġcan Ġselect Ġmean Ġthat Ġthey Ġare Ġready - made Ġtargets . Ġ""",O O O O O O O O O O O O O O O O O O O O O O O O O O O O,O O O O O O O O O O O O O O O O O O O O O O O O O O O O
1040,ĠWhen Ġyou Ġlook Ġat Ġpodcast ing Ġ- Ġwow Ġthis Ġis Ġa Ġpretty Ġinteresting Ġaudience .,O O O O O O O O O O O O O O O,O O O O O O O O O O O O O O O
1041,ĠThe Ġaudience Ġis Ġpre - selected .,O O O O O O O,O O O O O O O
1042,"ĠThey Ġhave Ġdecided Ġto Ġsubscribe Ġto Ġyour Ġprogram ,"" Ġexplains ĠCurry .",O O O O O O O O O O O O,O O O O O O O O O O B-PUBLIC-FIGURE O
1043,"ĠAdvertising , Ġin Ġhis Ġeyes , Ġcan Ġbe Ġtailored Ġto Ġpodcasts , Ġto Ġmake Ġit Ġmore Ġimaginative Ġand Ġunob tr usive . Ġ""",O O O O O O O O O O O O O O O O O O O O O O O,O O O O O O O O O O O O O O O O O O O O O O O
1044,"ĠHow ĠI Ġbelieve Ġthis Ġwill Ġwork , Ġis Ġto Ġcreate Ġa Ġnetwork Ġthat , Ġin Ġaggregation , Ġwill Ġhave Ġenough Ġnumbers Ġto Ġsupport Ġa Ġreturn Ġon Ġinvestment Ġfor Ġthe Ġadvertisers Ġand Ġfor Ġthe Ġpod casters . Ġ""",O O O O O O O O O O O O O O O O O O O O O O O O O O O O O O O O O O O O O,O O O O O O O O O O O O O O O O O O O O O O O O O O O O O O O O O O O O O
1045,"ĠI Ġhave Ġ50 , Ġ60 , Ġ70 , 000 Ġlisteners .",O O O O O O O O O O O,O O O O O O O O O O O
1046,"ĠI Ġcould Ġmake Ġa Ġcouple Ġof Ġbucks Ġoff Ġthat , Ġbut Ġnot Ġmuch .",O O O O O O O O O O O O O O,O O O O O O O O O O O O O O
1047,"ĠIf Ġyou Ġare Ġtalking Ġa Ġmillion Ġpod casters , Ġand Ġthen Ġyou Ġcan Ġkind Ġof Ġdivide Ġthat Ġamongst Ġourselves , Ġthen Ġthat Ġis Ġkind Ġof Ġinteresting .""",O O O O O O O O O O O O O O O O O O O O O O O O O O O,O O O O O O O O O O O O O O O O O O O O O O O O O O O
1048,"ĠEssentially , Ġhe Ġsays , Ġif Ġyou Ġare Ġdoing Ġa Ġbass Ġfishing Ġpodcast , Ġsomeone Ġwho Ġis Ġselling Ġbait Ġand Ġtackle Ġwill Ġprobably Ġwant Ġto Ġadvertise Ġon Ġyour Ġshow .",O O O O O O O O O O O O O O O O O O O O O O O O O O O O O O,O O O O O O O O O O O O O O O O O O O O O O O O O O O O O O
1049,"ĠHe Ġis Ġclear Ġthe Ġads Ġwill Ġnot Ġbe Ġthe Ġtraditional Ġ"" in - your - face "" Ġtype Ġfamiliar Ġto Ġcommercial Ġradio Ġnow . Ġ""",O O O O O O O O O O O O O O O O O O O O O O O O O,O O O O O O O O O O O O O O O O O O O O O O O O O
1050,"ĠWe Ġare Ġreally Ġgoing Ġto Ġsee Ġthese Ġmicro cos ms Ġand Ġcommerce Ġwill Ġbe Ġall Ġover Ġthe Ġplace .""",O O O O O O O O O O O O O O O O O O O,O O O O O O O O O O O O O O O O O O O
1051,Ġ Ċ Ċ It Ġis Ġhappening Ġalready .,O O O O O O O O,O O O O O O O O
1052,"ĠCoffee - loving ĠCurry Ġhas Ġsold Ġ$ 4 , 000 Ġworth Ġof Ġcoffee Ġmachines Ġthrough Ġa Ġreferral Ġlink Ġto ĠAmazon Ġfrom Ġhis Ġsite .",O O O O O O O O O O O O O O O O O O O O O O O O,O O O B-PUBLIC-FIGURE O O O O O O O O O O O O O O O O O O O O
1053,"Ġ Ċ Ċ Others Ġuse Ġin - show Ġpromotions , Ġlike ĠThe ĠDawn Ġand ĠDrew ĠShow .",O O O O O O O O O O O O O O O O O,O O O O O O O O O O O O O O B-PUBLIC-FIGURE I-PUBLIC-FIGURE O
1054,"ĠOne , ĠEric ĠRice , Ġhas Ġwon Ġsponsorship Ġfrom ĠWarner ĠBros . ĠHe Ġcan Ġnow Ġlegally Ġplay Ġthe Ġmusic Ġof Ġa Ġband ĠWarner ĠBros Ġwants Ġto Ġpush .",O O B-PUBLIC-FIGURE I-PUBLIC-FIGURE O O O O O O O O O O O O O O O O O O O O O O O O,O O B-MUSICIAN I-MUSICIAN O O O O O O O O O O O O O O O O O O O O O O O O
1055,ĠSome Ġcommentators Ġon Ġthe Ġnet Ġsay Ġit Ġhas Ġa Ġsimilar Ġfeel Ġto Ġthe Ġdot com Ġdays .,O O O O O O O O O O O O O O O O O,O O O O O O O O O O O O O O O O O
1056,ĠOthers Ġsay Ġit Ġis Ġjust Ġanother Ġelement Ġof Ġsetting Ġmedia Ġfree Ġfrom Ġbig Ġcompanies Ġand Ġletting Ġpeople Ġbe Ġcreative .,O O O O O O O O O O O O O O O O O O O O,O O O O O O O O O O O O O O O O O O O O
1057,ĠOne Ġthing Ġis Ġfor Ġsure ; Ġthey Ġare Ġnot Ġabout Ġto Ġdisappear Ġin Ġa Ġhurry .,O O O O O O O O O O O O O O O O,O O O O O O O O O O O O O O O O
1058,"ĠThe Ġcreative Ġforces Ġbehind Ġradio Ġare Ġel ated , Ġsays ĠCurry .",O O O O O O O O O O O O,O O O O O O O O O O B-PUBLIC-FIGURE O
1059,"ĠFor Ġnow , Ġhe Ġtunes Ġout Ġthe Ġnegative Ġcomments Ġwithin Ġthe Ġpodcast ing Ġcommunity . Ġ""",O O O O O O O O O O O O O O O O,O O O O O O O O O O O O O O O O
1060,"ĠI Ġshould Ġbe Ġknight ed Ġfor Ġthis ,"" Ġhe Ġadds , Ġwith Ġa Ġw ry Ġchuckle , Ġ"" People Ġare Ġgoing Ġto Ġbe Ġso Ġhappy Ġto Ġsit Ġat Ġhome , Ġmake Ġtheir Ġpodcast , Ġand Ġmake Ġa Ġlittle Ġmoney .""",O O O O O O O O O O O O O O O O O O O O O O O O O O O O O O O O O O O O O O O O,O O O O O O O O O O O O O O O O O O O O O O O O O O O O O O O O O O O O O O O O
1061,"ĠNewcastle Ġ27 - 27 ĠGlou cester Ċ Ċ New castle Ġcentre ĠMat hew ĠT ait Ġanswered Ġhis Ġcritics Ġas Ġhe Ġscored Ġone Ġtry Ġand Ġmade Ġanother , Ġbut Ġhe Ġcould Ġnot Ġstop ĠGlou cester Ġgrabbing Ġa Ġdraw .",O O O O O O O O O O O B-ATHLETE I-ATHLETE I-ATHLETE I-ATHLETE O O O O O O O O O O O O O O O O O O O O O O O,O O O O O O O O O O O B-ATHLETE I-ATHLETE I-ATHLETE I-ATHLETE O O O O O O O O O O O O O O O O O O O O O O O
1062,"Ġ Ċ Ċ The ĠFalcons Ġwere Ġ22 - 6 Ġdown Ġat Ġthe Ġbreak Ġbefore ĠT ait , Ġrecently Ġax ed Ġby ĠEngland Ġafter Ġjust Ġone ĠSix ĠNations Ġouting , Ġinspired Ġhis Ġside Ġto Ġa Ġ27 - 22 Ġlead .",O O O O O O O O O O O O O O O O O O O O O O O O O O O O O O O O O O O O O O O,O O O O O O O O O O O O O O B-ATHLETE I-ATHLETE O O O O O O O O O O O O O O O O O O O O O O O
1063,ĠA Ġlast - g asp Ġtouchdown Ġfrom ĠLuke ĠNar ra way Ġpulled Ġthe Ġvisitors Ġlevel .,O O O O O O O B-ATHLETE I-ATHLETE I-ATHLETE I-ATHLETE O O O O O,O O O O O O O B-ATHLETE I-ATHLETE I-ATHLETE I-ATHLETE O O O O O
1064,ĠBut ĠGlou cester Ġmissed Ġout Ġon Ġvictory Ġwhen ĠHenry ĠPaul Ġfl uffed Ġthe Ġconversion Ġand ĠSet i ĠK io le Ġwas Ġdenied Ġa Ġlate Ġtry .,O O O O O O O O B-ATHLETE I-ATHLETE O O O O O B-ATHLETE I-ATHLETE I-ATHLETE I-ATHLETE I-ATHLETE O O O O O O,O O O O O O O O B-ATHLETE I-ATHLETE O O O O O B-ATHLETE I-ATHLETE I-ATHLETE I-ATHLETE I-ATHLETE O O O O O O
1065,ĠNewcastle Ġhad Ġa Ġcouple Ġof Ġchances Ġat Ġthe Ġstart Ġof Ġthe Ġsecond Ġhalf Ġwith Ġline - outs Ġin Ġthe Ġcorner .,O O O O O O O O O O O O O O O O O O O O O,O O O O O O O O O O O O O O O O O O O O O
1066,"ĠBut Ġthey Ġfailed Ġto Ġmake Ġthem Ġcount Ġuntil ĠJoe ĠShaw Ġfound ĠDave ĠWal der , Ġwho Ġreleased ĠMark ĠMayer hol fer Ġin Ġhis Ġown Ġ22 .",O O O O O O O O B-ATHLETE I-ATHLETE O B-ATHLETE I-ATHLETE I-ATHLETE O O O B-ATHLETE I-ATHLETE I-ATHLETE I-ATHLETE O O O O O,O O O O O O O O B-MUSICIAN I-MUSICIAN O B-MUSICIAN I-MUSICIAN I-MUSICIAN O O O B-MUSICIAN I-MUSICIAN I-MUSICIAN I-MUSICIAN O O O O O
1067,Ġ Ċ Ċ The Ġformer ĠAll ĠBlack Ġbroke Ġclear Ġand Ġpopped Ġthe Ġball Ġup Ġfor ĠT ait Ġon Ġhalfway .,O O O O O O O O O O O O O O O O O O O O,O O O O O O O O O O O O O O O B-ATHLETE I-ATHLETE O O O
1068,"ĠHe Ġch ipped Ġahead Ġfor ĠMichael ĠStephenson Ġto Ġscor ch Ġthrough Ġfor Ġthe Ġtry , Ġwhich ĠWal der Ġconverted Ġto Ġgive ĠNewcastle Ġa Ġlif eline .",O O O O O B-ATHLETE I-ATHLETE O O O O O O O O O O O O O O O O O O O,O O O O O B-ATHLETE I-ATHLETE O O O O O O O O O B-ATHLETE I-ATHLETE O O O O O O O O
1069,"ĠThey Ġgrabbed Ġit Ġwith Ġboth Ġhands , ĠMayer hof ler Ġbreaking Ġthrough Ġand ĠT ait Ġmaking Ġa Ġbrilliant Ġearly Ġrun Ġto Ġcut Ġinside Ġand Ġrace Ġ30 m Ġto Ġscore .",O O O O O O O O O O O O O O O O O O O O O O O O O O O O O O,O O O O O O O B-ATHLETE I-ATHLETE I-ATHLETE O O O B-ATHLETE I-ATHLETE O O O O O O O O O O O O O O O
1070,ĠWal der Ġconverted Ġto Ġmake Ġit Ġ22 - 20 Ġbefore Ġhe Ġwas Ġjust Ġwide Ġwith Ġa Ġ40 m Ġpenalty Ġin Ġthe Ġ70 th Ġminute .,O O O O O O O O O O O O O O O O O O O O O O O O O,B-ATHLETE I-ATHLETE O O O O O O O O O O O O O O O O O O O O O O O
1071,"Ġ Ċ Ċ M ayer hof ler Ġthen Ġsc yt hed Ġthrough Ġthe Ġmiddle Ġfor Ġa Ġtry Ġafter ĠHall ĠCharl ton Ġpopped Ġthe Ġball Ġup , Ġand ĠWal der 's Ġconversion Ġtook ĠNewcastle Ġ27 - 22 Ġahead .",O O O O O O O O O O O O O O O O O O B-ATHLETE I-ATHLETE I-ATHLETE O O O O O O O O O O O O O O O O O,O O O B-ATHLETE I-ATHLETE I-ATHLETE I-ATHLETE O O O O O O O O O O O B-ATHLETE I-ATHLETE I-ATHLETE O O O O O O B-ATHLETE I-ATHLETE O O O O O O O O O
1072,"ĠWith Ġthree Ġminutes Ġof Ġnormal Ġtime Ġleft , ĠNar ra way Ġwas Ġdriven Ġover Ġfor Ġa Ġtry Ġin Ġthe Ġcorner Ġwhich Ġleve lled Ġthe Ġscores Ġat Ġ27 - 27 .",O O O O O O O O O O O O O O O O O O O O O O O O O O O O O O,O O O O O O O O B-ATHLETE I-ATHLETE I-ATHLETE O O O O O O O O O O O O O O O O O O O
1073,ĠHenry Ġmissed Ġthe Ġconversion Ġbut ĠGlou cester Ġnearly Ġwon Ġit Ġwhen ĠK io le Ġbroke Ġthrough Ġonly Ġto Ġbe Ġhauled Ġdown Ġby ĠCharl ton Ġand ĠTom ĠMay .,O O O O O O O O O O O O O O O O O O O O O O O O O B-ATHLETE I-ATHLETE O,B-ATHLETE O O O O O O O O O O B-ATHLETE I-ATHLETE I-ATHLETE O O O O O O O O B-ATHLETE I-ATHLETE O B-ATHLETE I-ATHLETE O
1074,"Ġ Ċ Ċ Wal der ; ĠMay , ĠT ait , ĠMayer hof ler , ĠStephenson ; ĠWilkinson , ĠGrind al ; ĠIsaac son , ĠLong , ĠWard ; ĠGross , ĠHamilton ; ĠMcCarthy , ĠHarris , ĠDow son .",O O O O O O O O O O O O O O O O O B-ATHLETE O O O O O O O O O O O O O O O O O O O O O O,O O O B-ATHLETE I-ATHLETE O B-ATHLETE O B-ATHLETE I-ATHLETE O B-ATHLETE I-ATHLETE I-ATHLETE O B-ATHLETE O B-ATHLETE O B-ATHLETE I-ATHLETE O B-ATHLETE I-ATHLETE O B-ATHLETE O B-ATHLETE O B-ATHLETE O B-ATHLETE O B-ATHLETE O B-ATHLETE O B-ATHLETE I-ATHLETE O
1075,"Ġ Ċ Ċ Repl acements : ĠPeel , ĠWilson , ĠThompson , ĠPar ling , ĠSit iti , ĠCharl ton , ĠShaw .",O O O O O O O O O O O O O O O O O O O O O O O,O O O O O O B-ATHLETE O B-ATHLETE O B-ATHLETE O B-ATHLETE I-ATHLETE O B-ATHLETE I-ATHLETE O B-ATHLETE I-ATHLETE O B-ATHLETE O
1076,"Ġ Ċ Ċ Good ridge ; ĠGar vey , ĠSimpson - Daniel , ĠFan ol ua , ĠK io le ; ĠPaul , ĠG om ars all ; ĠWood , ĠC urn ier , ĠPowell ; ĠE ust ace , ĠBrown ; ĠFor re ster , ĠBu xton , ĠBald ing .",O O O O O O O O O O O O O O O O O O O O O O O O O O O O O O O O O O O O O O O O O O O O O O O O O O O O,O O O B-ATHLETE I-ATHLETE O B-ATHLETE I-ATHLETE O B-ATHLETE I-ATHLETE I-ATHLETE O B-ATHLETE I-ATHLETE I-ATHLETE O B-ATHLETE I-ATHLETE I-ATHLETE O B-ATHLETE O B-ATHLETE I-ATHLETE I-ATHLETE I-ATHLETE O B-ATHLETE O B-ATHLETE I-ATHLETE I-ATHLETE O B-ATHLETE O B-ATHLETE I-ATHLETE I-ATHLETE O B-ATHLETE O B-ATHLETE I-ATHLETE I-ATHLETE O B-ATHLETE I-ATHLETE O B-ATHLETE I-ATHLETE O
1077,"Ġ Ċ Ċ Repl acements : ĠEll oway , ĠSig ley , ĠCorn well , ĠNar ra way , ĠPage , ĠDavies , ĠMau ger .",O O O O O O O O O O O O O O O O O O O O O O O O O O,O O O O O O B-ATHLETE I-ATHLETE O B-ATHLETE I-ATHLETE O B-ATHLETE I-ATHLETE O B-ATHLETE I-ATHLETE I-ATHLETE O B-ATHLETE O B-ATHLETE O B-ATHLETE I-ATHLETE O
1078,ĠSlow Ġstart Ġto Ġspeedy Ġnet Ġservices Ċ Ċ F aster Ġbroadband Ġin Ġthe ĠUK Ġis Ġbecoming Ġa Ġreality Ġas Ġmore Ġinternet Ġproviders Ġoffer Ġsuper - fast Ġservices .,O O O O O O O O O O O O O O O O O O O O O O O O O O O O,O O O O O O O O O O O O O O O O O O O O O O O O O O O O
1079,"Ġ Ċ Ċ Some Ġlucky ĠBritons Ġcan Ġalready Ġtake Ġadvantage Ġof ĠUK ĠOnline 's Ġ8 Ġmeg ab its Ġper Ġsecond Ġservice , Ġwhich Ġwas Ġlaunched Ġin ĠNovember Ġ2004 .",O O O O O O O O O O O O O O O O O O O O O O O O O O O O O,O O O O O O O O O O O O O O O O O O O O O O O O O O O O O
1080,"ĠBT ĠRetail Ġhas Ġannounced Ġthat Ġit Ġwill Ġtrial Ġthe Ġsame Ġspeed Ġservice , Ġwith Ġa Ġnational Ġrollout Ġby Ġyear Ġend .",O O O O O O O O O O O O O O O O O O O O O,O O O O O O O O O O O O O O O O O O O O O
1081,ĠOther Ġservice Ġproviders Ġare Ġexpected Ġto Ġfollow Ġsuit Ġand Ġa Ġglut Ġof Ġnew Ġvoice Ġand Ġvideo Ġservices Ġwill Ġfollow .,O O O O O O O O O O O O O O O O O O O O,O O O O O O O O O O O O O O O O O O O O
1082,"Ġ Ċ Ċ "" If Ġthe Ġbandwidth Ġis Ġthere Ġthen ĠISPs Ġwill Ġbuy Ġit ,"" Ġsaid ĠJill ĠFinger , Ġa Ġresearch Ġdirector Ġat Ġanalyst Ġfirm ĠID C .",O O O O O O O O O O O O O O O O B-AUTHOR-WRITER I-AUTHOR-WRITER O O O O O O O O O O,O O O O O O O O O O O O O O O O B-PUBLIC-FIGURE I-PUBLIC-FIGURE O O O O O O O O O O
1083,"ĠOthers Ġwill Ġbe Ġwatching ĠBT ĠRetail 's Ġtrials , Ġwhich Ġis Ġinitially Ġfor Ġemployees Ġand Ġlater Ġin Ġthe Ġsummer Ġfor Ġcustomers , Ġwith Ġinterest .",O O O O O O O O O O O O O O O O O O O O O O O O O,O O O O O O O O O O O O O O O O O O O O O O O O O
1084,"ĠFor ĠBT ĠRetail , Ġshe Ġsaid , Ġthe Ġsuper - fast Ġservice Ġcould Ġbe Ġa Ġway Ġof Ġdifferent iating Ġit Ġfrom Ġother Ġplayers . Ġ""",O O O O O O O O O O O O O O O O O O O O O O O O O,O O O O O O O O O O O O O O O O O O O O O O O O O
1085,"ĠIt Ġhas Ġbeen Ġlosing Ġmarket Ġshare Ġand Ġthis Ġcould Ġbe Ġone Ġway Ġof Ġgaining Ġsome Ġof Ġthat Ġback ,"" Ġsaid ĠMs ĠFinger .",O O O O O O O O O O O O O O O O O O O O O O O,O O O O O O O O O O O O O O O O O O O O O B-PUBLIC-FIGURE O
1086,ĠWan ad oo Ġis Ġset Ġto Ġtrial Ġan Ġ8 Mbps Ġservice Ġin Ġthe Ġsummer Ġand Ġalso Ġplans Ġto Ġroll Ġout Ġunb und led Ġservices Ġ- Ġwhich Ġmeans Ġit Ġtakes Ġover Ġthe Ġnetwork Ġfrom ĠBT Ġ- Ġwhich Ġwill Ġprovide Ġspeeds Ġof Ġup Ġto Ġ15 Mbps .,O O O O O O O O O O O O O O O O O O O O O O O O O O O O O O O O O O O O O O O O O O O O O,B-BUSINESS-EXECUTIVE-MANAGER I-BUSINESS-EXECUTIVE-MANAGER I-BUSINESS-EXECUTIVE-MANAGER O O O O O O O O O O O O O O O O O O O O O O O O O O O O O O O O O O O O O O O O O O
1087,ĠThere Ġis Ġno Ġtimetable Ġfor Ġthis Ġat Ġthe Ġmoment .,O O O O O O O O O O,O O O O O O O O O O
1088,"ĠCable Ġfirms Ġn tl Ġand ĠTele west Ġare Ġalso Ġbound Ġto Ġincrease Ġbandwidth Ġat Ġsome Ġtime Ġin Ġthe Ġfuture Ġand , Ġaccording Ġto Ġan Ġn tl Ġspokesman , Ġare Ġin Ġa Ġbetter Ġposition Ġthan ĠBT Ġin Ġthe Ġlong Ġterm . Ġ""",O O O O O O O O O O O O O O O O O O O O O O O O O O O O O O O O O O O O O O O O O,O O O O O O O O O O O O O O O O O O O O O O O O O O O O O O O O O O O O O O O O O
1089,ĠBT 's Ġnetwork Ġis Ġlimited Ġcompared Ġto Ġthat Ġof Ġcable .,O O O O O O O O O O O,O O O O O O O O O O O
1090,"ĠWith Ġall Ġthe Ġother Ġservices Ġcoming Ġon Ġstream Ġsuch Ġas Ġvideo Ġon Ġdemand , Ġthe Ġquestion Ġis Ġwill Ġ8 Mbps Ġbe Ġenough ?""",O O O O O O O O O O O O O O O O O O O O O O O,O O O O O O O O O O O O O O O O O O O O O O O
1091,Ġhe Ġasked .,O O O,O O O
1092,ĠDent Ġcontinues ĠAdelaide Ġprogress Ċ Ċ American ĠTaylor ĠDent Ġreached Ġthe Ġfinal Ġof Ġthe ĠAustralian Ġhard court Ġevent Ġin ĠAdelaide Ġwith Ġa Ġcrushing Ġ6 - 1 Ġ6 - 1 Ġwin Ġover ĠArgentine ĠJuan ĠIgn acio ĠChe la .,O O O O O O O B-ATHLETE I-ATHLETE O O O O O O O O O O O O O O O O O O O O O O O B-ATHLETE I-ATHLETE I-ATHLETE I-ATHLETE I-ATHLETE O,B-ATHLETE O O O O O O B-ATHLETE I-ATHLETE O O O O O O O O O O O O O O O O O O O O O O O B-ATHLETE I-ATHLETE I-ATHLETE I-ATHLETE I-ATHLETE O
1093,Ġ Ċ Ċ D ent Ġwill Ġmeet ĠSwed e ĠJo ach im ĠJoh ansson Ġon ĠSunday Ġafter Ġthe Ġsecond Ġseed Ġsurvived Ġa Ġtense Ġtie - break Ġto Ġdefeat ĠBelgium 's ĠOlivier ĠR och us Ġ6 - 1 Ġ7 - 6 Ġ( 7 / 5 ).,O O O O O O O O O B-ATHLETE I-ATHLETE I-ATHLETE I-ATHLETE I-ATHLETE O O O O O O O O O O O O O O O O B-ATHLETE I-ATHLETE I-ATHLETE I-ATHLETE O O O O O O O O O O O,O O O B-ATHLETE I-ATHLETE O O O O B-ATHLETE I-ATHLETE I-ATHLETE I-ATHLETE I-ATHLETE O O O O O O O O O O O O O O O O B-ATHLETE I-ATHLETE I-ATHLETE I-ATHLETE O O O O O O O O O O O
1094,"ĠJoh ansson , Ġthe Ġboyfriend Ġof ĠL ley ton ĠHew itt 's Ġsister ĠJas lyn , Ġreceived Ġstrong Ġcrowd Ġsupport Ġon ĠSaturday . Ġ""",O O O O O O B-ATHLETE I-ATHLETE I-ATHLETE I-ATHLETE I-ATHLETE O O O O O O O O O O O O O,B-ACTOR-DIRECTOR I-ACTOR-DIRECTOR O O O O B-ACTOR-DIRECTOR I-ACTOR-DIRECTOR I-ACTOR-DIRECTOR I-ACTOR-DIRECTOR I-ACTOR-DIRECTOR I-ACTOR-DIRECTOR O B-PUBLIC-FIGURE I-PUBLIC-FIGURE O O O O O O O O O
1095,"ĠIt Ġfeels Ġlike Ġhome Ġfor Ġme , Ġbecause ĠJas lyn Ġlives Ġhere ,"" Ġsaid ĠJoh ansson .",O O O O O O O O O O O O O O O O O,O O O O O O O O B-PUBLIC-FIGURE I-PUBLIC-FIGURE O O O O B-ATHLETE I-ATHLETE O
1096,"ĠR och us Ġwas Ġleading Ġ5 - 4 Ġin Ġthe Ġsecond Ġset Ġtie break Ġbut Ġhis Ġconcentration Ġwas Ġr uff led Ġby Ġa Ġdisputed Ġline Ġcall Ġand Ġthe Ġmatch Ġslipped Ġaway . Ġ""",O O O O O O O O O O O O O O O O O O O O O O O O O O O O O O O O O,B-ATHLETE I-ATHLETE I-ATHLETE O O O O O O O O O O O O O O O O O O O O O O O O O O O O O O
1097,"ĠIt Ġwas Ġso Ġclose Ġ- Ġone Ġmistake Ġlike Ġthis Ġand Ġthe Ġmatch Ġis Ġover , Ġit 's Ġtough .",O O O O O O O O O O O O O O O O O O O,O O O O O O O O O O O O O O O O O O O
1098,"ĠFor Ġme , Ġit Ġwas Ġclearly Ġout ,"" ĠR och us Ġsaid .",O O O O O O O O O O O O O,O O O O O O O O B-ATHLETE I-ATHLETE I-ATHLETE O O
1099,"ĠKennedy Ġquestions Ġtrust Ġof ĠBlair Ċ Ċ Lib ĠDem Ġleader ĠCharles ĠKennedy Ġhas Ġsaid Ġvoters Ġnow Ġhave Ġa Ġ"" fund amental Ġlack Ġof Ġtrust "" Ġof ĠTony ĠBlair Ġas Ġprime Ġminister .",O O O O O O O O O O B-POLITICIAN I-POLITICIAN O O O O O O O O O O O O O O B-POLITICIAN I-POLITICIAN O O O O,B-POLITICIAN O O O B-POLITICIAN O O O O O B-POLITICIAN I-POLITICIAN O O O O O O O O O O O O O O B-POLITICIAN I-POLITICIAN O O O O
1100,"Ġ Ċ Ċ He Ġsaid Ġbacking Ġhis Ġparty Ġwas Ġnot Ġa Ġwasted Ġvote , Ġadding Ġthat Ġwith Ġthe ĠLib ĠDems Ġ"" what Ġyou Ġsee Ġis Ġwhat Ġyou Ġget "".",O O O O O O O O O O O O O O O O O O O O O O O O O O O O O,O O O O O O O O O O O O O O O O O O O O O O O O O O O O O
1101,ĠHe Ġmade Ġhis Ġcomments Ġat Ġthe Ġstart Ġof Ġa Ġday Ġof Ġappearances Ġon ĠChannel ĠFive Ġin Ġa Ġsession Ġon ĠThe ĠWright ĠStuff Ġprogramme .,O O O O O O O O O O O O O O O O O O O O O O O O,O O O O O O O O O O O O O O O O O O O O O O O O
1102,"ĠQuestions Ġfrom Ġcall ers , Ġa Ġstudio Ġaudience Ġand Ġthe Ġshow 's Ġpresenter Ġcovered ĠLib ĠDem Ġtax Ġplans , Ġanti - terror Ġlaws Ġand Ġimmigration .",O O O O O O O O O O O O O O O O O O O O O O O O O O,O O O O O O O O O O O O O O O O O O O O O O O O O O
1103,"Ġ Ċ Ċ Mr ĠKennedy Ġsaid Ġduring Ġhis Ġnearly Ġ22 Ġyears Ġin ĠParliament Ġhe Ġhad Ġseen Ġprime Ġministers Ġand Ġparty Ġleaders Ġcome Ġand Ġgo Ġand Ġknew Ġthe Ġpitfalls Ġof ĠBritish Ġpolitics . Ġ""",O O O O O O O O O O O O O O O O O O O O O O O O O O O O O O O O O,O O O O B-POLITICIAN O O O O O O O O O O O O O O O O O O O O O O O O O O O O
1104,"Ġ1983 Ġwas Ġwhen ĠI Ġwas Ġfirst Ġelected Ġas Ġan ĠMP Ġ- Ġso ĠTony ĠBlair , ĠMichael ĠHoward Ġand Ġmyself Ġwere Ġall Ġclass Ġof Ġ' 83 Ġ- Ġand Ġover Ġthat Ġnearly Ġquarter Ġof Ġa Ġcentury Ġthe Ġworld Ġhas Ġchanged Ġout Ġof Ġrecognition ,"" Ġhe Ġsaid . Ġ""",O O O O O O O O O O O O B-POLITICIAN I-POLITICIAN O B-POLITICIAN I-POLITICIAN O O O O O O O O O O O O O O O O O O O O O O O O O O O O O,O O O O O O O O O O O O B-POLITICIAN I-POLITICIAN O B-POLITICIAN I-POLITICIAN O O O O O O O O O O O O O O O O O O O O O O O O O O O O O
1105,"ĠWe Ġdon 't Ġactually Ġhear Ġthe Ġargument Ġany Ġlonger : Ġ' Lib ĠDems , Ġgood Ġpeople , Ġreasonable Ġideas Ġbut Ġonly Ġif Ġwe Ġthought Ġthey Ġcould Ġwin Ġaround Ġhere Ġ- Ġit 's Ġa Ġwasted Ġvote '. Ġ""",O O O O O O O O O O O O O O O O O O O O O O O O O O O O O O O O O O O O O,O O O O O O O O O O O O O O O O O O O O O O O O O O O O O O O O O O O O O
1106,"ĠYou Ġdon 't Ġhear Ġthat Ġbecause Ġthe Ġevidence Ġof Ġpeople 's Ġsenses Ġdemonstrates Ġthat Ġit Ġisn 't Ġa Ġwasted Ġvote .""",O O O O O O O O O O O O O O O O O O O O O,O O O O O O O O O O O O O O O O O O O O O
1107,"ĠBut Ġhe Ġsaid ĠMr ĠBlair Ġhad Ġlost Ġthe Ġtrust Ġof Ġthe ĠBritish Ġpeople . Ġ""",O O O O O O O O O O O O O O O,O O O O B-POLITICIAN O O O O O O O O O O
1108,"ĠThere Ġis Ġa Ġfundamental Ġlack Ġof Ġtrust Ġin ĠTony ĠBlair Ġas Ġprime Ġminister Ġand Ġin Ġhis Ġgovernment ,"" Ġhe Ġsaid .",O O O O O O O O B-POLITICIAN I-POLITICIAN O O O O O O O O O O O,O O O O O O O O B-POLITICIAN I-POLITICIAN O O O O O O O O O O O
1109,"Ġ Ċ Ċ "" What Ġwe 've Ġgot Ġto Ġdo Ġas Ġa Ġparty Ġ- Ġwhat ĠI 've Ġgot Ġto Ġdo Ġas Ġa Ġleader Ġof Ġthis Ġparty Ġ- Ġis Ġto Ġconvey Ġto Ġpeople Ġthat Ġwhat Ġyou Ġsee Ġis Ġwhat Ġyou Ġget .""",O O O O O O O O O O O O O O O O O O O O O O O O O O O O O O O O O O O O O O O O O,O O O O O O O O O O O O O O O O O O O O O O O O O O O O O O O O O O O O O O O O O
1110,"ĠMr ĠKennedy Ġalso Ġused Ġhis ĠTV Ġappearance Ġto Ġdefend Ġhis Ġparty 's Ġplans Ġto Ġincrease Ġincome Ġtax Ġto Ġ50 % Ġfor Ġthose Ġearning Ġmore Ġthan ĠÂ£ 100 , 000 , Ġsaying Ġit Ġwould Ġapply Ġto Ġjust Ġ1 % Ġof Ġthe Ġpopulation .",O O O O O O O O O O O O O O O O O O O O O O O O O O O O O O O O O O O O O O O O O O,O B-POLITICIAN O O O O O O O O O O O O O O O O O O O O O O O O O O O O O O O O O O O O O O O O
1111,"ĠHe Ġsaid Ġthe Ġextra Ġrevenue Ġwould Ġallow Ġhis Ġparty Ġto Ġget Ġrid Ġof Ġtuition Ġand Ġtop - up Ġfees , Ġintroduce Ġfree Ġpersonal Ġcare Ġfor Ġthe Ġelderly Ġand Ġreplace Ġthe Ġcouncil Ġtax Ġwith Ġa Ġlocal Ġincome Ġtax .",O O O O O O O O O O O O O O O O O O O O O O O O O O O O O O O O O O O O O O,O O O O O O O O O O O O O O O O O O O O O O O O O O O O O O O O O O O O O O
1112,ĠMr ĠBlair Ġhas Ġalready Ġspent Ġa Ġday Ġwith ĠFive Ġand ĠMichael ĠHoward Ġis Ġbooked Ġfor Ġa Ġsimilar Ġsession .,O O O O O O O O O O B-POLITICIAN I-POLITICIAN O O O O O O O,O B-POLITICIAN O O O O O O O O B-POLITICIAN I-POLITICIAN O O O O O O O
1113,"ĠYuk os Ġaccused Ġof Ġlying Ġto Ġcourt Ċ Ċ Russian Ġoil Ġfirm ĠYuk os Ġlied Ġto Ġa ĠUS Ġcourt Ġin Ġan Ġattempt Ġto Ġstop Ġthe ĠRussian Ġgovernment Ġselling Ġoff Ġits Ġkey Ġproduction Ġunit , Ġthe Ġcourt Ġhas Ġheard .",O O O O O O O O O O O O O O O O O O O O O O O O O O O O O O O O O O O O O O O,O O O O O O O O O O O O O O O O O O O O O O O O O O O O O O O O O O O O O O O
1114,"Ġ Ċ Ċ The Ġunit , ĠYug ansk , Ġwas Ġsold Ġto Ġpay Ġoff Ġa Ġ$ 27 . 5 bn Ġ(Â£ 14 . 5 bn ) Ġback Ġtax Ġbill .",O O O O O O O O O O O O O O O O O O O O O O O O O O O O O O,O O O O O O O O O O O O O O O O O O O O O O O O O O O O O O
1115,"ĠYuk os Ġargued Ġthat Ġsince Ġit Ġhad Ġa ĠUS Ġsubsidiary Ġand Ġlocal Ġbank Ġaccounts , Ġthe ĠUS Ġcourt Ġcould Ġdeclare Ġit Ġbankrupt Ġand Ġstop Ġthe Ġauction Ġof ĠYug ansk .",O O O O O O O O O O O O O O O O O O O O O O O O O O O O O O,O O O O O O O O O O O O O O O O O O O O O O O O O O O O O O
1116,ĠBut ĠDeutsche ĠBank Ġ- Ġitself Ġa Ġtarget Ġof Ġa ĠYuk os Ġlawsuit Ġ- Ġsaid Ġdocuments Ġhad Ġbeen Ġback dated Ġto Ġstrengthen Ġthe Ġcase .,O O O O O O O O O O O O O O O O O O O O O O O O,O O O O O O O O O O O O O O O O O O O O O O O O
1117,Ġ Ċ Ċ De utsche ĠBank 's Ġevidence Ġcame Ġon Ġthe Ġfirst Ġday Ġof Ġa Ġtwo - day Ġhearing Ġin ĠHouston .,O O O O O O O O O O O O O O O O O O O O O O,O O O B-BUSINESS-EXECUTIVE-MANAGER I-BUSINESS-EXECUTIVE-MANAGER I-BUSINESS-EXECUTIVE-MANAGER O O O O O O O O O O O O O O O O
1118,"ĠIts Ġlawyer , ĠHugh ĠRay , Ġtold Ġthe Ġcourt Ġthat ĠYuk os Ġhad Ġclaimed Ġit Ġhad Ġtransferred Ġ$ 27 m Ġinto Ġtwo ĠTexas Ġbank Ġaccounts Ġopened Ġby Ġits Ġnew ĠUS Ġsubsidiary .",O O O B-PUBLIC-FIGURE I-PUBLIC-FIGURE O O O O O O O O O O O O O O O O O O O O O O O O O O O,O O O B-BUSINESS-EXECUTIVE-MANAGER I-BUSINESS-EXECUTIVE-MANAGER O O O O O O O O O O O O O O O O O O O O O O O O O O O
1119,"ĠBy Ġdoing Ġso , Ġhe Ġsaid , Ġthe Ġfirm Ġhad Ġintended Ġto Ġreinforce Ġits ĠUS Ġpresence Ġ- Ġand Ġthus Ġits Ġchances Ġof Ġgetting Ġits Ġcase Ġheard Ġin ĠUS Ġcourts .",O O O O O O O O O O O O O O O O O O O O O O O O O O O O O O,O O O O O O O O O O O O O O O O O O O O O O O O O O O O O O
1120,"ĠBut Ġhe Ġsaid Ġthat Ġthe Ġpapers Ġdocumenting Ġthe Ġtransaction Ġwere Ġnot Ġdrawn Ġup Ġtill Ġweeks Ġafter ĠYuk os Ġmade Ġits Ġbankruptcy Ġapplication Ġon Ġ14 ĠDecember , Ġand Ġthen Ġback dated .",O O O O O O O O O O O O O O O O O O O O O O O O O O O O O O O,O O O O O O O O O O O O O O O O O O O O O O O O O O O O O O O
1121,"Ġ Ċ Ċ Y uk os Ġchief Ġfinancial Ġofficer ĠBruce ĠMis am ore , Ġwho Ġhad Ġmoved Ġto Ġthe ĠUS Ġin Ġearly ĠDecember Ġto Ġset Ġup ĠYuk os ĠUSA , Ġacknowledged Ġthe Ġpoint .",O O O O O O O O O B-BUSINESS-EXECUTIVE-MANAGER I-BUSINESS-EXECUTIVE-MANAGER I-BUSINESS-EXECUTIVE-MANAGER I-BUSINESS-EXECUTIVE-MANAGER O O O O O O O O O O O O O O O O O O O O O,O O O O O O O O O B-BUSINESS-EXECUTIVE-MANAGER I-BUSINESS-EXECUTIVE-MANAGER I-BUSINESS-EXECUTIVE-MANAGER I-BUSINESS-EXECUTIVE-MANAGER O O O O O O O O O O O O O O O O O O O O O
1122,"ĠHe Ġsaid Ġthe Ġdiscrepancy Ġwas Ġonly Ġin Ġthe Ġpaperwork , Ġbut Ġthat Ġmoney Ġhad Ġindeed Ġbeen Ġtransferred Ġon Ġ14 ĠDecember .",O O O O O O O O O O O O O O O O O O O O O,O O O O O O O O O O O O O O O O O O O O O
1123,"ĠEven Ġso , Ġhe Ġtold Ġthe Ġcourt Ġthat Ġonly Ġ$ 480 , 000 Ġhad Ġbeen Ġin Ġthe Ġaccounts Ġthat Ġday , Ġwith Ġthe Ġrest Ġarriving Ġa Ġday Ġlater .",O O O O O O O O O O O O O O O O O O O O O O O O O O O O O,O O O O O O O O O O O O O O O O O O O O O O O O O O O O O
1124,Ġ Ċ Ċ De utsche ĠBank Ġis Ġinvolved Ġin Ġthe Ġcase Ġbecause Ġit Ġis Ġitself Ġbeing Ġsued Ġby ĠYuk os .,O O O O O O O O O O O O O O O O O O O O O,O O O O O O O O O O O O O O O O O O O O O
1125,"ĠIt Ġhad Ġagreed Ġto Ġloan Ġto Ġan Ġarm Ġof ĠRussian Ġstate Ġgas Ġfirm ĠGaz prom Ġthe Ġmoney Ġto Ġbid Ġfor ĠYug ansk ne f te g az , Ġas Ġthe ĠYuk os Ġunit Ġis Ġformally Ġknown .",O O O O O O O O O O O O O O O O O O O O O O O O O O O O O O O O O O O O O,O O O O O O O O O O O O O O O O O O O O O O O O O O O O O O O O O O O O O
1126,"ĠThe Ġsale Ġwent Ġahead , Ġdespite Ġan Ġorder Ġfrom Ġthe ĠUS Ġbankruptcy Ġcourt Ġordered Ġthat Ġit Ġshould Ġbe Ġstopped .",O O O O O O O O O O O O O O O O O O O O,O O O O O O O O O O O O O O O O O O O O
1127,"ĠIn Ġthe Ġend , Ġthe Ġauction Ġwas Ġwon Ġby Ġan Ġunknown Ġshell Ġcompany Ġfor Ġ$ 9 . 4 bn Ġ- Ġmuch Ġless Ġthan Ġmost Ġassessments Ġof Ġits Ġvalue Ġ- Ġbefore Ġending Ġup Ġin Ġthe Ġhands Ġof Ġstate - controlled Ġoil Ġfirm ĠRos ne ft .",O O O O O O O O O O O O O O O O O O O O O O O O O O O O O O O O O O O O O O O O O O O O O,O O O O O O O O O O O O O O O O O O O O O O O O O O O O O O O O O O O O O O O O O O O O O
1128,"ĠRos ne ft , Ġmeanwhile , Ġhas Ġagreed Ġto Ġmerge Ġwith ĠGaz prom , Ġbringing Ġa Ġlarge Ġchunk Ġof ĠRussia 's Ġvery Ġprofitable Ġoil Ġbusiness Ġback Ġunder Ġstate Ġcontrol .",O O O O O O O O O O O O O O O O O O O O O O O O O O O O O O,B-BUSINESS-EXECUTIVE-MANAGER I-BUSINESS-EXECUTIVE-MANAGER I-BUSINESS-EXECUTIVE-MANAGER O O O O O O O O O O O O O O O O O O O O O O O O O O O
1129,Ġ Ċ Ċ Y uk os Ġmaintains Ġthat Ġit Ġfiled Ġfor Ġbankruptcy Ġin Ġthe ĠUS Ġbecause Ġit Ġfeared Ġit Ġwould Ġnot Ġbe Ġable Ġto Ġdo Ġso Ġin ĠRussia .,O O O O O O O O O O O O O O O O O O O O O O O O O O O O O,O O O B-PUBLIC-FIGURE I-PUBLIC-FIGURE I-PUBLIC-FIGURE O O O O O O O O O O O O O O O O O O O O O O O
1130,"ĠIt Ġalso Ġsaid Ġthat Ġin Ġthe Ġevent Ġof Ġgoing Ġbust , Ġit Ġcould Ġoffer Ġthe Ġchance Ġof Ġrestructuring . Ġ""",O O O O O O O O O O O O O O O O O O O O,O O O O O O O O O O O O O O O O O O O O
1131,"ĠIt Ġgives Ġus Ġa Ġkind Ġof Ġlife Ġafter Ġdeath Ġalternative ,"" Ġsaid ĠYuk os Ġchief Ġexecutive ĠSteven ĠThe ede .",O O O O O O O O O O O O O O O O B-BUSINESS-EXECUTIVE-MANAGER I-BUSINESS-EXECUTIVE-MANAGER I-BUSINESS-EXECUTIVE-MANAGER O,O O O O O O O O O O O O O O O O B-BUSINESS-EXECUTIVE-MANAGER I-BUSINESS-EXECUTIVE-MANAGER I-BUSINESS-EXECUTIVE-MANAGER O
1132,"ĠYuk os Ġis Ġcurrently Ġsuing Ġfour Ġcompanies Ġ- ĠGaz prom , Ġits Ġunit ĠGaz prom ne ft , ĠRos ne ft Ġand Ġthe Ġshell Ġcompany Ġwhich Ġwon Ġthe Ġbidding Ġ- Ġfor Ġtheir Ġpart Ġin ĠYug ansk 's Ġdisposal .",O O O O O O O O O O O O O O O O O O O O O O O O O O O O O O O O O O O O O O O,O O O O O O O O O O O O O O O O O O O O O O O O O O O O O O O O O O O O O O O
1133,ĠIt Ġhas Ġalso Ġthreatened Ġto Ġsue Ġthe ĠRussian Ġgovernment Ġfor Ġ$ 28 bn .,O O O O O O O O O O O O O O,O O O O O O O O O O O O O O
1134,"ĠAnaly sts Ġhave Ġquestioned Ġwhether Ġa ĠUS Ġcourt Ġhas Ġany Ġjurisdiction Ġover ĠRussian Ġcompanies , Ġwhile ĠMoscow Ġofficials Ġhave Ġdismissed ĠYuk os ' Ġlegal Ġwr angling Ġas Ġmeaningless .",O O O O O O O O O O O O O O O O O O O O O O O O O O O O O,O O O O O O O O O O O O O O O O O O O O O O O O O O O O O
1135,ĠYuk os Ġclaims Ġthat Ġthe Ġrights Ġof Ġits Ġshareholders Ġhave Ġbeen Ġignored Ġand Ġthat Ġis Ġhas Ġbeen Ġpunished Ġfor Ġthe Ġpolitical Ġambitions Ġof Ġits Ġfounder ĠMikhail ĠK hod ork ovsky .,O O O O O O O O O O O O O O O O O O O O O O O O O B-BUSINESS-EXECUTIVE-MANAGER I-BUSINESS-EXECUTIVE-MANAGER I-BUSINESS-EXECUTIVE-MANAGER I-BUSINESS-EXECUTIVE-MANAGER I-BUSINESS-EXECUTIVE-MANAGER O,O O O O O O O O O O O O O O O O O O O O O O O O O B-BUSINESS-EXECUTIVE-MANAGER I-BUSINESS-EXECUTIVE-MANAGER I-BUSINESS-EXECUTIVE-MANAGER I-BUSINESS-EXECUTIVE-MANAGER I-BUSINESS-EXECUTIVE-MANAGER O
1136,"ĠMr ĠK hod ork ovsky , Ġonce ĠRussia 's Ġrichest Ġman , Ġis Ġin Ġprison , Ġhaving Ġbeen Ġcharged Ġwith Ġfraud Ġand Ġtax Ġevasion Ġand Ġrepeatedly Ġdenied Ġbail .",O O O O O O O O O O O O O O O O O O O O O O O O O O O O O,O B-BUSINESS-EXECUTIVE-MANAGER I-BUSINESS-EXECUTIVE-MANAGER I-BUSINESS-EXECUTIVE-MANAGER I-BUSINESS-EXECUTIVE-MANAGER O O O O O O O O O O O O O O O O O O O O O O O O
1137,"ĠWorld Com Ġbosses ' Ġ$ 54 m Ġpayout Ċ Ċ Ten Ġformer Ġdirectors Ġat ĠWorld Com Ġhave Ġagreed Ġto Ġpay Ġ$ 54 m Ġ(Â£ 28 . 85 m ), Ġincluding Ġ$ 18 m Ġfrom Ġtheir Ġown Ġpockets , Ġto Ġsettle Ġa Ġclass Ġaction Ġlawsuit , Ġreports Ġsay .",O O O O O O O O O O O O O O O O O O O O O O O O O O O O O O O O O O O O O O O O O O O O O O O O,O O O O O O O O O O O O O O O O O O O O O O O O O O O O O O O O O O O O O O O O O O O O O O O O
1138,"Ġ Ċ Ċ James ĠWare ham , Ġa Ġlawyer Ġrepresenting Ġone Ġof Ġthe Ġdirectors , Ġtold ĠReuters Ġthe Ġ10 Ġhad Ġagreed Ġto Ġpay Ġthose Ġwho Ġlost Ġbillions Ġwhen Ġthe Ġfirm Ġcollapsed .",O O O B-PUBLIC-FIGURE I-PUBLIC-FIGURE I-PUBLIC-FIGURE O O O O O O O O O O O O O O O O O O O O O O O O O O,O O O B-PUBLIC-FIGURE I-PUBLIC-FIGURE I-PUBLIC-FIGURE O O O O O O O O O O O O O O O O O O O O O O O O O O
1139,ĠThe Ġremaining Ġ$ 36 m Ġwill Ġbe Ġpaid Ġby Ġthe Ġdirectors ' Ġinsurers .,O O O O O O O O O O O O O O,O O O O O O O O O O O O O O
1140,"ĠBut , Ġa Ġspokesman Ġfor Ġthe Ġprosecutor , ĠNew ĠYork ĠState ĠCom ptroller ĠAlan ĠHe ves i , Ġsaid Ġno Ġformal Ġagreement Ġhad Ġbeen Ġmade .",O O O O O O O O O O O O O B-POLITICIAN I-POLITICIAN I-POLITICIAN I-POLITICIAN O O O O O O O O O,O O O O O O O O O O O O O B-POLITICIAN I-POLITICIAN I-POLITICIAN I-POLITICIAN O O O O O O O O O
1141,"Ġ Ċ Ċ Cor porate Ġgovernance Ġexperts Ġsaid Ġthat Ġif Ġthe Ġdirectors Ġdo Ġdip Ġinto Ġtheir Ġown Ġpockets Ġfor Ġthe Ġsettlement , Ġit Ġwill Ġset Ġa Ġnew Ġstandard Ġfor Ġthe Ġaccountability Ġof Ġbosses , Ġwhen Ġthe Ġfirms Ġthey Ġoversee Ġface Ġproblems .",O O O O O O O O O O O O O O O O O O O O O O O O O O O O O O O O O O O O O O O O O O,O O O O O O O O O O O O O O O O O O O O O O O O O O O O O O O O O O O O O O O O O O
1142,"Ġ Ċ Ċ "" Direct ors Ġvery Ġrarely Ġpay ,"" Ġsaid ĠCharles ĠEl son , Ġchairman Ġof Ġthe ĠCenter Ġfor ĠCorporate ĠGovern ance Ġat Ġthe ĠUniversity Ġof ĠDelaware .",O O O O O O O O O O O B-PUBLIC-FIGURE I-PUBLIC-FIGURE I-PUBLIC-FIGURE O O O O O O O O O O O O O O O,O O O O O O O O O O O B-PUBLIC-FIGURE I-PUBLIC-FIGURE I-PUBLIC-FIGURE O O O O O O O O O O O O O O O
1143,"ĠHe Ġadded Ġthat Ġthe Ġsettlement Ġ"" s ends Ġa Ġpretty Ġstrong Ġshock wave Ġthrough Ġthe Ġdirector Ġworld "".",O O O O O O O O O O O O O O O O O O,O O O O O O O O O O O O O O O O O O
1144,ĠA Ġformal Ġagreement Ġon Ġthe Ġpayout Ġis Ġexpected Ġto Ġbe Ġsigned Ġon ĠThursday Ġin Ġa ĠUS Ġdistrict Ġcourt Ġin ĠManhattan .,O O O O O O O O O O O O O O O O O O O O O,O O O O O O O O O O O O O O O O O O O O O
1145,"ĠEarlier , Ġthe ĠNew ĠYork ĠTimes Ġhad Ġreported Ġthat Ġthe Ġpersonal Ġpayments Ġwere Ġrequired Ġas Ġpart Ġof Ġany Ġdeal Ġat Ġthe Ġstart Ġof Ġnegotiations .",O O O O O O O O O O O O O O O O O O O O O O O O O,O O O O O O O O O O O O O O O O O O O O O O O O O
1146,"ĠThe Ġten Ġformer Ġoutside Ġdirectors Ġare ĠJames ĠAllen , ĠJudith ĠA reen , ĠCarl ĠAy cock , ĠMax ĠBob b itt , ĠClifford ĠAlexander , ĠSt iles ĠK elle tt , ĠGordon ĠMack lin , ĠJohn ĠPorter , ĠLawrence ĠTucker Ġand Ġthe Ġestate Ġof ĠJohn ĠSid g more , Ġwho Ġdied Ġlast Ġyear .",O O O O O O B-BUSINESS-EXECUTIVE-MANAGER I-BUSINESS-EXECUTIVE-MANAGER O B-BUSINESS-EXECUTIVE-MANAGER I-BUSINESS-EXECUTIVE-MANAGER I-BUSINESS-EXECUTIVE-MANAGER O B-BUSINESS-EXECUTIVE-MANAGER I-BUSINESS-EXECUTIVE-MANAGER I-BUSINESS-EXECUTIVE-MANAGER O B-BUSINESS-EXECUTIVE-MANAGER I-BUSINESS-EXECUTIVE-MANAGER I-BUSINESS-EXECUTIVE-MANAGER I-BUSINESS-EXECUTIVE-MANAGER O B-BUSINESS-EXECUTIVE-MANAGER I-BUSINESS-EXECUTIVE-MANAGER O B-BUSINESS-EXECUTIVE-MANAGER I-BUSINESS-EXECUTIVE-MANAGER I-BUSINESS-EXECUTIVE-MANAGER I-BUSINESS-EXECUTIVE-MANAGER I-BUSINESS-EXECUTIVE-MANAGER O B-BUSINESS-EXECUTIVE-MANAGER I-BUSINESS-EXECUTIVE-MANAGER I-BUSINESS-EXECUTIVE-MANAGER O B-BUSINESS-EXECUTIVE-MANAGER I-BUSINESS-EXECUTIVE-MANAGER O B-BUSINESS-EXECUTIVE-MANAGER I-BUSINESS-EXECUTIVE-MANAGER O O O O B-BUSINESS-EXECUTIVE-MANAGER I-BUSINESS-EXECUTIVE-MANAGER I-BUSINESS-EXECUTIVE-MANAGER I-BUSINESS-EXECUTIVE-MANAGER O O O O O O,O O O O O O B-ACTOR-DIRECTOR I-ACTOR-DIRECTOR O B-ACTOR-DIRECTOR I-ACTOR-DIRECTOR I-ACTOR-DIRECTOR O B-ACTOR-DIRECTOR I-ACTOR-DIRECTOR I-ACTOR-DIRECTOR O B-ACTOR-DIRECTOR I-ACTOR-DIRECTOR I-ACTOR-DIRECTOR I-ACTOR-DIRECTOR O B-ACTOR-DIRECTOR I-ACTOR-DIRECTOR O B-ACTOR-DIRECTOR I-ACTOR-DIRECTOR I-ACTOR-DIRECTOR I-ACTOR-DIRECTOR I-ACTOR-DIRECTOR O B-ACTOR-DIRECTOR B-PUBLIC-FIGURE O O B-PUBLIC-FIGURE I-PUBLIC-FIGURE O B-PUBLIC-FIGURE I-PUBLIC-FIGURE O O O O B-PUBLIC-FIGURE I-PUBLIC-FIGURE I-PUBLIC-FIGURE I-PUBLIC-FIGURE O O O O O O
1147,"ĠIt Ġhas Ġnot Ġyet Ġbeen Ġdetermined Ġhow Ġmuch Ġeach Ġdirector Ġwill Ġhave Ġto Ġpay . Ġ""",O O O O O O O O O O O O O O O O,O O O O O O O O O O O O O O O O
1148,"ĠNone Ġof Ġthe Ġ10 Ġformer Ġdirectors Ġwas Ġa Ġdirect Ġparticipant Ġin Ġthe Ġaccounting Ġmach inations Ġof Ġthe ĠWorld Com Ġfraud ,"" Ġsaid Ġthe ĠWall ĠStreet ĠJournal Ġ( WS J ).",O O O O O O O O O O O O O O O O O O O O O O O O O O O O O O,O O O O O O O O O O O O O O O O O O O O O O O O O O O O O O
1149,"Ġ Ċ Ċ Two Ġother Ġoutside Ġformer Ġdirectors , ĠBert ĠRoberts Ġand ĠFrances co ĠG ales i , Ġremain Ġdefendants Ġin Ġthe Ġlawsuit , Ġsaid Ġthe Ġnewspaper .",O O O O O O O O O B-BUSINESS-EXECUTIVE-MANAGER I-BUSINESS-EXECUTIVE-MANAGER O B-BUSINESS-EXECUTIVE-MANAGER I-BUSINESS-EXECUTIVE-MANAGER I-BUSINESS-EXECUTIVE-MANAGER I-BUSINESS-EXECUTIVE-MANAGER I-BUSINESS-EXECUTIVE-MANAGER O O O O O O O O O O O,O O O O O O O O O B-ACTOR-DIRECTOR I-ACTOR-DIRECTOR O B-PUBLIC-FIGURE I-PUBLIC-FIGURE I-PUBLIC-FIGURE I-PUBLIC-FIGURE I-PUBLIC-FIGURE O O O O O O O O O O O
1150,"ĠAccording Ġto Ġthe ĠWS J , Ġwhich Ġcites Ġpeople Ġfamiliar Ġto Ġthe Ġcase , Ġthe Ġsettling Ġdirectors Ġare Ġexpected Ġto Ġdeny Ġwrongdoing Ġand Ġstate Ġthey Ġare Ġsettling Ġthe Ġcase Ġto Ġeliminate Ġthe Ġuncertainties Ġand Ġexpense Ġof Ġfurther Ġlit ig ations .",O O O O O O O O O O O O O O O O O O O O O O O O O O O O O O O O O O O O O O O O O,O O O O O O O O O O O O O O O O O O O O O O O O O O O O O O O O O O O O O O O O O
1151,ĠThe Ġsecond - largest ĠUS Ġlong - distance Ġtelecom s Ġoperator Ġfiled Ġfor Ġbankruptcy Ġin Ġ2002 Ġwhen Ġan Ġ$ 11 bn Ġaccounting Ġscandal Ġwas Ġunearthed .,O O O O O O O O O O O O O O O O O O O O O O O O O O,O O O O O O O O O O O O O O O O O O O O O O O O O O
1152,ĠThe Ġcompany Ġemerged Ġfrom ĠChapter Ġ11 Ġprotection Ġlast Ġyear Ġand Ġchanged Ġits Ġname Ġto ĠMC I ĠInc . ĠFormer ĠWorld Com Ġchief Ġexecutive ĠBernard ĠEb bers Ġis Ġto Ġface Ġtrial Ġthis Ġmonth Ġon Ġcriminal Ġcharges Ġthat Ġhe Ġoversaw Ġthe Ġfraud .,O O O O O O O O O O O O O O O O O O O O O O O B-BUSINESS-EXECUTIVE-MANAGER I-BUSINESS-EXECUTIVE-MANAGER I-BUSINESS-EXECUTIVE-MANAGER O O O O O O O O O O O O O O O,O O O O O O O O O O O O O O O O O O O O O O O B-BUSINESS-EXECUTIVE-MANAGER I-BUSINESS-EXECUTIVE-MANAGER I-BUSINESS-EXECUTIVE-MANAGER O O O O O O O O O O O O O O O
1153,"ĠGame Ġwarnings Ġ' must Ġbe Ġclearer ' Ċ Ċ Viol ent Ġvideo Ġgames Ġshould Ġcarry Ġlarger Ġwarnings Ġso Ġparents Ġcan Ġunderstand Ġwhat Ġtheir Ġchildren Ġare Ġplaying , Ġthe Ġtrade Ġand Ġindustry Ġsecretary Ġhas Ġsaid .",O O O O O O O O O O O O O O O O O O O O O O O O O O O O O O O O O O O,O O O O O O O O O O O O O O O O O O O O O O O O O O O O O O O O O O O
1154,Ġ Ċ Ċ Pat ricia ĠHew itt Ġis Ġexpected Ġto Ġcall Ġfor Ġthe Ġlaw Ġbanning Ġthe Ġsale Ġof Ġ18 - rated Ġgames Ġto Ġchildren Ġto Ġbe Ġenforced Ġbetter Ġat Ġa Ġgames Ġindustry Ġmeeting Ġon ĠSunday .,O O O B-POLITICIAN I-POLITICIAN I-POLITICIAN I-POLITICIAN O O O O O O O O O O O O O O O O O O O O O O O O O O O O O,O O O B-PUBLIC-FIGURE I-PUBLIC-FIGURE I-PUBLIC-FIGURE I-PUBLIC-FIGURE O O O O O O O O O O O O O O O O O O O O O O O O O O O O O
1155,"ĠShe Ġis Ġconcerned Ġtoo Ġmany Ġchildren Ġare Ġplaying Ġgames Ġaimed Ġat Ġadults Ġwhich Ġinclude Ġ"" high Ġlevels Ġof Ġviolence "".",O O O O O O O O O O O O O O O O O O O O,O O O O O O O O O O O O O O O O O O O O
1156,ĠParents Ġare Ġexpected Ġto Ġspend Ġmillions Ġon Ġvideo Ġgames Ġas ĠChristmas Ġpresents .,O O O O O O O O O O O O O,O O O O O O O O O O O O O
1157,"Ġ Ċ Ċ Viol ent Ġgames Ġhave Ġbeen Ġhit Ġby Ġcontroversy Ġafter Ġthe Ġgame ĠMan hunt Ġwas Ġblamed Ġby Ġthe Ġparents Ġof Ġ14 - year - old ĠStefan ĠP ake er ah , Ġwho Ġwas Ġstabbed Ġto Ġdeath Ġin ĠLeicester Ġin ĠFebruary .",O O O O O O O O O O O O O O O O O O O O O O O O O O O B-PUBLIC-FIGURE I-PUBLIC-FIGURE I-PUBLIC-FIGURE I-PUBLIC-FIGURE I-PUBLIC-FIGURE O O O O O O O O O O O,O O O O O O O O O O O O O O O O O O O O O O O O O O O B-PUBLIC-FIGURE I-PUBLIC-FIGURE I-PUBLIC-FIGURE I-PUBLIC-FIGURE I-PUBLIC-FIGURE O O O O O O O O O O O
1158,"ĠHis Ġmother , ĠG is elle , Ġsaid Ġher Ġson 's Ġkiller , ĠWarren ĠLe bl anc , Ġ17 Ġ- Ġwho Ġwas Ġjailed Ġfor Ġlife Ġin ĠSeptember Ġ- Ġhad Ġmim icked Ġbehaviour Ġin Ġthe Ġgame .",O O O B-PUBLIC-FIGURE I-PUBLIC-FIGURE I-PUBLIC-FIGURE O O O O O O O B-PUBLIC-FIGURE I-PUBLIC-FIGURE I-PUBLIC-FIGURE I-PUBLIC-FIGURE O O O O O O O O O O O O O O O O O O O,O O O B-PUBLIC-FIGURE I-PUBLIC-FIGURE I-PUBLIC-FIGURE O O O O O O O O O O O O O O O O O O O O O O O O O O O O O O
1159,ĠPolice Ġinvestigating Ġthe ĠStefan 's Ġmurder Ġdismissed Ġits Ġinfluence Ġand ĠMan hunt Ġwas Ġnot Ġpart Ġof Ġits Ġlegal Ġcase .,O O O O O O O O O O O O O O O O O O O O,O O O B-PUBLIC-FIGURE O O O O O O B-PUBLIC-FIGURE I-PUBLIC-FIGURE O O O O O O O O
1160,"ĠAhead Ġof ĠSunday 's Ġmeeting Ġin ĠLondon , ĠMs ĠHew itt Ġsaid Ġshe Ġwas Ġproud Ġof Ġthe ĠUK 's Ġ"" v ibr ant Ġgames Ġindustry "" Ġbut Ġwas Ġconcerned Ġtoo Ġmany Ġchildren Ġwere Ġplaying Ġgames Ġwhich Ġshould Ġonly Ġbe Ġsold Ġto Ġadults .",O O O O O O O O O O O O O O O O O O O O O O O O O O O O O O O O O O O O O O O O O O O,O O O O O O O O O B-PUBLIC-FIGURE B-POLITICIAN O O O O O O O O O O O O O O O O O O O O O O O O O O O O O O O O
1161,"ĠRoger ĠBennett , Ġhead Ġof Ġgaming Ġindustry Ġbody ĠEL SPA , Ġsaid Ġbanning Ġviolent Ġgames Ġwould Ġbe Ġwrong .",B-BUSINESS-EXECUTIVE-MANAGER I-BUSINESS-EXECUTIVE-MANAGER O O O O O O O O O O O O O O O O O,B-BUSINESS-EXECUTIVE-MANAGER I-BUSINESS-EXECUTIVE-MANAGER O O O O O O O O O O O O O O O O O
1162,"ĠHe Ġsaid : Ġ"" We Ġdon 't Ġwant Ġto Ġgo Ġdown Ġthat Ġroute .",O O O O O O O O O O O O O O,O O O O O O O O O O O O O O
1163,"ĠWe Ġhave Ġseen Ġthat Ġthe Ġgovernment Ġis Ġsupportive Ġof Ġthe Ġindustry .""",O O O O O O O O O O O O,O O O O O O O O O O O O
1164,ĠThe Ġgovernment Ġis Ġholding Ġa Ġfurther Ġmeeting Ġon ĠFriday Ġwith Ġindustry Ġand Ġretail Ġrepresentatives Ġas Ġwell Ġas Ġthe ĠBritish ĠBoard Ġof ĠFilm ĠClassification Ġto Ġdiscuss Ġhow Ġlab elling Ġcan Ġbe Ġmade Ġclearer .,O O O O O O O O O O O O O O O O O O O O O O O O O O O O O O O O O,O O O O O O O O O O O O O O O O O O O O O O O O O O O O O O O O O
1165,"ĠMs ĠHew itt Ġsaid : Ġ"" Ad ults Ġshould Ġbe Ġtreated Ġas Ġadults Ġand Ġchildren Ġas Ġchildren .",O O O O O O O O O O O O O O O O O O,O B-PUBLIC-FIGURE I-PUBLIC-FIGURE O O O O O O O O O O O O O O O
1166,ĠIt Ġis Ġimportant Ġthat Ġretailers Ġrespect Ġthe Ġclass ifications Ġand Ġdo Ġnot Ġsell Ġgames Ġwith Ġhigh Ġlevels Ġof Ġviolence Ġto Ġminors .,O O O O O O O O O O O O O O O O O O O O O O,O O O O O O O O O O O O O O O O O O O O O O
1167,"Ġ Ċ Ċ "" Equ ally Ġparents Ġneed Ġto Ġknow Ġwhat Ġthey Ġmight Ġbe Ġbuying Ġfor Ġtheir Ġchildren . Ġ""",O O O O O O O O O O O O O O O O O O O O,O O O O O O O O O O O O O O O O O O O O
1168,"ĠVideo Ġgames Ġare Ġdifferent Ġto Ġfilms Ġor Ġvideos , Ġand Ġnot Ġall Ġparents Ġhave Ġgrown Ġup Ġplaying Ġgames Ġin Ġthe Ġway Ġour Ġchildren Ġdo . Ġ""",O O O O O O O O O O O O O O O O O O O O O O O O O O,O O O O O O O O O O O O O O O O O O O O O O O O O O
1169,"ĠWe Ġneed Ġto Ġlook Ġcarefully Ġat Ġhow Ġwe Ġimprove Ġcontent Ġwarnings Ġand Ġstrengthen Ġsales Ġenforcement .""",O O O O O O O O O O O O O O O O,O O O O O O O O O O O O O O O O
1170,"ĠHer Ġcall Ġwas Ġbacked Ġby ĠCulture , ĠMedia Ġand ĠSport ĠSecretary ĠT essa ĠJ owell Ġwho Ġsaid : Ġ"" You Ġwouldn 't Ġlet Ġyour Ġchild Ġwatch Ġthe ĠTexas ĠChains aw ĠMassacre .",O O O O O O O O O O O B-POLITICIAN I-POLITICIAN I-POLITICIAN I-POLITICIAN O O O O O O O O O O O O O O O O O,O O O O O O O O O O O B-POLITICIAN I-POLITICIAN I-POLITICIAN I-POLITICIAN O O O O O O O O O O O O O O O O O
1171,"ĠYou Ġwouldn 't Ġlet Ġthem Ġgo Ġto Ġa Ġstrip Ġclub . Ġ""",O O O O O O O O O O O O,O O O O O O O O O O O O
1172,ĠSo Ġyou Ġshouldn 't Ġlet Ġthem Ġplay Ġan Ġ18 - rated Ġgame .,O O O O O O O O O O O O O,O O O O O O O O O O O O O
1173,"ĠIt 's Ġthe Ġsame Ġprinciple Ġ- Ġadults Ġcan Ġmake Ġtheir Ġown Ġinformed Ġchoices , Ġbut Ġchildren Ġcan 't Ġalways Ġand Ġneed Ġto Ġbe Ġprotected .""",O O O O O O O O O O O O O O O O O O O O O O O O O,O O O O O O O O O O O O O O O O O O O O O O O O O
1174,"ĠAnyone Ġconvicted Ġof Ġselling Ġan Ġ18 - rated Ġgame Ġto Ġa Ġchild Ġcan Ġbe Ġjailed Ġfor Ġsix Ġmonths Ġand Ġfined Ġup Ġto ĠÂ£ 5 , 000 .",O O O O O O O O O O O O O O O O O O O O O O O O O O O,O O O O O O O O O O O O O O O O O O O O O O O O O O O
1175,"ĠRock star ĠGames , Ġthe Ġmakers Ġof ĠMan hunt , Ġhas Ġsaid Ġin Ġthe Ġpast Ġit Ġmarkets Ġits Ġgames Ġresponsibly Ġand Ġonly Ġtargets Ġits Ġad verts Ġat Ġadults .",O O O O O O O O O O O O O O O O O O O O O O O O O O O O O,O O O O O O O O O O O O O O O O O O O O O O O O O O O O O
1176,ĠNew ĠYork Ġrock ers Ġtop Ġtalent Ġpoll Ċ Ċ New ĠYork Ġelectro - rock Ġgroup ĠThe ĠBra very Ġhave Ġcome Ġtop Ġof Ġthe ĠBBC ĠNews Ġwebsite 's ĠSound Ġof Ġ2005 Ġpoll Ġto Ġfind Ġthe Ġmusic Ġscene 's Ġmost Ġpromising Ġnew Ġact .,O O O O O O O O O O O O O O O O O O O O O O O O O O O O O O O O O O O O O O O O O O,O O O O O O O O O O O O O O O O O O O O O O O O O O O O O O O O O O O O O O O O O O
1177,"Ġ Ċ Ċ The ĠBra very , Ġwho Ġhave Ġbeen Ġcompared Ġto ĠThe ĠCure Ġand ĠNew ĠOrder , Ġwere Ġthe Ġmost Ġheavily - t ipped Ġact Ġin Ġthe Ġsurvey Ġof Ġ110 Ġimpartial Ġcritics Ġand Ġbroadcasters .",O O O O O O O O O O O O O O O O O O O O O O O O O O O O O O O O O O O O,O O O O O O O O O O O O O O O O O O O O O O O O O O O O O O O O O O O O
1178,ĠRock Ġband ĠKeane Ġwon ĠSound Ġof Ġ2004 Ġwhile ĠUS Ġrapper Ġ50 ĠCent Ġtopped ĠSound Ġof Ġ2003 .,O O O O O O O O O O O O O O O O O,O O O O O O O O O O B-MUSICIAN I-MUSICIAN O O O O O
1179,ĠOther Ġnew Ġartists Ġin Ġthis Ġyear 's Ġlist Ġinclude ĠLondon Ġindie Ġgroup ĠBl oc ĠParty Ġat Ġsecond Ġand ĠUK Ġrapper ĠK ano Ġthird .,O O O O O O O O O O O O O O O O O O O O O O O O,O O O O O O O O O O O O O O O O O O O O B-MUSICIAN I-MUSICIAN O O
1180,"ĠThe ĠBra very Ġplayed Ġtheir Ġfirst Ġgig Ġin Ġ2003 Ġand Ġhave Ġsince Ġsupported Ġbands Ġincluding ĠThe ĠLiber t ines , ĠInter pol Ġand ĠEcho Ġand Ġthe ĠBunny men .",O O O O O O O O O O O O O O O O O O O O O O O O O O O O O,O O O O O O O O O O O O O O O O O O O O O O O O O O O O O
1181,"Ġ Ċ Ċ They Ġwere Ġthe Ġsubject Ġof Ġa Ġrecord Ġcompany Ġbidding Ġwar Ġin Ġ2004 Ġand Ġtheir Ġdebut Ġsingle , ĠUn cond itional , Ġcaused Ġa Ġhuge Ġbuzz Ġwhen Ġit Ġwas Ġreleased Ġin Ġthe ĠUK Ġin ĠNovember .",O O O O O O O O O O O O O O O O O O O O O O O O O O O O O O O O O O O O O O,O O O O O O O O O O O O O O O O O O O O O O O O O O O O O O O O O O O O O O
1182,"ĠSinger ĠSam ĠEnd ic ott Ġsaid Ġhe Ġfelt Ġ"" great "" Ġabout Ġcoming Ġtop Ġof Ġthe ĠSound Ġof Ġ2005 Ġlist . Ġ""",O B-MUSICIAN I-MUSICIAN I-MUSICIAN I-MUSICIAN O O O O O O O O O O O O O O O O O,O B-MUSICIAN I-MUSICIAN I-MUSICIAN I-MUSICIAN O O O O O O O O O O O O O O O O O
1183,"ĠAnyone Ġthat Ġsays Ġthey Ġdon 't Ġwant Ġa Ġz illion Ġscreaming Ġfans Ġis Ġa Ġjack ass , Ġa Ġliar ,"" Ġhe Ġsaid .",O O O O O O O O O O O O O O O O O O O O O O O,O O O O O O O O O O O O O O O O O O O O O O O
1184,"ĠOne Ġof Ġthe Ġexperts Ġto Ġtip ĠThe ĠBra very Ġwas ĠThe ĠTimes ' Ġmusic Ġcritic ĠPaul ĠConn olly , Ġwho Ġsaid Ġthey Ġwere Ġ"" sp iky Ġbut Ġin Ġlove Ġwith Ġpop "".",O O O O O O O O O O O O O O O B-AUTHOR-WRITER I-AUTHOR-WRITER I-AUTHOR-WRITER O O O O O O O O O O O O O O,O O O O O O O O O O O O O O O B-PUBLIC-FIGURE I-PUBLIC-FIGURE I-PUBLIC-FIGURE O O O O O O O O O O O O O O
1185,"ĠChris ĠHawkins , Ġhost Ġof ĠBBC Ġ6 ĠMusic 's Ġchart Ġshow , Ġsaid Ġthe Ġband Ġhad Ġ"" great Ġguitars Ġand Ġa Ġmastery Ġof Ġthe Ġelectro - cl ash Ġsound "". Ġ""",B-AUTHOR-WRITER I-AUTHOR-WRITER O O O O O O O O O O O O O O O O O O O O O O O O O O O O O,B-PUBLIC-FIGURE I-PUBLIC-FIGURE O O O O O O O O O O O O O O O O O O O O O O O O O O O O O
1186,"ĠThe ĠBra very Ġare Ġproof Ġalone Ġthat ĠNew ĠYork ĠCity Ġis Ġstill Ġhome Ġto Ġhot Ġnew Ġtalent ,"" Ġhe Ġsaid .",O O O O O O O O O O O O O O O O O O O O O,O O O O O O O O O O O O O O O O O O O O O
1187,"ĠNigel ĠHarding , Ġhead Ġof Ġmusic Ġat ĠLondon Ġrock Ġradio Ġstation ĠX fm , Ġsaid Ġevery Ġtrack Ġfrom Ġtheir Ġlive Ġset Ġ"" s ounded Ġlike Ġa Ġpotential Ġsingle "".",B-BUSINESS-EXECUTIVE-MANAGER I-BUSINESS-EXECUTIVE-MANAGER O O O O O O O O O O O O O O O O O O O O O O O O O O O,B-BUSINESS-EXECUTIVE-MANAGER I-BUSINESS-EXECUTIVE-MANAGER O O O O O O O O O O O O O O O O O O O O O O O O O O O
1188,"Ġ Ċ Ċ Un cond itional Ġreached Ġthe Ġsummit Ġof Ġthe Ġstation 's Ġlisteners ' Ġchart Ġwithin Ġa Ġfortnight Ġof Ġits Ġfirst Ġplay , Ġwhich ĠMr ĠHarding Ġdescribed Ġas Ġ"" an Ġunheard Ġof Ġachievement Ġfor Ġa Ġdebut Ġsingle "".",O O O O O O O O O O O O O O O O O O O O O O O O O O O O O O O O O O O O O O O,O O O O O O O O O O O O O O O O O O O O O O O O O O B-PUBLIC-FIGURE O O O O O O O O O O O O
1189,"Ġ Ċ Ċ Q Ġmagazine Ġreviews Ġeditor ĠTed ĠKessler Ġsaid Ġthey Ġwere Ġ"" pretty - boy ĠNew ĠYork Ġclothes Ġhorses "" Ġwith Ġ"" an Ġunusually Ġn imble Ġear Ġfor Ġconcise , Ġyear ning Ġpop Ġin Ġthe Ġmould Ġof ĠDur an ĠDur an Ġor ĠThe ĠStro kes "".",O O O O O O O B-AUTHOR-WRITER I-AUTHOR-WRITER O O O O O O O O O O O O O O O O O O O O O O O O O O O O O O O O O O O O O O,O O O O O O O B-PUBLIC-FIGURE I-PUBLIC-FIGURE O O O O O O O O O O O O O O O O O O O O O O O O O O O O O B-MUSICIAN I-MUSICIAN I-MUSICIAN I-MUSICIAN O O O O O
1190,"ĠOther Ġpundits Ġto Ġtake Ġpart Ġin Ġthe Ġsurvey Ġincluded ĠBBC ĠRadio Ġ1 ĠDJ ĠTrevor ĠNelson , ĠN ME Ġeditor ĠConor ĠMcN ich olas , ĠTop Ġof Ġthe ĠP ops Ġpresenter ĠFear ne ĠCotton , ĠGl aston bury Ġorgan iser ĠEmily ĠE avis Ġand ĠBBC ĠRadio Ġ2 Ġmusic Ġeditor ĠColin ĠMartin .",O O O O O O O O O O O O O B-PUBLIC-FIGURE I-PUBLIC-FIGURE O O O O B-AUTHOR-WRITER I-AUTHOR-WRITER I-AUTHOR-WRITER I-AUTHOR-WRITER O O O O O O O B-ACTOR-DIRECTOR I-ACTOR-DIRECTOR I-ACTOR-DIRECTOR O O O O O O B-BUSINESS-EXECUTIVE-MANAGER I-BUSINESS-EXECUTIVE-MANAGER I-BUSINESS-EXECUTIVE-MANAGER O O O O O O B-BUSINESS-EXECUTIVE-MANAGER I-BUSINESS-EXECUTIVE-MANAGER O,O O O O O O O O O O O O O B-PUBLIC-FIGURE I-PUBLIC-FIGURE O O O O B-AUTHOR-WRITER I-AUTHOR-WRITER I-AUTHOR-WRITER I-AUTHOR-WRITER O O O O O O O B-PUBLIC-FIGURE I-PUBLIC-FIGURE I-PUBLIC-FIGURE O O O O O O B-PUBLIC-FIGURE I-PUBLIC-FIGURE I-PUBLIC-FIGURE O O O O O O B-PUBLIC-FIGURE I-PUBLIC-FIGURE O
1191,"ĠElse where Ġon Ġthe Ġtop Ġ10 , Ġsecond - placed Ġrock Ġband ĠBl oc ĠParty Ġbegan Ġtheir Ġrise Ġafter Ġsupporting ĠFranz ĠFerdinand Ġand ĠUK Ġgarage ĠMC ĠK ano , Ġin Ġthird , Ġis Ġsigned Ġto ĠThe ĠStreets ' Ġrecord Ġlabel .",O O O O O O O O O O O O O O O O O O O O O O O O O O O O O O O O O O O O O O O O O,O O O O O O O O O O O O O O O O O O O O B-MUSICIAN I-MUSICIAN O O O O O O O O O O O O O O O O O O O
1192,ĠUS Ġrapper ĠThe ĠGame Ġis Ġhip - hop Ġgreat ĠDr ĠDre 's Ġlatest Ġprote ge Ġwhile ĠLeeds Ġgroup ĠKaiser ĠChiefs Ġcame Ġfifth Ġwith Ġa Ġpromise Ġto Ġlead Ġa ĠBrit pop Ġrevival .,O O O O O O O O O B-MUSICIAN I-MUSICIAN O O O O O O O O O O O O O O O O O O O O O,O O B-MUSICIAN I-MUSICIAN O O O O O B-MUSICIAN I-MUSICIAN O O O O O O O O O O O O O O O O O O O O O
1193,"ĠIn Ġlast Ġyear 's Ġsurvey , ĠKeane Ġwere Ġfollowed Ġby ĠFranz ĠFerdinand , ĠRazor light Ġand ĠJ oss ĠStone Ġin Ġthe Ġtop Ġfive Ġ- Ġall Ġof Ġwhom Ġwere Ġvirtually Ġunknown Ġoutside Ġthe Ġmusic Ġindustry Ġat Ġthat Ġpoint .",O O O O O O O O O O O O O O O O O O O O O O O O O O O O O O O O O O O O O O,O O O O O O O O O O B-MUSICIAN I-MUSICIAN O O O O B-MUSICIAN I-MUSICIAN I-MUSICIAN O O O O O O O O O O O O O O O O O O O
1194,"Ġ Ċ Ċ Boy Ġband ĠMc Fly Ġwere Ġsixth Ġwhile ĠSc iss or ĠSisters , Ġwho Ġhad Ġthe ĠUK 's Ġbest - selling Ġalbum Ġof Ġ2004 , Ġwere Ġseventh .",O O O O O O O O O O O O O O O O O O O O O O O O O O O O O O,O O O O O O O O O O O O O O O O O O O O O O O O O O O O O O
1195,"ĠIn Ġthe Ġsurvey , Ġthe Ġpundits Ġwere Ġasked Ġfor Ġtips Ġfor Ġthree Ġacts Ġthey Ġthought Ġwere Ġcapable Ġof Ġreaching Ġthe Ġtop Ġin Ġtheir Ġchosen Ġgenre , Ġeither Ġin Ġterms Ġof Ġsales Ġor Ġcritical Ġacclaim .",O O O O O O O O O O O O O O O O O O O O O O O O O O O O O O O O O O O,O O O O O O O O O O O O O O O O O O O O O O O O O O O O O O O O O O O
1196,"ĠThe Ġartists Ġcould Ġbe Ġfrom Ġany Ġcountry Ġand Ġany Ġmusical Ġgenre , Ġbut Ġmust Ġnot Ġhave Ġhad Ġa ĠUK Ġtop Ġ20 Ġsingle , Ġbeen Ġa Ġcontestant Ġon Ġa ĠTV Ġtalent Ġshow Ġor Ġalready Ġbe Ġfamous Ġfor Ġdoing Ġsomething Ġelse , Ġsuch Ġas Ġa Ġsoap Ġactor .",O O O O O O O O O O O O O O O O O O O O O O O O O O O O O O O O O O O O O O O O O O O O O O,O O O O O O O O O O O O O O O O O O O O O O O O O O O O O O O O O O O O O O O O O O O O O O
1197,ĠThose Ġtips Ġwere Ġthen Ġcounted Ġand Ġcompiled Ġto Ġmake Ġthe Ġtop Ġ10 .,O O O O O O O O O O O O O,O O O O O O O O O O O O O
1198,ĠVenus Ġstunned Ġby ĠFar ina ĠEl ia Ċ Ċ Ven us ĠWilliams Ġsuffered Ġa Ġfirst - round Ġdefeat Ġfor Ġthe Ġfirst Ġtime Ġin Ġfour Ġyears Ġat Ġthe ĠDubai ĠChampionships .,O O O O O O O O O B-ATHLETE I-ATHLETE I-ATHLETE O O O O O O O O O O O O O O O O O O,B-ATHLETE O O B-ATHLETE I-ATHLETE I-ATHLETE I-ATHLETE O O B-ATHLETE I-ATHLETE I-ATHLETE O O O O O O O O O O O O O O O O O O
1199,"Ġ Ċ Ċ S yl via ĠFar ina ĠEl ia , Ġwho Ġhad Ġlost Ġall Ġnine Ġof Ġher Ġprevious Ġmeetings Ġwith Ġthe ĠAmerican Ġfifth Ġseed , Ġwon Ġ7 - 5 Ġ7 - 6 Ġ( 8 - 6 ).",O O O B-ATHLETE I-ATHLETE I-ATHLETE I-ATHLETE I-ATHLETE I-ATHLETE I-ATHLETE O O O O O O O O O O O O O O O O O O O O O O O O O O O O,O O O O O O B-ATHLETE I-ATHLETE I-ATHLETE I-ATHLETE O O O O O O O O O O O O O O O O O O O O O O O O O O O O
1200,"ĠFormer ĠWim bledon Ġchampion ĠCon ch ita ĠMartinez Ġand ĠIndia 's ĠSan ia ĠMir za , Ġthe Ġoldest Ġand Ġyoungest Ġplayers Ġin Ġthe Ġdraw , Ġalso Ġreached Ġthe Ġsecond Ġround .",O O O O B-ATHLETE I-ATHLETE I-ATHLETE I-ATHLETE O O O B-ATHLETE I-ATHLETE I-ATHLETE I-ATHLETE O O O O O O O O O O O O O O O O,O O O O B-ATHLETE I-ATHLETE I-ATHLETE I-ATHLETE O O O B-ATHLETE I-ATHLETE I-ATHLETE I-ATHLETE O O O O O O O O O O O O O O O O
1201,"ĠMartinez , Ġ32 , Ġbeat ĠShin ob u ĠAs ag oe Ġ6 - 4 Ġ6 - 4 Ġand Ġ18 - year - old ĠMir za Ġbeat ĠJ el ena ĠK ost anic Ġ6 - 7 Ġ( 7 - 2 ) Ġ6 - 4 Ġ6 - 1 .",O O O O O B-ATHLETE I-ATHLETE I-ATHLETE I-ATHLETE I-ATHLETE I-ATHLETE O O O O O O O O O O O O O O O B-ATHLETE I-ATHLETE I-ATHLETE I-ATHLETE I-ATHLETE I-ATHLETE O O O O O O O O O O O O O O O,B-ATHLETE O O O O B-ATHLETE I-ATHLETE I-ATHLETE I-ATHLETE I-ATHLETE I-ATHLETE O O O O O O O O O O O O B-ATHLETE I-ATHLETE O B-ATHLETE I-ATHLETE I-ATHLETE I-ATHLETE I-ATHLETE I-ATHLETE O O O O O O O O O O O O O O O
1202,"ĠMir za , Ġthe Ġfirst ĠIndian Ġwoman Ġto Ġwin Ġa ĠW TA ĠTour Ġtitle Ġthis Ġmonth Ġon Ġhome Ġground Ġat ĠHyder abad , Ġwill Ġnow Ġface ĠUS ĠOpen Ġchampion ĠS vet l ana ĠK uz net so va .",O O O O O O O O O O O O O O O O O O O O O O O O O O O O O B-ATHLETE I-ATHLETE I-ATHLETE I-ATHLETE I-ATHLETE I-ATHLETE I-ATHLETE I-ATHLETE I-ATHLETE O,B-ATHLETE I-ATHLETE O O O O O O O O O O O O O O O O O O O O O O O O O O O B-ATHLETE I-ATHLETE I-ATHLETE I-ATHLETE I-ATHLETE I-ATHLETE I-ATHLETE I-ATHLETE I-ATHLETE O
1203,"Ġ Ċ Ċ But Ġshe Ġis Ġremaining Ġconfident . Ġ""",O O O O O O O O O O,O O O O O O O O O O
1204,"ĠShe Ġ( K uz net so va ) Ġis Ġa Ġgreat Ġplayer ,"" Ġshe Ġsaid . Ġ""",O O O O O O O O O O O O O O O O O,O O B-ATHLETE I-ATHLETE I-ATHLETE I-ATHLETE I-ATHLETE O O O O O O O O O O
1205,"ĠBut Ġeveryone Ġis Ġbeat able Ġand ĠI Ġam Ġlooking Ġforward Ġto Ġa Ġgreat Ġmatch .""",O O O O O O O O O O O O O O O,O O O O O O O O O O O O O O O
1206,"ĠWilliams Ġthough Ġblamed Ġher Ġdefeat Ġby ĠFar ina ĠEl ia Ġon Ġinjuries . Ġ""",O O O O O O O O O O O O O O,B-ATHLETE O O O O O B-ATHLETE I-ATHLETE I-ATHLETE I-ATHLETE O O O O
1207,"ĠBl isters Ġwere Ġa Ġfactor , Ġbut Ġmostly Ġmy Ġstomach Ġwasn 't Ġthat Ġgreat ,"" Ġshe Ġsaid . Ġ""",O O O O O O O O O O O O O O O O O O O,O O O O O O O O O O O O O O O O O O O
1208,"ĠI Ġdid Ġit Ġin Ġthe Ġlast Ġtournament Ġin Ġthe Ġsemi - finals , Ġand ĠI Ġwas Ġserving Ġat Ġ40 % Ġin Ġthe Ġfinal . Ġ""",O O O O O O O O O O O O O O O O O O O O O O O O O,O O O O O O O O O O O O O O O O O O O O O O O O O
1209,ĠThe Ġfirst Ġtime ĠI Ġserved Ġagain Ġwas ĠSunday Ġand Ġthere Ġwasn 't Ġa Ġlot ĠI Ġcould Ġdo Ġout Ġthere .,O O O O O O O O O O O O O O O O O O O O,O O O O O O O O O O O O O O O O O O O O
1210,"ĠWhen Ġyour Ġserve Ġisn 't Ġgood Ġit Ġthrows Ġthe Ġrest Ġof Ġyour Ġgame Ġoff Ġtoo .""",O O O O O O O O O O O O O O O O,O O O O O O O O O O O O O O O O
1211,"ĠShe Ġwill Ġwait Ġto Ġsee Ġhow Ġshe Ġrecovers Ġbefore Ġdeciding Ġwhether Ġto Ġtake Ġpart Ġin Ġthe ĠNas daq - 100 ĠOpen Ġin ĠMiami , Ġstarting Ġon Ġ21 ĠMarch .",O O O O O O O O O O O O O O O O O O O O O O O O O O O O O,O O O O O O O O O O O O O O O O O O O O O O O O O O O O O
1212,"ĠG erv ais Ġwriting ĠSimpsons Ġepisode Ċ Ċ The ĠOffice 's ĠRicky ĠG erv ais Ġis Ġwriting Ġan Ġepisode Ġof Ġhit ĠUS Ġcartoon ĠThe ĠSimpsons , Ġfollowing Ġan Ġinvitation Ġfrom Ġits Ġcreator ĠMatt ĠGro ening .",O O O O O O O O O O O B-ACTOR-DIRECTOR I-ACTOR-DIRECTOR I-ACTOR-DIRECTOR I-ACTOR-DIRECTOR O O O O O O O O O O O O O O O O O B-AUTHOR-WRITER I-AUTHOR-WRITER I-AUTHOR-WRITER O,B-ACTOR-DIRECTOR I-ACTOR-DIRECTOR I-ACTOR-DIRECTOR O O O O O O O O B-ACTOR-DIRECTOR I-ACTOR-DIRECTOR I-ACTOR-DIRECTOR I-ACTOR-DIRECTOR O O O O O O O O O O O O O O O O O B-AUTHOR-WRITER I-AUTHOR-WRITER I-AUTHOR-WRITER O
1213,Ġ Ċ Ċ G erv ais Ġhas Ġalready Ġbegun Ġwriting Ġthe Ġscript Ġbut Ġis Ġkeeping Ġits Ġsubject Ġmatter Ġa Ġclosely Ġguarded Ġsecret .,O O O O O O O O O O O O O O O O O O O O O O O,O O O B-ACTOR-DIRECTOR I-ACTOR-DIRECTOR I-ACTOR-DIRECTOR O O O O O O O O O O O O O O O O O
1214,"ĠHe Ġwill Ġalso Ġwrite Ġa Ġpart Ġfor Ġhimself Ġin Ġthe Ġepisode . Ġ""",O O O O O O O O O O O O O,O O O O O O O O O O O O O
1215,ĠI 've Ġgot Ġthe Ġrough Ġidea Ġbut Ġthis Ġis Ġthe Ġmost Ġintimidating Ġproject Ġof Ġmy Ġcareer .,O O O O O O O O O O O O O O O O O,O O O O O O O O O O O O O O O O O
1216,"ĠThe ĠSimpsons Ġis Ġthe Ġgreatest ĠTV Ġshow Ġof Ġall Ġtime ,"" Ġhe Ġsaid .",O O O O O O O O O O O O O O,O O O O O O O O O O O O O O
1217,"ĠGro ening Ġrecently Ġhe aped Ġpraise Ġon ĠThe ĠOffice , Ġsaying : Ġ"" Everybody Ġon ĠThe ĠSimpsons Ġis Ġa Ġfan Ġof ĠThe ĠOffice Ġ- Ġit 's Ġone Ġof Ġthe Ġbest Ġshows Ġon ĠTV Ġin Ġthe Ġlast Ġdecade .""",O O O O O O O O O O O O O O O O O O O O O O O O O O O O O O O O O O O O O O,B-ACTOR-DIRECTOR I-ACTOR-DIRECTOR O O O O O O O O O O O O O O O O O O O O O O O O O O O O O O O O O O O O
1218,"ĠG erv ais Ġhas Ġalready Ġsaid Ġhe Ġwould Ġnot Ġguest Ġstar Ġin Ġthe Ġshow Ġas Ġhis ĠOffice Ġcharacter ĠDavid , Ġhaving Ġleft Ġhim Ġbehind Ġfor Ġgood Ġin Ġthe ĠChristmas Ġspecials .",O O O O O O O O O O O O O O O O O O B-PUBLIC-FIGURE O O O O O O O O O O O O,B-ACTOR-DIRECTOR I-ACTOR-DIRECTOR I-ACTOR-DIRECTOR O O O O O O O O O O O O O O O B-PUBLIC-FIGURE O O O O O O O O O O O O
1219,ĠThe ĠOffice Ġbecame Ġa Ġsurprise ĠUS Ġsuccess Ġwhen Ġit Ġwas Ġscreened Ġon Ġcable Ġchannel ĠBBC ĠAmerica .,O O O O O O O O O O O O O O O O O,O O O O O O O O O O O O O O O O O
1220,ĠThe Ġfirst Ġseries Ġwon Ġtwo ĠGolden ĠGlob es Ġin Ġ2004 Ġfor Ġbest Ġcomedy Ġand Ġbest ĠTV Ġactor Ġfor ĠG erv ais .,O O O O O O O O O O O O O O O O O O O O O O,O O O O O O O O O O O O O O O O O O B-ACTOR-DIRECTOR I-ACTOR-DIRECTOR I-ACTOR-DIRECTOR O
1221,Ġ Ċ Ċ In Ġwinning Ġit Ġbeat Ġthe Ġlikes Ġof ĠSex Ġand Ġthe ĠCity Ġand ĠWill Ġand ĠGrace .,O O O O O O O O O O O O O O O O O O O,O O O O O O O O O O B-MUSICIAN O O O O O O O O
1222,"ĠAn ĠAmerican Ġversion Ġwas Ġproduced , Ġbut Ġso Ġfar Ġonly Ġa Ġpilot Ġhas Ġbeen Ġbroadcast Ġ- Ġto Ġmuch Ġcriticism Ġthat Ġit Ġfailed Ġto Ġlive Ġup Ġto Ġthe Ġoriginal .",O O O O O O O O O O O O O O O O O O O O O O O O O O O O O,O O O O O O O O O O O O O O O O O O O O O O O O O O O O O
1223,"ĠAt Ġthe ĠBritish ĠComedy ĠAwards Ġon ĠWednesday , ĠG erv ais Ġwas Ġhanded Ġa Ġspecial Ġachievement Ġaward Ġfor Ġwriting .",O O O O O O O O O O O O O O O O O O O O,O O O O O O O O B-ACTOR-DIRECTOR I-ACTOR-DIRECTOR I-ACTOR-DIRECTOR O O O O O O O O O
1224,ĠBut ĠThe ĠOffice Ġmissed Ġout Ġin Ġthe Ġbest Ġcomedy Ġshow Ġcategory Ġto ĠLittle ĠBritain .,O O O O O O O O O O O O O O O,O O O O O O O O O O O O O O O
1225,ĠMatt ĠGro ening Ġwas Ġalso Ġat Ġthe Ġawards Ġto Ġcollect Ġthe Ġaward Ġfor Ġbest Ġinternational Ġcomedy Ġfor ĠThe ĠSimpsons .,B-AUTHOR-WRITER I-AUTHOR-WRITER I-AUTHOR-WRITER O O O O O O O O O O O O O O O O O,B-ACTOR-DIRECTOR I-ACTOR-DIRECTOR I-ACTOR-DIRECTOR O O O O O O O O O O O O O O O O O
1226,ĠCl ij sters Ġcould Ġplay ĠA ussie ĠOpen Ċ Ċ Kim ĠCl ij sters Ġhas Ġdenied Ġreports Ġthat Ġshe Ġhas Ġpulled Ġout Ġof ĠJanuary 's ĠAustralian ĠOpen Ġbecause Ġof Ġher Ġpersistent Ġwrist Ġinjury .,O O O O O O O O O O B-ATHLETE I-ATHLETE I-ATHLETE I-ATHLETE O O O O O O O O O O O O O O O O O O O O,B-ATHLETE I-ATHLETE I-ATHLETE O O O O O O O B-ATHLETE I-ATHLETE I-ATHLETE I-ATHLETE O O O O O O O O O O O O O O O O O O O O
1227,"Ġ Ċ Ċ Open Ġchief ĠPaul ĠMc Name e Ġhad Ġsaid : Ġ"" Kim 's Ġwrist Ġobviously Ġisn 't Ġgoing Ġto Ġbe Ġrehabilit ated .""",O O O O O B-BUSINESS-EXECUTIVE-MANAGER I-BUSINESS-EXECUTIVE-MANAGER I-BUSINESS-EXECUTIVE-MANAGER I-BUSINESS-EXECUTIVE-MANAGER O O O O O O O O O O O O O O O O,O O O O O B-PUBLIC-FIGURE I-PUBLIC-FIGURE I-PUBLIC-FIGURE I-PUBLIC-FIGURE O O O O B-ATHLETE O O O O O O O O O O O
1228,"ĠBut Ġher Ġspokesman Ġinsisted Ġshe Ġhad Ġsimply Ġdelayed Ġsubmitting Ġher Ġentry . Ġ""",O O O O O O O O O O O O O,O O O O O O O O O O O O O
1229,ĠThe Ġdoctors Ġare Ġassessing Ġher Ġinjury Ġon Ġa Ġweekly Ġbasis Ġand Ġif Ġthere Ġis Ġno Ġrisk Ġshe Ġcould Ġplay .,O O O O O O O O O O O O O O O O O O O O,O O O O O O O O O O O O O O O O O O O O
1230,"ĠBut Ġif Ġthere 's Ġthe Ġleast Ġrisk Ġshe Ġwill Ġstay Ġaway .""",O O O O O O O O O O O O,O O O O O O O O O O O O
1231,"ĠDespite Ġbeing Ġabsent Ġfrom Ġthe ĠW TA Ġentry Ġlist Ġfor Ġthe Ġtournament , Ġwhich Ġbegins Ġon Ġ17 ĠJanuary , ĠCl ij sters Ġwould Ġbe Ġcertain Ġto Ġget Ġa Ġwild Ġcard Ġif Ġshe Ġrequested Ġone .",O O O O O O O O O O O O O O O O O O O O O O O O O O O O O O O O O O O,O O O O O O O O O O O O O O O O O O O B-ATHLETE I-ATHLETE I-ATHLETE O O O O O O O O O O O O O
1232,ĠCl ij sters Ġis Ġstill Ġranked Ġ22 nd Ġin Ġthe Ġworld Ġdespite Ġonly Ġplaying Ġa Ġhandful Ġof Ġmatches Ġlast Ġseason .,O O O O O O O O O O O O O O O O O O O O O,B-ATHLETE I-ATHLETE I-ATHLETE O O O O O O O O O O O O O O O O O O
1233,ĠThe ĠBelgian Ġhad Ġan Ġoperation Ġon Ġher Ġleft Ġwrist Ġearly Ġin Ġthe Ġseason Ġbut Ġinjured Ġit Ġagain Ġon Ġher Ġreturn Ġto Ġthe Ġtour .,O O O O O O O O O O O O O O O O O O O O O O O O,O O O O O O O O O O O O O O O O O O O O O O O O
1234,"ĠMeanwhile , ĠJ el ena ĠD ok ic , Ġwho Ġused Ġto Ġcompete Ġfor ĠAustralia , Ġhas Ġopted Ġout Ġof Ġthe Ġfirst ĠGrand ĠSlam Ġof Ġthe Ġseason .",O O B-ATHLETE I-ATHLETE I-ATHLETE I-ATHLETE I-ATHLETE I-ATHLETE O O O O O O O O O O O O O O O O O O O O,O O B-ATHLETE I-ATHLETE I-ATHLETE I-ATHLETE I-ATHLETE I-ATHLETE O O O O O O O O O O O O O O O O O O O O
1235,ĠD ok ic Ġhas Ġnot Ġplayed Ġin Ġthe ĠAustralian ĠOpen Ġsince Ġ2001 Ġwhen Ġshe Ġlost Ġin Ġthe Ġfirst Ġround .,O O O O O O O O O O O O O O O O O O O O,B-ATHLETE I-ATHLETE I-ATHLETE O O O O O O O O O O O O O O O O O
1236,ĠBut Ġthe Ġ21 - year - old Ġwould Ġhave Ġhad Ġto Ġrely Ġon Ġa Ġwild Ġcard Ġnext Ġseason Ġbecause Ġher Ġranking Ġhas Ġt umbled Ġto Ġ127 th .,O O O O O O O O O O O O O O O O O O O O O O O O O O O O,O O O O O O O O O O O O O O O O O O O O O O O O O O O O
1237,"ĠFour - time Ġchampion ĠMonica ĠSel es , Ġwho Ġhas Ġnot Ġplayed Ġsince Ġlast Ġyear 's ĠFrench ĠOpen , Ġis Ġanother Ġabsentee Ġbecause Ġof Ġan Ġinjured Ġleft Ġfoot .",O O O O B-ATHLETE I-ATHLETE I-ATHLETE O O O O O O O O O O O O O O O O O O O O O O,O O O O B-ATHLETE I-ATHLETE I-ATHLETE O O O O O O O O O O O O O O O O O O O O O O
1238,"ĠWenger Ġde jected Ġas ĠArsenal Ġslump Ċ Ċ Arsenal Ġmanager ĠArs ene ĠWenger Ġclaimed Ġtheir Ġdisplay Ġin Ġthe Ġ3 - 1 Ġdefeat Ġagainst ĠBayern ĠMunich Ġwas Ġ"" our Ġworst Ġpe formance Ġin Ġthe ĠChampions ĠLeague "".",O O O O O O O O O O B-ATHLETE I-ATHLETE I-ATHLETE O O O O O O O O O O O O O O O O O O O O O O O,B-BUSINESS-EXECUTIVE-MANAGER O O O O O O O O O B-BUSINESS-EXECUTIVE-MANAGER I-BUSINESS-EXECUTIVE-MANAGER I-BUSINESS-EXECUTIVE-MANAGER O O O O O O O O O O O O O O O O O O O O O O O
1239,"Ġ Ċ Ċ K olo ĠTou re 's Ġlate Ġgoal Ġgives Ġthe ĠGun ners Ġhope Ġfor Ġthe Ġsecond Ġleg , Ġbut ĠWenger Ġsaid : Ġ"" The Ġonly Ġpositive Ġis Ġthat Ġwe Ġare Ġstill Ġin Ġthe Ġtie . Ġ""",O O O B-ATHLETE I-ATHLETE I-ATHLETE I-ATHLETE O O O O O O O O O O O O O O O O O O O O O O O O O O O O O O O,O O O B-ATHLETE I-ATHLETE I-ATHLETE I-ATHLETE I-ATHLETE O O O O O O O O O O O O O B-BUSINESS-EXECUTIVE-MANAGER O O O O O O O O O O O O O O O O
1240,ĠThe Ġplayers Ġare Ġreally Ġdown Ġin Ġthe Ġdressing - room .,O O O O O O O O O O O,O O O O O O O O O O O
1241,"ĠI Ġfeel Ġwe Ġreally Ġturned Ġin Ġa Ġbad Ġperformance . Ġ""",O O O O O O O O O O O,O O O O O O O O O O O
1242,"ĠAt Ġ3 - 0 Ġwe Ġfaced Ġa Ġreal Ġstruggle , Ġbut Ġ3 - 1 Ġat Ġleast Ġgives Ġus Ġa Ġchance .""",O O O O O O O O O O O O O O O O O O O O O,O O O O O O O O O O O O O O O O O O O O O
1243,"Ġ Ċ Ċ Go als core r ĠTou re Ġwas Ġalso Ġat Ġfault Ġfor Ġtwo Ġgoals , Ġand ĠWenger Ġsaid : Ġ"" We Ġneed Ġto Ġhelp ĠTou re Ġrebuild Ġhis Ġconfidence Ġas Ġhe Ġis Ġlow Ġat Ġthe Ġmoment .""",O O O O O O O O O O O O O O O O O O O O O O O O O O O O O O O O O O O O O O O,O O O O O B-ATHLETE O B-ATHLETE I-ATHLETE O O O O O O O O O B-ATHLETE O O O O O O O B-ATHLETE I-ATHLETE O O O O O O O O O O O
1244,"ĠWenger Ġalso Ġtried Ġto Ġstay Ġupbeat Ġhimself , Ġadding : Ġ"" But Ġthere Ġis Ġenough Ġtime Ġfor Ġcrying .",O O O O O O O O O O O O O O O O O O O,B-ATHLETE O O O O O O O O O O O O O O O O O O
1245,"ĠI Ġcould Ġcry Ġ- Ġmaybe Ġit Ġwould Ġbe Ġeasier Ġ- Ġbut Ġlife Ġgoes Ġon . Ġ""",O O O O O O O O O O O O O O O O,O O O O O O O O O O O O O O O O
1246,"ĠIn Ġthis Ġjob , Ġyou Ġhave Ġgood Ġand Ġbad Ġnights .",O O O O O O O O O O O,O O O O O O O O O O O
1247,"ĠThis Ġwas Ġa Ġbad Ġnight Ġ- Ġbut ĠI Ġstill Ġhave Ġconfidence Ġin Ġthe Ġquality Ġof Ġmy Ġplayers , Ġas Ġwell Ġas Ġtheir Ġspirit Ġand Ġdesire .""",O O O O O O O O O O O O O O O O O O O O O O O O O O,O O O O O O O O O O O O O O O O O O O O O O O O O O
1248,ĠBut ĠWenger 's ĠBayern Ġcounterpart ĠFelix ĠMag ath Ġwas Ġin Ġno Ġmood Ġto Ġcelebrate Ġeither .,O O O O O B-ATHLETE I-ATHLETE I-ATHLETE O O O O O O O O,O B-ATHLETE O O O B-ATHLETE I-ATHLETE I-ATHLETE O O O O O O O O
1249,"ĠHe Ġsaid : Ġ"" I Ġam Ġfar Ġfrom Ġhappy Ġdespite Ġthe Ġwin .",O O O O O O O O O O O O O,O O O O O O O O O O O O O
1250,ĠMy Ġplayers Ġfailed Ġto Ġtry Ġand Ġscore Ġa Ġfourth Ġto Ġkill Ġthe Ġtie Ġand Ġthen Ġconceded Ġthe Ġlate Ġgoal .,O O O O O O O O O O O O O O O O O O O O,O O O O O O O O O O O O O O O O O O O O
1251,"Ġ Ċ Ċ "" Arsenal Ġare Ġfully Ġcapable Ġof Ġscoring Ġseveral Ġgoals Ġagainst Ġus Ġon Ġtheir Ġown Ġturf .""",O O O O O O O O O O O O O O O O O O O,O O O O O O O O O O O O O O O O O O O
1252,"ĠArsenal Ġkeeper ĠJ ens ĠLeh mann , Ġwhose Ġpersonal Ġrivalry Ġwith ĠBayern Ġgoalkeeper ĠOliver ĠKahn Ġwas Ġnot Ġhelped Ġby Ġthe Ġresult , Ġsaid : Ġ"" Do ĠI Ġblame Ġmyself Ġfor Ġthe Ġthird Ġgoal ?",O O B-ATHLETE I-ATHLETE I-ATHLETE I-ATHLETE O O O O O O O B-ATHLETE I-ATHLETE O O O O O O O O O O O O O O O O O O O,O O B-ATHLETE I-ATHLETE I-ATHLETE I-ATHLETE O O O O O O O B-ATHLETE I-ATHLETE O O O O O O O O O O O O O O O O O O O
1253,"ĠAs Ġa Ġgoalkeeper , ĠI Ġalways Ġblame Ġmyself . Ġ""",O O O O O O O O O O,O O O O O O O O O O
1254,ĠI Ġjust Ġknow Ġthe Ġgoals Ġwere Ġvery Ġeasy Ġagainst Ġus .,O O O O O O O O O O O,O O O O O O O O O O O
1255,"ĠIn Ġmy Ġtime Ġhere , Ġwe Ġhave Ġnever Ġconceded Ġthree Ġeasy Ġgoals Ġlike Ġthat Ġ- Ġbut Ġsometimes Ġit Ġhappens . Ġ""",O O O O O O O O O O O O O O O O O O O O O,O O O O O O O O O O O O O O O O O O O O O
1256,ĠIt Ġwould Ġhave Ġbeen Ġimpossible Ġto Ġgo Ġthrough Ġat Ġ3 - 0 Ġ- Ġbut Ġwith Ġthe Ġgoal Ġwe Ġhave Ġchances .,O O O O O O O O O O O O O O O O O O O O O,O O O O O O O O O O O O O O O O O O O O O
1257,"ĠEverything Ġis Ġnow Ġpossible .""",O O O O O,O O O O O
1258,"ĠR oxy ĠMusic Ġon ĠIsle Ġof ĠW ight Ġbill Ċ Ċ R oxy ĠMusic Ġwill Ġappear Ġat ĠJune 's ĠIsle Ġof ĠW ight Ġmusic Ġfestival , Ġalong Ġwith ĠMorris sey , ĠSuper grass Ġand ĠIdle wild .",O O O O O O O O O O O O O O O O O O O O O O O O O O O O B-MUSICIAN I-MUSICIAN O O O O O O O,O O O O O O O O O O O O O O O O O O O O O O O O O O O O B-MUSICIAN I-MUSICIAN O O O O O O O
1259,"Ġ Ċ Ċ REM Ġhave Ġalready Ġbeen Ġconfirmed Ġas Ġhead liners Ġfor Ġthe Ġthree - day Ġevent , Ġwhich Ġtakes Ġplace Ġfrom Ġ10 - 12 ĠJune .",O O O O O O O O O O O O O O O O O O O O O O O O O O O,O O O O O O O O O O O O O O O O O O O O O O O O O O O
1260,"ĠOriginal Ġband Ġmembers ĠBryan ĠFerry , ĠPhil ĠMan zer ana , ĠAndy ĠMack ay Ġand ĠPaul ĠThompson Ġwill Ġtake Ġto Ġthe Ġstage Ġon Ġthe ĠSaturday Ġnight Ġof Ġthe Ġfestival .",O O O B-MUSICIAN I-MUSICIAN O B-MUSICIAN I-MUSICIAN I-MUSICIAN I-MUSICIAN O B-MUSICIAN I-MUSICIAN I-MUSICIAN O B-MUSICIAN I-MUSICIAN O O O O O O O O O O O O O,O O O B-MUSICIAN I-MUSICIAN O B-MUSICIAN I-MUSICIAN I-MUSICIAN I-MUSICIAN O B-MUSICIAN I-MUSICIAN I-MUSICIAN O B-MUSICIAN I-MUSICIAN O O O O O O O O O O O O O
1261,"ĠThe Ġband Ġare Ġalso Ġworking Ġin Ġthe Ġstudio Ġon Ġnew Ġmaterial , Ġtheir Ġfirst Ġsince Ġthe Ġ1982 Ġalbum ĠAvalon .",O O O O O O O O O O O O O O O O O O O O,O O O O O O O O O O O O O O O O O O O O
1262,"ĠR oxy ĠMusic Ġwere Ġformed Ġin Ġ1971 Ġby ĠFerry , ĠMack ay Ġand ĠBrian ĠEn o , Ġwith ĠMan zan era Ġjoining Ġthe Ġfollowing Ġyear .",O O O O O O O O O O O O O B-MUSICIAN I-MUSICIAN I-MUSICIAN O O O O O O O O O O,O O O O O O O O B-MUSICIAN O B-MUSICIAN I-MUSICIAN O B-MUSICIAN I-MUSICIAN I-MUSICIAN O O B-MUSICIAN I-MUSICIAN I-MUSICIAN O O O O O
1263,"ĠTheir Ġfirst Ġhit Ġwas Ġ1972 's ĠVirginia ĠPlain , Ġwith Ġother Ġhits Ġincluding ĠStreet ĠLife , ĠLove ĠIs ĠThe ĠDrug Ġand Ġthe Ġ1981 ĠJohn ĠLennon Ġcover , ĠJ ealous ĠGuy .",O O O O O O O O O O O O O O O O O O O O O O O B-MUSICIAN I-MUSICIAN O O O O O O,O O O O O O O O O O O O O O O O O O O O O O O B-MUSICIAN I-MUSICIAN O O O O O O
1264,"ĠR oxy ĠMusic 's Ġback Ġcatalogue Ġwas Ġre - released Ġin Ġ2000 , Ġleading Ġto Ġthe Ġband Ġundertaking Ġa Ġworld Ġtour Ġin Ġ2001 .",O O O O O O O O O O O O O O O O O O O O O O O O,B-MUSICIAN I-MUSICIAN I-MUSICIAN O O O O O O O O O O O O O O O O O O O O O
1265,"ĠMorris sey Ġwill Ġalso Ġplay Ġon ĠSaturday Ġat Ġthe Ġfestival , Ġwhile ĠSuper grass Ġand ĠIdle wild Ġhave Ġbeen Ġconfirmed Ġfor Ġthe ĠFriday .",B-MUSICIAN I-MUSICIAN O O O O O O O O O O O O O O O O O O O O O O,B-ATHLETE I-ATHLETE O O O O O O O O O O O O O O O O O O O O O O
1266,"ĠWeak Ġdollar Ġhits ĠReuters Ċ Ċ Re ven ues Ġat Ġmedia Ġgroup ĠReuters Ġslipped Ġ11 % Ġduring Ġ2004 , Ġmainly Ġdue Ġto Ġthe Ġweakness Ġof Ġthe Ġdollar , Ġthe Ġgroup Ġsaid .",O O O O O O O O O O O O O O O O O O O O O O O O O O O O O O O O,O O O O O O O O O O O O O O O O O O O O O O O O O O O O O O O O
1267,Ġ Ċ Ċ The Ġcompany Ġsaid Ġit Ġwas Ġoptimistic Ġabout Ġgrowth Ġeven Ġas Ġrevenues Ġslipped Ġ11 % Ġfrom ĠÂ£ 3 . 24 bn Ġ($ 6 . 13 bn ) Ġin Ġ2003 Ġto ĠÂ£ 2 . 89 bn Ġin Ġ2004 .,O O O O O O O O O O O O O O O O O O O O O O O O O O O O O O O O O O O O O O O O,O O O O O O O O O O O O O O O O O O O O O O O O O O O O O O O O O O O O O O O O
1268,"ĠReuters Ġbeat Ġprofit Ġforecasts , Ġposting Ġa Ġ52 % Ġrise Ġin Ġprofits Ġfor Ġthe Ġyear Ġto ĠÂ£ 198 m Ġfrom Ġthe ĠÂ£ 130 m Ġseen Ġa Ġyear Ġearlier .",O O O O O O O O O O O O O O O O O O O O O O O O O O O O O,O O O O O O O O O O O O O O O O O O O O O O O O O O O O O
1269,"ĠReuters Ġalso Ġbeat Ġits Ġsavings Ġtarget Ġfor Ġ2004 , Ġdelivering ĠÂ£ 234 m Ġof Ġcuts .",O O O O O O O O O O O O O O O O,O O O O O O O O O O O O O O O O
1270,ĠUnder Ġits Ġthree - year ĠFast ĠForward Ġturnaround Ġplan Ġit Ġhad Ġaimed Ġto Ġsave ĠÂ£ 220 m Ġduring Ġthe Ġ12 Ġmonths Ġto Ġ31 ĠDecember .,O O O O O O O O O O O O O O O O O O O O O O O O O,O O O O O O O O O O O O O O O O O O O O O O O O O
1271,Ġ Ċ Ċ Reuters Ġalso Ġmanaged Ġto Ġslow Ġa Ġdecline Ġin Ġunderlying Ġrevenues Ġto Ġ5 . 4 % Ġfrom Ġ10 . 2 % Ġin Ġ2003 Ġand Ġcut Ġits Ġdebt Ġback Ġto ĠÂ£ 160 m Ġfrom ĠÂ£ 610 m Ġa Ġyear Ġearlier .,O O O O O O O O O O O O O O O O O O O O O O O O O O O O O O O O O O O O O O O O O O,O O O O O O O O O O O O O O O O O O O O O O O O O O O O O O O O O O O O O O O O O O
1272,"ĠThe Ġnews Ġand Ġfinancial Ġdata Ġseller Ġsaid Ġthe Ġyear Ġhad Ġbegun Ġwell , Ġadding Ġit Ġexpected Ġ"" f urther Ġgradual Ġimprovement "" Ġin Ġthe Ġsecond Ġquarter Ġof Ġthe Ġyear Ġafter Ġgood ĠJanuary Ġsales .",O O O O O O O O O O O O O O O O O O O O O O O O O O O O O O O O O O,O O O O O O O O O O O O O O O O O O O O O O O O O O O O O O O O O O
1273,"ĠIt Ġadded Ġit Ġwas Ġplanning Ġto Ġdeliver Ġa Ġfurther ĠÂ£ 105 m Ġof Ġsavings Ġover Ġthe Ġcoming Ġyear Ġ- Ġbut Ġsaid Ġit Ġexpects Ġto Ġbe Ġhit Ġwith Ġan ĠÂ£ 80 m Ġrestructuring Ġcharge Ġto Ġpay Ġfor Ġthe Ġcost Ġof Ġmoving Ġfrom ĠFleet ĠStreet Ġto Ġnew Ġheadquarters Ġin ĠLondon Ġat ĠCanary ĠWh arf . Ġ""",O O O O O O O O O O O O O O O O O O O O O O O O O O O O O O O O O O O O O O O O O O O O O O O O O O O O O O,O O O O O O O O O O O O O O O O O O O O O O O O O O O O O O O O O O O O O O O O O O O O O O O O O O O O O O
1274,"ĠImpro ving Ġcustomer Ġrelationships , Ġmore Ġcompetitive Ġproducts Ġand Ġcontinued Ġstrong Ġcost Ġdiscipline Ġposition Ġus Ġwell Ġfor Ġ2005 ,"" Ġchief Ġexecutive ĠTom ĠGl oc er Ġsaid , Ġadding Ġthe Ġcompany Ġwas Ġbeginning Ġ"" to Ġlook Ġbeyond Ġrecovery Ġto Ġgrowth "".",O O O O O O O O O O O O O O O O O O O O O B-BUSINESS-EXECUTIVE-MANAGER I-BUSINESS-EXECUTIVE-MANAGER I-BUSINESS-EXECUTIVE-MANAGER I-BUSINESS-EXECUTIVE-MANAGER O O O O O O O O O O O O O O O,O O O O O O O O O O O O O O O O O O O O O B-BUSINESS-EXECUTIVE-MANAGER I-BUSINESS-EXECUTIVE-MANAGER I-BUSINESS-EXECUTIVE-MANAGER I-BUSINESS-EXECUTIVE-MANAGER O O O O O O O O O O O O O O O
1275,"ĠHalf Ġof ĠUK 's Ġmob iles Ġ' go Ġonline ' Ċ Ċ Mult imedia Ġmobile Ġphones Ġare Ġfinally Ġshowing Ġsigns Ġof Ġtaking Ġoff , Ġwith Ġmore ĠBritons Ġusing Ġthem Ġto Ġgo Ġonline .",O O O O O O O O O O O O O O O O O O O O O O O O O O O O O O O O O,O O O O O O O O O O O O O O O O O O O O O O O O O O O O O O O O O
1276,"Ġ Ċ Ċ Fig ures Ġfrom Ġindustry Ġmonitor , Ġthe ĠMobile ĠData ĠAssociation Ġ( M DA ), Ġshow Ġthe Ġnumber Ġof Ġphones Ġwith ĠG PR S Ġand ĠM MS Ġtechnology Ġhas Ġdoubled Ġsince Ġlast Ġyear .",O O O O O O O O O O O O O O O O O O O O O O O O O O O O O O O O O O O O,O O O O O O O O O O O O O O O O O O O O O O O O O O O O O O O O O O O O
1277,"ĠG PR S Ġlets Ġpeople Ġbrowse Ġthe Ġweb , Ġaccess Ġnews Ġservices , Ġmobile Ġmusic Ġand Ġother Ġapplications Ġlike Ġmobile Ġchat .",O O O O O O O O O O O O O O O O O O O O O O,O O O O O O O O O O O O O O O O O O O O O O
1278,"ĠBy Ġthe Ġend Ġof Ġ2005 , Ġthe ĠM DA Ġpredicts Ġthat Ġ75 % Ġof Ġall Ġmob iles Ġin Ġthe ĠUK Ġwill Ġbe Ġable Ġto Ġaccess Ġthe Ġnet Ġvia ĠG PR S .",O O O O O O O O O O O O O O O O O O O O O O O O O O O O O O O O,O O O O O O O O O O O O O O O O O O O O O O O O O O O O O O O O
1279,"ĠThe ĠM DA Ġsay Ġthe Ġfigures Ġfor Ġthe Ġthree Ġmonths Ġup Ġto Ġ30 ĠSeptember Ġare Ġa Ġ"" rap id Ġincrease "" Ġon Ġthe Ġfigure Ġfor Ġthe Ġsame Ġtime Ġthe Ġprevious Ġyear .",O O O O O O O O O O O O O O O O O O O O O O O O O O O O O O O O,O O O O O O O O O O O O O O O O O O O O O O O O O O O O O O O O
1280,"ĠAbout Ġ53 Ġmillion Ġpeople Ġown Ġa Ġmobile Ġin Ġthe ĠUK , Ġso Ġthe Ġfigures Ġmean Ġthat Ġhalf Ġof Ġthose Ġphones Ġuse ĠG PR S .",O O O O O O O O O O O O O O O O O O O O O O O O O,O O O O O O O O O O O O O O O O O O O O O O O O O
1281,"ĠG PR S Ġis Ġoften Ġdescribed Ġas Ġ2 . 5 G Ġtechnology Ġ- Ġ2 . 5 Ġgeneration Ġ- Ġsitting Ġbetween Ġ2 G Ġand Ġ3 G Ġtechnology , Ġwhich Ġis Ġlike Ġa Ġfast , Ġhigh - quality Ġbroadband Ġinternet Ġfor Ġphones .",O O O O O O O O O O O O O O O O O O O O O O O O O O O O O O O O O O O O O O O O O,O O O O O O O O O O O O O O O O O O O O O O O O O O O O O O O O O O O O O O O O O
1282,"Ġ Ċ Ċ With Ġmore Ġservices Ġbeing Ġoffered Ġby Ġmobile Ġoperators , Ġpeople Ġare Ġfinding Ġmore Ġreasons Ġto Ġgo Ġonline Ġvia Ġtheir Ġmobile .",O O O O O O O O O O O O O O O O O O O O O O O O,O O O O O O O O O O O O O O O O O O O O O O O O
1283,"ĠDownload able Ġring tones Ġare Ġstill Ġproving Ġhighly Ġpopular , Ġbut Ġso Ġis Ġmobile Ġchat .",O O O O O O O O O O O O O O O O,O O O O O O O O O O O O O O O O
1284,"ĠBand Aid Ġwas Ġthe Ġfastest Ġever - selling Ġring tone Ġthis Ġyear , Ġaccording Ġto Ġthe ĠM DA , Ġand Ġchat Ġwas Ġgiven Ġsome Ġpublicity Ġwhen ĠPrime ĠMinister ĠTony ĠBlair Ġanswered Ġquestions Ġthrough Ġmobile Ġtext Ġchat .",O O O O O O O O O O O O O O O O O O O O O O O O O O O O B-POLITICIAN I-POLITICIAN O O O O O O O,O O O O O O O O O O O O O O O O O O O O O O O O O O O O B-POLITICIAN I-POLITICIAN O O O O O O O
1285,ĠMult imedia Ġmessaging Ġservices Ġalso Ġlooked Ġbrighter Ġwith Ġ32 % Ġof Ġall Ġmob iles Ġin Ġthe ĠUK Ġable Ġto Ġsend Ġor Ġreceive Ġpicture Ġmessages .,O O O O O O O O O O O O O O O O O O O O O O O O O,O O O O O O O O O O O O O O O O O O O O O O O O O
1286,ĠThis Ġis Ġa Ġ14 % Ġrise Ġfrom Ġlast ĠSeptember 's Ġfigures .,O O O O O O O O O O O O,O O O O O O O O O O O O
1287,ĠBut Ġa Ġrecent Ġreport Ġfrom ĠContinental ĠResearch Ġreflects Ġthe Ġcontinuing Ġbattle Ġmobile Ġcompanies Ġhave Ġto Ġactually Ġpersuade Ġpeople Ġto Ġgo Ġonline Ġand Ġto Ġuse ĠM MS .,O O O O O O O O O O O O O O O O O O O O O O O O O O O,O O O O O O O O O O O O O O O O O O O O O O O O O O O
1288,"ĠIt Ġsaid Ġthat Ġ36 % Ġof ĠUK Ġcamera Ġphone Ġusers Ġhad Ġnever Ġsent Ġa Ġmultimedia Ġmessage , Ġor ĠM MS .",O O O O O O O O O O O O O O O O O O O O O,O O O O O O O O O O O O O O O O O O O O O
1289,ĠThat Ġwas Ġ7 % Ġmore Ġthan Ġin Ġ2003 .,O O O O O O O O O,O O O O O O O O O
1290,"ĠMobile Ġcompanies Ġare Ġkeen Ġfor Ġpeople Ġto Ġuse Ġmultimedia Ġfunctions Ġtheir Ġphones , Ġlike Ġsending ĠM MS Ġand Ġgoing Ġonline , Ġas Ġthis Ġgenerates Ġmore Ġmoney Ġfor Ġthem .",O O O O O O O O O O O O O O O O O O O O O O O O O O O O O,O O O O O O O O O O O O O O O O O O O O O O O O O O O O O
1291,ĠBut Ġcritics Ġsay Ġthat ĠM MS Ġis Ġconfusing Ġand Ġsome Ġmob iles Ġare Ġtoo Ġdifficult Ġto Ġuse .,O O O O O O O O O O O O O O O O O O,O O O O O O O O O O O O O O O O O O
1292,"ĠThere Ġhave Ġalso Ġbeen Ġsome Ġissues Ġover Ġinteroper ability , Ġand Ġbeing Ġable Ġto Ġsend ĠM MS Ġform Ġa Ġmobile Ġusing Ġone Ġnetwork Ġto Ġa Ġdifferent Ġone .",O O O O O O O O O O O O O O O O O O O O O O O O O O O O,O O O O O O O O O O O O O O O O O O O O O O O O O O O O
1293,ĠRel ay Ġsquad Ġthrilled Ġwith Ġhon ours Ċ Ċ Jason ĠGard ener Ġsays Ġbeing Ġmade Ġan ĠMB E Ġin Ġthe ĠNew ĠYear ĠHon ours ĠList Ġunder lines Ġthe Ġachievement Ġof ĠGreat ĠBritain 's Ġ4 x 100 m Ġrelay Ġsquad Ġat Ġthe ĠOlympics .,O O O O O O O O O B-ATHLETE I-ATHLETE I-ATHLETE O O O O O O O O O O O O O O O O O O O O O O O O O O O O O O O,O O O O O O O O O B-ATHLETE I-ATHLETE I-ATHLETE O O O O O O O O O O O O O O O O O O O O O O O O O O O O O O O
1294,"Ġ Ċ Ċ G ard ener , ĠDarren ĠCampbell , ĠMar lon ĠDevon ish Ġand ĠMark ĠLewis - Franc is Ġhave Ġall Ġbeen Ġawarded ĠMB Es Ġafter Ġbeating Ġpre - race Ġfavourites ĠUSA Ġto Ġgold . Ġ""",O O O O O O O B-ATHLETE I-ATHLETE O B-ATHLETE I-ATHLETE I-ATHLETE I-ATHLETE O B-ATHLETE I-ATHLETE I-ATHLETE I-ATHLETE I-ATHLETE O O O O O O O O O O O O O O O O O,O O O B-ATHLETE I-ATHLETE I-ATHLETE O B-ATHLETE I-ATHLETE O B-ATHLETE I-ATHLETE I-ATHLETE I-ATHLETE O B-ATHLETE I-ATHLETE I-ATHLETE I-ATHLETE I-ATHLETE O O O O O O O O O O O O O O O O O
1295,"ĠI Ġthink Ġthis Ġaward Ġreinforces Ġwhat Ġwe Ġdid Ġon Ġthat Ġfantastic Ġnight ,"" Ġhe Ġsaid . Ġ""",O O O O O O O O O O O O O O O O O,O O O O O O O O O O O O O O O O O
1296,"ĠThis Ġrecognition Ġis Ġreally Ġinspiring Ġand Ġmakes Ġme Ġwant Ġto Ġhave Ġmore Ġsuccess ,"" Ġsaid ĠLewis - Franc is .",O O O O O O O O O O O O O O O O O O O O,O O O O O O O O O O O O O O O B-ATHLETE I-ATHLETE I-ATHLETE I-ATHLETE O
1297,ĠThe ĠBritish Ġsprint Ġquart et Ġproduced Ġa Ġstring Ġof Ġfault less Ġbat on Ġchanges Ġin Ġthe Ġfinal Ġto Ġput Ġpressure Ġon Ġthe ĠAmericans .,O O O O O O O O O O O O O O O O O O O O O O O O,O O O O O O O O O O O O O O O O O O O O O O O O
1298,"Ġ Ċ Ċ And Ġwhen Ġthe ĠUSA Ġstumbled Ġwith Ġa Ġpoor Ġswitch Ġbetween ĠJustin ĠGat lin Ġand ĠCob y ĠMiller Ġat Ġthe Ġ300 m Ġstage , ĠBritain Ġedged Ġahead Ġgoing Ġinto Ġthe Ġfinal Ġbend .",O O O O O O O O O O O O O B-ATHLETE I-ATHLETE I-ATHLETE O B-ATHLETE I-ATHLETE I-ATHLETE O O O O O O O O O O O O O O O,O O O O O O O O O O O O O B-ATHLETE I-ATHLETE I-ATHLETE O B-ATHLETE I-ATHLETE I-ATHLETE O O O O O O O O O O O O O O O
1299,"ĠThen , Ġon Ġcue , ĠLewis - Franc is Ġran Ġa Ġtextbook Ġfinal Ġleg , Ġholding Ġoff ĠMaurice ĠGreene Ġto Ġbring ĠTeam ĠGB Ġhome Ġin Ġ38 . 07 Ġseconds Ġ- Ġjust Ġone Ġhundred th Ġof Ġa Ġsecond Ġahead Ġof Ġtheir Ġrivals . Ġ""",O O O O O O O O O O O O O O O O O B-ATHLETE I-ATHLETE O O O O O O O O O O O O O O O O O O O O O O O O,O O O O O B-ATHLETE I-ATHLETE I-ATHLETE I-ATHLETE O O O O O O O O B-ATHLETE I-ATHLETE O O O O O O O O O O O O O O O O O O O O O O O O
1300,"ĠWinning Ġthe Ġgold Ġmedal Ġwas Ġthe Ġhighlight Ġof Ġmy Ġathletics Ġcareer Ġso Ġfar ,"" Ġsaid Ġthe ĠBirch field ĠHar rier . Ġ""",O O O O O O O O O O O O O O O O O O O O O O,O O O O O O O O O O O O O O O O O O B-ATHLETE I-ATHLETE O O
1301,"ĠThis Ġaward Ġis Ġnot Ġjust Ġfor Ġme , Ġbut Ġfor Ġall Ġmy Ġfriends , Ġfamily Ġand Ġthe Ġpeople Ġwho Ġhave Ġhelped Ġme Ġto Ġget Ġto Ġthis Ġlevel Ġin Ġmy Ġsport .""",O O O O O O O O O O O O O O O O O O O O O O O O O O O O O O O,O O O O O O O O O O O O O O O O O O O O O O O O O O O O O O O
1302,"ĠGard ener Ġadded : Ġ"" All Ġof Ġus Ġhad Ġworked Ġvery Ġhard Ġfor Ġa Ġlong , Ġlong Ġtime Ġto Ġcarry Ġoff Ġwhat Ġmost Ġbelieved Ġwas Ġan Ġimpossible Ġtask . Ġ""",O O O O O O O O O O O O O O O O O O O O O O O O O O O O O O,B-ATHLETE I-ATHLETE O O O O O O O O O O O O O O O O O O O O O O O O O O O O
1303,"ĠOf Ġcourse Ġthis Ġaward Ġis Ġvery Ġspecial , Ġbut Ġfor Ġme Ġnothing Ġwill Ġever Ġtake Ġaway Ġwinning Ġan ĠOlympic Ġgold Ġmedal .",O O O O O O O O O O O O O O O O O O O O O O,O O O O O O O O O O O O O O O O O O O O O O
1304,"ĠIt 's Ġall ĠI Ġever Ġwanted . Ġ""",O O O O O O O O,O O O O O O O O
1305,ĠAll Ġmy Ġlife Ġthat Ġis Ġwhat ĠI Ġdreamed Ġof Ġdoing .,O O O O O O O O O O O,O O O O O O O O O O O
1306,"ĠLife Ġsince Ġthen Ġhas Ġbeen Ġfantastic .""",O O O O O O O,O O O O O O O
1307,"ĠCampbell Ġagreed Ġreceiving Ġthe Ġhonour Ġcapped Ġoff Ġwhat Ġhas Ġbeen Ġa Ġdifficult Ġyear Ġfor Ġthe Ġspr inter . Ġ""",O O O O O O O O O O O O O O O O O O O,B-ATHLETE O O O O O O O O O O O O O O O O O O
1308,"ĠI Ġthink Ġthe ĠMB E Ġis Ġimportant Ġbecause Ġthe Ġpeople Ġclosest Ġto Ġme Ġknow Ġmy Ġjourney ,"" Ġsaid Ġthe ĠNewport - based Ġathlete . Ġ""",O O O O O O O O O O O O O O O O O O O O O O O O O,O O O O O O O O O O O O O O O O O O O O O O O O O
1309,"ĠI 've Ġnot Ġjust Ġstumbled Ġupon Ġthis . Ġ""",O O O O O O O O O,O O O O O O O O O
1310,"ĠIt Ġgives Ġme Ġa Ġlot Ġof Ġjoy Ġand Ġsatisfaction Ġto Ġknow Ġthe Ġstuff Ġyou Ġdo Ġfor Ġyour Ġcountry Ġdoes Ġmean Ġsomething .""",O O O O O O O O O O O O O O O O O O O O O O,O O O O O O O O O O O O O O O O O O O O O O
1311,"Ġ Ċ Ċ - ĠThere Ġwas Ġalso Ġrecognition Ġfor ĠJames ĠClarke , Ġchairman Ġof Ġthe ĠLondon ĠMarathon .",O O O O O O O O O B-BUSINESS-EXECUTIVE-MANAGER I-BUSINESS-EXECUTIVE-MANAGER O O O O O O O,O O O O O O O O O B-PUBLIC-FIGURE I-PUBLIC-FIGURE O O O O O O O
1312,ĠHe Ġbecomes Ġan ĠO BE .,O O O O O O,O O O O O O
1313,ĠPoll Ġexplains Ġfree - kick Ġdecision Ċ Ċ Ref eree ĠGraham ĠPoll Ġsaid Ġhe Ġapplied Ġthe Ġlaws Ġof Ġthe Ġgame Ġin Ġallowing ĠArsenal Ġstriker ĠTh ier ry ĠHenry 's Ġfree - kick Ġin ĠSunday 's Ġ2 - 2 Ġdraw Ġwith ĠChelsea .,O O O O O O O O O O B-ATHLETE I-ATHLETE O O O O O O O O O O O O B-ATHLETE I-ATHLETE I-ATHLETE I-ATHLETE O O O O O O O O O O O O O O,B-PUBLIC-FIGURE O O O O O O O O O B-PUBLIC-FIGURE I-PUBLIC-FIGURE O O O O O O O O O O O O B-ATHLETE I-ATHLETE I-ATHLETE I-ATHLETE O O O O O O O O O O O O O O
1314,"Ġ Ċ Ċ K eeper ĠPetr ĠC ech Ġwas Ġorganising Ġhis Ġdefensive Ġwall Ġwhen ĠHenry 's Ġquick Ġfree - kick Ġflew Ġin , Ġwhich Ġangered ĠChelsea . Ġ""",O O O O O B-ATHLETE I-ATHLETE I-ATHLETE O O O O O O O O O O O O O O O O O O O O,O O O O O B-ATHLETE I-ATHLETE I-ATHLETE O O O O O O B-ATHLETE O O O O O O O O O O O O O
1315,ĠThe Ġwhistle Ġdoesn 't Ġneed Ġto Ġbe Ġblown .,O O O O O O O O O,O O O O O O O O O
1316,ĠI Ġasked ĠHenry Ġ' do Ġyou Ġwant Ġa Ġwall ? '.,O O O O O O O O O O O,O O B-PUBLIC-FIGURE O O O O O O O O
1317,ĠHe Ġsaid Ġ' can ĠI Ġtake Ġit Ġplease ?',O O O O O O O O O,O O O O O O O O O
1318,ĠHe Ġwas Ġvery Ġpolite .,O O O O O,O O O O O
1319,"ĠI Ġsaid Ġ' yes ',"" Ġsaid ĠPoll . Ġ""",O O O O O O O O O,O O O O O O B-PUBLIC-FIGURE O O
1320,ĠI Ġdeal Ġwith Ġthe Ġlaws Ġof Ġthe Ġgame .,O O O O O O O O O,O O O O O O O O O
1321,"ĠI Ġdeal Ġwith Ġfact .""",O O O O O,O O O O O
1322,"ĠPoll Ġadded : Ġ"" I Ġgave Ġthe Ġsignal Ġfor Ġhim Ġto Ġtake Ġit .",O O O O O O O O O O O O O O,B-PUBLIC-FIGURE O O O O O O O O O O O O O
1323,"ĠThat 's Ġwhat Ġhe Ġdid . Ġ""",O O O O O O O,O O O O O O O
1324,"ĠThe Ġsame Ġthing Ġhappened Ġwhen ĠI Ġrefere ed ĠChelsea Ġagainst ĠWest ĠHam Ġin Ġan ĠFA ĠCup Ġreplay Ġtwo Ġyears Ġago Ġ- Ġwhen ĠJimmy ĠFloyd ĠHas sel b ain k Ġscored Ġ- Ġand ĠI Ġdon 't Ġremember Ġthem Ġcomplaining Ġabout Ġthat .""",O O O O O O O O O O O O O O O O O O O O O O B-ATHLETE I-ATHLETE I-ATHLETE I-ATHLETE I-ATHLETE I-ATHLETE I-ATHLETE O O O O O O O O O O O O,O O O O O O O O O O O O O O O O O O O O O O B-ATHLETE I-ATHLETE I-ATHLETE I-ATHLETE I-ATHLETE I-ATHLETE I-ATHLETE O O O O O O O O O O O O
1325,"ĠHenry Ġexplained Ġwhy Ġhe Ġpaused Ġbefore Ġstriking Ġthe Ġball Ġfor Ġthe Ġgoal , Ġwhich Ġput ĠArsenal Ġ2 - 1 Ġahead .",O O O O O O O O O O O O O O O O O O O O O,B-ATHLETE O O O O O O O O O O O O O O O O O O O O
1326,"Ġ Ċ Ċ Henry Ġtold ĠBBC ĠRadio ĠFive ĠLive : Ġ"" The Ġref Ġasked Ġme Ġif ĠI Ġwanted Ġ10 Ġyards Ġor Ġif ĠI Ġwanted Ġto Ġtake Ġit Ġstraight Ġaway Ġand ĠI Ġsaid Ġthat ĠI Ġwanted Ġto Ġtake Ġit Ġstraight Ġaway .",O O O O O O O O O O O O O O O O O O O O O O O O O O O O O O O O O O O O O O O O O,O O O B-ATHLETE O O O O O O O O O O O O O O O O O O O O O O O O O O O O O O O O O O O O O
1327,"ĠHe Ġsaid Ġto Ġme , Ġ' go '. Ġ""",O O O O O O O O O,O O O O O O O O O
1328,ĠIt Ġlooks Ġa Ġbit Ġstrange Ġbecause ĠI Ġtook Ġmy Ġtime .,O O O O O O O O O O O,O O O O O O O O O O O
1329,"ĠI Ġwas Ġwaiting Ġfor ĠEid ur ĠG ud john sen Ġto Ġmove Ġand Ġgive Ġme Ġsome Ġspace . Ġ""",O O O O B-ATHLETE I-ATHLETE I-ATHLETE I-ATHLETE I-ATHLETE I-ATHLETE O O O O O O O O O,O O O O B-ATHLETE I-ATHLETE I-ATHLETE I-ATHLETE I-ATHLETE I-ATHLETE O O O O O O O O O
1330,"ĠAt Ġone Ġpoint , Ġhe Ġturned Ġand Ġthat 's Ġwhen ĠI Ġtried Ġit .""",O O O O O O O O O O O O O O,O O O O O O O O O O O O O O
1331,"ĠFormer Ġreferees ' Ġchief ĠPhilip ĠDon Ġbacked ĠPoll 's Ġdecision Ġto Ġallow Ġthe Ġstrike . Ġ""",O O O O B-ATHLETE I-ATHLETE O O O O O O O O O O,O O O O B-PUBLIC-FIGURE I-PUBLIC-FIGURE O B-PUBLIC-FIGURE O O O O O O O O
1332,ĠThe Ġadvantage Ġshould Ġgo Ġto Ġthe Ġnon - off ending Ġteam .,O O O O O O O O O O O O,O O O O O O O O O O O O
1333,"ĠOn Ġthis Ġoccasion Ġit Ġwas ĠArsenal ,"" ĠDon Ġtold ĠBBC ĠRadio ĠFive ĠLive . Ġ""",O O O O O O O O O O O O O O O,O O O O O O O B-BUSINESS-EXECUTIVE-MANAGER O O O O O O O
1334,ĠRef ere es Ġhave Ġbeen Ġtold Ġto Ġask Ġthe Ġplayer Ġ' do Ġyou Ġwant Ġto Ġtake Ġthe Ġquick Ġfree - kick ?',O O O O O O O O O O O O O O O O O O O O O O,O O O O O O O O O O O O O O O O O O O O O O
1335,"Ġor Ġ' do Ġyou Ġwant Ġme Ġto Ġget Ġthe Ġwall Ġback Ġ9 . 15 Ġmetres ?' Ġ""",O O O O O O O O O O O O O O O O O,O O O O O O O O O O O O O O O O O
1336,"ĠIf Ġthey Ġsay Ġ' quick ', Ġthe Ġreferee Ġtends Ġto Ġmove Ġaway Ġand Ġallow Ġthe Ġkick .""",O O O O O O O O O O O O O O O O O,O O O O O O O O O O O O O O O O O
1337,"ĠDon Ġwas Ġhead Ġof Ġthe Ġreferees Ġfor Ġthe ĠPremier ĠLeague Ġand Ġrevealed Ġall Ġclubs Ġwere Ġinformed Ġof Ġfree - kick Ġoptions . Ġ""",O O O O O O O O O O O O O O O O O O O O O O O,B-PUBLIC-FIGURE O O O O O O O O O O O O O O O O O O O O O O
1338,"ĠWe Ġspoke Ġto Ġall Ġthe ĠPremier ĠLeague Ġclubs Ġas Ġwell Ġas Ġall Ġthe ĠFootball ĠLeague Ġclubs Ġin Ġthe Ġsummer Ġof Ġ2003 Ġexplaining Ġwhat Ġthe Ġsituation Ġwas ,"" Ġhe Ġadded Ġ"" We Ġgave Ġthem Ġthe Ġoption Ġof Ġeither Ġthe Ġquick Ġfree - kick Ġor Ġthe Ġ' ce re mon ial ' Ġfree - kick .",O O O O O O O O O O O O O O O O O O O O O O O O O O O O O O O O O O O O O O O O O O O O O O O O O O O O O O,O O O O O O O O O O O O O O O O O O O O O O O O O O O O O O O O O O O O O O O O O O O O O O O O O O O O O O
1339,"ĠPlayers Ġand Ġclubs Ġwere Ġaware Ġof Ġwhat Ġreferees Ġwere Ġdoing .""",O O O O O O O O O O O,O O O O O O O O O O O
1340,"ĠEconomy Ġfocus Ġfor Ġelection Ġbattle Ċ Ċ Britain 's Ġeconomic Ġfuture Ġwill Ġbe Ġat Ġthe Ġheart Ġof ĠLabour 's Ġpoll Ġcampaign , ĠChancellor ĠGordon ĠBrown Ġhas Ġsaid .",O O O O O O O O O O O O O O O O O O O O O O O B-POLITICIAN I-POLITICIAN O O O,O O O O O O O O O O O O O O O O O O O O O O O B-POLITICIAN I-POLITICIAN O O O
1341,Ġ Ċ Ċ He Ġwas Ġspeaking Ġafter ĠCabinet Ġmembers Ġheld Ġtheir Ġlast Ġmeeting Ġat ĠNo Ġ10 Ġbefore Ġthe Ġexpected Ġelection Ġannouncement .,O O O O O O O O O O O O O O O O O O O O O O,O O O O O O O O O O O O O O O O O O O O O O
1342,"ĠHe Ġsaid Ġvoters Ġwould Ġrecognise Ġthat ĠLabour Ġhad Ġbrought Ġstability Ġand Ġgrowth , Ġand Ġwould Ġcontinue Ġto Ġdo Ġso .",O O O O O O O O O O O O O O O O O O O O,O O O O O O O O O O O O O O O O O O O O
1343,"ĠMeanwhile Ġthe ĠTories Ġoutlined Ġtheir Ġplans Ġto Ġtackle Ġ"" y ob Ġculture "" Ġand Ġthe ĠLib ĠDems Ġgave Ġmore Ġdetails Ġabout Ġtheir Ġproposals Ġto Ġreplace Ġcouncil Ġtax .",O O O O O O O O O O O O O O O O O O O O O O O O O O O O,O O O O O O O O O O O O O O O O O O O O O O O O O O O O
1344,ĠEarlier Ġthe ĠArchbishop Ġof ĠCanterbury Ġwrote Ġto Ġall Ġthree Ġparties Ġurging Ġthem Ġnot Ġto Ġfight Ġthe Ġelection Ġby Ġexploiting Ġpeople 's Ġfears .,O O O O O O O O O O O O O O O O O O O O O O O,O O O O O O O O O O O O O O O O O O O O O O O
1345,"Ġ Ċ Ċ In Ġan Ġopen Ġletter , Ġhe Ġcalled Ġon Ġthem Ġnot Ġto Ġturn Ġthe Ġelection Ġinto Ġa Ġcompetition Ġabout Ġwho Ġcan Ġmost Ġeffectively Ġfright en Ġvoters Ġabout Ġterrorism , Ġasylum , Ġand Ġcrime .",O O O O O O O O O O O O O O O O O O O O O O O O O O O O O O O O O O O O,O O O O O O O O O O O O O O O O O O O O O O O O O O O O O O O O O O O O
1346,"ĠHe Ġsaid Ġthey Ġshould Ġconcentrate Ġinstead Ġon Ġissues Ġsuch Ġas Ġthe Ġenvironment , Ġinternational Ġdevelopment Ġand Ġthe Ġarms Ġtrade , Ġfamily Ġpolicy , Ġand Ġthe Ġreform Ġof Ġthe Ġcriminal Ġjustice Ġsystem .",O O O O O O O O O O O O O O O O O O O O O O O O O O O O O O O O,O O O O O O O O O O O O O O O O O O O O O O O O O O O O O O O O
1347,"Ġ Ċ Ċ Shadow Ġforeign Ġsecretary ĠMichael ĠAn c ram Ġsaid : Ġ"" We Ġhave Ġfought Ġa Ġvery Ġpositive Ġcampaign .",O O O O O O B-POLITICIAN I-POLITICIAN I-POLITICIAN I-POLITICIAN O O O O O O O O O O O,O O O O O O B-POLITICIAN I-POLITICIAN I-POLITICIAN I-POLITICIAN O O O O O O O O O O O
1348,"ĠI Ġthink Ġhe Ġwill Ġwant Ġto Ġlook Ġquite Ġcarefully Ġat Ġwhat ĠJack ĠStraw Ġsaid Ġabout ĠMichael ĠHoward .""",O O O O O O O O O O O B-POLITICIAN I-POLITICIAN O O B-POLITICIAN I-POLITICIAN O,O O O O O O O O O O O B-POLITICIAN I-POLITICIAN O O B-POLITICIAN I-POLITICIAN O
1349,"Ġ Ċ Ċ In Ġa Ġspeech Ġto Ġthe ĠForeign ĠPolicy ĠCentre ĠMr ĠStraw Ġsaid Ġof Ġthe ĠTory Ġleader : Ġ"" He Ġis Ġclever , Ġfluent Ġand Ġtactical , Ġbut Ġhe Ġis Ġnot Ġwise . Ġ""",O O O O O O O O O O O O O O O O O O O O O O O O O O O O O O O O O O O,O O O O O O O O O O O O B-POLITICIAN O O O O O O O O O O O O O O O O O O O O O O
1350,"ĠHe Ġlacks Ġstrategy Ġand Ġgood Ġjudgment , Ġand Ġhis Ġquick Ġtemper Ġand Ġimp et u osity Ġtoo Ġoften Ġget Ġthe Ġbetter Ġof Ġhim .""",O O O O O O O O O O O O O O O O O O O O O O O O,O O O O O O O O O O O O O O O O O O O O O O O O
1351,"ĠThe ĠForeign ĠSecretary Ġtold Ġthe ĠBBC : Ġ"" I Ġwas Ġmaking Ġthe Ġobservation Ġthat Ġbecause Ġof ĠMichael ĠHoward 's Ġimp et u osity Ġyou Ġcan Ġget Ġl urches Ġof Ġpolicy .""",O O O O O O O O O O O O O O O O B-POLITICIAN I-POLITICIAN O O O O O O O O O O O O O,O O O O O O O O O O O O O O O O B-POLITICIAN I-POLITICIAN I-POLITICIAN O O O O O O O O O O O O
1352,"ĠLiberal ĠDemocrat Ġchairman ĠMatthew ĠTaylor Ġsaid : Ġ"" People Ġare Ġalready Ġreally Ġturned Ġoff Ġby Ġthe Ġkind Ġof Ġcampaign Ġthe Ġothers Ġare Ġfighting Ġand Ġyou Ġwill Ġsee Ġus Ġputting Ġemphasis Ġon Ġsome Ġof Ġthese Ġhuge Ġissues Ġfacing Ġthe Ġworld , Ġparticularly Ġthe Ġenvironment .""",O O O B-POLITICIAN I-POLITICIAN O O O O O O O O O O O O O O O O O O O O O O O O O O O O O O O O O O O O O O O,O O O B-POLITICIAN I-POLITICIAN O O O O O O O O O O O O O O O O O O O O O O O O O O O O O O O O O O O O O O O
1353,"Ġ Ċ Ċ Labour 's Ġfocus Ġon Ġthe Ġeconomy Ġas Ġtheir Ġkey Ġmessage Ġ- Ġcame Ġon Ġthe Ġday Ġa Ġnew Ġreport Ġwas Ġpublished Ġby Ġthe ĠInstitute Ġof ĠFiscal ĠStudies , Ġsuggesting Ġthat Ġhousehold Ġincomes Ġhave Ġfallen Ġfor Ġthe Ġfirst Ġtime Ġin Ġmore Ġthan Ġa Ġdecade .",O O O O O O O O O O O O O O O O O O O O O O O O O O O O O O O O O O O O O O O O O O O O O O,O O O O O O O O O O O O O O O O O O O O O O O O O O O O O O O O O O O O O O O O O O O O O O
1354,ĠThe ĠI FS Ġsays Ġthe Ġdrop Ġpartly Ġreflects Ġmeasures Ġannounced Ġin Ġwhat Ġit Ġcalled Ġthe ĠChancellor 's Ġtax - raising ĠBudget Ġof Ġ2002 .,O O O O O O O O O O O O O O O O O O O O O O O O,O O O O O O O O O O O O O O O O O O O O O O O O
1355,"ĠThe ĠTreasury Ġdismissed Ġthe Ġresearch Ġas Ġ"" complete Ġrubbish "".",O O O O O O O O O O,O O O O O O O O O O
1356,"ĠParty Ġelection Ġsuprem o ĠAlan ĠMil burn Ġsaid Ġthe Ġapparent Ġdrop Ġin Ġaverage Ġincomes Ġwas Ġbecause Ġself - employed Ġpeople Ġhad Ġbeen Ġaffected Ġby Ġa Ġ"" world Ġdownturn "" Ġwhich Ġhit Ġtheir Ġprofits .",O O O O B-POLITICIAN I-POLITICIAN I-POLITICIAN O O O O O O O O O O O O O O O O O O O O O O O O O O O,O O O O B-POLITICIAN I-POLITICIAN I-POLITICIAN O O O O O O O O O O O O O O O O O O O O O O O O O O O
1357,"ĠSince Ġ1997 , Ġthe Ġreported Ġaverage Ġtake - home Ġincome Ġhad Ġ"" ris en Ġby Ġ20 % Ġin Ġreal Ġterms "" Ġif Ġyou Ġtook Ġout Ġthe Ġself - employed , ĠMr ĠMil burn Ġtold ĠBBC ĠRadio Ġ4 's ĠToday Ġprogramme .",O O O O O O O O O O O O O O O O O O O O O O O O O O O O O O O O O O O O O O O O O,O O O O O O O O O O O O O O O O O O O O O O O O O O O O O O O B-POLITICIAN I-POLITICIAN O O O O O O O O
1358,"ĠMr ĠBrown Ġalso Ġdismissed Ġthe Ġfigures Ġinsisting Ġthat Ġthe Ġ"" typ ical Ġfamily "" Ġhas Ġbeen Ġmuch Ġbetter Ġoff Ġunder ĠLabour .",O O O O O O O O O O O O O O O O O O O O O O,O B-POLITICIAN O O O O O O O O O O O O O O O O O O O O
1359,"ĠSant ini Ġresign s Ġas ĠSpurs Ġmanager Ċ Ċ T ottenham Ġmanager ĠJacques ĠSant ini Ġhas Ġresigned Ġfor Ġ"" personal Ġreasons "".",O O O O O O O O O O O O B-ATHLETE I-ATHLETE I-ATHLETE O O O O O O O,B-BUSINESS-EXECUTIVE-MANAGER I-BUSINESS-EXECUTIVE-MANAGER O O O O O O O O O O B-BUSINESS-EXECUTIVE-MANAGER I-BUSINESS-EXECUTIVE-MANAGER I-BUSINESS-EXECUTIVE-MANAGER O O O O O O O
1360,Ġ Ċ Ċ The Ġformer ĠFrance Ġmanager Ġmoved Ġto ĠWhite ĠHart ĠLane Ġthis Ġsummer Ġbut Ġnow Ġwants Ġto Ġreturn Ġto ĠFrance .,O O O O O O O O O O O O O O O O O O O O O O,O O O O O O O O O O O O O O O O O O O O O O
1361,"ĠSant ini Ġsaid : Ġ"" My Ġtime Ġat ĠTottenham Ġhas Ġbeen Ġmemorable Ġand Ġit Ġis Ġwith Ġdeep Ġregret Ġthat ĠI Ġtake Ġmy Ġleave .",O O O O O O O O O O O O O O O O O O O O O O O O,B-BUSINESS-EXECUTIVE-MANAGER I-BUSINESS-EXECUTIVE-MANAGER O O O O O O O O O O O O O O O O O O O O O O
1362,"ĠI Ġwish Ġthe Ġclub Ġand Ġthe Ġsupporters Ġall Ġthe Ġbest . Ġ""",O O O O O O O O O O O O,O O O O O O O O O O O O
1363,ĠPrivate Ġissues Ġin Ġmy Ġpersonal Ġlife Ġhave Ġarisen Ġwhich Ġcaused Ġmy Ġdecision .,O O O O O O O O O O O O O,O O O O O O O O O O O O O
1364,"ĠI Ġvery Ġmuch Ġhope Ġthat Ġthe Ġwonderful Ġfans Ġwill Ġrespect Ġmy Ġdecision .""",O O O O O O O O O O O O O,O O O O O O O O O O O O O
1365,"ĠHe Ġadded : Ġ"" I Ġshould Ġlike Ġto Ġthank Ġ( s porting Ġdirector ) ĠFrank ĠAr nes en Ġand Ġ( chair man ) ĠDaniel ĠLevy Ġfor Ġtheir Ġunderstanding .""",O O O O O O O O O O O O O O B-BUSINESS-EXECUTIVE-MANAGER I-BUSINESS-EXECUTIVE-MANAGER I-BUSINESS-EXECUTIVE-MANAGER I-BUSINESS-EXECUTIVE-MANAGER O O O O O B-BUSINESS-EXECUTIVE-MANAGER I-BUSINESS-EXECUTIVE-MANAGER O O O O,O O O O O O O O O O O O O O B-BUSINESS-EXECUTIVE-MANAGER I-BUSINESS-EXECUTIVE-MANAGER I-BUSINESS-EXECUTIVE-MANAGER I-BUSINESS-EXECUTIVE-MANAGER O O O O O B-BUSINESS-EXECUTIVE-MANAGER I-BUSINESS-EXECUTIVE-MANAGER O O O O
1366,ĠAssistant Ġcoach ĠMartin ĠJol Ġhas Ġbeen Ġput Ġin Ġtemporary Ġcharge Ġand Ġwill Ġtake Ġcare Ġof Ġteam Ġaffairs Ġfor ĠSaturday 's ĠPremiership Ġmatch Ġagainst ĠCharl ton .,O O B-ATHLETE I-ATHLETE O O O O O O O O O O O O O O O O O O O O O O,O O B-ATHLETE I-ATHLETE O O O O O O O O O O O O O O O O O O O O O O
1367,"Ġ Ċ Ċ Ar nes en Ġsaid Ġthe Ġclub Ġwere Ġsad Ġto Ġsee ĠSant ini Ġgo : Ġ"" We Ġare Ġobviously Ġdisappointed Ġthat ĠJacques Ġis Ġleaving Ġus .",O O O O O O O O O O O O O O O O O O O O O O O O O O O O,O O O B-BUSINESS-EXECUTIVE-MANAGER I-BUSINESS-EXECUTIVE-MANAGER I-BUSINESS-EXECUTIVE-MANAGER O O O O O O O B-BUSINESS-EXECUTIVE-MANAGER I-BUSINESS-EXECUTIVE-MANAGER O O O O O O O O B-BUSINESS-EXECUTIVE-MANAGER O O O O
1368,"ĠWe Ġfully Ġrespect Ġhis Ġdecision . Ġ""",O O O O O O O,O O O O O O O
1369,"ĠI Ġcan Ġassure Ġyou Ġthat Ġthe Ġclub Ġwill Ġact Ġswiftly Ġto Ġminim ise Ġthe Ġimpact Ġof ĠJacques ' Ġdeparture . Ġ""",O O O O O O O O O O O O O O O O O O O O O,O O O O O O O O O O O O O O O O B-PUBLIC-FIGURE O O O O
1370,"ĠOur Ġpriority Ġis Ġto Ġensure Ġthat Ġthis Ġseason 's Ġperformance Ġremains Ġunaffected Ġby Ġthis Ġmove . Ġ""",O O O O O O O O O O O O O O O O O,O O O O O O O O O O O O O O O O O
1371,"ĠI Ġshall Ġmake Ġa Ġfurther Ġstatement Ġon ĠMonday , Ġclar ifying Ġour Ġposition .",O O O O O O O O O O O O O O,O O O O O O O O O O O O O O
1372,"ĠWe Ġwish ĠJacques Ġwell .""",O O O O O,O O B-PUBLIC-FIGURE O O
1373,"ĠCampbell Ġreturns Ġto Ġelection Ġteam Ċ Ċ Ex - Down ing ĠStreet Ġmedia Ġchief ĠAl ast air ĠCampbell Ġwill Ġreturn Ġto Ġthe Ġfold Ġto Ġstrengthen ĠLabour 's Ġgeneral Ġelection Ġcampaign , Ġthe Ġparty Ġhas Ġconfirmed .",O O O O O O O O O O O O O O B-PUBLIC-FIGURE I-PUBLIC-FIGURE I-PUBLIC-FIGURE I-PUBLIC-FIGURE O O O O O O O O O O O O O O O O O O,B-PUBLIC-FIGURE O O O O O O O O O O O O O B-PUBLIC-FIGURE I-PUBLIC-FIGURE I-PUBLIC-FIGURE I-PUBLIC-FIGURE O O O O O O O O O O O O O O O O O O
1374,"Ġ Ċ Ċ Mr ĠCampbell Ġhas Ġconsistently Ġmade Ġpublic Ġhis Ġkeen ness Ġto Ġplay Ġa Ġpart Ġin Ġthe Ġpoll , Ġexpected Ġin ĠMay .",O O O O O O O O O O O O O O O O O O O O O O O O,O O O O B-POLITICIAN O O O O O O O O O O O O O O O O O O O
1375,"ĠBoth ĠCulture ĠSecretary ĠT essa ĠJ owell Ġand ĠDeputy ĠPrime ĠMinister ĠJohn ĠPrescott Ġhave Ġwelcomed Ġhis Ġreturn . Ġ""",O O O B-POLITICIAN I-POLITICIAN I-POLITICIAN I-POLITICIAN O O O O B-POLITICIAN I-POLITICIAN O O O O O O,O O O B-POLITICIAN I-POLITICIAN I-POLITICIAN I-POLITICIAN O O O O B-POLITICIAN I-POLITICIAN O O O O O O
1376,"ĠHe Ġis Ġa Ġstrong ĠLabour ĠParty Ġmember ,"" ĠMr ĠPrescott Ġtold ĠBBC ĠOne 's ĠBreakfast ĠWith ĠFrost Ġprogramme .",O O O O O O O O O O O O O O O O O O O,O O O O O O O O O B-POLITICIAN O O O O O O O O O
1377,Ġ Ċ Ċ Mr ĠCampbell Ġquit ĠNumber Ġ10 Ġin ĠAugust Ġ2003 Ġafter Ġbeing ĠTony ĠBlair 's Ġright - hand Ġman Ġat Ġthe Ġ1997 Ġand Ġ2001 Ġelections .,O O O O O O O O O O O O O B-POLITICIAN I-POLITICIAN O O O O O O O O O O O O,O O O O B-POLITICIAN O O O O O O O O B-POLITICIAN I-POLITICIAN I-POLITICIAN O O O O O O O O O O O
1378,"ĠLabour Ġhave Ġrefused Ġto Ġdiscuss Ġhis Ġexact Ġnew Ġposition Ġand Ġhave Ġnot Ġsaid Ġhow Ġit Ġwould Ġaffect Ġhis ĠDowning ĠStreet Ġreplacement ĠDavid ĠHill . Ġ""",O O O O O O O O O O O O O O O O O O O O O B-PUBLIC-FIGURE I-PUBLIC-FIGURE O O,O O O O O O O O O O O O O O O O O O O O O B-POLITICIAN I-POLITICIAN O O
1379,"ĠOf Ġcourse ĠAl ast air 's Ġgoing Ġto Ġbe Ġpart Ġof Ġthe Ġelection Ġcampaign Ġand ĠI Ġthink Ġthat Ġall Ġof Ġus Ġwho Ġwill Ġalso Ġbe Ġpart Ġof Ġthe Ġelection Ġcampaign Ġare Ġvery Ġpleased Ġabout Ġthat ,"" ĠMs ĠJ owell Ġtold ĠSky ĠNews .",O O O O O O O O O O O O O O O O O O O O O O O O O O O O O O O O O O O O O O O O O O O,O O O O O O O O O O O O O O O O O O O O O O O O O O O O O O O O O O O O O B-POLITICIAN I-POLITICIAN O O O O
1380,"Ġ Ċ Ċ But Ġshe Ġsaid Ġhis Ġreturn Ġwould Ġnot Ġput Ġanybody Ġelse 's Ġ"" n ose Ġout Ġof Ġjoint "". Ġ""",O O O O O O O O O O O O O O O O O O O O O O,O O O O O O O O O O O O O O O O O O O O O O
1381,"ĠThis Ġis Ġthe Ġda ft Ġthing Ġabout Ġthe Ġway Ġin Ġwhich Ġpolitics Ġis Ġwritten Ġabout ,"" ĠMs ĠJ owell Ġadded . Ġ""",O O O O O O O O O O O O O O O O O O O O O O,O O O O O O O O O O O O O O O O O B-POLITICIAN I-POLITICIAN O O O
1382,ĠThere 's Ġroom Ġfor Ġeverybody .,O O O O O O,O O O O O O
1383,"ĠWe Ġserve Ġthe Ġcountry Ġbetter Ġif Ġwe Ġmake Ġroom Ġfor Ġall Ġthe Ġtalent .""",O O O O O O O O O O O O O O,O O O O O O O O O O O O O O
1384,"ĠA ĠLabour Ġsource Ġtold Ġthe ĠSunday ĠTimes ĠMr ĠCampbell Ġwould Ġ"" effect ively Ġfront "" Ġthe Ġelection Ġmedia Ġcampaign Ġbut Ġsaid Ġhe Ġwould Ġbe Ġgiven Ġno Ġformal Ġtitle .",O O O O O O O O O O O O O O O O O O O O O O O O O O O O O,O O O O O O O O B-PUBLIC-FIGURE O O O O O O O O O O O O O O O O O O O O
1385,"Ġ Ċ Ċ Labour Ġstrateg ists Ġtold Ġthe Ġpaper Ġhe Ġwould Ġbe Ġ"" set Ġloose "" Ġon ĠConservative Ġleader ĠMichael ĠHoward Ġin Ġattacking Ġhis Ġparty 's Ġeconomic Ġrecord Ġwhen Ġit Ġwas Ġin Ġpower . Ġ""",O O O O O O O O O O O O O O O O O O O B-POLITICIAN I-POLITICIAN O O O O O O O O O O O O O O,O O O O O O O O O O O O O O O O O O O B-POLITICIAN I-POLITICIAN O O O O O O O O O O O O O O
1386,"ĠThey Ġused Ġpictures Ġfrom Ġthe Ġ1970 s Ġin Ġthe Ġ1992 Ġcampaign Ġto Ġremind Ġpeople Ġof Ġthe Ġwinter Ġof Ġdiscontent Ġ- Ġand Ġnow Ġit 's Ġour Ġturn ,"" Ġthe Ġsource Ġtold Ġthe Ġpaper . Ġ""",O O O O O O O O O O O O O O O O O O O O O O O O O O O O O O O O O O,O O O O O O O O O O O O O O O O O O O O O O O O O O O O O O O O O O
1387,"ĠMaking ĠMichael ĠHoward Ġleader Ġgives Ġus Ġan Ġun miss able Ġopportunity Ġto Ġremind Ġpeople Ġwhat Ġit Ġwas Ġlike Ġto Ġpay Ġmortgage Ġrates Ġof Ġ15 % Ġeven Ġif Ġit Ġwas Ġmore Ġthan Ġa Ġdecade Ġago .""",O B-POLITICIAN I-POLITICIAN O O O O O O O O O O O O O O O O O O O O O O O O O O O O O O O O,O B-POLITICIAN I-POLITICIAN O O O O O O O O O O O O O O O O O O O O O O O O O O O O O O O O
1388,ĠMr ĠCampbell Ġwas Ġat Ġthe Ġcentre Ġof Ġthe Ġgovernment 's Ġrow Ġwith ĠBBC Ġover ĠAndrew ĠGill igan 's Ġstory Ġabout Ġthe ĠIraq Ġweapons Ġdossier .,O O O O O O O O O O O O O O B-AUTHOR-WRITER I-AUTHOR-WRITER I-AUTHOR-WRITER O O O O O O O O,O B-PUBLIC-FIGURE O O O O O O O O O O O O B-PUBLIC-FIGURE I-PUBLIC-FIGURE I-PUBLIC-FIGURE I-PUBLIC-FIGURE O O O O O O O
1389,"ĠThe ĠH utton Ġinquiry Ġcleared Ġhim Ġof Ġ"" sex ing Ġup "" Ġthe Ġdossier Ġin Ġthe Ġrun - up Ġto Ġthe ĠIraq Ġwar .",O O O O O O O O O O O O O O O O O O O O O O O O,O B-PUBLIC-FIGURE I-PUBLIC-FIGURE O O O O O O O O O O O O O O O O O O O O O
1390,"ĠSince Ġleaving ĠDowning ĠStreet , Ġhe Ġhas Ġtoured Ġthe Ġcountry Ġwith Ġhis Ġone Ġman Ġshow , ĠAn ĠAud ience ĠWith ĠAl ast air ĠCampbell Ġand Ġpresented Ġa Ġnumber Ġof Ġinterview Ġprogrammes Ġfor ĠChannel Ġ4 .",O O O O O O O O O O O O O O O O O O O O B-PUBLIC-FIGURE I-PUBLIC-FIGURE I-PUBLIC-FIGURE I-PUBLIC-FIGURE O O O O O O O O O O O,O O O O O O O O O O O O O O O O O O O O B-PUBLIC-FIGURE I-PUBLIC-FIGURE I-PUBLIC-FIGURE I-PUBLIC-FIGURE O O O O O O O O O O O
1391,ĠRobertson Ġout Ġto Ġretain ĠEuro Ġlure Ċ Ċ He arts Ġmanager ĠJohn ĠRobertson Ġhopes Ġa Ġplace Ġin Ġthe Ġknock - out Ġstages Ġof Ġthe ĠU ef a ĠCup Ġcould Ġhelp Ġkeep Ġsome Ġof Ġhis Ġout - of - contract Ġplayers Ġat Ġthe Ġclub .,O O O O O O O O O O O B-ATHLETE I-ATHLETE O O O O O O O O O O O O O O O O O O O O O O O O O O O O O O O,B-ATHLETE O O O O O O O O O O B-BUSINESS-EXECUTIVE-MANAGER I-BUSINESS-EXECUTIVE-MANAGER O O O O O O O O O O O O O O O O O O O O O O O O O O O O O O O
1392,"Ġ Ċ Ċ "" It Ġcould Ġhelp .",O O O O O O O O,O O O O O O O O
1393,"ĠIf Ġwe Ġget Ġthrough Ġand Ġhave Ġanother ĠEuropean Ġtie Ġit Ġmay Ġencourage Ġplayers Ġto Ġstay Ġat Ġleast Ġuntil Ġthe Ġend Ġof Ġthe Ġseason ,"" Ġhe Ġsaid . Ġ""",O O O O O O O O O O O O O O O O O O O O O O O O O O O O,O O O O O O O O O O O O O O O O O O O O O O O O O O O O
1394,"ĠIf Ġwe Ġmanage Ġto Ġget Ġthrough Ġit Ġshows Ġhow Ġwell Ġthe Ġclub 's Ġprogressing . Ġ""",O O O O O O O O O O O O O O O O,O O O O O O O O O O O O O O O O
1395,"ĠThey Ġhave Ġto Ġthink Ġwhether Ġthey Ġare Ġgoing Ġto Ġget Ġother Ġclubs Ġlike Ġthat Ġshould Ġthey Ġdecide Ġto Ġmove Ġon .""",O O O O O O O O O O O O O O O O O O O O O,O O O O O O O O O O O O O O O O O O O O O
1396,"ĠA Ġwin Ġfor ĠRobertson 's Ġside Ġagainst ĠF ere nc var os Ġwould Ġput Ġthem Ġthrough Ġto Ġthe Ġlast Ġ32 Ġif ĠBas le Ġfail Ġto Ġbeat ĠFey eno ord . Ġ""",O O O O O O O O O O O O O O O O O O O O O O O O O O O O O O O,O O O B-PUBLIC-FIGURE O O O O O O O O O O O O O O O O O B-ATHLETE O O O O B-ATHLETE O O O O
1397,"ĠIt 's Ġvery Ġmuch Ġthe Ġplayer 's Ġpre rog ative Ġbut Ġthe Ġfact Ġthat Ġwe 've Ġbeen Ġplaying ĠEuropean Ġfootball Ġfor Ġthe Ġlast Ġthree Ġor Ġfour Ġyears Ġis Ġobviously Ġan Ġincentive ,"" Ġadded ĠRobertson . Ġ""",O O O O O O O O O O O O O O O O O O O O O O O O O O O O O O O O O O O O,O O O O O O O O O O O O O O O O O O O O O O O O O O O O O O O O O B-PUBLIC-FIGURE O O
1398,"ĠBut Ġwe Ġwant Ġplayers Ġwho Ġwant Ġto Ġplay Ġfor Ġthe Ġfootball Ġclub , Ġwho Ġare Ġcommitted Ġand Ġa Ġrun Ġin ĠEurope Ġalways Ġhelps Ġa Ġlittle Ġbit .""",O O O O O O O O O O O O O O O O O O O O O O O O O O O,O O O O O O O O O O O O O O O O O O O O O O O O O O O
1399,"ĠWith Ġthe Ġgame Ġbeing Ġplayed Ġat ĠMurray field Ġinstead Ġof ĠTy ne castle Ġbecause Ġof ĠU ef a Ġregulations , ĠRobertson Ġsees Ġboth Ġpositive Ġand Ġnegative Ġaspects Ġto Ġthe Ġchange Ġof Ġvenue .",O O O O O O O O O O O O O O O O O O O O O O O O O O O O O O O O O,O O O O O O O O O O O O O O O O O O O O B-PUBLIC-FIGURE O O O O O O O O O O O O
1400,"Ġ Ċ Ċ "" The Ġpitch Ġis Ġnot Ġin Ġthe Ġgreatest Ġcondition .",O O O O O O O O O O O O O,O O O O O O O O O O O O O
1401,"ĠThe ĠHe ine ken ĠCup Ġgame Ġwas Ġthere Ġat Ġthe Ġweekend Ġand Ġthe Ġpitch Ġis Ġa Ġbit Ġthread bare ,"" Ġhe Ġsaid . Ġ""",O O O O O O O O O O O O O O O O O O O O O O O O,O O O O O O O O O O O O O O O O O O O O O O O O
1402,ĠIt 's Ġnot Ġideal Ġbut Ġit 's Ġthe Ġsame Ġfor Ġboth Ġteams Ġso Ġwe Ġjust Ġhave Ġto Ġgo Ġout Ġand Ġthere Ġand Ġperform .,O O O O O O O O O O O O O O O O O O O O O O O O,O O O O O O O O O O O O O O O O O O O O O O O O
1403,"ĠThat 's Ġthe Ġmost Ġimportant Ġthing .""",O O O O O O O,O O O O O O O
1404,"ĠBut Ġhe Ġadded : Ġ"" If ĠTy ne castle Ġcould Ġhave Ġhosted Ġ30 , 000 Ġit Ġwould Ġhave Ġbeen Ġfantastic Ġbut Ġthat 's Ġone Ġof Ġthe Ġbenefits Ġof ĠMurray field Ġ- Ġit Ġallows Ġus Ġto Ġbring Ġeven Ġmore Ġof Ġour Ġsupporters Ġinto Ġit . Ġ""",O O O O O O O O O O O O O O O O O O O O O O O O O O O O O O O O O O O O O O O O O O O O O,O O O O O O B-ATHLETE I-ATHLETE I-ATHLETE O O O O O O O O O O O O O O O O O O O O O O O O O O O O O O O O O O O O
1405,"ĠThere Ġwill Ġbe Ġa Ġgood Ġatmosphere Ġand Ġthe ĠHearts Ġfans Ġhave Ġan Ġimportant Ġrole Ġto Ġplay . Ġ""",O O O O O O O O O O O O O O O O O O,O O O O O O O O O O O O O O O O O O
1406,"ĠWe Ġneed Ġtheir Ġencouragement , Ġwe Ġneed Ġthem Ġto Ġget Ġright Ġbehind Ġthe Ġside Ġand Ġmake Ġit Ġas Ġgood Ġan Ġatmosphere Ġas Ġpossible . Ġ""",O O O O O O O O O O O O O O O O O O O O O O O O O,O O O O O O O O O O O O O O O O O O O O O O O O O
1407,"ĠHopefully Ġthe Ġplayers Ġwill Ġrespond Ġto Ġthat Ġand ĠI Ġknow Ġthey Ġwill Ġbecause Ġit 's Ġa Ġfantastic ĠEuropean Ġnight Ġfor Ġthe Ġclub .""",O O O O O O O O O O O O O O O O O O O O O O O,O O O O O O O O O O O O O O O O O O O O O O O
1408,"ĠKennedy Ġcritic ises Ġ' un fair ' Ġtaxes Ċ Ċ Gordon ĠBrown Ġhas Ġfailed Ġto Ġtackle Ġthe Ġ"" fund amental Ġunfair ness "" Ġin Ġthe Ġtax Ġsystem Ġin Ġhis Ġninth ĠBudget , ĠCharles ĠKennedy Ġhas Ġsaid .",O O O O O O O O O O B-POLITICIAN I-POLITICIAN O O O O O O O O O O O O O O O O O O O O B-POLITICIAN I-POLITICIAN O O O,B-POLITICIAN O O O O O O O O O B-POLITICIAN I-POLITICIAN O O O O O O O O O O O O O O O O O O O O B-POLITICIAN I-POLITICIAN O O O
1409,"Ġ Ċ Ċ How Ġwas Ġit Ġright Ġthat Ġthe Ġpoorest Ġ20 % Ġof Ġsociety Ġwere Ġstill Ġpaying Ġmore Ġas Ġa Ġproportion Ġof Ġtheir Ġincome Ġthan Ġthe Ġrichest Ġ20 %, Ġthe ĠLib ĠDem Ġleader Ġasked .",O O O O O O O O O O O O O O O O O O O O O O O O O O O O O O O O O O O,O O O O O O O O O O O O O O O O O O O O O O O O O O O O O O O O O O O
1410,"ĠThe Ġnew ĠÂ£ 200 Ġcouncil Ġtax Ġrebate Ġfor Ġpension ers Ġdid Ġnothing Ġto Ġfix Ġthe Ġ"" un fair Ġtax "", Ġhe Ġadded .",O O O O O O O O O O O O O O O O O O O O O O O,O O O O O O O O O O O O O O O O O O O O O O O
1411,"ĠThe Ġgovernment Ġcould Ġnot Ġgo Ġon Ġ"" patch ing Ġup "" Ġthe Ġsystem , Ġhe Ġadded .",O O O O O O O O O O O O O O O O O,O O O O O O O O O O O O O O O O O
1412,"ĠSpeaking Ġin Ġthe ĠCommons Ġafter ĠMr ĠBrown Ġhad Ġdelivered Ġwhat Ġis Ġwidely Ġthought Ġto Ġbe Ġthe Ġlast ĠBudget Ġbefore Ġthe Ġgeneral Ġelection , ĠMr ĠKennedy Ġacknowledged Ġthat Ġthe ĠUK Ġwas Ġone Ġof Ġthe Ġmost Ġsuccessful Ġeconomies Ġin Ġthe Ġworld .",O O O O O O O O O O O O O O O O O O O O O O O O O O O O O O O O O O O O O O O O,O O O O O O B-POLITICIAN O O O O O O O O O O O O O O O O O B-POLITICIAN O O O O O O O O O O O O O O O
1413,"Ġ Ċ Ċ But Ġhe Ġcriticised Ġboth Ġthe Ġchancellor Ġand Ġthe ĠTories Ġfor Ġfailing Ġto Ġaddress Ġthe Ġ"" t icking Ġbomb "" Ġof Ġcouncil Ġtax Ġre val uation .",O O O O O O O O O O O O O O O O O O O O O O O O O O O O O,O O O O O O O O O O O O O O O O O O O O O O O O O O O O O
1414,ĠHe Ġsaid Ġthe Ġrecent Ġexperience Ġof ĠWales Ġindicated Ġseven Ġmillion Ġhouseholds Ġin ĠEngland Ġwould Ġpay Ġsignificantly Ġmore Ġafter Ġre val uation .,O O O O O O O O O O O O O O O O O O O O O O,O O O O O O O O O O O O O O O O O O O O O O
1415,"ĠThe Ġchancellor 's Ġannouncement Ġthat Ġhe Ġwas Ġto Ġoffer Ġa ĠÂ£ 200 Ġcouncil Ġtax Ġrebate Ġpaid Ġby Ġpension er Ġhouseholds Ġwas Ġmerely Ġa Ġ"" st icking Ġplaster "" Ġto Ġa Ġmuch Ġbigger Ġproblem .",O O O O O O O O O O O O O O O O O O O O O O O O O O O O O O O O O O,O O O O O O O O O O O O O O O O O O O O O O O O O O O O O O O O O O
1416,"ĠThe ĠLib ĠDem Ġplan Ġfor Ġa Ġlocal Ġincome Ġtax Ġwould Ġbenefit Ġthe Ġtypical Ġhousehold Ġby Ġmore Ġthan ĠÂ£ 450 Ġa Ġyear , Ġwith Ġhalf Ġof Ġall Ġpension ers Ġpaying Ġno Ġlocal Ġtax Ġand Ġabout Ġthree Ġmillion Ġbeing Ġbetter Ġoff .",O O O O O O O O O O O O O O O O O O O O O O O O O O O O O O O O O O O O O O O O,O O O O O O O O O O O O O O O O O O O O O O O O O O O O O O O O O O O O O O O O
1417,"Ġ Ċ Ċ On Ġpensions , ĠMr ĠKennedy Ġsaid Ġit Ġwas Ġa Ġ"" sc andal "" Ġthat Ġthe Ġsystem Ġdiscriminated Ġagainst Ġwomen Ġwho Ġhad Ġmissed Ġmaking ĠNational ĠInsurance Ġpayments Ġwhen Ġthey Ġwere Ġhaving Ġchildren .",O O O O O O O O O O O O O O O O O O O O O O O O O O O O O O O O O O O,O O O O O O O B-POLITICIAN O O O O O O O O O O O O O O O O O O O O O O O O O O O
1418,"ĠHe Ġsaid Ġa Ġresidency Ġcriteria Ġwould Ġend Ġ"" at Ġa Ġstroke Ġthis Ġfundamental Ġin iqu ity "".",O O O O O O O O O O O O O O O O O,O O O O O O O O O O O O O O O O O
1419,"ĠMr ĠKennedy Ġadded Ġhis Ġparty 's Ġpriorities Ġof Ġfree Ġlong - term Ġcare Ġfor Ġthe Ġelderly , Ġabol ishing Ġtop - up Ġfees Ġand Ġreplacing Ġthe Ġcouncil Ġtax Ġwould Ġbe Ġfunded Ġby Ġcharging Ġ50 % Ġincome Ġtax Ġto Ġthose Ġearning Ġmore Ġthan ĠÂ£ 100 , 000 Ġper Ġann um .",O O O O O O O O O O O O O O O O O O O O O O O O O O O O O O O O O O O O O O O O O O O O O O O O O O,O B-POLITICIAN O O O O O O O O O O O O O O O O O O O O O O O O O O O O O O O O O O O O O O O O O O O O O O O O
1420,ĠHe Ġcontrasted Ġhis Ġapproach Ġwith ĠMr ĠBrown 's Ġpledge Ġin Ġ2001 Ġnot Ġto Ġincrease Ġincome Ġtax .,O O O O O O O O O O O O O O O O O,O O O O O O B-POLITICIAN O O O O O O O O O O
1421,"ĠThe Ġchancellor Ġwent Ġon Ġto Ġput Ġup ĠNational ĠInsurance Ġcontributions Ġafter Ġthe Ġelection . Ġ""",O O O O O O O O O O O O O O O,O O O O O O O O O O O O O O O
1422,"ĠFor Ġmost Ġindividuals , Ġmost Ġfamilies , Ġmost Ġhouseholds , Ġit Ġadds Ġup Ġto Ġexactly Ġthe Ġsame Ġthing ,"" Ġsaid ĠMr ĠKennedy . Ġ""",O O O O O O O O O O O O O O O O O O O O O O O O,O O O O O O O O O O O O O O O O O O O O O B-POLITICIAN O O
1423,"ĠAnd Ġthey Ġwonder Ġwhy Ġpeople Ġget Ġcynical Ġabout Ġtheir Ġpoliticians Ġwhen Ġthey Ġgive Ġone Ġimpression Ġbefore Ġan Ġelection Ġand Ġdo Ġexactly Ġthe Ġopposite Ġafter Ġthat Ġelection .""",O O O O O O O O O O O O O O O O O O O O O O O O O O O,O O O O O O O O O O O O O O O O O O O O O O O O O O O
1424,"ĠParties ' Ġplans Ġfor Ġcouncil Ġtax Ċ Ċ Ang er Ġat Ġcouncil Ġtax Ġrises Ġspilled Ġover Ġinto Ġmass Ġprotests Ġin Ġ2003 , Ġwhen Ġthe Ġaverage ĠEnglish Ġbill Ġrose Ġ12 . 9 %.",O O O O O O O O O O O O O O O O O O O O O O O O O O O O O O O O,O O O O O O O O O O O O O O O O O O O O O O O O O O O O O O O O
1425,"Ġ Ċ Ċ P ension ers ' Ġprotests Ġspread Ġ- Ġsome Ġmarched , Ġothers Ġsimply Ġrefused Ġto Ġpay Ġthe Ġincrease .",O O O O O O O O O O O O O O O O O O O O O,O O O O O O O O O O O O O O O O O O O O O
1426,"ĠSome , Ġsuch Ġas Ġ83 - year - old ĠElizabeth ĠWink field , Ġsaid Ġthey Ġwould Ġrather Ġgo Ġto Ġjail .",O O O O O O O O O B-PUBLIC-FIGURE I-PUBLIC-FIGURE I-PUBLIC-FIGURE O O O O O O O O O,O O O O O O O O O B-PUBLIC-FIGURE I-PUBLIC-FIGURE I-PUBLIC-FIGURE O O O O O O O O O
1427,"ĠThe ĠAudit ĠCommission Ġfound Ġthe Ġwhole Ġlocal Ġgovernment Ġfinance Ġsystem Ġwas Ġ"" fund ament ally Ġflawed "" Ġand Ġall Ġthree Ġof Ġthe Ġmain Ġparties Ġhave Ġsaid Ġthe Ġsystem Ġhas Ġto Ġchange .",O O O O O O O O O O O O O O O O O O O O O O O O O O O O O O O O,O O O O O O O O O O O O O O O O O O O O O O O O O O O O O O O O
1428,Ġ Ċ Ċ Labour Ġsays Ġit Ġwants Ġto Ġretain Ġthe Ġproperty - based Ġtax Ġbut Ġreform Ġit Ġto Ġmake Ġit Ġfaire r Ġand Ġsays Ġthere Ġis Ġscope Ġfor Ġcouncils Ġto Ġbecome Ġmore Ġefficient .,O O O O O O O O O O O O O O O O O O O O O O O O O O O O O O O O O O,O O O O O O O O O O O O O O O O O O O O O O O O O O O O O O O O O O
1429,"ĠThey Ġsay Ġthey Ġare Ġalready Ġhelping Ġpension ers Ġwith Ġcouncil Ġtax Ġbills , Ġwith Ġa ĠÂ£ 100 Ġlump Ġsum Ġfor Ġthe Ġover - 70 s Ġand Ġlast Ġyear Ġthe Ġgovernment Ġcapped Ġsome Ġlocal Ġcouncils ' Ġbudgets Ġto Ġkeep Ġdemands Ġdown .",O O O O O O O O O O O O O O O O O O O O O O O O O O O O O O O O O O O O O O O O O,O O O O O O O O O O O O O O O O O O O O O O O O O O O O O O O O O O O O O O O O O
1430,"ĠDeputy ĠPrime ĠMinister ĠJohn ĠPrescott Ġhas Ġsaid Ġthe Ġcurrent Ġsystem Ġis Ġnot Ġsustainable Ġin Ġthe Ġlong Ġterm Ġand Ġsaid Ġthere Ġwould Ġbe Ġ"" radical Ġreform "".",O O O B-POLITICIAN I-POLITICIAN O O O O O O O O O O O O O O O O O O O O O,O O O B-POLITICIAN I-POLITICIAN O O O O O O O O O O O O O O O O O O O O O
1431,ĠThe Ġparty Ġsays Ġthis Ġyear 's Ġincreases Ġwill Ġbe Ġthe Ġlowest Ġin Ġa Ġdecade .,O O O O O O O O O O O O O O O,O O O O O O O O O O O O O O O
1432,"ĠA Ġreport Ġlast Ġyear Ġlooked Ġat Ġincreasing Ġthe Ġnumber Ġof Ġcouncil Ġtax Ġbands Ġand Ġother Ġforms Ġof Ġlocal Ġtaxation , Ġsuch Ġas Ġreformed Ġbusiness Ġrates , Ġalthough Ġno Ġdecisions Ġhave Ġbeen Ġmade .",O O O O O O O O O O O O O O O O O O O O O O O O O O O O O O O O O,O O O O O O O O O O O O O O O O O O O O O O O O O O O O O O O O O
1433,"ĠAn Ġindependent Ġinquiry Ġinto Ġits Ġfindings , Ġthe ĠLyons Ġreview , Ġis Ġdue Ġto Ġreport Ġback Ġat Ġthe Ġend Ġof Ġ2005 .",O O O O O O O O O O O O O O O O O O O O O O,O O O O O O O O B-PUBLIC-FIGURE O O O O O O O O O O O O O
1434,"Ġ Ċ Ċ The ĠTories Ġhave Ġpromised Ġa Ġreduction Ġon Ġbills Ġfor Ġpension ers , Ġwho Ġthey Ġsay Ġhave Ġbeen Ġhardest Ġhit Ġby Ġyear - on - year Ġincreases Ġin Ġcouncil Ġtax .",O O O O O O O O O O O O O O O O O O O O O O O O O O O O O O O O O,O O O O O O O O O O O O O O O O O O O O O O O O O O O O O O O O O
1435,"ĠThey Ġsay Ġthey Ġcan Ġsave ĠÂ£ 4 bn Ġon Ġ"" government Ġwaste "", Ġof Ġwhich ĠÂ£ 1 . 3 bn Ġcould Ġbe Ġused Ġto Ġcut Ġpension ers ' Ġbills Ġby Ġan Ġaverage Ġof ĠÂ£ 340 .",O O O O O O O O O O O O O O O O O O O O O O O O O O O O O O O O O O O O,O O O O O O O O O O O O O O O O O O O O O O O O O O O O O O O O O O O O
1436,"ĠIt Ġwould Ġnot Ġbe Ġmeans Ġtested , Ġsay Ġthe ĠTories , Ġbecause Ġthat Ġwould Ġcreate Ġmore Ġbureaucracy Ġand Ġcould Ġdiscourage Ġpeople Ġfrom Ġsaving Ġfor Ġtheir Ġretirement .",O O O O O O O O O O O O O O O O O O O O O O O O O O O,O O O O O O O O O O O O O O O O O O O O O O O O O O O
1437,"ĠInstead Ġhouseholds Ġwhere Ġcouncil Ġtax Ġpay ers Ġare Ġover Ġ65 Ġwould Ġget Ġa Ġrebate Ġcovering Ġhalf Ġtheir Ġbill , Ġup Ġto Ġa Ġmaximum Ġof ĠÂ£ 500 .",O O O O O O O O O O O O O O O O O O O O O O O O O O O,O O O O O O O O O O O O O O O O O O O O O O O O O O O
1438,ĠThe ĠTories Ġalso Ġsay Ġthey Ġare Ġsuspicious Ġabout Ġany Ġproposals Ġto Ġre value Ġhomes Ġ- Ġcurrently Ġgraded Ġaccording Ġto Ġtheir Ġvalue Ġin Ġ1991 Ġ- Ġbecause Ġthey Ġbelieve Ġseven Ġmillion Ġof Ġhomes Ġcould Ġmove Ġup Ġa Ġband .,O O O O O O O O O O O O O O O O O O O O O O O O O O O O O O O O O O O O O,O O O O O O O O O O O O O O O O O O O O O O O O O O O O O O O O O O O O O
1439,"Ġ Ċ Ċ The ĠLiberal ĠDemocrats Ġwant Ġto Ġdo Ġaway Ġwith Ġthe Ġcouncil Ġtax Ġaltogether Ġand Ġswitch Ġto Ġa Ġlocal Ġincome Ġtax Ġof Ġthe Ġkind Ġseen Ġin Ġthe ĠUSA , ĠNorway Ġand ĠSwitzerland .",O O O O O O O O O O O O O O O O O O O O O O O O O O O O O O O O O O,O O O O O O O O O O O O O O O O O O O O O O O O O O O O O O O O O O
1440,"ĠThe Ġrate Ġwould Ġbe Ġset Ġlocally , Ġbut Ġadministered Ġby Ġthe ĠIn land ĠRevenue Ġwhich Ġthey Ġsay Ġwould Ġsave Ġat Ġleast ĠÂ£ 300 m . ĠThey Ġsay Ġthe Ġcouncil Ġtax Ġis Ġthe Ġmost Ġunpopular Ġand Ġmost Ġunfair Ġtax Ġin ĠBritain , Ġbecause Ġit Ġputs Ġa Ġ"" ce iling "" Ġon Ġwhat Ġthe Ġrichest Ġpay .",O O O O O O O O O O O O O O O O O O O O O O O O O O O O O O O O O O O O O O O O O O O O O O O O O O O O O O O,O O O O O O O O O O O O O O O O O O O O O O O O O O O O O O O O O O O O O O O O O O O O O O O O O O O O O O O
1441,"ĠThe Ġparty Ġsays Ġit Ġwould Ġaim Ġfor Ġa ĠÂ£ 5 , 000 Ġtax - free Ġpersonal Ġallowance , Ġor Ġa ĠÂ£ 7 , 000 Ġallowance Ġfor Ġthe Ġover - 65 s .",O O O O O O O O O O O O O O O O O O O O O O O O O O O O O O O O,O O O O O O O O O O O O O O O O O O O O O O O O O O O O O O O O
1442,"ĠAfter Ġthat Ġincome Ġwould Ġbe Ġtaxed Ġup Ġto ĠÂ£ 100 , 000 .",O O O O O O O O O O O O O,O O O O O O O O O O O O O
1443,"ĠThe ĠLib ĠDems Ġsay Ġtheir Ġplan Ġis Ġfaire r , Ġmore Ġefficient , Ġhas Ġalready Ġbeen Ġtested Ġabroad Ġand Ġoffers Ġmore Ġaccountability .",O O O O O O O O O O O O O O O O O O O O O O O,O O O O O O O O O O O O O O O O O O O O O O O
1444,"ĠGat lin Ġand ĠHayes Ġwin ĠOwen Ġawards Ċ Ċ American ĠOlympic Ġstars ĠJustin ĠGat lin Ġand ĠJo anna ĠHayes Ġhave Ġbeen Ġnamed Ġthe Ġwinners Ġof Ġthe Ġ2004 ĠJesse ĠOwens ĠAwards , ĠUSA ĠTrack Ġ& ĠField 's Ġ( US AT F ) Ġtop Ġhonour .",O O O O O O O O O O O O B-ATHLETE I-ATHLETE I-ATHLETE O B-ATHLETE I-ATHLETE I-ATHLETE O O O O O O O O B-ATHLETE I-ATHLETE O O O O O O O O O O O O O O O,B-ATHLETE I-ATHLETE O B-ATHLETE O O O O O O O O B-ATHLETE I-ATHLETE I-ATHLETE O B-ATHLETE I-ATHLETE I-ATHLETE O O O O O O O O O O O O O O O O O O O O O O O O O
1445,"Ġ Ċ Ċ G at lin , Ġ22 , Ġwon Ġthe Ġclosest Ġ100 m Ġfinal Ġin ĠGames Ġhistory Ġwith Ġa Ġcareer - best Ġtime Ġof Ġ9 . 85 Ġseconds Ġin ĠAthens .",O O O O O O O O O O O O O O O O O O O O O O O O O O O O O O O O,O O O B-ATHLETE I-ATHLETE I-ATHLETE O O O O O O O O O O O O O O O O O O O O O O O O O O
1446,"ĠHe Ġalso Ġwon Ġbronze Ġin Ġthe Ġ200 m Ġand Ġsilver Ġin Ġthe Ġ4 x 100 m Ġrelay , Ġbecoming Ġthe Ġonly Ġmale Ġathlete Ġto Ġwin Ġthree Ġathletics Ġmedals Ġthis Ġsummer .",O O O O O O O O O O O O O O O O O O O O O O O O O O O O O O O,O O O O O O O O O O O O O O O O O O O O O O O O O O O O O O O
1447,"ĠHayes , Ġ27 , Ġset Ġan ĠOlympic Ġrecord Ġof Ġ12 . 37 Ġin Ġwinning Ġthe Ġ100 m Ġhurdles .",O O O O O O O O O O O O O O O O O O O,B-ATHLETE O O O O O O O O O O O O O O O O O O
1448,"ĠEst ablished Ġin Ġ1981 , Ġthe ĠJesse ĠOwens ĠAwards Ġ- Ġnamed Ġin Ġhonour Ġof Ġthe Ġlate ĠOlympic Ġgreat Ġwho Ġwon Ġfour Ġgold Ġmedals Ġat Ġthe Ġ1936 ĠBerlin ĠGames Ġ- Ġare Ġpresented Ġannually Ġto Ġthe Ġoutstanding ĠUS Ġmale Ġand Ġfemale Ġtrack Ġand Ġfield Ġperformers .",O O O O O O B-ATHLETE I-ATHLETE O O O O O O O O O O O O O O O O O O O O O O O O O O O O O O O O O O O O,O O O O O O B-ATHLETE I-ATHLETE O O O O O O O O O O O O O O O O O O O O O O O O O O O O O O O O O O O O
1449,"Ġ Ċ Ċ The Ġ2004 Ġawards Ġwill Ġbe Ġpresented Ġon Ġ3 ĠDecember Ġin Ġconjunction Ġwith Ġthe ĠUS AT F Ġannual Ġmeeting Ġin ĠPortland . Ġ""",O O O O O O O O O O O O O O O O O O O O O O O O O,O O O O O O O O O O O O O O O O O O O O O O O O O
1450,"ĠIt Ġis Ġsuch Ġa Ġgreat Ġhonour Ġto Ġwin Ġthe ĠJesse ĠOwens ĠAward ,"" Ġsaid ĠGat lin . Ġ""",O O O O O O O O O B-ATHLETE I-ATHLETE O O O O O O O,O O O O O O O O O O O O O O B-ACTOR-DIRECTOR I-ACTOR-DIRECTOR O O
1451,"ĠIt Ġis Ġone Ġof Ġthe Ġbiggest Ġhon ours Ġin Ġtrack Ġand Ġfield Ġand Ġit Ġis Ġa Ġgreat Ġend Ġto Ġa Ġgreat Ġyear . Ġ""",O O O O O O O O O O O O O O O O O O O O O O O O,O O O O O O O O O O O O O O O O O O O O O O O O
1452,"ĠHayes Ġsaid : Ġ"" Knowing Ġsome Ġof Ġthe Ġgreat Ġpeople Ġwho Ġhave Ġwon Ġthis Ġaward Ġbefore Ġme Ġand Ġknowing Ġwhat Ġit Ġrepresents , ĠI Ġfeel Ġa Ġsense Ġaccomplishment Ġand Ġpride Ġwhich Ġlets Ġme Ġknow Ġthat Ġeverything Ġthat ĠI Ġhave Ġworked Ġfor Ġis Ġand Ġalways Ġwill Ġbe Ġworth Ġit .""",O O O O O O O O O O O O O O O O O O O O O O O O O O O O O O O O O O O O O O O O O O O O O O O O O,B-ACTOR-DIRECTOR O O O O O O O O O O O O O O O O O O O O O O O O O O O O O O O O O O O O O O O O O O O O O O O O
1453,"ĠDa ĠVin ci ĠCode Ġis Ġ' l ousy Ġhistory ' Ċ Ċ The Ġplot Ġof Ġan Ġinternational Ġbest seller Ġthat Ġthousands Ġof Ġreaders Ġare Ġlikely Ġto Ġreceive Ġas Ġa ĠChristmas Ġpresent Ġis Ġ' laugh able ', Ġa Ġclergy man Ġhas Ġsaid .",O O O O O O O O O O O O O O O O O O O O O O O O O O O O O O O O O O O O O O O O O O,O O O O O O O O O O O O O O O O O O O O O O O O O O O O O O O O O O O O O O O O O O
1454,"Ġ Ċ Ċ The ĠDa ĠVin ci ĠCode Ġclaims ĠJesus Ġwas Ġnot Ġcruc ified , Ġbut Ġmarried ĠMary ĠMag dal ene Ġand Ġdied Ġa Ġnormal Ġdeath .",O O O O O O O O O B-PUBLIC-FIGURE O O O O O O O B-PUBLIC-FIGURE I-PUBLIC-FIGURE I-PUBLIC-FIGURE I-PUBLIC-FIGURE O O O O O O,O O O O O O O O O B-MUSICIAN O O O O O O O B-PUBLIC-FIGURE I-PUBLIC-FIGURE I-PUBLIC-FIGURE I-PUBLIC-FIGURE O O O O O O
1455,ĠIt Ġclaims Ġthis Ġwas Ġlater Ġcovered Ġup Ġby Ġthe ĠChurch .,O O O O O O O O O O O,O O O O O O O O O O O
1456,"ĠThe ĠBishop Ġof ĠDurham , Ġthe ĠR t ĠRev ĠDr ĠTom ĠWright , Ġdescribed Ġthe Ġnovel Ġas Ġa Ġ"" great Ġthriller "" Ġbut Ġ"" l ousy Ġhistory "".",O O O O O O O O O O B-AUTHOR-WRITER I-AUTHOR-WRITER O O O O O O O O O O O O O O O O,O O O O O O O O O O B-PUBLIC-FIGURE I-PUBLIC-FIGURE O O O O O O O O O O O O O O O O
1457,ĠThe Ġbook Ġhas Ġsold Ġmore Ġthan Ġseven Ġmillion Ġcopies Ġworldwide .,O O O O O O O O O O O,O O O O O O O O O O O
1458,"ĠDespite Ġenjoying ĠDan ĠBrown 's Ġconspiracy Ġtheory , Ġthe ĠBishop Ġsaid Ġthere Ġwas Ġa Ġlack Ġof Ġevidence Ġto Ġback Ġup Ġits Ġclaims .",O O B-AUTHOR-WRITER I-AUTHOR-WRITER O O O O O O O O O O O O O O O O O O O,O O B-POLITICIAN I-POLITICIAN I-POLITICIAN O O O O O O O O O O O O O O O O O O
1459,"Ġ Ċ Ċ Writing Ġhis ĠChristmas Ġmessage Ġin Ġthe ĠNorthern ĠEcho , Ġthe ĠBishop Ġsaid : Ġ"" Cons piracy Ġtheories Ġare Ġalways Ġfun Ġ- Ġfun Ġto Ġinvent , Ġfun Ġto Ġread , Ġfun Ġto Ġfantas ise Ġabout . Ġ""",O O O O O O O O O O O O O O O O O O O O O O O O O O O O O O O O O O O O O O O,O O O O O O O O O O O O O B-PUBLIC-FIGURE O O O O O O O O O O O O O O O O O O O O O O O O O
1460,"ĠDan ĠBrown Ġis Ġthe Ġbest Ġwriter ĠI 've Ġcome Ġacross Ġin Ġthe Ġgenre , Ġbut Ġanyone Ġwho Ġknows Ġanything Ġabout Ġ1 st Ġcentury Ġhistory Ġwill Ġsee Ġthat Ġthis Ġunderlying Ġmaterial Ġis Ġlaughable .""",B-AUTHOR-WRITER I-AUTHOR-WRITER O O O O O O O O O O O O O O O O O O O O O O O O O O O O O O O,B-AUTHOR-WRITER I-AUTHOR-WRITER O O O O O O O O O O O O O O O O O O O O O O O O O O O O O O O
1461,"ĠA Ġgreat Ġdeal Ġof Ġcredible Ġevidence Ġproves Ġthe ĠBiblical Ġversion Ġof ĠJesus ' Ġlife Ġwas Ġtrue , Ġaccording Ġto Ġthe ĠBishop . Ġ""",O O O O O O O O O O O B-PUBLIC-FIGURE O O O O O O O O O O O,O O O O O O O O O O O B-PUBLIC-FIGURE O O O O O O O O O O O
1462,"ĠThe Ġevidence Ġfor ĠJesus Ġand Ġthe Ġorigins Ġof ĠChristianity Ġis Ġastonishing ly Ġgood ,"" Ġhe Ġsaid . Ġ""",O O O B-PUBLIC-FIGURE O O O O O O O O O O O O O O,O O O B-PUBLIC-FIGURE O O O O O O O O O O O O O O
1463,"ĠWe Ġhave Ġliterally Ġa Ġhundred Ġtimes Ġmore Ġearly Ġmanuscripts Ġfor Ġthe Ġg ospels Ġand Ġletters Ġin Ġthe ĠNew ĠTestament Ġthan Ġwe Ġhave Ġfor Ġthe Ġmain Ġclassical Ġauthors Ġlike ĠCic ero , ĠVir gil Ġand ĠTac itus .",O O O O O O O O O O O O O O O O O O O O O O O O O O O O B-AUTHOR-WRITER I-AUTHOR-WRITER O B-AUTHOR-WRITER I-AUTHOR-WRITER O B-AUTHOR-WRITER I-AUTHOR-WRITER O,O O O O O O O O O O O O O O O O O O O O O O O O O O O O B-AUTHOR-WRITER I-AUTHOR-WRITER O B-AUTHOR-WRITER I-AUTHOR-WRITER O B-AUTHOR-WRITER I-AUTHOR-WRITER O
1464,"Ġ Ċ Ċ "" Hist orical Ġresearch Ġshows Ġthat Ġthey Ġpresent Ġa Ġcoherent Ġand Ġthoroughly Ġcredible Ġpicture Ġof ĠJesus , Ġwith Ġall Ġsorts Ġof Ġincidental Ġdetails Ġthat Ġfit Ġthe Ġtime Ġwhen Ġhe Ġlived , Ġand Ġdon 't Ġfit Ġthe Ġworld Ġof Ġlater Ġlegend .""",O O O O O O O O O O O O O O O O O O B-PUBLIC-FIGURE O O O O O O O O O O O O O O O O O O O O O O O O O,O O O O O O O O O O O O O O O O O O B-POLITICIAN O O O O O O O O O O O O O O O O O O O O O O O O O
1465,"ĠBrown 's Ġbook Ġhas Ġbecome Ġa Ġpublishing Ġphenomenon , Ġconsistently Ġtopping Ġbook Ġcharts Ġin Ġthe ĠUK Ġand ĠUS .",O O O O O O O O O O O O O O O O O O O,B-AUTHOR-WRITER O O O O O O O O O O O O O O O O O O
1466,"ĠThe ĠDa ĠVin ci ĠCode Ġhas Ġbeen Ġtranslated Ġinto Ġ42 Ġlanguages Ġand Ġhas Ġspawned Ġits Ġown Ġcottage Ġindustry Ġof Ġpublications , Ġincluding Ġguides Ġon Ġto Ġhow Ġto Ġread Ġthe Ġbook , Ġrebutt als Ġand Ġcounter Ġclaims .",O O O O O O O O O O O O O O O O O O O O O O O O O O O O O O O O O O O O O,O B-AUTHOR-WRITER I-AUTHOR-WRITER I-AUTHOR-WRITER O O O O O O O O O O O O O O O O O O O O O O O O O O O O O O O O O
1467,"ĠThe Ġbook , Ġwhich Ġhas Ġbecome Ġan Ġinternational Ġbest - seller Ġin Ġlittle Ġover Ġtwo Ġyears , Ġis Ġset Ġto Ġbe Ġmade Ġinto Ġa Ġfilm Ġstarring ĠTom ĠH anks .",O O O O O O O O O O O O O O O O O O O O O O O O O O B-ACTOR-DIRECTOR I-ACTOR-DIRECTOR I-ACTOR-DIRECTOR O,O O O O O O O O O O O O O O O O O O O O O O O O O O B-ACTOR-DIRECTOR I-ACTOR-DIRECTOR I-ACTOR-DIRECTOR O
1468,"ĠBoris Ġopposes Ġmayor Ġapology Ċ Ċ Ken ĠLiving stone Ġshould Ġ"" stick Ġto Ġhis Ġguns "" Ġand Ġnot Ġapologise Ġfor Ġhis Ġ"" Nazi "" Ġcomment Ġto Ġa ĠJewish Ġreporter , ĠTory ĠMP ĠBoris ĠJohnson Ġhas Ġinsisted .",O O O O O O B-POLITICIAN I-POLITICIAN I-POLITICIAN O O O O O O O O O O O O O O O O O O O O O O O B-POLITICIAN I-POLITICIAN O O O,B-POLITICIAN O O O O O B-POLITICIAN I-POLITICIAN I-POLITICIAN O O O O O O O O O O O O O O O O O O O O O O O B-POLITICIAN I-POLITICIAN O O O
1469,"Ġ Ċ Ċ Mr ĠJohnson Ġalso Ġclaimed ĠTony ĠBlair 's Ġintervention Ġin Ġthe Ġrow Ġwas Ġ"" an Ġattempt Ġto Ġreassure ĠJewish Ġvoters "".",O O O O O O O B-POLITICIAN I-POLITICIAN O O O O O O O O O O O O O O,O O O O B-POLITICIAN O O B-POLITICIAN I-POLITICIAN I-POLITICIAN O O O O O O O O O O O O O
1470,"ĠLondon Ġmayor ĠMr ĠLiving stone Ġsays Ġhe Ġis Ġ"" standing Ġby "" Ġhis Ġremarks Ġwhich Ġlikened Ġan ĠEvening ĠStandard Ġjournalist Ġto Ġa Ġ"" con cent ration Ġcamp Ġguard "".",O O O O O O O O O O O O O O O O O O O O O O O O O O O O O,O O O B-POLITICIAN I-POLITICIAN O O O O O O O O O O O O O O O O O O O O O O O O
1471,ĠBut Ġthe Ġprime Ġminister Ġsays Ġit Ġis Ġtime Ġfor ĠMr ĠLiving stone Ġto Ġsay Ġsorry .,O O O O O O O O O O O O O O O O,O O O O O O O O O O B-POLITICIAN I-POLITICIAN O O O O
1472,"Ġ Ċ Ċ Labour 's ĠMr ĠLiving stone Ġhas Ġsaid Ġhis Ġcomments Ġmay Ġhave Ġbeen Ġoffensive Ġbut Ġwere Ġnot Ġracist , Ġand Ġsaid Ġearlier Ġthis Ġweek Ġhe Ġwould Ġnot Ġapologise Ġeven Ġif ĠMr ĠBlair Ġasked .",O O O O O O O O O O O O O O O O O O O O O O O O O O O O O O O O O O O O,O O O O O O B-POLITICIAN I-POLITICIAN O O O O O O O O O O O O O O O O O O O O O O O O O B-POLITICIAN O O
1473,"ĠLater Ġthe Ġprime Ġminister Ġsaid : Ġ"" A Ġlot Ġof Ġus Ġin Ġpolitics Ġget Ġangry Ġwith Ġjournalists Ġfrom Ġtime Ġto Ġtime , Ġbut Ġin Ġthe Ġcircumstances , Ġand Ġto Ġthe Ġjournalist Ġbecause Ġhe Ġwas Ġa ĠJewish Ġjournalist , Ġyes , Ġhe Ġshould Ġapologise .""",O O O O O O O O O O O O O O O O O O O O O O O O O O O O O O O O O O O O O O O O O O O O,O O O O O O O O O O O O O O O O O O O O O O O O O O O O O O O O O O O O O O O O O O O O
1474,"Ġ Ċ Ċ However , ĠMr ĠJohnson , Ġwho Ġwas Ġforced Ġto Ġapologise Ġlast Ġyear Ġfor Ġan Ġarticle Ġin Ġthe Ġmagazine Ġhe Ġedits Ġabout ĠLiver p ud l ians Ġgrieving Ġover Ġthe Ġdeath Ġof ĠBritish Ġhostage ĠKen ĠBig ley , Ġsaid ĠMr ĠBlair Ġ"" should Ġbutt Ġout Ġof "" Ġthe Ġrow . Ġ""",O O O O O O O O O O O O O O O O O O O O O O O O O O O O O O O O O O O O B-PUBLIC-FIGURE I-PUBLIC-FIGURE I-PUBLIC-FIGURE O O O O O O O O O O O O O O,O O O O O O B-POLITICIAN O O O O O O O O O O O O O O O O O O O O O O O O O O O O O B-PUBLIC-FIGURE I-PUBLIC-FIGURE I-PUBLIC-FIGURE O O O B-POLITICIAN O O O O O O O O O O
1475,"ĠI Ġdon 't Ġsee Ġwhy Ġthe Ġprime Ġminister Ġhas Ġto Ġget Ġinvolved Ġin Ġthis ,"" ĠThe ĠSpect ator Ġeditor Ġtold ĠBBC ĠRadio Ġ4 's ĠToday Ġprogramme . Ġ""",O O O O O O O O O O O O O O O O O O O O O O O O O O O O,O O O O O O O O O O O O O O O O O O O O O O O O O O O O
1476,"ĠIt 's Ġa Ġdispute Ġbetween ĠKen ĠLiving stone Ġand Ġa Ġreporter Ġon Ġthe ĠEvening ĠStandard .""",O O O O O B-POLITICIAN I-POLITICIAN I-POLITICIAN O O O O O O O O,O O O O O B-POLITICIAN I-POLITICIAN I-POLITICIAN O O O O O O O O
1477,"ĠMr ĠJohnson , ĠMP Ġfor ĠHen ley - on - Th ames , ĠOxford shire , Ġsaid Ġhe Ġsuspected ĠLabour Ġwas Ġnow Ġtrying Ġto Ġreassure ĠJewish Ġvoters Ġ"" because Ġof Ġthis Ġcurious Ġway Ġin Ġwhich ĠLabour Ġseems Ġto Ġbe Ġtrying Ġto Ġcurry Ġfavour Ġwith Ġdisillusion ed ĠMuslim Ġvoters Ġwho Ġmay Ġbe Ġdisillusion ed Ġabout Ġthe Ġwar "".",O O O O O O O O O O O O O O O O O O O O O O O O O O O O O O O O O O O O O O O O O O O O O O O O O O O O O O O O O,O B-POLITICIAN O O O O O O O O O O O O O O O O O O O O O O O O O O O O O O O O O O O O O O O O O O O O O O O O O O O O O O O
1478,"Ġ Ċ Ċ "" Ken Ġdoesn 't Ġthink Ġhe 's Ġgot Ġanything Ġto Ġsay Ġsorry Ġfor Ġand Ġif Ġthat 's Ġreally Ġhis Ġfeeling , Ġthen ĠI Ġthink Ġthat Ġhe Ġshould Ġstick Ġto Ġhis Ġguns ,"" Ġhe Ġsaid .",O O O O O O O O O O O O O O O O O O O O O O O O O O O O O O O O O O O O O O,O O O O B-PUBLIC-FIGURE O O O O O O O O O O O O O O O O O O O O O O O O O O O O O O O O O
1479,"ĠMr ĠJohnson Ġapologised Ġlast ĠOctober Ġfor Ġperpet uating Ġan Ġ"" out dated Ġstereotype "" Ġof ĠLiverpool Ġin Ġthe Ġleader Ġarticle Ġon Ġthe Ġdeath Ġof ĠMr ĠBig ley .",O O O O O O O O O O O O O O O O O O O O O O O O O O O O,O B-MUSICIAN O O O O O O O O O O O O O O O O O O O O O O O B-PUBLIC-FIGURE I-PUBLIC-FIGURE O
1480,ĠThe Ġarticle Ġin Ġthe Ġmagazine Ġsuggested Ġgrieving ĠLiver p ud l ians Ġwere Ġwall owing Ġin Ġtheir Ġvictim Ġstatus .,O O O O O O O O O O O O O O O O O O O O,O O O O O O O B-PUBLIC-FIGURE I-PUBLIC-FIGURE I-PUBLIC-FIGURE I-PUBLIC-FIGURE I-PUBLIC-FIGURE O O O O O O O O
1481,ĠIt Ġalso Ġattributed Ġblame Ġto Ġdrunken ĠLiverpool Ġfootball Ġfans Ġfor Ġthe Ġ1989 ĠHills borough Ġdisaster Ġin Ġwhich Ġ96 Ġdied .,O O O O O O O O O O O O O O O O O O O O,O O O O O O O O O O O O O O O O O O O O
1482,"ĠMr ĠJohnson Ġtold ĠToday : Ġ"" It 's Ġperfectly Ġtrue Ġthat ĠI Ġgot Ġinto Ġthe Ġgro ve lling Ġgame Ġmyself Ġand Ġwhen ĠI Ġapologised Ġthere Ġwere Ġsome Ġthings Ġthat ĠI Ġfelt ĠI Ġought Ġto Ġsay Ġsorry Ġfor Ġ... Ġthere Ġwere Ġalso Ġother Ġthings ĠI Ġdidn 't Ġthink ĠI Ġshould Ġapologise Ġfor ,"" Ġhe Ġsaid . Ġ""",O O O O O O O O O O O O O O O O O O O O O O O O O O O O O O O O O O O O O O O O O O O O O O O O O O O O O O O O,O B-POLITICIAN O O O O O O O O O O O O O O O O O O O O O O O O O O O O O O O O O O O O O O O O O O O O O O O O O O O O O O
1483,"ĠBut Ġhere 's Ġold ĠKen Ġ- Ġhe 's Ġbeen Ġcr ass , Ġhe 's Ġbeen Ġinsensitive Ġand Ġth uggish Ġand Ġbrutal Ġin Ġhis Ġlanguage Ġ- Ġbut ĠI Ġdon 't Ġthink Ġactually Ġif Ġyou Ġread Ġwhat Ġhe Ġsaid , Ġalthough Ġit Ġwas Ġextraordinary Ġand Ġrude , ĠI Ġdon 't Ġthink Ġhe Ġwas Ġactually Ġanti - Semitic .""",O O O O O O O O O O O O O O O O O O O O O O O O O O O O O O O O O O O O O O O O O O O O O O O O O O O O O O O O,O O O O B-POLITICIAN O O O O O O O O O O O O O O O O O O O O O O O O O O O O O O O O O O O O O O O O O O O O O O O O O O O
1484,ĠSinger ĠFerguson Ġ' facing Ġeviction ' Ċ Ċ Three ĠDeg rees Ġstar ĠSheila ĠFerguson Ġis Ġthe Ġfavourite Ġto Ġbe Ġev icted Ġfrom ĠITV 's ĠI 'm ĠA ĠCelebrity ... ĠGet ĠMe ĠOut ĠOf ĠHere Ġon ĠMonday .,O O O O O O O O O O O O B-MUSICIAN I-MUSICIAN O O O O O O O O O O O O O O O O O O O O O O O,O B-MUSICIAN O O O O O O O O O O B-MUSICIAN I-MUSICIAN O O O O O O O O O O O O O O O O O O O O O O O
1485,"Ġ Ċ Ċ Book makers ĠLad bro kes Ġsays Ġthe Ġsinger Ġhas Ġeven Ġodds Ġof Ġbeing Ġthe Ġfirst Ġcontestant Ġto Ġbe Ġvoted Ġoff Ġthe Ġshow . Ġ""",O O O O O O O O O O O O O O O O O O O O O O O O O O O,O O O O O O B-BUSINESS-EXECUTIVE-MANAGER I-BUSINESS-EXECUTIVE-MANAGER O O O O O O O O O O O O O O O O O O O
1486,"ĠIt 's Ġgoing Ġto Ġbe Ġclose Ġbut ĠSheila Ġis Ġfavourite Ġas Ġshe Ġhas Ġshown Ġherself Ġto Ġbe Ġa Ġbit Ġof Ġa Ġtrouble maker ,"" Ġsaid ĠLad bro kes ' ĠWarren ĠL ush .",O O O O O O O O O O O O O O O O O O O O O O O O O O O O O B-PUBLIC-FIGURE I-PUBLIC-FIGURE I-PUBLIC-FIGURE O,O O O O O O O B-ATHLETE O O O O O O O O O O O O O O O O O O O O O B-BUSINESS-EXECUTIVE-MANAGER I-BUSINESS-EXECUTIVE-MANAGER I-BUSINESS-EXECUTIVE-MANAGER O
1487,ĠComic ĠJoe ĠPas qu ale Ġremains Ġodds Ġon Ġfavourite Ġto Ġwin Ġthe Ġreality Ġshow .,O B-ACTOR-DIRECTOR I-ACTOR-DIRECTOR I-ACTOR-DIRECTOR I-ACTOR-DIRECTOR O O O O O O O O O O,O B-ACTOR-DIRECTOR I-ACTOR-DIRECTOR I-ACTOR-DIRECTOR I-ACTOR-DIRECTOR O O O O O O O O O O
1488,ĠMr ĠL ush Ġadded Ġthat ĠNancy ĠSor rell 's Ġchances Ġof Ġan Ġearly Ġdeparture Ġhad Ġincreased Ġsince Ġthe Ġsurprise Ġarrival Ġof Ġhusband ĠVic ĠReeves Ġin Ġthe Ġjungle Ġcamp Ġlast ĠWednesday .,O O O O O B-PUBLIC-FIGURE I-PUBLIC-FIGURE I-PUBLIC-FIGURE O O O O O O O O O O O O O O B-ACTOR-DIRECTOR I-ACTOR-DIRECTOR O O O O O O O,O B-BUSINESS-EXECUTIVE-MANAGER I-BUSINESS-EXECUTIVE-MANAGER O O B-PUBLIC-FIGURE I-PUBLIC-FIGURE I-PUBLIC-FIGURE I-PUBLIC-FIGURE O O O O O O O O O O O O O B-PUBLIC-FIGURE I-PUBLIC-FIGURE O O O O O O O
1489,"ĠNotwithstanding , Ġcomedian ĠReeves Ġremains Ġ3 / 1 Ġfavourite Ġto Ġwin Ġthe Ġshow , Ġafter ĠPas qu ale .",O O O O O O O O O O O O O O O O O O O,O O O B-ACTOR-DIRECTOR O O O O O O O O O O O O O O O
1490,"Ġ Ċ Ċ Hug gy ĠBear Ġactor ĠAntonio ĠF arg as Ġalso Ġremains Ġa Ġcontender Ġfor Ġeviction Ġhaving Ġ"" done Ġnothing Ġto Ġlive Ġup Ġto Ġthe Ġpre - show Ġhype "". Ġ""",O O O O O O O B-ACTOR-DIRECTOR I-ACTOR-DIRECTOR I-ACTOR-DIRECTOR I-ACTOR-DIRECTOR O O O O O O O O O O O O O O O O O O O O O,O O O O O O O B-ACTOR-DIRECTOR I-ACTOR-DIRECTOR I-ACTOR-DIRECTOR I-ACTOR-DIRECTOR O O O O O O O O O O O O O O O O O O O O O
1491,"ĠThere Ġhas Ġbeen Ġa Ġbig Ġgamble Ġon ĠNatalie Ġ[ App leton ] Ġto Ġgo ... Ġbut Ġbook ies Ġfancy Ġthe Ġmillions Ġat Ġhome Ġwill Ġkeep Ġpiling Ġon Ġthe Ġmisery Ġby Ġputting Ġher Ġthrough Ġmore Ġbus ht ucker Ġtrials ,"" Ġadded ĠMr ĠL ush .",O O O O O O O O O O O O O O O O O O O O O O O O O O O O O O O O O O O O O O O O O O O O,O O O O O O O B-ATHLETE O O O O O O O O O O O O O O O O O O O O O O O O O O O O O O O O O B-BUSINESS-EXECUTIVE-MANAGER I-BUSINESS-EXECUTIVE-MANAGER O
1492,ĠThe Ġformer ĠAll ĠSaint Ġstar Ġhas Ġperformed Ġdism ally Ġin Ġbus ht ucker Ġtrials Ġwhich Ġhave Ġseen Ġher Ġplunged Ġinto Ġglass Ġtanks Ġcontaining Ġput rid Ġwaste Ġand Ġchallenged Ġto Ġeat Ġfish Ġeyes .,O O O O O O O O O O O O O O O O O O O O O O O O O O O O O O O O O,O O O O O O O O O O O O O O O O O O O O O O O O O O O O O O O O O
1493,"ĠOn ĠFriday , ĠLad bro kes Ġsuspended Ġbetting Ġafter Ġsinger ĠBrian ĠHarvey Ġquit Ġthe Ġshow Ġfoll l owing Ġa Ġblazing Ġrow Ġwith ĠJanet ĠStreet - P orter .",O O O O O O O O O O B-MUSICIAN I-MUSICIAN O O O O O O O O O O B-AUTHOR-WRITER I-AUTHOR-WRITER I-AUTHOR-WRITER I-AUTHOR-WRITER I-AUTHOR-WRITER O,O O O B-PUBLIC-FIGURE I-PUBLIC-FIGURE I-PUBLIC-FIGURE O O O O B-MUSICIAN I-MUSICIAN O O O O O O O O O O B-PUBLIC-FIGURE I-PUBLIC-FIGURE I-PUBLIC-FIGURE I-PUBLIC-FIGURE I-PUBLIC-FIGURE O
1494,"ĠHarvey , Ġwho Ġentered Ġthe Ġcamp Ġa Ġday Ġlater Ġthan Ġother Ġcontestants Ġafter Ġlearning Ġthat Ġhis Ġgrandmother Ġhad Ġdied , Ġreached Ġthe Ġend Ġof Ġhis Ġtether Ġfollowing Ġdays Ġof Ġme ag re Ġr ations Ġand Ġrows .",O O O O O O O O O O O O O O O O O O O O O O O O O O O O O O O O O O O O O,B-MUSICIAN O O O O O O O O O O O O O O O O O O O O O O O O O O O O O O O O O O O O
1495,ĠWin emaker Ġrejects ĠFoster 's Ġoffer Ċ Ċ Australian Ġwin emaker ĠSouth cor p Ġhas Ġrejected Ġa Ġtakeover Ġoffer Ġworth Ġ3 . 1 bn ĠAustralian Ġdollars Ġ($ 2 . 3 bn ; ĠÂ£ 1 . 8 bn ) Ġfrom Ġbrewing Ġgiant ĠFoster 's ĠGroup .,O O O O O O O O O O O O O O O O O O O O O O O O O O O O O O O O O O O O O O O O O O O O O,O O O O O O O O O O O B-ATHLETE I-ATHLETE I-ATHLETE O O O O O O O O O O O O O O O O O O O O O O O O O O O O O O O
1496,"Ġ Ċ Ċ South cor p , Ġwhose Ġbrands Ġinclude ĠPen f olds , ĠRose mount Ġand ĠLind em ans , Ġdismissed Ġthe Ġoffer Ġas Ġinadequate .",O O O O O O O O O O O O O O O O O O O O O O O O O O O,O O O B-ATHLETE I-ATHLETE I-ATHLETE O O O O B-ATHLETE I-ATHLETE I-ATHLETE O B-ATHLETE I-ATHLETE O B-ATHLETE I-ATHLETE I-ATHLETE O O O O O O O
1497,ĠThe Ġtwo Ġcompanies Ġheld Ġfour Ġdays Ġof Ġtalks Ġafter ĠFoster 's Ġbought Ġan Ġ18 . 8 % Ġstake Ġin ĠSouth cor p Ġon Ġ13 ĠJanuary .,O O O O O O O O O O O O O O O O O O O O O O O O O O,O O O O O O O O O B-PUBLIC-FIGURE O O O O O O O O O O O O O O O O
1498,ĠA Ġmerger Ġwould Ġcreate Ġa Ġglobal Ġplayer Ġwith Ġworldwide Ġannual Ġsales Ġof Ġ39 m Ġcases Ġand Ġrevenues Ġof ĠA $ 2 . 6 bn .,O O O O O O O O O O O O O O O O O O O O O O O O O,O O O O O O O O O O O O O O O O O O O O O O O O O
1499,"Ġ Ċ Ċ South cor p Ġsaid ĠFoster 's ĠA $ 4 . 17 - a - share Ġtakeover Ġproposal Ġoffered Ġa Ġ"" ex cellent Ġstrategic Ġfit "" Ġbut Ġunder valued Ġthe Ġcompany . Ġ""",O O O O O O O O O O O O O O O O O O O O O O O O O O O O O O O O O O O,O O O O B-BUSINESS-EXECUTIVE-MANAGER I-BUSINESS-EXECUTIVE-MANAGER O B-BUSINESS-EXECUTIVE-MANAGER O O O O O O O O O O O O O O O O O O O O O O O O O O O
1500,"ĠSouth cor p 's Ġboard Ġhas Ġinformed ĠFoster 's Ġthat Ġit Ġis Ġnot Ġprepared Ġto Ġrecommend Ġthe Ġoffer Ġas Ġit Ġdoes Ġnot Ġadequately Ġreflect Ġthe Ġstrategic Ġvalue Ġof Ġthe Ġcompany ,"" Ġsaid ĠSouth cor p Ġchairman ĠBrian ĠFinn .",O O O O O O O O O O O O O O O O O O O O O O O O O O O O O O O O O O O O B-BUSINESS-EXECUTIVE-MANAGER I-BUSINESS-EXECUTIVE-MANAGER O,O O O O O O O O O O O O O O O O O O O O O O O O O O O O O O O O O O O O B-BUSINESS-EXECUTIVE-MANAGER I-BUSINESS-EXECUTIVE-MANAGER O
1501,"Ġ Ċ Ċ South cor p Ġsaid ĠFoster 's Ġtakeover Ġoffer Ġwas Ġ"" opp ortun istic "".",O O O O O O O O O O O O O O O O O,O O O B-ATHLETE B-BUSINESS-EXECUTIVE-MANAGER B-ATHLETE O B-BUSINESS-EXECUTIVE-MANAGER O O O O O O O O O
1502,"ĠHowever , Ġit Ġsaid Ġthat Ġthe Ġoffer Ġmay Ġrepresent Ġan Ġ' opening Ġbid ', Ġopening Ġup Ġthe Ġpossibility Ġof ĠFoster 's Ġreturning Ġwith Ġan Ġimproved Ġoffer .",O O O O O O O O O O O O O O O O O O O O O O O O O O O,O O O O O O O O O O O O O O O O O O O B-PUBLIC-FIGURE O O O O O O O
1503,"Ġ Ċ Ċ F oster 's Ġsaid Ġa Ġcombination Ġof Ġthe Ġtwo Ġcompanies Ġwould Ġcreate Ġa Ġglobal Ġplayer Ġwith Ġan Ġ"" un riv alled "" Ġcollection Ġof Ġpremium Ġwine Ġbrands .",O O O O O O O O O O O O O O O O O O O O O O O O O O O O O O O,O O O B-BUSINESS-EXECUTIVE-MANAGER I-BUSINESS-EXECUTIVE-MANAGER I-BUSINESS-EXECUTIVE-MANAGER O O O O O O O O O O O O O O O O O O O O O O O O O
1504,"ĠDespite Ġbeing Ġbest Ġknown Ġfor Ġbrewing ĠFoster 's ĠL ager , ĠFoster 's Ġis Ġalready Ġone Ġof ĠAustralia 's Ġlargest Ġwine Ġproducers , Ġowning Ġthe ĠB ering er Ġand ĠWolf ĠBl ass Ġbrands Ġamong Ġothers . Ġ""",O O O O O O O O O O O O O O O O O O O O O O O O O O O O O O O O O O O O O,O O O O O O O O O O O O O O O O O O O O O O O O O O O O O O O O O O O O O
1505,"ĠThe Ġcombination Ġof ĠFoster 's Ġand ĠSouth cor p Ġwill Ġtransform Ġthe Ġglobal Ġwine Ġindustry Ġand Ġsignificantly Ġenhance ĠAustralia 's Ġcompetitive Ġposition Ġon Ġthe Ġglobal Ġstage ,"" Ġsaid ĠTrevor ĠO ' H oy , ĠFoster 's Ġchief Ġexecutive Ġofficer .",O O O O O O O O O O O O O O O O O O O O O O O O O O O O B-BUSINESS-EXECUTIVE-MANAGER I-BUSINESS-EXECUTIVE-MANAGER I-BUSINESS-EXECUTIVE-MANAGER I-BUSINESS-EXECUTIVE-MANAGER I-BUSINESS-EXECUTIVE-MANAGER O O O O O O O,O O O O O O O O O O O O O O O O O O O O O O O O O O O O B-BUSINESS-EXECUTIVE-MANAGER I-BUSINESS-EXECUTIVE-MANAGER I-BUSINESS-EXECUTIVE-MANAGER I-BUSINESS-EXECUTIVE-MANAGER I-BUSINESS-EXECUTIVE-MANAGER O O O O O O O
1506,"ĠFoster 's Ġspent ĠA $ 584 m Ġon Ġbuying Ġan Ġ18 . 8 % Ġstake Ġin ĠSouth cor p Ġfrom Ġthe ĠO at ley Ġfamily , Ġwhich Ġfounded Ġthe ĠRose mount ĠEst ates Ġbusiness Ġand Ġlater Ġmerged Ġit Ġinto ĠSouth cor p .",O O O O O O O O O O O O O O O O O O O O O O O O O O O O O O O O O O O O O O O O O O O,B-BUSINESS-EXECUTIVE-MANAGER O O O O O O O O O O O O O O O O O O O O B-PUBLIC-FIGURE I-PUBLIC-FIGURE I-PUBLIC-FIGURE O O O O O O O O O O O O O O O O O O O
1507,ĠShares Ġin Ġboth Ġcompanies Ġwere Ġsuspended Ġwhile Ġthe Ġtwo Ġheld Ġtalks Ġabout Ġa Ġdeal .,O O O O O O O O O O O O O O O,O O O O O O O O O O O O O O O
1508,ĠSouth cor p 's Ġshares Ġrose Ġ12 % Ġto ĠA $ 4 . 76 Ġon Ġnews Ġof Ġthe Ġoffer Ġbut ĠFoster 's Ġshares Ġfell Ġ3 . 7 % Ġto ĠA $ 5 . 44 .,O O O O O O O O O O O O O O O O O O O O O O O O O O O O O O O O O O O,O O O O O O O O O O O O O O O O O O O O O O O O O O O O O O O O O O O
1509,ĠEur one xt Ġjoins Ġbid Ġbattle Ġfor ĠL SE Ċ Ċ Pan - European Ġstock Ġmarket ĠEur one xt Ġhas Ġapproached Ġthe ĠLondon ĠStock ĠExchange Ġ( L SE ) Ġabout Ġa Ġpossible Ġtakeover Ġbid .,O O O O O O O O O O O O O O O O O O O O O O O O O O O O O O O O O O O,O O O O O O O O O O O O O O O O O O O O O O O O O O O O O O O O O O O
1510,"Ġ Ċ Ċ "" The Ġapproach Ġis Ġat Ġan Ġearly Ġstage Ġand Ġtherefore Ġdoes Ġnot Ġrequire Ġa Ġresponse Ġat Ġthis Ġpoint ,"" ĠL SE Ġsaid .",O O O O O O O O O O O O O O O O O O O O O O O O O O,O O O O O O O O O O O O O O O O O O O O O O O O O O
1511,"ĠTalks Ġwith Ġthe ĠEuropean Ġstock Ġmarket Ġand Ġwith Ġrival Ġbidder ĠDeutsche ĠBo er se Ġwill Ġcontinue , Ġthe ĠL SE Ġsaid .",O O O O O O O O O O O O O O O O O O O O O O,O O O O O O O O O O O O O O O O O O O O O O
1512,"ĠLast Ġweek , Ġthe Ġgroup Ġrejected Ġa ĠÂ£ 1 . 3 bn Ġ($ 2 . 5 bn ) Ġtakeover Ġoffer Ġfrom ĠDeutsche ĠBo er se , Ġclaiming Ġthat Ġit Ġunder valued Ġthe Ġbusiness .",O O O O O O O O O O O O O O O O O O O O O O O O O O O O O O O O O O,O O O O O O O O O O O O O O O O O O O O O B-BUSINESS-EXECUTIVE-MANAGER I-BUSINESS-EXECUTIVE-MANAGER I-BUSINESS-EXECUTIVE-MANAGER I-BUSINESS-EXECUTIVE-MANAGER O O O O O O O O O
1513,"ĠL SE Ġsaw Ġits Ġshares Ġsurge Ġ4 . 9 % Ġto Ġa Ġnew Ġhigh Ġof Ġ5 83 p Ġin Ġearly Ġtrade , Ġfollowing Ġthe Ġannouncement Ġon ĠMonday .",O O O O O O O O O O O O O O O O O O O O O O O O O O O O,O O O O O O O O O O O O O O O O O O O O O O O O O O O O
1514,Ġ Ċ Ċ The Ġoffer Ġfollows Ġwidespread Ġmedia Ġspeculation Ġthat ĠEur one xt Ġwould Ġmake Ġan Ġoffer Ġfor ĠL SE .,O O O O O O O O O O O O O O O O O O O O O,O O O O O O O O O O O O O O O O O O O O O
1515,"ĠExperts Ġnow Ġwidely Ġexpect Ġa Ġbidding Ġwar Ġfor ĠEurope 's Ġbiggest Ġstock Ġmarket , Ġwhich Ġlists Ġstocks Ġwith Ġa Ġtotal Ġcapital isation Ġof ĠÂ£ 1 . 4 Ġtrillion , Ġto Ġbreak Ġout .",O O O O O O O O O O O O O O O O O O O O O O O O O O O O O O O O O,O O O O O O O O O O O O O O O O O O O O O O O O O O O O O O O O O
1516,"ĠComment ators Ġsay Ġthat Ġa Ġdeal Ġwith ĠEur one xt , Ġwhich Ġowns Ġthe ĠL iffe Ġderivatives Ġexchange Ġin ĠLondon Ġand Ġcombines Ġthe ĠParis , ĠAmsterdam Ġand ĠLisbon Ġstock Ġexchanges , Ġcould Ġpotentially Ġoffer Ġthe ĠL SE Ġmore Ġcost Ġsavings Ġthan Ġa Ġdeal Ġwith ĠDeutsche ĠBo er se .",O O O O O O O O O O O O O O O O O O O O O O O O O O O O O O O O O O O O O O O O O O O O O O O O O,O O O O O O O O O O O O O O O O O O O O O O O O O O O O O O O O O O O O O O O O O O O O O O O O O
1517,"Ġ Ċ Ċ A Ġweekend Ġreport Ġin Ġthe ĠTelegraph Ġhad Ġquoted Ġan Ġunnamed Ġexecutive Ġat ĠEur one xt Ġas Ġsaying Ġthe Ġgroup Ġwould Ġmake Ġa Ġcash Ġbid Ġto Ġtrump ĠDeutsche ĠBo er se 's Ġoffer . Ġ""",O O O O O O O O O O O O O O O O O O O O O O O O O O O O O O O O O O O O O,O O O O O O O O O O O O O O O O O O O O O O O O O O O O O O O O O O O O O
1518,"ĠBecause Ġwe Ġalready Ġown ĠL iffe Ġin ĠLondon , Ġthe Ġcost Ġsavings Ġavailable Ġto Ġus Ġfrom Ġa Ġmerger Ġare Ġfar Ġgreater Ġthan Ġfor ĠDeutsche ĠBo er se ,"" Ġthe Ġnewspaper Ġquoted Ġthe Ġexecutive Ġas Ġsaying .",O O O O O O O O O O O O O O O O O O O O O O O O O O O O O O O O O O O O,O O O O O O O O O O O O O O O O O O O O O O O O O O O O O O O O O O O O
1519,ĠEur one xt Ġchief Ġexecutive ĠJean - Fran co is ĠTheodore Ġis Ġreported Ġto Ġhave Ġalready Ġheld Ġprivate Ġtalks Ġwith ĠL SE 's Ġchief Ġexecutive ĠClara ĠF urse .,O O O O O B-BUSINESS-EXECUTIVE-MANAGER I-BUSINESS-EXECUTIVE-MANAGER I-BUSINESS-EXECUTIVE-MANAGER I-BUSINESS-EXECUTIVE-MANAGER I-BUSINESS-EXECUTIVE-MANAGER I-BUSINESS-EXECUTIVE-MANAGER O O O O O O O O O O O O O O B-BUSINESS-EXECUTIVE-MANAGER I-BUSINESS-EXECUTIVE-MANAGER I-BUSINESS-EXECUTIVE-MANAGER O,O O O O O B-BUSINESS-EXECUTIVE-MANAGER I-BUSINESS-EXECUTIVE-MANAGER I-BUSINESS-EXECUTIVE-MANAGER I-BUSINESS-EXECUTIVE-MANAGER I-BUSINESS-EXECUTIVE-MANAGER I-BUSINESS-EXECUTIVE-MANAGER O O O O O O O O O O O O O O B-BUSINESS-EXECUTIVE-MANAGER I-BUSINESS-EXECUTIVE-MANAGER I-BUSINESS-EXECUTIVE-MANAGER O
1520,ĠFurther Ġreports Ġhad Ġsuggested Ġthat ĠEur one xt Ġcould Ġmake Ġan Ġoffer Ġin Ġexcess Ġof Ġthe ĠL SE 's Ġ5 33 p Ġa Ġshare Ġclosing Ġprice Ġon ĠFriday .,O O O O O O O O O O O O O O O O O O O O O O O O O O O O O,O O O O O O O O O O O O O O O O O O O O O O O O O O O O O
1521,"ĠHowever , ĠEur one xt Ġsaid Ġit Ġcould Ġnot Ġguarantee Ġ"" at Ġthis Ġstage "" Ġthat Ġa Ġfirm Ġoffer Ġwould Ġbe Ġmade Ġfor ĠL SE .",O O O O O O O O O O O O O O O O O O O O O O O O O O,O O B-BUSINESS-EXECUTIVE-MANAGER I-BUSINESS-EXECUTIVE-MANAGER I-BUSINESS-EXECUTIVE-MANAGER O O O O O O O O O O O O O O O O O O O O O
1522,ĠThere Ġhas Ġbeen Ġextensive Ġspeculation Ġabout Ġa Ġpossible Ġtakeover Ġof Ġthe Ġcompany Ġsince Ġan Ġattempted Ġmerger Ġwith ĠDeutsche ĠBo er se Ġfailed Ġin Ġ2000 .,O O O O O O O O O O O O O O O O O O O O O O O O O,O O O O O O O O O O O O O O O O O O O O O O O O O
1523,ĠL uf th ans a Ġmay Ġsue Ġover ĠBush Ġvisit Ċ Ċ German Ġairline ĠL uf th ans a Ġmay Ġsue Ġfederal Ġagencies Ġfor Ġdamages Ġafter Ġthe Ġarrival Ġof ĠUS Ġpresident ĠGeorge ĠW ĠBush Ġdisrupted Ġflights .,O O O O O O O O O O O O O O O O O O O O O O O O O O O O O O O B-POLITICIAN I-POLITICIAN I-POLITICIAN O O O,O O O O O O O O B-POLITICIAN O O O O O O O O O O O O O O O O O O O O O O B-POLITICIAN I-POLITICIAN I-POLITICIAN O O O
1524,Ġ Ċ Ċ L uf th ans a Ġsaid Ġthat Ġit Ġmay Ġlose Ġmillions Ġof Ġeuros Ġas Ġa Ġresult Ġof ĠAir ĠForce ĠOne Ġlanding Ġat ĠFrankfurt Ġairport .,O O O O O O O O O O O O O O O O O O O O O O O O O O O O,O O O O B-PUBLIC-FIGURE I-PUBLIC-FIGURE I-PUBLIC-FIGURE I-PUBLIC-FIGURE O O O O O O O O O O O O O O O O O O O O
1525,"ĠFl ights Ġwere Ġaffected Ġfor Ġan Ġhour Ġon ĠWednesday Ġmorning , Ġdouble Ġthe Ġtime Ġthat Ġhad Ġbeen Ġexpected , Ġleading Ġto Ġcancell ations Ġand Ġdelays .",O O O O O O O O O O O O O O O O O O O O O O O O O O,O O O O O O O O O O O O O O O O O O O O O O O O O O
1526,ĠL uf th ans a Ġaccounts Ġfor Ġsix Ġout Ġof Ġevery Ġ10 Ġplanes Ġusing ĠFrankfurt 's Ġairport .,O O O O O O O O O O O O O O O O O O,B-PUBLIC-FIGURE I-PUBLIC-FIGURE I-PUBLIC-FIGURE I-PUBLIC-FIGURE I-PUBLIC-FIGURE O O O O O O O O O O O O O
1527,"Ġ Ċ Ċ "" We Ġare Ġdoing Ġresearch Ġinto Ġthe Ġpossibilities Ġwe Ġhave ,"" ĠMichael ĠL amber ty , Ġa ĠL uf th ans a Ġspokesman Ġtold Ġthe ĠBBC . Ġ""",O O O O O O O O O O O O O O B-PUBLIC-FIGURE I-PUBLIC-FIGURE I-PUBLIC-FIGURE I-PUBLIC-FIGURE O O O O O O O O O O O O O,O O O O O O O O O O O O O O B-PUBLIC-FIGURE I-PUBLIC-FIGURE I-PUBLIC-FIGURE I-PUBLIC-FIGURE O O O O O O O O O O O O O
1528,"ĠWe Ġare Ġchecking Ġif Ġthere Ġis Ġaction Ġto Ġbe Ġtaken Ġand Ġin Ġwhich Ġcourts Ġit Ġcould Ġbe Ġtaken .""",O O O O O O O O O O O O O O O O O O O,O O O O O O O O O O O O O O O O O O O
1529,ĠMr ĠL amber ty Ġexplained Ġthat Ġthe Ġcompany Ġdid Ġnot Ġplan Ġto Ġpursue ĠGermany 's Ġair Ġtraffic Ġcontrollers ' Ġorganisation Ġor Ġthe Ġairport Ġauthority Ġbut Ġwanted Ġinstead Ġto Ġsee Ġif Ġit Ġwas Ġpossible Ġto Ġsue Ġthe ĠGerman Ġfederal Ġagencies Ġthat Ġgave Ġthe Ġorders .,O O O O O O O O O O O O O O O O O O O O O O O O O O O O O O O O O O O O O O O O O O O O,O B-BUSINESS-EXECUTIVE-MANAGER I-BUSINESS-EXECUTIVE-MANAGER I-BUSINESS-EXECUTIVE-MANAGER O O O O O O O O O O O O O O O O O O O O O O O O O O O O O O O O O O O O O O O O
1530,"ĠThe Ġcompany Ġsaid Ġthat Ġit Ġhad Ġto Ġcancel Ġ77 Ġshort Ġand Ġmedium - distance Ġflights , Ġaffecting Ġabout Ġ5 , 000 Ġpassengers .",O O O O O O O O O O O O O O O O O O O O O O O,O O O O O O O O O O O O O O O O O O O O O O O
1531,ĠLong - haul Ġtravellers Ġwere Ġnot Ġdisrupted .,O O O O O O O O,O O O O O O O O
1532,"Ġ Ċ Ċ Central Ġto Ġthe Ġproblem Ġwas Ġthat Ġinstead Ġof Ġhalf Ġan Ġhour , Ġthe Ġarrival Ġof ĠPresident ĠBush Ġon Ġthe ĠGerman Ġleg Ġof Ġhis ĠEuropean Ġtour Ġtook Ġthe Ġbest Ġpart Ġof Ġan Ġhour , ĠL uf th ans a Ġsaid .",O O O O O O O O O O O O O O O O O O O O O O O O O O O O O O O O O O O O O O O O O O O,O O O O O O O O O O O O O O O O O O O B-POLITICIAN O O O O O O O O O O O O O O O O B-PUBLIC-FIGURE I-PUBLIC-FIGURE I-PUBLIC-FIGURE I-PUBLIC-FIGURE I-PUBLIC-FIGURE O O
1533,"ĠDuring Ġthat Ġtime , Ġrestrictions Ġwere Ġput Ġon Ġplanes Ġtaxi ing , Ġtaking Ġoff Ġand Ġlanding Ġat ĠFrankfurt 's ĠR he in - Main Ġairport .",O O O O O O O O O O O O O O O O O O O O O O O O O O,O O O O O O O O O O O O O O O O O O O O O O O O O O
1534,ĠThe Ġextra Ġtime Ġtaken Ġby ĠPresident ĠBush Ġand Ġhis Ġent ourage Ġmeant Ġthat Ġthere Ġwas Ġa Ġknock - on Ġeffect Ġthat Ġled Ġto Ġsignificant Ġdelays .,O O O O O O O O O O O O O O O O O O O O O O O O O O,O O O O O O B-POLITICIAN O O O O O O O O O O O O O O O O O O O
1535,"ĠMr ĠL amber ty Ġsaid Ġthat Ġ92 Ġoutgoing Ġflights Ġand Ġ86 Ġincome Ġflights Ġwere Ġdelayed Ġby Ġan Ġaverage Ġof Ġan Ġhour Ġfollowing ĠPresident ĠBush 's Ġarrival , Ġaffecting Ġalmost Ġ17 , 000 Ġpassengers .",O O O O O O O O O O O O O O O O O O O O O O O O O O O O O O O O O O,O B-BUSINESS-EXECUTIVE-MANAGER I-BUSINESS-EXECUTIVE-MANAGER I-BUSINESS-EXECUTIVE-MANAGER O O O O O O O O O O O O O O O O O O O B-POLITICIAN O O O O O O O O O O
1536,"ĠDespite Ġthe Ġproblems , ĠMr ĠL amber ty Ġsaid Ġthat Ġit Ġwas Ġnot Ġcertain Ġthat ĠL uf th ans a Ġwould Ġtake Ġlegal Ġaction .",O O O O O O O O O O O O O O O O O O O O O O O O O,O O O O O B-BUSINESS-EXECUTIVE-MANAGER I-BUSINESS-EXECUTIVE-MANAGER I-BUSINESS-EXECUTIVE-MANAGER O O O O O O O O O O O O O O O O O
1537,ĠIreland Ġ21 - 19 ĠArgentina Ċ Ċ An Ġinjury - time Ġdropped Ġgoal Ġby ĠRon an ĠO ' G ara Ġstole Ġvictory Ġfor ĠIreland Ġfrom Ġunderneath Ġthe Ġnoses Ġof ĠArgentina Ġat ĠLans down e ĠRoad Ġon ĠSaturday .,O O O O O O O O O O O O O O B-ATHLETE I-ATHLETE I-ATHLETE I-ATHLETE I-ATHLETE I-ATHLETE O O O O O O O O O O O O O O O O O O,O O O O O O O O O O O O O O B-ATHLETE I-ATHLETE I-ATHLETE I-ATHLETE I-ATHLETE I-ATHLETE O O O O O O O O O O O O O O O O O O
1538,"Ġ Ċ Ċ O ' G ara Ġkicked Ġall Ġof ĠIreland 's Ġpoints , Ġwith Ġtwo Ġdropped Ġgoals Ġand Ġfive Ġpenalties , Ġto Ġgive Ġthe Ġhome Ġside Ġa Ġ100 % Ġrecord Ġin Ġtheir Ġautumn Ġinternational s .",O O O O O O O O O O O O O O O O O O O O O O O O O O O O O O O O O O O O O,O O O B-ATHLETE I-ATHLETE I-ATHLETE I-ATHLETE O O O O O O O O O O O O O O O O O O O O O O O O O O O O O O
1539,ĠAn Ġimpressive ĠArgentina Ġappeared Ġin Ġcontrol Ġuntil Ġthe Ġdying Ġseconds .,O O O O O O O O O O O,O O O O O O O O O O O
1540,"ĠThe ĠP um as Ġshocked Ġthe ĠIrish Ġearly Ġon Ġwith Ġa Ġtry Ġfrom ĠFeder ico ĠAram bur u , Ġand ĠFel ipe ĠCont ep omi Ġkicked Ġ14 Ġpoints .",O O O O O O O O O O O O O B-ATHLETE I-ATHLETE I-ATHLETE I-ATHLETE I-ATHLETE O O B-ATHLETE I-ATHLETE I-ATHLETE I-ATHLETE I-ATHLETE O O O O,O O O O O O O O O O O O O B-ATHLETE I-ATHLETE I-ATHLETE I-ATHLETE I-ATHLETE O O B-ATHLETE I-ATHLETE I-ATHLETE I-ATHLETE I-ATHLETE O O O O
1541,ĠThe Ġwell - dr illed Ġand Ġsharper ĠP um as Ġout - played Ġand Ġout - thought ĠIreland Ġin Ġthe Ġearly Ġstages .,O O O O O O O O O O O O O O O O O O O O O O O,O O O O O O O B-ATHLETE I-ATHLETE I-ATHLETE O O O O O O O O O O O O O
1542,ĠInd is cipline Ġallowed ĠArgentina 's ĠLe in ster Ġfly - half ĠCont ep omi Ġto Ġopen Ġthe Ġscoring Ġin Ġthe Ġthird Ġminute Ġwith Ġa Ġstraightforward Ġpenalty .,O O O O O O O O O O O O O O O O O O O O O O O O O O O O,O O O O O O O O O O O O B-ATHLETE I-ATHLETE I-ATHLETE O O O O O O O O O O O O O
1543,ĠHe Ġwas Ġon Ġthe Ġmark Ġagain Ġtwo Ġminutes Ġlater Ġwhen ĠArgentina Ġshocked Ġa Ġr agged ĠIreland Ġwith Ġthe Ġfirst Ġtry Ġof Ġthe Ġgame .,O O O O O O O O O O O O O O O O O O O O O O O O,O O O O O O O O O O O O O O O O O O O O O O O O
1544,ĠIreland Ġturned Ġthe Ġball Ġover Ġand ĠManuel ĠCont ep omi Ġbroke Ġthrough Ġan Ġun struct ured Ġdefence Ġbefore Ġfeeding Ġhis Ġmidfield Ġpartner ĠAram bur u Ġto Ġsprint Ġin Ġunder Ġthe Ġposts .,O O O O O O B-ATHLETE I-ATHLETE I-ATHLETE I-ATHLETE O O O O O O O O O O O O O O O O O O O O O O,O O O O O O B-ATHLETE I-ATHLETE I-ATHLETE I-ATHLETE O O O O O O O O O O O O B-ATHLETE I-ATHLETE I-ATHLETE O O O O O O O
1545,ĠO ' G ara Ġfinally Ġgot ĠIreland Ġon Ġthe Ġboard Ġwith Ġa Ġdropped Ġgoal Ġin Ġthe Ġninth Ġminute Ġonly Ġfor ĠCont ep omi Ġto Ġrifle Ġover Ġhis Ġsecond Ġpenalty Ġtwo Ġminutes Ġlater .,O O O O O O O O O O O O O O O O O O O O O O O O O O O O O O O O O,B-ATHLETE I-ATHLETE I-ATHLETE I-ATHLETE O O O O O O O O O O O O O O O O B-ATHLETE I-ATHLETE I-ATHLETE O O O O O O O O O O
1546,"ĠPlaying Ġinto Ġa Ġstrong Ġwind Ġand Ġrain , ĠIreland Ġcontinued Ġto Ġcome Ġsecond Ġbest Ġin Ġtight Ġsituations , Ġand Ġturnovers Ġbegan Ġto Ġmount Ġup Ġagainst Ġa Ġrugged Ġdefence .",O O O O O O O O O O O O O O O O O O O O O O O O O O O O O,O O O O O O O O O O O O O O O O O O O O O O O O O O O O O
1547,"ĠO ' G ara Ġmanaged Ġto Ġland Ġhis Ġsecond Ġpenalty Ġin Ġthe Ġ36 th Ġminute , Ġbut Ġonce Ġagain ĠCont ep omi Ġreplied Ġin Ġkind Ġfour Ġminutes Ġinto Ġfirst - half Ġinjury Ġtime .",O O O O O O O O O O O O O O O O O O O O O O O O O O O O O O O O O O,B-ATHLETE I-ATHLETE I-ATHLETE I-ATHLETE O O O O O O O O O O O O O O O B-ATHLETE I-ATHLETE I-ATHLETE O O O O O O O O O O O O
1548,ĠThe Ġsecond - half Ġstarted Ġas Ġthe Ġfirst Ġhad Ġended .,O O O O O O O O O O O,O O O O O O O O O O O
1549,"ĠO ' G ara Ġr ifled Ġover Ġanother Ġpenalty Ġin Ġthe Ġ45 th Ġminute , Ġbut ĠCont ep omi Ġmatched Ġit Ġthree Ġminutes Ġlater .",O O O O O O O O O O O O O O O O O O O O O O O O O,B-ATHLETE I-ATHLETE I-ATHLETE I-ATHLETE O O O O O O O O O O O O B-ATHLETE I-ATHLETE I-ATHLETE O O O O O O
1550,"ĠThe Ġupper - body Ġstrength Ġof Ġthe ĠP um as Ġnever Ġallowed ĠIreland Ġto Ġtake Ġcontrol Ġup Ġfront , Ġwhile Ġthe Ġthree - quarters Ġhad Ġno Ġspace Ġto Ġmanoeuv re .",O O O O O O O O O O O O O O O O O O O O O O O O O O O O O O O,O O O O O O O O O O O O O O O O O O O O O O O O O O O O O O O
1551,ĠIreland Ġhad Ġto Ġrely Ġon ĠO ' G ara 's Ġboot Ġto Ġkeep Ġin Ġtouch Ġrather Ġthan Ġany Ġcont rived Ġrunning Ġplays .,O O O O O O O O O O O O O O O O O O O O O O O,O O O O O B-ATHLETE I-ATHLETE I-ATHLETE I-ATHLETE O O O O O O O O O O O O O O
1552,ĠThe ĠMun ster man Ġlanded Ġtwo Ġmore Ġpenalties Ġ- Ġone Ġof Ġthem Ġfrom Ġ48 Ġmetres Ġ- Ġto Ġbring Ġhis Ġteam Ġto Ġwithin Ġfour Ġpoints Ġwith Ġ13 Ġminutes Ġon Ġthe Ġclock Ġremaining .,O O O O O O O O O O O O O O O O O O O O O O O O O O O O O O O O,O O O O O O O O O O O O O O O O O O O O O O O O O O O O O O O O
1553,ĠAnd ĠIreland 's Ġchance Ġcame Ġwhen ĠArgentina 's Ġnumber Ġeight ĠGonz alo ĠLong o Ġwas Ġyellow Ġcard ed Ġwith Ġsix Ġminutes Ġto Ġgo Ġfor Ġan Ġoffence Ġin Ġthe Ġline - out .,O O O O O O O O O O B-ATHLETE I-ATHLETE I-ATHLETE I-ATHLETE O O O O O O O O O O O O O O O O O O,O O O O O O O O O O B-ATHLETE I-ATHLETE I-ATHLETE I-ATHLETE O O O O O O O O O O O O O O O O O O
1554,ĠO ' G ara Ġmade Ġno Ġmistake Ġas Ġhe Ġr ifled Ġover Ġhis Ġfifth Ġpenalty Ġto Ġset Ġup Ġa Ġtense Ġfinal Ġfew Ġminutes .,O O O O O O O O O O O O O O O O O O O O O O O O,B-ATHLETE I-ATHLETE I-ATHLETE I-ATHLETE O O O O O O O O O O O O O O O O O O O O
1555,"ĠBut ĠIreland Ġshowed Ġgreat Ġcomposure Ġto Ġget Ġthemselves Ġinto Ġa Ġposition Ġto Ġallow ĠO ' G ara Ġto Ġth ump Ġover Ġa Ġmassive Ġdrop Ġgoal Ġto Ġcomplete Ġa Ġtremendous , Ġif Ġfort uitous , Ġcomeback .",O O O O O O O O O O O O O O O O O O O O O O O O O O O O O O O O O O O O,O O O O O O O O O O O O O B-ATHLETE I-ATHLETE I-ATHLETE I-ATHLETE O O O O O O O O O O O O O O O O O O O
1556,"ĠMinisters Ġ' na ive ' Ġover Ġphone - t aps Ċ Ċ The Ġgovernment Ġis Ġbeing Ġnaive Ġby Ġrefusing Ġto Ġallow Ġphone - tap Ġevidence Ġin Ġcourt , Ġa Ġsenior ĠEU Ġpolitician Ġsays .",O O O O O O O O O O O O O O O O O O O O O O O O O O O O O O O O O O,O O O O O O O O O O O O O O O O O O O O O O O O O O O O O O O O O O
1557,"Ġ Ċ Ċ J avier ĠSol ana , ĠEU Ġforeign Ġpolicy Ġchief , Ġsays Ġphone - tap Ġevidence Ġworks Ġin Ġthe Ġcourts Ġof Ġother ĠEuropean Ġcountries .",O O O B-POLITICIAN I-POLITICIAN I-POLITICIAN I-POLITICIAN O O O O O O O O O O O O O O O O O O O O,O O O B-POLITICIAN I-POLITICIAN I-POLITICIAN I-POLITICIAN O O O O O O O O O O O O O O O O O O O O
1558,"ĠHuman Ġrights Ġgroups , Ġtop Ġpolice Ġofficers Ġand Ġmany ĠMPs Ġsay Ġallowing Ġthe Ġevidence Ġwould Ġremove Ġthe Ġneed Ġto Ġdetain Ġterror Ġsuspects Ġwithout Ġcharge .",O O O O O O O O O O O O O O O O O O O O O O O O O,O O O O O O O O O O O O O O O O O O O O O O O O O
1559,ĠBut ĠHome ĠSecretary ĠCharles ĠClarke Ġsays Ġthe Ġevidence Ġwould Ġnot Ġmake Ġmuch Ġdifference Ġto Ġthese Ġcases .,O O O B-POLITICIAN I-POLITICIAN O O O O O O O O O O O O,O O O B-POLITICIAN I-POLITICIAN O O O O O O O O O O O O
1560,"ĠMr ĠSol ana Ġtold ĠITV 1 's ĠJonathan ĠDim ble by Ġprogramme : Ġ""[ Phone - tap Ġevidence Ġin Ġcourt ] Ġworks , Ġit Ġis Ġnormal Ġthat Ġit Ġis Ġdone , Ġit Ġwould Ġbe Ġnaive Ġnot Ġto Ġdo Ġit . Ġ""",O O O O O O O B-AUTHOR-WRITER I-AUTHOR-WRITER I-AUTHOR-WRITER I-AUTHOR-WRITER O O O O O O O O O O O O O O O O O O O O O O O O O O O O O O,O B-POLITICIAN I-POLITICIAN O O O O B-PUBLIC-FIGURE I-PUBLIC-FIGURE I-PUBLIC-FIGURE I-PUBLIC-FIGURE O O O O O O O O O O O O O O O O O O O O O O O O O O O O O O
1561,"ĠIt Ġwould Ġbe Ġnaive Ġnot Ġto Ġuse Ġthis Ġtechnological Ġthing Ġthat Ġwe Ġhave Ġat Ġour Ġdisposal .""",O O O O O O O O O O O O O O O O O,O O O O O O O O O O O O O O O O O
1562,"ĠMr ĠSol ana 's Ġcomments Ġcome Ġthe Ġday Ġafter ĠSir ĠIan ĠBlair , Ġthe Ġnewly - appointed ĠMetropolitan ĠPolice Ġcommissioner , Ġsaid Ġhe Ġwas Ġin Ġfavour Ġof Ġphone - tap Ġevidence .",O O O O O O O O O B-PUBLIC-FIGURE I-PUBLIC-FIGURE I-PUBLIC-FIGURE O O O O O O O O O O O O O O O O O O O O,O B-PUBLIC-FIGURE I-PUBLIC-FIGURE O O O O O O O B-POLITICIAN I-POLITICIAN O O O O O O O O O O O O O O O O O O O O
1563,"Ġ Ċ Ċ Under Ġthe ĠAnti - Terror ism ĠCrimes Ġand ĠSecurity ĠAct Ġ2001 , Ġforeign Ġterror Ġsuspects Ġcan Ġbe Ġdetained Ġin ĠBritish Ġjails Ġwithout Ġtrial Ġor Ġcharge .",O O O O O O O O O O O O O O O O O O O O O O O O O O O O O,O O O O O O O O O O O O O O O O O O O O O O O O O O O O O
1564,ĠSeveral Ġsuspects Ġhave Ġbeen Ġdetained Ġunder Ġthese Ġpowers Ġbecause Ġevidence Ġagainst Ġthem Ġwas Ġdeemed Ġtoo Ġsensitive Ġto Ġbe Ġheard Ġin Ġcourt .,O O O O O O O O O O O O O O O O O O O O O O,O O O O O O O O O O O O O O O O O O O O O O
1565,Ġ Ċ Ċ Some Ġof Ġthis Ġevidence Ġis Ġbelieved Ġto Ġbe Ġtelephone Ġintercept s .,O O O O O O O O O O O O O O O,O O O O O O O O O O O O O O O
1566,"ĠHuman ĠRights Ġgroup ĠLiberty Ġhas Ġargued Ġthat Ġif Ġintercept Ġevidence Ġcould Ġbe Ġheard , Ġthese Ġdetainees Ġcould Ġbe Ġbrought Ġto Ġtrial .",O O O O O O O O O O O O O O O O O O O O O O,O O O O O O O O O O O O O O O O O O O O O O
1567,ĠBut Ġcritics Ġof Ġphone - tap Ġtrials Ġsay Ġthe Ġevidence Ġis Ġoften Ġweak Ġand Ġcan Ġexpose Ġthe Ġmethods Ġof Ġthe Ġsecurity Ġservices .,O O O O O O O O O O O O O O O O O O O O O O O,O O O O O O O O O O O O O O O O O O O O O O O
1568,ĠThe Ġhome Ġsecretary Ġsays Ġintercept s Ġwould Ġnot Ġmake Ġmuch Ġdifference Ġbecause Ġcases Ġagainst Ġterror Ġsuspects Ġfrequently Ġrely Ġon Ġother Ġkinds Ġof Ġsurveillance .,O O O O O O O O O O O O O O O O O O O O O O O O,O O O O O O O O O O O O O O O O O O O O O O O O
1569,ĠBut ĠMr ĠClarke Ġhas Ġbeen Ġforced Ġto Ġchange Ġthe Ġregime Ġof Ġdetention Ġwithout Ġtrial Ġafter ĠLaw ĠLords Ġruled Ġit Ġillegal .,O O O O O O O O O O O O O O O O O O O O O,O O B-POLITICIAN O O O O O O O O O O O O O O O O O O
1570,"ĠHe Ġhas Ġopted Ġfor Ġa Ġsystem Ġof Ġ"" control Ġorders "" Ġwhereby Ġsuspects , Ġboth ĠBritish Ġand Ġforeign , Ġcan Ġbe Ġheld Ġunder Ġhouse Ġarrest Ġor Ġsurveillance .",O O O O O O O O O O O O O O O O O O O O O O O O O O O O,O O O O O O O O O O O O O O O O O O O O O O O O O O O O
1571,ĠThese Ġorders Ġwill Ġagain Ġinvolve Ġa ĠUK Ġopt - out Ġof Ġparts Ġof Ġthe ĠEuropean ĠConvention Ġon ĠHuman ĠRights .,O O O O O O O O O O O O O O O O O O O O,O O O O O O O O O O O O O O O O O O O O
1572,"ĠWhile Ġaccepting Ġthat Ġpeople Ġ"" have Ġto Ġbe Ġprepared "" Ġfor Ġa Ġpossible Ġterrorist Ġattack , ĠMr ĠSol ana Ġsaid Ġhe Ġhad Ġ"" qual ms "" Ġabout Ġthe Ġhome Ġsecretary 's Ġnew Ġplans . Ġ""",O O O O O O O O O O O O O O O O O O O O O O O O O O O O O O O O O O O,O O O O O O O O O O O O O O O O O B-POLITICIAN I-POLITICIAN O O O O O O O O O O O O O O O O
1573,"ĠWe Ġhave Ġto Ġfight Ġterrorism Ġwith Ġall Ġour Ġmeans , Ġbut Ġnot Ġso Ġfar Ġas Ġto Ġchange Ġour Ġway Ġof Ġlife ,"" Ġhe Ġsaid .",O O O O O O O O O O O O O O O O O O O O O O O O O,O O O O O O O O O O O O O O O O O O O O O O O O O
1574,"ĠBrown Ġtargets ĠO AP s Ġand Ġhome buy ers Ċ Ċ Gordon ĠBrown Ġhas Ġdoubled Ġthe Ġlevel Ġat Ġwhich Ġhouse Ġbuyers Ġpay Ġstamp Ġduty Ġto ĠÂ£ 120 , 000 Ġas Ġhe Ġput Ġthe Ġeconomy Ġat Ġthe Ġheart Ġof ĠLabour 's Ġelection Ġcampaign .",O O O O O O O O O O O B-POLITICIAN I-POLITICIAN O O O O O O O O O O O O O O O O O O O O O O O O O O O O O O,B-POLITICIAN O O O O O O O O O O B-POLITICIAN I-POLITICIAN O O O O O O O O O O O O O O O O O O O O O O O O O O O O O O
1575,Ġ Ċ Ċ The Ġchancellor Ġalso Ġunveiled Ġa Ġone - off ĠÂ£ 200 Ġcouncil Ġtax Ġrefund Ġfor Ġpension ers Ġand Ġa Ġrise Ġin Ġchild Ġtax Ġcredit .,O O O O O O O O O O O O O O O O O O O O O O O O O O O,O O O O O O O O O O O O O O O O O O O O O O O O O O O
1576,"ĠMr ĠBrown Ġput Ġ1 p Ġa Ġpint Ġon Ġbeer , Ġ4 p Ġon Ġa Ġbottle Ġof Ġwine Ġand Ġ7 p Ġon Ġ20 Ġcigarettes Ġbut Ġfroze Ġpetrol Ġduty Ġuntil ĠSeptember .",O O O O O O O O O O O O O O O O O O O O O O O O O O O O O O,O B-POLITICIAN O O O O O O O O O O O O O O O O O O O O O O O O O O O O
1577,"ĠThe ĠTories Ġcalled Ġit Ġa Ġ"" vote Ġnow , Ġpay Ġlater "" ĠBudget .",O O O O O O O O O O O O O O,O O O O O O O O O O O O O O
1578,"ĠThe ĠLib ĠDems Ġbranded Ġit Ġa Ġ"" st icking Ġplaster "" Ġfor Ġthe Ġelection .",O O O O O O O O O O O O O O O,O O O O O O O O O O O O O O O
1579,"Ġ Ċ Ċ T ory Ġleader ĠMichael ĠHoward Ġpredicted Ġthe ĠBudget Ġwould Ġdo Ġnothing Ġto Ġhelp ĠLabour 's Ġ"" fal tering "" Ġelection Ġcampaign .",O O O O O O B-POLITICIAN I-POLITICIAN O O O O O O O O O O O O O O O O O,O O O O O O B-POLITICIAN I-POLITICIAN O O O O O O O O O O O O O O O O O
1580,"Ġ Ċ Ċ "" This Ġgovernment Ġand Ġthis Ġchancellor Ġhave Ġrun Ġout Ġof Ġsolutions Ġto Ġthe Ġproblems ĠBritain Ġfaces ,"" ĠMr ĠHoward Ġtold ĠMPs . Ġ""",O O O O O O O O O O O O O O O O O O O O O O O O O O,O O O O O O O O O O O O O O O O O O O O O B-POLITICIAN O O O O
1581,"ĠTheir Ġonly Ġanswer Ġis Ġto Ġtax , Ġto Ġspend Ġand Ġto Ġwaste Ġ- Ġto Ġget Ġpeople Ġto Ġvote Ġnow Ġand Ġpay Ġlater .""",O O O O O O O O O O O O O O O O O O O O O O O,O O O O O O O O O O O O O O O O O O O O O O O
1582,"ĠHe Ġended Ġhis Ġresponse Ġwith Ġan Ġelection Ġchallenge Ġto ĠLabour , Ġsaying Ġ"" bring Ġit Ġon "".",O O O O O O O O O O O O O O O O O,O O O O O O O O O O O O O O O O O
1583,"ĠLiberal ĠDemocrat Ġleader ĠCharles ĠKennedy Ġattacked ĠMr ĠBrown Ġfor Ġfailing Ġto Ġmention Ġthe Ġenvironment Ġand Ġfor Ġhis Ġrecord Ġon Ġsocial Ġjustice . Ġ""",O O O B-POLITICIAN I-POLITICIAN O O O O O O O O O O O O O O O O O O,O O O B-POLITICIAN I-POLITICIAN O O B-POLITICIAN O O O O O O O O O O O O O O O
1584,"ĠHow Ġcan Ġit Ġbe Ġright Ġin ĠBritain Ġtoday Ġthat Ġthe Ġpoorest Ġ20 % Ġpay Ġmore Ġin Ġtax , Ġas Ġa Ġproportion Ġof Ġtheir Ġincome , Ġthan Ġthe Ġrichest Ġ20 % ?""",O O O O O O O O O O O O O O O O O O O O O O O O O O O O O O O,O O O O O O O O O O O O O O O O O O O O O O O O O O O O O O O
1585,"Ġ Ċ Ċ Mr ĠKennedy Ġcriticised ĠMr ĠBrown Ġfor Ġfailing Ġto Ġmention Ġthe Ġ"" t icking Ġbomb "" Ġof Ġcouncil Ġtax Ġre val uation , Ġsaying Ġit Ġwas Ġ"" high Ġtime "" Ġthe Ġsystem Ġwas Ġreplaced Ġby Ġa Ġ"" local Ġtax Ġbased Ġon Ġthe Ġability Ġto Ġpay "".",O O O O O O O O O O O O O O O O O O O O O O O O O O O O O O O O O O O O O O O O O O O O O O O O,O O O O B-POLITICIAN O O B-POLITICIAN O O O O O O O O O O O O O O O O O O O O O O O O O O O O O O O O O O O O O O O O
1586,ĠDuring Ġhis Ġ49 Ġminute Ġspeech ĠMr ĠBrown Ġtold ĠMPs Ġhe Ġhad Ġdefied Ġthe Ġpundits Ġby Ġhitting Ġhis Ġgrowth Ġtarget Ġof Ġ3 . 1 % Ġfor Ġ2004 .,O O O O O O O O O O O O O O O O O O O O O O O O O O O,O O O O O O B-POLITICIAN O O O O O O O O O O O O O O O O O O O O
1587,"Ġ Ċ Ċ He Ġsaid Ġhis ĠBudget Ġstruck Ġa Ġbalance Ġ"" between Ġtax Ġcuts Ġthat Ġare Ġaffordable , Ġinvestments Ġthat Ġare Ġessential Ġand Ġstability Ġthat Ġis Ġparamount "".",O O O O O O O O O O O O O O O O O O O O O O O O O O O O,O O O O O O O O O O O O O O O O O O O O O O O O O O O O
1588,ĠHe Ġrejected Ġacross - the - board Ġtax Ġcuts Ġin Ġfavour Ġof Ġtargeted Ġhelp Ġfor Ġfamilies .,O O O O O O O O O O O O O O O O O,O O O O O O O O O O O O O O O O O
1589,"ĠThe Ġchild Ġtax Ġcredit Ġwill Ġrise Ġin Ġline Ġwith Ġearnings , Ġgiving Ġfamilies Ġan Ġextra ĠÂ£ 5 Ġa Ġweek .",O O O O O O O O O O O O O O O O O O O O,O O O O O O O O O O O O O O O O O O O O
1590,"ĠIn Ġcontrast , Ġthe Ġpersonal Ġincome Ġtax Ġallowance Ġwill Ġrise Ġonly Ġin Ġline Ġwith Ġinflation Ġfrom ĠÂ£ 4 , 745 Ġto ĠÂ£ 4 , 8 95 Ġnext Ġmonth .",O O O O O O O O O O O O O O O O O O O O O O O O O O O O O,O O O O O O O O O O O O O O O O O O O O O O O O O O O O O
1591,ĠMr ĠBrown Ġtold ĠMPs Ġchild Ġbenefit Ġwould Ġrise Ġto Ġa Ġmaximum Ġof ĠÂ£ 63 Ġa Ġweek Ġfor Ġthe Ġfirst Ġchild Ġand ĠÂ£ 111 Ġfor Ġtwo Ġchildren .,O O O O O O O O O O O O O O O O O O O O O O O O O O O,O B-POLITICIAN O O O O O O O O O O O O O O O O O O O O O O O O O
1592,"ĠDespite Ġhis Ġgiveaways , ĠBudget Ġdocuments Ġshow ĠMr ĠBrown Ġclaw ed Ġback ĠÂ£ 265 m Ġthrough Ġa Ġclamp down Ġon Ġtax Ġavoidance Ġand Ġincreased Ġrevenue Ġfrom Ġa Ġwind fall Ġtax Ġon Ġoil Ġcompanies .",O O O O O O O O O O O O O O O O O O O O O O O O O O O O O O O O O O,O O O O O O O O B-POLITICIAN O O O O O O O O O O O O O O O O O O O O O O O O O
1593,ĠHe Ġalso Ġscrapped Ġstamp Ġduty Ġrelief Ġfor Ġcommercial Ġproperty Ġin Ġdisadvantaged Ġareas Ġ- Ġa Ġmeasure Ġbrought Ġin Ġjust Ġover Ġthree Ġyears Ġago .,O O O O O O O O O O O O O O O O O O O O O O O,O O O O O O O O O O O O O O O O O O O O O O O
1594,ĠBBC Ġpolitical Ġeditor ĠAndrew ĠMar r Ġsuggested Ġthe Ġsweet eners Ġwere Ġnot Ġbig Ġenough Ġto Ġhave Ġa Ġtransforming Ġeffect Ġon Ġvoters .,O O O B-AUTHOR-WRITER I-AUTHOR-WRITER I-AUTHOR-WRITER O O O O O O O O O O O O O O O O,O O O B-AUTHOR-WRITER I-AUTHOR-WRITER I-AUTHOR-WRITER O O O O O O O O O O O O O O O O
1595,"ĠBut Ġtrust Ġin ĠMr ĠBrown 's Ġeconomic Ġstewards hip Ġwould Ġbe Ġa Ġcentral Ġelection Ġissue , Ġhe Ġsaid .",O O O O O O O O O O O O O O O O O O O,O O O O B-POLITICIAN O O O O O O O O O O O O O O
1596,"Ġ Ċ Ċ Mr ĠBrown Ġalso Ġunveiled Ġplans Ġfor Ġa Ġmemorial Ġto Ġthe ĠQueen ĠMother , Ġfunded Ġthrough Ġa Ġspecial Ġcoin Ġto Ġcelebrate Ġthe ĠQueen 's Ġ80 th Ġbirthday .",O O O O O O O O O O O O O B-PUBLIC-FIGURE I-PUBLIC-FIGURE O O O O O O O O O B-PUBLIC-FIGURE O O O O O,O O O O B-POLITICIAN O O O O O O O O O O O O O O O O O O O O O O O O O
1597,ĠOther Ġmeasures Ġinclude Ġequal Ġtax Ġstatus Ġfor Ġsame - sex Ġcouples Ġand Ġa Ġdeal Ġwith Ġthe ĠCouncil Ġof ĠMortgage ĠL enders Ġto Ġboost Ġlow Ġcost Ġhome Ġownership .,O O O O O O O O O O O O O O O O O O O O O O O O O O O O,O O O O O O O O O O O O O O O O O O O O O O O O O O O O
1598,"ĠThe Ġlevel Ġwhere Ġpeople Ġstart Ġpaying Ġinheritance Ġtax Ġwill Ġalso Ġrise Ġfrom ĠÂ£ 263 , 000 Ġto ĠÂ£ 275 , 000 Ġfrom ĠApril .",O O O O O O O O O O O O O O O O O O O O O O O O,O O O O O O O O O O O O O O O O O O O O O O O O
1599,"ĠMr ĠBrown Ġsaid Ġhe Ġhad Ġmet Ġhis Ġfinancial Ġ"" gold en Ġrule "" Ġwith Ġa ĠÂ£ 6 bn Ġsurplus Ġand Ġhe Ġsaid Ġpublic Ġborrowing Ġwould Ġcontinue Ġto Ġfall Ġover Ġthe Ġnext Ġfive Ġyears .",O O O O O O O O O O O O O O O O O O O O O O O O O O O O O O O O O O,O B-POLITICIAN O O O O O O O O O O O O O O O O O O O O O O O O O O O O O O O O
1600,"Ġ Ċ Ċ The Ġeconomy Ġhad Ġgrown Ġfor Ġ50 Ġconsecutive Ġquarters , Ġhe Ġsaid , Ġand Ġwas Ġforecast Ġto Ġcontinue Ġdoing Ġso Ġover Ġthe Ġnext Ġyear , Ġwith Ġa Ġforecast Ġof Ġ3 % Ġto Ġ3 . 5 % Ġin Ġ2005 Ġand Ġ2 . 5 % Ġto Ġ3 % Ġin Ġ2006 .",O O O O O O O O O O O O O O O O O O O O O O O O O O O O O O O O O O O O O O O O O O O O O O O O O O O,O O O O O O O O O O O O O O O O O O O O O O O O O O O O O O O O O O O O O O O O O O O O O O O O O O O
1601,"ĠThe Ġfirst ĠÂ£ 2 bn Ġof Ġvalue - for - money Ġsavings Ġidentified Ġin Ġthe ĠG ers hon ĠReview Ġhave Ġbeen Ġachieved , Ġthe Ġchancellor Ġsaid .",O O O O O O O O O O O O O O O B-PUBLIC-FIGURE I-PUBLIC-FIGURE I-PUBLIC-FIGURE O O O O O O O O O,O O O O O O O O O O O O O O O O O O O O O O O O O O O
1602,"ĠSome Ġ12 , 500 Ġcivil Ġservant Ġposts Ġhave Ġbeen Ġax ed , Ġand Ġ7 , 800 Ġrelocated Ġout Ġof Ġthe Ġsouth Ġeast Ġof ĠEngland , Ġhe Ġadded .",O O O O O O O O O O O O O O O O O O O O O O O O O O O O,O O O O O O O O O O O O O O O O O O O O O O O O O O O O
1603,"ĠSNP Ġleader ĠAlex ĠSal mond Ġsaid ĠMr ĠBrown Ġhad Ġfailed Ġthe Ġ"" t art an Ġtest "" Ġas Ġthere Ġwere Ġno Ġmeasures Ġto Ġboost Ġthe ĠScottish Ġeconomy .",O O B-POLITICIAN I-POLITICIAN I-POLITICIAN O O O O O O O O O O O O O O O O O O O O O O O,O O B-POLITICIAN I-POLITICIAN I-POLITICIAN O O B-POLITICIAN O O O O O O O O O O O O O O O O O O O O
1604,"ĠSimon ĠThomas , Ġof ĠPl aid ĠC ym ru , Ġcalled Ġit Ġa Ġbudget Ġfor ĠMiddle ĠEngland .",B-POLITICIAN I-POLITICIAN O O O O O O O O O O O O O O O O,B-POLITICIAN I-POLITICIAN O O O O O O O O O O O O O O O O
1605,"ĠUK ĠIndependence ĠParty Ġleader ĠRoger ĠKn ap man Ġattacked Ġthe Ġplans Ġfor Ġpension ers Ġsaying Ġthey Ġneeded Ġ"" more Ġmoney Ġand Ġthe Ġdignity Ġof Ġbeing Ġallowed Ġto Ġspend Ġit Ġhow Ġthey Ġwant ,"" Ġnot Ġ"" free Ġbus Ġrides "".",O O O O B-POLITICIAN I-POLITICIAN I-POLITICIAN I-POLITICIAN O O O O O O O O O O O O O O O O O O O O O O O O O O O O O O O,O O O O B-POLITICIAN I-POLITICIAN I-POLITICIAN I-POLITICIAN O O O O O O O O O O O O O O O O O O O O O O O O O O O O O O O
1606,"ĠThe ĠGreen ĠParty Ġsaid Ġthe ĠBudget Ġwas Ġa Ġ"" w asted Ġopportunity "" Ġfor Ġenvironmental Ġprotection , Ġadding : Ġ"" Brown Ġobviously Ġhas Ġan Ġeye Ġon Ġthe Ġcoming Ġelection , Ġand Ġhas Ġtaken Ġhis Ġeye Ġoff Ġthe Ġneeds Ġof Ġthe Ġplanet .""",O O O O O O O O O O O O O O O O O O O O O O O O O O O O O O O O O O O O O O O O O O,O O O O O O O O O O O O O O O O O O O O B-POLITICIAN O O O O O O O O O O O O O O O O O O O O O
1607,ĠInsurance Ġbosses Ġplead Ġguilty Ċ Ċ Another Ġthree ĠUS Ġinsurance Ġexecutives Ġhave Ġpleaded Ġguilty Ġto Ġfraud Ġcharges Ġstemming Ġfrom Ġan Ġongoing Ġinvestigation Ġinto Ġindustry Ġmal practice .,O O O O O O O O O O O O O O O O O O O O O O O O O O O,O O O O O O O O O O O O O O O O O O O O O O O O O O O
1608,Ġ Ċ Ċ Two Ġexecutives Ġfrom ĠAmerican ĠInternational ĠGroup Ġ( A IG ) Ġand Ġone Ġfrom ĠMarsh Ġ& ĠMcL enn an Ġwere Ġthe Ġlatest .,O O O O O O O O O O O O O O O O O O O O O O O O O,O O O O O O O O O O O O O O O O B-ATHLETE O B-ATHLETE I-ATHLETE I-ATHLETE O O O O
1609,ĠThe Ġinvestigation Ġby ĠNew ĠYork Ġattorney Ġgeneral ĠEliot ĠSp itzer Ġhas Ġnow Ġobtained Ġnine Ġguilty Ġpleas .,O O O O O O O B-POLITICIAN I-POLITICIAN I-POLITICIAN O O O O O O O,O O O O O O O B-POLITICIAN I-POLITICIAN I-POLITICIAN O O O O O O O
1610,ĠThe Ġhighest Ġranking Ġexecutive Ġpleading Ġguilty Ġon ĠTuesday Ġwas Ġformer ĠMarsh Ġsenior Ġvice Ġpresident ĠJoshua ĠB ew lay .,O O O O O O O O O O O O O O B-BUSINESS-EXECUTIVE-MANAGER I-BUSINESS-EXECUTIVE-MANAGER I-BUSINESS-EXECUTIVE-MANAGER I-BUSINESS-EXECUTIVE-MANAGER O,O O O O O O O O O O O O O O B-BUSINESS-EXECUTIVE-MANAGER I-BUSINESS-EXECUTIVE-MANAGER I-BUSINESS-EXECUTIVE-MANAGER I-BUSINESS-EXECUTIVE-MANAGER O
1611,Ġ Ċ Ċ He Ġadmitted Ġone Ġfelony Ġcount Ġof Ġsche ming Ġto Ġdef raud Ġand Ġfaces Ġup Ġto Ġfour Ġyears Ġin Ġprison .,O O O O O O O O O O O O O O O O O O O O O O O,O O O O O O O O O O O O O O O O O O O O O O O
1612,ĠA ĠMarsh Ġspokeswoman Ġsaid ĠMr ĠB ew lay Ġwas Ġno Ġlonger Ġwith Ġthe Ġcompany .,O O O O O O O O O O O O O O O,O O O O O B-BUSINESS-EXECUTIVE-MANAGER I-BUSINESS-EXECUTIVE-MANAGER I-BUSINESS-EXECUTIVE-MANAGER O O O O O O O
1613,ĠMr ĠSp itzer 's Ġinvestigation Ġof Ġthe ĠUS Ġinsurance Ġindustry Ġlooked Ġat Ġwhether Ġcompanies Ġrigged Ġbids Ġand Ġfixed Ġprices .,O O O O O O O O O O O O O O O O O O O O,O B-POLITICIAN I-POLITICIAN O O O O O O O O O O O O O O O O O
1614,"ĠLast Ġmonth ĠMarsh Ġagreed Ġto Ġpay Ġ$ 850 m Ġ(Â£ 415 m ) Ġto Ġsettle Ġa Ġlawsuit Ġfiled Ġby ĠMr ĠSp itzer , Ġbut Ġunder Ġthe Ġsettlement Ġit Ġ"" ne ither Ġadmits Ġnor Ġdenies Ġthe Ġallegations "".",O O O O O O O O O O O O O O O O O O O O O O O O O O O O O O O O O O O O O,O O O O O O O O O O O O O O O O O O O O B-POLITICIAN I-POLITICIAN O O O O O O O O O O O O O O O
1615,"Ġ' Best Ġperson ' Ġfor Ġtop Ġlegal Ġjob Ċ Ċ The Ġ"" best Ġperson Ġfor Ġthe Ġjob "" Ġshould Ġbe Ġappointed Ġlord Ġchancellor , Ġand Ġnot Ġnecessarily Ġa Ġlawyer Ġor ĠMP , Ġthe Ġcourts Ġminister Ġhas Ġtold ĠMPs .",O O O O O O O O O O O O O O O O O O O O O O O O O O O O O O O O O O O O O O O,O O O O O O O O O O O O O O O O O O O O O O O O O O O O O O O O O O O O O O O
1616,"Ġ Ċ Ċ Under Ġreforms , Ġthe Ġpost Ġof Ġlord Ġchancellor Ġis Ġto Ġbe Ġstripped Ġof Ġits Ġjudicial Ġfunctions . Ġ""",O O O O O O O O O O O O O O O O O O O O O,O O O O O O O O O O O O O O O O O O O O O
1617,"ĠThe Ġlord Ġchancellor ... no Ġmore Ġneeds Ġto Ġbe Ġa Ġlawyer Ġthan Ġthe ĠSecretary Ġof ĠHealth Ġneeds Ġto Ġbe Ġa Ġdoctor ,"" Ġsaid Ġcourts Ġminister ĠChristopher ĠLeslie .",O O O O O O O O O O O O O O O O O O O O O O O O O B-POLITICIAN I-POLITICIAN O,O O O O O O O O O O O O O O O O O O O O O O O O O B-POLITICIAN I-POLITICIAN O
1618,ĠThe ĠConstitutional ĠReform ĠBill Ġwas Ġentering Ġits Ġsecond Ġreading Ġon ĠMonday .,O O O O O O O O O O O O,O O O O O O O O O O O O
1619,"ĠMr ĠLeslie Ġsaid : Ġ"" The Ġprime Ġminister Ġshould Ġbe Ġable Ġto Ġappoint Ġthe Ġbest Ġperson Ġfor Ġthe Ġjob Ġwhether Ġthey Ġsit Ġin Ġthe ĠHouse Ġof ĠLords Ġor Ġthe ĠHouse Ġof ĠCommons .""",O O O O O O O O O O O O O O O O O O O O O O O O O O O O O O O O O,O B-POLITICIAN O O O O O O O O O O O O O O O O O O O O O O O O O O O O O O O
1620,"ĠUnder Ġthe Ġreforms , Ġthe ĠLaw ĠLords Ġwill Ġalso Ġbe Ġreplaced Ġas Ġthe ĠUK 's Ġhighest Ġlegal Ġauthority Ġby Ġa ĠSupreme ĠCourt Ġand Ġjudges Ġwill Ġbe Ġappointed Ġby Ġan Ġindependent Ġpanel Ġrather Ġthan Ġministers .",O O O O O O O O O O O O O O O O O O O O O O O O O O O O O O O O O O O,O O O O O O O O O O O O O O O O O O O O O O O O O O O O O O O O O O O
1621,Ġ Ċ Ċ In ĠDecember Ġthe ĠLords Ġrejected Ġa Ġplea Ġby Ġcurrent ĠLord ĠChancellor ĠLord ĠFalcon er Ġthat Ġthe Ġholder Ġof Ġthe Ġjob Ġshould Ġnot Ġnecessarily Ġbe Ġa Ġlawyer Ġor Ġa Ġpeer .,O O O O O O O O O O O O O O B-POLITICIAN I-POLITICIAN I-POLITICIAN O O O O O O O O O O O O O O O O,O O O O O O O O O O O O O O O B-POLITICIAN I-POLITICIAN O O O O O O O O O O O O O O O O
1622,ĠThe Ġpeers Ġvoted Ġby Ġ229 Ġto Ġ206 Ġto Ġsay Ġin Ġlaw Ġthat Ġlord Ġchance ll ors Ġmust Ġalso Ġbe Ġpeers .,O O O O O O O O O O O O O O O O O O O O O,O O O O O O O O O O O O O O O O O O O O O
1623,"ĠThe Ġdebate Ġwas Ġcarried Ġover Ġfrom Ġthe Ġlast ĠParliamentary Ġsession , Ġbut Ġwith Ġan Ġimpending Ġgeneral Ġelection Ġtime Ġis Ġcrucial Ġfor Ġthe Ġgovernment Ġto Ġget Ġthe ĠBill Ġpassed .",O O O O O O O O O O O O O O O O O O O O O O O O O O O O O,O O O O O O O O O O O O O O O O O O O O O O O O O O O O O
1624,ĠMr ĠLeslie Ġsaid Ġit Ġwas Ġirrelevant Ġwhether Ġthe Ġpost Ġwas Ġcalled ĠSecretary Ġof ĠState Ġfor ĠConstitutional ĠAffairs Ġor ĠLord ĠChancellor .,O O O O O O O O O O O O O O O O O O O O O,O B-POLITICIAN O O O O O O O O O O O O O O O O O O O
1625,"ĠHe Ġsaid : Ġ"" What Ġmatters Ġmost Ġis ... whether Ġit Ġis Ġreformed Ġso Ġthat Ġthe Ġpost Ġholder Ġno Ġlonger Ġhas Ġthose Ġconflicting Ġduties . Ġ""",O O O O O O O O O O O O O O O O O O O O O O O O O O,O O O O O O O O O O O O O O O O O O O O O O O O O O
1626,"ĠIt Ġis Ġno Ġlonger Ġappropriate Ġfor Ġa Ġgovernment Ġminister Ġto Ġhave Ġsuch Ġunf et tered Ġdiscretion Ġin Ġthe Ġappointment Ġof Ġjudges .""",O O O O O O O O O O O O O O O O O O O O O O,O O O O O O O O O O O O O O O O O O O O O O
1627,"Ġ Ċ Ċ Shadow Ġattorney Ġgeneral ĠDominic ĠG rieve Ġcriticised Ġthe Ġgovernment Ġon Ġits Ġplans Ġto Ġchange Ġwhat Ġhe Ġsaid Ġwas Ġan Ġ"" except ional Ġinstitution ,"" Ġproviding Ġa Ġ"" ch ampion Ġof Ġthe Ġindependence Ġof Ġthe Ġjudiciary "".",O O O O O O B-POLITICIAN I-POLITICIAN I-POLITICIAN O O O O O O O O O O O O O O O O O O O O O O O O O O O O O O,O O O O O O B-POLITICIAN I-POLITICIAN I-POLITICIAN O O O O O O O O O O O O O O O O O O O O O O O O O O O O O O
1628,"ĠThe Ġgovernment Ġhad Ġinitially Ġproposed Ġto Ġtake Ġthis Ġinstitution Ġand Ġ"" sm ash Ġit Ġto Ġpieces ,"" ĠMr ĠG rieve Ġsaid .",O O O O O O O O O O O O O O O O O O O O O O,O O O O O O O O O O O O O O O O O O B-POLITICIAN I-POLITICIAN O O
1629,"ĠConvention Ġshould Ġbe Ġ"" n urt ured Ġand Ġcelebrated ,"" Ġbut Ġthe Ġgovernment Ġdist r usted Ġand Ġdisliked Ġit Ġinstead .",O O O O O O O O O O O O O O O O O O O O O,O O O O O O O O O O O O O O O O O O O O O
1630,"ĠHe Ġwarned Ġthat Ġunless Ġministers Ġbacked Ġdown Ġover Ġthe Ġlord Ġchancellor Ġremaining Ġa Ġmember Ġof Ġthe ĠHouse Ġof ĠLords , Ġthe Ġgovernment Ġwould Ġhave Ġ"" great Ġdifficulty "" Ġin Ġgetting Ġthe ĠBill Ġthrough ĠParliament .",O O O O O O O O O O O O O O O O O O O O O O O O O O O O O O O O O O O,O O O O O O O O O O O O O O O O O O O O O O O O O O O O O O O O O O O
1631,"ĠFormer ĠCabinet Ġminister ĠDouglas ĠH ogg , Ġwhose Ġfather Ġand Ġgrandfather Ġserved Ġas Ġlord Ġchancellor , Ġsaid Ġthe ĠBill Ġwas Ġ"" large ly Ġunnecessary , Ġbureaucratic Ġand Ġexpensive "".",O O O B-POLITICIAN I-POLITICIAN I-POLITICIAN O O O O O O O O O O O O O O O O O O O O O O O,O O O B-POLITICIAN I-POLITICIAN I-POLITICIAN O O O O O O O O O O O O O O O O O O O O O O O
1632,"ĠBut Ġthe ĠTory ĠMP Ġfor ĠSle af ord Ġand ĠNorth ĠHy ke ham Ġadmitted Ġthe Ġlord Ġchancellor 's Ġrole Ġand Ġoffice Ġ"" c annot Ġbe Ġfrozen Ġin Ġas pic "".",O O O O O O O O O O O O O O O O O O O O O O O O O O O O O O,O O O O O O O O O O O O O O O O O O O O O O O O O O O O O O
1633,ĠMob iles Ġrack Ġup Ġ20 Ġyears Ġof Ġuse Ċ Ċ Mobile Ġphones Ġin Ġthe ĠUK Ġare Ġcelebrating Ġtheir Ġ20 th Ġanniversary Ġthis Ġweekend .,O O O O O O O O O O O O O O O O O O O O O O O O,O O O O O O O O O O O O O O O O O O O O O O O O
1634,Ġ Ċ Ċ Britain 's Ġfirst Ġmobile Ġphone Ġcall Ġwas Ġmade Ġacross Ġthe ĠV od af one Ġnetwork Ġon Ġ1 ĠJanuary Ġ1985 Ġby Ġveteran Ġcomedian ĠEr nie ĠWise .,O O O O O O O O O O O O O O O O O O O O O O O O O B-ACTOR-DIRECTOR I-ACTOR-DIRECTOR I-ACTOR-DIRECTOR O,O O O O O O O O O O O O O O O O O O O O O O O O O B-ACTOR-DIRECTOR I-ACTOR-DIRECTOR I-ACTOR-DIRECTOR O
1635,"ĠIn Ġthe Ġ20 Ġyears Ġsince Ġthat Ġday , Ġmobile Ġphones Ġhave Ġbecome Ġan Ġintegral Ġpart Ġof Ġmodern Ġlife Ġand Ġnow Ġalmost Ġ90 % Ġof ĠBritons Ġown Ġa Ġhandset .",O O O O O O O O O O O O O O O O O O O O O O O O O O O O O,O O O O O O O O O O O O O O O O O O O O O O O O O O O O O
1636,ĠMob iles Ġhave Ġbecome Ġso Ġpopular Ġthat Ġmany Ġpeople Ġuse Ġtheir Ġhandset Ġas Ġtheir Ġonly Ġphone Ġand Ġrarely Ġuse Ġa Ġland line .,O O O O O O O O O O O O O O O O O O O O O O O,O O O O O O O O O O O O O O O O O O O O O O O
1637,Ġ Ċ Ċ The Ġfirst Ġever Ġcall Ġover Ġa Ġportable Ġphone Ġwas Ġmade Ġin Ġ1973 Ġin ĠNew ĠYork Ġbut Ġit Ġtook Ġ10 Ġyears Ġfor Ġthe Ġfirst Ġcommercial Ġmobile Ġservice Ġto Ġbe Ġlaunched .,O O O O O O O O O O O O O O O O O O O O O O O O O O O O O O O O O,O O O O O O O O O O O O O O O O O O O O O O O O O O O O O O O O O
1638,ĠThe ĠUK Ġwas Ġnot Ġfar Ġbehind Ġthe Ġrest Ġof Ġthe Ġworld Ġin Ġsetting Ġup Ġnetworks Ġin Ġ1985 Ġthat Ġlet Ġpeople Ġmake Ġcalls Ġwhile Ġthey Ġwalked .,O O O O O O O O O O O O O O O O O O O O O O O O O O,O O O O O O O O O O O O O O O O O O O O O O O O O O
1639,ĠThe Ġfirst Ġcall Ġwas Ġmade Ġfrom ĠSt ĠKatherine 's Ġdock Ġto ĠV od af one 's Ġhead Ġoffice Ġin ĠNew bury Ġwhich Ġat Ġthe Ġtime Ġwas Ġover Ġa Ġcurry Ġhouse .,O O O O O O O O O O O O O O O O O O O O O O O O O O O O O O O,O O O O O O O O O O O B-BUSINESS-EXECUTIVE-MANAGER I-BUSINESS-EXECUTIVE-MANAGER I-BUSINESS-EXECUTIVE-MANAGER I-BUSINESS-EXECUTIVE-MANAGER O O O O O O O O O O O O O O O O
1640,ĠFor Ġthe Ġfirst Ġnine Ġdays Ġof Ġ1985 ĠV od af one Ġwas Ġthe Ġonly Ġfirm Ġwith Ġa Ġmobile Ġnetwork Ġin Ġthe ĠUK .,O O O O O O O O O O O O O O O O O O O O O O O,O O O O O O O O O O O O O O O O O O O O O O O
1641,ĠThen Ġon Ġ10 ĠJanuary ĠCell net Ġ( now ĠO 2 ) Ġlaunched Ġits Ġservice .,O O O O O O O O O O O O O O O,O O O O O O O O O O O O O O O
1642,"ĠMike ĠC aud well , Ġspokesman Ġfor ĠV od af one , Ġsaid Ġthat Ġwhen Ġphones Ġwere Ġlaunched Ġthey Ġwere Ġthe Ġsize Ġof Ġa Ġbrief case , Ġcost Ġabout ĠÂ£ 2 , 000 Ġand Ġhad Ġa Ġbattery Ġlife Ġof Ġlittle Ġmore Ġthan Ġ20 Ġminutes .",B-BUSINESS-EXECUTIVE-MANAGER I-BUSINESS-EXECUTIVE-MANAGER I-BUSINESS-EXECUTIVE-MANAGER I-BUSINESS-EXECUTIVE-MANAGER O O O O O O O O O O O O O O O O O O O O O O O O O O O O O O O O O O O O O O O O O,B-PUBLIC-FIGURE I-PUBLIC-FIGURE I-PUBLIC-FIGURE I-PUBLIC-FIGURE O O O O O O O O O O O O O O O O O O O O O O O O O O O O O O O O O O O O O O O O O
1643,"Ġ Ċ Ċ "" Despite Ġthat Ġthey Ġwere Ġhugely Ġpopular Ġin Ġthe Ġmid - 80 s ,"" Ġhe Ġsaid . Ġ""",O O O O O O O O O O O O O O O O O O O O O,O O O O O O O O O O O O O O O O O O O O O
1644,"ĠThey Ġbecame Ġa Ġy upp y Ġmust - have Ġand Ġa Ġstatus Ġsymbol Ġamong Ġyoung Ġwealthy Ġbusiness Ġfolk .""",O O O O O O O O O O O O O O O O O O O,O O O O O O O O O O O O O O O O O O O
1645,ĠThis Ġwas Ġalso Ġdespite Ġthe Ġfact Ġthat Ġthe Ġphones Ġused Ġanalogue Ġradio Ġsignals Ġto Ġcommunicate Ġwhich Ġmade Ġthem Ġvery Ġeasy Ġto Ġeaves drop Ġon .,O O O O O O O O O O O O O O O O O O O O O O O O O,O O O O O O O O O O O O O O O O O O O O O O O O O
1646,"ĠHe Ġsaid Ġit Ġtook ĠV od af one Ġalmost Ġnine Ġyears Ġto Ġrack Ġup Ġits Ġfirst Ġmillion Ġcustomers Ġbut Ġonly Ġ18 Ġmonths Ġto Ġget Ġthe Ġsecond Ġmillion . Ġ""",O O O O O O O O O O O O O O O O O O O O O O O O O O O O O,O O O O B-POLITICIAN I-POLITICIAN I-POLITICIAN I-POLITICIAN O O O O O O O O O O O O O O O O O O O O O
1647,"ĠIt 's Ġvery Ġeasy Ġto Ġforget Ġthat Ġin Ġ1983 Ġwhen Ġwe Ġput Ġthe Ġbid Ġdocument Ġin Ġwe Ġwere Ġforecasting Ġthat Ġthe Ġtotal Ġmarket Ġwould Ġbe Ġtwo Ġmillion Ġpeople ,"" Ġhe Ġsaid . Ġ""",O O O O O O O O O O O O O O O O O O O O O O O O O O O O O O O O O,O O O O O O O O O O O O O O O O O O O O O O O O O O O O O O O O O
1648,"ĠCell net Ġwas Ġforecasting Ġhalf Ġthat .""",O O O O O O O,O O O O O O O
1649,ĠNow ĠV od af one Ġhas Ġ14 m Ġcustomers Ġin Ġthe ĠUK Ġalone .,O O O O O O O O O O O O O O,O O O O O O O O O O O O O O
1650,ĠCell net Ġand ĠV od af one Ġwere Ġthe Ġonly Ġmobile Ġphone Ġoperators Ġin Ġthe ĠUK Ġuntil Ġ1993 Ġwhen ĠOne 2 One Ġ( now ĠT - Mobile ) Ġwas Ġlaunched .,O O O O O O O O O O O O O O O O O O O O O O O O O O O O O O O,O O O O O O O O O O O O O O O O O O O O O O O O O O O O O O O
1651,ĠOrange Ġhad Ġits ĠUK Ġlaunch Ġin Ġ1994 .,O O O O O O O O,O O O O O O O O
1652,ĠBoth Ġnewcomers Ġoperated Ġdigital Ġmobile Ġnetworks Ġand Ġnow Ġall Ġoperators Ġuse Ġthis Ġtechnology .,O O O O O O O O O O O O O O,O O O O O O O O O O O O O O
1653,ĠThe Ġanalogue Ġspectrum Ġfor Ġthe Ġold Ġphones Ġhas Ġbeen Ġretired .,O O O O O O O O O O O,O O O O O O O O O O O
1654,ĠCalled ĠGlobal ĠSystem Ġfor ĠMob iles Ġ( G SM ) Ġthis Ġis Ġnow Ġthe Ġmost Ġwidely Ġused Ġphone Ġtechnology Ġon Ġthe Ġplanet Ġand Ġis Ġused Ġto Ġhelp Ġmore Ġthan Ġ1 . 2 Ġbillion Ġpeople Ġmake Ġcalls .,O O O O O O O O O O O O O O O O O O O O O O O O O O O O O O O O O O O O O,O O O O O O O O O O O O O O O O O O O O O O O O O O O O O O O O O O O O O
1655,"ĠMr ĠC aud well Ġsaid Ġthe Ġadvent Ġof Ġdigital Ġtechnology Ġalso Ġhelped Ġto Ġintroduce Ġall Ġthose Ġthings , Ġsuch Ġas Ġtext Ġmessaging Ġand Ġroaming Ġthat Ġhave Ġmade Ġmob iles Ġso Ġpopular .",O O O O O O O O O O O O O O O O O O O O O O O O O O O O O O O O,O B-PUBLIC-FIGURE I-PUBLIC-FIGURE I-PUBLIC-FIGURE O O O O O O O O O O O O O O O O O O O O O O O O O O O O
1656,ĠRangers Ġseal ĠOld ĠFirm Ġwin Ċ Ċ Go als Ġfrom ĠGregory ĠV ign al Ġand ĠN acho ĠNov o Ġgave ĠRangers Ġa Ġscra ppy Ġvictory Ġat ĠCeltic ĠPark Ġthat Ġmoves Ġthem Ġthree Ġpoints Ġclear Ġof Ġthe Ġchampions .,O O O O O O O O O O B-ATHLETE I-ATHLETE I-ATHLETE I-ATHLETE O B-ATHLETE I-ATHLETE I-ATHLETE I-ATHLETE O O O O O O O O O O O O O O O O O O O,O O O O O O O O O O B-ATHLETE I-ATHLETE I-ATHLETE I-ATHLETE O B-ATHLETE I-ATHLETE I-ATHLETE I-ATHLETE O O O O O O O O O O O O O O O O O O O
1657,Ġ Ċ Ċ R angers Ġhad Ġrarely Ġthreatened Ġuntil ĠCeltic Ġgoalkeeper ĠRab ĠDouglas Ġlet Ġdefender ĠV ign al 's Ġ25 - yard Ġdrive Ġslip Ġthrough Ġhis Ġgrasp Ġand Ġinto Ġthe Ġnet .,O O O O O O O O O O O B-ATHLETE I-ATHLETE O O O O O O O O O O O O O O O O O O O,O O O O O O O O O O O B-ATHLETE I-ATHLETE O O B-ATHLETE I-ATHLETE I-ATHLETE O O O O O O O O O O O O O O
1658,"ĠOpp osite Ġnumber ĠRonald ĠWater re us Ġhad Ġbeen ĠRangers ' Ġhero , Ġsaving Ġsuperb ly Ġfrom ĠCraig ĠBell amy Ġand ĠJohn ĠHart son .",O O O B-ATHLETE I-ATHLETE I-ATHLETE I-ATHLETE O O O O O O O O O O B-ATHLETE I-ATHLETE I-ATHLETE O B-ATHLETE I-ATHLETE I-ATHLETE O,O O O B-ATHLETE I-ATHLETE I-ATHLETE I-ATHLETE O O O O O O O O O O B-ATHLETE I-ATHLETE I-ATHLETE O B-ATHLETE I-ATHLETE I-ATHLETE O
1659,"ĠStri ker ĠNov o Ġsecured Ġvictory , Ġlob bing ĠDouglas Ġwith Ġeight Ġminutes Ġremaining .",O O O O O O O O O O O O O O O,O O B-ATHLETE I-ATHLETE O O O O O B-ATHLETE O O O O O
1660,ĠIt Ġended ĠCeltic 's Ġ11 - game Ġunbeaten Ġrun Ġat Ġhome Ġin ĠOld ĠFirm Ġder bies Ġand Ġgave ĠRangers Ġmanager ĠAlex ĠMc Le ish Ġhis Ġfirst Ġvictory Ġat Ġthe Ġhome Ġof Ġhis ĠGlasgow Ġrivals .,O O O O O O O O O O O O O O O O O O O O B-ATHLETE I-ATHLETE I-ATHLETE I-ATHLETE O O O O O O O O O O O,O O O O O O O O O O O O O O O O O O O O B-ATHLETE I-ATHLETE I-ATHLETE I-ATHLETE O O O O O O O O O O O
1661,"ĠCeltic Ġhad Ġwon Ġtheir Ġlast Ġsix Ġmeetings Ġon Ġtheir Ġhome Ġpitch , Ġincluding Ġtwice Ġalready Ġthis Ġseason .",O O O O O O O O O O O O O O O O O O,O O O O O O O O O O O O O O O O O O
1662,"ĠThey Ġstarted Ġconfidently , Ġwith Ġnew Ġsigning ĠBell amy , Ġon Ġloan Ġfrom ĠNewcastle ĠUnited , Ġgiven Ġhis ĠCeltic Ġdebut Ġup Ġfront Ġwith ĠWales Ġinternational Ġcolleague ĠJohn ĠHart son Ġand ĠChris ĠSutton Ġdropping Ġinto Ġmidfield .",O O O O O O O O O O O O O O O O O O O O O O O O O O B-ATHLETE I-ATHLETE I-ATHLETE O B-ATHLETE I-ATHLETE O O O O,O O O O O O O B-ATHLETE I-ATHLETE O O O O O O O O O O O O O O O O O B-ATHLETE I-ATHLETE I-ATHLETE O B-ATHLETE I-ATHLETE O O O O
1663,"ĠIt Ġtook ĠBell amy Ġjust Ġfour Ġminutes Ġto Ġthreaten , Ġtaking Ġon ĠMarvin ĠAndrews Ġbefore Ġdelivering Ġa Ġlow Ġdrive Ġthat Ġwas Ġheld Ġby ĠWater re us Ġat Ġthe Ġsecond Ġattempt .",O O O O O O O O O O O O B-ATHLETE I-ATHLETE O O O O O O O O O O O O O O O O O,O O B-ATHLETE I-ATHLETE O O O O O O O O B-ATHLETE I-ATHLETE O O O O O O O O O B-ATHLETE I-ATHLETE I-ATHLETE O O O O O
1664,ĠHe Ġhad Ġan Ġeven Ġbetter Ġchance Ġafter ĠHart son Ġdisp oss es ed ĠS ot iris ĠKyr gi ak os Ġand Ġsent Ġhis Ġstrike Ġpartner Ġclear Ġwith Ġonly Ġthe Ġgoalkeeper Ġto Ġbeat .,O O O O O O O O O O O O O B-ATHLETE I-ATHLETE I-ATHLETE I-ATHLETE I-ATHLETE I-ATHLETE I-ATHLETE O O O O O O O O O O O O O,O O O O O O O B-ATHLETE I-ATHLETE O O O O B-ATHLETE I-ATHLETE I-ATHLETE I-ATHLETE I-ATHLETE I-ATHLETE I-ATHLETE O O O O O O O O O O O O O
1665,ĠBut ĠWater re us Ġdid Ġwell Ġto Ġbeat Ġaway ĠBell amy 's Ġdisappointing Ġlow Ġdrive Ġfrom Ġ16 Ġyards .,O O O O O O O O O O O O O O O O O O O,O B-ATHLETE I-ATHLETE I-ATHLETE O O O O O B-ATHLETE I-ATHLETE O O O O O O O O
1666,ĠWater re us Ġcame Ġto Ġthe Ġrescue Ġagain Ġwhen Ġthe Ġball Ġfell Ġto ĠHart son Ġjust Ġinside Ġthe Ġbox Ġand Ġthe ĠDutch Ġgoalkeeper Ġmade Ġa Ġbrave Ġblock .,O O O O O O O O O O O O O O O O O O O O O O O O O O O O,B-ATHLETE I-ATHLETE I-ATHLETE O O O O O O O O O O B-ATHLETE I-ATHLETE O O O O O O O O O O O O O
1667,ĠIt Ġwas Ġan ĠOld ĠFirm Ġreturn Ġfor ĠBarry ĠFerguson Ġas ĠMc Le ish Ġstuck Ġby Ġthe Ġside Ġthat Ġth umped Ġfour Ġgoals Ġpast ĠH iber nian .,O O O O O O O B-ATHLETE I-ATHLETE O O O O O O O O O O O O O O O O O O,O O O O O O O B-ATHLETE I-ATHLETE O B-ATHLETE I-ATHLETE I-ATHLETE O O O O O O O O O O B-ATHLETE I-ATHLETE I-ATHLETE O
1668,ĠBut ĠRangers Ġfound ĠCeltic Ġharder Ġto Ġbreak Ġdown Ġand ĠDouglas Ġwas Ġnot Ġthreatened Ġuntil Ġ10 Ġminutes Ġafter Ġthe Ġbreak .,O O O O O O O O O O O O O O O O O O O O,O O O O O O O O O B-ATHLETE O O O O O O O O O O
1669,ĠD ado ĠPr so Ġturned Ġinside ĠNeil ĠLennon Ġonly Ġfor Ġthe ĠCeltic Ġgoalkeeper Ġto Ġbeat Ġaway Ġhis Ġpowerful Ġ18 - yard Ġdrive .,B-ATHLETE I-ATHLETE I-ATHLETE I-ATHLETE O O B-ATHLETE I-ATHLETE O O O O O O O O O O O O O O O,B-ATHLETE I-ATHLETE I-ATHLETE I-ATHLETE O O B-ATHLETE I-ATHLETE O O O O O O O O O O O O O O O
1670,ĠA Ġgreat Ġdefensive Ġheader Ġby ĠAndrews Ġprevented ĠHart son Ġp ouncing Ġfrom Ġfive Ġyards Ġout .,O O O O O O O O O O O O O O O O,O O O O O B-ATHLETE O B-ATHLETE I-ATHLETE O O O O O O O
1671,"ĠHart son Ġfox ed ĠV ign al Ġat Ġthe Ġedge Ġof Ġthe ĠRangers Ġbox , Ġbut Ġthe Ġstriker 's Ġshot Ġon Ġthe Ġturn Ġwas Ġagain Ġbeaten Ġaway Ġby ĠWater re us .",O O O O O O O O O O O O O O O O O O O O O O O O O O O O O O O O,B-ATHLETE I-ATHLETE O O B-ATHLETE I-ATHLETE I-ATHLETE O O O O O O O O O O O O O O O O O O O O O B-ATHLETE I-ATHLETE I-ATHLETE O
1672,"ĠRangers Ġwere Ġbeginning Ġto Ġdominate Ġthe Ġmidfield Ġand ĠV ign al , Ġcollecting Ġa Ġknock Ġback Ġfrom ĠFernando ĠR icks en , Ġbroke Ġthe Ġdead lock , ĠDouglas Ġsomehow Ġletting Ġthe ĠFrenchman 's Ġdipping Ġdrive Ġslip Ġthrough Ġhis Ġgrasp .",O O O O O O O O O O O O O O O O O B-ATHLETE I-ATHLETE I-ATHLETE I-ATHLETE O O O O O O O O O O O O O O O O O O O,O O O O O O O O B-ATHLETE I-ATHLETE I-ATHLETE O O O O O O B-ATHLETE I-ATHLETE I-ATHLETE I-ATHLETE O O O O O O B-ATHLETE O O O O O O O O O O O O
1673,ĠNov o Ġp ounced Ġon Ġa Ġmoments ' Ġhesitation Ġin Ġthe ĠCeltic Ġdefence Ġto Ġlatch Ġon Ġto Ġa Ġlong Ġball Ġfrom ĠR icks en Ġand Ġlob Ġthe Ġball Ġover Ġthe Ġadvancing ĠDouglas .,O O O O O O O O O O O O O O O O O O O O O O O O O O O O O O O O O,B-ATHLETE I-ATHLETE O O O O O O O O O O O O O O O O O O O B-ATHLETE I-ATHLETE I-ATHLETE O O O O O O O B-ATHLETE O
1674,"ĠR icks en Ġappeared Ġto Ġbe Ġhit Ġby Ġa Ġcoin , Ġbut Ġit Ġcould Ġnot Ġprevent ĠRangers ' Ġcelebrations Ġat Ġthe Ġfinal Ġwhistle .",O O O O O O O O O O O O O O O O O O O O O O O O,B-ATHLETE I-ATHLETE I-ATHLETE O O O O O O O O O O O O O O O O O O O O O
1675,"Ġ Ċ Ċ : ĠDouglas , ĠMcN amara , ĠBald e , ĠVarg a , ĠLa urs en , ĠPet rov , ĠLennon , ĠSutton , ĠThompson , ĠBell amy , ĠHart son .",O O O O O O O O O O O O O O O O O O O O O O O O O O O O O O O O O O,O O O O B-ATHLETE O B-ATHLETE I-ATHLETE O B-ATHLETE I-ATHLETE O B-ATHLETE I-ATHLETE O B-ATHLETE I-ATHLETE I-ATHLETE O B-ATHLETE I-ATHLETE O B-ATHLETE O B-ATHLETE O B-ATHLETE O B-ATHLETE I-ATHLETE O B-ATHLETE I-ATHLETE O
1676,"Ġ Ċ Ċ Sub s : ĠMarshall , ĠHen cho z , ĠJun inho ĠPaul ista , ĠLambert , ĠMal oney , ĠWallace , ĠMcG ead y .",O O O O O O O O O O O O O O O O O O O O O O O O O O O O,O O O O O O B-ATHLETE O B-ATHLETE I-ATHLETE I-ATHLETE O B-ATHLETE I-ATHLETE I-ATHLETE I-ATHLETE O B-ATHLETE O B-ATHLETE I-ATHLETE O B-ATHLETE O B-ATHLETE I-ATHLETE I-ATHLETE O
1677,"Ġ Ċ Ċ : ĠWater re us , ĠH utton , ĠKyr gi ak os , ĠAndrews , ĠBall , ĠBuff el , ĠFerguson , ĠR icks en , ĠV ign al , ĠPr so , ĠNov o .",O O O O O O O O O O O O O O O O O O O O O O O O O O O O O O O O O O O O O O O,O O O O B-ATHLETE I-ATHLETE I-ATHLETE O B-ATHLETE I-ATHLETE O B-ATHLETE I-ATHLETE I-ATHLETE I-ATHLETE O B-ATHLETE O B-ATHLETE O B-ATHLETE I-ATHLETE O B-ATHLETE O B-ATHLETE I-ATHLETE I-ATHLETE O B-ATHLETE I-ATHLETE I-ATHLETE O B-ATHLETE I-ATHLETE O B-ATHLETE I-ATHLETE O
1678,"Ġ Ċ Ċ Sub s : ĠMcGregor , ĠNam ouch i , ĠBurke , ĠAlex ĠRae , ĠMalcolm , ĠThompson , ĠLo ven kr ands .",O O O O O O O O O O O O O O O O O O O O O O O O O O,O O O O O O B-ATHLETE O B-ATHLETE I-ATHLETE I-ATHLETE O B-ATHLETE O B-ATHLETE I-ATHLETE O B-ATHLETE O B-ATHLETE O B-ATHLETE I-ATHLETE I-ATHLETE I-ATHLETE O
1679,Ġ Ċ Ċ : ĠM ĠMcC urry Ċ,O O O O O O O O,O O O O O O O O
1680,ĠIndones ians Ġface Ġfuel Ġprice Ġrise Ċ Ċ Ind ones ia 's Ġgovernment Ġhas Ġconfirmed Ġit Ġis Ġconsidering Ġraising Ġfuel Ġprices Ġby Ġas Ġmuch Ġas Ġ30 %.,O O O O O O O O O O O O O O O O O O O O O O O O O O O,O O O O O O O O O O O O O O O O O O O O O O O O O O O
1681,"Ġ Ċ Ċ Mill ions Ġof ĠIndones ians Ġuse Ġk eros ene Ġfor Ġbasic Ġcooking , Ġand Ġprices Ġhave Ġbeen Ġheavily Ġsubsid ised Ġfor Ġyears .",O O O O O O O O O O O O O O O O O O O O O O O O O O,O O O O O O O O O O O O O O O O O O O O O O O O O O
1682,ĠPresident ĠSus ilo ĠB amb ang ĠY ud h oy ono 's Ġgovernment Ġhas Ġsaid Ġit Ġwants Ġto Ġcurb Ġfuel Ġsubsidies Ġand Ġdirect Ġthe Ġmoney Ġinto Ġaid Ġprogrammes Ġfor Ġthe Ġpoor .,O B-POLITICIAN I-POLITICIAN I-POLITICIAN I-POLITICIAN I-POLITICIAN I-POLITICIAN I-POLITICIAN I-POLITICIAN I-POLITICIAN I-POLITICIAN O O O O O O O O O O O O O O O O O O O O O,O B-POLITICIAN I-POLITICIAN I-POLITICIAN I-POLITICIAN I-POLITICIAN I-POLITICIAN I-POLITICIAN I-POLITICIAN I-POLITICIAN I-POLITICIAN O O O O O O O O O O O O O O O O O O O O O
1683,ĠBut Ġcritics Ġargue Ġcutting Ġsubsidies Ġwill Ġhurt Ġthe Ġpoorer Ġfamilies Ġthat Ġhis Ġgovernment Ġsays Ġit Ġwants Ġto Ġhelp .,O O O O O O O O O O O O O O O O O O O,O O O O O O O O O O O O O O O O O O O
1684,ĠMillions Ġof Ġpeople Ġwere Ġleft Ġhomeless Ġin ĠIndonesia ĠAce h 's Ġregion Ġfollowing Ġthe Ġearthquake Ġand Ġtsunami Ġdisaster Ġin Ġlate ĠDecember .,O O O O O O O O O O O O O O O O O O O O O O,O O O O O O O O O O O O O O O O O O O O O O
1685,"Ġ Ċ Ċ Ind ones ia Ġpays Ġsubsidies Ġto Ġimp orters Ġin Ġorder Ġto Ġstabil ise Ġdomestic Ġfuel Ġprices , Ġbut Ġhigher Ġoil Ġprices Ġhave Ġforced Ġthe Ġgovernment Ġto Ġspend Ġmore Ġon Ġholding Ġprices Ġdown .",O O O O O O O O O O O O O O O O O O O O O O O O O O O O O O O O O O O O,O O O B-BUSINESS-EXECUTIVE-MANAGER I-BUSINESS-EXECUTIVE-MANAGER I-BUSINESS-EXECUTIVE-MANAGER O O O O O O O O O O O O O O O O O O O O O O O O O O O O O O
1686,"ĠIt Ġspent Ġ59 . 2 Ġtrillion Ġr up iah Ġ($ 6 . 58 bn ; ĠÂ£ 3 . 5 bn ) Ġon Ġfuel Ġsubsidies Ġin Ġ2004 , Ġa Ġsum Ġfar Ġin Ġexcess Ġof Ġits Ġoriginal Ġprojection Ġof Ġ14 . 5 Ġtrillion Ġr up iah .",O O O O O O O O O O O O O O O O O O O O O O O O O O O O O O O O O O O O O O O O O O O O O,O O O O O O O O O O O O O O O O O O O O O O O O O O O O O O O O O O O O O O O O O O O O O
1687,"ĠSince ĠPresident ĠY ud h oy ono 's Ġgovernment Ġcame Ġto Ġpower Ġin ĠOctober , Ġit Ġhas Ġindicated Ġits Ġintention Ġof Ġraising Ġdomestic Ġfuel Ġprices Ġby Ġcutting Ġsubsidies . Ġ""",O O O O O O O O O O O O O O O O O O O O O O O O O O O O O O,O O B-POLITICIAN I-POLITICIAN I-POLITICIAN I-POLITICIAN I-POLITICIAN O O O O O O O O O O O O O O O O O O O O O O O
1688,"ĠThe Ġ( January Ġto ĠMarch ) Ġquarter Ġof Ġthis Ġyear Ġis Ġthe Ġbest Ġtime Ġfor Ġus Ġto Ġincrease Ġfuel Ġprices ,"" Ġsaid ĠSri ĠM uly ani ĠInd raw ati , ĠState ĠMinister Ġfor ĠNational ĠDevelopment ĠPlanning . Ġ""",O O O O O O O O O O O O O O O O O O O O O O B-POLITICIAN I-POLITICIAN I-POLITICIAN I-POLITICIAN I-POLITICIAN I-POLITICIAN I-POLITICIAN O O O O O O O O O,O O O O O O O O O O O O O O O O O O O O O O B-POLITICIAN I-POLITICIAN I-POLITICIAN I-POLITICIAN I-POLITICIAN I-POLITICIAN I-POLITICIAN O O O O O O O O O
1689,ĠWe Ġare Ġstill Ġconsidering Ġif Ġa Ġ30 % Ġhike Ġis Ġsuitable Ġat Ġthe Ġmoment .,O O O O O O O O O O O O O O O,O O O O O O O O O O O O O O O
1690,"ĠThe Ġsooner Ġthe Ġbetter Ġfor Ġthe Ġstate Ġbudget .""",O O O O O O O O O,O O O O O O O O O
1691,"ĠThe ĠBBC 's Ġcorrespondent Ġin ĠJakarta , ĠRachel ĠHarvey , Ġtold ĠWorld ĠBusiness ĠReport Ġthat Ġthere Ġwas Ġlikely Ġto Ġbe Ġa Ġstrong Ġpublic Ġreaction Ġto Ġany Ġprice Ġrise . Ġ""",O O O O O O O B-AUTHOR-WRITER I-AUTHOR-WRITER O O O O O O O O O O O O O O O O O O O O O,O O O O O O O B-PUBLIC-FIGURE I-PUBLIC-FIGURE O O O O O O O O O O O O O O O O O O O O O
1692,"ĠThe Ġbig Ġquestion Ġis Ġwhether Ġthey Ġgo Ġfor Ġone Ġbig , Ġshort , Ġsharp Ġshock Ġand Ġraise Ġprices Ġbetween Ġ20 % Ġand Ġ30 % Ġor Ġwhether Ġthey Ġtry Ġto Ġstagger Ġit ,"" Ġshe Ġsaid .",O O O O O O O O O O O O O O O O O O O O O O O O O O O O O O O O O O O,O O O O O O O O O O O O O O O O O O O O O O O O O O O O O O O O O O O
1693,"ĠIndonesia 's Ġprevious Ġgovernment , Ġled Ġby ĠPresident ĠMeg aw ati ĠSuk arn op ut ri , Ġalso Ġattempted Ġto Ġcut Ġsubsidies Ġin Ġ2003 , Ġbut Ġwas Ġforced Ġto Ġback Ġdown Ġin Ġthe Ġface Ġof Ġpublic Ġprotests .",O O O O O O O O B-POLITICIAN I-POLITICIAN I-POLITICIAN I-POLITICIAN I-POLITICIAN I-POLITICIAN I-POLITICIAN I-POLITICIAN O O O O O O O O O O O O O O O O O O O O O O,O O O O O O O O B-POLITICIAN I-POLITICIAN I-POLITICIAN I-POLITICIAN I-POLITICIAN I-POLITICIAN I-POLITICIAN I-POLITICIAN O O O O O O O O O O O O O O O O O O O O O O
1694,"ĠTrou bled ĠMarsh Ġunder ĠSEC Ġscrutiny Ċ Ċ The ĠUS Ġstock Ġmarket Ġregulator Ġis Ġinvestigating Ġtroubled Ġinsurance Ġbroker ĠMarsh Ġ& ĠMcL enn an 's Ġshareholder Ġtransactions , Ġthe Ġfirm Ġhas Ġsaid .",O O O O O O O O O O O O O O O O O O O O O O O O O O O O O O O O,O O O O O O O O O O O O O O O O O O O O O O O O O O O O O O O O
1695,Ġ Ċ Ċ The ĠSecurities Ġand ĠExchange ĠCommission Ġhas Ġasked Ġfor Ġinformation Ġabout Ġtransactions Ġinvolving Ġholders Ġof Ġ5 % Ġor Ġmore Ġof Ġthe Ġfirm 's Ġshares .,O O O O O O O O O O O O O O O O O O O O O O O O O O O,O O O O O O O O O O O O O O O O O O O O O O O O O O O
1696,ĠMarsh Ġhas Ġsaid Ġit Ġis Ġco - oper ating Ġfully Ġwith Ġthe ĠSEC Ġinvestigation .,O O O O O O O O O O O O O O O,B-BUSINESS-EXECUTIVE-MANAGER O O O O O O O O O O O O O O
1697,ĠMarsh Ġis Ġalso Ġthe Ġfocus Ġof Ġan Ġinquiry Ġthe ĠNew ĠYork Ġattorney - general Ġinto Ġwhether Ġinsurers Ġrigged Ġthe Ġmarket .,O O O O O O O O O O O O O O O O O O O O O,B-PUBLIC-FIGURE O O O O O O O O O O O O O O O O O O O O
1698,"ĠSince Ġthat Ġinquiry Ġwas Ġlaunched Ġin ĠOctober , ĠMarsh Ġhas Ġreplaced Ġits Ġchief Ġexecutive Ġand Ġheld Ġa Ġboard room Ġshake - out Ġto Ġmeet Ġcriticism Ġby Ġless ening Ġthe Ġnumber Ġof Ġcompany Ġexecutives Ġon Ġthe Ġboard .",O O O O O O O O O O O O O O O O O O O O O O O O O O O O O O O O O O O O O,O O O O O O O O B-BUSINESS-EXECUTIVE-MANAGER O O O O O O O O O O O O O O O O O O O O O O O O O O O O
1699,ĠProsecutors Ġallege Ġthat ĠMarsh Ġ- Ġthe Ġworld 's Ġbiggest Ġinsurance Ġbroker Ġ- Ġand Ġother ĠUS Ġinsurance Ġfirms Ġmay Ġhave Ġfixed Ġbids Ġfor Ġcorporate Ġcover .,O O O O O O O O O O O O O O O O O O O O O O O O O,O O O O O O O O O O O O O O O O O O O O O O O O O
1700,"ĠThis Ġis Ġthe Ġissue Ġat Ġthe Ġheart Ġof Ġthe Ġinquiry Ġby ĠNew ĠYork 's Ġtop Ġlaw Ġofficer , ĠEliot ĠSp itzer , Ġand Ġa Ġseparate Ġprosecution Ġof Ġfive Ġinsurers Ġby Ġthe ĠState Ġof ĠCalifornia .",O O O O O O O O O O O O O O O O O O B-POLITICIAN I-POLITICIAN I-POLITICIAN O O O O O O O O O O O O O O,O O O O O O O O O O O O O O O O O O B-POLITICIAN I-POLITICIAN I-POLITICIAN O O O O O O O O O O O O O O
1701,"ĠThe ĠSEC 's Ġinvestigation Ġinto Ġso - called Ġrelated Ġparty Ġtransactions Ġincludes Ġdealings Ġin Ġthe ĠTrident ĠFunds , Ġmanaged Ġby ĠM MC ĠCapital , Ġthe Ġcompany 's Ġprivate Ġequity Ġfirm .",O O O O O O O O O O O O O O O O O O O O O O O O O O O O O O O,O O O O O O O O O O O O O O O O O O O O O O O O O O O O O O O
1702,"ĠMarsh 's Ġnew Ġchief Ġexecutive , ĠMichael ĠCher k ask y , Ġis Ġtrying Ġto Ġnegotiate Ġa Ġsettlement Ġwith ĠMr ĠSp itzer .",O O O O O O B-BUSINESS-EXECUTIVE-MANAGER I-BUSINESS-EXECUTIVE-MANAGER I-BUSINESS-EXECUTIVE-MANAGER I-BUSINESS-EXECUTIVE-MANAGER I-BUSINESS-EXECUTIVE-MANAGER O O O O O O O O O O O O,O O O O O O B-BUSINESS-EXECUTIVE-MANAGER I-BUSINESS-EXECUTIVE-MANAGER I-BUSINESS-EXECUTIVE-MANAGER I-BUSINESS-EXECUTIVE-MANAGER I-BUSINESS-EXECUTIVE-MANAGER O O O O O O O O O B-POLITICIAN I-POLITICIAN O
1703,ĠMr ĠSp itzer Ġhas Ġbuilt Ġup Ġa Ġreputation Ġas Ġa Ġfierce Ġcritic Ġand Ġcampaigner Ġagainst Ġcorporate ĠAmerica 's Ġmis d eeds .,O O O O O O O O O O O O O O O O O O O O O O,O B-POLITICIAN I-POLITICIAN O O O O O O O O O O O O O O O O O O O
1704,"Ġ Ċ Ċ The Ġuncertainty Ġunleashed Ġby Ġthe Ġscandal Ġhas Ġprompted Ġthree Ġcredit Ġrating Ġagencies Ġ- ĠStandard Ġ& ĠPoor 's , ĠMoody 's Ġand ĠF itch Ġ- Ġto Ġdowngrade ĠMarsh Ġin Ġrecent Ġweeks .",O O O O O O O O O O O O O O O O O O O O O O O O O O O O O O O O O O,O O O O O O O O O O O O O O O O O O O O O O O O O O O O O O O O O O
1705,"ĠAccording Ġto Ġthe ĠFinancial ĠTimes , Ġinsurance Ġanalysts Ġare Ġnow Ġquestioning Ġwhether ĠMarsh Ġwill Ġbe Ġable Ġto Ġmaintain Ġits Ġstrong Ġrecord Ġof Ġearning Ġgrowth Ġas Ġthey Ġdraw Ġup Ġforecasts Ġfor Ġthe Ġfirst Ġquarter Ġof Ġnext Ġyear .",O O O O O O O O O O O O O O O O O O O O O O O O O O O O O O O O O O O O O,O O O O O O O O O O O O O O O O O O O O O O O O O O O O O O O O O O O O O
1706,ĠDou b ts Ġalso Ġexist Ġover Ġhow Ġmuch Ġthe Ġcompany Ġmay Ġhave Ġto Ġpay Ġregulators Ġand Ġlawyers Ġto Ġput Ġthe Ġscandal Ġbehind .,O O O O O O O O O O O O O O O O O O O O O O O,B-PUBLIC-FIGURE I-PUBLIC-FIGURE O O O O O O O O O O O O O O O O O O O O O
1707,ĠApple Ġattacked Ġover Ġsources Ġrow Ċ Ċ Civil Ġliberties Ġgroup Ġthe ĠElectronic ĠFrontier ĠFoundation Ġ( EFF ) Ġhas Ġjoined Ġa Ġlegal Ġfight Ġbetween Ġthree ĠUS Ġonline Ġjournalists Ġand ĠApple .,O O O O O O O O O O O O O O O O O O O O O O O O O O O O O O,O O O O O O O O O O O O O O O O O O O O O O O O O O O O O O
1708,"Ġ Ċ Ċ Apple Ġwants Ġthe Ġreporters Ġto Ġreveal Ġ20 Ġsources Ġused Ġfor Ġstories Ġwhich Ġleaked Ġinformation Ġabout Ġforthcoming Ġproducts , Ġincluding Ġthe ĠMac ĠMini .",O O O O O O O O O O O O O O O O O O O O O O O O O O,O O O O O O O O O O O O O O O O O O O O O O O O O O
1709,"ĠThe ĠEFF , Ġrepresenting Ġthe Ġreporters , Ġhas Ġasked ĠCalifornia 's ĠSuperior Ġcourt Ġto Ġstop ĠApple Ġpursuing Ġthe Ġsources .",O O O O O O O O O O O O O O O O O O O O,O O O O O O O O O O O O O O O O O O O O
1710,ĠIt Ġargues Ġthat Ġthe Ġjournalists Ġare Ġprotected Ġby Ġthe ĠAmerican Ġconstitution .,O O O O O O O O O O O O,O O O O O O O O O O O O
1711,ĠThe ĠEFF Ġsays Ġthe Ġcase Ġthreatens Ġthe Ġbasic Ġfreedoms Ġof Ġthe Ġpress .,O O O O O O O O O O O O O,O O O O O O O O O O O O O
1712,"Ġ Ċ Ċ Apple Ġis Ġparticularly Ġkeen Ġto Ġfind Ġthe Ġsource Ġfor Ġinformation Ġabout Ġan Ġunre leased Ġproduct Ġcode - named ĠAster oid Ġand Ġhas Ġasked Ġthe Ġjournalists ' Ġe - mail Ġproviders Ġto Ġhand Ġover Ġcommunications Ġrelevant Ġto Ġthat . Ġ""",O O O O O O O O O O O O O O O O O O O O O O O O O O O O O O O O O O O O O O O O O O,O O O O O O O O O O O O O O O O O O O O O O O O O O O O O O O O O O O O O O O O O O
1713,"ĠRather Ġthan Ġconfronting Ġthe Ġissue Ġof Ġreporter 's Ġprivilege Ġhead - on , ĠApple Ġis Ġgoing Ġto Ġthe Ġjournalist 's ĠISPs Ġfor Ġhis Ġe - mails ,"" Ġsaid ĠEFF Ġlawyer ĠKurt ĠOps ahl . Ġ""",O O O O O O O O O O O O O O O O O O O O O O O O O O O O O O B-PUBLIC-FIGURE I-PUBLIC-FIGURE I-PUBLIC-FIGURE O O,O O O O O O O O O O O O O O O O O O O O O O O O O O O O O O B-PUBLIC-FIGURE I-PUBLIC-FIGURE I-PUBLIC-FIGURE O O
1714,"ĠThis Ġundermines Ġa Ġfundamental ĠFirst ĠAmendment Ġright Ġthat Ġprotects Ġall Ġreporters . Ġ""",O O O O O O O O O O O O O,O O O O O O O O O O O O O
1715,"ĠIf Ġthe Ġcourt Ġlets ĠApple Ġget Ġaway Ġwith Ġthis , Ġand Ġexposes Ġthe Ġconf idences Ġgained Ġby Ġthese Ġreporters , Ġpotential Ġconfidential Ġsources Ġwill Ġbe Ġdeter red Ġfrom Ġproviding Ġinformation Ġto Ġthe Ġmedia Ġand Ġthe Ġpublic Ġwill Ġlose Ġa Ġvital Ġoutlet Ġfor Ġindependent Ġnews , Ġanalysis Ġand Ġcommentary ,"" Ġhe Ġsaid .",O O O O O O O O O O O O O O O O O O O O O O O O O O O O O O O O O O O O O O O O O O O O O O O O O O O O,O O O O O O O O O O O O O O O O O O O O O O O O O O O O O O O O O O O O O O O O O O O O O O O O O O O O
1716,ĠThe Ġcase Ġbegan Ġin ĠDecember Ġ2004 Ġwhen ĠApple Ġasked Ġa Ġlocal ĠCaliforn ian Ġcourt Ġto Ġget Ġthe Ġjournalists Ġto Ġreveal Ġtheir Ġsources Ġfor Ġarticles Ġpublished Ġon Ġwebsites ĠApple Ins ider . com Ġand ĠPower Page . org .,O O O O O O O O O O O O O O O O O O O O O O O O O O O O O O O O O O O O O O,O O O O O O O O O O O O O O O O O O O O O O O O O O O O O O O O O O O O O O
1717,"Ġ Ċ Ċ Apple Ġalso Ġsent Ġrequested Ġinformation Ġfrom Ġthe ĠN fox . com , Ġthe Ġinternet Ġservice Ġprovider Ġof ĠPower Page 's Ġpublisher ĠJason ĠO - Gr ady .",O O O O O O O O O O O O O O O O O O O O O O O O B-BUSINESS-EXECUTIVE-MANAGER I-BUSINESS-EXECUTIVE-MANAGER I-BUSINESS-EXECUTIVE-MANAGER I-BUSINESS-EXECUTIVE-MANAGER I-BUSINESS-EXECUTIVE-MANAGER O,O O O O O O O O O O O O O O O O O O O O O O O O B-AUTHOR-WRITER I-AUTHOR-WRITER O O B-AUTHOR-WRITER O
1718,"ĠAs Ġwell Ġas Ġlooking Ġat Ġhow Ġfar Ġcorporations Ġcan Ġgo Ġin Ġpreventing Ġinformation Ġfrom Ġbeing Ġpublished , Ġthe Ġcase Ġwill Ġalso Ġexamine Ġwhether Ġonline Ġjournalists Ġhave Ġthe Ġsame Ġprivileges Ġand Ġprotections Ġas Ġthose Ġwriting Ġfor Ġnewspapers Ġand Ġmagazines .",O O O O O O O O O O O O O O O O O O O O O O O O O O O O O O O O O O O O O O O,O O O O O O O O O O O O O O O O O O O O O O O O O O O O O O O O O O O O O O O
1719,"ĠThe ĠEFF Ġhas Ġgained Ġsome Ġpowerful Ġallies Ġin Ġits Ġlegal Ġbattle Ġwith ĠApple , Ġincluding ĠProfessor ĠTom ĠGoldstein , Ġformer Ġdean Ġof Ġthe ĠJournalism ĠSchool Ġat Ġthe ĠUniversity Ġof ĠCalifornia Ġand ĠDan ĠGill mor , Ġa Ġwell - known ĠSilicon ĠValley Ġjournalist .",O O O O O O O O O O O O O O O O B-AUTHOR-WRITER I-AUTHOR-WRITER O O O O O O O O O O O O O B-AUTHOR-WRITER I-AUTHOR-WRITER I-AUTHOR-WRITER O O O O O O O O O,O O O O O O O O O O O O O O O O B-PUBLIC-FIGURE I-PUBLIC-FIGURE O O O O O O O O O O O O O B-AUTHOR-WRITER I-AUTHOR-WRITER I-AUTHOR-WRITER O O O O O O O O O
1720,ĠApple Ġwas Ġnot Ġimmediately Ġavailable Ġfor Ġcomment .,O O O O O O O O,B-MUSICIAN O O O O O O O
1721,ĠWill Ġthe ĠBudget Ġbring Ġout Ġsmiling Ġvoters ?,O O O O O O O O,O O O O O O O O
1722,"Ġ Ċ Ċ As ĠTory Ġspokesman ĠOliver ĠLet win Ġsaid Ġ- Ġany Ġchancellor Ġwould Ġuse Ġhis Ġpre - election Ġbudget Ġto Ġoffer Ġsome Ġvote Ġwinning Ġsweet eners , Ġwouldn 't Ġhe .",O O O O O O B-POLITICIAN I-POLITICIAN I-POLITICIAN O O O O O O O O O O O O O O O O O O O O O O O,O O O O O O B-POLITICIAN I-POLITICIAN I-POLITICIAN O O O O O O O O O O O O O O O O O O O O O O O
1723,"Ġ Ċ Ċ And Ġeveryone Ġdoes , Ġindeed , Ġexpect ĠGordon ĠBrown Ġto Ġdo Ġjust Ġthat Ġin Ġhis Ġlast Ġbudget Ġbefore Ġthe Ġexpected Ġpolling Ġday Ġof Ġ5 ĠMay .",O O O O O O O O O O B-POLITICIAN I-POLITICIAN O O O O O O O O O O O O O O O O O,O O O O O O O O O O B-POLITICIAN I-POLITICIAN O O O O O O O O O O O O O O O O O
1724,ĠThere Ġwill Ġbe Ġplenty Ġof Ġtalk Ġabout Ġtaking Ġno Ġrisks Ġwith Ġthe Ġeconomy Ġor Ġhanding Ġout Ġirresponsible Ġgiveaways .,O O O O O O O O O O O O O O O O O O O,O O O O O O O O O O O O O O O O O O O
1725,ĠBut ĠMr ĠBrown Ġwill Ġstun ĠWestminster Ġand Ġbreak Ġjust Ġabout Ġevery Ġhistorical Ġprecedent Ġif Ġhe Ġfails Ġto Ġdo Ġsomething Ġdesigned Ġto Ġput Ġa Ġsmile Ġon Ġvoters ' Ġfaces Ġand Ġmake Ġthem Ġmore Ġinclined Ġto Ġback ĠLabour Ġin Ġthe Ġelection .,O O O O O O O O O O O O O O O O O O O O O O O O O O O O O O O O O O O O O O O O,O O B-POLITICIAN O O O O O O O O O O O O O O O O O O O O O O O O O O O O O O O O O O O O O
1726,ĠAnd Ġthere Ġhas Ġalready Ġbeen Ġspeculation Ġabout Ġpossible Ġtax Ġreductions Ġfor Ġthe Ġpoorest Ġand Ġincreasing Ġthe Ġthreshold Ġon Ġstamp Ġduty Ġin Ġthis Ġweek 's ĠBudget .,O O O O O O O O O O O O O O O O O O O O O O O O O O,O O O O O O O O O O O O O O O O O O O O O O O O O O
1727,"ĠThe Ġaim Ġof Ġhis Ġpackage Ġwill Ġbe Ġto Ġkeep Ġany Ġdisillusion ed Ġcore ĠLabour Ġvoters Ġin Ġthe Ġfold , Ġwhile Ġensuring Ġthe Ġmiddle ĠEngland Ġvoters Ġwho Ġgave ĠTony ĠBlair Ġtwo Ġelection Ġvictories Ġdon 't Ġdesert Ġhim Ġat Ġthe Ġthird Ġpoll .",O O O O O O O O O O O O O O O O O O O O O O O O O O O B-POLITICIAN I-POLITICIAN O O O O O O O O O O O O,O O O O O O O O O O O O O O O O O O O O O O O O O O O B-POLITICIAN I-POLITICIAN O O O O O O O O O O O O
1728,"Ġ Ċ Ċ And , Ġneedless Ġto Ġsay , Ġthere Ġwill Ġbe Ġplenty Ġof Ġanalysis Ġof Ġwhat Ġimpact Ġthe ĠBudget Ġwill Ġhave Ġon ĠMr ĠBrown 's Ġown Ġambitions Ġto Ġreplace ĠMr ĠBlair Ġas Ġprime Ġminister Ġat Ġsome Ġpoint Ġafter Ġa Ġthird Ġwin .",O O O O O O O O O O O O O O O O O O O O O O O O O O O O O O O O O O O O O O O O O O O,O O O O O O O O O O O O O O O O O O O O O O O O B-POLITICIAN O O O O O O B-POLITICIAN O O O O O O O O O O O
1729,ĠBut Ġthere Ġis Ġa Ġshadow Ġhanging Ġover Ġthis Ġpre - election Ġperformance Ġ- Ġin Ġthe Ġshape Ġof ĠÂ£ 11 Ġbillion Ġor Ġthere abouts .,O O O O O O O O O O O O O O O O O O O O O O O O,O O O O O O O O O O O O O O O O O O O O O O O O
1730,"ĠThat Ġis Ġthe Ġsize Ġof Ġthe Ġfinancial Ġ"" black Ġhole "" Ġthe ĠTories , Ġbacked Ġby Ġsome Ġindependent Ġfore casters , Ġbelieve ĠMr ĠBrown Ġwill Ġhave Ġto Ġfill Ġwith Ġtax Ġincreases Ġafter Ġthe Ġelection .",O O O O O O O O O O O O O O O O O O O O O O O O O O O O O O O O O O O,O O O O O O O O O O O O O O O O O O O O O O O B-POLITICIAN O O O O O O O O O O O
1731,Ġ Ċ Ċ The Ġopening Ġshot Ġin Ġthat Ġbattle Ġwas Ġfired Ġat Ġthe Ġweekend Ġwith Ġclaims Ġa ĠTreasury Ġleak Ġsuggested ĠMr ĠBrown Ġwas Ġready Ġto Ġslap Ġcapital Ġgains Ġtax Ġon Ġhome Ġsales Ġto Ġraise Ġsome Ġof Ġthat Ġcash .,O O O O O O O O O O O O O O O O O O O O O O O O O O O O O O O O O O O O O O O,O O O O O O O O O O O O O O O O O O O O O B-POLITICIAN O O O O O O O O O O O O O O O O O
1732,"ĠIt Ġwas Ġimmediately Ġdenied , Ġbut Ġthe ĠTories Ġremain Ġsuspicious , Ġclaiming Ġthat , Ġas ĠMr ĠLet win Ġsaid , Ġif Ġthe Ġmoney Ġdoes Ġnot Ġcome Ġfrom Ġthere , Ġwhere Ġwill Ġit Ġcome Ġfrom .",O O O O O O O O O O O O O O O O O O O O O O O O O O O O O O O O O O O,O O O O O O O O O O O O O O O O B-POLITICIAN I-POLITICIAN O O O O O O O O O O O O O O O O O
1733,"Ġ Ċ Ċ Mr ĠBrown Ġwill Ġundoubtedly Ġclaim Ġthe Ġforecasts Ġare Ġsimply Ġwrong Ġand Ġthat Ġhe Ġwill Ġhave Ġabsolutely Ġno Ġneed Ġto Ġraise Ġtaxes Ġafter Ġthe Ġelection , Ġshould ĠLabour Ġwin .",O O O O O O O O O O O O O O O O O O O O O O O O O O O O O O O O,O O O O B-POLITICIAN O O O O O O O O O O O O O O O O O O O O O O O O O O O
1734,"ĠPrevious Ġgloomy Ġforecasts Ġproved Ġwrong , Ġhe Ġwill Ġargue , Ġwhile Ġsuggesting Ġthat Ġonly Ġby Ġsticking Ġwith Ġhim Ġcan ĠBritain Ġcontinue Ġto Ġhave Ġa Ġsound Ġeconomy , Ġlow Ġunemployment Ġand Ġhigh Ġpublic Ġspending .",O O O O O O O O O O O O O O O O O O O O O O O O O O O O O O O O O O,O O O O O O O O O O O O O O O O O O O O O O O O O O O O O O O O O O
1735,"ĠThe Ġopposition Ġwill Ġreject Ġthat Ġby Ġclaiming Ġthey Ġcan Ġkeep Ġthe Ġeconomy Ġsound , Ġincrease Ġspending Ġand Ġcut Ġtaxes Ġat Ġthe Ġsame Ġtime .",O O O O O O O O O O O O O O O O O O O O O O O O,O O O O O O O O O O O O O O O O O O O O O O O O
1736,"Ġ Ċ Ċ The ĠLiberal ĠDemocrats Ġwill Ġalso Ġpromise Ġto Ġrun Ġa Ġsound Ġeconomy , Ġbut Ġbased Ġon Ġincreased Ġtaxes Ġto Ġfund Ġspending Ġand , Ġamongst Ġother Ġthings , Ġabol ishing Ġthe Ġcouncil Ġtax Ġin Ġfavour Ġof Ġa Ġlocal Ġincome Ġtax .",O O O O O O O O O O O O O O O O O O O O O O O O O O O O O O O O O O O O O O O O O O,O O O O O O O O O O O O O O O O O O O O O O O O O O O O O O O O O O O O O O O O O O
1737,ĠAnd Ġthere Ġwill Ġbe Ġprolonged Ġargument Ġover Ġwhich Ġof Ġthe Ġparties Ġcan Ġmake Ġthe Ġgreatest Ġsavings Ġin ĠWhite hall Ġand Ġbeyond Ġto Ġfund Ġtheir Ġpolicies .,O O O O O O O O O O O O O O O O O O O O O O O O O O,O O O O O O O O O O O O O O O O O O O O O O O O O O
1738,ĠBut Ġprobably Ġwhat Ġthat Ġall Ġboils Ġdown Ġto Ġis Ġa Ġsimple Ġquestion Ġof Ġwhich Ġof Ġthe Ġparties Ġthe Ġvoters Ġmost Ġtrust Ġto Ġkeep Ġthe Ġeconomy Ġstable Ġand Ġavoid Ġany Ġunpleasant Ġsurprises Ġin Ġthe Ġcoming Ġyears .,O O O O O O O O O O O O O O O O O O O O O O O O O O O O O O O O O O O O,O O O O O O O O O O O O O O O O O O O O O O O O O O O O O O O O O O O O
1739,ĠAnd Ġit Ġis Ġprobably Ġstill Ġthe Ġanswer Ġto Ġthat Ġone Ġquestion Ġthat Ġwill Ġoverwhelmingly Ġdecide Ġthe Ġoutcome Ġof Ġthe Ġgeneral Ġelection .,O O O O O O O O O O O O O O O O O O O O O O,O O O O O O O O O O O O O O O O O O O O O O
1740,"ĠO ' Leary Ġagrees Ġnew ĠVilla Ġcontract Ċ Ċ A ston ĠVilla Ġboss ĠDavid ĠO ' Leary Ġsigned Ġa Ġthree - and - a - half Ġyear Ġcontract Ġextension Ġon ĠThursday , Ġsecuring Ġhis Ġfuture Ġat Ġthe Ġclub Ġuntil Ġsummer Ġ2008 .",O O O O O O O O O O O O O B-ATHLETE I-ATHLETE I-ATHLETE I-ATHLETE O O O O O O O O O O O O O O O O O O O O O O O O O,B-BUSINESS-EXECUTIVE-MANAGER I-BUSINESS-EXECUTIVE-MANAGER I-BUSINESS-EXECUTIVE-MANAGER O O O O O O O O O O B-BUSINESS-EXECUTIVE-MANAGER I-BUSINESS-EXECUTIVE-MANAGER I-BUSINESS-EXECUTIVE-MANAGER I-BUSINESS-EXECUTIVE-MANAGER O O O O O O O O O O O O O O O O O O O O O O O O O
1741,"Ġ Ċ Ċ O ' Leary 's Ġfuture Ġwas Ġin Ġquestion , Ġbut ĠVilla Ġchairman ĠDoug ĠEllis Ġsaid Ġhe Ġwas Ġhappy Ġto Ġsecure Ġthe Ġdeal . Ġ""",O O O O O O O O O O O O O O O B-BUSINESS-EXECUTIVE-MANAGER I-BUSINESS-EXECUTIVE-MANAGER O O O O O O O O O O,O O O B-BUSINESS-EXECUTIVE-MANAGER I-BUSINESS-EXECUTIVE-MANAGER I-BUSINESS-EXECUTIVE-MANAGER O O O O O O O O O B-PUBLIC-FIGURE I-PUBLIC-FIGURE O O O O O O O O O O
1742,"ĠDavid 's Ġrecord Ġsince Ġhis Ġarrival Ġin Ġ2003 Ġis Ġexcellent Ġand Ġhe Ġshares Ġthe Ġboard 's Ġam ib itions Ġin Ġtaking Ġthis Ġclub Ġforward ,"" Ġhe Ġtold ĠVilla 's Ġwebsite . Ġ""",O O O O O O O O O O O O O O O O O O O O O O O O O O O O O O O O,B-ATHLETE O O O O O O O O O O O O O O O O O O O O O O O O O O O O O O O
1743,"ĠFor Ġthis Ġreason Ġit Ġwas Ġimportant Ġwe Ġgot Ġthis Ġright .""",O O O O O O O O O O O,O O O O O O O O O O O
1744,"ĠO ' Leary Ġput Ġpen Ġto Ġpaper Ġafter Ġdeals Ġwere Ġsorted Ġfor Ġhis Ġright - hand Ġmen ĠRoy ĠA it ken Ġand ĠSteve ĠMcGregor . Ġ""",O O O O O O O O O O O O O O O O O B-ATHLETE I-ATHLETE I-ATHLETE I-ATHLETE O B-ATHLETE I-ATHLETE O O,B-BUSINESS-EXECUTIVE-MANAGER B-PUBLIC-FIGURE B-BUSINESS-EXECUTIVE-MANAGER O O O O O O O O O O O O O O B-PUBLIC-FIGURE I-PUBLIC-FIGURE I-PUBLIC-FIGURE I-PUBLIC-FIGURE O B-PUBLIC-FIGURE I-PUBLIC-FIGURE O O
1745,"ĠIt Ġwas Ġimportant Ġto Ġme ĠRoy Ġand ĠSteve , Ġan Ġintegral Ġpart Ġof Ġmy Ġteam , Ġshould Ġstay Ġfor Ġthe Ġsame Ġtime ,"" ĠO ' Leary Ġsaid Ġon ĠThursday Ġahead Ġof Ġsigning Ġhis Ġnew Ġdeal . Ġ""",O O O O O O O O O O O O O O O O O O O O O O O O O O O O O O O O O O O O O,O O O O O B-ATHLETE O B-ATHLETE O O O O O O O O O O O O O O O B-BUSINESS-EXECUTIVE-MANAGER I-BUSINESS-EXECUTIVE-MANAGER I-BUSINESS-EXECUTIVE-MANAGER O O O O O O O O O O O
1746,ĠSomeone Ġhas Ġto Ġtry Ġand Ġput ĠAston ĠVilla Ġback Ġwhere Ġthey Ġshould Ġbelong Ġand ĠI 'm Ġup Ġfor Ġthe Ġchallenge .,O O O O O O O O O O O O O O O O O O O O O,O O O O O O O O O O O O O O O O O O O O O
1747,"Ġ"" Earlier Ġin ĠDecember , Ġthere Ġwere Ġrumours ĠO ' Leary Ġwould Ġquit Ġif Ġhe Ġis Ġnot Ġoffered Ġa Ġnew Ġdeal Ġbefore Ġthe Ġend Ġof Ġthe Ġseason .",O O O O O O O O O O O O O O O O O O O O O O O O O O O O,O O O O O O O O B-BUSINESS-EXECUTIVE-MANAGER I-BUSINESS-EXECUTIVE-MANAGER I-BUSINESS-EXECUTIVE-MANAGER O O O O O O O O O O O O O O O O O
1748,"Ġ Ċ Ċ But Ġhe Ġdenied Ġthat , Ġsaying Ġhe Ġwas Ġhappy Ġto Ġtake Ġon Ġthe Ġchallenge Ġof Ġimproving ĠVilla 's Ġfortunes Ġin Ġthe Ġlong Ġterm . Ġ""",O O O O O O O O O O O O O O O O O O O O O O O O O O O O,O O O O O O O O O O O O O O O O O O O O O O O O O O O O
1749,"ĠI Ġwant Ġto Ġmake Ġsure Ġby Ġthe Ġend Ġof Ġthe Ġfive Ġyears ĠI Ġwould Ġhave Ġbeen Ġin Ġcharge Ġthat ĠVilla Ġare Ġachieving Ġtop Ġsix Ġfinishes Ġin Ġthe ĠPremiership Ġon Ġa Ġregular Ġbasis ,"" Ġsaid ĠO ' Leary , Ġwho Ġtook Ġover Ġat ĠVilla ĠPark Ġin ĠMay Ġ2003 . Ġ""",O O O O O O O O O O O O O O O O O O O O O O O O O O O O O O O O O O O O O O O O O O O O O O O O O,O O O O O O O O O O O O O O O O O O O O O O O O O O O O O O O O O O B-BUSINESS-EXECUTIVE-MANAGER I-BUSINESS-EXECUTIVE-MANAGER I-BUSINESS-EXECUTIVE-MANAGER O O O O O O O O O O O O
1750,"ĠBut Ġto Ġachieve Ġthat , Ġand Ġtake Ġthe Ġnext Ġstep Ġforward , Ġwe Ġdo Ġneed Ġto Ġbring Ġin Ġquality Ġplayers . Ġ""",O O O O O O O O O O O O O O O O O O O O O O,O O O O O O O O O O O O O O O O O O O O O O
1751,"ĠI Ġwould Ġlike Ġa Ġcouple Ġnext Ġmonth Ġif Ġat Ġall Ġpossible Ġto Ġset Ġus Ġon Ġthe Ġway .""",O O O O O O O O O O O O O O O O O O,O O O O O O O O O O O O O O O O O O
1752,"ĠMeanwhile , ĠO ' Leary Ġhas Ġr apped Ġsk ipper ĠOl of ĠMell berg Ġfor Ġhis Ġcomments Ġbefore ĠSunday 's Ġderby Ġwith ĠBirmingham .",O O O O O O O O O O B-ATHLETE I-ATHLETE I-ATHLETE I-ATHLETE O O O O O O O O O O,O O B-PUBLIC-FIGURE I-PUBLIC-FIGURE I-PUBLIC-FIGURE O O O O O B-ATHLETE I-ATHLETE I-ATHLETE I-ATHLETE O O O O O O O O O O
1753,"Ġ Ċ Ċ M ell berg Ġspoke Ġof Ġhis Ġdislike Ġof ĠVilla 's Ġrivals Ġahead Ġof Ġthe Ġmatch , Ġwhich ĠSteve ĠBruce 's Ġside Ġwon Ġ2 - 1 . Ġ""",O O O O O O O O O O O O O O O O O O O O B-ATHLETE I-ATHLETE O O O O O O O O,O O O B-ATHLETE I-ATHLETE I-ATHLETE O O O O O O O O O O O O O O O O O O O O O O O O
1754,ĠI 've Ġhad Ġmore Ġthan Ġa Ġquiet Ġword Ġwith ĠOl of .,O O O O O O O O O O O O,O O O O O O O O O B-ATHLETE I-ATHLETE O
1755,"ĠIt 's Ġbeen Ġsaid Ġwithin Ġthe Ġwhole Ġgroup , Ġnot Ġas Ġa Ġone - to - one ,"" Ġhe Ġtold ĠVilla 's Ġwebsite . Ġ""",O O O O O O O O O O O O O O O O O O O O O O O O O,O O O O O O O O O O O O O O O O O O O O O O O O O
1756,ĠYou Ġshouldn 't Ġleave Ġyourself Ġopen Ġto Ġbe Ġshot Ġdown .,O O O O O O O O O O O,O O O O O O O O O O O
1757,"ĠYou Ġshouldn 't Ġgive Ġpeople Ġthe Ġchance Ġto Ġtake Ġcheap Ġshots Ġat Ġyou Ġand Ġhe Ġset Ġhimself Ġup Ġfor Ġthat .""",O O O O O O O O O O O O O O O O O O O O O,O O O O O O O O O O O O O O O O O O O O O
1758,"ĠMus icians Ġ' up beat ' Ġabout Ġthe Ġnet Ċ Ċ Mus icians Ġare Ġembracing Ġthe Ġinternet Ġas Ġa Ġway Ġof Ġreaching Ġnew Ġfans Ġand Ġselling Ġmore Ġmusic , Ġa Ġsurvey Ġhas Ġfound .",O O O O O O O O O O O O O O O O O O O O O O O O O O O O O O O O O O,O O O O O O O O O O O O O O O O O O O O O O O O O O O O O O O O O O
1759,"Ġ Ċ Ċ The Ġstudy Ġby ĠUS Ġresearchers , ĠPew ĠInternet , Ġsuggests Ġmusicians Ġdo Ġnot Ġagree Ġwith Ġthe Ġtactics Ġadopted Ġby Ġthe Ġmusic Ġindustry Ġagainst Ġfile - sharing .",O O O O O O O O O O O O O O O O O O O O O O O O O O O O O O,O O O O O O O O O O O O O O O O O O O O O O O O O O O O O O
1760,"ĠWhile Ġmost Ġconsidered Ġfile - sharing Ġas Ġillegal , Ġmany Ġdisagreed Ġwith Ġthe Ġlawsuits Ġlaunched Ġagainst Ġdownload ers . Ġ""",O O O O O O O O O O O O O O O O O O O O,O O O O O O O O O O O O O O O O O O O O
1761,"ĠEven Ġsuccessful Ġartists Ġdon 't Ġthink Ġthe Ġlawsuits Ġwill Ġbenefit Ġmusicians ,"" Ġsaid Ġreport Ġauthor ĠMary ĠMadden .",O O O O O O O O O O O O O O O B-AUTHOR-WRITER I-AUTHOR-WRITER O,O O O O O O O O O O O O O O O B-PUBLIC-FIGURE I-PUBLIC-FIGURE O
1762,"Ġ Ċ Ċ For Ġpart Ġof Ġthe Ġstudy , ĠPew ĠInternet Ġconducted Ġan Ġonline Ġsurvey Ġof Ġ2 , 755 Ġmusicians , Ġsong writers Ġand Ġmusic Ġpublishers Ġvia Ġmusician Ġmembership Ġorganisations Ġbetween ĠMarch Ġand ĠApril Ġ2004 .",O O O O O O O O O O O O O O O O O O O O O O O O O O O O O O O O O O O O,O O O O O O O O O O O O O O O O O O O O O O O O O O O O O O O O O O O O
1763,"Ġ Ċ Ċ They Ġranged Ġfrom Ġfull - time , Ġsuccessful Ġmusicians Ġto Ġartists Ġstruggling Ġto Ġmake Ġa Ġliving Ġfrom Ġtheir Ġmusic . Ġ""",O O O O O O O O O O O O O O O O O O O O O O O O,O O O O O O O O O O O O O O O O O O O O O O O O
1764,"ĠWe Ġlooked Ġat Ġmore Ġof Ġthe Ġindependent Ġmusicians , Ġrather Ġthan Ġthe Ġrock stars Ġof Ġthis Ġindustry Ġbut Ġthat Ġreflects Ġmore Ġaccurately Ġthe Ġstate Ġof Ġthe Ġmusic Ġindustry ,"" ĠMs ĠMadden Ġtold Ġthe ĠBBC ĠNews Ġwebsite . Ġ""",O O O O O O O O O O O O O O O O O O O O O O O O O O O O O O O O O O O O O O,O O O O O O O O O O O O O O O O O O O O O O O O O O O O O O B-BUSINESS-EXECUTIVE-MANAGER O O O O O O O
1765,"ĠWe Ġalways Ġhear Ġthe Ġviews Ġof Ġsuccessful Ġartists Ġlike Ġthe ĠBrit neys Ġof Ġthe Ġworld Ġbut Ġthe Ġless Ġsuccessful Ġartists Ġrarely Ġget Ġrepresented .""",O O O O O O O O O O O O O O O O O O O O O O O O,O O O O O O O O O O B-MUSICIAN I-MUSICIAN O O O O O O O O O O O O
1766,"ĠThe Ġsurvey Ġfound Ġthat Ġmusicians Ġwere Ġoverwhelming Ġpositive Ġabout Ġthe Ġinternet , Ġrather Ġthan Ġseeing Ġit Ġas Ġjust Ġa Ġthreat Ġto Ġtheir Ġlivelihood .",O O O O O O O O O O O O O O O O O O O O O O O O,O O O O O O O O O O O O O O O O O O O O O O O O
1767,"ĠAlmost Ġall Ġof Ġthem Ġused Ġthe Ġnet Ġfor Ġideas Ġand Ġinspiration , Ġwith Ġnine Ġout Ġof Ġ10 Ġgoing Ġonline Ġto Ġpromote , Ġadvertise Ġand Ġpost Ġtheir Ġmusic Ġon Ġthe Ġweb .",O O O O O O O O O O O O O O O O O O O O O O O O O O O O O O O,O O O O O O O O O O O O O O O O O O O O O O O O O O O O O O O
1768,"ĠMore Ġthan Ġ80 % Ġoffered Ġfree Ġsamples Ġonline , Ġwhile Ġtwo - thirds Ġsold Ġtheir Ġmusic Ġvia Ġthe Ġnet .",O O O O O O O O O O O O O O O O O O O O,O O O O O O O O O O O O O O O O O O O O
1769,"ĠIndependent Ġmusicians , Ġin Ġparticular , Ġsaw Ġthe Ġinternet Ġas Ġa Ġway Ġto Ġget Ġaround Ġthe Ġneed Ġto Ġland Ġa Ġrecord Ġcontract Ġand Ġreach Ġfans Ġdirectly . Ġ""",O O O O O O O O O O O O O O O O O O O O O O O O O O O O,O O O O O O O O O O O O O O O O O O O O O O O O O O O O
1770,"ĠMus icians Ġare Ġembracing Ġthe Ġinternet Ġenthusiastically ,"" Ġsaid ĠMs ĠMadden . Ġ""",O O O O O O O O O O O O O,O O O O O O O O O O B-BUSINESS-EXECUTIVE-MANAGER O O
1771,"ĠThey Ġare Ġusing Ġthe Ġinternet Ġto Ġgain Ġinspiration , Ġsell Ġit Ġonline , Ġtracking Ġroyalties , Ġlearning Ġabout Ġcopyright .""",O O O O O O O O O O O O O O O O O O O O,O O O O O O O O O O O O O O O O O O O O
1772,"Ġ Ċ Ċ Perhaps Ġsurprisingly , Ġopinions Ġabout Ġonline Ġfile - sharing Ġwere Ġdiverse Ġand Ġnot Ġas Ġclear Ġcut Ġas Ġthose Ġof Ġthe Ġrecord Ġindustry .",O O O O O O O O O O O O O O O O O O O O O O O O O O,O O O O O O O O O O O O O O O O O O O O O O O O O O
1773,"Ġ Ċ Ċ Through Ġthe ĠRecording ĠIndustry ĠAssociation Ġof ĠAmerica Ġ( R IA A ), Ġit Ġhas Ġpursued Ġan Ġaggressive Ġcampaign Ġthrough Ġthe Ġcourts Ġto Ġsue Ġpeople Ġsuspected Ġof Ġsharing Ġcopyrighted Ġmusic .",O O O O O O O O O O O O O O O O O O O O O O O O O O O O O O O O O,O O O O O O O O O O O O O O O O O O O O O O O O O O O O O O O O O
1774,ĠBut Ġthe Ġreport Ġsuggests Ġthis Ġcampaign Ġdoes Ġnot Ġhave Ġthe Ġwhole hearted Ġbacking Ġof Ġmusicians Ġin Ġthe ĠUS .,O O O O O O O O O O O O O O O O O O O,O O O O O O O O O O O O O O O O O O O
1775,"ĠIt Ġfound Ġthat Ġmost Ġartists Ġsaw Ġfile - sharing Ġas Ġboth Ġgood Ġand Ġbad , Ġthough Ġmost Ġagreed Ġthat Ġit Ġshould Ġbe Ġillegal . Ġ""",O O O O O O O O O O O O O O O O O O O O O O O O O,O O O O O O O O O O O O O O O O O O O O O O O O O
1776,"ĠFree Ġdownloading Ġhas Ġkilled Ġopportunities Ġfor Ġnew Ġbands Ġto Ġbreak Ġwithout Ġmajor Ġfunding Ġand Ġbacking ,"" Ġsaid Ġone Ġmusician Ġquoted Ġby Ġthe Ġreport . Ġ""",O O O O O O O O O O O O O O O O O O O O O O O O O,O O O O O O O O O O O O O O O O O O O O O O O O O
1777,"ĠIt 's Ġhard Ġto Ġkeep Ġmaking Ġrecords Ġif Ġthey Ġdon 't Ġpay Ġfor Ġthemselves Ġthrough Ġsales .""",O O O O O O O O O O O O O O O O O,O O O O O O O O O O O O O O O O O
1778,ĠHowever Ġ60 % Ġsaid Ġthey Ġdid Ġnot Ġthink Ġthe Ġlawsuits Ġagainst Ġsong Ġsw appers Ġwould Ġbenefit Ġmusicians Ġand Ġsong writers .,O O O O O O O O O O O O O O O O O O O O O,O O O O O O O O O O O O O O O O O O O O O
1779,"ĠMany Ġsuggested Ġthat Ġrather Ġthan Ġfighting Ġfile - sharing , Ġthe Ġmusic Ġindustry Ġneeded Ġto Ġrecognise Ġthe Ġchanges Ġit Ġhas Ġbrought Ġand Ġembrace Ġit . Ġ""",O O O O O O O O O O O O O O O O O O O O O O O O O O,O O O O O O O O O O O O O O O O O O O O O O O O O O
1780,"ĠBoth Ġsuccessful Ġand Ġstruggling Ġmusicians Ġwere Ġmore Ġlikely Ġto Ġsay Ġthat Ġthe Ġinternet Ġhas Ġmade Ġit Ġpossible Ġfor Ġthem Ġto Ġmake Ġmore Ġmoney Ġfrom Ġtheir Ġmusic , Ġrather Ġthan Ġmake Ġit Ġharder Ġfor Ġthem Ġto Ġprotect Ġtheir Ġmaterial Ġfrom Ġpiracy ,"" Ġsaid ĠMs ĠMadden .",O O O O O O O O O O O O O O O O O O O O O O O O O O O O O O O O O O O O O O O O O O O O O,O O O O O O O O O O O O O O O O O O O O O O O O O O O O O O O O O O O O O O O O O O O B-BUSINESS-EXECUTIVE-MANAGER O
1781,"ĠUS Ġcasino Ġ' t ricks ' Ġface Ġban Ġin ĠUK Ċ Ċ Cont roversial Ġnew ĠUK Ġcasinos Ġwill Ġbe Ġbanned Ġfrom Ġusing ĠAmerican Ġtricks Ġof Ġthe Ġtrade Ġto Ġensure Ġthey Ġare Ġ"" s oci ally Ġresponsible "", Ġit Ġhas Ġbeen Ġsuggested .",O O O O O O O O O O O O O O O O O O O O O O O O O O O O O O O O O O O O O O O O O O,O O O O O O O O O O O O O O O O O O O O O O O O O O O O O O O O O O O O O O O O O O
1782,Ġ Ċ Ċ C ulture ĠSecretary ĠT essa ĠJ owell Ġsaid Ġproposed Ġsuper - cas inos Ġwill Ġbe Ġdifferent Ġfrom Ġtheir ĠUS Ġcounterparts .,O O O O O O B-POLITICIAN I-POLITICIAN I-POLITICIAN I-POLITICIAN O O O O O O O O O O O O O O,O O O O O O B-POLITICIAN I-POLITICIAN I-POLITICIAN I-POLITICIAN O O O O O O O O O O O O O O
1783,"ĠIn ĠAmerica , Ġp her om ones Ġhave Ġreportedly Ġbeen Ġreleased Ġfrom Ġmachines Ġto Ġencourage Ġaggressive Ġgambling Ġand Ġclocks Ġare Ġoften Ġremoved Ġfrom Ġwalls .",O O O O O O O O O O O O O O O O O O O O O O O O O,O O O O O O O O O O O O O O O O O O O O O O O O O
1784,ĠEight Ġsuper - cas inos Ġare Ġproposed Ġfrom Ġ2010 Ġif Ġthe ĠG ambling ĠBill Ġbecomes Ġlaw .,O O O O O O O O O O O O O O O O O,O O O O O O O O O O O B-PUBLIC-FIGURE I-PUBLIC-FIGURE I-PUBLIC-FIGURE O O O
1785,ĠMs ĠJ owell Ġsaid Ġthe Ġlegislation Ġwould Ġban Ġpsychological Ġtrick ery .,O O O O O O O O O O O O,O B-POLITICIAN I-POLITICIAN O O O O O O O O O
1786,"Ġ Ċ Ċ She Ġtold ĠThe ĠTimes : Ġ"" British Ġcasinos Ġwill Ġbe Ġquite Ġdifferent Ġto Ġthose Ġoverseas .",O O O O O O O O O O O O O O O O O O O,O O O O O O O O O O O O O O O O O O O
1787,"Ġ Ċ Ċ "" They Ġwill Ġhave Ġto Ġact Ġin Ġa Ġsocially Ġresponsible Ġway Ġand Ġwill Ġbe Ġtightly Ġregulated . Ġ""",O O O O O O O O O O O O O O O O O O O O O,O O O O O O O O O O O O O O O O O O O O O
1788,"ĠThey Ġwill Ġbe Ġrun Ġaccording Ġto ĠBritish Ġrules Ġand Ġwe 'll Ġsimply Ġnot Ġallow Ġany Ġtricks Ġwhich Ġpeople Ġare Ġsubjected Ġto Ġun aw ares Ġand Ġwhich Ġincrease Ġthe Ġrisk Ġof Ġproblem Ġgambling .""",O O O O O O O O O O O O O O O O O O O O O O O O O O O O O O O O O,O O O O O O O O O O O O O O O O O O O O O O O O O O O O O O O O O
1789,ĠOne Ġtactic Ġused Ġin Ġthe ĠUS Ġis Ġsim ulating Ġdaylight Ġduring Ġnight - time Ġto Ġlull Ġplayers Ġinto Ġremaining Ġat Ġthe Ġtables Ġand Ġslot Ġmachines .,O O O O O O O O O O O O O O O O O O O O O O O O O O,O O O O O O O O O O O O O O O O O O O O O O O O O O
1790,"ĠCas inos Ġalso Ġfrequently Ġoffer Ġfree Ġfood , Ġdrink Ġand Ġhotel Ġaccommodation Ġto Ġkeep Ġpun ters Ġbetting .",O O O O O O O O O O O O O O O O O O,B-PUBLIC-FIGURE I-PUBLIC-FIGURE O O O O O O O O O O O O O O O O
1791,"ĠA Ġspokesman Ġfor Ġthe ĠBritish ĠCasino ĠAssociation , Ġwhich Ġrepresents Ġthe ĠUK Ġindustry , Ġsaid Ġthe Ġgovernment Ġwas Ġtrying Ġto Ġall ay Ġfears Ġover Ġa Ġ"" UK ĠLas ĠVegas "".",O O O O O O O O O O O O O O O O O O O O O O O O O O O O O O,O O O O O O O O O O O O O O O O O O O O O O O O O O O O O O
1792,"ĠHe Ġsaid Ġthe Ġway Ġthe Ġlicences Ġwere Ġbeing Ġawarded Ġmeant ĠUK Ġfirms Ġwere Ġat Ġa Ġmassive Ġdisadvantage Ġand Ġforeign Ġcompanies Ġwould Ġbe Ġcertain Ġto Ġwin Ġthe Ġcontracts . Ġ""",O O O O O O O O O O O O O O O O O O O O O O O O O O O O O,O O O O O O O O O O O O O O O O O O O O O O O O O O O O O
1793,"ĠThe ĠUK Ġindustry Ġis Ġone Ġof Ġthe Ġworld 's Ġmost Ġrespected ,"" Ġhe Ġsaid . Ġ""",O O O O O O O O O O O O O O O O,O O O O O O O O O O O O O O O O
1794,"ĠWe Ġhave Ġthe Ġlowest Ġlevel Ġof Ġproblem Ġgambling Ġin Ġthe Ġworld . Ġ""",O O O O O O O O O O O O O,O O O O O O O O O O O O O
1795,"ĠWe Ġcertainly Ġdon 't Ġuse Ġp here m ones . Ġ""",O O O O O O O O O O O,O O O O O O O O O O O
1796,"ĠThe ĠUK Ġgambling Ġindustry Ġis Ġbeing Ġtotally Ġfrozen Ġin Ġtime , Ġand Ġthe Ġforeign Ġcompanies Ġwill Ġtake Ġover .""",O O O O O O O O O O O O O O O O O O O,O O O O O O O O O O O O O O O O O O O
1797,"ĠTories Ġoutlining Ġpolicing Ġplans Ċ Ċ Local Ġcommunities Ġwould Ġbe Ġasked Ġto Ġgo Ġto Ġthe Ġpolls Ġto Ġelect Ġtheir Ġown Ġarea Ġpolice Ġcommissioner , Ġunder Ġplans Ġunveiled Ġby Ġthe ĠConservatives .",O O O O O O O O O O O O O O O O O O O O O O O O O O O O O O O,O O O O O O O O O O O O O O O O O O O O O O O O O O O O O O O
1798,"Ġ Ċ Ċ Party Ġleader ĠMichael ĠHoward Ġsaid Ġthe Ġnew Ġrole Ġwould Ġreplace Ġ"" inc ons pic uous "" Ġpolice Ġauthorities .",O O O O O B-POLITICIAN I-POLITICIAN O O O O O O O O O O O O O O O,O O O O O B-POLITICIAN I-POLITICIAN O O O O O O O O O O O O O O O
1799,ĠHe Ġsaid Ġthe Ġnew Ġoffice Ġwould Ġnot Ġsupers ede Ġthe Ġjob Ġof Ġa Ġchief Ġconst able .,O O O O O O O O O O O O O O O O O,O O O O O O O O O O O O O O O O O
1800,"ĠThe ĠLib ĠDems Ġsaid Ġthe Ġplan Ġcould Ġlet Ġextreme Ġgroups Ġrun Ġpolicing , Ġwhile ĠLabour Ġcriticised Ġ"" ext rav ag ant "" ĠTory Ġpromises Ġon Ġpolicing .",O O O O O O O O O O O O O O O O O O O O O O O O O O O,O O O O O O O O O O O O O O O O O O O O O O O O O O O
1801,"Ġ Ċ Ċ Resp onding Ġto Ġthe Ġplans , Ġthe Ġchairman Ġof Ġthe ĠPolice ĠFederation Ġof ĠEngland Ġand ĠWales , Ġwhich Ġrepresents Ġrank Ġand Ġfile Ġofficers , Ġsaid Ġit Ġwas Ġessential Ġoperational Ġindependence Ġwas Ġretained .",O O O O O O O O O O O O O O O O O O O O O O O O O O O O O O O O O O O O,O O O O O O O O O O O O O O O O O O O O O O O O O O O O O O O O O O O O
1802,"Ġ Ċ Ċ Jan ĠBerry Ġsaid : Ġ"" It Ġis Ġa Ġservice , Ġnot Ġa Ġpolitical Ġfootball Ġto Ġbe Ġkicked Ġaround Ġevery Ġtime Ġan Ġelection Ġapproaches . Ġ""",O O O B-PUBLIC-FIGURE I-PUBLIC-FIGURE O O O O O O O O O O O O O O O O O O O O O O O,O O O B-POLITICIAN I-POLITICIAN O O O O O O O O O O O O O O O O O O O O O O O
1803,"ĠThese Ġplans Ġcould Ġresult Ġin Ġthose Ġwith Ġextreme Ġpolitical Ġviews Ġdict ating Ġwhat Ġactually Ġhappens Ġon Ġthe Ġground ,"" Ġshe Ġwarned .",O O O O O O O O O O O O O O O O O O O O O O,O O O O O O O O O O O O O O O O O O O O O O
1804,"ĠOut lining Ġhis Ġcrime Ġmanifesto , ĠMr ĠHoward Ġsaid Ġelected Ġpolice Ġcommissioners Ġwould Ġbe Ġmore Ġaccountable Ġthan Ġpolice Ġauthorities Ġwhich Ġare Ġmade Ġup Ġof Ġlocal Ġcouncillors Ġand Ġmag istrates . Ġ""",O O O O O O O O O O O O O O O O O O O O O O O O O O O O O O O,O O O O O O O B-POLITICIAN O O O O O O O O O O O O O O O O O O O O O O O
1805,"ĠThe Ġcommissioner Ġwill Ġhave Ġthe Ġpowers Ġwhich Ġexisting Ġpolice Ġauthorities Ġhave ,"" Ġhe Ġtold ĠBBC ĠRadio Ġ4 's ĠToday Ġprogramme . Ġ""",O O O O O O O O O O O O O O O O O O O O O O,O O O O O O O O O O O O O O O O O O O O O O
1806,"ĠThe Ġtrouble Ġis , Ġand Ġit 's Ġno Ġreflection Ġon Ġthe Ġpeople Ġwho Ġare Ġon Ġthe Ġpolice Ġauthority Ġ- Ġthey Ġare Ġgood Ġpeople Ġ- Ġbut Ġhardly Ġanyone Ġknows Ġwho Ġthey Ġare .""",O O O O O O O O O O O O O O O O O O O O O O O O O O O O O O O O,O O O O O O O O O O O O O O O O O O O O O O O O O O O O O O O O
1807,"ĠMr ĠHoward Ġsaid Ġthe Ġauthorities Ġwere Ġnot Ġ"" prov iding Ġthe Ġlocal Ġaccountability Ġthat Ġwe Ġwant Ġto Ġsee "" Ġand Ġthat Ġelected Ġpolice Ġcommissioners Ġwould Ġbe Ġmore Ġvisible .",O O O O O O O O O O O O O O O O O O O O O O O O O O O O O,O B-POLITICIAN O O O O O O O O O O O O O O O O O O O O O O O O O O O
1808,Ġ Ċ Ċ Critics Ġfear Ġthe Ġmove Ġcould Ġhand Ġcontrol Ġof Ġthe Ġpolice Ġto Ġsingle - issue Ġcampaigners Ġwho Ġwould Ġignore Ġthe Ġneeds Ġof Ġthe Ġwider Ġcommunity .,O O O O O O O O O O O O O O O O O O O O O O O O O O O O,O O O O O O O O O O O O O O O O O O O O O O O O O O O O
1809,"ĠLord ĠHarris , Ġwho Ġsits Ġon Ġthe Ġexecutive Ġof ĠAssociation Ġof ĠPolice ĠAuthorities , Ġsaid Ġthe Ġplans Ġseemed Ġto Ġsuggest Ġchief Ġconst ables Ġshould Ġbe Ġtold Ġwhat Ġto Ġdo Ġby Ġa Ġsingle Ġpolitician . Ġ""",B-POLITICIAN I-POLITICIAN O O O O O O O O O O O O O O O O O O O O O O O O O O O O O O O O O,O B-PUBLIC-FIGURE O O O O O O O O O O O O O O O O O O O O O O O O O O O O O O O O O
1810,"ĠThat Ġis Ġoverturn ing Ġnearly Ġ200 Ġyears Ġof Ġthe Ġway Ġin Ġwhich Ġwe Ġhave Ġorganised Ġpolicing Ġin Ġthis Ġcountry Ġto Ġavoid Ġthe Ġpolitic isation Ġof Ġpolicing Ġdecisions ,"" Ġhe Ġsaid .",O O O O O O O O O O O O O O O O O O O O O O O O O O O O O O O,O O O O O O O O O O O O O O O O O O O O O O O O O O O O O O O
1811,"Ġ Ċ Ċ Liberal ĠDemocrat Ġhome Ġaffairs Ġspokesman ĠMark ĠO aten Ġsaid Ġthe Ġplan Ġwas Ġdangerous Ġand Ġ"" could Ġcreate Ġconflict Ġbetween Ġchief Ġconst ables Ġand Ġelected Ġofficials "".",O O O O O O O O B-POLITICIAN I-POLITICIAN I-POLITICIAN O O O O O O O O O O O O O O O O O O,O O O O O O O O B-POLITICIAN I-POLITICIAN I-POLITICIAN O O O O O O O O O O O O O O O O O O
1812,"ĠMr ĠO aten Ġsaid Ġlocal Ġpeople Ġhad Ġtoo Ġlittle Ġcontrol Ġover Ġpolicing Ġbut Ġa Ġfar Ġbetter Ġsolution Ġwould Ġbe Ġfor Ġelected Ġcouncillors Ġto Ġdraw Ġup Ġa Ġ"" minimum Ġpolicing Ġguarantee "" Ġwith Ġtheir Ġchief Ġconst ables .",O O O O O O O O O O O O O O O O O O O O O O O O O O O O O O O O O O O O O,O B-POLITICIAN I-POLITICIAN O O O O O O O O O O O O O O O O O O O O O O O O O O O O O O O O O O
1813,"ĠA ĠLabour ĠParty Ġspokesman Ġcriticised ĠMichael ĠHoward 's Ġrecord , Ġsaying Ġpolice Ġnumbers Ġhad Ġfallen Ġby Ġ1 , 132 Ġwhen Ġhe Ġwas Ġhome Ġsecretary .",O O O O O B-POLITICIAN I-POLITICIAN O O O O O O O O O O O O O O O O O O,O O O O O B-POLITICIAN I-POLITICIAN I-POLITICIAN O O O O O O O O O O O O O O O O O
1814,"ĠHe Ġsaid : Ġ"" Today Ġthe ĠTories Ġare Ġmaking Ġmore Ġextravagant Ġpromises Ġon Ġthe Ġpolice Ġwithout Ġmaking Ġclear Ġhow Ġthey Ġwould Ġpay Ġfor Ġthem , Ġother Ġthan Ġthrough Ġfantasy Ġsavings Ġto Ġthe Ġasylum Ġsystem .""",O O O O O O O O O O O O O O O O O O O O O O O O O O O O O O O O O O O,O O O O O O O O O O O O O O O O O O O O O O O O O O O O O O O O O O O
1815,ĠThe ĠTories Ġinsists Ġthe Ġcommissioner Ġrole Ġwould Ġnot Ġbe Ġlike Ġthat Ġof Ġan ĠAmerican Ġsheriff .,O O O O O O O O O O O O O O O O,O O O O O O O O O O O O O O O O
1816,ĠOther ĠTory Ġlaw Ġand Ġorder Ġplans Ġinclude Ġbuilding Ġmore Ġprisons Ġand Ġmaking Ġcriminals Ġserve Ġfull Ġjail Ġsentences .,O O O O O O O O O O O O O O O O O O,O O O O O O O O O O O O O O O O O O
1817,ĠRussian Ġfilm Ġwins ĠBBC Ġworld Ġprize Ċ Ċ Russian Ġdrama ĠThe ĠReturn Ġ( V oz vr ash chen ie ) Ġhas Ġbeen Ġnamed Ġwinner Ġof Ġthe ĠBBC ĠFour ĠWorld ĠCinema ĠAward .,O O O O O O O O O O O O O O O O O O O O O O O O O O O O O O O O,O O O O O O O O O O O O O B-ACTOR-DIRECTOR I-ACTOR-DIRECTOR I-ACTOR-DIRECTOR I-ACTOR-DIRECTOR I-ACTOR-DIRECTOR I-ACTOR-DIRECTOR O O O O O O O O O O O O O
1818,Ġ Ċ Ċ The Ġfilm Ġtells Ġthe Ġstory Ġof Ġtwo Ġadolescent Ġboys Ġwho Ġare Ġsubjected Ġto Ġa Ġharsh Ġregime Ġwhen Ġtheir Ġstrict Ġfather Ġreturns Ġafter Ġa Ġ10 - year Ġabsence .,O O O O O O O O O O O O O O O O O O O O O O O O O O O O O O O,O O O O O O O O O O O O O O O O O O O O O O O O O O O O O O O
1819,"ĠDirect ed Ġby ĠAnd rey ĠZ vy ag int se v , ĠThe ĠReturn Ġpreviously Ġwon Ġthe Ġ2003 ĠGolden ĠLion Ġaward Ġat Ġthe ĠVenice ĠFilm ĠFestival .",O O O B-ACTOR-DIRECTOR I-ACTOR-DIRECTOR I-ACTOR-DIRECTOR I-ACTOR-DIRECTOR I-ACTOR-DIRECTOR I-ACTOR-DIRECTOR I-ACTOR-DIRECTOR I-ACTOR-DIRECTOR O O O O O O O O O O O O O O O O,O O O B-ACTOR-DIRECTOR I-ACTOR-DIRECTOR I-ACTOR-DIRECTOR I-ACTOR-DIRECTOR I-ACTOR-DIRECTOR I-ACTOR-DIRECTOR I-ACTOR-DIRECTOR I-ACTOR-DIRECTOR O O O O O O O O O O O O O O O O
1820,ĠThe Ġprize Ġwas Ġpresented Ġat Ġan Ġawards Ġceremony Ġheld Ġin ĠLondon Ġon ĠThursday Ġand Ġhosted Ġby ĠJonathan ĠRoss .,O O O O O O O O O O O O O O O O B-ACTOR-DIRECTOR I-ACTOR-DIRECTOR O,O O O O O O O O O O O O O O O O B-PUBLIC-FIGURE I-PUBLIC-FIGURE O
1821,"ĠThe Ġwinner Ġwas Ġchosen Ġby Ġa Ġpanel Ġwhich Ġincluded ĠX ĠFiles Ġactress ĠGill ian ĠAnderson , Ġcritic ĠRoger ĠClarke Ġand ĠTouch ing Ġthe ĠVoid Ġdirector ĠKevin ĠMcDonald .",O O O O O O O O O O O O B-ACTOR-DIRECTOR I-ACTOR-DIRECTOR I-ACTOR-DIRECTOR O O B-AUTHOR-WRITER I-AUTHOR-WRITER O O O O O O B-ACTOR-DIRECTOR I-ACTOR-DIRECTOR O,O O O O O O O O O O O O B-ACTOR-DIRECTOR I-ACTOR-DIRECTOR I-ACTOR-DIRECTOR O O B-AUTHOR-WRITER I-AUTHOR-WRITER O O O O O O B-ACTOR-DIRECTOR I-ACTOR-DIRECTOR O
1822,"Ġ Ċ Ċ Ross , Ġwho Ġis Ġthe Ġpresenter Ġof ĠBBC ĠOne 's ĠFilm Ġ2005 , Ġwas Ġalso Ġinvolved Ġin Ġthe Ġdeliberations .",O O O O O O O O O O O O O O O O O O O O O O O,O O O B-PUBLIC-FIGURE O O O O O O O O O O O O O O O O O O O
1823,ĠA Ġshort list Ġof Ġsix Ġfilms Ġfrom Ġaround Ġthe Ġworld Ġhad Ġbeen Ġdrawn Ġup Ġfrom Ġwhich Ġthe Ġpanel Ġchose .,O O O O O O O O O O O O O O O O O O O O,O O O O O O O O O O O O O O O O O O O O
1824,"ĠOther Ġnominees Ġincluded Ġthe ĠMotor cycle ĠDi aries , ĠZ ato ichi Ġand ĠHero .",O O O O O O O O O O O O O O O,O O O O O O O O O B-PUBLIC-FIGURE O O O O O
1825,ĠA Ġviewer Ġpoll Ġsaw Ġdirector ĠZhang ĠY im ou 's Ġmartial Ġarts Ġepic ĠHero Ġemerge Ġas Ġthe Ġfavourite Ġwith Ġ32 % Ġof Ġvotes Ġcast .,O O O O O B-ACTOR-DIRECTOR I-ACTOR-DIRECTOR I-ACTOR-DIRECTOR I-ACTOR-DIRECTOR O O O O O O O O O O O O O O O O,O O O O O B-ACTOR-DIRECTOR I-ACTOR-DIRECTOR I-ACTOR-DIRECTOR I-ACTOR-DIRECTOR O O O O O O O O O O O O O O O O
1826,"ĠTr aged y Ġstruck Ġthe Ġproduction Ġof ĠThe ĠReturn Ġwhen Ġone Ġof Ġthe Ġyoung Ġstars , Ġ15 - year - old ĠVladimir ĠGir in , Ġdrowned Ġin Ġa Ġlake .",O O O O O O O O O O O O O O O O O O O O O B-ACTOR-DIRECTOR I-ACTOR-DIRECTOR I-ACTOR-DIRECTOR O O O O O O,O O O O O O O O O O O O O O O O O O O O O B-ACTOR-DIRECTOR I-ACTOR-DIRECTOR I-ACTOR-DIRECTOR O O O O O O
1827,ĠThe Ġwinner Ġof Ġthe ĠWorld ĠCinema ĠAward Ġlast Ġyear Ġwas Ġthe ĠFrench Ġanimated Ġfeature ĠBellev ille ĠRend ezvous Ċ,O O O O O O O O O O O O O O O O O O O,O O O O O O O O O O O O O O O O O O O
1828,ĠMacy 's Ġowner Ġbuys Ġrival Ġfor Ġ$ 11 bn Ċ Ċ US Ġretail Ġgiant ĠFeder ated ĠDepartment ĠStores Ġis Ġto Ġbuy Ġrival ĠMay ĠDepartment ĠStores Ġfor Ġ$ 11 bn Ġ(Â£ 5 . 7 bn ).,O O O O O O O O O O O O O O O O O O O O O O O O O O O O O O O O O O O,O O O O O O O O O O O O O O O O O O O O O O O O O O O O O O O O O O O
1829,"Ġ Ċ Ċ The Ġdeal Ġwill Ġbring Ġtogether Ġfamous Ġstores Ġlike ĠMacy 's , ĠBlooming dale 's Ġand ĠMarshall ĠField 's , Ġcreating Ġthe Ġlargest Ġdepartment Ġstore Ġchain Ġin Ġthe ĠUS .",O O O O O O O O O O O O O O O O O O O O O O O O O O O O O O O O,O O O O O O O O O O O O O O O O O O O O O O O O O O O O O O O O
1830,"ĠThe Ġcombined Ġfirm Ġwill Ġoperate Ġabout Ġ1 , 000 Ġstores Ġacross Ġthe ĠUS , Ġwith Ġcombined Ġannual Ġsales Ġof Ġ$ 30 bn .",O O O O O O O O O O O O O O O O O O O O O O O,O O O O O O O O O O O O O O O O O O O O O O O
1831,"ĠThe Ġtwo Ġcompanies , Ġfacing Ġcompetition Ġfrom Ġthe Ġlikes Ġof ĠWal - Mart , Ġtried Ġto Ġmerge Ġtwo Ġyears Ġago Ġbut Ġtalks Ġfailed .",O O O O O O O O O O O O O O O O O O O O O O O O,O O O O O O O O O O O O O O O O O O O O O O O O
1832,ĠSources Ġfamiliar Ġwith Ġthe Ġdeal Ġsaid Ġthat Ġnegotiations Ġbetween Ġthe Ġtwo Ġcompanies Ġsped Ġup Ġafter ĠMay 's Ġchairman Ġand Ġchief Ġexecutive ĠGene ĠKahn Ġresigned Ġin ĠJanuary .,O O O O O O O O O O O O O O O O O O O O O B-BUSINESS-EXECUTIVE-MANAGER I-BUSINESS-EXECUTIVE-MANAGER O O O O,O O O O O O O O O O O O O O O O O O O O O B-BUSINESS-EXECUTIVE-MANAGER I-BUSINESS-EXECUTIVE-MANAGER O O O O
1833,"ĠAs Ġpart Ġof Ġthe Ġdeal , ĠFeder ated Ġ- Ġowner Ġof ĠMacy 's Ġand ĠBlooming dale 's Ġ- Ġwill Ġassume Ġ$ 6 bn Ġof ĠMay 's Ġdebt , Ġbringing Ġthe Ġdeal 's Ġtotal Ġvalue Ġto Ġ$ 17 bn .",O O O O O O O O O O O O O O O O O O O O O O O O O O O O O O O O O O O O O O O,O O O O O O B-BUSINESS-EXECUTIVE-MANAGER I-BUSINESS-EXECUTIVE-MANAGER O O O O O O O O O O O O O O O O O O O O O O O O O O O O O O O
1834,ĠDirectors Ġat Ġboth Ġcompanies Ġhave Ġapproved Ġthe Ġdeal Ġand Ġit Ġis Ġexpected Ġto Ġconclude Ġby Ġthe Ġthird Ġquarter Ġof Ġthis Ġyear .,O O O O O O O O O O O O O O O O O O O O O O,O O O O O O O O O O O O O O O O O O O O O O
1835,Ġ Ċ Ċ May Ġhas Ġstruggled Ġto Ġcompete Ġagainst Ġlarger Ġdepartment Ġstore Ġgroups Ġsuch Ġas ĠFeder ated Ġand Ġother Ġretailers Ġsuch Ġas ĠWal - Mart .,O O O O O O O O O O O O O O O O O O O O O O O O O O,O O O O O O O O O O O O O O O O O O O O O O O O O O
1836,ĠFeder ated Ġexpects Ġthe Ġmerger Ġto Ġboost Ġearnings Ġfrom Ġ2007 Ġbut Ġthe Ġdeal Ġwill Ġcost Ġit Ġ$ 1 bn Ġin Ġone - off Ġcharges .,O O O O O O O O O O O O O O O O O O O O O O O O O,B-BUSINESS-EXECUTIVE-MANAGER I-BUSINESS-EXECUTIVE-MANAGER O O O O O O O O O O O O O O O O O O O O O O O
1837,"Ġ Ċ Ċ "" We Ġhave Ġtaken Ġthe Ġfirst Ġstep Ġtoward Ġcombining Ġtwo Ġof Ġthe Ġbest Ġdepartment Ġstore Ġcompanies Ġin ĠAmerica , Ġcreating Ġa Ġnew Ġretail Ġcompany Ġwith Ġtruly Ġnational Ġscope Ġand Ġpresence ,"" Ġsaid ĠTerry ĠLund gren , ĠFeder ated 's Ġchairman .",O O O O O O O O O O O O O O O O O O O O O O O O O O O O O O O O O O O B-BUSINESS-EXECUTIVE-MANAGER I-BUSINESS-EXECUTIVE-MANAGER I-BUSINESS-EXECUTIVE-MANAGER O O O O O O,O O O O O O O O O O O O O O O O O O O O O O O O O O O O O O O O O O O B-BUSINESS-EXECUTIVE-MANAGER I-BUSINESS-EXECUTIVE-MANAGER I-BUSINESS-EXECUTIVE-MANAGER O O O O O O
1838,"ĠSome Ġanalysts Ġsee Ġthe Ġmerger Ġas Ġa Ġrescue Ġdeal Ġfor ĠMay . Ġ""",O O O O O O O O O O O O O,O O O O O O O O O O O O O
1839,"ĠWithout Ġthis Ġdeal ĠMay Ġwould Ġhave Ġbeen , Ġto Ġput Ġit Ġbluntly , Ġwashed Ġup ,"" Ġsaid ĠKurt ĠBarn ard , Ġpresident Ġof ĠBarn ard 's ĠRetail ĠConsulting ĠGroup .",O O O O O O O O O O O O O O O O O B-PUBLIC-FIGURE I-PUBLIC-FIGURE I-PUBLIC-FIGURE O O O O O O O O O O,O O O O O O O O O O O O O O O O O B-PUBLIC-FIGURE I-PUBLIC-FIGURE I-PUBLIC-FIGURE O O O O O O O O O O
1840,"ĠFeder ated Ġhas Ġannual Ġsales Ġof Ġ$ 15 . 6 bn , Ġwhile ĠMay 's Ġyearly Ġsales Ġare Ġ$ 14 . 4 bn .",O O O O O O O O O O O O O O O O O O O O O O O O,O O O O O O O O O O O O O O O O O O O O O O O O
1841,ĠEd gy ĠAg assi Ġstruggles Ġpast ĠDent Ċ Ċ Andre ĠAg assi Ġput Ġin Ġan Ġerratic Ġdisplay Ġbefore Ġed ging Ġinto Ġthe Ġfourth Ġround Ġof Ġthe ĠAustralian ĠOpen Ġwith Ġvictory Ġover ĠTaylor ĠDent .,O O O O O O O O O B-ATHLETE I-ATHLETE I-ATHLETE O O O O O O O O O O O O O O O O O O O B-ATHLETE I-ATHLETE O,B-ATHLETE I-ATHLETE I-ATHLETE I-ATHLETE O O B-ATHLETE O O B-ATHLETE I-ATHLETE I-ATHLETE O O O O O O O O O O O O O O O O O O O B-ATHLETE I-ATHLETE O
1842,"Ġ Ċ Ċ The Ġ34 - year - old ĠAmerican , Ġseeded Ġeighth , Ġmade Ġa Ġpoor Ġstart , Ġdropping Ġserve Ġearly Ġon Ġand Ġlater Ġneeding Ġtwo Ġchances Ġto Ġserve Ġout Ġthe Ġset .",O O O O O O O O O O O O O O O O O O O O O O O O O O O O O O O O O O,O O O O O O O O O O O O O O O O O O O O O O O O O O O O O O O O O O
1843,"ĠHaving Ġsecured Ġthe Ġlead , ĠAg assi Ġstill Ġfailed Ġto Ġtake Ġcontrol Ġas Ġboth Ġplayers Ġforced Ġa Ġsuccession Ġof Ġbreaks .",O O O O O O O O O O O O O O O O O O O O O,O O O O O B-ATHLETE I-ATHLETE O O O O O O O O O O O O O O
1844,ĠBut ĠAg assi Ġwon Ġthe Ġtie - break Ġbefore Ġwrapping Ġup Ġa Ġ7 - 5 Ġ7 - 6 Ġ( 7 - 3 ) Ġ6 - 1 Ġwin .,O O O O O O O O O O O O O O O O O O O O O O O O O O O O,O B-ATHLETE I-ATHLETE O O O O O O O O O O O O O O O O O O O O O O O O O
1845,ĠFourth Ġseed Ċ Ċ surv ived Ġan Ġinjury Ġscare Ġas Ġhe Ġbattled Ġpast ĠMario ĠAn c ic Ġ6 - 4 Ġ3 - 6 Ġ6 - 3 Ġ6 - 4 .,O O O O O O O O O O O O O B-ATHLETE I-ATHLETE I-ATHLETE I-ATHLETE O O O O O O O O O O O O O,O O O O O O O O O O O O O B-ATHLETE I-ATHLETE I-ATHLETE I-ATHLETE O O O O O O O O O O O O O
1846,ĠThe ĠRussian Ġturned Ġhis Ġright Ġankle Ġin Ġthe Ġthird Ġgame Ġof Ġthe Ġfourth Ġset Ġand Ġcalled Ġfor Ġtreatment Ġimmediately .,O O O O O O O O O O O O O O O O O O O O,O O O O O O O O O O O O O O O O O O O O
1847,ĠBut Ġhe Ġshowed Ġno Ġsign Ġof Ġthe Ġproblem Ġwhen Ġhe Ġreturned Ġto Ġthe Ġcourt Ġto Ġwrap Ġup Ġvictory Ġin Ġtwo Ġhours Ġ45 Ġminutes .,O O O O O O O O O O O O O O O O O O O O O O O O,O O O O O O O O O O O O O O O O O O O O O O O O
1848,"Ġ Ċ Ċ An c ic , ĠWim bledon Ġsemi - final ist Ġin Ġ2004 , Ġlooked Ġset Ġto Ġpush ĠSaf in Ġall Ġthe Ġway Ġwhen Ġhe Ġtook Ġthe Ġsecond Ġset Ġbut ĠSaf in Ġraised Ġhis Ġgame Ġto Ġsink Ġthe ĠCroatian .",O O O O O O O O O O O O O O O O O O O O B-ATHLETE I-ATHLETE O O O O O O O O O O B-ATHLETE I-ATHLETE O O O O O O O O,O O O B-ATHLETE I-ATHLETE I-ATHLETE O O O O O O O O O O O O O O B-ATHLETE I-ATHLETE O O O O O O O O O O B-ATHLETE I-ATHLETE O O O O O O O O
1849,ĠSaf in Ġsaid Ġhe Ġwas Ġtrying Ġto Ġkeep Ġhis Ġtemper Ġunder Ġcontrol Ġat Ġthis Ġyear 's Ġtournament .,B-ATHLETE I-ATHLETE O O O O O O O O O O O O O O O O,B-ATHLETE I-ATHLETE O O O O O O O O O O O O O O O O
1850,"ĠThe ĠRussian Ġhit Ġhimself Ġon Ġthe Ġhead Ġrepeatedly Ġin Ġone Ġsecond - set Ġoutburst Ġbut Ġwas Ġotherwise Ġlargely Ġcalm Ġin Ġhis Ġvictory . Ġ""",O O O O O O O O O O O O O O O O O O O O O O O O,O O O O O O O O O O O O O O O O O O O O O O O O
1851,"ĠI Ġtry Ġto Ġstay Ġcalm Ġbecause Ġif Ġyou Ġgo Ġcrazy Ġagainst Ġplayers Ġlike ĠAn c ic , Ġyou Ġmight Ġnever Ġcome Ġback Ġbecause Ġhe 's Ġa Ġtough Ġopponent ,"" Ġhe Ġsaid . Ġ""",O O O O O O O O O O O O O O O O O O O O O O O O O O O O O O O O O,O O O O O O O O O O O O O B-ATHLETE I-ATHLETE I-ATHLETE O O O O O O O O O O O O O O O O O
1852,"ĠI 'm Ġa Ġlittle Ġbit Ġcal mer Ġthan ĠI Ġwas Ġbefore Ġbecause ĠI 'd Ġhad Ġenough .""",O O O O O O O O O O O O O O O O O,O O O O O O O O O O O O O O O O O
1853,"ĠThe ĠRussian Ġadded Ġthat Ġhe Ġwas Ġnot Ġworried Ġby Ġhis Ġankle Ġinjury . Ġ""",O O O O O O O O O O O O O O,O O O O O O O O O O O O O O
1854,"ĠI Ġhave Ġhad Ġa Ġlot Ġof Ġproblems Ġwith Ġthat Ġankle Ġbefore Ġ- Ġit Ġwill Ġbe ĠOK ,"" Ġhe Ġsaid .",O O O O O O O O O O O O O O O O O O O O,O O O O O O O O O O O O O O O O O O O O
1855,Ġ Ċ Ċ 's Ġroute Ġto Ġthe Ġfourth Ġround Ġwas Ġmade Ġeasy Ġwhen Ġopponent ĠJ ark ko ĠNi emin en Ġwas Ġforced Ġto Ġretire Ġfrom Ġtheir Ġmatch .,O O O O O O O O O O O O O O B-ATHLETE I-ATHLETE I-ATHLETE I-ATHLETE I-ATHLETE I-ATHLETE O O O O O O O O,O O O O O O O O O O O O O O B-ATHLETE I-ATHLETE I-ATHLETE I-ATHLETE I-ATHLETE I-ATHLETE O O O O O O O O
1856,Ġ Ċ Ċ The Ġtop Ġseed Ġand Ġdefending Ġchampion Ġwas Ġleading Ġ6 - 3 Ġ5 - 2 Ġwhen ĠNi emin en Ġpulled Ġout Ġwith Ġan Ġabdominal Ġinjury .,O O O O O O O O O O O O O O O O O O O O O O O O O O O O,O O O O O O O O O O O O O O O O O O B-ATHLETE I-ATHLETE I-ATHLETE O O O O O O O
1857,ĠFed erer Ġhad Ġbeen Ġin Ġpatch y Ġform Ġuntil Ġthen Ġ- Ġmixing Ġ19 Ġun forced Ġerrors Ġwith Ġ19 Ġwinners .,B-ATHLETE I-ATHLETE O O O O O O O O O O O O O O O O O O,B-ATHLETE I-ATHLETE O O O O O O O O O O O O O O O O O O
1858,ĠThe Ġworld Ġnumber Ġone Ġwill Ġplay ĠCy pri ot Ċ Ċ next Ġafter Ġthe Ġformer Ġworld Ġjunior Ġchampion Ġbeat ĠTommy ĠRob redo Ġ7 - 6 Ġ( 7 - 2 ) Ġ6 - 4 Ġ6 - 1 .,O O O O O O O O O O O O O O O O O O O B-ATHLETE I-ATHLETE I-ATHLETE O O O O O O O O O O O O O O O,O O O O O O B-ATHLETE I-ATHLETE I-ATHLETE O O O O O O O O O O B-ATHLETE I-ATHLETE I-ATHLETE O O O O O O O O O O O O O O O
1859,"ĠFed erer Ġadmitted Ġhe Ġwas Ġunder Ġextra Ġpressure Ġafter Ġextending Ġhis Ġwinning Ġstreak Ġto Ġa Ġcareer - best Ġ24 . Ġ""",B-ATHLETE I-ATHLETE O O O O O O O O O O O O O O O O O O O,B-ATHLETE I-ATHLETE O O O O O O O O O O O O O O O O O O O
1860,"ĠThey Ġare Ġso Ġused Ġto Ġme Ġwinning , Ġbut Ġit 's Ġnot Ġthat Ġsimple ,"" Ġhe Ġsaid . Ġ""",O O O O O O O O O O O O O O O O O O O,O O O O O O O O O O O O O O O O O O O
1861,ĠI Ġhad Ġa Ġfeeling Ġthis Ġcould Ġbe Ġa Ġtough Ġmatch .,O O O O O O O O O O O,O O O O O O O O O O O
1862,ĠI Ġhad Ġa Ġbad Ġstart Ġbut ĠI Ġbounced Ġback .,O O O O O O O O O O,O O O O O O O O O O
1863,"ĠI Ġalways Ġwant Ġto Ġplay Ġbetter Ġthan ĠI Ġam , Ġbut ĠI Ġthought ĠI Ġwas Ġpretty ĠOK .""",O O O O O O O O O O O O O O O O O O,O O O O O O O O O O O O O O O O O O
1864,ĠFrench ĠOpen Ġchampion Ċ Ċ is Ġout Ġof Ġthe Ġtournament Ġafter Ġa Ġfive - set Ġdefeat Ġby ĠDomin ik ĠH r bat y .,O O O O O O O O O O O O O O O O O B-ATHLETE I-ATHLETE I-ATHLETE I-ATHLETE I-ATHLETE I-ATHLETE O,O O O O O O O O O O O O O O O O O B-ATHLETE I-ATHLETE I-ATHLETE I-ATHLETE I-ATHLETE I-ATHLETE O
1865,ĠH r bat y Ġdefeated Ġthe Ġ10 th Ġseed Ġ7 - 6 Ġ( 7 - 5 ) Ġ6 - 7 Ġ( 8 - 10 ) Ġ6 - 7 Ġ( 3 - 7 ) Ġ6 - 1 Ġ6 - 3 Ġin Ġa Ġmatch Ġlasting Ġfour Ġhours Ġand Ġ21 Ġminutes .,O O O O O O O O O O O O O O O O O O O O O O O O O O O O O O O O O O O O O O O O O O O O O O O O O,B-ATHLETE I-ATHLETE I-ATHLETE I-ATHLETE O O O O O O O O O O O O O O O O O O O O O O O O O O O O O O O O O O O O O O O O O O O O O
1866,"ĠThe Ġpair Ġtraded Ġ16 Ġservice Ġbreaks Ġduring Ġan Ġexhausting Ġbaseline Ġbattle , Ġwith ĠH r bat y Ġtaking Ġa Ġdecisive Ġadvantage Ġin Ġthe Ġeighth Ġgame Ġof Ġthe Ġfinal Ġset .",O O O O O O O O O O O O O O O O O O O O O O O O O O O O O O,O O O O O O O O O O O O O B-ATHLETE I-ATHLETE I-ATHLETE I-ATHLETE O O O O O O O O O O O O O
1867,"ĠH r bat y Ġwill Ġnow Ġplay Ġ2002 Ġchampion Ċ Ċ , Ġwho Ġoutl asted ĠAmerican ĠKevin ĠKim Ġ3 - 6 Ġ6 - 2 Ġ6 - 7 Ġ6 - 2 Ġ6 - 2 .",O O O O O O O O O O O O O O O O B-ATHLETE I-ATHLETE O O O O O O O O O O O O O O O O,B-ATHLETE I-ATHLETE I-ATHLETE I-ATHLETE O O O O O O O O O O O O B-ATHLETE I-ATHLETE O O O O O O O O O O O O O O O O
1868,ĠNo Ġads Ġfor ĠPassion ĠOscar Ġcampaign Ċ Ċ Produ cer ĠMel ĠGibson Ġwill Ġnot Ġbe Ġusing Ġpaid Ġadvertisements Ġto Ġpromote ĠThe ĠPassion Ġof Ġthe ĠChrist Ġto Ġvoters Ġin Ġnext Ġyear 's ĠAcademy ĠAwards .,O O O O O O O O O O B-ACTOR-DIRECTOR I-ACTOR-DIRECTOR O O O O O O O O O O O O O O O O O O O O O O,O O O O O O O O O O B-ACTOR-DIRECTOR I-ACTOR-DIRECTOR O O O O O O O O O O O O O O O O O O O O O O
1869,"Ġ Ċ Ċ G ib son Ġand Ġhis ĠIcon ĠProductions Ġpartner ĠBruce ĠDave y Ġsaid Ġthey Ġwould Ġnot Ġbe Ġcampaigning Ġin Ġprint , Ġradio Ġor ĠTV Ġfor Ġsuccess Ġat Ġthe ĠOscars Ġin ĠFebruary . Ġ""",O O O O O O O O O O O B-BUSINESS-EXECUTIVE-MANAGER I-BUSINESS-EXECUTIVE-MANAGER I-BUSINESS-EXECUTIVE-MANAGER O O O O O O O O O O O O O O O O O O O O O,O O O B-PUBLIC-FIGURE I-PUBLIC-FIGURE I-PUBLIC-FIGURE O O O O O B-PUBLIC-FIGURE I-PUBLIC-FIGURE I-PUBLIC-FIGURE O O O O O O O O O O O O O O O O O O O O O
1870,"ĠThis Ġfilm Ġshould Ġbe Ġjudged Ġon Ġits Ġartistic Ġmerit , Ġnot Ġwho Ġspends Ġmore Ġmoney Ġon Ġadvertising ,"" ĠDave y Ġsaid .",O O O O O O O O O O O O O O O O O O O O O O,O O O O O O O O O O O O O O O O O O B-ACTOR-DIRECTOR I-ACTOR-DIRECTOR O O
1871,"ĠBut ĠDVDs Ġwill Ġbe Ġsent Ġto ĠOscar Ġvoters , Ġwho Ġwill Ġbe Ġinvited Ġto Ġscreenings .",O O O O O O O O O O O O O O O O,O O O O O O O O O O O O O O O O
1872,"ĠIcon Ġspent Ġvery Ġlittle Ġon Ġadvertising Ġthe Ġfilm , Ġwhich Ġdeals Ġwith Ġthe Ġlast Ġhours Ġof ĠJesus ĠChrist 's Ġlife , Ġwhen Ġit Ġwas Ġreleased Ġearlier Ġthis Ġyear Ġ- Ġinstead , Ġit Ġmade Ġthe Ġfilm Ġavailable Ġfor Ġspecial Ġscreenings Ġat Ġchurches .",O O O O O O O O O O O O O O O O B-PUBLIC-FIGURE I-PUBLIC-FIGURE O O O O O O O O O O O O O O O O O O O O O O O O,O O O O O O O O O O O O O O O O O B-PUBLIC-FIGURE O O O O O O O O O O O O O O O O O O O O O O O O
1873,ĠIt Ġwent Ġon Ġto Ġgross Ġover Ġ$ 600 m Ġ(Â£ 322 m ) Ġin Ġticket Ġsales Ġworldwide .,O O O O O O O O O O O O O O O O O O,O O O O O O O O O O O O O O O O O O
1874,"ĠOver Ġrecent Ġyears , Ġmarketing Ġfilms Ġto Ġthe Ġmembers Ġof Ġthe ĠAcademy Ġof ĠMotion ĠPicture ĠArts Ġand ĠSciences Ġhas Ġbecome Ġa Ġmulti - million Ġdollar Ġindustry .",O O O O O O O O O O O O O O O O O O O O O O O O O O O,O O O O O O O O O O O O O O O O O O O O O O O O O O O
1875,"ĠLast Ġyear , Ġthe Ġacademy Ġformed Ġa Ġcommittee Ġto Ġtighten Ġthe Ġrules Ġafter Ġthe Ġcampaigns Ġspilled Ġover Ġinto Ġpersonal Ġattacks Ġbetween Ġstudios .",O O O O O O O O O O O O O O O O O O O O O O O,O O O O O O O O O O O O O O O O O O O O O O O
1876,"ĠAcademy Ġpresident ĠFrank ĠPi erson Ġpraised ĠGibson 's Ġmove Ġfor Ġworking Ġto Ġrestore Ġthe ĠOscars Ġas Ġa Ġ"" cele b ration Ġand Ġappreciation Ġof Ġexcellence ,"" Ġand Ġresisting Ġthe Ġ"" cr ass Ġcommercial isation Ġthat Ġwas Ġthreatening Ġthe Ġintegrity Ġof Ġthe Ġaward "".",O O B-BUSINESS-EXECUTIVE-MANAGER I-BUSINESS-EXECUTIVE-MANAGER I-BUSINESS-EXECUTIVE-MANAGER O O O O O O O O O O O O O O O O O O O O O O O O O O O O O O O O O O O O O O,O O B-BUSINESS-EXECUTIVE-MANAGER I-BUSINESS-EXECUTIVE-MANAGER I-BUSINESS-EXECUTIVE-MANAGER O B-ACTOR-DIRECTOR O O O O O O O O O O O O O O O O O O O O O O O O O O O O O O O O O O O O
1877,ĠJapanese Ġmogul Ġarrested Ġfor Ġfraud Ċ Ċ One Ġof ĠJapan 's Ġbest - known Ġbusinessmen Ġwas Ġarrested Ġon ĠThursday Ġon Ġcharges Ġof Ġfals ifying Ġshareholder Ġinformation Ġand Ġselling Ġshares Ġbased Ġon Ġthe Ġfalse Ġdata .,O O O O O O O O O O O O O O O O O O O O O O O O O O O O O O O O O O O,O O O O O O O O O O O O O O O O O O O O O O O O O O O O O O O O O O O
1878,"Ġ Ċ Ċ Y oshi aki ĠTs uts umi Ġwas Ġonce Ġranked Ġas Ġthe Ġworld 's Ġrichest Ġman Ġand Ġran Ġa Ġbusiness Ġspanning Ġhotels , Ġrailways , Ġconstruction Ġand Ġa Ġbaseball Ġteam .",O O O B-BUSINESS-EXECUTIVE-MANAGER I-BUSINESS-EXECUTIVE-MANAGER I-BUSINESS-EXECUTIVE-MANAGER I-BUSINESS-EXECUTIVE-MANAGER I-BUSINESS-EXECUTIVE-MANAGER I-BUSINESS-EXECUTIVE-MANAGER O O O O O O O O O O O O O O O O O O O O O O O O,O O O B-BUSINESS-EXECUTIVE-MANAGER I-BUSINESS-EXECUTIVE-MANAGER I-BUSINESS-EXECUTIVE-MANAGER I-BUSINESS-EXECUTIVE-MANAGER I-BUSINESS-EXECUTIVE-MANAGER I-BUSINESS-EXECUTIVE-MANAGER O O O O O O O O O O O O O O O O O O O O O O O O
1879,ĠHis Ġis Ġthe Ġlatest Ġin Ġa Ġseries Ġof Ġarrests Ġof Ġtop Ġexecutives Ġin ĠJapan Ġover Ġbusiness Ġscandals .,O O O O O O O O O O O O O O O O O O,O O O O O O O O O O O O O O O O O O
1880,ĠHe Ġwas Ġtaken Ġaway Ġin Ġa Ġvan Ġoutside Ġone Ġof Ġhis ĠPrince Ġhotels Ġin ĠTokyo .,O O O O O O O O O O O O O O O O,O O O O O O O O O O O O O O O O
1881,Ġ Ċ Ċ There Ġwas Ġa Ġtime Ġwhen ĠMr ĠTs uts umi Ġseemed Ġunt ouch able .,O O O O O O O O O B-BUSINESS-EXECUTIVE-MANAGER I-BUSINESS-EXECUTIVE-MANAGER I-BUSINESS-EXECUTIVE-MANAGER O O O O O,O O O O O O O O O B-POLITICIAN I-POLITICIAN I-POLITICIAN O O O O O
1882,"ĠInher iting Ġa Ġlarge Ġproperty Ġbusiness Ġfrom Ġhis Ġfather Ġin Ġthe Ġ1960 s , Ġhe Ġbecame Ġone Ġof ĠJapan 's Ġmost Ġpowerful Ġindustrial ists , Ġwith Ġclose Ġconnections Ġto Ġmany Ġof Ġthe Ġcountry 's Ġleading Ġpoliticians .",O O O O O O O O O O O O O O O O O O O O O O O O O O O O O O O O O O O O O,O O O O O O O O O O O O O O O O O O O O O O O O O O O O O O O O O O O O O
1883,ĠHe Ġused Ġhis Ġwealth Ġand Ġinfluence Ġto Ġbring Ġthe ĠWinter ĠOlympic ĠGames Ġto ĠNag ano Ġin Ġ1998 .,O O O O O O O O O O O O O O O O O O,O O O O O O O O O O O O O B-ATHLETE I-ATHLETE O O O
1884,"ĠBut Ġlast Ġyear , Ġhe Ġwas Ġforced Ġto Ġresign Ġfrom Ġall Ġthe Ġposts Ġhe Ġheld Ġin Ġhis Ġbusiness Ġempire , Ġafter Ġbeing Ġaccused Ġof Ġfals ifying Ġthe Ġshare - owners hip Ġstructure Ġof ĠSe ibu ĠRail ways , Ġone Ġof Ġhis Ġcompanies .",O O O O O O O O O O O O O O O O O O O O O O O O O O O O O O O O O O O O O O O O O O O,O O O O O O O O O O O O O O O O O O O O O O O O O O O O O O O O O O O O O O O O O O O
1885,"ĠUnder ĠJapanese Ġstock Ġmarket Ġrules , Ġno Ġlisted Ġcompany Ġcan Ġbe Ġmore Ġthan Ġ80 % Ġowned Ġby Ġits Ġ10 Ġlargest Ġshareholders .",O O O O O O O O O O O O O O O O O O O O O O,O O O O O O O O O O O O O O O O O O O O O O
1886,ĠNow ĠMr ĠTs uts umi Ġfaces Ġcriminal Ġcharges Ġand Ġthe Ġpossibility Ġof Ġa Ġprison Ġsentence Ġbecause Ġhe Ġmade Ġit Ġlook Ġas Ġif Ġthe Ġ10 Ġbiggest Ġshareholders Ġowned Ġless Ġthan Ġthis Ġamount .,O O B-BUSINESS-EXECUTIVE-MANAGER I-BUSINESS-EXECUTIVE-MANAGER I-BUSINESS-EXECUTIVE-MANAGER O O O O O O O O O O O O O O O O O O O O O O O O O O O,O O B-PUBLIC-FIGURE I-PUBLIC-FIGURE I-PUBLIC-FIGURE O O O O O O O O O O O O O O O O O O O O O O O O O O O
1887,"ĠSe ibu ĠRail ways Ġhas Ġbeen Ġdel isted Ġfrom Ġthe Ġstock Ġexchange , Ġits Ġshare Ġvalue Ġhas Ġplunged Ġand Ġit Ġis Ġthe Ġtarget Ġof Ġa Ġtakeover Ġbid .",O O O O O O O O O O O O O O O O O O O O O O O O O O O O,B-BUSINESS-EXECUTIVE-MANAGER I-BUSINESS-EXECUTIVE-MANAGER O O O O O O O O O O O O O O O O O O O O O O O O O O
1888,Ġ Ċ Ċ Mr ĠTs uts umi 's Ġfall Ġfrom Ġgrace Ġfollows Ġthe Ġarrests Ġof Ġseveral Ġother Ġtop Ġexecutives Ġin ĠJapan Ġas Ġthe Ġauthorities Ġtry Ġto Ġcurb Ġthe Ġmurky Ġbusiness Ġpractices Ġwhich Ġwere Ġonce Ġwidespread Ġin ĠJapanese Ġcompanies .,O O O O B-BUSINESS-EXECUTIVE-MANAGER I-BUSINESS-EXECUTIVE-MANAGER I-BUSINESS-EXECUTIVE-MANAGER O O O O O O O O O O O O O O O O O O O O O O O O O O O O O O O O,O O O O B-BUSINESS-EXECUTIVE-MANAGER I-BUSINESS-EXECUTIVE-MANAGER I-BUSINESS-EXECUTIVE-MANAGER O O O O O O O O O O O O O O O O O O O O O O O O O O O O O O O O
1889,ĠHis Ġdetermination Ġto Ġstay Ġat Ġthe Ġtop Ġat Ġall Ġcosts Ġmay Ġhave Ġhad Ġits Ġroots Ġin Ġhis Ġchildhood .,O O O O O O O O O O O O O O O O O O O,O O O O O O O O O O O O O O O O O O O
1890,"ĠThe Ġillegitimate Ġthird Ġson Ġof Ġa Ġrich Ġfather , Ġwho Ġmade Ġhis Ġmoney Ġbuying Ġup Ġproperty Ġas ĠJapan Ġrebuilt Ġafter ĠWorld ĠWar ĠII , Ġhe Ġhas Ġdescribed Ġthe Ġdemands Ġhis Ġfather Ġmade . Ġ""",O O O O O O O O O O O O O O O O O O O O O O O O O O O O O O O O O O,O O O O O O O O O O O O O O O O O O O O O O O O O O O O O O O O O O
1891,"ĠI Ġfelt Ġenormous Ġpressure Ġwhen ĠI Ġd ined Ġwith Ġhim Ġand Ġit Ġwas Ġnothing Ġbut Ġpain ,"" ĠTs uts umi Ġtold Ġa Ġweekly Ġmagazine Ġin Ġ1987 . Ġ""",O O O O O O O O O O O O O O O O O B-BUSINESS-EXECUTIVE-MANAGER I-BUSINESS-EXECUTIVE-MANAGER I-BUSINESS-EXECUTIVE-MANAGER O O O O O O O O,O O O O O O O O O O O O O O O O O B-ATHLETE I-ATHLETE I-ATHLETE O O O O O O O O
1892,ĠHe Ġsc olded Ġme Ġfor Ġpouring Ġtoo Ġmuch Ġsoy Ġsauce Ġor Ġtold Ġme Ġfruit Ġwas Ġnot Ġfor Ġchildren .,O O O O O O O O O O O O O O O O O O O,O O O O O O O O O O O O O O O O O O O
1893,"ĠHe Ġdidn 't Ġlet Ġme Ġuse Ġthe Ġsilk Ġfut on , Ġsaying Ġit 's Ġa Ġluxury .""",O O O O O O O O O O O O O O O O O,O O O O O O O O O O O O O O O O O
1894,ĠThere Ġhave Ġbeen Ġcorporate Ġgovernance Ġissues Ġat Ġsome Ġother ĠJapanese Ġcompanies Ġtoo .,O O O O O O O O O O O O O,O O O O O O O O O O O O O
1895,"ĠLast Ġyear , Ġtwelve Ġmanagers Ġfrom ĠMits ub ishi ĠMotors Ġwere Ġcharged Ġwith Ġcovering Ġup Ġsafety Ġdefects Ġin Ġtheir Ġvehicles Ġand Ġthree Ġexecutives Ġfrom ĠJapan 's Ġtroubled ĠU F J Ġbank Ġwere Ġcharged Ġwith Ġconce aling Ġthe Ġextent Ġof Ġthe Ġbank 's Ġbad Ġloans .",O O O O O O O O O O O O O O O O O O O O O O O O O O O O O O O O O O O O O O O O O O O O O,O O O O O O O O O O O O O O O O O O O O O O O O O O O O O O O O O O O O O O O O O O O O O
1896,ĠSet Ġyour Ġtelevision Ġto Ġwow Ċ Ċ Te levision Ġstarted Ġoff Ġas Ġa Ġmagical Ġblurry Ġimage .,O O O O O O O O O O O O O O O O O,O O O O O O O O O O O O O O O O O
1897,"ĠThen Ġcame Ġthe Ġsharp ness , Ġthe Ġcolour Ġand Ġthe Ġw ides creen Ġformat .",O O O O O O O O O O O O O O O,O O O O O O O O O O O O O O O
1898,"ĠNow Ġthe ĠTV Ġset Ġis Ġtaking Ġanother Ġleap Ġforward Ġinto Ġa Ġcrystal Ġclear Ġfuture , Ġalthough Ġthose Ġin ĠEurope Ġwill Ġhave Ġto Ġbe Ġpatient .",O O O O O O O O O O O O O O O O O O O O O O O O O,O O O O O O O O O O O O O O O O O O O O O O O O O
1899,"Ġ Ċ Ċ After Ġyears Ġof Ġbuzz Ġabout Ġhigh - definition ĠTV Ġ( HD TV ) Ġit Ġis Ġfinally Ġtaking Ġoff Ġin Ġa Ġhandful Ġof Ġcountries Ġaround Ġthe Ġworld , Ġmainly Ġthe ĠUS Ġand ĠJapan .",O O O O O O O O O O O O O O O O O O O O O O O O O O O O O O O O O O O O,O O O O O O O O O O O O O O O O O O O O O O O O O O O O O O O O O O O O
1900,"ĠIf Ġyou Ġbelieve Ġthe Ġhype , Ġthen ĠHD TV Ġwill Ġso Ġwow Ġyou , Ġthat Ġyou Ġwill Ġnever Ġwant Ġto Ġgo Ġback Ġto Ġyour Ġold Ġtell y . Ġ""",O O O O O O O O O O O O O O O O O O O O O O O O O O O O O,O O O O O O O O O O O O O O O O O O O O O O O O O O O O O
1901,"ĠHD TV Ġis Ġjust Ġthe Ġlatest Ġmust - have Ġtechnology Ġin Ġviewers ' Ġhomes ,"" Ġsays ĠJo ĠFla herty , Ġa Ġsenior Ġbroadcaster Ġwith Ġthe ĠCBS Ġnetwork Ġin Ġthe ĠUS .",O O O O O O O O O O O O O O O O B-PUBLIC-FIGURE I-PUBLIC-FIGURE I-PUBLIC-FIGURE O O O O O O O O O O O O,O O O O O O O O O O O O O O O O B-PUBLIC-FIGURE I-PUBLIC-FIGURE I-PUBLIC-FIGURE O O O O O O O O O O O O
1902,"ĠAll Ġtelevision Ġimages Ġare Ġmade Ġup Ġof Ġpixels , Ġgoing Ġacross Ġthe Ġscreen , Ġand Ġscan Ġlines Ġgoing Ġdown .",O O O O O O O O O O O O O O O O O O O O,O O O O O O O O O O O O O O O O O O O O
1903,ĠBritish ĠTV Ġpictures Ġare Ġmade Ġup Ġof Ġ625 Ġlines Ġand Ġabout Ġ700 Ġpixels .,O O O O O O O O O O O O O O,O O O O O O O O O O O O O O
1904,"ĠBy Ġcontrast , ĠHD TV Ġoffers Ġup Ġto Ġ1 , 080 Ġactive Ġlines , Ġwith Ġeach Ġline Ġmade Ġup Ġof Ġ1 , 920 Ġpixels .",O O O O O O O O O O O O O O O O O O O O O O O O O,O O O O O O O O O O O O O O O O O O O O O O O O O
1905,ĠThe Ġresult Ġis Ġa Ġpicture Ġwhich Ġcan Ġbe Ġup Ġto Ġsix Ġtimes Ġas Ġsharp Ġas Ġstandard ĠTV .,O O O O O O O O O O O O O O O O O O,O O O O O O O O O O O O O O O O O O
1906,"ĠBut Ġto Ġget Ġthe Ġfull Ġimpact , Ġprogrammes Ġneed Ġto Ġbe Ġbroadcast Ġin Ġthis Ġformat Ġand Ġyou Ġneed Ġa ĠHD TV Ġset Ġto Ġreceive Ġthem .",O O O O O O O O O O O O O O O O O O O O O O O O O O,O O O O O O O O O O O O O O O O O O O O O O O O O O
1907,ĠMost Ġnew Ġcomputer Ġdisplays Ġare Ġalready Ġcapable Ġof Ġhandling Ġhigh - resolution Ġpictures .,O O O O O O O O O O O O O O,O O O O O O O O O O O O O O
1908,"ĠView ers Ġin ĠJapan , Ġthe ĠUS , ĠAustralia , ĠCanada Ġand ĠSouth ĠKorea Ġare Ġalready Ġembracing Ġthe Ġnew ĠTV Ġtechnology , Ġwith Ġa Ġselection Ġof Ġprim etime Ġprogrammes Ġbeing Ġbroadcast Ġin Ġthe Ġnew Ġformat , Ġwhich Ġincludes Ġ5 . 1 Ġdigital Ġsurround Ġsound .",O O O O O O O O O O O O O O O O O O O O O O O O O O O O O O O O O O O O O O O O O O O O O,O O O O O O O O O O O O O O O O O O O O O O O O O O O O O O O O O O O O O O O O O O O O O
1909,Ġ Ċ Ċ But ĠTV Ġviewers Ġin ĠEurope Ġwill Ġhave Ġto Ġwait Ġto Ġenjoy Ġthe Ġeye - bl asting Ġhigh - definition Ġimages .,O O O O O O O O O O O O O O O O O O O O O O O O,O O O O O O O O O O O O O O O O O O O O O O O O
1910,"Ġ Ċ Ċ Many Ġhigh - end ĠEuropean ĠTV Ġprogrammes , Ġsuch Ġas Ġthe Ġrecent ĠAthens ĠOlympics , Ġare Ġalready Ġbeing Ġproduced Ġin Ġhigh - definition .",O O O O O O O O O O O O O O O O O O O O O O O O O O O,O O O O O O O O O O O O O O O O O O O O O O O O O O O
1911,ĠBut Ġthey Ġstill Ġreach Ġyour Ġscreen Ġin Ġthe Ġold Ġ625 Ġlines .,O O O O O O O O O O O O,O O O O O O O O O O O O
1912,ĠThe Ġprospects Ġfor Ġgetting Ġsharper Ġimages Ġsoon Ġdo Ġnot Ġseem Ġvery Ġencouraging .,O O O O O O O O O O O O O,O O O O O O O O O O O O O
1913,"ĠAccording Ġto Ġconsultants ĠStrategy ĠAnalytics , Ġonly Ġ12 % Ġof Ġhomes Ġin ĠEurope Ġwill Ġhave ĠTVs Ġcapable Ġof Ġshowing Ġprogrammes Ġin Ġhigh - definition Ġby Ġ2008 .",O O O O O O O O O O O O O O O O O O O O O O O O O O O,O O O O O O O O O O O O O O O O O O O O O O O O O O O
1914,ĠBut Ġthe ĠHD TV Ġhype Ġspilling Ġout Ġof Ġthe ĠUS Ġand ĠJapan Ġhas Ġspurred ĠEuropean Ġbroadcasters Ġand Ġconsumer Ġelectronic Ġcompanies Ġto Ġpush Ġfor Ġchange .,O O O O O O O O O O O O O O O O O O O O O O O O O,O O O O O O O O O O O O O O O O O O O O O O O O O
1915,ĠBig Ġsports Ġand Ġentertainment Ġevents Ġare Ġset Ġto Ġhelp Ġtrigger Ġthe Ġgeneral Ġpublic 's Ġattention .,O O O O O O O O O O O O O O O O,O O O O O O O O O O O O O O O O
1916,ĠThe Ġ2006 ĠWorld ĠCup Ġin ĠGermany Ġwill Ġbe Ġbroadcast Ġin Ġhigh - definition .,O O O O O O O O O O O O O O,O O O O O O O O O O O O O O
1917,"Ġ Ċ Ċ In Ġthe ĠUK , Ġsatellite Ġbroadcaster ĠB Sky B Ġis Ġplanning ĠHD TV Ġservices Ġin Ġ2006 .",O O O O O O O O O O O O O O O O O O O O,O O O O O O O O O O O O O O O O O O O O
1918,ĠThere Ġis Ġalready Ġa ĠHD TV Ġservice Ġin ĠEurope Ġcalled ĠEuro 1080 .,O O O O O O O O O O O O O,O O O O O O O O O O O O O
1919,"ĠOther ĠEuropean Ġbroadcasters , Ġespecially Ġin ĠFrance Ġand ĠGermany , Ġalso Ġaiming Ġto Ġlaunch Ġsimilar Ġservices .",O O O O O O O O O O O O O O O O O,O O O O O O O O O O O O O O O O O
1920,"Ġ Ċ Ċ In ĠBritain , Ġdigital Ġsatellite Ġand Ġcable Ġare Ġlargely Ġseen Ġas Ġthe Ġnatural Ġhome Ġfor ĠHD TV , Ġat Ġleast Ġwhile Ġa Ġdecision Ġis Ġtaken Ġregarding Ġterrestrial Ġbroadcast Ġoptions .",O O O O O O O O O O O O O O O O O O O O O O O O O O O O O O O O O,O O O O O O O O O O O O O O O O O O O O O O O O O O O O O O O O O
1921,ĠThe Ġcommunications Ġwatchdog ĠOf com Ġcould Ġhand Ġover Ġsome Ġterrestrial Ġfrequencies Ġfreed Ġup Ġwhen Ġthe ĠUK Ġswitches Ġoff Ġits Ġanalogue ĠTV Ġsignal .,O O O O O O O O O O O O O O O O O O O O O O O,O O O O O O O O O O O O O O O O O O O O O O O
1922,"ĠFor Ġnow , Ġbroadcasters Ġlike Ġthe ĠBBC Ġare Ġworking Ġon Ġtheir Ġown ĠHD TV Ġplans , Ġalthough Ġwith Ġno Ġlaunch Ġdate Ġin Ġsight . Ġ""",O O O O O O O O O O O O O O O O O O O O O O O O O,O O O O O O O O O O O O O O O O O O O O O O O O O
1923,"ĠThe ĠBBC Ġwill Ġstart Ġbroadcasting Ġin ĠHD TV Ġwhen Ġthe Ġtime Ġis Ġright , Ġand Ġit Ġwould Ġnot Ġbe Ġjust Ġa Ġshowcase , Ġbut Ġa Ġwhole Ġset Ġof Ġprogramming ,"" Ġsays ĠAndy ĠQuest ed , Ġfrom Ġthe ĠBBC 's Ġhigh - definition Ġsupport Ġgroup . Ġ""",O O O O O O O O O O O O O O O O O O O O O O O O O O O O O O O B-PUBLIC-FIGURE I-PUBLIC-FIGURE I-PUBLIC-FIGURE O O O O O O O O O O O O,O O O O O O O O O O O O O O O O O O O O O O O O O O O O O O O B-PUBLIC-FIGURE I-PUBLIC-FIGURE I-PUBLIC-FIGURE O O O O O O O O O O O O
1924,"ĠWe Ġhave Ġmade Ġthe Ġcommitment Ġto Ġproduce Ġall Ġour Ġoutput Ġin Ġhigh - definition Ġby Ġ2010 , Ġwhich Ġwould Ġput Ġus Ġon Ġthe Ġleading Ġedge .""",O O O O O O O O O O O O O O O O O O O O O O O O O O,O O O O O O O O O O O O O O O O O O O O O O O O O O
1925,ĠOne Ġof Ġthe Ġoptions Ġunder Ġconsideration Ġis Ġto Ġoffer Ġhigh - definition Ġpictures Ġon Ġthe Ġweb .,O O O O O O O O O O O O O O O O O,O O O O O O O O O O O O O O O O O
1926,"ĠThe ĠBBC Ġhas Ġalready Ġdipped Ġits Ġtoe Ġinto Ġthis , Ġincluding Ġsome ĠHD TV Ġcontent Ġin Ġrecent Ġtrials Ġof Ġits Ġinteractive Ġmedia Ġplayer Ġ- Ġa Ġvideo Ġplayer Ġfor ĠPCs .",O O O O O O O O O O O O O O O O O O O O O O O O O O O O O O,O O O O O O O O O O O O O O O O O O O O O O O O O O O O O O
1927,ĠIt Ġis Ġplanning Ġto Ġoffer Ġspecial Ġreleases Ġof Ġselected Ġflagship Ġprogrammes Ġonline Ġin Ġthe Ġnear Ġfuture .,O O O O O O O O O O O O O O O O O,O O O O O O O O O O O O O O O O O
1928,"ĠAccording Ġto ĠMr ĠQuest ed , Ġthis Ġcould Ġhelp Ġput ĠEurope Ġback Ġinto Ġthe Ġrunning Ġin Ġthe Ġrace Ġto Ġswitch Ġto ĠHD TV .",O O O O O O O O O O O O O O O O O O O O O O O O,O O O B-BUSINESS-EXECUTIVE-MANAGER I-BUSINESS-EXECUTIVE-MANAGER O O O O O O O O O O O O O O O O O O O
1929,"ĠThis Ġis Ġbacked Ġby Ġrecent Ġresearch Ġwhich Ġsuggests Ġthat Ġthe Ġnumber Ġof ĠEuropeans Ġwith Ġbroadband Ġhas Ġexploded Ġover Ġthe Ġpast Ġ12 Ġmonths , Ġwith Ġthe Ġweb Ġeating Ġinto ĠTV Ġviewing Ġhabits .",O O O O O O O O O O O O O O O O O O O O O O O O O O O O O O O O,O O O O O O O O O O O O O O O O O O O O O O O O O O O O O O O O
1930,ĠEb bers Ġdenies ĠWorld Com Ġfraud Ċ Ċ Former ĠWorld Com Ġchief ĠBernie ĠEb bers Ġhas Ġdenied Ġclaims Ġthat Ġhe Ġknew Ġaccount ants Ġwere Ġdoctor ing Ġthe Ġbooks Ġat Ġthe Ġfirm .,O O O O O O O O O O O O B-BUSINESS-EXECUTIVE-MANAGER I-BUSINESS-EXECUTIVE-MANAGER I-BUSINESS-EXECUTIVE-MANAGER O O O O O O O O O O O O O O O O O,B-BUSINESS-EXECUTIVE-MANAGER I-BUSINESS-EXECUTIVE-MANAGER O O O O O O O O O O B-BUSINESS-EXECUTIVE-MANAGER I-BUSINESS-EXECUTIVE-MANAGER I-BUSINESS-EXECUTIVE-MANAGER O O O O O O O O O O O O O O O O O
1931,"Ġ Ċ Ċ Speaking Ġin Ġcourt , ĠMr ĠEb bers Ġrejected Ġallegations Ġhe Ġpressured Ġex - chief Ġfinancial Ġofficer ĠScott ĠSullivan Ġto Ġfals ify Ġcompany Ġfinancial Ġstatements .",O O O O O O O O O O O O O O O O O O O B-BUSINESS-EXECUTIVE-MANAGER I-BUSINESS-EXECUTIVE-MANAGER O O O O O O O,O O O O O O O O B-BUSINESS-EXECUTIVE-MANAGER I-BUSINESS-EXECUTIVE-MANAGER O O O O O O O O O B-BUSINESS-EXECUTIVE-MANAGER I-BUSINESS-EXECUTIVE-MANAGER O O O O O O O
1932,"ĠMr ĠSullivan Ġ"" made Ġaccounting Ġdecisions ,"" Ġhe Ġtold Ġthe Ġfederal Ġcourt , Ġsaying Ġhis Ġfinance Ġchief Ġhad Ġ"" a Ġkeen Ġcommand Ġof Ġthe Ġnumbers "".",O O O O O O O O O O O O O O O O O O O O O O O O O O,O B-BUSINESS-EXECUTIVE-MANAGER O O O O O O O O O O O O O O O O O O O O O O O O
1933,ĠMr ĠEb bers Ġhas Ġdenied Ġcharges Ġof Ġfraud Ġand Ġconspiracy .,O O O O O O O O O O O,O B-BUSINESS-EXECUTIVE-MANAGER I-BUSINESS-EXECUTIVE-MANAGER O O O O O O O O
1934,ĠDuring Ġhis Ġsecond Ġday Ġof Ġquestioning Ġin Ġthe ĠNew ĠYork Ġtrial ĠMr ĠEb bers Ġplayed Ġdown Ġhis Ġworking Ġrelationship Ġwith ĠMr ĠSullivan Ġand Ġdenied Ġhe Ġfrequently Ġmet Ġhim Ġto Ġdiscuss Ġcompany Ġbusiness Ġwhen Ġquestioned Ġby Ġthe Ġprosecution .,O O O O O O O O O O O O O O O O O O O O O O O O O O O O O O O O O O O O O O,O O O O O O O O O O O O B-BUSINESS-EXECUTIVE-MANAGER I-BUSINESS-EXECUTIVE-MANAGER O O O O O O O B-BUSINESS-EXECUTIVE-MANAGER O O O O O O O O O O O O O O O O
1935,"Ġ Ċ Ċ "" In Ġa Ġlot Ġof Ġweeks , Ġwe Ġwould Ġspeak Ġ... Ġthree Ġor Ġfour Ġtimes ,"" ĠMr ĠEb bers Ġsaid , Ġadding Ġthat Ġconversations Ġabout Ġfinances Ġwere Ġrarely Ġone - on - one Ġand Ġwere Ġusually Ġdiscussed Ġby Ġa Ġ"" group Ġof Ġpeople "" Ġinstead .",O O O O O O O O O O O O O O O O O O O O O O O O O O O O O O O O O O O O O O O O O O O O O O O O O,O O O O O O O O O O O O O O O O O O O O B-BUSINESS-EXECUTIVE-MANAGER I-BUSINESS-EXECUTIVE-MANAGER O O O O O O O O O O O O O O O O O O O O O O O O O O O
1936,Ġ Ċ Ċ Mr ĠEb bers Ġrelationship Ġto ĠMr ĠSullivan Ġis Ġkey Ġto Ġthe Ġcase Ġsurrounding Ġfinancial Ġcorruption Ġthat Ġled Ġto Ġthe Ġcollapse Ġof Ġthe Ġfirm Ġin Ġ2002 Ġfollowing Ġthe Ġdiscovery Ġof Ġan Ġ$ 11 bn Ġaccounting Ġfraud .,O O O O O O O O O O O O O O O O O O O O O O O O O O O O O O O O O O O O O O O,O O O O B-BUSINESS-EXECUTIVE-MANAGER I-BUSINESS-EXECUTIVE-MANAGER O O O B-BUSINESS-EXECUTIVE-MANAGER O O O O O O O O O O O O O O O O O O O O O O O O O O O O O
1937,"ĠThe Ġprosecution 's Ġstar Ġwitness Ġis ĠMr ĠSullivan , Ġone Ġof Ġsix ĠWorld Com Ġexecutives Ġindicted Ġin Ġthe Ġcase , ĠHe Ġhas Ġpleaded Ġguilty Ġto Ġfraud Ġand Ġappeared Ġas Ġa Ġprosecution Ġwitness Ġas Ġpart Ġof Ġan Ġagreement Ġwith Ġprosecutors .",O O O O O O O O O O O O O O O O O O O O O O O O O O O O O O O O O O O O O O O O,O O O O O O O B-BUSINESS-EXECUTIVE-MANAGER O O O O O O O O O O O O O O O O O O O O O O O O O O O O O O O O
1938,"ĠDuring Ġhis Ġtime Ġon Ġthe Ġwitness Ġstand ĠMr ĠSullivan Ġrepeatedly Ġtold Ġjurors Ġhe Ġmet Ġfrequently Ġwith ĠMr ĠEb bers , Ġtold Ġhim Ġabout Ġchanges Ġmade Ġto ĠWorld Com 's Ġaccounts Ġto Ġhide Ġcosts Ġand Ġhad Ġwarned Ġhim Ġsuch Ġpract ises Ġwere Ġimproper .",O O O O O O O O O O O O O O O O O O O O O O O O O O O O O O O O O O O O O O O O O O O,O O O O O O O O B-BUSINESS-EXECUTIVE-MANAGER O O O O O O O O B-BUSINESS-EXECUTIVE-MANAGER I-BUSINESS-EXECUTIVE-MANAGER O O O O O O O O O O O O O O O O O O O O O O O O
1939,"ĠHowever Ġduring Ġthe Ġcase Ġon ĠTuesday ĠMr ĠEb bers Ġdenied Ġthe Ġallegations . Ġ""",O O O O O O O O O O O O O O,O O O O O O O B-BUSINESS-EXECUTIVE-MANAGER I-BUSINESS-EXECUTIVE-MANAGER O O O O O
1940,"ĠI Ġwasn 't Ġadvised Ġby ĠScott ĠSullivan Ġof Ġanything Ġever Ġbeing Ġwrong ,"" Ġhe Ġtold Ġthe Ġcourt . Ġ""",O O O O O B-BUSINESS-EXECUTIVE-MANAGER I-BUSINESS-EXECUTIVE-MANAGER O O O O O O O O O O O O,O O O O O B-PUBLIC-FIGURE I-PUBLIC-FIGURE O O O O O O O O O O O O
1941,ĠHe 's Ġnever Ġtold Ġme Ġhe Ġmade Ġan Ġentry Ġthat Ġwasn 't Ġright .,O O O O O O O O O O O O O O,O O O O O O O O O O O O O O
1942,"ĠIf Ġhe Ġhad , Ġwe Ġwouldn 't Ġbe Ġhere Ġtoday .""",O O O O O O O O O O O,O O O O O O O O O O O
1943,ĠMr ĠEb bers Ġcould Ġface Ġa Ġjail Ġsentence Ġof Ġup Ġto Ġ85 Ġyears Ġif Ġconvicted Ġof Ġall Ġthe Ġcharges Ġhe Ġis Ġfacing .,O O O O O O O O O O O O O O O O O O O O O O O,O B-BUSINESS-EXECUTIVE-MANAGER I-BUSINESS-EXECUTIVE-MANAGER O O O O O O O O O O O O O O O O O O O O
1944,"ĠShare holders Ġlost Ġabout Ġ$ 180 bn Ġin ĠWorld Com 's Ġcollapse , Ġ20 , 000 Ġworkers Ġlost Ġtheir Ġjobs Ġand Ġthe Ġcompany Ġwent Ġbankrupt .",O O O O O O O O O O O O O O O O O O O O O O O O O O,O O O O O O O O O O O O O O O O O O O O O O O O O O
1945,ĠThe Ġcompany Ġemerged Ġfrom Ġbankruptcy Ġlast Ġyear Ġand Ġis Ġnow Ġknown Ġas ĠMC I .,O O O O O O O O O O O O O O O,O O O O O O O O O O O O O O O
1946,ĠShark ĠTale ĠDVD Ġis ĠUS Ġbest - seller Ċ Ċ O scar - nom inated Ġanimation ĠShark ĠTale Ġhas Ġr aked Ġin Ġ$ 80 m Ġ(Â£ 42 . 4 m ) Ġin Ġthe Ġfirst Ġweek Ġof Ġits ĠUS ĠDVD Ġrelease Ġbecoming Ġthe Ġyear 's Ġbest - selling Ġhome Ġvideo Ġso Ġfar .,O O O O O O O O O O O O O O O O O O O O O O O O O O O O O O O O O O O O O O O O O O O O O O O O O O O O,O O O O O O O O O O O O O O O O O O O O O O O O O O O O O O O O O O O O O O O O O O O O O O O O O O O O
1947,Ġ Ċ Ċ The Ġtally Ġfor Ġits ĠDVD Ġand Ġvideo Ġsales Ġsoared Ġpast Ġthe Ġfilm 's Ġopening Ġweek ĠUS Ġbox Ġoffice Ġt akings Ġof Ġ$ 56 m Ġ(Â£ 29 . 7 m ).,O O O O O O O O O O O O O O O O O O O O O O O O O O O O O O O O O,O O O O O O O O O O O O O O O O O O O O O O O O O O O O O O O O O
1948,ĠShark ĠTale Ġis Ġnow Ġthe Ġsixth - highest Ġearning ĠDVD Ġfor Ġfirst Ġweek Ġsales .,O O O O O O O O O O O O O O O,O O O O O O O O O O O O O O O
1949,"ĠThe Ġall - time Ġfirst - week Ġrecord Ġis Ġheld Ġby Ġ1995 's ĠLion ĠKing Ġfollowed Ġby ĠSh rek Ġ2 , ĠFinding ĠNem o , Ġthe Ġoriginal ĠSh rek , Ġand ĠMonster 's ĠInc . Ċ Ċ Sh ark ĠTale , Ġwhose Ġvoice Ġcast Ġincludes ĠWill ĠSmith , ĠRobert ĠDe ĠN iro , ĠRen ee ĠZ ell we ger Ġand ĠMartin ĠSc ors ese , Ġsold Ġmore Ġthan Ġ6 Ġmillion ĠDVDs Ġand Ġvideos Ġacross Ġthe ĠUnited ĠStates Ġand ĠCanada .",O O O O O O O O O O O O O O O O O O O O O O O O O O O O O O O O O O O O O O O O O O O O O B-ACTOR-DIRECTOR I-ACTOR-DIRECTOR O B-ACTOR-DIRECTOR I-ACTOR-DIRECTOR I-ACTOR-DIRECTOR I-ACTOR-DIRECTOR O B-ACTOR-DIRECTOR I-ACTOR-DIRECTOR I-ACTOR-DIRECTOR I-ACTOR-DIRECTOR I-ACTOR-DIRECTOR I-ACTOR-DIRECTOR O B-ACTOR-DIRECTOR I-ACTOR-DIRECTOR I-ACTOR-DIRECTOR I-ACTOR-DIRECTOR O O O O O O O O O O O O O O O O,O O O O O O O O O O O O O O O O O O O O O O O O O O O O O O O O O O O O O O O O O O O O O B-ACTOR-DIRECTOR I-ACTOR-DIRECTOR O B-ACTOR-DIRECTOR I-ACTOR-DIRECTOR I-ACTOR-DIRECTOR I-ACTOR-DIRECTOR O B-ACTOR-DIRECTOR I-ACTOR-DIRECTOR I-ACTOR-DIRECTOR I-ACTOR-DIRECTOR I-ACTOR-DIRECTOR I-ACTOR-DIRECTOR O B-ACTOR-DIRECTOR I-ACTOR-DIRECTOR I-ACTOR-DIRECTOR I-ACTOR-DIRECTOR O O O O O O O O O O O O O O O O
1950,"ĠIt Ġbecomes Ġthe Ġhighest Ġfirst - week Ġear ner Ġfor ĠFebruary , Ġout sh ining ĠMy ĠBig ĠFat ĠGreek ĠWedding Ġwhich Ġsold Ġfour Ġmillion Ġunits Ġin Ġ2003 .",O O O O O O O O O O O O O O O O O O O O O O O O O O O O,O O O O O O O O O O O O O O O O O O O O O O O O O O O O
1951,ĠFilms Ġwhich Ġare Ġexpected Ġto Ġearn Ġstrong Ġhome Ġvideo Ġreturns Ġare Ġusually Ġtimed Ġfor Ġrelease Ġin Ġthe Ġbusiest Ġretail Ġseason Ġwhich Ġfalls Ġbefore ĠChristmas .,O O O O O O O O O O O O O O O O O O O O O O O O O,O O O O O O O O O O O O O O O O O O O O O O O O O
1952,"ĠThe Ġbest - selling Ġhome Ġvideo Ġof Ġlast Ġyear Ġwas Ġthe ĠDream works Ġhit ĠSh rek Ġ2 , Ġwhich Ġtook Ġan Ġestimated Ġ$ 458 Ġm Ġ(Â£ 242 . 7 m ) Ġin ĠNorth ĠAmerica Ġalone .",O O O O O O O O O O O O O O O O O O O O O O O O O O O O O O O O O O O O,O O O O O O O O O O O B-MUSICIAN O O O O O O O O O O O O O O O O O O O O O O O O
1953,ĠHong ĠKong Ġin Ġ2011 ĠWorld ĠCup Ġbid Ċ Ċ Hong ĠKong Ġis Ġhoping Ġto Ġjoin ĠJapan Ġas Ġco - host Ġof Ġthe Ġ2011 ĠRugby ĠWorld ĠCup .,O O O O O O O O O O O O O O O O O O O O O O O O O O O,O O O O O O O O O O O O O O O O O O O O O O O O O O O
1954,"Ġ Ċ Ċ Japan Ġhas Ġapplied Ġto Ġhost Ġthe Ġtournament Ġon Ġits Ġown , Ġwith Ġthe Ġaim Ġof Ġtaking Ġit Ġoutside Ġrugby 's Ġtraditional Ġstrongh olds Ġfor Ġthe Ġfirst Ġtime .",O O O O O O O O O O O O O O O O O O O O O O O O O O O O O O O,O O O O O O O O O O O O O O O O O O O O O O O O O O O O O O O
1955,ĠBut ĠHong ĠKong ĠRugby ĠFootball ĠUnion Ġ( H KR FU ) Ġchairman ĠJohn ĠM oll oy Ġhas Ġcalled Ġfor Ġthe Ġterritory Ġto Ġhost Ġone Ġof Ġthe Ġpools Ġand Ġa Ġquarter - final .,O O O O O O O O O O O O B-BUSINESS-EXECUTIVE-MANAGER I-BUSINESS-EXECUTIVE-MANAGER I-BUSINESS-EXECUTIVE-MANAGER I-BUSINESS-EXECUTIVE-MANAGER O O O O O O O O O O O O O O O O O,O O O O O O O O O O O O B-PUBLIC-FIGURE I-PUBLIC-FIGURE I-PUBLIC-FIGURE I-PUBLIC-FIGURE O O O O O O O O O O O O O O O O O
1956,"ĠThe ĠJapanese ĠRugby ĠFootball ĠUnion Ġ( J RF U ) Ġsays Ġit Ġhas Ġyet Ġto Ġreceive Ġa Ġformal Ġpresentation Ġfrom Ġthe ĠH KR FU . Ġ""",O O O O O O O O O O O O O O O O O O O O O O O O O O,O O O O O O O O O O O O O O O O O O O O O O O O O O
1957,"ĠAt Ġthis Ġstage , Ġwe Ġare Ġonly Ġconsidering Ġhosting Ġthe Ġevent Ġby Ġourselves ,"" Ġsaid ĠJR FU Ġsecretary ĠKo ji ĠTok um asu . Ġ""",O O O O O O O O O O O O O O O O O O B-BUSINESS-EXECUTIVE-MANAGER I-BUSINESS-EXECUTIVE-MANAGER I-BUSINESS-EXECUTIVE-MANAGER I-BUSINESS-EXECUTIVE-MANAGER I-BUSINESS-EXECUTIVE-MANAGER O O,O O O O O O O O O O O O O O O O O O B-PUBLIC-FIGURE I-PUBLIC-FIGURE I-PUBLIC-FIGURE I-PUBLIC-FIGURE I-PUBLIC-FIGURE O O
1958,"ĠWe Ġcannot Ġexamine Ġany Ġproposal Ġunless Ġwe Ġget Ġit Ġin Ġa Ġdefinitive Ġform .""",O O O O O O O O O O O O O O,O O O O O O O O O O O O O O
1959,ĠJapan Ġfaces Ġstiff Ġcompetition Ġin Ġthe Ġform Ġof ĠSouth ĠAfrica Ġand ĠNew ĠZealand Ġto Ġhost Ġthe Ġevent Ġin Ġseven Ġyears ' Ġtime .,O O O O O O O O O O O O O O O O O O O O O O O,O O O O O O O O O O O O O O O O O O O O O O O
1960,"Ġ Ċ Ċ "" Until Ġnow , Ġthe ĠWorld ĠCup Ġhas Ġbeen Ġheld Ġin Ġcountries Ġfrom Ġthe ĠSix ĠNations Ġor ĠTri - N ations ,"" Ġsaid ĠTok um asu . Ġ""",O O O O O O O O O O O O O O O O O O O O O O O O O O O O O O O,O O O O O O O O O O O O O O O O O O O O O O O O O O B-PUBLIC-FIGURE I-PUBLIC-FIGURE I-PUBLIC-FIGURE O O
1961,"ĠWe Ġthink , Ġand Ġthe ĠIR B Ġthinks , Ġthat Ġit Ġis Ġtime Ġfor Ġrugby Ġto Ġgo Ġglobal . Ġ""",O O O O O O O O O O O O O O O O O O O O,O O O O O O O O O O O O O O O O O O O O
1962,"ĠJapan Ġis Ġready Ġto Ġhost Ġthe Ġtournament Ġand Ġwe Ġare Ġlooking Ġforward Ġto Ġwelcoming Ġthe Ġworld Ġof Ġrugby Ġto ĠJapan .""",O O O O O O O O O O O O O O O O O O O O O,O O O O O O O O O O O O O O O O O O O O O
1963,"ĠTok um asu Ġadded Ġthat Ġthe Ġ2002 Ġfootball ĠWorld ĠCup , Ġco - host ed Ġby ĠJapan Ġand ĠSouth ĠKorea , Ġhad Ġbeen Ġa Ġhuge Ġsuccess . Ġ""",O O O O O O O O O O O O O O O O O O O O O O O O O O O O,B-PUBLIC-FIGURE I-PUBLIC-FIGURE I-PUBLIC-FIGURE O O O O O O O O O O O O O O O O O O O O O O O O O
1964,"ĠAs Ġwell Ġas Ġhaving Ġthe Ġinfrastructure Ġin Ġplace , ĠJapan Ġalso Ġhas Ġthe Ġcommercial Ġclout Ġto Ġhost Ġone Ġof Ġsport 's Ġtop Ġcompetitions ,"" Ġhe Ġsaid .",O O O O O O O O O O O O O O O O O O O O O O O O O O O,O O O O O O O O O O O O O O O O O O O O O O O O O O O
1965,"ĠLast Ġyear , ĠJapan Ġlaunched Ġits Ġfirst Ġprofessional Ġrugby Ġleague Ġand Ġit Ġhas Ġthe Ġfourth Ġlargest Ġnumber Ġof Ġregistered Ġplayers Ġ( 125 , 508 ) Ġin Ġthe Ġworld Ġafter ĠEngland , ĠSouth ĠAfrica Ġand ĠFrance .",O O O O O O O O O O O O O O O O O O O O O O O O O O O O O O O O O O O O,O O O O O O O O O O O O O O O O O O O O O O O O O O O O O O O O O O O O
1966,"ĠIrish Ġduo Ġcould Ġblock ĠMan ĠUt d Ġbid Ċ Ċ Irish men ĠJP ĠMc Man us Ġand ĠJohn ĠMagn ier , Ġwho Ġown Ġa Ġ29 % Ġstake Ġin ĠManchester ĠUnited , Ġwill Ġreportedly Ġreject Ġany Ġformal ĠÂ£ 800 m Ġoffer Ġfor Ġthe Ġclub .",O O O O O O O O O O O O B-BUSINESS-EXECUTIVE-MANAGER I-BUSINESS-EXECUTIVE-MANAGER I-BUSINESS-EXECUTIVE-MANAGER I-BUSINESS-EXECUTIVE-MANAGER O B-BUSINESS-EXECUTIVE-MANAGER I-BUSINESS-EXECUTIVE-MANAGER I-BUSINESS-EXECUTIVE-MANAGER O O O O O O O O O O O O O O O O O O O O O O O O,O O O O O O O O O O O O B-PUBLIC-FIGURE I-PUBLIC-FIGURE I-PUBLIC-FIGURE I-PUBLIC-FIGURE O B-PUBLIC-FIGURE I-PUBLIC-FIGURE I-PUBLIC-FIGURE O O O O O O O O O O O O O O O O O O O O O O O O
1967,Ġ Ċ Ċ The ĠSunday ĠTimes Ġand ĠThe ĠSunday ĠTelegraph Ġsay Ġthey Ġwill Ġoppose Ġany Ġformal ĠÂ£ 800 m Ġtakeover Ġbid Ġfrom ĠUS Ġty coon ĠMal com ĠGl azer .,O O O O O O O O O O O O O O O O O O O O O O O O O B-BUSINESS-EXECUTIVE-MANAGER I-BUSINESS-EXECUTIVE-MANAGER I-BUSINESS-EXECUTIVE-MANAGER I-BUSINESS-EXECUTIVE-MANAGER O,O O O O O O O O O O O O O O O O O O O O O O O O O B-BUSINESS-EXECUTIVE-MANAGER I-BUSINESS-EXECUTIVE-MANAGER I-BUSINESS-EXECUTIVE-MANAGER I-BUSINESS-EXECUTIVE-MANAGER O
1968,ĠMr ĠGl azer Ġgot Ġpermission Ġto Ġlook Ġat Ġthe Ġclub 's Ġaccounts Ġlast Ġweek .,O O O O O O O O O O O O O O O,O B-BUSINESS-EXECUTIVE-MANAGER I-BUSINESS-EXECUTIVE-MANAGER O O O O O O O O O O O O
1969,ĠIrish Ġbillionaires ĠMr ĠMc Man us Ġand ĠMr ĠMagn ier Ġare Ġsaid Ġto Ġbelieve Ġthat Ġan ĠÂ£ 800 m Ġbid Ġunder values Ġclub Ġprospects .,O O O O O O O O O O O O O O O O O O O O O O O O O,O O O B-BUSINESS-EXECUTIVE-MANAGER I-BUSINESS-EXECUTIVE-MANAGER I-BUSINESS-EXECUTIVE-MANAGER O O B-BUSINESS-EXECUTIVE-MANAGER I-BUSINESS-EXECUTIVE-MANAGER O O O O O O O O O O O O O O O
1970,"Ġ Ċ Ċ Mr ĠMagn ier Ġand ĠMr ĠMc Man us , Ġwho Ġhold Ġtheir Ġstake Ġthrough Ġtheir ĠCub ic ĠExpression Ġinvestment Ġvehicle Ġhave Ġthe Ġpower Ġto Ġblock Ġa Ġbid .",O O O O O O O O O O O O O O O O O O O O O O O O O O O O O O O,O O O O B-BUSINESS-EXECUTIVE-MANAGER I-BUSINESS-EXECUTIVE-MANAGER O O B-BUSINESS-EXECUTIVE-MANAGER I-BUSINESS-EXECUTIVE-MANAGER I-BUSINESS-EXECUTIVE-MANAGER O O O O O O O O O O O O O O O O O O O O
1971,"ĠMr ĠGl azer 's Ġfinancial Ġbackers , Ġincluding ĠJP ĠMorgan , Ġthe ĠUS Ġinvestment Ġbank Ġhave Ġsaid Ġthey Ġwon 't Ġback Ġa Ġbid Ġunless Ġit Ġreceives Ġbacking Ġfrom Ġthe Ġowners Ġof Ġat Ġleast Ġ75 % Ġof Ġthe Ġclub 's Ġshares .",O O O O O O O O O O O O O O O O O O O O O O O O O O O O O O O O O O O O O O O O O,O B-BUSINESS-EXECUTIVE-MANAGER I-BUSINESS-EXECUTIVE-MANAGER O O O O O B-BUSINESS-EXECUTIVE-MANAGER I-BUSINESS-EXECUTIVE-MANAGER O O O O O O O O O O O O O O O O O O O O O O O O O O O O O O O
1972,"ĠHowever , Ġthere Ġhas Ġbeen Ġmuch Ġspeculation Ġthat Ġthe ĠIrish Ġduo Ġsimply Ġdo Ġnot Ġthink Ġthe Ġprice Ġoffered Ġ- Ġ300 p Ġa Ġshare Ġ- Ġis Ġhigh Ġenough .",O O O O O O O O O O O O O O O O O O O O O O O O O O O O,O O O O O O O O O O O O O O O O O O O O O O O O O O O O
1973,ĠMr ĠGl azer Ġhas Ġbeen Ġstalking Ġthe Ġpremier Ġleague Ġfootball Ġclub Ġsince Ġ2003 .,O O O O O O O O O O O O O O,O B-BUSINESS-EXECUTIVE-MANAGER I-BUSINESS-EXECUTIVE-MANAGER O O O O O O O O O O O
1974,"Ġ Ċ Ċ Mr ĠMagn ier Ġand ĠMr ĠMc Man us Ġissued Ġa Ġstatement Ġlate Ġon ĠFriday Ġsaying Ġthat Ġthey Ġremained Ġ"" long - term Ġinvestors "" Ġin ĠMan ĠUt d .",O O O O O O O O O O O O O O O O O O O O O O O O O O O O O O O O,O O O O B-BUSINESS-EXECUTIVE-MANAGER I-BUSINESS-EXECUTIVE-MANAGER O O B-BUSINESS-EXECUTIVE-MANAGER I-BUSINESS-EXECUTIVE-MANAGER I-BUSINESS-EXECUTIVE-MANAGER O O O O O O O O O O O O O O O O O O O O O
1975,ĠThe ĠSunday ĠTelegraph Ġsays Ġthe Ġboard Ġof ĠManchester ĠUnited Ġalso Ġconsidered Ġa Ġmanagement Ġbuy out Ġat Ġjust Ġover Ġ300 p Ġbut Ġdid Ġnot Ġgo Ġahead Ġwith Ġit .,O O O O O O O O O O O O O O O O O O O O O O O O O O O O,O O O O O O O O O O O O O O O O O O O O O O O O O O O O
1976,"ĠF ost ers Ġbuys Ġstake Ġin Ġwin emaker Ċ Ċ Australian Ġbrewer ĠF ost ers Ġhas Ġbought Ġa Ġlarge Ġstake Ġin ĠAustralian Ġwin emaker ĠSouth cor p , Ġsparking Ġrumours Ġof Ġa Ġpossible Ġtakeover .",O O O O O O O O O O O O O O O O O O O O O O O O O O O O O O O O O O O,O O O O O O O O O O O O O O O O O O O O O O O O O O O O O O O O O O O
1977,"Ġ Ċ Ċ F ost ers Ġbought Ġ18 . 8 % Ġof ĠSouth cor p , Ġthe Ġglobal Ġwin emaker Ġbehind Ġthe ĠPen f olds , ĠLind em ans Ġand ĠRose mount Ġbrands , Ġfor Ġ4 . 17 ĠAustralian Ġdollars Ġper Ġshare .",O O O O O O O O O O O O O O O O O O O O O O O O O O O O O O O O O O O O O O O O O O O,O O O O O O O O O O O O O O O O O O O O O O O O O O O O O O O O O O O O O O O O O O O
1978,ĠA Ġbid Ġat Ġthat Ġprice Ġwould Ġvalue Ġthe Ġcompany Ġat ĠA $ 3 . 1 bn Ġ($ 2 . 4 bn ; ĠÂ£ 1 . 25 bn Ġ).,O O O O O O O O O O O O O O O O O O O O O O O O O O O O,O O O O O O O O O O O O O O O O O O O O O O O O O O O O
1979,"ĠF ost ers Ġsaid Ġit Ġwas Ġcurrently Ġin Ġdiscussions Ġ"" which Ġmay Ġlead Ġto Ġa Ġmajor Ġcorporate Ġannouncement "".",O O O O O O O O O O O O O O O O O O O,B-PUBLIC-FIGURE I-PUBLIC-FIGURE I-PUBLIC-FIGURE O O O O O O O O O O O O O O O O
1980,"Ġ Ċ Ċ In Ġa Ġseparate Ġstatement , ĠSouth cor p Ġconfirmed Ġthe Ġbrewer Ġhad Ġasked Ġfor Ġtalks .",O O O O O O O O O O O O O O O O O O O,O O O O O O O O B-PUBLIC-FIGURE I-PUBLIC-FIGURE I-PUBLIC-FIGURE O O O O O O O O
1981,ĠBoth Ġfirms Ġasked Ġthe ĠSydney Ġstock Ġmarket Ġto Ġsuspend Ġtrading Ġin Ġtheir Ġshares Ġuntil ĠMonday .,O O O O O O O O O O O O O O O O,O O O O O O O O O O O O O O O O
1982,ĠSouth cor p 's Ġshares Ġwere Ġsuspended Ġat ĠA $ 4 . 25 .,O O O O O O O O O O O O O O,B-ATHLETE I-ATHLETE I-ATHLETE O O O O O O O O O O O
1983,"Ġ Ċ Ċ F ost ers Ġbought Ġthe Ġ18 . 8 % Ġstake Ġfrom ĠR eline ĠInvestments , Ġthe Ġfamily Ġinvestment Ġfirm Ġfor Ġthe ĠO at leys , Ġwho Ġfounded Ġthe ĠRose mount ĠEst ates Ġlabel Ġand Ġsold Ġit Ġto ĠSouth cor p Ġin Ġ2001 .",O O O O O O O O O O O O O O O O O O O O O O O O O O O O O O O O O O O O O O O O O O O O O O,O O O O O O O O O O O O O O O B-BUSINESS-EXECUTIVE-MANAGER O O O O O O O O O O O O O O O O O O O O O O O O O O O O O O
1984,ĠRobert ĠO at ley Ġand Ġhis Ġson ĠSandy ĠO at ley Ġhave Ġboth Ġresigned Ġfrom ĠSouth cor p 's Ġboard Ġfollowing Ġthe Ġshare Ġdeal .,B-BUSINESS-EXECUTIVE-MANAGER I-BUSINESS-EXECUTIVE-MANAGER I-BUSINESS-EXECUTIVE-MANAGER I-BUSINESS-EXECUTIVE-MANAGER O O O B-BUSINESS-EXECUTIVE-MANAGER I-BUSINESS-EXECUTIVE-MANAGER I-BUSINESS-EXECUTIVE-MANAGER I-BUSINESS-EXECUTIVE-MANAGER O O O O O O O O O O O O O O,B-BUSINESS-EXECUTIVE-MANAGER I-BUSINESS-EXECUTIVE-MANAGER I-BUSINESS-EXECUTIVE-MANAGER I-BUSINESS-EXECUTIVE-MANAGER O O O B-BUSINESS-EXECUTIVE-MANAGER I-BUSINESS-EXECUTIVE-MANAGER I-BUSINESS-EXECUTIVE-MANAGER I-BUSINESS-EXECUTIVE-MANAGER O O O O O O O O O O O O O O
1985,"ĠSouth cor p Ġemploys Ġ2 , 700 Ġpeople Ġand Ġis Ġthe Ġlargest Ġsingle Ġinvestor Ġin Ġrural ĠAustralia , Ġaccording Ġto Ġits Ġwebsite .",O O O O O O O O O O O O O O O O O O O O O O O,O O O O O O O O O O O O O O O O O O O O O O O
1986,"ĠThe Ġprospect Ġof ĠF ost ers Ġlaunching Ġa Ġmajor Ġacquisition Ġstartled Ġinvestors , Ġas Ġthe Ġbrewer Ġsaid Ġlast Ġsummer Ġthat Ġit Ġwas Ġnot Ġlooking Ġto Ġexpand Ġthrough Ġa Ġbig Ġbuy Ġin Ġthe Ġnear Ġfuture .",O O O O O O O O O O O O O O O O O O O O O O O O O O O O O O O O O O O,O O O B-BUSINESS-EXECUTIVE-MANAGER I-BUSINESS-EXECUTIVE-MANAGER I-BUSINESS-EXECUTIVE-MANAGER O O O O O O O O O O O O O O O O O O O O O O O O O O O O O
1987,"ĠIt Ġhas Ġcash Ġavailable , Ġafter Ġgetting ĠA $ 8 46 m Ġfrom Ġselling Ġproperty Ġbusiness ĠLens worth , Ġbut Ġit Ġhas Ġbeen Ġwidely Ġexpected Ġto Ġreturn Ġcash Ġto Ġshareholders .",O O O O O O O O O O O O O O O O O O O O O O O O O O O O O O O,O O O O O O O O O O O O O O O O O O O O O O O O O O O O O O O
1988,"Ġ Ċ Ċ "" People Ġwill Ġscratching Ġtheir Ġheads Ġover Ġthis Ġone .",O O O O O O O O O O O O O,O O O O O O O O O O O O O
1989,"ĠF ost ers Ġhas Ġdone Ġa Ġback - fl ip "", Ġsaid ĠShawn ĠBurns , Ġa Ġfund Ġman ger Ġat ĠDeutsche ĠAsset ĠManagement .",O O O O O O O O O O O O B-PUBLIC-FIGURE I-PUBLIC-FIGURE O O O O O O O O O O,O O O O O O O O O O O O B-BUSINESS-EXECUTIVE-MANAGER I-BUSINESS-EXECUTIVE-MANAGER O O O O O O O O O O
1990,ĠSouth cor p 's Ġshares Ġhave Ġrisen Ġin Ġrecent Ġmonths Ġon Ġspeculation Ġthat Ġit Ġcould Ġbecome Ġa Ġtakeover Ġtarget .,O O O O O O O O O O O O O O O O O O O O,O O O O O O O O O O O O O O O O O O O O
1991,"ĠIt Ġspent Ġtwo Ġyears Ġin Ġthe Ġred , Ġreturning Ġto Ġprofit Ġin Ġ2004 .",O O O O O O O O O O O O O O,O O O O O O O O O O O O O O
1992,"ĠConsolid ation Ġin Ġthe Ġwine Ġindustry Ġis Ġbeing Ġdriven Ġby ĠConst ellation , Ġthe Ġworld 's Ġbiggest Ġwin emaker .",O O O O O O O O O O O O O O O O O O O O,O O O O O O O O O O O O O O O O O O O O
1993,ĠIt Ġseized Ġthe Ġtop Ġspot Ġwhen Ġit Ġbought ĠAustralian Ġfirm ĠB RL ĠHardy Ġfor Ġjust Ġover Ġ$ 1 bn Ġin Ġ2003 .,O O O O O O O O O O O O O O O O O O O O O O,O O O O O O O O O O O O O O O O O O O O O O
1994,"ĠSince Ġthen , Ġit Ġhas Ġpaid Ġ$ 1 bn Ġfor ĠUS Ġwine Ġmaker ĠRobert ĠMond avi , Ġbought Ġlast Ġmonth .",O O O O O O O O O O O O O B-BUSINESS-EXECUTIVE-MANAGER I-BUSINESS-EXECUTIVE-MANAGER I-BUSINESS-EXECUTIVE-MANAGER O O O O O,O O O O O O O O O O O O O B-BUSINESS-EXECUTIVE-MANAGER I-BUSINESS-EXECUTIVE-MANAGER I-BUSINESS-EXECUTIVE-MANAGER O O O O O
1995,ĠF ost ers ' Ġmain Ġwine Ġbusiness Ġis ĠB ering er ĠBl ass ĠWine ĠEstate .,O O O O O O O O O O O O O O O O,O O O O O O O O B-BUSINESS-EXECUTIVE-MANAGER I-BUSINESS-EXECUTIVE-MANAGER I-BUSINESS-EXECUTIVE-MANAGER I-BUSINESS-EXECUTIVE-MANAGER I-BUSINESS-EXECUTIVE-MANAGER I-BUSINESS-EXECUTIVE-MANAGER I-BUSINESS-EXECUTIVE-MANAGER O
1996,"ĠIts Ġbest Ġknown Ġbrand Ġis ĠF ost ers Ġl ager , Ġthough Ġit Ġmakes Ġa Ġclutch Ġof Ġbeer Ġbrands , Ġand Ġspirits .",O O O O O O O O O O O O O O O O O O O O O O O,O O O O O O O O O O O O O O O O O O O O O O O
1997,"ĠAnaly sts Ġwere Ġdivided Ġon ĠThursday Ġabout Ġwhether ĠF ost ers Ġwas Ġmore Ġlikely Ġto Ġgo Ġfor Ġa Ġtakeover Ġor Ġmerely Ġwanted Ġto Ġtake Ġa Ġbig Ġenough Ġchunk Ġof ĠSouth cor p Ġto Ġprevent Ġit Ġfalling Ġto Ġa Ġrival . Ġ""",O O O O O O O O O O O O O O O O O O O O O O O O O O O O O O O O O O O O O O O O O,O O O O O O O O B-BUSINESS-EXECUTIVE-MANAGER I-BUSINESS-EXECUTIVE-MANAGER I-BUSINESS-EXECUTIVE-MANAGER O O O O O O O O O O O O O O O O O O B-ATHLETE I-ATHLETE I-ATHLETE O O O O O O O O O
1998,"ĠCurrently , ĠI Ġthink Ġthe Ġstrategic Ġposition Ġis Ġmore Ġsensible Ġrather Ġthan Ġan Ġoutright Ġtakeover ,"" Ġsaid Ġone Ġanalyst Ġquoted Ġby Ġthe ĠAg ence ĠFrance ĠPres se Ġnews Ġagency .",O O O O O O O O O O O O O O O O O O O O O O O O O O O O O O,O O O O O O O O O O O O O O O O O O O O O O O O O O O O O O
1999,"ĠHowever , ĠMatt ĠWilliams , Ġa Ġfund Ġmanager Ġat ĠPer pet ual ĠTrust ees Ġsaid Ġtaking Ġthe Ġstake Ġ"" is Ġdefinitely Ġa Ġprecursor Ġto Ġa Ġtakeover "".",O O B-PUBLIC-FIGURE I-PUBLIC-FIGURE O O O O O O O O O O O O O O O O O O O O O O O,O O B-BUSINESS-EXECUTIVE-MANAGER I-BUSINESS-EXECUTIVE-MANAGER O O O O O O O O O O O O O O O O O O O O O O O
2000,ĠMPs Ġt out ĠLords Ġreplacement Ġplan Ċ Ċ A Ġgroup Ġof ĠMPs Ġhas Ġtried Ġto Ġraise Ġthe Ġpressure Ġon ĠTony ĠBlair Ġover Ġreform Ġto Ġthe ĠHouse Ġof ĠLords Ġby Ġpublishing Ġa Ġdetailed Ġblueprint Ġfor Ġchange .,O O O O O O O O O O O O O O O O O O O B-POLITICIAN I-POLITICIAN O O O O O O O O O O O O O O O,O O O O O O O O O O O O O O O O O O O B-POLITICIAN I-POLITICIAN O O O O O O O O O O O O O O O
2001,Ġ Ċ Ċ The Ġcross - party Ġgroup Ġhas Ġunveiled Ġa Ġdraft Ġbill Ġproposing Ġa Ġsmaller Ġsecond Ġchamber Ġin Ġwhich Ġ70 % Ġof Ġmembers Ġwould Ġbe Ġelected .,O O O O O O O O O O O O O O O O O O O O O O O O O O O O,O O O O O O O O O O O O O O O O O O O O O O O O O O O O
2002,ĠMPs Ġand Ġpeers Ġhave Ġfailed Ġto Ġagree Ġon Ġreform Ġsince Ġ1999 Ġwhen Ġ600 Ġhe redit aries Ġlost Ġtheir Ġseats .,O O O O O O O O O O O O O O O O O O O O,O O O O O O O O O O O O O O O O O O O O
2003,ĠThe Ġgroup Ġsays Ġit Ġcan Ġwin Ġsupport Ġfor Ġremoving Ġthe Ġlast Ġ92 Ġhe redit aries .,O O O O O O O O O O O O O O O O,O O O O O O O O O O O O O O O O
2004,ĠThe Ġgovernment Ġpostponed Ġplans Ġto Ġremove Ġthe Ġremaining Ġhereditary Ġpeers Ġbecause Ġthey Ġsaid Ġthey Ġwere Ġunlikely Ġto Ġsucceed Ġafter Ġopposition Ġin Ġthe ĠLords .,O O O O O O O O O O O O O O O O O O O O O O O O,O O O O O O O O O O O O O O O O O O O O O O O O
2005,ĠTony ĠBlair Ġhas Ġargued .,B-POLITICIAN I-POLITICIAN O O O,B-POLITICIAN I-POLITICIAN O O O
2006,Ġthere Ġneeds Ġto Ġbe Ġconsensus Ġon Ġreforms .,O O O O O O O O,O O O O O O O O
2007,ĠThere Ġhave Ġbeen Ġsuggestions Ġthere Ġwill Ġbe Ġproposals Ġfor Ġchanging Ġat Ġleast Ġthe Ġpowers Ġof Ġthe ĠLords Ġin ĠLabour 's Ġmanifesto .,O O O O O O O O O O O O O O O O O O O O O O,O O O O O O O O O O O O O O O O O O O O O O
2008,"Ġ Ċ Ċ But Ġthe Ġall - party Ġgroup , Ġincluding ĠTories ĠKen ĠClarke Ġand ĠSir ĠGeorge ĠYoung , ĠLabour 's ĠRobin ĠCook Ġand ĠTony ĠWright Ġand ĠLiberal ĠDemocrat ĠPaul ĠTyler , Ġis Ġconfident Ġits Ġplan Ġwould Ġwin Ġsupport Ġfrom Ġa Ġ"" large Ġmajority "".",O O O O O O O O O O O O B-POLITICIAN I-POLITICIAN O B-POLITICIAN I-POLITICIAN I-POLITICIAN O O O B-POLITICIAN I-POLITICIAN O B-POLITICIAN I-POLITICIAN O O O B-POLITICIAN I-POLITICIAN O O O O O O O O O O O O O O,O O O O O O O O O O O O B-POLITICIAN I-POLITICIAN O O B-POLITICIAN I-POLITICIAN O O O B-POLITICIAN I-POLITICIAN O B-POLITICIAN I-POLITICIAN O O O B-POLITICIAN I-POLITICIAN O O O O O O O O O O O O O O
2009,ĠAnd Ġthey Ġlist Ġformer ĠConservative Ġleader ĠWilliam ĠHague Ġand Ġformer ĠLabour Ġleader ĠNeil ĠKinn ock Ġas Ġsupporters Ġof Ġthe Ġplans .,O O O O O O B-POLITICIAN I-POLITICIAN O O O O B-POLITICIAN I-POLITICIAN I-POLITICIAN O O O O O O,O O O O O O B-POLITICIAN I-POLITICIAN O O O O B-POLITICIAN I-POLITICIAN I-POLITICIAN O O O O O O
2010,ĠThe Ġgroup Ġsays Ġthe ĠBritish Ġpublic Ġand Ġa Ġclear Ġmajority Ġof ĠMPs Ġsupport Ġreplacing Ġthe ĠLords Ġwith Ġa Ġlargely - elected Ġsecond Ġchamber .,O O O O O O O O O O O O O O O O O O O O O O O O,O O O O O O O O O O O O O O O O O O O O O O O O
2011,"ĠTheir Ġplan Ġwould Ġsee Ġthe ĠHouse Ġof ĠLords Ġbeing Ġrenamed Ġthe ĠSecond ĠChamber Ġof ĠParliament , Ġand Ġits Ġmembers Ġwould Ġbe Ġknown Ġas ĠM SC Ps .",O O O O O O O O O O O O O O O O O O O O O O O O O O O,O O O O O O O O O O O O O O O O O O O O O O O O O O O
2012,"Ġ Ċ Ċ There Ġwould Ġbe Ġ385 ĠM SC Ps , Ġincluding Ġ270 Ġelected Ġmembers , Ġ87 Ġappointed Ġmembers Ġand Ġ16 Ġbishops .",O O O O O O O O O O O O O O O O O O O O O O O,O O O O O O O O O O O O O O O O O O O O O O O
2013,ĠThey Ġwould Ġserve Ġfor Ġbetween Ġ12 Ġand Ġ14 Ġyears .,O O O O O O O O O O,O O O O O O O O O O
2014,ĠMr ĠCook Ġsaid Ġholding Ġelections Ġfor ĠM SC Ps Ġon Ġthe Ġsame Ġday Ġas Ġthose Ġfor ĠMPs Ġmight Ġhelp Ġmotivate Ġthe Ġelectorate Ġand Ġincrease Ġvoter Ġturnout .,O O O O O O O O O O O O O O O O O O O O O O O O O O O,O B-POLITICIAN O O O O O O O O O O O O O O O O O O O O O O O O O
2015,"ĠHe Ġadded : Ġ"" Over Ġthe Ġlast Ġyear ĠI Ġhave Ġseen Ġmany Ġstatements Ġfrom Ġsenior Ġfigures Ġof Ġthis Ġgovernment Ġinsisting Ġthe Ġpublic Ġmust Ġhave Ġthe Ġright Ġof Ġchoice . Ġ""",O O O O O O O O O O O O O O O O O O O O O O O O O O O O O O,O O O O O O O O O O O O O O O O O O O O O O O O O O O O O O
2016,"ĠWhat Ġcould Ġbe Ġmore Ġimportant Ġthan Ġa Ġchoice Ġof Ġthe Ġpeople Ġwho Ġsit Ġin Ġour ĠParliament ?""",O O O O O O O O O O O O O O O O O,O O O O O O O O O O O O O O O O O
2017,Ġ Ċ Ċ The Ġgroup Ġbelieves Ġpressure Ġis Ġgrowing Ġfor Ġchange Ġand Ġthe Ġgovernment 's Ġcurrent Ġposition Ġis Ġunsustainable .,O O O O O O O O O O O O O O O O O O O O,O O O O O O O O O O O O O O O O O O O O
2018,"ĠIt Ġwants Ġall Ġthree Ġmain Ġparties Ġto Ġinclude Ġa Ġcommitment Ġto Ġa Ġ"" large ly Ġdemocratic "" Ġsecond Ġchamber Ġin Ġtheir Ġmanifest os .",O O O O O O O O O O O O O O O O O O O O O O O O,O O O O O O O O O O O O O O O O O O O O O O O O
2019,"ĠMr ĠClarke Ġsaid Ġthe Ġissue Ġ"" went Ġto Ġthe Ġheart Ġof Ġreforming Ġthe Ġhealth Ġof Ġthe ĠBritish Ġpolitical Ġsystem "".",O O O O O O O O O O O O O O O O O O O O,O B-POLITICIAN O O O O O O O O O O O O O O O O O O
2020,"ĠAnd ĠMr ĠTyler Ġsaid Ġthe Ġprime Ġminister 's Ġview Ġthat Ġthere Ġwas Ġno Ġagreement Ġon Ġthe Ġshape Ġof Ġthe Ġfuture Ġof Ġthe ĠLords Ġwas Ġflawed . Ġ""",O O O O O O O O O O O O O O O O O O O O O O O O O O O,O O B-POLITICIAN O O O O O O O O O O O O O O O O O O O O O O O O
2021,"ĠThe Ġproblem , ĠI Ġthink , Ġin Ġthe Ġprime Ġminister 's Ġmind Ġis Ġthere Ġdoesn 't Ġappear Ġto Ġbe Ġa Ġconsensus Ġthat Ġincludes Ġhim ,"" Ġhe Ġsaid . Ġ""",O O O O O O O O O O O O O O O O O O O O O O O O O O O O O,O O O O O O O O O O O O O O O O O O O O O O O O O O O O O
2022,"ĠWe Ġare Ġproviding Ġa Ġconsensus "".",O O O O O O,O O O O O O
2023,"ĠThe ĠElect Ġthe ĠLords ĠCampaign Ġsaid Ġthe Ġdraft Ġbill Ġwas Ġan Ġimportant Ġcontribution Ġto Ġthe Ġdebate . Ġ""",O O O O O O O O O O O O O O O O O O,O O O O O O O O O O O O O O O O O O
2024,"ĠWe Ġbelieve Ġthis Ġdraft Ġbill Ġis Ġdetailed Ġenough Ġto Ġform Ġthe Ġbasis Ġof Ġcloser Ġparliamentary Ġscrutiny ,"" Ġsaid Ġco - ord inator ĠPeter ĠFace y . Ġ""",O O O O O O O O O O O O O O O O O O O O O O B-PUBLIC-FIGURE I-PUBLIC-FIGURE I-PUBLIC-FIGURE O O,O O O O O O O O O O O O O O O O O O O O O O B-PUBLIC-FIGURE I-PUBLIC-FIGURE I-PUBLIC-FIGURE O O
2025,"ĠIn Ġlieu Ġof Ġany Ġother Ġsuch Ġclear Ġproposals , Ġthe Ġgovernment Ġmust Ġpermit Ġthat Ġto Ġhappen .""",O O O O O O O O O O O O O O O O O,O O O O O O O O O O O O O O O O O
2026,ĠWall ĠStreet Ġcheers ĠBush Ġvictory Ċ Ċ The ĠUS Ġstock Ġmarket Ġhas Ġclosed Ġhigher Ġin Ġresponse Ġto ĠGeorge ĠW ĠBush 's Ġvictory Ġin Ġthe Ġpresidential Ġelections .,O O O O O O O O O O O O O O O O O B-POLITICIAN I-POLITICIAN I-POLITICIAN O O O O O O O,O O O B-POLITICIAN O O O O O O O O O O O O O B-POLITICIAN I-POLITICIAN I-POLITICIAN I-POLITICIAN O O O O O O
2027,"Ġ Ċ Ċ The Ġbenchmark ĠDow ĠJones Ġshare Ġindex Ġclosed Ġmore Ġthan Ġ1 % Ġhigher Ġat Ġ10 , 137 , Ġwhile Ġthe ĠNas daq Ġrose Ġ0 . 9 % Ġto Ġ2 , 004 .",O O O O O O O O O O O O O O O O O O O O O O O O O O O O O O O O O O,O O O O O O O O O O O O O O O O O O O O O O O O O O O O O O O O O O
2028,"ĠMany Ġinvestors Ġbelieve Ġthat ĠMr ĠBush 's Ġpolicies Ġare Ġmore Ġbusiness - friendly Ġthan Ġthose Ġof Ġhis ĠDemocrat Ġchallenger , ĠJohn ĠKerry .",O O O O O O O O O O O O O O O O O O O O B-POLITICIAN I-POLITICIAN O,O O O O O B-POLITICIAN O O O O O O O O O O O O O O B-POLITICIAN I-POLITICIAN O
2029,ĠThe Ġhigher Ġshare Ġprices Ġalso Ġreflect Ġrelief Ġthat Ġa Ġclear Ġwinner Ġhas Ġemerged Ġfrom Ġwhat Ġproved Ġto Ġbe Ġa Ġtight Ġpoll .,O O O O O O O O O O O O O O O O O O O O O O,O O O O O O O O O O O O O O O O O O O O O O
2030,"Ġ Ċ Ċ Invest ors Ġhad Ġworried Ġthat Ġthe Ġoutcome Ġof Ġthe Ġpoll Ġwould Ġbe Ġincon clusive , Ġpaving Ġthe Ġway Ġfor Ġa Ġrepeat Ġof Ġthe Ġlegal Ġwr angling Ġthat Ġmar red Ġthe Ġ2000 Ġelection .",O O O O O O O O O O O O O O O O O O O O O O O O O O O O O O O O O O O O,O O O O O O O O O O O O O O O O O O O O O O O O O O O O O O O O O O O O
2031,"Ġ Ċ Ċ The ĠDow Ġlost Ġ5 % Ġof Ġits Ġvalue Ġin Ġthe Ġthree Ġweeks Ġimmediately Ġafter Ġthat Ġelection , Ġwhen Ġit Ġwas Ġunclear Ġwho Ġwould Ġoccupy Ġthe ĠWhite ĠHouse .",O O O O O O O O O O O O O O O O O O O O O O O O O O O O O O O,O O O O O O O O O O O O O O O O O O O O O O O O O O O O O O O
2032,"ĠMr ĠKerry Ġconceded Ġdefeat Ġon ĠWednesday , Ġabandoning Ġlast - d itch Ġhopes Ġof Ġcarrying Ġthe Ġvote Ġin Ġthe Ġswing Ġstate Ġof ĠOhio . Ġ""",O O O O O O O O O O O O O O O O O O O O O O O O O,O B-POLITICIAN O O O O O O O O O O O O O O O O O O O O O O O
2033,"ĠThe Ġrelief Ġfor Ġthe Ġmarkets Ġmay Ġbe Ġthat Ġwe Ġhave Ġa Ġdecision Ġand Ġcan Ġmove Ġforward ,"" Ġsaid ĠTim ĠGh ris key , Ġchief Ġinvestment Ġofficer Ġof ĠSolar is ĠAsset ĠManagement .",O O O O O O O O O O O O O O O O O O B-BUSINESS-EXECUTIVE-MANAGER I-BUSINESS-EXECUTIVE-MANAGER I-BUSINESS-EXECUTIVE-MANAGER I-BUSINESS-EXECUTIVE-MANAGER O O O O O O O O O O,O O O O O O O O O O O O O O O O O O B-BUSINESS-EXECUTIVE-MANAGER I-BUSINESS-EXECUTIVE-MANAGER I-BUSINESS-EXECUTIVE-MANAGER I-BUSINESS-EXECUTIVE-MANAGER O O O O O O O O O O
2034,"ĠSome Ġanalysts Ġpredicted Ġthat Ġthe Ġjump Ġin Ġshare Ġprices Ġwould Ġbe Ġshort - lived , Ġsaying Ġinvestors Ġwould Ġquickly Ġfocus Ġonce Ġagain Ġon Ġthe Ġhealth Ġof Ġthe ĠUS Ġeconomy . Ġ""",O O O O O O O O O O O O O O O O O O O O O O O O O O O O O O O,O O O O O O O O O O O O O O O O O O O O O O O O O O O O O O O
2035,"ĠI Ġwould Ġlook Ġat Ġthe Ġstock Ġmarket Ġrally Ġfor ĠBush Ġas Ġkind Ġof Ġa Ġone - day Ġevent ,"" Ġsaid ĠKen ĠMay land Ġat ĠClear view ĠEconomics .",O O O O O O O O O O O O O O O O O O O O B-BUSINESS-EXECUTIVE-MANAGER I-BUSINESS-EXECUTIVE-MANAGER I-BUSINESS-EXECUTIVE-MANAGER O O O O O,O O O O O O O O O B-POLITICIAN O O O O O O O O O O B-PUBLIC-FIGURE I-PUBLIC-FIGURE I-PUBLIC-FIGURE O O O O O
2036,"ĠThe ĠUS ' Ġrecent Ġeconomic Ġperformance Ġhas Ġbeen Ġmixed , Ġwith Ġsolid Ġgrowth Ġoffset Ġby Ġdisappoint ingly Ġlow Ġjob Ġcreation Ġfigures , Ġand Ġmounting Ġworries Ġover Ġa Ġrecord Ġbudget Ġdeficit .",O O O O O O O O O O O O O O O O O O O O O O O O O O O O O O O,O O O O O O O O O O O O O O O O O O O O O O O O O O O O O O O
2037,"ĠElse where Ġin Ġthe Ġfinancial Ġmarkets Ġon ĠWednesday , Ġthe Ġdollar Ġdipped Ġslightly Ġagainst Ġthe Ġeuro Ġand Ġclimbed Ġagainst Ġthe Ġyen , Ġwhile ĠUS Ġoil Ġprices Ġclosed Ġup Ġ$ 1 . 26 Ġat Ġ$ 50 . 88 Ġa Ġbarrel Ġin ĠNew ĠYork .",O O O O O O O O O O O O O O O O O O O O O O O O O O O O O O O O O O O O O O O O O O O,O O O O O O O O O O O O O O O O O O O O O O O O O O O O O O O O O O O O O O O O O O O
2038,ĠThe Ġrise Ġin Ġoil Ġprices Ġpartly Ġreflects Ġthe Ġview Ġthat ĠPresident ĠBush Ġis Ġless Ġlikely Ġthan ĠMr ĠKerry Ġto Ġrelease Ġsupplies Ġfrom Ġthe ĠUS ' Ġstrategic Ġoil Ġreserve .,O O O O O O O O O O O O O O O O O O O O O O O O O O O O O,O O O O O O O O O O O B-POLITICIAN O O O O O B-POLITICIAN O O O O O O O O O O O
2039,"ĠShare Ġprices Ġin ĠLondon , ĠFrankfurt Ġand ĠParis Ġalso Ġclosed Ġhigher .",O O O O O O O O O O O O,O O O O O O O O O O O O
2040,Ġ Ċ Ċ Success ive Ġpolls Ġin Ġthe Ġrun - up Ġto ĠTuesday 's Ġelection Ġhad Ġshown Ġthe Ġtwo Ġcandidates Ġrunning Ġneck Ġand Ġneck .,O O O O O O O O O O O O O O O O O O O O O O O O O,O O O O O O O O O O O O O O O O O O O O O O O O O
2041,"Ġ Ċ Ċ Economic Ġissues , Ġas Ġwell Ġas Ġthe Ġwar Ġin ĠIraq , Ġwere Ġthe Ġforefront Ġof Ġthe Ġcampaign .",O O O O O O O O O O O O O O O O O O O O O,O O O O O O O O O O O O O O O O O O O O O
2042,"ĠIn Ġkey Ġswing Ġstates Ġsuch Ġas ĠOhio , Ġwhich Ġhas Ġsuffered Ġsubstantial Ġjob Ġlosses Ġin Ġthe Ġpast Ġfour Ġyears , ĠPresident ĠBush 's Ġhandling Ġof Ġthe Ġeconomy Ġbecame Ġa Ġcrucial Ġelection Ġissue .",O O O O O O O O O O O O O O O O O O O O O O O O O O O O O O O O O,O O O O O O O O O O O O O O O O O O O O O B-POLITICIAN O O O O O O O O O O O
2043,"ĠSenator ĠKerry Ġattacked ĠPresident ĠBush 's Ġeconomic Ġrecord Ġduring Ġhis Ġcampaign , Ġhammer ing Ġhome Ġthe Ġfact Ġthat Ġa Ġnet Ġ800 , 000 Ġjobs Ġwere Ġlost Ġduring Ġhis Ġterm Ġin Ġoffice .",O O O O O O O O O O O O O O O O O O O O O O O O O O O O O O O O,O B-POLITICIAN O O B-POLITICIAN O O O O O O O O O O O O O O O O O O O O O O O O O O O
2044,"ĠPresident ĠBush Ġfocused Ġon Ġthe Ġfact Ġthat Ġtwo Ġmillion Ġjobs Ġhave Ġbeen Ġcreated Ġin Ġthe Ġpast Ġyear , Ġclaiming Ġthat Ġit Ġhas Ġvind icated Ġhis Ġtax - cutting Ġagenda .",O O O O O O O O O O O O O O O O O O O O O O O O O O O O O O,O B-POLITICIAN O O O O O O O O O O O O O O O O O O O O O O O O O O O O
2045,"ĠAs Ġfor Ġfuture Ġpolicies , Ġboth Ġcandidates Ġpledged Ġto Ġbring ĠAmerica 's Ġ$ 422 bn Ġfederal Ġbudget Ġdeficit Ġunder Ġcontrol .",O O O O O O O O O O O O O O O O O O O O O,O O O O O O O O O O O O O O O O O O O O O
2046,"ĠSenator ĠKerry Ġplanned Ġto Ġincrease Ġtaxes Ġon Ġthose Ġearning Ġmore Ġthan Ġ$ 200 , 000 Ġa Ġyear .",O O O O O O O O O O O O O O O O O O,O B-POLITICIAN O O O O O O O O O O O O O O O O
2047,ĠPresident ĠBush Ġhas Ġplaced Ġreform Ġof Ġthe Ġpensions Ġsystem Ġat Ġthe Ġheart Ġof Ġhis Ġeconomic Ġagenda Ġfor Ġa Ġsecond Ġterm .,O O O O O O O O O O O O O O O O O O O O O,O B-POLITICIAN O O O O O O O O O O O O O O O O O O O
2048,"ĠHowever , Ġeconomists Ġhave Ġsaid Ġboth Ġcandidates ' Ġeconomic Ġprogrammes Ġrested Ġon Ġquestionable Ġassumptions Ġabout Ġfuture Ġgrowth .",O O O O O O O O O O O O O O O O O O,O O O O O O O O O O O O O O O O O O
2049,"ĠS & N Ġextends ĠIndian Ġbeer Ġventure Ċ Ċ The ĠUK 's Ġbiggest Ġbrewer , ĠScottish Ġand ĠNewcastle Ġ( S & N ), Ġis Ġto Ġbuy Ġ37 . 5 % Ġof ĠIndia 's ĠUnited ĠBrew eries Ġin Ġa Ġdeal Ġworth Ġ4 . 66 bn Ġru pees Ġ($ 106 m : Â£ 54 . 6 m ).",O O O O O O O O O O O O O O O O O O O O O O O O O O O O O O O O O O O O O O O O O O O O O O O O O O O O O O O O,O O O O O O O O O O O O O O O O O O O O O O O O O O O O O O O O O O O O O O O O O O O O O O O O O O O O O O O O
2050,"Ġ Ċ Ċ S & N Ġwill Ġbuy Ġa Ġ17 . 5 % Ġequity Ġstake Ġin ĠUnited , Ġmaker Ġof Ġthe Ġwell - known ĠKing f isher Ġl ager Ġbrand , Ġand Ġmake Ġa Ġpublic Ġoffer Ġto Ġbuy Ġanother Ġ20 % Ġstake .",O O O O O O O O O O O O O O O O O O O O O O O O O O O O O O O O O O O O O O O O O O O,O O O O O O O O O O O O O O O O O O O O O O O O O O O O O O O O O O O O O O O O O O O
2051,"ĠA Ġsimilar Ġholding Ġwill Ġbe Ġcontrolled Ġby ĠVij ay ĠM ally a , Ġchair Ġof Ġthe ĠIndian Ġfirm .",O O O O O O O B-BUSINESS-EXECUTIVE-MANAGER I-BUSINESS-EXECUTIVE-MANAGER I-BUSINESS-EXECUTIVE-MANAGER I-BUSINESS-EXECUTIVE-MANAGER I-BUSINESS-EXECUTIVE-MANAGER O O O O O O O,O O O O O O O B-BUSINESS-EXECUTIVE-MANAGER I-BUSINESS-EXECUTIVE-MANAGER I-BUSINESS-EXECUTIVE-MANAGER I-BUSINESS-EXECUTIVE-MANAGER I-BUSINESS-EXECUTIVE-MANAGER O O O O O O O
2052,"ĠThe Ġdeal Ġwas Ġa Ġ"" natural Ġdevelopment "" Ġof Ġits Ġjoint Ġventure Ġwith ĠUnited , Ġsaid ĠTony ĠFro gg att , ĠS & N 's Ġchief Ġexecutive .",O O O O O O O O O O O O O O O O B-BUSINESS-EXECUTIVE-MANAGER I-BUSINESS-EXECUTIVE-MANAGER I-BUSINESS-EXECUTIVE-MANAGER I-BUSINESS-EXECUTIVE-MANAGER O O O O O O O O,O O O O O O O O O O O O O O O O B-BUSINESS-EXECUTIVE-MANAGER I-BUSINESS-EXECUTIVE-MANAGER I-BUSINESS-EXECUTIVE-MANAGER I-BUSINESS-EXECUTIVE-MANAGER O O O O O O O O
2053,"Ġ Ċ Ċ Its Ġtop Ġbrands Ġinclude ĠNewcastle ĠBrown ĠAle , ĠFoster 's , ĠJohn ĠSmith 's , ĠStrong bow Ġand ĠKron en bourg .",O O O O O O O O O O O O O O O O O O O O O O O O O,O O O O O O O O O O O B-ATHLETE O O B-ATHLETE I-ATHLETE I-ATHLETE O B-ATHLETE I-ATHLETE O B-ATHLETE I-ATHLETE I-ATHLETE O
2054,"ĠIn Ġ2002 ĠS & N Ġand ĠUnited Ġagreed Ġto Ġform Ġa Ġstrategic Ġpartnership , Ġone Ġthat Ġwould Ġinclude Ġa Ġjoint Ġventure Ġbusiness Ġand Ġa ĠUK Ġinvestment Ġin Ġthe ĠIndian Ġbrewer .",O O O O O O O O O O O O O O O O O O O O O O O O O O O O O O O,O O O O O O O O O O O O O O O O O O O O O O O O O O O O O O O
2055,ĠThe Ġjoint Ġventure Ġwas Ġestablished Ġin ĠMay Ġ2003 .,O O O O O O O O O,O O O O O O O O O
2056,Ġwith Ġboth Ġparties Ġhaving Ġa Ġ40 % Ġstake Ġin Ġthe Ġventure Ġ- ĠMillennium ĠAlc ob ev .,O O O O O O O O O O O O O O O O O,O O O O O O O O O O O O O O O O O
2057,"ĠMillennium ĠAlc ob ev Ġwill Ġnow Ġbe Ġmerged Ġwith ĠUnited , Ġwhich Ġexpects Ġpost - mer ger Ġto Ġhave Ġabout Ġhalf Ġof ĠIndia 's Ġbeer Ġmarket .",O O O O O O O O O O O O O O O O O O O O O O O O O O O,O O B-ATHLETE I-ATHLETE O O O O O O O O O O O O O O O O O O O O O O O
2058,"Ġ Ċ Ċ India , Ġwith Ġa Ġpopulation Ġof Ġmore Ġthan Ġone Ġbillion , Ġconsumes Ġabout Ġ1 . 2 Ġbillion Ġbottles Ġof Ġbeer Ġevery Ġyear .",O O O O O O O O O O O O O O O O O O O O O O O O O O,O O O O O O O O O O O O O O O O O O O O O O O O O O
2059,ĠKing f isher Ġhas Ġmarket Ġshare Ġof Ġabout Ġ29 %.,O O O O O O O O O O,O O O O O O O O O O
2060,ĠIn Ġaddition Ġto Ġthe Ġequity Ġstake ĠS & N Ġis Ġto Ġinvest Ġ2 . 47 bn Ġru pees Ġin ĠUnited Ġthrough Ġnon - con vert ible Ġredeem able Ġpreference Ġshares .,O O O O O O O O O O O O O O O O O O O O O O O O O O O O O O O,O O O O O O O O O O O O O O O O O O O O O O O O O O O O O O O
2061,"ĠMeanwhile , ĠUnited 's Ġbudget Ġairline , ĠKing f isher ĠAirlines , Ġis Ġto Ġbuy Ġ10 ĠA 320 Ġaircraft Ġfrom ĠAirbus Ġand Ġhas Ġthe Ġoption Ġto Ġbuy Ġ20 Ġmore Ġaircraft Ġin Ġa Ġdeal Ġworth Ġup Ġto Ġ$ 1 . 8 bn .",O O O O O O O O O O O O O O O O O O O O O O O O O O O O O O O O O O O O O O O O O O,O O O O O O O O O O O O O O O O O O O O O O O O O O O O O O O O O O O O O O O O O O
2062,"ĠThe Ġairline , Ġthe Ġbrain child Ġof ĠMr ĠM ally a , Ġexpects Ġto Ġstart Ġits Ġoperations Ġby Ġthe Ġend Ġof ĠApril .",O O O O O O O O O O O O O O O O O O O O O O O,O O O O O O O O B-BUSINESS-EXECUTIVE-MANAGER I-BUSINESS-EXECUTIVE-MANAGER I-BUSINESS-EXECUTIVE-MANAGER O O O O O O O O O O O O
2063,"ĠThe Ġnew Ġairline Ġwould Ġbreak Ġeven Ġin Ġthe Ġvery Ġfirst Ġyear Ġof Ġoperation , ĠMr ĠM ally a Ġsaid .",O O O O O O O O O O O O O O O O O O O O,O O O O O O O O O O O O O O O B-BUSINESS-EXECUTIVE-MANAGER I-BUSINESS-EXECUTIVE-MANAGER I-BUSINESS-EXECUTIVE-MANAGER O O
2064,Ġ' Christmas Ġsong Ġformula ' Ġunveiled Ċ Ċ A Ġformula Ġfor Ġthe Ġultimate ĠChristmas Ġsingle Ġhas Ġbeen Ġrevealed Ġby Ġchart Ġbible ĠBritish ĠHit ĠSing les Ġand ĠAlbum s .,O O O O O O O O O O O O O O O O O O O O O O O O O O O O O,O O O O O O O O O O O O O O O O O O O O O O O O O O O O O
2065,"Ġ Ċ Ċ The Ġrecipe Ġincludes Ġa Ġreference Ġto ĠFather ĠChristmas , Ġsle igh Ġbells , Ġa Ġchildren 's Ġchoir Ġand Ġa Ġcharity Ġelement .",O O O O O O O O O O O O O O O O O O O O O O O O O,O O O O O O O O O O O O O O O O O O O O O O O O O
2066,"ĠThe Ġsong Ġshould Ġalso Ġinclude ĠChristmas Ġin Ġthe Ġtitle , Ġwishes Ġfor Ġpeace Ġon Ġearth Ġand Ġlots Ġof Ġair play Ġat Ġoffice Ġparties . Ġ""",O O O O O O O O O O O O O O O O O O O O O O O O O,O O O O O O O O O O O O O O O O O O O O O O O O O
2067,"ĠThere Ġare Ġcommon Ġmusical Ġelements Ġlinking Ġnearly Ġall Ġthe Ġbig ĠChristmas Ġnumber Ġones Ġof Ġrecent Ġtimes ,"" Ġsaid Ġeditor ĠDavid ĠRoberts .",O O O O O O O O O O O O O O O O O O O B-AUTHOR-WRITER I-AUTHOR-WRITER O,O O O O O O O O O O O O O O O O O O O B-PUBLIC-FIGURE I-PUBLIC-FIGURE O
2068,ĠThe Ġbook 's Ġanalysts Ġcommissioned Ġchart Ġprank Ġgroup ĠM oped Ġto Ġcreate Ġthe Ġfirst ĠChristmas Ġsingle Ġusing Ġthe Ġwhole Ġformula Ġ- Ġthe Ġsong Ġis Ġcalled ĠG onna ĠHave Ġa ĠNo Ġ1 ĠThis ĠChristmas Ġby ĠM oped ĠVs ĠSanta .,O O O O O O O O O O O O O O O O O O O O O O O O O O O O O O O O O O O O O B-PUBLIC-FIGURE O,O O O O O O O O O O O O O O O O O O O O O O O O O O O O O O O O O O O O O O O
2069,"Ġ Ċ Ċ "" Everybody Ġsays Ġthat ĠChristmas Ġnumber Ġones Ġare Ġformula ic , Ġbut ĠG onna ĠHave Ġa ĠNumber ĠOne Ġthis ĠChristmas Ġis Ġthe Ġfirst Ġsong Ġto Ġcrack Ġthe Ġformula Ġand Ġcombine Ġall Ġthese Ġelements Ġinto Ġone Ġultimate ĠChristmas Ġtrack "" Ġsaid ĠMr ĠRoberts . Ġ""",O O O O O O O O O O O O O O O O O O O O O O O O O O O O O O O O O O O O O O O O O O O O O O O,O O O O O O O O O O O O O O O B-MUSICIAN I-MUSICIAN O O O O O O O O O O O O O O O O O O O O O O O O O O O B-BUSINESS-EXECUTIVE-MANAGER O O
2070,"ĠSurprisingly , Ġthere 's Ġno ĠSanta Ġlisted Ġamong Ġthe Ġ8 , 000 , Ġtop Ġ75 Ġchart Ġperformers Ġin Ġthe Ġbook , Ġso Ġthis Ġis Ġour Ġchance Ġto Ġhelp ĠSanta Ġto Ġhis Ġrightful Ġplace Ġin ĠBritish Ġrecording Ġhistory .""",O O O O O B-PUBLIC-FIGURE O O O O O O O O O O O O O O O O O O O O O O B-PUBLIC-FIGURE O O O O O O O O O,O O O O O O O O O O O O O O O O O O O O O O O O O O O O O O O O O O O O O O
2071,"ĠBig Ġfestive Ġhits Ġover Ġthe Ġyears Ġinclude ĠBand ĠAid 's ĠDo ĠThey ĠKnow ĠIt 's ĠChristmas ?,",O O O O O O O O O O O O O O O O O,O O O O O O O O O O O O O O O O O
2072,"ĠSl ade 's ĠMerry ĠChristmas ĠEverybody , ĠWh am 's ĠLast ĠChristmas Ġand ĠSir ĠCliff ĠRichards ' ĠM istle toe Ġand ĠWine .",O O O O O O O O O O O O O B-MUSICIAN I-MUSICIAN I-MUSICIAN O O O O O O O,O O O O O O O O O O O O O O B-PUBLIC-FIGURE I-PUBLIC-FIGURE O O O O O O O
2073,ĠBand ĠAid Ġ20 's Ġremake Ġof ĠDo ĠThey ĠKnow ĠIt 's ĠChristmas Ġis Ġset Ġto Ġbe Ġconfirmed Ġas Ġnumber Ġone Ġin Ġthe Ġcharts Ġon ĠSunday .,O O O O O O O O O O O O O O O O O O O O O O O O O O,O O O O O O O O O O O O O O O O O O O O O O O O O O
2074,ĠSl uggish Ġeconomy Ġhits ĠGerman Ġjobs Ċ Ċ The Ġnumber Ġof Ġpeople Ġout Ġof Ġwork Ġin ĠEurope 's Ġlargest Ġeconomy Ġhas Ġrisen Ġfor Ġthe Ġtenth Ġstraight Ġmonth Ġas Ġgrowth Ġremains Ġstubborn ly Ġslow .,O O O O O O O O O O O O O O O O O O O O O O O O O O O O O O O O O O,O O O O O O O O O O O O O O O O O O O O O O O O O O O O O O O O O O
2075,"Ġ Ċ Ċ German Ġunemployment Ġrose Ġ7 , 000 Ġin ĠNovember Ġto Ġ4 . 464 Ġmillion Ġpeople , Ġor Ġ10 . 8 % Ġof Ġthe Ġworkforce .",O O O O O O O O O O O O O O O O O O O O O O O O O O O,O O O O O O O O O O O O O O O O O O O O O O O O O O O
2076,"ĠThe Ġseason ally Ġadjusted Ġrise Ġshowed Ġa Ġsmaller Ġrise Ġthan Ġexpected , Ġas Ġgovernment Ġmeasures Ġto Ġencourage Ġjob Ġcreation Ġbegan Ġto Ġtake Ġeffect .",O O O O O O O O O O O O O O O O O O O O O O O O,O O O O O O O O O O O O O O O O O O O O O O O O
2077,"ĠBut Ġofficials Ġsaid Ġstagnant Ġgrowth Ġwas Ġstill Ġst ifling Ġthe Ġjob Ġmarket . Ġ""",O O O O O O O O O O O O O O,O O O O O O O O O O O O O O
2078,"ĠThere Ġare Ġclear Ġsigns Ġof Ġa Ġrevival Ġin Ġdomestic Ġdemand ,"" Ġsaid ĠFrank - J uer gen ĠWe ise , Ġhead Ġof Ġthe ĠFederal ĠLabour ĠAgency , Ġin Ġa Ġstatement . Ġ""",O O O O O O O O O O O O B-PUBLIC-FIGURE I-PUBLIC-FIGURE I-PUBLIC-FIGURE I-PUBLIC-FIGURE I-PUBLIC-FIGURE I-PUBLIC-FIGURE I-PUBLIC-FIGURE O O O O O O O O O O O O O,O O O O O O O O O O O O B-PUBLIC-FIGURE I-PUBLIC-FIGURE I-PUBLIC-FIGURE I-PUBLIC-FIGURE I-PUBLIC-FIGURE I-PUBLIC-FIGURE I-PUBLIC-FIGURE O O O O O O O O O O O O O
2079,"ĠBut Ġgrowth Ġof Ġ0 . 1 % ... Ġin Ġthe Ġthird Ġquarter Ġis Ġstill Ġinsufficient Ġto Ġdeliver Ġpositive Ġmomentum Ġto Ġthe Ġlabour Ġmarket .""",O O O O O O O O O O O O O O O O O O O O O O O O,O O O O O O O O O O O O O O O O O O O O O O O O
2080,"ĠHigh Ġoil Ġprices Ġand Ġthe Ġsoaring Ġeuro Ġ- Ġwhich Ġdamages Ġthe Ġcompetitiveness Ġof Ġexp orters Ġ- Ġwere Ġalso Ġhaving Ġa Ġnegative Ġeffect , Ġhe Ġsaid .",O O O O O O O O O O O O O O O O O O O O O O O O O O,O O O O O O O O O O O O O O O O O O O O O O O O O O
2081,"ĠThe Ġbrunt Ġof Ġthe Ġunemployment Ġis Ġstill Ġbeing Ġfelt Ġin Ġthe Ġeastern Ġpart Ġof ĠGermany , Ġwhere Ġthe Ġrate Ġis Ġ18 . 8 %.",O O O O O O O O O O O O O O O O O O O O O O O O,O O O O O O O O O O O O O O O O O O O O O O O O
2082,"Ġ Ċ Ċ With Ġunemployment Ġstuck Ġabove Ġ4 Ġmillion Ġfor Ġyears , Ġthe Ġgovernment Ġof ĠChancellor ĠGer hard ĠSchro eder Ġhas Ġput Ġjob Ġcreation Ġat Ġthe Ġtop Ġof Ġthe Ġagenda .",O O O O O O O O O O O O O O O O B-POLITICIAN I-POLITICIAN I-POLITICIAN I-POLITICIAN O O O O O O O O O O O,O O O O O O O O O O O O O O O O B-POLITICIAN I-POLITICIAN I-POLITICIAN I-POLITICIAN O O O O O O O O O O O
2083,"ĠA Ġcontroversial Ġpackage Ġof Ġmeasures Ġto Ġshake Ġup Ġincentives Ġto Ġget Ġback Ġto Ġwork , Ġpaid Ġfor Ġby Ġcutting Ġsome Ġcherished Ġbenefits , Ġhas Ġsparked Ġanger Ġamong Ġsome ĠGerman Ġworkers .",O O O O O O O O O O O O O O O O O O O O O O O O O O O O O O O,O O O O O O O O O O O O O O O O O O O O O O O O O O O O O O O
2084,"ĠStrikes Ġin Ġa Ġnumber Ġof Ġindustries , Ġnotably Ġamong Ġthe Ġcountry 's Ġiconic Ġcar makers , Ġhave Ġdemonstrated Ġthe Ġdispleasure Ġ- Ġas Ġwell Ġas Ġfears Ġabout Ġfurther Ġjob Ġlosses Ġas Ġoutsourcing Ġtakes Ġhold .",O O O O O O O O O O O O O O O O O O O O O O O O O O O O O O O O O O,O O O O O O O O O O O O O O O O O O O O O O O O O O O O O O O O O O
2085,"ĠAmong Ġthe Ġnew Ġinitiatives Ġare Ġthe Ġso - called Ġ"" one - euro Ġjobs "" Ġwhich Ġtop Ġup Ġunemployment Ġbenefit .",O O O O O O O O O O O O O O O O O O O O O,O O O O O O O O O O O O O O O O O O O O O
2086,"ĠThe Ġscheme 's Ġformal Ġlaunch Ġis ĠJanuary , Ġbut Ġh ir ings Ġfor Ġthese Ġpositions Ġare Ġalready Ġtaking Ġplace Ġand Ġaffecting Ġthe Ġunemployment Ġstatistics , Ġeconomists Ġsaid . Ġ""",O O O O O O O O O O O O O O O O O O O O O O O O O O O O O,O O O O O O O O O O O O O O O O O O O O O O O O O O O O O
2087,"ĠThe Ġdeterioration Ġof Ġthe Ġlabour Ġmarket Ġdoes Ġnot Ġcome Ġas Ġa Ġsurprise ,"" Ġsaid ĠIsabel le ĠKron aw itter Ġat ĠHyp overe ins bank . Ġ""",O O O O O O O O O O O O O O B-PUBLIC-FIGURE I-PUBLIC-FIGURE I-PUBLIC-FIGURE I-PUBLIC-FIGURE I-PUBLIC-FIGURE O O O O O O O,O O O O O O O O O O O O O O B-BUSINESS-EXECUTIVE-MANAGER I-BUSINESS-EXECUTIVE-MANAGER I-BUSINESS-EXECUTIVE-MANAGER I-BUSINESS-EXECUTIVE-MANAGER I-BUSINESS-EXECUTIVE-MANAGER O O O O O O O
2088,"ĠJob Ġcreation Ġmeasures Ġprobably Ġprevented Ġa Ġstronger Ġincrease Ġin Ġthe Ġseason ally Ġadjusted Ġnumbers .""",O O O O O O O O O O O O O O O,O O O O O O O O O O O O O O O
2089,"ĠHalo Ġ2 Ġherald s Ġtraffic Ġexplosion Ċ Ċ The Ġgrowing Ġpopularity Ġof Ġonline Ġgaming Ġcould Ġspell Ġproblems Ġfor Ġnet Ġservice Ġfirms , Ġwarns Ġnetwork Ġmonitoring Ġcompany ĠSand vine .",O O O O O O O O O O O O O O O O O O O O O O O O O O O O O,O O O O O O O O O O O O O O O O O O O O O O O O O O O O O
2090,Ġ Ċ Ċ It Ġissued Ġthe Ġwarning Ġfollowing Ġanalysis Ġwhich Ġshows Ġthat Ġtraffic Ġon Ġthe ĠXbox Ġgame Ġnetwork Ġincreased Ġfour fold Ġon Ġthe Ġlaunch Ġday Ġof ĠHalo Ġ2 .,O O O O O O O O O O O O O O O O O O O O O O O O O O O O O,O O O O O O O O O O O O O O O O O O O O O O O O O O O O O
2091,"ĠThe Ġ9 ĠNovember Ġtraffic Ġexplosion Ġhas Ġcontinued Ġinto ĠDecember , Ġsaid ĠSand vine .",O O O O O O O O O O O O O O,O O O O O O O O O O O B-BUSINESS-EXECUTIVE-MANAGER I-BUSINESS-EXECUTIVE-MANAGER O
2092,ĠService Ġproviders Ġnow Ġneed Ġto Ġmake Ġsure Ġthat Ġtheir Ġnetworks Ġcan Ġcope Ġwith Ġthe Ġincreasing Ġdemands Ġfor Ġbandwidth .,O O O O O O O O O O O O O O O O O O O,O O O O O O O O O O O O O O O O O O O
2093,"ĠAs Ġwell Ġas Ġbeing Ġa Ġpopular Ġsingle - player Ġtitle , ĠHalo Ġ2 Ġcan Ġbe Ġconnected Ġto ĠMicrosoft 's Ġsubscription - based Ġbroadband Ġnetwork , ĠXbox ĠLive .",O O O O O O O O O O O O O O O O O O O O O O O O O O O O,O O O O O O O O O O O O O O O O O O O O O O O O O O O O
2094,"ĠGam ers Ġwho Ġwant Ġto Ġplay Ġonline Ġcan Ġcreate Ġtheir Ġown Ġclan , Ġor Ġteam , Ġand Ġtake Ġon Ġothers Ġto Ġsee Ġhow Ġwell Ġthey Ġcompare .",O O O O O O O O O O O O O O O O O O O O O O O O O O O,O O O O O O O O O O O O O O O O O O O O O O O O O O O
2095,"Ġ Ċ Ċ But Ġthe Ġsurge Ġin Ġnumbers Ġand Ġhuge Ġdemands Ġfor Ġbandwidth Ġshould Ġbe Ġa Ġwake - up Ġcall Ġto Ġthe Ġindustry Ġwhich Ġmust Ġensure Ġthat Ġtheir Ġnetworks Ġcan Ġcope Ġwith Ġthe Ġincreases Ġin Ġtraffic , Ġsaid ĠSand vine 's Ġchief Ġtechnology Ġofficer ĠMarc ĠMor in .",O O O O O O O O O O O O O O O O O O O O O O O O O O O O O O O O O O O O O O O O O O O O B-BUSINESS-EXECUTIVE-MANAGER I-BUSINESS-EXECUTIVE-MANAGER I-BUSINESS-EXECUTIVE-MANAGER O,O O O O O O O O O O O O O O O O O O O O O O O O O O O O O O O O O O O O O O O O O O O O B-BUSINESS-EXECUTIVE-MANAGER I-BUSINESS-EXECUTIVE-MANAGER I-BUSINESS-EXECUTIVE-MANAGER O
2096,"Ġ Ċ Ċ In Ġa Ġbid Ġto Ġcope Ġand Ġease Ġcongestion , Ġproviders Ġare Ġincreasingly Ġmaking Ġtheir Ġnetworks Ġintelligent , Ġfinding Ġout Ġwho Ġis Ġusing Ġbandwidth Ġand Ġfor Ġwhat .",O O O O O O O O O O O O O O O O O O O O O O O O O O O O O O,O O O O O O O O O O O O O O O O O O O O O O O O O O O O O O
2097,"ĠIt Ġcould Ġbecome Ġcommon Ġto Ġcharge Ġpeople Ġfor Ġthe Ġamount Ġof Ġbandwidth Ġthey Ġuse . Ġ""",O O O O O O O O O O O O O O O O,O O O O O O O O O O O O O O O O
2098,"ĠThe Ġexplosion Ġin ĠXbox ĠLive Ġtraffic Ġattributed Ġto ĠHalo Ġ2 Ġshould Ġbe Ġseen Ġas Ġa Ġclar ion Ġcall ,"" Ġhe Ġsaid . Ġ""",O O O O O O O O O O O O O O O O O O O O O O O,O O O O O O O O O O O O O O O O O O O O O O O
2099,"ĠISPs Ġneed Ġto Ġenhance Ġthe Ġbroadband Ġexperience Ġfor Ġthese Ġhigh - end Ġusers Ġby Ġpriorit ising Ġor Ġreserv ing Ġbandwidth Ġfor Ġgames ,"" Ġhe Ġadded .",O O O O O O O O O O O O O O O O O O O O O O O O O O,O O O O O O O O O O O O O O O O O O O O O O O O O O
2100,"Ġ Ċ Ċ One Ġof Ġthe Ġmain Ġfactors Ġthat Ġspo ils Ġonline Ġgaming Ġis Ġ"" lag "" Ġin Ġwhich Ġthere Ġis Ġa Ġnoticeable Ġdelay Ġbetween Ġa Ġgamer Ġclicking Ġon Ġa Ġmouse Ġor Ġkeyboard Ġand Ġwhat Ġhappens Ġin Ġthe Ġonline Ġgaming Ġworld .",O O O O O O O O O O O O O O O O O O O O O O O O O O O O O O O O O O O O O O O O O O,O O O O O O O O O O O O O O O O O O O O O O O O O O O O O O O O O O O O O O O O O O
2101,"ĠGam ers Ġtend Ġto Ġmigrate Ġtoward Ġnetworks Ġwith Ġthe Ġlowest Ġ"" lag "".",O O O O O O O O O O O O O,O O O O O O O O O O O O O
2102,"ĠAn alys ing Ġtraffic Ġwill Ġbecome Ġincreasingly Ġimportant Ġfor Ġservice Ġproviders Ġif Ġthey Ġare Ġto Ġhold Ġon Ġto Ġbandwidth - hung ry Ġgamers Ġsaid ĠLindsay ĠSch roth , Ġan Ġanalyst Ġwith Ġresearch Ġfirm ĠThe ĠYankee ĠGroup . Ġ""",O O O O O O O O O O O O O O O O O O O O O O O O B-PUBLIC-FIGURE I-PUBLIC-FIGURE I-PUBLIC-FIGURE O O O O O O O O O O O,O O O O O O O O O O O O O O O O O O O O O O O O B-BUSINESS-EXECUTIVE-MANAGER I-BUSINESS-EXECUTIVE-MANAGER I-BUSINESS-EXECUTIVE-MANAGER O O O O O O O O O O O
2103,"ĠIn Ġthe Ġcompetitive Ġbroadband Ġenvironment , Ġoperators Ġneed Ġto Ġdifferentiate Ġthe Ġway Ġthey Ġoffer Ġaccess Ġto Ġservices Ġlike Ġlive - play Ġgaming ,"" Ġshe Ġsaid .",O O O O O O O O O O O O O O O O O O O O O O O O O O,O O O O O O O O O O O O O O O O O O O O O O O O O O
2104,"ĠIn Ġcountries Ġsuch Ġas ĠKorea , Ġwhich Ġhas Ġhigh Ġlevels Ġof Ġfast Ġnet Ġconnections Ġto Ġhomes , Ġonline Ġgaming Ġis Ġhugely Ġpopular .",O O O O O O O O O O O O O O O O O O O O O O O,O O O O O O O O O O O O O O O O O O O O O O O
2105,"ĠEU - US Ġseeking Ġdeal Ġon Ġair Ġdispute Ċ Ċ The ĠEU Ġand ĠUS Ġhave Ġagreed Ġto Ġbegin Ġtalks Ġon Ġending Ġsubsidies Ġgiven Ġto Ġaircraft Ġmakers , ĠEU ĠTrade ĠCommissioner ĠPeter ĠMand elson Ġhas Ġannounced .",O O O O O O O O O O O O O O O O O O O O O O O O O O O O O O B-POLITICIAN I-POLITICIAN I-POLITICIAN O O O,O O O O O O O O O O O O O O O O O O O O O O O O O O O O O O B-POLITICIAN I-POLITICIAN I-POLITICIAN O O O
2106,"Ġ Ċ Ċ Both Ġsides Ġhope Ġto Ġreach Ġa Ġnegotiated Ġdeal Ġover Ġstate Ġaid Ġreceived Ġby ĠEuropean Ġaircraft Ġmaker ĠAirbus Ġand Ġits ĠUS Ġrival ĠBoeing , ĠMr ĠMand elson Ġsaid .",O O O O O O O O O O O O O O O O O O O O O O O O O O O O O O O,O O O O O O O O O O O O O O O O O O O O O O O O O O O B-POLITICIAN I-POLITICIAN O O
2107,ĠAirbus Ġand ĠBoeing Ġaccuse Ġeach Ġother Ġof Ġbenefiting Ġfrom Ġillegal Ġsubsidies .,O O O O O O O O O O O O,O O O O O O O O O O O O
2108,ĠMr ĠMand elson Ġsaid Ġthe ĠEU Ġand ĠUS Ġhoped Ġto Ġavoid Ġhaving Ġto Ġresolve Ġthe Ġdispute Ġat Ġthe ĠWorld ĠTrade ĠOrganisation Ġ( W TO ).,O O O O O O O O O O O O O O O O O O O O O O O O O,O B-POLITICIAN I-POLITICIAN O O O O O O O O O O O O O O O O O O O O O O
2109,"Ġ Ċ Ċ "" With Ġthis Ġagreement Ġthe ĠEU Ġand ĠUS Ġhave Ġconfirmed Ġtheir Ġwillingness Ġto Ġresolve Ġthe Ġdispute Ġwhich Ġhas Ġarisen Ġbetween Ġthem ,"" ĠMr ĠMand elson Ġsaid . Ġ""",O O O O O O O O O O O O O O O O O O O O O O O O O O O O O O O,O O O O O O O O O O O O O O O O O O O O O O O O O O B-POLITICIAN I-POLITICIAN O O O
2110,"ĠI Ġhope Ġour Ġnegotiations Ġin Ġthe Ġnext Ġthree Ġmonths Ġwill Ġlead Ġto Ġan Ġagreement Ġending Ġsubsidies Ġto Ġdevelopment Ġand Ġproduction Ġof Ġlarge Ġcivil Ġaircraft .""",O O O O O O O O O O O O O O O O O O O O O O O O O,O O O O O O O O O O O O O O O O O O O O O O O O O
2111,"ĠLast Ġyear , Ġthe ĠUS Ġterminated Ġan Ġagreement Ġwith Ġthe ĠEU , Ġreached Ġin Ġ1992 , Ġwhich Ġlimits Ġthe Ġsubsidies Ġcountries Ġcan Ġhand Ġover Ġto Ġcivil Ġaircraft Ġmakers .",O O O O O O O O O O O O O O O O O O O O O O O O O O O O O,O O O O O O O O O O O O O O O O O O O O O O O O O O O O O
2112,"ĠThe ĠUS Ġfiled Ġa Ġcomplaint Ġagainst ĠBrussels Ġwith Ġthe ĠWTO Ġover Ġstate Ġaid Ġto ĠAirbus , Ġprompting Ġa Ġretali atory ĠEU Ġcomplaint Ġover ĠUS Ġsupport Ġfor ĠBoeing .",O O O O O O O O O O O O O O O O O O O O O O O O O O O O,O O O O O O O O O O O O O O O O O O O O O O O O O O O O
2113,"ĠHowever , Ġboth Ġsides Ġagreed Ġto Ġsuspend Ġtheir Ġrequests Ġfor ĠWTO Ġarbitration Ġat Ġthe Ġbeginning Ġof ĠDecember , Ġto Ġallow Ġbilateral Ġtalks Ġto Ġcontinue .",O O O O O O O O O O O O O O O O O O O O O O O O O,O O O O O O O O O O O O O O O O O O O O O O O O O
2114,"ĠE ADS Ġand ĠB AE ĠSystems , Ġthe ĠEuropean Ġdefence Ġand Ġaerospace Ġfirms Ġwhich Ġown ĠAirbus , Ġwelcomed ĠMr ĠMand elson 's Ġannouncement . Ġ""",O O O O O O O O O O O O O O O O O O O O O O O O O,O O O O O O O O O O O O O O O O O O O B-POLITICIAN I-POLITICIAN O O O O
2115,"ĠIt Ġhas Ġalways Ġbeen Ġpreferable Ġthat Ġany Ġdifferences Ġbetween Ġthe ĠUS Ġand ĠEurope Ġon Ġthis Ġmatter Ġbe Ġovercome Ġthrough Ġconstructive Ġdiscussion Ġrather Ġthan Ġthrough Ġlegal Ġrecourse ,"" Ġthe Ġcompanies Ġsaid Ġin Ġa Ġjoint Ġstatement .",O O O O O O O O O O O O O O O O O O O O O O O O O O O O O O O O O O O,O O O O O O O O O O O O O O O O O O O O O O O O O O O O O O O O O O O
2116,"Ġ Ċ Ċ Sep ar ately , Ġthe Ġworld 's Ġlargest Ġpackage Ġdelivery Ġcompany , ĠUPS , Ġsaid Ġit Ġhad Ġplaced Ġan Ġorder Ġfor Ġ10 ĠAirbus ĠA 380 Ġsuper j umbo Ġfreight - carry ing Ġjets , Ġwith Ġan Ġoption Ġto Ġbuy Ġ10 Ġmore Ġof Ġthe Ġtriple - de cker Ġaircraft .",O O O O O O O O O O O O O O O O O O O O O O O O O O O O O O O O O O O O O O O O O O O O O O O O O O O O,O O O O O O O O O O O O O O O O O O O O O O O O O O O O O O O O O O O O O O O O O O O O O O O O O O O O
2117,"ĠThe ĠUS Ġcompany Ġsaid Ġit Ġneeded Ġto Ġexpand Ġits Ġair Ġfreight Ġcapacity Ġfollowing Ġstrong Ġinternational Ġgrowth , Ġand Ġwould Ġbegin Ġreceiving Ġdeliveries Ġof Ġthe ĠA 380 s Ġfrom Ġ2009 .",O O O O O O O O O O O O O O O O O O O O O O O O O O O O O O,O O O O O O O O O O O O O O O O O O O O O O O O O O O O O O
2118,"ĠHowever , ĠUPS Ġsaid Ġit Ġwas Ġcutting Ġa Ġprevious Ġorder Ġfor Ġsmaller ĠAirbus ĠA 300 s Ġfrom Ġ90 Ġplanes Ġto Ġ53 .",O O O O O O O O O O O O O O O O O O O O O O,O O O O O O O O O O O O O O O O O O O O O O
2119,"ĠSo Ġfar , ĠAirbus Ġhas Ġdelivered Ġ40 ĠA 300 s Ġto ĠUPS .",O O O O O O O O O O O O O,O O O O O O O O O O O O O
2120,ĠAirbus Ġovert ook ĠBoeing Ġas Ġthe Ġworld 's Ġlargest Ġmanufacturer Ġof Ġcommercial Ġair liners Ġin Ġ2003 .,O O O O O O O O O O O O O O O O O,O O O O O O O O O O O O O O O O O
2121,"ĠPlayStation Ġ3 Ġprocessor Ġunveiled Ċ Ċ The ĠCell Ġprocessor , Ġwhich Ġwill Ġdrive ĠSony 's ĠPlayStation Ġ3 , Ġwill Ġrun Ġ10 - times Ġfaster Ġthan Ġcurrent ĠPC Ġchips , Ġits Ġdesigners Ġhave Ġsaid .",O O O O O O O O O O O O O O O O O O O O O O O O O O O O O O O O O O,O O O O O O O O O O O O O O O O O O O O O O O O O O O O O O O O O O
2122,"Ġ Ċ Ċ Sony , ĠIBM Ġand ĠTos hiba , Ġwho Ġhave Ġbeen Ġworking Ġon Ġthe ĠCell Ġprocessor Ġfor Ġthree Ġyears , Ġunveiled Ġthe Ġchip Ġon ĠMonday .",O O O O O O O O O O O O O O O O O O O O O O O O O O O O,O O O O O O O O O O O O O O O O O O O O O O O O O O O O
2123,"ĠIt Ġis Ġbeing Ġdesigned Ġfor Ġuse Ġin Ġgraphics Ġwork st ations , Ġthe Ġnew ĠPlayStation Ġconsole , Ġand Ġhas Ġbeen Ġdescribed Ġas Ġa Ġsuper computer Ġon Ġa Ġchip .",O O O O O O O O O O O O O O O O O O O O O O O O O O O O O,O O O O O O O O O O O O O O O O O O O O O O O O O O O O O
2124,"ĠThe Ġchip Ġwill Ġrun Ġat Ġspeeds Ġof Ġgreater Ġthan Ġ4 ĠGHz , Ġthe Ġfirms Ġsaid .",O O O O O O O O O O O O O O O O,O O O O O O O O O O O O O O O O
2125,"ĠBy Ġcomparison , Ġrival Ġchip Ġmaker ĠIntel 's Ġfastest Ġprocessor Ġruns Ġat Ġ3 . 8 ĠGHz .",O O O O O O O O O O O O O O O O O,O O O O O O O O O O O O O O O O O
2126,ĠDetails Ġof Ġthe Ġchip Ġwere Ġreleased Ġat Ġthe ĠInternational ĠSolid ĠState ĠCirc uits ĠConference Ġin ĠSan ĠFrancisco .,O O O O O O O O O O O O O O O O O O,O O O O O O O O O O O O O O O O O O
2127,ĠThe Ġnew Ġprocessor Ġis Ġset Ġto Ġignite Ġa Ġfresh Ġbattle Ġbetween ĠIntel Ġand Ġthe ĠCell Ġconsortium Ġover Ġwhich Ġprocessor Ġsits Ġat Ġthe Ġcentre Ġof Ġdigital Ġproducts .,O O O O O O O O O O O O O O O O O O O O O O O O O O O,O O O O O O O O O O O O O O O O O O O O O O O O O O O
2128,"ĠThe ĠPlayStation Ġ3 Ġis Ġexpected Ġin Ġ2006 , Ġwhile ĠTos hiba Ġplans Ġto Ġincorporate Ġit Ġinto Ġhigh - end Ġtelev isions Ġnext Ġyear .",O O O O O O O O O O O O O O O O O O O O O O O O,O O O O O O O O O B-BUSINESS-EXECUTIVE-MANAGER I-BUSINESS-EXECUTIVE-MANAGER O O O O O O O O O O O O O
2129,ĠIBM Ġhas Ġsaid Ġit Ġwill Ġsell Ġa Ġwork station Ġwith Ġthe Ġchip Ġstarting Ġlater Ġthis Ġyear .,O O O O O O O O O O O O O O O O O,O O O O O O O O O O O O O O O O O
2130,"Ġ Ċ Ċ Cell Ġis Ġcomprised Ġof Ġseveral Ġcomputing Ġengines , Ġor Ġcores .",O O O O O O O O O O O O O O,O O O O O O O O O O O O O O
2131,"ĠA Ġcore Ġbased Ġon ĠIBM 's ĠPower Ġarchitecture Ġcontrols Ġeight Ġ"" sy nerg istic "" Ġprocessing Ġcentres .",O O O O O O O O O O O O O O O O O O,O O O O O O O O O O O O O O O O O O
2132,"ĠIn Ġall , Ġthey Ġcan Ġsimultaneously Ġcarry Ġout Ġ10 Ġinstruction Ġsequences , Ġcompared Ġwith Ġtwo Ġfor Ġcurrent ĠIntel Ġchips .",O O O O O O O O O O O O O O O O O O O O,O O O O O O O O O O O O O O O O O O O O
2133,"Ġ Ċ Ċ Later Ġthis Ġyear , ĠIntel Ġand ĠAdvanced ĠMicro ĠDevices Ġplan Ġto Ġrelease Ġtheir Ġown Ġ"" mult ic ore "" Ġchips , Ġwhich Ġalso Ġincrease Ġthe Ġnumber Ġof Ġinstructions Ġthat Ġcan Ġbe Ġexecuted Ġat Ġonce .",O O O O O O O O O O O O O O O O O O O O O O O O O O O O O O O O O O O O O O,O O O O O O O O O O O O O O O O O O O O O O O O O O O O O O O O O O O O O O
2134,"ĠThe ĠCell 's Ġspecifications Ġsuggest Ġthe ĠPlayStation Ġ3 Ġwill Ġoffer Ġa Ġsignificant Ġboost Ġin Ġgraphics Ġcapabilities Ġbut Ġanalysts Ġcautioned Ġthat Ġnot Ġall Ġthe Ġfeatures Ġin Ġa Ġproduct Ġannouncement Ġwill Ġfind Ġtheir Ġway Ġinto Ġsystems . Ġ""",O O O O O O O O O O O O O O O O O O O O O O O O O O O O O O O O O O O O,O O O O O O O O O O O O O O O O O O O O O O O O O O O O O O O O O O O O
2135,"ĠAny Ġnew Ġtechnology Ġlike Ġthis Ġhas Ġtwo Ġcomponents ,"" Ġsaid ĠSteve ĠK ley n h ans , Ġan Ġanalyst Ġwith ĠMeta ĠGroup .",O O O O O O O O O O B-PUBLIC-FIGURE I-PUBLIC-FIGURE I-PUBLIC-FIGURE I-PUBLIC-FIGURE I-PUBLIC-FIGURE I-PUBLIC-FIGURE O O O O O O O,O O O O O O O O O O B-PUBLIC-FIGURE I-PUBLIC-FIGURE I-PUBLIC-FIGURE I-PUBLIC-FIGURE I-PUBLIC-FIGURE I-PUBLIC-FIGURE O O O O O O O
2136,"ĠHe Ġsaid : Ġ"" It Ġhas Ġthe Ġvision Ġof Ġwhat Ġit Ġcould Ġbe Ġbecause Ġyou Ġneed Ġthe Ġbig Ġvision Ġto Ġsell Ġit . Ġ""",O O O O O O O O O O O O O O O O O O O O O O O O,O O O O O O O O O O O O O O O O O O O O O O O O
2137,"ĠThen Ġthere 's Ġthe Ġreality Ġof Ġhow Ġit 's Ġreally Ġgoing Ġto Ġbe Ġused , Ġwhich Ġgenerally Ġis Ġseveral Ġlevels Ġdown Ġthe Ġchain Ġfrom Ġthere .""",O O O O O O O O O O O O O O O O O O O O O O O O O O,O O O O O O O O O O O O O O O O O O O O O O O O O O
2138,"Ġ Ċ Ċ While Ġthe ĠPlayStation Ġ3 Ġis Ġlikely Ġto Ġbe Ġthe Ġfirst Ġmass - market Ġproduct Ġto Ġuse ĠCell , Ġthe Ġchip 's Ġdesigners Ġhave Ġsaid Ġthe Ġflexible Ġarchitecture Ġmeans Ġthat Ġit Ġwould Ġbe Ġuseful Ġfor Ġa Ġwide Ġrange Ġof Ġapplications , Ġfrom Ġservers Ġto Ġmobile Ġphones .",O O O O O O O O O O O O O O O O O O O O O O O O O O O O O O O O O O O O O O O O O O O O O O O O O,O O O O O O O O O O O O O O O O O O O O O O O O O O O O O O O O O O O O O O O O O O O O O O O O O
2139,"ĠInitial Ġdevices Ġare Ġunlikely Ġto Ġbe Ġany Ġsmaller Ġthan Ġa Ġgames Ġconsole , Ġhowever , Ġbecause Ġthe Ġfirst Ġversion Ġof Ġthe ĠCell Ġwill Ġrun Ġhot Ġenough Ġto Ġneed Ġa Ġcooling Ġfan .",O O O O O O O O O O O O O O O O O O O O O O O O O O O O O O O O,O O O O O O O O O O O O O O O O O O O O O O O O O O O O O O O O
2140,"ĠAnd Ġwhile Ġmarketing Ġspeak Ġdescribes Ġthe Ġchip Ġas Ġa Ġ"" super computer "" Ġ- Ġit Ġremains Ġsignificantly Ġslower Ġthan Ġthe Ġslow est Ġcomputer Ġon Ġthe Ġlist Ġof Ġthe Ġworld 's Ġtop Ġ500 Ġsuper com puters .",O O O O O O O O O O O O O O O O O O O O O O O O O O O O O O O O O O O O,O O O O O O O O O O O O O O O O O O O O O O O O O O O O O O O O O O O O
2141,"ĠIBM Ġsaid ĠCell Ġwas Ġ"" OS Ġneutral "" Ġand Ġwould Ġsupport Ġmultiple Ġoperating Ġsystems Ġsimultaneously Ġbut Ġdesigners Ġwould Ġnot Ġconfirm Ġif ĠMicrosoft 's ĠWindows Ġwas Ġamong Ġthose Ġtested Ġwith Ġthe Ġchip .",O O O O O O O O O O O O O O O O O O O O O O O O O O O O O O O O,O O O O O O O O O O O O O O O O O O O O O O O O O O O O O O O O
2142,"ĠIf ĠCell Ġis Ġto Ġchallenge ĠIntel 's Ġrange Ġof Ġchips Ġin Ġthe Ġmarketplace , Ġit Ġwill Ġneed Ġto Ġfind Ġitself Ġinside ĠPCs , Ġwhich Ġpredominantly Ġrun Ġusing ĠWindows .",O O O O O O O O O O O O O O O O O O O O O O O O O O O O O,O O O O O O O O O O O O O O O O O O O O O O O O O O O O O
2143,ĠVenezuela Ġreviews Ġforeign Ġdeals Ċ Ċ V enezuel a Ġis Ġto Ġreview Ġall Ġforeign Ġinvestment Ġin Ġits Ġmining Ġindustries Ġin Ġan Ġeffort Ġto Ġstrengthen Ġits Ġindigenous Ġindustrial Ġoutput .,O O O O O O O O O O O O O O O O O O O O O O O O O O O O O,O O O O O O O B-POLITICIAN I-POLITICIAN O O O O O O O O O O O O O O O O O O O O
2144,Ġ Ċ Ċ President ĠHugo ĠChavez Ġhas Ġordered Ġall Ġexisting Ġcontracts Ġwith Ġforeign Ġfirms Ġto Ġbe Ġexamined Ġto Ġsee Ġif Ġthey Ġprovide Ġmaximum Ġbenefits Ġto Ġthe Ġcountry .,O O O O B-POLITICIAN I-POLITICIAN O O O O O O O O O O O O O O O O O O O O O O,O O O O B-POLITICIAN I-POLITICIAN O O O O O O O O O O O O O O O O O O O O O O
2145,"ĠThe Ġreview Ġwill Ġcover Ġproduction Ġof Ġgold , Ġaluminium Ġand Ġiron Ġore Ġalthough Ġit Ġexcludes Ġthe Ġcountry 's Ġoil Ġsector .",O O O O O O O O O O O O O O O O O O O O O,O O O O O O O O O O O O O O O O O O O O O
2146,ĠChavez Ġhas Ġsought Ġto Ġextend Ġthe Ġstate 's Ġrole Ġin Ġall Ġsectors Ġof Ġthe Ġeconomy .,O O O O O O O O O O O O O O O O,B-POLITICIAN O O O O O O O O O O O O O O O
2147,Ġ Ċ Ċ The Ġleft - wing Ġpresident Ġis Ġconducting Ġa Ġcontroversial Ġreview Ġof Ġland Ġownership Ġin Ġthe Ġcountry Ġwhile Ġalso Ġseeking Ġto Ġcreate Ġa Ġstate - run Ġtelecom s Ġfirm Ġto Ġcompete Ġwith Ġforeign - owned Ġbusinesses .,O O O O O O O O O O O O O O O O O O O O O O O O O O O O O O O O O O O O O O O,O O O O O O O O O O O O O O O O O O O O O O O O O O O O O O O O O O O O O O O
2148,Ġ Ċ Ċ He Ġhas Ġargued Ġthat Ġmajor Ġeconomic Ġreforms Ġare Ġvital Ġto Ġimprove Ġthe Ġlives Ġof ĠVenezuela 's Ġpoorest Ġcitizens .,O O O O O O O O O O O O O O O O O O O O O O,O O O O O O O O O O O O O O O O O O O O O O
2149,"ĠAnn ouncing Ġthe Ġreview Ġof Ġraw Ġmaterial Ġproduction , Ġminister ĠVictor ĠAlvarez Ġsaid Ġthe Ġgovernment Ġwould Ġseek Ġto Ġtransfer Ġtechnology , Ġtraining Ġcapability Ġand Ġcontent Ġfrom Ġprojects Ġwith Ġforeign Ġpartners . Ġ""",O O O O O O O O O O B-POLITICIAN I-POLITICIAN O O O O O O O O O O O O O O O O O O O O,O O O O O O O O O O B-POLITICIAN I-POLITICIAN O O O O O O O O O O O O O O O O O O O O
2150,"ĠWe Ġare Ġdefending Ġour Ġnational Ġsovereignty Ġover Ġthe Ġuse Ġof Ġour Ġnational Ġresources Ġwhich Ġmust Ġserve Ġthe Ġendogenous Ġdevelopment Ġof Ġthe Ġnation ,"" ĠMr ĠAlvarez Ġsaid . Ġ""",O O O O O O O O O O O O O O O O O O O O O O O O O O O O,O O O O O O O O O O O O O O O O O O O O O O O O B-POLITICIAN O O O
2151,"ĠFor Ġthis Ġreason Ġwe Ġare Ġreviewing Ġall Ġmemor and ums Ġof Ġunderstanding , Ġall Ġletters Ġof Ġintent , Ġall Ġagreements Ġthat Ġhave Ġbeen Ġsigned , Ġall Ġcontracts , Ġto Ġcheck Ġwhich Ġof Ġthese Ġcomply Ġwith Ġthese Ġdirectives . Ġ""",O O O O O O O O O O O O O O O O O O O O O O O O O O O O O O O O O O O O O O O,O O O O O O O O O O O O O O O O O O O O O O O O O O O O O O O O O O O O O O O
2152,"ĠEverything , Ġabsolutely Ġeverything , Ġhas Ġto Ġbe Ġreviewed .""",O O O O O O O O O O,O O O O O O O O O O
2153,Ġ Ċ Ċ V enezuel a Ġhas Ġpreviously Ġassured Ġforeign Ġcompanies Ġwith Ġoperations Ġin Ġthe Ġmineral Ġrich Ġcountry Ġthat Ġit Ġrespects Ġexisting Ġcontracts .,O O O O O O O O O O O O O O O O O O O O O O O O,O O O B-BUSINESS-EXECUTIVE-MANAGER I-BUSINESS-EXECUTIVE-MANAGER I-BUSINESS-EXECUTIVE-MANAGER O O O O O O O O O O O O O O O O O O
2154,"ĠHowever , Ġthe Ġgovernment Ġinsisted Ġthat Ġit Ġneeded Ġto Ġdevelop Ġits Ġown Ġindustrial Ġinfrastructure Ġin Ġorder Ġto Ġcreate Ġnew Ġjobs Ġand Ġlessen Ġits Ġreliance Ġon Ġforeign Ġpartners . Ġ""",O O O O O O O O O O O O O O O O O O O O O O O O O O O O O,O O O O O O O O O O O O O O O O O O O O O O O O O O O O O
2155,"ĠIf Ġwe Ġdon 't Ġdo Ġthis , Ġwe Ġare Ġjust Ġgoing Ġto Ġcarry Ġon Ġbeing Ġslaves , Ġsuppliers Ġof Ġraw Ġmaterials , Ġall Ġour Ġlives Ġand Ġwe Ġwill Ġnever Ġdevelop Ġour Ġown Ġproductive Ġcapacity ,"" ĠMr ĠAlvarez Ġadded .",O O O O O O O O O O O O O O O O O O O O O O O O O O O O O O O O O O O O O O O,O O O O O O O O O O O O O O O O O O O O O O O O O O O O O O O O O O O O B-POLITICIAN O O
2156,"ĠCompanies Ġfrom Ġthe ĠUnited ĠStates , ĠCanada , ĠFrance Ġand ĠSwitzerland Ġall Ġhave Ġsubstantial Ġinvestments Ġin ĠVenezuela 's Ġmining Ġsector .",O O O O O O O O O O O O O O O O O O O O O,O O O O O O O O O O O O O O O O O O O O O
2157,Ġ' Land mark Ġmovies ' Ġof Ġ2004 Ġhailed Ċ Ċ US Ġfilm Ġprofessionals Ġhave Ġdeclared ĠFahrenheit Ġ9 / 11 Ġand ĠThe ĠPassion Ġof Ġthe ĠChrist Ġas Ġtwo Ġof Ġthe Ġmost Ġsignificant Ġcultural Ġmilestones Ġof Ġ2004 .,O O O O O O O O O O O O O O O O O O O O O O O O O O O O O O O O O O O O,O O O O O O O O O O O O O O O O O O O O O O O O O O O O O O O O O O O O
2158,Ġ Ċ Ċ The ĠAmerican ĠFilm ĠInstitute Ġ( AF I ) Ġhailed ĠMel ĠGibson 's Ġbiblical Ġepic Ġand ĠMichael ĠMoore 's Ġpolitical Ġdocumentary Ġas Ġinspiring Ġnational Ġdebate .,O O O O O O O O O O O O B-ACTOR-DIRECTOR I-ACTOR-DIRECTOR O O O O B-ACTOR-DIRECTOR I-ACTOR-DIRECTOR O O O O O O O O,O O O O O O O O O O O O B-ACTOR-DIRECTOR I-ACTOR-DIRECTOR I-ACTOR-DIRECTOR O O O B-ACTOR-DIRECTOR I-ACTOR-DIRECTOR I-ACTOR-DIRECTOR O O O O O O O
2159,"ĠIt Ġclaimed Ġboth Ġfilm - makers Ġ"" t oss ed ĠHollywood Ġconvention Ġout Ġthe Ġwindow "".",O O O O O O O O O O O O O O O O,O O O O O O O O O O O O O O O O
2160,ĠThe ĠInstitute Ġalso Ġcited Ġthe Ġdeath Ġof Ġactor ĠMar lon ĠBrand o Ġand Ġthe Ġchanging Ġlandscape Ġof ĠTV Ġnews Ġin Ġthe ĠUS .,O O O O O O O O B-ACTOR-DIRECTOR I-ACTOR-DIRECTOR I-ACTOR-DIRECTOR I-ACTOR-DIRECTOR O O O O O O O O O O O,O O O O O O O O B-ACTOR-DIRECTOR I-ACTOR-DIRECTOR I-ACTOR-DIRECTOR I-ACTOR-DIRECTOR O O O O O O O O O O O
2161,"ĠIn Ġreferring Ġto ĠMar lon ĠBrand o 's Ġdeath Ġon Ġ1 ĠJuly Ġat Ġthe Ġage Ġof Ġ80 , Ġthe Ġ13 - strong ĠA FI Ġjury Ġconcluded Ġ"" the Ġart Ġof Ġscreen Ġacting Ġhas Ġtwo Ġchapters Ġ- Ġ' Before ĠBrand o ' Ġand Ġ' After ĠBrand o '.",O O O B-ACTOR-DIRECTOR I-ACTOR-DIRECTOR I-ACTOR-DIRECTOR I-ACTOR-DIRECTOR O O O O O O O O O O O O O O O O O O O O O O O O O O O O O O O O O O O O O O O O,O O O B-MUSICIAN I-MUSICIAN I-MUSICIAN I-MUSICIAN O O O O O O O O O O O O O O O O O O O O O O O O O O O O O O O B-ACTOR-DIRECTOR I-ACTOR-DIRECTOR O O O O B-ACTOR-DIRECTOR I-ACTOR-DIRECTOR O
2162,"Ġ Ċ Ċ It Ġcredited Ġthe Ġscreen Ġlegend 's Ġ"" raw Ġhypnot ic Ġenergy "" Ġand Ġhis Ġability Ġto Ġcreate Ġcharacters Ġlike ĠStanley ĠK ow als ki Ġand ĠTerry ĠMall oy Ġ"" that Ġwill Ġlive Ġforever Ġin Ġthe Ġann als Ġof Ġfilm Ġhistory "".",O O O O O O O O O O O O O O O O O O O O O O B-PUBLIC-FIGURE I-PUBLIC-FIGURE I-PUBLIC-FIGURE I-PUBLIC-FIGURE I-PUBLIC-FIGURE O B-PUBLIC-FIGURE I-PUBLIC-FIGURE I-PUBLIC-FIGURE O O O O O O O O O O O O O,O O O O O O O O O O O O O O O O O O O O O O B-ACTOR-DIRECTOR I-ACTOR-DIRECTOR I-ACTOR-DIRECTOR I-ACTOR-DIRECTOR I-ACTOR-DIRECTOR O B-ACTOR-DIRECTOR I-ACTOR-DIRECTOR I-ACTOR-DIRECTOR O O O O O O O O O O O O O
2163,ĠThe Ġlist Ġalso Ġacknowledges Ġkey Ġinfluences Ġand Ġtrends Ġin Ġthe Ġworld Ġof Ġfilm Ġand Ġbroadcasting .,O O O O O O O O O O O O O O O O,O O O O O O O O O O O O O O O O
2164,"ĠAmong Ġcurrent Ġtrends , Ġit Ġhighlighted Ġthe Ġfinal Ġbroadcasts Ġof Ġveteran Ġnew sc asters ĠTom ĠBro k aw , ĠBarbara ĠWalters Ġand Ġthe Ġimpending Ġretirement Ġof ĠCBS Ġnews Ġanchor ĠDan ĠRather .",O O O O O O O O O O O O O O B-AUTHOR-WRITER I-AUTHOR-WRITER I-AUTHOR-WRITER I-AUTHOR-WRITER O B-AUTHOR-WRITER I-AUTHOR-WRITER O O O O O O O O B-AUTHOR-WRITER I-AUTHOR-WRITER O,O O O O O O O O O O O O O O B-PUBLIC-FIGURE I-PUBLIC-FIGURE I-PUBLIC-FIGURE I-PUBLIC-FIGURE O B-PUBLIC-FIGURE I-PUBLIC-FIGURE O O O O O O O O B-PUBLIC-FIGURE I-PUBLIC-FIGURE O
2165,"ĠIt Ġits Ġplace , Ġthe ĠA FI Ġfears , Ġis Ġa Ġnews Ġlandscape Ġwhere Ġ"" new sc asters Ġare Ġmore Ġpersonalities Ġthan Ġjournalists "" Ġand Ġbalance Ġand Ġintegrity Ġare Ġincreasingly Ġignored .",O O O O O O O O O O O O O O O O O O O O O O O O O O O O O O O O,O O O O O O O O O O O O O O O O O O O O O O O O O O O O O O O O
2166,"Ġ Ċ Ċ The ĠA FI Ġalso Ġquestioned Ġ"" the Ġlong - term Ġviability Ġof Ġevening Ġnews Ġbroadcasts "", Ġin Ġthe Ġlight Ġof Ġ24 - hour Ġnews Ġchannels Ġand Ġthe Ġinternet .",O O O O O O O O O O O O O O O O O O O O O O O O O O O O O O O O,O O O O O O O O O O O O O O O O O O O O O O O O O O O O O O O O
2167,"ĠThe Ġlist Ġalso Ġdraws Ġattention Ġto Ġthe Ġgrowing Ġinfluence Ġof ĠUS Ġbroadcasting Ġregulator , Ġthe ĠFederal ĠCommunications ĠCommission Ġ( F CC ) Ċ Ċ The Ġinstitute Ġconcluded Ġthe Ġthreat Ġof Ġregulation , Ġwhich Ġwent Ġinto Ġfree fall Ġfollowing ĠJanet ĠJackson 's Ġ' ward robe Ġmalfunction ' Ġduring Ġa Ġlive ĠSuper ĠBowl Ġperformance Ġin ĠFebruary , Ġ"" had Ġa Ġprofound Ġeffect Ġon Ġtelevision "". Ġ""",O O O O O O O O O O O O O O O O O O O O O O O O O O O O O O O O O O O O O O B-MUSICIAN I-MUSICIAN O O O O O O O O O O O O O O O O O O O O O O O O,O O O O O O O O O O O O O O O O O O O O O O O O O O O O O O O O O O O O O O B-MUSICIAN I-MUSICIAN I-MUSICIAN O O O O O O O O O O O O O O O O O O O O O O O
2168,"ĠUnsure Ġof Ġhow Ġthe ĠFCC Ġwill Ġrule Ġon Ġan Ġissue , Ġthe Ġcreative Ġcommunity Ġhas Ġbegun Ġto Ġself - c ensor Ġtheir Ġshows , Ġa Ġdisturbing Ġtrend Ġin Ġa Ġcountry Ġfounded Ġon Ġfree Ġexpression ,"" Ġthe ĠA FI Ġjury Ġdeclared .",O O O O O O O O O O O O O O O O O O O O O O O O O O O O O O O O O O O O O O O O O,O O O O O O O O O O O O O O O O O O O O O O O O O O O O O O O O O O O O O O O O O
2169,"ĠTo Ġillustrate Ġtheir Ġpoint , Ġthe ĠA FI Ġcited ĠABC Ġaffiliates Ġrefusal Ġto Ġair ĠSteven ĠSpielberg 's Ġfilm ĠSaving ĠPrivate ĠRyan Ġin Ġan Ġun edited Ġform Ġover Ġfears Ġof Ġpossible Ġfines .",O O O O O O O O O O O O O O B-ACTOR-DIRECTOR I-ACTOR-DIRECTOR O O O O O O O O O O O O O O O O,O O O O O O O O O O O O O O B-ACTOR-DIRECTOR I-ACTOR-DIRECTOR I-ACTOR-DIRECTOR O O O O O O O O O O O O O O O
2170,"ĠSere na Ġends ĠSan ia ĠMir za 's Ġdream Ċ Ċ S ania ĠMir za , Ġthe Ġfirst ĠIndian Ġwoman Ġto Ġreach Ġthe Ġthird Ġround Ġof Ġa ĠGrand ĠSlam Ġtennis Ġevent , Ġhas Ġlost Ġto Ġwomen 's Ġfavourite ĠSere na ĠWilliams .",O O O B-ATHLETE I-ATHLETE I-ATHLETE I-ATHLETE O O O O B-ATHLETE I-ATHLETE I-ATHLETE I-ATHLETE O O O O O O O O O O O O O O O O O O O O O O O B-ATHLETE I-ATHLETE I-ATHLETE O,B-ATHLETE I-ATHLETE O B-ATHLETE I-ATHLETE I-ATHLETE I-ATHLETE I-ATHLETE O O O B-ATHLETE I-ATHLETE I-ATHLETE I-ATHLETE O O O O O O O O O O O O O O O O O O O O O O O B-ATHLETE I-ATHLETE I-ATHLETE O
2171,"Ġ Ċ Ċ The Ġ18 - year - old ĠMir za , Ġwho Ġgot Ġa Ġwild Ġcard Ġentry Ġinto Ġthe ĠAustralian ĠOpen Ġin ĠMelbourne , Ġlost Ġto ĠWilliams Ġ1 - 6 , 4 - 6 Ġin Ġthe Ġthird Ġround .",O O O O O O O O O O O O O O O O O O O O O O O O O O O O O O O O O O O O O O O O,O O O O O O O O O B-ATHLETE I-ATHLETE O O O O O O O O O O O O O O O O B-ATHLETE O O O O O O O O O O O O
2172,ĠWilliams Ġtook Ġjust Ġ56 Ġminutes Ġto Ġdefeat ĠMir za Ġand Ġsail Ġinto Ġthe Ġfourth Ġround .,O O O O O O O O O O O O O O O O,B-ATHLETE O O O O O O B-ATHLETE I-ATHLETE O O O O O O O
2173,ĠThe Ġonly Ġother ĠIndian Ġwoman Ġto Ġwin Ġa Ġmatch Ġat Ġa ĠGrand ĠSlam Ġis ĠNir up ama ĠV aid yan athan .,O O O O O O O O O O O O O O B-ATHLETE I-ATHLETE I-ATHLETE I-ATHLETE I-ATHLETE I-ATHLETE I-ATHLETE O,O O O O O O O O O O O O O O B-ATHLETE I-ATHLETE I-ATHLETE I-ATHLETE I-ATHLETE I-ATHLETE I-ATHLETE O
2174,ĠV aid yan athan Ġmade Ġit Ġto Ġthe Ġsecond Ġround Ġof Ġthe ĠAustralian ĠOpen Ġin Ġ1998 .,O O O O O O O O O O O O O O O O O,B-ATHLETE I-ATHLETE I-ATHLETE I-ATHLETE O O O O O O O O O O O O O
2175,"Ġ Ċ Ċ Playing Ġthe Ġbiggest Ġmatch Ġof Ġher Ġlife , ĠMir za Ġmade Ġlittle Ġimpact Ġon ĠWilliams Ġin Ġthe Ġearly Ġstages Ġof Ġthe Ġgame .",O O O O O O O O O O O O O O O O O O O O O O O O O O,O O O O O O O O O O O B-ATHLETE I-ATHLETE O O O O B-ATHLETE O O O O O O O O
2176,ĠBut Ġthe Ġteenager Ġshowed Ġmore Ġconfidence Ġin Ġthe Ġsecond Ġset Ġand Ġengaged Ġthe Ġseventh - se eded ĠWilliams Ġin Ġsome Ġwell Ġcontested Ġrallies .,O O O O O O O O O O O O O O O O O O O O O O O O,O O O O O O O O O O O O O O O O O B-ATHLETE O O O O O O
2177,"ĠMir za , Ġa Ġjunior ĠWim bledon Ġdoubles Ġtitle Ġwinner , Ġbecame Ġthe Ġfirst ĠIndian Ġwoman Ġto Ġreach Ġthe Ġthird Ġround Ġof Ġa Ġgrand Ġslam Ġtennis Ġevent Ġwhen Ġshe Ġbeat ĠHungarian ĠPetra ĠMand ula Ġon ĠWednesday . Ġ""",O O O O O O O O O O O O O O O O O O O O O O O O O O O O O O O B-ATHLETE I-ATHLETE I-ATHLETE O O O O,B-ATHLETE I-ATHLETE O O O O O O O O O O O O O O O O O O O O O O O O O O O O O B-ATHLETE I-ATHLETE I-ATHLETE O O O O
2178,ĠI 'm Ġreally Ġexcited .,O O O O O,O O O O O
2179,"ĠI Ġwas Ġconfident Ġbut ĠI Ġdidn 't Ġthink Ġit Ġwas Ġgoing Ġto Ġbe Ġthat Ġeasy ,"" ĠMir za Ġsaid Ġafter Ġher Ġsecond Ġround Ġwin . Ġ""",O O O O O O O O O O O O O O O O O O O O O O O O O O,O O O O O O O O O O O O O O O O B-ATHLETE I-ATHLETE O O O O O O O O
2180,ĠMy Ġaim Ġwas Ġto Ġwin Ġa Ġround Ġhere .,O O O O O O O O O,O O O O O O O O O
2181,"ĠWhen ĠI Ġdid Ġthat ĠI Ġwas Ġso Ġrelieved , Ġthere Ġwas Ġno Ġpressure .""",O O O O O O O O O O O O O O,O O O O O O O O O O O O O O
2182,"ĠTennis Ġis Ġnot Ġa Ġparticularly Ġpopular Ġsport Ġin ĠIndia , Ġbut Ġa Ġnumber Ġof ĠIndians Ġwatched Ġthe Ġlive Ġtele cast Ġof Ġthe Ġmatch Ġbetween ĠMir za Ġand ĠWilliams .",O O O O O O O O O O O O O O O O O O O O O O O O O O O O O,O O O O O O O O O O O O O O O O O O O O O O O O B-ATHLETE I-ATHLETE O B-ATHLETE O
2183,"ĠMir za , Ġwho Ġlives Ġin Ġthe Ġsouthern ĠIndian Ġcity Ġof ĠHyder abad Ġknown Ġfor Ġproducing Ġa Ġhost Ġof Ġtop ĠIndian Ġcr ick eters , Ġturned Ġprofessional Ġtwo Ġyears Ġago .",O O O O O O O O O O O O O O O O O O O O O O O O O O O O O O O,B-ATHLETE I-ATHLETE O O O O O O O O O O O O O O O O O O O O O O O O O O O O O
2184,"ĠShe Ġsays Ġshe Ġwas Ġconsidered Ġtoo Ġsmall Ġwhen Ġshe Ġwent Ġfor Ġher Ġfirst Ġtennis Ġclasses Ġas Ġa Ġsix - year - old Ġgirl . Ġ""",O O O O O O O O O O O O O O O O O O O O O O O O O,O O O O O O O O O O O O O O O O O O O O O O O O O
2185,"ĠThen Ġfinally Ġ[ the Ġcoach ] Ġcalled Ġmy Ġparents Ġup Ġand Ġsaid Ġ' the Ġway Ġshe Ġhits Ġthe Ġball , ĠI 've Ġnever Ġseen Ġa Ġsix - year - old Ġhit Ġa Ġball Ġlike Ġthat ',"" ĠMir za Ġtold Ġthe ĠAssociated ĠPress .",O O O O O O O O O O O O O O O O O O O O O O O O O O O O O O O O O O O O O O O O O O O,O O O O O O O O O O O O O O O O O O O O O O O O O O O O O O O O O O O O B-ATHLETE I-ATHLETE O O O O O
2186,ĠUS Ġseeks Ġnew Ġ$ 280 bn Ġsmoker Ġruling Ċ Ċ The ĠUS ĠJustice ĠDepartment Ġis Ġto Ġtry Ġto Ġoverturn Ġa Ġcourt Ġruling Ġthat Ġthrew Ġout Ġits Ġclaim Ġfor Ġ$ 280 bn Ġ(Â£ 149 bn ) Ġin Ġdamages Ġfrom Ġtobacco Ġfirms .,O O O O O O O O O O O O O O O O O O O O O O O O O O O O O O O O O O O O O O O O O,O O O O O O O O O O O O O O O O O O O O O O O O O O O O O O O O O O O O O O O O O
2187,"Ġ Ċ Ċ Earlier Ġthis Ġmonth , Ġa Ġthree - jud ge Ġappeal Ġcourt Ġpanel Ġrejected Ġthe Ġclaim Ġ- Ġfiled Ġin Ġ1999 Ġby Ġthe Ġadministration Ġof ĠBill ĠClinton Ġ- Ġin Ġa Ġ2 - 1 Ġdecision .",O O O O O O O O O O O O O O O O O O O O O O O O O O B-POLITICIAN I-POLITICIAN O O O O O O O O,O O O O O O O O O O O O O O O O O O O O O O O O O O B-POLITICIAN I-POLITICIAN O O O O O O O O
2188,ĠGovernment Ġlawyers Ġsaid Ġthey Ġwould Ġask Ġthe Ġfull ĠUS ĠCourt Ġof ĠAppeals Ġfor Ġthe ĠDistrict Ġof ĠColumbia Ġto Ġhear Ġthe Ġcase .,O O O O O O O O O O O O O O O O O O O O O O,O O O O O O O O O O O O O O O O O O O O O O
2189,"ĠThe Ġcourt Ġroom Ġbattle Ġis Ġseen Ġas Ġkey Ġin Ġgovernment Ġattempts Ġto Ġfight Ġsmoking . Ġ""",O O O O O O O O O O O O O O O O,O O O O O O O O O O O O O O O O
2190,"ĠIt 's Ġpretty Ġclear Ġthat Ġthey 've Ġsuffered Ġa Ġsevere Ġsetback ,"" Ġsaid ĠAnthony ĠSeb ok , Ġa Ġprofessor Ġat ĠBrooklyn ĠLaw ĠSchool , Ġadding Ġthat Ġthe Ġappeal Ġwas Ġwhat Ġthe Ġgovernment Ġ"" would Ġbe Ġexpected Ġto Ġask Ġfor "".",O O O O O O O O O O O O O B-AUTHOR-WRITER I-AUTHOR-WRITER I-AUTHOR-WRITER O O O O O O O O O O O O O O O O O O O O O O O O,O O O O O O O O O O O O O B-PUBLIC-FIGURE I-PUBLIC-FIGURE I-PUBLIC-FIGURE O O O O O O O O O O O O O O O O O O O O O O O O
2191,"Ġ Ċ Ċ Prosecutors Ġhad Ġargued Ġthat Ġtobacco Ġfirms Ġlied Ġabout Ġthe Ġdangers Ġof Ġsmoking , Ġignored Ġresearch Ġthat Ġhighlighted Ġproblems , Ġlooked Ġto Ġincrease Ġaddiction Ġby Ġmanipulating Ġnicotine Ġlevels Ġand Ġtargeted Ġthe Ġyoung Ġwith Ġtheir Ġad verts .",O O O O O O O O O O O O O O O O O O O O O O O O O O O O O O O O O O O O O O O,O O O O O O O O O O O O O O O O O O O O O O O O O O O O O O O O O O O O O O O
2192,"ĠAmong Ġthe Ġfirms Ġaccused Ġwere ĠAlt ria ĠGroup , ĠRJ ĠReynolds ĠTobacco , ĠLor illard ĠTobacco , ĠL ig get t ĠGroup Ġand ĠBrown Ġand ĠWilliamson .",O O O O O O O O O O O O O O O O O O O O O O O O O O O,O O O O O O O O O B-PUBLIC-FIGURE I-PUBLIC-FIGURE I-PUBLIC-FIGURE O B-PUBLIC-FIGURE I-PUBLIC-FIGURE I-PUBLIC-FIGURE O O O O O O O B-PUBLIC-FIGURE O B-PUBLIC-FIGURE O
2193,"ĠProsecutors Ġwent Ġafter Ġthe Ġcompanies Ġusing Ġlegislation Ġput Ġin Ġplace Ġto Ġfight Ġorganised Ġcrime , Ġand Ġaccused Ġthe Ġfirms Ġof Ġconspiring Ġand Ġrunning Ġ"" R acket eer ĠInflu enced Ġand ĠCor rupt ĠOrgan isations "".",O O O O O O O O O O O O O O O O O O O O O O O O O O O O O O O O O O O,O O O O O O O O O O O O O O O O O O O O O O O O O O O O O O O O O O O
2194,"ĠThe Ġtobacco Ġcompanies Ġdenied Ġthe Ġcharges , Ġsaying Ġthat Ġthey Ġnever Ġillegally Ġcons pired Ġto Ġpromote Ġsmoking Ġand Ġfool Ġthe Ġpublic .",O O O O O O O O O O O O O O O O O O O O O O,O O O O O O O O O O O O O O O O O O O O O O
2195,ĠThey Ġalso Ġsaid Ġthat Ġthey Ġhave Ġmet Ġmany Ġof Ġthe Ġgovernment 's Ġdemands Ġlaid Ġout Ġin Ġa Ġlandmark Ġ$ 206 bn Ġsettlement Ġhammered Ġout Ġin Ġ1998 Ġwith Ġ46 Ġstates .,O O O O O O O O O O O O O O O O O O O O O O O O O O O O O O,O O O O O O O O O O O O O O O O O O O O O O O O O O O O O O
2196,"ĠA Ġthree - jud ge Ġpanel Ġagreed Ġwith Ġthe Ġcompanies , Ġfinding Ġthat Ġthe Ġcase Ġcould Ġnot Ġbe Ġbrought Ġunder Ġfederal Ġanti - r acket eering Ġlaws .",O O O O O O O O O O O O O O O O O O O O O O O O O O O O,O O O O O O O O O O O O O O O O O O O O O O O O O O O O
2197,"Ġ Ċ Ċ Central Ġto Ġthe Ġgovernment 's Ġcase Ġwas Ġa Ġmeeting Ġin Ġthe ĠPlaza ĠHotel , ĠNew ĠYork , Ġon Ġ15 ĠDecember , Ġ1953 .",O O O O O O O O O O O O O O O O O O O O O O O O O O,O O O O O O O O O O O O O O O O O O O O O O O O O O
2198,ĠProsecutors Ġcontend Ġthat Ġexecutives Ġfrom Ġthe Ġmajor Ġtobacco Ġfirms Ġmet Ġand Ġagreed Ġto Ġpresent Ġa Ġunified Ġstrategy Ġdenying Ġthe Ġharmful Ġeffects Ġof Ġsmoking .,O O O O O O O O O O O O O O O O O O O O O O O O,O O O O O O O O O O O O O O O O O O O O O O O O
2199,"ĠDespite Ġdenying Ġfor Ġdecades Ġthat Ġsmoking Ġcould Ġbe Ġlinked Ġto Ġillness , Ġthe Ġcompanies Ġhave Ġmodified Ġtheir Ġstances Ġin Ġrecent Ġyears .",O O O O O O O O O O O O O O O O O O O O O O,O O O O O O O O O O O O O O O O O O O O O O
2200,"ĠAlt ria 's ĠPhilip ĠMorris Ġnow Ġaccepts Ġthat Ġnicotine Ġis Ġharmful , Ġand Ġthe Ġcompany 's Ġmain Ġlawyer ĠWilliam ĠOh le meyer Ġtold Ġthe ĠBBC Ġlast Ġyear Ġthat Ġearlier Ġstatements Ġmay Ġhave Ġbeen Ġwrong Ġbut Ġthey Ġwere Ġnot Ġdishonest .",O O O O O O O O O O O O O O O O O O B-PUBLIC-FIGURE I-PUBLIC-FIGURE I-PUBLIC-FIGURE I-PUBLIC-FIGURE O O O O O O O O O O O O O O O O O O,O O O B-AUTHOR-WRITER I-AUTHOR-WRITER O O O O O O O O O O O O O B-PUBLIC-FIGURE I-PUBLIC-FIGURE I-PUBLIC-FIGURE I-PUBLIC-FIGURE O O O O O O O O O O O O O O O O O O
2201,ĠGovernment Ġlawyers Ġhave Ġuntil Ġ21 ĠMarch Ġto Ġfile Ġtheir Ġappeal .,O O O O O O O O O O O,O O O O O O O O O O O
2202,"ĠPolice Ġpraise Ġ' c ourage ous ' ĠO zzy Ċ Ċ Rock Ġstar ĠO zzy ĠOs bourne Ġhas Ġbeen Ġpraised Ġby Ġpolice Ġfor Ġ"" very Ġcourage ously "" Ġtackling Ġa Ġburg lar Ġwho Ġstole Ġjew ellery Ġfrom Ġhis Ġhouse .",O O O O O O O O O O O O O B-MUSICIAN I-MUSICIAN I-MUSICIAN I-MUSICIAN O O O O O O O O O O O O O O O O O O O O O O O,O O O O O O O B-MUSICIAN I-MUSICIAN O O O O B-MUSICIAN I-MUSICIAN I-MUSICIAN I-MUSICIAN O O O O O O O O O O O O O O O O O O O O O O O
2203,"Ġ Ċ Ċ The Ġsinger Ġgrabbed Ġan Ġintruder Ġwho Ġthen Ġjumped Ġ30 ft Ġ( 10 m ) Ġfrom Ġa Ġfirst Ġfloor Ġwindow Ġas Ġthe Ġstar Ġgave Ġchase Ġat Ġhis ĠBuckingham shire Ġhome Ġon ĠMonday . Ġ""",O O O O O O O O O O O O O O O O O O O O O O O O O O O O O O O O O O O O,O O O O O O O O O O O O O O O O O O O O O O O O O O O O O O O O O O O O
2204,"ĠI Ġacted Ġon Ġimpulse ,"" ĠOs bourne Ġsaid . Ġ""",O O O O O O O O O O,O O O O O B-ATHLETE I-ATHLETE O O O
2205,"ĠIn Ġhindsight , Ġit Ġcould Ġhave Ġbeen Ġa Ġlot Ġworse .",O O O O O O O O O O O,O O O O O O O O O O O
2206,"ĠIt Ġcould 've Ġgot Ġreally Ġugly .""",O O O O O O O,O O O O O O O
2207,"ĠA ĠÂ£ 100 , 000 Ġreward Ġhas Ġbeen Ġoffered Ġfor Ġinformation Ġleading Ġto Ġa Ġconviction .",O O O O O O O O O O O O O O O O,O O O O O O O O O O O O O O O O
2208,"ĠHis Ġwife ĠSharon , Ġwho Ġcalled Ġthe Ġpolice , Ġsaid Ġher Ġwedding Ġrings Ġwere Ġtaken Ġfrom Ġher Ġbed side Ġtable Ġas Ġshe Ġslept .",O O B-PUBLIC-FIGURE O O O O O O O O O O O O O O O O O O O O O,O O B-PUBLIC-FIGURE O O O O O O O O O O O O O O O O O O O O O
2209,"Ġ Ċ Ċ The Ġheavy Ġmetal Ġstar Ġsaid Ġhe Ġcould Ġhave Ġmet Ġthe Ġsame Ġfate Ġas Ġlate ĠBeat le ĠGeorge ĠHarrison , Ġwho Ġwas Ġrepeatedly Ġstabbed Ġin Ġa Ġbreak - in Ġin Ġ1999 . Ġ""",O O O O O O O O O O O O O O O O O O O B-MUSICIAN I-MUSICIAN O O O O O O O O O O O O O O,O O O O O O O O O O O O O O O O O O O B-MUSICIAN I-MUSICIAN O O O O O O O O O O O O O O
2210,"ĠI Ġcould Ġhave Ġbeen Ġbadly Ġinjured Ġor Ġshot Ġor Ġanything ,"" ĠOs bourne Ġsaid . Ġ""",O O O O O O O O O O O O O O O O,O O O O O O O O O O O B-ATHLETE I-ATHLETE O O O
2211,"ĠI Ġjust Ġthank ĠGod Ġthat Ġno - one Ġgot Ġinjured .""",O O O O O O O O O O O,O O O O O O O O O O O
2212,"ĠHe Ġadded Ġhe Ġwas Ġglad Ġthe Ġintr uders Ġwere Ġnot Ġhurt . Ġ""",O O O O O O O O O O O O O,O O O O O O O O O O O O O
2213,"ĠI Ġwouldn 't Ġwant Ġanyone Ġto Ġget Ġinjured .""",O O O O O O O O O,O O O O O O O O O
2214,"ĠThe Ġsinger Ġdid Ġnot Ġwant Ġto Ġtalk Ġin Ġdetail Ġabout Ġhis Ġactions Ġbut Ġwhen Ġasked Ġwhether Ġhe Ġwould Ġdo Ġthe Ġsame Ġagain Ġreplied : Ġ"" Is Ġthe ĠPope Ġa ĠCatholic ?""",O O O O O O O O O O O O O O O O O O O O O O O O O O O O O O O,O O O O O O O O O O O O O O O O O O O O O O O O O O O O O O O
2215,ĠThe Ġincident Ġhappened Ġat Ġ0 400 ĠGMT Ġon ĠMonday Ġin ĠCh alf ont ĠSt ĠPeter .,O O O O O O O O O O O O O O O O,O O O O O O O O O O O O O O O O
2216,"ĠDetective ĠInspector ĠPaul ĠMiller Ġof ĠThames ĠValley ĠPolice Ġsaid Ġit Ġappeared Ġa Ġman Ġused Ġa Ġladder Ġto Ġget Ġinto Ġthe Ġhouse Ġthrough Ġa Ġfirst Ġfloor Ġbedroom Ġwindow . Ġ""",O O B-PUBLIC-FIGURE I-PUBLIC-FIGURE O O O O O O O O O O O O O O O O O O O O O O O O O,O O B-PUBLIC-FIGURE I-PUBLIC-FIGURE O O O O O O O O O O O O O O O O O O O O O O O O O
2217,"ĠWhilst Ġselecting Ġitems Ġof Ġjew ellery , Ġthe Ġburg lar Ġwas Ġdisturbed Ġby ĠO zzy Ġwho Ġvery Ġcourage ously Ġtackled Ġthis Ġburg lar Ġand Ġpursued Ġhim Ġfrom Ġthe Ġhouse ,"" Ġhe Ġsaid .",O O O O O O O O O O O O O O O O O O O O O O O O O O O O O O O O O,O O O O O O O O O O O O O B-POLITICIAN I-POLITICIAN O O O O O O O O O O O O O O O O O O
2218,"ĠO zzy Ġsaid Ġhe Ġwas Ġ"" just Ġcoming Ġto Ġgrips "" Ġwith Ġwhat Ġhad Ġhappened Ġand Ġhis Ġopinion Ġof Ġthe ĠUK Ġhad Ġbeen Ġlowered Ġafter Ġ12 Ġrelatively Ġtrouble - free Ġyears Ġin Ġthe ĠUS .",O O O O O O O O O O O O O O O O O O O O O O O O O O O O O O O O O O O,B-POLITICIAN I-POLITICIAN O O O O O O O O O O O O O O O O O O O O O O O O O O O O O O O O O
2219,"Ġ Ċ Ċ "" We Ġlived Ġin ĠLos ĠAngeles Ġwhere Ġpeople Ġget Ġshot Ġevery Ġday Ġand Ġhave Ġbeen Ġtrailed Ġby Ġlots Ġof Ġdifferent Ġstalk ers Ġ- Ġand Ġyet Ġwe Ġcome Ġback Ġto ĠEngland Ġand ĠI 'm Ġvery Ġdisappointed .""",O O O O O O O O O O O O O O O O O O O O O O O O O O O O O O O O O O O O O O O,O O O O O O O O O O O O O O O O O O O O O O O O O O O O O O O O O O O O O O O
2220,"ĠAt Ġa Ġpress Ġconference Ġon ĠTuesday , ĠSharon ĠOs bourne Ġgave Ġdetails Ġof Ġnine Ġstolen Ġitems .",O O O O O O O B-PUBLIC-FIGURE O O O O O O O O O,O O O O O O O B-PUBLIC-FIGURE I-PUBLIC-FIGURE I-PUBLIC-FIGURE O O O O O O O
2221,ĠThey Ġincluded Ġa Ġdiamond Ġwedding Ġring Ġand Ġtwo Ġhandmade Ġwedding Ġbands ĠO zzy Ġgave Ġher Ġwhen Ġthey Ġrenewed Ġtheir Ġvows Ġtwo Ġyears Ġago .,O O O O O O O O O O O O O O O O O O O O O O O O,O O O O O O O O O O O B-MUSICIAN I-MUSICIAN O O O O O O O O O O O
2222,"ĠShe Ġsaid Ġshe Ġwished Ġshe Ġhad Ġworn Ġthem Ġat Ġnight . Ġ""",O O O O O O O O O O O O,O O O O O O O O O O O O
2223,"ĠI Ġalways Ġtake Ġthem Ġoff Ġand Ġput Ġthem Ġbeside Ġmy Ġbed Ġand Ġthat 's Ġwhere Ġthey Ġwere , Ġright Ġbeside Ġme Ġon Ġmy Ġbed side Ġtable .""",O O O O O O O O O O O O O O O O O O O O O O O O O O O,O O O O O O O O O O O O O O O O O O O O O O O O O O O
2224,"ĠAlso Ġtaken Ġwere Ġa Ġpearl Ġnecklace Ġand Ġa Ġsa pp hire Ġbought Ġas Ġan Ġinvestment Ġfor Ġtheir Ġdaughters Ġdescribed Ġby ĠSharon Ġas Ġ"" one Ġof Ġthe Ġonly Ġ24 - car at Ġsa pp h ires Ġthat Ġis Ġabsolutely Ġpure "".",O O O O O O O O O O O O O O O O O O O O B-PUBLIC-FIGURE O O O O O O O O O O O O O O O O O O O,O O O O O O O O O O O O O O O O O O O O B-POLITICIAN O O O O O O O O O O O O O O O O O O O
2225,Ġ Ċ Ċ A Ġda isy Ġchain Ġnecklace Ġthat Ġwas Ġa Ġ20 th Ġanniversary Ġpresent Ġand Ġa ĠFran ck ĠMuller Ġwatch ĠSharon Ġsaid Ġwas Ġone Ġof Ġonly Ġ10 Ġmade Ġwere Ġalso Ġstolen .,O O O O O O O O O O O O O O O O O O O O O B-PUBLIC-FIGURE O O O O O O O O O O O,O O O O O O O O O O O O O O O O O O O O O B-ACTOR-DIRECTOR O O O O O O O O O O O
2226,"ĠShe Ġexpressed Ġher Ġanger Ġat Ġthe Ġperson Ġwho Ġ"" has n 't Ġworked Ġand Ġwants Ġto Ġtake Ġwhat 's Ġyours "". Ġ""",O O O O O O O O O O O O O O O O O O O O O O,O O O O O O O O O O O O O O O O O O O O O O
2227,"ĠBut Ġthe Ġthing Ġis , Ġwe Ġworked Ġfor Ġeverything .",O O O O O O O O O O,O O O O O O O O O O
2228,ĠI Ġcame Ġfrom ĠBri xton .,O O O O O O,O O O B-ATHLETE I-ATHLETE O
2229,"ĠO zzy Ġcame Ġfrom Ġnot Ġa Ġvery Ġnice Ġpart Ġof ĠBirmingham Ġand Ġeverything Ġwe 've Ġgot Ġwe Ġhave Ġworked Ġour Ġar ses Ġoff Ġfor ."" Ġ""",O O O O O O O O O O O O O O O O O O O O O O O O O O,B-ATHLETE I-ATHLETE O O O O O O O O O O O O O O O O O O O O O O O O
2230,"ĠIf ĠI Ġchoose Ġto Ġmake Ġan Ġinvestment Ġfor Ġmy Ġkids Ġin Ġwhatever Ġway ĠI Ġchoose Ġto Ġmake Ġit , Ġthat 's Ġmy Ġbusiness Ġand ĠI Ġworked Ġfor Ġevery ĠGod Ġdamn Ġpenny .""",O O O O O O O O O O O O O O O O O O O O O O O O O O O O O O O O,O O O O O O O O O O O O O O O O O O O O O O O O O O O O O O O O
2231,"ĠO zzy Ġalso Ġlamented Ġtwo Ġyears Ġin Ġwhich Ġthe Ġfamily Ġhas Ġbeen Ġplagued Ġby Ġproblems , Ġincluding Ġhis Ġcritical Ġinjury Ġin Ġa Ġquad Ġbike Ġaccident , Ġhis Ġwife 's Ġcolon Ġcancer , Ġtheir Ġchildren s ' Ġdrug Ġproblems Ġand Ġnow Ġthe Ġburglary .",O O O O O O O O O O O O O O O O O O O O O O O O O O O O O O O O O O O O O O O O O O O,B-MUSICIAN I-MUSICIAN O O O O O O O O O O O O O O O O O O O O O O O O O O O O O O O O O O O O O O O O O
2232,"Ġ Ċ Ċ On ĠSunday Ġnight , Ġthe ĠOs b ourn es Ġhad Ġbeen Ġcelebrating Ġthe Ġbirthday Ġof Ġsinger ĠSir ĠEl ton ĠJohn 's Ġpartner ĠDavid ĠFurn ish .",O O O O O O O O O O O O O O O O O O O B-MUSICIAN I-MUSICIAN I-MUSICIAN I-MUSICIAN O O B-PUBLIC-FIGURE I-PUBLIC-FIGURE I-PUBLIC-FIGURE O,O O O O O O O O O O O O O O O O O O O O B-MUSICIAN I-MUSICIAN I-MUSICIAN O O B-MUSICIAN I-MUSICIAN I-MUSICIAN O
2233,"ĠPolice Ġdescribed Ġthe Ġintruder Ġas Ġwell - built , Ġabout Ġ5 ' Ġ10 "" Ġtall Ġand Ġsaid Ġhe Ġwas Ġwearing Ġa Ġski - mask , Ġa Ġlight - col oured Ġjacket Ġand Ġtrainers .",O O O O O O O O O O O O O O O O O O O O O O O O O O O O O O O O O O,O O O O O O O O O O O O O O O O O O O O O O O O O O O O O O O O O O
2234,ĠThey Ġbelieve Ġhe Ġmay Ġhave Ġinjured Ġhimself Ġwhen Ġhe Ġjumped Ġfrom Ġthe Ġwindow .,O O O O O O O O O O O O O O,O O O O O O O O O O O O O O
2235,ĠThere Ġis Ġno Ġdescription Ġof Ġhis Ġaccompl ice .,O O O O O O O O O,O O O O O O O O O
2236,"ĠPolice Ġthink Ġthe Ġpair Ġwere Ġdriving Ġa Ġlarge Ġvehicle , Ġpossibly Ġa Ġvan , Ġand Ġare Ġkeen Ġto Ġhear Ġfrom Ġanyone Ġwho Ġmay Ġhave Ġseen Ġone Ġleaving ĠCh alf ont ĠSt ĠPeter Ġat Ġspeed .",O O O O O O O O O O O O O O O O O O O O O O O O O O O O O O O O O O O,O O O O O O O O O O O O O O O O O O O O O O O O O O O B-MUSICIAN I-MUSICIAN I-MUSICIAN I-MUSICIAN I-MUSICIAN O O O
2237,ĠPolice Ġappealed Ġfor Ġpublic Ġhelp Ġto Ġfind Ġthe Ġperpetrators Ġand Ġstolen Ġitems Ġon Ġ08 45 Ġ8 Ġ505 Ġ505 Ġor Ġ0 800 Ġ555 Ġ111 .,O O O O O O O O O O O O O O O O O O O O O O O O,O O O O O O O O O O O O O O O O O O O O O O O O
2238,"ĠTory Ġ' st alking Ġhorse ' ĠMeyer Ġdies Ċ Ċ Sir ĠAnthony ĠMeyer , Ġthe ĠTory Ġback ben cher Ġwho Ġchallenged ĠMargaret ĠThatcher Ġfor Ġthe Ġparty Ġleadership Ġin Ġ1989 , Ġhas Ġdied .",O O O O O O O O O O B-POLITICIAN I-POLITICIAN I-POLITICIAN O O O O O O O O B-POLITICIAN I-POLITICIAN O O O O O O O O O O,O O O O O O B-POLITICIAN O O O O B-POLITICIAN I-POLITICIAN O O O O O O O O B-POLITICIAN I-POLITICIAN O O O O O O O O O O
2239,"Ġ Ċ Ċ He Ġwas Ġ84 , Ġhad Ġbeen Ġsuffering Ġfrom Ġcancer Ġfor Ġmany Ġmonths , Ġand Ġdied Ġat Ġhis ĠLondon Ġhome .",O O O O O O O O O O O O O O O O O O O O O O O,O O O O O O O O O O O O O O O O O O O O O O O
2240,"ĠThat Ġfailed Ġ"" st alking Ġhorse "" Ġleadership Ġchallenge Ġmade Ġit Ġeasier Ġfor ĠMichael ĠHes elt ine Ġto Ġmount Ġhis Ġown Ġbid .",O O O O O O O O O O O O O B-POLITICIAN I-POLITICIAN I-POLITICIAN I-POLITICIAN O O O O O O,O O O O O O O O O O O O O B-ATHLETE I-ATHLETE I-ATHLETE I-ATHLETE O O O O O O
2241,"ĠThat Ġin Ġturn Ġpaved Ġthe Ġway Ġfor ĠJohn ĠMajor Ġto Ġmove Ġinto Ġ10 ĠDowning ĠStreet , Ġafter Ġthe Ġsecond Ġballot .",O O O O O O O B-POLITICIAN I-POLITICIAN O O O O O O O O O O O O,O O O O O O O B-POLITICIAN I-POLITICIAN O O O O O O O O O O O O
2242,"ĠMeyer 's Ġconstituency Ġparty , ĠCl w yd ĠNorth ĠWest , Ġwhich Ġhe Ġhad Ġrepresented Ġas Ġan ĠMP Ġfor Ġmore Ġthan Ġ20 Ġyears , Ġdes elected Ġhim Ġas Ġa Ġresult Ġof Ġthat Ġchallenge .",O O O O O O O O O O O O O O O O O O O O O O O O O O O O O O O O O O,B-POLITICIAN O O O O O O O O O O O O O O O O O O O O O O O O O O O O O O O O O
2243,"ĠSir ĠAnthony ĠJohn ĠCharles ĠMeyer Ġwas Ġborn Ġon Ġ27 ĠOctober , Ġ1920 .",O O O O O O O O O O O O O,O B-PUBLIC-FIGURE I-PUBLIC-FIGURE I-PUBLIC-FIGURE I-PUBLIC-FIGURE O O O O O O O O
2244,"ĠEduc ated Ġat ĠE ton , Ġand Ġat ĠNew ĠCollege , ĠOxford , Ġhe Ġserved Ġin Ġthe ĠScots ĠGuards Ġfrom Ġ1941 Ġto Ġ1945 Ġand Ġwas Ġwounded Ġin Ġtanks Ġin ĠNormandy .",O O O O O O O O O O O O O O O O O O O O O O O O O O O O O O O,O O O O O O O O O O O O O O O O O O O O O O O O O O O O O O O
2245,ĠHe Ġworked Ġunder ĠEdward ĠHeath Ġon ĠEurope Ġat Ġthe ĠForeign ĠOffice Ġand Ġsubsequently Ġwon Ġthe ĠE ton Ġand ĠSl ough Ġseat Ġfor Ġthe ĠTories Ġin Ġ1964 Ġ- Ġby Ġ11 Ġvotes .,O O O B-POLITICIAN I-POLITICIAN O O O O O O O O O O O O O O O O O O O O O O O O O O,O O O B-POLITICIAN I-POLITICIAN O O O O O O O O O O O O O O O O O O O O O O O O O O
2246,"ĠLabour Ġregained Ġthe Ġseat Ġtwo Ġyears Ġlater , Ġand ĠMeyer Ġhad Ġto Ġwait Ġuntil Ġ1970 Ġbefore Ġhe Ġcould Ġre - enter ĠParliament .",O O O O O O O O O O O O O O O O O O O O O O O,O O O O O O O O O B-POLITICIAN O O O O O O O O O O O O O
2247,ĠHis Ġprospects Ġof Ġa Ġfront Ġbench Ġslot Ġremained Ġremote Ġbecause Ġhe Ġtended Ġto Ġdefy Ġthe Ġparty Ġline .,O O O O O O O O O O O O O O O O O O,O O O O O O O O O O O O O O O O O O
2248,ĠBlind Ġstudent Ġ' he ars Ġin Ġcolour ' Ċ Ċ A Ġblind Ġstudent Ġhas Ġdeveloped Ġsoftware Ġthat Ġturns Ġcolours Ġinto Ġmusical Ġnotes Ġso Ġthat Ġhe Ġcan Ġread Ġweather Ġmaps .,O O O O O O O O O O O O O O O O O O O O O O O O O O O O O O,O O O O O O O O O O O O O O O O O O O O O O O O O O O O O O
2249,"Ġ Ċ Ċ Vict or ĠWong , Ġa Ġgraduate Ġstudent Ġfrom ĠHong ĠKong Ġstudying Ġat ĠCornell ĠUniversity Ġin ĠNew ĠYork ĠState , Ġhad Ġto Ġread Ġcoloured Ġmaps Ġof Ġthe Ġupper Ġatmosphere Ġas Ġpart Ġof Ġhis Ġresearch .",O O O B-PUBLIC-FIGURE I-PUBLIC-FIGURE I-PUBLIC-FIGURE O O O O O O O O O O O O O O O O O O O O O O O O O O O O O O O,O O O B-MUSICIAN I-MUSICIAN I-MUSICIAN O O O O O O O O O O O O O O O O O O O O O O O O O O O O O O O
2250,"ĠTo Ġstudy Ġ"" space Ġweather "" ĠMr ĠWong Ġneeded Ġto Ġexplore Ġminute Ġfluctuations Ġin Ġorder Ġto Ġcreate Ġmathematical Ġmodels .",O O O O O O O O O O O O O O O O O O O O,O O O O O O O B-MUSICIAN O O O O O O O O O O O O
2251,"ĠA Ġnumber Ġof Ġsolutions Ġwere Ġtried , Ġincluding Ġhaving Ġa Ġcolleague Ġdescribe Ġthe Ġmaps Ġand Ġattempting Ġto Ġprint Ġthem Ġin ĠBra ille .",O O O O O O O O O O O O O O O O O O O O O O O,O O O O O O O O O O O O O O O O O O O O O O O
2252,"ĠMr ĠWong Ġeventually Ġhit Ġupon Ġthe Ġidea Ġof Ġtranslating Ġindividual Ġcolours Ġinto Ġmusic , Ġand Ġenlisted Ġthe Ġhelp Ġof Ġa Ġcomputer Ġgraphics Ġspecialist Ġand Ġanother Ġstudent Ġto Ġdo Ġthe Ġprogramming Ġwork .",O O O O O O O O O O O O O O O O O O O O O O O O O O O O O O O O,O B-MUSICIAN O O O O O O O O O O O O O O O O O O O O O O O O O O O O O O
2253,"Ġ Ċ Ċ "" The Ġimages Ġhave Ġthree Ġdimensions Ġand ĠI Ġhad Ġto Ġfind Ġa Ġway Ġof Ġreading Ġthem Ġmyself ,"" ĠMr ĠWong Ġtold Ġthe ĠBBC ĠNews Ġwebsite . Ġ""",O O O O O O O O O O O O O O O O O O O O O O O O O O O O O O,O O O O O O O O O O O O O O O O O O O O O O B-MUSICIAN O O O O O O O
2254,"ĠFor Ġthe Ġsake Ġof Ġmy Ġown Ġstudy Ġ- Ġand Ġfor Ġthe Ġsake Ġof Ġblind Ġscientists Ġgenerally Ġ- ĠI Ġfelt Ġit Ġwould Ġbe Ġgood Ġto Ġdevelop Ġsoftware Ġthat Ġcould Ġhelp Ġus Ġto Ġread Ġcolour Ġimages .""",O O O O O O O O O O O O O O O O O O O O O O O O O O O O O O O O O O O,O O O O O O O O O O O O O O O O O O O O O O O O O O O O O O O O O O O
2255,ĠHe Ġtried Ġa Ġprototype Ġversion Ġof Ġthe Ġsoftware Ġto Ġexplore Ġa Ġphotograph Ġof Ġa Ġpar rot .,O O O O O O O O O O O O O O O O O,O O O O O O O O O O O O O O O O O
2256,"ĠIn Ġorder Ġto Ġhave Ġan Ġexact Ġreference Ġto Ġthe Ġscreen , Ġa Ġpen Ġand Ġtablet Ġdevice Ġis Ġused .",O O O O O O O O O O O O O O O O O O O,O O O O O O O O O O O O O O O O O O O
2257,ĠThe Ġsoftware Ġthen Ġassigns Ġone Ġof Ġ88 Ġpiano Ġnotes Ġto Ġindividually Ġcoloured Ġpixels Ġ- Ġranging Ġfrom Ġblue Ġat Ġthe Ġlower Ġend Ġof Ġthis Ġscale Ġto Ġred Ġat Ġthe Ġupper Ġend .,O O O O O O O O O O O O O O O O O O O O O O O O O O O O O O O,O O O O O O O O O O O O O O O O O O O O O O O O O O O O O O O
2258,"ĠMr ĠWong Ġsays Ġthe Ġapplication Ġis Ġstill Ġvery Ġmuch Ġin Ġits Ġinfancy Ġand Ġis Ġonly Ġuseful Ġfor Ġreading Ġimages Ġthat Ġhave Ġbeen Ġcreated Ġdigitally . Ġ""",O O O O O O O O O O O O O O O O O O O O O O O O O O,O B-MUSICIAN O O O O O O O O O O O O O O O O O O O O O O O O
2259,"ĠIf ĠI Ġtook Ġa Ġrandom Ġpicture Ġand Ġscanned Ġit Ġand Ġthen Ġused Ġmy Ġsoftware Ġto Ġrecognise Ġit , Ġit Ġwouldn 't Ġwork Ġthat Ġwell .""",O O O O O O O O O O O O O O O O O O O O O O O O O,O O O O O O O O O O O O O O O O O O O O O O O O O
2260,"Ġ Ċ Ċ Mr ĠWong Ġhas Ġbeen Ġblind Ġfrom Ġthe Ġage Ġof Ġseven Ġand Ġhe Ġthinks Ġthat Ġhaving Ġa Ġ"" colour Ġmemory "" Ġmakes Ġthe Ġsoftware Ġmore Ġuseful Ġthan Ġit Ġwould Ġbe Ġto Ġa Ġscientist Ġwho Ġhad Ġnever Ġhad Ġany Ġvision . Ġ""",O O O O O O O O O O O O O O O O O O O O O O O O O O O O O O O O O O O O O O O O O O O,O O O O B-MUSICIAN O O O O O O O O O O O O O O O O O O O O O O O O O O O O O O O O O O O O O O
2261,"ĠAs Ġthe Ġnotes Ġincrease Ġin Ġpitch ĠI Ġknow Ġthe Ġcolour 's Ġgetting Ġred der Ġand Ġred der , Ġand Ġin Ġmy Ġmind 's Ġeye Ġa Ġpatch Ġof Ġred Ġappears .""",O O O O O O O O O O O O O O O O O O O O O O O O O O O O O O,O O O O O O O O O O O O O O O O O O O O O O O O O O O O O O
2262,"ĠThe Ġcolour Ġto Ġmusic Ġsoftware Ġhas Ġnot Ġyet Ġbeen Ġmade Ġavailable Ġcommercially , Ġand ĠMr ĠWong Ġbelieves Ġthat Ġseveral Ġpeople Ġwould Ġhave Ġto Ġwork Ġtogether Ġto Ġmake Ġit Ġviable .",O O O O O O O O O O O O O O O O O O O O O O O O O O O O O O,O O O O O O O O O O O O O O O B-MUSICIAN O O O O O O O O O O O O O O
2263,ĠBut Ġhe Ġhopes Ġthat Ġone Ġday Ġit Ġcan Ġbe Ġdeveloped Ġto Ġgive Ġblind Ġpeople Ġaccess Ġto Ġphotographs Ġand Ġother Ġimages .,O O O O O O O O O O O O O O O O O O O O O,O O O O O O O O O O O O O O O O O O O O O
2264,ĠBT Ġoffers Ġequal Ġaccess Ġto Ġrivals Ċ Ċ BT Ġhas Ġmoved Ġto Ġpre - empt Ġa Ġpossible Ġbreak - up Ġof Ġits Ġbusiness Ġby Ġoffering Ġto Ġcut Ġwholesale Ġbroadband Ġprices Ġand Ġopen Ġits Ġnetwork Ġto Ġrivals .,O O O O O O O O O O O O O O O O O O O O O O O O O O O O O O O O O O O O O,O O O O O O O O O O O O O O O O O O O O O O O O O O O O O O O O O O O O O
2265,"Ġ Ċ Ċ The Ġmove Ġcomes Ġafter Ġtelecom Ġregulator ĠOf com Ġsaid Ġin ĠNovember Ġthat Ġthe Ġfirm Ġmust Ġoffer Ġcompetitors Ġ"" real Ġequality Ġof Ġaccess Ġto Ġits Ġphone Ġlines "".",O O O O O O O O O O O O O O O O O O O O O O O O O O O O O O,O O O O O O O O O O O O O O O O O O O O O O O O O O O O O O
2266,"ĠAt Ġthe Ġtime , ĠOf com Ġoffered ĠBT Ġthe Ġchoice Ġof Ġchange Ġor Ġsplitting Ġinto Ġtwo .",O O O O O O O O O O O O O O O O O,O O O O O O O O O O O O O O O O O
2267,ĠOf com Ġis Ġcarrying Ġout Ġa Ġstrategic Ġreview Ġaimed Ġat Ġpromoting Ġgreater Ġcompetition Ġin Ġthe ĠUK Ġtelecom Ġsector .,O O O O O O O O O O O O O O O O O O O,O O O O O O O O O O O O O O O O O O O
2268,ĠBT 's Ġcompetitors Ġhave Ġfrequently Ġaccused Ġit Ġof Ġmis using Ġits Ġstatus Ġas Ġthe Ġformer Ġtelecom s Ġmonopoly Ġand Ġcontroller Ġof Ġaccess Ġto Ġmany Ġcustomers Ġto Ġfavour Ġits Ġown Ġretail Ġarm .,O O O O O O O O O O O O O O O O O O O O O O O O O O O O O O O O,O O O O O O O O O O O O O O O O O O O O O O O O O O O O O O O O
2269,Ġ Ċ Ċ This Ġlatest Ġsubmission Ġwas Ġdelivered Ġto Ġthe Ġwatchdog Ġahead Ġof Ġa Ġdeadline Ġfor Ġthe Ġsecond Ġphase Ġof Ġits Ġreview .,O O O O O O O O O O O O O O O O O O O O O O O,O O O O O O O O O O O O O O O O O O O O O O O
2270,"Ġ Ċ Ċ "" Central Ġto Ġthe Ġproposals Ġare Ġplans Ġby ĠBT Ġto Ġoffer Ġoperators Ġlower Ġwholesale Ġprices , Ġfaster Ġbroadband Ġservices Ġand Ġtransparent , Ġhighly - regulated Ġaccess Ġto ĠBT 's Ġlocal Ġnetwork ,"" Ġthe Ġformer Ġmonopoly Ġsaid Ġin Ġa Ġstatement . Ġ""",O O O O O O O O O O O O O O O O O O O O O O O O O O O O O O O O O O O O O O O O O O O O,O O O O O O O O O O O O O O O O O O O O O O O O O O O O O O O O O O O O O O O O O O O O
2271,"ĠThe ĠUnited ĠKingdom Ġhas Ġthe Ġopportunity Ġto Ġcreate Ġthe Ġmost Ġexciting Ġand Ġinnovative Ġtelecom s Ġmarket Ġin Ġthe Ġworld ,"" ĠBT Ġchief Ġexecutive ĠBen ĠVer wa ay en Ġsaid . Ġ""",O O O O O O O O O O O O O O O O O O O O O O O B-BUSINESS-EXECUTIVE-MANAGER I-BUSINESS-EXECUTIVE-MANAGER I-BUSINESS-EXECUTIVE-MANAGER I-BUSINESS-EXECUTIVE-MANAGER I-BUSINESS-EXECUTIVE-MANAGER O O O,O O O O O O O O O O O O O O O O O O O O O O O B-BUSINESS-EXECUTIVE-MANAGER I-BUSINESS-EXECUTIVE-MANAGER I-BUSINESS-EXECUTIVE-MANAGER I-BUSINESS-EXECUTIVE-MANAGER I-BUSINESS-EXECUTIVE-MANAGER O O O
2272,"ĠBT Ġhas Ġa Ġcritical Ġrole Ġto Ġplay , Ġand Ġtoday Ġwe Ġare Ġmaking Ġa Ġset Ġof Ġfar - reaching Ġproposals Ġtowards Ġthat Ġframework ,"" Ġhe Ġsaid .",O O O O O O O O O O O O O O O O O O O O O O O O O O O,O O O O O O O O O O O O O O O O O O O O O O O O O O O
2273,"ĠBT Ġwants Ġlighter Ġregulation Ġin Ġexchange Ġfor Ġthe Ġchanges , Ġas Ġwell Ġas Ġthe Ġremoval Ġof Ġthe Ġbreak - up Ġthreat .",O O O O O O O O O O O O O O O O O O O O O O,O O O O O O O O O O O O O O O O O O O O O O
2274,"Ġ Ċ Ċ The Ġgroup Ġis Ġto Ġset Ġup Ġa Ġnew ĠAccess ĠServices Ġdivision Ġ- Ġwith Ġa Ġseparate Ġboard Ġwhich Ġwould Ġinclude Ġindependent Ġmembers Ġ- Ġto Ġensure Ġequal Ġaccess Ġfor Ġrivals Ġto Ġthe Ġ"" local Ġloop "", Ġthe Ġcopper Ġwires Ġthat Ġrun Ġbetween Ġtelephone Ġexchanges Ġand Ġhouseholds .",O O O O O O O O O O O O O O O O O O O O O O O O O O O O O O O O O O O O O O O O O O O O O O O O,O O O O O O O O O O O O O O O O O O O O O O O O O O O O O O O O O O O O O O O O O O O O O O O O
2275,ĠThe Ġcompany Ġalso Ġunveiled Ġplans Ġto Ġcut Ġthe Ġwholesale Ġprices Ġof Ġits Ġmost Ġpopular Ġbroadband Ġproduct Ġby Ġabout Ġ8 % Ġfrom ĠApril Ġin Ġareas Ġof Ġhigh Ġcustomer Ġdemand .,O O O O O O O O O O O O O O O O O O O O O O O O O O O O O,O O O O O O O O O O O O O O O O O O O O O O O O O O O O O
2276,"Ġ Ċ Ċ It Ġadded Ġthat Ġit Ġplans Ġto Ġinvest ĠÂ£ 10 bn Ġin Ġthe Ġnext Ġfive Ġyears Ġto Ġcreate Ġa Ġ"" 21 st ĠCentury Ġnetwork "".",O O O O O O O O O O O O O O O O O O O O O O O O O O O,O O O O O O O O O O O O O O O O O O O O O O O O O O O
2277,"ĠTo Ġmeet Ġthe Ġgrowing Ġdemand Ġfor Ġgreater Ġbandwidth , ĠBT Ġsaid Ġit Ġwould Ġbegin Ġtrials Ġin ĠApril Ġwith Ġa Ġview Ġto Ġlaunching Ġhigher - speed Ġservices Ġnationally Ġfrom Ġthe Ġautumn .",O O O O O O O O O O O O O O O O O O O O O O O O O O O O O O O,O O O O O O O O O O O O O O O O O O O O O O O O O O O O O O O
2278,"Ġ Ċ Ċ Tele com Ġanalysts ĠOv um Ġwelcomed Ġthe Ġmove , Ġsaying ĠBT Ġhad Ġ"" given Ġa Ġlot Ġof Ġground "".",O O O O O O O O O O O O O O O O O O O O O O,O O O O O O B-PUBLIC-FIGURE I-PUBLIC-FIGURE O O O O O O O O O O O O O O
2279,"Ġ Ċ Ċ "" The Ġbig Ġquestion Ġnow Ġis Ġwhether Ġthe Ġindustry , Ġand Ġparticularly ĠOf com Ġfeels ĠBT 's Ġproposals Ġgo Ġfar Ġenough Ġ... Now Ġthe Ġreal Ġnegotiation Ġbegins ,"" Ġdirector Ġof Ġtelecom s Ġresearch ĠTony ĠLav ender Ġsaid .",O O O O O O O O O O O O O O O O O O O O O O O O O O O O O O O O O O O O B-BUSINESS-EXECUTIVE-MANAGER I-BUSINESS-EXECUTIVE-MANAGER I-BUSINESS-EXECUTIVE-MANAGER O O,O O O O O O O O O O O O O O O O O O O O O O O O O O O O O O O O O O O O B-BUSINESS-EXECUTIVE-MANAGER I-BUSINESS-EXECUTIVE-MANAGER I-BUSINESS-EXECUTIVE-MANAGER O O
2280,"ĠInternet Ġservice Ġprovider Ġ( IS P ) ĠPlus . net Ġalso Ġbacked Ġthe Ġproposals Ġsaying Ġ"" we Ġwill Ġbe Ġentirely Ġhappy Ġif ĠOf com Ġaccepts Ġthem "". Ġ""",O O O O O O O O O O O O O O O O O O O O O O O O O O O O,O O O O O O O O O O O O O O O O O O O O O O O O O O O O
2281,ĠBT Ġhas Ġbeen Ġchallenged Ġto Ġplay Ġfair Ġand Ġits Ġplans Ġwill Ġintroduce Ġa Ġlevel Ġplaying Ġfield .,O O O O O O O O O O O O O O O O O,O O O O O O O O O O O O O O O O O
2282,"ĠThe Ġscenario Ġnow Ġis Ġhow Ġwell Ġpeople Ġexecute Ġtheir Ġbusiness Ġplans Ġas Ġa Ġservice Ġprovider ,"" Ġchief Ġexecutive ĠLee ĠStra ff ord Ġsaid .",O O O O O O O O O O O O O O O O O O B-BUSINESS-EXECUTIVE-MANAGER I-BUSINESS-EXECUTIVE-MANAGER I-BUSINESS-EXECUTIVE-MANAGER I-BUSINESS-EXECUTIVE-MANAGER O O,O O O O O O O O O O O O O O O O O O B-BUSINESS-EXECUTIVE-MANAGER I-BUSINESS-EXECUTIVE-MANAGER I-BUSINESS-EXECUTIVE-MANAGER I-BUSINESS-EXECUTIVE-MANAGER O O
2283,"ĠChris ĠPan ay is , Ġmanaging Ġdirector Ġof ĠISP ĠFreedom 2 sur f Ġsaid Ġthat Ġit Ġwould Ġmake Ġthe Ġsituation Ġclearer Ġfor Ġbusiness . Ġ""",B-BUSINESS-EXECUTIVE-MANAGER I-BUSINESS-EXECUTIVE-MANAGER I-BUSINESS-EXECUTIVE-MANAGER I-BUSINESS-EXECUTIVE-MANAGER O O O O O O O O O O O O O O O O O O O O O,B-BUSINESS-EXECUTIVE-MANAGER I-BUSINESS-EXECUTIVE-MANAGER I-BUSINESS-EXECUTIVE-MANAGER I-BUSINESS-EXECUTIVE-MANAGER O O O O O O O O O O O O O O O O O O O O O
2284,"ĠI Ġthink Ġit 's Ġthe Ġfirst Ġproductive Ġthing Ġwe 've Ġhad Ġfrom ĠBT ,"" Ġhe Ġsaid .",O O O O O O O O O O O O O O O O O,O O O O O O O O O O O O O O O O O
2285,"Ġ Ċ Ċ A OL Ġbacked Ġthe Ġprice Ġcuts Ġbut Ġsaid Ġregulation Ġwas Ġstill Ġneeded Ġto Ġensure Ġa Ġlevel Ġplaying Ġfield . Ġ""",O O O O O O O O O O O O O O O O O O O O O O O,O O O O O O O O O O O O O O O O O O O O O O O
2286,"ĠThis Ġis Ġa Ġreminder Ġto ĠOf com Ġthat Ġas Ġlong Ġas ĠBT Ġcan Ġchange Ġthe Ġdynamics Ġof Ġthe Ġwhole Ġbroadband Ġmarket Ġat Ġwill , Ġthe Ġprocess Ġof Ġopening Ġup Ġthe ĠUK 's Ġlocal Ġtelephone Ġnetwork Ġto Ġinfrastructure Ġinvestment Ġand Ġcompetition Ġremains Ġfragile ,"" Ġa Ġspokesman Ġsaid . Ġ""",O O O O O O O O O O O O O O O O O O O O O O O O O O O O O O O O O O O O O O O O O O O O O O O O,O O O O O O O O O O O O O O O O O O O O O O O O O O O O O O O O O O O O O O O O O O O O O O O O
2287,"ĠOf com Ġneeds Ġto Ġreturn Ġto Ġregulation Ġof Ġthe Ġwholesale Ġbroadband Ġservice Ġ[ IP Stream ] Ġand Ġprovide Ġmore Ġrobust Ġrules Ġfor Ġlocal Ġloop Ġunb und ling Ġif Ġconsumers Ġare Ġto Ġsee Ġthe Ġbenefits Ġof Ġincreased Ġcompetition Ġand Ġinfrastructure Ġinvestment .""",O O O O O O O O O O O O O O O O O O O O O O O O O O O O O O O O O O O O O O O O O,O O O O O O O O O O O O O O O O O O O O O O O O O O O O O O O O O O O O O O O O O
2288,"ĠMore Ġthan Ġ100 Ġtelecom Ġfirms , Ġconsumer Ġgroups Ġand Ġother Ġinterested Ġparties Ġare Ġexpected Ġto Ġmake Ġsubmissions Ġto Ġthe Ġregulator Ġduring Ġthis Ġconsultation Ġphase .",O O O O O O O O O O O O O O O O O O O O O O O O O,O O O O O O O O O O O O O O O O O O O O O O O O O
2289,ĠOf com Ġis Ġexpected Ġto Ġspend Ġthe Ġnext Ġfew Ġweeks Ġexamining Ġthe Ġproposals Ġbefore Ġmaking Ġan Ġannouncement Ġwithin Ġthe Ġnext Ġfew Ġmonths .,O O O O O O O O O O O O O O O O O O O O O O O,O O O O O O O O O O O O O O O O O O O O O O O
2290,ĠBay watch Ġdubbed Ġ' worst ĠTV Ġimport ' Ċ Ċ Sur f Ġshow ĠBay watch Ġhas Ġwon Ġthe Ġtitle Ġof Ġworst ĠTV Ġimport Ġof Ġall Ġtime Ġin Ġa Ġpoll Ġof ĠUK Ġtelevision Ġexecutives .,O O O O O O O O O O O O O O O O O O O O O O O O O O O O O O O O O O,O O O O O O O O O O O O O O O O O O O O O O O O O O O O O O O O O O
2291,"Ġ Ċ Ċ The Ġprogramme , Ġwhich Ġstarred ĠDavid ĠHas sel hoff Ġand ĠPamela ĠAnderson Ġduring Ġits Ġ12 - year Ġrun , Ġwas Ġshown Ġin Ġ140 Ġcountries Ġat Ġits Ġheight .",O O O O O O O O B-ACTOR-DIRECTOR I-ACTOR-DIRECTOR I-ACTOR-DIRECTOR I-ACTOR-DIRECTOR O B-ACTOR-DIRECTOR I-ACTOR-DIRECTOR O O O O O O O O O O O O O O O O,O O O O O O O O B-ACTOR-DIRECTOR I-ACTOR-DIRECTOR I-ACTOR-DIRECTOR I-ACTOR-DIRECTOR O B-ACTOR-DIRECTOR I-ACTOR-DIRECTOR O O O O O O O O O O O O O O O O
2292,ĠModel ĠAnna ĠNicole ĠSmith 's Ġreality Ġshow Ġand ĠThe ĠD ukes Ġof ĠH azz ard Ġwere Ġrunners - up Ġin Ġthe ĠBroadcast Ġmagazine Ġsurvey .,O B-PUBLIC-FIGURE I-PUBLIC-FIGURE I-PUBLIC-FIGURE O O O O O O O O O O O O O O O O O O O O O,O B-PUBLIC-FIGURE I-PUBLIC-FIGURE I-PUBLIC-FIGURE O O O O O O O O O O O O O O O O O O O O O
2293,ĠThe ĠSimpsons Ġand ĠDallas Ġand Ġ24 Ġwere Ġamong Ġthe Ġmagazine 's Ġlist Ġof Ġthe Ġbest Ġall - time Ġimports Ġfrom Ġthe ĠUS .,O O O O O O O O O O O O O O O O O O O O O O O,O O O B-MUSICIAN O O O O O O O O O O O O O O O O O O O
2294,"ĠSo ap Ġoper as ĠKnot s ĠLanding , ĠFalcon ĠCrest Ġplus ĠThe ĠBold ĠAnd ĠThe ĠBeautiful Ġall Ġmade Ġthe Ġtop Ġ10 Ġof ĠTrans atlantic ĠTV Ġhow lers .",O O O O O O O O O O O O O O O O O O O O O O O O O O O O,O O O O B-MUSICIAN I-MUSICIAN I-MUSICIAN O B-MUSICIAN I-MUSICIAN O O O O O O O O O O O O O O O O O O
2295,"ĠThe ĠJerry ĠSpringer ĠShow , Ġwhich Ġcame Ġin Ġat Ġsixth Ġon Ġthe Ġlist , Ġdid Ġnot Ġfare Ġwell .",O B-ACTOR-DIRECTOR I-ACTOR-DIRECTOR O O O O O O O O O O O O O O O O,O B-MUSICIAN O O O O O O O O O O O O O O O O O
2296,"Ġ Ċ Ċ Broad cast Ġmagazine Ġsaid : Ġ"" British ĠTV Ġnever Ġrealised Ġhow Ġlow Ġit Ġcould Ġgo Ġbefore ĠJerry Ġshowed Ġthe Ġway .""",O O O O O O O O O O O O O O O O O O O O O O O O,O O O O O O O O O O O O O O O O O O O B-PUBLIC-FIGURE O O O O
2297,"ĠBay watch Ġrose Ġto Ġthe Ġtop Ġof Ġthe Ġlist Ġfor Ġhaving Ġ"" mind - n umb ingly Ġpredictable Ġscripts : Ġbeach go er Ġis Ġsaved Ġfrom Ġdrowning ,"" Ġaccording Ġto Ġthe Ġmagazine .",O O O O O O O O O O O O O O O O O O O O O O O O O O O O O O O O O,O O O O O O O O O O O O O O O O O O O O B-MUSICIAN I-MUSICIAN I-MUSICIAN O O O O O O O O O O
2298,"ĠJust Ġinside Ġthe Ġall - time Ġworst Ġtop Ġ10 Ġcame ĠExtreme ĠMake over , Ġwhich Ġsees Ġmembers Ġof Ġthe Ġpublic Ġgiven Ġthousands Ġof Ġpounds Ġworth Ġof Ġplastic Ġsurgery .",O O O O O O O O O O O O O O O O O O O O O O O O O O O O O,O O O O O O O O O O O O O O O O O O O O O O O O O O O O O
2299,"ĠOther ĠAmerican Ġshows Ġwhich Ġwon Ġpraise Ġwere ĠThe ĠX - Files , ĠI ĠLove ĠLucy , ĠTwin ĠPeaks Ġand ĠStar ĠTrek .",O O O O O O O O O O O O O O O O O O O O O O,O O O O O O O O O O O O O O O O O O O O O O
2300,"ĠLabour Ġchooses ĠManchester Ċ Ċ The ĠLabour ĠParty Ġwill Ġhold Ġits Ġ2006 Ġautumn Ġconference Ġin ĠManchester Ġand Ġnot ĠBlack pool , Ġit Ġhas Ġbeen Ġconfirmed .",O O O O O O O O O O O O O O O O O O O O O O O O O O,O O O O O O O O O O O O O O O O O O O O O O O O O O
2301,Ġ Ċ Ċ The Ġmuch Ġtrailed Ġdecision Ġwas Ġratified Ġby ĠLabour 's Ġruling ĠNational ĠExecutive ĠCommittee Ġin Ġa Ġbreak Ġwith Ġthe Ġtraditional Ġchoice Ġof Ġa Ġseas ide Ġvenue .,O O O O O O O O O O O O O O O O O O O O O O O O O O O O O,O O O O O O O O O O O O O O O O O O O O O O O O O O O O O
2302,ĠIt Ġwill Ġbe Ġthe Ġfirst Ġtime Ġsince Ġ1917 Ġthat Ġthe Ġparty Ġhas Ġchosen ĠManchester Ġto Ġhost Ġthe Ġannual Ġevent .,O O O O O O O O O O O O O O O O O O O O,O O O O O O O O O O O O O O O O O O O O
2303,ĠBlack pool Ġwill Ġget Ġthe Ġmuch Ġsmaller ĠFebruary Ġspring Ġconference Ġinstead Ġin Ġwhat Ġwill Ġbe Ġseen Ġas Ġa Ġplac atory Ġmove .,O O O O O O O O O O O O O O O O O O O O O O,O O O O O O O O O O O O O O O O O O O O O O
2304,"Ġ Ċ Ċ For Ġyears Ġthe Ġmain Ġpolitical Ġparties Ġhave Ġrotated Ġbetween ĠBlack pool , ĠB ourn emouth Ġand ĠBrighton .",O O O O O O O O O O O O O O O O O O O O O,O O O O O O O O O O O O O O O O O O O O O
2305,ĠAnd Ġthe Ġnews Ġthe Ġmuch Ġlarger Ġannual Ġconference Ġis Ġnot Ġto Ġgather Ġin ĠBlack pool Ġwill Ġbe Ġseen Ġas Ġa Ġblow Ġin Ġthe Ġcoastal Ġresort .,O O O O O O O O O O O O O O O O O O O O O O O O O O,O O O O O O O O O O O O O O O O O O O O O O O O O O
2306,ĠIn Ġ1998 Ġthe Ġparty Ġsaid Ġit Ġwould Ġnot Ġreturn Ġto ĠBlack pool Ġbut Ġdid Ġso Ġin Ġ2002 .,O O O O O O O O O O O O O O O O O O,O O O O O O O O O O O O O O O O O O
2307,ĠThe Ġfollowing Ġyear ĠB ourn emouth Ġhosted Ġthe Ġevent Ġbefore Ġthe Ġparty Ġsigned Ġa Ġtwo Ġyear Ġdeal Ġfor ĠBrighton Ġto Ġhost Ġthe Ġautumn Ġconference .,O O O O O O O O O O O O O O O O O O O O O O O O O,O O O O O O O O O O O O O O O O O O O O O O O O O
2308,"Ġ Ċ Ċ Col in ĠAs plin , ĠBlack pool ĠHotel ĠAssociation Ġsaid : Ġ"" We Ġhave Ġtried Ġvery Ġhard Ġto Ġmake Ġsure Ġthey Ġcome Ġback Ġto ĠBlack pool . Ġ""",O O O B-PUBLIC-FIGURE I-PUBLIC-FIGURE I-PUBLIC-FIGURE I-PUBLIC-FIGURE O O O O O O O O O O O O O O O O O O O O O O O O,O O O B-PUBLIC-FIGURE I-PUBLIC-FIGURE I-PUBLIC-FIGURE I-PUBLIC-FIGURE O O O O O O O O O O O O O O O O O O O O O O O O
2309,ĠObviously Ġwe Ġhave Ġfailed Ġin Ġthat .,O O O O O O O,O O O O O O O
2310,"ĠI Ġjust Ġhope ĠManchester Ġcan Ġhandle Ġthe Ġcrowds . Ġ""",O O O O O O O O O O,O O O O O O O O O O
2311,"ĠIt Ġam azes Ġme Ġthat Ġthe ĠLabour ĠParty , Ġwhich Ġis Ġa Ġworking Ġclass Ġparty , Ġdoesn 't Ġwant Ġto Ġcome Ġto Ġthe Ġmain Ġworking Ġclass Ġresort Ġin Ġthe Ġcountry .""",O O O O O O O O O O O O O O O O O O O O O O O O O O O O O O O,O O O O O O O O O O O O O O O O O O O O O O O O O O O O O O O
2312,ĠThe Ġexact Ġcost Ġto ĠBlack pool Ġin Ġterms Ġof Ġlost Ġrevenue Ġfor Ġhotel Ġaccommodation Ġis Ġnot Ġyet Ġknown Ġbut Ġit Ġis Ġthought Ġthat Ġblock Ġbook ings Ġwill Ġbe Ġtaken Ġat Ġthe Ġmajor ĠManchester Ġhotels Ġafter Ġthe Ġofficial Ġannouncement .,O O O O O O O O O O O O O O O O O O O O O O O O O O O O O O O O O O O O O O O,O O O O O O O O O O O O O O O O O O O O O O O O O O O O O O O O O O O O O O O
2313,ĠUS Ġduo Ġin Ġfirst Ġspam Ġconviction Ċ Ċ A Ġbrother Ġand Ġsister Ġin Ġthe ĠUS Ġhave Ġbeen Ġconvicted Ġof Ġsending Ġhundreds Ġof Ġthousands Ġof Ġuns olicited Ġe - mail Ġmessages Ġto ĠAOL Ġsubscribers .,O O O O O O O O O O O O O O O O O O O O O O O O O O O O O O O O O O,O O O O O O O O O O O O O O O O O O O O O O O O O O O O O O O O O O
2314,Ġ Ċ Ċ It Ġis Ġthe Ġfirst Ġcriminal Ġprosecution Ġof Ġinternet Ġspam Ġdistributors .,O O O O O O O O O O O O O O,O O O O O O O O O O O O O O
2315,"ĠJur ors Ġin ĠVirginia Ġrecommended Ġthat Ġthe Ġman , ĠJeremy ĠJay nes , Ġserve Ġnine Ġyears Ġin Ġprison Ġand Ġthat Ġhis Ġsister , ĠJessica ĠDe G root , Ġbe Ġfined Ġ$ 7 , 500 .",O O O O O O O O O B-PUBLIC-FIGURE I-PUBLIC-FIGURE I-PUBLIC-FIGURE O O O O O O O O O O O B-PUBLIC-FIGURE I-PUBLIC-FIGURE I-PUBLIC-FIGURE I-PUBLIC-FIGURE O O O O O O O O,O O O O O O O O O B-PUBLIC-FIGURE I-PUBLIC-FIGURE I-PUBLIC-FIGURE O O O O O O O O O O O B-PUBLIC-FIGURE I-PUBLIC-FIGURE I-PUBLIC-FIGURE I-PUBLIC-FIGURE O O O O O O O O
2316,ĠThey Ġwere Ġconvicted Ġunder Ġa Ġstate Ġlaw Ġthat Ġbars Ġthe Ġsending Ġof Ġbulk Ġe - mails Ġusing Ġfake Ġaddresses .,O O O O O O O O O O O O O O O O O O O O,O O O O O O O O O O O O O O O O O O O O
2317,Ġ Ċ Ċ They Ġwill Ġbe Ġformally Ġsentenced Ġnext Ġyear .,O O O O O O O O O O O,O O O O O O O O O O O
2318,"ĠA Ġthird Ġdefendant , ĠRichard ĠRut kowski , Ġwas Ġacquitted .",O O O O B-PUBLIC-FIGURE I-PUBLIC-FIGURE I-PUBLIC-FIGURE O O O O,O O O O B-PUBLIC-FIGURE I-PUBLIC-FIGURE I-PUBLIC-FIGURE O O O O
2319,"ĠProsecutors Ġsaid ĠJay nes Ġwas Ġ"" a Ġsnake Ġoil Ġsalesman Ġin Ġa Ġnew Ġformat "", Ġusing Ġthe Ġinternet Ġto Ġpedd le Ġuseless Ġwa res , Ġnews Ġagency ĠAssociated ĠPress Ġreported .",O O O O O O O O O O O O O O O O O O O O O O O O O O O O O O O,O O B-PUBLIC-FIGURE I-PUBLIC-FIGURE O O O O O O O O O O O O O O O O O O O O O O O O O O O
2320,"ĠA Ġ"" Fed - Ex Ġrefund Ġprocessor "" Ġwas Ġsupposed Ġto Ġallow Ġpeople Ġto Ġearn Ġ$ 75 Ġan Ġhour Ġworking Ġfrom Ġhome .",O O O O O O O O O O O O O O O O O O O O O O O,O O O O O O O O O O O O O O O O O O O O O O O
2321,"ĠAnother Ġitem Ġon Ġsale Ġwas Ġan Ġ"" internet Ġhistory Ġer aser "".",O O O O O O O O O O O O,O O O O O O O O O O O O
2322,ĠHis Ġsister Ġhelped Ġhim Ġprocess Ġcredit Ġcard Ġpayments .,O O O O O O O O O,O O O O O O O O O
2323,"ĠJay nes Ġamassed Ġa Ġfortune Ġof Ġ$ 24 m Ġfrom Ġhis Ġsales , Ġprosecutors Ġsaid . Ġ""",O O O O O O O O O O O O O O O O O,B-PUBLIC-FIGURE I-PUBLIC-FIGURE O O O O O O O O O O O O O O O
2324,"ĠHe 's Ġbeen Ġsuccessful Ġripping Ġpeople Ġoff Ġall Ġthese Ġyears ,"" ĠAP Ġquoted Ġprosecutor ĠRussell ĠMcGu ire Ġas Ġsaying .",O O O O O O O O O O O O O O B-PUBLIC-FIGURE I-PUBLIC-FIGURE I-PUBLIC-FIGURE O O O,O O O O O O O O O O O O O O B-PUBLIC-FIGURE I-PUBLIC-FIGURE I-PUBLIC-FIGURE O O O
2325,"ĠJay nes Ġwas Ġalso Ġfound Ġguilty Ġof Ġbreaking Ġa Ġstate Ġlaw Ġwhich Ġprohibits Ġthe Ġsending Ġof Ġmore Ġthan Ġ100 , 000 Ġe - mails Ġin Ġ30 Ġdays , ĠVirginia ĠState ĠAttorney ĠGeneral ĠJerry ĠKil g ore Ġreportedly Ġsaid .",O O O O O O O O O O O O O O O O O O O O O O O O O O O O O O O O B-POLITICIAN I-POLITICIAN I-POLITICIAN I-POLITICIAN O O O,B-PUBLIC-FIGURE I-PUBLIC-FIGURE O O O O O O O O O O O O O O O O O O O O O O O O O O O O O O B-POLITICIAN I-POLITICIAN I-POLITICIAN I-POLITICIAN O O O
2326,"ĠProsecutors Ġhad Ġasked Ġfor Ġ15 Ġyears Ġin Ġjail Ġfor ĠJay nes , Ġand Ġa Ġjail Ġterm Ġfor Ġhis Ġsister .",O O O O O O O O O O O O O O O O O O O O,O O O O O O O O O B-PUBLIC-FIGURE I-PUBLIC-FIGURE O O O O O O O O O
2327,"ĠBut ĠJay nes ' Ġlawyer ĠDavid ĠOb lon Ġcalled Ġthe Ġnine - year Ġrecommended Ġterm Ġ"" out rage ous "" Ġand Ġsaid Ġhis Ġclient Ġbelieved Ġhe Ġwas Ġinnocent .",O O O O O B-PUBLIC-FIGURE I-PUBLIC-FIGURE I-PUBLIC-FIGURE O O O O O O O O O O O O O O O O O O O O O,O B-PUBLIC-FIGURE I-PUBLIC-FIGURE O O B-PUBLIC-FIGURE I-PUBLIC-FIGURE I-PUBLIC-FIGURE O O O O O O O O O O O O O O O O O O O O O
2328,ĠHe Ġpointed Ġout Ġthat Ġall Ġthree Ġof Ġthe Ġaccused Ġlived Ġin ĠNorth ĠCarolina Ġand Ġwere Ġunaware Ġof Ġthe ĠVirginia Ġstate Ġlaw .,O O O O O O O O O O O O O O O O O O O O O O,O O O O O O O O O O O O O O O O O O O O O O
2329,ĠSp am Ġmessages Ġare Ġestimated Ġto Ġaccount Ġfor Ġat Ġleast Ġ60 % Ġof Ġall Ġe - mails Ġsent .,O O O O O O O O O O O O O O O O O O O,O O O O O O O O O O O O O O O O O O O
2330,ĠKenyan Ġschool Ġturns Ġto Ġhandheld s Ċ Ċ At Ġthe ĠM bit a ĠPoint Ġprimary Ġschool Ġin Ġwestern ĠKenya Ġstudents Ġclick Ġaway Ġat Ġa Ġhandheld Ġcomputer Ġwith Ġa Ġstyl us .,O O O O O O O O O O O O O O O O O O O O O O O O O O O O O O O,O O O O O O O O O O O O O O O O O O O O O O O O O O O O O O O
2331,Ġ Ċ Ċ They Ġare Ġdoing Ġexercises Ġin Ġtheir Ġschool Ġtextbooks Ġwhich Ġhave Ġbeen Ġdigit ised .,O O O O O O O O O O O O O O O O O,O O O O O O O O O O O O O O O O O
2332,"ĠIt Ġis Ġa Ġpilot Ġproject Ġrun Ġby ĠEdu Vision , Ġwhich Ġis Ġlooking Ġat Ġways Ġto Ġuse Ġlow Ġcost Ġcomputer Ġsystems Ġto Ġget Ġup - to - date Ġinformation Ġto Ġstudents Ġwho Ġare Ġcurrently Ġstuck Ġwith Ġancient Ġtextbooks .",O O O O O O O O O O O O O O O O O O O O O O O O O O O O O O O O O O O O O O O,O O O O O O O O O O O O O O O O O O O O O O O O O O O O O O O O O O O O O O O
2333,"ĠMatthew ĠHer ren Ġfrom ĠEdu Vision Ġtold Ġthe ĠBBC Ġprogramme ĠGo ĠDigital Ġhow Ġthe Ġnon - governmental Ġorganisation Ġuses Ġa Ġcombination Ġof Ġsatellite Ġradio Ġand Ġhandheld Ġcomputers Ġcalled ĠE - sl ates . Ġ""",B-BUSINESS-EXECUTIVE-MANAGER I-BUSINESS-EXECUTIVE-MANAGER I-BUSINESS-EXECUTIVE-MANAGER O O O O O O O O O O O O O O O O O O O O O O O O O O O O O O O,B-PUBLIC-FIGURE I-PUBLIC-FIGURE I-PUBLIC-FIGURE O O O O O O O O O O O O O O O O O O O O O O O O O O O O O O O
2334,ĠThe ĠE - sl ates Ġconnect Ġvia Ġa Ġwireless Ġconnection Ġto Ġa Ġbase Ġstation Ġin Ġthe Ġschool .,O O O O O O O O O O O O O O O O O O,O O O O O O O O O O O O O O O O O O
2335,ĠThis Ġin Ġturn Ġis Ġconnected Ġto Ġa Ġsatellite Ġradio Ġreceiver .,O O O O O O O O O O O,O O O O O O O O O O O
2336,"ĠThe Ġdata Ġis Ġtransmitted Ġalongside Ġaudio Ġsignals .""",O O O O O O O O,O O O O O O O O
2337,"ĠThe Ġbase Ġstation Ġprocesses Ġthe Ġinformation Ġfrom Ġthe Ġsatellite Ġtransmission Ġand Ġturns Ġit Ġinto Ġa Ġform Ġthat Ġcan Ġbe Ġread Ġby Ġthe Ġhandheld ĠE - sl ates . Ġ""",O O O O O O O O O O O O O O O O O O O O O O O O O O O O O,O O O O O O O O O O O O O O O O O O O O O O O O O O O O O
2338,"ĠIt Ġdownloads Ġfrom Ġthe Ġsatellite Ġand Ġevery Ġday Ġprocesses Ġthe Ġstream , Ġsorts Ġthrough Ġcontent Ġfor Ġthe Ġmaterial Ġdestined Ġfor Ġthe Ġusers Ġconnected Ġto Ġit .",O O O O O O O O O O O O O O O O O O O O O O O O O O,O O O O O O O O O O O O O O O O O O O O O O O O O O
2339,"ĠIt Ġalso Ġstores Ġthis Ġon Ġits Ġhard Ġdisc .""",O O O O O O O O O,O O O O O O O O O
2340,Ġ Ċ Ċ The Ġsystem Ġis Ġcheaper Ġthan Ġinstalling Ġand Ġmaintaining Ġan Ġinternet Ġconnection Ġand Ġconventional Ġcomputer Ġnetwork .,O O O O O O O O O O O O O O O O O O O,O O O O O O O O O O O O O O O O O O O
2341,"ĠBut ĠMr ĠHer ren Ġsays Ġthere Ġare Ġboth Ġpros Ġand Ġcons Ġto Ġthe Ġproject . Ġ""",O O O O O O O O O O O O O O O O,O O B-PUBLIC-FIGURE I-PUBLIC-FIGURE O O O O O O O O O O O O
2342,"ĠIt 's Ġvery Ġsimple Ġto Ġset Ġup , Ġjust Ġa Ġsatellite Ġantenna Ġon Ġthe Ġroof Ġof Ġthe Ġschool , Ġbut Ġit 's Ġalso Ġa Ġone - way Ġconnection , Ġso Ġgetting Ġfeedback Ġor Ġspecific Ġrequests Ġfrom Ġend Ġusers Ġis Ġdifficult .""",O O O O O O O O O O O O O O O O O O O O O O O O O O O O O O O O O O O O O O O O O,O O O O O O O O O O O O O O O O O O O O O O O O O O O O O O O O O O O O O O O O O
2343,"Ġ Ċ Ċ The Ġproject Ġis Ġstill Ġat Ġthe Ġpilot Ġstage Ġand ĠEdu Vision Ġstaff Ġare Ġon Ġthe Ġground Ġto Ġattend Ġto Ġte et hing Ġproblems Ġwith Ġthe ĠLinux - based Ġsystem . Ġ""",O O O O O O O O O O O O O O O O O O O O O O O O O O O O O O O O O O,O O O O O O O O O O O O O O O O O O O O O O O O O O O O O O O O O O
2344,"ĠThe Ġcontent Ġis Ġdivided Ġinto Ġvisual Ġinformation , Ġtextual Ġinformation Ġand Ġquestions .",O O O O O O O O O O O O O,O O O O O O O O O O O O O
2345,"ĠUsers Ġcan Ġscroll Ġthrough Ġthese Ġsections Ġindependently Ġof Ġeach Ġother .""",O O O O O O O O O O O,O O O O O O O O O O O
2346,ĠEdu Vision Ġis Ġplanning Ġto Ġinclude Ġaudio Ġand Ġvideo Ġfiles Ġas Ġthe Ġsystem Ġdevelops Ġand Ġadd Ġmore Ġcontent .,O O O O O O O O O O O O O O O O O O O,O O O O O O O O O O O O O O O O O O O
2347,ĠMr ĠHer ren Ġsays Ġthis Ġwould Ġvastly Ġincrease Ġthe Ġopportunities Ġavailable Ġto Ġthe Ġstudents .,O O O O O O O O O O O O O O O,O B-PUBLIC-FIGURE I-PUBLIC-FIGURE O O O O O O O O O O O O
2348,"ĠHe Ġis Ġcurrently Ġin Ġnegotiations Ġto Ġtake Ġadvantage Ġof Ġa Ġproject Ġbeing Ġorganised Ġby Ġsearch Ġsite ĠGoogle Ġto Ġdigit ise Ġsome Ġof Ġthe Ġworld 's Ġlargest Ġuniversity Ġlibraries . Ġ""",O O O O O O O O O O O O O O O O O O O O O O O O O O O O O O,O O O O O O O O O O O O O O O O O O O O O O O O O O O O O O
2349,"ĠAll Ġbooks Ġin Ġthe Ġpublic Ġdomain , Ġsomething Ġlike Ġ15 Ġmillion , Ġcould Ġbe Ġput Ġon Ġthe Ġbase Ġstations Ġas Ġwe Ġmanufacture Ġthem .",O O O O O O O O O O O O O O O O O O O O O O O O,O O O O O O O O O O O O O O O O O O O O O O O O
2350,"ĠThen Ġevery Ġrural Ġschool Ġin ĠAfrica Ġwould Ġhave Ġaccess Ġto Ġthe Ġsame Ġlibraries Ġas Ġthe Ġstudents Ġin ĠOxford Ġand ĠHarvard "" ĠCurrently Ġthe Ġproject Ġis Ġoperating Ġin Ġan Ġarea Ġwhere Ġthere Ġis Ġm ains Ġelectricity .",O O O O O O O O O O O O O O O O O O O O O O O O O O O O O O O O O O O O,O O O O O O O O O O O O O O O O O O O O O O O O O O O O O O O O O O O O
2351,"ĠBut ĠMr ĠHer ren Ġsays ĠEdu Vision Ġalready Ġhas Ġplans Ġto Ġextend Ġit Ġto Ġmore Ġremote Ġregions . Ġ""",O O O O O O O O O O O O O O O O O O O,O O B-PUBLIC-FIGURE I-PUBLIC-FIGURE O O O O O O O O O O O O O O O
2352,"ĠWe Ġplan Ġto Ġput Ġa Ġsolar Ġpanel Ġat Ġthe Ġschool Ġwith Ġthe Ġbase Ġstation , Ġhave Ġthe ĠE - sl ates Ġcharge Ġduring Ġthe Ġday Ġwhen Ġthe Ġchildren Ġare Ġin Ġschool , Ġthen Ġthey Ġcan Ġtake Ġthem Ġhome Ġat Ġnight Ġand Ġcontinue Ġworking .""",O O O O O O O O O O O O O O O O O O O O O O O O O O O O O O O O O O O O O O O O O O O O,O O O O O O O O O O O O O O O O O O O O O O O O O O O O O O O O O O O O O O O O O O O O
2353,"ĠMac ie j ĠSund ra , Ġwho Ġdesigned Ġthe Ġuser Ġinterface Ġfor Ġthe ĠE - sl ates , Ġsays Ġthe Ġproject 's Ġultimate Ġgoal Ġis Ġleve lling Ġaccess Ġto Ġknowledge Ġaround Ġthe Ġworld . Ġ""",B-BUSINESS-EXECUTIVE-MANAGER I-BUSINESS-EXECUTIVE-MANAGER I-BUSINESS-EXECUTIVE-MANAGER I-BUSINESS-EXECUTIVE-MANAGER I-BUSINESS-EXECUTIVE-MANAGER O O O O O O O O O O O O O O O O O O O O O O O O O O O O O O,B-PUBLIC-FIGURE I-PUBLIC-FIGURE I-PUBLIC-FIGURE I-PUBLIC-FIGURE I-PUBLIC-FIGURE O O O O O O O O O O O O O O O O O O O O O O O O O O O O O O
2354,ĠWhy Ġin Ġthis Ġage Ġwhen Ġmost Ġpeople Ġdo Ġmost Ġresearch Ġusing Ġthe Ġinternet Ġare Ġstudents Ġstill Ġusing Ġtextbooks ?,O O O O O O O O O O O O O O O O O O O,O O O O O O O O O O O O O O O O O O O
2355,"ĠThe Ġfact Ġthat Ġwe Ġare Ġdoing Ġthis Ġin Ġa Ġrural Ġdeveloping Ġcountry Ġis Ġvery Ġexciting Ġ- Ġas Ġthey Ġneed Ġit Ġmost .""",O O O O O O O O O O O O O O O O O O O O O O,O O O O O O O O O O O O O O O O O O O O O O
2356,"ĠPort is head Ġback Ġafter Ġeight Ġyears Ċ Ċ C ult ĠBritish Ġgroup ĠPort is head Ġhave Ġrevealed Ġthey Ġare Ġwriting Ġtheir Ġthird Ġalbum , Ġtheir Ġfirst Ġin Ġeight Ġyears .",O O O O O O O O O O O O O O O O O O O O O O O O O O O O O O O,O O O O O O O O O O O O O O O O O O O O O O O O O O O O O O O
2357,"Ġ Ċ Ċ F ounding Ġmember ĠGeoff ĠBar row Ġtold ĠBBC Ġ6 ĠMusic Ġthe Ġrecord Ġwas Ġwell Ġon Ġthe Ġway Ġto Ġbeing Ġcompleted . Ġ""",O O O O O O B-MUSICIAN I-MUSICIAN I-MUSICIAN O O O O O O O O O O O O O O O O,O O O O O O B-MUSICIAN I-MUSICIAN I-MUSICIAN O O O O O O O O O O O O O O O O
2358,ĠWe 're Ġactually Ġinto Ġit Ġas Ġwe Ġspeak .,O O O O O O O O O,O O O O O O O O O
2359,"ĠWe Ġtook Ġsome Ġtime Ġoff Ġfor ĠChristmas , Ġbut Ġgenerally Ġwe 're Ġdoing Ġanother Ġrecord ,"" ĠBar row Ġtold Ġthe Ġdigital Ġradio Ġstation .",O O O O O O O O O O O O O O O O O O O O O O O O,O O O O O O O O O O O O O O O O B-PUBLIC-FIGURE I-PUBLIC-FIGURE O O O O O O
2360,ĠNews Ġof Ġtheir Ġalbum Ġplans Ġcomes Ġafter Ġconfirmation Ġthe ĠBristol Ġband Ġwill Ġplay Ġa Ġtsunami Ġcharity Ġshow Ġnext Ġmonth .,O O O O O O O O O O O O O O O O O O O O,O O O O O O O O O B-MUSICIAN O O O O O O O O O O
2361,"ĠPort is head Ġwill Ġplay Ġalongside Ġfellow ĠBristol Ġband ĠMassive ĠAttack Ġat ĠOx fam 's ĠTs um ani Ġappeal , Ġheld Ġat Ġthe ĠBristol ĠAcademy Ġon Ġ19 ĠFebruary .",O O O O O O O O O O O O O O O O O O O O O O O O O O O O O,B-MUSICIAN I-MUSICIAN I-MUSICIAN O O O O O O O O O O O O O O O O O O O O O O O O O O
2362,"ĠBar row Ġsaid Ġhe Ġwas Ġsurprised Ġpeople Ġthought Ġthe Ġband , Ġwho Ġwon Ġa ĠMercury ĠMusic ĠPrize Ġin Ġ1995 Ġfor Ġtheir Ġdebut Ġalbum ĠD ummy , Ġhad Ġsplit Ġup .",O O O O O O O O O O O O O O O O O O O O O O O O O O O O O O,B-MUSICIAN I-MUSICIAN O O O O O O O O O O O O O O O O O O O O O O O O O O O O
2363,"Ġ Ċ Ċ "" We 've Ġjust Ġhad Ġour Ġheads Ġdown Ġreally , Ġwe 've Ġnever Ġactually Ġbroken Ġup , Ġor Ġparted , Ġor Ġwhatever . Ġ""",O O O O O O O O O O O O O O O O O O O O O O O O O O O,O O O O O O O O O O O O O O O O O O O O O O O O O O O
2364,"ĠSo Ġfor Ġus Ġit Ġjust Ġseems , Ġeven Ġthough Ġwe Ġhaven 't Ġplayed Ġfor Ġyears , Ġwe Ġstill Ġsee Ġeach Ġother Ġand Ġwrite Ġ- Ġwe Ġjust Ġhaven 't Ġreleased Ġa Ġrecord Ġfor Ġa Ġlong Ġtime .""",O O O O O O O O O O O O O O O O O O O O O O O O O O O O O O O O O O O O,O O O O O O O O O O O O O O O O O O O O O O O O O O O O O O O O O O O O
2365,"ĠPort is head Ġwill Ġnot Ġplay Ġany Ġnew Ġmaterial Ġat Ġnext Ġmonth 's Ġconcert , Ġwhich Ġwill Ġfeature Ġsinger ĠBeth ĠGib bons Ġplaying Ġwith Ġan Ġacoustic Ġbacking .",O O O O O O O O O O O O O O O O O O O B-MUSICIAN I-MUSICIAN I-MUSICIAN O O O O O O,B-MUSICIAN I-MUSICIAN I-MUSICIAN O O O O O O O O O O O O O O O O B-MUSICIAN I-MUSICIAN I-MUSICIAN O O O O O O
2366,ĠOther Ġacts Ġappearing Ġinclude ĠLiverpool Ġband ĠThe ĠCoral Ġand Ġformer ĠLed ĠZe ppelin Ġsinger ĠRobert ĠPlant .,O O O O O O O O O O O O O O B-MUSICIAN I-MUSICIAN O,O O O O O O O O O O O O O O B-MUSICIAN I-MUSICIAN O
2367,ĠPort is head Ġbecame Ġan Ġinternational Ġsuccess Ġand Ġa Ġdeeply Ġinfluential Ġband Ġdespite Ġtheir Ġscant Ġrecorded Ġoutput .,O O O O O O O O O O O O O O O O O O,B-MUSICIAN I-MUSICIAN I-MUSICIAN O O O O O O O O O O O O O O O
2368,"ĠD ummy Ġwas Ġa Ġcritics ' Ġfavourite Ġin Ġ1994 , Ġhailed Ġfor Ġits Ġblend Ġof Ġmenacing Ġsounds Ġand Ġhip - hop Ġbeats Ġmarried Ġto Ġold Ġsoul Ġsamples .",O O O O O O O O O O O O O O O O O O O O O O O O O O O O,B-MUSICIAN I-MUSICIAN O O O O O O O O O O O O O O O O O O O O O O O O O O
2369,"ĠThe Ġfollow Ġup , ĠPort is head , Ġwas Ġreleased Ġthree Ġyears Ġlater .",O O O O O O O O O O O O O O,O O O O B-PUBLIC-FIGURE I-PUBLIC-FIGURE I-PUBLIC-FIGURE O O O O O O O
2370,ĠParker Ġmisses ĠEngland Ġclash Ċ Ċ Tom ĠShank lin Ġwill Ġstart Ġin Ġthe Ġcentre Ġfor ĠWales Ġagainst ĠEngland Ġin ĠCardiff Ġon ĠSaturday Ġafter ĠSonny ĠParker Ġfailed Ġto Ġrecover Ġfrom Ġa Ġtrapped Ġneck Ġnerve .,O O O O O O B-ATHLETE I-ATHLETE I-ATHLETE O O O O O O O O O O O O O O B-ATHLETE I-ATHLETE O O O O O O O O O,B-ATHLETE O O O O O B-ATHLETE I-ATHLETE I-ATHLETE O O O O O O O O O O O O O O B-ATHLETE I-ATHLETE O O O O O O O O O
2371,"Ġ Ċ Ċ Sh ank lin Ġwas Ġfirst - choice Ġwing Ġin Ġthe Ġautumn ĠTests , Ġbut Ġprefers Ġcentre Ġand Ġwill Ġface ĠEngland Ġdebut ant ĠMat hew ĠT ait .",O O O O O O O O O O O O O O O O O O O O O O O O O B-ATHLETE I-ATHLETE I-ATHLETE I-ATHLETE O,O O O B-ATHLETE I-ATHLETE I-ATHLETE O O O O O O O O O O O O O O O O O O O B-ATHLETE I-ATHLETE I-ATHLETE I-ATHLETE O
2372,ĠDragons Ġthree - quarter ĠHal ĠL us combe Ġtakes ĠShank lin 's Ġwing Ġberth .,O O O O B-ATHLETE I-ATHLETE I-ATHLETE I-ATHLETE O O O O O O O,O O O O B-ATHLETE I-ATHLETE I-ATHLETE I-ATHLETE O B-ATHLETE I-ATHLETE O O O O
2373,"ĠUp Ġfront , ĠM ef in ĠDavies Ġplays Ġat Ġhook er , Ġopen - side ĠMart yn ĠWilliams Ġis Ġfit Ġto Ġstart Ġand Ġlock ĠRob ĠSid oli Ġreplaces Ġveteran ĠGareth ĠL le well yn .",O O O B-ATHLETE I-ATHLETE I-ATHLETE I-ATHLETE O O O O O O O O B-ATHLETE I-ATHLETE I-ATHLETE O O O O O O B-ATHLETE I-ATHLETE I-ATHLETE O O B-ATHLETE I-ATHLETE I-ATHLETE I-ATHLETE I-ATHLETE O,O O O B-ATHLETE I-ATHLETE I-ATHLETE I-ATHLETE O O O O O O O O B-ATHLETE I-ATHLETE I-ATHLETE O O O O O O B-ATHLETE I-ATHLETE I-ATHLETE O O B-ATHLETE I-ATHLETE I-ATHLETE I-ATHLETE I-ATHLETE O
2374,"ĠDavies Ġwins Ġthe Ġvote Ġahead Ġof ĠRobin ĠMc B ry de , Ġwho Ġsits Ġon Ġthe Ġbench Ġhaving Ġrecently Ġreturned Ġto Ġaction Ġfor Ġthe ĠScar lets Ġfollowing Ġa Ġneck Ġinjury .",O O O O O O B-ATHLETE I-ATHLETE I-ATHLETE I-ATHLETE I-ATHLETE O O O O O O O O O O O O O O O O O O O O,B-ATHLETE O O O O O B-ATHLETE I-ATHLETE I-ATHLETE I-ATHLETE I-ATHLETE O O O O O O O O O O O O O O O O O O O O
2375,"Ġ Ċ Ċ S id oli Ġis Ġback Ġfor Ġthe Ġfirst Ġtime Ġsince Ġlast Ġseason 's ĠSix ĠNations , Ġthe ĠBlues Ġsecond Ġrow Ġback Ġto Ġform Ġafter Ġa Ġn igg ling Ġgroin Ġproblem .",O O O O O O O O O O O O O O O O O O O O O O O O O O O O O O O O O O,O O O B-ATHLETE I-ATHLETE I-ATHLETE O O O O O O O O O O O O O O O O O O O O O O O O O O O O
2376,"ĠWilliams , ĠSid oli 's Ġteam - mate Ġat ĠCardiff , Ġis Ġset Ġto Ġwin Ġhis Ġ50 th Ġcap , Ġreplacing Ġthe Ġinjured ĠColin ĠChar vis Ġafter Ġmaking Ġa Ġquicker - than - expected Ġrecovery Ġfrom Ġa Ġneck Ġdisc Ġproblem . Ġ""",O O O O O O O O O O O O O O O O O O O O O O O B-ATHLETE I-ATHLETE I-ATHLETE O O O O O O O O O O O O O O O O,B-ATHLETE O B-ATHLETE I-ATHLETE O O O O O O O O O O O O O O O O O O O B-ATHLETE I-ATHLETE I-ATHLETE O O O O O O O O O O O O O O O O
2377,"ĠInitially Ġwhen ĠI Ġhad Ġthe Ġdiagnosis Ġit Ġwas Ġa Ġcase Ġof Ġtrying Ġto Ġget Ġfit Ġfor Ġthe ĠItaly Ġgame Ġnext Ġweek , Ġbut Ġfortunately Ġmy Ġrecovery Ġhas Ġbeen Ġa Ġlot Ġquicker Ġthan Ġwe Ġall Ġhoped ,"" ĠWilliams Ġtold ĠBBC ĠSport ĠWales . Ġ""",O O O O O O O O O O O O O O O O O O O O O O O O O O O O O O O O O O O O O O O O O O O,O O O O O O O O O O O O O O O O O O O O O O O O O O O O O O O O O O O O B-ATHLETE O O O O O O
2378,"ĠI Ġhaven 't Ġstarted Ġa Ġgame Ġsince Ġ1 ĠJanuary Ġand Ġwould Ġhave Ġpreferred Ġto Ġhave Ġa Ġcouple Ġof Ġgames Ġin Ġthe Ġlead - up Ġto Ġthis , Ġbut Ġthe Ġgood Ġthing Ġwith Ġthe Ġinjury Ġis Ġthat ĠI Ġhave Ġkept Ġup Ġmy Ġfitness Ġlevels . Ġ""",O O O O O O O O O O O O O O O O O O O O O O O O O O O O O O O O O O O O O O O O O O O O O,O O O O O O O O O O O O O O O O O O O O O O O O O O O O O O O O O O O O O O O O O O O O O
2379,"ĠI Ġfeel Ġquite Ġfresh Ġand ĠI Ġjust Ġcan 't Ġwait Ġto Ġplay Ġagain .""",O O O O O O O O O O O O O O,O O O O O O O O O O O O O O
2380,"ĠWilliams Ġsays Ġhe Ġexpects Ġa Ġtor rid Ġtime Ġfrom Ġan ĠEngland Ġloose - forward Ġtrio Ġof ĠLewis ĠMoody , ĠJoe ĠW ors ley Ġand ĠAndy ĠHaz ell . Ġ""",O O O O O O O O O O O O O O O O B-ATHLETE I-ATHLETE O B-ATHLETE I-ATHLETE I-ATHLETE I-ATHLETE O B-ATHLETE I-ATHLETE I-ATHLETE O O,B-PUBLIC-FIGURE O O O O O O O O O O O O O O O B-ATHLETE I-ATHLETE O B-ATHLETE I-ATHLETE I-ATHLETE I-ATHLETE O B-ATHLETE I-ATHLETE I-ATHLETE O O
2381,"ĠThey Ġare Ġthree Ġtop - class Ġplayers , Ġespecially ĠW ors ley Ġand ĠMoody .",O O O O O O O O O O O O O O O,O O O O O O O O O B-ATHLETE I-ATHLETE I-ATHLETE O B-ATHLETE O
2382,"ĠThey Ġhave Ġbeen Ġthere Ġand Ġdone Ġit ,"" ĠWilliams Ġadded . Ġ""",O O O O O O O O O O O O,O O O O O O O O B-ATHLETE O O O
2383,"ĠThey Ġwere Ġback - ups Ġbehind ĠRichard ĠHill , ĠNeil ĠBack Ġand ĠLawrence ĠD all ag lio , Ġbut Ġnow Ġthey Ġhave Ġcome Ġforward Ġand Ġproved Ġwhat Ġgood Ġplayers Ġthey Ġare Ġ- Ġthere Ġare Ġno Ġweaknesses Ġthere .""",O O O O O O B-ATHLETE I-ATHLETE O B-ATHLETE I-ATHLETE O B-ATHLETE I-ATHLETE I-ATHLETE I-ATHLETE I-ATHLETE O O O O O O O O O O O O O O O O O O O O O,O O O O O O B-ATHLETE I-ATHLETE O B-ATHLETE I-ATHLETE O B-ATHLETE I-ATHLETE I-ATHLETE I-ATHLETE I-ATHLETE O O O O O O O O O O O O O O O O O O O O O
2384,"ĠL us combe Ġgets Ġthe Ġnod Ġon Ġthe Ġwing Ġahead Ġof ĠDragons Ġteam - mate ĠKevin ĠMorgan , Ġwho Ġwins Ġa Ġplace Ġon Ġthe Ġbench Ġalongside Ġunc apped ĠBlues Ġprop ĠJohn ĠY app .",O O O O O O O O O O O O O O O B-ATHLETE I-ATHLETE O O O O O O O O O O O O O B-ATHLETE I-ATHLETE I-ATHLETE O,B-ATHLETE I-ATHLETE I-ATHLETE O O O O O O O O O O O O B-ATHLETE I-ATHLETE O O O O O O O O O O O O O B-ATHLETE I-ATHLETE I-ATHLETE O
2385,"Ġ Ċ Ċ G ĠThomas Ġ( T oul ouse Ġ( capt ); ĠH ĠL us combe Ġ( Dr agons ), ĠT ĠShank lin Ġ( Bl ues ), ĠG ĠH enson Ġ( O sp reys ), ĠS ĠWilliams Ġ( O sp reys ); ĠS ĠJones Ġ( C ler mont ĠAu ver g ne ), ĠD ĠPeel Ġ( Scar lets ); ĠG ĠJenkins Ġ( Bl ues ), ĠM ĠDavies Ġ( Gl ou cester ), ĠA ĠJones Ġ( O sp reys ), ĠB ĠCock b ain Ġ( O sp reys ), ĠR ĠSid oli Ġ( Bl ues ), ĠD ĠJones Ġ( Scar lets ), ĠM ĠWilliams Ġ( Bl ues ), ĠM ĠOwen Ġ( Dr agons ).",O O O B-ATHLETE I-ATHLETE O O O O O O O B-ATHLETE I-ATHLETE I-ATHLETE I-ATHLETE O O O O B-ATHLETE I-ATHLETE I-ATHLETE O O O O B-ATHLETE I-ATHLETE I-ATHLETE O O O O O B-ATHLETE I-ATHLETE O O O O O B-ATHLETE I-ATHLETE O O O O O O O O O B-ATHLETE I-ATHLETE O O O O B-ATHLETE I-ATHLETE O O O O O O O O O O O B-ATHLETE I-ATHLETE O O O O O B-ATHLETE I-ATHLETE I-ATHLETE I-ATHLETE O O O O O B-ATHLETE I-ATHLETE I-ATHLETE O O O O B-ATHLETE I-ATHLETE O O O O B-ATHLETE I-ATHLETE O O O O B-ATHLETE I-ATHLETE O O O O,O O O B-ATHLETE I-ATHLETE O O O O O O O B-ATHLETE I-ATHLETE I-ATHLETE I-ATHLETE O O O O B-ATHLETE I-ATHLETE I-ATHLETE O O O O B-ATHLETE I-ATHLETE I-ATHLETE O O O O O B-ATHLETE I-ATHLETE O O O O O B-ATHLETE I-ATHLETE O O O O O O O O O B-ATHLETE I-ATHLETE O O O O B-ATHLETE I-ATHLETE O O O O B-ATHLETE I-ATHLETE O O O O O B-ATHLETE I-ATHLETE O O O O O B-ATHLETE I-ATHLETE I-ATHLETE I-ATHLETE O O O O O B-ATHLETE I-ATHLETE I-ATHLETE O O O O B-ATHLETE I-ATHLETE O O O O B-ATHLETE I-ATHLETE O O O O B-ATHLETE I-ATHLETE O O O O
2386,"Ġ Ċ Ċ R ĠMc B ry de Ġ( Scar lets ), ĠJ ĠY app Ġ( Bl ues ), ĠJ ĠThomas Ġ( O sp reys ), ĠR ĠJones Ġ( O sp reys ), ĠG ĠCooper Ġ( Dr agons ), ĠC ĠSweeney Ġ( Dr agons ), ĠK ĠMorgan Ġ( Dr agons ).",O O O B-ATHLETE I-ATHLETE I-ATHLETE I-ATHLETE I-ATHLETE O O O O B-ATHLETE I-ATHLETE I-ATHLETE O O O O B-ATHLETE I-ATHLETE O O O O O B-ATHLETE I-ATHLETE O O O O O B-ATHLETE I-ATHLETE O O O O B-ATHLETE I-ATHLETE O O O O B-ATHLETE I-ATHLETE O O O O,O O O B-ATHLETE I-ATHLETE I-ATHLETE I-ATHLETE I-ATHLETE O O O O B-ATHLETE I-ATHLETE I-ATHLETE O O O O B-ATHLETE I-ATHLETE O O O O O B-ATHLETE I-ATHLETE O O O O O B-ATHLETE I-ATHLETE O O O O B-ATHLETE I-ATHLETE O O O O B-ATHLETE I-ATHLETE O O O O
2387,ĠDawson Ġwins ĠEngland Ġsquad Ġrecall Ċ Ċ Was ps Ġscr um - half ĠMatt ĠDawson Ġhas Ġbeen Ġrecalled Ġto ĠEngland 's Ġtraining Ġsquad Ġahead Ġof Ġthe ĠR BS ĠSix ĠNations Ġand Ġbeen Ġreinstated Ġin Ġthe ĠElite ĠPlayer ĠSquad .,O O O O O O O O O O O O O B-ATHLETE I-ATHLETE O O O O O O O O O O O O O O O O O O O O O O O O,B-ATHLETE O O O O O O O O O O O O B-ATHLETE I-ATHLETE O O O O O O O O O O O O O O O O O O O O O O O O
2388,"Ġ Ċ Ċ Coach ĠAndy ĠRobinson Ġdropped ĠDawson Ġfor Ġthe Ġautumn ĠTests Ġafter Ġhe Ġmissed Ġtraining Ġto Ġfilm Ġ' A ĠQuestion Ġof ĠSport .' Ġ""",O O O O B-ATHLETE I-ATHLETE O O O O O O O O O O O O O O O O O O O,O O O O B-ATHLETE I-ATHLETE O B-ACTOR-DIRECTOR O O O O O O O O O O O O O O O O O
2389,"ĠI Ġalways Ġsaid ĠI Ġwould Ġconsider Ġbringing ĠMatt Ġback Ġif ĠI Ġfelt Ġhe Ġwas Ġplaying Ġwell ,"" ĠRobinson Ġsaid . Ġ""",O O O O O O O O O O O O O O O O O O O O O,O O O O O O O B-ATHLETE O O O O O O O O O B-PUBLIC-FIGURE O O O
2390,"ĠHe Ġmerits Ġhis Ġreturn Ġon Ġcurrent Ġform .""",O O O O O O O O,O O O O O O O O
2391,"ĠNewcastle 's Ġ18 - year - old Ġcentre ĠMat hew ĠT ait Ġis Ġalso Ġin Ġthe Ġtraining Ġsquad . Ġ""",O O O O O O O O B-ATHLETE I-ATHLETE I-ATHLETE I-ATHLETE O O O O O O O O,O O O O O O O O B-ATHLETE I-ATHLETE I-ATHLETE I-ATHLETE O O O O O O O O
2392,"ĠIt 's Ġobviously Ġan Ġhonour Ġto Ġbe Ġasked Ġto Ġtrain Ġwith ĠEngland ,"" Ġsaid ĠT ait , Ġwho Ġhas Ġburst Ġinto Ġcontention Ġrecently . Ġ""",O O O O O O O O O O O O O O O O O O O O O O O O O,O O O O O O O O O O O O O O B-ATHLETE I-ATHLETE O O O O O O O O O
2393,"ĠI Ġlook Ġforward Ġto Ġgoing Ġdown Ġand Ġdoing Ġthe Ġsessions , Ġbut Ġthe Ġmost Ġimportant Ġthing Ġat Ġthe Ġmoment Ġis ĠSunday 's Ġgame Ġagainst ĠNewport , Ġso ĠI 'm Ġnot Ġlooking Ġany Ġfurther Ġthan Ġthat .""",O O O O O O O O O O O O O O O O O O O O O O O O O O O O O O O O O O O O,O O O O O O O O O O O O O O O O O O O O O O O O O O O O O O O O O O O O
2394,"ĠRobinson Ġhas Ġinvited Ġ42 Ġplayers Ġto Ġattend Ġa Ġthree - day Ġsession Ġin ĠLeeds Ġnext Ġweek , Ġin Ġwhich Ġhis Ġsquad Ġwill Ġtrain Ġin Ġpart Ġwith Ġthe ĠLeeds ĠRh inos Ġrugby Ġleague Ġsquad .",O O O O O O O O O O O O O O O O O O O O O O O O O O O O O O O O O O,B-PUBLIC-FIGURE O O O O O O O O O O O O O O O O O O O O O O O O O O O O O O O O O
2395,"Ġ Ċ Ċ With ĠMike ĠT ind all Ġruled Ġout Ġof Ġthe Ġopening Ġtwo Ġmatches Ġand ĠWill ĠGreenwood Ġsidelined Ġfor Ġthe Ġentire ĠSix ĠNations , ĠT ait Ġis Ġone Ġof Ġsix Ġor Ġseven Ġcontenders Ġfor Ġthe Ġtwo Ġcentre Ġber ths .",O O O O B-ATHLETE I-ATHLETE I-ATHLETE I-ATHLETE O O O O O O O O B-ATHLETE I-ATHLETE O O O O O O O O O O O O O O O O O O O O O O O,O O O O B-ATHLETE I-ATHLETE I-ATHLETE I-ATHLETE O O O O O O O O B-ATHLETE I-ATHLETE O O O O O O O B-ATHLETE I-ATHLETE O O O O O O O O O O O O O O
2396,"ĠStuart ĠAbbott , ĠJamie ĠNoon , ĠO ll ie ĠSmith , ĠO lly ĠBarkley Ġand ĠHenry ĠPaul Ġ- Ġwho Ġretains Ġhis Ġplace Ġdespite Ġhis Ġearly Ġsubstitution Ġagainst ĠAustralia Ġ- Ġare Ġalso Ġin Ġthe Ġmix .",B-ATHLETE I-ATHLETE O B-ATHLETE I-ATHLETE O B-ATHLETE I-ATHLETE I-ATHLETE I-ATHLETE O B-ATHLETE I-ATHLETE I-ATHLETE O B-ATHLETE I-ATHLETE O O O O O O O O O O O O O O O O O O,B-ATHLETE I-ATHLETE O B-ATHLETE I-ATHLETE O B-ATHLETE I-ATHLETE I-ATHLETE I-ATHLETE O B-ATHLETE I-ATHLETE I-ATHLETE O B-ATHLETE I-ATHLETE O O O O O O O O O O O O O O O O O O
2397,ĠBen ĠCohen Ġcould Ġalso Ġbe Ġconsidered Ġafter Ġswitching Ġfrom Ġthe Ġwing Ġfor Ġhis Ġclub ĠNorth ampton Ġrecently .,B-ATHLETE I-ATHLETE O O O O O O O O O O O O O O O O,B-ATHLETE I-ATHLETE O O O O O O O O O O O O O O O O
2398,"ĠProp ĠPhil ĠVick ery Ġand Ġlock ĠSimon ĠShaw Ġboth Ġreturn Ġto Ġthe Ġsquad Ġafter Ġmissing Ġthe Ġautumn ĠTests Ġthrough Ġinjury , Ġwhile ĠWas ps Ġwing ĠTom ĠVoy ce Ġis Ġrecalled .",O B-ATHLETE I-ATHLETE I-ATHLETE O O B-ATHLETE I-ATHLETE O O O O O O O O O O O O O O O O O B-ATHLETE I-ATHLETE I-ATHLETE O O O,O B-ATHLETE I-ATHLETE I-ATHLETE O O B-ATHLETE I-ATHLETE O O O O O O O O O O O O O O O O O B-ATHLETE I-ATHLETE I-ATHLETE O O O
2399,"ĠThe Ġgroup Ġalso Ġincludes ĠBath Ġflank er ĠAndy ĠBe att ie Ġand ĠLeicester Ġhook er ĠGeorge ĠCh uter . Ġ""",O O O O O O O B-ATHLETE I-ATHLETE I-ATHLETE I-ATHLETE O O O O B-ATHLETE I-ATHLETE I-ATHLETE O O,O O O O O O O B-ATHLETE I-ATHLETE I-ATHLETE I-ATHLETE O O O O B-ATHLETE I-ATHLETE I-ATHLETE O O
2400,"ĠBe att ie Ġhas Ġmatured Ġgreatly Ġas Ġa Ġplayer Ġthese Ġpast Ġtwo Ġseasons ,"" ĠRobinson Ġsaid .",O O O O O O O O O O O O O O O O O,B-ATHLETE I-ATHLETE I-ATHLETE O O O O O O O O O O O B-ATHLETE O O
2401,"ĠJon ny ĠWilkinson , ĠT ind all Ġand ĠMartin ĠCor ry Ġhave Ġall Ġbeen Ġincluded Ġdespite Ġtheir Ġun availability Ġfor Ġthe Ġopening Ġtwo Ġmatches Ġagainst ĠWales Ġand ĠFrance .",B-ATHLETE I-ATHLETE I-ATHLETE O O O O O B-ATHLETE I-ATHLETE I-ATHLETE O O O O O O O O O O O O O O O O O O,B-ATHLETE I-ATHLETE I-ATHLETE O B-ATHLETE I-ATHLETE I-ATHLETE O B-ATHLETE I-ATHLETE I-ATHLETE O O O O O O O O O O O O O O O O O O
2402,"Ġ Ċ Ċ The Ġrevised Ġ56 - man Ġelite Ġsquad Ġincludes ĠWas ps Ġhook er ĠPhil ĠGreen ing , Ġwho Ġreplaces Ġthe Ġretired ĠMark ĠRe gan , Ġand ĠSale Ġwing ĠMark ĠCu eto .",O O O O O O O O O O O O O O O B-ATHLETE I-ATHLETE I-ATHLETE O O O O O B-ATHLETE I-ATHLETE I-ATHLETE O O O O B-ATHLETE I-ATHLETE I-ATHLETE O,O O O O O O O O O O O O O O O B-ATHLETE I-ATHLETE I-ATHLETE O O O O O B-ATHLETE I-ATHLETE I-ATHLETE O O O O B-ATHLETE I-ATHLETE I-ATHLETE O
2403,"ĠCu eto Ġwas Ġselected Ġfor Ġthe ĠNovember Ġinternational s Ġdespite Ġnot Ġbeing Ġpart Ġof Ġthe Ġgroup , Ġbut Ġscored Ġfour Ġtries Ġin Ġthree ĠEngland Ġappearances .",O O O O O O O O O O O O O O O O O O O O O O O O O O,B-ATHLETE I-ATHLETE O O O O O O O O O O O O O O O O O O O O O O O O
2404,"ĠLeicester Ġscr um - half ĠHarry ĠEllis Ġhas Ġalso Ġbeen Ġpromoted Ġfrom Ġthe Ġsenior Ġnational Ġacademy , Ġand Ġwill Ġcontest Ġthe Ġnumber Ġnine Ġjersey Ġwith ĠDawson Ġand ĠGlou cester 's ĠAndy ĠG om ars all .",O O O O O B-ATHLETE I-ATHLETE O O O O O O O O O O O O O O O O O O O O O O O B-ATHLETE I-ATHLETE I-ATHLETE I-ATHLETE I-ATHLETE O,O O O O O B-ATHLETE I-ATHLETE O O O O O O O O O O O O O O O O O O B-ATHLETE O O O O B-ATHLETE I-ATHLETE I-ATHLETE I-ATHLETE I-ATHLETE O
2405,ĠThe Ġplayers Ġin ĠRobinson 's Ġelite Ġsquad Ġcan Ġonly Ġplay Ġ32 Ġmatches Ġfor Ġclub Ġand Ġcountry .,O O O O O O O O O O O O O O O O O,O O O B-ATHLETE O O O O O O O O O O O O O
2406,ĠThey Ġcan Ġbe Ġcalled Ġup Ġfor Ġa Ġtotal Ġof Ġ16 Ġtraining Ġdays Ġin Ġaddition Ġto Ġthe Ġrecognised Ġinternational Ġweeks Ġfor Ġeach Ġof Ġthe Ġyears Ġleading Ġup Ġto Ġthe Ġnext ĠWorld ĠCup .,O O O O O O O O O O O O O O O O O O O O O O O O O O O O O O O O,O O O O O O O O O O O O O O O O O O O O O O O O O O O O O O O O
2407,"Ġ Ċ Ċ B alsh aw , ĠCohen , ĠCu eto , ĠLew sey , ĠRobinson , ĠSimpson - Daniel , ĠVoy ce , ĠAbbott , ĠNoon , ĠPaul , ĠSmith , ĠT ait , ĠT ind all , ĠBarkley , ĠHodg son , ĠKing , ĠWilkinson , ĠDawson , ĠEllis , ĠG om ars all .",O O O O O O O O O O O O O O O O O O O O O O O O O O O O O O O O O O O O O O O O O O O O O O O O O O O O O O O O O,O O O B-ATHLETE I-ATHLETE I-ATHLETE O B-ATHLETE O B-ATHLETE I-ATHLETE O B-ATHLETE I-ATHLETE O B-ATHLETE O B-ATHLETE I-ATHLETE I-ATHLETE O B-ATHLETE I-ATHLETE O B-ATHLETE O B-ATHLETE O B-ATHLETE O B-ATHLETE O B-ATHLETE I-ATHLETE O B-ATHLETE I-ATHLETE I-ATHLETE O B-ATHLETE O B-ATHLETE I-ATHLETE O B-ATHLETE O B-ATHLETE O B-ATHLETE O B-ATHLETE O B-ATHLETE I-ATHLETE I-ATHLETE I-ATHLETE O
2408,"Ġ Ċ Ċ Ch uter , ĠThompson , ĠT itter rell , ĠR ownt ree , ĠSheridan , ĠStevens , ĠVick ery , ĠWhite , ĠB orth wick , ĠBrown , ĠL ĠDe acon , ĠG rew cock , ĠKay , ĠShaw , ĠBe att ie , ĠCor ry , ĠFor re ster , ĠHaz ell , ĠJones , ĠMoody , ĠV y v yan , ĠJ ĠW ors ley .",O O O O O O O O O O O O O O O O O O O O O O O O O O O O O O O O O O O O O O O O O O O O O O O O O O O O O O O O O O O O O O O O O O O O O O O,O O O B-ATHLETE I-ATHLETE O B-ATHLETE O B-ATHLETE I-ATHLETE I-ATHLETE O B-ATHLETE I-ATHLETE I-ATHLETE O B-ATHLETE O B-ATHLETE O B-ATHLETE I-ATHLETE O B-ATHLETE O B-ATHLETE I-ATHLETE I-ATHLETE O B-ATHLETE O B-ATHLETE I-ATHLETE I-ATHLETE O B-ATHLETE I-ATHLETE I-ATHLETE O B-ATHLETE O B-ATHLETE O B-ATHLETE I-ATHLETE I-ATHLETE O B-ATHLETE I-ATHLETE O B-ATHLETE I-ATHLETE I-ATHLETE O B-ATHLETE I-ATHLETE O B-ATHLETE O B-ATHLETE O B-ATHLETE I-ATHLETE I-ATHLETE I-ATHLETE O B-ATHLETE I-ATHLETE I-ATHLETE I-ATHLETE O
2409,"Ġ Ċ Ċ Ab bott , ĠB alsh aw , ĠB orth wick , ĠA ĠBrown , ĠCh uter , ĠCohen , ĠCor ry , ĠCu eto , ĠDawson , ĠEllis , ĠFlat man , ĠG om ars all , ĠGreen ing , ĠGreenwood , ĠG rew cock , ĠHaz ell , ĠHill , ĠHodg son , ĠKay , ĠKing , ĠLew sey , ĠMoody , ĠNoon , ĠPaul , ĠRobinson , ĠR ownt ree , ĠShaw , ĠSimpson - Daniel , ĠThompson , ĠT ind all , ĠT itter rell , ĠVick ery , ĠV y v yan , ĠWhite , ĠWilkinson , ĠJ ĠW ors ley , ĠM ĠW ors ley .",O O O O O O O O O O O O O O O O O O O O O O O O O O O O O O O O O O O O O O O O O O O O O O O O O O O O O O O O O O O O O O O O O O O O O O O O O O O O O O O O O O O O O O O O O O O O O O O O O O O O O O O O O O O O O O O O O O,O O O B-ATHLETE I-ATHLETE O B-ATHLETE I-ATHLETE I-ATHLETE O B-ATHLETE I-ATHLETE I-ATHLETE O B-ATHLETE I-ATHLETE O B-ATHLETE I-ATHLETE O B-ATHLETE O B-ATHLETE I-ATHLETE O B-ATHLETE I-ATHLETE O B-ATHLETE O B-ATHLETE O B-ATHLETE I-ATHLETE O B-ATHLETE I-ATHLETE I-ATHLETE I-ATHLETE O B-ATHLETE I-ATHLETE O B-ATHLETE O B-ATHLETE I-ATHLETE I-ATHLETE O B-ATHLETE I-ATHLETE O B-ATHLETE O B-ATHLETE I-ATHLETE O B-ATHLETE O B-ATHLETE O B-ATHLETE I-ATHLETE O B-ATHLETE O B-ATHLETE O B-ATHLETE O B-ATHLETE O B-ATHLETE I-ATHLETE I-ATHLETE O B-ATHLETE O B-ATHLETE I-ATHLETE I-ATHLETE O B-ATHLETE O B-ATHLETE I-ATHLETE I-ATHLETE O B-ATHLETE I-ATHLETE I-ATHLETE O B-ATHLETE I-ATHLETE O B-ATHLETE I-ATHLETE I-ATHLETE I-ATHLETE O B-ATHLETE O B-ATHLETE O B-ATHLETE I-ATHLETE I-ATHLETE I-ATHLETE O B-ATHLETE I-ATHLETE I-ATHLETE I-ATHLETE O
2410,"Ġ Ċ Ċ B ark ley , ĠBe att ie , ĠChrist ophers , ĠL ĠDe acon , ĠFor re ster , ĠC ĠJones , ĠPalmer , ĠRe es , ĠSheridan , ĠSkinner , ĠSmith , ĠStevens , ĠT ait , ĠVoy ce .",O O O O O O O O O O O O O O O O O O O O O O O O O O O O O O O O O O O O O O O O O O O O,O O O B-ATHLETE I-ATHLETE I-ATHLETE O B-ATHLETE I-ATHLETE I-ATHLETE O B-ATHLETE I-ATHLETE O B-ATHLETE I-ATHLETE I-ATHLETE O B-ATHLETE I-ATHLETE I-ATHLETE O B-ATHLETE I-ATHLETE O B-ATHLETE O B-ATHLETE I-ATHLETE O B-ATHLETE O B-ATHLETE O B-ATHLETE O B-ATHLETE O B-ATHLETE I-ATHLETE O B-ATHLETE I-ATHLETE O
2411,"Ġ Ċ Ċ D ow son , ĠH augh ton , ĠM ony e , ĠRo ques , ĠP ĠSand erson .",O O O O O O O O O O O O O O O O O O O O O O,O O O B-ATHLETE I-ATHLETE I-ATHLETE O B-ATHLETE I-ATHLETE I-ATHLETE O B-ATHLETE I-ATHLETE I-ATHLETE O B-ATHLETE I-ATHLETE O B-ATHLETE I-ATHLETE I-ATHLETE O
2412,ĠG iggs Ġhanded ĠWales Ġleading Ġrole Ċ Ċ Ryan ĠG iggs Ġwill Ġcaptain ĠWales Ġas Ġhe Ġwins Ġhis Ġ50 th Ġcap Ġin ĠWednesday 's Ġfriendly Ġagainst ĠHungary Ġin ĠCardiff .,O O O O O O O O B-ATHLETE I-ATHLETE I-ATHLETE O O O O O O O O O O O O O O O O O O O,B-ATHLETE I-ATHLETE O O O O O O B-ATHLETE I-ATHLETE I-ATHLETE O O O O O O O O O O O O O O O O O O O
2413,"Ġ Ċ Ċ John ĠTosh ack , Ġin Ġhis Ġfirst Ġgame Ġas Ġcoach Ġafter Ġsucceeding ĠMark ĠHughes , Ġadmits Ġhe Ġis Ġsurprised Ġthat ĠG iggs Ġhas Ġonly Ġjust Ġreached Ġthe Ġlandmark . Ġ""",O O O B-ATHLETE I-ATHLETE I-ATHLETE O O O O O O O O O B-ATHLETE I-ATHLETE O O O O O O O O O O O O O O O O,O O O B-ATHLETE I-ATHLETE I-ATHLETE O O O O O O O O O B-ATHLETE I-ATHLETE O O O O O O B-ATHLETE I-ATHLETE O O O O O O O O
2414,"ĠWith Ġthe Ġgames Ġhe 's Ġplayed Ġfor ĠUnited , Ġproportion ately Ġit Ġdoesn 't Ġseem Ġthat Ġmany Ġfor ĠWales ,"" ĠTosh ack Ġsaid . Ġ""",O O O O O O O O O O O O O O O O O O O O O O O O O,O O O O O O O O O O O O O O O O O O O O B-PUBLIC-FIGURE I-PUBLIC-FIGURE O O O
2415,"ĠBut Ġhe 's Ġone Ġof Ġthe Ġgreatest Ġof Ġall ĠWelsh Ġinternational s Ġand Ġon Ġhis Ġ50 th Ġcap Ġit 's Ġappropriate Ġhe 's Ġcaptain .""",O O O O O O O O O O O O O O O O O O O O O O O O O,O O O O O O O O O O O O O O O O O O O O O O O O O
2416,"ĠG iggs Ġadmits Ġhe Ġhad Ġbriefly Ġconsidered Ġretirement Ġfrom Ġthe Ġinternational Ġgame , Ġbut Ġis Ġnow Ġtarget ting Ġplaying Ġfor ĠWales Ġin Ġthe Ġ2008 ĠEuropean ĠChampionships .",O O O O O O O O O O O O O O O O O O O O O O O O O O O,B-ATHLETE I-ATHLETE O O O O O O O O O O O O O O O O O O O O O O O O O
2417,"ĠThe ĠManchester ĠUnited Ġwing Ġrevealed Ġhow Ġclub Ġmanager ĠSir ĠAlex ĠFerguson Ġtalked Ġhim Ġinto Ġextending Ġhis ĠWales Ġcareer . Ġ""",O O O O O O O O B-ATHLETE I-ATHLETE I-ATHLETE O O O O O O O O O,O O O O O O O O B-BUSINESS-EXECUTIVE-MANAGER I-BUSINESS-EXECUTIVE-MANAGER I-BUSINESS-EXECUTIVE-MANAGER O O O O O O O O O
2418,"ĠI Ġbriefly Ġdiscussed Ġmy Ġinternational Ġfuture Ġwith ĠSir ĠAlex , Ġbut Ġhe Ġurged Ġme Ġto Ġcarry Ġon ,"" ĠG iggs Ġsaid . Ġ""",O O O O O O O O O O O O O O O O O O O O O O O,O O O O O O O O B-PUBLIC-FIGURE O O O O O O O O O B-ATHLETE I-ATHLETE O O O
2419,"ĠHe Ġfeels , Ġlike Ġmyself , Ġthat ĠI Ġhave Ġno Ġweight Ġproblems Ġand Ġkeep Ġmyself Ġfit , Ġso Ġin Ġthree Ġor Ġfour Ġyears ' Ġtime ĠI Ġwill Ġbe Ġable Ġto Ġplay Ġin Ġthe ĠEuropean Ġfinals Ġif Ġwe Ġget Ġthere . Ġ""",O O O O O O O O O O O O O O O O O O O O O O O O O O O O O O O O O O O O O O O O O,O O O O O O O O O O O O O O O O O O O O O O O O O O O O O O O O O O O O O O O O O
2420,"ĠThe Ġmanager Ġhas Ġalways Ġwanted Ġme Ġto Ġplay Ġfor Ġmy Ġclub Ġand Ġcountry Ġand Ġhe Ġwas Ġkeen Ġfor Ġme Ġto Ġcontinue Ġbecause ĠI Ġam Ġfit Ġenough .""",O O O O O O O O O O O O O O O O O O O O O O O O O O O,O O O O O O O O O O O O O O O O O O O O O O O O O O O
2421,Ġ Ċ Ċ G iggs Ġadmits Ġhe Ġwas Ġwa ver ing Ġand Ġconsidering Ġjoining Ġthe Ġlikes Ġof Ġformer ĠWales Ġsk ipper ĠGary ĠSpeed Ġand ĠUnited Ġteam - mate ĠPaul ĠSch oles Ġin Ġcommitting Ġthe Ġremaining Ġyears Ġof Ġhis Ġcareer Ġto Ġclub Ġfootball .,O O O O O O O O O O O O O O O O O O O O O B-ATHLETE I-ATHLETE O O O O O B-ATHLETE I-ATHLETE I-ATHLETE O O O O O O O O O O O O,O O O B-ATHLETE I-ATHLETE O O O O O O O O O O O O O O O O B-ATHLETE I-ATHLETE O O O O O B-ATHLETE I-ATHLETE I-ATHLETE O O O O O O O O O O O O
2422,ĠBut ĠG iggs Ġis Ġnow Ġfoc ussed Ġon Ġmaking Ġthe ĠTosh ack Ġera Ġeven Ġmore Ġsuccessful Ġthan Ġthe Ġtime ĠHughes Ġspent Ġat Ġthe Ġhelm .,O O O O O O O O O O O O O O O O O O O O O O O O O,O B-ATHLETE I-ATHLETE O O O O O O O B-PUBLIC-FIGURE I-PUBLIC-FIGURE O O O O O O O B-ATHLETE O O O O O
2423,"ĠThe ĠManchester ĠUnited Ġwinger Ġwon Ġhis Ġfirst Ġcap Ġas Ġa Ġ17 - year - old Ġin Ġ1991 , Ġan Ġaway Ġloss Ġto ĠGermany , Ġand Ġnow Ġfaces Ġhis Ġlandmark Ġappearance Ġat Ġthe Ġage Ġof Ġ31 .",O O O O O O O O O O O O O O O O O O O O O O O O O O O O O O O O O O O O,O O O O O O O O O O O O O O O O O O O O O O O O O O O O O O O O O O O O
2424,"ĠWith ĠG iggs Ġleading ĠWales Ġout Ġagainst ĠHungary , Ġthere Ġis Ġevery Ġchance Ġthat Ġhe Ġwill Ġbecome Ġthe Ġpermanent Ġsuccessor Ġto ĠSpeed .",O O O O O O O O O O O O O O O O O O O O O O O,O B-ATHLETE I-ATHLETE O O O O O O O O O O O O O O O O O O B-ATHLETE O
2425,"ĠHowever , ĠTosh ack Ġrefused Ġto Ġreveal Ġwhether Ġhe Ġsees ĠG iggs Ġas Ġa Ġlong - term Ġoption . Ġ""",O O O O O O O O O O O O O O O O O O O O,O O B-PUBLIC-FIGURE I-PUBLIC-FIGURE O O O O O O B-ATHLETE I-ATHLETE O O O O O O O O
2426,"ĠFor Ġthis Ġparticular Ġgame ĠI Ġthink Ġit Ġis Ġappropriate Ġthat ĠRyan ĠG iggs Ġwill Ġbe Ġcaptain , Ġit 's Ġhis Ġ50 th Ġcap Ġand Ġhe 's Ġknown Ġfor Ġsome Ġtime Ġabout Ġthat ,"" ĠTosh ack Ġsaid .",O O O O O O O O O O B-ATHLETE I-ATHLETE I-ATHLETE O O O O O O O O O O O O O O O O O O O O O O O O,O O O O O O O O O O B-ATHLETE I-ATHLETE I-ATHLETE O O O O O O O O O O O O O O O O O O O O B-PUBLIC-FIGURE I-PUBLIC-FIGURE O O
2427,"ĠOn ĠWednesday Ġnight ĠTosh ack Ġtakes Ġcharge Ġof Ġhis Ġfirst Ġmatch Ġsince Ġreplacing ĠHughes , Ġand ĠG iggs Ġsaid : Ġ"" It 's Ġmy Ġ50 th Ġcap Ġand ĠI Ġam Ġlooking Ġforward Ġto Ġit , Ġand ĠI Ġhope Ġto Ġplay Ġa Ġlot Ġmore Ġtimes Ġfrom Ġhere Ġon Ġin . Ġ""",O O O O O O O O O O O O O O O O O O O O O O O O O O O O O O O O O O O O O O O O O O O O O O O O O O,O O O B-ATHLETE I-ATHLETE O O O O O O O O B-ATHLETE O O B-ATHLETE I-ATHLETE O O O O O O O O O O O O O O O O O O O O O O O O O O O O O O O O
2428,"ĠIt 's Ġimportant Ġto Ġbe Ġhere , Ġall Ġthe Ġplayers Ġfeel Ġthe Ġsame .",O O O O O O O O O O O O O O,O O O O O O O O O O O O O O
2429,"ĠIt 's Ġa Ġnew Ġstart Ġand Ġall Ġthe Ġtop Ġplayers Ġcertainly Ġsee Ġit Ġas Ġimportant . Ġ""",O O O O O O O O O O O O O O O O O,O O O O O O O O O O O O O O O O O
2430,"ĠI Ġsee Ġmyself Ġleading Ġby Ġexample , Ġit Ġis Ġsomething ĠI Ġhave Ġtaken Ġon Ġfor ĠWales Ġas Ġwell Ġas ĠUnited Ġthese Ġpast Ġfew Ġseasons . Ġ""",O O O O O O O O O O O O O O O O O O O O O O O O O O,O O O O O O O O O O O O O O O O O O O O O O O O O O
2431,"ĠThe Ġway ĠJohn Ġis Ġlooking Ġat Ġthings , Ġhe Ġis Ġaiming Ġto Ġbuild Ġhis Ġside Ġaround Ġthe Ġexperienced Ġl ads Ġright Ġup Ġto Ġthe Ġnext Ġtournament , Ġthe ĠEuro Ġ2006 Ġevent . Ġ""",O O O O O O O O O O O O O O O O O O O O O O O O O O O O O O O O O,O O B-PUBLIC-FIGURE O O O O O O O O O O O O O O O O O O O O O O O O O O O O O O
2432,"ĠI Ġhave Ġtold ĠJohn ĠI Ġwill Ġbe Ġaround Ġfor Ġthe Ġnext ĠEuropean Ġtournament , Ġby Ġthen ĠI Ġwill Ġbe Ġ35 Ġso Ġhopefully ĠI Ġwill Ġstill Ġbe Ġokay . Ġ""",O O O O O O O O O O O O O O O O O O O O O O O O O O O O O,O O O B-PUBLIC-FIGURE O O O O O O O O O O O O O O O O O O O O O O O O O
2433,"ĠA Ġlot Ġcan Ġhappen , Ġbut ĠI 'm Ġhoping Ġto Ġbe Ġaround .""",O O O O O O O O O O O O O,O O O O O O O O O O O O O
2434,"ĠG iggs ' Ġown Ġpersonal Ġfuture Ġat ĠOld ĠTrafford Ġis Ġstill Ġup Ġin Ġthe Ġair Ġas Ġhe Ġhas Ġyet Ġto Ġreach Ġagreement Ġon Ġa Ġnew Ġcontract , Ġwith ĠManchester ĠUnited Ġoffering Ġone Ġextra Ġyear Ġand ĠG iggs Ġseeking Ġtwo . Ġ""",O O O O O O O O O O O O O O O O O O O O O O O O O O O O O O O O O O O O O O O O O,B-ATHLETE I-ATHLETE O O O O O O O O O O O O O O O O O O O O O O O O O O O O O O O O O B-ATHLETE I-ATHLETE O O O O
2435,"ĠI Ġhave Ġput Ġthe Ġcontract Ġthing Ġto Ġthe Ġback Ġof Ġmy Ġmind Ġat Ġthe Ġmoment ,"" Ġsaid ĠG iggs . Ġ""",O O O O O O O O O O O O O O O O O O O O O,O O O O O O O O O O O O O O O O O B-ATHLETE I-ATHLETE O O
2436,"ĠIt Ġis Ġan Ġimportant Ġperiod Ġfor Ġthe Ġclub Ġand ĠI Ġam Ġjust Ġconcentrated Ġon Ġthat . Ġ""",O O O O O O O O O O O O O O O O O,O O O O O O O O O O O O O O O O O
2437,"ĠI 've Ġheard Ġthe Ġsuggestions , Ġhopefully Ġthere Ġis Ġa Ġtwo - year Ġdeal Ġabout Ġto Ġbe Ġoffered Ġbecause Ġthat Ġis Ġwhat ĠI Ġam Ġlooking Ġfor , Ġto Ġget Ġit Ġsorted Ġout . Ġ""",O O O O O O O O O O O O O O O O O O O O O O O O O O O O O O O O O O,O O O O O O O O O O O O O O O O O O O O O O O O O O O O O O O O O O
2438,"ĠI 'm Ġenjoying Ġmy Ġfootball , Ġthe Ġway ĠUnited Ġhave Ġbeen Ġplaying Ġand Ġmy Ġown Ġform , Ġyou Ġhave Ġto Ġenjoy Ġit . Ġ""",O O O O O O O O O O O O O O O O O O O O O O O O,O O O O O O O O O O O O O O O O O O O O O O O O
2439,"ĠWe Ġhave Ġmassive Ġgames Ġcoming Ġup : ĠManchester ĠCity Ġthis Ġweek , Ġthen Ġthe ĠEverton Ġcup Ġtie , Ġfollowed Ġby ĠAC ĠMilan Ġin Ġthe ĠChampions ĠLeague , Ġand Ġmy Ġfirst ĠWales Ġgame Ġunder ĠJohn ĠTosh ack , Ġso Ġit 's Ġan Ġimportant Ġtime .""",O O O O O O O O O O O O O O O O O O O O O O O O O O O O O O O O O B-ATHLETE I-ATHLETE I-ATHLETE O O O O O O O O,O O O O O O O O O O O O O O O O O O O O O O O O O O O O O O O O O B-PUBLIC-FIGURE I-PUBLIC-FIGURE I-PUBLIC-FIGURE O O O O O O O O
2440,"ĠWhen Ġtechnology Ġgets Ġpersonal Ċ Ċ In Ġ2020 , Ġwhipping Ġout Ġyour Ġmobile Ġphone Ġto Ġmake Ġa Ġcall Ġwill Ġbe Ġquaint ly Ġpass & # 233 ; .",O O O O O O O O O O O O O O O O O O O O O O O O O O O O,O O O O O O O O O O O O O O O O O O O O O O O O O O O O
2441,"ĠBy Ġthen Ġphones Ġwill Ġbe Ġprinted Ġdirectly Ġon Ġto Ġwrists , Ġor Ġother Ġparts Ġof Ġthe Ġbody , Ġsays ĠIan ĠPearson , ĠBT 's Ġresident Ġfut uro log ist .",O O O O O O O O O O O O O O O O O O O B-AUTHOR-WRITER I-AUTHOR-WRITER O O O O O O O O O,O O O O O O O O O O O O O O O O O O O B-BUSINESS-EXECUTIVE-MANAGER I-BUSINESS-EXECUTIVE-MANAGER O O O O O O O O O
2442,"Ġ Ċ Ċ It 's Ġall Ġpart Ġof Ġwhat 's Ġknown Ġas Ġa Ġ"" per vasive Ġambient Ġworld "", Ġwhere Ġ"" ch ips Ġare Ġeverywhere "".",O O O O O O O O O O O O O O O O O O O O O O O O O O,O O O O O O O O O O O O O O O O O O O O O O O O O O
2443,ĠMr ĠPearson Ġdoes Ġnot Ġhave Ġa Ġcrystal Ġball .,O O O O O O O O O,O B-PUBLIC-FIGURE O O O O O O O
2444,"ĠHis Ġjob Ġis Ġto Ġformulate Ġideas Ġbased Ġon Ġwhat Ġscience Ġand Ġtechnology Ġare Ġdoing Ġnow , Ġto Ġguide Ġindustries Ġinto Ġthe Ġfuture .",O O O O O O O O O O O O O O O O O O O O O O O,O O O O O O O O O O O O O O O O O O O O O O O
2445,"ĠIn animate Ġobjects Ġwill Ġstart Ġto Ġinteract Ġwith Ġus : Ġwe Ġwill Ġbe Ġsurrounded Ġ- Ġon Ġstreets , Ġin Ġhomes , Ġin Ġappliances , Ġon Ġour Ġbodies Ġand Ġpossibly Ġin Ġour Ġheads Ġ- Ġby Ġthings Ġthat Ġ"" think "".",O O O O O O O O O O O O O O O O O O O O O O O O O O O O O O O O O O O O O O O,O O O O O O O O O O O O O O O O O O O O O O O O O O O O O O O O O O O O O O O
2446,ĠForget Ġlocal Ġarea Ġnetworks Ġ- Ġthese Ġwill Ġbe Ġbody Ġarea Ġnetworks .,O O O O O O O O O O O O,O O O O O O O O O O O O
2447,"ĠIdeas Ġabout Ġjust Ġhow Ġsmart , Ġsmall , Ġor Ġeven Ġinvisible , Ġtechnology Ġwill Ġget Ġare Ġalways Ġfloating Ġaround .",O O O O O O O O O O O O O O O O O O O O,O O O O O O O O O O O O O O O O O O O O
2448,ĠImages Ġof Ġdevices Ġcl ums ily Ġbolted Ġon Ġto Ġheads Ġor Ġwrists Ġhave Ġperv aded Ġthinking Ġabout Ġfuture Ġtechnology .,O O O O O O O O O O O O O O O O O O O O,O O O O O O O O O O O O O O O O O O O O
2449,"ĠBut Ġnow Ġa Ġnew Ġvision Ġis Ġsurf acing , Ġwhere Ġsmart Ġfabrics Ġand Ġtext iles Ġwill Ġbe Ġexploited Ġto Ġenhance Ġfunctionality , Ġform , Ġor Ġaesthetics .",O O O O O O O O O O O O O O O O O O O O O O O O O O O,O O O O O O O O O O O O O O O O O O O O O O O O O O O
2450,ĠSuch Ġmaterials Ġare Ġalready Ġstarting Ġto Ġchange Ġhow Ġgadgets Ġand Ġelectronics Ġare Ġused Ġand Ġdesigned .,O O O O O O O O O O O O O O O O,O O O O O O O O O O O O O O O O
2451,"Ġ Ċ Ċ So ĠMP 3 Ġplayers Ġ- Ġthe Ġmass Ġgadget Ġof Ġthe Ġmoment Ġ- Ġwill Ġdisappear Ġand Ġinstead Ġbecome Ġintegrated Ġinto Ġone 's Ġclothing , Ġsays ĠMr ĠPearson . Ġ""",O O O O O O O O O O O O O O O O O O O O O O O O O O O O O O O,O O O O O O O O O O O O O O O O O O O O O O O O O O O O B-BUSINESS-EXECUTIVE-MANAGER O O
2452,"ĠSo Ġthe Ġgadgets Ġthat Ġfill Ġup Ġyour Ġhand bag , Ġwhen Ġwe Ġintegrate Ġthose Ġinto Ġfabric , Ġwe Ġcan Ġactually Ġget Ġrid Ġof Ġall Ġthat Ġstuff .",O O O O O O O O O O O O O O O O O O O O O O O O O O O,O O O O O O O O O O O O O O O O O O O O O O O O O O O
2453,"ĠYou Ġwon 't Ġnecessarily Ġsee Ġthe Ġelectronics .""",O O O O O O O O,O O O O O O O O
2454,"ĠWear able Ġtechnology Ġcould Ġexploit Ġbody Ġheat Ġto Ġcharge Ġit Ġup , Ġwhile Ġ"" video Ġtattoos "", Ġor Ġintelligent Ġelectronic Ġcontact Ġlenses , Ġmight Ġfunction Ġas ĠTV Ġscreens Ġfor Ġthose Ġon Ġthe Ġmove .",O O O O O O O O O O O O O O O O O O O O O O O O O O O O O O O O O O,O O O O O O O O O O O O O O O O O O O O O O O O O O O O O O O O O O
2455,"ĠHowever , Ġthis Ġfuture Ġof Ġhighly Ġpersonal Ġdevices , Ġwhere Ġtechnology Ġis Ġworn , Ġor Ġeven Ġf uses Ġwith Ġthe Ġbody Ġitself , Ġraises Ġethical Ġquestions .",O O O O O O O O O O O O O O O O O O O O O O O O O O O,O O O O O O O O O O O O O O O O O O O O O O O O O O O
2456,"ĠIf Ġtechnology Ġis Ġgoing Ġto Ġbe Ġincreasingly Ġpart Ġof Ġclothing , Ġjew ellery , Ġand Ġskin , Ġthere Ġneeds Ġto Ġbe Ġsome Ġserious Ġthinking Ġabout Ġwhat Ġit Ġmeans Ġfor Ġus Ġas Ġhumans , Ġsays ĠBaron ess ĠSusan ĠGreen field .",O O O O O O O O O O O O O O O O O O O O O O O O O O O O O O O O O O B-PUBLIC-FIGURE I-PUBLIC-FIGURE I-PUBLIC-FIGURE I-PUBLIC-FIGURE I-PUBLIC-FIGURE O,O O O O O O O O O O O O O O O O O O O O O O O O O O O O O O O O O O O O B-POLITICIAN I-POLITICIAN I-POLITICIAN O
2457,"ĠAt Ġa Ġrecent Ġconference Ġfor Ġtechnology , Ġengineering , Ġacademic Ġand Ġfashion Ġindustry Ġexperts , Ġat Ġthe ĠRoyal ĠSociety Ġin ĠLondon , Ġneuro scient ist ĠBaron ess ĠGreen field Ġcautioned Ġwe Ġ"" can 't Ġjust Ġsleep walk Ġinto Ġthe Ġfuture "".",O O O O O O O O O O O O O O O O O O O O O O O O O B-PUBLIC-FIGURE I-PUBLIC-FIGURE I-PUBLIC-FIGURE I-PUBLIC-FIGURE O O O O O O O O O O O O,O O O O O O O O O O O O O O O O O O O O O O O O O O O B-PUBLIC-FIGURE I-PUBLIC-FIGURE O O O O O O O O O O O O
2458,Ġ Ċ Ċ Yet Ġthis Ġtechnology Ġis Ġalready Ġupon Ġus .,O O O O O O O O O O O,O O O O O O O O O O O
2459,ĠResearchers Ġhave Ġdeveloped Ġcomputers Ġand Ġsensors Ġworn Ġin Ġclothing .,O O O O O O O O O O,O O O O O O O O O O
2460,"ĠMP 3 Ġjackets , Ġbased Ġon Ġthe Ġidea Ġthat Ġelectr ically Ġconduct ive Ġfabric Ġcan Ġconnect Ġto Ġkeyboard Ġse wn Ġinto Ġsleeves , Ġhave Ġalready Ġappeared Ġin Ġshops .",O O O O O O O O O O O O O O O O O O O O O O O O O O O O O,O O O O O O O O O O O O O O O O O O O O O O O O O O O O O
2461,"Ġ Ċ Ċ These Ġ"" smart Ġfabrics "" Ġhave Ġcome Ġabout Ġthrough Ġadvances Ġin Ġnano - Ġand Ġmicro - engineering Ġ- Ġthe Ġability Ġto Ġmanipulate Ġand Ġexploit Ġmaterials Ġat Ġmicro Ġor Ġmolecular Ġscale .",O O O O O O O O O O O O O O O O O O O O O O O O O O O O O O O O O O,O O O O O O O O O O O O O O O O O O O O O O O O O O O O O O O O O O
2462,"ĠAt Ġthe Ġnan osc ale , Ġmaterials Ġcan Ġbe Ġ"" tun ed "" Ġto Ġdisplay Ġunusual Ġproperties Ġthat Ġcan Ġbe Ġexploited Ġto Ġbuild Ġfaster , Ġlighter , Ġstronger Ġand Ġmore Ġefficient Ġdevices Ġand Ġsystems .",O O O O O O O O O O O O O O O O O O O O O O O O O O O O O O O O O O O,O O O O O O O O O O O O O O O O O O O O O O O O O O O O O O O O O O O
2463,ĠThe Ġtextile Ġand Ġclothing Ġindustry Ġhas Ġbeen Ġone Ġof Ġthe Ġfirst Ġto Ġexploit Ġnan otechnology Ġin Ġquite Ġstraightforward Ġways .,O O O O O O O O O O O O O O O O O O O O,O O O O O O O O O O O O O O O O O O O O
2464,"ĠMany Ġdevelopments Ġare Ġappearing Ġin Ġreal Ġproducts Ġin Ġthe Ġfields Ġof Ġmedicine , Ġdefence , Ġhealthcare , Ġsports , Ġand Ġcommunications .",O O O O O O O O O O O O O O O O O O O O O O,O O O O O O O O O O O O O O O O O O O O O O
2465,ĠProfessional Ġswimming Ġsuits Ġreduce Ġdrag Ġby Ġincorporating Ġtiny Ġstructures Ġsimilar Ġto Ġshark Ġskin .,O O O O O O O O O O O O O O,O O O O O O O O O O O O O O
2466,ĠNan osc ale Ġtitanium Ġdioxide Ġ( Ti O 2 ) Ġcoat ings Ġgive Ġfabrics Ġantib acterial Ġand Ġanti - od our Ġproperties .,O O O O O O O O O O O O O O O O O O O O O O O,O O O O O O O O O O O O O O O O O O O O O O O
2467,ĠThese Ġhave Ġspecial Ġproperties Ġwhich Ġcan Ġbe Ġactivated Ġin Ġcontact Ġwith Ġthe Ġair Ġor ĠUV Ġlight .,O O O O O O O O O O O O O O O O O,O O O O O O O O O O O O O O O O O
2468,"ĠSuch Ġcoat ings Ġhave Ġalready Ġbeen Ġused Ġto Ġstop Ġsocks Ġsmelling Ġfor Ġinstance , Ġto Ġturn Ġairline Ġseats Ġinto Ġsuper Ġstain - resistant Ġsurfaces , Ġand Ġapplied Ġto Ġwindows Ġso Ġthey Ġclean Ġthemselves .",O O O O O O O O O O O O O O O O O O O O O O O O O O O O O O O O O O,O O O O O O O O O O O O O O O O O O O O O O O O O O O O O O O O O O
2469,ĠDress ings Ġfor Ġwounds Ġcan Ġnow Ġincorporate Ġnanop articles Ġwith Ġbi oc idal Ġproperties Ġand Ġsmart Ġpatches Ġare Ġbeing Ġdeveloped Ġto Ġdeliver Ġdrugs Ġthrough Ġthe Ġskin .,O O O O O O O O O O O O O O O O O O O O O O O O O O O,O O O O O O O O O O O O O O O O O O O O O O O O O O O
2470,ĠBut ĠBaron ess ĠGreen field Ġis Ġconcerned Ġabout Ġhow Ġfar Ġthis Ġmore Ġpersonal Ġcontact Ġwith Ġtechnology Ġmight Ġaffect Ġour Ġvery Ġbeing .,O B-PUBLIC-FIGURE I-PUBLIC-FIGURE I-PUBLIC-FIGURE I-PUBLIC-FIGURE O O O O O O O O O O O O O O O O O,O O O B-POLITICIAN I-POLITICIAN O O O O O O O O O O O O O O O O O
2471,"ĠIf Ġour Ġclothing , Ġskin , Ġand Ġ"" personal Ġbody Ġnetworks "" Ġdo Ġthe Ġtalking Ġand Ġthe Ġmonitoring , Ġeverywhere Ġwe Ġgo , Ġwe Ġhave Ġto Ġthink Ġabout Ġwhat Ġthat Ġmeans Ġfor Ġour Ġconcept Ġof Ġprivacy .",O O O O O O O O O O O O O O O O O O O O O O O O O O O O O O O O O O O O O,O O O O O O O O O O O O O O O O O O O O O O O O O O O O O O O O O O O O O
2472,"ĠMr ĠPearson Ġpicks Ġup Ġthe Ġtheme , Ġpointing Ġout Ġthere Ġare Ġa Ġlot Ġof Ġissues Ġhumans Ġhave Ġto Ġiron Ġout Ġbefore Ġwe Ġbecome Ġ"" cy borg ian "".",O O O O O O O O O O O O O O O O O O O O O O O O O O O O,O B-BUSINESS-EXECUTIVE-MANAGER O O O O O O O O O O O O O O O O O O O O O O O O O O
2473,"ĠHis Ġmain Ġconcern Ġis Ġ"" priv acy "". Ġ""",O O O O O O O O O,O O O O O O O O O
2474,"ĠWe Ġare Ġlooking Ġat Ġelectronics Ġwhich Ġare Ġreally Ġin Ġdeep Ġcontact Ġwith Ġyour Ġbody Ġand Ġa Ġlot Ġof Ġthat Ġinformation Ġyou Ġreally Ġdon 't Ġwant Ġevery Ġpasser - by Ġto Ġknow . Ġ""",O O O O O O O O O O O O O O O O O O O O O O O O O O O O O O O O O,O O O O O O O O O O O O O O O O O O O O O O O O O O O O O O O O O
2475,ĠSo Ġwe Ġhave Ġto Ġmake Ġsure Ġwe Ġbuild Ġsecurity Ġin Ġthis .,O O O O O O O O O O O O,O O O O O O O O O O O O
2476,"ĠIf Ġyou Ġare Ġwearing Ġsmart Ġmake - up , Ġwhere Ġelectronics Ġare Ġcontrolling Ġthe Ġappearance , Ġyou Ġdon 't Ġwant Ġpeople Ġhacking Ġin Ġand Ġwriting Ġmessages Ġon Ġyour Ġforehead .""",O O O O O O O O O O O O O O O O O O O O O O O O O O O O O O,O O O O O O O O O O O O O O O O O O O O O O O O O O O O O O
2477,"ĠAs Ġtechnology Ġinfiltr ates Ġour Ġbiology , Ġhow Ġwill Ġour Ġbrains Ġfunction Ġdifferently ? Ġ""",O O O O O O O O O O O O O O O,O O O O O O O O O O O O O O O
2478,"ĠWe Ġcannot Ġarrog antly Ġassume Ġthat Ġthe Ġhuman Ġbrain Ġwill Ġnot Ġchange Ġwith Ġthis ,"" Ġwarns ĠBaron ess ĠGreen field .",O O O O O O O O O O O O O O O O B-PUBLIC-FIGURE I-PUBLIC-FIGURE I-PUBLIC-FIGURE I-PUBLIC-FIGURE O,O O O O O O O O O O O O O O O O O O B-POLITICIAN I-POLITICIAN O
2479,ĠThere Ġhave Ġalready Ġbeen Ġsuccessful Ġexperiments Ġto Ġgrow Ġhuman Ġnerve Ġcells Ġon Ġcircuit Ġboards .,O O O O O O O O O O O O O O O,O O O O O O O O O O O O O O O
2480,ĠThis Ġp aves Ġthe Ġway Ġfor Ġbrain Ġimplants Ġto Ġhelp Ġpar alysed Ġpeople Ġinterface Ġdirectly Ġwith Ġcomputers .,O O O O O O O O O O O O O O O O O O,O O O O O O O O O O O O O O O O O O
2481,"ĠClearly , Ġthe Ġorganic , Ġcarbon Ġof Ġour Ġbodies Ġand Ġsilicon Ġis Ġincreasingly Ġmerging .",O O O O O O O O O O O O O O O,O O O O O O O O O O O O O O O
2482,"ĠThe Ġcy borg Ġ- Ġa Ġvery Ġfamiliar Ġpart - human , Ġpart - in organic Ġscience Ġfiction Ġand Ġacademic Ġidea Ġ- Ġis Ġon Ġits Ġway .",O O O O O O O O O O O O O O O O O O O O O O O O O O,O O O O O O O O O O O O O O O O O O O O O O O O O O
2483,ĠMusical Ġfuture Ġfor Ġphones Ċ Ċ An alyst ĠBill ĠThompson Ġhas Ġseen Ġthe Ġfuture Ġand Ġit Ġis Ġin Ġhis Ġson 's Ġhands .,O O O O O O O O B-AUTHOR-WRITER I-AUTHOR-WRITER O O O O O O O O O O O O O,O O O O O O O O B-MUSICIAN I-MUSICIAN O O O O O O O O O O O O O
2484,"Ġ Ċ Ċ I Ġbought Ġmy Ġson ĠMax Ġa Ġ3 G Ġphone , Ġpartly Ġbecause Ġthey Ġare Ġso Ġcheap Ġand Ġhe Ġneeded Ġa Ġphone , Ġand Ġpartly Ġbecause ĠI Ġam Ġsupposed Ġto Ġknow Ġabout Ġthe Ġlatest Ġtechnology Ġand Ġthought ĠI Ġshould Ġsee Ġhow Ġthey Ġwork Ġin Ġreal Ġlife .",O O O O O O O B-PUBLIC-FIGURE O O O O O O O O O O O O O O O O O O O O O O O O O O O O O O O O O O O O O O O O O,O O O O O O O B-PUBLIC-FIGURE O O O O O O O O O O O O O O O O O O O O O O O O O O O O O O O O O O O O O O O O O
2485,ĠAfter Ġusing Ġit Ġfor Ġa Ġwhile ĠI Ġam Ġnot Ġat Ġall Ġtempted Ġto Ġget Ġrid Ġof Ġmy ĠSony Eric sson ĠP 800 Ġsmart Ġphone .,O O O O O O O O O O O O O O O O O O O O O O O O O,O O O O O O O O O O O O O O O O O O O B-PUBLIC-FIGURE O O O O O
2486,"ĠThat Ġhas Ġa Ġrelatively Ġlarge Ġscreen , Ġeven Ġif Ġit Ġdoes Ġonly Ġhave Ġslower ĠG PR S Ġaccess Ġto Ġthe Ġnetwork .",O O O O O O O O O O O O O O O O O O O O O O,O O O O O O O O O O O O O O O O O O O O O O
2487,"ĠI Ġcan Ġread Ġmy Ġe - mail , Ġsurf Ġthe Ġweb Ġusing Ġa Ġproper Ġbrowser Ġand Ġwrite Ġstuff Ġusing Ġthe Ġstyl us Ġon Ġits Ġtouch Ġscreen .",O O O O O O O O O O O O O O O O O O O O O O O O O O O,O O O O O O O O O O O O O O O O O O O O O O O O O O O
2488,"ĠLast Ġweek Ġsomeone Ġe - mail ed Ġme Ġa Ġdocument Ġthat Ġhad Ġbeen Ġcompressed Ġinto Ġa ĠZIP Ġfile , Ġand ĠI Ġwas Ġpleasantly Ġsurprised Ġto Ġdiscover Ġthat Ġmy Ġphone Ġeven Ġknew Ġhow Ġto Ġdecomp ress Ġit Ġfor Ġme .",O O O O O O O O O O O O O O O O O O O O O O O O O O O O O O O O O O O O O O O,O O O O O O O O O O O O O O O O O O O O O O O O O O O O O O O O O O O O O O O
2489,"ĠBy Ġcontrast Ġthe Ġconfusing Ġmenus , Ġcomplicated Ġkeyboard Ġand Ġtruly Ġirritating Ġuser Ġinterface Ġof ĠMax 's Ġ3 G Ġphone Ġsimply Ġget Ġin Ġthe Ġway , Ġand ĠI Ġdid Ġnot Ġsee Ġmuch Ġvalue Ġin Ġthe Ġpaid - for Ġservices , Ġespecially Ġthe Ġlimited Ġweb Ġaccess .",O O O O O O O O O O O O O O B-PUBLIC-FIGURE O O O O O O O O O O O O O O O O O O O O O O O O O O O O O O,O O O O O O O O O O O O O O O O O O O O O O O O O O O O O O O O O O O O O O O O O O O O O
2490,"ĠThe Ġvideos Ġof Ġentertainment Ġnews , Ġhor osc opes Ġand Ġthe Ġlatest Ġcelebrity Ġgossip Ġdid Ġnot Ġappeal , Ġand ĠI Ġdid Ġnot Ġsee Ġhow Ġthe Ġsmall Ġscreen Ġcould Ġbe Ġuseful Ġfor Ġany Ġsort Ġof Ġimage , Ġnever Ġmind Ġmicro - TV .",O O O O O O O O O O O O O O O O O O O O O O O O O O O O O O O O O O O O O O O O O O,O O O O O O O O O O O O O O O O O O O O O O O O O O O O O O O O O O O O O O O O O O
2491,"Ġ Ċ Ċ But Ġthen ĠMax Ġstarted Ġplaying , Ġand ĠI Ġrealised ĠI Ġwas Ġmissing Ġthe Ġpoint Ġentirely .",O O O O O B-PUBLIC-FIGURE O O O O O O O O O O O O O,O O O O O B-ATHLETE O O O O O O O O O O O O O
2492,"Ġ Ċ Ċ It Ġis Ġcertainly Ġnot Ġa Ġgreat Ġoverall Ġexperience , Ġbut Ġthat Ġis Ġlargely Ġdue Ġto Ġthe Ġpoor Ġmenu Ġsystem Ġand Ġthe Ġphone Ġlayout : Ġthe Ġvideo Ġcontent Ġitself Ġis Ġcompelling .",O O O O O O O O O O O O O O O O O O O O O O O O O O O O O O O O O O,O O O O O O O O O O O O O O O O O O O O O O O O O O O O O O O O O O
2493,"ĠThe Ġquality Ġwas Ġat Ġleast Ġas Ġgood Ġas Ġthe Ġvideo Ġstreaming Ġfrom Ġthe ĠBBC Ġwebsite , Ġand Ġthe Ġimage Ġis Ġabout Ġthe Ġsame Ġsize .",O O O O O O O O O O O O O O O O O O O O O O O O O,O O O O O O O O O O O O O O O O O O O O O O O O O
2494,"ĠMax Ġwas Ġcompletely Ġcapt ivated , Ġand ĠI Ġwas Ġintrigued Ġto Ġdiscover Ġthat ĠI Ġhad Ġnearly Ġmissed Ġthe Ġnext Ġstage Ġof Ġthe Ġnetwork Ġrevolution .",B-PUBLIC-FIGURE O O O O O O O O O O O O O O O O O O O O O O O O,B-ATHLETE O O O O O O O O O O O O O O O O O O O O O O O O
2495,"ĠIt Ġis Ġeasy Ġto Ġbe Ġdismissive Ġof Ġsmall Ġscreens , Ġand Ġindeed Ġanyone Ġof Ġmy Ġgeneration , Ġwith Ġfailing Ġeyes ight Ġand Ġthe Ġview Ġthat Ġ' there 's Ġnever Ġanything Ġworth Ġwatching Ġon ĠTV ', Ġis Ġhardly Ġgoing Ġto Ġembrace Ġthese Ġphones .",O O O O O O O O O O O O O O O O O O O O O O O O O O O O O O O O O O O O O O O O O O O,O O O O O O O O O O O O O O O O O O O O O O O O O O O O O O O O O O O O O O O O O O O
2496,"ĠBut Ġjust Ġas Ġthe ĠWorld ĠWide ĠWeb Ġwas Ġthe Ġ"" killer Ġapplication "" Ġthat Ġdrove Ġinternet Ġadoption , Ġmusic Ġvideos Ġare Ġgoing Ġto Ġdrive Ġ3 G Ġadoption .",O O O O O O O O O O O O O O O O O O O O O O O O O O O O,O O O O O O O O O O O O O O O O O O O O O O O O O O O O
2497,"ĠWith ĠV od af one Ġnow Ġpushing Ġits Ġown Ġ3 G Ġservice , Ġand Ġ3 Ġalready Ġestablished Ġin Ġthe ĠUK , Ġvideo Ġon Ġthe Ġphone Ġis Ġclearly Ġgoing Ġto Ġbecome Ġa Ġmust - have Ġfor Ġkids Ġsitting Ġon Ġthe Ġschool Ġbus , Ġadults Ġwaiting Ġoutside Ġclubs Ġand Ġanyone Ġwho Ġhas Ġtime Ġto Ġkill Ġand Ġa Ġgroup Ġof Ġfriends Ġto Ġimpress .",O O O O O O O O O O O O O O O O O O O O O O O O O O O O O O O O O O O O O O O O O O O O O O O O O O O O O O O O O O O O O,O O O O O O O O O O O O O O O O O O O O O O O O O O O O O O O O O O O O O O O O O O O O O O O O O O O O O O O O O O O O O
2498,"Ġ Ċ Ċ This Ġwill Ġplease Ġthe Ġnetwork Ġoperators , Ġwho Ġare Ġlooking Ġfor Ġsome Ġrevenue Ġfrom Ġtheir Ġexpensive ly Ġacquired Ġ3 G Ġlicences .",O O O O O O O O O O O O O O O O O O O O O O O O O,O O O O O O O O O O O O O O O O O O O O O O O O O
2499,ĠBut Ġit Ġgoes Ġdeeper Ġthan Ġthat : Ġplaying Ġmusic Ġvideos Ġon Ġa Ġphone Ġmarks Ġthe Ġbeginning Ġof Ġa Ġmove Ġaway Ġfrom Ġthe Ġ' download Ġand Ġplay ' Ġmodel Ġwe Ġhave Ġall Ġaccepted Ġfor Ġour ĠiP ods Ġand ĠMP 3 Ġplayers .,O O O O O O O O O O O O O O O O O O O O O O O O O O O O O O O O O O O O O O O O O,O O O O O O O O O O O O O O O O O O O O O O O O O O O O O O O O O O O O O O O O O
2500,"ĠAfter Ġall , Ġwhy Ġshould ĠI Ġwant Ġto Ġcarry Ġ60 GB Ġof Ġmusic Ġand Ġpictures Ġaround Ġwith Ġme Ġin Ġmy Ġpocket Ġwhen ĠI Ġcan Ġsimply Ġlisten Ġto Ġanything ĠI Ġwant , Ġwhenever ĠI Ġwant , Ġstreamed Ġto Ġmy Ġphone ?",O O O O O O O O O O O O O O O O O O O O O O O O O O O O O O O O O O O O O O O O,O O O O O O O O O O O O O O O O O O O O O O O O O O O O O O O O O O O O O O O O
2501,"ĠOh Ġ- Ġand Ġof Ġcourse Ġyou Ġcan Ġalways Ġuse Ġthe Ġphone Ġto Ġmake Ġvoice Ġcalls Ġand Ġsend Ġtexts , Ġsomething Ġwhich Ġensures Ġthat Ġit Ġis Ġalways Ġin Ġsomeone 's Ġpocket Ġor Ġhand bag , Ġavailable Ġfor Ġother Ġuses Ġtoo .",O O O O O O O O O O O O O O O O O O O O O O O O O O O O O O O O O O O O O O O O,O O O O O O O O O O O O O O O O O O O O O O O O O O O O O O O O O O O O O O O O
2502,"ĠI Ġhave Ġnever Ġreally Ġapproved Ġof Ġusing Ġthe ĠInternet ĠProtocol Ġ( IP ), Ġto Ġdo Ġeither Ġaudio Ġor Ġvideo Ġstreaming , Ġand ĠI Ġthink Ġthat Ġtechnically Ġit Ġis Ġa Ġdisaster Ġto Ġmake Ġphone Ġcalls Ġover Ġthe Ġnet Ġusing Ġ"" voice Ġover ĠIP "".",O O O O O O O O O O O O O O O O O O O O O O O O O O O O O O O O O O O O O O O O O O O,O O O O O O O O O O O O O O O O O O O O O O O O O O O O O O O O O O O O O O O O O O O
2503,"Ġ Ċ Ċ But ĠI Ġhave Ġto Ġacknowledge Ġthat Ġthe Ġnet , Ġat Ġleast Ġhere Ġin Ġthe Ġdeveloped ĠWestern Ġcountries , Ġis Ġfast Ġand Ġreliable Ġenough Ġto Ġdo Ġboth .",O O O O O O O O O O O O O O O O O O O O O O O O O O O O O O,O O O O O O O O O O O O O O O O O O O O O O O O O O O O O O
2504,"Ġ Ċ Ċ I Ġstream Ġradio Ġto Ġmy Ġcomputer Ġwhile ĠI Ġwork , Ġand Ġenjoy Ġhearing Ġthe Ġbizarre Ġstations Ġfrom Ġaround Ġthe Ġworld Ġthat ĠI Ġcan Ġfind Ġonline Ġbut Ġnowhere Ġelse .",O O O O O O O O O O O O O O O O O O O O O O O O O O O O O O O O,O O O O O O O O O O O O O O O O O O O O O O O O O O O O O O O O
2505,"ĠI Ġam Ġeven Ġplaying Ġwith Ġinternet Ġtele phony , Ġdespite Ġmy Ġreservations , Ġand ĠI Ġappear Ġon ĠGo ĠDigital Ġon Ġthe ĠWorld ĠService , Ġstreamed Ġover Ġthe Ġweb Ġeach Ġweek .",O O O O O O O O O O O O O O O O O O O O O O O O O O O O O O O,O O O O O O O O O O O O O O O O O O O O O O O O O O O O O O O
2506,"ĠBut Ġ3 G Ġnetworks Ġhave Ġbeen Ġdesigned Ġto Ġdo Ġthis Ġsort Ġof Ġstreaming , Ġboth Ġfor Ġvoice Ġand Ġvideo , Ġwhich Ġgives Ġthem Ġan Ġedge Ġover Ġnet - based ĠIP Ġservices .",O O O O O O O O O O O O O O O O O O O O O O O O O O O O O O O O,O O O O O O O O O O O O O O O O O O O O O O O O O O O O O O O O
2507,"ĠThe Ġ3 G Ġservices Ġaren 't Ġquite Ġthere Ġyet , Ġand Ġthere Ġis Ġa Ġlot Ġto Ġbe Ġsorted Ġout Ġwhen Ġit Ġcomes Ġto Ġweb Ġaccess Ġand Ġdata Ġcharges .",O O O O O O O O O O O O O O O O O O O O O O O O O O O O O,O O O O O O O O O O O O O O O O O O O O O O O O O O O O O
2508,ĠV od af one Ġwill Ġlet Ġyou Ġaccess Ġits Ġservices Ġon ĠV od af one ĠLive !,O O O O O O O O O O O O O O O O O,O O O O O O O O O O O O O O O O O
2509,"Ġas Ġpart Ġof Ġyour Ġsubscription Ġcost Ġbut Ġit Ġmakes Ġyou Ġpay Ġby Ġthe Ġmeg abyte Ġto Ġdownload Ġfrom Ġother Ġsites Ġ- Ġthis Ġone , Ġfor Ġexample .",O O O O O O O O O O O O O O O O O O O O O O O O O O O,O O O O O O O O O O O O O O O O O O O O O O O O O O O
2510,"ĠThis Ġwill Ġnot Ġmatter Ġto Ġbusiness Ġusers , Ġbut Ġwill Ġdistort Ġthe Ġconsumer Ġmarket Ġand Ġkeep Ġpeople Ġwithin Ġthe Ġphone Ġcompany 's Ġcollection Ġof Ġpartner Ġsites , Ġsomething Ġthat Ġshould Ġperhaps Ġbe Ġworrying Ġtelecom s Ġregulator ĠOf com .",O O O O O O O O O O O O O O O O O O O O O O O O O O O O O O O O O O O O O O O,O O O O O O O O O O O O O O O O O O O O O O O O O O O O O O O O O O O O O O O
2511,ĠBut Ġwe Ġshould Ġnot Ġsee Ġthese Ġnew Ġphones Ġsimply Ġas Ġcut - down Ġnetwork Ġterminals .,O O O O O O O O O O O O O O O O,O O O O O O O O O O O O O O O O
2512,ĠIf ĠI Ġwant Ġfast Ġaccess Ġto Ġmy Ġe - mail ĠI Ġcan Ġget Ġa Ġ3 G Ġcard Ġfor Ġmy Ġlaptop Ġor Ġhook Ġup Ġto Ġa Ġwireless Ġnetwork .,O O O O O O O O O O O O O O O O O O O O O O O O O O O O,O O O O O O O O O O O O O O O O O O O O O O O O O O O O
2513,"ĠThe Ġphone Ġis Ġa Ġlot Ġmore , Ġand Ġit Ġis Ġas Ġa Ġcombination Ġof Ġmini - TV , Ġpersonal Ġcommunications Ġdevice Ġand Ġmusic / video Ġplayer Ġthat Ġit Ġreally Ġworks .",O O O O O O O O O O O O O O O O O O O O O O O O O O O O O O O,O O O O O O O O O O O O O O O O O O O O O O O O O O O O O O O
2514,"ĠThere Ġis Ġcertainly Ġroom Ġin Ġthe Ġtechnology Ġecosystem Ġfor Ġmany Ġdifferent Ġsorts Ġof Ġdevices , Ġaccessing Ġa Ġwide Ġrange Ġof Ġservices Ġover Ġdifferent Ġnetworks .",O O O O O O O O O O O O O O O O O O O O O O O O O,O O O O O O O O O O O O O O O O O O O O O O O O O
2515,"Ġ3 G Ġphones Ġand ĠiP ods Ġcan Ġco - exist , Ġat Ġleast Ġfor Ġa Ġwhile , Ġbut Ġif ĠI Ġhad Ġto Ġbet Ġon Ġthe Ġlong Ġterm ĠI Ġwould Ġgo Ġfor Ġcontent Ġon Ġdemand Ġover Ġcarrying Ġgig abytes Ġin Ġmy Ġpocket .",O O O O O O O O O O O O O O O O O O O O O O O O O O O O O O O O O O O O O O O O O O,O O O O O O O O O O O O O O O O O O O O O O O O O O O O O O O O O O O O O O O O O O
2516,ĠOr Ġperhaps Ġsome Ġenter prising Ġmanufacturer Ġwill Ġoffer Ġme Ġboth .,O O O O O O O O O O O,O O O O O O O O O O O
2517,"ĠAn ĠMP 3 G Ġplayer , Ġanyone ?",O O O O O O O O,O O O O O O O O
2518,Ġ Ċ Ċ Bill ĠThompson Ġis Ġa Ġregular Ġcommentator Ġon Ġthe ĠBBC ĠWorld ĠService Ġprogramme ĠGo ĠDigital .,O O O B-AUTHOR-WRITER I-AUTHOR-WRITER O O O O O O O O O O O O O,O O O B-AUTHOR-WRITER I-AUTHOR-WRITER O O O O O O O O O O O O O
2519,ĠWorld Ġtour Ġfor Ġtop Ġvideo Ġgamers Ċ Ċ Two ĠUK Ġgamers Ġare Ġabout Ġto Ġembark Ġon Ġa Ġworld Ġtour Ġas Ġpart Ġof Ġthe Ġmost Ġlucrative - ever Ġglobal Ġgames Ġtournament .,O O O O O O O O O O O O O O O O O O O O O O O O O O O O O O O,O O O O O O O O O O O O O O O O O O O O O O O O O O O O O O O
2520,Ġ Ċ Ċ Aaron ĠFoster Ġand ĠDavid ĠTre acy Ġhave Ġwon Ġthe Ġright Ġto Ġtake Ġpart Ġin Ġa Ġtournament Ġoffering Ġ$ 1 m Ġin Ġtotal Ġprize Ġmoney .,O O O B-PUBLIC-FIGURE I-PUBLIC-FIGURE O B-PUBLIC-FIGURE I-PUBLIC-FIGURE I-PUBLIC-FIGURE O O O O O O O O O O O O O O O O O O O,O O O B-PUBLIC-FIGURE I-PUBLIC-FIGURE O B-ATHLETE B-PUBLIC-FIGURE I-PUBLIC-FIGURE O O O O O O O O O O O O O O O O O O O
2521,ĠThe Ġcash Ġwill Ġbe Ġhanded Ġout Ġover Ġ10 Ġseparate Ġcompetitions Ġin Ġa Ġcontinent - ho pping Ġcontest Ġorganised Ġby Ġthe ĠCyber ath lete ĠProfessional ĠLeague .,O O O O O O O O O O O O O O O O O O O O O O O O O O,O O O O O O O O O O O O O O O O O O O O O O O O O O
2522,ĠAs Ġpart Ġof Ġtheir Ġprize Ġthe Ġpair Ġwill Ġhave Ġtheir Ġtravel Ġcosts Ġpaid Ġto Ġensure Ġthey Ġcan Ġget Ġto Ġthe Ġdifferent Ġbouts .,O O O O O O O O O O O O O O O O O O O O O O O,O O O O O O O O O O O O O O O O O O O O O O O
2523,Ġ Ċ Ċ The ĠC PL ĠWorld ĠTour Ġkicks Ġoff Ġin Ġmid - February Ġand Ġthe Ġfirst Ġleg Ġwill Ġbe Ġin ĠIstanbul .,O O O O O O O O O O O O O O O O O O O O O O O,O O O O O O O O O O O O O O O O O O O O O O O
2524,"ĠAll Ġten Ġbouts Ġof Ġthe Ġtournament Ġwill Ġbe Ġplayed Ġthroughout Ġ2005 , Ġeach Ġone Ġin Ġa Ġdifferent Ġcountry .",O O O O O O O O O O O O O O O O O O O,O O O O O O O O O O O O O O O O O O O
2525,"ĠAt Ġeach Ġstop Ġ$ 50 , 000 Ġin Ġprize Ġmoney Ġwill Ġbe Ġup Ġfor Ġgrabs .",O O O O O O O O O O O O O O O O,O O O O O O O O O O O O O O O O
2526,"ĠThe Ġtournament Ġchampion Ġfor Ġeach Ġleg Ġof Ġthe ĠC PL ĠWorld ĠTour Ġwill Ġwalk Ġaway Ġwith Ġa Ġ$ 15 , 000 Ġprize .",O O O O O O O O O O O O O O O O O O O O O O O,O O O O O O O O O O O O O O O O O O O O O O O
2527,"ĠThe Ġwinner Ġof Ġthe Ġgrand Ġfinal Ġwill Ġget Ġa Ġprize Ġpurse Ġof Ġ$ 150 , 000 Ġfrom Ġa Ġtotal Ġpot Ġof Ġ$ 500 , 000 .",O O O O O O O O O O O O O O O O O O O O O O O O O O,O O O O O O O O O O O O O O O O O O O O O O O O O O
2528,Ġ Ċ Ċ Win ners Ġof Ġeach Ġstage Ġof Ġthe Ġtour Ġautomatically Ġget Ġa Ġplace Ġat Ġthe Ġnext Ġstop .,O O O O O O O O O O O O O O O O O O O O,O O O O O O O O O O O O O O O O O O O O
2529,ĠThe Ġworld Ġtour Ġstops Ġare Ġopen Ġto Ġany Ġkeen Ġgamer Ġthat Ġregisters .,O O O O O O O O O O O O O,O O O O O O O O O O O O O
2530,ĠOnline Ġregistration Ġfor Ġthe Ġfirst Ġstop Ġopens Ġthis Ġweekend .,O O O O O O O O O O,O O O O O O O O O O
2531,ĠSome Ġpro - players Ġare Ġwinning Ġa Ġspot Ġat Ġthe Ġtour Ġdestinations Ġthrough Ġqualifying Ġevents Ġorganised Ġby ĠC PL Ġpartners .,O O O O O O O O O O O O O O O O O O O O O,O O O O O O O O O O O O O O O O O O O O O
2532,ĠWinners Ġat Ġthese Ġqualifiers Ġget Ġseeded Ġhigher Ġin Ġthe Ġelimination Ġparts Ġof Ġeach Ġtournament .,O O O O O O O O O O O O O O O,O O O O O O O O O O O O O O O
2533,ĠMr ĠFoster Ġand ĠMr ĠTre acy Ġget Ġthe Ġchance Ġto Ġattend Ġthe ĠWorld ĠTour Ġas Ġmembers Ġof Ġthe ĠUK 's ĠFour - Kings Ġgaming Ġclan .,O O O O O O O O O O O O O O O O O O O O O O O O O O,O B-PUBLIC-FIGURE O O B-POLITICIAN I-POLITICIAN O O O O O O O O O O O O O O O O O O O O
2534,ĠTowards Ġthe Ġend Ġof Ġ2004 ĠFour - Kings Ġstaged Ġa Ġseries Ġof Ġonline ĠPain killer Ġcompetitions Ġto Ġreveal Ġthe ĠUK 's Ġtop Ġplayers Ġof Ġthe ĠPC Ġgame .,O O O O O O O O O O O O O O O O O O O O O O O O O O O O,O O O O O O O O O O O O O O O O O O O O O O O O O O O O
2535,ĠThe Ġbest Ġeight Ġplayers Ġmet Ġface - to - face Ġin Ġa Ġspecial Ġelimination Ġevent Ġin Ġlate ĠDecember Ġwhere ĠMr ĠFoster Ġand ĠMr ĠTr acey Ġproved Ġtheir Ġprowess Ġat ĠPain killer .,O O O O O O O O O O O O O O O O O O O O O O O O O O O O O O O O,O O O O O O O O O O O O O O O O O O O O B-PUBLIC-FIGURE O O B-PUBLIC-FIGURE I-PUBLIC-FIGURE O O O O O O O
2536,"ĠAs Ġpart Ġof Ġtheir Ġprize Ġthe Ġpair Ġalso Ġget Ġa Ġcontract Ġwith ĠFour - Kings ĠIntel Ġwhich Ġis Ġone Ġof Ġthe ĠUK 's Ġfew Ġpro - gaming Ġteams . Ġ""",O O O O O O O O O O O O O O O O O O O O O O O O O O O O O O,O O O O O O O O O O O O O O O O O O O O O O O O O O O O O O
2537,"ĠThere Ġare Ġa Ġlot Ġof Ġpeople Ġwho Ġtake Ġgaming Ġvery Ġseriously Ġand Ġsupport Ġtheir Ġlocal Ġor Ġnational Ġteam Ġwith Ġthe Ġsame Ġpassion Ġas Ġany Ġother Ġsport ,"" Ġsaid ĠSimon ĠBy ss he Ġwho Ġfilmed Ġthe Ġevent Ġfor ĠFour - Kings Ġand ĠIntel .",O O O O O O O O O O O O O O O O O O O O O O O O O O O O B-PUBLIC-FIGURE I-PUBLIC-FIGURE I-PUBLIC-FIGURE I-PUBLIC-FIGURE O O O O O O O O O O O,O O O O O O O O O O O O O O O O O O O O O O O O O O O O B-PUBLIC-FIGURE I-PUBLIC-FIGURE I-PUBLIC-FIGURE I-PUBLIC-FIGURE O O O O O O O O O O O
2538,"ĠMore Ġthan Ġ80 , 000 Ġpeople Ġhave Ġdownloaded Ġthe Ġmovie Ġof Ġthe Ġtournament Ġhighlights . Ġ""",O O O O O O O O O O O O O O O O,O O O O O O O O O O O O O O O O
2539,"ĠProfessional Ġgaming Ġis Ġhere Ġto Ġstay Ġand Ġwill Ġonly Ġgrow Ġin Ġpopularity ,"" Ġhe Ġsaid .",O O O O O O O O O O O O O O O O,O O O O O O O O O O O O O O O O
2540,"ĠJackson Ġfilm Ġ' absolute Ġdisaster ' Ċ Ċ A ĠPR Ġexpert Ġhas Ġtold Ġthe ĠMichael ĠJackson Ġchild Ġabuse Ġtrial Ġthat Ġthe ĠTV Ġdocumentary Ġat Ġthe Ġheart Ġof Ġthe Ġcase Ġwas Ġan Ġ"" absolute Ġdisaster "".",O O O O O O O O O O O O O O B-MUSICIAN I-MUSICIAN O O O O O O O O O O O O O O O O O O O,B-ACTOR-DIRECTOR O O O O O O O O O O O O O O B-POLITICIAN O O O O O O O O O O O O O O O O O O O
2541,"Ġ Ċ Ċ Ann ĠK ite Ġtold Ġthe Ġcourt Ġin Ġthe ĠCaliforn ian Ġtown Ġof ĠSanta ĠMaria Ġshe Ġwas Ġhired Ġto Ġ"" c risis Ġmanage "" Ġthe Ġfallout Ġafter Ġthe Ġprogramme Ġhad Ġaired Ġin Ġ2003 .",O O O B-BUSINESS-EXECUTIVE-MANAGER I-BUSINESS-EXECUTIVE-MANAGER I-BUSINESS-EXECUTIVE-MANAGER O O O O O O O O O O O O O O O O O O O O O O O O O O O O O O,O O O B-ACTOR-DIRECTOR O B-ACTOR-DIRECTOR O O O O O O O O O O O O O O O O O O O O O O O O O O O O O O
2542,"ĠJur ors Ġsaw Ġthe Ġfilm , Ġin Ġwhich Ġthe Ġpop Ġstar Ġheld Ġhands Ġwith Ġthe Ġalleged Ġvictim , Ġon ĠTuesday .",O O O O O O O O O O O O O O O O O O O O O,B-ACTOR-DIRECTOR I-ACTOR-DIRECTOR O O O O O O O O O O O O O O O O O O O
2543,ĠMr ĠJackson Ġdenies Ġ10 Ġcharges Ġof Ġchild Ġabuse Ġand Ġfalse Ġimprisonment .,O O O O O O O O O O O O,O B-PUBLIC-FIGURE O O O O O O O O O O
2544,"ĠIf Ġconvicted , Ġhe Ġcould Ġface Ġup Ġto Ġ21 Ġyears Ġin Ġprison .",O O O O O O O O O O O O O,O O O O O O O O O O O O O
2545,Ġ Ċ Ċ Ms ĠK ite Ġsuggested ĠJackson 's Ġassociates Ġhad Ġbeen Ġintent Ġon Ġlaunching Ġa Ġsmear Ġcampaign Ġagainst Ġthe Ġaccuser 's Ġfamily Ġafter Ġthe Ġairing Ġof ĠMartin ĠBash ir 's Ġfilm ĠLiving Ġwith ĠMichael ĠJackson .,O O O O O O O O O O O O O O O O O O O O O O O O O O O B-AUTHOR-WRITER I-AUTHOR-WRITER I-AUTHOR-WRITER O O O O B-MUSICIAN I-MUSICIAN O,O O O O B-ACTOR-DIRECTOR I-ACTOR-DIRECTOR O B-ACTOR-DIRECTOR O O O O O O O O O O O O O O O O O O O B-ACTOR-DIRECTOR I-ACTOR-DIRECTOR I-ACTOR-DIRECTOR I-ACTOR-DIRECTOR O O O B-ACTOR-DIRECTOR I-ACTOR-DIRECTOR O
2546,"ĠShe Ġtold Ġthe Ġcourt Ġthat Ġin Ġthe Ġaftermath Ġof Ġthe Ġbroadcast , Ġa ĠJackson Ġlawyer Ġhad Ġtold Ġher Ġthe Ġboy 's Ġmother Ġwould Ġbe Ġmade Ġto Ġlook Ġlike Ġa Ġ"" cr ack Ġwhore "".",O O O O O O O O O O O O O O O O O O O O O O O O O O O O O O O O O O,O O O O O O O O O O O O O B-POLITICIAN O O O O O O O O O O O O O O O O O O O O
2547,"ĠJackson 's Ġdefence Ġquestioned ĠMs ĠK ite 's Ġcredibility , Ġpointing Ġthat Ġshe Ġworked Ġfor Ġthe Ġsinger 's Ġteam Ġfor Ġless Ġthan Ġa Ġweek Ġbefore Ġbeing Ġfired , Ġand Ġhad Ġnever Ġmet Ġor Ġspoken Ġto Ġthe Ġstar .",O O O O O O O O O O O O O O O O O O O O O O O O O O O O O O O O O O O O O O,B-PUBLIC-FIGURE O O O O B-PUBLIC-FIGURE I-PUBLIC-FIGURE O O O O O O O O O O O O O O O O O O O O O O O O O O O O O O O
2548,"Ġ Ċ Ċ Ms ĠK ite Ġsaid Ġshe Ġreceived Ġa Ġphone Ġcall Ġon Ġ13 ĠFebruary Ġ2003 Ġfrom Ġa ĠJackson Ġassociate , ĠMarc ĠSch aff el , Ġwho Ġsaid Ġthe Ġboy Ġand Ġhis Ġfamily Ġhad Ġleft Ġthe ĠNever land Ġranch Ġwhere Ġthey Ġhad Ġbeen Ġstaying .",O O O O O O O O O O O O O O O O O O O O O B-BUSINESS-EXECUTIVE-MANAGER I-BUSINESS-EXECUTIVE-MANAGER I-BUSINESS-EXECUTIVE-MANAGER I-BUSINESS-EXECUTIVE-MANAGER O O O O O O O O O O O O O O O O O O O O,O O O O B-PUBLIC-FIGURE I-PUBLIC-FIGURE O O O O O O O O O O O O O O O B-PUBLIC-FIGURE I-PUBLIC-FIGURE I-PUBLIC-FIGURE I-PUBLIC-FIGURE O O O O O O O O O O O O O O O O O O O O
2549,"Ġ Ċ Ċ Ms ĠK ite Ġtold Ġthe Ġcourt Ġshe Ġhad Ġlater Ġasked ĠJackson 's Ġlawyer , ĠDavid ĠLe Grand , Ġwhat Ġhad Ġhappened . Ġ""",O O O O O O O O O O O O O O O O O B-PUBLIC-FIGURE I-PUBLIC-FIGURE I-PUBLIC-FIGURE O O O O O O,O O O O B-POLITICIAN I-POLITICIAN O O O O O O O B-PUBLIC-FIGURE O O O B-PUBLIC-FIGURE I-PUBLIC-FIGURE I-PUBLIC-FIGURE O O O O O O
2550,"ĠI Ġsaid , Ġ` Don 't Ġmake Ġme Ġbelieve Ġthat Ġthese Ġpeople Ġwere Ġhunted Ġdown Ġlike Ġdogs Ġand Ġbrought Ġback Ġto Ġthe Ġranch ',"" Ġshe Ġsaid .",O O O O O O O O O O O O O O O O O O O O O O O O O O O,O O O O O O O O O O O O O O O O O O O O O O O O O O O
2551,"ĠMs ĠK ite Ġbegan Ġto Ġwork Ġfor ĠMr ĠJackson Ġin ĠFebruary Ġ2003 , Ġafter Ġthe Ġcontroversial Ġfilm Ġwas Ġtelevised Ġin Ġthe ĠUS Ġand ĠEurope .",O O O O O O O O O O O O O O O O O O O O O O O O O,O B-ACTOR-DIRECTOR I-ACTOR-DIRECTOR O O O O O B-ACTOR-DIRECTOR O O O O O O O O O O O O O O O O
2552,ĠThe Ġdocumentary Ġsparked Ġa Ġmedia Ġstorm Ġand Ġthe Ġsubsequent Ġinvestigation Ġinto ĠMr ĠJackson 's Ġrelationship Ġwith Ġthe Ġboy .,O O O O O O O O O O O O O O O O O O O,O O O O O O O O O O O O B-ACTOR-DIRECTOR O O O O O O
2553,"ĠIn Ġthe Ġfilm , Ġthe Ġsinger Ġsaid Ġhe Ġdid Ġnot Ġsee Ġanything Ġwrong Ġwith Ġsharing Ġa Ġbed Ġwith Ġa Ġchild .",O O O O O O O O O O O O O O O O O O O O O,O O O O O O O O O O O O O O O O O O O O O
2554,"Ġ Ċ Ċ Quest ioned Ġby Ġthe Ġprosecution , ĠMs ĠK ite Ġsaid Ġher Ġplan Ġhad Ġbeen Ġto Ġmove Ġmedia Ġcoverage Ġof Ġthe Ġstar Ġaway Ġfrom Ġa Ġfocus Ġon Ġhis Ġhuman Ġfra ilt ies Ġto Ġconcentrate Ġmore Ġon Ġhis Ġmusical Ġgenius .",O O O O O O O O O O O O O O O O O O O O O O O O O O O O O O O O O O O O O O O O O O,O O O O O O O O O O B-PUBLIC-FIGURE I-PUBLIC-FIGURE O O O O O O O O O O O O O O O O O O O O O O O O O O O O O O
2555,ĠMs ĠK ite Ġsaid Ġthat Ġan Ġadditional Ġproblem Ġwas Ġthe Ġrelease Ġof Ġdocuments Ġrelating Ġto Ġa Ġprevious Ġallegation Ġof Ġchild Ġabuse Ġagainst ĠMr ĠJackson .,O O O O O O O O O O O O O O O O O O O O O O O O O,O B-PUBLIC-FIGURE I-PUBLIC-FIGURE O O O O O O O O O O O O O O O O O O O O B-PUBLIC-FIGURE O
2556,"ĠThe ĠSmoking ĠGun Ġwebsite Ġpublication Ġwas Ġ"" be yond Ġdisaster "", ĠMs ĠK ite Ġsaid .",O O O O O O O O O O O O O O O O,O O O O O O O O O O O O B-PUBLIC-FIGURE I-PUBLIC-FIGURE O O
2557,ĠCorrespond ents Ġsay Ġthe Ġreference Ġis Ġimportant Ġbecause Ġit Ġwas Ġunclear Ġwhether Ġthe Ġprosecution Ġwould Ġbe Ġable Ġto Ġbring Ġup Ġthe Ġprevious Ġcase Ġin Ġfront Ġof Ġthe Ġjury .,O O O O O O O O O O O O O O O O O O O O O O O O O O O O O,O O O O O O O O O O O O O O O O O O O O O O O O O O O O O
2558,"Ġ Ċ Ċ The Ġjudge Ġis Ġstudying Ġwhether Ġthe Ġprosecution 's Ġfirst Ġwitness , Ġreporter ĠMartin ĠBash ir , Ġis Ġin Ġcontempt Ġof Ġcourt .",O O O O O O O O O O O O O O O B-AUTHOR-WRITER I-AUTHOR-WRITER I-AUTHOR-WRITER O O O O O O O,O O O O O O O O O O O O O O O B-PUBLIC-FIGURE I-PUBLIC-FIGURE I-PUBLIC-FIGURE O O O O O O O
2559,"ĠThe Ġdefence Ġprotested Ġafter ĠMr ĠBash ir , Ġwho Ġinterviewed ĠJackson Ġfor Ġthe ĠTV Ġdocumentary , Ġrefused Ġto Ġanswer Ġnearly Ġall Ġtheir Ġquestions , Ġciting Ġa ĠCalifornia Ġ"" shield "" Ġlaw Ġintended Ġto Ġallow Ġjournalists Ġto Ġprotect Ġtheir Ġsources .",O O O O O O O O O O O O O O O O O O O O O O O O O O O O O O O O O O O O O O O O,O O O O O B-POLITICIAN I-POLITICIAN O O O B-PUBLIC-FIGURE O O O O O O O O O O O O O O O O O O O O O O O O O O O O O
2560,"ĠIn Ġthe Ġprosecution 's Ġopening Ġstatement Ġon ĠMonday , ĠTom ĠS ned don Ġtold Ġthe Ġcourt Ġthat ĠMr ĠJackson Ġhad Ġshown Ġthe Ġboy Ġporn Ġand Ġpl ied Ġhim Ġwith Ġwine , Ġin Ġorder Ġto Ġmol est Ġhim .",O O O O O O O O O B-PUBLIC-FIGURE I-PUBLIC-FIGURE I-PUBLIC-FIGURE I-PUBLIC-FIGURE O O O O O O O O O O O O O O O O O O O O O O O O O,O O O O O O O O O B-PUBLIC-FIGURE I-PUBLIC-FIGURE I-PUBLIC-FIGURE I-PUBLIC-FIGURE O O O O O B-MUSICIAN O O O O O O O O O O O O O O O O O O O
2561,ĠHe Ġsaid Ġthe Ġsinger Ġhad Ġvisited Ġsexually Ġexplicit Ġwebsites Ġand Ġshowed Ġthe Ġboy Ġ- Ġwho Ġwas Ġ13 Ġat Ġthe Ġtime Ġ- Ġand Ġhis Ġyounger Ġbrother Ġpornography Ġat Ġhis Ġranch .,O O O O O O O O O O O O O O O O O O O O O O O O O O O O O O,O O O O O O O O O O O O O O O O O O O O O O O O O O O O O O
2562,"ĠGE Ġsees Ġ' ex cellent ' Ġworld Ġeconomy Ċ Ċ US Ġbe hemoth ĠGeneral ĠElectric Ġhas Ġposted Ġan Ġ18 % Ġjump Ġin Ġquarterly Ġsales , Ġand Ġin Ġprofits , Ġand Ġdeclared Ġitself Ġ"" in Ġgreat Ġshape "".",O O O O O O O O O O O O O O O O O O O O O O O O O O O O O O O O O O O O O,O O O O O O O O O O O O O O O O O O O O O O O O O O O O O O O O O O O O O
2563,"Ġ Ċ Ċ "" We Ġare Ġbenefiting Ġfrom Ġour Ġgrowth Ġinitiatives Ġand Ġan Ġexcellent Ġglobal Ġeconomy ,"" Ġsaid ĠGE 's Ġchief Ġexecutive ĠJeff ĠImm elt .",O O O O O O O O O O O O O O O O O O O O O O B-BUSINESS-EXECUTIVE-MANAGER I-BUSINESS-EXECUTIVE-MANAGER I-BUSINESS-EXECUTIVE-MANAGER O,O O O O O O O O O O O O O O O O O O O O O O B-BUSINESS-EXECUTIVE-MANAGER I-BUSINESS-EXECUTIVE-MANAGER I-BUSINESS-EXECUTIVE-MANAGER O
2564,ĠGE Ġis Ġthe ĠUS ' Ġbiggest Ġfirm Ġbased Ġon Ġstock Ġmarket Ġvaluation .,O O O O O O O O O O O O O,O O O O O O O O O O O O O
2565,"ĠGE 's Ġnet Ġprofits Ġwere Ġ$ 5 . 37 bn Ġ(Â£ 2 . 86 bn ) Ġfor Ġthe Ġfinal Ġthree Ġmonths Ġof Ġ2004 , Ġwhile Ġsales Ġcame Ġin Ġat Ġ$ 43 . 7 bn .",O O O O O O O O O O O O O O O O O O O O O O O O O O O O O O O O O O O,O O O O O O O O O O O O O O O O O O O O O O O O O O O O O O O O O O O
2566,"ĠThe Ġgroup , Ġwhose Ġbusinesses Ġrange Ġfrom Ġjet Ġengines Ġto Ġthe ĠNBC Ġtelevision Ġchannel , Ġforecast Ġsustained Ġgrowth Ġat Ġbetween Ġ10 - 15 % Ġfor Ġthis Ġyear Ġand Ġnext .",O O O O O O O O O O O O O O O O O O O O O O O O O O O O O O,O O O O O O O O O O O O O O O O O O O O O O O O O O O O O O
2567,ĠGE 's Ġshares Ġrose Ġ1 % Ġon Ġthe Ġnews Ġbefore Ġending ĠFriday Ġ0 . 24 % Ġlower .,O O O O O O O O O O O O O O O O O O,O O O O O O O O O O O O O O O O O O
2568,"Ġ Ċ Ċ "" The Ġindustries ĠGE Ġis Ġin Ġare Ġdoing Ġvery Ġwell .",O O O O O O O O O O O O O O,O O O O O O O O O O O O O O
2569,"ĠThe Ġmaterials , Ġfinancial Ġand Ġindustrial Ġsectors Ġare Ġall Ġpicking Ġup ,"" Ġsaid ĠSteve ĠRou k is , Ġan Ġanalyst Ġat Ġfund Ġmanager ĠMatrix ĠAsset ĠAdvis ors , Ġwhich Ġhas Ġshares Ġin ĠGE .",O O O O O O O O O O O O O B-PUBLIC-FIGURE I-PUBLIC-FIGURE I-PUBLIC-FIGURE I-PUBLIC-FIGURE O O O O O O O O O O O O O O O O O,O O O O O O O O O O O O O B-BUSINESS-EXECUTIVE-MANAGER I-BUSINESS-EXECUTIVE-MANAGER I-BUSINESS-EXECUTIVE-MANAGER I-BUSINESS-EXECUTIVE-MANAGER O O O O O O O O O O O O O O O O O
2570,"ĠGE Ġsaid Ġorders Ġin Ġthe Ġfourth Ġquarter Ġwere Ġ15 % Ġhigher Ġthan Ġin Ġthe Ġsame Ġperiod Ġof Ġ2003 , Ġ"" with Ġgrowth Ġacross Ġthe Ġboard "". Ġ""",O O O O O O O O O O O O O O O O O O O O O O O O O O O,O O O O O O O O O O O O O O O O O O O O O O O O O O O
2571,"ĠIn Ġthe Ġfourth Ġquarter , Ġnine Ġof Ġour Ġ11 Ġbusinesses Ġdelivered Ġat Ġleast Ġdouble - digit Ġearnings Ġgrowth ,"" Ġsaid ĠMr ĠImm elt .",O O O O O O O O O O O O O O O O O O O O O O O O,O O O O O O O O O O O O O O O O O O O O O B-BUSINESS-EXECUTIVE-MANAGER I-BUSINESS-EXECUTIVE-MANAGER O
2572,"ĠFull Ġyear Ġ2004 Ġgains Ġwere Ġless Ġspectacular , Ġbut Ġstill Ġrespectable .",O O O O O O O O O O O O,O O O O O O O O O O O O
2573,ĠNet Ġprofit Ġwas Ġup Ġ6 % Ġat Ġ$ 16 . 6 bn .,O O O O O O O O O O O O O,O O O O O O O O O O O O O
2574,"ĠLast Ġyear , ĠGE Ġbought ĠViv endi ĠUniversal , Ġmerging Ġit Ġwith ĠNBC Ġto Ġform ĠNBC ĠUniversal .",O O O O O O O O O O O O O O O O O O,O O O O O O O O O O O O O O O O O O
2575,"ĠThe Ġsuccess Ġof ĠUniversal ĠStudio 's Ġfilm Ġ' Ray ', Ġa Ġportrait Ġof Ġjazz Ġmusician ĠRay ĠCharles , Ġhas Ġhelped Ġboost Ġearnings Ġat Ġthe Ġunit .",O O O O O O O O O O O O O O O B-MUSICIAN I-MUSICIAN O O O O O O O O O,O O O O O O O O O O O O O O O B-MUSICIAN I-MUSICIAN O O O O O O O O O
2576,ĠHearts Ġof ĠOak Ġ3 - 2 ĠCot ons port Ċ Ċ He arts Ġof ĠOak Ġset Ġup Ġan Ġall ĠGhana ian ĠConfederation ĠCup Ġfinal Ġwith Ġa Ġ3 - 2 Ġwin Ġover ĠCameroon 's ĠCot ons port ĠGar ou a Ġin ĠAcc ra Ġon ĠSunday .,O O O O O O O O O O O O O O O O O O O O O O O O O O O O O O O O O O O O O O O O O O O O O,O O O O O O O O O O O O O O O O O O O O O O O O O O O O O O O O O O O O O O O O O O O O O
2577,"Ġ Ċ Ċ The Ġwin Ġfor ĠHearts Ġmeans Ġthey Ġwill Ġplay ĠAs ante ĠKot oko Ġin Ġthe Ġtwo - leg Ġfinal , Ġafter Ġthe ĠKum asi Ġteam Ġqualified Ġfrom ĠGroup ĠA Ġon ĠSaturday .",O O O O O O O O O O O O O O O O O O O O O O O O O O O O O O O O O O,O O O O O O O O O O O B-ATHLETE I-ATHLETE I-ATHLETE I-ATHLETE O O O O O O O O O O O O O O O O O O O
2578,"ĠIn Ġthe Ġother ĠGroup ĠB Ġgame ĠCameroon 's Ċ Ċ beat Ċ Ċ of ĠSouth ĠAfrica Ġ3 - 2 Ġin ĠDou ala , Ġneither Ġside Ġcould Ġhave Ġqualified Ġfor Ġthe Ġfinal .",O O O O O O O O O O O O O O O O O O O O O O O O O O O O O O O O,O O O O O O O O O O O O O O O O O O O O O O O O O O O O O O O O
2579,ĠHearts Ġof ĠOak Ġstarted Ġthe Ġgame Ġneeding Ġa Ġwin Ġto Ġqualify Ġfor Ġthe Ġfinal Ġwhile ĠCot ons port Ġonly Ġneeded Ġto Ġavoid Ġdefeat Ġto Ġgo Ġthrough .,O O O O O O O O O O O O O O O O O O O O O O O O O O O,O O O O O O O O O O O O O O O O O O O O O O O O O O O
2580,ĠLouis ĠA gy em ang Ġscored Ġthe Ġfirst Ġtwo Ġgoals Ġfor ĠHearts Ġeither Ġside Ġof Ġhalf Ġtime Ġbefore ĠBen ĠDon ĠB ort ey Ġscored Ġthe Ġthird .,B-ATHLETE I-ATHLETE I-ATHLETE I-ATHLETE I-ATHLETE O O O O O O O O O O O O O B-ATHLETE I-ATHLETE I-ATHLETE I-ATHLETE I-ATHLETE O O O O,B-ATHLETE I-ATHLETE I-ATHLETE I-ATHLETE I-ATHLETE O O O O O O O O O O O O O B-ATHLETE I-ATHLETE I-ATHLETE I-ATHLETE I-ATHLETE O O O O
2581,ĠHearts Ġlooked Ġset Ġfor Ġa Ġcomfortable Ġwin Ġbut ĠCot ons port Ġstaged Ġa Ġlate Ġfight Ġback Ġscoring Ġtwice Ġlate Ġon .,O O O O O O O O O O O O O O O O O O O O O,O O O O O O O O O O O O O O O O O O O O O
2582,ĠFirst Ġof Ġall ĠBou kar ĠMak aji Ġscored Ġin Ġthe Ġ89 th Ġminute Ġand Ġthen Ġ3 Ġminutes Ġinto Ġinjury Ġtime Ġat Ġthe Ġend Ġof Ġthe Ġgame ĠAndre ĠN z ame ĠIII Ġwas Ġon Ġtarget .,O O O B-ATHLETE I-ATHLETE I-ATHLETE I-ATHLETE O O O O O O O O O O O O O O O O O O O B-ATHLETE I-ATHLETE I-ATHLETE I-ATHLETE I-ATHLETE O O O O,O O O B-ATHLETE I-ATHLETE I-ATHLETE I-ATHLETE O O O O O O O O O O O O O O O O O O O B-ATHLETE I-ATHLETE I-ATHLETE I-ATHLETE I-ATHLETE O O O O
2583,ĠBut Ġit Ġwas Ġtoo Ġlittle Ġtoo Ġlate Ġfor Ġthe ĠCameroon ians Ġand ĠHearts Ġheld Ġon Ġto Ġwin Ġthe Ġgame Ġand Ġa Ġplace Ġin Ġthe Ġfinal .,O O O O O O O O O O O O O O O O O O O O O O O O O O,O O O O O O O O O O O O O O O O O O O O O O O O O O
2584,ĠThe Ġfirst Ġleg Ġof Ġthe Ġfinal Ġwill Ġbe Ġplayed Ġin ĠAcc ra Ġon Ġthe Ġweekend Ġof Ġ27 - 28 ĠNovember Ġand Ġthe Ġsecond Ġleg Ġtwo Ġweeks Ġlater Ġon Ġthe Ġ11 ĠDecember Ġin ĠKum asi .,O O O O O O O O O O O O O O O O O O O O O O O O O O O O O O O O O O O,O O O O O O O O O O O O O O O O O O O O O O O O O O O O O O O O O O O
2585,ĠIn Ġthe Ġother ĠGroup ĠB Ġgame ĠCameroon 's ĠS able ĠBat ie Ġtook Ġthe Ġlead Ġin Ġthe Ġ35 th Ġminute Ġthrough ĠKem adj ou Ġbefore ĠSantos Ġequal ised Ġon Ġthe Ġhour Ġmark Ġthanks Ġto ĠTh ok oz ani ĠX aba Ġ.,O O O O O O O O O O O O O O O O O O O O O B-ATHLETE I-ATHLETE I-ATHLETE O O O O O O O O O O B-ATHLETE I-ATHLETE I-ATHLETE I-ATHLETE I-ATHLETE I-ATHLETE O,O O O O O O O O B-ATHLETE I-ATHLETE I-ATHLETE I-ATHLETE O O O O O O O O O B-ATHLETE I-ATHLETE I-ATHLETE O B-ATHLETE O O O O O O O O B-ATHLETE I-ATHLETE I-ATHLETE I-ATHLETE I-ATHLETE I-ATHLETE O
2586,ĠBernard ĠN gom Ġput ĠS able Ġahead Ġjust Ġfive Ġminutes Ġlater Ġand Ġthen ĠErnest ĠN for Ġsettled Ġthe Ġgame Ġon Ġ68 Ġminutes .,B-ATHLETE I-ATHLETE I-ATHLETE O O O O O O O O O O B-ATHLETE I-ATHLETE I-ATHLETE O O O O O O O,B-ATHLETE I-ATHLETE I-ATHLETE O O O O O O O O O O B-ATHLETE I-ATHLETE I-ATHLETE O O O O O O O
2587,ĠRub en ĠClo ete Ġscored Ġthe ĠSouth ĠAfrican Ġsides Ġconsolation Ġwith Ġjust Ġthree Ġminutes Ġleft Ġon Ġthe Ġclock .,B-ATHLETE I-ATHLETE I-ATHLETE I-ATHLETE O O O O O O O O O O O O O O O,B-ATHLETE I-ATHLETE I-ATHLETE I-ATHLETE O O O O O O O O O O O O O O O
2588,ĠNuclear Ġbody Ġseeks Ġnew Ġtech Ċ Ċ The Ġcomputer Ġsystems Ġused Ġto Ġmonitor Ġthe Ġworld 's Ġnuclear Ġpower Ġinstallations Ġare Ġso Ġoutdated Ġthat Ġthey Ġare Ġham pering Ġthe Ġwork Ġof Ġinspectors .,O O O O O O O O O O O O O O O O O O O O O O O O O O O O O O O O,O O O O O O O O O O O O O O O O O O O O O O O O O O O O O O O O
2589,Ġ Ċ Ċ A Ġspokesman Ġfor Ġthe ĠInternational ĠAtomic ĠEnergy ĠAgency Ġ( IA EA ) Ġsaid Ġits Ġcurrent Ġtechnology Ġcould Ġallow Ġkey Ġinformation Ġto Ġbe Ġoverlooked Ġas Ġit Ġwas Ġmore Ġthan Ġ20 Ġyears Ġold .,O O O O O O O O O O O O O O O O O O O O O O O O O O O O O O O O O O O,O O O O O O O O O O O O O O O O O O O O O O O O O O O O O O O O O O O
2590,ĠSuch Ġsystems Ġare Ġthe Ġonly Ġmethod Ġof Ġtracking Ġnuclear Ġmaterial Ġworldwide .,O O O O O O O O O O O O,O O O O O O O O O O O O
2591,"ĠThe Ġagency Ġhas Ġappealed Ġfor Ġmore Ġfunds Ġto Ġupdate Ġits Ġhardware Ġand Ġsoftware . Ġ""",O O O O O O O O O O O O O O O,O O O O O O O O O O O O O O O
2592,"ĠA Ġmajor Ġoverhaul Ġof Ġthe Ġsystem Ġis Ġneeded Ġto Ġallow Ġinspectors Ġimmediate , Ġsecure Ġonline Ġaccess Ġto Ġinformation ,"" Ġsaid Ġproject Ġmanager ĠLiv io ĠCost ant ini .",O O O O O O O O O O O O O O O O O O O O O O B-BUSINESS-EXECUTIVE-MANAGER I-BUSINESS-EXECUTIVE-MANAGER I-BUSINESS-EXECUTIVE-MANAGER I-BUSINESS-EXECUTIVE-MANAGER I-BUSINESS-EXECUTIVE-MANAGER O,O O O O O O O O O O O O O O O O O O O O O O B-PUBLIC-FIGURE I-PUBLIC-FIGURE I-PUBLIC-FIGURE I-PUBLIC-FIGURE I-PUBLIC-FIGURE O
2593,"Ġ Ċ Ċ IA EA Ġinspectors Ġmake Ġaround Ġ3 , 000 Ġvisits Ġa Ġyear Ġto Ġmore Ġthan Ġ900 Ġnuclear Ġfacilities Ġworldwide .",O O O O O O O O O O O O O O O O O O O O O O,O O O O O O O O O O O O O O O O O O O O O O
2594,"ĠThey Ġare Ġthere Ġto Ġverify Ġofficial Ġreports Ġof Ġactivities Ġin Ġthe Ġplants , Ġto Ġcarry Ġout Ġenvironmental Ġchecks , Ġand Ġalso Ġto Ġlook Ġfor Ġany Ġsigns Ġthat Ġnuclear Ġmaterial Ġis Ġbeing Ġsmuggled Ġin Ġor Ġout Ġof Ġthe Ġfacility .",O O O O O O O O O O O O O O O O O O O O O O O O O O O O O O O O O O O O O O O,O O O O O O O O O O O O O O O O O O O O O O O O O O O O O O O O O O O O O O O
2595,"Ġ Ċ Ċ The Ġcomputer Ġsystem Ġinspectors Ġcurrently Ġuse Ġfor Ġcomparing Ġdata Ġfrom Ġearlier Ġvisits , Ġfor Ġinstance , Ġwas Ġbuilt Ġin Ġthe Ġ1970 s Ġand Ġlargely Ġpaper Ġbased .",O O O O O O O O O O O O O O O O O O O O O O O O O O O O O O,O O O O O O O O O O O O O O O O O O O O O O O O O O O O O O
2596,ĠAn ĠI AE A Ġspokesman Ġsaid Ġthis Ġwas Ġextremely Ġinefficient Ġand Ġmakes Ġsearching Ġfor Ġanomalies Ġlike Ġsearching Ġfor Ġa Ġneedle Ġin Ġa Ġhay stack .,O O O O O O O O O O O O O O O O O O O O O O O O O,O O O O O O O O O O O O O O O O O O O O O O O O O
2597,"ĠThe Ġorganisation Ġis Ġaiming Ġto Ġstart Ġa Ġsystem Ġupgrade Ġin ĠNovember , Ġaiming Ġto Ġprovide Ġinspectors Ġin Ġthe Ġfield Ġwith Ġsecure Ġonline Ġaccess Ġto Ġprevious Ġinspection Ġdata , Ġdesign Ġblue prints Ġof Ġnuclear Ġfacilities , Ġeven Ġsatellite Ġimages Ġof Ġthe Ġplant .",O O O O O O O O O O O O O O O O O O O O O O O O O O O O O O O O O O O O O O O O O O,O O O O O O O O O O O O O O O O O O O O O O O O O O O O O O O O O O O O O O O O O O
2598,"ĠWhere Ġpossible , Ġit Ġhopes Ġto Ġlink Ġthe Ġsystem Ġwith Ġnational Ġrecords Ġof Ġthe Ġimport Ġand Ġexport Ġof Ġnuclear Ġmaterials .",O O O O O O O O O O O O O O O O O O O O O,O O O O O O O O O O O O O O O O O O O O O
2599,"ĠFurther Ġanalysis Ġof Ġthese Ġcould Ġhelp Ġspot Ġpotential Ġsmuggling Ġactivities Ġor Ġillicit Ġtechnology Ġtransfers Ġbetween Ġcountries , Ġaccording Ġto Ġa Ġspokesman .",O O O O O O O O O O O O O O O O O O O O O O,O O O O O O O O O O O O O O O O O O O O O O
2600,"Ġ Ċ Ċ Computer Ġspecialist Ġat Ġthe ĠI AE A , ĠPeter ĠSmith , Ġwould Ġlike Ġto Ġbe Ġable Ġto Ġincorporate Ġstate Ġof Ġthe Ġart Ġvisual isation Ġtechniques , Ġmore Ġfamiliar Ġto Ġvideo Ġgames Ġplayers , Ġinto Ġthe Ġinspector 's Ġtool kit . Ġ""",O O O O O O O O O O O B-BUSINESS-EXECUTIVE-MANAGER I-BUSINESS-EXECUTIVE-MANAGER O O O O O O O O O O O O O O O O O O O O O O O O O O O O O O O,O O O O O O O O O O O B-PUBLIC-FIGURE I-PUBLIC-FIGURE O O O O O O O O O O O O O O O O O O O O O O O O O O O O O O O
2601,"ĠThe Ġcommercials Ġyou Ġnow Ġsee Ġhave Ġpeople Ġare Ġmoving Ġaround Ġin Ġa Ġvirtual Ġworld ,"" Ġhe Ġsaid . Ġ""",O O O O O O O O O O O O O O O O O O O,O O O O O O O O O O O O O O O O O O O
2602,"ĠIf Ġwe Ġcould Ġhave Ġthat Ġon Ġour Ġlaptops , Ġwe Ġcould Ġbe Ġwalking Ġthrough Ġthe Ġplant Ġseeing , Ġon Ġthe Ġlaptop , Ġhow Ġthe Ġplant Ġshould Ġlook . Ġ""",O O O O O O O O O O O O O O O O O O O O O O O O O O O O O,O O O O O O O O O O O O O O O O O O O O O O O O O O O O O
2603,"ĠAnd Ġif Ġthere 's Ġa Ġdoor Ġin Ġthe Ġwall Ġthat Ġis Ġnot Ġon Ġour Ġlaptop , Ġthen Ġwe Ġhave Ġa Ġproblem .""",O O O O O O O O O O O O O O O O O O O O O O,O O O O O O O O O O O O O O O O O O O O O O
2604,"ĠThe ĠI AE A Ġestimates Ġthe Ġtotal Ġcost Ġof Ġthe Ġfour - year Ġproject Ġto Ġupgrade Ġits Ġtechnology Ġwill Ġbe Ġ$ 40 m . ĠSo Ġfar Ġit Ġhas Ġonly Ġreceived Ġ$ 11 m Ġfrom Ġthe ĠUS Ġand Ġthe ĠUK . Ġ""",O O O O O O O O O O O O O O O O O O O O O O O O O O O O O O O O O O O O O O O O O,O O O O O O O O O O O O O O O O O O O O O O O O O O O O O O O O O O O O O O O O O
2605,"ĠFailure Ġto Ġreplace Ġthe Ġhardware Ġand Ġsoftware , Ġand Ġto Ġintegrate Ġfully Ġall Ġthe Ġinformation Ġsystem Ġcomponents Ġwill Ġcarry Ġlarge Ġrisks ,"" Ġsaid Ġan Ġagency Ġstatement .",O O O O O O O O O O O O O O O O O O O O O O O O O O O,O O O O O O O O O O O O O O O O O O O O O O O O O O O
2606,ĠRad cliffe Ġproves Ġdoub ters Ġwrong Ċ Ċ This Ġwon 't Ġgo Ġdown Ġas Ġone Ġof Ġthe Ġgreatest Ġmar ath ons Ġof ĠPaula 's Ġcareer .,O O O O O O O O O O O O O O O O O O O O O O B-ATHLETE O O O,B-ATHLETE I-ATHLETE O O O O O O O O O O O O O O O O O O O O B-ATHLETE O O O
2607,"ĠBut Ġas Ġa Ġtest Ġof Ġcharacter , Ġit Ġwas Ġthe Ġtoughest Ġrace Ġshe 's Ġever Ġtaken Ġpart Ġin .",O O O O O O O O O O O O O O O O O O O,O O O O O O O O O O O O O O O O O O O
2608,"Ġ Ċ Ċ A Ġwin Ġin Ġthe ĠNew ĠYork Ġmarathon Ġdoesn 't Ġmake Ġup Ġfor Ġthe Ġdisappointment Ġof ĠAthens Ġin Ġany Ġshape Ġor Ġform , Ġbut Ġit Ġwill Ġoffer Ġhope Ġand Ġreass urance Ġfor Ġnext Ġyear .",O O O O O O O O O O O O O O O O O O O O O O O O O O O O O O O O O O O O O,O O O O O O O O O O O O O O O O O O B-ATHLETE O O O O O O O O O O O O O O O O O O
2609,"ĠIf ĠPaula 's Ġlast Ġexperience Ġof Ġthe Ġyear Ġhad Ġbeen ĠAthens , Ġit Ġwould Ġhave Ġbeen Ġvery Ġdifficult Ġto Ġlook Ġforward Ġwith Ġany Ġoptimism .",O B-ATHLETE O O O O O O O O O O O O O O O O O O O O O O O,O B-ATHLETE O O O O O O O O O O O O O O O O O O O O O O O
2610,ĠShe Ġcan Ġnow Ġdraw Ġa Ġline Ġunder Ġthis Ġyear Ġand Ġmake Ġplans Ġabout Ġher Ġfuture .,O O O O O O O O O O O O O O O O,O O O O O O O O O O O O O O O O
2611,"ĠEven Ġif Ġshe 'd Ġlost Ġthis Ġrace , Ġthere Ġwould Ġhave Ġbeen Ġa Ġlot Ġof Ġpositives Ġto Ġtake Ġout Ġof Ġit .",O O O O O O O O O O O O O O O O O O O O O O,O O O O O O O O O O O O O O O O O O O O O O
2612,ĠShe Ġknows Ġshe Ġcan Ġdig Ġdeep Ġif Ġshe Ġneeds Ġto .,O O O O O O O O O O O,O O O O O O O O O O O
2613,"ĠIt Ġwas Ġa Ġstrong Ġfield , Ġwith Ġa Ġnumber Ġof Ġthe Ġgirls Ġgoing Ġinto Ġthe Ġrace Ġwith Ġexpectations Ġof Ġwinning .",O O O O O O O O O O O O O O O O O O O O O,O O O O O O O O O O O O O O O O O O O O O
2614,"ĠAnd Ġalthough Ġtwo Ġhours Ġ23 Ġminutes Ġwasn 't Ġone Ġof ĠPaula 's Ġbest Ġtimes , Ġit Ġwasn 't Ġfar Ġoff Ġthe Ġrecord Ġon Ġa Ġdifficult Ġcourse .",O O O O O O O O O O B-ATHLETE O O O O O O O O O O O O O O O O,O O O O O O O O O O B-ATHLETE O O O O O O O O O O O O O O O O
2615,Ġ Ċ Ċ I Ġwas Ġspeaking Ġto ĠPaula Ġin Ġthe Ġlead - up Ġto Ġthis Ġrace Ġand Ġshe Ġsaid Ġthat Ġin Ġmany Ġways Ġshe Ġwas Ġfacing Ġa Ġno - win Ġsituation .,O O O O O O O B-ATHLETE O O O O O O O O O O O O O O O O O O O O O O O O,O O O O O O O B-ATHLETE O O O O O O O O O O O O O O O O O O O O O O O O
2616,"ĠShe Ġthought Ġthat Ġif Ġshe Ġwon , Ġpeople Ġwould Ġsay Ġ"" why Ġcouldn 't Ġshe Ġdo Ġthat Ġin ĠAthens ?""",O O O O O O O O O O O O O O O O O O O O,O O O O O O O O O O O O O O O O O O O O
2617,"ĠAnd Ġif Ġshe Ġlost , Ġpeople Ġwould Ġsay Ġher Ġcareer Ġwas Ġover .",O O O O O O O O O O O O O,O O O O O O O O O O O O O
2618,"ĠAnd Ġa Ġlot Ġof Ġpeople Ġwere Ġwondering Ġwhat Ġwould Ġhappen Ġif ĠPaula Ġwas Ġforced Ġto Ġdrop Ġout Ġof Ġthis Ġrace , Ġas Ġshe Ġdid Ġin Ġthe Ġmarathon Ġand Ġ10 , 000 m Ġin ĠAthens .",O O O O O O O O O O O B-ATHLETE O O O O O O O O O O O O O O O O O O O O O O O,O O O O O O O O O O O B-ATHLETE O O O O O O O O O O O O O O O O O O O O O O O
2619,ĠBut Ġthat Ġwas Ġnever Ġon Ġthe Ġcards .,O O O O O O O O,O O O O O O O O
2620,"ĠShe Ġmight Ġhave Ġbeen Ġbeaten , Ġbut Ġshe Ġwould Ġhave Ġkept Ġrunning .",O O O O O O O O O O O O O,O O O O O O O O O O O O O
2621,"ĠThe Ġreasons Ġshe Ġwas Ġforced Ġto Ġpull Ġout Ġin ĠAthens Ġ- Ġthe Ġn igg ling Ġinjuries , Ġher Ġlack Ġof Ġenergy Ġand Ġthe Ġoppressive Ġconditions Ġ- Ġweren 't Ġat Ġplay Ġhere .",O O O O O O O O O O O O O O O O O O O O O O O O O O O O O O O O,O O O O O O O O O O O O O O O O O O O O O O O O O O O O O O O O
2622,ĠThe Ġonly Ġquestion Ġwas Ġwhat Ġposition Ġshe Ġcould Ġfinish Ġin .,O O O O O O O O O O O,O O O O O O O O O O O
2623,"ĠMost Ġimportant Ġof Ġall , Ġdespite Ġall Ġthe Ġhype Ġin Ġthe Ġmedia Ġahead Ġof Ġthis Ġrace , Ġthere Ġwere Ġnever Ġdoubts Ġin ĠPaula 's Ġmind .",O O O O O O O O O O O O O O O O O O O O O O B-ATHLETE O O O,O O O O O O O O O O O O O O O O O O O O O O B-ATHLETE O O O
2624,"ĠIf Ġshe Ġwasn 't Ġconfident , Ġshe Ġwouldn 't Ġhave Ġrun .",O O O O O O O O O O O O,O O O O O O O O O O O O
2625,"ĠAfter Ġall , Ġif Ġyou 're Ġthe Ġbest Ġin Ġthe Ġworld Ġat Ġan Ġevent , Ġyou 'll Ġalways Ġhave Ġexpectations Ġof Ġwinning .",O O O O O O O O O O O O O O O O O O O O O O O,O O O O O O O O O O O O O O O O O O O O O O O
2626,"Ġ Ċ Ċ Now ĠPaula Ġwill Ġtake Ġpart Ġin Ġthe ĠRun ĠLondon Ġ10 km Ġrace Ġin ĠLondon Ġat Ġthe Ġend Ġof Ġthe Ġyear , Ġhave Ġa Ġwell - earned Ġrest Ġover ĠChristmas Ġand Ġgo Ġinto Ġnext Ġyear Ġwith Ġa Ġlot Ġof Ġoptimism .",O O O O B-ATHLETE O O O O O O O O O O O O O O O O O O O O O O O O O O O O O O O O O O O O O O,O O O O B-ATHLETE O O O O O O O O O O O O O O O O O O O O O O O O O O O O O O O O O O O O O O
2627,"ĠFinal Ġhunts Ġheld Ġas Ġban Ġlooms Ċ Ċ Hun ts Ġin ĠEngland Ġand ĠWales Ġhave Ġbegun Ġon Ġthe Ġlast Ġday Ġthat Ġhunting Ġwith Ġdogs Ġis Ġlegal , Ġwith Ġmore Ġdue Ġout Ġlater .",O O O O O O O O O O O O O O O O O O O O O O O O O O O O O O O O O,O O O O O O O O O O O O O O O O O O O O O O O O O O O O O O O O O
2628,"Ġ Ċ Ċ Thousands Ġof Ġsupporters Ġare Ġexpected Ġto Ġturn Ġout Ġat Ġmore Ġthan Ġ250 Ġmeets , Ġmany Ġof Ġwhich Ġhave Ġaltered Ġtheir Ġnormal Ġschedules Ġto Ġbe Ġout Ġon Ġa ĠThursday .",O O O O O O O O O O O O O O O O O O O O O O O O O O O O O O O O,O O O O O O O O O O O O O O O O O O O O O O O O O O O O O O O O
2629,ĠThe Ġban Ġon Ġhunting Ġwith Ġdogs Ġcomes Ġinto Ġeffect Ġfrom Ġ00 01 ĠGMT Ġon ĠFriday .,O O O O O O O O O O O O O O O O,O O O O O O O O O O O O O O O O
2630,ĠThe ĠCountry side ĠAlliance Ġhad Ġits Ġlatest Ġlegal Ġbid Ġto Ġblock Ġthe Ġban Ġthwarted Ġon ĠWednesday Ġwhen Ġthe ĠAppeal ĠCourt Ġruled Ġthe ĠHunting ĠAct Ġwas Ġlawful .,O O O O O O O O O O O O O O O O O O O O O O O O O O O,O O O O O O O O O O O O O O O O O O O O O O O O O O O
2631,"Ġ Ċ Ċ But Ġthe Ġgroup Ġsays Ġhunting Ġwill Ġcontinue Ġin Ġsome Ġform Ġafter Ġthe Ġban Ġcomes Ġin , Ġwith Ġhunts Ġexpected Ġto Ġtest Ġthe Ġnew Ġlaw Ġto Ġits Ġlimits .",O O O O O O O O O O O O O O O O O O O O O O O O O O O O O O O,O O O O O O O O O O O O O O O O O O O O O O O O O O O O O O O
2632,ĠOthers Ġare Ġexpected Ġto Ġdefy Ġthe Ġban Ġby Ġcontinuing Ġto Ġhunt Ġillegally .,O O O O O O O O O O O O O,O O O O O O O O O O O O O
2633,"Ġ Ċ Ċ Anti - hunt Ġorganisations , Ġfor Ġwhom Ġthe Ġban Ġis Ġthe Ġculmination Ġof Ġyears Ġof Ġcampaigning , Ġsay Ġthey Ġhope Ġmost Ġwill Ġstay Ġwithin Ġthe Ġlaw .",O O O O O O O O O O O O O O O O O O O O O O O O O O O O O O,O O O O O O O O O O O O O O O O O O O O O O O O O O O O O O
2634,"ĠMike ĠHob day , Ġof Ġthe ĠLeague ĠAgainst ĠCruel ĠSports , Ġtold ĠBBC ĠNews : Ġ"" We 've Ġlong Ġurged Ġthem Ġto Ġgo Ġdrag Ġhunting Ġ- Ġto Ġfollow Ġan Ġartificial Ġscent Ġ- Ġand Ġthat Ġis Ġwhat Ġwe Ġhope Ġthey Ġdo . Ġ""",B-PUBLIC-FIGURE I-PUBLIC-FIGURE I-PUBLIC-FIGURE O O O O O O O O O O O O O O O O O O O O O O O O O O O O O O O O O O O O O O O,B-PUBLIC-FIGURE I-PUBLIC-FIGURE I-PUBLIC-FIGURE O O O O O O O O O O O O O O O O O O O O O O O O O O O O O O O O O O O O O O O
2635,"ĠBut Ġif Ġthey Ġcontinue Ġto Ġchase Ġfox es , Ġto Ġchase Ġwild Ġmammals Ġaround Ġthe Ġcountryside , Ġthat 's Ġagainst Ġthe Ġlaw Ġand Ġwe 're Ġconfident Ġthey 'll Ġbe Ġbrought Ġto Ġjustice .""",O O O O O O O O O O O O O O O O O O O O O O O O O O O O O O O O O,O O O O O O O O O O O O O O O O O O O O O O O O O O O O O O O O O
2636,"ĠAt Ġthe Ġheadquarters Ġof ĠQu orn Ġhunt Ġin ĠLe ices ters hire , Ġfeelings Ġwere Ġrunning Ġhigh Ġas Ġhunt Ġenthusiasts Ġprepared Ġfor Ġtheir Ġfinal Ġlegal Ġhunt .",O O O O O O O O O O O O O O O O O O O O O O O O O O O,O O O O O O O O O O O O O O O O O O O O O O O O O O O
2637,ĠBBC Ġcorrespondent ĠSarah ĠMuk her jee Ġsaid Ġhunt Ġsupporters Ġwere Ġin Ġtears .,O O B-AUTHOR-WRITER I-AUTHOR-WRITER I-AUTHOR-WRITER I-AUTHOR-WRITER O O O O O O O,O O B-PUBLIC-FIGURE I-PUBLIC-FIGURE I-PUBLIC-FIGURE I-PUBLIC-FIGURE O O O O O O O
2638,Ġ Ċ Ċ She Ġsaid Ġmany Ġpeople Ġdid Ġnot Ġshare Ġthe ĠCountry side ĠAlliance 's Ġoptimism Ġthat Ġhunting Ġwould Ġbe Ġable Ġto Ġcontinue .,O O O O O O O O O O O O O O O O O O O O O O O O,O O O O O O O O O O O O O O O O O O O O O O O O
2639,"ĠFarmer ĠGeoff ĠBrooks , Ġa Ġsenior Ġmember Ġof Ġthe ĠQu orn Ġhunt , Ġtold ĠBBC ĠNews Ġpeople 's Ġlives Ġ"" rev olved Ġaround Ġhunting "".",O B-PUBLIC-FIGURE I-PUBLIC-FIGURE O O O O O O O O O O O O O O O O O O O O O O,O B-PUBLIC-FIGURE I-PUBLIC-FIGURE O O O O O O O O O O O O O O O O O O O O O O
2640,"ĠHe Ġdescribed Ġthe Ġban Ġas Ġ"" rid ic ulous "" Ġand Ġ"" bad ly Ġthought Ġout "" Ġbut Ġsaid Ġit Ġwould Ġbe Ġhard Ġfor Ġmost Ġpeople Ġto Ġdefy Ġit Ġas Ġthey Ġwould Ġnot Ġwant Ġto Ġrisk Ġtheir Ġincomes Ġby Ġgetting Ġa Ġcriminal Ġrecord .",O O O O O O O O O O O O O O O O O O O O O O O O O O O O O O O O O O O O O O O O O O O O,O O O O O O O O O O O O O O O O O O O O O O O O O O O O O O O O O O O O O O O O O O O O
2641,"Ġ Ċ Ċ At Ġthe ĠCourt Ġof ĠAppeal Ġon ĠWednesday , Ġthe ĠCountry side ĠAlliance Ġfailed Ġin Ġits Ġattempt Ġto Ġhave Ġthe ĠHunting ĠAct Ġruled Ġinvalid .",O O O O O O O O O O O O O O O O O O O O O O O O O O O,O O O O O O O O O O O O O O O O O O O O O O O O O O O
2642,ĠBut Ġit Ġsays Ġthe Ġban Ġis Ġun en force able Ġbecause Ġthe Ġlaw Ġis Ġunclear Ġand Ġimpossible Ġto Ġpolice .,O O O O O O O O O O O O O O O O O O O O,O O O O O O O O O O O O O O O O O O O O
2643,Ġ Ċ Ċ The Ġalliance Ġsays Ġhunt Ġsupporters Ġwill Ġgo Ġout Ġand Ġtest Ġthis Ġlaw Ġto Ġits Ġlimits Ġon ĠSaturday .,O O O O O O O O O O O O O O O O O O O O O,O O O O O O O O O O O O O O O O O O O O O
2644,ĠThe ĠLeague ĠAgainst ĠCruel ĠSports Ġand Ġthe ĠR SP CA Ġsay Ġthey Ġwill Ġmonitor Ġhunts Ġand Ġassist Ġpolice Ġin Ġbringing Ġprosecutions .,O O O O O O O O O O O O O O O O O O O O O O,O O O O O O O O O O O O O O O O O O O O O O
2645,ĠThe ĠAssociation Ġof ĠChief ĠPolice ĠOfficers Ġhas Ġissued Ġguidance Ġto Ġforces Ġon Ġhow Ġto Ġdeal Ġwith Ġthe Ġnew Ġrules .,O O O O O O O O O O O O O O O O O O O O,O O O O O O O O O O O O O O O O O O O O
2646,"ĠA Ġspokesman Ġsaid : Ġ"" Basically , Ġit 's Ġnot Ġgoing Ġto Ġbe Ġpolice Ġofficers Ġchasing Ġabout Ġin Ġcars Ġacross Ġfields , Ġit Ġwill Ġbe Ġbased Ġon Ġintelligence Ġand Ġinformation Ġreceived Ġas Ġwell .""",O O O O O O O O O O O O O O O O O O O O O O O O O O O O O O O O O O,O O O O O O O O O O O O O O O O O O O O O O O O O O O O O O O O O O
2647,"ĠThe Ġdecision Ġon Ġhow Ġto Ġpolice Ġindividual Ġhunts Ġwill Ġbe Ġleft Ġto Ġlocal Ġforces , Ġwith Ġmore Ġofficers Ġsent Ġto Ġhunts Ġwhere Ġdisruption Ġis Ġexpected .",O O O O O O O O O O O O O O O O O O O O O O O O O O,O O O O O O O O O O O O O O O O O O O O O O O O O O
2648,ĠHe Ġsaid Ġpolice Ġwould Ġconsider Ġevidence Ġsubmitted Ġby Ġanti - hunt Ġorganisations Ġon Ġits Ġmerits .,O O O O O O O O O O O O O O O O,O O O O O O O O O O O O O O O O
2649,ĠCand ela Ġcompletes ĠBolton Ġswitch Ċ Ċ B ol ton Ġboss ĠSam ĠAll ardy ce Ġhas Ġsigned ĠRoma Ġdefender ĠVincent ĠCand ela Ġon Ġa Ġfive - month Ġdeal .,O O O O O O O O O O O B-ATHLETE I-ATHLETE I-ATHLETE I-ATHLETE O O O O B-ATHLETE I-ATHLETE I-ATHLETE O O O O O O O,B-ATHLETE I-ATHLETE O O O O O O O O O B-BUSINESS-EXECUTIVE-MANAGER I-BUSINESS-EXECUTIVE-MANAGER I-BUSINESS-EXECUTIVE-MANAGER I-BUSINESS-EXECUTIVE-MANAGER O O O O B-ATHLETE I-ATHLETE I-ATHLETE O O O O O O O
2650,"Ġ Ċ Ċ The Ġ31 - year - old Ġformer ĠFrance Ġinternational Ġgave Ġhis Ġlast Ġpress Ġconference Ġas Ġa ĠRoma Ġplayer Ġon ĠMonday , Ġan ouncing Ġhis Ġmove Ġto ĠBolton . Ġ""",O O O O O O O O O O O O O O O O O O O O O O O O O O O O O O O O,O O O O O O O O O O O O O O O O O O O O O O O O O O O O O O O O
2651,"ĠI Ġhave Ġsigned Ġa Ġfive - month Ġcontract Ġwith ĠBolton ,"" Ġsaid ĠCand ela , Ġwho Ġwill Ġtravel Ġto ĠEngland Ġon ĠTuesday . Ġ""",O O O O O O O O O O O O O O O O O O O O O O O O,O O O O O O O O O O O O B-ATHLETE I-ATHLETE O O O O O O O O O O
2652,"ĠIn ĠJune ĠI Ġwill Ġdecide Ġwhether Ġto Ġcontinue Ġto Ġplay Ġfor ĠBolton Ġor Ġretire Ġfrom Ġprofessional Ġfootball .""",O O O O O O O O O O O O O O O O O O,O O O O O O O O O O O O O O O O O O
2653,"ĠAll ardy ce Ġhopes ĠCand ela 's Ġarrival Ġwill Ġrelieve ĠBolton 's Ġinjury Ġcrisis Ġafter Ġdefender ĠNick y ĠHunt Ġlim ped Ġout Ġinjured Ġduring ĠOld ham 's Ġ1 - 0 Ġwin Ġagainst ĠOld ham Ġin Ġthe ĠFA ĠCup Ġon ĠSunday . Ġ""",O O O O O O O O O O O O O O O O B-ATHLETE I-ATHLETE I-ATHLETE O O O O O O O O O O O O O O O O O O O O O O O,B-PUBLIC-FIGURE I-PUBLIC-FIGURE I-PUBLIC-FIGURE O B-ATHLETE I-ATHLETE O O O O O O O O O O B-ATHLETE I-ATHLETE I-ATHLETE O O O O O O O O O O O O O O O O O O O O O O O
2654,"ĠIn Ġlight Ġof Ġwhat Ġhas Ġhappened Ġto ĠNick y ĠHunt , Ġwith Ġhis Ġinjury , Ġit Ġmight Ġbe Ġa Ġblessing Ġin Ġdisguise Ġthat Ġwe Ġcan Ġbring Ġin Ġa Ġhighly - exper ienced Ġfull - back Ġto Ġhelp Ġwith Ġour Ġinjuries Ġat Ġthe Ġback ,"" ĠAll ardy ce Ġsaid . Ġ""",O O O O O O O B-ATHLETE I-ATHLETE I-ATHLETE O O O O O O O O O O O O O O O O O O O O O O O O O O O O O O O O O O O O O O O O,O O O O O O O B-ATHLETE I-ATHLETE I-ATHLETE O O O O O O O O O O O O O O O O O O O O O O O O O O O O O O O O O O B-PUBLIC-FIGURE I-PUBLIC-FIGURE I-PUBLIC-FIGURE O O O
2655,"ĠHe Ġhas Ġan Ġoutstanding Ġpedigree Ġin Ġthe Ġgame Ġand Ġhas Ġwon Ġhon ours Ġat Ġthe Ġhighest Ġlevel Ġincluding Ġthe ĠWorld ĠCup Ġin Ġ1998 . Ġ""",O O O O O O O O O O O O O O O O O O O O O O O O O,O O O O O O O O O O O O O O O O O O O O O O O O O
2656,"ĠHe Ġhas Ġnot Ġplayed Ġregular Ġfootball Ġthis Ġyear Ġbut Ġis Ġeager Ġto Ġimpress Ġin Ġthe ĠPremiership . Ġ""",O O O O O O O O O O O O O O O O O O,O O O O O O O O O O O O O O O O O O
2657,"ĠHe Ġcan Ġplay Ġin Ġany Ġposition Ġat Ġthe Ġback Ġand Ġdespite Ġhim Ġbeing Ġpredomin ately Ġright - footed Ġhe Ġhas Ġplayed Ġthe Ġmajority Ġof Ġhis Ġcareer Ġat Ġleft - back .""",O O O O O O O O O O O O O O O O O O O O O O O O O O O O O O O,O O O O O O O O O O O O O O O O O O O O O O O O O O O O O O O
2658,"ĠCand ela , Ġwho Ġwas Ġa Ġmember Ġof Ġthe ĠRoma Ġside Ġthat Ġwon Ġthe Ġtitle Ġin Ġ2001 , Ġhas Ġmade Ġonly Ġseven Ġleague Ġappearances Ġthis Ġseason Ġfor ĠLuigi Ġdel ĠNer i 's Ġside .",O O O O O O O O O O O O O O O O O O O O O O O O O O O B-ATHLETE I-ATHLETE I-ATHLETE I-ATHLETE O O O,B-ATHLETE I-ATHLETE O O O O O O O O O O O O O O O O O O O O O O O O O B-PUBLIC-FIGURE I-PUBLIC-FIGURE I-PUBLIC-FIGURE I-PUBLIC-FIGURE I-PUBLIC-FIGURE O O
2659,ĠTories Ġunveil Ġqu ango Ġblitz Ġplans Ċ Ċ Pl ans Ġto Ġabolish Ġ162 Ġqu ang os Ġhave Ġbeen Ġunveiled Ġby Ġthe ĠConservatives Ġas Ġpart Ġof Ġtheir Ġeffort Ġto Ġshow Ġhow Ġgovernment Ġred Ġtape Ġcan Ġbe Ġcut .,O O O O O O O O O O O O O O O O O O O O O O O O O O O O O O O O O O O O O,O O O O O O O O O O O O O O O O O O O O O O O O O O O O O O O O O O O O O
2660,Ġ Ċ Ċ Six Ġgovernment Ġunits Ġwould Ġalso Ġbe Ġscrapped Ġunder Ġproposals Ġwhich Ġthe ĠTories Ġsay Ġwould Ġsave Ġmore Ġthan ĠÂ£ 4 . 3 bn .,O O O O O O O O O O O O O O O O O O O O O O O O O O,O O O O O O O O O O O O O O O O O O O O O O O O O O
2661,ĠAmong Ġthe Ġtargets Ġare Ġstrategic Ġhealth Ġauthorities Ġand Ġthe Ġnew Ġfair Ġaccess Ġregulator Ġfor Ġuniversities .,O O O O O O O O O O O O O O O O,O O O O O O O O O O O O O O O O
2662,ĠTory Ġfront ben cher ĠJohn ĠRed wood Ġsaid ĠBritain Ġneeded Ġa Ġsl immer Ġgovernment Ġand Ġlower Ġtaxes Ġto Ġbe Ġcompetitive .,O O O O B-POLITICIAN I-POLITICIAN I-POLITICIAN O O O O O O O O O O O O O O,O O O O B-POLITICIAN I-POLITICIAN I-POLITICIAN O O O O O O O O O O O O O O
2663,"Ġ Ċ Ċ The Ġplans Ġwould Ġabolish Ġregional Ġassemblies Ġand Ġother Ġregional Ġbodies , Ġsuch Ġas Ġboards Ġtackling Ġindustrial Ġdevelopment Ġand Ġhousing .",O O O O O O O O O O O O O O O O O O O O O O O,O O O O O O O O O O O O O O O O O O O O O O O
2664,ĠTheir Ġpowers Ġwould Ġbe Ġreturned Ġto Ġelected Ġlocal Ġcouncils Ġor Ġnational Ġgovernment .,O O O O O O O O O O O O O,O O O O O O O O O O O O O
2665,"ĠThe ĠTories Ġsay Ġthe Ġstrategic Ġhealth Ġauthorities Ġare Ġnot Ġneeded Ġas Ġit Ġis Ġbetter Ġthat Ġlocal Ġpeople , Ġrather Ġthan Ġofficials , Ġrun Ġhospitals Ġand Ġsurgeries .",O O O O O O O O O O O O O O O O O O O O O O O O O O O,O O O O O O O O O O O O O O O O O O O O O O O O O O O
2666,"Ġ Ċ Ċ Ann ouncing Ġthe Ġplans , ĠMr ĠRed wood Ġsaid : Ġ"" Mr ĠBlair Ġhas Ġforgotten Ġthe Ġinterests Ġof Ġtaxpayers , Ġand Ġhas Ġbroken Ġthe Ġpledges Ġhe Ġmade . Ġ""",O O O O O O O O O O O O O O O B-POLITICIAN O O O O O O O O O O O O O O O O,O O O O O O O O O B-POLITICIAN I-POLITICIAN O O O O B-POLITICIAN O O O O O O O O O O O O O O O O
2667,"ĠFar Ġfrom Ġimproving Ġpublic Ġservices , Ġspending Ġtaxpayers ' Ġmoney Ġon Ġqu ang os Ġhas Ġled Ġonly Ġto Ġmore Ġbureaucrats , Ġmore Ġregulation Ġand Ġhigher Ġtaxes .""",O O O O O O O O O O O O O O O O O O O O O O O O O O O,O O O O O O O O O O O O O O O O O O O O O O O O O O O
2668,"ĠHis Ġparty Ġleader , ĠMichael ĠHoward , Ġargued Ġa Ġchange Ġin Ġdirection Ġwas Ġneeded Ġto Ġget Ġa Ġgrip Ġon Ġspending . Ġ""",O O O O B-POLITICIAN I-POLITICIAN O O O O O O O O O O O O O O O O,O O O O B-POLITICIAN I-POLITICIAN O O O O O O O O O O O O O O O O
2669,"ĠLabour Ġare Ġcreating ĠTwo ĠBrit ains : Ġthe ĠBritain Ġof Ġthe Ġforgotten Ġmajority Ġand Ġbureaucratic ĠBritain ,"" Ġhe Ġsaid . Ġ""",O O O O O O O O O O O O O O O O O O O O O,O O O O O O O O O O O O O O O O O O O O O
2670,"ĠIn Ġthe Ġreal Ġworld , Ġpeople Ġare Ġworking Ġharder Ġjust Ġto Ġstand Ġstill .",O O O O O O O O O O O O O O,O O O O O O O O O O O O O O
2671,"ĠThey 've Ġseen Ġtheir Ġpensions Ġknocked Ġfor Ġsix . Ġ""",O O O O O O O O O O,O O O O O O O O O O
2672,ĠThey 're Ġbeing Ġsqueezed Ġby Ġextra Ġtaxes .,O O O O O O O O,O O O O O O O O
2673,"ĠThe Ġforgotten Ġmajority Ġare Ġpaying Ġthe Ġprice Ġof Ġbureaucratic ĠBritain .""",O O O O O O O O O O O,O O O O O O O O O O O
2674,"ĠThe Ġgovernment Ġhas Ġannounced Ġplans Ġto Ġcut Ġ100 , 000 Ġcivil Ġservants Ġas Ġpart Ġof Ġits Ġefficiency Ġdrive .",O O O O O O O O O O O O O O O O O O O,O O O O O O O O O O O O O O O O O O O
2675,ĠThe ĠLiberal ĠDemocrats Ġhave Ġsaid Ġthey Ġwould Ġcut Ġthe Ġnumber Ġof ĠWhite hall Ġdepartments Ġto Ġmake Ġsure Ġmoney Ġreaches Ġfrontline Ġservices .,O O O O O O O O O O O O O O O O O O O O O O,O O O O O O O O O O O O O O O O O O O O O O
2676,ĠD aven port Ġdismant les Ġyoung Ġrival Ċ Ċ Top Ġseed ĠLindsay ĠD aven port Ġbooked Ġher Ġplace Ġin Ġthe Ġlast Ġ16 Ġof Ġthe ĠAustralian ĠOpen Ġwith Ġa Ġconvincing Ġ6 - 2 Ġ6 - 4 Ġwin Ġover ĠNicole ĠV aid is ova Ġof Ġthe ĠCzech ĠRepublic .,O O O O O O O O O O O B-ATHLETE I-ATHLETE I-ATHLETE I-ATHLETE O O O O O O O O O O O O O O O O O O O O O O B-ATHLETE I-ATHLETE I-ATHLETE I-ATHLETE I-ATHLETE O O O O O,B-ATHLETE I-ATHLETE I-ATHLETE O O O O O O O O B-ATHLETE I-ATHLETE I-ATHLETE I-ATHLETE O O O O O O O O O O O O O O O O O O O O O O B-ATHLETE I-ATHLETE I-ATHLETE I-ATHLETE I-ATHLETE O O O O O
2677,"Ġ Ċ Ċ The ĠAmerican Ġhad Ġtoo Ġmuch Ġpower Ġfor Ġher Ġ15 - year - old Ġopponent , Ġbreaking Ġtwice Ġin Ġthe Ġfirst Ġset Ġand Ġonce Ġin Ġthe Ġsecond .",O O O O O O O O O O O O O O O O O O O O O O O O O O O O O O,O O O O O O O O O O O O O O O O O O O O O O O O O O O O O O
2678,ĠThe ĠGerman - born ĠV aid is ova Ġrallied Ġwell Ġat Ġtimes Ġbut Ġwas Ġunable Ġto Ġfind Ġa Ġway Ġback Ġafter Ġfalling Ġbehind Ġ3 - 2 Ġin Ġthe Ġopening Ġset .,O O O O O O O O O O O O O O O O O O O O O O O O O O O O O O O,O O O O B-ATHLETE I-ATHLETE I-ATHLETE I-ATHLETE O O O O O O O O O O O O O O O O O O O O O O O
2679,"ĠD aven port , Ġwho Ġclosed Ġout Ġwith Ġan Ġace , Ġplays ĠKar olina ĠSp rem Ġin Ġthe Ġnext Ġround . Ġ""",O O O O O O O O O O O O B-ATHLETE I-ATHLETE I-ATHLETE I-ATHLETE O O O O O O,B-ATHLETE I-ATHLETE I-ATHLETE O O O O O O O O O B-ATHLETE I-ATHLETE I-ATHLETE I-ATHLETE O O O O O O
2680,"ĠI Ġwas Ġfully Ġexpecting Ġa Ġtough Ġopponent Ġand Ġwas Ġable Ġto Ġplay Ġwell Ġenough Ġto Ġget Ġthrough Ġit ,"" Ġsaid ĠD aven port . Ġ""",O O O O O O O O O O O O O O O O O O O O O O O O O,O O O O O O O O O O O O O O O O O O O O B-ATHLETE I-ATHLETE I-ATHLETE O O
2681,ĠI Ġthink Ġshe Ġhits Ġsome Ġgreat Ġshots .,O O O O O O O O,O O O O O O O O
2682,ĠShe Ġmade Ġsome Ġerrors Ġbut Ġprobably Ġsome Ġinexper ience Ġplayed Ġa Ġrole Ġin Ġthat .,O O O O O O O O O O O O O O O,O O O O O O O O O O O O O O O
2683,"ĠBut Ġshe 's Ġso Ġyoung Ġand Ġobviously Ġhas Ġa Ġbig Ġgame Ġand Ġhas Ġmany , Ġmany Ġyears Ġto Ġimprove Ġon Ġthat .""",O O O O O O O O O O O O O O O O O O O O O O,O O O O O O O O O O O O O O O O O O O O O O
2684,"ĠSp rem , Ġthe ĠCroatian Ġ13 th Ġseed , Ġsaw Ġoff ĠRussia 's ĠElena ĠL ikh ov t se va Ġ6 - 3 Ġ6 - 2 .",O O O O O O O O O O O O O B-ATHLETE I-ATHLETE I-ATHLETE I-ATHLETE I-ATHLETE I-ATHLETE I-ATHLETE O O O O O O O,B-ATHLETE I-ATHLETE O O O O O O O O O O O B-ATHLETE I-ATHLETE I-ATHLETE I-ATHLETE I-ATHLETE I-ATHLETE I-ATHLETE O O O O O O O
2685,ĠFormer Ġworld Ġnumber Ġone Ċ Ċ powered Ġher Ġway Ġinto Ġthe Ġfourth Ġround Ġwith Ġa Ġstraight Ġsets Ġwin Ġover ĠAnna ĠSmash nova .,O O O O O O O O O O O O O O O O O O O B-ATHLETE I-ATHLETE I-ATHLETE O,O O O O O O O O O O O O O O O O O O O B-ATHLETE I-ATHLETE I-ATHLETE O
2686,ĠThe Ġ27 th Ġseed Ġfrom ĠIsrael Ġstuck Ġwith ĠWilliams Ġuntil Ġ3 - 3 Ġin Ġthe Ġfirst Ġset Ġbefore Ġit Ġbecame Ġone - way Ġtraffic .,O O O O O O O O B-ATHLETE O O O O O O O O O O O O O O O O,O O O O O O O O B-ATHLETE O O O O O O O O O O O O O O O O
2687,Ġ Ċ Ċ The ĠAmerican Ġmade Ġ26 Ġun forced Ġerrors Ġbut Ġwas Ġstill Ġgood Ġenough Ġto Ġr omp Ġthrough Ġthe Ġcontest Ġin Ġexactly Ġan Ġhour .,O O O O O O O O O O O O O O O O O O O O O O O O O O,O O O O O O O O O O O O O O O O O O O O O O O O O O
2688,ĠShe Ġre eled Ġoff Ġnine Ġstraight Ġgames Ġto Ġfinish Ġa Ġ6 - 3 Ġ6 - 0 Ġwinner .,O O O O O O O O O O O O O O O O O O,O O O O O O O O O O O O O O O O O O
2689,Ġ Ċ Ċ rem ains Ġon Ġcourse Ġto Ġbecome Ġthe Ġfirst ĠAustralian Ġto Ġwin Ġher Ġhome Ġtitle Ġsince ĠChris ĠO ' Neil Ġin Ġ1978 .,O O O O O O O O O O O O O O O O O O B-ATHLETE I-ATHLETE I-ATHLETE I-ATHLETE O O O,O O O O O O O O O O O O O O O O O O B-ATHLETE I-ATHLETE I-ATHLETE I-ATHLETE O O O
2690,ĠThe Ġ10 th Ġseed Ġequ alled Ġher Ġbest Ġperformance Ġat Ġa ĠGrand ĠSlam Ġevent Ġwhen Ġshe Ġbeat Ġunse eded ĠRussian ĠNad ia ĠPetro va Ġ6 - 3 Ġ6 - 2 Ġto Ġreach Ġthe Ġfourth Ġround .,O O O O O O O O O O O O O O O O O O O O B-ATHLETE I-ATHLETE I-ATHLETE I-ATHLETE O O O O O O O O O O O O,O O O O O O O O O O O O O O O O O O O O B-ATHLETE I-ATHLETE I-ATHLETE I-ATHLETE O O O O O O O O O O O O
2691,"ĠAfter Ġa Ġtough Ġfirst Ġset , ĠMol ik Ġgrew Ġin Ġconfidence Ġand Ġwon Ġin Ġjust Ġ56 Ġminutes .",O O O O O O B-ATHLETE I-ATHLETE O O O O O O O O O O,O O O O O O B-ATHLETE I-ATHLETE O O O O O O O O O O
2692,"ĠShe Ġwill Ġnow Ġmeet ĠVenus ĠWilliams . Ġ""",O O O O B-ATHLETE I-ATHLETE O O,O O O O B-ATHLETE I-ATHLETE O O
2693,"ĠBring Ġit Ġon ,"" Ġsaid Ġthe Ġ23 - year - old . Ġ""",O O O O O O O O O O O O O,O O O O O O O O O O O O O
2694,"ĠI Ġplayed Ġpretty Ġwell Ġand Ġit Ġwas Ġnice Ġto Ġget Ġthrough Ġin Ġstraight Ġsets ."" Ġ""",O O O O O O O O O O O O O O O O,O O O O O O O O O O O O O O O O
2695,"ĠWe Ġwere Ġdestined Ġto Ġmeet , ĠI Ġguess ,"" ĠWilliams Ġsaid Ġreferring Ġto Ġher Ġmatch Ġwith ĠMol ik . Ġ""",O O O O O O O O O B-ATHLETE O O O O O O B-ATHLETE I-ATHLETE O O,O O O O O O O O O B-ATHLETE O O O O O O B-ATHLETE I-ATHLETE O O
2696,ĠIt Ġwill Ġbe Ġa Ġhuge Ġmatch Ġfor Ġher Ġin ĠAustralia .,O O O O O O O O O O O,O O O O O O O O O O O
2697,"ĠI Ġcan Ġtell Ġshe 's Ġprobably Ġvery Ġmotivated Ġby Ġthat Ġso ĠI Ġneed Ġto Ġget Ġout Ġthere Ġand Ġplay Ġwell .""",O O O O O O O O O O O O O O O O O O O O O,O O O O O O O O O O O O O O O O O O O O O
2698,Ġ Ċ Ċ beat ĠSlovakia 's ĠDaniel a ĠH ant uch ova Ġin Ġa Ġroller co aster Ġmatch .,O O O O O O B-ATHLETE I-ATHLETE I-ATHLETE I-ATHLETE I-ATHLETE I-ATHLETE O O O O O O O,O O O O O O B-ATHLETE I-ATHLETE I-ATHLETE I-ATHLETE I-ATHLETE I-ATHLETE O O O O O O O
2699,"ĠD ement ie va Ġcame Ġthrough Ġ7 - 5 Ġ5 - 7 Ġ6 - 4 , Ġbecoming Ġthe Ġseventh ĠRussian Ġwoman Ġto Ġreach Ġthe Ġlast Ġ16 Ġin ĠMelbourne .",B-ATHLETE I-ATHLETE I-ATHLETE I-ATHLETE O O O O O O O O O O O O O O O O O O O O O O O O O,B-ATHLETE I-ATHLETE I-ATHLETE I-ATHLETE O O O O O O O O O O O O O O O O O O O O O O O O O
2700,"ĠThe Ġmatch Ġlasted Ġalmost Ġthree Ġhours Ġand Ġfeatured Ġ13 Ġservice Ġbreaks , Ġincluding Ġthree Ġin Ġthe Ġfinal Ġset Ġwhen ĠD ement ie va Ġheld Ġher Ġnerve Ġto Ġseal Ġthe Ġwin .",O O O O O O O O O O O O O O O O O O O B-ATHLETE I-ATHLETE I-ATHLETE I-ATHLETE O O O O O O O O,O O O O O O O O O O O O O O O O O O O B-ATHLETE I-ATHLETE I-ATHLETE I-ATHLETE O O O O O O O O
2701,ĠShe Ġnow Ġfaces Ċ Ċ after Ġthe ĠSwiss Ġ12 th Ġseed Ġbeat ĠAmerican ĠAb ig ail ĠSpears Ġ7 - 6 Ġ6 - 3 .,O O O O O O O O O O O O O B-ATHLETE I-ATHLETE I-ATHLETE I-ATHLETE O O O O O O O,O O O O O O O O O O O O O B-ATHLETE I-ATHLETE I-ATHLETE I-ATHLETE O O O O O O O
2702,ĠFrench ĠOpen Ġchampion Ċ Ċ received Ġa Ġfree Ġride Ġinto Ġthe Ġlast Ġ16 Ġafter ĠLisa ĠRaymond Ġwas Ġforced Ġto Ġwithdraw .,O O O O O O O O O O O O O O B-ATHLETE I-ATHLETE O O O O O,O O O O O O O O O O O O O O B-ATHLETE I-ATHLETE O O O O O
2703,"ĠRaymond , Ġthe Ġ25 th Ġseeded ĠAmerican , Ġwas Ġruled Ġout Ġafter Ġsustaining Ġa Ġleft Ġabdominal Ġmuscle Ġtear Ġin Ġthe Ġdoubles .",O O O O O O O O O O O O O O O O O O O O O O,B-ATHLETE O O O O O O O O O O O O O O O O O O O O O
2704,"ĠM ys k ina , Ġthe Ġthird Ġseed , Ġnow Ġplays ĠFrance 's Ċ Ċ who Ġbeat ĠFrances ca ĠSch ia v one Ġof ĠItaly Ġ6 - 3 Ġ6 - 3 . Ġ""",O O O O O O O O O O O O O O O O O B-ATHLETE I-ATHLETE I-ATHLETE I-ATHLETE I-ATHLETE I-ATHLETE O O O O O O O O O O,B-ATHLETE I-ATHLETE I-ATHLETE I-ATHLETE O O O O O O O O O O O O O B-ATHLETE I-ATHLETE I-ATHLETE I-ATHLETE I-ATHLETE I-ATHLETE O O O O O O O O O O
2705,"ĠI 'm Ġextremely Ġdisappointed Ġbecause ĠI Ġcouldn 't Ġhave Ġasked Ġto Ġplay Ġbetter Ġin Ġmy Ġfirst Ġtwo Ġmatches ,"" ĠRaymond Ġsaid .",O O O O O O O O O O O O O O O O O O O O O O,O O O O O O O O O O O O O O O O O O O B-ATHLETE O O
2706,ĠWhat 's Ġnext Ġfor Ġnext - gen Ġconsoles ?,O O O O O O O O O,O O O O O O O O O
2707,Ġ Ċ Ċ The Ġnext Ġgeneration Ġof Ġvideo Ġgames Ġconsoles Ġare Ġin Ġdevelopment Ġbut Ġwhat Ġwill Ġthe Ġnew Ġmachines Ġmean Ġfor Ġgames Ġfirms Ġand Ġconsumers ?,O O O O O O O O O O O O O O O O O O O O O O O O O O,O O O O O O O O O O O O O O O O O O O O O O O O O O
2708,"ĠWe Ġmay Ġnot Ġknow Ġwhen Ġthey Ġwill Ġbe Ġreleased , Ġwhat Ġthey Ġwill Ġbe Ġcalled Ġor Ġeven Ġwhat Ġthey Ġwill Ġbe Ġable Ġto Ġdo Ġbut Ġone Ġthing Ġis Ġcertain Ġ- Ġthey Ġare Ġcoming .",O O O O O O O O O O O O O O O O O O O O O O O O O O O O O O O O O O,O O O O O O O O O O O O O O O O O O O O O O O O O O O O O O O O O O
2709,"ĠSony , ĠMicrosoft Ġand ĠNintendo Ġare Ġall Ġexpected Ġto Ġrelease Ġnew Ġmachines Ġin Ġthe Ġnext Ġ18 Ġmonths .",O O O O O O O O O O O O O O O O O O,O O O O O O O O O O O O O O O O O O
2710,"ĠThe Ġdetails Ġof ĠPlayStation Ġ3 , ĠXbox Ġ2 Ġ( cod ename ĠXen on ) Ġand ĠNintendo 's Ġso - called ĠRevolution Ġare Ġstill Ġto Ġbe Ġfinal ised Ġbut Ġdevelopers Ġare Ġhaving Ġto Ġwork Ġon Ġtitles Ġfor Ġthe Ġnew Ġmachines Ġregardless .",O O O O O O O O O O O O O O O O O O O O O O O O O O O O O O O O O O O O O O O O O,O O O O O O O O O O O O O O O O O O O O O O O O O O O O O O O O O O O O O O O O O
2711,"Ġ Ċ Ċ "" We Ġknow Ġmaybe Ġwhat Ġthe ĠPS 3 Ġwill Ġdo , Ġbut Ġwe Ġcan Ġonly Ġguess ,"" Ġsaid ĠRory ĠAr mes , Ġstudio Ġgeneral Ġmanager Ġfor Ġvideo Ġgame Ġgiant ĠElectronic ĠArts Ġin ĠEurope . Ġ""",O O O O O O O O O O O O O O O O O O O O O B-BUSINESS-EXECUTIVE-MANAGER I-BUSINESS-EXECUTIVE-MANAGER I-BUSINESS-EXECUTIVE-MANAGER O O O O O O O O O O O O O O,O O O O O O O O O O O O O O O O O O O O O B-BUSINESS-EXECUTIVE-MANAGER I-BUSINESS-EXECUTIVE-MANAGER I-BUSINESS-EXECUTIVE-MANAGER O O O O O O O O O O O O O O
2712,"ĠIt 's Ġa Ġhorrendous Ġeffort Ġin Ġthe Ġfirst Ġyear ,"" Ġhe Ġadmitted .",O O O O O O O O O O O O O,O O O O O O O O O O O O O
2713,"ĠMicrosoft Ġhad Ġdelivered Ġdevelopment Ġkits Ġto ĠEA , Ġsaid ĠMr ĠAr mes , Ġbut Ġhe Ġsaid Ġthe Ġcompany Ġwas Ġstill Ġwaiting Ġon ĠSony Ġand ĠNintendo Ġto Ġsend Ġkits .",O O O O O O O O O O O O O O O O O O O O O O O O O O O O O,O O O O O O O O O O B-BUSINESS-EXECUTIVE-MANAGER I-BUSINESS-EXECUTIVE-MANAGER O O O O O O O O O O O O O O O O O
2714,"ĠAlthough Ġthe Ġdetails Ġmay Ġnot Ġbe Ġnailed Ġdown , ĠMr ĠAr mes Ġsaid ĠEA Ġwas Ġbeginning Ġto Ġget Ġa Ġsense Ġof Ġthe Ġcapabilities Ġof Ġthe Ġnew Ġmachines . Ġ""",O O O O O O O O O O O O O O O O O O O O O O O O O O O O O,O O O O O O O O O O B-BUSINESS-EXECUTIVE-MANAGER I-BUSINESS-EXECUTIVE-MANAGER O O O O O O O O O O O O O O O O O
2715,"ĠThe Ġrumours Ġare Ġthat ĠPlayStation Ġ3 Ġwill Ġhave Ġa Ġlittle Ġmore Ġunder Ġthe Ġhood Ġ[ than ĠXbox Ġ2 ],"" Ġhe Ġsaid .",O O O O O O O O O O O O O O O O O O O O O O,O O O O O O O O O O O O O O O O O O O O O O
2716,"Ġ Ċ Ċ "" Microsoft Ġis Ġobviously Ġa Ġsoftware Ġcompany Ġfirst Ġand Ġforemost , Ġwhile ĠSony Ġhas Ġmore Ġexperience Ġin Ġhardware .",O O O O O O O O O O O O O O O O O O O O O O,O O O O O O O O O O O O O O O O O O O O O O
2717,"ĠI Ġthink ĠSony Ġwill Ġbe Ġable Ġto Ġpush Ġmore Ġinto Ġa Ġbox Ġat Ġcost .""",O O O O O O O O O O O O O O O,O O O O O O O O O O O O O O O
2718,Ġ Ċ Ċ What Ġis Ġcertain Ġis Ġthat Ġthe Ġnew Ġmachines Ġwill Ġprovide Ġgreat Ġleaps Ġin Ġprocessing Ġand Ġgraphical Ġpower .,O O O O O O O O O O O O O O O O O O O O O,O O O O O O O O O O O O O O O O O O O O O
2719,ĠIt Ġis Ġalso Ġlikely Ġthat Ġthey Ġwill Ġcontain Ġconvergence Ġtechnologies Ġto Ġmake Ġthe Ġmachines Ġmore Ġof Ġan Ġentertainment Ġhub .,O O O O O O O O O O O O O O O O O O O O,O O O O O O O O O O O O O O O O O O O O
2720,ĠAt Ġthe ĠConsumer ĠElectronics ĠShow Ġin ĠLas ĠVegas ĠMicrosoft Ġboss ĠBill ĠGates Ġsaid ĠXbox Ġ2 Ġwould Ġbe Ġpart Ġof Ġhis Ġvision Ġof Ġthe Ġdigital Ġlifestyle .,O O O O O O O O O O B-BUSINESS-EXECUTIVE-MANAGER I-BUSINESS-EXECUTIVE-MANAGER O O O O O O O O O O O O O O,O O O O O O O O O O B-BUSINESS-EXECUTIVE-MANAGER I-BUSINESS-EXECUTIVE-MANAGER O O O O O O O O O O O O O O
2721,"ĠWhile Ġshort Ġon Ġdetail , Ġhe Ġpainted Ġa Ġpicture Ġof Ġa Ġmachine Ġthat Ġwould Ġcomplement Ġa ĠPC Ġand Ġoffer Ġ"" great Ġvideo Ġgaming Ġbut Ġvideo Ġgaming Ġfor Ġa Ġbroader Ġset Ġof Ġpeople , Ġmore Ġcommunications , Ġmore Ġmedia , Ġmore Ġconnectivity "".",O O O O O O O O O O O O O O O O O O O O O O O O O O O O O O O O O O O O O O O O O O,O O O O O O O O O O O O O O O O O O O O O O O O O O O O O O O O O O O O O O O O O O
2722,ĠSony Ġis Ġthought Ġto Ġhave Ġa Ġsimilar Ġvision Ġfor ĠPS 3 Ġwhile ĠNintendo Ġremain Ġfocused Ġon Ġa Ġmachine Ġpurely Ġfor Ġgames .,O O O O O O O O O O O O O O O O O O O O O O,O O O O O O O O O O O O O O O O O O O O O O
2723,"Ġ Ċ Ċ Until Ġit Ġis Ġclear Ġprecisely Ġwhat Ġthe Ġnew Ġmachines Ġcan Ġdo , Ġdevelopers Ġare Ġworking Ġon Ġa Ġfirst Ġround Ġof Ġtitles Ġto Ġharness Ġthe Ġnew Ġhorsepower .",O O O O O O O O O O O O O O O O O O O O O O O O O O O O O O,O O O O O O O O O O O O O O O O O O O O O O O O O O O O O O
2724,"ĠGary ĠDunn , Ġdevelopment Ġdirector Ġat ĠCod em asters , Ġsaid Ġthe Ġcompany Ġhad Ġa Ġcentral Ġtechnology Ġgroup Ġwhich Ġwas Ġat Ġthe Ġforefront Ġof Ġpreparing Ġfor Ġthe Ġnext Ġgeneration Ġof Ġconsoles . Ġ""",B-BUSINESS-EXECUTIVE-MANAGER I-BUSINESS-EXECUTIVE-MANAGER O O O O O O O O O O O O O O O O O O O O O O O O O O O O O O O,B-BUSINESS-EXECUTIVE-MANAGER I-BUSINESS-EXECUTIVE-MANAGER O O O O O O O O O O O O O O O O O O O O O O O O O O O O O O O
2725,ĠWe Ġare Ġworking Ġon Ġnew Ġlibraries Ġof Ġeffects .,O O O O O O O O O,O O O O O O O O O
2726,"ĠA Ġlot Ġof Ġthe Ġmajor Ġtechniques Ġare Ġalready Ġout Ġthere Ġand Ġin Ġuse Ġin ĠPC Ġgaming , Ġsuch Ġas Ġpixel Ġsh aders Ġand Ġnormal Ġmapping .""",O O O O O O O O O O O O O O O O O O O O O O O O O O,O O O O O O O O O O O O O O O O O O O O O O O O O O
2727,"Ġ Ċ Ċ Mr ĠDunn Ġsaid Ġhe Ġexpected Ġthe Ġintroduction Ġof Ġreal - world Ġphysics Ġto Ġbe Ġa Ġmajor Ġpart Ġof Ġthe Ġnew Ġconsoles . Ġ""",O O O O O O O O O O O O O O O O O O O O O O O O O O,O O O O B-PUBLIC-FIGURE O O O O O O O O O O O O O O O O O O O O O
2728,"ĠWe Ġwant Ġto Ġincrease Ġthat Ġlevel Ġof Ġimmersion Ġand Ġrealism Ġin Ġgaming Ġto Ġpeople Ġcan Ġlose Ġthemselves Ġin Ġa Ġgame .""",O O O O O O O O O O O O O O O O O O O O O,O O O O O O O O O O O O O O O O O O O O O
2729,"ĠIn Ġthe Ġfirst Ġyear Ġat Ġleast , Ġdevelopers Ġsaid Ġgamers Ġshould Ġnot Ġexpect Ġgames Ġwhich Ġharness Ġthe Ġfull Ġpotential Ġof Ġthe Ġmachines .",O O O O O O O O O O O O O O O O O O O O O O O,O O O O O O O O O O O O O O O O O O O O O O O
2730,ĠGraph ical Ġspit Ġand Ġpolish Ġand Ġbetter Ġphysics Ġin Ġline Ġwith Ġthe Ġcapabilities Ġof Ġcurrent Ġhigh - end Ġgraphics Ġcards Ġfor ĠPCs Ġshould Ġbe Ġexpected .,O O O O O O O O O O O O O O O O O O O O O O O O O O,O O O O O O O O O O O O O O O O O O O O O O O O O O
2731,"ĠSimon ĠGardner , Ġpresident Ġof ĠClim ax 's ĠAction ĠStudio , Ġsaid : Ġ"" It 's Ġdefinitely Ġan Ġexciting Ġtime .",B-BUSINESS-EXECUTIVE-MANAGER I-BUSINESS-EXECUTIVE-MANAGER O O O O O O O O O O O O O O O O O O O,B-BUSINESS-EXECUTIVE-MANAGER I-BUSINESS-EXECUTIVE-MANAGER O O O O O O O O O O O O O O O O O O O
2732,ĠWe Ġwant Ġto Ġgive Ġmore Ġfreedom Ġto Ġthe Ġplayer .,O O O O O O O O O O,O O O O O O O O O O
2733,"ĠWe Ġwant Ġto Ġgive Ġplayers Ġan Ġemotional Ġconnection Ġto Ġthe Ġcharacters Ġthey Ġplay . Ġ""",O O O O O O O O O O O O O O O,O O O O O O O O O O O O O O O
2734,"ĠThe Ġenvironments Ġwill Ġbe Ġmuch Ġmore Ġbelievable Ġand Ġdramatic , Ġgrowing Ġand Ġchanging Ġas Ġyou Ġplay . Ġ""",O O O O O O O O O O O O O O O O O O,O O O O O O O O O O O O O O O O O O
2735,"ĠThere Ġwill Ġbe Ġa Ġbreadth Ġof Ġeffects , Ġmore Ġinvolving Ġworlds Ġto Ġplay Ġin .",O O O O O O O O O O O O O O O,O O O O O O O O O O O O O O O
2736,"Ġ Ċ Ċ "" It 's Ġa Ġbit Ġlike Ġbeing Ġan Ġartist Ġand Ġbeing Ġgiven Ġa Ġbigger Ġcanvas Ġand Ġa Ġsmaller Ġbrush .",O O O O O O O O O O O O O O O O O O O O O O O,O O O O O O O O O O O O O O O O O O O O O O O
2737,"ĠWe 're Ġbeing Ġgiven Ġmore Ġtools . Ġ""",O O O O O O O O,O O O O O O O O
2738,"ĠFor Ġthe Ġaverage Ġconsumer , Ġwe Ġcan Ġget Ġthings Ġof Ġa Ġmore Ġfilm ic Ġquality .""",O O O O O O O O O O O O O O O O,O O O O O O O O O O O O O O O O
2739,"ĠGer hard ĠFlor in , Ġhead Ġof ĠEA Ġin ĠEurope , Ġsaid Ġgamers Ġshould Ġexpect Ġtitles Ġthat Ġblur Ġthe Ġline Ġbetween Ġfilms Ġand Ġvideo Ġgames .",B-BUSINESS-EXECUTIVE-MANAGER I-BUSINESS-EXECUTIVE-MANAGER I-BUSINESS-EXECUTIVE-MANAGER I-BUSINESS-EXECUTIVE-MANAGER O O O O O O O O O O O O O O O O O O O O O O,B-BUSINESS-EXECUTIVE-MANAGER I-BUSINESS-EXECUTIVE-MANAGER I-BUSINESS-EXECUTIVE-MANAGER I-BUSINESS-EXECUTIVE-MANAGER O O O O O O O O O O O O O O O O O O O O O O
2740,"ĠMany Ġwill Ġbe Ġscept ical Ġ- Ġgamers Ġwere Ġgiven Ġsimilar Ġpredictions Ġduring Ġthe Ġlast Ġtransition Ġof Ġconsole Ġhardware Ġ- Ġbut Ġthis Ġtime Ġit Ġwould Ġseem Ġto Ġbe Ġmore Ġlikely . Ġ""",O O O O O O O O O O O O O O O O O O O O O O O O O O O O O O O,O O O O O O O O O O O O O O O O O O O O O O O O O O O O O O O
2741,"ĠPS 3 Ġwill Ġprovide Ġgraphics Ġindistinguishable Ġfrom Ġmovies ,"" Ġsaid ĠMr ĠFlor in .",O O O O O O O O O O O O O O,O O O O O O O O O O O B-BUSINESS-EXECUTIVE-MANAGER I-BUSINESS-EXECUTIVE-MANAGER O
2742,"ĠHe Ġsaid Ġthe Ġdistribution Ġmethod Ġfor Ġgames Ġwould Ġalso Ġchange Ġradically Ġin Ġthe Ġnext Ġround Ġof Ġconsoles . Ġ""",O O O O O O O O O O O O O O O O O O O,O O O O O O O O O O O O O O O O O O O
2743,ĠA Ġgamer Ġcould Ġbuy Ġa Ġstarter Ġdisc Ġfor Ġ10 Ġeuros .,O O O O O O O O O O O,O O O O O O O O O O O
2744,ĠWhen Ġhe Ġgoes Ġhome Ġhe Ġgoes Ġonline Ġand Ġhe Ġcould Ġbuy ĠAI Ġand Ġlevels Ġas Ġyou Ġgo .,O O O O O O O O O O O O O O O O O O,O O O O O O O O O O O O O O O O O O
2745,"Ġ Ċ Ċ "" It 's Ġmuch Ġsmarter Ġif Ġyou Ġcan Ġget Ġlevels Ġas Ġyou Ġgo .""",O O O O O O O O O O O O O O O O O,O O O O O O O O O O O O O O O O O
2746,"ĠMr ĠAr mes Ġwarned Ġthat Ġdevelopers Ġstill Ġhad Ġto Ġlearn Ġhow Ġto Ġtell Ġstories Ġeffectively Ġin Ġthe Ġmedium . Ġ""",O O O O O O O O O O O O O O O O O O O O,O B-BUSINESS-EXECUTIVE-MANAGER I-BUSINESS-EXECUTIVE-MANAGER O O O O O O O O O O O O O O O O O
2747,"ĠIn Ġsome Ġways Ġwe Ġare Ġtrying Ġto Ġforget Ġabout Ġthe Ġhardware , Ġgo Ġin Ġthe Ġopposite Ġdirection .",O O O O O O O O O O O O O O O O O O,O O O O O O O O O O O O O O O O O O
2748,"ĠWe Ġhave Ġbeen Ġvery Ġbad Ġat Ġletting Ġtechnology Ġdesign Ġour Ġcreativity . Ġ""",O O O O O O O O O O O O O,O O O O O O O O O O O O O
2749,"ĠWhat Ġwe Ġhave Ġto Ġdo Ġas Ġa Ġcompany Ġis Ġstart Ġignoring Ġthe Ġtechnology Ġand Ġlearning Ġour Ġcraft Ġin Ġtelling Ġstories .""",O O O O O O O O O O O O O O O O O O O O O,O O O O O O O O O O O O O O O O O O O O O
2750,"ĠMr ĠGardner Ġagreed : Ġ"" We Ġcan Ġthrown Ġmore Ġpolyg ons Ġaround Ġand Ġhave Ġbetter ĠAI Ġbut Ġif Ġit Ġdoesn 't Ġmake Ġfor Ġa Ġbetter Ġgame Ġthen Ġthat 's Ġnot Ġvery Ġuseful .""",O O O O O O O O O O O O O O O O O O O O O O O O O O O O O O O O O,O B-BUSINESS-EXECUTIVE-MANAGER O O O O O O O O O O O O O O O O O O O O O O O O O O O O O O O
2751,"ĠDevelopers Ġwill Ġcertainly Ġhave Ġthe Ġtools Ġwith Ġthe Ġnew Ġmachines , Ġbut Ġhow Ġthey Ġemploy Ġthem Ġis Ġstill Ġto Ġbe Ġdecided .",O O O O O O O O O O O O O O O O O O O O O O,O O O O O O O O O O O O O O O O O O O O O O
2752,ĠSmith Ġloses ĠUS Ġbox Ġoffice Ġcrown Ċ Ċ New Ġcomedy ĠDiary Ġof Ġa ĠMad ĠBlack ĠWoman Ġhas Ġended ĠWill ĠSmith 's Ġreign Ġat Ġthe Ġtop Ġof Ġthe ĠNorth ĠAmerican Ġbox Ġoffice .,O O O O O O O O O O O O O O O O O O B-ACTOR-DIRECTOR I-ACTOR-DIRECTOR O O O O O O O O O O O O,B-ACTOR-DIRECTOR O O O O O O O O O O O O O O O O O B-ACTOR-DIRECTOR I-ACTOR-DIRECTOR I-ACTOR-DIRECTOR O O O O O O O O O O O
2753,"Ġ Ċ Ċ Based Ġon Ġa Ġplay Ġby ĠTyler ĠPerry , Ġwho Ġalso Ġstars Ġas Ġa Ġgun - t oting Ġgrandmother , Ġthe Ġfilm Ġtook Ġ$ 22 . 7 m Ġ(Â£ 11 . 8 m ) Ġin Ġits Ġfirst Ġthree Ġdays Ġof Ġrelease .",O O O O O O O O B-ACTOR-DIRECTOR I-ACTOR-DIRECTOR O O O O O O O O O O O O O O O O O O O O O O O O O O O O O O O O O O,O O O O O O O O B-AUTHOR-WRITER I-AUTHOR-WRITER O O O O O O O O O O O O O O O O O O O O O O O O O O O O O O O O O O
2754,"ĠAfter Ġtopping Ġthe Ġchart Ġfor Ġtwo Ġconsecutive Ġweeks , ĠSmith 's Ġromantic Ġcomedy ĠHitch Ġdropped Ġto Ġsecond Ġplace Ġwith Ġt akings Ġof Ġ$ 21 m Ġ(Â£ 10 . 9 m ).",O O O O O O O O O O O O O O O O O O O O O O O O O O O O O O O,O O O O O O O O O B-ACTOR-DIRECTOR O O O O O O O O O O O O O O O O O O O O O
2755,ĠKe anu ĠReeves ' Ġsupernatural Ġthriller ĠConstantine Ġdropped Ġa Ġplace Ġto Ġthree .,B-ACTOR-DIRECTOR I-ACTOR-DIRECTOR I-ACTOR-DIRECTOR O O O O O O O O O O,B-ACTOR-DIRECTOR I-ACTOR-DIRECTOR I-ACTOR-DIRECTOR O O O O O O O O O O
2756,"ĠBased Ġon Ġthe ĠHell bl azer Ġcomics , Ġthe Ġfilm Ġtook Ġ$ 11 . 8 m Ġ(Â£ 6 . 1 m ) Ġon Ġits Ġsecond Ġweek Ġof Ġrelease .",O O O O O O O O O O O O O O O O O O O O O O O O O O O O O,O O O B-PUBLIC-FIGURE I-PUBLIC-FIGURE I-PUBLIC-FIGURE O O O O O O O O O O O O O O O O O O O O O O O
2757,"ĠTwo Ġnew Ġentries Ġcame Ġnext Ġin Ġthe Ġchart , Ġwith ĠWes ĠCra ven 's Ġhorror Ġmovie ĠCursed , Ġabout Ġa Ġwere wolf Ġloose Ġin ĠLos ĠAngeles , Ġin Ġfourth Ġposition Ġwith Ġ$ 9 . 5 m Ġ(Â£ 4 . 9 m ).",O O O O O O O O O O B-ACTOR-DIRECTOR I-ACTOR-DIRECTOR I-ACTOR-DIRECTOR O O O O O O O O O O O O O O O O O O O O O O O O O O O O O,O O O O O O O O O O B-ACTOR-DIRECTOR I-ACTOR-DIRECTOR I-ACTOR-DIRECTOR I-ACTOR-DIRECTOR O O O O O O O O O O O O O O O O O O O O O O O O O O O O
2758,"Ġ Ċ Ċ Action Ġcomedy ĠMan Ġof Ġthe ĠHouse , Ġstarring ĠTommy ĠLee ĠJones Ġas Ġa ĠTexas Ġranger Ġassigned Ġto Ġprotect Ġa Ġcheer leader Ġsquad , Ġcame Ġin Ġat Ġfifth Ġwith Ġ$ 9 m Ġ(Â£ 4 . 6 m ).",O O O O O O O O O O O B-ACTOR-DIRECTOR I-ACTOR-DIRECTOR I-ACTOR-DIRECTOR O O O O O O O O O O O O O O O O O O O O O O O O O O,O O O O O O O O O O O B-ACTOR-DIRECTOR I-ACTOR-DIRECTOR I-ACTOR-DIRECTOR O O O O O O O O O O O O O O O O O O O O O O O O O O
2759,"ĠClint ĠEast wood 's Ġboxing Ġdrama ĠMillion ĠDollar ĠBaby Ġ- Ġrecipient Ġof Ġfour ĠAcademy ĠAwards , Ġincluding Ġbest Ġpicture Ġ- Ġcontinued Ġto Ġperform Ġwell Ġin Ġsixth Ġplace Ġwith Ġt akings Ġof Ġ$ 7 . 2 m Ġ(Â£ 3 . 74 m ).",B-ACTOR-DIRECTOR I-ACTOR-DIRECTOR I-ACTOR-DIRECTOR O O O O O O O O O O O O O O O O O O O O O O O O O O O O O O O O O O O O O O O,B-ACTOR-DIRECTOR I-ACTOR-DIRECTOR I-ACTOR-DIRECTOR I-ACTOR-DIRECTOR O O O O O O O O O O O O O O O O O O O O O O O O O O O O O O O O O O O O O O
2760,"ĠMartin ĠSc ors ese 's ĠHollywood Ġbi opic ĠThe ĠAv iator Ġ- Ġwhich Ġwon Ġfive ĠOscars , Ġall Ġin Ġminor Ġcategories Ġ- Ġheld Ġon Ġin Ġninth Ġplace .",B-ACTOR-DIRECTOR I-ACTOR-DIRECTOR I-ACTOR-DIRECTOR I-ACTOR-DIRECTOR O O O O O O O O O O O O O O O O O O O O O O O O,B-ACTOR-DIRECTOR I-ACTOR-DIRECTOR I-ACTOR-DIRECTOR I-ACTOR-DIRECTOR I-ACTOR-DIRECTOR O O O O O O O O O O O O O O O O O O O O O O O
2761,ĠThe Ġlow - budget Ġfeature ĠDiary Ġof Ġa ĠMad ĠBlack ĠWoman Ġstars ĠKimberly ĠElise Ġas Ġa Ġwoman Ġthrown Ġout Ġon Ġthe Ġstreets Ġby Ġher Ġphil andering Ġhusband .,O O O O O O O O O O O O B-ACTOR-DIRECTOR I-ACTOR-DIRECTOR O O O O O O O O O O O O O O,O O O O O O O O O O O O B-ACTOR-DIRECTOR I-ACTOR-DIRECTOR O O O O O O O O O O O O O O
2762,"ĠWith Ġthe Ġhelp Ġof Ġher Ġgrandmother ĠMade a Ġ( one Ġof Ġthree Ġroles Ġplayed Ġby ĠPerry ), Ġshe Ġplots Ġrevenge .",O O O O O O O O O O O O O O O O O O O O O,O O O O O O B-PUBLIC-FIGURE I-PUBLIC-FIGURE O O O O O O O B-ACTOR-DIRECTOR O O O O O
2763,"ĠPerry , Ġ34 , Ġis Ġone Ġof ĠAmerica 's Ġbest - known Ġblack Ġplay wr ights Ġbut Ġis Ġa Ġnewcomer Ġto Ġfilm .",O O O O O O O O O O O O O O O O O O O O O O O,B-ACTOR-DIRECTOR O O O O O O O O O O O O O O O O O O O O O O
2764,"ĠOnce Ġmade Ġhomeless Ġafter Ġinvesting Ġhis Ġown Ġmoney Ġin Ġunsuccessful Ġproductions Ġof Ġhis Ġwork , Ġhe Ġnow Ġlives Ġin Ġthe Ġmansion Ġin Ġwhich ĠDiary Ġof Ġa ĠMad ĠBlack ĠWoman Ġwas Ġfilmed .",O O O O O O O O O O O O O O O O O O O O O O O O O O O O O O O O,O O O O O O O O O O O O O O O O O O O O O O O O O O O O O O O O
2765,"ĠHousing Ġplans Ġcriticised Ġby ĠMPs Ċ Ċ "" Ir re versible Ġenvironmental Ġdamage "" Ġwill Ġbe Ġcaused Ġby Ġgovernment Ġplans Ġto Ġbuild Ġmore Ġthan Ġone Ġmillion Ġhomes Ġin Ġsouth - east ĠEngland , ĠMPs Ġhave Ġwarned .",O O O O O O O O O O O O O O O O O O O O O O O O O O O O O O O O O O O O O,O O O O O O O O O O O O O O O O O O O O O O O O O O O O O O O O O O O O O
2766,"Ġ Ċ Ċ "" S ustainable Ġcommunities "" Ġwere Ġbeing Ġpromoted Ġwithout Ġa Ġreal Ġunderstanding Ġof Ġwhat Ġ"" s ustainable "" Ġmeans , Ġthe ĠEnvironmental ĠAudit ĠCommittee Ġsaid .",O O O O O O O O O O O O O O O O O O O O O O O O O O O O O,O O O O O O O O O O O O O O O O O O O O O O O O O O O O O
2767,ĠIt Ġsaid Ġissues Ġlike Ġenergy Ġneeds Ġand Ġtransport Ġwere Ġnot Ġproperly Ġaddressed .,O O O O O O O O O O O O O,O O O O O O O O O O O O O
2768,ĠDeputy ĠPrime ĠMinister ĠJohn ĠPrescott Ġsaid Ġthe Ġreport Ġwas Ġcompleted Ġbefore Ġnew Ġinitiatives Ġwere Ġannounced .,O O O B-POLITICIAN I-POLITICIAN O O O O O O O O O O O,O O O B-POLITICIAN I-POLITICIAN O O O O O O O O O O O
2769,"ĠHe Ġsaid : Ġ"" We Ġare Ġworking Ġacross Ġgovernment , Ġespecially Ġwith Ġour Ġcolleagues Ġat ĠDef ra , Ġto Ġcreate Ġcleaner , Ġsafer Ġand Ġgre ener Ġcommunities , Ġwhile Ġprotecting Ġand Ġenhancing Ġthe Ġenvironment .""",O O O O O O O O O O O O O O O O O O O O O O O O O O O O O O O O O O O,O O O O O O O O O O O O O O O O O O O O O O O O O O O O O O O O O O O
2770,"Ġ Ċ Ċ The Ġreport Ġsaid Ġthere Ġwas Ġfar Ġtoo Ġlittle Ġattention Ġpaid Ġto Ġmany Ġenvironmental Ġissues , Ġincluding Ġwater , Ġeven Ġthough Ġsupplies Ġin Ġparts Ġof Ġthe ĠSouth ĠEast Ġare Ġalready Ġtoo Ġlow .",O O O O O O O O O O O O O O O O O O O O O O O O O O O O O O O O O O O,O O O O O O O O O O O O O O O O O O O O O O O O O O O O O O O O O O O
2771,"ĠRegulations Ġdesigned Ġto Ġensure Ġenergy - efficient Ġbuildings Ġare Ġtoo Ġlax , Ġand Ġbuilders Ġroutinely Ġfl out Ġthem Ġanyway , Ġit Ġsaid .",O O O O O O O O O O O O O O O O O O O O O O O,O O O O O O O O O O O O O O O O O O O O O O O
2772,Ġ Ċ Ċ Fin ancing Ġfor Ġimproving Ġtransport Ġwas Ġaround Ġone - tw ent ieth Ġof Ġwhat Ġwould Ġbe Ġrequired .,O O O O O O O O O O O O O O O O O O O O O,O O O O O O O O O O O O O O O O O O O O O
2773,"ĠThe Ġreport Ġwas Ġa Ġst inging Ġrebuke Ġfor Ġthe Ġgovernment Ġand Ġespecially ĠJohn ĠPrescott 's Ġdepartment , ĠBBC Ġenvironment Ġcorrespondent ĠRichard ĠBlack Ġsaid .",O O O O O O O O O O O O B-POLITICIAN I-POLITICIAN O O O O O O B-AUTHOR-WRITER I-AUTHOR-WRITER O O,O O O O O O O O O O O O B-POLITICIAN I-POLITICIAN I-POLITICIAN O O O O O B-PUBLIC-FIGURE I-PUBLIC-FIGURE O O
2774,"ĠChairman Ġof Ġthe ĠEnvironmental ĠAudit ĠCommittee ĠPeter ĠA ins worth ĠMP , Ġsaid : Ġ"" The Ġgovernment 's Ġhousing Ġpolicy Ġis Ġan Ġalarming Ġexample Ġof Ġdis j ointed Ġthinking Ġin Ġan Ġareas Ġwhere Ġjoined - up Ġpolicy Ġis Ġcrucial . Ġ""",O O O O O O B-POLITICIAN I-POLITICIAN I-POLITICIAN I-POLITICIAN O O O O O O O O O O O O O O O O O O O O O O O O O O O O O O O,O O O O O O B-POLITICIAN I-POLITICIAN I-POLITICIAN I-POLITICIAN I-POLITICIAN O O O O O O O O O O O O O O O O O O O O O O O O O O O O O O
2775,"ĠI Ġaccept Ġthe Ġneed Ġto Ġimprove Ġhousing Ġsupply Ġbut , Ġas Ġthings Ġstand , Ġthe Ġprincipal Ġbeneficiary Ġof Ġhousing Ġgrowth Ġwill Ġbe Ġproperty Ġdevelopers , Ġwith Ġthe Ġenvironment Ġwe Ġall Ġdepend Ġon Ġbeing Ġthe Ġprincipal Ġloser .""",O O O O O O O O O O O O O O O O O O O O O O O O O O O O O O O O O O O O O,O O O O O O O O O O O O O O O O O O O O O O O O O O O O O O O O O O O O O
2776,ĠPoints Ġraised Ġin Ġthe Ġreport Ġincluded : ĊĊ Ċ Ġ- ĠNo Ġproposals Ġto Ġfurther Ġincrease Ġhousing Ġsupply Ġshould Ġbe Ġtaken Ġforward Ġwithout Ġstrong Ġsupporting Ġevidence .,O O O O O O O O O O O O O O O O O O O O O O O O O O,O O O O O O O O O O O O O O O O O O O O O O O O O O
2777,"Ġ Ċ Ġ- ĠThe Ġgovernment Ġshould Ġrecognise Ġshortcomings Ġof Ġthe ĠTreasury 's ĠBarker ĠReview , Ġwhich Ġsaid Ġ140 , 000 Ġnew Ġhomes Ġa Ġyear Ġwere Ġneeded Ġin ĠBritain .",O O O O O O O O O O O O B-PUBLIC-FIGURE O O O O O O O O O O O O O O O O,O O O O O O O O O O O O O O O O O O O O O O O O O O O O O
2778,"Ġ Ċ Ġ- ĠThe Ġgovernment Ġshould Ġconsider Ġa Ġ"" national Ġspatial Ġframework "" Ġfor ĠEngland Ġsuch Ġas Ġthose Ġalready Ġin Ġplace Ġin ĠScotland Ġand ĠWales .",O O O O O O O O O O O O O O O O O O O O O O O O O O,O O O O O O O O O O O O O O O O O O O O O O O O O O
2779,Ġ Ċ Ġ- ĠThe ĠOffice Ġof Ġthe ĠDeputy ĠPrime ĠMinister Ġshould Ġmaxim ise Ġbrown Ġfield Ġdevelopment Ġand Ġhousing Ġdens ities .,O O O O O O O O O O O O O O O O O O O O O,O O O O O O O O O O O O O O O O O O O O O
2780,Ġ Ċ Ġ- ĠMeasures Ġto Ġencourage Ġimproved Ġenergy Ġefficiency Ġfor Ġexisting Ġhomes Ġshould Ġbe Ġconsidered Ġ- Ġincluding Ġreduced Ġstamp Ġduty Ġfor Ġhomes Ġthat Ġachieve Ġset Ġstandards Ġand Ġa Ġclear Ġtimetable Ġfor Ġachieving Ġzero - em issions Ġhomes .,O O O O O O O O O O O O O O O O O O O O O O O O O O O O O O O O O O O O O O,O O O O O O O O O O O O O O O O O O O O O O O O O O O O O O O O O O O O O O
2781,Ġ Ċ Ġ- ĠThe Ġgovernment Ġshould Ġmake Ġclear Ġhow Ġit Ġintends Ġto Ġmeasure Ġits Ġsuccess Ġat Ġcreating Ġsustainable Ġcommunities .,O O O O O O O O O O O O O O O O O O O O,O O O O O O O O O O O O O O O O O O O O
2782,"Ġ Ċ Ġ Ċ Ċ Conservative Ġlocal Ġgovernment Ġspokeswoman ĠCaroline ĠSp elman Ġsaid : Ġ"" There Ġis Ġnow Ġgrowing Ġevidence Ġthat ĠJohn ĠPrescott 's Ġbuildings Ġprogramme Ġis Ġenvironmentally Ġunsustainable , Ġleaving Ġa Ġconcrete Ġscar Ġacross Ġthe Ġface Ġof Ġrural ĠEngland .""",O O O O O O O O O B-POLITICIAN I-POLITICIAN I-POLITICIAN O O O O O O O O O B-POLITICIAN I-POLITICIAN O O O O O O O O O O O O O O O O O O,O O O O O O O O O B-POLITICIAN I-POLITICIAN I-POLITICIAN O O O O O O O O O B-POLITICIAN I-POLITICIAN I-POLITICIAN O O O O O O O O O O O O O O O O O
2783,"ĠHar iri Ġkilling Ġhits ĠBeirut Ġshares Ċ Ċ Shares Ġin ĠSol ide re , Ġthe ĠLebanese Ġcompany Ġfounded Ġby Ġassassinated Ġformer Ġprime Ġminister ĠRaf ik ĠHar iri , Ġfell Ġ15 % Ġin Ġrenewed Ġtrading Ġin ĠBeirut .",O O O O O O O O O O O O O O O O O O O O O O O B-POLITICIAN I-POLITICIAN I-POLITICIAN I-POLITICIAN O O O O O O O O O O,B-POLITICIAN I-POLITICIAN O O O O O O O O O O O O O O O O O O O O O B-POLITICIAN I-POLITICIAN I-POLITICIAN I-POLITICIAN O O O O O O O O O O
2784,"Ġ Ċ Ċ The Ġreal Ġestate Ġfirm , Ġwhich Ġdominates ĠLebanon 's Ġstock Ġexchange , Ġended Ġthe Ġday Ġdown Ġat Ġ$ 8 . 08 .",O O O O O O O O O O O O O O O O O O O O O O O O O,O O O O O O O O O O O O O O O O O O O O O O O O O
2785,"ĠTrad ers Ġsaid Ġthere Ġwas Ġsome Ġpanic Ġselling Ġduring ĠFriday 's Ġsession , Ġthe Ġfirst Ġsince Ġa Ġthree - day Ġmarket Ġclosure Ġto Ġmourn Ġthe Ġdeath Ġof ĠMr ĠHar iri .",O O O O O O O O O O O O O O O O O O O O O O O O O O O O O O O,O O O O O O O O O O O O O O O O O O O O O O O O O O O O B-PUBLIC-FIGURE I-PUBLIC-FIGURE O
2786,ĠBeirut 's Ġbenchmark ĠBL OM Ġstock Ġindex Ġclosed Ġdown Ġ7 . 9 % Ġat Ġ6 42 . 80 .,O O O O O O O O O O O O O O O O O O O,B-BUSINESS-EXECUTIVE-MANAGER O O O O O O O O O O O O O O O O O O
2787,"Ġ Ċ Ċ Sol ide re , Ġin Ġwhich ĠMr ĠHar iri Ġwas Ġa Ġmajor Ġshareholder , Ġwas Ġthe Ġmajor Ġdrag Ġon Ġthe Ġindex .",O O O O O O O O O O O O O O O O O O O O O O O O O,O O O O O O O O O O B-BUSINESS-EXECUTIVE-MANAGER I-BUSINESS-EXECUTIVE-MANAGER O O O O O O O O O O O O O
2788,"ĠThe Ġcompany Ġowns Ġmuch Ġof Ġthe Ġproperty Ġin Ġcentral ĠBeirut , Ġwhich Ġit Ġrestored Ġand Ġredevelop ed Ġfollowing Ġthe Ġend Ġof ĠLebanon 's Ġbitter Ġ15 - year Ġcivil Ġwar . Ġ""",O O O O O O O O O O O O O O O O O O O O O O O O O O O O O O O,O O O O O O O O O O O O O O O O O O O O O O O O O O O O O O O
2789,"ĠSol ide re Ġshould Ġbe Ġabove Ġ$ 10 Ġbut Ġbecause Ġof Ġthis Ġdisaster Ġit Ġis Ġfalling ,"" Ġsaid Ġone Ġtrader . Ġ""",O O O O O O O O O O O O O O O O O O O O O O,O O O O O O O O O O O O O O O O O O O O O O
2790,ĠIf ĠSol ide re Ġdrops Ġmuch Ġlower ĠI Ġwould Ġconsider Ġit Ġa Ġbuying Ġopportunity .,O O O O O O O O O O O O O O O,O B-ATHLETE I-ATHLETE I-ATHLETE O O O O O O O O O O O
2791,"ĠThis Ġis Ġa Ġvery Ġbig Ġcompany Ġheld Ġby Ġmany ĠLebanese .""",O O O O O O O O O O O,O O O O O O O O O O O
2792,ĠCritics Ġhad Ġaccused ĠMr ĠHar iri Ġof Ġusing ĠLebanon 's Ġpost - war Ġreconstruction Ġdrive Ġfor Ġhis Ġpersonal Ġfinancial Ġgain .,O O O O O O O O O O O O O O O O O O O O O,O O O O B-POLITICIAN I-POLITICIAN O O O O O O O O O O O O O O O
2793,"ĠBut Ġhis Ġassassination Ġon ĠMonday Ġsent Ġsh udd ers Ġthrough ĠLebanon 's Ġbusiness Ġcommunity , Ġwhich Ġsaw Ġthe Ġbillionaire Ġty coon Ġas Ġthe Ġcountry 's Ġbest Ġhope Ġfor Ġeconomic Ġrevival .",O O O O O O O O O O O O O O O O O O O O O O O O O O O O O O O,O O O O O O O O O O O O O O O O O O O O O O O O O O O O O O O
2794,"ĠSol ide re Ġposted Ġprofits Ġof Ġ$ 12 . 5 m Ġin Ġthe Ġfirst Ġhalf Ġof Ġ2004 , Ġand Ġits Ġshares Ġhad Ġbeen Ġgaining Ġin Ġrecent Ġmonths .",O O O O O O O O O O O O O O O O O O O O O O O O O O O O,B-BUSINESS-EXECUTIVE-MANAGER I-BUSINESS-EXECUTIVE-MANAGER I-BUSINESS-EXECUTIVE-MANAGER O O O O O O O O O O O O O O O O O O O O O O O O O
2795,ĠFilm Ġrow Ġover ĠPirates Ġ' c ann ib als ' Ċ Ċ Pl ans Ġto Ġportray ĠDomin ica 's ĠCarib ĠIndians Ġas Ġcann ib als Ġin Ġthe Ġsequel Ġto Ġhit Ġfilm ĠPirates Ġof Ġthe ĠCaribbean Ġhave Ġbeen Ġcriticised Ġby Ġthe Ġgroup 's Ġchief .,O O O O O O O O O O O O O O O O O O O O O O O O O O O O O O O O O O O O O O O O O O O O,O O O O O O O O O O O O O O O O O O O O O O O O O O O O O O O O O O O O O O O O O O O O
2796,"Ġ Ċ Ċ Car ib ĠChief ĠCharles ĠWilliams Ġsaid Ġtalks Ġwith ĠDisney 's Ġproducers Ġrevealed Ġthere Ġwas Ġ"" a Ġstrong Ġelement Ġof Ġcannibal ism Ġin Ġthe Ġscript Ġwhich Ġcannot Ġbe Ġremoved "".",O O O O O O B-PUBLIC-FIGURE I-PUBLIC-FIGURE O O O O O O O O O O O O O O O O O O O O O O O O,O O O O O O B-BUSINESS-EXECUTIVE-MANAGER I-BUSINESS-EXECUTIVE-MANAGER O O O O O O O O O O O O O O O O O O O O O O O O
2797,ĠThe ĠCaribbean Ġisland 's Ġgovernment Ġsaid ĠDisney Ġplanned Ġto Ġfilm Ġin ĠDomin ica .,O O O O O O O O O O O O O O,O O O O O O O O O O O O O O
2798,ĠThe ĠCarib s Ġhave Ġlong Ġdenied Ġtheir Ġancestors Ġpract ised Ġcannibal ism .,O O O O O O O O O O O O O,O B-PUBLIC-FIGURE I-PUBLIC-FIGURE O O O O O O O O O O
2799,"ĠDisney Ġwas Ġunavailable Ġfor Ġcomment . Ġ""",O O O O O O O,B-MUSICIAN O O O O O O
2800,"ĠOur Ġancestors Ġstood Ġup Ġagainst Ġearly ĠEuropean Ġconquer ors Ġand Ġbecause Ġthey Ġstood Ġup ... we Ġwere Ġlabelled Ġsav ages Ġand Ġcann ib als Ġup Ġto Ġtoday ,"" Ġsaid ĠMr ĠWilliams .",O O O O O O O O O O O O O O O O O O O O O O O O O O O O O O O O,O O O O O O O O O O O O O O O O O O O O O O O O O O O O O O B-PUBLIC-FIGURE O
2801,"Ġ Ċ Ċ "" This Ġcannot Ġbe Ġperpet uated Ġin Ġmovies .""",O O O O O O O O O O O O,O O O O O O O O O O O O
2802,"ĠShooting Ġon Ġthe Ġsequel Ġis Ġexpected Ġto Ġbegin Ġin ĠApril , Ġwith Ġhundreds Ġof ĠDomin icans Ġapplying Ġto Ġbe Ġextras Ġin Ġthe Ġmovie .",O O O O O O O O O O O O O O O O O O O O O O O O,O O O O O O O O O O O O O O B-ACTOR-DIRECTOR I-ACTOR-DIRECTOR O O O O O O O O
2803,"Ġ Ċ Ċ About Ġ3 , 000 ĠCarib s Ġlive Ġon Ġthe Ġisland Ġof ĠDomin ica , Ġwhich Ġhas Ġa Ġpopulation Ġof Ġ70 , 000 .",O O O O O O O O O O O O O O O O O O O O O O O O O O,O O O O O O O B-PUBLIC-FIGURE I-PUBLIC-FIGURE O O O O O O O O O O O O O O O O O
2804,ĠMany ĠCarib s Ġwere Ġkilled Ġby Ġdisease Ġand Ġwar Ġduring Ġcolon isation Ġup Ġto Ġthe Ġ1600 s .,O O O O O O O O O O O O O O O O O O,O O O O O O O O O O O O O O O O O O
2805,ĠMr ĠWilliams Ġsaid Ġhe Ġhad Ġreceived Ġsupport Ġfrom Ġindigenous Ġgroups Ġaround Ġthe Ġworld Ġin Ġhis Ġefforts Ġto Ġhave Ġcannibal ism Ġreferences Ġremoved Ġfrom Ġthe Ġfilm .,O O O O O O O O O O O O O O O O O O O O O O O O O O,O B-PUBLIC-FIGURE O O O O O O O O O O O O O O O O O O O O O O O O
2806,ĠBut Ġhe Ġadmitted Ġthere Ġwere Ġsome Ġmembers Ġof Ġthe ĠCarib Ġcouncil Ġwho Ġdid Ġnot Ġsupport Ġthe Ġcampaign .,O O O O O O O O O O O O O O O O O O,O O O O O O O O O O O O O O O O O O
2807,"ĠHe Ġsaid Ġsome Ġdid Ġnot Ġ"" under stand Ġour Ġhistory , Ġthey Ġare Ġweak Ġand Ġare Ġnot Ġcommitted Ġto Ġthe Ġcause Ġof Ġthe ĠCarib Ġpeople "".",O O O O O O O O O O O O O O O O O O O O O O O O O O,O O O O O O O O O O O O O O O O O O O O O O O O O O
2808,ĠThe Ġfirst ĠPirates Ġof Ġthe ĠCaribbean Ġfilm Ġtook Ġ$ 305 m Ġ(Â£ 162 m ) Ġat Ġthe Ġbox Ġoffice Ġin Ġthe ĠUS Ġalone .,O O O O O O O O O O O O O O O O O O O O O O O O,O O O O O O O O O O O O O O O O O O O O O O O O
2809,"ĠThe Ġcast Ġand Ġcrew Ġare Ġto Ġwork Ġon Ġtwo Ġsequels Ġback - to - back , Ġwith Ġthe Ġfirst Ġto Ġbe Ġreleased Ġin Ġ2006 .",O O O O O O O O O O O O O O O O O O O O O O O O O,O O O O O O O O O O O O O O O O O O O O O O O O O
2810,ĠUS Ġshow Ġsued Ġfor Ġrat - eating Ġstunt Ċ Ċ A ĠUS ĠTV Ġnetwork Ġis Ġbeing Ġsued Ġfor Ġ$ 2 . 5 m Ġ(Â£ 1 . 3 m ) Ġby Ġa Ġviewer Ġwho Ġsays Ġhe Ġwas Ġdisgusted Ġby Ġwatching Ġcontestants Ġeat Ġdead Ġrats Ġin Ġa Ġstunt Ġshow .,O O O O O O O O O O O O O O O O O O O O O O O O O O O O O O O O O O O O O O O O O O O O O O O O,O O O O O O O O O O O O O O O O O O O O O O O O O O O O O O O O O O O O O O O O O O O O O O O O
2811,Ġ Ċ Ċ Austin ĠA it ken Ġis Ġtaking Ġaction Ġagainst ĠNBC Ġover Ġits Ġprogramme ĠFear ĠFactor .,O O O B-PUBLIC-FIGURE I-PUBLIC-FIGURE I-PUBLIC-FIGURE I-PUBLIC-FIGURE O O O O O O O O O O O,O O O B-PUBLIC-FIGURE I-PUBLIC-FIGURE I-PUBLIC-FIGURE I-PUBLIC-FIGURE O O O O O O O O O O O
2812,ĠHe Ġsaid Ġwatching Ġthe Ġshow Ġcaused Ġhis Ġblood Ġpressure Ġto Ġrise Ġso Ġhigh Ġthat Ġhe Ġbecame Ġdizz y Ġand Ġlight - headed .,O O O O O O O O O O O O O O O O O O O O O O O,O O O O O O O O O O O O O O O O O O O O O O O
2813,"ĠThe Ġlegal Ġassistant Ġsaid ĠNBC Ġwas Ġ"" s ending Ġthe Ġwrong Ġmessage Ġto Ġviewers Ġthat Ġcash Ġcan Ġmake Ġor Ġhave Ġpeople Ġdo Ġjust Ġabout Ġanything Ġbeyond Ġreasoning "".",O O O O O O O O O O O O O O O O O O O O O O O O O O O O,O O O O O O O O O O O O O O O O O O O O O O O O O O O O
2814,"ĠThe Ġhand - written , Ġfour - page Ġlawsuit Ġsaid : Ġ"" To Ġhave Ġthe Ġindividuals Ġon Ġthe Ġshow Ġeat Ġand Ġdrink Ġdead Ġrats Ġwas Ġcrazy Ġand Ġfrom Ġa Ġviewer 's Ġpoint Ġof Ġview Ġmade Ġme Ġthrow - up Ġas Ġwell Ġas Ġanother Ġin Ġthe Ġhouse Ġat Ġthe Ġsame Ġtime .""",O O O O O O O O O O O O O O O O O O O O O O O O O O O O O O O O O O O O O O O O O O O O O O O O O O O,O O O O O O O O O O O O O O O O O O O O O O O O O O O O O O O O O O O O O O O O O O O O O O O O O O O
2815,"ĠMr ĠA it ken , Ġwho Ġlives Ġin ĠCleveland , Ġsaid Ġthat Ġafter Ġbecoming Ġlight - headed , Ġhe Ġran Ġtowards Ġthe Ġbedroom Ġand Ġknocked Ġhis Ġhead Ġin Ġa Ġdoorway .",O O O O O O O O O O O O O O O O O O O O O O O O O O O O O O O,O B-BUSINESS-EXECUTIVE-MANAGER I-BUSINESS-EXECUTIVE-MANAGER I-BUSINESS-EXECUTIVE-MANAGER O O O O O O O O O O O O O O O O O O O O O O O O O O O
2816,"ĠA Ġspokesman Ġfor ĠNBC Ġsaid Ġit Ġhad Ġno Ġcomment Ġon Ġthe Ġlawsuit , Ġbut Ġconfirmed Ġthe Ġstunt Ġshow Ġdid Ġfeature Ġa Ġrat - eating Ġscene Ġin ĠNew ĠYork 's ĠTimes ĠSquare Ġon Ġ8 ĠNovember .",O O O O O O O O O O O O O O O O O O O O O O O O O O O O O O O O O O O,O O O O O O O O O O O O O O O O O O O O O O O O O O O O O O O O O O O
2817,ĠPast Ġshows Ġhave Ġfeatured Ġviewers Ġeating Ġspiders Ġand Ġlive Ġworms .,O O O O O O O O O O O,O O O O O O O O O O O
2818,ĠThe Ġprogramme Ġhas Ġbeen Ġscreened Ġin Ġthe ĠUK Ġon ĠSky ĠOne .,O O O O O O O O O O O O,O O O O O O O O O O O O
2819,"ĠKil roy Ġunve ils Ġimmigration Ġpolicy Ċ Ċ Ex - ch ats how Ġhost ĠRobert ĠKil roy - Sil k Ġhas Ġattacked ĠUK Ġpolicy Ġon Ġimmigration Ġsaying ĠBritain 's Ġopen Ġdoor Ġapproach Ġis Ġhitting Ġlow Ġwage Ġ"" ind igenous "" Ġworkers .",O O O O O O O O O O O O O O B-POLITICIAN I-POLITICIAN I-POLITICIAN I-POLITICIAN I-POLITICIAN I-POLITICIAN O O O O O O O O O O O O O O O O O O O O O O,B-POLITICIAN I-POLITICIAN O O O O O O O O O O O O B-POLITICIAN I-POLITICIAN I-POLITICIAN I-POLITICIAN I-POLITICIAN I-POLITICIAN O O O O O O O O O O O O O O O O O O O O O O
2820,"Ġ Ċ Ċ The ĠVer itas Ġleader Ġsaid Ġthe Ġonly Ġpeople Ġto Ġbenefit Ġfrom Ġimmigrants Ġfrom Ġplaces Ġlike ĠPoland Ġwere Ġemployers , Ġlandlords , Ġmembers Ġof Ġthe Ġ' met ropolitan Ġelite '.",O O O O O O O O O O O O O O O O O O O O O O O O O O O O O O O O,O O O O O O O O O O O O O O O O O O O O O O O O O O O O O O O O
2821,ĠThe ĠMEP Ġsaid Ġhis Ġparty Ġwould Ġonly Ġadmit Ġforeigners Ġwho Ġwere Ġrequired Ġbecause Ġthey Ġhad Ġspecific Ġskills Ġto Ġoffer .,O O O O O O O O O O O O O O O O O O O O,O O O O O O O O O O O O O O O O O O O O
2822,"ĠAnd Ġhe Ġargued Ġasylum Ġcost ĠÂ£ 2 bn Ġa Ġyear Ġfor Ġ14 , 000 Ġsuccessful Ġapplicants .",O O O O O O O O O O O O O O O O O,O O O O O O O O O O O O O O O O O
2823,"Ġ Ċ Ċ Mr ĠKil roy - Sil k Ġsaid Ġthat Ġworked Ġout Ġat ĠÂ£ 143 , 000 Ġper Ġsuccessful Ġasylum Ġseeker .",O O O O O O O O O O O O O O O O O O O O O O O,O O O O B-POLITICIAN I-POLITICIAN I-POLITICIAN I-POLITICIAN I-POLITICIAN O O O O O O O O O O O O O O
2824,ĠHe Ġsaid ĠVer itas Ġwanted Ġto Ġgrant Ġan Ġamnesty Ġfor Ġall Ġthose Ġin ĠBritain Ġclaiming Ġasylum Ġand Ġwho Ġhave Ġchildren Ġand Ġdeport Ġeveryone Ġelse .,O O O O O O O O O O O O O O O O O O O O O O O O O,O O B-PUBLIC-FIGURE I-PUBLIC-FIGURE O O O O O O O O O O O O O O O O O O O O O
2825,"ĠBritain Ġshould Ġtake Ġits Ġfair Ġshare Ġof Ġasylum Ġseekers Ġunder Ġthe ĠUnited ĠNations ĠConvention Ġon ĠHuman ĠRights , Ġhe Ġargued .",O O O O O O O O O O O O O O O O O O O O O,O O O O O O O O O O O O O O O O O O O O O
2826,ĠAnd ĠMr ĠKil roy - Sil k Ġsaid Ġhe Ġwanted Ġto Ġspend Ġan Ġextra ĠÂ£ 500 m Ġa Ġyear Ġto Ġhelp Ġprovide Ġfor Ġrefugees Ġabroad .,O O O O O O O O O O O O O O O O O O O O O O O O O O,O O B-POLITICIAN I-POLITICIAN I-POLITICIAN I-POLITICIAN I-POLITICIAN O O O O O O O O O O O O O O O O O O O
2827,ĠEl ton Ġplays ĠParis Ġcharity Ġconcert Ċ Ċ Sir ĠEl ton ĠJohn Ġhas Ġperformed Ġat Ġa Ġspecial Ġconcert Ġin ĠParis Ġto Ġraise Ġmoney Ġfor Ġthe Ġvictims Ġof Ġthe ĠAsian Ġtsunami .,O O O O O O O O B-MUSICIAN I-MUSICIAN I-MUSICIAN I-MUSICIAN O O O O O O O O O O O O O O O O O O O,B-MUSICIAN I-MUSICIAN O O O O O O O B-MUSICIAN I-MUSICIAN I-MUSICIAN O O O O O O O O O O O O O O O O O O O
2828,"Ġ Ċ Ċ The ĠBritish Ġsinger Ġplayed Ġto Ġa Ġ2 , 700 - strong Ġaudience Ġon ĠSunday Ġat Ġthe ĠFrench Ġcapital 's ĠBast ille Ġopera Ġhouse .",O O O O O O O O O O O O O O O O O O O O O O O O O O O,O O O O O O O O O O O O O O O O O O O O O O O O O O O
2829,ĠThe Ġconcert Ġwas Ġalso Ġpart Ġof Ġan Ġattempt Ġto Ġbring Ġa Ġbroader Ġrange Ġof Ġevents Ġto Ġthe Ġfamous Ġvenue .,O O O O O O O O O O O O O O O O O O O O,O O O O O O O O O O O O O O O O O O O O
2830,ĠMoney Ġraised Ġwill Ġgo Ġto Ġthe ĠF ond ation Ġpour Ġl ' En f ance Ġ( Found ation Ġfor ĠChildhood ) Ġwhich Ġaims Ġto Ġrebuild Ġa Ġchildren 's Ġshelter Ġin ĠSri ĠLanka .,O O O O O O O O O O O O O O O O O O O O O O O O O O O O O O O O O,O O O O O O O O O O O O O O O O O O O O O O O O O O O O O O O O O
2831,ĠSir ĠEl ton Ġplayed Ġhits Ġfrom Ġhis Ġvast Ġback Ġcatalogue Ġto Ġa Ġsell - out Ġcrowd Ġwhich Ġincluded Ġformer ĠFrench Ġpresident ĠVal ery ĠG isc ard Ġd ' Est a ing Ġand Ġhis Ġwife ĠAnne - A ym one .,O O O O O O O O O O O O O O O O O O O O O B-POLITICIAN I-POLITICIAN I-POLITICIAN I-POLITICIAN I-POLITICIAN I-POLITICIAN I-POLITICIAN I-POLITICIAN I-POLITICIAN I-POLITICIAN O O O B-PUBLIC-FIGURE I-PUBLIC-FIGURE I-PUBLIC-FIGURE I-PUBLIC-FIGURE I-PUBLIC-FIGURE O,O B-MUSICIAN I-MUSICIAN O O O O O O O O O O O O O O O O O O B-POLITICIAN I-POLITICIAN I-POLITICIAN I-POLITICIAN I-POLITICIAN I-POLITICIAN I-POLITICIAN I-POLITICIAN I-POLITICIAN I-POLITICIAN O O O O B-ACTOR-DIRECTOR I-ACTOR-DIRECTOR I-ACTOR-DIRECTOR I-ACTOR-DIRECTOR O
2832,ĠThe Ġveteran Ġpop Ġstar Ġplayed Ġpiano Ġaccompan iment Ġthroughout Ġthe Ġconcert Ġwhich Ġlasted Ġfor Ġthree Ġhours Ġwithout Ġan Ġinterval .,O O O O O O O O O O O O O O O O O O O O,O O O O O O O O O O O O O O O O O O O O
2833,"Ġ Ċ Ċ He Ġtold Ġthe Ġcrowd : Ġ"" Throughout Ġthe Ġyears , ĠI 've Ġdone Ġa Ġlot Ġof Ġdrugs Ġand Ġalcohol .",O O O O O O O O O O O O O O O O O O O O O O O,O O O O O O O O O O O O O O O O O O O O O O O
2834,"ĠIt 's Ġtrue Ġthat ĠI Ġwas Ġa Ġnightmare , Ġimpossible .",O O O O O O O O O O O,O O O O O O O O O O O
2835,ĠFor Ġthe Ġlast Ġ14 Ġyears ĠI 've Ġbeen Ġnormal .,O O O O O O O O O O,O O O O O O O O O O
2836,"ĠNow Ġmy Ġdrug Ġis Ġcalled ĠDavid "" Ġ- Ġa Ġreference Ġto ĠDavid ĠFurn ish , Ġhis Ġpartner .",O O O O O O O O O O O B-PUBLIC-FIGURE I-PUBLIC-FIGURE I-PUBLIC-FIGURE O O O O,O O O O O B-PUBLIC-FIGURE O O O O O B-PUBLIC-FIGURE I-PUBLIC-FIGURE I-PUBLIC-FIGURE O O O O
2837,"ĠThe Ġcrowd , Ġwho Ġgreeted Ġeach Ġsong Ġwith Ġa Ġstanding Ġo vation , Ġalso Ġincluded ĠFrench Ġsinger ĠCharles ĠAz nav our Ġand ĠBritish Ġambassador ĠSir ĠJohn ĠHolmes .",O O O O O O O O O O O O O O O O O B-MUSICIAN I-MUSICIAN I-MUSICIAN I-MUSICIAN O O O B-POLITICIAN I-POLITICIAN I-POLITICIAN O,O O O O O O O O O O O O O O O O O B-MUSICIAN I-MUSICIAN I-MUSICIAN I-MUSICIAN O O O O B-POLITICIAN I-POLITICIAN O
2838,ĠSir ĠEl ton Ġhas Ġalso Ġteamed Ġup Ġwith ĠPhil ĠCollins Ġto Ġrecord Ġa Ġversion Ġof ĠEric ĠCl apt on 's Ġ1991 Ġhit ĠTears ĠIn ĠHeaven Ġto Ġraise Ġmoney Ġfor Ġthe Ġrelief Ġfund .,O O O O O O O O B-MUSICIAN I-MUSICIAN O O O O O B-MUSICIAN I-MUSICIAN I-MUSICIAN I-MUSICIAN O O O O O O O O O O O O O O,O B-MUSICIAN I-MUSICIAN O O O O O B-MUSICIAN I-MUSICIAN O O O O O B-MUSICIAN I-MUSICIAN I-MUSICIAN I-MUSICIAN I-MUSICIAN O O O O O O O O O O O O O
2839,"ĠA Ġrelease Ġdate Ġhas Ġyet Ġto Ġbe Ġset Ġfor Ġthe Ġrecording , Ġwhich Ġwas Ġorganised Ġby ĠSharon ĠOs bourne .",O O O O O O O O O O O O O O O O B-PUBLIC-FIGURE I-PUBLIC-FIGURE I-PUBLIC-FIGURE O,O O O O O O O O O O O O O O O O B-MUSICIAN I-MUSICIAN I-MUSICIAN O
2840,ĠG 7 Ġbacks ĠAfrica Ġdebt Ġrelief Ġplan Ċ Ċ G 7 Ġfinance Ġministers Ġhave Ġbacked Ġplans Ġto Ġwrite Ġoff Ġup Ġto Ġ100 % Ġof Ġthe Ġdebts Ġof Ġsome Ġof Ġthe Ġworld 's Ġpoorest Ġcountries .,O O O O O O O O O O O O O O O O O O O O O O O O O O O O O O O O O O O,O O O O O O O O O O O O O O O O O O O O O O O O O O O O O O O O O O O
2841,"Ġ Ċ Ċ UK Ġchancellor ĠGordon ĠBrown Ġsaid Ġthe ĠLondon Ġmeeting Ġof Ġthe Ġworld 's Ġseven Ġrichest Ġnations Ġwould Ġbe Ġremembered Ġas Ġ"" the Ġ100 % Ġdebt Ġrelief Ġsummit "".",O O O O O B-POLITICIAN I-POLITICIAN O O O O O O O O O O O O O O O O O O O O O O O,O O O O O B-POLITICIAN I-POLITICIAN O O O O O O O O O O O O O O O O O O O O O O O
2842,"ĠSome Ġ37 Ġcountries Ġcould Ġbenefit Ġafter Ġa Ġcase - by - case Ġreview Ġby Ġbodies Ġincluding Ġthe ĠWorld ĠBank Ġand Ġthe ĠIMF , Ġhe Ġsaid .",O O O O O O O O O O O O O O O O O O O O O O O O O O,O O O O O O O O O O O O O O O O O O O O O O O O O O
2843,ĠBut Ġthe ĠUS Ġsays Ġit Ġcannot Ġsupport ĠMr ĠBrown 's ĠInternational ĠFinance ĠFacility Ġto Ġboost Ġaid Ġto Ġdeveloping Ġcountries .,O O O O O O O O O O O O O O O O O O O O,O O O O O O O O B-POLITICIAN O O O O O O O O O O O
2844,"ĠBBC Ġcorrespond ents Ġsaid Ġthe Ġmeeting Ġhad Ġproduced Ġsome Ġmovement Ġtowards Ġthe ĠUK 's Ġambitions , Ġbut Ġmuch Ġwork Ġwas Ġneeded .",O O O O O O O O O O O O O O O O O O O O O O,O O O O O O O O O O O O O O O O O O O O O O
2845,"ĠMr ĠBrown Ġsaid Ġit Ġwas Ġa Ġmajor Ġbreakthrough Ġfor Ġthe Ġinternational Ġorganisations Ġto Ġoffer Ġup Ġto Ġ100 % Ġmult ilateral Ġdebt Ġrelief Ġ- Ġ"" the Ġvast Ġbulk "" Ġof Ġmoney Ġowed Ġby Ġthe Ġpoorest Ġcountries .",O O O O O O O O O O O O O O O O O O O O O O O O O O O O O O O O O O O O,O B-POLITICIAN O O O O O O O O O O O O O O O O O O O O O O O O O O O O O O O O O O
2846,"Ġ Ċ Ċ "" We Ġcould Ġbe Ġat Ġthe Ġbeginning Ġof Ġthe Ġfinal Ġstage Ġof Ġthe Ġprocess Ġwhere Ġthe Ġdebts Ġthat Ġwere Ġowed Ġby Ġthe Ġpoorest Ġcountries , Ġbuilt Ġup Ġover Ġ20 Ġor Ġ30 Ġyears , Ġdebts Ġthat Ġare Ġsimply Ġunp ay able Ġin Ġthe Ġreal Ġworld , Ġare Ġfinally Ġtaken Ġcare Ġof ,"" Ġhe Ġsaid .",O O O O O O O O O O O O O O O O O O O O O O O O O O O O O O O O O O O O O O O O O O O O O O O O O O O O O O O O O,O O O O O O O O O O O O O O O O O O O O O O O O O O O O O O O O O O O O O O O O O O O O O O O O O O O O O O O O O
2847,"ĠHe Ġadded : Ġ"" It Ġis Ġthe Ġrichest Ġcountries Ġhearing Ġthe Ġvoices Ġof Ġthe Ġpoor .""",O O O O O O O O O O O O O O O O,O O O O O O O O O O O O O O O O
2848,"ĠBut Ġhe Ġsaid Ġthey Ġwould Ġinsist Ġon Ġgovernment Ġreforms Ġand Ġthe Ġneed Ġfor Ġtransparency , Ġtackling Ġcorruption Ġand Ġopenness Ġfrom Ġboth Ġthe Ġpoorest Ġand Ġrichest Ġnations .",O O O O O O O O O O O O O O O O O O O O O O O O O O O,O O O O O O O O O O O O O O O O O O O O O O O O O O O
2849,"ĠBBC Ġcorrespondent ĠPatrick ĠBart lett Ġsaid Ġwhile Ġit Ġwas Ġan Ġagreement Ġin Ġprinciple , Ġthe Ġorganisations Ġinvolved Ġnow Ġhave Ġto Ġlook Ġat Ġhow Ġit Ġwould Ġwork Ġin Ġpractice .",O O B-AUTHOR-WRITER I-AUTHOR-WRITER I-AUTHOR-WRITER O O O O O O O O O O O O O O O O O O O O O O O O,O O B-PUBLIC-FIGURE I-PUBLIC-FIGURE I-PUBLIC-FIGURE O O O O O O O O O O O O O O O O O O O O O O O O
2850,"ĠOx fam Ġsenior Ġpolicy Ġadviser ĠMax ĠLawson Ġwelcomed Ġthe Ġstatement Ġand Ġsaid ĠG 7 Ġministers Ġhad Ġ"" pass ed Ġthe Ġfirst Ġhurdle Ġof Ġ2005 "".",O O O O O B-PUBLIC-FIGURE I-PUBLIC-FIGURE O O O O O O O O O O O O O O O O O O,O O O O O B-POLITICIAN I-POLITICIAN O O O O O O O O O O O O O O O O O O
2851,"Ġ Ċ Ċ But Ġhe Ġadded : Ġ"" They Ġneed Ġto Ġmove Ġquickly Ġto Ġturn Ġtheir Ġproposals Ġinto Ġreal Ġchange Ġfor Ġthe Ġworld 's Ġpoorest . Ġ""",O O O O O O O O O O O O O O O O O O O O O O O O O O O,O O O O O O O O O O O O O O O O O O O O O O O O O O O
2852,ĠTwo Ġmillion Ġchildren Ġwill Ġdie Ġneed lessly Ġbetween Ġnow Ġand Ġthe Ġnext Ġmeeting Ġin ĠApril .,O O O O O O O O O O O O O O O O,O O O O O O O O O O O O O O O O
2853,"ĠIf Ġrich Ġcountries Ġare Ġgoing Ġto Ġkeep Ġtheir Ġpromises Ġto Ġtackle Ġobscene Ġpoverty Ġthey Ġneed Ġdeliver Ġ- Ġand Ġdeliver Ġquickly .""",O O O O O O O O O O O O O O O O O O O O O,O O O O O O O O O O O O O O O O O O O O O
2854,ĠTalks Ġare Ġcontinuing Ġon Ġhow Ġto Ġfinance Ġincreased Ġoverseas Ġdevelopment Ġassistance .,O O O O O O O O O O O O,O O O O O O O O O O O O
2855,ĠThe ĠInternational ĠMonetary ĠFund Ġ( IM F ) Ġis Ġto Ġlook Ġat Ġa Ġproposal Ġto Ġuse Ġits Ġgold Ġsupplies Ġto Ġhelp Ġthe Ġdebt Ġrelief Ġeffort Ġwhen Ġit Ġmeets Ġin ĠApril .,O O O O O O O O O O O O O O O O O O O O O O O O O O O O O O O,O O O O O O O O O O O O O O O O O O O O O O O O O O O O O O O
2856,ĠMr ĠBrown Ġsaid ĠG 7 Ġministers Ġhad Ġagreed Ġto Ġdefer Ġdebt Ġinterest Ġpayments Ġand Ġrepay ments Ġfor Ġsome Ġcountries Ġaffected Ġby Ġthe Ġtsunami Ġuntil Ġthe Ġend Ġof Ġ2005 .,O O O O O O O O O O O O O O O O O O O O O O O O O O O O O,O B-POLITICIAN O O O O O O O O O O O O O O O O O O O O O O O O O O O
2857,ĠBut ĠUK Ġplans Ġfor Ġan ĠInternational ĠFinance ĠFacility Ġ( IFF ) Ġto Ġhelp Ġdeal Ġwith Ġdebt Ġin Ġthe Ġdeveloping Ġworld Ġhave Ġnot Ġbeen Ġagreed .,O O O O O O O O O O O O O O O O O O O O O O O O O,O O O O O O O O O O O O O O O O O O O O O O O O O
2858,"ĠMr ĠBrown Ġwanted Ġto Ġprovide Ġ$ 10 bn Ġ(Â£ 5 . 38 bn ) Ġa Ġyear Ġover Ġa Ġdecade , Ġusing ĠG 7 Ġbacking Ġso Ġthe Ġmoney Ġcould Ġbe Ġborrowed Ġup Ġfront Ġon Ġfinancial Ġmarkets .",O O O O O O O O O O O O O O O O O O O O O O O O O O O O O O O O O O O O,O B-POLITICIAN O O O O O O O O O O O O O O O O O O O O O O O O O O O O O O O O O O
2859,"Ġ Ċ Ċ It Ġis Ġa Ġkey Ġelement Ġof Ġhis Ġproposals Ġfor Ġa Ġmodern Ġversion Ġof Ġthe ĠMarshall ĠPlan , Ġwhich Ġbrought ĠUS Ġaid Ġto Ġrebuild ĠEurope Ġafter ĠWorld ĠWar ĠII , Ġfor Ġthe Ġdeveloping Ġworld .",O O O O O O O O O O O O O O O O O O O O O O O O O O O O O O O O O O O O O,O O O O O O O O O O O O O O O O O B-POLITICIAN O O O O O O O O O O O O O O O O O O O
2860,"ĠMr ĠBrown Ġsaid Ġit Ġwas Ġ"" winning Ġsupport Ġevery Ġday "" Ġand Ġsaid Ġa Ġprogramme Ġhad Ġbeen Ġagreed Ġto Ġdraw Ġup Ġmore Ġdetails Ġin Ġtime Ġfor Ġthe ĠG 8 Ġsummit Ġin ĠJuly .",O O O O O O O O O O O O O O O O O O O O O O O O O O O O O O O O O,O B-POLITICIAN O O O O O O O O O O O O O O O O O O O O O O O O O O O O O O O
2861,"ĠBut ĠUS ĠTreasury ĠUnder - Secretary ĠJohn ĠTaylor Ġsaid Ġthe ĠUS Ġcould Ġnot Ġsupport Ġthe ĠI FF Ġbecause Ġof Ġits Ġ"" leg isl ative Ġprocess "". Ġ""",O O O O O O B-POLITICIAN I-POLITICIAN O O O O O O O O O O O O O O O O O O O,O O O O O O B-POLITICIAN I-POLITICIAN O O O O O O O O O O O O O O O O O O O
2862,"ĠThe ĠUS Ġis Ġcompletely Ġcommitted Ġto Ġpoverty Ġreduction Ġand Ġproviding Ġfinancing Ġto Ġdo Ġthat ,"" Ġhe Ġsaid . Ġ""",O O O O O O O O O O O O O O O O O O O,O O O O O O O O O O O O O O O O O O O
2863,ĠBut Ġthis Ġparticular Ġmechanism Ġdoes Ġnot Ġwork Ġfor Ġthe ĠUnited ĠStates .,O O O O O O O O O O O O,O O O O O O O O O O O O
2864,"ĠIt Ġworks Ġfor Ġother Ġcountries , Ġand Ġthat Ġis Ġfine .""",O O O O O O O O O O O,O O O O O O O O O O O
2865,"ĠEarlier , Ġhe Ġtold ĠBBC ĠRadio Ġ4 's ĠToday Ġprogramme Ġthe ĠUS Ġhad Ġincreased Ġsupport Ġfor ĠAfrica Ġin Ġthe Ġpast Ġfour Ġyears Ġfrom Ġ$ 1 . 1 bn Ġper Ġyear Ġto Ġ$ 4 . 6 bn Ġper Ġyear .",O O O O O O O O O O O O O O O O O O O O O O O O O O O O O O O O O O O O O O O,O O O O O O O O O O O O O O O O O O O O O O O O O O O O O O O O O O O O O O O
2866,"ĠBut ĠSouth ĠAfrica ĠFinance ĠMinister ĠTrevor ĠManuel Ġtold Ġthe ĠBBC 's ĠTalking ĠPoint Ġprogramme Ġwhat Ġwas Ġneeded Ġwas Ġone Ġapproach , Ġwith Ġall Ġwealthy Ġnations Ġon Ġboard .",O O O O O B-POLITICIAN I-POLITICIAN O O O O O O O O O O O O O O O O O O O O O,O O O O O B-POLITICIAN I-POLITICIAN O O O O O O O O O O O O O O O O O O O O O
2867,ĠHe Ġsaid Ġmuch Ġof Ġthe Ġmoney Ġpledged Ġby Ġthe ĠUS Ġhad Ġnot Ġyet Ġbeen Ġdisp ensed .,O O O O O O O O O O O O O O O O O,O O O O O O O O O O O O O O O O O
2868,"Ġ Ċ Ċ The ĠUK Ġhas Ġmade Ġpoverty Ġin Ġthe Ġpoorest Ġnations Ġa Ġkey Ġtheme Ġfor Ġits Ġ2005 Ġpresidency Ġof Ġthe ĠGroup Ġof ĠEight Ġ( G 8 ), Ġwhich Ġcomprises Ġthe ĠG 7 Ġand ĠRussia .",O O O O O O O O O O O O O O O O O O O O O O O O O O O O O O O O O O O O,O O O O O O O O O O O O O O O O O O O O O O O O O O O O O O O O O O O O
2869,ĠThe ĠG 8 Ġcountries Ġwill Ġmeet Ġat ĠGl ene agles Ġin ĠScotland .,O O O O O O O O O O O O O,O O O O O O O O O O O O O
2870,"ĠAt Ġa Ġdinner Ġon ĠFriday Ġnight , Ġformer ĠSouth ĠAfrican Ġpresident ĠNelson ĠMandela Ġbacked ĠMr ĠBrown 's Ġplan Ġwhen Ġhe Ġurged Ġthe Ġfinance Ġchiefs Ġto Ġwrite - off ĠAfrican Ġdebt Ġand Ġprovide Ġan Ġextra Ġ$ 50 bn Ġ(Â£ 26 . 69 bn ) Ġa Ġyear Ġin Ġaid Ġfor Ġthe Ġnext Ġdecade .",O O O O O O O O O O O B-POLITICIAN I-POLITICIAN O O O O O O O O O O O O O O O O O O O O O O O O O O O O O O O O O O O O O O O,O O O O O O O O O O O B-POLITICIAN I-POLITICIAN O O B-POLITICIAN O O O O O O O O O O O O O O O O O O O O O O O O O O O O O O O O O O O O
2871,"ĠTalks Ġalso Ġcent red Ġon Ġthe Ġimpact Ġof Ġthe Ġrising Ġeconomies Ġof ĠChina Ġand ĠIndia , Ġthe ĠUS Ġbudget Ġand Ġtrade Ġdeficits , Ġhow Ġthe ĠUS , ĠEurope Ġand ĠJapan Ġcan Ġact Ġto Ġboost Ġglobal Ġeconomic Ġgrowth , Ġand ĠHIV / A ids .",O O O O O O O O O O O O O O O O O O O O O O O O O O O O O O O O O O O O O O O O O O O O,O O O O O O O O O O O O O O O O O O O O O O O O O O O O O O O O O O O O O O O O O O O O
2872,"ĠG 7 Ġministers Ġcalled Ġfor Ġmore Ġflexibility Ġin Ġinternational Ġexchange Ġrates Ġand Ġsaid Ġ"" ex cess Ġvolatility "" Ġwould Ġimpede Ġeconomic Ġgrowth .",O O O O O O O O O O O O O O O O O O O O O O O,O O O O O O O O O O O O O O O O O O O O O O O
2873,"ĠRepresentatives Ġfrom ĠChina , ĠIndia , ĠRussia , ĠSouth ĠAfrica Ġand ĠBrazil Ġwere Ġinvited Ġto Ġattend Ġsome Ġof Ġthe Ġsessions .",O O O O O O O O O O O O O O O O O O O O O,O O O O O O O O O O O O O O O O O O O O O
2874,ĠA ĠG 8 Ġsummit Ġis Ġset Ġto Ġtake Ġplace Ġin ĠJuly .,O O O O O O O O O O O O,O O O O O O O O O O O O
2875,ĠTop Ġof Ġthe ĠP ops Ġleaves ĠBBC ĠOne Ċ Ċ The ĠBBC 's Ġflagship Ġpop Ġmusic Ġprogramme ĠTop Ġof Ġthe ĠP ops Ġis Ġto Ġmove Ġfrom ĠBBC ĠOne Ġon ĠFridays Ġto ĠSundays Ġon ĠBBC ĠTwo .,O O O O O O O O O O O O O O O O O O O O O O O O O O O O O O O O O O O O,O O O O O O O O O O O O O O O O O O O O O O O O O O O O O O O O O O O O
2876,"Ġ Ċ Ċ The Ġnew Ġprogramme Ġwill Ġcombine Ġwith Ġarchive Ġshow ĠT OT P 2 , Ġmixing Ġnew Ġmusic Ġwith Ġfootage Ġof Ġclassic Ġbands .",O O O O O O O O O O O O O O O O O O O O O O O O O,O O O O O O O O O O O O O O O O O O O O O O O O O
2877,"ĠThe Ġcorporation Ġsaid Ġthe Ġnew Ġshow Ġ"" aim s Ġto Ġappeal Ġto Ġa Ġdiverse Ġaudience Ġof Ġmusic Ġlovers "".",O O O O O O O O O O O O O O O O O O O,O O O O O O O O O O O O O O O O O O O
2878,"ĠThe Ġmove Ġis Ġthe Ġbiggest Ġshake - up Ġin Ġthe Ġhistory Ġof Ġthe Ġshow , Ġwhich Ġwas Ġfirst Ġbroadcast Ġin Ġ1964 Ġand Ġhas Ġalways Ġbeen Ġon ĠBBC ĠOne .",O O O O O O O O O O O O O O O O O O O O O O O O O O O O O,O O O O O O O O O O O O O O O O O O O O O O O O O O O O O
2879,ĠTop Ġof Ġthe ĠP ops Ġwas Ġrel aun ched Ġin Ġa Ġblaze Ġof Ġpublicity Ġin ĠDecember Ġlast Ġyear Ġin Ġan Ġattempt Ġto Ġreverse Ġa Ġlong - term Ġdecline Ġin Ġaudience Ġfigures .,O O O O O O O O O O O O O O O O O O O O O O O O O O O O O O O O,O O O O O O O O O O O O O O O O O O O O O O O O O O O O O O O O
2880,"Ġ Ċ Ċ The ĠAll ĠNew ĠTop Ġof Ġthe ĠP ops Ġwas Ġfront ed Ġby Ġnewcomer ĠTim ĠKash Ġand Ġwas Ġput Ġtogether Ġby Ġproducer ĠAnd i ĠPeters , Ġwho Ġwas Ġbrought Ġback Ġto Ġthe ĠBBC Ġfrom ĠChannel Ġ4 Ġto Ġrevital ise Ġthe Ġseries .",O O O O O O O O O O O O O O O O B-ACTOR-DIRECTOR I-ACTOR-DIRECTOR O O O O O O B-BUSINESS-EXECUTIVE-MANAGER I-BUSINESS-EXECUTIVE-MANAGER I-BUSINESS-EXECUTIVE-MANAGER O O O O O O O O O O O O O O O O O,O O O O O O O O O O O O O O O O B-ACTOR-DIRECTOR I-ACTOR-DIRECTOR O O O O O O B-PUBLIC-FIGURE I-PUBLIC-FIGURE I-PUBLIC-FIGURE O O O O O O O O O O O O O O O O O
2881,Ġ Ċ Ċ About Ġthree Ġmillion Ġpeople Ġa Ġweek Ġwere Ġwatching Ġthe Ġshow Ġon ĠFridays Ġ- Ġless Ġthan Ġhalf Ġthe Ġtotal Ġit Ġwas Ġattracting Ġin Ġthe Ġmid - 1990 s Ġ- Ġas Ġthe Ġprogramme Ġwent Ġup Ġagainst Ġpopular ĠITV Ġsoap ĠCor on ation ĠStreet .,O O O O O O O O O O O O O O O O O O O O O O O O O O O O O O O O O O O O O O O O O O O O O,O O O O O O O O O O O O O O O O O O O O O O O O O O O O O O O O O O O O O O O O O O O O O
2882,ĠBut Ġdespite Ġthe Ġrel aunch Ġaudience Ġfigures Ġfailed Ġto Ġrise Ġand Ġstill Ġremain Ġaround Ġthe Ġthree Ġmillion Ġmark .,O O O O O O O O O O O O O O O O O O O,O O O O O O O O O O O O O O O O O O O
2883,ĠTim ĠKash Ġhas Ġsince Ġbeen Ġreplaced Ġas Ġhost Ġby ĠFear ne ĠCotton .,B-ACTOR-DIRECTOR I-ACTOR-DIRECTOR O O O O O O O B-ACTOR-DIRECTOR I-ACTOR-DIRECTOR I-ACTOR-DIRECTOR O,B-PUBLIC-FIGURE I-PUBLIC-FIGURE O O O O O O O B-PUBLIC-FIGURE I-PUBLIC-FIGURE I-PUBLIC-FIGURE O
2884,ĠThe Ġnew Ġshow Ġwill Ġlaunch Ġin ĠSpring Ġnext Ġyear Ġin Ġan Ġextended Ġformat .,O O O O O O O O O O O O O O,O O O O O O O O O O O O O O
2885,"ĠBBC ĠTwo Ġcontroller ĠR oly ĠKe ating : Ġ"" It 's Ġan Ġexciting Ġnew Ġera Ġfor ĠTop Ġof Ġthe ĠP ops .",O O O B-BUSINESS-EXECUTIVE-MANAGER I-BUSINESS-EXECUTIVE-MANAGER I-BUSINESS-EXECUTIVE-MANAGER I-BUSINESS-EXECUTIVE-MANAGER O O O O O O O O O O O O O O O,O O O B-PUBLIC-FIGURE I-PUBLIC-FIGURE I-PUBLIC-FIGURE I-PUBLIC-FIGURE O O O O O O O O O O O O O O O
2886,"ĠWe Ġwant Ġto Ġmake Ġit Ġbigger Ġand Ġbetter Ġso Ġthat Ġit Ġbecomes Ġthe Ġultimate Ġpop Ġmusic Ġshow Ġfor Ġmusic Ġlovers Ġof Ġevery Ġgeneration .""",O O O O O O O O O O O O O O O O O O O O O O O O,O O O O O O O O O O O O O O O O O O O O O O O O
2887,"ĠMr ĠKe ating Ġdescribed ĠBBC ĠTwo Ġas Ġthe Ġ"" natural Ġhome "" Ġof ĠTop Ġof Ġthe ĠP ops .",O O O O O O O O O O O O O O O O O O O,O B-PUBLIC-FIGURE I-PUBLIC-FIGURE O O O O O O O O O O O O O O O O
2888,"ĠHe Ġadded : Ġ"" The Ġaddition Ġof ĠTop Ġof Ġthe ĠP ops Ġwill Ġalso Ġextend ĠBBC ĠTwo 's Ġoffering Ġto Ġyounger Ġaudiences .""",O O O O O O O O O O O O O O O O O O O O O O O,O O O O O O O O O O O O O O O O O O O O O O O
2889,Ġ Ċ Ċ A ĠBBC Ġspokeswoman Ġsaid ĠAnd i ĠPeters Ġwould Ġcontinue Ġas Ġexecutive Ġproducer Ġon Ġthe Ġshow .,O O O O O O O B-BUSINESS-EXECUTIVE-MANAGER I-BUSINESS-EXECUTIVE-MANAGER I-BUSINESS-EXECUTIVE-MANAGER O O O O O O O O O,O O O O O O O B-PUBLIC-FIGURE I-PUBLIC-FIGURE I-PUBLIC-FIGURE O O O O O O O O O
2890,ĠShe Ġsaid Ġthat Ġissues Ġover Ġthe Ġexact Ġformat Ġof Ġthe Ġprogramme Ġand Ġa Ġtime Ġslot Ġwere Ġstill Ġto Ġbe Ġdecided .,O O O O O O O O O O O O O O O O O O O O O,O O O O O O O O O O O O O O O O O O O O O
2891,"ĠThe Ġprogramme Ġwill Ġhave Ġa Ġclose Ġrelationship Ġwith Ġthe ĠBBC ĠRadio Ġ1 Ġchart Ġshow , Ġwhich Ġsuggests Ġthe Ġrel aun ched Ġshow Ġmay Ġbe Ġtransmitted Ġat Ġabout Ġ1900 Ġon ĠSundays . Ġ""",O O O O O O O O O O O O O O O O O O O O O O O O O O O O O O O O,O O O O O O O O O O O O O O O O O O O O O O O O O O O O O O O O
2892,"ĠHopefully Ġthe Ġaudience Ġfor ĠTop Ġof Ġthe ĠP ops Ġwill Ġfind Ġit Ġon ĠBBC ĠTwo . Ġ""",O O O O O O O O O O O O O O O O O,O O O O O O O O O O O O O O O O O
2893,"ĠWe Ġthink Ġthat Ġthe Ġnew Ġslot Ġwill Ġcreate Ġa Ġbuzz Ġaround Ġthe Ġprogramme Ġas Ġfor Ġthe Ġfirst Ġtime Ġviewers Ġwill Ġdiscover Ġthe Ġnews Ġof Ġwho Ġis Ġnumber Ġone Ġas Ġit Ġhappens .""",O O O O O O O O O O O O O O O O O O O O O O O O O O O O O O O O,O O O O O O O O O O O O O O O O O O O O O O O O O O O O O O O O
2894,ĠFinn an Ġsays ĠIrish Ġcan Ġwin Ġgroup Ċ Ċ Steve ĠFinn an Ġbelieves Ġthe ĠRepublic Ġof ĠIreland Ġcan Ġqualify Ġdirectly Ġfor Ġthe ĠWorld ĠCup Ġfinals .,O O O O O O O O O B-ATHLETE I-ATHLETE I-ATHLETE O O O O O O O O O O O O O O,B-POLITICIAN I-POLITICIAN O O O O O O O B-POLITICIAN I-POLITICIAN I-POLITICIAN O O O O O O O O O O O O O O
2895,"Ġ Ċ Ċ After ĠSaturday 's Ġsuperb Ġdisplay Ġin Ġthe Ġdraw Ġin ĠParis , ĠIreland Ġface Ġmin n ows Ġthe ĠFar oe ĠIslands Ġin ĠDublin Ġon ĠWednesday .",O O O O O O O O O O O O O O O O O O O O O O O O O O O O,O O O O O O O O O O O O O O O O O O O O O O O O O O O O
2896,"ĠThe Ġversatile ĠFinn an , Ġwho Ġstarred Ġagainst Ġthe ĠFrench , Ġis Ġconfident Ġthe Ġgroup Ġis ĠIreland 's Ġfor Ġthe Ġtaking . Ġ""",O O O O O O O O O O O O O O O O O O O O O O O,O O B-ATHLETE I-ATHLETE O O O O O O O O O O O O O O O O O O O
2897,"ĠThere Ġis Ġa Ġchance Ġfor Ġus Ġnow Ġto Ġgo Ġon , Ġwin Ġour Ġhome Ġgames Ġand Ġwhy Ġnot Ġwin Ġthe Ġgroup , Ġeven Ġthough Ġit 's Ġa Ġtough Ġone ,"" Ġsaid Ġthe ĠLiverpool Ġplayer .",O O O O O O O O O O O O O O O O O O O O O O O O O O O O O O O O O O O,O O O O O O O O O O O O O O O O O O O O O O O O O O O O O O O O O O O
2898,"ĠSwitzerland , ĠIreland , ĠFrance Ġand ĠIsrael Ġare Ġall Ġnow Ġtied Ġon Ġfive Ġpoints Ġfrom Ġthree Ġmatches Ġ- Ġalthough Ġthe ĠRepublic Ġlook Ġto Ġhave Ġa Ġslight Ġedge Ġafter Ġclaiming Ġaway Ġdraws Ġin ĠBas el Ġand ĠParis . Ġ""",O O O O O O O O O O O O O O O O O O O O O O O O O O O O O O O O O O O O O O,O O O O O O O O O O O O O O O O O O O O O O O O O O O O O O O O O O O O O O
2899,"ĠIn ĠBas el Ġwe Ġdid Ġnot Ġplay Ġgreat Ġfootball , Ġbut Ġwhen Ġyou Ġto Ġgo Ġto Ġthese Ġplaces Ġthe Ġother Ġteams Ġare Ġgoing Ġto Ġhave Ġthe Ġmajority Ġof Ġthe Ġgame . Ġ""",O O O O O O O O O O O O O O O O O O O O O O O O O O O O O O O O,O O O O O O O O O O O O O O O O O O O O O O O O O O O O O O O O
2900,"ĠIn ĠParis , Ġwe Ġlooked Ġgood Ġthroughout Ġthe Ġteam Ġand Ġa Ġpoint Ġwas Ġthe Ġleast Ġwe Ġdeserved Ġbecause Ġwe Ġhad Ġa Ġnumber Ġof Ġchances .",O O O O O O O O O O O O O O O O O O O O O O O O O,O O O O O O O O O O O O O O O O O O O O O O O O O
2901,"Ġ Ċ Ċ "" Looking Ġback , Ġwe Ġhad Ġan Ġopportunity Ġto Ġget Ġthe Ġthree Ġpoints , Ġbut Ġwe Ġare Ġhappy Ġwith Ġa Ġpoint Ġand Ġthat Ġwill Ġgive Ġus Ġconfidence Ġgoing Ġinto ĠWednesday 's Ġgame . Ġ""",O O O O O O O O O O O O O O O O O O O O O O O O O O O O O O O O O O O O O,O O O O O O O O O O O O O O O O O O O O O O O O O O O O O O O O O O O O O
2902,"ĠOn Ġpaper , Ġwe Ġhave Ġgot Ġthe Ġtoughest Ġmatches Ġout Ġof Ġthe Ġway Ġand Ġwe Ġhave Ġset Ġstandards Ġfor Ġourselves . Ġ""",O O O O O O O O O O O O O O O O O O O O O O,O O O O O O O O O O O O O O O O O O O O O O
2903,ĠAutomatic Ġqualification Ġis Ġthere .,O O O O O,O O O O O
2904,"ĠIt Ġwould Ġcertainly Ġbe Ġgood Ġto Ġavoid Ġa Ġplay - off , Ġbut Ġon Ġthe Ġback Ġof Ġa Ġcouple Ġof Ġgood Ġresults ĠI Ġdon 't Ġsee Ġwhy Ġwe Ġcan 't Ġwin Ġthe Ġgroup .""",O O O O O O O O O O O O O O O O O O O O O O O O O O O O O O O O O O,O O O O O O O O O O O O O O O O O O O O O O O O O O O O O O O O O O
2905,ĠManager ĠBrian ĠKerr Ġwas Ġkeen Ġto Ġmention Ġthe Ġcontribution Ġof ĠStephen ĠCarr Ġand ĠFinn an Ġon ĠIreland 's Ġright Ġflank Ġat Ġthe ĠSt ade Ġde ĠFrance .,O B-ATHLETE I-ATHLETE O O O O O O O B-ATHLETE I-ATHLETE O O O O O O O O O O O O O O O,O B-POLITICIAN I-POLITICIAN O O O O O O O B-ATHLETE I-ATHLETE O B-ATHLETE I-ATHLETE O O O O O O O O O O O O
2906,"ĠFinn an 's Ġnormal Ġposition Ġis Ġright - back Ġbut Ġhe Ġlooked Ġassured Ġin Ġa Ġmore Ġadvanced Ġposition Ġagainst Ġthe ĠFrench . Ġ""",O O O O O O O O O O O O O O O O O O O O O O O,B-POLITICIAN I-POLITICIAN O O O O O O O O O O O O O O O O O O O O O
2907,"ĠAs ĠI Ġplay Ġon Ġthe Ġright Ġfor Ġmy Ġclub Ġand Ġbeing Ġa Ġnatural Ġright - back , Ġit Ġwas Ġsomething Ġhe Ġ( K err ) Ġlooked Ġat Ġbecause ĠFrance Ġplay Ġstrongly Ġdown Ġthe Ġleft - hand Ġside . Ġ""",O O O O O O O O O O O O O O O O O O O O O O O O O O O O O O O O O O O O O O O,O O O O O O O O O O O O O O O O O O O O O O B-ATHLETE I-ATHLETE O O O O O O O O O O O O O O O
2908,"ĠSo ĠI Ġwas Ġhappy Ġto Ġplay Ġand ĠStephen ĠCarr Ġand ĠI Ġenjoyed Ġthe Ġgame , Ġparticularly Ġas Ġthe Ġdefence Ġand Ġmidfield Ġheld Ġtogether Ġwell Ġand Ġnull ified Ġtheir Ġattacks .""",O O O O O O O B-ATHLETE I-ATHLETE O O O O O O O O O O O O O O O O O O O O O,O O O O O O O B-ATHLETE I-ATHLETE O O O O O O O O O O O O O O O O O O O O O
2909,ĠNew Ġrules Ġtackle Ġ' sh am Ġweddings ' Ċ Ċ New Ġrules Ġon Ġmarriage Ġfor Ġforeign Ġnationals Ġliving Ġin Ġthe ĠUK Ġare Ġcoming Ġinto Ġforce .,O O O O O O O O O O O O O O O O O O O O O O O O O O,O O O O O O O O O O O O O O O O O O O O O O O O O O
2910,"Ġ Ċ Ċ From ĠTuesday , Ġmost Ġnon - EU Ġcitizens Ġwill Ġneed ĠHome ĠOffice Ġapproval Ġto Ġmarry .",O O O O O O O O O O O O O O O O O O O,O O O O O O O O O O O O O O O O O O O
2911,"ĠThe ĠHome ĠOffice Ġsays Ġthe Ġnew Ġrules Ġare Ġaimed Ġat Ġreducing Ġthe Ġnumber Ġof Ġsham Ġmarriages , Ġof Ġwhich Ġthere Ġare Ġestimated Ġto Ġbe Ġup Ġto Ġ15 , 000 Ġa Ġyear .",O O O O O O O O O O O O O O O O O O O O O O O O O O O O O O O O,O O O O O O O O O O O O O O O O O O O O O O O O O O O O O O O O
2912,ĠBut Ġimmigrants ' Ġgroup Ġthe ĠJoint ĠCouncil Ġfor Ġthe ĠWelfare Ġof ĠImm igrants Ġ( JC WI ) Ġsays Ġthe Ġrules Ġbreach Ġhuman Ġrights Ġlaw Ġand Ġit Ġmay Ġmount Ġa Ġlegal Ġchallenge .,O O O O O O O O O O O O O O O O O O O O O O O O O O O O O O O O,O O O O O O O O O O O O O O O O O O O O O O O O O O O O O O O O
2913,"ĠWhen Ġthe Ġchanges Ġwere Ġunveiled Ġlast Ġyear , Ġimmigration Ġminister ĠDes ĠBrowne Ġsaid : Ġ"" Our Ġaim Ġis Ġto Ġavoid Ġunnecessary Ġdisruption Ġof Ġgenuine Ġmarriages , Ġwhile Ġproviding Ġfirm Ġcontrols Ġto Ġprevent Ġabuse .""",O O O O O O O O O O B-POLITICIAN I-POLITICIAN O O O O O O O O O O O O O O O O O O O O O O,O O O O O O O O O O B-POLITICIAN I-POLITICIAN O O O O O O O O O O O O O O O O O O O O O O
2914,ĠUnder Ġthe Ġprevious Ġregulations Ġanybody Ġwishing Ġto Ġget Ġmarried Ġin Ġthe ĠUK Ġonly Ġhad Ġto Ġproduce Ġevidence Ġthey Ġhad Ġbeen Ġresident Ġin Ġthe Ġcountry Ġfor Ġa Ġweek Ġand Ġgive Ġ15 Ġdays Ġnotice Ġof Ġthe Ġwedding Ġat Ġthe Ġlocal Ġregister Ġoffice .,O O O O O O O O O O O O O O O O O O O O O O O O O O O O O O O O O O O O O O O O O,O O O O O O O O O O O O O O O O O O O O O O O O O O O O O O O O O O O O O O O O O
2915,"Ġ Ċ Ċ But Ġfrom ĠTuesday Ġall Ġnon - EU Ġnationals , Ġapart Ġfrom Ġcitizens Ġof ĠSwitzerland , ĠLie ch ten stein , ĠIceland Ġor ĠNorway , Ġintending Ġto Ġwed Ġin Ġthe ĠUK Ġmust Ġeither Ġobtain Ġa Ġvisa Ġallowing Ġthem Ġto Ġget Ġmarried Ġbefore Ġthey Ġenter Ġthe Ġcountry Ġor Ġapply Ġfor Ġa ĠHome ĠOffice Ġ' cert ificate Ġof Ġmarriage Ġapproval '.",O O O O O O O O O O O O O O O O O O O O O O O O O O O O O O O O O O O O O O O O O O O O O O O O O O O O O O O O O O O O O,O O O O O O O O O O O O O O O O O O B-POLITICIAN I-POLITICIAN I-POLITICIAN I-POLITICIAN O O O O O O O O O O O O O O O O O O O O O O O O O O O O O O O O O O O O O O O
2916,"ĠTo Ġget Ġa Ġcertificate , Ġcosting ĠÂ£ 135 , Ġapplicants Ġwill Ġhave Ġto Ġsend Ġproof Ġthat Ġthey Ġhave Ġa Ġlegal Ġright Ġto Ġbe Ġin Ġthe ĠUK .",O O O O O O O O O O O O O O O O O O O O O O O O O O O,O O O O O O O O O O O O O O O O O O O O O O O O O O O
2917,"ĠThose Ġwithout Ġa Ġsettled Ġstatus , Ġsuch Ġas Ġasylum Ġseekers Ġawaiting Ġa Ġdecision Ġon Ġtheir Ġapplication , Ġwill Ġhave Ġno Ġright Ġto Ġmarry Ġin Ġthe ĠUK .",O O O O O O O O O O O O O O O O O O O O O O O O O O O,O O O O O O O O O O O O O O O O O O O O O O O O O O O
2918,"Ġ Ċ Ċ Once Ġthey Ġhave Ġthe Ġnecessary Ġdocumentation , Ġthose Ġsubject Ġto Ġimmigration Ġcontrols Ġwishing Ġto Ġget Ġmarried Ġin ĠEngland Ġor ĠWales Ġmust Ġregister Ġtheir Ġintention Ġto Ġmarry Ġat Ġone Ġof Ġ76 Ġspecially - design ated Ġregister Ġoffices .",O O O O O O O O O O O O O O O O O O O O O O O O O O O O O O O O O O O O O O O O,O O O O O O O O O O O O O O O O O O O O O O O O O O O O O O O O O O O O O O O O
2919,"ĠThey Ġcan , Ġhowever , Ġmarry Ġat Ġthe Ġregister Ġoffice Ġor Ġchurch Ġof Ġtheir Ġchoice .",O O O O O O O O O O O O O O O O,O O O O O O O O O O O O O O O O
2920,"ĠRh ian ĠBe yn on Ġof Ġthe ĠJC WI Ġsaid Ġthe Ġnew Ġrules Ġwere Ġ"" not Ġproportion ate "" Ġand Ġ"" disc rim inatory "".",B-PUBLIC-FIGURE I-PUBLIC-FIGURE I-PUBLIC-FIGURE I-PUBLIC-FIGURE I-PUBLIC-FIGURE O O O O O O O O O O O O O O O O O O O O,B-PUBLIC-FIGURE I-PUBLIC-FIGURE I-PUBLIC-FIGURE I-PUBLIC-FIGURE I-PUBLIC-FIGURE O O O O O O O O O O O O O O O O O O O O
2921,"Ġ Ċ Ċ "" These Ġrules Ġmeans Ġin Ġsome Ġcases Ġthe ĠHome ĠSecretary Ġis Ġgoing Ġto Ġbe Ġa Ġmarriage Ġregist rar Ġof Ġlast Ġresort . Ġ""",O O O O O O O O O O O O O O O O O O O O O O O O O O,O O O O O O O O O O O O O O O O O O O O O O O O O O
2922,ĠWe 're Ġcurrently Ġtaking Ġa Ġlegal Ġopinion Ġon Ġthis .,O O O O O O O O O O,O O O O O O O O O O
2923,"ĠWe 'll Ġbe Ġlooking Ġfor Ġpeople Ġwhose Ġright Ġto Ġmarry Ġis Ġbreached Ġand Ġwe 'll Ġbe Ġlooking Ġat Ġtaking Ġa Ġcase Ġon Ġthis Ġto Ġthe ĠHuman ĠRights ĠCourt ,"" ĠMs ĠBe yn on Ġsaid .",O O O O O O O O O O O O O O O O O O O O O O O O O O O O O O O O O O O,O O O O O O O O O O O O O O O O O O O O O O O O O O O O O O B-PUBLIC-FIGURE I-PUBLIC-FIGURE I-PUBLIC-FIGURE O O
2924,ĠThe Ġnew Ġrules Ġhave Ġalso Ġbeen Ġcalled Ġinto Ġquestion Ġby Ġthe Ġparliamentary ĠJoint ĠCommittee Ġon ĠHuman ĠRights .,O O O O O O O O O O O O O O O O O O,O O O O O O O O O O O O O O O O O O
2925,"ĠIn Ġa Ġreport Ġpublished Ġlast ĠJuly Ġthe Ġcross - party Ġcommittee Ġstated Ġthere Ġwas Ġa Ġ"" significant Ġrisk "" Ġthe Ġnew Ġprocedures Ġwere Ġincompatible Ġwith Ġthe Ġright Ġto Ġmarry Ġbecause Ġthey Ġintroduced Ġrestrictions Ġwhich Ġwere Ġ"" dis pro portion ate "".",O O O O O O O O O O O O O O O O O O O O O O O O O O O O O O O O O O O O O O O O O,O O O O O O O O O O O O O O O O O O O O O O O O O O O O O O O O O O O O O O O O O
2926,"ĠThe Ġcommittee Ġbelieved Ġthe Ġnew Ġlaws Ġmight Ġbe Ġincompatible Ġwith Ġthe ĠHuman ĠRights ĠAct Ġon Ġthe Ġgrounds Ġof Ġreligion , Ġbelief Ġand Ġnationality , Ġthe Ġreport Ġadded .",O O O O O O O O O O O O O O O O O O O O O O O O O O O O,O O O O O O O O O O O O O O O O O O O O O O O O O O O O
2927,Ġ Ċ Ċ Over Ġthe Ġlast Ġyear Ġimmigration Ġservice Ġoperations Ġagainst Ġmarriages Ġof Ġconvenience Ġhave Ġbeen Ġstepped Ġup Ġresulting Ġin Ġa Ġgrowing Ġnumber Ġof Ġconvictions .,O O O O O O O O O O O O O O O O O O O O O O O O O O,O O O O O O O O O O O O O O O O O O O O O O O O O O
2928,ĠIn ĠJanuary Ġ25 Ġpeople Ġwho Ġtook Ġpart Ġin Ġa Ġsham Ġmarriage Ġnetwork Ġbased Ġin ĠLeicester Ġwere Ġjailed Ġfor Ġa Ġtotal Ġof Ġ35 Ġyears .,O O O O O O O O O O O O O O O O O O O O O O O O,O O O O O O O O O O O O O O O O O O O O O O O O
2929,"ĠAnd Ġlast ĠNovember ĠSamuel ĠAm o ah , Ġa ĠBelgian Ġnational Ġwho Ġset Ġup Ġtwo Ġsham Ġweddings Ġfor Ġcouples Ġwho Ġwanted Ġto Ġremain Ġin Ġthe ĠUK , Ġwas Ġjailed Ġfor Ġthree Ġyears .",O O O B-PUBLIC-FIGURE I-PUBLIC-FIGURE I-PUBLIC-FIGURE I-PUBLIC-FIGURE O O O O O O O O O O O O O O O O O O O O O O O O O O,O O O B-PUBLIC-FIGURE I-PUBLIC-FIGURE I-PUBLIC-FIGURE I-PUBLIC-FIGURE O O O O O O O O O O O O O O O O O O O O O O O O O O
2930,ĠSeveral Ġother Ġcases Ġare Ġcurrently Ġgoing Ġthrough Ġthe Ġcourts .,O O O O O O O O O O,O O O O O O O O O O
2931,"ĠThe Ġrole Ġof Ġregist r ars Ġwho Ġunder Ġthe ĠAsylum Ġand ĠImmigration ĠAct Ġ1999 Ġwere Ġobliged Ġto Ġreport Ġsuspected Ġsham Ġmarriages Ġto Ġthe ĠHome ĠOffice , Ġhas Ġbeen Ġkey Ġin Ġmany Ġprosecutions .",O O O O O O O O O O O O O O O O O O O O O O O O O O O O O O O O O,O O O O O O O O O O O O O O O O O O O O O O O O O O O O O O O O O
2932,"ĠRegist r ars ' Ġspokesman , ĠMark ĠR immer , Ġsaid Ġthey Ġwelcomed Ġthe Ġnew Ġmarriage Ġregulations Ġand Ġbelieved Ġthey Ġwould Ġbe Ġan Ġsignificant Ġdeterrent . Ġ""",O O O O O O B-PUBLIC-FIGURE I-PUBLIC-FIGURE I-PUBLIC-FIGURE O O O O O O O O O O O O O O O O O O,O O O O O O B-PUBLIC-FIGURE I-PUBLIC-FIGURE I-PUBLIC-FIGURE O O O O O O O O O O O O O O O O O O
2933,ĠThey Ġwill Ġeffectively Ġremove Ġmost Ġof Ġthe Ġblatant Ġcases .,O O O O O O O O O O,O O O O O O O O O O
2934,"ĠCertainly Ġthose Ġwho Ġare Ġilleg als Ġin Ġthis Ġcountry , Ġof Ġwhich Ġwe Ġhad Ġquite Ġa Ġfew , Ġwill Ġno Ġlonger Ġbe Ġgetting Ġmarried ,"" ĠMr ĠR immer Ġsaid .",O O O O O O O O O O O O O O O O O O O O O O O O O O O O O O,O O O O O O O O O O O O O O O O O O O O O O O O O O B-PUBLIC-FIGURE I-PUBLIC-FIGURE O O
2935,"ĠMr ĠR immer , Ġthe Ġservice Ġdirector Ġfor Ġregistrations Ġof Ġmarriages Ġat ĠBrent ĠCouncil Ġin Ġnorth - west ĠLondon , Ġsaid Ġhe Ġdid Ġnot Ġconsider Ġthe Ġnew Ġlaw Ġto Ġbe Ġan Ġinfringement Ġof Ġcivil Ġliberties . Ġ""",O O O O O O O O O O O O O O O O O O O O O O O O O O O O O O O O O O O O O,O B-PUBLIC-FIGURE I-PUBLIC-FIGURE O O O O O O O O O O O O O O O O O O O O O O O O O O O O O O O O O O
2936,"ĠIt Ġmay Ġbe Ġseen Ġto Ġbe Ġfar Ġmore Ġdraconian Ġthan Ġit Ġhas Ġbeen Ġbut Ġcertainly Ġit 's Ġstill Ġnot Ġas Ġdifficult Ġto Ġmarry Ġin Ġthe ĠUK Ġthan Ġit Ġis Ġto Ġmarry , Ġfor Ġexample , Ġin ĠHolland , ĠGermany Ġor ĠFrance . Ġ""",O O O O O O O O O O O O O O O O O O O O O O O O O O O O O O O O O O O O O O O O O O O,O O O O O O O O O O O O O O O O O O O O O O O O O O O O O O O O O O O O O O O O O O O
2937,"ĠI Ġthink Ġit 's Ġa Ġproportion ate Ġresponse Ġby Ġgovernment Ġto Ġwhat Ġwas Ġa Ġvery Ġlarge Ġproblem ,"" ĠMr ĠR immer Ġsaid .",O O O O O O O O O O O O O O O O O O O O O O O,O O O O O O O O O O O O O O O O O O O B-PUBLIC-FIGURE I-PUBLIC-FIGURE O O
2938,ĠDog ged ĠFed erer Ġclaims ĠDubai Ġcrown Ċ Ċ World Ġnumber Ġone ĠRoger ĠFed erer Ġadded Ġthe ĠDubai ĠChampionship Ġtrophy Ġto Ġhis Ġlong Ġlist Ġof Ġsuccesses Ġ- Ġbut Ġnot Ġbefore Ġhe Ġwas Ġgiven Ġa Ġtest Ġby ĠIvan ĠL j ub ic ic .,O O O O O O O O O O O O B-ATHLETE I-ATHLETE I-ATHLETE O O O O O O O O O O O O O O O O O O O O O B-ATHLETE I-ATHLETE I-ATHLETE I-ATHLETE I-ATHLETE I-ATHLETE O,O O B-ATHLETE I-ATHLETE O O O O O O O O B-ATHLETE I-ATHLETE I-ATHLETE O O O O O O O O O O O O O O O O O O O O O B-ATHLETE I-ATHLETE I-ATHLETE I-ATHLETE I-ATHLETE I-ATHLETE O
2939,Ġ Ċ Ċ Top Ġseed ĠFed erer Ġlooked Ġto Ġbe Ġon Ġcourse Ġfor Ġa Ġeasy Ġvictory Ġwhen Ġhe Ġth umped Ġthe Ġeighth Ġseed Ġ6 - 1 Ġin Ġthe Ġfirst Ġset .,O O O O O O O O O O O O O O O O O O O O O O O O O O O O O O O,O O O O O B-ATHLETE I-ATHLETE O O O O O O O O O O O O O O O O O O O O O O O O
2940,"ĠBut ĠL j ub ic ic , Ġwho Ġbeat ĠTim ĠHen man Ġin Ġthe Ġlast Ġeight , Ġdug Ġdeep Ġto Ġsecure Ġthe Ġsecond Ġset Ġafter Ġa Ġtense Ġtie break .",O O O O O O O O O B-ATHLETE I-ATHLETE I-ATHLETE O O O O O O O O O O O O O O O O O O,O B-ATHLETE I-ATHLETE I-ATHLETE I-ATHLETE I-ATHLETE O O O B-ATHLETE I-ATHLETE I-ATHLETE O O O O O O O O O O O O O O O O O O
2941,"ĠSwiss Ġstar ĠFed erer Ġwas Ġnot Ġabout Ġto Ġlose Ġhis Ġcool , Ġthough , Ġturning Ġon Ġthe Ġstyle Ġto Ġwin Ġthe Ġdeciding Ġset Ġ6 - 3 .",O O O O O O O O O O O O O O O O O O O O O O O O O O O,O O B-ATHLETE I-ATHLETE O O O O O O O O O O O O O O O O O O O O O O O
2942,"ĠThe Ġmatch Ġwas Ġa Ġre - run Ġof Ġlast Ġweek 's Ġfinal Ġat Ġthe ĠWorld ĠInd oor ĠTournament Ġin ĠRot ter dam , Ġwhere ĠFed erer Ġtri ump hed , Ġbut Ġnot Ġuntil ĠL j ub ic ic Ġhad Ġstretched Ġhim Ġall Ġthe Ġway . Ġ""",O O O O O O O O O O O O O O O O O O O O O O O O O O O O O O O O O O O O O O O O O O O O O O,O O O O O O O O O O O O O O O O O O O O O O O O B-ATHLETE I-ATHLETE O O O O O O O B-ATHLETE I-ATHLETE I-ATHLETE I-ATHLETE I-ATHLETE O O O O O O O O
2943,"ĠI Ġreally Ġwanted Ġto Ġget Ġoff Ġto Ġa Ġgood Ġstart Ġthis Ġtime , Ġand ĠI Ġdid , Ġand ĠI Ġcould Ġreally Ġplay Ġwith Ġconfidence Ġwhile Ġhe Ġstill Ġlooking Ġfor Ġhis Ġrhythm ,"" ĠFed erer Ġsaid .",O O O O O O O O O O O O O O O O O O O O O O O O O O O O O O O O O O O O,O O O O O O O O O O O O O O O O O O O O O O O O O O O O O O O O B-ATHLETE I-ATHLETE O O
2944,"Ġ Ċ Ċ "" That Ġtook Ġme Ġall Ġthe Ġway Ġthrough Ġto Ġ6 - 1 Ġ3 - 1 Ġ0 - 30 Ġon Ġhis Ġserve Ġand ĠI Ġalmost Ġran Ġaway Ġwith Ġit .",O O O O O O O O O O O O O O O O O O O O O O O O O O O O O O O O,O O O O O O O O O O O O O O O O O O O O O O O O O O O O O O O O
2945,"ĠBut Ġhe Ġcame Ġback , Ġand Ġthat Ġwas Ġa Ġgood Ġeffort Ġon Ġhis Ġside .""",O O O O O O O O O O O O O O O,O O O O O O O O O O O O O O O
2946,"ĠL j ub ic ic Ġwas Ġat Ġa Ġloss Ġto Ġexplain Ġhis Ġpoor Ġshowing Ġin Ġthe Ġfirst Ġset . Ġ""",O O O O O O O O O O O O O O O O O O O O,B-ATHLETE I-ATHLETE I-ATHLETE I-ATHLETE I-ATHLETE O O O O O O O O O O O O O O O
2947,"ĠI Ġdidn 't Ġstart Ġbadly , Ġbut Ġthen Ġsuddenly ĠI Ġfelt Ġlike Ġmy Ġracket Ġwas Ġloose Ġand Ġthe Ġballs Ġwere Ġflying Ġa Ġlittle Ġbit Ġtoo Ġmuch .",O O O O O O O O O O O O O O O O O O O O O O O O O O O,O O O O O O O O O O O O O O O O O O O O O O O O O O O
2948,"ĠAnd Ġwith ĠRoger , Ġif Ġyou Ġrelax Ġfor Ġa Ġsecond Ġit Ġjust Ġgoes Ġvery Ġquick ,"" Ġhe Ġsaid . Ġ""",O O O O O O O O O O O O O O O O O O O O,O O B-ATHLETE O O O O O O O O O O O O O O O O O
2949,ĠAfter Ġthose Ġfirst Ġthree Ġgames Ġit Ġwas Ġno Ġmatch Ġat Ġall .,O O O O O O O O O O O O,O O O O O O O O O O O O
2950,"ĠI Ġdon 't Ġknow , Ġit Ġwas Ġreally Ġweird .",O O O O O O O O O O,O O O O O O O O O O
2951,"ĠI Ġwas Ġplaying Ġreally Ġwell Ġthe Ġwhole Ġyear , Ġand Ġthen Ġsuddenly ĠI Ġfound Ġmyself Ġin Ġtrouble Ġjust Ġto Ġput Ġthe Ġball Ġin Ġthe Ġcourt .""",O O O O O O O O O O O O O O O O O O O O O O O O O O,O O O O O O O O O O O O O O O O O O O O O O O O O O
2952,"ĠBut Ġdespite Ġhis Ġdefeat , Ġthe Ġworld Ġnumber Ġ14 Ġwas Ġpleased Ġwith Ġhis Ġoverall Ġperformance . Ġ""",O O O O O O O O O O O O O O O O O,O O O O O O O O O O O O O O O O O
2953,"ĠI Ġhad Ġa Ġchance Ġin Ġthe Ġthird , Ġand Ġfor Ġme Ġit 's Ġreally Ġpositive Ġto Ġtwice Ġin Ġtwo Ġweeks Ġhave Ġa Ġchance Ġagainst ĠRoger Ġto Ġwin Ġthe Ġmatch . Ġ""",O O O O O O O O O O O O O O O O O O O O O O O O O O O O O O O,O O O O O O O O O O O O O O O O O O O O O O O O B-ATHLETE O O O O O O
2954,"ĠIt 's Ġan Ġabsolutely Ġgreat Ġboost Ġto Ġmy Ġconfidence Ġthat ĠI 'm Ġup Ġthere Ġand Ġbelong Ġwith Ġtop - class Ġplayers .""",O O O O O O O O O O O O O O O O O O O O O O,O O O O O O O O O O O O O O O O O O O O O O
2955,ĠCap ri ati Ġout Ġof ĠAustralian ĠOpen Ċ Ċ Jennifer ĠCap ri ati Ġhas Ġbecome Ġthe Ġthird Ġleading Ġlady Ġto Ġwithdraw Ġfrom Ġthe ĠAustralian ĠOpen Ġbecause Ġof Ġinjury .,O O O O O O O O O B-ATHLETE I-ATHLETE I-ATHLETE I-ATHLETE O O O O O O O O O O O O O O O O,B-ATHLETE I-ATHLETE I-ATHLETE O O O O O O B-ATHLETE I-ATHLETE I-ATHLETE I-ATHLETE O O O O O O O O O O O O O O O O
2956,"Ġ Ċ Ċ The Ġorganisers Ġof Ġthe Ġfirst Ġgrand Ġslam Ġof Ġ2005 , Ġwhich Ġbegins Ġon Ġ17 ĠJanuary , Ġsaid Ġthe ĠAmerican Ġhas Ġa Ġproblem Ġwith Ġher Ġright Ġshoulder .",O O O O O O O O O O O O O O O O O O O O O O O O O O O O O O,O O O O O O O O O O O O O O O O O O O O O O O O O O O O O O
2957,"ĠIt Ġcomes Ġas Ġa Ġblow Ġto Ġthe Ġwomen 's Ġdraw Ġas Ġlast Ġyear 's Ġchampion , ĠJustin ĠHen in - H arden ne , Ġand Ġrunner - up , ĠKim ĠCl ij sters , Ġwill Ġalso Ġbe Ġabsent .",O O O O O O O O O O O O O O O O B-ATHLETE I-ATHLETE I-ATHLETE I-ATHLETE I-ATHLETE I-ATHLETE I-ATHLETE O O O O O O B-ATHLETE I-ATHLETE I-ATHLETE I-ATHLETE O O O O O O,O O O O O O O O O O O O O O O O B-ATHLETE I-ATHLETE I-ATHLETE I-ATHLETE I-ATHLETE I-ATHLETE I-ATHLETE O O O O O O B-ATHLETE I-ATHLETE I-ATHLETE I-ATHLETE O O O O O O
2958,ĠCap ri ati Ġis Ġa Ġtwo - time Ġchampion Ġin ĠMelbourne Ġwith Ġwins Ġin Ġ2001 Ġand Ġ2002 .,O O O O O O O O O O O O O O O O O O,B-ATHLETE I-ATHLETE I-ATHLETE O O O O O O O O O O O O O O O
2959,ĠShe Ġis Ġbelieved Ġto Ġhave Ġpicked Ġup Ġthe Ġinjury Ġat Ġthe ĠAd vant a ĠChampionships Ġat ĠPhiladelphia Ġin ĠNovember Ġand Ġhad Ġto Ġpull Ġout Ġof Ġan Ġexhibition Ġmatch Ġwith ĠWim bledon Ġchampion ĠMaria ĠShar ap ova Ġon Ġ17 ĠDecember .,O O O O O O O O O O O O O O O O O O O O O O O O O O O O O O O O B-ATHLETE I-ATHLETE I-ATHLETE I-ATHLETE O O O O,O O O O O O O O O O O O O O O O O O O O O O O O O O O O O O O O B-ATHLETE I-ATHLETE I-ATHLETE I-ATHLETE O O O O
2960,"ĠCap ri ati Ġalso Ġdecided Ġagainst Ġcompeting Ġin Ġthe ĠAustralian ĠOpen Ġwarm - up Ġevent , Ġthe ĠSydney ĠInternational .",O O O O O O O O O O O O O O O O O O O O,B-ATHLETE I-ATHLETE I-ATHLETE O O O O O O O O O O O O O O O O O
2961,ĠHunt Ġdemo Ġat ĠLabour Ġmeeting Ċ Ċ Pro - hunt Ġsupporters Ġare Ġset Ġto Ġprotest Ġat ĠLabour 's Ġspring Ġconference .,O O O O O O O O O O O O O O O O O O O O O,B-POLITICIAN O O O O O O O O O O O O O O O O O O O O
2962,"Ġ Ċ Ċ The ĠCountry side ĠAlliance Ġsays Ġit Ġexpects Ġup Ġto Ġ4 , 000 Ġsupporters Ġto Ġdemonstrate Ġagainst Ġthe Ġhunting Ġban .",O O O O O O O O O O O O O O O O O O O O O O O,O O O O O O O O O O O O O O O O O O O O O O O
2963,ĠThey Ġhave Ġagreed Ġto Ġkeep Ġto Ġa Ġdemonstration Ġsite Ġon Ġthe Ġother Ġside Ġof Ġthe ĠRiver ĠTy ne Ġfrom Ġthe Ġconference Ġvenue Ġin ĠGates head .,O O O O O O O O O O O O O O O O O O O O O O O O O O,O O O O O O O O O O O O O O O O O O O O O O O O O O
2964,ĠA Ġbid Ġto Ġoverturn Ġthe Ġlaw Ġbanning Ġhunting Ġwith Ġdogs Ġin ĠEngland Ġand ĠWales Ġhas Ġbegun Ġin Ġthe ĠCourt Ġof ĠAppeal .,O O O O O O O O O O O O O O O O O O O O O O,O O O O O O O O O O O O O O O O O O O O O O
2965,ĠThe Ġban Ġcomes Ġinto Ġforce Ġon Ġ18 ĠFebruary .,O O O O O O O O O,O O O O O O O O O
2966,ĠThe ĠCourt Ġof ĠAppeal Ġis Ġexpected Ġto Ġrule Ġearly Ġnext Ġweek Ġon Ġwhether Ġthe Ġalliance 's Ġchallenge Ġhas Ġsucceeded .,O O O O O O O O O O O O O O O O O O O O,O O O O O O O O O O O O O O O O O O O O
2967,"ĠRichard ĠDodd , Ġregional Ġdirector Ġof Ġthe ĠCountry side ĠAlliance , Ġsaid Ġhe Ġexpected Ġbetween Ġ2 , 000 Ġand Ġ4 , 000 Ġsupporters Ġin ĠT ynes ide Ġto Ġmake Ġtheir Ġprotest , Ġwith Ġhunt Ġhorns Ġand Ġplac ards .",B-PUBLIC-FIGURE I-PUBLIC-FIGURE O O O O O O O O O O O O O O O O O O O O O O O O O O O O O O O O O O O O O,B-PUBLIC-FIGURE I-PUBLIC-FIGURE O O O O O O O O O O O O O O O O O O O O O O O O O O O O O O O O O O O O O
2968,Ġ Ċ Ċ Campaign ers Ġhave Ġbeen Ġasked Ġnot Ġto Ġbring Ġany Ġanimals Ġor Ġalcohol .,O O O O O O O O O O O O O O O O,O O O O O O O O O O O O O O O O
2969,"Ġ Ċ Ċ Mr ĠDodd Ġsaid Ġhe Ġdid Ġnot Ġbelieve Ġthere Ġwould Ġbe Ġany Ġrepeat Ġof Ġthe Ġtrouble Ġwhich Ġmar red Ġthe Ġpro - hunt Ġdemonstration Ġoutside ĠParliament Ġin ĠSeptember . Ġ""",O O O O O O O O O O O O O O O O O O O O O O O O O O O O O O O O,O O O O B-BUSINESS-EXECUTIVE-MANAGER O O O O O O O O O O O O O O O O O O O O O O O O O O O
2970,"ĠWe Ġare Ġholding Ġa Ġstatic Ġdemonstration , Ġjust Ġto Ġremind ĠLabour Ġthat Ġwe Ġare Ġnot Ġgoing Ġaway ,"" Ġhe Ġsaid .",O O O O O O O O O O O O O O O O O O O O O,O O O O O O O O O O O O O O O O O O O O O
2971,"ĠNorth umb ria ĠPolice Ġsaid Ġthe Ġpedestrian ĠMillennium ĠBridge , Ġby Ġthe Ġdemonstration Ġsite , Ġwill Ġbe Ġshut Ġif Ġnecessary .",O O O O O O O O O O O O O O O O O O O O O,O O O O O O O O O O O O O O O O O O O O O
2972,ĠBut ĠAssistant ĠChief ĠConstable ĠDavid ĠWar cup Ġhas Ġlia ised Ġwith Ġseveral Ġprotest Ġgroups Ġand Ġsaid Ġall Ġnegotiations Ġhad Ġgone Ġwell .,O O O O B-PUBLIC-FIGURE I-PUBLIC-FIGURE I-PUBLIC-FIGURE O O O O O O O O O O O O O O O,O O O O B-PUBLIC-FIGURE I-PUBLIC-FIGURE I-PUBLIC-FIGURE O O O O O O O O O O O O O O O
2973,"ĠFathers Ġ4 ĠJustice , Ġpension ers ' Ġrights Ġactivists Ġand ĠStop Ġthe ĠWar Ġcampaigners Ġwere Ġalso Ġexpected Ġto Ġdemonstrate Ġduring Ġthe Ġthree - day Ġconference Ġwhich Ġstarts Ġon ĠFriday .",O O O O O O O O O O O O O O O O O O O O O O O O O O O O O O,O O O O O O O O O O O O O O O O O O O O O O O O O O O O O O
2974,ĠPro - hunt Ġcampaigners Ġclaims Ġthe Ġ1949 ĠParliament ĠAct Ġ- Ġwhich Ġextends Ġthe Ġright Ġof Ġthe ĠHouse Ġof ĠCommons Ġto Ġover rule Ġthe ĠHouse Ġof ĠLords Ġ- Ġwas Ġitself Ġinvalid Ġbecause Ġit Ġwas Ġnever Ġpassed Ġby Ġpeers .,O O O O O O O O O O O O O O O O O O O O O O O O O O O O O O O O O O O O O O,O O O O O O O O O O O O O O O O O O O O O O O O O O O O O O O O O O O O O O
2975,ĠThe ĠHigh ĠCourt Ġlast Ġmonth Ġruled Ġthe Ġact Ġwas Ġvalid Ġand Ġthe Ġproposed Ġhunting Ġban Ġwas Ġlawful .,O O O O O O O O O O O O O O O O O O,O O O O O O O O O O O O O O O O O O
2976,ĠPro - hunt Ġsupporters Ġformally Ġlaunched Ġtheir Ġsecond Ġlegal Ġchallenge Ġto Ġthe Ġban Ġin ĠLondon 's ĠHigh ĠCourt Ġon ĠThursday .,O O O O O O O O O O O O O O O O O O O O O,O O O O O O O O O O O O O O O O O O O O O
2977,ĠThe ĠCountry side ĠAlliance Ġhas Ġlodged Ġpapers Ġseeking Ġa Ġjudicial Ġreview Ġon Ġhuman Ġrights Ġgrounds .,O O O O O O O O O O O O O O O O,O O O O O O O O O O O O O O O O
2978,"ĠAnimal Ġwelfare Ġgroups Ġhave Ġwelcomed Ġthe Ġban , Ġmany Ġof Ġwhom Ġhave Ġcampaigned Ġfor Ġa Ġban Ġfor Ġdecades Ġsaying Ġhunting Ġis Ġcruel Ġand Ġunnecessary .",O O O O O O O O O O O O O O O O O O O O O O O O O,O O O O O O O O O O O O O O O O O O O O O O O O O
2979,ĠMicrosoft Ġseeking Ġspy ware Ġtro jan Ċ Ċ Microsoft Ġis Ġinvestigating Ġa Ġtro jan Ġprogram Ġthat Ġattempts Ġto Ġswitch Ġoff Ġthe Ġfirm 's Ġanti - sp y ware Ġsoftware .,O O O O O O O O O O O O O O O O O O O O O O O O O O O O O O,O O O O O O O O O O O O O O O O O O O O O O O O O O O O O O
2980,Ġ Ċ Ċ The Ġspy ware Ġtool Ġwas Ġonly Ġreleased Ġby ĠMicrosoft Ġin Ġthe Ġlast Ġfew Ġweeks Ġand Ġhas Ġbeen Ġdownloaded Ġby Ġsix Ġmillion Ġpeople .,O O O O O O O O O O O O O O O O O O O O O O O O O O,O O O O O O O O O O O O O O O O O O O O O O O O O O
2981,"ĠStephen ĠT oul ouse , Ġa Ġsecurity Ġmanager Ġat ĠMicrosoft , Ġsaid Ġthe Ġmalicious Ġprogram Ġwas Ġcalled ĠBank ash - A ĠTrojan Ġand Ġwas Ġbeing Ġsent Ġas Ġan Ġe - mail Ġattachment .",B-BUSINESS-EXECUTIVE-MANAGER I-BUSINESS-EXECUTIVE-MANAGER I-BUSINESS-EXECUTIVE-MANAGER I-BUSINESS-EXECUTIVE-MANAGER O O O O O O O O O O O O O O O O O O O O O O O O O O O O O,B-BUSINESS-EXECUTIVE-MANAGER I-BUSINESS-EXECUTIVE-MANAGER I-BUSINESS-EXECUTIVE-MANAGER I-BUSINESS-EXECUTIVE-MANAGER O O O O O O O O O O O O O O O O O O O O O O O O O O O O O
2982,ĠMicrosoft Ġsaid Ġit Ġdid Ġnot Ġbelieve Ġthe Ġprogram Ġwas Ġwidespread Ġand Ġrecommended Ġusers Ġto Ġuse Ġan Ġanti - v irus Ġprogram .,O O O O O O O O O O O O O O O O O O O O O O,O O O O O O O O O O O O O O O O O O O O O O
2983,ĠThe Ġprogram Ġattempts Ġto Ġdisable Ġor Ġdelete ĠMicrosoft 's Ġanti - sp y ware Ġtool Ġand Ġsuppress Ġwarning Ġmessages Ġgiven Ġto Ġusers .,O O O O O O O O O O O O O O O O O O O O O O O,O O O O O O O O O O O O O O O O O O O O O O O
2984,Ġ Ċ Ċ It Ġmay Ġalso Ġtry Ġto Ġsteal Ġonline Ġbanking Ġpasswords Ġor Ġother Ġpersonal Ġinformation Ġby Ġtracking Ġusers ' Ġkey stro kes .,O O O O O O O O O O O O O O O O O O O O O O O O,O O O O O O O O O O O O O O O O O O O O O O O O
2985,Ġ Ċ Ċ Microsoft Ġsaid Ġin Ġa Ġstatement Ġit Ġis Ġinvestigating Ġwhat Ġit Ġcalled Ġa Ġcriminal Ġattack Ġon Ġits Ġsoftware .,O O O O O O O O O O O O O O O O O O O O O,O O O O O O O O O O O O O O O O O O O O O
2986,"ĠEarlier Ġthis Ġweek , ĠMicrosoft Ġsaid Ġit Ġwould Ġbuy Ġanti - v irus Ġsoftware Ġmaker ĠSy b ari ĠSoftware Ġto Ġimprove Ġits Ġsecurity Ġin Ġits ĠWindows Ġand Ġe - mail Ġsoftware .",O O O O O O O O O O O O O O O O O O O O O O O O O O O O O O O O,O O O O O O O O O O O O O O O O O O O O O O O O O O O O O O O O
2987,ĠMicrosoft Ġhas Ġsaid Ġit Ġplans Ġto Ġoffer Ġits Ġown Ġpaid - for Ġanti - v irus Ġsoftware Ġbut Ġit Ġhas Ġnot Ġyet Ġset Ġa Ġdate Ġfor Ġits Ġrelease .,O O O O O O O O O O O O O O O O O O O O O O O O O O O O O,O O O O O O O O O O O O O O O O O O O O O O O O O O O O O
2988,"ĠThe Ġanti - sp y ware Ġprogram Ġbeing Ġtargeted Ġis Ġcurrently Ġonly Ġin Ġbeta Ġform Ġand Ġaims Ġto Ġhelp Ġusers Ġfind Ġand Ġremove Ġspy ware Ġ- Ġprograms Ġwhich Ġmonitor Ġinternet Ġuse , Ġcauses Ġadvert Ġpop - ups Ġand Ġslow Ġa ĠPC 's Ġperformance .",O O O O O O O O O O O O O O O O O O O O O O O O O O O O O O O O O O O O O O O O O O O O,O O O O O O O O O O O O O O O O O O O O O O O O O O O O O O O O O O O O O O O O O O O O
2989,ĠLas ers Ġhelp Ġbridge Ġnetwork Ġgaps Ċ Ċ An ĠIndian Ġtelecommunications Ġfirm Ġhas Ġturned Ġto Ġlasers Ġto Ġhelp Ġit Ġovercome Ġthe Ġproblems Ġof Ġsetting Ġup Ġvoice Ġand Ġdata Ġnetworks Ġin Ġthe Ġcountry .,O O O O O O O O O O O O O O O O O O O O O O O O O O O O O O O O O,O O O O O O O O O O O O O O O O O O O O O O O O O O O O O O O O O
2990,Ġ Ċ Ċ T ata ĠTel es erv ices Ġis Ġusing Ġthe Ġlasers Ġto Ġmake Ġthe Ġlink Ġbetween Ġcustomers ' Ġoffices Ġand Ġits Ġown Ġcore Ġnetwork .,O O O O O O O O O O O O O O O O O O O O O O O O O O O,O O O O O O O O O O O O O O O O O O O O O O O O O O O
2991,ĠThe Ġlaser Ġbridges Ġwork Ġacross Ġdistances Ġup Ġto Ġ4 km Ġand Ġcan Ġbe Ġset Ġup Ġmuch Ġfaster Ġthan Ġcable Ġconnections .,O O O O O O O O O O O O O O O O O O O O O,O O O O O O O O O O O O O O O O O O O O O
2992,ĠIn Ġ12 Ġmonths Ġthe Ġlasers Ġhave Ġhelped Ġthe Ġfirm Ġset Ġup Ġnetworks Ġin Ġmore Ġthan Ġ700 Ġlocations .,O O O O O O O O O O O O O O O O O O,O O O O O O O O O O O O O O O O O O
2993,"Ġ Ċ Ċ "" In Ġthis Ġparticular Ġgeography Ġgetting Ġpermission Ġto Ġdig Ġthe Ġground Ġand Ġlay Ġthe Ġpipes Ġis Ġa Ġbit Ġof Ġa Ġtask ,"" Ġsaid ĠMr ĠR . ĠS rid har an , Ġvice Ġpresident Ġof Ġnetworks Ġat ĠTata . Ġ""",O O O O O O O O O O O O O O O O O O O O O O O O O O O B-BUSINESS-EXECUTIVE-MANAGER I-BUSINESS-EXECUTIVE-MANAGER I-BUSINESS-EXECUTIVE-MANAGER I-BUSINESS-EXECUTIVE-MANAGER I-BUSINESS-EXECUTIVE-MANAGER I-BUSINESS-EXECUTIVE-MANAGER O O O O O O O O O,O O O O O O O O O O O O O O O O O O O O O O O O O O O B-BUSINESS-EXECUTIVE-MANAGER I-BUSINESS-EXECUTIVE-MANAGER I-BUSINESS-EXECUTIVE-MANAGER I-BUSINESS-EXECUTIVE-MANAGER I-BUSINESS-EXECUTIVE-MANAGER I-BUSINESS-EXECUTIVE-MANAGER O O O O O O O O O
2994,"ĠHeavy Ġtraffic Ġand Ġthe Ġlayout Ġunder Ġthe Ġground Ġmean Ġthat Ġdigging Ġis Ġuniquely Ġdifficult ,"" Ġhe Ġsaid .",O O O O O O O O O O O O O O O O O O,O O O O O O O O O O O O O O O O O O
2995,"ĠIn Ġsome Ġlocations , Ġhe Ġsaid , Ġpermission Ġto Ġdig Ġup Ġroads Ġand Ġlay Ġcables Ġwas Ġimpossible Ġto Ġget .",O O O O O O O O O O O O O O O O O O O O,O O O O O O O O O O O O O O O O O O O O
2996,ĠHe Ġsaid Ġit Ġwas Ġfar Ġeasier Ġto Ġsecure Ġpermission Ġfor Ġputting Ġnetworking Ġhardware Ġon Ġroofs .,O O O O O O O O O O O O O O O O,O O O O O O O O O O O O O O O O
2997,ĠThis Ġhas Ġled ĠChennai - based ĠTata Ġto Ġturn Ġto Ġequipment Ġthat Ġuses Ġlasers Ġto Ġmake Ġthe Ġfinal Ġmile Ġleap Ġbetween ĠTata 's Ġcore Ġnetwork Ġand Ġthe Ġpremises Ġof Ġcustomers .,O O O O O O O O O O O O O O O O O O O O O O O O O O O O O O O,O O O O O O O O O O O O O O O O O O O O O O O O O O O O O O O
2998,ĠThe ĠLight point e Ġlaser Ġbridges Ġwork Ġover Ġdistances Ġof Ġup Ġto Ġ4 km Ġand Ġare Ġbeing Ġused Ġto Ġroute Ġboth Ġvoice Ġand Ġdata Ġfrom Ġbusinesses Ġon Ġto Ġthe Ġbackbone Ġof Ġthe Ġnetwork .,O O O O O O O O O O O O O O O O O O O O O O O O O O O O O O O O O O,O O O O O O O O O O O O O O O O O O O O O O O O O O O O O O O O O O
2999,ĠThe Ġhardware Ġworks Ġin Ġpairs Ġand Ġbeam Ġdata Ġthrough Ġthe Ġair Ġin Ġthe Ġform Ġof Ġlaser Ġpulses .,O O O O O O O O O O O O O O O O O O,O O O O O O O O O O O O O O O O O O
3000,"Ġ Ċ Ċ The Ġlaser Ġbridges Ġcan Ġroute Ġdata Ġat Ġspeeds Ġup Ġto Ġ1 . 25 g bps Ġ( 2 , 000 Ġtimes Ġfaster Ġthan Ġa Ġ512 k bps Ġbroadband Ġconnection ) Ġbut ĠTata Ġis Ġrunning Ġits Ġhardware Ġat Ġmore Ġmodest Ġspeeds Ġof Ġ1 - 2 mb ps .",O O O O O O O O O O O O O O O O O O O O O O O O O O O O O O O O O O O O O O O O O O O O O O O O O,O O O O O O O O O O O O O O O O O O O O O O O O O O O O O O O O O O O O O O O O O O O O O O O O O
3001,"ĠThe Ġlasers Ġare Ġalso Ġideal Ġfor ĠIndia Ġbecause Ġof Ġits Ġclimate . Ġ""",O O O O O O O O O O O O O,O O O O O O O O O O O O O
3002,"ĠIt 's Ġparticularly Ġsuitable Ġas Ġthe Ġrain Ġrate Ġis Ġa Ġlittle Ġlow Ġand Ġit 's Ġhardly Ġever Ġfog gy ,"" Ġhe Ġsaid .",O O O O O O O O O O O O O O O O O O O O O O O,O O O O O O O O O O O O O O O O O O O O O O O
3003,ĠIn Ġplaces Ġwhere Ġrain Ġis Ġheavy Ġand Ġfog Ġis Ġcommon Ġlaser Ġlinks Ġcan Ġstruggle Ġto Ġmaintain Ġgood Ġconnection Ġspeeds .,O O O O O O O O O O O O O O O O O O O O,O O O O O O O O O O O O O O O O O O O O
3004,"ĠThe Ġlaser Ġlinks Ġalso Ġtake Ġfar Ġless Ġtime Ġto Ġset Ġup Ġand Ġget Ġworking , Ġsaid ĠMr ĠS rid har an . Ġ""",O O O O O O O O O O O O O O O O O O O O O O O,O O O O O O O O O O O O O O O O O O B-PUBLIC-FIGURE I-PUBLIC-FIGURE I-PUBLIC-FIGURE O O
3005,"ĠOnce Ġwe Ġget Ġthe Ġother Ġpermissions , Ġnormal Ġtime Ġperiod Ġfor Ġset Ġup Ġis Ġa Ġfew Ġhours ,"" Ġhe Ġsaid .",O O O O O O O O O O O O O O O O O O O O O,O O O O O O O O O O O O O O O O O O O O O
3006,"ĠBy Ġcontrast , Ġhe Ġsaid , Ġdigging Ġup Ġroads Ġand Ġlaying Ġcables Ġcan Ġtake Ġweeks Ġor Ġmonths .",O O O O O O O O O O O O O O O O O O,O O O O O O O O O O O O O O O O O O
3007,ĠThis Ġspeed Ġof Ġset Ġup Ġhas Ġhelped ĠTata Ġwith Ġits Ġaggressive Ġexpansion Ġplans .,O O O O O O O O O O O O O O,O O O O O O O O O O O O O O
3008,ĠJust Ġover Ġ12 Ġmonths Ġago Ġthe Ġfirm Ġhad Ġcustomers Ġin Ġonly Ġabout Ġ70 Ġtowns Ġand Ġcities .,O O O O O O O O O O O O O O O O O,O O O O O O O O O O O O O O O O O
3009,"ĠBut Ġby Ġthe Ġend Ġof ĠMarch Ġthe Ġfirm Ġhopes Ġto Ġreach Ġmore Ġthan Ġ1 , 000 . Ġ""",O O O O O O O O O O O O O O O O O O,O O O O O O O O O O O O O O O O O O
3010,"ĠSpeed Ġis Ġvery Ġimportant Ġbecause Ġof Ġthe Ġpace Ġof Ġcompetition ,"" Ġsaid ĠMr ĠS rid har an .",O O O O O O O O O O O O O O O O O O,O O O O O O O O O O O O O B-PUBLIC-FIGURE I-PUBLIC-FIGURE I-PUBLIC-FIGURE I-PUBLIC-FIGURE O
3011,ĠHolmes Ġstarts Ġ2005 Ġwith ĠGB Ġevents Ċ Ċ Kelly ĠHolmes Ġwill Ġstart Ġ2005 Ġwith Ġa Ġseries Ġof Ġraces Ġin ĠBritain .,O O O O O O O O B-ATHLETE I-ATHLETE O O O O O O O O O O O,B-ATHLETE O O O O O O O B-ATHLETE I-ATHLETE O O O O O O O O O O O
3012,Ġ Ċ Ċ Hol mes Ġwill Ġmake Ġher Ġfirst Ġtrack Ġappearance Ġon Ġhome Ġsoil Ġsince Ġwinning Ġdouble ĠOlympic Ġgold Ġin ĠJanuary 's ĠNorwich ĠUnion ĠInternational Ġin ĠGlasgow .,O O O O O O O O O O O O O O O O O O O O O O O O O O O O,O O O B-ATHLETE I-ATHLETE O O O O O O O O O O O O O O O O O O O O O O O
3013,"ĠShe Ġwill Ġalso Ġrun Ġin Ġthe ĠGrand ĠPrix Ġin ĠBirmingham Ġin ĠFebruary Ġand Ġmay Ġdefend Ġher Ġindoor ĠAAA Ġ800 m Ġtitle Ġin ĠSheffield Ġearlier Ġthat Ġmonth . Ġ""",O O O O O O O O O O O O O O O O O O O O O O O O O O O O,O O O O O O O O O O O O O O O O O O O O O O O O O O O O
3014,"ĠI Ġam Ġstill Ġcompetitive Ġand Ġstill Ġwant Ġto Ġwin ,"" Ġshe Ġsaid . Ġ""",O O O O O O O O O O O O O O,O O O O O O O O O O O O O O
3015,"ĠI 'm Ġan Ġathlete Ġand ĠI Ġcan 't Ġwait Ġto Ġget Ġback Ġon Ġthe Ġtrack .""",O O O O O O O O O O O O O O O O,O O O O O O O O O O O O O O O O
3016,"ĠShe Ġadded : Ġ"" These Ġevents Ġare Ġalso Ġa Ġgreat Ġopportunity Ġto Ġthank Ġthe ĠBritish Ġpublic Ġfor Ġthe Ġenormous Ġlevels Ġof Ġsupport Ġthey Ġhave Ġgiven Ġme Ġfrom Ġthe Ġmoment ĠI Ġstepped Ġoff Ġthat Ġplane Ġfrom ĠGreece .""",O O O O O O O O O O O O O O O O O O O O O O O O O O O O O O O O O O O O O,O O O O O O O O O O O O O O O O O O O O O O O O O O O O O O O O O O O O O
3017,"ĠThe ĠGlasgow Ġmeeting Ġwill Ġsee ĠHolmes Ġcompete Ġover Ġ1500 m Ġin Ġa Ġfive - way Ġmatch Ġagainst ĠSweden , ĠFrance , ĠRussia Ġand ĠItaly .",O O O O O O O O O O O O O O O O O O O O O O O O O,O O O O O B-ATHLETE O O O O O O O O O O O O O O O O O O O
3018,"ĠFebruary Ġpoll Ġclaim Ġ' spe culation ' Ċ Ċ Reports Ġthat ĠTony ĠBlair Ġis Ġplanning Ġa Ġsnap Ġgeneral Ġelection Ġfor ĠFebruary Ġ2005 Ġhave Ġbeen Ġdescribed Ġas Ġ"" id le Ġspeculation "" Ġby ĠDowning ĠStreet .",O O O O O O O O O O O B-POLITICIAN I-POLITICIAN O O O O O O O O O O O O O O O O O O O O O O,O O O O O O O O O O O B-POLITICIAN I-POLITICIAN O O O O O O O O O O O O O O O O O O O O O O
3019,"Ġ Ċ Ċ A Ġspokesman Ġsaid Ġhe Ġhad Ġ"" no Ġidea "" Ġwhere Ġthe Ġreports Ġin Ġthe ĠSunday ĠTimes Ġand ĠSunday ĠTelegraph Ġhad Ġcome Ġfrom .",O O O O O O O O O O O O O O O O O O O O O O O O O O,O O O O O O O O O O O O O O O O O O O O O O O O O O
3020,"ĠThe Ġpapers Ġsuggest Ġministers Ġbelieve Ġthe Ġgovernment Ġcould Ġbenefit Ġfrom Ġa Ġ"" B aghd ad Ġbounce "" Ġfollowing Ġsuccessful ĠIraq Ġelections Ġin ĠJanuary .",O O O O O O O O O O O O O O O O O O O O O O O O,O O O O O O O O O O O O O O O O O O O O O O O O
3021,ĠA ĠBritish Ġgeneral Ġelection Ġwas Ġlast Ġheld Ġin ĠFebruary Ġin Ġ1974 .,O O O O O O O O O O O O,O O O O O O O O O O O O
3022,"ĠIn Ġthat Ġelection , ĠEdward ĠHeath Ġlost Ġand Ġfailed Ġto Ġbuild Ġa Ġcoalition Ġwith Ġthe ĠLiberals .",O O O O B-POLITICIAN I-POLITICIAN O O O O O O O O O O O,O O O O B-POLITICIAN I-POLITICIAN O O O O O O O O O O O
3023,ĠHarold ĠWilson Ġtook Ġover Ġand Ġincreased Ġhis Ġmajority Ġlater Ġin Ġthe Ġyear Ġin Ġa Ġsecond Ġelection Ċ Ċ The Ġlatest Ġspeculation Ġsuggests Ġthe Ġprime Ġminister Ġfav ours Ġa ĠFebruary Ġpoll Ġin Ġorder Ġto Ġexploit Ġhis Ġcurrent Ġopinion Ġpoll Ġlead Ġover ĠConservative Ġleader ĠMichael ĠHoward .,B-POLITICIAN I-POLITICIAN O O O O O O O O O O O O O O O O O O O O O O O O O O O O O O O O O O O O O O O O B-POLITICIAN I-POLITICIAN O,B-POLITICIAN I-POLITICIAN O O O O O O O O O O O O O O O O O O O O O O O O O O O O O O O O O O O O O O O O B-POLITICIAN I-POLITICIAN O
3024,"ĠBut Ġthat Ġstrategy Ġcould Ġprompt Ġcriticism Ġhe Ġwas Ġseeking Ġto Ġ"" cut Ġand Ġrun "" Ġafter Ġless Ġthen Ġfour Ġyears Ġof Ġa Ġparliamentary Ġterm .",O O O O O O O O O O O O O O O O O O O O O O O O O,O O O O O O O O O O O O O O O O O O O O O O O O O
3025,"ĠThe Ġpapers Ġreport Ġthat ĠAlan ĠMil burn , ĠLabour 's Ġhead Ġof Ġelections Ġstrategy , Ġhas Ġplayed Ġa Ġkey Ġrole Ġin Ġthe Ġplan Ġfor Ġa ĠFebruary Ġelection , Ġwhich Ġwould Ġinclude Ġa ĠNew ĠYear Ġadvertising Ġblitz .",O O O O B-POLITICIAN I-POLITICIAN I-POLITICIAN O O O O O O O O O O O O O O O O O O O O O O O O O O O O O O,O O O O B-POLITICIAN I-POLITICIAN I-POLITICIAN O O O O O O O O O O O O O O O O O O O O O O O O O O O O O O
3026,"ĠNew ĠLabour 's Ġcampaign , Ġboth Ġnewspapers Ġsaid , Ġwould Ġbe Ġcent red Ġaround Ġthe Ġslogan Ġ"" Britain Ġis ĠWorking "".",O O O O O O O O O O O O O O O O O O O O O,O O O O O O O O O O O O O O O O O O O O O
3027,"ĠA ĠLabour ĠParty Ġspokesman Ġsaid Ġthe Ġelection Ġdate Ġwas Ġultimately Ġa Ġmatter Ġfor ĠMr ĠBlair , Ġbut Ġhe Ġwas Ġunaware Ġof Ġanything Ġto Ġsuggest Ġit Ġwould Ġbe Ġin ĠFebruary .",O O O O O O O O O O O O O O O O O O O O O O O O O O O O O O,O O O O O O O O O O O O O O B-POLITICIAN O O O O O O O O O O O O O O O
3028,ĠMost Ġcommentators Ġhave Ġbeen Ġexpecting Ġan Ġelection Ġon Ġ5 ĠMay .,O O O O O O O O O O O,O O O O O O O O O O O
3029,ĠThe Ġlast Ġelection Ġwas Ġin ĠJune Ġ2001 .,O O O O O O O O,O O O O O O O O
