sentence_id,sentence,ner_entities
politics_096.txt_237,"Shadow leader of the Commons Oliver Heald said: ""This will be part of our aim to reduce unnecessary and costly interference in people's lives by reducing the size and role of the State"".","[{""text"": ""Oliver Heald"", ""label"": ""POLITICIAN""}]"
sport_103.txt_170,"Drogba, Chelsea's £24m striker, has missed the last three weeks through injury.","[{""text"": ""Drogba"", ""label"": ""ATHLETE""}]"
entertainment_379.txt_0,Tarantino 'to make Friday sequel',"[{""text"": ""Tarantino"", ""label"": ""ACTOR-DIRECTOR""}]"
sport_059.txt_63,The best performance on the track for me was Sarah Claxton's win in the 60m hurdles.,"[{""text"": ""Sarah Claxton"", ""label"": ""ATHLETE""}]"
sport_059.txt_135,Diane Allahgreen has been our best hurdler for some time now and I think she was surprised to be beaten by Sarah.,"[{""text"": ""Diane Allahgreen"", ""label"": ""ATHLETE""}, {""text"": ""Sarah"", ""label"": ""ATHLETE""}]"
sport_059.txt_306,"A lot of the athletes said the runway was not very helpful, so for Phillips to jump like that is a good performance.","[{""text"": ""Phillips"", ""label"": ""ATHLETE""}]"
sport_059.txt_706,"Yusuf, who came third in the 400m, is from the Sudan but is trying to gain British citizenship.","[{""text"": ""Yusuf"", ""label"": ""ATHLETE""}]"
politics_188.txt_68,"A spokesman said President Musharraf's safety had not been compromised, as the papers had been handed in promptly.","[{""text"": ""Musharraf"", ""label"": ""POLITICIAN""}]"
politics_188.txt_179,Gen Musharraf held talks with Tony Blair on Monday.,"[{""text"": ""Musharraf"", ""label"": ""POLITICIAN""}, {""text"": ""Tony Blair"", ""label"": ""POLITICIAN""}]"
entertainment_120.txt_0,'My memories of Marley...',"[{""text"": ""Marley"", ""label"": ""MUSICIAN""}]"
entertainment_095.txt_142,"Accepting his best dramatic actor prize, DiCaprio described director Martin Scorsese as ""one of the greatest contributors to the world of cinema of all time"".","[{""text"": ""DiCaprio"", ""label"": ""ACTOR-DIRECTOR""}, {""text"": ""Martin Scorsese"", ""label"": ""ACTOR-DIRECTOR""}]"
politics_415.txt_241,"But Mr Blair had been ""hurt"" by the Iraq controversy, he added.","[{""text"": ""Blair"", ""label"": ""POLITICIAN""}]"
politics_197.txt_0,Blair 'pressing US on climate',"[{""text"": ""Blair"", ""label"": ""POLITICIAN""}]"
politics_197.txt_32,"

Officials have confirmed climate change was discussed when influential senator John McCain recently visited Mr Blair.","[{""text"": ""John McCain"", ""label"": ""POLITICIAN""}, {""text"": ""Blair"", ""label"": ""POLITICIAN""}]"
politics_197.txt_80,But he played down reports Mr Blair was considering a new US-friendly treaty.,"[{""text"": ""Blair"", ""label"": ""POLITICIAN""}]"
politics_197.txt_209,President Bush's advisers have repeatedly denied global warming is taking place.,"[{""text"": ""Bush"", ""label"": ""POLITICIAN""}]"
politics_139.txt_73,Mr Straw said he hoped the agreement would make a difference to Kashmiris.,"[{""text"": ""Straw"", ""label"": ""POLITICIAN""}]"
politics_139.txt_224,"On Thursday Mr Straw was in India visiting Sikhism's holiest shrine, the Golden Temple in Amritsar where he tried his hand at making Indian bread or roti.","[{""text"": ""Straw"", ""label"": ""POLITICIAN""}]"
sport_039.txt_0,Jones medals 'must go if guilty',"[{""text"": ""Jones"", ""label"": ""ATHLETE""}]"
entertainment_094.txt_176,"The award-winning trilogy - Northern Lights, The Subtle Knife and The Amber Spyglass - tell the story of Oxford school child Lyra Belacqua.","[{""text"": ""Lyra Belacqua"", ""label"": ""PUBLIC-FIGURE""}]"
politics_268.txt_564,"For the Lib Dems, Simon Hughes said many pensioners are means tested for the money they needed and students who were told there wouldn't be tuition fees and more debt ""have been given exactly the opposite"".","[{""text"": ""Simon Hughes"", ""label"": ""POLITICIAN""}]"
politics_060.txt_357,Both the Cardinal and Archbishop of Canterbury Dr Rowan Williams appealed for the weapons inspectors to be given more time in Iraq before the war started.,"[{""text"": ""Rowan Williams"", ""label"": ""PUBLIC-FIGURE""}]"
entertainment_317.txt_0,Patti Smith to host arts festival,"[{""text"": ""Patti Smith"", ""label"": ""MUSICIAN""}]"
entertainment_133.txt_64,"Last year, Jackson exposed a breast during a dance routine, causing outrage among millions of TV viewers and landing the CBS TV network a fine.","[{""text"": ""Jackson"", ""label"": ""MUSICIAN""}]"
entertainment_133.txt_337,"Black Eyed Peas singer Fergie was dressed in a tight orange top and purple hotpants, but nothing in her performance was likely to upset TV watchdogs.","[{""text"": ""Fergie"", ""label"": ""MUSICIAN""}]"
politics_034.txt_313,The issue entered the public spotlight when Norfolk farmer Tony Martin was jailed for shooting dead a 16-year-old burglar in 1999 as he ran away from the farm.,"[{""text"": ""Tony Martin"", ""label"": ""PUBLIC-FIGURE""}]"
politics_379.txt_290,"Asked about Sir Ian's comments, the prime minister's official spokesman said: ""We believe the threat is real.""","[{""text"": ""Ian"", ""label"": ""PUBLIC-FIGURE""}]"
politics_379.txt_411,"But Mr Blair insisted: ""There is no greater civil liberty than to live free from terrorist attack.""","[{""text"": ""Blair"", ""label"": ""POLITICIAN""}]"
sport_086.txt_31,The 22-year-old Scot finished fourth in the 60m hurdles at the Jose M Cagigal Memorial meeting in Madrid.,[]
entertainment_307.txt_0,"Carry On star Patsy Rowlands dies

Actress Patsy Rowlands, known to millions for her roles in the Carry On films, has died at the age of 71.","[{""text"": ""Patsy Rowlands"", ""label"": ""ACTOR-DIRECTOR""}]"
politics_373.txt_367,"Shadow Europe minister Mr Brady said: ""I believe it is essential that Britain keeps the rebate and I think it's a crucial test of how firmly the British government is prepared to stand up for Britain internationally in Europe.","[{""text"": ""Brady"", ""label"": ""POLITICIAN""}]"
entertainment_217.txt_57,Model Anna Nicole Smith's reality show and The Dukes of Hazzard were runners-up in the Broadcast magazine survey.,"[{""text"": ""Anna Nicole Smith"", ""label"": ""PUBLIC-FIGURE""}]"
sport_010.txt_79,Collins ran in Birmingham at the 2003 World Indoor Championships.,"[{""text"": ""Collins"", ""label"": ""ATHLETE""}]"
politics_209.txt_100,Mr Abbas confirmed Israel shared information with the PA in the hunt for the organisers of the attack.,"[{""text"": ""Abbas"", ""label"": ""POLITICIAN""}]"
politics_209.txt_256,Tuesday's meeting on Palestinian reform is being hosted by British Prime Minister Tony Blair.,"[{""text"": ""Tony Blair"", ""label"": ""POLITICIAN""}]"
politics_209.txt_272,"Also due to attend are US Secretary of State Condoleezza Rice, UN Secretary General Kofi Annan, World Bank officials and foreign ministers from 23 European and Arab countries.","[{""text"": ""Condoleezza Rice"", ""label"": ""POLITICIAN""}, {""text"": ""Kofi Annan"", ""label"": ""POLITICIAN""}]"
sport_218.txt_666,"Mourinho had his say on that game, complaining: ""Five-four is a hockey score, not a football score.","[{""text"": ""Mourinho"", ""label"": ""ATHLETE""}]"
politics_174.txt_382,Police said Ferguson posed a danger to the public.,"[{""text"": ""Ferguson"", ""label"": ""ATHLETE""}]"
politics_174.txt_634,"Ferguson, who slashed a man in a doctors' surgery in Coatbridge in 1994, had been out to see his fianc&#233;e Annabella Holmes, 47, whom he met when she was a patient at the high security complex in South Lanarkshire.","[{""text"": ""Ferguson"", ""label"": ""PUBLIC-FIGURE""}, {""text"": ""Annabella Holmes"", ""label"": ""PUBLIC-FIGURE""}]"
tech_163.txt_620,"Although it has been widely predicted that Mr Gates would be showcasing the new Xbox, some media reports have cast doubt on what he would be talking about in the keynote.","[{""text"": ""Gates"", ""label"": ""BUSINESS-EXECUTIVE-MANAGER""}]"
entertainment_153.txt_525,"Muse were also named best UK and Ireland act, ahead of Franz Ferdinand, Natasha Bedingfield, Jamelia and The Streets.","[{""text"": ""Muse"", ""label"": ""MUSICIAN""}, {""text"": ""Franz Ferdinand"", ""label"": ""MUSICIAN""}, {""text"": ""Natasha Bedingfield"", ""label"": ""MUSICIAN""}, {""text"": ""Jamelia"", ""label"": ""MUSICIAN""}, {""text"": ""The Streets"", ""label"": ""MUSICIAN""}]"
entertainment_025.txt_56,"Rowling revealed she had completed the novel on Tuesday, ahead of the scheduled announcement on 25 December.","[{""text"": ""Rowling"", ""label"": ""AUTHOR-WRITER""}]"
entertainment_025.txt_97,"JK Rowling's fifth book in the wizard series, Harry Potter and Order of the Phoenix was Amazon's largest pre-ordered item ever, with 420,000 copies pre-ordered prior to its release in June 2003.","[{""text"": ""JK Rowling"", ""label"": ""AUTHOR-WRITER""}, {""text"": ""Harry Potter"", ""label"": ""PUBLIC-FIGURE""}]"
entertainment_025.txt_237,Rowling has already revealed that the Half-Blood Prince is neither Harry nor Voldemort.,"[{""text"": ""Rowling"", ""label"": ""AUTHOR-WRITER""}, {""text"": ""Harry"", ""label"": ""PUBLIC-FIGURE""}, {""text"": ""Voldemort"", ""label"": ""PUBLIC-FIGURE""}]"
entertainment_025.txt_273,"Rowling said she had plenty of time while pregnant ""to tinker with the manuscript to my satisfaction and I am as happy as I have ever been with the end result"".","[{""text"": ""Rowling"", ""label"": ""AUTHOR-WRITER""}]"
entertainment_176.txt_282,"And David Schwimmer (Ross) directed during his time on Friends, and has also worked on Joey.","[{""text"": ""David Schwimmer"", ""label"": ""ACTOR-DIRECTOR""}, {""text"": ""Ross"", ""label"": ""PUBLIC-FIGURE""}]"
entertainment_286.txt_203,The VH1 First Music Award went to Cher honouring her achievements within the music industry.,"[{""text"": ""Cher"", ""label"": ""MUSICIAN""}]"
politics_166.txt_317,Reports have claimed Mr Blunkett chaired a meeting to discuss delays in the visa system after he learned of nanny Leoncia Casalme's wait.,"[{""text"": ""Blunkett"", ""label"": ""POLITICIAN""}, {""text"": ""Leoncia Casalme"", ""label"": ""PUBLIC-FIGURE""}]"
tech_228.txt_318,"Special guest, singer Gwen Stefani, joined her on-stage to promote her own range of HP digital cameras which Ms Stefani has helped design and which are heavily influenced by Japanese youth culture.","[{""text"": ""Gwen Stefani"", ""label"": ""MUSICIAN""}, {""text"": ""Stefani"", ""label"": ""MUSICIAN""}]"
entertainment_305.txt_235,"His British-born wife, Joan, suggested he had nothing to lose and, for his swansong, should write the kind of characters he really wanted to create.","[{""text"": ""Joan"", ""label"": ""PUBLIC-FIGURE""}]"
entertainment_305.txt_537,"The Incredible Hulk, The Mighty Thor, Iron Man and the rest all grappled with problems like drug abuse, bigotry and social inequality.","[{""text"": ""The Incredible Hulk"", ""label"": ""PUBLIC-FIGURE""}, {""text"": ""The Mighty Thor"", ""label"": ""PUBLIC-FIGURE""}, {""text"": ""Iron Man"", ""label"": ""PUBLIC-FIGURE""}]"
entertainment_305.txt_606,"Daredevil was blind, Black Panther was black and Silver Surfer pondered the state of humanity.","[{""text"": ""Daredevil"", ""label"": ""PUBLIC-FIGURE""}, {""text"": ""Black Panther"", ""label"": ""PUBLIC-FIGURE""}, {""text"": ""Silver Surfer"", ""label"": ""PUBLIC-FIGURE""}]"
entertainment_305.txt_628,"Some years ago the Marvel hero, Northstar, came out of the closet.","[{""text"": ""Northstar"", ""label"": ""PUBLIC-FIGURE""}]"
politics_241.txt_95,"Scottish Finance Minister, Tom McCabe MSP, said: ""Last week in parliament I announced an additional £419m for core expenditure to local government in Scotland.","[{""text"": ""Tom McCabe"", ""label"": ""POLITICIAN""}]"
business_287.txt_526,"Glen Wood, Vice President of Deutsche Securities Japan, asks; ""Who's going to fund the pension fund for the next generation and indeed who are going to be the new Japanese worker?","[{""text"": ""Glen Wood"", ""label"": ""BUSINESS-EXECUTIVE-MANAGER""}]"
sport_196.txt_0,Wenger signs new deal,"[{""text"": ""Wenger"", ""label"": ""ATHLETE""}]"
politics_366.txt_116,"""I believe that the generation that provided the finance to combat, cure and eradicate the world's deadliest disease of today - and today the world's least curable disease - HIV/Aids - will rightly earn the title 'the great generation',"" Mr Brown said in a speech during his African tour.","[{""text"": ""Brown"", ""label"": ""POLITICIAN""}]"
politics_366.txt_414,But Aid charity Actionaid criticised Mr Brown's preoccupation with finding a vaccine and called on G8 nations to fund HIV/Aids treatments.,"[{""text"": ""Brown"", ""label"": ""POLITICIAN""}]"
politics_366.txt_527,"On Wednesday, Mr Brown visited slums in the Kenyan capital Nairobi .","[{""text"": ""Brown"", ""label"": ""POLITICIAN""}]"
politics_334.txt_326,"Former union leader Sir Bill Morris has already accused both the big parties of engaging in a ""bidding war about who can be nastiest to asylum seekers"".","[{""text"": ""Bill Morris"", ""label"": ""PUBLIC-FIGURE""}]"
entertainment_251.txt_57,"Muse, whose members met in south Devon, beat Franz Ferdinand, Jamie Cullum, Kasabian and The Libertines for best British live act.","[{""text"": ""Muse"", ""label"": ""MUSICIAN""}, {""text"": ""Franz Ferdinand"", ""label"": ""MUSICIAN""}, {""text"": ""Jamie Cullum"", ""label"": ""MUSICIAN""}, {""text"": ""Kasabian"", ""label"": ""MUSICIAN""}, {""text"": ""The Libertines"", ""label"": ""MUSICIAN""}]"
entertainment_251.txt_313,"Indie Rock group Muse consists of Matthew Bellamy, Chris Wolstenholme and Dominic Howard who met in their early teens in Teignmouth, south Devon.","[{""text"": ""Matthew Bellamy"", ""label"": ""MUSICIAN""}, {""text"": ""Chris Wolstenholme"", ""label"": ""MUSICIAN""}, {""text"": ""Dominic Howard"", ""label"": ""MUSICIAN""}]"
entertainment_304.txt_36,"Michelle Paver's Wolf Brother, a fantasy set 6,000 years ago, is the first in a planned series of six books.","[{""text"": ""Michelle Paver"", ""label"": ""AUTHOR-WRITER""}]"
entertainment_304.txt_160,"It was published in 2004, with Paver earning an advance of $5m (£2.8m) - the highest sum ever paid for a debut children's book.","[{""text"": ""Paver"", ""label"": ""AUTHOR-WRITER""}]"
entertainment_304.txt_238,Paver is currently writing the second book in the series.,"[{""text"": ""Paver"", ""label"": ""AUTHOR-WRITER""}]"
entertainment_304.txt_249,"""Michelle Paver lives and breathes the worlds she writes about,"" said a spokesman for the author.","[{""text"": ""Michelle Paver"", ""label"": ""AUTHOR-WRITER""}]"
entertainment_189.txt_136,The sight of former royal correspondent Jennie Bond with dozens of rats crawling over her in ITV's I'm a Celebrity Get Me Out of Here was named best factual entertainment moment.,"[{""text"": ""Jennie Bond"", ""label"": ""AUTHOR-WRITER""}]"
politics_095.txt_0,Brown hits back in Blair rift row,"[{""text"": ""Brown"", ""label"": ""POLITICIAN""}, {""text"": ""Blair"", ""label"": ""POLITICIAN""}]"
entertainment_017.txt_5,"

Dame Muriel Spark is among three British authors who have made the shortlist for the inaugural international Booker Prize.","[{""text"": ""Dame Muriel Spark"", ""label"": ""AUTHOR-WRITER""}]"
entertainment_017.txt_90,"

Gabriel Garcia Marquez, Saul Bellow, Milan Kundera and John Updike also feature on the 18-strong list of world literary figures.","[{""text"": ""Gabriel Garcia Marquez"", ""label"": ""AUTHOR-WRITER""}, {""text"": ""Saul Bellow"", ""label"": ""AUTHOR-WRITER""}, {""text"": ""Milan Kundera"", ""label"": ""AUTHOR-WRITER""}, {""text"": ""John Updike"", ""label"": ""AUTHOR-WRITER""}]"
entertainment_017.txt_117,"But other past winners of the regular Booker Prize, such as Salman Rushdie, JM Coetzee and Kazuo Ishiguro have failed to make the shortlist.","[{""text"": ""Salman Rushdie"", ""label"": ""AUTHOR-WRITER""}, {""text"": ""JM Coetzee"", ""label"": ""AUTHOR-WRITER""}, {""text"": ""Kazuo Ishiguro"", ""label"": ""AUTHOR-WRITER""}]"
entertainment_017.txt_221,"



Margaret Atwood (Canada) Saul Bellow (Canada) Gabriel Garcia Marquez (Colombia) Gunter Grass (Germany) Ismail Kadare (Albania)","[{""text"": ""Margaret Atwood"", ""label"": ""AUTHOR-WRITER""}, {""text"": ""Saul Bellow"", ""label"": ""AUTHOR-WRITER""}, {""text"": ""Gabriel Garcia Marquez"", ""label"": ""AUTHOR-WRITER""}, {""text"": ""Gunter Grass"", ""label"": ""AUTHOR-WRITER""}, {""text"": ""Ismail Kadare"", ""label"": ""AUTHOR-WRITER""}]"
entertainment_017.txt_248,Milan Kundera (Czech Republic) Stanislaw Lem (Poland) Doris Lessing (UK) Ian McEwan (UK) Naguib Mahfouz (Egypt) Tomas Eloy Martinez (Argentina) Kenzaburo Oe (Japan) Cynthia Ozick (US) Philip Roth (US) Muriel Spark (UK) Antonio Tabucchi (Italy) John Updike (US) Abraham B Yehoshua (Israel),"[{""text"": ""Milan Kundera"", ""label"": ""AUTHOR-WRITER""}, {""text"": ""Stanislaw Lem"", ""label"": ""AUTHOR-WRITER""}, {""text"": ""Doris Lessing"", ""label"": ""AUTHOR-WRITER""}, {""text"": ""Ian McEwan"", ""label"": ""AUTHOR-WRITER""}, {""text"": ""Naguib Mahfouz"", ""label"": ""AUTHOR-WRITER""}, {""text"": ""Tomas Eloy Martinez"", ""label"": ""AUTHOR-WRITER""}, {""text"": ""Kenzaburo Oe"", ""label"": ""AUTHOR-WRITER""}, {""text"": ""Cynthia Ozick"", ""label"": ""AUTHOR-WRITER""}, {""text"": ""Philip Roth"", ""label"": ""AUTHOR-WRITER""}, {""text"": ""Muriel Spark"", ""label"": ""AUTHOR-WRITER""}, {""text"": ""Antonio Tabucchi"", ""label"": ""AUTHOR-WRITER""}, {""text"": ""John Updike"", ""label"": ""AUTHOR-WRITER""}, {""text"": ""Abraham B Yehoshua"", ""label"": ""AUTHOR-WRITER""}]"
tech_260.txt_32,"Chief executive Steve Jobs showed off the new machine at his annual MacWorld speech, in San Francisco.","[{""text"": ""Steve Jobs"", ""label"": ""BUSINESS-EXECUTIVE-MANAGER""}]"
tech_260.txt_508,Mr Jobs told the delegates at MacWorld that iPod already had a 65% market share of all digital music players.,"[{""text"": ""Jobs"", ""label"": ""BUSINESS-EXECUTIVE-MANAGER""}]"
tech_151.txt_467,Speculation that President Bush was getting help during debates via a listening device was first aired on web logs.,"[{""text"": ""Bush"", ""label"": ""POLITICIAN""}]"
sport_069.txt_7,"Double Olympic champion Kelly Holmes was back to her best as she comfortably won the 1,000m at the Norwich Union Birmingham Indoor Grand Prix.","[{""text"": ""Kelly Holmes"", ""label"": ""ATHLETE""}]"
politics_050.txt_668,"The Scottish Conservative Party leader, David McLetchie, questioned what would be exempted from the ban.","[{""text"": ""David McLetchie"", ""label"": ""POLITICIAN""}]"
business_076.txt_304,"This week Colin Powell, US Secretary of State was visiting the West Bank to stress US support for a smooth Palestinian election in January.","[{""text"": ""Colin Powell"", ""label"": ""POLITICIAN""}]"
politics_408.txt_0,Howard hits back at mongrel jibe,"[{""text"": ""Howard"", ""label"": ""POLITICIAN""}]"
politics_408.txt_209,This morning Peter Hain even called me a mongrel.,"[{""text"": ""Peter Hain"", ""label"": ""POLITICIAN""}]"
politics_408.txt_428,"""She's not a human shield Mr Blair, she's a human being.""","[{""text"": ""Blair"", ""label"": ""POLITICIAN""}]"
tech_295.txt_318,"Special guest, singer Gwen Stefani, joined her on-stage to promote her own range of HP digital cameras which Ms Stefani has helped design and which are heavily influenced by Japanese youth culture.","[{""text"": ""Gwen Stefani"", ""label"": ""MUSICIAN""}, {""text"": ""Stefani"", ""label"": ""MUSICIAN""}]"
entertainment_241.txt_0,Youssou N'Dour wins music prize,"[{""text"": ""Youssou N'Dour"", ""label"": ""MUSICIAN""}]"
entertainment_241.txt_5,"

Senegalese musician Youssou N'Dour has been named a winner of a BBC Radio 3 World Music Award.","[{""text"": ""Youssou N'Dour"", ""label"": ""MUSICIAN""}]"
entertainment_241.txt_162,"Cuban pianist Bebo Valdes and flamenco singer Diego El Cigala, responsible for critically acclaimed album Lagrimas Negrasmusic, won an award in the ""boundary crossing"" category.","[{""text"": ""Bebo Valdes"", ""label"": ""MUSICIAN""}, {""text"": ""Diego El Cigala"", ""label"": ""MUSICIAN""}]"
entertainment_030.txt_193,Scrubs star Zach Braff was named best new director for his debut Garden State.,"[{""text"": ""Zach Braff"", ""label"": ""ACTOR-DIRECTOR""}]"
tech_312.txt_709,His name is Tote King and Manuel Millan says that he is the hip-hop leader in Spain.,"[{""text"": ""Tote King"", ""label"": ""MUSICIAN""}, {""text"": ""Manuel Millan"", ""label"": ""PUBLIC-FIGURE""}]"
entertainment_380.txt_155,"Clint Eastwood's Million Dollar Baby re-entered the charts at number eight, following its recent success at the Oscars.","[{""text"": ""Clint Eastwood"", ""label"": ""ACTOR-DIRECTOR""}]"
business_008.txt_95,"Palaniappan Chidambaram, India's finance minister, argued that these organisations need to take into account the changing world order, given India and China's integration into the global economy.","[{""text"": ""Palaniappan Chidambaram"", ""label"": ""POLITICIAN""}]"
politics_149.txt_0,Blair returns from peace mission,"[{""text"": ""Blair"", ""label"": ""POLITICIAN""}]"
politics_149.txt_74,Mr Blair also made a surprise trip to Iraq this week.,"[{""text"": ""Blair"", ""label"": ""POLITICIAN""}]"
politics_149.txt_102,Mr Blair briefly visited the tomb of Yasser Arafat in Ramallah - the first world leader to do so.,"[{""text"": ""Blair"", ""label"": ""POLITICIAN""}, {""text"": ""Yasser Arafat"", ""label"": ""POLITICIAN""}]"
politics_149.txt_287,"Mr Blair acknowledged some people believed he was too close to the Israelis, but said the Israelis were entitled to expect Palestinians to give up terrorism.","[{""text"": ""Blair"", ""label"": ""POLITICIAN""}]"
politics_149.txt_353,"Earlier, Mr Sharon again said he had not seen ""the slightest step"" the Palestinians were working to end terror attacks - though he acknowledged Palestinian leaders were in the middle of an election campaign that could be hampering their efforts.","[{""text"": ""Sharon"", ""label"": ""POLITICIAN""}]"
entertainment_327.txt_0,Kidman wins photographer battle,"[{""text"": ""Kidman"", ""label"": ""ACTOR-DIRECTOR""}]"
entertainment_327.txt_4,"

Actress Nicole Kidman has won a restraining order against two paparazzi photographers who she claims left her fearful of leaving her Sydney mansion.","[{""text"": ""Nicole Kidman"", ""label"": ""ACTOR-DIRECTOR""}]"
entertainment_327.txt_112,"According to local newspaper the Daily Telegraph, the incident involved paparazzi driving through red lights and on the wrong side of the road in pursuit of Kidman's vehicle.","[{""text"": ""Kidman"", ""label"": ""ACTOR-DIRECTOR""}]"
entertainment_327.txt_160,"Kidman sought the ""apprehended violence"" orders - normally used in Australia in cases of domestic violence and similar incidents - after being advised to do so by local police.","[{""text"": ""Kidman"", ""label"": ""ACTOR-DIRECTOR""}]"
entertainment_327.txt_192,"""Nicole would like to make it clear that she acknowledges she is a public figure and that reporters and photographers have a job to do and she respects that,"" said Kidman's publicist Wendy Day.","[{""text"": ""Nicole"", ""label"": ""ACTOR-DIRECTOR""}, {""text"": ""Kidman"", ""label"": ""ACTOR-DIRECTOR""}, {""text"": ""Wendy Day"", ""label"": ""PUBLIC-FIGURE""}]"
entertainment_327.txt_307,"""Miss Kidman says she's willing to put up with some of it, but it's gone beyond that,"" she said.","[{""text"": ""Kidman"", ""label"": ""ACTOR-DIRECTOR""}]"
politics_208.txt_307,The offer comes as the Foreign Secretary Jack Straw arrives in Indonesia for a special summit meeting on the disaster.,"[{""text"": ""Jack Straw"", ""label"": ""POLITICIAN""}]"
politics_328.txt_538,"On the question of whether such papers have always been kept confidential, Tory MP Michael Mates, who is a member of the Commons intelligence and security committee and was part of the Butler inquiry, told the BBC: ""That, as a general rule, is right, but it's not an absolute rule.""","[{""text"": ""Michael Mates"", ""label"": ""POLITICIAN""}, {""text"": ""Butler"", ""label"": ""POLITICIAN""}]"
politics_328.txt_599,"He said there had been other occasions when advice had been published, most recently regarding Prince Charles's marriage plans.","[{""text"": ""Prince Charles"", ""label"": ""PUBLIC-FIGURE""}]"
entertainment_175.txt_0,Alicia Keys to open US Super Bowl,"[{""text"": ""Alicia Keys"", ""label"": ""MUSICIAN""}]"
politics_027.txt_0,Butler launches attack on Blair,"[{""text"": ""Butler"", ""label"": ""POLITICIAN""}, {""text"": ""Blair"", ""label"": ""POLITICIAN""}]"
sport_275.txt_106,But Beckham revealed that his immediate priority was winning the Spanish league title with Real Madrid.,"[{""text"": ""Beckham"", ""label"": ""ATHLETE""}]"
sport_275.txt_194,"In a wide-ranging interview, Beckham also revealed that his sending-off against Argentina - and the resulting media storm - had been the most significant moment in his career.","[{""text"": ""Beckham"", ""label"": ""ATHLETE""}]"
sport_406.txt_0,Fuming Robinson blasts officials,"[{""text"": ""Robinson"", ""label"": ""ATHLETE""}]"
entertainment_244.txt_351,Police discover Edwards' car in a car park near the Severn Bridge near Bristol - a notorious suicide spot.,"[{""text"": ""Edwards"", ""label"": ""MUSICIAN""}]"
entertainment_280.txt_180,"But you don't know what the unexpected will be and as the musical director, it's exciting,"" explains Conti.","[{""text"": ""Conti"", ""label"": ""MUSICIAN""}]"
entertainment_124.txt_188,"his name became linked with the Charles Manson murders, which saw the deaths of actress Sharon Tate and four of her friends at a home which Melcher once rented.","[{""text"": ""Charles Manson"", ""label"": ""PUBLIC-FIGURE""}, {""text"": ""Sharon Tate"", ""label"": ""ACTOR-DIRECTOR""}, {""text"": ""Melcher"", ""label"": ""MUSICIAN""}]"
entertainment_301.txt_188,"Robert Redford founded Sundance in 1981 and it has gone on to showcase future successes such as Reservoir Dogs, The Blair Witch Project and The Full Monty.","[{""text"": ""Robert Redford"", ""label"": ""ACTOR-DIRECTOR""}]"
entertainment_365.txt_0,Tarantino to direct CSI episode,"[{""text"": ""Tarantino"", ""label"": ""ACTOR-DIRECTOR""}]"
business_457.txt_6,German Chancellor Gerhard Schroeder has called for radical reform of the EU's stability pact to grant countries more flexibility over their budget deficits.,"[{""text"": ""Gerhard Schroeder"", ""label"": ""POLITICIAN""}]"
politics_327.txt_0,Goldsmith denies war advice claim,"[{""text"": ""Goldsmith"", ""label"": ""POLITICIAN""}]"
politics_327.txt_385,"""That's what he (Lord Goldsmith) said and that's what I say.","[{""text"": ""Goldsmith"", ""label"": ""POLITICIAN""}]"
politics_327.txt_437,"On the question of whether such papers have always been kept confidential, Tory MP Michael Mates, who is a member of the Commons intelligence and security committee and was part of the Butler inquiry, told the BBC: ""That, as a general rule, is right, but it's not an absolute rule.""","[{""text"": ""Michael Mates"", ""label"": ""POLITICIAN""}, {""text"": ""Butler"", ""label"": ""POLITICIAN""}]"
politics_327.txt_498,"He said there had been other occasions when advice had been published, most recently regarding Prince Charles's marriage plans.","[{""text"": ""Prince Charles"", ""label"": ""PUBLIC-FIGURE""}]"
sport_330.txt_0,Campese berates whingeing England,"[{""text"": ""Campese"", ""label"": ""ATHLETE""}]"
entertainment_088.txt_234,"Soderbergh returns to direct the hit sequel which reunites Clooney, Pitt and Roberts with Matt Damon, Andy Garcia and Elliott Gould.","[{""text"": ""Soderbergh"", ""label"": ""ACTOR-DIRECTOR""}, {""text"": ""Clooney"", ""label"": ""ACTOR-DIRECTOR""}, {""text"": ""Pitt"", ""label"": ""ACTOR-DIRECTOR""}, {""text"": ""Roberts"", ""label"": ""ACTOR-DIRECTOR""}, {""text"": ""Matt Damon"", ""label"": ""ACTOR-DIRECTOR""}, {""text"": ""Andy Garcia"", ""label"": ""ACTOR-DIRECTOR""}, {""text"": ""Elliott Gould"", ""label"": ""ACTOR-DIRECTOR""}]"
entertainment_063.txt_252,"Best actors are Daniel Auteuil for 36, Mathieu Amalric for Kings And Queen, Gerard Jugnot for The Chorus, Philippe Torreton for L'Equipier and Benoit Poelvoorde for Podium.","[{""text"": ""Daniel Auteuil"", ""label"": ""ACTOR-DIRECTOR""}, {""text"": ""Mathieu Amalric"", ""label"": ""ACTOR-DIRECTOR""}, {""text"": ""Gerard Jugnot"", ""label"": ""ACTOR-DIRECTOR""}, {""text"": ""Philippe Torreton"", ""label"": ""ACTOR-DIRECTOR""}, {""text"": ""Benoit Poelvoorde"", ""label"": ""ACTOR-DIRECTOR""}]"
entertainment_332.txt_26,"The superhero film was named best animated feature while Brad Bird won best director, writer and voice actor for his role as designer Edna Mode.","[{""text"": ""Brad Bird"", ""label"": ""ACTOR-DIRECTOR""}, {""text"": ""Edna Mode"", ""label"": ""PUBLIC-FIGURE""}]"
sport_061.txt_33,"Olympic heptathlon bronze medallist, Sotherton, led the event with her first leap of 6.43m - a personal best.","[{""text"": ""Sotherton"", ""label"": ""ATHLETE""}]"
business_391.txt_408,Mr Khodorkovsky is in jail on charges of fraud and tax evasion.,"[{""text"": ""Khodorkovsky"", ""label"": ""BUSINESS-EXECUTIVE-MANAGER""}]"
sport_346.txt_149,"""The International Rugby Board will be disappointed,"" High told the Daily Mail.","[{""text"": ""High"", ""label"": ""BUSINESS-EXECUTIVE-MANAGER""}]"
sport_203.txt_28,"""Mutu will be in our club's main stand to watch the match between Juventus and Fiorentina,"" said a Juventus official, who declined to be named.","[{""text"": ""Mutu"", ""label"": ""ATHLETE""}]"
business_284.txt_92,Mr Hadi's view about what the new government's priorities should be is shared by many Iraqis.,"[{""text"": ""Hadi"", ""label"": ""PUBLIC-FIGURE""}]"
business_284.txt_343,"Observes Mr Hadi: ""The economy at present marks a big divide; the rich get richer, the poor get poorer.""","[{""text"": ""Hadi"", ""label"": ""PUBLIC-FIGURE""}]"
business_204.txt_0,Bush to outline 'toughest' budget,"[{""text"": ""Bush"", ""label"": ""POLITICIAN""}]"
business_204.txt_548,"""The cost of everything he [President Bush] advocates explodes,"" he said.","[{""text"": ""Bush"", ""label"": ""POLITICIAN""}]"
politics_385.txt_62,Mr Brown has just returned from a tour of African nations.,"[{""text"": ""Brown"", ""label"": ""POLITICIAN""}]"
sport_404.txt_232,"It was the same for Simon McDowell, the touch judge who was heavily criticised by Scotland coach Matt Williams after their defeat against France.","[{""text"": ""Simon McDowell"", ""label"": ""PUBLIC-FIGURE""}, {""text"": ""Matt Williams"", ""label"": ""ATHLETE""}]"
business_164.txt_449,"Mr Khodorkovsky, once Russia's richest man, is in prison, having been charged with fraud and tax evasion and repeatedly denied bail.","[{""text"": ""Khodorkovsky"", ""label"": ""BUSINESS-EXECUTIVE-MANAGER""}]"
politics_107.txt_0,Brown outlines third term vision,"[{""text"": ""Brown"", ""label"": ""POLITICIAN""}]"
sport_248.txt_98,"I said 'yes',"" said Poll.","[{""text"": ""Poll"", ""label"": ""ATHLETE""}]"
sport_248.txt_320,"On this occasion it was Arsenal,"" Don told BBC Radio Five Live.","[{""text"": ""Don"", ""label"": ""PUBLIC-FIGURE""}]"
sport_248.txt_392,Don was head of the referees for the Premier League and revealed all clubs were informed of free-kick options.,"[{""text"": ""Don"", ""label"": ""BUSINESS-EXECUTIVE-MANAGER""}]"
sport_336.txt_0,Corry backs skipper Robinson,"[{""text"": ""Corry"", ""label"": ""ATHLETE""}, {""text"": ""Robinson"", ""label"": ""ATHLETE""}]"
politics_133.txt_0,Jowell rejects 'Las Vegas' jibe,"[{""text"": ""Jowell"", ""label"": ""POLITICIAN""}]"
politics_133.txt_246,"Ms Jowell insisted: ""We have a good track record for extracting planning gain in this country, for instance in social housing.""","[{""text"": ""Jowell"", ""label"": ""POLITICIAN""}]"
politics_362.txt_95,"So if you are a couple with children, a pensioner, a patient or a youngster, there was something pulled from Mr Brown's red box in an attempt to persuade you to stick with or switch to a New Labour government.","[{""text"": ""Brown"", ""label"": ""POLITICIAN""}]"
politics_100.txt_162,Mr Mubanga said he had been in Afghanistan and Pakistan to study Islam.,"[{""text"": ""Mubanga"", ""label"": ""PUBLIC-FIGURE""}]"
politics_411.txt_562,"Oliver Letwin, one of the men lampooned in the Labour poster, affects bewilderment at what he believes is Labour's loss of its once sure footing on the campaign trail.","[{""text"": ""Oliver Letwin"", ""label"": ""POLITICIAN""}]"
politics_411.txt_719,"""It has been a fantastic few weeks,"" said 20-year-old politics student Nick Vaughan.","[{""text"": ""Nick Vaughan"", ""label"": ""PUBLIC-FIGURE""}]"
business_478.txt_198,Egyptian President Hosni Mubarak has described Israeli Prime Minister Ariel Sharon as the best chance for the Palestinians to achieve peace.,"[{""text"": ""Hosni Mubarak"", ""label"": ""POLITICIAN""}, {""text"": ""Ariel Sharon"", ""label"": ""POLITICIAN""}]"
politics_288.txt_151,"John Houston, 54, was due to stand in the East Kilbride seat in Lanarkshire at the next election.","[{""text"": ""John Houston"", ""label"": ""POLITICIAN""}]"
politics_288.txt_263,"Mr Houston is alleged to have said that the organs of the criminally insane should be ""made available to law-abiding members of the community"" and proposed the legalisation of drugs and the sex trade.","[{""text"": ""Houston"", ""label"": ""POLITICIAN""}]"
politics_243.txt_58,They will also talk to Fisheries Minister Ross Finnie and scientists.,"[{""text"": ""Ross Finnie"", ""label"": ""POLITICIAN""}]"
politics_243.txt_181,"They will also speak to Mr Finnie, representatives of the Royal Society and the Sea Fish Industry Authority.","[{""text"": ""Finnie"", ""label"": ""POLITICIAN""}]"
entertainment_284.txt_565,"""Wes has a great broadcasting career ahead of him.","[{""text"": ""Wes"", ""label"": ""ACTOR-DIRECTOR""}]"
entertainment_049.txt_56,"De Niro recently spent three weeks at the top with comedy Meet The Fockers, which was at number five this week.","[{""text"": ""De Niro"", ""label"": ""ACTOR-DIRECTOR""}]"
politics_156.txt_0,Visa row mandarin made Sir John,"[{""text"": ""John"", ""label"": ""POLITICIAN""}]"
politics_156.txt_30,Sir John Gieve was Home Office permanent secretary during the saga which ended with Mr Blunkett quitting.,"[{""text"": ""John Gieve"", ""label"": ""POLITICIAN""}, {""text"": ""Blunkett"", ""label"": ""POLITICIAN""}]"
politics_156.txt_48,He and other civil servants were criticised for failing to recall how the visa for Mr Blunkett's ex-lover's nanny came to be fast-tracked.,"[{""text"": ""Blunkett"", ""label"": ""POLITICIAN""}]"
politics_156.txt_78,The outgoing head of the troubled Child Support Agency Doug Smith also earns an honour in the New Year's list.,"[{""text"": ""Doug Smith"", ""label"": ""PUBLIC-FIGURE""}]"
politics_156.txt_293,Sir John was made permanent secretary in April 2001 following a Civil Service career which dates back to 1974.,"[{""text"": ""John"", ""label"": ""POLITICIAN""}]"
entertainment_253.txt_244,"But they missed out on best British live act, which went to Muse.","[{""text"": ""Muse"", ""label"": ""MUSICIAN""}]"
entertainment_253.txt_259,Keane won best British album and breakthrough act.,"[{""text"": ""Keane"", ""label"": ""MUSICIAN""}]"
entertainment_253.txt_1070,"Happy Mondays - Kinky Afro, McAlmont & Butler - Yes, Joy Division - Love Will Tear Us Apart...","[{""text"": ""Butler"", ""label"": ""MUSICIAN""}]"
entertainment_253.txt_3206,"The only real challenger was Queen but hey, Another One Bites the Dust!!","[{""text"": ""Queen"", ""label"": ""MUSICIAN""}]"
entertainment_253.txt_3764,"I've nothing against Robbie, I actually like his music, but how can this possibly be the best song from the last 25year?","[{""text"": ""Robbie"", ""label"": ""MUSICIAN""}]"
sport_373.txt_448,He becomes the 117th captain of England since Fred Stokes held the position in 1871.,"[{""text"": ""Fred Stokes"", ""label"": ""ATHLETE""}]"
politics_093.txt_39,"In a speech focusing on issues arising from the re-election of George W Bush, Mr Kennedy said Iraq had become a ""crucible of militant terrorism"".","[{""text"": ""George W Bush"", ""label"": ""POLITICIAN""}, {""text"": ""Kennedy"", ""label"": ""POLITICIAN""}]"
politics_093.txt_178,"Mr Kennedy pointed out that the Netherlands, Portugal and the Czech Republic, which all have troops operating in the southern sector of Iraq, have announced their imminent withdrawal ""regardless of the situation on the ground"".","[{""text"": ""Kennedy"", ""label"": ""POLITICIAN""}]"
sport_339.txt_56,Sir Clive Woodward will coach the Northern team against Rod Macqueen's Southern Hemisphere team in a tsumani fund-raising match at Twickenham.,"[{""text"": ""Clive Woodward"", ""label"": ""ATHLETE""}, {""text"": ""Rod Macqueen"", ""label"": ""ATHLETE""}]"
politics_018.txt_32,Prince Edward will also join the UK delegation in Poland for National Holocaust Memorial Day on 27 January.,"[{""text"": ""Prince Edward"", ""label"": ""PUBLIC-FIGURE""}]"
politics_018.txt_154,"In Britain, the Queen and Prince Philip will lead the nation's commemoration at a service in Westminster Hall, London.","[{""text"": ""The Queen"", ""label"": ""PUBLIC-FIGURE""}, {""text"": ""Prince Philip"", ""label"": ""PUBLIC-FIGURE""}]"
politics_018.txt_208,"The Queen's grandson, Prince Harry, sparked outrage earlier this week after photographs of him wearing a Nazi uniform at a costume party emerged.","[{""text"": ""Prince Harry"", ""label"": ""PUBLIC-FIGURE""}]"
politics_018.txt_265,"Prince Harry should see for himself ""the results of the hated symbol he so foolishly and brazenly chose to wear"", Rabbi Marvin Hier, founder of Jewish human rights group the Simon Wiesenthal Center said.","[{""text"": ""Prince Harry"", ""label"": ""PUBLIC-FIGURE""}, {""text"": ""Marvin Hier"", ""label"": ""PUBLIC-FIGURE""}]"
entertainment_212.txt_216,"Last year's winner, chat show host Graham Norton, fell to number 16 following relatively few television appearances in 2004.","[{""text"": ""Graham Norton"", ""label"": ""ACTOR-DIRECTOR""}]"
entertainment_323.txt_557,Wasp was made by ex-children's TV presenter Andrea Arnold while Little Terrorist is the work of Ashvin Kumar.,"[{""text"": ""Andrea Arnold"", ""label"": ""ACTOR-DIRECTOR""}, {""text"": ""Ashvin Kumar"", ""label"": ""ACTOR-DIRECTOR""}]"
tech_119.txt_93,Jez San is one of the key figures in the UK's games industry.,"[{""text"": ""Jez San"", ""label"": ""BUSINESS-EXECUTIVE-MANAGER""}]"
politics_026.txt_0,Blair sets date for Africa report,"[{""text"": ""Blair"", ""label"": ""POLITICIAN""}]"
politics_026.txt_162,Mr Blair has vowed to put Africa at the top of his agenda during his time at the helm of the G8.,"[{""text"": ""Blair"", ""label"": ""POLITICIAN""}]"
politics_026.txt_211,"Bob Geldof, in characteristically blunt style, promised that the commission would not just be a talking shop but would deliver radical new thinking to change direction for Africa.","[{""text"": ""Bob Geldof"", ""label"": ""MUSICIAN""}]"
sport_090.txt_399,"- There was also recognition for James Clarke, chairman of the London Marathon.","[{""text"": ""James Clarke"", ""label"": ""BUSINESS-EXECUTIVE-MANAGER""}]"
sport_245.txt_96,"""The police have said they have completed their search and have not found anything,"" said Real Madrid president Florentino Perez.","[{""text"": ""Florentino Perez"", ""label"": ""BUSINESS-EXECUTIVE-MANAGER""}]"
sport_073.txt_0,Johnson uncertain about Euro bid,"[{""text"": ""Johnson"", ""label"": ""ATHLETE""}]"
sport_243.txt_0,Liverpool pledge to keep Gerrard,"[{""text"": ""Gerrard"", ""label"": ""ATHLETE""}]"
sport_027.txt_91,Swedish triple jumper Christian Olsson was voted male athlete of the year.,"[{""text"": ""Christian Olsson"", ""label"": ""ATHLETE""}]"
entertainment_024.txt_33,Lily Tuck's The News From Paraguay is a fictionalised tale about Paraguayan leader Francisco Solano Lopez and his Irish mistress.,"[{""text"": ""Lily Tuck"", ""label"": ""AUTHOR-WRITER""}, {""text"": ""Francisco Solano Lopez"", ""label"": ""POLITICIAN""}]"
entertainment_024.txt_74,"Children's author Judy Blume, who was given an honourary medal, used the ceremony to speak out over censorship.","[{""text"": ""Judy Blume"", ""label"": ""AUTHOR-WRITER""}]"
entertainment_024.txt_97,"Sales of Blume's books have exceeded 75 million, but her work - which features frank narratives about families, religion and sexuality - is closely watched by the censors.","[{""text"": ""Blume"", ""label"": ""AUTHOR-WRITER""}]"
entertainment_024.txt_309,"The National Book Awards non-fiction prize was awarded to Kevin Boyle's for Arc of Justice, which focuses on a black family's fight to live in a white Detroit neighbourhood in the 1920s.","[{""text"": ""Kevin Boyle"", ""label"": ""AUTHOR-WRITER""}]"
entertainment_024.txt_384,Pete Hautman won the young people's literature prize for his novel Godless.,"[{""text"": ""Pete Hautman"", ""label"": ""AUTHOR-WRITER""}]"
politics_164.txt_298,"Edinburgh architect, Dominic Stephenson, became the first Scot to be confirmed as a victim of the Asian tsunami.","[{""text"": ""Dominic Stephenson"", ""label"": ""PUBLIC-FIGURE""}]"
sport_166.txt_94,Paolo di Canio was given a seven-match suspension when he pushed referee Paul Alcock over in a Premiership game between Sheffield Wednesday and Arsenal in 1998.,"[{""text"": ""Paolo di Canio"", ""label"": ""ATHLETE""}, {""text"": ""Paul Alcock"", ""label"": ""PUBLIC-FIGURE""}]"
sport_166.txt_150,Redknapp himself sprinted along the touchline to help physio Jim Joyce and coach Denis Rofe shepherd the enraged Prutton away from referee's assistant Norman.,"[{""text"": ""Redknapp"", ""label"": ""ATHLETE""}, {""text"": ""Jim Joyce"", ""label"": ""PUBLIC-FIGURE""}, {""text"": ""Denis Rofe"", ""label"": ""PUBLIC-FIGURE""}, {""text"": ""Prutton"", ""label"": ""ATHLETE""}, {""text"": ""Norman"", ""label"": ""PUBLIC-FIGURE""}]"
sport_166.txt_248,"Prutton has apologised publicly for his actions and to Arsenal's Robert Pires, who was injured in a wild tackle by the Saints' midfield man.","[{""text"": ""Prutton"", ""label"": ""ATHLETE""}, {""text"": ""Robert Pires"", ""label"": ""ATHLETE""}]"
sport_167.txt_69,"And Robben told the Daily Star: ""It is not impossible that I will play against Barcelona but it is just a very, very small chance - about 10%.""","[{""text"": ""Robben"", ""label"": ""ATHLETE""}]"
sport_182.txt_424,Desailly is one of the most decorated players in the history of football.,"[{""text"": ""Desailly"", ""label"": ""ATHLETE""}]"
tech_173.txt_162,"The US Secretary of Energy Spencer Abraham confirmed that the machine had reached the breakneck speed, according to the Linpack benchmark.","[{""text"": ""Spencer Abraham"", ""label"": ""POLITICIAN""}]"
tech_133.txt_31,"Ellen Simonetti, known as Queen of the Sky, wrote an anonymous semi-fictional account of her life in the sky.","[{""text"": ""Ellen Simonetti"", ""label"": ""AUTHOR-WRITER""}]"
politics_234.txt_0,Blunkett unveils policing plans,"[{""text"": ""Blunkett"", ""label"": ""POLITICIAN""}]"
politics_104.txt_31,Mrs Parker Bowles will take the title HRH Duchess of Cornwall after a civil ceremony to be held at Windsor Castle.,"[{""text"": ""Parker Bowles"", ""label"": ""PUBLIC-FIGURE""}]"
politics_104.txt_74,But only 40% think Mrs Parker Bowles should become Princess Consort as planned after Charles becomes king.,"[{""text"": ""Parker Bowles"", ""label"": ""PUBLIC-FIGURE""}, {""text"": ""Charles"", ""label"": ""PUBLIC-FIGURE""}]"
politics_104.txt_151,"On Thursday night, Prince Charles, 56, and Mrs Parker Bowles, 57, hosted a dinner at Windsor Castle, their first public appearance since announcing their engagement.","[{""text"": ""Prince Charles"", ""label"": ""PUBLIC-FIGURE""}, {""text"": ""Parker Bowles"", ""label"": ""PUBLIC-FIGURE""}]"
politics_104.txt_183,"Mrs Parker Bowles said the prince went down on one knee to propose and added: ""I'm just coming down to earth.""","[{""text"": ""Parker Bowles"", ""label"": ""PUBLIC-FIGURE""}]"
politics_104.txt_257,"The Queen and Duke of Edinburgh said the news had made them ""very happy"".","[{""text"": ""The Queen"", ""label"": ""PUBLIC-FIGURE""}, {""text"": ""Duke of Edinburgh"", ""label"": ""PUBLIC-FIGURE""}]"
politics_104.txt_274,"Princes William and Harry said they are ""very happy"" and wish the couple ""all the luck in the future"".","[{""text"": ""Princes William"", ""label"": ""PUBLIC-FIGURE""}, {""text"": ""Harry"", ""label"": ""PUBLIC-FIGURE""}]"
politics_104.txt_298,"The wedding will be a civil ceremony followed by a service of prayer and dedication in St George's Chapel at which the Archbishop of Canterbury, Dr Rowan Williams, will preside.","[{""text"": ""Rowan Williams"", ""label"": ""PUBLIC-FIGURE""}]"
politics_104.txt_333,The marriage is likely to be a sensitive issue because Mrs Parker Bowles is divorced and her former husband is still alive.,"[{""text"": ""Parker Bowles"", ""label"": ""PUBLIC-FIGURE""}]"
politics_104.txt_430,"The Archbishop of Canterbury said: ""I am pleased that Prince Charles and Mrs Camilla Parker Bowles have decided to take this important step.""","[{""text"": ""Prince Charles"", ""label"": ""PUBLIC-FIGURE""}, {""text"": ""Camilla Parker Bowles"", ""label"": ""PUBLIC-FIGURE""}]"
politics_104.txt_486,"Australia's Prime Minister John Howard also offered his congratulations, adding that their decision to marry was a ""sensible and a good thing"".","[{""text"": ""John Howard"", ""label"": ""POLITICIAN""}]"
politics_104.txt_513,Mrs Parker Bowles has joined the prince at numerous engagements in recent years - mostly at evening events for The Prince's Trust.,"[{""text"": ""Parker Bowles"", ""label"": ""PUBLIC-FIGURE""}]"
politics_331.txt_0,Labour attacked on Howard poster,"[{""text"": ""Howard"", ""label"": ""POLITICIAN""}]"
politics_331.txt_179,Mr Howard did not comment on the anti-Semitism claims when asked about the poster on Monday.,"[{""text"": ""Howard"", ""label"": ""POLITICIAN""}]"
politics_331.txt_439,"The image simply portrayed Mr Howard as a hypnotist, he argued.","[{""text"": ""Howard"", ""label"": ""POLITICIAN""}]"
entertainment_182.txt_181,George Clooney recently reacted angrily to a TV host's suggestion that not all funds raised would go towards tsunami relief.,"[{""text"": ""George Clooney"", ""label"": ""ACTOR-DIRECTOR""}]"
entertainment_182.txt_203,"Fox TV's Bill O'Reilly said he would be ""watching to see if the money gets to the tsunami victims"" and warned the celebrities taking part ""had better be involved all the way down the line"".","[{""text"": ""Bill O'Reilly"", ""label"": ""AUTHOR-WRITER""}]"
sport_469.txt_0,Moya emotional after Davis Cup win,"[{""text"": ""Moya"", ""label"": ""ATHLETE""}]"
entertainment_201.txt_318,"Gervais and The Office co-writer Stephen Merchant received a special achievement award for writing, presented by Noel Gallagher and Tom Stoppard.","[{""text"": ""Gervais"", ""label"": ""ACTOR-DIRECTOR""}, {""text"": ""Stephen Merchant"", ""label"": ""AUTHOR-WRITER""}, {""text"": ""Noel Gallagher"", ""label"": ""MUSICIAN""}, {""text"": ""Tom Stoppard"", ""label"": ""AUTHOR-WRITER""}]"
sport_049.txt_248,Mr Conte's statements have been wildly contradictory.,"[{""text"": ""Conte"", ""label"": ""PUBLIC-FIGURE""}]"
sport_049.txt_469,"Jones, who is under investigation for steroid use by the US Anti-Doping Agency, has continually denied ever taking illegal substances since being investigated in the Balco scandal, although she praised a zinc supplement Conte marketed.","[{""text"": ""Jones"", ""label"": ""ATHLETE""}, {""text"": ""Conte"", ""label"": ""PUBLIC-FIGURE""}]"
politics_190.txt_0,Howard 'truanted to play snooker',"[{""text"": ""Howard"", ""label"": ""POLITICIAN""}]"
politics_353.txt_203,Tony Blair himself has said people complain he does not listen.,"[{""text"": ""Tony Blair"", ""label"": ""POLITICIAN""}]"
politics_353.txt_236,"The trouble began on the Wright Stuff show, with Maria Hutchings marching up to him, saying ""Tony, that's rubbish"" as she tried to complain about her autistic son's school being threatened with closure.","[{""text"": ""Maria Hutchings"", ""label"": ""PUBLIC-FIGURE""}, {""text"": ""Tony"", ""label"": ""POLITICIAN""}]"
politics_353.txt_332,"Writer Neil Coppendale, from West Sussex, asked of the Iraq war: ""Tens of thousands of innocent men, women and children died - how do you manage to sleep at night?""","[{""text"": ""Neil Coppendale"", ""label"": ""AUTHOR-WRITER""}]"
politics_353.txt_369,"On immigration, London teacher Diane Granger said: ""Where are you going to put everyone?""","[{""text"": ""Diane Granger"", ""label"": ""PUBLIC-FIGURE""}]"
sport_283.txt_338,Manchester United manager Sir Alex Ferguson sympathised with Tottenham and said the incident highlighted the need for video technology.,"[{""text"": ""Sir Alex Ferguson"", ""label"": ""ATHLETE""}]"
sport_283.txt_528,"""When the whole world apart from the referee has seen there should be a goal at Old Trafford, that just reinforces what I feel - there should be video evidence,"" said Wenger.","[{""text"": ""Wenger"", ""label"": ""ATHLETE""}]"
tech_400.txt_291,"Despite this success Mr Yoran left his post abruptly at the end of last week, reportedly only giving one day's notice to bosses at the Department of Homeland Security.","[{""text"": ""Yoran"", ""label"": ""PUBLIC-FIGURE""}]"
entertainment_138.txt_283,"Rodgers was singer with early 1970s rockers Free, who had a global hit with All Right Now, before forming Bad Company, a successful ""supergroup"" with members of King Crimson and Mott the Hoople.","[{""text"": ""Rodgers"", ""label"": ""MUSICIAN""}]"
politics_187.txt_0,Jowell confirms casino climbdown,"[{""text"": ""Jowell"", ""label"": ""POLITICIAN""}]"
business_235.txt_163,"Chris Curry, PPI research director, said its calculations suggested there could be more pressure on state pension spending than originally envisaged.","[{""text"": ""Chris Curry"", ""label"": ""BUSINESS-EXECUTIVE-MANAGER""}]"
sport_201.txt_153,"But Mutu has hit out at the club's decision, saying: ""Chelsea have destroyed me.""","[{""text"": ""Mutu"", ""label"": ""ATHLETE""}]"
business_470.txt_86,Prince Alwaleed's hotel investments include the luxury George V in Paris.,"[{""text"": ""Alwaleed"", ""label"": ""BUSINESS-EXECUTIVE-MANAGER""}]"
politics_154.txt_6,"

London mayor Ken Livingstone has again refused to retract a Nazi insult made to a Jewish reporter.","[{""text"": ""Ken Livingstone"", ""label"": ""POLITICIAN""}]"
politics_154.txt_500,"On tape Mr Livingstone, who once worked as a freelance restaurant critic on the paper, is heard asking reporter Oliver Finegold if he is a ""German war criminal"".","[{""text"": ""Livingstone"", ""label"": ""POLITICIAN""}, {""text"": ""Oliver Finegold"", ""label"": ""AUTHOR-WRITER""}]"
politics_154.txt_533,"Mr Finegold replies: ""No, I'm Jewish, I wasn't a German war criminal.","[{""text"": ""Finegold"", ""label"": ""AUTHOR-WRITER""}]"
business_428.txt_513,"The release of Asif Zardari, former Prime Minister Benazir Bhutto's husband, has eased political tensions between the military-backed government and the opposition Pakistan People's Party.","[{""text"": ""Asif Zardari"", ""label"": ""POLITICIAN""}, {""text"": ""Benazir Bhutto"", ""label"": ""POLITICIAN""}]"
entertainment_282.txt_62,A man was shot in the thigh outside New York's Hot 97 studios while 50 Cent was on air.,"[{""text"": ""50 Cent"", ""label"": ""MUSICIAN""}]"
entertainment_282.txt_546,Tupac Shakur was shot dead in 1996.,"[{""text"": ""Tupac Shakur"", ""label"": ""MUSICIAN""}]"
entertainment_086.txt_119,The Aviator is also widely tipped to win the best director prize for Martin Scorsese.,"[{""text"": ""Martin Scorsese"", ""label"": ""ACTOR-DIRECTOR""}]"
entertainment_086.txt_253,X Factor judge Sharon Osbourne will present Sky television's live coverage of the event.,"[{""text"": ""Sharon Osbourne"", ""label"": ""PUBLIC-FIGURE""}]"
entertainment_299.txt_82,The late Douglas Adams' original 1977 scripts have also been turned into a series of successful books.,"[{""text"": ""Douglas Adams"", ""label"": ""AUTHOR-WRITER""}]"
entertainment_299.txt_201,"Adams wrote the screenplay based on his book before his premature death, while a new radio series was aired 26 years after the first broadcast and included many of the original cast members.","[{""text"": ""Adams"", ""label"": ""AUTHOR-WRITER""}]"
sport_095.txt_602,"Manchester United: Carroll, Gary Neville, Brown, Ferdinand, Heinze, Ronaldo, Phil Neville, Keane, Scholes, Fortune, Rooney.","[{""text"": ""Carroll"", ""label"": ""ATHLETE""}, {""text"": ""Gary Neville"", ""label"": ""ATHLETE""}, {""text"": ""Brown"", ""label"": ""ATHLETE""}, {""text"": ""Ferdinand"", ""label"": ""ATHLETE""}, {""text"": ""Heinze"", ""label"": ""ATHLETE""}, {""text"": ""Ronaldo"", ""label"": ""ATHLETE""}, {""text"": ""Phil Neville"", ""label"": ""ATHLETE""}, {""text"": ""Keane"", ""label"": ""ATHLETE""}, {""text"": ""Scholes"", ""label"": ""ATHLETE""}, {""text"": ""Fortune"", ""label"": ""ATHLETE""}, {""text"": ""Rooney"", ""label"": ""ATHLETE""}]"
sport_369.txt_53,Jake White claimed the coaching award while his side held off Grand Slam winners France to take the team award.,"[{""text"": ""Jake White"", ""label"": ""ATHLETE""}]"
entertainment_098.txt_7,"

Actor Tom Hanks and director Ron Howard are reuniting for The Da Vinci Code, an adaptation of the international best-selling novel by Dan Brown.","[{""text"": ""Tom Hanks"", ""label"": ""ACTOR-DIRECTOR""}, {""text"": ""Ron Howard"", ""label"": ""ACTOR-DIRECTOR""}, {""text"": ""Dan Brown"", ""label"": ""AUTHOR-WRITER""}]"
sport_066.txt_34,Kelly Holmes finally fulfilled her potential by storming to double gold on the track at the Olympic Games.,"[{""text"": ""Kelly Holmes"", ""label"": ""ATHLETE""}]"
tech_087.txt_583,"As inappropriate net content, most obviously pornography viewed by children, continues to dominate the headlines, internet regulation remains a political issue said MP Richard Allan, Liberal Democrat spokesman on IT.","[{""text"": ""Richard Allan"", ""label"": ""POLITICIAN""}]"
politics_025.txt_179,"Ms Roche, Labour MP for Hornsey and Wood Green, believes legal migration is something we should welcome.","[{""text"": ""Roche"", ""label"": ""POLITICIAN""}]"
entertainment_152.txt_137,He said the family of sound engineer Thorne Nogar did not want to divulge the price they had set or the offers they had received.,"[{""text"": ""Thorne Nogar"", ""label"": ""PUBLIC-FIGURE""}]"
sport_018.txt_0,Merritt close to indoor 400m mark,"[{""text"": ""Merritt"", ""label"": ""ATHLETE""}]"
tech_110.txt_745,"Doug Kaye, a California-based podcaster, praises the former MTV VJ for what he has done.","[{""text"": ""Doug Kaye"", ""label"": ""PUBLIC-FIGURE""}]"
tech_110.txt_1149,"""To be the Johnny Carson, or Ed Sullivan of anything is wonderful.","[{""text"": ""Johnny Carson"", ""label"": ""ACTOR-DIRECTOR""}, {""text"": ""Ed Sullivan"", ""label"": ""ACTOR-DIRECTOR""}]"
politics_112.txt_0,Blair 'damaged' by Blunkett row,"[{""text"": ""Blair"", ""label"": ""POLITICIAN""}, {""text"": ""Blunkett"", ""label"": ""POLITICIAN""}]"
entertainment_230.txt_85,Aaliyah had completed a music video when the plane crashed in the Bahamas.,"[{""text"": ""Aaliyah"", ""label"": ""MUSICIAN""}]"
entertainment_372.txt_156,"""It was a wonderful adventure,"" Eastwood said.","[{""text"": ""Eastwood"", ""label"": ""ACTOR-DIRECTOR""}]"
politics_102.txt_0,Blunkett row should end - Blair,"[{""text"": ""Blunkett"", ""label"": ""POLITICIAN""}, {""text"": ""Blair"", ""label"": ""POLITICIAN""}]"
politics_102.txt_106,"On Tuesday Sir Alan said the application for leave to remain in the UK made by Kimberly Quinn's nanny was processed in 52 days, 120 days faster than the average.","[{""text"": ""Alan"", ""label"": ""BUSINESS-EXECUTIVE-MANAGER""}, {""text"": ""Kimberly Quinn"", ""label"": ""PUBLIC-FIGURE""}]"
entertainment_311.txt_147,"In an interview published in the Radio Times in January, Victoria Wood slated comedian Sacha Baron Cohen for his character Ali G's ""horrible"" brand of ""victim"" humour.","[{""text"": ""Victoria Wood"", ""label"": ""ACTOR-DIRECTOR""}, {""text"": ""Sacha Baron Cohen"", ""label"": ""ACTOR-DIRECTOR""}, {""text"": ""Ali G"", ""label"": ""PUBLIC-FIGURE""}]"
sport_491.txt_742,Now Roddick has to defend a break point and he produces a characteristic ace to save it.,"[{""text"": ""Roddick"", ""label"": ""ATHLETE""}]"
business_504.txt_61,Mr Blair will focus on Africa's development plans and global warming.,"[{""text"": ""Blair"", ""label"": ""POLITICIAN""}]"
sport_096.txt_61,But Manchester United manager Sir Alex Ferguson hinted he may be back early.,"[{""text"": ""Sir Alex Ferguson"", ""label"": ""ATHLETE""}]"
sport_054.txt_0,Thanou bullish over drugs hearing,"[{""text"": ""Thanou"", ""label"": ""ATHLETE""}]"
business_273.txt_210,"The latest to pitch in has been President George W Bush himself, who told the Asia Pacific Economic Co-operation (Apec) summit in Chile that he remained committed to halving the budget deficit.","[{""text"": ""George W Bush"", ""label"": ""POLITICIAN""}]"
business_273.txt_277,And last week US Treasury Secretary John Snow told an audience in the UK that the policy remained unaltered.,"[{""text"": ""John Snow"", ""label"": ""POLITICIAN""}]"
politics_404.txt_225,"Mr Milburn said: ""He is not some unknown hopeful fighting an unwinnable seat.","[{""text"": ""Milburn"", ""label"": ""POLITICIAN""}]"
entertainment_262.txt_308,"Drummer Larry Mullen Jr echoed those sentiments: ""We're very competitive - we want to be on the radio, have big singles.","[{""text"": ""Larry Mullen Jr"", ""label"": ""MUSICIAN""}]"
sport_320.txt_191,"""Graham Henry (former Wales coach) said a couple of years ago that we should 'be bold' when going to France, and he was proved right,"" said Ruddock.","[{""text"": ""Graham Henry"", ""label"": ""ATHLETE""}, {""text"": ""Ruddock"", ""label"": ""ATHLETE""}]"
politics_101.txt_528,"Mike German, leader of the Liberal Democrats in the assembly, claimed that one in three homes were still likely to face council tax rises due to rebanding.","[{""text"": ""Mike German"", ""label"": ""POLITICIAN""}]"
tech_100.txt_5,"

Leading British computer games maker Peter Molyneux has been made an OBE in the New Year Honours list.","[{""text"": ""Peter Molyneux"", ""label"": ""BUSINESS-EXECUTIVE-MANAGER""}]"
tech_100.txt_239,Mr Molyneux has been a pivotal figure in the computer games industry for almost 20 years.,"[{""text"": ""Molyneux"", ""label"": ""BUSINESS-EXECUTIVE-MANAGER""}]"
politics_129.txt_112,"Prime Minister Tony Blair's official spokesman said: ""There are British nationals in Ivory Coast and as you can imagine we are making the usual contingency plans in case the situation deteriorates further, but that's all I can say at this stage.""","[{""text"": ""Tony Blair"", ""label"": ""POLITICIAN""}]"
politics_165.txt_435,Home Secretary Charles Clarke is currently looking at the idea of a levy on the drinks industry to pay for the cost of extra policing.,"[{""text"": ""Charles Clarke"", ""label"": ""POLITICIAN""}]"
entertainment_004.txt_88,"This year's winner, Alice Sebold's The Lovely Bones, sold over one million.","[{""text"": ""Alice Sebold"", ""label"": ""AUTHOR-WRITER""}]"
entertainment_004.txt_146,"David Mitchell's Booker-shortlisted novel, Cloud Atlas, makes it into this year's top 10 along with several lesser known works.","[{""text"": ""David Mitchell"", ""label"": ""AUTHOR-WRITER""}, {""text"": ""Booker"", ""label"": ""PUBLIC-FIGURE""}]"
entertainment_346.txt_291,"Joss Stone, the 17-year-old soul singer from Devon, was a new entry in the young music millionaires list.","[{""text"": ""Joss Stone"", ""label"": ""MUSICIAN""}]"
entertainment_320.txt_100,"An entrepreneur from an early age, Mr Holiff served as a rear air gunner in the Royal Canadian Air Force during World War II, afterwards setting up a drive-in restaurant.","[{""text"": ""Holiff"", ""label"": ""BUSINESS-EXECUTIVE-MANAGER""}]"
entertainment_171.txt_189,"Republican politician Fred Upton, who chairs the committee responsible for broadcasting, said current fines are ""more of a cost of doing business rather than a deterrent"".","[{""text"": ""Fred Upton"", ""label"": ""POLITICIAN""}]"
entertainment_171.txt_220,"Last year's Janet Jackson 'wardrobe malfunction' encouraged the FCC to impose tougher rules, but the US Congress adjourned last year without agreeing on a new level of fines.","[{""text"": ""Janet Jackson"", ""label"": ""MUSICIAN""}]"
politics_230.txt_264,Their demands have been backed by former Metropolitan Police Commissioner Sir John Stevens.,"[{""text"": ""John Stevens"", ""label"": ""PUBLIC-FIGURE""}]"
politics_230.txt_450,"In one of Britain's highest profile cases, Norfolk farmer Tony Martin was jailed for life for murdering 16-year-old burglar Fred Barras, in 1999.","[{""text"": ""Tony Martin"", ""label"": ""PUBLIC-FIGURE""}, {""text"": ""Fred Barras"", ""label"": ""PUBLIC-FIGURE""}]"
entertainment_195.txt_46,"Actress Sandra Bullock has donated $1m (£525,000) to The American Red Cross and actor Leonardo DiCaprio pledged a ""sizable"" aid contribution to Unicef.","[{""text"": ""Sandra Bullock"", ""label"": ""ACTOR-DIRECTOR""}, {""text"": ""Leonardo DiCaprio"", ""label"": ""ACTOR-DIRECTOR""}]"
entertainment_186.txt_0,Johnny and Denise lose Passport,"[{""text"": ""Johnny"", ""label"": ""ACTOR-DIRECTOR""}, {""text"": ""Denise"", ""label"": ""ACTOR-DIRECTOR""}]"
politics_205.txt_0,Tutu's Guantanamo release call,"[{""text"": ""Tutu"", ""label"": ""PUBLIC-FIGURE""}]"
politics_205.txt_5,"

Archbishop Desmond Tutu has called for the release of the remaining inmates at Guantanamo Bay and terror suspects detained without trial in the UK.","[{""text"": ""Desmond Tutu"", ""label"": ""PUBLIC-FIGURE""}]"
politics_205.txt_89,"Referring to the detentions in Cuba, Archbishop Tutu told BBC News: ""It is utterly unacceptable.","[{""text"": ""Tutu"", ""label"": ""PUBLIC-FIGURE""}]"
politics_205.txt_387,"Archbishop Tutu criticised the measures, saying: ""I am opposed to any arbitrary detention that is happening, even in Britain.""","[{""text"": ""Tutu"", ""label"": ""PUBLIC-FIGURE""}]"
sport_375.txt_145,"Never afraid to speak his mind, be it to the referee or the opposition on the pitch, or his coach or the media off it, Dallaglio has sometimes rubbed people up the wrong way.","[{""text"": ""Dallaglio"", ""label"": ""ATHLETE""}]"
sport_375.txt_400,"With sensational allegations of drug use - of which he was subsequently cleared - splashed across the front pages, a devastated Dallaglio stepped down as England skipper.","[{""text"": ""Dallaglio"", ""label"": ""ATHLETE""}]"
entertainment_203.txt_320,"Other celebrities to walk out of a reality show TV include Sex Pistol John Lydon, former EastEnders actress Danniella Westbrook and ex-E17 singer Brian Harvey who all left I'm A Celebrity... Get Me Out Of Here.","[{""text"": ""John Lydon"", ""label"": ""MUSICIAN""}, {""text"": ""Danniella Westbrook"", ""label"": ""ACTOR-DIRECTOR""}, {""text"": ""Brian Harvey"", ""label"": ""MUSICIAN""}]"
sport_289.txt_0,Fuming Robinson blasts officials,"[{""text"": ""Robinson"", ""label"": ""ATHLETE""}]"
politics_290.txt_73,But thriller writer Frederick Forsyth tells BBC News of his personal response to the move.,"[{""text"": ""Frederick Forsyth"", ""label"": ""AUTHOR-WRITER""}]"
politics_290.txt_1158,Forsyth says 3000 died over 30 years or terrorism; 3000 people died in one morning in NY on September 11th 2001.,"[{""text"": ""Forsyth"", ""label"": ""AUTHOR-WRITER""}]"
politics_290.txt_3178,"It is Frederick Forsyth who is the extremist, because he does not appreciate the need for balance.","[{""text"": ""Frederick Forsyth"", ""label"": ""AUTHOR-WRITER""}]"
politics_290.txt_3535,Mr Forsyth is a wonderful writer and should keep his fiction where it belongs.,"[{""text"": ""Forsyth"", ""label"": ""AUTHOR-WRITER""}]"
politics_290.txt_3564,"Sadly comments such as his will make a lot of people believe that they are governed by people who are fast becoming tyrants instead of being genuinely committed to stopping tyranny, even if the method employed to do that is at the moment alien to the British people who have lived in a democracy protected by Tony Blair and others of like mind who, Mr. Forsyth seems to be putting along side the 'scruffy little Austrian.'","[{""text"": ""Tony Blair"", ""label"": ""POLITICIAN""}, {""text"": ""Forsyth"", ""label"": ""AUTHOR-WRITER""}]"
politics_290.txt_3752,"Hobbes has been roundly condemned by posterity, and rightly so.","[{""text"": ""Hobbes"", ""label"": ""PUBLIC-FIGURE""}]"
politics_290.txt_3806,Of course Frederick is wrong about Britain winning the war against the IRA and he's wrong too about the country not becoming a tyranny.,"[{""text"": ""Frederick"", ""label"": ""AUTHOR-WRITER""}]"
politics_290.txt_4562,"Mr Forsyth links ""Islamic fundamentalism"" to the new ""threat"".","[{""text"": ""Forsyth"", ""label"": ""AUTHOR-WRITER""}]"
politics_290.txt_4666,"The people who Mr Forsyth labels the new ""threat"" are those who do not follow the correct teachings of Islam.","[{""text"": ""Forsyth"", ""label"": ""AUTHOR-WRITER""}]"
politics_290.txt_4868,"Notwithstanding these and the attempted and nearly successful assassination attempts on Prime Minister Thatcher in Brighton and on later occupants of 10 Downing Street, there was no retaliatory blitz on Belfast or Dublin as there has been on Afghanistan and Iraq.","[{""text"": ""Thatcher"", ""label"": ""POLITICIAN""}]"
sport_181.txt_424,Desailly is one of the most decorated players in the history of football.,"[{""text"": ""Desailly"", ""label"": ""ATHLETE""}]"
politics_176.txt_50,"More money is to be given to councils to develop official caravan parks, said housing minister Yvette Cooper.","[{""text"": ""Yvette Cooper"", ""label"": ""POLITICIAN""}]"
sport_121.txt_150,"And responding to criticism from BBC Sport pundit and former Liverpool stalwart Alan Hansen, he insisted talks on new investment are ongoing, but added the door has not closed on shareholder and lifelong fan Steve Morgan.","[{""text"": ""Alan Hansen"", ""label"": ""ATHLETE""}, {""text"": ""Steve Morgan"", ""label"": ""BUSINESS-EXECUTIVE-MANAGER""}]"
sport_121.txt_1394,Critical time for Liverpool with regards to Gerrard.,"[{""text"": ""Gerrard"", ""label"": ""ATHLETE""}]"
sport_121.txt_1555,The key is if Gerrard comes out and says that he is happy.,"[{""text"": ""Gerrard"", ""label"": ""ATHLETE""}]"
sport_393.txt_0,Bath faced with Tindall ultimatum,"[{""text"": ""Tindall"", ""label"": ""ATHLETE""}]"
sport_169.txt_101,The former Porto coach was forced to watch the climax of his side's 3-2 victory over Liverpool on television after being ushered away from the touchline by fourth official Phil Crossley.,"[{""text"": ""Phil Crossley"", ""label"": ""PUBLIC-FIGURE""}]"
sport_169.txt_154,Mourinho still faces an FA investigation into his allegation that Manchester United's players 'cheated' during January's Carling Cup semi-final at Stamford Bridge.,"[{""text"": ""Mourinho"", ""label"": ""ATHLETE""}]"
sport_169.txt_184,And Uefa could also launch disciplinary action following Mourinho's failure to attend a compulsory post-match press conference after Chelsea's Champions League defeat at Barcelona last week.,"[{""text"": ""Mourinho"", ""label"": ""ATHLETE""}]"
entertainment_285.txt_222,"Last May, R&B star Usher scored a chart first, with three concurrent singles in the US Top 10, a feat which was previously matched only by The Bee Gees and The Beatles.","[{""text"": ""Usher"", ""label"": ""MUSICIAN""}, {""text"": ""The Bee Gees"", ""label"": ""MUSICIAN""}, {""text"": ""The Beatles"", ""label"": ""MUSICIAN""}]"
entertainment_056.txt_281,The actor was nominated for an Oscar the following year for his role in Bernardo Bertolucci's Last Tango in Paris.,"[{""text"": ""Bernardo Bertolucci"", ""label"": ""ACTOR-DIRECTOR""}]"
sport_220.txt_107,"Curbishley was subjected to criticism from Charlton fans recently, and he said: ""The thing about this club is that we have got where we are by all pulling in the same direction.","[{""text"": ""Curbishley"", ""label"": ""ATHLETE""}]"
business_068.txt_25,"Kamal Nath, Commerce and Industry Minister, announced the decision in Delhi on Thursday following a cabinet meeting.","[{""text"": ""Kamal Nath"", ""label"": ""POLITICIAN""}]"
politics_393.txt_407,"There are details of foreign nationals made British citizens by act of Parliament, including composer George Frideric Handel in 1727.","[{""text"": ""George Frideric Handel"", ""label"": ""MUSICIAN""}]"
entertainment_383.txt_125,Sir Alan's films include Oscar-winning Fame plus Midnight Express and The Commitments.,"[{""text"": ""Alan"", ""label"": ""ACTOR-DIRECTOR""}]"
entertainment_383.txt_232,"He also cited the director's 2003 film The Life of David Gale, in which Kevin Spacey played a man on Death Row, as proof of his ""veritable artistic commitment against the death sentence"".","[{""text"": ""Kevin Spacey"", ""label"": ""ACTOR-DIRECTOR""}]"
entertainment_002.txt_0,Jarre joins fairytale celebration,"[{""text"": ""Jarre"", ""label"": ""MUSICIAN""}]"
entertainment_002.txt_155,Denmark's Crown Prince Frederik and Crown Princess Mary visited New York on Monday to help promote the festivities.,"[{""text"": ""Crown Prince Frederik"", ""label"": ""PUBLIC-FIGURE""}, {""text"": ""Crown Princess Mary"", ""label"": ""PUBLIC-FIGURE""}]"
entertainment_002.txt_263,"Later at a gala dinner, Danish supermodel Helena Christensen was named a Hans Christian Andersen ambassador.","[{""text"": ""Helena Christensen"", ""label"": ""PUBLIC-FIGURE""}, {""text"": ""Hans Christian Andersen"", ""label"": ""AUTHOR-WRITER""}]"
politics_056.txt_189,"The Muslim Council of Britain said Ofsted boss Mr Bell's comments were ""highly irresponsible"".","[{""text"": ""Bell"", ""label"": ""BUSINESS-EXECUTIVE-MANAGER""}]"
entertainment_097.txt_205,Fahrenheit 9/11 director Michael Moore dedicated his trophy to soldiers in Iraq.,"[{""text"": ""Michael Moore"", ""label"": ""ACTOR-DIRECTOR""}]"
business_064.txt_0,"Lufthansa may sue over Bush visit

German airline Lufthansa may sue federal agencies for damages after the arrival of US president George W Bush disrupted flights.","[{""text"": ""Bush"", ""label"": ""POLITICIAN""}, {""text"": ""George W Bush"", ""label"": ""POLITICIAN""}]"
business_064.txt_204,"Central to the problem was that instead of half an hour, the arrival of President Bush on the German leg of his European tour took the best part of an hour, Lufthansa said.","[{""text"": ""Bush"", ""label"": ""POLITICIAN""}]"
business_064.txt_263,The extra time taken by President Bush and his entourage meant that there was a knock-on effect that led to significant delays.,"[{""text"": ""Bush"", ""label"": ""POLITICIAN""}]"
business_434.txt_206,"

Mr Ali added his voice to those warning that aid pledges must be promptly delivered, saying the number of people at risk of poverty hinged on ""concerns over sanitation and health conditions, and other basic needs"" being ""properly and quickly addressed"".","[{""text"": ""Ali"", ""label"": ""PUBLIC-FIGURE""}]"
entertainment_013.txt_0,Levy takes Whitbread novel prize,"[{""text"": ""Levy"", ""label"": ""AUTHOR-WRITER""}]"
entertainment_013.txt_5,"

Orange Prize winner Andrea Levy has seen her book Small Island win the Whitbread Novel of the Year Award.","[{""text"": ""Andrea Levy"", ""label"": ""AUTHOR-WRITER""}]"
entertainment_013.txt_48,Geraldine McCaughrean has picked up the children's fiction award for the third time for Not the End of the World.,"[{""text"": ""Geraldine McCaughrean"", ""label"": ""AUTHOR-WRITER""}]"
entertainment_013.txt_177,One is a Jamaican who joined British troops to fight Hitler but finds life difficult out of uniform when he settles in London.,"[{""text"": ""Hitler"", ""label"": ""POLITICIAN""}]"
entertainment_013.txt_201,"The judges, who included authors Jenny Colgan and Amanda Craig, were full of praise for her writing.","[{""text"": ""Jenny Colgan"", ""label"": ""AUTHOR-WRITER""}, {""text"": ""Amanda Craig"", ""label"": ""AUTHOR-WRITER""}]"
entertainment_013.txt_259,"The first novel section was won by Susan Fletcher for Eve Green, beating the favourite Jonathan Strange and Mr Norrell by Susanna Clarke.","[{""text"": ""Susan Fletcher"", ""label"": ""AUTHOR-WRITER""}, {""text"": ""Eve Green"", ""label"": ""PUBLIC-FIGURE""}, {""text"": ""Jonathan Strange"", ""label"": ""PUBLIC-FIGURE""}, {""text"": ""Mr Norrell"", ""label"": ""PUBLIC-FIGURE""}, {""text"": ""Susanna Clarke"", ""label"": ""AUTHOR-WRITER""}]"
entertainment_013.txt_284,Fletcher has recently graduated from graduated from the University of East Anglia creative writing course.,"[{""text"": ""Fletcher"", ""label"": ""AUTHOR-WRITER""}]"
entertainment_013.txt_300,"Waterstone's fiction writer buyer Suzie Doore said: ""It is great to see Susan Fletcher win in the first novel category.","[{""text"": ""Suzie Doore"", ""label"": ""BUSINESS-EXECUTIVE-MANAGER""}, {""text"": ""Susan Fletcher"", ""label"": ""AUTHOR-WRITER""}]"
entertainment_013.txt_429,"Guy has published many histories, including Tudor England.","[{""text"": ""Guy"", ""label"": ""AUTHOR-WRITER""}]"
tech_297.txt_32,"Chief executive Steve Jobs showed off the new machine at his annual MacWorld speech, in San Francisco.","[{""text"": ""Steve Jobs"", ""label"": ""BUSINESS-EXECUTIVE-MANAGER""}]"
tech_297.txt_508,Mr Jobs told the delegates at MacWorld that iPod already had a 65% market share of all digital music players.,"[{""text"": ""Jobs"", ""label"": ""BUSINESS-EXECUTIVE-MANAGER""}]"
business_019.txt_26,Communications Minister Dayanidhi Maran said that there is a need to fund the fast-growing mobile market.,"[{""text"": ""Dayanidhi Maran"", ""label"": ""POLITICIAN""}]"
politics_262.txt_279,Mr Blair directly denied that quote on Wednesday.,"[{""text"": ""Blair"", ""label"": ""POLITICIAN""}]"
business_440.txt_209,"Treasury Secretary John Snow put a brave face on the news, saying it was a sign of strong economic expansion.","[{""text"": ""John Snow"", ""label"": ""POLITICIAN""}]"
tech_143.txt_120,One such avatar is Jeremiah.,[]
business_217.txt_359,"Vice-Prime Minister Oleg Rybachuk called on the EU to recognise the steps that Ukraine was taking, fearing that should the country not be rewarded for its efforts there may be a backlash against closer relations with Brussels.","[{""text"": ""Oleg Rybachuk"", ""label"": ""POLITICIAN""}]"
entertainment_016.txt_0,Arthur Hailey: King of the bestsellers,"[{""text"": ""Arthur Hailey"", ""label"": ""AUTHOR-WRITER""}]"
entertainment_016.txt_7,"

Novelist Arthur Hailey, who has died at the age of 84, was known for his bestselling page-turners exploring the inner workings of various industries, from the hotels to high finance.","[{""text"": ""Arthur Hailey"", ""label"": ""AUTHOR-WRITER""}]"
entertainment_016.txt_271,"Hailey worked as a screenwriter for a couple of years, before turning to novels.","[{""text"": ""Hailey"", ""label"": ""AUTHOR-WRITER""}]"
entertainment_016.txt_308,"Flight into Danger was adapted to become Hailey's first novel, Runaway Zero-Eight in 1958.","[{""text"": ""Hailey"", ""label"": ""AUTHOR-WRITER""}]"
entertainment_016.txt_670,"The 1997 novel Detective proved to be Hailey's final book, when at the age of 77 he decided to retire.","[{""text"": ""Hailey"", ""label"": ""AUTHOR-WRITER""}]"
tech_184.txt_103,"And I can spend the day working with my girlfriend Anne, a children's writer, at her house in Cambridge, sharing her wireless network.","[{""text"": ""Anne"", ""label"": ""AUTHOR-WRITER""}]"
tech_184.txt_880,Just ask Anne.,[]
politics_267.txt_621,"I think UKIP had a huge amount to do with Tony Blair's decision to hold a referendum on the European constitution and I think it had a huge amount to do with his refusal to go into the euro"".","[{""text"": ""Tony Blair"", ""label"": ""POLITICIAN""}]"
entertainment_044.txt_294,Davis was also a prominent figure in the civil rights movement and was a voice for racial equality.,"[{""text"": ""Davis"", ""label"": ""PUBLIC-FIGURE""}]"
entertainment_044.txt_313,He was a featured speaker at the funerals of both Martin Luther King Jnr and Malcolm X.,"[{""text"": ""Martin Luther King Jnr"", ""label"": ""PUBLIC-FIGURE""}, {""text"": ""Malcolm X"", ""label"": ""PUBLIC-FIGURE""}]"
politics_318.txt_40,"Local councillor Lyn Brown was selected for West Ham, east London, in a contest between two white and five ethnic minority women.","[{""text"": ""Lyn Brown"", ""label"": ""POLITICIAN""}]"
entertainment_190.txt_0,Veteran comic Cyril Fletcher dies,"[{""text"": ""Cyril Fletcher"", ""label"": ""ACTOR-DIRECTOR""}]"
entertainment_119.txt_33,"He started out as a singer and songwriter before going into music management, looking after country star Hank Williams Jr.","[{""text"": ""Hank Williams Jr"", ""label"": ""MUSICIAN""}]"
entertainment_119.txt_54,"He wrote Ring of Fire with June Carter Cash, the future wife of Johnny Cash who went on to score his most popular hit with the track.","[{""text"": ""June Carter Cash"", ""label"": ""MUSICIAN""}, {""text"": ""Johnny Cash"", ""label"": ""MUSICIAN""}]"
entertainment_119.txt_126,"One of the first songs he wrote for other artists was Wolverton Mountain, which sold 10 million copies when recorded by Claude King.","[{""text"": ""Claude King"", ""label"": ""MUSICIAN""}]"
tech_180.txt_31,"Ellen Simonetti, known as Queen of the Sky, wrote an anonymous semi-fictional account of her life in the sky.","[{""text"": ""Ellen Simonetti"", ""label"": ""AUTHOR-WRITER""}]"
entertainment_087.txt_87,Howl's Moving Castle is based on a children's fantasy novel by UK author Diana Wynne Jones.,"[{""text"": ""Diana Wynne Jones"", ""label"": ""AUTHOR-WRITER""}]"
sport_071.txt_208,The Middlesbrough athlete jumped a season's best of 7.95m at the Birmingham Grand Prix - good enough to push world indoor champion Savante Stringfellow into second.,"[{""text"": ""Savante Stringfellow"", ""label"": ""ATHLETE""}]"
sport_025.txt_0,El Guerrouj targets cross country,"[{""text"": ""El Guerrouj"", ""label"": ""ATHLETE""}]"
politics_024.txt_0,Brown visits slum on Africa trip,"[{""text"": ""Brown"", ""label"": ""POLITICIAN""}]"
politics_024.txt_28,Mr Brown's trip is designed to highlight how the UK wants to make Africa's problems a priority of its chairmanship of the G8 this year.,"[{""text"": ""Brown"", ""label"": ""POLITICIAN""}]"
politics_024.txt_192,"Brown's aides say he wants to find out more about the Kenyan Government's education policies, which included introducing free primary education in early 2003.","[{""text"": ""Brown"", ""label"": ""POLITICIAN""}]"
politics_029.txt_422,Shadow foreign secretary Michael Ancram said there was a constant need to ensure value for money from foreign missions.,"[{""text"": ""Michael Ancram"", ""label"": ""POLITICIAN""}]"
entertainment_242.txt_77,The show used Presley photos last week.,"[{""text"": ""Presley"", ""label"": ""MUSICIAN""}]"
politics_082.txt_37,Shadow foreign secretary Michael Ancram told MPs a new White Paper was part of trying to soften up opinion ahead of the referendum on the EU constitution.,"[{""text"": ""Michael Ancram"", ""label"": ""POLITICIAN""}]"
politics_402.txt_0,Brown's poll campaign move denied,"[{""text"": ""Brown"", ""label"": ""POLITICIAN""}]"
sport_254.txt_443,"He said: ""Like Kevin I'd like to see some players come in.","[{""text"": ""Kevin"", ""label"": ""ATHLETE""}]"
entertainment_246.txt_97,"Sizzla, whose real name is Miguel Collins, has released 25 albums since 1995 and is credited with taking dancehall music back to its reggae origins.","[{""text"": ""Sizzla"", ""label"": ""MUSICIAN""}, {""text"": ""Miguel Collins"", ""label"": ""MUSICIAN""}]"
entertainment_200.txt_81,"Model Sophie Anderton was the last person to be voted off the ITV1 show, set in the Australian jungle.","[{""text"": ""Sophie Anderton"", ""label"": ""PUBLIC-FIGURE""}]"
entertainment_200.txt_183,And on 26 November singer Brian Harvey quit as a contestant after he had a blazing row with Janet Street-Porter.,"[{""text"": ""Brian Harvey"", ""label"": ""MUSICIAN""}, {""text"": ""Janet Street-Porter"", ""label"": ""AUTHOR-WRITER""}]"
sport_150.txt_143,"Robbie Keane, skipper for the night and scorer of the crucial second goal, echoed his manager's sentiments on the last-eight match.","[{""text"": ""Robbie Keane"", ""label"": ""ATHLETE""}]"
sport_337.txt_0,Prop Jones ready for hard graft,"[{""text"": ""Jones"", ""label"": ""ATHLETE""}]"
politics_252.txt_0,Blair 'said he would stand down',"[{""text"": ""Blair"", ""label"": ""POLITICIAN""}]"
entertainment_376.txt_0,"France set for new Da Vinci novel

French booksellers are braced for a rush of interest after another book from the author of The Da Vinci Code is translated into French.",[]
entertainment_376.txt_34,"Angels and Demons, by US author Dan Brown, will go on sale on Wednesday.","[{""text"": ""Dan Brown"", ""label"": ""AUTHOR-WRITER""}]"
sport_291.txt_0,Thomas out of Six Nations,"[{""text"": ""Thomas"", ""label"": ""ATHLETE""}]"
politics_225.txt_0,Blair to face MPs amid feud talk,"[{""text"": ""Blair"", ""label"": ""POLITICIAN""}]"
politics_225.txt_216,"Mr Brown, meanwhile, is visiting Tanzania, Mozambique and Kenya to highlight the plight of many Africans hit by Aids, war and famine - issues which Mr Blair has also spoken out on.","[{""text"": ""Brown"", ""label"": ""POLITICIAN""}, {""text"": ""Blair"", ""label"": ""POLITICIAN""}]"
sport_068.txt_653,Pole vault: N Buckfield (Crawley AC),"[{""text"": ""N Buckfield"", ""label"": ""ATHLETE""}]"
sport_402.txt_178,"Wallabies captain George Gregan said the charity match was a ""great initiative"".","[{""text"": ""George Gregan"", ""label"": ""ATHLETE""}]"
entertainment_277.txt_246,"Maria, the novice nun who falls in love with Baron von Trapp, will be played by Austro-Australian actress and singer Sandra Pires.","[{""text"": ""Maria"", ""label"": ""PUBLIC-FIGURE""}, {""text"": ""Baron von Trapp"", ""label"": ""PUBLIC-FIGURE""}, {""text"": ""Sandra Pires"", ""label"": ""ACTOR-DIRECTOR""}]"
entertainment_360.txt_0,Lopez misses UK charity premiere,"[{""text"": ""Lopez"", ""label"": ""ACTOR-DIRECTOR""}]"
entertainment_360.txt_5,"

Jennifer Lopez cancelled an appearance at the UK charity premiere of her new movie saying she was too ill to fly.","[{""text"": ""Jennifer Lopez"", ""label"": ""ACTOR-DIRECTOR""}]"
entertainment_360.txt_90,Co-star Richard Gere attended the event held in aid of the tsunami appeal.,"[{""text"": ""Richard Gere"", ""label"": ""ACTOR-DIRECTOR""}]"
entertainment_074.txt_234,"Soderbergh returns to direct the hit sequel which reunites Clooney, Pitt and Roberts with Matt Damon, Andy Garcia and Elliott Gould.","[{""text"": ""Soderbergh"", ""label"": ""ACTOR-DIRECTOR""}, {""text"": ""Clooney"", ""label"": ""ACTOR-DIRECTOR""}, {""text"": ""Pitt"", ""label"": ""ACTOR-DIRECTOR""}, {""text"": ""Roberts"", ""label"": ""ACTOR-DIRECTOR""}, {""text"": ""Matt Damon"", ""label"": ""ACTOR-DIRECTOR""}, {""text"": ""Andy Garcia"", ""label"": ""ACTOR-DIRECTOR""}, {""text"": ""Elliott Gould"", ""label"": ""ACTOR-DIRECTOR""}]"
politics_383.txt_38,Shadow foreign secretary Michael Ancram told MPs a new White Paper was part of trying to soften up opinion ahead of the referendum on the EU constitution.,"[{""text"": ""Michael Ancram"", ""label"": ""POLITICIAN""}]"
politics_158.txt_250,In 2000 the People's Fuel Lobby caused chaos by blocking roads with slow-moving convoys after Mr Brown threatened to raise fuel taxes.,"[{""text"": ""Brown"", ""label"": ""POLITICIAN""}]"
politics_281.txt_8,"

Ex-chat show host Robert Kilroy-Silk has quit the UK Independence Party and accused it of betraying its supporters.","[{""text"": ""Robert Kilroy-Silk"", ""label"": ""POLITICIAN""}]"
politics_392.txt_76,"South African president Thabo Mbeki has attacked British imperialists, saying they treated Africans like savages.","[{""text"": ""Thabo Mbeki"", ""label"": ""POLITICIAN""}]"
sport_409.txt_0,O'Connell rejects Lions rumours,"[{""text"": ""O'Connell"", ""label"": ""ATHLETE""}]"
sport_409.txt_159,"O'Connell, who made a try-scoring international debut against Wales two years ago, is enjoying his meteoric rise into rugby's shop window - but refuses to be drawn on the Lions.","[{""text"": ""O'Connell"", ""label"": ""ATHLETE""}]"
entertainment_378.txt_0,Halloween writer Debra Hill dies,"[{""text"": ""Debra Hill"", ""label"": ""AUTHOR-WRITER""}]"
entertainment_378.txt_62,"Directed by John Carpenter, it made over $60m (£31.3m) worldwide - a record for independent film at that time.","[{""text"": ""John Carpenter"", ""label"": ""ACTOR-DIRECTOR""}]"
sport_329.txt_34,"But Umaga, in England for Saturday's IRB Rugby Aid match, also backed New Zealand to win the three-Test series against the Lions.","[{""text"": ""Umaga"", ""label"": ""ATHLETE""}]"
politics_198.txt_144,Among those who have criticised the plans are the UK's top policeman Sir John Stevens.,"[{""text"": ""John Stevens"", ""label"": ""PUBLIC-FIGURE""}]"
entertainment_054.txt_93,"

Black Friday is based upon the novel of the same name written by journalist S Hussain Zaidi, which looks at the 15 explosions which rocked Mumbai on 12 March 1993.","[{""text"": ""S Hussain Zaidi"", ""label"": ""AUTHOR-WRITER""}]"
politics_186.txt_0,"Blair says mayor should apologise

Tony Blair has urged London mayor Ken Livingstone to apologise for his ""Nazi"" comment to a Jewish reporter.

Labour's Mr Livingstone, who says he is ""standing by"" his remarks, had accused an Evening Standard journalist of being like a ""concentration camp guard"".","[{""text"": ""Blair"", ""label"": ""POLITICIAN""}, {""text"": ""Tony Blair"", ""label"": ""POLITICIAN""}, {""text"": ""Ken Livingstone"", ""label"": ""POLITICIAN""}, {""text"": ""Livingstone"", ""label"": ""POLITICIAN""}]"
politics_186.txt_347,"On tape, Mr Livingstone, who once worked as a freelance restaurant critic on the paper, is heard asking reporter Oliver Finegold if he is a ""German war criminal"".","[{""text"": ""Livingstone"", ""label"": ""POLITICIAN""}, {""text"": ""Oliver Finegold"", ""label"": ""AUTHOR-WRITER""}]"
politics_186.txt_381,"Mr Finegold replies: ""No, I'm Jewish, I wasn't a German war criminal.","[{""text"": ""Finegold"", ""label"": ""AUTHOR-WRITER""}]"
politics_186.txt_541,It has the power to suspend or bar Mr Livingstone from public office.,"[{""text"": ""Livingstone"", ""label"": ""POLITICIAN""}]"
entertainment_062.txt_142,Moreno is also nominated for best actress at the Oscars.,"[{""text"": ""Moreno"", ""label"": ""ACTOR-DIRECTOR""}]"
entertainment_062.txt_219,Actor Rodrigo de la Serna took the best debut performance prize for The Motorcycle Diaries.,"[{""text"": ""Rodrigo de la Serna"", ""label"": ""ACTOR-DIRECTOR""}]"
entertainment_062.txt_265,"Last year's big winner, Lost In Translation, went on to win the Oscar for best original screenplay, for writer-director Sofia Coppola.","[{""text"": ""Sofia Coppola"", ""label"": ""ACTOR-DIRECTOR""}]"
tech_102.txt_30,"Queen of the Sky, otherwise known as Ellen Simonetti, evolved into an anonymous semi-fictional account of life in the sky.","[{""text"": ""Ellen Simonetti"", ""label"": ""AUTHOR-WRITER""}]"
tech_102.txt_246,Ms Simonetti started her personal blog in January to help her get over her mother's death.,"[{""text"": ""Simonetti"", ""label"": ""AUTHOR-WRITER""}]"
sport_024.txt_6,"

Susan Chepkemei has decided she is fit enough to run in next month's Great Edinburgh International Cross Country.","[{""text"": ""Susan Chepkemei"", ""label"": ""ATHLETE""}]"
politics_135.txt_507,Foreign Secretary Jack Straw is to visit Thailand and Indonesia this week.,"[{""text"": ""Jack Straw"", ""label"": ""POLITICIAN""}]"
politics_135.txt_565,"International Development Secretary Hilary Benn will also visit Aceh in Indonesia, as well as Sri Lanka.","[{""text"": ""Hilary Benn"", ""label"": ""POLITICIAN""}]"
politics_106.txt_57,Mr Howard is expected to tell activists in Kent that voters' tolerance and desire to help others are being abused.,"[{""text"": ""Howard"", ""label"": ""POLITICIAN""}]"
politics_106.txt_95,"

Mr Howard said Britain should take its fair share of the world's ""genuine refugees"".

""","[{""text"": ""Howard"", ""label"": ""POLITICIAN""}]"
politics_106.txt_558,"On Monday, Mr Howard said: ""It's not racist, as some people to claim, to talk about controlling immigration far from it.""","[{""text"": ""Howard"", ""label"": ""POLITICIAN""}]"
sport_343.txt_51,Robinson may even have to apologise for his comments in order to avoid sanction from the International Rugby Board.,"[{""text"": ""Robinson"", ""label"": ""ATHLETE""}]"
entertainment_233.txt_0,Elvis fans hold birthday bash,"[{""text"": ""Elvis"", ""label"": ""MUSICIAN""}]"
entertainment_060.txt_164,"Based on the cult children's books by author Daniel Handler, the film follows three children who are orphaned when their parents die in a fire.","[{""text"": ""Daniel Handler"", ""label"": ""AUTHOR-WRITER""}]"
politics_259.txt_638,"Irfan Hanif, a 25-year-old doctor from Bolton, made a good impression, even if he was a little thrown by Mr MacKenzie's suggestion that instead of being treated by the NHS, young drunks should ""given a good beating"" and left to die.","[{""text"": ""Irfan Hanif"", ""label"": ""PUBLIC-FIGURE""}, {""text"": ""MacKenzie"", ""label"": ""PUBLIC-FIGURE""}]"
sport_110.txt_0,Kenyon denies Robben Barca return,"[{""text"": ""Kenyon"", ""label"": ""BUSINESS-EXECUTIVE-MANAGER""}, {""text"": ""Robben"", ""label"": ""ATHLETE""}]"
tech_375.txt_104,"Jemima Khan reportedly left her iPod, phone and purse in a cab and asked for them to be returned to her friend who turned out to be Hugh Grant.","[{""text"": ""Jemima Khan"", ""label"": ""PUBLIC-FIGURE""}, {""text"": ""Hugh Grant"", ""label"": ""ACTOR-DIRECTOR""}]"
entertainment_324.txt_32,"The Colombian-born actress was the final hope for director Joshua Marston, who scoured the US and Colombia for a lead for Maria Full of Grace.","[{""text"": ""Joshua Marston"", ""label"": ""ACTOR-DIRECTOR""}]"
entertainment_324.txt_192,Sandino Moreno is now being regarded as one of the most promising actresses around at the moment.,"[{""text"": ""Sandino Moreno"", ""label"": ""ACTOR-DIRECTOR""}]"
politics_253.txt_493,"These rumours were fuelled by Mr Blair's decision to hold his monthly media conference at the same time as a long-planned speech by Mr Brown on UK plans to tackle global poverty with a new ""Marshall Plan"" for Africa.","[{""text"": ""Blair"", ""label"": ""POLITICIAN""}, {""text"": ""Brown"", ""label"": ""POLITICIAN""}]"
sport_478.txt_0,Clijsters hope on Aussie Open,"[{""text"": ""Clijsters"", ""label"": ""ATHLETE""}]"
politics_126.txt_0,End Bush 'denial' Blair tells EU,"[{""text"": ""Bush"", ""label"": ""POLITICIAN""}, {""text"": ""Blair"", ""label"": ""POLITICIAN""}]"
politics_126.txt_64,"Mr Blair is at a summit in Brussels, where Iraq and European justice and immigration plans are on the agenda.","[{""text"": ""Blair"", ""label"": ""POLITICIAN""}]"
politics_126.txt_105,Mr Blair has probably been closer to President Bush than any other European leader.,"[{""text"": ""Blair"", ""label"": ""POLITICIAN""}, {""text"": ""Bush"", ""label"": ""POLITICIAN""}]"
politics_126.txt_164,"""The fact is that President Bush is there for four years.","[{""text"": ""Bush"", ""label"": ""POLITICIAN""}]"
politics_126.txt_287,His words about President Bush met a cool reception from Jacques Chirac.,"[{""text"": ""Bush"", ""label"": ""POLITICIAN""}, {""text"": ""Jacques Chirac"", ""label"": ""POLITICIAN""}]"
business_002.txt_0,Dollar gains on Greenspan speech,"[{""text"": ""Greenspan"", ""label"": ""POLITICIAN""}]"
politics_212.txt_102,"The strategist helped Australia's PM, John Howard, win four elections.","[{""text"": ""John Howard"", ""label"": ""POLITICIAN""}]"
entertainment_014.txt_154,"Fergus Crane includes text by Stewart and illustrations by Riddell, who also created The Edge Chronicles together.","[{""text"": ""Fergus Crane"", ""label"": ""AUTHOR-WRITER""}, {""text"": ""Stewart"", ""label"": ""AUTHOR-WRITER""}, {""text"": ""Riddell"", ""label"": ""AUTHOR-WRITER""}]"
entertainment_014.txt_279,"Previous winners have included JK Rowling, Jacqueline Wilson and Dick King-Smith.","[{""text"": ""JK Rowling"", ""label"": ""AUTHOR-WRITER""}, {""text"": ""Jacqueline Wilson"", ""label"": ""AUTHOR-WRITER""}, {""text"": ""Dick King-Smith"", ""label"": ""AUTHOR-WRITER""}]"
entertainment_199.txt_81,Stern recently announced he was leaving Viacom while the two DJs were sacked after their show featured a couple purporting to have sex in a church.,"[{""text"": ""Stern"", ""label"": ""PUBLIC-FIGURE""}]"
politics_013.txt_0,Howard rebuts asylum criticisms,"[{""text"": ""Howard"", ""label"": ""POLITICIAN""}]"
politics_013.txt_76,"TV presenter Anne Robinson said as home secretary he gave the impression he would ""like to kick your cat"".","[{""text"": ""Anne Robinson"", ""label"": ""ACTOR-DIRECTOR""}]"
sport_470.txt_0,Moya emotional after Davis Cup win,"[{""text"": ""Moya"", ""label"": ""ATHLETE""}]"
entertainment_083.txt_107,"Oliver Stone's big-budget epic Alexander, starring Colin Farrell, followed last week's disappointing sixth-place opening with a slump to seventh place and takings of $4.7m (£2.4m).","[{""text"": ""Oliver Stone"", ""label"": ""ACTOR-DIRECTOR""}, {""text"": ""Colin Farrell"", ""label"": ""ACTOR-DIRECTOR""}]"
entertainment_083.txt_192,"It is Cage's fourth collaboration with Jerry Bruckheimer, who is usually noted for his male-orientated action films.","[{""text"": ""Cage"", ""label"": ""ACTOR-DIRECTOR""}, {""text"": ""Jerry Bruckheimer"", ""label"": ""BUSINESS-EXECUTIVE-MANAGER""}]"
entertainment_085.txt_177,Catholics have urged Mr Pande to withdraw the film to show respect to the Christian community's hurt sentiments.,"[{""text"": ""Pande"", ""label"": ""PUBLIC-FIGURE""}]"
politics_246.txt_450,"The Higher Education Minister, Kim Howells, said: ""We are working in schools to raise the attainment and aspiration of young people in disadvantaged areas.""","[{""text"": ""Kim Howells"", ""label"": ""POLITICIAN""}]"
entertainment_204.txt_0,"No charges against TV's Cosby

US comedian Bill Cosby will not face charges stemming from an allegation of sexual misconduct.","[{""text"": ""Cosby"", ""label"": ""ACTOR-DIRECTOR""}, {""text"": ""Bill Cosby"", ""label"": ""ACTOR-DIRECTOR""}]"
entertainment_204.txt_235,Cosby emerged as one of the first black comics to have mainstream success in the US.,"[{""text"": ""Cosby"", ""label"": ""ACTOR-DIRECTOR""}]"
sport_233.txt_55,"Redknapp, 57, quit his Fratton Park position on 24 November and vowed: ""I will not go down the road - no chance.""","[{""text"": ""Redknapp"", ""label"": ""ATHLETE""}]"
politics_336.txt_306,"Stephen Douglas, 26, from Wales, said after the PM's speech on Sunday: ""I think it was a bit of a turning point, given the roasting he has had on some issues.","[{""text"": ""Stephen Douglas"", ""label"": ""PUBLIC-FIGURE""}]"
politics_336.txt_653,"A group of shop stewards from the Swan Hunter shipyard, who said they were facing redundancy, could barely suppress their anger at Mr Blair's failure to, as they saw it, shake off his Tory leanings and stand up for manufacturing in the North East.","[{""text"": ""Blair"", ""label"": ""POLITICIAN""}]"
politics_400.txt_80,"Prime Minister Tony Blair called him a ""giant"" of the Labour movement.","[{""text"": ""Tony Blair"", ""label"": ""POLITICIAN""}]"
politics_400.txt_126,"Chancellor Gordon Brown said the former PM would be ""mourned throughout the world"".","[{""text"": ""Gordon Brown"", ""label"": ""POLITICIAN""}]"
politics_400.txt_396,"Born in 1912 and educated at Portsmouth Northern Secondary School, Lord Callaghan became a clerk at the Inland Revenue.","[{""text"": ""Lord Callaghan"", ""label"": ""POLITICIAN""}]"
sport_004.txt_152,"""I am very happy to see you all, members of the athletics family, respond positively to the IAAF call to sit together and discuss what more we can do in the fight against doping,"" said Diack.","[{""text"": ""Diack"", ""label"": ""PUBLIC-FIGURE""}]"
entertainment_335.txt_56,"De Niro recently spent three weeks at the top with comedy Meet The Fockers, which was at number five this week.","[{""text"": ""De Niro"", ""label"": ""ACTOR-DIRECTOR""}]"
entertainment_115.txt_171,"""We are confident that in this case, [the alleged victim's] claims against Snoop Dogg will be rejected.""","[{""text"": ""Snoop Dogg"", ""label"": ""MUSICIAN""}]"
entertainment_115.txt_195,"The lawsuit names Snoop Dogg - real name Calvin Broadus - plus three associates, The Walt Disney Company and its parent company ABC Inc.","[{""text"": ""Snoop Dogg"", ""label"": ""MUSICIAN""}, {""text"": ""Calvin Broadus"", ""label"": ""MUSICIAN""}]"
politics_041.txt_0,Profile: David Blunkett,"[{""text"": ""David Blunkett"", ""label"": ""POLITICIAN""}]"
politics_041.txt_189,"Mr Blunkett's own comments on immigration had prompted censure - he told refugees from Afghanistan and Kosovo to ""get back home"" to start rebuilding their countries.","[{""text"": ""Blunkett"", ""label"": ""POLITICIAN""}]"
politics_041.txt_402,"Mr Blunkett entered Parliament for Sheffield Brightside in 1987, after first contesting the Sheffield Hallam seat in 1974.","[{""text"": ""Blunkett"", ""label"": ""POLITICIAN""}]"
sport_247.txt_285,"""I'd also like to take the chance to say that tomorrow's game will take place,"" Butragueno declared of the ""Partido contra la Pobreza"" (Game Against Poverty).","[{""text"": ""Butragueno"", ""label"": ""BUSINESS-EXECUTIVE-MANAGER""}]"
business_314.txt_744,"Mr Khodorkovsky is now in jail, on separate fraud charges.","[{""text"": ""Khodorkovsky"", ""label"": ""BUSINESS-EXECUTIVE-MANAGER""}]"
entertainment_012.txt_160,"Mary O'Malley, the founder of the theatre, gave me my future.","[{""text"": ""Mary O'Malley"", ""label"": ""BUSINESS-EXECUTIVE-MANAGER""}]"
entertainment_012.txt_385,Neeson used to listen to his sermons on a Friday night in Ballymena.,"[{""text"": ""Neeson"", ""label"": ""ACTOR-DIRECTOR""}]"
politics_251.txt_0,Brown and Blair face new rift claims,"[{""text"": ""Brown"", ""label"": ""POLITICIAN""}, {""text"": ""Blair"", ""label"": ""POLITICIAN""}]"
entertainment_145.txt_64,"Last year, Jackson exposed a breast during a dance routine, causing outrage among millions of TV viewers and landing the CBS TV network a fine.","[{""text"": ""Jackson"", ""label"": ""MUSICIAN""}]"
entertainment_145.txt_337,"Black Eyed Peas singer Fergie was dressed in a tight orange top and purple hotpants, but nothing in her performance was likely to upset TV watchdogs.","[{""text"": ""Fergie"", ""label"": ""MUSICIAN""}]"
sport_364.txt_322,It is no wonder that Sir Clive Woodward has elevated the Galway-based coach to head the Lions Test side.,"[{""text"": ""Clive Woodward"", ""label"": ""ATHLETE""}]"
sport_310.txt_349,"""Graham Henry (former Wales coach) said a couple of years ago that we should 'be bold' when going to France, and he was proved right,"" said Ruddock.","[{""text"": ""Graham Henry"", ""label"": ""ATHLETE""}, {""text"": ""Ruddock"", ""label"": ""ATHLETE""}]"
business_299.txt_488,"Mr Khodorkovsky, who had funded liberal opposition groups, was arrested in October last year on fraud and tax evasion charges and is still in jail","[{""text"": ""Khodorkovsky"", ""label"": ""BUSINESS-EXECUTIVE-MANAGER""}]"
business_393.txt_132,"Since 2002, Ms Tan has been managing director and chief executive of Metrojaya, one of the largest retail groups in Malaysia.","[{""text"": ""Tan"", ""label"": ""BUSINESS-EXECUTIVE-MANAGER""}]"
entertainment_135.txt_184,"Mr Johnson allegedly approached Dr Dre, who was seated at a table in front of the stage, and appeared to ask for an autograph before punching him.","[{""text"": ""Johnson"", ""label"": ""PUBLIC-FIGURE""}, {""text"": ""Dr Dre"", ""label"": ""MUSICIAN""}]"
entertainment_364.txt_215,It's success continues a strong trend of Hollwood movie-going this year with figures for the popular President's Day weekend 13% greater than last year.,[]
politics_067.txt_552,"Theresa May, shadow secretary for the family, told BBC Radio 4's Today programme that the government's plans were ""inadequate"" and were ""papering over the cracks of the current system"".","[{""text"": ""Theresa May"", ""label"": ""POLITICIAN""}]"
tech_291.txt_620,"Although it has been widely predicted that Mr Gates would be showcasing the new Xbox, some media reports have cast doubt on what he would be talking about in the keynote.","[{""text"": ""Gates"", ""label"": ""BUSINESS-EXECUTIVE-MANAGER""}]"
politics_229.txt_126,"Father-of-two Mr Mousa, 28, a hotel receptionist, was arrested with eight men seized at a hotel in Basra in September 2003.","[{""text"": ""Mousa"", ""label"": ""PUBLIC-FIGURE""}]"
politics_153.txt_0,Clarke to unveil immigration plan,"[{""text"": ""Clarke"", ""label"": ""POLITICIAN""}]"
politics_153.txt_26,Home Secretary Charles Clarke wants to introduce a points system for economic migrants and increase deportations of failed asylum seekers.,"[{""text"": ""Charles Clarke"", ""label"": ""POLITICIAN""}]"
entertainment_362.txt_72,Schrader was replaced by director Renny Harlin who made a new version of the film which debuted in 2004.,"[{""text"": ""Schrader"", ""label"": ""ACTOR-DIRECTOR""}, {""text"": ""Renny Harlin"", ""label"": ""ACTOR-DIRECTOR""}]"
entertainment_362.txt_92,"The prequel project was originally announced in 2001, with actor Liam Neeson in the lead role and John Frankenheimer as director.","[{""text"": ""Liam Neeson"", ""label"": ""ACTOR-DIRECTOR""}, {""text"": ""John Frankenheimer"", ""label"": ""ACTOR-DIRECTOR""}]"
sport_311.txt_400,O'Connell - skipper in the absence of Brian O'Driscoll - powered through Parks' weak tackle after a free-kick from a scrummage to burrow over.,"[{""text"": ""O'Connell"", ""label"": ""ATHLETE""}, {""text"": ""Brian O'Driscoll"", ""label"": ""ATHLETE""}, {""text"": ""Parks"", ""label"": ""ATHLETE""}]"
business_357.txt_119,"In the Ukraine earlier this year, Mr Soros - who took on the Bank of England in the 1990s - and won, was pelted by protestors.","[{""text"": ""Soros"", ""label"": ""BUSINESS-EXECUTIVE-MANAGER""}]"
politics_296.txt_183,"""I don't believe in vindictiveness, I don't think that has any place in politics, unlike the prime minister and Alastair Campbell.""","[{""text"": ""Alastair Campbell"", ""label"": ""POLITICIAN""}]"
entertainment_022.txt_0,"Fears raised over ballet future

Fewer children in the UK are following in the dainty footsteps of dancers like Darcey Bussell, and carving out potential careers as ballet dancers.","[{""text"": ""Darcey Bussell"", ""label"": ""PUBLIC-FIGURE""}]"
politics_065.txt_473,"Mr Abbasi, 23, from Croydon, south London, was taken to Guantanamo Bay after being captured in Afghanistan in 2001.","[{""text"": ""Abbasi"", ""label"": ""PUBLIC-FIGURE""}]"
politics_236.txt_0,Jack Cunningham to stand down,"[{""text"": ""Jack Cunningham"", ""label"": ""POLITICIAN""}]"
entertainment_223.txt_0,"Singer Ferguson 'facing eviction'

Three Degrees star Sheila Ferguson is the favourite to be evicted from ITV's I'm A Celebrity... Get Me Out Of Here on Monday.","[{""text"": ""Ferguson"", ""label"": ""MUSICIAN""}, {""text"": ""Sheila Ferguson"", ""label"": ""MUSICIAN""}]"
entertainment_223.txt_86,Comic Joe Pasquale remains odds on favourite to win the reality show.,"[{""text"": ""Joe Pasquale"", ""label"": ""ACTOR-DIRECTOR""}]"
business_407.txt_150,Mr Gopinath said the planes will connect regional Indian cities.,"[{""text"": ""Gopinath"", ""label"": ""BUSINESS-EXECUTIVE-MANAGER""}]"
entertainment_079.txt_55,"Directed by Andrey Zvyagintsev, The Return previously won the 2003 Golden Lion award at the Venice Film Festival.","[{""text"": ""Andrey Zvyagintsev"", ""label"": ""ACTOR-DIRECTOR""}]"
politics_206.txt_0,Blair's hope for Blunkett return,"[{""text"": ""Blair"", ""label"": ""POLITICIAN""}, {""text"": ""Blunkett"", ""label"": ""POLITICIAN""}]"
sport_046.txt_0,"Radcliffe eyes hard line on drugs

Paula Radcliffe has called for all athletes found guilty on drugs charges to be treated as criminals.","[{""text"": ""Radcliffe"", ""label"": ""ATHLETE""}, {""text"": ""Paula Radcliffe"", ""label"": ""ATHLETE""}]"
sport_046.txt_100,Radcliffe's comments come at a time when several American sports stars are under suspicion of steroid use.,"[{""text"": ""Radcliffe"", ""label"": ""ATHLETE""}]"
entertainment_256.txt_305,Joss Stone is a soul artist.,"[{""text"": ""Joss Stone"", ""label"": ""MUSICIAN""}]"
entertainment_256.txt_1594,"I love Joss to bits and don't care what her branding is - it's amazing music, full stop.","[{""text"": ""Joss"", ""label"": ""MUSICIAN""}]"
entertainment_256.txt_1709,"Joss Stone is simply singing a certain type of music that can be considered urban in style, just as someone from an inner city, and indeed not from the USA could sing country music.","[{""text"": ""Joss Stone"", ""label"": ""MUSICIAN""}]"
entertainment_050.txt_128,"Directed by Antoine Fuqua, the film was poorly received by critics and did not perform strongly at the box office.","[{""text"": ""Antoine Fuqua"", ""label"": ""ACTOR-DIRECTOR""}]"
politics_326.txt_22,"Michael Howard has no doubt it is the prime minister who, he claims, is ""ramming"" through Parliament the controversial new anti-terror measures without proper debate.","[{""text"": ""Michael Howard"", ""label"": ""POLITICIAN""}]"
politics_012.txt_90,"In a statement recorded for television, Mr Blair said the families deserved ""to be completely and publicly exonerated"".","[{""text"": ""Blair"", ""label"": ""POLITICIAN""}]"
politics_012.txt_210,"""Tony Blair has healed rifts, he is helping to heal wounds.","[{""text"": ""Tony Blair"", ""label"": ""POLITICIAN""}]"
politics_202.txt_497,Judge Charles Harris QC made his remarks as he sentenced three men for assaults carried out while drunk and high on drugs after a night out.,"[{""text"": ""Charles Harris QC"", ""label"": ""PUBLIC-FIGURE""}]"
entertainment_078.txt_30,"According to pundits, the film has overtaken previous favourite The Aviator, with Eastwood also tipped to take the best director award.","[{""text"": ""Eastwood"", ""label"": ""ACTOR-DIRECTOR""}]"
entertainment_078.txt_88,"The Aviator has scored a best director nomination for Martin Scorsese, who has never won an Oscar, while stars Leonardo DiCaprio and Cate Blanchett are both nominated for acting Oscars.","[{""text"": ""Martin Scorsese"", ""label"": ""ACTOR-DIRECTOR""}, {""text"": ""Leonardo DiCaprio"", ""label"": ""ACTOR-DIRECTOR""}, {""text"": ""Cate Blanchett"", ""label"": ""ACTOR-DIRECTOR""}]"
entertainment_078.txt_310,Hilary Swank is the favourite to win best actress for the second time in six years.,"[{""text"": ""Hilary Swank"", ""label"": ""ACTOR-DIRECTOR""}]"
politics_374.txt_87,Tony Blair has said Conservative policies would cause economic failure.,"[{""text"": ""Tony Blair"", ""label"": ""POLITICIAN""}]"
sport_360.txt_0,Player burn-out worries Robinson,"[{""text"": ""Robinson"", ""label"": ""ATHLETE""}]"
tech_385.txt_0,"Beckham virus spotted on the net

Virus writers are trading on interest in David Beckham to distribute their malicious wares.","[{""text"": ""Beckham"", ""label"": ""ATHLETE""}, {""text"": ""David Beckham"", ""label"": ""ATHLETE""}]"
tech_385.txt_41,But anyone visiting the website mentioned in the message will not see pictures of Mr Beckham but will have their computer infected by a virus.,"[{""text"": ""Beckham"", ""label"": ""ATHLETE""}]"
tech_385.txt_87,The appearance of the Beckham Windows trojan is just another example in a long line of viruses that trade on interest in celebrities in an attempt to fuel their spread.,"[{""text"": ""Beckham"", ""label"": ""ATHLETE""}]"
tech_385.txt_118,"Tennis player Anna Kournikova, popstars Britney Spears and Avril Lavigne as well as Arnold Schwarzenegger have all been used in the past to try to con people into opening infected files.","[{""text"": ""Anna Kournikova"", ""label"": ""ATHLETE""}, {""text"": ""Britney Spears"", ""label"": ""MUSICIAN""}, {""text"": ""Avril Lavigne"", ""label"": ""MUSICIAN""}, {""text"": ""Arnold Schwarzenegger"", ""label"": ""ACTOR-DIRECTOR""}]"
tech_385.txt_151,The huge amount of interest in Mr Beckham and his private life and the large number of messages posted to discussion groups on the net might mean that the malicious program catches a lot of people out.,"[{""text"": ""Beckham"", ""label"": ""ATHLETE""}]"
tech_385.txt_189,"""The public's appetite for salacious gossip about the private life of the Beckhams might lead some into an unpleasant computer infection,"" said Graham Cluley from anti-virus firm Sophos.","[{""text"": ""the Beckhams"", ""label"": ""PUBLIC-FIGURE""}, {""text"": ""Graham Cluley"", ""label"": ""AUTHOR-WRITER""}]"
entertainment_005.txt_55,Lead actress Laura Michelle Kelly soared over the heads of the audience holding the nanny's trademark umbrella.,"[{""text"": ""Laura Michelle Kelly"", ""label"": ""ACTOR-DIRECTOR""}]"
entertainment_005.txt_89,"A number of celebrities turned out for the musical's premiere, including actress Barbara Windsor, comic Graham Norton and Sir Richard Attenborough.","[{""text"": ""Barbara Windsor"", ""label"": ""ACTOR-DIRECTOR""}, {""text"": ""Graham Norton"", ""label"": ""ACTOR-DIRECTOR""}, {""text"": ""Sir Richard Attenborough"", ""label"": ""ACTOR-DIRECTOR""}]"
entertainment_005.txt_145,"Mary Poppins was originally created by author Pamela Travers, who is said to have cried when she saw Disney's 1964 film starring Julie Andrews.","[{""text"": ""Mary Poppins"", ""label"": ""PUBLIC-FIGURE""}, {""text"": ""Pamela Travers"", ""label"": ""AUTHOR-WRITER""}, {""text"": ""Julie Andrews"", ""label"": ""ACTOR-DIRECTOR""}]"
politics_274.txt_51,"Mr Brown seems haunted by her eyes, desolate of all hope.","[{""text"": ""Brown"", ""label"": ""POLITICIAN""}]"
politics_274.txt_123,"Mr Brown's message generally, that compassion must become action before that hope is squandered.","[{""text"": ""Brown"", ""label"": ""POLITICIAN""}]"
politics_274.txt_210,But he also believes it is time for the world to see a new Gordon Brown.,"[{""text"": ""Gordon Brown"", ""label"": ""POLITICIAN""}]"
politics_274.txt_379,Brown replies that no one thought the Berlin Wall would ever come down either.,"[{""text"": ""Brown"", ""label"": ""POLITICIAN""}]"
sport_034.txt_603,"Purely as a race, Paula's victory in the New York Marathon has to go down as one of the most thrilling.","[{""text"": ""Paula"", ""label"": ""ATHLETE""}]"
politics_342.txt_0,Brown outlines third term vision,"[{""text"": ""Brown"", ""label"": ""POLITICIAN""}]"
entertainment_131.txt_736,"Franz Ferdinand, Travis and Snow Patrol are just recent examples of the success Scottish music can have in the world, so we should do what we Scots are good at and support our own goods!","[{""text"": ""Franz Ferdinand"", ""label"": ""MUSICIAN""}, {""text"": ""Travis"", ""label"": ""MUSICIAN""}, {""text"": ""Snow Patrol"", ""label"": ""MUSICIAN""}]"
sport_125.txt_0,Premier League planning Cole date,"[{""text"": ""Cole"", ""label"": ""ATHLETE""}]"
politics_183.txt_130,Sir Nicholas was a strong defender of the Anglo-Irish Agreement and was held in esteem in Dublin government and SDLP circles.,"[{""text"": ""Nicholas"", ""label"": ""POLITICIAN""}]"
politics_183.txt_244,Sir Nicholas claimed strong painkillers he was taking for a back problem had reacted badly with a small amount of alcohol.,"[{""text"": ""Nicholas"", ""label"": ""POLITICIAN""}]"
sport_104.txt_43,Blues boss Jose Mourinho was sent off for taunting Liverpool fans after the goal and he watched on television as his side went on to win the game.,"[{""text"": ""Jose Mourinho"", ""label"": ""ATHLETE""}]"
sport_104.txt_105,"Yet it was controversial too, after Mourinho's sending off, apparently for putting his finger to his lips to hush the Liverpool fans.","[{""text"": ""Mourinho"", ""label"": ""ATHLETE""}]"
entertainment_206.txt_154,Sharon Osbourne is currently appearing as a judge and mentor in ITV1 talent show The X-Factor alongside Simon Cowell and Louis Walsh.,"[{""text"": ""Sharon Osbourne"", ""label"": ""PUBLIC-FIGURE""}, {""text"": ""Simon Cowell"", ""label"": ""BUSINESS-EXECUTIVE-MANAGER""}, {""text"": ""Louis Walsh"", ""label"": ""BUSINESS-EXECUTIVE-MANAGER""}]"
entertainment_339.txt_188,"Reeves first found fame in the teen comedy Bill and Ted's Excellent Adventure, and went on to combine such blockbusters as Speed, The Devil's Advocate and the Matrix series, with smaller films including My Own Private Idaho.","[{""text"": ""Reeves"", ""label"": ""ACTOR-DIRECTOR""}]"
entertainment_064.txt_57,"British actors in attendance include nominees Clive Owen, Imelda Staunton, Kate Winslet and director Mike Leigh.","[{""text"": ""Clive Owen"", ""label"": ""ACTOR-DIRECTOR""}, {""text"": ""Imelda Staunton"", ""label"": ""ACTOR-DIRECTOR""}, {""text"": ""Kate Winslet"", ""label"": ""ACTOR-DIRECTOR""}, {""text"": ""Mike Leigh"", ""label"": ""ACTOR-DIRECTOR""}]"
entertainment_064.txt_205,"Eastwood has won best director once before, for Unforgiven in 1993.","[{""text"": ""Eastwood"", ""label"": ""ACTOR-DIRECTOR""}]"
tech_090.txt_709,His name is Tote King and Manuel Millan says that he is the hip-hop leader in Spain.,"[{""text"": ""Tote King"", ""label"": ""MUSICIAN""}, {""text"": ""Manuel Millan"", ""label"": ""PUBLIC-FIGURE""}]"
sport_115.txt_128,The Manchester United wing revealed how club manager Sir Alex Ferguson talked him into extending his Wales career.,"[{""text"": ""Sir Alex Ferguson"", ""label"": ""ATHLETE""}]"
sport_115.txt_588,"Giggs' own personal future at Old Trafford is still up in the air as he has yet to reach agreement on a new contract, with Manchester United offering one extra year and Giggs seeking two.","[{""text"": ""Giggs"", ""label"": ""ATHLETE""}]"
entertainment_015.txt_297,"Previous winners include White Teeth by Zadie Smith, in 2000, which went on to become a bestseller.","[{""text"": ""Zadie Smith"", ""label"": ""AUTHOR-WRITER""}]"
politics_119.txt_0,"Lord Scarman, 93, dies peacefully","[{""text"": ""Lord Scarman"", ""label"": ""PUBLIC-FIGURE""}]"
politics_119.txt_307,Lord Scarman will be remembered for the public inquiry he led into a string of race riots which began in Brixton when racial tensions rose after a police crackdown on street robbery.,"[{""text"": ""Lord Scarman"", ""label"": ""PUBLIC-FIGURE""}]"
sport_170.txt_183,"Arsenal boss Arsene Wenger, who was fined £15,000 in December for accusing Manchester United striker Ruud van Nistelrooy of cheating, believes that Aragones' punishment was too lenient.","[{""text"": ""Arsene Wenger"", ""label"": ""ATHLETE""}, {""text"": ""Ruud van Nistelrooy"", ""label"": ""ATHLETE""}, {""text"": ""Aragones"", ""label"": ""ATHLETE""}]"
politics_189.txt_0,Blair congratulates Bush on win,"[{""text"": ""Blair"", ""label"": ""POLITICIAN""}, {""text"": ""Bush"", ""label"": ""POLITICIAN""}]"
politics_189.txt_181,"""All of us in positions of leadership, not just President Bush, have a responsibility to rise to this challenge.","[{""text"": ""Bush"", ""label"": ""POLITICIAN""}]"
politics_189.txt_491,"Even before the result became clear, Mr Blair was being urged to push for action on climate change at his first meeting with whichever candidate won.","[{""text"": ""Blair"", ""label"": ""POLITICIAN""}]"
politics_189.txt_584,"But Myron Ebell, an adviser on climate change to President Bush, has said there would be no change in the US stance and rejected the threat of climate change.","[{""text"": ""Myron Ebell"", ""label"": ""PUBLIC-FIGURE""}, {""text"": ""Bush"", ""label"": ""POLITICIAN""}]"
politics_349.txt_701,"Mr Blair told the audience he believed the Iraq war would have made Britain a safer place if its emerging democracy succeeded and that he wanted to bring troops home as soon as possible, but not before the job was done.","[{""text"": ""Blair"", ""label"": ""POLITICIAN""}]"
entertainment_295.txt_0,"Dame Julie pops in to see Poppins

Mary Poppins star Dame Julie Andrews watched the hit stage version of her classic film at a charity performance in London's West End.

It was the first time Dame Julie, who shot to fame as the nanny in the 1964 Disney movie, had seen the musical, staged at the Prince Edward Theatre.","[{""text"": ""Dame Julie"", ""label"": ""ACTOR-DIRECTOR""}, {""text"": ""Mary Poppins"", ""label"": ""PUBLIC-FIGURE""}, {""text"": ""Dame Julie Andrews"", ""label"": ""ACTOR-DIRECTOR""}]"
entertainment_295.txt_174,The Mary Poppins musical has been masterminded by theatre impresario Sir Cameron Mackintosh and directed by Richard Eyre with choreography by Matthew Bourne.,"[{""text"": ""Mary Poppins"", ""label"": ""PUBLIC-FIGURE""}, {""text"": ""Sir Cameron Mackintosh"", ""label"": ""BUSINESS-EXECUTIVE-MANAGER""}, {""text"": ""Richard Eyre"", ""label"": ""ACTOR-DIRECTOR""}, {""text"": ""Matthew Bourne"", ""label"": ""ACTOR-DIRECTOR""}]"
business_486.txt_66,The move follows a decision earlier this month by Anil - the younger brother of Reliance Group president Mukesh Ambani - to resign from his post.,"[{""text"": ""Anil"", ""label"": ""BUSINESS-EXECUTIVE-MANAGER""}, {""text"": ""Mukesh Ambani"", ""label"": ""BUSINESS-EXECUTIVE-MANAGER""}]"
sport_088.txt_249,Mr Conte's statements have been wildly contradictory.,"[{""text"": ""Conte"", ""label"": ""PUBLIC-FIGURE""}]"
sport_088.txt_470,"Jones, who is under investigation for steroid use by the US Anti-Doping Agency, has continually denied ever taking illegal substances since being investigated in the Balco scandal, although she praised a zinc supplement Conte marketed.","[{""text"": ""Jones"", ""label"": ""ATHLETE""}, {""text"": ""Conte"", ""label"": ""PUBLIC-FIGURE""}]"
entertainment_125.txt_97,Singer-songwriter Casey beat Brian McFadden and Damien Rice.,"[{""text"": ""Casey"", ""label"": ""MUSICIAN""}, {""text"": ""Brian McFadden"", ""label"": ""MUSICIAN""}, {""text"": ""Damien Rice"", ""label"": ""MUSICIAN""}]"
business_309.txt_198,John Patterson will be in charge of drug development.,"[{""text"": ""John Patterson"", ""label"": ""BUSINESS-EXECUTIVE-MANAGER""}]"
politics_254.txt_192,Meanwhile the likes of Health Secretary John Reid and Labour peer Lord Haskins are warning of the electoral dangers of allowing this soap opera to continue.,"[{""text"": ""John Reid"", ""label"": ""POLITICIAN""}, {""text"": ""Lord Haskins"", ""label"": ""POLITICIAN""}]"
entertainment_349.txt_87,"Khan told an Indian news channel on her mobile phone: ""They are not even letting me go home to get my bags.","[{""text"": ""Khan"", ""label"": ""PUBLIC-FIGURE""}]"
entertainment_349.txt_268,Khan was involved in controversy when topless photos alleged to be of her appeared in a Norwegian magazine.,"[{""text"": ""Khan"", ""label"": ""PUBLIC-FIGURE""}]"
entertainment_072.txt_0,"Box office blow for Alexander

Director Oliver Stone's historical epic Alexander has failed in its bid to conquer the box office, entering the US film charts at number six.","[{""text"": ""Oliver Stone"", ""label"": ""ACTOR-DIRECTOR""}]"
entertainment_072.txt_303,"But novelist Gore Vidal defended the film, saying it was ""barrier-breaking"" for its frank depiction of bisexuality.","[{""text"": ""Gore Vidal"", ""label"": ""AUTHOR-WRITER""}]"
sport_274.txt_0,Gerrard happy at Anfield,"[{""text"": ""Gerrard"", ""label"": ""ATHLETE""}]"
business_072.txt_102,Mr Park's statement came as the bank decided to keep interest rates at an all-time low of 3.25%.,"[{""text"": ""Park"", ""label"": ""BUSINESS-EXECUTIVE-MANAGER""}]"
entertainment_149.txt_0,Spector facing more legal action,"[{""text"": ""Spector"", ""label"": ""PUBLIC-FIGURE""}]"
politics_351.txt_0,Fox attacks Blair's Tory 'lies',"[{""text"": ""Fox"", ""label"": ""POLITICIAN""}, {""text"": ""Blair"", ""label"": ""POLITICIAN""}]"
politics_053.txt_206,"Commenting on Mr Makarov's case, he said: ""The British state is not a fat cow - it is impossible to come here and demand give me more money every week.""","[{""text"": ""Makarov"", ""label"": ""PUBLIC-FIGURE""}]"
politics_390.txt_554,"Theresa May, shadow secretary for the family, told BBC Radio 4's Today programme that the government's plans were ""inadequate"" and were ""papering over the cracks of the current system"".","[{""text"": ""Theresa May"", ""label"": ""POLITICIAN""}]"
sport_156.txt_228,"The Peruvian international was sold to Aston Villa a year ago but in the phone-in for BBC Newcastle, Souness said tried to re-sign him, but Villa were not interested in selling.","[{""text"": ""Souness"", ""label"": ""ATHLETE""}]"
entertainment_027.txt_6,"

The second Pop Idol-style search for literary talent has begun with the help of the brother of Simon Cowell.","[{""text"": ""Simon Cowell"", ""label"": ""BUSINESS-EXECUTIVE-MANAGER""}]"
entertainment_027.txt_30,Writer Tony Cowell is among the judges who will hear aspiring writers read their work aloud.,"[{""text"": ""Tony Cowell"", ""label"": ""AUTHOR-WRITER""}]"
entertainment_027.txt_278,"Paul Cavanagh, a former university professor and health care consultant from Ontario in Canada, was one of 1,466 aspiring novelists to enter the first contest.","[{""text"": ""Paul Cavanagh"", ""label"": ""AUTHOR-WRITER""}]"
sport_438.txt_56,"""Somebody, I think it was Mr Phillips, said they won't have money for flowers at Wimbledon.","[{""text"": ""Phillips"", ""label"": ""PUBLIC-FIGURE""}]"
sport_438.txt_82,"An All England club spokesperson denied Phillips made the remark, insisting: ""He definitely didn't say it.""","[{""text"": ""Phillips"", ""label"": ""PUBLIC-FIGURE""}]"
sport_438.txt_239,"Serena Williams, who is also in Dubai, added: ""I'm obviously for equal prize money.","[{""text"": ""Serena Williams"", ""label"": ""ATHLETE""}]"
politics_266.txt_22,Labour peer Lord Dubs' Succession to the Crown Bill aims to end the right of male heirs to succeed to the crown even if they have an older sister.,"[{""text"": ""Lord Dubs"", ""label"": ""POLITICIAN""}]"
sport_399.txt_0,Farrell saga to drag on -,"[{""text"": ""Farrell"", ""label"": ""ATHLETE""}]"
sport_399.txt_119,The prospect of Farrell switching codes has been the main talking point of the Super League season so far.,"[{""text"": ""Farrell"", ""label"": ""ATHLETE""}]"
sport_399.txt_358,"""Athletes like him - Ellery Hanley and Martin Johnson - don't come along very often.","[{""text"": ""Ellery Hanley"", ""label"": ""ATHLETE""}, {""text"": ""Martin Johnson"", ""label"": ""ATHLETE""}]"
politics_136.txt_173,"Brad Adams, from Human Rights Watch, said: ""This is a huge political signal from Europe that they are willing to forget about Tiananmen Square.","[{""text"": ""Brad Adams"", ""label"": ""PUBLIC-FIGURE""}]"
business_379.txt_0,Reliance unit loses Anil Ambani,"[{""text"": ""Anil Ambani"", ""label"": ""BUSINESS-EXECUTIVE-MANAGER""}]"
business_379.txt_55,"Anil, 45, has stepped down as director and vice-chairman of Indian Petrochemicals Corporation (IPC).","[{""text"": ""Anil"", ""label"": ""BUSINESS-EXECUTIVE-MANAGER""}]"
sport_055.txt_85,Holmes will have now have intensive treatment in South Africa.,"[{""text"": ""Holmes"", ""label"": ""ATHLETE""}]"
politics_218.txt_493,"These rumours were fuelled by Mr Blair's decision to hold his monthly media conference at the same time as a long-planned speech by Mr Brown on UK plans to tackle global poverty with a new ""Marshall Plan"" for Africa.","[{""text"": ""Blair"", ""label"": ""POLITICIAN""}, {""text"": ""Brown"", ""label"": ""POLITICIAN""}]"
politics_115.txt_598,"In an article for the Times newspaper, Ms Dunwoody, who chairs the Transport Select Committee, says: ""Slight increases to low car speeds increase hugely the risks to pedestrians and cyclists.","[{""text"": ""Dunwoody"", ""label"": ""POLITICIAN""}]"
entertainment_139.txt_115,Last week Grammy producers announced the show will be hosted by rap star and Chicago actress Queen Latifah.,"[{""text"": ""Queen Latifah"", ""label"": ""MUSICIAN""}]"
entertainment_368.txt_902,"Charles Gant, Heat: Film - The Aviator; director - Clint Eastwood; actor - Jamie Foxx; actress - Hilary Swank.","[{""text"": ""Charles Gant"", ""label"": ""AUTHOR-WRITER""}, {""text"": ""Clint Eastwood"", ""label"": ""ACTOR-DIRECTOR""}, {""text"": ""Jamie Foxx"", ""label"": ""ACTOR-DIRECTOR""}, {""text"": ""Hilary Swank"", ""label"": ""ACTOR-DIRECTOR""}]"
entertainment_368.txt_927,"

- Steven Gaydos, Variety: Film - The Aviator; director - Martin Scorsese; actor - Jamie Foxx; actress - Hilary Swank.","[{""text"": ""Steven Gaydos"", ""label"": ""AUTHOR-WRITER""}, {""text"": ""Martin Scorsese"", ""label"": ""ACTOR-DIRECTOR""}, {""text"": ""Jamie Foxx"", ""label"": ""ACTOR-DIRECTOR""}, {""text"": ""Hilary Swank"", ""label"": ""ACTOR-DIRECTOR""}]"
entertainment_368.txt_954,"

- Jamie Graham, Total Film: Film - The Aviator; director - Martin Scorsese; actor - Jamie Foxx; actress - Hilary Swank.","[{""text"": ""Jamie Graham"", ""label"": ""AUTHOR-WRITER""}, {""text"": ""Martin Scorsese"", ""label"": ""ACTOR-DIRECTOR""}, {""text"": ""Jamie Foxx"", ""label"": ""ACTOR-DIRECTOR""}, {""text"": ""Hilary Swank"", ""label"": ""ACTOR-DIRECTOR""}]"
entertainment_368.txt_1010,"

- Jonathan Ross, Film 2005: Film - The Aviator; director - Martin Scorsese; actor - Jamie Foxx; actress - Hilary Swank.

-","[{""text"": ""Jonathan Ross"", ""label"": ""ACTOR-DIRECTOR""}, {""text"": ""Martin Scorsese"", ""label"": ""ACTOR-DIRECTOR""}, {""text"": ""Jamie Foxx"", ""label"": ""ACTOR-DIRECTOR""}, {""text"": ""Hilary Swank"", ""label"": ""ACTOR-DIRECTOR""}]"
entertainment_368.txt_1040,"Tim Dams, Screen International: Film - Million Dollar Baby; director - Clint Eastwood; actor - Jamie Foxx; actress - Hilary Swank.","[{""text"": ""Tim Dams"", ""label"": ""AUTHOR-WRITER""}, {""text"": ""Clint Eastwood"", ""label"": ""ACTOR-DIRECTOR""}, {""text"": ""Jamie Foxx"", ""label"": ""ACTOR-DIRECTOR""}, {""text"": ""Hilary Swank"", ""label"": ""ACTOR-DIRECTOR""}]"
entertainment_368.txt_1121,"

- Charles Gant, Heat: Film - Sideways; director - Mike Leigh; actor - Jamie Foxx; actress - Imelda Staunton.","[{""text"": ""Charles Gant"", ""label"": ""AUTHOR-WRITER""}, {""text"": ""Mike Leigh"", ""label"": ""ACTOR-DIRECTOR""}, {""text"": ""Jamie Foxx"", ""label"": ""ACTOR-DIRECTOR""}, {""text"": ""Imelda Staunton"", ""label"": ""ACTOR-DIRECTOR""}]"
entertainment_368.txt_1147,"

- Steven Gaydos, Variety: Film - Million Dollar Baby; director - Clint Eastwood; actor - Don Cheadle; actress - Imelda Staunton.","[{""text"": ""Steven Gaydos"", ""label"": ""AUTHOR-WRITER""}, {""text"": ""Clint Eastwood"", ""label"": ""ACTOR-DIRECTOR""}, {""text"": ""Don Cheadle"", ""label"": ""ACTOR-DIRECTOR""}, {""text"": ""Imelda Staunton"", ""label"": ""ACTOR-DIRECTOR""}]"
entertainment_368.txt_1175,"

- Jamie Graham, Total Film: Film - Sideways; director - Alexander Payne; actor - Jamie Foxx; actress - Hilary Swank.

- Wendy Ide, The Times: Film - Sideways; director - Alexander Payne; actor - Don Cheadle; actress - Imelda Staunton.

- Jonathan Ross, Film 2005: Film - Sideways; director - Clint Eastwood; actor - Jamie Foxx; actress - Kate Winslet.
","[{""text"": ""Jamie Graham"", ""label"": ""AUTHOR-WRITER""}, {""text"": ""Alexander Payne"", ""label"": ""ACTOR-DIRECTOR""}, {""text"": ""Jamie Foxx"", ""label"": ""ACTOR-DIRECTOR""}, {""text"": ""Hilary Swank"", ""label"": ""ACTOR-DIRECTOR""}, {""text"": ""Wendy Ide"", ""label"": ""AUTHOR-WRITER""}, {""text"": ""Don Cheadle"", ""label"": ""ACTOR-DIRECTOR""}, {""text"": ""Imelda Staunton"", ""label"": ""ACTOR-DIRECTOR""}, {""text"": ""Jonathan Ross"", ""label"": ""ACTOR-DIRECTOR""}, {""text"": ""Clint Eastwood"", ""label"": ""ACTOR-DIRECTOR""}, {""text"": ""Kate Winslet"", ""label"": ""ACTOR-DIRECTOR""}]"
entertainment_196.txt_242,"At the British Comedy Awards on Wednesday, Gervais was handed a special achievement award for writing.","[{""text"": ""Gervais"", ""label"": ""ACTOR-DIRECTOR""}]"
entertainment_243.txt_213,French-Canadian pop star Roch Voisine was named best Francophone male artist.,"[{""text"": ""Roch Voisine"", ""label"": ""MUSICIAN""}]"
entertainment_308.txt_80,"She is currently starring in A Very Long Engagement, directed by Jean-Pierre Jeunet.","[{""text"": ""Jean-Pierre Jeunet"", ""label"": ""ACTOR-DIRECTOR""}]"
entertainment_308.txt_97,"Jeunet was also responsible for directing Tautou in Amelie in 2001, which launched the actress into the mainstream.","[{""text"": ""Jeunet"", ""label"": ""ACTOR-DIRECTOR""}, {""text"": ""Tautou"", ""label"": ""ACTOR-DIRECTOR""}]"
sport_347.txt_0,Moore questions captaincy,"[{""text"": ""Moore"", ""label"": ""ATHLETE""}]"
sport_347.txt_64,"And former England captain Moore told the BBC: ""Full-backs are too far away from the action.","[{""text"": ""Moore"", ""label"": ""ATHLETE""}]"
entertainment_036.txt_271,"It is directed by Robert Zemeckis, who has previously worked with Hanks on Forrest Gump and Castaway.","[{""text"": ""Robert Zemeckis"", ""label"": ""ACTOR-DIRECTOR""}, {""text"": ""Hanks"", ""label"": ""ACTOR-DIRECTOR""}]"
entertainment_385.txt_233,"Jackson is thought to have secured the most lucrative film directing deal in history to remake King Kong, which is currently in production in Wellington.","[{""text"": ""Jackson"", ""label"": ""ACTOR-DIRECTOR""}, {""text"": ""King Kong"", ""label"": ""PUBLIC-FIGURE""}]"
sport_044.txt_175,"At first, White claimed she took the drug to combat narcolepsy but she now takes full responsibility for her actions.","[{""text"": ""White"", ""label"": ""ATHLETE""}]"
entertainment_117.txt_286,"One of the most successful and respected rap stars of the last eight years, Jay-Z's hits have included Hard Knock Life, Dirt Off Your Shoulder and 03 Bonnie and Clyde with his girlfriend Beyonce Knowles.","[{""text"": ""Jay-Z"", ""label"": ""MUSICIAN""}, {""text"": ""Beyonce Knowles"", ""label"": ""MUSICIAN""}]"
politics_011.txt_292,Mrs Howard has also appeared along side her husband on TV chat shows.,"[{""text"": ""Howard"", ""label"": ""POLITICIAN""}]"
politics_232.txt_0,Probe launched on Ken Nazi jibe,"[{""text"": ""Ken"", ""label"": ""POLITICIAN""}]"
politics_232.txt_192,The Prime Minister Tony Blair is among those who have called for an apology but so far the mayor has refused.,"[{""text"": ""Tony Blair"", ""label"": ""POLITICIAN""}]"
sport_102.txt_0,Gerrard plays down European hopes,"[{""text"": ""Gerrard"", ""label"": ""ATHLETE""}]"
sport_102.txt_110,Gerrard has made no secret of his desire to be involved in Europe's premier club competition.,"[{""text"": ""Gerrard"", ""label"": ""ATHLETE""}]"
business_254.txt_76,"Video games are ""big business"", the paper quoted Mr Chernin as saying.","[{""text"": ""Chernin"", ""label"": ""BUSINESS-EXECUTIVE-MANAGER""}]"
sport_050.txt_116,Their former coach Christos Tzekos has also been charged with distributing banned substances.,"[{""text"": ""Christos Tzekos"", ""label"": ""ATHLETE""}]"
business_501.txt_497,When President Nestor Kirchner of Argentina arrived in power he began to negotiate a solution to the disagreements with international utilities operating in Argentina.,"[{""text"": ""Nestor Kirchner"", ""label"": ""POLITICIAN""}]"
sport_057.txt_741,Athletics fans had every reason to believe they would see the new-look Kelly Holmes tearing up the track again.,"[{""text"": ""Kelly Holmes"", ""label"": ""ATHLETE""}]"
sport_057.txt_846,"""Kelly has to figure out for herself what it is she wants and that will be based on athletics decisions, whether she can be competitive, if she is fit enough to put her neck on the line.","[{""text"": ""Kelly"", ""label"": ""ATHLETE""}]"
politics_036.txt_0,Choose hope over fear - Kennedy,"[{""text"": ""Kennedy"", ""label"": ""POLITICIAN""}]"
entertainment_263.txt_218,"He was also a talented jazz composer, arranger and band leader, playing at the Newport Jazz Festival and Carnegie Hall and recording with noted jazz musicians such as Milt Jackson and David ""Fathead"" Newman.","[{""text"": ""Milt Jackson"", ""label"": ""MUSICIAN""}, {""text"": ""David \""Fathead\"" Newman"", ""label"": ""MUSICIAN""}]"
entertainment_263.txt_597,"""There will never be another musician who did as much to break down the perceived walls of musical genres as much as Ray Charles did,"" he said.","[{""text"": ""Ray Charles"", ""label"": ""MUSICIAN""}]"
politics_169.txt_83,Lib Dem MP Lembit Opik said ministers had invented a new category of hunting - chasing away - and,"[{""text"": ""Lembit Opik"", ""label"": ""POLITICIAN""}]"
politics_169.txt_192,The Middle Way group also said Mr Bradshaw would be put in a position where he would have to buy a rifle to shoot animals that would have previously gone free.,"[{""text"": ""Bradshaw"", ""label"": ""POLITICIAN""}]"
politics_169.txt_456,"""If Mr Bradshaw is setting his dogs to chase wild animals then he is hunting them and that will be a criminal offence.","[{""text"": ""Bradshaw"", ""label"": ""POLITICIAN""}]"
sport_099.txt_122,That game is one Smith would be delighted to see reinstated.,"[{""text"": ""Smith"", ""label"": ""ATHLETE""}]"
politics_130.txt_336,Both the prime minister and Chancellor Gordon Brown have called for urgent action to fight world poverty.,"[{""text"": ""Gordon Brown"", ""label"": ""POLITICIAN""}]"
politics_130.txt_354,"Mr Blair, who has described Africa as a ""scar"" on the world's conscience, has already said tackling world poverty would be one his G8 priorities along with climate change and the Aids epidemic.","[{""text"": ""Blair"", ""label"": ""POLITICIAN""}]"
politics_086.txt_423,Former Superman actor the late Christopher Reeve was an advocate for the research after he was paralysed in a horse riding accident.,"[{""text"": ""Superman"", ""label"": ""PUBLIC-FIGURE""}, {""text"": ""Christopher Reeve"", ""label"": ""ACTOR-DIRECTOR""}]"
politics_181.txt_376,"Shadow spokesman for sport Hugh Robertson said: ""I suspect the correct way to tackle it is to look at the other end of the spectrum and try to enable the clubs - which is where the real passion for sport exists - to deliver the school sport offer.""","[{""text"": ""Hugh Robertson"", ""label"": ""POLITICIAN""}]"
politics_099.txt_90,Mr Brown is currently touring Africa after a week of facing questions about reports of his splits with Downing Street.,"[{""text"": ""Brown"", ""label"": ""POLITICIAN""}]"
sport_263.txt_0,McLeish ready for criticism,"[{""text"": ""McLeish"", ""label"": ""ATHLETE""}]"
sport_142.txt_0,"Owen determined to stay in Madrid

England forward Michael Owen has told the BBC he is happy in Spain and has no plans to quit Real Madrid to return to the Premiership in the near future.

","[{""text"": ""Owen"", ""label"": ""ATHLETE""}, {""text"": ""Michael Owen"", ""label"": ""ATHLETE""}]"
sport_100.txt_4,"

Ahmed 'Mido' Hossam has made another apology to the Egyptian people in an attempt to rejoin the national team.","[{""text"": ""Ahmed 'Mido' Hossam"", ""label"": ""ATHLETE""}]"
entertainment_225.txt_0,"Stallone evicted from Big Brother

Jackie Stallone, mother of actor Sylvester, has become the first star to be evicted from Celebrity Big Brother.","[{""text"": ""Stallone"", ""label"": ""PUBLIC-FIGURE""}, {""text"": ""Jackie Stallone"", ""label"": ""PUBLIC-FIGURE""}, {""text"": ""Sylvester"", ""label"": ""ACTOR-DIRECTOR""}]"
entertainment_225.txt_303,"Feminist icon Germaine Greer quit the show earlier in the week over what she called ""bullying"" tactics used by the programme's producers.","[{""text"": ""Germaine Greer"", ""label"": ""AUTHOR-WRITER""}]"
politics_192.txt_272,"Azmat Begg, father of Moazzam, thanked his lawyers and the British people for the support he had received while campaigning for his son's release.","[{""text"": ""Azmat Begg"", ""label"": ""PUBLIC-FIGURE""}, {""text"": ""Moazzam"", ""label"": ""PUBLIC-FIGURE""}]"
politics_192.txt_623,"The US has also announced that 48-year-old Australian Mamdouh Habib, previously accused of terrorist offences, will be released without charge from Camp Delta.","[{""text"": ""Mamdouh Habib"", ""label"": ""PUBLIC-FIGURE""}]"
business_196.txt_49,Mr Ebbers is on trial for fraud and conspiracy in relation to WorldCom's collapse in 2002.,"[{""text"": ""Ebbers"", ""label"": ""BUSINESS-EXECUTIVE-MANAGER""}]"
politics_286.txt_24,"John Houston, 54, was due to stand in the East Kilbride seat in Lanarkshire at the next election.","[{""text"": ""John Houston"", ""label"": ""POLITICIAN""}]"
politics_286.txt_109,"Mr Houston is alleged to have said that the organs of the criminally insane should be ""made available to law-abiding members of the community"" and proposed the legalisation of drugs and the sex trade.","[{""text"": ""Houston"", ""label"": ""POLITICIAN""}]"
entertainment_281.txt_0,Church urges Nelly show boycott,"[{""text"": ""Nelly"", ""label"": ""MUSICIAN""}]"
entertainment_042.txt_171,"U-Carmen eKhayelitsha (Carmen in Khayelitsha), which is one of 21 films up for Berlin's top prize, the Golden Bear, is British director Mark Dornford-May's first feature film.","[{""text"": ""Mark Dornford-May"", ""label"": ""ACTOR-DIRECTOR""}]"
entertainment_316.txt_0,Johnny Depp:,"[{""text"": ""Johnny Depp"", ""label"": ""ACTOR-DIRECTOR""}]"
entertainment_316.txt_256,"Another role under Burton, Ed Wood, starred Depp as the crazed cult film-maker Wood, in 1994.","[{""text"": ""Burton"", ""label"": ""ACTOR-DIRECTOR""}, {""text"": ""Ed Wood"", ""label"": ""ACTOR-DIRECTOR""}, {""text"": ""Depp"", ""label"": ""ACTOR-DIRECTOR""}, {""text"": ""Wood"", ""label"": ""ACTOR-DIRECTOR""}]"
entertainment_319.txt_227,Mr Fuller was the creative drive behind Pop Idol and its US offspring American Idol.,"[{""text"": ""Fuller"", ""label"": ""BUSINESS-EXECUTIVE-MANAGER""}]"
entertainment_319.txt_372,"Presley's daughter Lisa Marie retains possession of Graceland and many of her father's ""personal effects"".","[{""text"": ""Presley"", ""label"": ""MUSICIAN""}, {""text"": ""Lisa Marie"", ""label"": ""PUBLIC-FIGURE""}]"
politics_329.txt_103,"The strategist helped Australia's PM, John Howard, win four elections.","[{""text"": ""John Howard"", ""label"": ""POLITICIAN""}]"
entertainment_114.txt_0,Pete Doherty misses bail deadline,"[{""text"": ""Pete Doherty"", ""label"": ""MUSICIAN""}]"
entertainment_114.txt_90,"Musician Alan Wass, 23, also of north London, appeared in court accused of the same offences.","[{""text"": ""Alan Wass"", ""label"": ""MUSICIAN""}]"
entertainment_114.txt_207,"The singer, who has been linked to supermodel Kate Moss, was arrested after police were called to the Islington hotel in response to claims that a man had been assaulted.","[{""text"": ""Kate Moss"", ""label"": ""PUBLIC-FIGURE""}]"
politics_276.txt_0,Donor attacks Blair-Brown 'feud',"[{""text"": ""Blair"", ""label"": ""POLITICIAN""}]"
entertainment_236.txt_324,"Singer Alex Kapranos was studying English at university but had friends at art school, and the line-up was completed when guitarist Nick McCarthy moved from Munich, Germany, to the city.","[{""text"": ""Alex Kapranos"", ""label"": ""MUSICIAN""}, {""text"": ""Nick McCarthy"", ""label"": ""MUSICIAN""}]"
entertainment_185.txt_0,Oscar host Rock to keep it clean,"[{""text"": ""Rock"", ""label"": ""ACTOR-DIRECTOR""}]"
entertainment_185.txt_185,"The show's producers defended Rock and confirmed that he would still be presenting the Oscar ceremony, saying his comments were ""humorous digs"".","[{""text"": ""Rock"", ""label"": ""ACTOR-DIRECTOR""}]"
sport_058.txt_362,"The Northern Ireland athlete went off at a startling pace but had to hold off the challenge of Welshman Jimmy Watkins over the final 200m to win in one minute, 47.96 seconds.","[{""text"": ""Jimmy Watkins"", ""label"": ""ATHLETE""}]"
entertainment_110.txt_0,"Rap boss arrested over drug find

Rap mogul Marion ""Suge"" Knight has been arrested for violating his parole after he was allegedly found with marijuana.

","[{""text"": ""Marion \""Suge\"" Knight"", ""label"": ""BUSINESS-EXECUTIVE-MANAGER""}]"
entertainment_110.txt_68,"Mr Knight, founder of Death Row Records, served a 10-month jail term in 2004 for punching a man while on parole for an assault conviction.","[{""text"": ""Knight"", ""label"": ""BUSINESS-EXECUTIVE-MANAGER""}]"
entertainment_110.txt_186,"Mr Knight, 39, was jailed in October 1996 following his involvement in a fight with a rival gang just hours before rapper Tupac Shakur was killed in a Las Vegas drive-by shooting.","[{""text"": ""Knight"", ""label"": ""BUSINESS-EXECUTIVE-MANAGER""}, {""text"": ""Tupac Shakur"", ""label"": ""MUSICIAN""}]"
entertainment_110.txt_223,He was driving Shakur's car at the time and was shot in the head.,"[{""text"": ""Shakur"", ""label"": ""MUSICIAN""}]"
entertainment_370.txt_142,Moreno is also nominated for best actress at the Oscars.,"[{""text"": ""Moreno"", ""label"": ""ACTOR-DIRECTOR""}]"
entertainment_370.txt_219,Actor Rodrigo de la Serna took the best debut performance prize for The Motorcycle Diaries.,"[{""text"": ""Rodrigo de la Serna"", ""label"": ""ACTOR-DIRECTOR""}]"
entertainment_370.txt_265,"Last year's big winner, Lost In Translation, went on to win the Oscar for best original screenplay, for writer-director Sofia Coppola.","[{""text"": ""Sofia Coppola"", ""label"": ""ACTOR-DIRECTOR""}]"
politics_293.txt_1060,Many people believe you Kilroy.,"[{""text"": ""Kilroy"", ""label"": ""POLITICIAN""}]"
politics_293.txt_1795,"Kilroy is an able communicator and a capable politician, in exactly the way those who lead UKIP are not.","[{""text"": ""Kilroy"", ""label"": ""POLITICIAN""}]"
politics_293.txt_2003,Kilroy-Silk was made an MEP because of his position on the UKIP's party list.,"[{""text"": ""Kilroy-Silk"", ""label"": ""POLITICIAN""}]"
entertainment_035.txt_119,"Director Martin Scorsese's The Aviator, starring Leonardo DiCaprio went on general release on Christmas Day in the US, ensuring it just made the deadline.","[{""text"": ""Martin Scorsese"", ""label"": ""ACTOR-DIRECTOR""}, {""text"": ""Leonardo DiCaprio"", ""label"": ""ACTOR-DIRECTOR""}]"
entertainment_035.txt_219,"Meanwhile, design engineer Takuo Miyagishima will be awarded an Oscar at the Scientific and Technical Awards Dinner on 12 February 2005.","[{""text"": ""Takuo Miyagishima"", ""label"": ""PUBLIC-FIGURE""}]"
entertainment_093.txt_0,"Godzilla gets Hollywood fame star

Movie monster Godzilla has received a star on Hollywood's Walk of Fame, honouring both his 50th birthday and the launch of his 28th film.","[{""text"": ""Godzilla"", ""label"": ""PUBLIC-FIGURE""}]"
entertainment_093.txt_57,"""Godzilla should thank you for this historical and monumental star,"" said Final Wars producer Shogo Tomiyama.","[{""text"": ""Godzilla"", ""label"": ""PUBLIC-FIGURE""}, {""text"": ""Shogo Tomiyama"", ""label"": ""BUSINESS-EXECUTIVE-MANAGER""}]"
entertainment_093.txt_91,"Hollywood's honorary mayor, Johnny Grant, said: ""I do hereby proclaim this Godzilla Day in Hollywood.","[{""text"": ""Johnny Grant"", ""label"": ""POLITICIAN""}]"
entertainment_093.txt_223,"So, I think Godzilla just deserves a vacation.""","[{""text"": ""Godzilla"", ""label"": ""PUBLIC-FIGURE""}]"
entertainment_093.txt_234,"And producer Shogo Tomiyama added: ""So long as Godzilla can fascinate people, I believe he will be resurrected by new generations of filmmakers in the future.""","[{""text"": ""Shogo Tomiyama"", ""label"": ""BUSINESS-EXECUTIVE-MANAGER""}, {""text"": ""Godzilla"", ""label"": ""PUBLIC-FIGURE""}]"
business_221.txt_235,Lord Browne pointed out that BP was reaping the benefits of its investment in oil exploration.,"[{""text"": ""Browne"", ""label"": ""BUSINESS-EXECUTIVE-MANAGER""}]"
entertainment_033.txt_35,"Gone are the warm, bright colours found in the two earlier films, Alfonso Cuaron brings in a bleak and cold feel that is simply gorgeous - and looks even better here than in the cinema.","[{""text"": ""Alfonso Cuaron"", ""label"": ""ACTOR-DIRECTOR""}]"
entertainment_343.txt_26,Star Christina Applegate had to pull out of pre-Broadway performances earlier this month with a broken foot.,"[{""text"": ""Christina Applegate"", ""label"": ""ACTOR-DIRECTOR""}]"
entertainment_192.txt_0,"Springer criticises Opera musical

Talk show host Jerry Springer, whose programme inspired the controversial opera shown by the BBC, has said he would not have written it himself.","[{""text"": ""Springer"", ""label"": ""ACTOR-DIRECTOR""}, {""text"": ""Jerry Springer"", ""label"": ""ACTOR-DIRECTOR""}]"
entertainment_183.txt_157,"""Captain Archer and the crew of the NX-01 need your help to continue their journeys!"" the advert said.","[{""text"": ""Archer"", ""label"": ""PUBLIC-FIGURE""}]"
entertainment_367.txt_94,"This echoed the views of Oscars host and comedian Chris Rock, who whipped up a media storm for saying he rarely watched them, calling award shows ""idiotic"".","[{""text"": ""Chris Rock"", ""label"": ""ACTOR-DIRECTOR""}]"
entertainment_367.txt_619,"""Eastwood has it in the bag,"" added Mr Strauss.","[{""text"": ""Eastwood"", ""label"": ""ACTOR-DIRECTOR""}, {""text"": ""Strauss"", ""label"": ""AUTHOR-WRITER""}]"
entertainment_224.txt_217,"Other film stars to have appeared in Scrubs include Heather Graham, while Friends actor Matthew Perry has guest-starred and directed an episode of the show.","[{""text"": ""Heather Graham"", ""label"": ""ACTOR-DIRECTOR""}, {""text"": ""Matthew Perry"", ""label"": ""ACTOR-DIRECTOR""}]"
entertainment_224.txt_246,"Its leading star, Zach Braff, has recently been seen on the big screen in Garden State, which he also directed.","[{""text"": ""Zach Braff"", ""label"": ""ACTOR-DIRECTOR""}]"
tech_364.txt_560,Curry's Daily Source Code - which he committed to doing daily to inspire the community - has 10s of thousands of listeners.,"[{""text"": ""Curry"", ""label"": ""PUBLIC-FIGURE""}]"
politics_087.txt_208,"In a speech in London on Monday, Mr Howard said: ""It's not racist, as some people to claim, to talk about controlling immigration far from it.""","[{""text"": ""Howard"", ""label"": ""POLITICIAN""}]"
politics_087.txt_592,"Refugee Council Chief Executive Maeve Sherlock called the plans ""dangerous, ill thought-out and hugely irresponsible"".","[{""text"": ""Maeve Sherlock"", ""label"": ""BUSINESS-EXECUTIVE-MANAGER""}]"
politics_087.txt_656,He did not think Mr Howard intended to centre the debate about race.,"[{""text"": ""Howard"", ""label"": ""POLITICIAN""}]"
tech_101.txt_0,Bush website blocked outside US,"[{""text"": ""Bush"", ""label"": ""POLITICIAN""}]"
tech_101.txt_5,"

Surfers outside the US have been unable to visit the official re-election site of President George W Bush.","[{""text"": ""George W Bush"", ""label"": ""POLITICIAN""}]"
politics_098.txt_59,Deputy Health Minister Rhona Brankin has pledged to study the research.,"[{""text"": ""Rhona Brankin"", ""label"": ""POLITICIAN""}]"
entertainment_057.txt_61,Van Gogh was shot and stabbed to death in Amsterdam six weeks ago.,"[{""text"": ""Van Gogh"", ""label"": ""PUBLIC-FIGURE""}]"
entertainment_057.txt_89,"The killing, and Fortuyn's death in 2002, convulsed the Netherlands.","[{""text"": ""Fortuyn"", ""label"": ""POLITICIAN""}]"
entertainment_057.txt_257,Photographer Jim de Booy then goes on the run from secret service agents who burgle his home and threaten his family.,"[{""text"": ""Jim de Booy"", ""label"": ""PUBLIC-FIGURE""}]"
sport_386.txt_170,"""The Lions is a massive media event,"" said Woodward, who will be the head coach.","[{""text"": ""Woodward"", ""label"": ""ATHLETE""}]"
business_471.txt_129,President Kumaratunga attended a ceremony in the southern town of Hambantota.,"[{""text"": ""Kumaratunga"", ""label"": ""POLITICIAN""}]"
business_471.txt_186,"Mrs Kumaratunga called for the tragedy to be ""the start of a new beginning to rebuild our nation"".","[{""text"": ""Kumaratunga"", ""label"": ""POLITICIAN""}]"
entertainment_386.txt_34,"Joss Whedon described the DC Comics character as ""the most iconic female heroine of our time"".","[{""text"": ""Joss Whedon"", ""label"": ""ACTOR-DIRECTOR""}]"
politics_227.txt_0,Clarke faces ID cards rebellion,"[{""text"": ""Clarke"", ""label"": ""POLITICIAN""}]"
entertainment_300.txt_36,"Directed by Bollywood veteran Subhash Ghai, the film is set in the British Raj and Bernath plays an army general's daughter who falls in love with a rural boy, Kisna.","[{""text"": ""Subhash Ghai"", ""label"": ""ACTOR-DIRECTOR""}, {""text"": ""Bernath"", ""label"": ""ACTOR-DIRECTOR""}, {""text"": ""Kisna"", ""label"": ""PUBLIC-FIGURE""}]"
entertainment_300.txt_478,"Actor and Producer Aamir Khan's forthcoming venture The Rising is set against the backdrop of the Indian mutiny of 1857, with British actor Toby Stephens in a key role.","[{""text"": ""Aamir Khan"", ""label"": ""ACTOR-DIRECTOR""}, {""text"": ""Toby Stephens"", ""label"": ""ACTOR-DIRECTOR""}]"
business_353.txt_734,"The EU's Humanitarian Aid Commissioner, Louis Michel, was quoted as saying that it was key to bring aid ""in those vital hours and days immediately after the disaster"".","[{""text"": ""Louis Michel"", ""label"": ""POLITICIAN""}]"
politics_057.txt_18,"Great Ormond Street Hospital professor of child health, Al Aynsley-Green, was chosen by the government and will start the £100,000-a-year job immediately.","[{""text"": ""Al Aynsley-Green"", ""label"": ""PUBLIC-FIGURE""}]"
politics_057.txt_81,Prof Aynsley-Green has also been the national clinical director for children in the Department of Health.,"[{""text"": ""Aynsley-Green"", ""label"": ""PUBLIC-FIGURE""}]"
sport_231.txt_0,Mourinho to escape FA charge,"[{""text"": ""Mourinho"", ""label"": ""ATHLETE""}]"
sport_231.txt_284,Referees chief Keith Hackett believes Mourinho should retract his comments about Ferguson and Barry as he believes the Blues boss has questioned their integrity.,"[{""text"": ""Keith Hackett"", ""label"": ""PUBLIC-FIGURE""}, {""text"": ""Mourinho"", ""label"": ""ATHLETE""}, {""text"": ""Ferguson"", ""label"": ""ATHLETE""}, {""text"": ""Barry"", ""label"": ""ATHLETE""}]"
sport_231.txt_404,"Mr Mourinho should look at the facts.""","[{""text"": ""Mourinho"", ""label"": ""ATHLETE""}]"
business_213.txt_90,"Mr Brown introduced Dr Greenspan to the 400 invited guests as the ""the world's greatest economist"".","[{""text"": ""Brown"", ""label"": ""POLITICIAN""}, {""text"": ""Greenspan"", ""label"": ""PUBLIC-FIGURE""}]"
business_213.txt_445,Dr Greenspan - who became chairman of the Federal Reserve for an unprecedented fifth term in June 2004 - will step down in January next year.,"[{""text"": ""Greenspan"", ""label"": ""PUBLIC-FIGURE""}]"
entertainment_331.txt_55,"Directed by Andrey Zvyagintsev, The Return previously won the 2003 Golden Lion award at the Venice Film Festival.","[{""text"": ""Andrey Zvyagintsev"", ""label"": ""ACTOR-DIRECTOR""}]"
entertainment_315.txt_0,Hoffman hits out over modern film,"[{""text"": ""Hoffman"", ""label"": ""ACTOR-DIRECTOR""}]"
politics_247.txt_0,Kennedy to make temple address,"[{""text"": ""Kennedy"", ""label"": ""POLITICIAN""}]"
politics_247.txt_115,"Mr Kennedy is to tell the audience: ""Many people in Britain, of all races, cultures and religions, were angry about the way we were taken to war in Iraq.","[{""text"": ""Kennedy"", ""label"": ""POLITICIAN""}]"
sport_200.txt_0,Ferguson urges Henry punishment,"[{""text"": ""Ferguson"", ""label"": ""ATHLETE""}, {""text"": ""Henry"", ""label"": ""ATHLETE""}]"
business_243.txt_70,"This week, we're hearing from Marianne Petersen, who is planning to convert a barn in Sweden into a base for her freelance writing work.","[{""text"": ""Marianne Petersen"", ""label"": ""AUTHOR-WRITER""}]"
politics_371.txt_126,Mr Howard - himself the son of immigrants - will acknowledge that racial discrimination still exists in the UK.,"[{""text"": ""Howard"", ""label"": ""POLITICIAN""}]"
politics_301.txt_0,Taxes must be trusted - Kennedy,"[{""text"": ""Kennedy"", ""label"": ""POLITICIAN""}]"
politics_213.txt_232,"Mr Kennedy also said students want action on the environment and see the Iraq war, which his party opposed, as a defining issue.","[{""text"": ""Kennedy"", ""label"": ""POLITICIAN""}]"
entertainment_288.txt_0,Rapper 50 Cent ends protege feud,"[{""text"": ""50 Cent"", ""label"": ""MUSICIAN""}]"
entertainment_288.txt_60,A member of The Game's entourage was reportedly shot outside a radio station where 50 Cent was being interviewed.,"[{""text"": ""The Game"", ""label"": ""MUSICIAN""}, {""text"": ""50 Cent"", ""label"": ""MUSICIAN""}]"
entertainment_288.txt_251,"The Boys Choir of Harlem got a cheque for $150,000 (£77,800) from 50 Cent, while The Game handed over $103,500 (£53,400).","[{""text"": ""50 Cent"", ""label"": ""MUSICIAN""}, {""text"": ""The Game"", ""label"": ""MUSICIAN""}]"
entertainment_288.txt_295,"50 Cent announced he has launched the G-Unity Foundation ""to help people overcome obstacles and make a chance for the better in their lives"".","[{""text"": ""50 Cent"", ""label"": ""MUSICIAN""}]"
entertainment_092.txt_0,Actor Foxx sees Globe nominations,"[{""text"": ""Foxx"", ""label"": ""ACTOR-DIRECTOR""}]"
entertainment_009.txt_164,"""Dan Brown is the best writer I've come across in the genre, but anyone who knows anything about 1st century history will see that this underlying material is laughable.""","[{""text"": ""Dan Brown"", ""label"": ""AUTHOR-WRITER""}]"
entertainment_181.txt_0,Chris Evans back on the market,"[{""text"": ""Chris Evans"", ""label"": ""ACTOR-DIRECTOR""}]"
entertainment_181.txt_6,"

Broadcaster Chris Evans has begun selling thousands of his possessions from a stall in Camden Market, London.","[{""text"": ""Chris Evans"", ""label"": ""ACTOR-DIRECTOR""}]"
politics_035.txt_52,Mr Blair is an enthusiastic proponent of talks to bring Turkey within the recently-expanded EU.,"[{""text"": ""Blair"", ""label"": ""POLITICIAN""}]"
entertainment_269.txt_6,"

Singer George Michael has said that a new film about his life is the start of a retirement from public view.","[{""text"": ""George Michael"", ""label"": ""MUSICIAN""}]"
politics_020.txt_84,Sir Mike Tomlinson himself was briefed only this week.,"[{""text"": ""Mike Tomlinson"", ""label"": ""PUBLIC-FIGURE""}]"
entertainment_156.txt_240,Newcomer Ciara's four nominations include best female R&B-soul album and best R&B-soul or rap by a new artist.,"[{""text"": ""Ciara"", ""label"": ""MUSICIAN""}]"
entertainment_101.txt_335,"Morgan Spurlock earned the directing award for Super Size Me, which became an international box office hit.","[{""text"": ""Morgan Spurlock"", ""label"": ""ACTOR-DIRECTOR""}]"
sport_098.txt_112,Ronaldo refused to commit his long-term future to the club.,"[{""text"": ""Ronaldo"", ""label"": ""ATHLETE""}]"
sport_031.txt_0,Sprinter Walker quits athletics,"[{""text"": ""Walker"", ""label"": ""ATHLETE""}]"
politics_361.txt_335,"Shadow Treasury chief secretary George Osborne said: ""Everyone who looks at the British economy at the moment says there has been a sharp deterioration in the public finances, that there is a black hole,"" he said.","[{""text"": ""George Osborne"", ""label"": ""POLITICIAN""}]"
entertainment_354.txt_273,Rooting for Staunton in the best actress category,"[{""text"": ""Staunton"", ""label"": ""ACTOR-DIRECTOR""}]"
entertainment_354.txt_281,"was Cate Blanchett, herself nominated for her supporting role as Hollywood icon Katherine Hepburn in The Aviator","[{""text"": ""Cate Blanchett"", ""label"": ""ACTOR-DIRECTOR""}, {""text"": ""Katherine Hepburn"", ""label"": ""ACTOR-DIRECTOR""}]"
entertainment_354.txt_500,"Keanu Reeves, who presented the best actress award, said being on the red carpet was an ""exciting"" part of his job.","[{""text"": ""Keanu Reeves"", ""label"": ""ACTOR-DIRECTOR""}]"
entertainment_020.txt_95,Joshua Reynolds: The Creation of Celebrity,"[{""text"": ""Joshua Reynolds"", ""label"": ""PUBLIC-FIGURE""}]"
sport_164.txt_103,Ronald Koeman quit as Ajax boss last week after their exit from the Uefa Cup.,"[{""text"": ""Ronald Koeman"", ""label"": ""ATHLETE""}]"
entertainment_369.txt_55,"Arnold's gritty drama Wasp is about a single mother living on the breadline, while Kumar's Little Terrorist follows a young Pakistani Muslim boy, who gets stuck on the wrong side of the heavily armed Indian border.","[{""text"": ""Arnold"", ""label"": ""ACTOR-DIRECTOR""}, {""text"": ""Kumar"", ""label"": ""ACTOR-DIRECTOR""}]"
entertainment_369.txt_278,"Since she presented children's TV shows Number 73 and Motormouth in the 1980s, Arnold has kept a low profile and is having trouble adapting to this sudden onslaught of attention.","[{""text"": ""Arnold"", ""label"": ""ACTOR-DIRECTOR""}]"
entertainment_067.txt_38,"L'Esquive earned a Cesar prize for its director, Tunisian-born Abdellatif Kechiche, and its young star, the 18-year-old actress Sara Forestier.","[{""text"": ""Abdellatif Kechiche"", ""label"": ""ACTOR-DIRECTOR""}, {""text"": ""Sara Forestier"", ""label"": ""ACTOR-DIRECTOR""}]"
entertainment_248.txt_397,"

But the artists - Beenie Man, Sizzla, Elephant Man, Buju Banton, Bounty Killer, TOK, Capleton and Vybz Kartel - will not have to apologise for past songs or comments.","[{""text"": ""Beenie Man"", ""label"": ""MUSICIAN""}, {""text"": ""Sizzla"", ""label"": ""MUSICIAN""}, {""text"": ""Elephant Man"", ""label"": ""MUSICIAN""}, {""text"": ""Buju Banton"", ""label"": ""MUSICIAN""}, {""text"": ""Bounty Killer"", ""label"": ""MUSICIAN""}, {""text"": ""TOK"", ""label"": ""MUSICIAN""}, {""text"": ""Capleton"", ""label"": ""MUSICIAN""}, {""text"": ""Vybz Kartel"", ""label"": ""MUSICIAN""}]"
entertainment_355.txt_554,"Mike Leigh is up for the best director award for Vera Drake, alongside Martin Scorsese for The Aviator, Michael Mann for Collateral, Michel Gondry for Eternal Sunshine of the Spotless Mind and Marc Forster for Finding Neverland.","[{""text"": ""Mike Leigh"", ""label"": ""ACTOR-DIRECTOR""}, {""text"": ""Vera Drake"", ""label"": ""PUBLIC-FIGURE""}, {""text"": ""Martin Scorsese"", ""label"": ""ACTOR-DIRECTOR""}, {""text"": ""Michael Mann"", ""label"": ""ACTOR-DIRECTOR""}, {""text"": ""Michel Gondry"", ""label"": ""ACTOR-DIRECTOR""}, {""text"": ""Marc Forster"", ""label"": ""ACTOR-DIRECTOR""}]"
politics_244.txt_26,"

Ms Kelly, who is Catholic, is reported to be ""pro-life"" and has opposed embryo research.","[{""text"": ""Kelly"", ""label"": ""POLITICIAN""}]"
politics_244.txt_49,Medical Research Council Professor Nancy Rothwell said Ms Kelly's views mattered as she was responsible for training future scientists.,"[{""text"": ""Nancy Rothwell"", ""label"": ""PUBLIC-FIGURE""}, {""text"": ""Kelly"", ""label"": ""POLITICIAN""}]"
politics_244.txt_333,"He said: ""If someone as senior as Ruth Kelly is not going to favour stem cell research we will end up with a similarly schizophrenic system in this country.","[{""text"": ""Ruth Kelly"", ""label"": ""POLITICIAN""}]"
entertainment_358.txt_31,The star of film and TV hits Day of the Jackal and Edward and Mrs Simpson has joined forces with Swansea-born actor-director Terry Palmer.,"[{""text"": ""Edward"", ""label"": ""PUBLIC-FIGURE""}, {""text"": ""Mrs Simpson"", ""label"": ""PUBLIC-FIGURE""}, {""text"": ""Terry Palmer"", ""label"": ""ACTOR-DIRECTOR""}]"
entertainment_328.txt_119,The Aviator is also widely tipped to win the best director prize for Martin Scorsese.,"[{""text"": ""Martin Scorsese"", ""label"": ""ACTOR-DIRECTOR""}]"
entertainment_328.txt_253,X Factor judge Sharon Osbourne will present Sky television's live coverage of the event.,"[{""text"": ""Sharon Osbourne"", ""label"": ""ACTOR-DIRECTOR""}]"
politics_316.txt_183,"During his interview with the Jewish Chronicle, Mr Blair said: ""I've been a very strong supporter of the Jewish community and Israel, and will always be so.""","[{""text"": ""Blair"", ""label"": ""POLITICIAN""}]"
politics_316.txt_380,"Mr Blair repeated calls for the mayor to apologise for likening the reporter, Oliver Finegold, to a concentration camp guard.","[{""text"": ""Blair"", ""label"": ""POLITICIAN""}, {""text"": ""Oliver Finegold"", ""label"": ""AUTHOR-WRITER""}]"
business_114.txt_62,Mr Ebbers is on trial for fraud and conspiracy in relation to WorldCom's collapse in 2002.,"[{""text"": ""Ebbers"", ""label"": ""BUSINESS-EXECUTIVE-MANAGER""}]"
business_114.txt_266,The trial of Mr Ebbers is now into its third week.,"[{""text"": ""Ebbers"", ""label"": ""BUSINESS-EXECUTIVE-MANAGER""}]"
entertainment_111.txt_0,Elton plays Paris charity concert,"[{""text"": ""Elton"", ""label"": ""MUSICIAN""}]"
entertainment_111.txt_229,Sir Elton has also teamed up with Phil Collins to record a version of Eric Clapton's 1991 hit Tears In Heaven to raise money for the relief fund.,"[{""text"": ""Elton"", ""label"": ""MUSICIAN""}, {""text"": ""Phil Collins"", ""label"": ""MUSICIAN""}, {""text"": ""Eric Clapton"", ""label"": ""MUSICIAN""}]"
sport_159.txt_0,Mourinho defiant on Chelsea form,"[{""text"": ""Mourinho"", ""label"": ""ATHLETE""}]"
sport_159.txt_268,"Asked if his Chelsea honeymoon was now over, Mourinho replied: ""I have had 20 years of honeymoons with my wife.","[{""text"": ""Mourinho"", ""label"": ""ATHLETE""}]"
business_099.txt_471,"""As gas prices continue their upward march, fuel efficiency catches the public eye,"" Jim Press, vice president and chief operating officer of Toyota's US sales arm, said in a statement.","[{""text"": ""Jim Press"", ""label"": ""BUSINESS-EXECUTIVE-MANAGER""}]"
entertainment_070.txt_99,Former Playschool presenter Floella Benjamin was awarded the Special Award for outstanding creative contribution to children's film and television.,"[{""text"": ""Floella Benjamin"", ""label"": ""ACTOR-DIRECTOR""}]"
entertainment_070.txt_140,South American-themed cartoon Joko! Jakamoko! Toto! won the honour for pre-school animation and its writer Tony Collingwood for original writer.,"[{""text"": ""Tony Collingwood"", ""label"": ""AUTHOR-WRITER""}]"
entertainment_070.txt_168,"Debbie Isitt won the award for best adapted writer for her work with Jacqueline Wilson's The Illustrated Mum, which won the award for best schools drama.","[{""text"": ""Debbie Isitt"", ""label"": ""AUTHOR-WRITER""}, {""text"": ""Jacqueline Wilson"", ""label"": ""AUTHOR-WRITER""}]"
politics_171.txt_86,Shadow home secretary David Davis said five million children were being denied adequate sporting opportunities.,"[{""text"": ""David Davis"", ""label"": ""POLITICIAN""}]"
politics_294.txt_303,Deputy Prime Minister John Prescott held a private meeting with senior union figures on Thursday night.,"[{""text"": ""John Prescott"", ""label"": ""POLITICIAN""}]"
politics_323.txt_91,"He, like Mr Kennedy, pointed to the hundreds of thousands of people who demonstrated against plans for the Iraq war.","[{""text"": ""Kennedy"", ""label"": ""POLITICIAN""}]"
politics_416.txt_50,"Others targeted include Oliver Letwin, David Davis and Theresa May, Lib Dem's elections chief Lord Rennard said.","[{""text"": ""Oliver Letwin"", ""label"": ""POLITICIAN""}, {""text"": ""David Davis"", ""label"": ""POLITICIAN""}, {""text"": ""Theresa May"", ""label"": ""POLITICIAN""}, {""text"": ""Lord Rennard"", ""label"": ""POLITICIAN""}]"
entertainment_180.txt_0,McCririck out of Big Brother show,"[{""text"": ""McCririck"", ""label"": ""PUBLIC-FIGURE""}]"
entertainment_180.txt_6,"

Racing pundit John McCririck has become the latest contestant to be evicted from Celebrity Big Brother.","[{""text"": ""John McCririck"", ""label"": ""PUBLIC-FIGURE""}]"
politics_125.txt_22,"John Houston, 54, was due to stand in the East Kilbride seat in Lanarkshire at the next election.","[{""text"": ""John Houston"", ""label"": ""POLITICIAN""}]"
politics_125.txt_107,"Mr Houston is alleged to have said that the organs of the criminally insane should be ""made available to law-abiding members of the community"" and proposed the legalisation of drugs and the sex trade.","[{""text"": ""Houston"", ""label"": ""POLITICIAN""}]"
politics_210.txt_383,"Piers Freelove is senior benefit officer on the picket line at Companies House, in Cardiff.","[{""text"": ""Piers Freelove"", ""label"": ""PUBLIC-FIGURE""}]"
sport_239.txt_0,"Beckham relief as Real go through

David Beckham expressed his relief at Real Madrid's passage to the Champions League knockout phase.","[{""text"": ""Beckham"", ""label"": ""ATHLETE""}, {""text"": ""David Beckham"", ""label"": ""ATHLETE""}]"
entertainment_274.txt_0,TV presenter Deeley drops CD:UK,"[{""text"": ""Deeley"", ""label"": ""ACTOR-DIRECTOR""}]"
politics_122.txt_58,Leader Michael Howard said the checks on new arrivals would help protect public health and the NHS.,"[{""text"": ""Michael Howard"", ""label"": ""POLITICIAN""}]"
politics_122.txt_515,"Immigration minister Des Browne quoted its five-year plan for immigration and asylum, as saying: ""We are implementing our existing powers by targeted health screening for TB in high-risk areas at the entry clearance stage.","[{""text"": ""Des Browne"", ""label"": ""POLITICIAN""}]"
politics_378.txt_0,Blair defends terror law changes,"[{""text"": ""Blair"", ""label"": ""POLITICIAN""}]"
tech_202.txt_544,"As such there was nothing to stop Mr Underwood letting people hunt ""unregulated"" imported animals and wild pigs.","[{""text"": ""Underwood"", ""label"": ""PUBLIC-FIGURE""}]"
tech_202.txt_565,Mr Underwood also lets people come in person to the ranch to hunt and shoot game animals.,"[{""text"": ""Underwood"", ""label"": ""PUBLIC-FIGURE""}]"
sport_040.txt_0,Radcliffe tackles marathon tasks,"[{""text"": ""Radcliffe"", ""label"": ""ATHLETE""}]"
sport_040.txt_850,"And Yelling says: ""I think this will probably make Paula.""","[{""text"": ""Yelling"", ""label"": ""PUBLIC-FIGURE""}, {""text"": ""Paula"", ""label"": ""ATHLETE""}]"
politics_155.txt_7,"

Hiding women away in the home hidden behind veils is a backward view of Islam, President Musharraf of Pakistan has said during a visit to Britain.","[{""text"": ""Musharraf"", ""label"": ""POLITICIAN""}]"
politics_155.txt_64,"She is very religious but she is very moderate,"" said General Musharraf.","[{""text"": ""Musharraf"", ""label"": ""POLITICIAN""}]"
politics_155.txt_115,"Gen Musharraf told the BBC: ""Some people think that the women should be confined to their houses and put veils on and all that and they should not move out - absolutely wrong.""","[{""text"": ""Musharraf"", ""label"": ""POLITICIAN""}]"
politics_155.txt_263,"On Monday the Pakistani president met Prime Minister Tony Blair at 10 Downing Street, on his first official visit to London.","[{""text"": ""Tony Blair"", ""label"": ""POLITICIAN""}]"
politics_155.txt_365,"Speaking in London on Monday, Gen Musharraf said al-Qaeda was ""on the run"" in Pakistan.","[{""text"": ""Musharraf"", ""label"": ""POLITICIAN""}]"
politics_155.txt_387,"But standing next to Mr Blair he added that it was crucial to tackle the ""core of what creates terrorists, what creates an extremist, militant environment which then leads on to terrorism"".","[{""text"": ""Blair"", ""label"": ""POLITICIAN""}]"
politics_116.txt_503,"Theresa May, Tory shadow work and pensions secretary, said: ""We have got to find a way that's going to ensure those payments get through to the people who are due them.""","[{""text"": ""Theresa May"", ""label"": ""POLITICIAN""}]"
politics_046.txt_64,He is also being investigated over the visa application of Mrs Quinn's ex-nanny.,"[{""text"": ""Quinn"", ""label"": ""PUBLIC-FIGURE""}]"
politics_200.txt_0,Mallon wades into NE vote battle,"[{""text"": ""Mallon"", ""label"": ""POLITICIAN""}]"
politics_200.txt_32,"The former police chief, dubbed Robocop for his zero tolerance style, clashed on Thursday with Sunderland No campaigner Neil Herron.","[{""text"": ""Robocop"", ""label"": ""PUBLIC-FIGURE""}, {""text"": ""Neil Herron"", ""label"": ""POLITICIAN""}]"
politics_200.txt_281,"Mr Mallon is a late recruit to the Yes campaign after rejecting overtures from No campaigners including, he claims, Tory leader Michael Howard.","[{""text"": ""Mallon"", ""label"": ""POLITICIAN""}, {""text"": ""Michael Howard"", ""label"": ""POLITICIAN""}]"
politics_007.txt_0,Fox attacks Blair's Tory 'lies',"[{""text"": ""Fox"", ""label"": ""POLITICIAN""}, {""text"": ""Blair"", ""label"": ""POLITICIAN""}]"
entertainment_381.txt_66,Morrison is seen quizzing a college administrator on why he was refused.,"[{""text"": ""Morrison"", ""label"": ""PUBLIC-FIGURE""}]"
politics_255.txt_279,"And I am not going to be diverted or distracted, nor is Tony Blair, by newspaper stories or books or rumours or gossip.","[{""text"": ""Tony Blair"", ""label"": ""POLITICIAN""}]"
politics_255.txt_592,"These rumours were fuelled by Mr Blair's decision to hold his monthly media conference at the same time as a long-planned speech by Mr Brown on UK plans to tackle global poverty with a new ""Marshall Plan"" for Africa.","[{""text"": ""Blair"", ""label"": ""POLITICIAN""}, {""text"": ""Brown"", ""label"": ""POLITICIAN""}]"
sport_493.txt_0,"Connors' rallying cry for British tennis

""Do you have it in your heart?","[{""text"": ""Connors"", ""label"": ""ATHLETE""}]"
sport_493.txt_182,Connors is not the first great name to offer his services to the LTA - his long-time rival John McEnroe has repeatedly done the same.,"[{""text"": ""Connors"", ""label"": ""ATHLETE""}, {""text"": ""John McEnroe"", ""label"": ""ATHLETE""}]"
sport_493.txt_420,Connors is a straight-talker and will be equally blunt and honest in his dealings with the LTA and the cream of Britain's young players.,"[{""text"": ""Connors"", ""label"": ""ATHLETE""}]"
politics_191.txt_31,"President Bush has announced that an alliance of the US, India, Australia and Japan will co-ordinate a humanitarian drive.","[{""text"": ""Bush"", ""label"": ""POLITICIAN""}]"
politics_191.txt_89,Ms Short resigned as international development secretary over the Iraq war.,"[{""text"": ""Short"", ""label"": ""POLITICIAN""}]"
politics_184.txt_0,Blair rejects Iraq advice calls,"[{""text"": ""Blair"", ""label"": ""POLITICIAN""}]"
politics_184.txt_94,"""That's what he (Lord Goldsmith) said and that's what I say.","[{""text"": ""Lord Goldsmith"", ""label"": ""POLITICIAN""}]"
politics_184.txt_205,"Mr Mates, who is a member of the Commons intelligence and security committee and was part of the Butler inquiry into pre-war intelligence, told the BBC on Friday: ""That, as a general rule, is right, but it's not an absolute rule.""","[{""text"": ""Mates"", ""label"": ""POLITICIAN""}, {""text"": ""Butler"", ""label"": ""POLITICIAN""}]"
politics_184.txt_258,"He said there had been other occasions when advice had been published, most recently regarding Prince Charles's marriage plans.","[{""text"": ""Prince Charles"", ""label"": ""PUBLIC-FIGURE""}]"
sport_341.txt_0,Charvis set to lose fitness bid,"[{""text"": ""Charvis"", ""label"": ""ATHLETE""}]"
politics_367.txt_0,"UK heading wrong way, says Howard","[{""text"": ""Howard"", ""label"": ""POLITICIAN""}]"
tech_258.txt_198,"""Patent rights, it is claimed, protect inventors but in this case it is exclusively the interests of the big companies that are protected,"" Eva Lichtenberg, a Austrian Green member of the European Parliament said in a statement.","[{""text"": ""Eva Lichtenberg"", ""label"": ""POLITICIAN""}]"
entertainment_158.txt_283,"Rodgers was singer with early 1970s rockers Free, who had a global hit with All Right Now, before forming Bad Company, a successful ""supergroup"" with members of King Crimson and Mott the Hoople.","[{""text"": ""Rodgers"", ""label"": ""MUSICIAN""}]"
entertainment_279.txt_88,"""I'm not pleased,"" Jefferson Parish Sheriff Harry Lee said.","[{""text"": ""Harry Lee"", ""label"": ""POLITICIAN""}]"
business_065.txt_175,"""Of course we applaud humanitarian initiatives, but why target the airlines?"" said Ulrich Schulte-Strathaus, secretary general of the Association of European Airlines.","[{""text"": ""Ulrich Schulte-Strathaus"", ""label"": ""BUSINESS-EXECUTIVE-MANAGER""}]"
politics_231.txt_0,Woolf murder sentence rethink,"[{""text"": ""Lord Woolf"", ""label"": ""PUBLIC-FIGURE""}]"
politics_407.txt_31,"Mr Boateng, 53, is to become the UK's high commissioner to South Africa.","[{""text"": ""Boateng"", ""label"": ""POLITICIAN""}]"
politics_407.txt_144,"Prime Minister Tony Blair said: ""Paul has been both a valued colleague and a trusted friend for many years.","[{""text"": ""Tony Blair"", ""label"": ""POLITICIAN""}, {""text"": ""Paul"", ""label"": ""POLITICIAN""}]"
sport_194.txt_148,"""The situation for Jens is that he is currently the number two keeper at Arsenal.","[{""text"": ""Jens"", ""label"": ""ATHLETE""}]"
politics_364.txt_0,Howard attacks 'pay later' Budget,"[{""text"": ""Howard"", ""label"": ""POLITICIAN""}]"
sport_397.txt_0,Sculthorpe wants Lions captaincy,"[{""text"": ""Sculthorpe"", ""label"": ""ATHLETE""}]"
politics_405.txt_144,"His words came as Cardinal Cormac Murphy O'Connor, the Archbishop of Westminster, backed Mr Howard's stance and distanced himself from Labour.","[{""text"": ""Cormac Murphy O'Connor"", ""label"": ""PUBLIC-FIGURE""}, {""text"": ""Howard"", ""label"": ""POLITICIAN""}]"
politics_405.txt_169,"In a statement, he said abortion was a ""very key issue"", saying: ""The policy supported by Mr Howard is one that we would commend, on the way to a full abandonment of abortion.""","[{""text"": ""Howard"", ""label"": ""POLITICIAN""}]"
politics_405.txt_296,"In the Cosmopolitan interview Mr Howard said: ""I believe abortion should be available to everyone, but the law should be changed.","[{""text"": ""Howard"", ""label"": ""POLITICIAN""}]"
politics_405.txt_438,"Mr Blair, who last year denied he planned to join his wife and four children in the Catholic faith despite regularly taking communion, said abortion was a ""difficult issue"".","[{""text"": ""Blair"", ""label"": ""POLITICIAN""}]"
politics_405.txt_635,"Anti-abortion group the Pro-Life Alliance ""congratulated"" Mr Howard on his new stance, but said it did not go far enough.","[{""text"": ""Howard"", ""label"": ""POLITICIAN""}]"
business_209.txt_121,"Manchester United past and present footballers Eric Cantona and Ole Gunnar Solskjaer, and club manager Sir Alex Ferguson, have lent their backing to the supporters' group, Shareholders United.","[{""text"": ""Eric Cantona"", ""label"": ""ATHLETE""}, {""text"": ""Ole Gunnar Solskjaer"", ""label"": ""ATHLETE""}, {""text"": ""Sir Alex Ferguson"", ""label"": ""ATHLETE""}]"
politics_223.txt_245,But he said Mr Blair had lost the trust of the British people.,"[{""text"": ""Blair"", ""label"": ""POLITICIAN""}]"
politics_223.txt_322,"Mr Kennedy also used his TV appearance to defend his party's plans to increase income tax to 50% for those earning more than £100,000, saying it would apply to just 1% of the population.","[{""text"": ""Kennedy"", ""label"": ""POLITICIAN""}]"
politics_120.txt_0,Tory leader urges Harry apology,"[{""text"": ""Harry"", ""label"": ""PUBLIC-FIGURE""}]"
politics_120.txt_5,"

Prince Harry should personally make clear how sorry he is about wearing a Nazi uniform to a friend's fancy dress party, says Tory leader Michael Howard.","[{""text"": ""Prince Harry"", ""label"": ""PUBLIC-FIGURE""}, {""text"": ""Michael Howard"", ""label"": ""POLITICIAN""}]"
politics_120.txt_36,"Mr Howard, whose grandmother died in Auschwitz, said many people would be offended by the prince's actions Clarence House has issued a statement saying the prince has apologised and realised it had been a poor costume.","[{""text"": ""Howard"", ""label"": ""POLITICIAN""}]"
politics_120.txt_76,Number 10 said an error was made but now Harry had apologised the matter should be left to the palace.,"[{""text"": ""Harry"", ""label"": ""PUBLIC-FIGURE""}]"
politics_120.txt_140,"""There is a reservoir of goodwill for Prince Harry, and Prince William with him, in this country, but I think he needs to remember that it can't last forever.""","[{""text"": ""Prince Harry"", ""label"": ""PUBLIC-FIGURE""}, {""text"": ""Prince William"", ""label"": ""PUBLIC-FIGURE""}]"
politics_120.txt_307,"

A photograph of Prince Harry wearing a swastika armband and German desert uniform at the party appears in Thursday's Sun newspaper under the headline: ""Harry the Nazi.""","[{""text"": ""Prince Harry"", ""label"": ""PUBLIC-FIGURE""}, {""text"": ""Harry"", ""label"": ""PUBLIC-FIGURE""}]"
politics_120.txt_409,"But former Buckingham Palace press spokesman Dicky Arbiter said the prince should make a personal, broadcast apology.","[{""text"": ""Dicky Arbiter"", ""label"": ""PUBLIC-FIGURE""}]"
politics_194.txt_188,"BBC news correspondent Gary O'Donoghue said Mrs Blair was likely to face further calls for restraint, since the US election is imminent.","[{""text"": ""Gary O'Donoghue"", ""label"": ""AUTHOR-WRITER""}, {""text"": ""Blair"", ""label"": ""POLITICIAN""}]"
sport_228.txt_77,"""Rafa is a good coach and a good man.","[{""text"": ""Rafa"", ""label"": ""ATHLETE""}]"
politics_127.txt_0,Brown to outline presidency goals,"[{""text"": ""Brown"", ""label"": ""POLITICIAN""}]"
politics_127.txt_537,"Mr Blair, who has described Africa as a ""scar"" on the world's conscience, has already said tackling world poverty would be one his G8 priorities along with climate change and the Aids epidemic.","[{""text"": ""Blair"", ""label"": ""POLITICIAN""}]"
entertainment_122.txt_6,"

DJ Norman Cook - aka Fatboy Slim - has said that dance music is not dead, but has admitted it is currently going through a ""fallow patch"".","[{""text"": ""Norman Cook"", ""label"": ""MUSICIAN""}, {""text"": ""Fatboy Slim"", ""label"": ""MUSICIAN""}]"
business_293.txt_393,"We do not want him or anybody else taking over United,"" said Mark Longden of the Independent Manchester United Supporters' Association.","[{""text"": ""Mark Longden"", ""label"": ""PUBLIC-FIGURE""}]"
entertainment_021.txt_207,"People such as Matisse and Stravinsky became like uncles to her, the latter put in charge of her musical education.","[{""text"": ""Matisse"", ""label"": ""PUBLIC-FIGURE""}, {""text"": ""Stravinsky"", ""label"": ""MUSICIAN""}]"
entertainment_222.txt_0,School tribute for TV host Carson,"[{""text"": ""Carson"", ""label"": ""ACTOR-DIRECTOR""}]"
entertainment_222.txt_105,"Carson, who was one of the best-loved TV personalities in the US, asked not to have a public memorial in Los Angeles, where he lived in later life.","[{""text"": ""Carson"", ""label"": ""ACTOR-DIRECTOR""}]"
entertainment_222.txt_139,"He began his showbusiness career in Norfolk, performing magic under the name The Great Carsoni from the age of 14.","[{""text"": ""The Great Carsoni"", ""label"": ""ACTOR-DIRECTOR""}]"
entertainment_222.txt_181,"When Carson died, President Bush led the public tributes, saying the presenter ""had a profound influence on American life and entertainment"".","[{""text"": ""Carson"", ""label"": ""ACTOR-DIRECTOR""}, {""text"": ""Bush"", ""label"": ""POLITICIAN""}]"
sport_147.txt_119,Rangers' striker Dad Prso was also sent off during the same incident when he received a second yellow card for wrestling the ball away from Craig Gordon and leaving the Hearts keeper on the ground.,"[{""text"": ""Dad Prso"", ""label"": ""ATHLETE""}, {""text"": ""Craig Gordon"", ""label"": ""ATHLETE""}]"
entertainment_292.txt_305,Sir Elton John has composed the music.,"[{""text"": ""Elton John"", ""label"": ""MUSICIAN""}]"
entertainment_292.txt_313,"Daldry directed the successful film version of Billy Elliot, adapted from Lee Hall's script.","[{""text"": ""Daldry"", ""label"": ""ACTOR-DIRECTOR""}, {""text"": ""Billy Elliot"", ""label"": ""PUBLIC-FIGURE""}, {""text"": ""Lee Hall"", ""label"": ""AUTHOR-WRITER""}]"
sport_126.txt_56,But Sturrock has distanced himself from the position.,"[{""text"": ""Sturrock"", ""label"": ""ATHLETE""}]"
entertainment_039.txt_343,The decision also saw Clint Eastwood get his third personal nomination for Million Dollar Baby.,"[{""text"": ""Clint Eastwood"", ""label"": ""ACTOR-DIRECTOR""}]"
entertainment_039.txt_394,"Chinese actress Ziyi Zhang, star of Crouching Tiger, Hidden Dragon, Hero and House of Flying Daggers,","[{""text"": ""Ziyi Zhang"", ""label"": ""ACTOR-DIRECTOR""}]"
sport_120.txt_157,"David Beckham, watched by Sven-Goran Eriksson, came off in the 67th minute with a shoulder injury but should be fit for England's game against Holland.","[{""text"": ""David Beckham"", ""label"": ""ATHLETE""}, {""text"": ""Sven-Goran Eriksson"", ""label"": ""ATHLETE""}]"
entertainment_257.txt_0,Row threatens Hendrix museum plan,"[{""text"": ""Hendrix"", ""label"": ""MUSICIAN""}]"
sport_174.txt_0,Cudicini misses Carling Cup final,"[{""text"": ""Cudicini"", ""label"": ""ATHLETE""}]"
entertainment_260.txt_162,"In 2002, Aguilera won best pop collaboration for the hit track Lady Marmalade with Lil' Kim, Maya and Pink, and last year she picked up the award for best female pop vocal performance for Beautiful.","[{""text"": ""Aguilera"", ""label"": ""MUSICIAN""}, {""text"": ""Lil' Kim"", ""label"": ""MUSICIAN""}, {""text"": ""Maya"", ""label"": ""MUSICIAN""}, {""text"": ""Pink"", ""label"": ""MUSICIAN""}]"
business_358.txt_485,"Mr Khodorkovsky is in jail, and on trial for fraud and tax evasion.","[{""text"": ""Khodorkovsky"", ""label"": ""BUSINESS-EXECUTIVE-MANAGER""}]"
business_242.txt_95,"The approach by the 76-year-old owner of the Tampa Bay Buccaneers American football team is reportedly being led by his two sons, Avi and Joel.","[{""text"": ""Avi"", ""label"": ""BUSINESS-EXECUTIVE-MANAGER""}, {""text"": ""Joel"", ""label"": ""BUSINESS-EXECUTIVE-MANAGER""}]"
sport_137.txt_408,"Patrick Vieira has apparently threatened some of our players and things like that.""","[{""text"": ""Patrick Vieira"", ""label"": ""ATHLETE""}]"
sport_212.txt_59,But is Smith the man for what must be one of the hardest jobs in football?,"[{""text"": ""Smith"", ""label"": ""ATHLETE""}]"
sport_212.txt_203,The man who was Alex Ferguson's assistant when Scotland played at the 1986 World Cup won seven league titles with Rangers.,"[{""text"": ""Alex Ferguson"", ""label"": ""ATHLETE""}]"
sport_212.txt_259,"Characters like Souness, Ferguson and current Ibrox manager Alex McLeish all cite Smith's experience and his expansive knowledge of the Scottish game.","[{""text"": ""Souness"", ""label"": ""ATHLETE""}, {""text"": ""Ferguson"", ""label"": ""ATHLETE""}, {""text"": ""Alex McLeish"", ""label"": ""ATHLETE""}, {""text"": ""Smith"", ""label"": ""ATHLETE""}]"
entertainment_312.txt_210,"Clint Eastwood's boxing drama Million Dollar Baby - recipient of four Academy Awards, including best picture - continued to perform well in sixth place with takings of $7.2m (£3.74m).","[{""text"": ""Clint Eastwood"", ""label"": ""ACTOR-DIRECTOR""}]"
entertainment_312.txt_320,"Perry, 34, is one of America's best-known black playwrights but is a newcomer to film.","[{""text"": ""Perry"", ""label"": ""AUTHOR-WRITER""}]"
sport_236.txt_7,"Liverpool manager Rafael Benitez said their qualification for the next stage of the Champions League was ""one of the proudest nights of my career.""","[{""text"": ""Rafael Benitez"", ""label"": ""ATHLETE""}]"
business_083.txt_586,"Mr Khodorkovsky, once Russia's richest man, is in prison, having been charged with fraud and tax evasion and repeatedly denied bail.","[{""text"": ""Khodorkovsky"", ""label"": ""BUSINESS-EXECUTIVE-MANAGER""}]"
business_487.txt_675,"Having already donated billions of dollars to the fight against Aids and Malaria, Mr Gates will call on world leaders to support a global vaccination campaign to protect children in developing countries from easily preventable diseases.","[{""text"": ""Gates"", ""label"": ""BUSINESS-EXECUTIVE-MANAGER""}]"
business_487.txt_772,Mr Gates is said to be trying to arrange a meeting with Brazil's President Lula da Silva.,"[{""text"": ""Gates"", ""label"": ""BUSINESS-EXECUTIVE-MANAGER""}, {""text"": ""Lula da Silva"", ""label"": ""POLITICIAN""}]"
business_330.txt_637,"For President Kirchner, this proves a hopeless challenge.","[{""text"": ""Kirchner"", ""label"": ""POLITICIAN""}]"
sport_210.txt_123,'The new Maradona' - Carlos Tevez - is joining Corinthians for nearly $20m in a strong candidate for the strangest move of the year.,"[{""text"": ""Maradona"", ""label"": ""ATHLETE""}, {""text"": ""Carlos Tevez"", ""label"": ""ATHLETE""}]"
sport_210.txt_508,"Tevez, then, can kiss tranquillity goodbye.","[{""text"": ""Tevez"", ""label"": ""ATHLETE""}]"
business_497.txt_249,"""Elgindy's conviction marks the end of his public charade as a crusader against fraud in the market,"" said Ms Mauskopf.","[{""text"": ""Elgindy"", ""label"": ""PUBLIC-FIGURE""}, {""text"": ""Mauskopf"", ""label"": ""PUBLIC-FIGURE""}]"
entertainment_237.txt_7,"

R&B star Beverley Knight said she sang on an anti-gun single after being ""haunted"" by the fatal 2003 shooting of two teenage girls in Birmingham.","[{""text"": ""Beverley Knight"", ""label"": ""MUSICIAN""}]"
entertainment_237.txt_39,Knight and drum 'n' bass star Roni Size have released No More in a bid to reduce gun use among young people.,"[{""text"": ""Knight"", ""label"": ""MUSICIAN""}, {""text"": ""Roni Size"", ""label"": ""MUSICIAN""}]"
entertainment_237.txt_86,"Size, whose New Forms album won the 1997 Mercury Music Prize, said gun use was ""nothing to be glamorised"".","[{""text"": ""Size"", ""label"": ""MUSICIAN""}]"
entertainment_237.txt_181,"Size became involved after two friends, Donna Small and Asha Jama, were shot in his Bristol hometown in October.","[{""text"": ""Size"", ""label"": ""MUSICIAN""}, {""text"": ""Donna Small"", ""label"": ""PUBLIC-FIGURE""}, {""text"": ""Asha Jama"", ""label"": ""PUBLIC-FIGURE""}]"
sport_389.txt_0,Dallaglio eyeing Lions tour place,"[{""text"": ""Dallaglio"", ""label"": ""ATHLETE""}]"
entertainment_008.txt_197,"The best director shortlist includes Luc Bondy for Cruel and Tender, Simon McBurney for Measure for Measure, and Rufus Norris for Festen.","[{""text"": ""Luc Bondy"", ""label"": ""ACTOR-DIRECTOR""}, {""text"": ""Simon McBurney"", ""label"": ""ACTOR-DIRECTOR""}, {""text"": ""Rufus Norris"", ""label"": ""ACTOR-DIRECTOR""}]"
entertainment_008.txt_309,"And playwrights David Eldridge, Rebecca Lenkiewicz and Owen McCafferty will fight it out for The Charles Wintour Award and a £30,000 bursary.","[{""text"": ""David Eldridge"", ""label"": ""AUTHOR-WRITER""}, {""text"": ""Rebecca Lenkiewicz"", ""label"": ""AUTHOR-WRITER""}, {""text"": ""Owen McCafferty"", ""label"": ""AUTHOR-WRITER""}]"
sport_195.txt_112,"Hassel says Juninho, who has just bought a new home, would ""desperately like to stay at Celtic"" but will seek a move if it is made clear that he is not wanted.","[{""text"": ""Hassel"", ""label"": ""PUBLIC-FIGURE""}, {""text"": ""Juninho"", ""label"": ""ATHLETE""}]"
business_059.txt_80,Mr Ebbers has pleaded not guilty to charges of fraud and conspiracy.,"[{""text"": ""Ebbers"", ""label"": ""BUSINESS-EXECUTIVE-MANAGER""}]"
entertainment_219.txt_0,US TV host Clark suffers stroke,"[{""text"": ""Clark"", ""label"": ""ACTOR-DIRECTOR""}]"
entertainment_219.txt_6,"

Veteran US television host Dick Clark is in hospital in Los Angeles after suffering a mild stroke.","[{""text"": ""Dick Clark"", ""label"": ""ACTOR-DIRECTOR""}]"
entertainment_219.txt_102,"Clark's publicist Paul Shefrin said the television host was ""recovering"" and there was no cause for alarm.","[{""text"": ""Clark"", ""label"": ""ACTOR-DIRECTOR""}, {""text"": ""Paul Shefrin"", ""label"": ""PUBLIC-FIGURE""}]"
entertainment_219.txt_123,"Clark, who produces the Golden Globe and American Music Awards, disclosed last year that he was suffering from diabetes.","[{""text"": ""Clark"", ""label"": ""ACTOR-DIRECTOR""}]"
entertainment_029.txt_194,Director Oday Rasheed made the film on discarded 1980s Kodak film taken from the remains for the former Ministry of Culture building.,"[{""text"": ""Oday Rasheed"", ""label"": ""ACTOR-DIRECTOR""}]"
sport_462.txt_0,Navratilova hits out at critics,"[{""text"": ""Navratilova"", ""label"": ""ATHLETE""}]"
tech_148.txt_311,"Mr Slattery called himself an iTunes customer who ""was also forced to purchase an Apple iPod"" if he wanted to take his music with him to listen to.","[{""text"": ""Slattery"", ""label"": ""PUBLIC-FIGURE""}]"
business_127.txt_531,"Mr Khodorkovsky, currently facing fraud and tax evasion charges of his own, was one of the founders of Menatep.","[{""text"": ""Khodorkovsky"", ""label"": ""BUSINESS-EXECUTIVE-MANAGER""}]"
politics_064.txt_0,"Blair hails Turkey-EU talks deal

Tony Blair has hailed a deal bringing Turkey a step closer to EU membership as important for the world's future ""peace and prosperity"".","[{""text"": ""Blair"", ""label"": ""POLITICIAN""}, {""text"": ""Tony Blair"", ""label"": ""POLITICIAN""}]"
politics_064.txt_36,Mr Blair has been a leading advocate of Turkish membership despite controversy surrounding the idea.,"[{""text"": ""Blair"", ""label"": ""POLITICIAN""}]"
politics_064.txt_52,"Leaving a Brussels summit Mr Blair said ""the fact Turkey is a Muslim country does not mean it should be barred"".","[{""text"": ""Blair"", ""label"": ""POLITICIAN""}]"
entertainment_275.txt_168,"A smash hit on Broadway before moving to London, the show also won best musical performance in a supporting role for Conleth Hill, who plays director Roger DeBris.","[{""text"": ""Conleth Hill"", ""label"": ""ACTOR-DIRECTOR""}, {""text"": ""Roger DeBris"", ""label"": ""PUBLIC-FIGURE""}]"
entertainment_275.txt_655,"Best actress - Clare Higgins for Hecuba at the Donmar Warehouse

- Best musical actor - Nathan Lane for The Producers at Theatre Royal, Drury Lane

- Best musical actress - Laura Michelle Kelly for Mary Poppins at the Prince Edward

- Best director - Nicholas Hytner for The History Boys at the Lyttelton

- Best new play - The History Boys by Alan Bennett at the Lyttelton

- Best new musical - The Producers at Theatre Royal, Drury Lane

- Special award - Alan Bennett for his outstanding contribution to British theatre","[{""text"": ""Clare Higgins"", ""label"": ""ACTOR-DIRECTOR""}, {""text"": ""Nathan Lane"", ""label"": ""ACTOR-DIRECTOR""}, {""text"": ""Laura Michelle Kelly"", ""label"": ""ACTOR-DIRECTOR""}, {""text"": ""Mary Poppins"", ""label"": ""PUBLIC-FIGURE""}, {""text"": ""Nicholas Hytner"", ""label"": ""ACTOR-DIRECTOR""}, {""text"": ""Alan Bennett"", ""label"": ""AUTHOR-WRITER""}]"
sport_060.txt_0,McIlroy wins 800m indoor title,"[{""text"": ""McIlroy"", ""label"": ""ATHLETE""}]"
sport_060.txt_33,The Larne athlete dominated the race from start to finish although he had to hold off a late challenge from Welshman Jimmy Watkins in the final 100 metres.,"[{""text"": ""Jimmy Watkins"", ""label"": ""ATHLETE""}]"
sport_060.txt_202,David Gillick showed that he is a genuine medal contender in the European Indoor Championships by claiming an impressive 400m victory.,"[{""text"": ""David Gillick"", ""label"": ""ATHLETE""}]"
sport_060.txt_265,Derval O'Rourke broke her own Irish 60m hurdles record by clocking 8.06 which left her third behind new British record holder Sarah Claxton (7.96).,"[{""text"": ""Derval O'Rourke"", ""label"": ""ATHLETE""}, {""text"": ""Sarah Claxton"", ""label"": ""ATHLETE""}]"
politics_384.txt_464,Conservative shadow home secretary David Davis was worried about extending special powers to cover British citizens.,"[{""text"": ""David Davis"", ""label"": ""POLITICIAN""}]"
entertainment_130.txt_5,"

Singers including Sir Cliff Richard and Boy George are recording a charity single to help raise funds for victims of the Asian tsunami.","[{""text"": ""Cliff Richard"", ""label"": ""MUSICIAN""}, {""text"": ""Boy George"", ""label"": ""MUSICIAN""}]"
entertainment_130.txt_70,Former Boyzone singer Ronan Keating may also take part if a studio can be found close to where he is holidaying in Switzerland.,"[{""text"": ""Ronan Keating"", ""label"": ""MUSICIAN""}]"
entertainment_130.txt_94,"Other music stars being approached include Robin and Barry Gibb of The Bee Gees, jazz sensation Jamie Cullum, Chris Rea and Olivia Newton-John.","[{""text"": ""Robin Gibb"", ""label"": ""MUSICIAN""}, {""text"": ""Barry Gibb"", ""label"": ""MUSICIAN""}, {""text"": ""Jamie Cullum"", ""label"": ""MUSICIAN""}, {""text"": ""Chris Rea"", ""label"": ""MUSICIAN""}, {""text"": ""Olivia Newton-John"", ""label"": ""MUSICIAN""}]"
entertainment_130.txt_143,Read wrote the song before the Boxing Day tragedy but had thought it was too gloomy to release.,"[{""text"": ""Read"", ""label"": ""AUTHOR-WRITER""}]"
entertainment_130.txt_286,"Read went to the Disasters Emergency Committee (DEC), which is co-ordinating the British relief effort, with the idea the day after Boxing Day.","[{""text"": ""Read"", ""label"": ""AUTHOR-WRITER""}]"
entertainment_007.txt_0,"Levy tipped for Whitbread prize

Novelist Andrea Levy is favourite to win the main Whitbread Prize book of the year award, after winning novel of the year with her book Small Island.","[{""text"": ""Levy"", ""label"": ""AUTHOR-WRITER""}, {""text"": ""Andrea Levy"", ""label"": ""AUTHOR-WRITER""}]"
entertainment_007.txt_128,"Small Island, Levy's fourth novel, is set in post-war London and centres on a landlady and her lodgers.","[{""text"": ""Levy"", ""label"": ""AUTHOR-WRITER""}]"
entertainment_007.txt_152,One is a Jamaican who joined British troops to fight Hitler but finds life difficult out of uniform when he settles in the UK.,"[{""text"": ""Hitler"", ""label"": ""POLITICIAN""}]"
entertainment_007.txt_215,"The judges called Guy's My Heart is My Own: The Life of Mary Queen of Scots ""an impressive and readable piece of scholarship, which can not fail but leave the reader moved and intrigued by this most tragic and likeable of queens"".","[{""text"": ""Mary Queen of Scots"", ""label"": ""PUBLIC-FIGURE""}]"
entertainment_007.txt_263,"Guy has published many histories, including one of Tudor England.","[{""text"": ""Guy"", ""label"": ""AUTHOR-WRITER""}]"
entertainment_007.txt_317,Fletcher has recently graduated from the University of East Anglia's creative writing course.,"[{""text"": ""Fletcher"", ""label"": ""AUTHOR-WRITER""}]"
entertainment_007.txt_332,"The fourth book in the running is Corpus, Michael Symmons Roberts' fourth collection of poems.","[{""text"": ""Michael Symmons Roberts"", ""label"": ""AUTHOR-WRITER""}]"
entertainment_007.txt_363,"Geraldine McCaughrean is the final contender, having won the children's fiction category for the third time for Not the End of the World.","[{""text"": ""Geraldine McCaughrean"", ""label"": ""AUTHOR-WRITER""}]"
entertainment_276.txt_0,Rocker Doherty in on-stage fight,"[{""text"": ""Doherty"", ""label"": ""MUSICIAN""}]"
entertainment_276.txt_80,"On Monday Doherty faced blackmail and robbery charges in court, which he denies.","[{""text"": ""Doherty"", ""label"": ""MUSICIAN""}]"
entertainment_073.txt_211,"Ray director Taylor Hackford, responsible for the classic 1982 film An Officer and a Gentleman, has also received an Oscar nomination in the best director category.","[{""text"": ""Ray"", ""label"": ""PUBLIC-FIGURE""}, {""text"": ""Taylor Hackford"", ""label"": ""ACTOR-DIRECTOR""}]"
entertainment_068.txt_80,"She is currently starring in A Very Long Engagement, directed by Jean-Pierre Jeunet.","[{""text"": ""Jean-Pierre Jeunet"", ""label"": ""ACTOR-DIRECTOR""}]"
entertainment_068.txt_97,"Jeunet was also responsible for directing Tautou in Amelie in 2001, which launched the actress into the mainstream.","[{""text"": ""Jeunet"", ""label"": ""ACTOR-DIRECTOR""}, {""text"": ""Tautou"", ""label"": ""ACTOR-DIRECTOR""}]"
entertainment_377.txt_143,"Mike Leigh will compete for the British film prize with Shane Meadows for Dead Man's Shoes, Roger Michell For Enduring Love and My Summer Of Love director Pawel Pawlikowski.","[{""text"": ""Mike Leigh"", ""label"": ""ACTOR-DIRECTOR""}, {""text"": ""Shane Meadows"", ""label"": ""ACTOR-DIRECTOR""}, {""text"": ""Roger Michell"", ""label"": ""ACTOR-DIRECTOR""}, {""text"": ""Pawel Pawlikowski"", ""label"": ""ACTOR-DIRECTOR""}]"
entertainment_377.txt_269,"American Beauty's Sam Mendes will receive a lifetime achievement award for his work in film and theatre, while theatre director Simon McBurney will be given an award for outstanding directorial achievement.","[{""text"": ""Sam Mendes"", ""label"": ""ACTOR-DIRECTOR""}, {""text"": ""Simon McBurney"", ""label"": ""ACTOR-DIRECTOR""}]"
sport_432.txt_56,"""Somebody, I think it was Mr Phillips, said they won't have money for flowers at Wimbledon.","[{""text"": ""Phillips"", ""label"": ""BUSINESS-EXECUTIVE-MANAGER""}]"
sport_432.txt_82,"An All England club spokesperson denied Phillips made the remark, insisting: ""He definitely didn't say it.""","[{""text"": ""Phillips"", ""label"": ""BUSINESS-EXECUTIVE-MANAGER""}]"
sport_432.txt_240,"Serena Williams, who is also in Dubai, added: ""I'm obviously for equal prize money.","[{""text"": ""Serena Williams"", ""label"": ""ATHLETE""}]"
tech_142.txt_62,Sanjaya Senanayake works for Sri Lankan television.,"[{""text"": ""Sanjaya Senanayake"", ""label"": ""AUTHOR-WRITER""}]"
tech_142.txt_118,So Mr Senanayake started sending out text messages.,"[{""text"": ""Senanayake"", ""label"": ""AUTHOR-WRITER""}]"
tech_142.txt_291,"Mr Rampersad, who used to work in the military, knew how important on the ground communication can be in times of disaster.","[{""text"": ""Rampersad"", ""label"": ""PUBLIC-FIGURE""}]"
entertainment_337.txt_5,"

Actor Leonardo DiCaprio's ""exceptional career"" has been honoured at the Santa Barbara International Film Festival.","[{""text"": ""Leonardo DiCaprio"", ""label"": ""ACTOR-DIRECTOR""}]"
entertainment_337.txt_266,"The Aviator has taken pole position in this year's Oscars race with 11 nominations, including nominations for best film, best actor for DiCaprio and best director for Scorsese.","[{""text"": ""DiCaprio"", ""label"": ""ACTOR-DIRECTOR""}, {""text"": ""Scorsese"", ""label"": ""ACTOR-DIRECTOR""}]"
entertainment_108.txt_0,Media seek Jackson 'juror' notes,"[{""text"": ""Jackson"", ""label"": ""MUSICIAN""}]"
entertainment_108.txt_75,Mr Jackson denies child molestation.,"[{""text"": ""Jackson"", ""label"": ""MUSICIAN""}]"
entertainment_108.txt_103,"Meanwhile Michael Jackson's mother has said she is ""100% certain"" her son did not commit the child abuse charges he faces.","[{""text"": ""Michael Jackson"", ""label"": ""MUSICIAN""}]"
entertainment_108.txt_330,"Mr Jackson, 46, denies plying a boy with alcohol and molesting him.","[{""text"": ""Jackson"", ""label"": ""MUSICIAN""}]"
entertainment_164.txt_170,Works of art by musicians including Miles Davis and Bruni Sablan will also be featured.,"[{""text"": ""Miles Davis"", ""label"": ""MUSICIAN""}, {""text"": ""Bruni Sablan"", ""label"": ""MUSICIAN""}]"
politics_014.txt_0,Blair rejects Tory terror offer,"[{""text"": ""Blair"", ""label"": ""POLITICIAN""}]"
politics_014.txt_226,Shadow Home Secretary David Davis told BBC Radio Four's the World at One his primary concern was potential miscarriages of justice.,"[{""text"": ""David Davis"", ""label"": ""POLITICIAN""}]"
tech_134.txt_43,"Mr Gates made no announcement about the next generation Xbox games console, which many gadget lovers had been hoping for.","[{""text"": ""Gates"", ""label"": ""BUSINESS-EXECUTIVE-MANAGER""}]"
politics_167.txt_216,"Chairman of the Environmental Audit Committee Peter Ainsworth MP, said: ""The government's housing policy is an alarming example of disjointed thinking in an areas where joined-up policy is crucial.","[{""text"": ""Peter Ainsworth"", ""label"": ""POLITICIAN""}]"
entertainment_071.txt_164,"Actress Sandra Dee continues to live in Los Angeles as a virtual recluse, but has given her approval to the biopic.","[{""text"": ""Sandra Dee"", ""label"": ""ACTOR-DIRECTOR""}]"
tech_300.txt_252,According to response statistics gathered by Netcraft many visiting the Apple store in the wake of Mr Jobs' speech suffered lengthy response times.,"[{""text"": ""Jobs"", ""label"": ""BUSINESS-EXECUTIVE-MANAGER""}]"
entertainment_165.txt_35,Morris will direct and co-write Nathan Barley - a character from cult website TV Go Home - for Channel 4.,"[{""text"": ""Morris"", ""label"": ""ACTOR-DIRECTOR""}, {""text"": ""Nathan Barley"", ""label"": ""PUBLIC-FIGURE""}]"
entertainment_302.txt_88,"Oprah Winfrey will voice a goose, John Cleese will voice a sheep and Steve Buscemi a rat in the 2006 film.","[{""text"": ""Oprah Winfrey"", ""label"": ""ACTOR-DIRECTOR""}, {""text"": ""John Cleese"", ""label"": ""ACTOR-DIRECTOR""}, {""text"": ""Steve Buscemi"", ""label"": ""ACTOR-DIRECTOR""}]"
entertainment_302.txt_112,"Ten-year-old Dakota Fanning will play Fern, the girl at the centre of the story, in the film to be directed by 13 Going on 30 film-maker Gary Winick.","[{""text"": ""Dakota Fanning"", ""label"": ""ACTOR-DIRECTOR""}, {""text"": ""Fern"", ""label"": ""PUBLIC-FIGURE""}, {""text"": ""Gary Winick"", ""label"": ""ACTOR-DIRECTOR""}]"
sport_303.txt_148,"""I said to Gareth (Thomas, the Wales captain) 'This is touch and go.'","[{""text"": ""Gareth Thomas"", ""label"": ""ATHLETE""}]"
tech_099.txt_133,"The most well-known examples include Iraqi Salam Pax's accounts of the US-led war, former Iranian vice-president Mohammad Ali Abtahi exclusive insight into the Islamic Republic's government, and the highs and lows of the recent US election campaign.","[{""text"": ""Salam Pax"", ""label"": ""AUTHOR-WRITER""}, {""text"": ""Mohammad Ali Abtahi"", ""label"": ""POLITICIAN""}]"
business_423.txt_248,In 1983 Mr Fischer became adviser on Israel's economy to then-US secretary of state George Shultz.,"[{""text"": ""Fischer"", ""label"": ""PUBLIC-FIGURE""}, {""text"": ""George Shultz"", ""label"": ""POLITICIAN""}]"
politics_054.txt_240,"Paul Boateng MP, Labour's Chief Secretary to the Treasury, said: ""The Lib Dems' sums don't add up.","[{""text"": ""Paul Boateng"", ""label"": ""POLITICIAN""}]"
entertainment_215.txt_213,Author David Mitchell made up for losing out in the Booker Prize to Alan Hollinghurst by beating him to the literary award with his book Cloud Atlas.,"[{""text"": ""David Mitchell"", ""label"": ""AUTHOR-WRITER""}, {""text"": ""Alan Hollinghurst"", ""label"": ""AUTHOR-WRITER""}]"
sport_152.txt_316,"It is a view shared by Rooney, who believes ""if we can get past Milan, we have a great chance"".","[{""text"": ""Rooney"", ""label"": ""ATHLETE""}]"
sport_284.txt_0,Hodgson shoulders England blame,"[{""text"": ""Hodgson"", ""label"": ""ATHLETE""}]"
sport_328.txt_31,"But Umaga, in England for Saturday's IRB Rugby Aid match, also backed New Zealand to win the three-Test series against the Lions.","[{""text"": ""Umaga"", ""label"": ""ATHLETE""}]"
sport_242.txt_0,Wenger rules out new keeper,"[{""text"": ""Wenger"", ""label"": ""ATHLETE""}]"
business_444.txt_0,Khodorkovsky quits Yukos shares,"[{""text"": ""Khodorkovsky"", ""label"": ""BUSINESS-EXECUTIVE-MANAGER""}]"
sport_199.txt_0,Chelsea sack Mutu,"[{""text"": ""Mutu"", ""label"": ""ATHLETE""}]"
sport_199.txt_327,Chelsea's move won backing from drug-testing expert Michelle Verroken.,"[{""text"": ""Michelle Verroken"", ""label"": ""PUBLIC-FIGURE""}]"
sport_199.txt_498,The Football Association has yet to act on Mutu's failed drugs test and refuses to discuss his case.,"[{""text"": ""Mutu"", ""label"": ""ATHLETE""}]"
entertainment_006.txt_49,"The Producers was named best musical, Victoria Hamilton was best actress for Suddenly Last Summer and Festen's Rufus Norris was named best director.","[{""text"": ""Victoria Hamilton"", ""label"": ""ACTOR-DIRECTOR""}, {""text"": ""Rufus Norris"", ""label"": ""ACTOR-DIRECTOR""}]"
entertainment_006.txt_118,"The Critics' Circle named Rebecca Lenkiewicz its most promising playwright for The Night Season, and Eddie Redmayne most promising newcomer for The Goat or, Who is Sylvia?","[{""text"": ""Rebecca Lenkiewicz"", ""label"": ""AUTHOR-WRITER""}, {""text"": ""Eddie Redmayne"", ""label"": ""ACTOR-DIRECTOR""}, {""text"": ""Sylvia"", ""label"": ""PUBLIC-FIGURE""}]"
entertainment_006.txt_150,Paul Rhys was its best Shakespearean performer for Measure for Measure at the National Theatre and Christopher Oram won the design award for Suddenly Last Summer.,"[{""text"": ""Paul Rhys"", ""label"": ""ACTOR-DIRECTOR""}, {""text"": ""Christopher Oram"", ""label"": ""PUBLIC-FIGURE""}]"
entertainment_028.txt_78,Cuaron's other films include Mexican movie Y Tu Mama Tambien.,"[{""text"": ""Cuaron"", ""label"": ""ACTOR-DIRECTOR""}]"
entertainment_028.txt_124,"It also won him and his brother Carlos, with whom he co-wrote the screenplay, an Oscar nomination for best original screenplay.","[{""text"": ""Carlos"", ""label"": ""AUTHOR-WRITER""}]"
entertainment_028.txt_263,"After the erotic nature of Y Tu Mama Tambien, Cuaron was a surprise choice to direct the third Harry Potter film but his dark interpretation was received well by the public and critics alike.","[{""text"": ""Cuaron"", ""label"": ""ACTOR-DIRECTOR""}, {""text"": ""Harry Potter"", ""label"": ""PUBLIC-FIGURE""}]"
politics_352.txt_34,"Tony Blair sailed across the lake in Bromsgrove, Worcestershire, while on a visit with Education Secretary Ruth Kelly to back school outings.","[{""text"": ""Tony Blair"", ""label"": ""POLITICIAN""}, {""text"": ""Ruth Kelly"", ""label"": ""POLITICIAN""}]"
politics_350.txt_0,Brown 'proud of economy record',"[{""text"": ""Brown"", ""label"": ""POLITICIAN""}]"
politics_350.txt_57,The Gateshead conference was told he would help young people who were struggling to buy their own homes.,"[{""text"": ""Gateshead"", ""label"": ""PUBLIC-FIGURE""}]"
politics_350.txt_410,"He said: ""I'm the General Election co-ordinator and I don't know, and Tony has not made up his mind.""","[{""text"": ""Tony"", ""label"": ""POLITICIAN""}]"
sport_123.txt_92,"Terry, the captain of Chelsea as they push for the Premiership title, would have been a certain starter in the absence of Campbell and Ferdinand.","[{""text"": ""Terry"", ""label"": ""ATHLETE""}, {""text"": ""Campbell"", ""label"": ""ATHLETE""}, {""text"": ""Ferdinand"", ""label"": ""ATHLETE""}]"
politics_380.txt_280,"Chancellor Gordon Brown and Transport Secretary Alistair Darling promoted the news in Edinburgh, Wales Secretary Peter Hain and Welsh First Minister Rhodri Morgan in Cardiff and Northern Ireland Minister John Spellar in Belfast.","[{""text"": ""Gordon Brown"", ""label"": ""POLITICIAN""}, {""text"": ""Alistair Darling"", ""label"": ""POLITICIAN""}, {""text"": ""Peter Hain"", ""label"": ""POLITICIAN""}, {""text"": ""Rhodri Morgan"", ""label"": ""POLITICIAN""}, {""text"": ""John Spellar"", ""label"": ""POLITICIAN""}]"
politics_380.txt_3724,I thank Mr. Blair and his government for increase in the national minimum wage.,"[{""text"": ""Blair"", ""label"": ""POLITICIAN""}]"
sport_149.txt_28,"Referred to in the Netherlands as ""the General"", Michels led the Dutch at the 1974 World Cup - when they reached the final only to lose 2-1 to Germany.","[{""text"": ""Michels"", ""label"": ""ATHLETE""}]"
politics_180.txt_161,Tony Blair said he would do everything he could to meet concerns about the bill.,"[{""text"": ""Tony Blair"", ""label"": ""POLITICIAN""}]"
politics_346.txt_372,"And Tony Blair would be in the very front line of that campaign, he said.","[{""text"": ""Tony Blair"", ""label"": ""POLITICIAN""}]"
sport_208.txt_169,Souness joined Sir Alex Ferguson in backing Smith's claims.,"[{""text"": ""Souness"", ""label"": ""ATHLETE""}, {""text"": ""Sir Alex Ferguson"", ""label"": ""ATHLETE""}, {""text"": ""Smith"", ""label"": ""ATHLETE""}]"
sport_208.txt_180,The Scottish Football Association is about to embark on the search for Vogts successor after appointing Tommy Burns in a caretaker capacity.,"[{""text"": ""Vogts"", ""label"": ""ATHLETE""}, {""text"": ""Tommy Burns"", ""label"": ""ATHLETE""}]"
entertainment_258.txt_128,"The assault charge stemmed from April 2004, when Ms Love found musician Kristin King in her boyfriend's home.","[{""text"": ""Love"", ""label"": ""MUSICIAN""}, {""text"": ""Kristin King"", ""label"": ""MUSICIAN""}]"
entertainment_258.txt_414,Cobain committed suicide in 1994.,"[{""text"": ""Cobain"", ""label"": ""MUSICIAN""}]"
entertainment_298.txt_6,"

Spider-Man creator Stan Lee is to get a multi-million dollar windfall after winning a court battle with comic book company Marvel.","[{""text"": ""Stan Lee"", ""label"": ""AUTHOR-WRITER""}]"
entertainment_298.txt_145,"Lee took legal action in 2002, saying Marvel shut him out of ""jackpot"" profits from the first blockbuster film.","[{""text"": ""Lee"", ""label"": ""AUTHOR-WRITER""}]"
entertainment_298.txt_195,As well as Spider-Man,"[{""text"": ""Spider-Man"", ""label"": ""PUBLIC-FIGURE""}]"
politics_009.txt_0,Campbell: E-mail row 'silly fuss',"[{""text"": ""Campbell"", ""label"": ""POLITICIAN""}]"
politics_280.txt_0,Blair sees greater Bush consensus,"[{""text"": ""Blair"", ""label"": ""POLITICIAN""}, {""text"": ""Bush"", ""label"": ""POLITICIAN""}]"
politics_280.txt_83,Mr Bush was sworn in at a ceremony in Washington DC on Thursday.,"[{""text"": ""Bush"", ""label"": ""POLITICIAN""}]"
politics_280.txt_98,"Echoing the new US Secretary of State Condoleezza Rice, the prime minister said there has been a clear evolution of US policy since the war in Afghanistan in 2001.","[{""text"": ""Condoleezza Rice"", ""label"": ""POLITICIAN""}]"
entertainment_229.txt_168,"Singer Sam Endicott said he felt ""great"" about coming top of the Sound of 2005 list.","[{""text"": ""Sam Endicott"", ""label"": ""MUSICIAN""}]"
business_246.txt_0,"Ebbers 'aware' of WorldCom fraud

","[{""text"": ""Ebbers"", ""label"": ""BUSINESS-EXECUTIVE-MANAGER""}]"
business_246.txt_85,Mr Ebbers has denied multiple charges of conspiracy and fraud.,"[{""text"": ""Ebbers"", ""label"": ""BUSINESS-EXECUTIVE-MANAGER""}]"
tech_052.txt_182,"Microsoft chief, Bill Gates, used the GDC event to unveil the original Xbox five years ago.","[{""text"": ""Bill Gates"", ""label"": ""BUSINESS-EXECUTIVE-MANAGER""}]"
sport_281.txt_0,Wenger shock at Newcastle dip,"[{""text"": ""Wenger"", ""label"": ""ATHLETE""}]"
entertainment_082.txt_343,The decision also saw Clint Eastwood get his third personal nomination for Million Dollar Baby.,"[{""text"": ""Clint Eastwood"", ""label"": ""ACTOR-DIRECTOR""}]"
entertainment_082.txt_394,"Chinese actress Ziyi Zhang, star of Crouching Tiger, Hidden Dragon, Hero and House of Flying Daggers,","[{""text"": ""Ziyi Zhang"", ""label"": ""ACTOR-DIRECTOR""}]"
business_303.txt_140,"Earlier, Mr Wilson had said that president Luiz Inacio Lula da Silva has decided to step in and a decree of some kind of intervention could be signed this week.","[{""text"": ""Wilson"", ""label"": ""BUSINESS-EXECUTIVE-MANAGER""}, {""text"": ""Luiz Inacio Lula da Silva"", ""label"": ""POLITICIAN""}]"
politics_134.txt_174,"The Attorney General, Lord Goldsmith, has so far issued no instructions to police on how they should deal with hunters who violate the law.","[{""text"": ""Lord Goldsmith"", ""label"": ""POLITICIAN""}]"
politics_134.txt_419,","" hunt master, Captain Ian Farquhar, said.","[{""text"": ""Ian Farquhar"", ""label"": ""PUBLIC-FIGURE""}]"
politics_150.txt_0,Galloway plea for hostage release,"[{""text"": ""Galloway"", ""label"": ""POLITICIAN""}]"
politics_150.txt_235,The latest footage showed Mrs Hassan asking for British troops to be pulled out of Iraq.,"[{""text"": ""Hassan"", ""label"": ""PUBLIC-FIGURE""}]"
sport_216.txt_396,"Yet Rooney is seen only as the worst example of many England miscreants, with Gary Neville criticised for continuing the feud between Manchester United and Arsenal for his tackles on Jose Reyes.","[{""text"": ""Rooney"", ""label"": ""ATHLETE""}, {""text"": ""Gary Neville"", ""label"": ""ATHLETE""}, {""text"": ""Jose Reyes"", ""label"": ""ATHLETE""}]"
sport_216.txt_514,"And like AS, Marca criticises Gary Neville for ""leaving a message on Reyes' ankle"" to remind him of the Manchester United-Arsenal clash this month.","[{""text"": ""Gary Neville"", ""label"": ""ATHLETE""}, {""text"": ""Reyes"", ""label"": ""ATHLETE""}]"
politics_248.txt_0,David Blunkett in quotes,"[{""text"": ""David Blunkett"", ""label"": ""POLITICIAN""}]"
politics_248.txt_303,"""I foolishly thought as this was a celebrity edition it would be more relaxed than normal.""

""You wake up and you receive a phone call - Shipman's topped himself.","[{""text"": ""Shipman"", ""label"": ""PUBLIC-FIGURE""}]"
politics_302.txt_233,"""A stooge who will sing any song, make any speech, do any dance, do anything she is told to by Tony Blair - irrespective of how her constituents are adversely affected or how strongly they feel to the contrary.""","[{""text"": ""Tony Blair"", ""label"": ""POLITICIAN""}]"
entertainment_041.txt_100,"Icon spent very little on advertising the film, which deals with the last hours of Jesus Christ's life, when it was released earlier this year","[{""text"": ""Jesus Christ"", ""label"": ""PUBLIC-FIGURE""}]"
entertainment_198.txt_0,"Brookside actress Keaveney dies

","[{""text"": ""Keaveney"", ""label"": ""ACTOR-DIRECTOR""}]"
entertainment_198.txt_188,"said: ""Anna was due to have had another operation on Friday but unfortunately she was too weak.""","[{""text"": ""Anna"", ""label"": ""ACTOR-DIRECTOR""}]"
tech_106.txt_58,Indian writer Rohit Gupta edits a group blog called Dogs without Borders.,"[{""text"": ""Rohit Gupta"", ""label"": ""AUTHOR-WRITER""}]"
tech_106.txt_411,Dina Mehta is an Indian blogger who's helping with the newly created South East Asia Earthquake and Tsunami Blog.,"[{""text"": ""Dina Mehta"", ""label"": ""AUTHOR-WRITER""}]"
tech_106.txt_607,Mr Kotamaraja wanted to help those affected by the tsunami by pooling money with concerned friends.,"[{""text"": ""Kotamaraja"", ""label"": ""PUBLIC-FIGURE""}]"
tech_106.txt_774,"""Well,"" Heretic writes, ""that was just the least affected areas - so you can just imagine - or can you?""","[{""text"": ""Heretic"", ""label"": ""AUTHOR-WRITER""}]"
tech_276.txt_587,Mr Bolz said video games firm had to work more closely with celebrities.,"[{""text"": ""Bolz"", ""label"": ""BUSINESS-EXECUTIVE-MANAGER""}]"
politics_161.txt_155,Mr Blair has been a leading advocate of Turkish membership despite controversy surrounding the idea.,"[{""text"": ""Blair"", ""label"": ""POLITICIAN""}]"
politics_282.txt_0,Blair blasts Tory spending plans,"[{""text"": ""Blair"", ""label"": ""POLITICIAN""}]"
business_178.txt_66,His comments came as President George W Bush said the US backed Russian entry.,"[{""text"": ""George W Bush"", ""label"": ""POLITICIAN""}]"
business_178.txt_105,His comments come three days before he is due to meet President Vladimir Putin.,"[{""text"": ""Vladimir Putin"", ""label"": ""POLITICIAN""}]"
sport_070.txt_245,"My gut feeling is that Kelly would like to run in the European Indoor Championships, but she just hasn't convinced herself she is fit enough to do so.","[{""text"": ""Kelly"", ""label"": ""ATHLETE""}]"
sport_070.txt_754,I think those conditions affected the distance runners and in fact Defar complained to her coach after the race that she could not get her breath properly.,"[{""text"": ""Defar"", ""label"": ""ATHLETE""}]"
sport_112.txt_147,"And responding to criticism from BBC Sport pundit and former Liverpool stalwart Alan Hansen, he insisted talks on new investment are ongoing, but added the door has not closed on shareholder and lifelong fan Steve Morgan.","[{""text"": ""Alan Hansen"", ""label"": ""ATHLETE""}, {""text"": ""Steve Morgan"", ""label"": ""BUSINESS-EXECUTIVE-MANAGER""}]"
sport_112.txt_1391,Critical time for Liverpool with regards to Gerrard.,"[{""text"": ""Gerrard"", ""label"": ""ATHLETE""}]"
sport_112.txt_1552,The key is if Gerrard comes out and says that he is happy.,"[{""text"": ""Gerrard"", ""label"": ""ATHLETE""}]"
politics_179.txt_301,"Farmer Geoff Brooks, a senior member of the Quorn hunt, told BBC News people's lives ""revolved around hunting"".","[{""text"": ""Geoff Brooks"", ""label"": ""PUBLIC-FIGURE""}]"
politics_335.txt_0,Kennedy begins pre-election tour,"[{""text"": ""Kennedy"", ""label"": ""POLITICIAN""}]"
entertainment_147.txt_258,"Mr Newton is a critically acclaimed jazz and classical flutist, composer, performer, and university professor.","[{""text"": ""Newton"", ""label"": ""MUSICIAN""}]"
sport_172.txt_0,Mourinho receives Robson warning,"[{""text"": ""Mourinho"", ""label"": ""ATHLETE""}, {""text"": ""Robson"", ""label"": ""ATHLETE""}]"
entertainment_309.txt_143,French writer Christophe Barratie and Korean writer Park Chan-Chook shared the best screenplay award for Les Choristes and Old Boy respectively.,"[{""text"": ""Christophe Barratie"", ""label"": ""AUTHOR-WRITER""}, {""text"": ""Park Chan-Chook"", ""label"": ""AUTHOR-WRITER""}]"
sport_282.txt_0,Ferguson hails Man Utd 's resolve,"[{""text"": ""Ferguson"", ""label"": ""ATHLETE""}]"
sport_198.txt_239,It also charged Ruud van Nistelrooy with serious foul play while Arsenal boss Arsene Wenger has been asked to explain comments he made about the referee.,"[{""text"": ""Ruud van Nistelrooy"", ""label"": ""ATHLETE""}, {""text"": ""Arsene Wenger"", ""label"": ""ATHLETE""}]"
entertainment_232.txt_128,"The original book by George Abbott and Richard Bissell will be revised by playwright Peter Ackerman, who co-wrote the screenplay for the movie Ice Age.","[{""text"": ""George Abbott"", ""label"": ""AUTHOR-WRITER""}, {""text"": ""Richard Bissell"", ""label"": ""AUTHOR-WRITER""}, {""text"": ""Peter Ackerman"", ""label"": ""AUTHOR-WRITER""}]"
sport_391.txt_0,Healey targets England comeback,"[{""text"": ""Healey"", ""label"": ""ATHLETE""}]"
business_167.txt_0,Hariri killing hits Beirut shares,"[{""text"": ""Hariri"", ""label"": ""POLITICIAN""}]"
politics_386.txt_85,Mr Straw also signed a deal on China-UK tourism.,"[{""text"": ""Straw"", ""label"": ""POLITICIAN""}]"
politics_386.txt_470,"Brad Adams, from the UK's Human Rights Watch, said: ""This is a huge political signal from Europe that they are willing to forget about Tiananmen Square.""","[{""text"": ""Brad Adams"", ""label"": ""PUBLIC-FIGURE""}]"
entertainment_329.txt_0,Van Gogh festival film withdrawn,"[{""text"": ""Van Gogh"", ""label"": ""PUBLIC-FIGURE""}]"
entertainment_329.txt_93,Submission was made with liberal Somali-Dutch politician Ayaan Hirsi Ali and was due to be shown on 30 January.,"[{""text"": ""Ayaan Hirsi Ali"", ""label"": ""POLITICIAN""}]"
entertainment_345.txt_0,"Britney attacks 'false tabloids'

Pop star Britney Spears has attacked ""false"" and ""desperate"" US tabloid magazines, questioning their honesty after they reported she was pregnant.","[{""text"": ""Britney"", ""label"": ""MUSICIAN""}, {""text"": ""Britney Spears"", ""label"": ""MUSICIAN""}]"
entertainment_345.txt_89,Stories about the state of her marriage to Kevin Federline and rumours about a pregnancy have recently appeared.,"[{""text"": ""Kevin Federline"", ""label"": ""MUSICIAN""}]"
entertainment_345.txt_126,"In February, Spears clashed with Us Weekly for publishing pictures of her honeymoon in Fiji without permission.","[{""text"": ""Spears"", ""label"": ""MUSICIAN""}]"
politics_008.txt_55,Labour's Yvette Cooper said she found it hard to persuade Commons officials she was a minister and not a secretary.,"[{""text"": ""Yvette Cooper"", ""label"": ""POLITICIAN""}]"
sport_365.txt_54,"But Williams said: ""I want to make it clear that I'm committed totally to Scottish rugby.","[{""text"": ""Williams"", ""label"": ""ATHLETE""}]"
business_193.txt_0,Borussia Dortmund near bust,"[{""text"": ""Borussia Dortmund"", ""label"": ""ATHLETE""}]"
politics_044.txt_50,It has been reported they could be questioned about Prince Charles' spending on Camilla Parker Bowles.,"[{""text"": ""Prince Charles"", ""label"": ""PUBLIC-FIGURE""}, {""text"": ""Camilla Parker Bowles"", ""label"": ""PUBLIC-FIGURE""}]"
entertainment_010.txt_165,"""The play is obscene and pornographic although it was under the guise of women's liberation,"" MP Kefa Ssempgani told parliament.","[{""text"": ""Kefa Ssempgani"", ""label"": ""POLITICIAN""}]"
entertainment_010.txt_211,"""There is obviously some fear of the vagina and saying the word vagina,"" Ms Ensler told the BBC.","[{""text"": ""Ensler"", ""label"": ""AUTHOR-WRITER""}]"
politics_305.txt_0,Labour battle plan 'hides Blair',"[{""text"": ""Blair"", ""label"": ""POLITICIAN""}]"
politics_305.txt_570,"""Tony Blair seems to have disappeared from Labour leaflets and broadcasts,"" he said.","[{""text"": ""Tony Blair"", ""label"": ""POLITICIAN""}]"
sport_319.txt_109,"The ban means former Scotland international Pountney cannot enter the playing enclosure, technical areas or go near the touchline, tunnel or players and officials' areas on the day of a game.","[{""text"": ""Pountney"", ""label"": ""ATHLETE""}]"
entertainment_254.txt_28,"The Birmingham-born singer, full name Jamelia Davis, was signed to a record label at the age of 15 and released her first single So High at 18.","[{""text"": ""Jamelia Davis"", ""label"": ""MUSICIAN""}]"
politics_157.txt_88,"In January, Mr Kilroy-Silk quit his BBC One show for remarks he made about Arabs, who he called ""suicide bombers"".","[{""text"": ""Kilroy-Silk"", ""label"": ""POLITICIAN""}]"
politics_157.txt_115,"

Mr Kilroy-Silk had already been taken off air by BBC bosses for the comments, in which he also described Arabs as ""limb-amputators, women repressors"".","[{""text"": ""Kilroy-Silk"", ""label"": ""POLITICIAN""}]"
politics_157.txt_371,"It went all inside the car and splattered Ruth Kelly.""","[{""text"": ""Ruth Kelly"", ""label"": ""POLITICIAN""}]"
politics_157.txt_505,"Mr Kilroy-Silk, an MEP for the East Midlands, resigned the UK Independence Party whip in the European Parliament in October, after criticising UKIP and stating his ambition to be leader.","[{""text"": ""Kilroy-Silk"", ""label"": ""POLITICIAN""}]"
politics_315.txt_103,Mr Smith's departure was reported widely at the time as his shouldering the blame for the failings of the Child Support Agency.,"[{""text"": ""Smith"", ""label"": ""POLITICIAN""}]"
politics_315.txt_228,"It now emerges that the widespread belief Mr Smith, made Commander of the Order of the Bath in the New Year honours, had left, was wrong.","[{""text"": ""Smith"", ""label"": ""POLITICIAN""}]"
politics_031.txt_0,Blunkett sorry over murder plan,"[{""text"": ""Blunkett"", ""label"": ""POLITICIAN""}]"
sport_227.txt_0,Wenger keeping faith with Almunia,"[{""text"": ""Wenger"", ""label"": ""ATHLETE""}, {""text"": ""Almunia"", ""label"": ""ATHLETE""}]"
sport_227.txt_52,"Wenger said: ""You don't think I would take out one goalkeeper for just one game, do you?","[{""text"": ""Wenger"", ""label"": ""ATHLETE""}]"
sport_227.txt_561,"Meanwhile, Thierry Henry believes he will be blamed if Arsenal fail to qualify for the next stage of the Champions League.","[{""text"": ""Thierry Henry"", ""label"": ""ATHLETE""}]"
entertainment_268.txt_124,"Motorhead, Judas Priest and Prodigy are included along with newer acts like The Darkness and Lostprophets.","[{""text"": ""Motorhead"", ""label"": ""MUSICIAN""}, {""text"": ""Judas Priest"", ""label"": ""MUSICIAN""}, {""text"": ""Prodigy"", ""label"": ""MUSICIAN""}, {""text"": ""The Darkness"", ""label"": ""MUSICIAN""}, {""text"": ""Lostprophets"", ""label"": ""MUSICIAN""}]"
"Virtual weight"" measurements are based on research by California Institute of Technology professor Roy Williams.","[{""text"": ""roy williams"", ""label"": ""AUTHOR-WRITER""}]"
"Britain has become a nation of information hoarders with a ferocious appetite for data,"" said Martin Larsson, general manager of Toshiba's European storage device division.","[{""text"": ""martin larsson"", ""label"": ""BUSINESS-EXECUTIVE-MANAGER""}]"
"Consumer electronics companies want UWB to replace cables and simplify set-up,"" Jeff Ravencraft, technology strategist at Intel and chairman of the Wireless USB Promoter Group, told technology site ZDNet. ""","[{""text"": ""jeff ravencraft"", ""label"": ""BUSINESS-EXECUTIVE-MANAGER""}]"
"Here in Asia, we consider a double-digit increase in retail on the order of 10 to 15% to be realistic on the basis of current features,"" said Helmut Panke, BMW's group chief executive.","[{""text"": ""helmut panke"", ""label"": ""BUSINESS-EXECUTIVE-MANAGER""}]"
"Stephen Toulouse, a Microsoft security manager, said the flaws were known about, and although the firm had not seen any attacks exploiting the flaw, he did not rule them out.","[{""text"": ""stephen toulouse"", ""label"": ""BUSINESS-EXECUTIVE-MANAGER""}]"
"That gives them some head room to invest in growth now,"" said Hannes Wittig, telecoms analyst at Dresdner Kleinwort Wasserstein.","[{""text"": ""hannes wittig"", ""label"": ""PUBLIC-FIGURE""}]"
": ""I recall in 1978 he came to the UK for Top of the Pops and a Daily Mirror journalist did a half-hour interview.","[{""text"": ""daily mirror journalist"", ""label"": ""AUTHOR-WRITER""}]"
"""While HSDPA theoretically enables data rates up to a maximum of 14Mbps, practical throughputs will be lower than this in wide-area networks,"" said Dr Alastair Brydon, author of the Analysys report: Pushing Beyond the Limits of 3G with HSDPA and Other Enhancements. ""","[{""text"": ""alastair brydon"", ""label"": ""AUTHOR-WRITER""}]"
"We are ""expanding our network and deploying EV-DO technology to meet customer demand for faster wireless speeds,"" said Oliver Valente, Sprint's vice president for technology development, when the contract was announced.","[{""text"": ""oliver valente"", ""label"": ""BUSINESS-EXECUTIVE-MANAGER""}]"
"Retail Decisions chief executive Carl Clump told the BBC that there was ""no doubt"" that chip and pin would ""reduce card fraud in the card-present environment"". ""","[{""text"": ""carl clump"", ""label"": ""BUSINESS-EXECUTIVE-MANAGER""}]"
"Chief executive Bill Gammell added: ""The more we progress in Rajasthan the better we feel about it.""","[{""text"": ""bill gammell"", ""label"": ""BUSINESS-EXECUTIVE-MANAGER""}]"
"In 2004, our company gained momentum, delivering...more new products, and more innovative breakthroughs, such as the Escape Hybrid, the industry's first full-hybrid sport utility vehicle,"" said chairman and chief executive officer Bill Ford.""","[{""text"": ""bill ford"", ""label"": ""BUSINESS-EXECUTIVE-MANAGER""}]"
"Chief executive Jim Skinner attributed an 8.3% increase in January worldwide sales to the ""vitality of our menu"", among other things.","[{""text"": ""jim skinner"", ""label"": ""BUSINESS-EXECUTIVE-MANAGER""}]"
"These assets significantly increase our exploration portfolio in Egypt and we continue to investigate further opportunities in this region,"" said chief executive Finian O'Sullivan.","[{""text"": ""finian o'sullivan"", ""label"": ""BUSINESS-EXECUTIVE-MANAGER""}]"
BBC Scotland political correspondent Glenn Campbell said the first minister had ordered an urgent report into the situation.,"[{""text"": ""glenn campbell"", ""label"": ""AUTHOR-WRITER""}]"
"One of the biggest changes of 2004 was the waning influence of the boy hackers keen to make a name by writing a fast-spreading virus, said Kevin Hogan, senior manager in Symantec's security response group.","[{""text"": ""kevin hogan"", ""label"": ""BUSINESS-EXECUTIVE-MANAGER""}]"
The devices gained new prominence this week after Alastair Campbell used his to accidentally send an expletive-laden message to a Newsnight journalist.,"[{""text"": ""alastair campbell"", ""label"": ""PUBLIC-FIGURE""}]"
"Clark Boyd is technology correspondent for The World, a BBC World Service and WGBH-Boston co-production","[{""text"": ""clark boyd"", ""label"": ""AUTHOR-WRITER""}]"
"US Attorney Paul McNulty said at the time: ""John Sankus and his techno-gang operated in the faceless world of the internet and thought they would never be caught. ""","[{""text"": ""paul mcnulty"", ""label"": ""PUBLIC-FIGURE""}, {""text"": ""john sankus"", ""label"": ""BUSINESS-EXECUTIVE-MANAGER""}]"
"US Customs claimed Mr Griffiths was one of DOD's leaders but his lawyer, Antony Townsden, told the BBC News website it was a laughable suggestion and added: ""He was living on welfare and had such an old computer that he couldn't even download software. ""","[{""text"": ""antony townsden"", ""label"": ""PUBLIC-FIGURE""}]"
"Electoral Commission chairman Sam Younger said: ""There is no doubt that political parties have a vital role to play in maintaining the health of our democracy and for this they need to be adequately resourced. ""","[{""text"": ""sam younger"", ""label"": ""BUSINESS-EXECUTIVE-MANAGER""}]"
"Since Mike Smith's appointment as chief executive in 1999, the group has focused on fewer businesses and embarked on a major cost-cutting programme which has seen it dispose of a number of businesses, including the Odeon cinema chain and the Pinewood studios.","[{""text"": ""mike smith"", ""label"": ""BUSINESS-EXECUTIVE-MANAGER""}]"
"Blunkett tells of love and pain

David Blunkett has spoken of his love for married publisher Kimberly Quinn for the first time.","[{""text"": ""david blunkett"", ""label"": ""POLITICIAN""}, {""text"": ""kimberly quinn"", ""label"": ""BUSINESS-EXECUTIVE-MANAGER""}]"
BBC political correspondent Carole Walker said the timing of the broadcast was unlikely to help his efforts to show that he is concentrating on getting on with the job of home secretary.,"[{""text"": ""carole walker"", ""label"": ""AUTHOR-WRITER""}]"
"February was another good month in the manufacturing sector,"" said ISM survey chairman Norbert Ore.

""While the overall rate of growth is slowing, the overall picture is improving as price increases and shortages are becoming less of a problem.","[{""text"": ""norbert ore"", ""label"": ""BUSINESS-EXECUTIVE-MANAGER""}]"
"Glen Wood, Vice President of Deutsche Securities Japan, asks; ""Who's going to fund the pension fund for the next generation and indeed who are going to be the new Japanese worker? ""","[{""text"": ""glen wood"", ""label"": ""BUSINESS-EXECUTIVE-MANAGER""}]"
"Chairman Peter Hill-Wood said: ""We are absolutely delighted that Arsene has signed an extension to his contract. ""","[{""text"": ""peter hill-wood"", ""label"": ""BUSINESS-EXECUTIVE-MANAGER""}]"
"Fantasy book wins Hollywood deal

A British author has had the film rights to her children's bestseller snapped up for a seven-figure sum, with Ridley Scott set to direct.","[{""text"": ""ridley scott"", ""label"": ""ACTOR-DIRECTOR""}]"
"Paver, who lives in London and previously worked as a lawyer, began writing the book in 1982 while studying biochemistry at Oxford University.","[{""text"": ""paver"", ""label"": ""AUTHOR-WRITER""}]"
"Michelle Paver lives and breathes the worlds she writes about,"" said a spokesman for the author. ""","[{""text"": ""michelle paver"", ""label"": ""AUTHOR-WRITER""}]"
"Takeover offer for Sunderland FC

Bob Murray, chairman of Sunderland FC, has launched a £1.5m ($2.8m) bid for the club after buying broadcaster BSkyB's stake in the business.","[{""text"": ""bob murray"", ""label"": ""BUSINESS-EXECUTIVE-MANAGER""}]"
"Gilles Babinet, chief executive of mobile music firm Musiwave, said: ""Music downloads on mobiles have the potential to be the biggest-ever medium for music.""","[{""text"": ""gilles babinet"", ""label"": ""BUSINESS-EXECUTIVE-MANAGER""}]"
"We're working on ways to encourage both adults and children to eat wisely by selecting more nutritionally balanced diets,"" said Lance Friedmann, Kraft senior vice president.","[{""text"": ""lance friedmann"", ""label"": ""BUSINESS-EXECUTIVE-MANAGER""}]"
"Voice command-and-control unlocks the potential of devices that can store large digital music collections,"" said Ross Blanchard, vice president of business development for Gracenote. ""","[{""text"": ""ross blanchard"", ""label"": ""BUSINESS-EXECUTIVE-MANAGER""}]"
"Speech is a natural fit for today's consumer devices, particularly in mobile environments,"" said Alan Schwartz, vice president of SpeechWorks, a division of ScanSoft. ""","[{""text"": ""alan schwartz"", ""label"": ""BUSINESS-EXECUTIVE-MANAGER""}]"
"There are 74 different devices that are being sold as HD but are not HD-ready, according to Alexander Oudendijk, senior vice president of marketing for satellite giant Astra.","[{""text"": ""alexander oudendijk"", ""label"": ""BUSINESS-EXECUTIVE-MANAGER""}]"
"We believe the DS will appeal to all ages, both genders and gamers of any skill,"" said David Yarnton, Nintendo Europe's general manager said at the recent press launch for the handheld.","[{""text"": ""david yarnton"", ""label"": ""BUSINESS-EXECUTIVE-MANAGER""}]"
"Sluggish demand reported previously for November and now December 2004 continues,"" said Virgin Blue chief executive Brett Godfrey.","[{""text"": ""brett godfrey"", ""label"": ""BUSINESS-EXECUTIVE-MANAGER""}]"
"Goldsmith denies war advice claim

The attorney general has denied his statement to Parliament about the legality of the Iraq war was drafted by Downing Street officials.","[{""text"": ""goldsmith"", ""label"": ""PUBLIC-FIGURE""}]"
"Mary Kayitesi Blewitt, founder of the Survivors Fund (SURF), one of the organisations through which the funds are being channelled, said it was a recognition, before it was too late, that the survivors should be a priority for help.","[{""text"": ""mary kayitesi blewitt"", ""label"": ""BUSINESS-EXECUTIVE-MANAGER""}]"
"Brent Bozell, PTC president and conservative activist said: ""MTV is blatantly selling raunchy sex to kids. ""","[{""text"": ""brent bozell"", ""label"": ""PUBLIC-FIGURE""}]"
"This preliminary data is surprising and somewhat shocking to us,"" said Marcel Nienhuis, market analyst at the Radicati Group. ""","[{""text"": ""marcel nienhuis"", ""label"": ""BUSINESS-EXECUTIVE-MANAGER""}]"
The firm has failed to make money since the state sold a majority stake to hotel tycoon Gordon Stewart in 1994.,"[{""text"": ""gordon stewart"", ""label"": ""BUSINESS-EXECUTIVE-MANAGER""}]"
"Michael Raftery, project manager at the Hansard Society, said: ""The Y Vote Mock Elections for schools mirror the excitement and buzz of a real election, raising awareness of citizenship, and the benefits of active democracy.""","[{""text"": ""michael raftery"", ""label"": ""BUSINESS-EXECUTIVE-MANAGER""}]"
"The litigation risks are real,"" said Credit Suisse First Boston analyst Vadim Mitroshin The dispute with the Russian authorities is partly driven by President Putin's clampdown on the political ambitions of ex-Yukos boss Mikhail Khodorkovsky.","[{""text"": ""vadim mitroshin"", ""label"": ""BUSINESS-EXECUTIVE-MANAGER""}, {""text"": ""putin"", ""label"": ""POLITICIAN""}, {""text"": ""mikhail khodorkovsky"", ""label"": ""BUSINESS-EXECUTIVE-MANAGER""}]"
"Rather than confronting the issue of reporter's privilege head-on, Apple is going to the journalist's ISPs for his e-mails,"" said EFF lawyer Kurt Opsahl. ""","[{""text"": ""kurt opsahl"", ""label"": ""PUBLIC-FIGURE""}]"
"Apple also sent requested information from the Nfox.com, the internet service provider of PowerPage's publisher Jason O-Grady.","[{""text"": ""jason o-grady"", ""label"": ""BUSINESS-EXECUTIVE-MANAGER""}]"
"The EFF has gained some powerful allies in its legal battle with Apple, including Professor Tom Goldstein, former dean of the Journalism School at the University of California and Dan Gillmor, a well-known Silicon Valley journalist.","[{""text"": ""tom goldstein"", ""label"": ""AUTHOR-WRITER""}, {""text"": ""dan gillmor"", ""label"": ""AUTHOR-WRITER""}]"
"We are seeing evidence that inflation is moving higher,"" said Ken Kim, an analyst at Stone & McCarthy Research. ""","[{""text"": ""ken kim"", ""label"": ""PUBLIC-FIGURE""}]"
"High, the Rugby Football Union's referees' manager, claimed Kaplan made three major errors which changed the outcome of Sunday's match.","[{""text"": ""high"", ""label"": ""BUSINESS-EXECUTIVE-MANAGER""}]"
"Mutu, 25, sacked by Chelsea and banned for seven months for taking cocaine, is now represented by Alessandro Moggi, son of Juve manager Luciano Moggi.","[{""text"": ""alessandro moggi"", ""label"": ""BUSINESS-EXECUTIVE-MANAGER""}, {""text"": ""luciano moggi"", ""label"": ""BUSINESS-EXECUTIVE-MANAGER""}]"
The Sunday Times reported that TCI had been drawing up a list of heavyweight executives to replace Deutsche's chairman Rolf Breuer and chief executive Werner Seifert.,"[{""text"": ""rolf breuer"", ""label"": ""BUSINESS-EXECUTIVE-MANAGER""}, {""text"": ""werner seifert"", ""label"": ""BUSINESS-EXECUTIVE-MANAGER""}]"
Yukos claims that the rights of its shareholders have been ignored and that is has been punished for the political ambitions of its founder Mikhail Khodorkovsky.,"[{""text"": ""mikhail khodorkovsky"", ""label"": ""BUSINESS-EXECUTIVE-MANAGER""}]"
"BBC political editor Andrew Marr said that Mr Brown's article was ""a warning shot"" to Mr Blair not to try and cut him out of the manifesto writing process. ""","[{""text"": ""andrew marr"", ""label"": ""AUTHOR-WRITER""}, {""text"": ""brown"", ""label"": ""POLITICIAN""}, {""text"": ""blair"", ""label"": ""POLITICIAN""}]"
"""Ultimately, we see RipGuard DVD... evolving beyond anti-piracy, and towards enablement of legitimate online transactions, interoperability in tomorrow's digital home, and the upcoming high-definition formats,"" said Steve Weinstein, executive vice president and general manager of Macrovision's Entertainment Technologies Group.","[{""text"": ""steve weinstein"", ""label"": ""BUSINESS-EXECUTIVE-MANAGER""}]"
"His lawyer Louise Christian said: ""'We are hoping to issue proceedings for the misfeasance of officials who colluded with the Americans in effectively kidnapping him and taking him to Guantanamo.""","[{""text"": ""louise christian"", ""label"": ""PUBLIC-FIGURE""}]"
"Attacks are getting more diffuse and more sophisticated,"" said Malcolm Seagrave, security expert at Energis. ""","[{""text"": ""malcolm seagrave"", ""label"": ""PUBLIC-FIGURE""}]"
"Our financial performance was strong, meeting or exceeding all of our full-year objectives and greatly enhancing our flexibility,"" chairman and chief executive Richard Parsons said.","[{""text"": ""richard parsons"", ""label"": ""BUSINESS-EXECUTIVE-MANAGER""}]"
"The company said it was unable to estimate the amount it needed to set aside for legal reserves, which it previously set at $500m. It intends to adjust the way it accounts for a deal with German music publisher Bertelsmann's purchase of a stake in AOL Europe, which it had reported as advertising revenue.","[{""text"": ""bertelsmann"", ""label"": ""BUSINESS-EXECUTIVE-MANAGER""}]"
"Former NatWest chief executive Mr Wanless, 57, has delivered not one but two major reports on the NHS.","[{""text"": ""wanless"", ""label"": ""BUSINESS-EXECUTIVE-MANAGER""}]"
"""The process has stopped by paying 50,000 euros,"" said Anton Winkler, spokesman for the Munich prosecutor.","[{""text"": ""anton winkler"", ""label"": ""PUBLIC-FIGURE""}]"
"However, all sides are anxious to avoid a major confrontation in the run up to the general election, said BBC labour affairs correspondent Stephen Cape.","[{""text"": ""stephen cape"", ""label"": ""AUTHOR-WRITER""}]"
"Kenteris's lawyer, Gregory Ioannidis, said: ""The decision means Mr Kenteris has been exonerated of highly damaging and unfounded charges which have been extremely harmful for his career.","[{""text"": ""gregory ioannidis"", ""label"": ""PUBLIC-FIGURE""}]"
"James Wareham, a lawyer representing one of the directors, told Reuters the 10 had agreed to pay those who lost billions when the firm collapsed.","[{""text"": ""james wareham"", ""label"": ""PUBLIC-FIGURE""}]"
"But, a spokesman for the prosecutor, New York State Comptroller Alan Hevesi, said no formal agreement had been made.","[{""text"": ""alan hevesi"", ""label"": ""PUBLIC-FIGURE""}]"
"""Directors very rarely pay,"" said Charles Elson, chairman of the Center for Corporate Governance at the University of Delaware.","[{""text"": ""charles elson"", ""label"": ""BUSINESS-EXECUTIVE-MANAGER""}]"
The company emerged from Chapter 11 protection last year and changed its name to MCI Inc. Former WorldCom chief executive Bernard Ebbers is to face trial this month on criminal charges that he oversaw the fraud.,"[{""text"": ""bernard ebbers"", ""label"": ""BUSINESS-EXECUTIVE-MANAGER""}]"
"Professor Angela MacFarlane, based at Bristol University, has spent several years researching how games can be incorporated into classrooms.","[{""text"": ""angela macfarlane"", ""label"": ""AUTHOR-WRITER""}]"
"John Woodward, chief executive of the UK Film Council, said it was ""extremely heartening"" to see British filmmaking talent recognised on the global stage. ""","[{""text"": ""john woodward"", ""label"": ""BUSINESS-EXECUTIVE-MANAGER""}]"
"Argonaut founder rebuilds empire

Jez San, the man behind the Argonaut games group which went into administration a week ago, has bought back most of the company.","[{""text"": ""jez san"", ""label"": ""BUSINESS-EXECUTIVE-MANAGER""}]"
"The group's three subsidiaries were placed in administration a week ago, with Mr Sans resigning as the company's CEO and some 100 staff being fired.","[{""text"": ""sans"", ""label"": ""BUSINESS-EXECUTIVE-MANAGER""}]"
"Liverpool pledge to keep Gerrard

Liverpool chief executive Rick Parry insists the club will never sell Steven Gerrard amid reports Chelsea will renew their bid to lure him from Anfield.","[{""text"": ""rick parry"", ""label"": ""BUSINESS-EXECUTIVE-MANAGER""}, {""text"": ""steven gerrard"", ""label"": ""ATHLETE""}]"
"We are all getting more and more files on our desktop but the real commercial opportunity lies with linking this through to web content,"" said Julian Smith, an analyst with research firm Jupiter. ""","[{""text"": ""julian smith"", ""label"": ""PUBLIC-FIGURE""}]"
"Alexander Linden, vice president of emerging technologies at analyst firm Gartner,downloaded the Google product but has since removed it. ""","[{""text"": ""alexander linden"", ""label"": ""BUSINESS-EXECUTIVE-MANAGER""}]"
"A new book, Brown's Britain by Sunday Telegraph journalist Robert Peston, says Mr Blair went back on a pledge to make way for Mr Brown after Cabinet allies intervened in June 2004.","[{""text"": ""robert peston"", ""label"": ""AUTHOR-WRITER""}, {""text"": ""blair"", ""label"": ""POLITICIAN""}, {""text"": ""brown"", ""label"": ""POLITICIAN""}]"
"LTA chief executive, John Crowther, added: ""The relationship that Jimmy's already started to develop with the coaches and the players has said to us that we'd like some more of it. ""","[{""text"": ""john crowther"", ""label"": ""BUSINESS-EXECUTIVE-MANAGER""}]"
"Helen Sudell, editor of the IDS Pensions Service, said the rise in contributions was ""staggering"" and the highest ever recorded by IDS. ""","[{""text"": ""helen sudell"", ""label"": ""AUTHOR-WRITER""}]"
"Rory O' Neill, editor of union-backed Hazards magazine, which conducted the research, said: ""Giving union safety reps more rights in more workplaces is the ultimate win-win. ""","[{""text"": ""rory o'neill"", ""label"": ""AUTHOR-WRITER""}]"
"Jewish Chronicle editor Ned Temko said there had been a mixed reaction to the first poster but e-mails from Jewish Chronicle readers showed deeper concern about the hypnotism image. ""","[{""text"": ""ned temko"", ""label"": ""AUTHOR-WRITER""}]"
The prime minister and chancellor faced backbench discontent at Monday's meeting of the Parliamentary Labour Party over claims made in journalist Robert Peston's new book.,"[{""text"": ""robert peston"", ""label"": ""AUTHOR-WRITER""}]"
"Gervais and The Office co-writer Stephen Merchant received a special award for writing, presented by Noel Gallagher and Tom Stoppard.","[{""text"": ""stephen merchant"", ""label"": ""AUTHOR-WRITER""}, {""text"": ""noel gallagher"", ""label"": ""MUSICIAN""}, {""text"": ""tom stoppard"", ""label"": ""AUTHOR-WRITER""}]"
"While all these divisions are doing well the big worries continue to surround Mercedes-Benz,"" Michael Rabb, an analyst with Bank Sal Oppenheim, told Reuters.","[{""text"": ""michael rabb"", ""label"": ""PUBLIC-FIGURE""}]"
"After the ABC television program earlier this month, Jones' lawyer Richard Nicholls said: ""Marion has steadfastly maintained her position throughout: she has never, ever used performance-enhancing drugs. ""","[{""text"": ""richard nicholls"", ""label"": ""PUBLIC-FIGURE""}]"
"New speculation about the state of their relationship was sparked by claims in Brown's Britain, by Sunday Telegraph journalist Robert Peston, which suggested Mr Blair went back on a pledge to make way for Mr Brown.","[{""text"": ""robert peston"", ""label"": ""AUTHOR-WRITER""}, {""text"": ""blair"", ""label"": ""POLITICIAN""}, {""text"": ""brown"", ""label"": ""POLITICIAN""}]"
"Yet aviation analyst Mike Powell of Dresdner Kleinwort Wasserstein says BA's estimated annual surcharge revenues - £160m - will still be way short of its additional fuel costs - a predicted extra £250m. Turnover for the quarter was up 4.3% to £1.97bn, further benefiting from a rise in cargo revenue.","[{""text"": ""mike powell"", ""label"": ""PUBLIC-FIGURE""}]"
"Aviation analyst Nick Van den Brul of BNP Paribas described BA's latest quarterly results as ""pretty modest"". ""","[{""text"": ""nick van den brul"", ""label"": ""PUBLIC-FIGURE""}]"
"Nick Ross, deputy labs editor at PC Pro, said the important point about buying a cheap and cheerful PC is the upgrade path.","[{""text"": ""nick ross"", ""label"": ""AUTHOR-WRITER""}]"
"Elliott Wilson, editor-in-chief of hip-hop magazine XXL, said the feud would boost publicity for 50 Cent's release. ""","[{""text"": ""elliott wilson"", ""label"": ""AUTHOR-WRITER""}, {""text"": ""50 cent"", ""label"": ""MUSICIAN""}]"
"In many ways the different DRM systems are akin to the different physical formats, such as Betamax and VHS, that consumers have seen in the past,"" said Ian Fogg, personal technology and broadband analyst at Jupiter Research. ""","[{""text"": ""ian fogg"", ""label"": ""PUBLIC-FIGURE""}]"
"Shelley Taylor, analyst and author of a report about online music services, said the locks and limits on digital files were done to maximise the cash that firms can make from consumers.","[{""text"": ""shelley taylor"", ""label"": ""AUTHOR-WRITER""}]"
"Clearly the Chinese are trying to get some leverage [in Russia],"" said Dmitry Lukashov, an analyst at brokerage Aton. ""","[{""text"": ""dmitry lukashov"", ""label"": ""PUBLIC-FIGURE""}]"
"John Peel replacement show begins

The permanent replacement for late DJ John Peel's BBC Radio 1 show goes on air on Tuesday, with three hosts chosen to fill the legendary presenter's slot.","[{""text"": ""john peel"", ""label"": ""AUTHOR-WRITER""}]"
"Its protagonist is a Harvard professor likened to a contemporary Indiana Jones, who also appeared in Brown's first book Angels and Demons.","[{""text"": ""brown"", ""label"": ""AUTHOR-WRITER""}]"
"The last thing they need is additional production capacity in Europe,"" said Patrick Juchemich, auto analyst at Sal Oppenheim Bank.","[{""text"": ""patrick juchemich"", ""label"": ""PUBLIC-FIGURE""}]"
Blackground Records' lawyer Frank Penski said he had yet to examine the decision and did not know whether they would pursue the case.,"[{""text"": ""frank penski"", ""label"": ""PUBLIC-FIGURE""}]"
"Former British TV presenter Andrea Arnold, who hosted children's shows Motormouth and Number 73 in the 1980s, won best short film for Wasp.","[{""text"": ""andrea arnold"", ""label"": ""AUTHOR-WRITER""}]"
"Fidelis Nanga, a journalist based in the Cameroon capital Yaounde, said the government was considering taking criminal action against those found guilty and forcing them to repay any money owed. ""","[{""text"": ""fidelis nanga"", ""label"": ""AUTHOR-WRITER""}]"
"The athletes' lawyer Grigoris Ioanidis said he believed the independent disciplinary committee set up by the Greek Athletics Federation (SEGAS) would find them innocent. ""","[{""text"": ""grigoris ioanidis"", ""label"": ""PUBLIC-FIGURE""}]"
Marsh is also the focus of an inquiry the New York attorney-general into whether insurers rigged the market.,"[{""text"": ""marsh"", ""label"": ""PUBLIC-FIGURE""}]"
Mr Spitzer has built up a reputation as a fierce critic and campaigner against corporate America's misdeeds.,"[{""text"": ""spitzer"", ""label"": ""PUBLIC-FIGURE""}]"
"The band have done ""everything in their considerable powers"" to ensure they remain the biggest band in the world, according to Q magazine editor Paul Rees.","[{""text"": ""paul rees"", ""label"": ""AUTHOR-WRITER""}]"
"Cross-selling opportunities between banks and brokers are increasing thanks to deregulation, so we can expect the relationship to get even stronger,"" said Heronry Nozaki, an analyst at NikkoCitigroup.","[{""text"": ""heronry nozaki"", ""label"": ""PUBLIC-FIGURE""}]"
"A lot of this is driven by just the ability to do it,"" said Stephen Baker, a consumer electronics analyst with retail research firm NPD Group. ""","[{""text"": ""stephen baker"", ""label"": ""PUBLIC-FIGURE""}]"
"Claude Errera, editor of fansite Halo.","[{""text"": ""claude errera"", ""label"": ""AUTHOR-WRITER""}]"
"The magazine's music editor Mark Robertson said: ""The idea behind the project was simple - to rediscover the very best of Scottish music, from the finest musical talent spanning from the age of 70s rock through to 80s pop, right up to today's international stars."" ""","[{""text"": ""mark robertson"", ""label"": ""AUTHOR-WRITER""}]"
"BBC Radio Scotland presenter Vic Galloway, who has been involved in the project, said it had been ""great fun"" to look back at Scotland's musical heritage and take note of up-and-coming Scottish acts.","[{""text"": ""vic galloway"", ""label"": ""AUTHOR-WRITER""}]"
"Following Mr Straw's announcement, lawyer Louise Christian, who represents Mr Abbasi and Mr Mubanga, said the government should have acted sooner.","[{""text"": ""straw"", ""label"": ""POLITICIAN""}, {""text"": ""louise christian"", ""label"": ""PUBLIC-FIGURE""}, {""text"": ""Mr Abbasi"", ""label"": ""PUBLIC-FIGURE""}, {""text"": ""Mr Mubanga"", ""label"": ""PUBLIC-FIGURE""}]"
"Prosecuting attorney Carol Lam said: ""All US companies should take note that attempting to bribe foreign officials is criminal conduct and will be appropriately prosecuted.""","[{""text"": ""carol lam"", ""label"": ""PUBLIC-FIGURE""}]"
"The feminist writer and broadcaster said Big Brother had behaved ""like a child rather than a parent"" by taunting contestant John McCririck after denying him a cola drink. ""","[{""text"": ""john mccririck"", ""label"": ""PUBLIC-FIGURE""}]"
"The idea of a ""civic commons"" was originally proposed by Stephen Coleman, professor of e-democracy at the Oxford Internet Institute.","[{""text"": ""stephen coleman"", ""label"": ""AUTHOR-WRITER""}]"
"There are common musical elements linking nearly all the big Christmas number ones of recent times,"" said editor David Roberts.","[{""text"": ""david roberts"", ""label"": ""AUTHOR-WRITER""}]"
"A senior defence official, speaking to the BBC's defence correspondent Paul Adams, said that although the figures were still not good enough, the report reflected unrealistic expectations early on in the project cycle.","[{""text"": ""paul adams"", ""label"": ""AUTHOR-WRITER""}]"
Professor Etzioni was a senior adviser to President Carter's White House and is the guru behind communitarian ideas which influenced the development of Blairite Third Way politics.,"[{""text"": ""etzioni"", ""label"": ""PUBLIC-FIGURE""}, {""text"": ""carter"", ""label"": ""POLITICIAN""}, {""text"": ""blair"", ""label"": ""POLITICIAN""}]"
"So far, we are faring better than expected, but the results are still split,"" Ken Perkins, an analyst at research firm RetailMetrics LLC, told Associated Press. ""","[{""text"": ""ken perkins"", ""label"": ""PUBLIC-FIGURE""}]"
"Malcolm Seagrave, security expert at Energis, said the most common types of attacks hit sites with 10 megabytes of data over short periods of time.","[{""text"": ""malcolm seagrave"", ""label"": ""PUBLIC-FIGURE""}]"
"Jarre joins fairytale celebration

French musician Jean-Michel Jarre is to perform at a concert in Copenhagen to mark the bicentennial of the birth of writer Hans Christian Andersen.","[{""text"": ""jean-michel jarre"", ""label"": ""MUSICIAN""}, {""text"": ""hans christian andersen"", ""label"": ""AUTHOR-WRITER""}]"
"The pair were at a Manhattan library to honour US literary critic Harold Bloom ""the international icon we thought we knew so well"".","[{""text"": ""harold bloom"", ""label"": ""AUTHOR-WRITER""}]"
"A panel of judges including Sir Trevor McDonald, actor Hugh Grant and writer Joanne Harris will meet up on 25 January to decide the overall winner, with the announcement being made later that evening.","[{""text"": ""trevor mcdonald"", ""label"": ""AUTHOR-WRITER""}, {""text"": ""hugh grant"", ""label"": ""ACTOR-DIRECTOR""}, {""text"": ""joanne harris"", ""label"": ""AUTHOR-WRITER""}]"
"Scotsman journalist Hamish MacDonell said he believed the bigger picture had been ""obscured"" by the remark.","[{""text"": ""hamish macdonell"", ""label"": ""AUTHOR-WRITER""}]"
"Mr MacDonell, political editor of The Scotsman, said: ""I think we have to say right at the outset that this was a very stupid and ill-advised remark by the first minister. ""","[{""text"": ""macdonell"", ""label"": ""AUTHOR-WRITER""}]"
"There is a whiff of a sweetener in there,"" Anais Faraj, an analyst at Nomura told the BBC's World Business Report. ""","[{""text"": ""anais faraj"", ""label"": ""PUBLIC-FIGURE""}]"
"A lawyer for the victims, Eduardo Contreras, told Reuters news agency: ""This demonstrates that the horrors of the Pinochet dictatorship are not a mystery to anyone and that the whole world knows his victims deserve reparations.""","[{""text"": ""eduardo contreras"", ""label"": ""PUBLIC-FIGURE""}]"
"The possibility of carrying out this project is next to zero,"" said Atinc Ozkan, analyst at Finans Investment in Istanbul.","[{""text"": ""atinc ozkan"", ""label"": ""PUBLIC-FIGURE""}]"
"It is a positive development for carriers and the investment community, looking to take a longer-term view of the huge growth in the Indian telecoms market,"" said Gartner's principal analyst Kobita Desai. ""","[{""text"": ""kobita desai"", ""label"": ""PUBLIC-FIGURE""}]"
"""It was a respectable report,"" said Michael Moran, analyst at Daiwa Securities.","[{""text"": ""michael moran"", ""label"": ""PUBLIC-FIGURE""}]"
"Arthur Hailey: King of the bestsellers

Novelist Arthur Hailey, who has died at the age of 84, was known for his bestselling page-turners exploring the inner workings of various industries, from the hotels to high finance.","[{""text"": ""arthur hailey"", ""label"": ""AUTHOR-WRITER""}]"
"Learning to love broadband

We are reaching the point where broadband is a central part of daily life, at least for some, argues technology analyst Bill Thompson.","[{""text"": ""bill thompson"", ""label"": ""AUTHOR-WRITER""}]"
"But Louise Christian, the lawyer representing Mr Abbasi and Mr Mubanga, said the families would be reunited with the men away from the station.","[{""text"": ""louise christian"", ""label"": ""PUBLIC-FIGURE""}]"
"Gareth Peirce, lawyer for Mr Begg, said she was shocked at the condition of the men and appalled that the authorities felt the need to detain them.","[{""text"": ""gareth peirce"", ""label"": ""PUBLIC-FIGURE""}]"
"G Money, a presenter on the BBC's urban music station 1Xtra, thinks a hiatus is inevitable after such a sustained period of exposure - giving the band time to think about other interests. ""","[{""text"": ""g money"", ""label"": ""AUTHOR-WRITER""}]"
"Davis, whose 65-year career included credits as a producer, director, actor and writer for stage and screen, was also a civil rights activist.","[{""text"": ""davis"", ""label"": ""ACTOR-DIRECTOR""}]"
"Ring of Fire hit co-writer dies

Merle Kilgore, co-writer of the country hit Ring of Fire, has died of congestive heart failure aged 70.","[{""text"": ""merle kilgore"", ""label"": ""AUTHOR-WRITER""}]"
"According to the Financial Times' China correspondent, the new rules highlight the political sensitivities that surround foreign involvement in China's media sector.","[{""text"": ""financial times' china correspondent"", ""label"": ""AUTHOR-WRITER""}]"
"On Tuesday, the company's administrator, turnaround expert Enrico Bondi, sued Morgan Stanley, its former banker, to return 136m euros relating to a 2003 bond deal.","[{""text"": ""enrico bondi"", ""label"": ""BUSINESS-EXECUTIVE-MANAGER""}]"
"Rob Fahey, editor of online news site gamesindustry.biz, said the mass banning showed off the power of the Steam system.","[{""text"": ""rob fahey"", ""label"": ""AUTHOR-WRITER""}]"
The Attorney General Lord Goldsmith will receive a letter of resignation from Mr MacDonald on Monday.,"[{""text"": ""lord goldsmith"", ""label"": ""PUBLIC-FIGURE""}]"
"Helena Kennedy, a Labour peer and a human rights lawyer, said the Special Advocates' main concern was that once they had seen any special intelligence they were not allowed to speak to the detainees. ""","[{""text"": ""helena kennedy"", ""label"": ""PUBLIC-FIGURE""}]"
"The book by Sunday Telegraph journalist Robert Peston said the pair had ""mutual animosity and contempt"" for each other.","[{""text"": ""robert peston"", ""label"": ""AUTHOR-WRITER""}]"
"Carol Walker, BBC News 24 political correspondent, added: ""There is a real concern that this could undermine the general election campaign. ""","[{""text"": ""carol walker"", ""label"": ""AUTHOR-WRITER""}]"
"Dan Jolin, reviews editor of Empire magazine, says classic children's TV shows have a built-in audience that make them ideal for reinvention.","[{""text"": ""dan jolin"", ""label"": ""AUTHOR-WRITER""}]"
"With only 13 episodes made of the 1974 series, there is plenty of room to explore the lives of the pink cat, Professor Yaffle and the Mice of the Marvellous Mechanical Mouse Organ.","[{""text"": ""professor yaffle"", ""label"": ""PUBLIC-FIGURE""}]"
"Cell could also be marketed as an ideal technology for televisions and supercomputers, and everything in between, said Kevin Krewell, the editor in chief of Microprocessor Report.","[{""text"": ""kevin krewell"", ""label"": ""AUTHOR-WRITER""}]"
"Few games have hinted at the scope of Spore, but Mr Wright explained that he has nevertheless kept his development team small by hiring expert programmers.","[{""text"": ""wright"", ""label"": ""AUTHOR-WRITER""}]"
Owain Bennallack is the editor of Develop magazine.,"[{""text"": ""owain bennallack"", ""label"": ""AUTHOR-WRITER""}]"
"Mr Sigarchi's lawyer labelled the revolutionary court ""illegal and incompetent"" and called for a retrial in a public court.","[{""text"": ""sigarchi"", ""label"": ""PUBLIC-FIGURE""}]"
"Other stars who turned out on the night included Honor Blackman, Strictly Come Dancing presenter Tess Daly and actress Anita Dobson.","[{""text"": ""honor blackman"", ""label"": ""ACTOR-DIRECTOR""}, {""text"": ""tess daly"", ""label"": ""AUTHOR-WRITER""}, {""text"": ""anita dobson"", ""label"": ""ACTOR-DIRECTOR""}]"
"Twelve months ago high speed internet users made up just over one third of the audience in Europe; now they are more than 50% and we expect this number to keep growing,"" said Gabrielle Prior, Nielsen/NetRatings analyst. ""","[{""text"": ""gabrielle prior"", ""label"": ""PUBLIC-FIGURE""}]"
"Year-on-year we are continuing to see a seismic shift in where, when and how Europe's population consume media for information and entertainment and this has big implications for TV, newspaper and radio,"" said Jupiter Research analyst Olivier Beauvillian.","[{""text"": ""olivier beauvillian"", ""label"": ""PUBLIC-FIGURE""}]"
"The primary factor is the weak dollar,"" said Victor Shum, a Singapore-based analyst with Purvin and Gertz.","[{""text"": ""victor shum"", ""label"": ""PUBLIC-FIGURE""}]"
"BBC political correspondent Mark Mardell said Britishness had long been a theme of the chancellor's but ""never before has he been so outspoken in defending Britain's past history"".","[{""text"": ""mark mardell"", ""label"": ""AUTHOR-WRITER""}]"
"Halloween writer Debra Hill dies

Screenwriter and producer Debra Hill, best known for her work on the 70s horror classic Halloween, has died in Los Angeles aged 54.","[{""text"": ""debra hill"", ""label"": ""AUTHOR-WRITER""}]"
"Downing Street has denied the claims, made in a new book about the Attorney General Lord Goldsmith's advice.","[{""text"": ""lord goldsmith"", ""label"": ""PUBLIC-FIGURE""}]"
"In his new book, Lawless World, Philippe Sands, a QC and international law professor, suggests the parliamentary answer was written in Downing Street.","[{""text"": ""philippe sands"", ""label"": ""AUTHOR-WRITER""}]"
"This would be wrong even if Lord Goldsmith had signed the statement, Mr Cook said, because the attorney general's advice should be an ""independent legal opinion"", not subject to ""political negotiation of this kind"".","[{""text"": ""lord goldsmith"", ""label"": ""PUBLIC-FIGURE""}, {""text"": ""cook"", ""label"": ""POLITICIAN""}]"
"Simon Perry is the editor of the Digital Lifestyles website, which covers the impact of technology on media","[{""text"": ""simon perry"", ""label"": ""AUTHOR-WRITER""}]"
"Black Friday is based upon the novel of the same name written by journalist S Hussain Zaidi, which looks at the 15 explosions which rocked Mumbai on 12 March 1993.","[{""text"": ""s hussain zaidi"", ""label"": ""AUTHOR-WRITER""}]"
Mr Kashyap's lawyer Mihir Desai said.,"[{""text"": ""mihir desai"", ""label"": ""PUBLIC-FIGURE""}]"
"Their lawyer, Majeed Memon, said: ""We had argued that how can a film say it is telling the true story when the court itself is struggling to find the truth? ""","[{""text"": ""majeed memon"", ""label"": ""PUBLIC-FIGURE""}]"
Napier's lawyer Tony Kelly believes the action will soon be followed by others.,"[{""text"": ""tony kelly"", ""label"": ""PUBLIC-FIGURE""}]"
"""The story of the PSP is it's not a gaming device as much as it is a portable entertainment device,"" said Michael Pachter, analyst at Wedbush Morgan Securities.","[{""text"": ""michael pachter"", ""label"": ""PUBLIC-FIGURE""}]"
"Mr Tanzi, 66, issued a statement through his lawyer after five hours of questioning by prosecutors in Parma on 15 January.","[{""text"": ""tanzi"", ""label"": ""BUSINESS-EXECUTIVE-MANAGER""}]"
"Paul Richards, an analyst at Numis Securities, said the market would be focusing on the slump in music sales rather than the timing of the two albums. ""","[{""text"": ""paul richards"", ""label"": ""PUBLIC-FIGURE""}]"
"Dominic Carman - son of late libel lawyer George Carman - was voted through to the final 25, on a platform of cutting defence spending to boost education.","[{""text"": ""dominic carman"", ""label"": ""PUBLIC-FIGURE""}, {""text"": ""george carman"", ""label"": ""PUBLIC-FIGURE""}]"
"The authorities in the US, who have indicted 19 people in Newark, New Jersey, estimate the fraud caused losses of more than $4m. Assistant US Attorney Scott Christie said several people had been arrested in Argentina, Bulgaria, Canada, Estonia, Poland and Sweden.","[{""text"": ""scott christie"", ""label"": ""PUBLIC-FIGURE""}]"
"He's been successful ripping people off all these years,"" AP quoted prosecutor Russell McGuire as saying.","[{""text"": ""russell mcguire"", ""label"": ""PUBLIC-FIGURE""}]"
"Jaynes was also found guilty of breaking a state law which prohibits the sending of more than 100,000 e-mails in 30 days, Virginia State Attorney General Jerry Kilgore reportedly said.","[{""text"": ""jerry kilgore"", ""label"": ""PUBLIC-FIGURE""}]"
"But Jaynes' lawyer David Oblon called the nine-year recommended term ""outrageous"" and said his client believed he was innocent.","[{""text"": ""david oblon"", ""label"": ""PUBLIC-FIGURE""}]"
"Cosby's lawyer, Walter M Phillips Jr, said the comedian was pleased with the decision. ""","[{""text"": ""walter m phillips jr"", ""label"": ""PUBLIC-FIGURE""}]"
"District Attorney Bruce L Castor Jr, who was in charge of the case, said that detectives could find no instance ""where anyone complained to law enforcement of conduct which would constitute a criminal offence.","[{""text"": ""bruce l castor jr"", ""label"": ""PUBLIC-FIGURE""}]"
"The unidentified woman's lawyer, Dolores M Troiani, said her client was likely to sue the comedian. ""","[{""text"": ""dolores m troiani"", ""label"": ""PUBLIC-FIGURE""}]"
