tokens,ner_tags,keyword
"shadow leader of the commons oliver heal ##d said : "" this will be part of our aim to reduce unnecessary and costly interference in people ' s lives by reducing the size and role of the state "" .",O O O O O B-POLITICIAN I-POLITICIAN I-POLITICIAN O O O O O O O O O O O O O O O O O O O O O O O O O O O O O O O O,NONE
"dr ##og ##ba , chelsea ' s £2 ##4 ##m striker , has missed the last three weeks through injury .",B-ATHLETE I-ATHLETE I-ATHLETE O O O O O O O O O O O O O O O O O O,NONE
tara ##ntino ' to make friday sequel ',B-ACTOR-DIRECTOR I-ACTOR-DIRECTOR O O O O O O,NONE
the best performance on the track for me was sarah cl ##ax ##ton ' s win in the 60 ##m hurdles .,O O O O O O O O O B-ATHLETE I-ATHLETE I-ATHLETE I-ATHLETE O O O O O O O O O,NONE
diane allah ##gree ##n has been our best hurdle ##r for some time now and i think she was surprised to be beaten by sarah .,B-ATHLETE I-ATHLETE I-ATHLETE I-ATHLETE O O O O O O O O O O O O O O O O O O O O B-ATHLETE O,NONE
"a lot of the athletes said the runway was not very helpful , so for phillips to jump like that is a good performance .",O O O O O O O O O O O O O O O B-ATHLETE O O O O O O O O O,NONE
"yusuf , who came third in the 400 ##m , is from the sudan but is trying to gain british citizenship .",B-ATHLETE O O O O O O O O O O O O O O O O O O O O O,NONE
"a spokesman said president mu ##sha ##rra ##f ' s safety had not been compromised , as the papers had been handed in promptly .",O O O O B-POLITICIAN I-POLITICIAN I-POLITICIAN I-POLITICIAN O O O O O O O O O O O O O O O O O,NONE
gen mu ##sha ##rra ##f held talks with tony blair on monday .,O B-POLITICIAN I-POLITICIAN I-POLITICIAN I-POLITICIAN O O O B-POLITICIAN I-POLITICIAN O O O,NONE
' my memories of marley . . . ',O O O O B-MUSICIAN O O O O,NONE
"accepting his best dramatic actor prize , di ##cap ##rio described director martin sc ##ors ##ese as "" one of the greatest contributors to the world of cinema of all time "" .",O O O O O O O B-ACTOR-DIRECTOR I-ACTOR-DIRECTOR I-ACTOR-DIRECTOR O O B-ACTOR-DIRECTOR I-ACTOR-DIRECTOR I-ACTOR-DIRECTOR I-ACTOR-DIRECTOR O O O O O O O O O O O O O O O O O,NONE
"but mr blair had been "" hurt "" by the iraq controversy , he added .",O O B-POLITICIAN O O O O O O O O O O O O O,NONE
blair ' pressing us on climate ',B-POLITICIAN O O O O O O,NONE
officials have confirmed climate change was discussed when influential senator john mccain recently visited mr blair .,O O O O O O O O O O B-POLITICIAN I-POLITICIAN O O O B-POLITICIAN O,NONE
but he played down reports mr blair was considering a new us - friendly treaty .,O O O O O O B-POLITICIAN O O O O O O O O O,NONE
president bush ' s advisers have repeatedly denied global warming is taking place .,O B-POLITICIAN O O O O O O O O O O O O,NONE
mr straw said he hoped the agreement would make a difference to kashmir ##is .,O B-POLITICIAN O O O O O O O O O O O O O,NONE
"on thursday mr straw was in india visiting sikh ##ism ' s ho ##liest shrine , the golden temple in am ##rit ##sar where he tried his hand at making indian bread or rot ##i .",O O O B-POLITICIAN O O O O O O O O O O O O O O O O O O O O O O O O O O O O O O O O,NONE
jones medals ' must go if guilty ',B-ATHLETE O O O O O O O,NONE
"the award - winning trilogy - northern lights , the subtle knife and the amber spy ##glass - tell the story of oxford school child l ##yra bela ##c ##qua .",O O O O O O O O O O O O O O O O O O O O O O O O O B-PUBLIC-FIGURE I-PUBLIC-FIGURE I-PUBLIC-FIGURE I-PUBLIC-FIGURE I-PUBLIC-FIGURE O,NONE
"for the li ##b dem ##s , simon hughes said many pension ##ers are means tested for the money they needed and students who were told there wouldn ' t be tuition fees and more debt "" have been given exactly the opposite "" .",O O O O O O O B-POLITICIAN I-POLITICIAN O O O O O O O O O O O O O O O O O O O O O O O O O O O O O O O O O O O O,NONE
both the cardinal and archbishop of canterbury dr rowan williams appealed for the weapons inspectors to be given more time in iraq before the war started .,O O O O O O O O B-PUBLIC-FIGURE I-PUBLIC-FIGURE O O O O O O O O O O O O O O O O O,NONE
patti smith to host arts festival,B-MUSICIAN I-MUSICIAN O O O O,NONE
"last year , jackson exposed a breast during a dance routine , causing outrage among millions of tv viewers and landing the cbs tv network a fine .",O O O B-MUSICIAN O O O O O O O O O O O O O O O O O O O O O O O O,NONE
"black eyed peas singer fe ##rg ##ie was dressed in a tight orange top and purple hot ##pants , but nothing in her performance was likely to upset tv watch ##dog ##s .",O O O O B-MUSICIAN I-MUSICIAN I-MUSICIAN O O O O O O O O O O O O O O O O O O O O O O O O O O,NONE
the issue entered the public spotlight when norfolk farmer tony martin was jailed for shooting dead a 16 - year - old bu ##rg ##lar in 1999 as he ran away from the farm .,O O O O O O O O O B-PUBLIC-FIGURE I-PUBLIC-FIGURE O O O O O O O O O O O O O O O O O O O O O O O O,NONE
"asked about sir ian ' s comments , the prime minister ' s official spokesman said : "" we believe the threat is real . """,O O O B-PUBLIC-FIGURE O O O O O O O O O O O O O O O O O O O O O O,NONE
"but mr blair insisted : "" there is no greater civil liberty than to live free from terrorist attack . """,O O B-POLITICIAN O O O O O O O O O O O O O O O O O O,NONE
the 22 - year - old sc ##ot finished fourth in the 60 ##m hurdles at the jose m ca ##gi ##gal memorial meeting in madrid .,O O O O O O O O O O O O O O O O O O O O O O O O O O O,NONE
"carry on star patsy rowland ##s dies actress patsy rowland ##s , known to millions for her roles in the carry on films , has died at the age of 71 .",O O O B-ACTOR-DIRECTOR I-ACTOR-DIRECTOR I-ACTOR-DIRECTOR O O B-ACTOR-DIRECTOR I-ACTOR-DIRECTOR I-ACTOR-DIRECTOR O O O O O O O O O O O O O O O O O O O O O,NONE
"shadow europe minister mr brady said : "" i believe it is essential that britain keeps the re ##bate and i think it ' s a crucial test of how firmly the british government is prepared to stand up for britain internationally in europe .",O O O O B-POLITICIAN O O O O O O O O O O O O O O O O O O O O O O O O O O O O O O O O O O O O O O O O,NONE
model anna nicole smith ' s reality show and the dukes of ha ##zza ##rd were runners - up in the broadcast magazine survey .,O B-PUBLIC-FIGURE I-PUBLIC-FIGURE I-PUBLIC-FIGURE O O O O O O O O O O O O O O O O O O O O O,NONE
collins ran in birmingham at the 2003 world indoor championships .,B-ATHLETE O O O O O O O O O O,NONE
mr abbas confirmed israel shared information with the pa in the hunt for the organise ##rs of the attack .,O B-POLITICIAN O O O O O O O O O O O O O O O O O O,NONE
tuesday ' s meeting on palestinian reform is being hosted by british prime minister tony blair .,O O O O O O O O O O O O O O B-POLITICIAN I-POLITICIAN O,NONE
"also due to attend are us secretary of state condo ##lee ##zza rice , un secretary general ko ##fi anna ##n , world bank officials and foreign ministers from 23 european and arab countries .",O O O O O O O O O B-POLITICIAN I-POLITICIAN I-POLITICIAN I-POLITICIAN O O O O B-POLITICIAN I-POLITICIAN I-POLITICIAN I-POLITICIAN O O O O O O O O O O O O O O,NONE
"mo ##uri ##nh ##o had his say on that game , complaining : "" five - four is a hockey score , not a football score .",B-ATHLETE I-ATHLETE I-ATHLETE I-ATHLETE O O O O O O O O O O O O O O O O O O O O O O O,NONE
police said ferguson posed a danger to the public .,O O B-ATHLETE O O O O O O O,NONE
"ferguson , who slashed a man in a doctors ' surgery in coat ##bridge in 1994 , had been out to see his fia ##nc & # 233 ; e anna ##bella holmes , 47 , whom he met when she was a patient at the high security complex in south lana ##rks ##hire .",B-PUBLIC-FIGURE O O O O O O O O O O O O O O O O O O O O O O O O O O O O O B-PUBLIC-FIGURE I-PUBLIC-FIGURE I-PUBLIC-FIGURE O O O O O O O O O O O O O O O O O O O O O O,NONE
"although it has been widely predicted that mr gates would be showcasing the new xbox , some media reports have cast doubt on what he would be talking about in the keynote .",O O O O O O O O B-BUSINESS-EXECUTIVE-MANAGER O O O O O O O O O O O O O O O O O O O O O O O O,NONE
"muse were also named best uk and ireland act , ahead of franz ferdinand , natasha bed ##ing ##field , jam ##elia and the streets .",B-MUSICIAN O O O O O O O O O O O B-MUSICIAN I-MUSICIAN O B-MUSICIAN I-MUSICIAN I-MUSICIAN I-MUSICIAN O B-MUSICIAN I-MUSICIAN O B-MUSICIAN I-MUSICIAN O,NONE
"row ##ling revealed she had completed the novel on tuesday , ahead of the scheduled announcement on 25 december .",B-AUTHOR-WRITER I-AUTHOR-WRITER O O O O O O O O O O O O O O O O O O,NONE
"j ##k row ##ling ' s fifth book in the wizard series , harry potter and order of the phoenix was amazon ' s largest pre - ordered item ever , with 420 , 000 copies pre - ordered prior to its release in june 2003 .",B-AUTHOR-WRITER I-AUTHOR-WRITER I-AUTHOR-WRITER I-AUTHOR-WRITER O O O O O O O O O B-PUBLIC-FIGURE I-PUBLIC-FIGURE O O O O O O O O O O O O O O O O O O O O O O O O O O O O O O O O,NONE
row ##ling has already revealed that the half - blood prince is neither harry nor vol ##de ##mo ##rt .,B-AUTHOR-WRITER I-AUTHOR-WRITER O O O O O O O O O O O B-PUBLIC-FIGURE O B-PUBLIC-FIGURE I-PUBLIC-FIGURE I-PUBLIC-FIGURE I-PUBLIC-FIGURE O,NONE
"row ##ling said she had plenty of time while pregnant "" to tin ##ker with the manuscript to my satisfaction and i am as happy as i have ever been with the end result "" .",B-AUTHOR-WRITER I-AUTHOR-WRITER O O O O O O O O O O O O O O O O O O O O O O O O O O O O O O O O O O,NONE
"and david sc ##h ##wi ##mmer ( ross ) directed during his time on friends , and has also worked on joey .",O B-ACTOR-DIRECTOR I-ACTOR-DIRECTOR I-ACTOR-DIRECTOR I-ACTOR-DIRECTOR I-ACTOR-DIRECTOR O B-PUBLIC-FIGURE O O O O O O O O O O O O O O O,NONE
the vh1 first music award went to cher honour ##ing her achievements within the music industry .,O O O O O O O B-MUSICIAN O O O O O O O O O,NONE
reports have claimed mr blu ##nk ##ett chaired a meeting to discuss delays in the visa system after he learned of nanny leon ##cia casa ##lm ##e ' s wait .,O O O O B-POLITICIAN I-POLITICIAN I-POLITICIAN O O O O O O O O O O O O O O O B-PUBLIC-FIGURE I-PUBLIC-FIGURE I-PUBLIC-FIGURE I-PUBLIC-FIGURE I-PUBLIC-FIGURE O O O O,NONE
"special guest , singer gwen stefan ##i , joined her on - stage to promote her own range of hp digital cameras which ms stefan ##i has helped design and which are heavily influenced by japanese youth culture .",O O O O B-MUSICIAN B-MUSICIAN I-MUSICIAN O O O O O O O O O O O O O O O O O B-MUSICIAN I-MUSICIAN O O O O O O O O O O O O O,NONE
"his british - born wife , joan , suggested he had nothing to lose and , for his swans ##ong , should write the kind of characters he really wanted to create .",O O O O O O B-PUBLIC-FIGURE O O O O O O O O O O O O O O O O O O O O O O O O O O,NONE
"the incredible hulk , the mighty thor , iron man and the rest all gr ##apple ##d with problems like drug abuse , big ##ot ##ry and social inequality .",B-PUBLIC-FIGURE I-PUBLIC-FIGURE I-PUBLIC-FIGURE O B-PUBLIC-FIGURE I-PUBLIC-FIGURE I-PUBLIC-FIGURE O B-PUBLIC-FIGURE I-PUBLIC-FIGURE O O O O O O O O O O O O O O O O O O O O,NONE
"dared ##ev ##il was blind , black panther was black and silver surfer pondered the state of humanity .",B-PUBLIC-FIGURE I-PUBLIC-FIGURE I-PUBLIC-FIGURE O O O B-PUBLIC-FIGURE I-PUBLIC-FIGURE O O O B-PUBLIC-FIGURE I-PUBLIC-FIGURE O O O O O O,NONE
"some years ago the marvel hero , north ##star , came out of the closet .",O O O O O O O B-PUBLIC-FIGURE I-PUBLIC-FIGURE O O O O O O O,NONE
"scottish finance minister , tom mcc ##abe ms ##p , said : "" last week in parliament i announced an additional £ ##41 ##9 ##m for core expenditure to local government in scotland .",O O O O B-POLITICIAN I-POLITICIAN I-POLITICIAN O O O O O O O O O O O O O O O O O O O O O O O O O O O,NONE
"glen wood , vice president of deutsche securities japan , asks ; "" who ' s going to fund the pension fund for the next generation and indeed who are going to be the new japanese worker ?",B-BUSINESS-EXECUTIVE-MANAGER I-BUSINESS-EXECUTIVE-MANAGER O O O O O O O O O O O O O O O O O O O O O O O O O O O O O O O O O O O O,vice president
wen ##ger signs new deal,B-ATHLETE I-ATHLETE O O O,NONE
""" i believe that the generation that provided the finance to combat , cure and era ##dicate the world ' s dead ##liest disease of today - and today the world ' s least cu ##rable disease - hiv / aids - will right ##ly earn the title ' the great generation ' , "" mr brown said in a speech during his african tour .",O O O O O O O O O O O O O O O O O O O O O O O O O O O O O O O O O O O O O O O O O O O O O O O O O O O O O O O O B-POLITICIAN O O O O O O O O O,NONE
but aid charity action ##aid criticised mr brown ' s pre ##oc ##cup ##ation with finding a vaccine and called on g ##8 nations to fund hiv / aids treatments .,O O O O O O O B-POLITICIAN O O O O O O O O O O O O O O O O O O O O O O O,NONE
"on wednesday , mr brown visited sl ##ums in the kenyan capital nairobi .",O O O O B-POLITICIAN O O O O O O O O O,NONE
"former union leader sir bill morris has already accused both the big parties of engaging in a "" bidding war about who can be nas ##ties ##t to asylum seekers "" .",O O O O B-PUBLIC-FIGURE I-PUBLIC-FIGURE O O O O O O O O O O O O O O O O O O O O O O O O O O,NONE
"muse , whose members met in south devon , beat franz ferdinand , jamie cu ##llum , ka ##sa ##bian and the li ##bert ##ines for best british live act .",B-MUSICIAN O O O O O O O O O B-MUSICIAN I-MUSICIAN O B-MUSICIAN I-MUSICIAN I-MUSICIAN O B-MUSICIAN I-MUSICIAN I-MUSICIAN O B-MUSICIAN I-MUSICIAN I-MUSICIAN I-MUSICIAN O O O O O O,NONE
"indie rock group muse consists of matthew bellamy , chris wo ##ls ##ten ##holm ##e and dominic howard who met in their early teens in te ##ign ##mouth , south devon .",O O O O O O B-MUSICIAN I-MUSICIAN O B-MUSICIAN I-MUSICIAN I-MUSICIAN I-MUSICIAN I-MUSICIAN I-MUSICIAN O B-MUSICIAN I-MUSICIAN O O O O O O O O O O O O O O,NONE
"michelle pa ##ver ' s wolf brother , a fantasy set 6 , 000 years ago , is the first in a planned series of six books .",B-AUTHOR-WRITER I-AUTHOR-WRITER I-AUTHOR-WRITER O O O O O O O O O O O O O O O O O O O O O O O O O,NONE
"it was published in 2004 , with pa ##ver earning an advance of $ 5 ##m ( £2 . 8 ##m ) - the highest sum ever paid for a debut children ' s book .",O O O O O O O B-AUTHOR-WRITER I-AUTHOR-WRITER O O O O O O O O O O O O O O O O O O O O O O O O O O O,NONE
pa ##ver is currently writing the second book in the series .,B-AUTHOR-WRITER I-AUTHOR-WRITER O O O O O O O O O O,NONE
""" michelle pa ##ver lives and breathe ##s the worlds she writes about , "" said a spokesman for the author .",O B-AUTHOR-WRITER I-AUTHOR-WRITER I-AUTHOR-WRITER O O O O O O O O O O O O O O O O O O,author
the sight of former royal correspondent jennie bond with dozens of rats crawling over her in itv ' s i ' m a celebrity get me out of here was named best factual entertainment moment .,O O O O O O B-AUTHOR-WRITER I-AUTHOR-WRITER O O O O O O O O O O O O O O O O O O O O O O O O O O O O,correspondent
brown hits back in blair rift row,B-POLITICIAN O O O B-POLITICIAN O O,NONE
dame muriel spark is among three british authors who have made the short ##list for the inaugural international booker prize .,B-AUTHOR-WRITER I-AUTHOR-WRITER I-AUTHOR-WRITER O O O O O O O O O O O O O O O O O O,NONE
"gabriel garcia marquez , saul bell ##ow , milan kun ##der ##a and john up ##di ##ke also feature on the 18 - strong list of world literary figures .",B-AUTHOR-WRITER I-AUTHOR-WRITER I-AUTHOR-WRITER O B-AUTHOR-WRITER I-AUTHOR-WRITER I-AUTHOR-WRITER O B-AUTHOR-WRITER I-AUTHOR-WRITER I-AUTHOR-WRITER I-AUTHOR-WRITER O B-AUTHOR-WRITER I-AUTHOR-WRITER I-AUTHOR-WRITER I-AUTHOR-WRITER O O O O O O O O O O O O O,NONE
"but other past winners of the regular booker prize , such as salman rush ##die , j ##m coe ##tze ##e and ka ##zu ##o is ##hi ##gur ##o have failed to make the short ##list .",O O O O O O O O O O O O B-AUTHOR-WRITER I-AUTHOR-WRITER I-AUTHOR-WRITER O B-AUTHOR-WRITER I-AUTHOR-WRITER I-AUTHOR-WRITER I-AUTHOR-WRITER I-AUTHOR-WRITER O B-AUTHOR-WRITER I-AUTHOR-WRITER I-AUTHOR-WRITER I-AUTHOR-WRITER I-AUTHOR-WRITER I-AUTHOR-WRITER I-AUTHOR-WRITER O O O O O O O O,NONE
margaret at ##wood ( canada ) saul bell ##ow ( canada ) gabriel garcia marquez ( colombia ) gunter grass ( germany ) ismail ka ##dar ##e ( albania ),B-AUTHOR-WRITER I-AUTHOR-WRITER I-AUTHOR-WRITER O O O B-AUTHOR-WRITER I-AUTHOR-WRITER I-AUTHOR-WRITER O O O B-AUTHOR-WRITER I-AUTHOR-WRITER I-AUTHOR-WRITER O O O B-AUTHOR-WRITER I-AUTHOR-WRITER O O O B-AUTHOR-WRITER I-AUTHOR-WRITER I-AUTHOR-WRITER I-AUTHOR-WRITER O O O,NONE
milan kun ##der ##a ( czech republic ) stan ##is ##law le ##m ( poland ) doris less ##ing ( uk ) ian mc ##ew ##an ( uk ) na ##gui ##b ma ##h ##fo ##uz ( egypt ) tomas el ##oy martinez ( argentina ) ken ##za ##buro o ##e ( japan ) cynthia oz ##ick ( us ) philip roth ( us ) muriel spark ( uk ) antonio tab ##uc ##chi ( italy ) john up ##di ##ke ( us ) abraham b ye ##hosh ##ua ( israel ),B-AUTHOR-WRITER I-AUTHOR-WRITER I-AUTHOR-WRITER I-AUTHOR-WRITER O O O O B-AUTHOR-WRITER I-AUTHOR-WRITER I-AUTHOR-WRITER I-AUTHOR-WRITER I-AUTHOR-WRITER O O O B-AUTHOR-WRITER I-AUTHOR-WRITER I-AUTHOR-WRITER O O O B-AUTHOR-WRITER I-AUTHOR-WRITER I-AUTHOR-WRITER I-AUTHOR-WRITER O O O B-AUTHOR-WRITER I-AUTHOR-WRITER I-AUTHOR-WRITER I-AUTHOR-WRITER I-AUTHOR-WRITER I-AUTHOR-WRITER I-AUTHOR-WRITER O O O B-AUTHOR-WRITER I-AUTHOR-WRITER I-AUTHOR-WRITER I-AUTHOR-WRITER O O O B-AUTHOR-WRITER I-AUTHOR-WRITER I-AUTHOR-WRITER I-AUTHOR-WRITER I-AUTHOR-WRITER O O O B-AUTHOR-WRITER I-AUTHOR-WRITER I-AUTHOR-WRITER O O O B-AUTHOR-WRITER I-AUTHOR-WRITER O O O B-AUTHOR-WRITER I-AUTHOR-WRITER O O O B-AUTHOR-WRITER I-AUTHOR-WRITER I-AUTHOR-WRITER I-AUTHOR-WRITER O O O B-AUTHOR-WRITER I-AUTHOR-WRITER I-AUTHOR-WRITER I-AUTHOR-WRITER O O O B-AUTHOR-WRITER I-AUTHOR-WRITER I-AUTHOR-WRITER I-AUTHOR-WRITER I-AUTHOR-WRITER O O O,NONE
"chief executive steve jobs showed off the new machine at his annual mac ##world speech , in san francisco .",O O B-BUSINESS-EXECUTIVE-MANAGER I-BUSINESS-EXECUTIVE-MANAGER O O O O O O O O O O O O O O O O,chief executive
mr jobs told the delegates at mac ##world that ipod already had a 65 % market share of all digital music players .,O B-BUSINESS-EXECUTIVE-MANAGER O O O O O O O O O O O O O O O O O O O O O,NONE
speculation that president bush was getting help during debates via a listening device was first aired on web logs .,O O O B-POLITICIAN O O O O O O O O O O O O O O O O,NONE
"double olympic champion kelly holmes was back to her best as she comfortably won the 1 , 000 ##m at the norwich union birmingham indoor grand prix .",O O O B-ATHLETE I-ATHLETE O O O O O O O O O O O O O O O O O O O O O O O,NONE
"the scottish conservative party leader , david mc ##let ##chi ##e , questioned what would be exempt ##ed from the ban .",O O O O O O B-POLITICIAN I-POLITICIAN I-POLITICIAN I-POLITICIAN I-POLITICIAN O O O O O O O O O O O,NONE
"this week colin powell , us secretary of state was visiting the west bank to stress us support for a smooth palestinian election in january .",O O B-POLITICIAN I-POLITICIAN O O O O O O O O O O O O O O O O O O O O O O,NONE
howard hits back at mon ##gre ##l ji ##be,B-POLITICIAN O O O O O O O O,NONE
this morning peter hai ##n even called me a mon ##gre ##l .,O O B-POLITICIAN I-POLITICIAN I-POLITICIAN O O O O O O O O,NONE
""" she ' s not a human shield mr blair , she ' s a human being . """,O O O O O O O O O B-POLITICIAN O O O O O O O O O,NONE
you ##sso ##u n ' do ##ur wins music prize,B-MUSICIAN I-MUSICIAN I-MUSICIAN I-MUSICIAN I-MUSICIAN I-MUSICIAN I-MUSICIAN O O O,NONE
senegal ##ese musician you ##sso ##u n ' do ##ur has been named a winner of a bbc radio 3 world music award .,O O O B-MUSICIAN I-MUSICIAN I-MUSICIAN I-MUSICIAN I-MUSICIAN I-MUSICIAN I-MUSICIAN O O O O O O O O O O O O O O,NONE
"cuban pianist be ##bo val ##des and flame ##nco singer diego el ci ##gal ##a , responsible for critically acclaimed album la ##gr ##ima ##s ne ##gra ##sm ##us ##ic , won an award in the "" boundary crossing "" category .",O O B-MUSICIAN I-MUSICIAN I-MUSICIAN I-MUSICIAN O O O O B-MUSICIAN I-MUSICIAN I-MUSICIAN I-MUSICIAN I-MUSICIAN O O O O O O O O O O O O O O O O O O O O O O O O O O O,NONE
scrub ##s star zach bra ##ff was named best new director for his debut garden state .,O O O B-ACTOR-DIRECTOR I-ACTOR-DIRECTOR I-ACTOR-DIRECTOR O O O O O O O O O O O,NONE
his name is to ##te king and manuel mill ##an says that he is the hip - hop leader in spain .,O O O B-MUSICIAN I-MUSICIAN I-MUSICIAN O B-PUBLIC-FIGURE I-PUBLIC-FIGURE I-PUBLIC-FIGURE O O O O O O O O O O O O,NONE
"clint eastwood ' s million dollar baby re - entered the charts at number eight , following its recent success at the oscar ##s .",B-ACTOR-DIRECTOR I-ACTOR-DIRECTOR O O O O O O O O O O O O O O O O O O O O O O O,NONE
"pal ##ania ##ppa ##n chi ##dam ##bara ##m , india ' s finance minister , argued that these organisations need to take into account the changing world order , given india and china ' s integration into the global economy .",B-POLITICIAN I-POLITICIAN I-POLITICIAN I-POLITICIAN I-POLITICIAN I-POLITICIAN I-POLITICIAN I-POLITICIAN O O O O O O O O O O O O O O O O O O O O O O O O O O O O O O O O O,NONE
blair returns from peace mission,B-POLITICIAN O O O O,NONE
mr blair also made a surprise trip to iraq this week .,O B-POLITICIAN O O O O O O O O O O,NONE
mr blair briefly visited the tomb of ya ##sser ara ##fat in rama ##llah - the first world leader to do so .,O B-POLITICIAN O O O O O B-POLITICIAN I-POLITICIAN I-POLITICIAN I-POLITICIAN O O O O O O O O O O O O,NONE
"mr blair acknowledged some people believed he was too close to the israelis , but said the israelis were entitled to expect palestinians to give up terrorism .",O B-POLITICIAN O O O O O O O O O O O O O O O O O O O O O O O O O O,NONE
"earlier , mr sharon again said he had not seen "" the slightest step "" the palestinians were working to end terror attacks - though he acknowledged palestinian leaders were in the middle of an election campaign that could be ham ##per ##ing their efforts .",O O O B-POLITICIAN O O O O O O O O O O O O O O O O O O O O O O O O O O O O O O O O O O O O O O O O O O,NONE
kid ##man wins photographer battle,B-ACTOR-DIRECTOR I-ACTOR-DIRECTOR O O O,NONE
actress nicole kid ##man has won a restraining order against two papa ##raz ##zi photographers who she claims left her fearful of leaving her sydney mansion .,O B-ACTOR-DIRECTOR I-ACTOR-DIRECTOR I-ACTOR-DIRECTOR O O O O O O O O O O O O O O O O O O O O O O O,NONE
"according to local newspaper the daily telegraph , the incident involved papa ##raz ##zi driving through red lights and on the wrong side of the road in pursuit of kid ##man ' s vehicle .",O O O O O O O O O O O O O O O O O O O O O O O O O O O O O B-ACTOR-DIRECTOR I-ACTOR-DIRECTOR O O O O,NONE
"kid ##man sought the "" app ##re ##hend ##ed violence "" orders - normally used in australia in cases of domestic violence and similar incidents - after being advised to do so by local police .",B-ACTOR-DIRECTOR I-ACTOR-DIRECTOR O O O O O O O O O O O O O O O O O O O O O O O O O O O O O O O O O O,NONE
""" nicole would like to make it clear that she acknowledges she is a public figure and that reporters and photographers have a job to do and she respects that , "" said kid ##man ' s public ##ist wendy day .",O B-ACTOR-DIRECTOR O O O O O O O O O O O O O O O O O O O O O O O O O O O O O O O B-ACTOR-DIRECTOR I-ACTOR-DIRECTOR O O O O B-PUBLIC-FIGURE I-PUBLIC-FIGURE O,NONE
""" miss kid ##man says she ' s willing to put up with some of it , but it ' s gone beyond that , "" she said .",O O B-ACTOR-DIRECTOR I-ACTOR-DIRECTOR O O O O O O O O O O O O O O O O O O O O O O O O O,NONE
the offer comes as the foreign secretary jack straw arrives in indonesia for a special summit meeting on the disaster .,O O O O O O O B-POLITICIAN I-POLITICIAN O O O O O O O O O O O O,NONE
"on the question of whether such papers have always been kept confidential , tory mp michael mates , who is a member of the commons intelligence and security committee and was part of the butler inquiry , told the bbc : "" that , as a general rule , is right , but it ' s not an absolute rule . """,O O O O O O O O O O O O O O O B-POLITICIAN I-POLITICIAN O O O O O O O O O O O O O O O O O B-POLITICIAN O O O O O O O O O O O O O O O O O O O O O O O O O O O,NONE
"he said there had been other occasions when advice had been published , most recently regarding prince charles ' s marriage plans .",O O O O O O O O O O O O O O O O B-PUBLIC-FIGURE I-PUBLIC-FIGURE O O O O O,NONE
alicia keys to open us super bowl,B-MUSICIAN I-MUSICIAN O O O O O,NONE
butler launches attack on blair,B-POLITICIAN O O O B-POLITICIAN,NONE
but beck ##ham revealed that his immediate priority was winning the spanish league title with real madrid .,O B-ATHLETE I-ATHLETE O O O O O O O O O O O O O O O,NONE
"in a wide - ranging interview , beck ##ham also revealed that his sending - off against argentina - and the resulting media storm - had been the most significant moment in his career .",O O O O O O O B-ATHLETE I-ATHLETE O O O O O O O O O O O O O O O O O O O O O O O O O O,NONE
fu ##ming robinson blasts officials,O O B-ATHLETE O O,NONE
police discover edwards ' car in a car park near the severn bridge near bristol - a notorious suicide spot .,O O B-MUSICIAN O O O O O O O O O O O O O O O O O O,NONE
"but you don ' t know what the unexpected will be and as the musical director , it ' s exciting , "" explains con ##ti .",O O O O O O O O O O O O O O O O O O O O O O O O B-MUSICIAN I-MUSICIAN O,NONE
"his name became linked with the charles manson murders , which saw the deaths of actress sharon tate and four of her friends at a home which mel ##cher once rented .",O O O O O O B-PUBLIC-FIGURE I-PUBLIC-FIGURE O O O O O O O O B-ACTOR-DIRECTOR I-ACTOR-DIRECTOR O O O O O O O O O B-MUSICIAN I-MUSICIAN O O O,NONE
"robert red ##ford founded sundance in 1981 and it has gone on to showcase future successes such as reservoir dogs , the blair witch project and the full monty .",B-ACTOR-DIRECTOR I-ACTOR-DIRECTOR I-ACTOR-DIRECTOR O O O O O O O O O O O O O O O O O O O O O O O O O O O,NONE
tara ##ntino to direct csi episode,B-ACTOR-DIRECTOR I-ACTOR-DIRECTOR O O O O,NONE
german chancellor gerhard sc ##hr ##oed ##er has called for radical reform of the eu ' s stability pact to grant countries more flexibility over their budget deficit ##s .,O O B-POLITICIAN I-POLITICIAN I-POLITICIAN I-POLITICIAN I-POLITICIAN O O O O O O O O O O O O O O O O O O O O O O O,NONE
goldsmith denies war advice claim,B-POLITICIAN O O O O,NONE
""" that ' s what he ( lord goldsmith ) said and that ' s what i say .",O O O O O O O O B-POLITICIAN O O O O O O O O O O,NONE
camp ##ese be ##rates w ##hing ##ein ##g england,B-ATHLETE I-ATHLETE O O O O O O O,NONE
"so ##der ##berg ##h returns to direct the hit sequel which reunite ##s cl ##oon ##ey , pitt and roberts with matt damon , andy garcia and elliott gould .",B-ACTOR-DIRECTOR I-ACTOR-DIRECTOR I-ACTOR-DIRECTOR I-ACTOR-DIRECTOR O O O O O O O O O B-ACTOR-DIRECTOR I-ACTOR-DIRECTOR I-ACTOR-DIRECTOR O B-ACTOR-DIRECTOR O B-ACTOR-DIRECTOR O B-ACTOR-DIRECTOR I-ACTOR-DIRECTOR O B-ACTOR-DIRECTOR I-ACTOR-DIRECTOR O B-ACTOR-DIRECTOR I-ACTOR-DIRECTOR O,NONE
"best actors are daniel au ##te ##uil for 36 , math ##ieu ama ##lr ##ic for kings and queen , gerard jug ##not for the chorus , philippe torre ##ton for l ' e ##qui ##pie ##r and benoit poe ##l ##vo ##ord ##e for podium .",O O O B-ACTOR-DIRECTOR I-ACTOR-DIRECTOR I-ACTOR-DIRECTOR I-ACTOR-DIRECTOR O O O B-ACTOR-DIRECTOR I-ACTOR-DIRECTOR I-ACTOR-DIRECTOR I-ACTOR-DIRECTOR I-ACTOR-DIRECTOR O O O O O B-ACTOR-DIRECTOR I-ACTOR-DIRECTOR I-ACTOR-DIRECTOR O O O O B-ACTOR-DIRECTOR I-ACTOR-DIRECTOR I-ACTOR-DIRECTOR O O O O O O O O B-ACTOR-DIRECTOR I-ACTOR-DIRECTOR I-ACTOR-DIRECTOR I-ACTOR-DIRECTOR I-ACTOR-DIRECTOR I-ACTOR-DIRECTOR O O O,NONE
"the superhero film was named best animated feature while brad bird won best director , writer and voice actor for his role as designer edna mode .",O O O O O O O O O B-ACTOR-DIRECTOR I-ACTOR-DIRECTOR O O O O O O O O O O O O O B-PUBLIC-FIGURE I-PUBLIC-FIGURE O,writer
"olympic he ##pta ##th ##lon bronze medallist , so ##ther ##ton , led the event with her first leap of 6 . 43 ##m - a personal best .",O O O O O O O O B-ATHLETE I-ATHLETE I-ATHLETE O O O O O O O O O O O O O O O O O O,NONE
mr k ##ho ##dor ##kovsky is in jail on charges of fraud and tax eva ##sion .,O B-BUSINESS-EXECUTIVE-MANAGER I-BUSINESS-EXECUTIVE-MANAGER I-BUSINESS-EXECUTIVE-MANAGER I-BUSINESS-EXECUTIVE-MANAGER O O O O O O O O O O O O,NONE
""" the international rugby board will be disappointed , "" high told the daily mail .",O O O O O O O O O O B-BUSINESS-EXECUTIVE-MANAGER O O O O O,NONE
""" mu ##tu will be in our club ' s main stand to watch the match between juventus and fi ##ore ##nti ##na , "" said a juventus official , who declined to be named .",O B-ATHLETE I-ATHLETE O O O O O O O O O O O O O O O O O O O O O O O O O O O O O O O O O,NONE
mr had ##i ' s view about what the new government ' s priorities should be is shared by many iraqi ##s .,O B-PUBLIC-FIGURE I-PUBLIC-FIGURE O O O O O O O O O O O O O O O O O O O O,NONE
"observes mr had ##i : "" the economy at present marks a big divide ; the rich get richer , the poor get poorer . """,O O B-PUBLIC-FIGURE I-PUBLIC-FIGURE O O O O O O O O O O O O O O O O O O O O O O,NONE
bush to outline ' tough ##est ' budget,B-POLITICIAN O O O O O O O,NONE
""" the cost of everything he [ president bush ] advocates explodes , "" he said .",O O O O O O O O B-POLITICIAN O O O O O O O O,NONE
mr brown has just returned from a tour of african nations .,O B-POLITICIAN O O O O O O O O O O,NONE
"it was the same for simon mcdowell , the touch judge who was heavily criticised by scotland coach matt williams after their defeat against france .",O O O O O B-PUBLIC-FIGURE I-PUBLIC-FIGURE O O O O O O O O O O O B-ATHLETE I-ATHLETE O O O O O O,judge
"mr k ##ho ##dor ##kovsky , once russia ' s richest man , is in prison , having been charged with fraud and tax eva ##sion and repeatedly denied bail .",O B-BUSINESS-EXECUTIVE-MANAGER I-BUSINESS-EXECUTIVE-MANAGER I-BUSINESS-EXECUTIVE-MANAGER I-BUSINESS-EXECUTIVE-MANAGER O O O O O O O O O O O O O O O O O O O O O O O O O O,NONE
brown outlines third term vision,B-POLITICIAN O O O O,NONE
"i said ' yes ' , "" said poll .",O O O O O O O O B-ATHLETE O,NONE
"on this occasion it was arsenal , "" don told bbc radio five live .",O O O O O O O O B-PUBLIC-FIGURE O O O O O O,NONE
don was head of the referees for the premier league and revealed all clubs were informed of free - kick options .,B-BUSINESS-EXECUTIVE-MANAGER O O O O O O O O O O O O O O O O O O O O O,NONE
co ##rry backs skipper robinson,B-ATHLETE I-ATHLETE O O B-ATHLETE,NONE
jo ##well rejects ' las vegas ' ji ##be,B-POLITICIAN I-POLITICIAN O O O O O O O,NONE
"ms jo ##well insisted : "" we have a good track record for extract ##ing planning gain in this country , for instance in social housing . """,O B-POLITICIAN I-POLITICIAN O O O O O O O O O O O O O O O O O O O O O O O O O,NONE
"so if you are a couple with children , a pension ##er , a patient or a young ##ster , there was something pulled from mr brown ' s red box in an attempt to persuade you to stick with or switch to a new labour government .",O O O O O O O O O O O O O O O O O O O O O O O O O O B-POLITICIAN O O O O O O O O O O O O O O O O O O O O O,NONE
mr mu ##bang ##a said he had been in afghanistan and pakistan to study islam .,O B-PUBLIC-FIGURE I-PUBLIC-FIGURE I-PUBLIC-FIGURE O O O O O O O O O O O O,NONE
"oliver let ##win , one of the men lamp ##oon ##ed in the labour poster , affects be ##wil ##der ##ment at what he believes is labour ' s loss of its once sure footing on the campaign trail .",B-POLITICIAN I-POLITICIAN I-POLITICIAN O O O O O O O O O O O O O O O O O O O O O O O O O O O O O O O O O O O O O,NONE
""" it has been a fantastic few weeks , "" said 20 - year - old politics student nick vaughan .",O O O O O O O O O O O O O O O O O O B-PUBLIC-FIGURE I-PUBLIC-FIGURE O,NONE
egyptian president ho ##s ##ni mu ##bara ##k has described israeli prime minister ariel sharon as the best chance for the palestinians to achieve peace .,O O B-POLITICIAN I-POLITICIAN I-POLITICIAN I-POLITICIAN I-POLITICIAN I-POLITICIAN O O O O O B-POLITICIAN I-POLITICIAN O O O O O O O O O O O,NONE
"john houston , 54 , was due to stand in the east ki ##lb ##ride seat in lana ##rks ##hire at the next election .",B-POLITICIAN I-POLITICIAN O O O O O O O O O O O O O O O O O O O O O O O,NONE
"mr houston is alleged to have said that the organs of the criminal ##ly insane should be "" made available to law - ab ##idi ##ng members of the community "" and proposed the legal ##isation of drugs and the sex trade .",O B-POLITICIAN O O O O O O O O O O O O O O O O O O O O O O O O O O O O O O O O O O O O O O O O O,NONE
they will also talk to fisheries minister ross finn ##ie and scientists .,O O O O O O O B-POLITICIAN I-POLITICIAN I-POLITICIAN O O O,NONE
"they will also speak to mr finn ##ie , representatives of the royal society and the sea fish industry authority .",O O O O O O B-POLITICIAN I-POLITICIAN O O O O O O O O O O O O O,NONE
""" wes has a great broadcasting career ahead of him .",O B-ACTOR-DIRECTOR O O O O O O O O O,NONE
"de ni ##ro recently spent three weeks at the top with comedy meet the f ##ock ##ers , which was at number five this week .",B-ACTOR-DIRECTOR I-ACTOR-DIRECTOR I-ACTOR-DIRECTOR O O O O O O O O O O O O O O O O O O O O O O O,NONE
visa row mandarin made sir john,O O O O O B-POLITICIAN,NONE
sir john gi ##eve was home office permanent secretary during the saga which ended with mr blu ##nk ##ett quit ##ting .,O B-POLITICIAN I-POLITICIAN I-POLITICIAN O O O O O O O O O O O O B-POLITICIAN I-POLITICIAN I-POLITICIAN O O O,NONE
he and other civil servants were criticised for failing to recall how the visa for mr blu ##nk ##ett ' s ex - lover ' s nanny came to be fast - tracked .,O O O O O O O O O O O O O O O O B-POLITICIAN I-POLITICIAN I-POLITICIAN O O O O O O O O O O O O O O O,NONE
the outgoing head of the troubled child support agency doug smith also earn ##s an honour in the new year ' s list .,O O O O O O O O O B-PUBLIC-FIGURE I-PUBLIC-FIGURE O O O O O O O O O O O O O,NONE
sir john was made permanent secretary in april 2001 following a civil service career which dates back to 1974 .,O B-POLITICIAN O O O O O O O O O O O O O O O O O O,NONE
"but they missed out on best british live act , which went to muse .",O O O O O O O O O O O O O B-MUSICIAN O,NONE
keane won best british album and breakthrough act .,B-MUSICIAN O O O O O O O O,NONE
"happy mondays - kin ##ky afro , mca ##lm ##ont & butler - yes , joy division - love will tear us apart . . .",O O O O O O O O O O O B-MUSICIAN O O O O O O O O O O O O O O,NONE
"the only real challenger was queen but hey , another one bites the dust ! !",O O O O O B-MUSICIAN O O O O O O O O O O,NONE
"i ' ve nothing against robbie , i actually like his music , but how can this possibly be the best song from the last 25 ##year ?",O O O O O B-MUSICIAN O O O O O O O O O O O O O O O O O O O O O O,NONE
he becomes the 117 ##th captain of england since fred stokes held the position in 1871 .,O O O O O O O O O B-ATHLETE I-ATHLETE O O O O O O,NONE
"in a speech focusing on issues arising from the re - election of george w bush , mr kennedy said iraq had become a "" cr ##ucible of militant terrorism "" .",O O O O O O O O O O O O O B-POLITICIAN I-POLITICIAN I-POLITICIAN O O B-POLITICIAN O O O O O O O O O O O O O,NONE
"mr kennedy pointed out that the netherlands , portugal and the czech republic , which all have troops operating in the southern sector of iraq , have announced their imminent withdrawal "" regardless of the situation on the ground "" .",O B-POLITICIAN O O O O O O O O O O O O O O O O O O O O O O O O O O O O O O O O O O O O O O O,NONE
sir clive woodward will coach the northern team against rod mac ##que ##en ' s southern hemisphere team in a ts ##uman ##i fund - raising match at t ##wick ##enham .,O B-ATHLETE I-ATHLETE O O O O O O B-ATHLETE I-ATHLETE I-ATHLETE I-ATHLETE O O O O O O O O O O O O O O O O O O O,NONE
prince edward will also join the uk delegation in poland for national holocaust memorial day on 27 january .,B-PUBLIC-FIGURE I-PUBLIC-FIGURE O O O O O O O O O O O O O O O O O,NONE
"in britain , the queen and prince philip will lead the nation ' s commemoration at a service in westminster hall , london .",O O O O O O B-PUBLIC-FIGURE I-PUBLIC-FIGURE O O O O O O O O O O O O O O O O,NONE
"the queen ' s grandson , prince harry , sparked outrage earlier this week after photographs of him wearing a nazi uniform at a costume party emerged .",O O O O O O B-PUBLIC-FIGURE I-PUBLIC-FIGURE O O O O O O O O O O O O O O O O O O O O,NONE
"prince harry should see for himself "" the results of the hated symbol he so foolish ##ly and bra ##zen ##ly chose to wear "" , rabbi marvin hi ##er , founder of jewish human rights group the simon wi ##ese ##nt ##hal center said .",B-PUBLIC-FIGURE I-PUBLIC-FIGURE O O O O O O O O O O O O O O O O O O O O O O O O O B-PUBLIC-FIGURE I-PUBLIC-FIGURE I-PUBLIC-FIGURE O O O O O O O O O O O O O O O O,rabbi
"last year ' s winner , chat show host graham norton , fell to number 16 following relatively few television appearances in 2004 .",O O O O O O O O O B-ACTOR-DIRECTOR I-ACTOR-DIRECTOR O O O O O O O O O O O O O,NONE
wasp was made by ex - children ' s tv presenter andrea arnold while little terrorist is the work of ash ##vin kumar .,O O O O O O O O O O O B-ACTOR-DIRECTOR I-ACTOR-DIRECTOR O O O O O O O B-ACTOR-DIRECTOR I-ACTOR-DIRECTOR I-ACTOR-DIRECTOR O,presenter
je ##z san is one of the key figures in the uk ' s games industry .,B-BUSINESS-EXECUTIVE-MANAGER I-BUSINESS-EXECUTIVE-MANAGER I-BUSINESS-EXECUTIVE-MANAGER O O O O O O O O O O O O O O,NONE
blair sets date for africa report,B-POLITICIAN O O O O O,NONE
mr blair has vowed to put africa at the top of his agenda during his time at the helm of the g ##8 .,O B-POLITICIAN O O O O O O O O O O O O O O O O O O O O O O,NONE
"bob gel ##do ##f , in characteristic ##ally blunt style , promised that the commission would not just be a talking shop but would deliver radical new thinking to change direction for africa .",B-MUSICIAN I-MUSICIAN I-MUSICIAN I-MUSICIAN O O O O O O O O O O O O O O O O O O O O O O O O O O O O O O,NONE
"- there was also recognition for james clarke , chairman of the london marathon .",O O O O O O B-BUSINESS-EXECUTIVE-MANAGER I-BUSINESS-EXECUTIVE-MANAGER O O O O O O O,chairman
""" the police have said they have completed their search and have not found anything , "" said real madrid president fl ##ore ##ntino perez .",O O O O O O O O O O O O O O O O O O O O O B-BUSINESS-EXECUTIVE-MANAGER I-BUSINESS-EXECUTIVE-MANAGER I-BUSINESS-EXECUTIVE-MANAGER I-BUSINESS-EXECUTIVE-MANAGER O,NONE
johnson uncertain about euro bid,B-ATHLETE O O O O,NONE
liverpool pledge to keep ge ##rrard,O O O O B-ATHLETE I-ATHLETE,NONE
swedish triple jumper christian ol ##sson was voted male athlete of the year .,O O O B-ATHLETE I-ATHLETE I-ATHLETE O O O O O O O O,NONE
lily tuck ' s the news from paraguay is a fictional ##ised tale about paraguay ##an leader francisco sol ##ano lopez and his irish mistress .,B-AUTHOR-WRITER I-AUTHOR-WRITER O O O O O O O O O O O O O O O B-POLITICIAN I-POLITICIAN I-POLITICIAN I-POLITICIAN O O O O O,NONE
"children ' s author judy blu ##me , who was given an honour ##ary medal , used the ceremony to speak out over censorship .",O O O O B-AUTHOR-WRITER I-AUTHOR-WRITER I-AUTHOR-WRITER O O O O O O O O O O O O O O O O O O,author
"sales of blu ##me ' s books have exceeded 75 million , but her work - which features frank narratives about families , religion and sexuality - is closely watched by the ce ##nsor ##s .",O O B-AUTHOR-WRITER I-AUTHOR-WRITER O O O O O O O O O O O O O O O O O O O O O O O O O O O O O O O O,NONE
"the national book awards non - fiction prize was awarded to kevin boyle ' s for arc of justice , which focuses on a black family ' s fight to live in a white detroit neighbourhood in the 1920s .",O O O O O O O O O O O B-AUTHOR-WRITER I-AUTHOR-WRITER O O O O O O O O O O O O O O O O O O O O O O O O O O O,NONE
pete ha ##ut ##man won the young people ' s literature prize for his novel god ##less .,B-AUTHOR-WRITER I-AUTHOR-WRITER I-AUTHOR-WRITER I-AUTHOR-WRITER O O O O O O O O O O O O O O,NONE
"edinburgh architect , dominic stephenson , became the first sc ##ot to be confirmed as a victim of the asian tsunami .",O O O B-PUBLIC-FIGURE I-PUBLIC-FIGURE O O O O O O O O O O O O O O O O O,NONE
paolo di can ##io was given a seven - match suspension when he pushed referee paul al ##cock over in a premiership game between sheffield wednesday and arsenal in 1998 .,B-ATHLETE I-ATHLETE I-ATHLETE I-ATHLETE O O O O O O O O O O O B-PUBLIC-FIGURE I-PUBLIC-FIGURE I-PUBLIC-FIGURE O O O O O O O O O O O O O,NONE
red ##k ##na ##pp himself sprinted along the touch ##line to help ph ##ys ##io jim joyce and coach denis ro ##fe shepherd the enraged pr ##ut ##ton away from referee ' s assistant norman .,B-ATHLETE I-ATHLETE I-ATHLETE I-ATHLETE O O O O O O O O O O O B-PUBLIC-FIGURE I-PUBLIC-FIGURE O O B-PUBLIC-FIGURE I-PUBLIC-FIGURE I-PUBLIC-FIGURE O O O B-ATHLETE I-ATHLETE I-ATHLETE O O O O O O B-PUBLIC-FIGURE O,NONE
"pr ##ut ##ton has ap ##olo ##gis ##ed publicly for his actions and to arsenal ' s robert pi ##res , who was injured in a wild tackle by the saints ' midfield man .",B-ATHLETE I-ATHLETE I-ATHLETE O O O O O O O O O O O O O O B-ATHLETE I-ATHLETE I-ATHLETE O O O O O O O O O O O O O O O,NONE
"and robb ##en told the daily star : "" it is not impossible that i will play against barcelona but it is just a very , very small chance - about 10 % . """,O B-ATHLETE I-ATHLETE O O O O O O O O O O O O O O O O O O O O O O O O O O O O O O O O,NONE
des ##ail ##ly is one of the most decorated players in the history of football .,B-ATHLETE I-ATHLETE I-ATHLETE O O O O O O O O O O O O O,NONE
"the us secretary of energy spencer abraham confirmed that the machine had reached the break ##neck speed , according to the lin ##pack bench ##mark .",O O O O O B-POLITICIAN I-POLITICIAN O O O O O O O O O O O O O O O O O O O,NONE
"ellen simone ##tti , known as queen of the sky , wrote an anonymous semi - fictional account of her life in the sky .",B-AUTHOR-WRITER I-AUTHOR-WRITER I-AUTHOR-WRITER O O O O O O O O O O O O O O O O O O O O O O,NONE
blu ##nk ##ett un ##ve ##ils policing plans,B-POLITICIAN I-POLITICIAN I-POLITICIAN O O O O O,NONE
mrs parker bowl ##es will take the title hr ##h duchess of cornwall after a civil ceremony to be held at windsor castle .,O B-PUBLIC-FIGURE I-PUBLIC-FIGURE I-PUBLIC-FIGURE O O O O O O O O O O O O O O O O O O O O,NONE
but only 40 % think mrs parker bowl ##es should become princess consort as planned after charles becomes king .,O O O O O O B-PUBLIC-FIGURE I-PUBLIC-FIGURE I-PUBLIC-FIGURE O O O O O O O B-PUBLIC-FIGURE O O O,NONE
"on thursday night , prince charles , 56 , and mrs parker bowl ##es , 57 , hosted a dinner at windsor castle , their first public appearance since announcing their engagement .",O O O O B-PUBLIC-FIGURE I-PUBLIC-FIGURE O O O O O B-PUBLIC-FIGURE I-PUBLIC-FIGURE I-PUBLIC-FIGURE O O O O O O O O O O O O O O O O O O O,NONE
"mrs parker bowl ##es said the prince went down on one knee to propose and added : "" i ' m just coming down to earth . """,O B-PUBLIC-FIGURE I-PUBLIC-FIGURE I-PUBLIC-FIGURE O O O O O O O O O O O O O O O O O O O O O O O O,NONE
"the queen and duke of edinburgh said the news had made them "" very happy "" .",B-PUBLIC-FIGURE I-PUBLIC-FIGURE O B-PUBLIC-FIGURE I-PUBLIC-FIGURE I-PUBLIC-FIGURE O O O O O O O O O O O,NONE
"princes william and harry said they are "" very happy "" and wish the couple "" all the luck in the future "" .",B-PUBLIC-FIGURE I-PUBLIC-FIGURE O B-PUBLIC-FIGURE O O O O O O O O O O O O O O O O O O O O,NONE
"the wedding will be a civil ceremony followed by a service of prayer and dedication in st george ' s chapel at which the archbishop of canterbury , dr rowan williams , will pre ##side .",O O O O O O O O O O O O O O O O O O O O O O O O O O O O O B-PUBLIC-FIGURE I-PUBLIC-FIGURE O O O O O,NONE
the marriage is likely to be a sensitive issue because mrs parker bowl ##es is divorced and her former husband is still alive .,O O O O O O O O O O O B-PUBLIC-FIGURE I-PUBLIC-FIGURE I-PUBLIC-FIGURE O O O O O O O O O O,NONE
"the archbishop of canterbury said : "" i am pleased that prince charles and mrs camilla parker bowl ##es have decided to take this important step . """,O O O O O O O O O O O B-PUBLIC-FIGURE I-PUBLIC-FIGURE O O B-PUBLIC-FIGURE I-PUBLIC-FIGURE I-PUBLIC-FIGURE I-PUBLIC-FIGURE O O O O O O O O O,NONE
"australia ' s prime minister john howard also offered his congratulations , adding that their decision to marry was a "" sensible and a good thing "" .",O O O O O B-POLITICIAN I-POLITICIAN O O O O O O O O O O O O O O O O O O O O O,NONE
mrs parker bowl ##es has joined the prince at numerous engagements in recent years - mostly at evening events for the prince ' s trust .,O B-PUBLIC-FIGURE I-PUBLIC-FIGURE I-PUBLIC-FIGURE O O O O O O O O O O O O O O O O O O O O O O,NONE
labour attacked on howard poster,O O O B-POLITICIAN O,NONE
mr howard did not comment on the anti - semi ##tism claims when asked about the poster on monday .,O B-POLITICIAN O O O O O O O O O O O O O O O O O O,NONE
"the image simply portrayed mr howard as a h ##yp ##not ##ist , he argued .",O O O O O B-POLITICIAN O O O O O O O O O O,NONE
george cl ##oon ##ey recently reacted angrily to a tv host ' s suggestion that not all funds raised would go towards tsunami relief .,B-ACTOR-DIRECTOR I-ACTOR-DIRECTOR I-ACTOR-DIRECTOR I-ACTOR-DIRECTOR O O O O O O O O O O O O O O O O O O O O O,NONE
"fox tv ' s bill o ' reilly said he would be "" watching to see if the money gets to the tsunami victims "" and warned the celebrities taking part "" had better be involved all the way down the line "" .",O O O O B-AUTHOR-WRITER I-AUTHOR-WRITER I-AUTHOR-WRITER I-AUTHOR-WRITER O O O O O O O O O O O O O O O O O O O O O O O O O O O O O O O O O O O O,NONE
mo ##ya emotional after davis cup win,B-ATHLETE I-ATHLETE O O O O O,NONE
"ge ##rva ##is and the office co - writer stephen merchant received a special achievement award for writing , presented by noel gallagher and tom stop ##par ##d .",B-ACTOR-DIRECTOR I-ACTOR-DIRECTOR I-ACTOR-DIRECTOR O O O O O O B-AUTHOR-WRITER I-AUTHOR-WRITER O O O O O O O O O O B-MUSICIAN I-MUSICIAN O B-AUTHOR-WRITER I-AUTHOR-WRITER I-AUTHOR-WRITER I-AUTHOR-WRITER O,writer
mr con ##te ' s statements have been wildly contradictory .,O B-PUBLIC-FIGURE I-PUBLIC-FIGURE O O O O O O O O,NONE
"jones , who is under investigation for ste ##roid use by the us anti - doping agency , has continually denied ever taking illegal substances since being investigated in the bal ##co scandal , although she praised a zinc supplement con ##te marketed .",B-ATHLETE O O O O O O O O O O O O O O O O O O O O O O O O O O O O O O O O O O O O O O O B-PUBLIC-FIGURE I-PUBLIC-FIGURE O O,NONE
howard ' tr ##uan ##ted to play snooker ',B-POLITICIAN O O O O O O O O,NONE
tony blair himself has said people complain he does not listen .,B-POLITICIAN I-POLITICIAN O O O O O O O O O O,NONE
"the trouble began on the wright stuff show , with maria hut ##ching ##s marching up to him , saying "" tony , that ' s rubbish "" as she tried to complain about her au ##tist ##ic son ' s school being threatened with closure .",O O O O O O O O O O B-PUBLIC-FIGURE I-PUBLIC-FIGURE I-PUBLIC-FIGURE I-PUBLIC-FIGURE O O O O O O O B-POLITICIAN O O O O O O O O O O O O O O O O O O O O O O O O O,NONE
"writer neil cop ##pen ##dale , from west sussex , asked of the iraq war : "" tens of thousands of innocent men , women and children died - how do you manage to sleep at night ? """,O B-AUTHOR-WRITER I-AUTHOR-WRITER I-AUTHOR-WRITER I-AUTHOR-WRITER O O O O O O O O O O O O O O O O O O O O O O O O O O O O O O O O O O,writer
"on immigration , london teacher diane grange ##r said : "" where are you going to put everyone ? """,O O O O O B-PUBLIC-FIGURE I-PUBLIC-FIGURE I-PUBLIC-FIGURE O O O O O O O O O O O O,NONE
manchester united manager sir alex ferguson sy ##mp ##athi ##sed with tottenham and said the incident highlighted the need for video technology .,O O O B-ATHLETE I-ATHLETE I-ATHLETE O O O O O O O O O O O O O O O O O,manager
""" when the whole world apart from the referee has seen there should be a goal at old trafford , that just reinforce ##s what i feel - there should be video evidence , "" said wen ##ger .",O O O O O O O O O O O O O O O O O O O O O O O O O O O O O O O O O O O O B-ATHLETE I-ATHLETE O,NONE
"despite this success mr yo ##ran left his post abruptly at the end of last week , reportedly only giving one day ' s notice to bosses at the department of homeland security .",O O O O B-PUBLIC-FIGURE I-PUBLIC-FIGURE O O O O O O O O O O O O O O O O O O O O O O O O O O O O,NONE
"rodgers was singer with early 1970s rocker ##s free , who had a global hit with all right now , before forming bad company , a successful "" super ##group "" with members of king crimson and mo ##tt the hoop ##le .",B-MUSICIAN O O O O O O O O O O O O O O O O O O O O O O O O O O O O O O O O O O O O O O O O O O,NONE
jo ##well confirms casino climb ##down,B-POLITICIAN I-POLITICIAN O O O O,NONE
"chris curry , pp ##i research director , said its calculations suggested there could be more pressure on state pension spending than originally en ##vis ##aged .",B-BUSINESS-EXECUTIVE-MANAGER I-BUSINESS-EXECUTIVE-MANAGER O O O O O O O O O O O O O O O O O O O O O O O O O,NONE
"but mu ##tu has hit out at the club ' s decision , saying : "" chelsea have destroyed me . """,O B-ATHLETE I-ATHLETE O O O O O O O O O O O O O O O O O O O,NONE
prince al ##wal ##eed ' s hotel investments include the luxury george v in paris .,O B-BUSINESS-EXECUTIVE-MANAGER I-BUSINESS-EXECUTIVE-MANAGER I-BUSINESS-EXECUTIVE-MANAGER O O O O O O O O O O O O,NONE
london mayor ken livingstone has again refused to re ##tra ##ct a nazi insult made to a jewish reporter .,O O B-POLITICIAN I-POLITICIAN O O O O O O O O O O O O O O O O,NONE
"on tape mr livingstone , who once worked as a freelance restaurant critic on the paper , is heard asking reporter oliver fine ##gold if he is a "" german war criminal "" .",O O O B-POLITICIAN O O O O O O O O O O O O O O O O O B-AUTHOR-WRITER I-AUTHOR-WRITER I-AUTHOR-WRITER O O O O O O O O O O,critic
"mr fine ##gold replies : "" no , i ' m jewish , i wasn ' t a german war criminal .",O B-AUTHOR-WRITER I-AUTHOR-WRITER O O O O O O O O O O O O O O O O O O O,NONE
"the release of as ##if za ##rda ##ri , former prime minister ben ##azi ##r b ##hu ##tto ' s husband , has eased political tensions between the military - backed government and the opposition pakistan people ' s party .",O O O B-POLITICIAN I-POLITICIAN I-POLITICIAN I-POLITICIAN I-POLITICIAN O O O O B-POLITICIAN I-POLITICIAN I-POLITICIAN I-POLITICIAN I-POLITICIAN I-POLITICIAN O O O O O O O O O O O O O O O O O O O O O O O,NONE
a man was shot in the thigh outside new york ' s hot 97 studios while 50 cent was on air .,O O O O O O O O O O O O O O O O B-MUSICIAN I-MUSICIAN O O O O,NONE
tu ##pac sha ##kur was shot dead in 1996 .,B-MUSICIAN I-MUSICIAN I-MUSICIAN I-MUSICIAN O O O O O O,NONE
the aviator is also widely tipped to win the best director prize for martin sc ##ors ##ese .,O O O O O O O O O O O O O B-ACTOR-DIRECTOR I-ACTOR-DIRECTOR I-ACTOR-DIRECTOR I-ACTOR-DIRECTOR O,NONE
x factor judge sharon os ##bourne will present sky television ' s live coverage of the event .,O O O B-PUBLIC-FIGURE I-PUBLIC-FIGURE I-PUBLIC-FIGURE O O O O O O O O O O O O,judge
the late douglas adams ' original 1977 scripts have also been turned into a series of successful books .,O O B-AUTHOR-WRITER I-AUTHOR-WRITER O O O O O O O O O O O O O O O,NONE
"adams wrote the screenplay based on his book before his premature death , while a new radio series was aired 26 years after the first broadcast and included many of the original cast members .",B-AUTHOR-WRITER O O O O O O O O O O O O O O O O O O O O O O O O O O O O O O O O O O,NONE
"manchester united : carroll , gary neville , brown , ferdinand , heinz ##e , ronald ##o , phil neville , keane , sc ##holes , fortune , rooney .",O O O B-ATHLETE O B-ATHLETE I-ATHLETE O B-ATHLETE O B-ATHLETE O B-ATHLETE I-ATHLETE O B-ATHLETE I-ATHLETE O B-ATHLETE I-ATHLETE O B-ATHLETE O B-ATHLETE I-ATHLETE O B-ATHLETE O B-ATHLETE O,NONE
jake white claimed the coaching award while his side held off grand slam winners france to take the team award .,B-ATHLETE I-ATHLETE O O O O O O O O O O O O O O O O O O O,NONE
"actor tom hank ##s and director ron howard are re ##uni ##ting for the da vinci code , an adaptation of the international best - selling novel by dan brown .",O B-ACTOR-DIRECTOR I-ACTOR-DIRECTOR I-ACTOR-DIRECTOR O O B-ACTOR-DIRECTOR I-ACTOR-DIRECTOR O O O O O O O O O O O O O O O O O O O O B-AUTHOR-WRITER I-AUTHOR-WRITER O,NONE
kelly holmes finally fulfilled her potential by storm ##ing to double gold on the track at the olympic games .,B-ATHLETE I-ATHLETE O O O O O O O O O O O O O O O O O O,NONE
"as inappropriate net content , most obviously pornography viewed by children , continues to dominate the headlines , internet regulation remains a political issue said mp richard allan , liberal democrat spokesman on it .",O O O O O O O O O O O O O O O O O O O O O O O O O O B-POLITICIAN I-POLITICIAN O O O O O O O,NONE
"ms roche , labour mp for horns ##ey and wood green , believes legal migration is something we should welcome .",O B-POLITICIAN O O O O O O O O O O O O O O O O O O O,NONE
he said the family of sound engineer thorne no ##gar did not want to di ##vu ##lge the price they had set or the offers they had received .,O O O O O O O B-PUBLIC-FIGURE I-PUBLIC-FIGURE I-PUBLIC-FIGURE O O O O O O O O O O O O O O O O O O O,NONE
merritt close to indoor 400 ##m mark,B-ATHLETE O O O O O O,NONE
"doug kaye , a california - based podcast ##er , praises the former mtv v ##j for what he has done .",B-PUBLIC-FIGURE I-PUBLIC-FIGURE O O O O O O O O O O O O O O O O O O O O,NONE
""" to be the johnny carson , or ed sullivan of anything is wonderful .",O O O O B-ACTOR-DIRECTOR I-ACTOR-DIRECTOR O O B-ACTOR-DIRECTOR I-ACTOR-DIRECTOR O O O O O,NONE
blair ' damaged ' by blu ##nk ##ett row,B-POLITICIAN O O O O B-POLITICIAN I-POLITICIAN I-POLITICIAN O,NONE
aa ##li ##yah had completed a music video when the plane crashed in the bahamas .,B-MUSICIAN I-MUSICIAN I-MUSICIAN O O O O O O O O O O O O O,NONE
""" it was a wonderful adventure , "" eastwood said .",O O O O O O O O B-ACTOR-DIRECTOR O O,NONE
blu ##nk ##ett row should end - blair,B-POLITICIAN I-POLITICIAN I-POLITICIAN O O O O B-POLITICIAN,NONE
"on tuesday sir alan said the application for leave to remain in the uk made by kimberly quinn ' s nanny was processed in 52 days , 120 days faster than the average .",O O O B-BUSINESS-EXECUTIVE-MANAGER O O O O O O O O O O O O B-PUBLIC-FIGURE I-PUBLIC-FIGURE O O O O O O O O O O O O O O O O,NONE
"in an interview published in the radio times in january , victoria wood slated comedian sac ##ha baron cohen for his character ali g ' s "" horrible "" brand of "" victim "" humour .",O O O O O O O O O O O B-ACTOR-DIRECTOR I-ACTOR-DIRECTOR O O B-ACTOR-DIRECTOR I-ACTOR-DIRECTOR I-ACTOR-DIRECTOR I-ACTOR-DIRECTOR O O O B-PUBLIC-FIGURE I-PUBLIC-FIGURE O O O O O O O O O O O O,NONE
now rod ##dick has to defend a break point and he produces a characteristic ace to save it .,O B-ATHLETE I-ATHLETE O O O O O O O O O O O O O O O O,NONE
mr blair will focus on africa ' s development plans and global warming .,O B-POLITICIAN O O O O O O O O O O O O,NONE
but manchester united manager sir alex ferguson hinted he may be back early .,O O O O B-ATHLETE I-ATHLETE I-ATHLETE O O O O O O O,manager
than ##ou bull ##ish over drugs hearing,B-ATHLETE I-ATHLETE O O O O O,NONE
"the latest to pitch in has been president george w bush himself , who told the asia pacific economic co - operation ( ape ##c ) summit in chile that he remained committed to hal ##ving the budget deficit .",O O O O O O O O B-POLITICIAN I-POLITICIAN I-POLITICIAN O O O O O O O O O O O O O O O O O O O O O O O O O O O O O,NONE
and last week us treasury secretary john snow told an audience in the uk that the policy remained una ##lter ##ed .,O O O O O O B-POLITICIAN I-POLITICIAN O O O O O O O O O O O O O O,NONE
"mr mil ##burn said : "" he is not some unknown hopeful fighting an un ##win ##nable seat .",O B-POLITICIAN I-POLITICIAN O O O O O O O O O O O O O O O O,NONE
"drummer larry mu ##llen jr echoed those sentiments : "" we ' re very competitive - we want to be on the radio , have big singles .",O B-MUSICIAN I-MUSICIAN I-MUSICIAN I-MUSICIAN O O O O O O O O O O O O O O O O O O O O O O O,NONE
""" graham henry ( former wales coach ) said a couple of years ago that we should ' be bold ' when going to france , and he was proved right , "" said rudd ##ock .",O B-ATHLETE I-ATHLETE O O O O O O O O O O O O O O O O O O O O O O O O O O O O O O O B-ATHLETE I-ATHLETE O,NONE
"mike german , leader of the liberal democrats in the assembly , claimed that one in three homes were still likely to face council tax rises due to re ##band ##ing .",B-POLITICIAN I-POLITICIAN O O O O O O O O O O O O O O O O O O O O O O O O O O O O O O,NONE
leading british computer games maker peter mo ##lyn ##eux has been made an obe in the new year honours list .,O O O O O B-BUSINESS-EXECUTIVE-MANAGER I-BUSINESS-EXECUTIVE-MANAGER I-BUSINESS-EXECUTIVE-MANAGER I-BUSINESS-EXECUTIVE-MANAGER O O O O O O O O O O O O,NONE
mr mo ##lyn ##eux has been a pivotal figure in the computer games industry for almost 20 years .,O B-BUSINESS-EXECUTIVE-MANAGER I-BUSINESS-EXECUTIVE-MANAGER I-BUSINESS-EXECUTIVE-MANAGER O O O O O O O O O O O O O O O,NONE
"prime minister tony blair ' s official spokesman said : "" there are british nationals in ivory coast and as you can imagine we are making the usual con ##ting ##ency plans in case the situation deter ##ior ##ates further , but that ' s all i can say at this stage . """,O O B-POLITICIAN I-POLITICIAN O O O O O O O O O O O O O O O O O O O O O O O O O O O O O O O O O O O O O O O O O O O O O O O O O O,NONE
home secretary charles clarke is currently looking at the idea of a levy on the drinks industry to pay for the cost of extra policing .,O O B-POLITICIAN I-POLITICIAN O O O O O O O O O O O O O O O O O O O O O O,NONE
"this year ' s winner , alice se ##bold ' s the lovely bones , sold over one million .",O O O O O O B-AUTHOR-WRITER I-AUTHOR-WRITER I-AUTHOR-WRITER O O O O O O O O O O O,NONE
"david mitchell ' s booker - shortlisted novel , cloud atlas , makes it into this year ' s top 10 along with several lesser known works .",B-AUTHOR-WRITER I-AUTHOR-WRITER O O B-PUBLIC-FIGURE O O O O O O O O O O O O O O O O O O O O O O O,NONE
"jo ##ss stone , the 17 - year - old soul singer from devon , was a new entry in the young music millionaire ##s list .",B-MUSICIAN I-MUSICIAN I-MUSICIAN O O O O O O O O O O O O O O O O O O O O O O O O,NONE
"an entrepreneur from an early age , mr ho ##li ##ff served as a rear air gunner in the royal canadian air force during world war ii , afterwards setting up a drive - in restaurant .",O O O O O O O O B-BUSINESS-EXECUTIVE-MANAGER I-BUSINESS-EXECUTIVE-MANAGER I-BUSINESS-EXECUTIVE-MANAGER O O O O O O O O O O O O O O O O O O O O O O O O O O,NONE
"republican politician fred upton , who chairs the committee responsible for broadcasting , said current fines are "" more of a cost of doing business rather than a deter ##rent "" .",O O B-POLITICIAN I-POLITICIAN O O O O O O O O O O O O O O O O O O O O O O O O O O O O,NONE
"last year ' s janet jackson ' wardrobe mal ##fu ##nction ' encouraged the fcc to impose tough ##er rules , but the us congress ad ##jou ##rned last year without agreeing on a new level of fines .",O O O O B-MUSICIAN I-MUSICIAN O O O O O O O O O O O O O O O O O O O O O O O O O O O O O O O O O,NONE
their demands have been backed by former metropolitan police commissioner sir john stevens .,O O O O O O O O O O O B-PUBLIC-FIGURE I-PUBLIC-FIGURE O,NONE
"in one of britain ' s highest profile cases , norfolk farmer tony martin was jailed for life for murdering 16 - year - old bu ##rg ##lar fred barr ##as , in 1999 .",O O O O O O O O O O O O B-PUBLIC-FIGURE I-PUBLIC-FIGURE O O O O O O O O O O O O O O B-PUBLIC-FIGURE I-PUBLIC-FIGURE I-PUBLIC-FIGURE O O O O,NONE
"actress sandra bullock has donated $ 1 ##m ( £5 ##25 , 000 ) to the american red cross and actor leonardo di ##cap ##rio pledged a "" sizable "" aid contribution to unicef .",O B-ACTOR-DIRECTOR I-ACTOR-DIRECTOR O O O O O O O O O O O O O O O O O O B-ACTOR-DIRECTOR I-ACTOR-DIRECTOR I-ACTOR-DIRECTOR I-ACTOR-DIRECTOR O O O O O O O O O O,NONE
johnny and denise lose passport,B-ACTOR-DIRECTOR O B-ACTOR-DIRECTOR O O,NONE
tu ##tu ' s guantanamo release call,B-PUBLIC-FIGURE I-PUBLIC-FIGURE O O O O O,NONE
archbishop desmond tu ##tu has called for the release of the remaining inmates at guantanamo bay and terror suspects detained without trial in the uk .,O B-PUBLIC-FIGURE I-PUBLIC-FIGURE I-PUBLIC-FIGURE O O O O O O O O O O O O O O O O O O O O O O,NONE
"referring to the detention ##s in cuba , archbishop tu ##tu told bbc news : "" it is utterly unacceptable .",O O O O O O O O O B-PUBLIC-FIGURE I-PUBLIC-FIGURE O O O O O O O O O O,NONE
"archbishop tu ##tu criticised the measures , saying : "" i am opposed to any arbitrary detention that is happening , even in britain . """,O B-PUBLIC-FIGURE I-PUBLIC-FIGURE O O O O O O O O O O O O O O O O O O O O O O O,NONE
"never afraid to speak his mind , be it to the referee or the opposition on the pitch , or his coach or the media off it , dal ##lag ##lio has sometimes rubbed people up the wrong way .",O O O O O O O O O O O O O O O O O O O O O O O O O O O O B-ATHLETE I-ATHLETE I-ATHLETE O O O O O O O O O,NONE
"with sensation ##al allegations of drug use - of which he was subsequently cleared - splashed across the front pages , a devastated dal ##lag ##lio stepped down as england skipper .",O O O O O O O O O O O O O O O O O O O O O O O B-ATHLETE I-ATHLETE I-ATHLETE O O O O O O,NONE
"other celebrities to walk out of a reality show tv include sex pistol john l ##yd ##on , former eastenders actress dan ##nie ##lla west ##brook and ex - e ##17 singer brian harvey who all left i ' m a celebrity . . . get me out of here .",O O O O O O O O O O O O O B-MUSICIAN I-MUSICIAN I-MUSICIAN I-MUSICIAN O O O O B-ACTOR-DIRECTOR I-ACTOR-DIRECTOR I-ACTOR-DIRECTOR I-ACTOR-DIRECTOR I-ACTOR-DIRECTOR O O O O O O B-MUSICIAN I-MUSICIAN O O O O O O O O O O O O O O O O O,NONE
but thriller writer frederick forsyth tells bbc news of his personal response to the move .,O O O B-AUTHOR-WRITER I-AUTHOR-WRITER O O O O O O O O O O O,writer
forsyth says 3000 died over 30 years or terrorism ; 3000 people died in one morning in ny on september 11th 2001 .,B-AUTHOR-WRITER O O O O O O O O O O O O O O O O O O O O O O,NONE
"it is frederick forsyth who is the ex ##tre ##mist , because he does not appreciate the need for balance .",O O B-AUTHOR-WRITER I-AUTHOR-WRITER O O O O O O O O O O O O O O O O O,NONE
mr forsyth is a wonderful writer and should keep his fiction where it belongs .,O B-AUTHOR-WRITER O O O O O O O O O O O O O,writer
"sadly comments such as his will make a lot of people believe that they are governed by people who are fast becoming tyrant ##s instead of being genuinely committed to stopping ty ##ran ##ny , even if the method employed to do that is at the moment alien to the british people who have lived in a democracy protected by tony blair and others of like mind who , mr . forsyth seems to be putting along side the ' sc ##ruff ##y little austrian . '",O O O O O O O O O O O O O O O O O O O O O O O O O O O O O O O O O O O O O O O O O O O O O O O O O O O O O O O O O O O O B-POLITICIAN I-POLITICIAN O O O O O O O O O B-AUTHOR-WRITER O O O O O O O O O O O O O O O,NONE
"ho ##bbe ##s has been round ##ly condemned by poster ##ity , and right ##ly so .",B-PUBLIC-FIGURE I-PUBLIC-FIGURE I-PUBLIC-FIGURE O O O O O O O O O O O O O O,NONE
of course frederick is wrong about britain winning the war against the ira and he ' s wrong too about the country not becoming a ty ##ran ##ny .,O O B-AUTHOR-WRITER O O O O O O O O O O O O O O O O O O O O O O O O O O,NONE
"mr forsyth links "" islamic fundamental ##ism "" to the new "" threat "" .",O B-AUTHOR-WRITER O O O O O O O O O O O O O,NONE
"the people who mr forsyth labels the new "" threat "" are those who do not follow the correct teachings of islam .",O O O O B-AUTHOR-WRITER O O O O O O O O O O O O O O O O O O,NONE
"notwithstanding these and the attempted and nearly successful assassination attempts on prime minister thatcher in brighton and on later occupants of 10 downing street , there was no re ##tal ##ia ##tory blitz on belfast or dublin as there has been on afghanistan and iraq .",O O O O O O O O O O O O O B-POLITICIAN O O O O O O O O O O O O O O O O O O O O O O O O O O O O O O O O,NONE
"more money is to be given to councils to develop official caravan parks , said housing minister y ##vet ##te cooper .",O O O O O O O O O O O O O O O O O B-POLITICIAN I-POLITICIAN I-POLITICIAN I-POLITICIAN O,NONE
"and responding to criticism from bbc sport pun ##dit and former liverpool st ##al ##wart alan hansen , he insisted talks on new investment are ongoing , but added the door has not closed on shareholder and lifelong fan steve morgan .",O O O O O O O O O O O O O O O B-ATHLETE I-ATHLETE O O O O O O O O O O O O O O O O O O O O O O B-BUSINESS-EXECUTIVE-MANAGER I-BUSINESS-EXECUTIVE-MANAGER O,pundit
critical time for liverpool with regards to ge ##rrard .,O O O O O O O B-ATHLETE I-ATHLETE O,NONE
the key is if ge ##rrard comes out and says that he is happy .,O O O O B-ATHLETE I-ATHLETE O O O O O O O O O,NONE
bath faced with tin ##dal ##l ultimatum,O O O B-ATHLETE I-ATHLETE I-ATHLETE O,NONE
the former porto coach was forced to watch the climax of his side ' s 3 - 2 victory over liverpool on television after being ushered away from the touch ##line by fourth official phil cross ##ley .,O O O O O O O O O O O O O O O O O O O O O O O O O O O O O O O O O O B-PUBLIC-FIGURE I-PUBLIC-FIGURE I-PUBLIC-FIGURE O,NONE
mo ##uri ##nh ##o still faces an fa investigation into his all ##ega ##tion that manchester united ' s players ' cheated ' during january ' s carl ##ing cup semi - final at stamford bridge .,B-ATHLETE I-ATHLETE I-ATHLETE I-ATHLETE O O O O O O O O O O O O O O O O O O O O O O O O O O O O O O O O O,NONE
and uefa could also launch disciplinary action following mo ##uri ##nh ##o ' s failure to attend a compulsory post - match press conference after chelsea ' s champions league defeat at barcelona last week .,O O O O O O O O B-ATHLETE I-ATHLETE I-ATHLETE I-ATHLETE O O O O O O O O O O O O O O O O O O O O O O O O,NONE
"last may , r & b star usher scored a chart first , with three concurrent singles in the us top 10 , a feat which was previously matched only by the bee gee ##s and the beatles .",O O O O O O O B-MUSICIAN O O O O O O O O O O O O O O O O O O O O O O O B-MUSICIAN I-MUSICIAN I-MUSICIAN I-MUSICIAN O B-MUSICIAN I-MUSICIAN O,NONE
the actor was nominated for an oscar the following year for his role in bernardo bert ##ol ##ucci ' s last tango in paris .,O O O O O O O O O O O O O O B-ACTOR-DIRECTOR I-ACTOR-DIRECTOR I-ACTOR-DIRECTOR I-ACTOR-DIRECTOR O O O O O O O,NONE
"curb ##ish ##ley was subjected to criticism from charlton fans recently , and he said : "" the thing about this club is that we have got where we are by all pulling in the same direction .",B-ATHLETE I-ATHLETE I-ATHLETE O O O O O O O O O O O O O O O O O O O O O O O O O O O O O O O O O O O,NONE
"kamal nat ##h , commerce and industry minister , announced the decision in delhi on thursday following a cabinet meeting .",B-POLITICIAN I-POLITICIAN I-POLITICIAN O O O O O O O O O O O O O O O O O O,NONE
"there are details of foreign nationals made british citizens by act of parliament , including composer george fr ##ider ##ic handel in 1727 .",O O O O O O O O O O O O O O O O B-MUSICIAN I-MUSICIAN I-MUSICIAN I-MUSICIAN I-MUSICIAN O O O,NONE
sir alan ' s films include oscar - winning fame plus midnight express and the commitments .,O B-ACTOR-DIRECTOR O O O O O O O O O O O O O O O,NONE
"he also cited the director ' s 2003 film the life of david gale , in which kevin space ##y played a man on death row , as proof of his "" ve ##rita ##ble artistic commitment against the death sentence "" .",O O O O O O O O O O O O O O O O O B-ACTOR-DIRECTOR I-ACTOR-DIRECTOR I-ACTOR-DIRECTOR O O O O O O O O O O O O O O O O O O O O O O O,NONE
jar ##re joins fairy ##tale celebration,B-MUSICIAN I-MUSICIAN O O O O,NONE
denmark ' s crown prince fred ##erik and crown princess mary visited new york on monday to help promote the festivities .,O O O B-PUBLIC-FIGURE I-PUBLIC-FIGURE I-PUBLIC-FIGURE I-PUBLIC-FIGURE O B-PUBLIC-FIGURE I-PUBLIC-FIGURE I-PUBLIC-FIGURE O O O O O O O O O O O,NONE
"later at a gala dinner , danish super ##mo ##del helena christensen was named a hans christian andersen ambassador .",O O O O O O O O O O B-PUBLIC-FIGURE I-PUBLIC-FIGURE O O O B-AUTHOR-WRITER I-AUTHOR-WRITER I-AUTHOR-WRITER O O,NONE
"the muslim council of britain said of ##sted boss mr bell ' s comments were "" highly ir ##res ##pon ##sible "" .",O O O O O O O O O O B-BUSINESS-EXECUTIVE-MANAGER O O O O O O O O O O O O,NONE
fa ##hre ##nh ##eit 9 / 11 director michael moore dedicated his trophy to soldiers in iraq .,O O O O O O O O B-ACTOR-DIRECTOR I-ACTOR-DIRECTOR O O O O O O O O,NONE
lu ##ft ##han ##sa may sue over bush visit german airline lu ##ft ##han ##sa may sue federal agencies for damages after the arrival of us president george w bush disrupted flights .,O O O O O O O B-POLITICIAN O O O O O O O O O O O O O O O O O O O B-POLITICIAN I-POLITICIAN I-POLITICIAN O O O,NONE
"central to the problem was that instead of half an hour , the arrival of president bush on the german leg of his european tour took the best part of an hour , lu ##ft ##han ##sa said .",O O O O O O O O O O O O O O O O B-POLITICIAN O O O O O O O O O O O O O O O O O O O O O O,NONE
the extra time taken by president bush and his entourage meant that there was a knock - on effect that led to significant delays .,O O O O O O B-POLITICIAN O O O O O O O O O O O O O O O O O O,NONE
"mr ali added his voice to those warning that aid pledge ##s must be promptly delivered , saying the number of people at risk of poverty hi ##nged on "" concerns over sanitation and health conditions , and other basic needs "" being "" properly and quickly addressed "" .",O B-PUBLIC-FIGURE O O O O O O O O O O O O O O O O O O O O O O O O O O O O O O O O O O O O O O O O O O O O O O O O,NONE
levy takes w ##hit ##bread novel prize,B-AUTHOR-WRITER O O O O O O,NONE
orange prize winner andrea levy has seen her book small island win the w ##hit ##bread novel of the year award .,O O O B-AUTHOR-WRITER I-AUTHOR-WRITER O O O O O O O O O O O O O O O O O,NONE
geraldine mcc ##au ##gh ##rea ##n has picked up the children ' s fiction award for the third time for not the end of the world .,B-AUTHOR-WRITER I-AUTHOR-WRITER I-AUTHOR-WRITER I-AUTHOR-WRITER I-AUTHOR-WRITER I-AUTHOR-WRITER O O O O O O O O O O O O O O O O O O O O O,NONE
one is a jamaican who joined british troops to fight hitler but finds life difficult out of uniform when he settles in london .,O O O O O O O O O O B-POLITICIAN O O O O O O O O O O O O O,NONE
"the judges , who included authors jenny col ##gan and amanda craig , were full of praise for her writing .",O O O O O O B-AUTHOR-WRITER I-AUTHOR-WRITER I-AUTHOR-WRITER O B-AUTHOR-WRITER I-AUTHOR-WRITER O O O O O O O O O,NONE
"the first novel section was won by susan fletcher for eve green , beating the favourite jonathan strange and mr nor ##rell by susanna clarke .",O O O O O O O B-AUTHOR-WRITER I-AUTHOR-WRITER O B-PUBLIC-FIGURE I-PUBLIC-FIGURE O O O O B-PUBLIC-FIGURE I-PUBLIC-FIGURE O B-PUBLIC-FIGURE I-PUBLIC-FIGURE I-PUBLIC-FIGURE O B-AUTHOR-WRITER I-AUTHOR-WRITER O,NONE
fletcher has recently graduated from graduated from the university of east anglia creative writing course .,B-AUTHOR-WRITER O O O O O O O O O O O O O O O,NONE
"waters ##tone ' s fiction writer buyer su ##zie door ##e said : "" it is great to see susan fletcher win in the first novel category .",O O O O O O O B-BUSINESS-EXECUTIVE-MANAGER I-BUSINESS-EXECUTIVE-MANAGER I-BUSINESS-EXECUTIVE-MANAGER I-BUSINESS-EXECUTIVE-MANAGER O O O O O O O O B-AUTHOR-WRITER I-AUTHOR-WRITER O O O O O O O,writer
"guy has published many histories , including tudor england .",B-AUTHOR-WRITER O O O O O O O O O,NONE
communications minister day ##ani ##dhi mara ##n said that there is a need to fund the fast - growing mobile market .,O O B-POLITICIAN I-POLITICIAN I-POLITICIAN I-POLITICIAN I-POLITICIAN O O O O O O O O O O O O O O O,NONE
mr blair directly denied that quote on wednesday .,O B-POLITICIAN O O O O O O O,NONE
"treasury secretary john snow put a brave face on the news , saying it was a sign of strong economic expansion .",O O B-POLITICIAN I-POLITICIAN O O O O O O O O O O O O O O O O O O,NONE
one such avatar is jeremiah .,O O O O O O,NONE
"vice - prime minister oleg ry ##bach ##uk called on the eu to recognise the steps that ukraine was taking , fearing that should the country not be rewarded for its efforts there may be a backlash against closer relations with brussels .",O O O O B-POLITICIAN I-POLITICIAN I-POLITICIAN I-POLITICIAN O O O O O O O O O O O O O O O O O O O O O O O O O O O O O O O O O O O,NONE
arthur hailey : king of the bestseller ##s,B-AUTHOR-WRITER I-AUTHOR-WRITER O O O O O O,NONE
"novelist arthur hailey , who has died at the age of 84 , was known for his best ##sell ##ing page - turner ##s exploring the inner workings of various industries , from the hotels to high finance .",O B-AUTHOR-WRITER I-AUTHOR-WRITER O O O O O O O O O O O O O O O O O O O O O O O O O O O O O O O O O O O O,novelist
"hailey worked as a screenwriter for a couple of years , before turning to novels .",B-AUTHOR-WRITER O O O O O O O O O O O O O O O,NONE
"flight into danger was adapted to become hailey ' s first novel , runaway zero - eight in 1958 .",O O O O O O O B-AUTHOR-WRITER O O O O O O O O O O O O,NONE
"the 1997 novel detective proved to be hailey ' s final book , when at the age of 77 he decided to retire .",O O O O O O O B-AUTHOR-WRITER O O O O O O O O O O O O O O O O,NONE
"and i can spend the day working with my girlfriend anne , a children ' s writer , at her house in cambridge , sharing her wireless network .",O O O O O O O O O O B-AUTHOR-WRITER O O O O O O O O O O O O O O O O O O,writer
just ask anne .,O O O O,NONE
"i think uk ##ip had a huge amount to do with tony blair ' s decision to hold a referendum on the european constitution and i think it had a huge amount to do with his refusal to go into the euro "" .",O O O O O O O O O O O B-POLITICIAN I-POLITICIAN O O O O O O O O O O O O O O O O O O O O O O O O O O O O O O O,NONE
davis was also a prominent figure in the civil rights movement and was a voice for racial equality .,B-PUBLIC-FIGURE O O O O O O O O O O O O O O O O O O,NONE
he was a featured speaker at the funeral ##s of both martin luther king j ##nr and malcolm x .,O O O O O O O O O O O B-PUBLIC-FIGURE I-PUBLIC-FIGURE I-PUBLIC-FIGURE I-PUBLIC-FIGURE I-PUBLIC-FIGURE O B-PUBLIC-FIGURE I-PUBLIC-FIGURE O,NONE
"local councillor l ##yn brown was selected for west ham , east london , in a contest between two white and five ethnic minority women .",O O B-POLITICIAN I-POLITICIAN I-POLITICIAN O O O O O O O O O O O O O O O O O O O O O,NONE
veteran comic cyril fletcher dies,O O B-ACTOR-DIRECTOR I-ACTOR-DIRECTOR O,NONE
"he started out as a singer and songwriter before going into music management , looking after country star hank williams jr .",O O O O O O O O O O O O O O O O O O B-MUSICIAN I-MUSICIAN I-MUSICIAN O,NONE
"he wrote ring of fire with june carter cash , the future wife of johnny cash who went on to score his most popular hit with the track .",O O O O O O B-MUSICIAN I-MUSICIAN I-MUSICIAN O O O O O B-MUSICIAN I-MUSICIAN O O O O O O O O O O O O O,NONE
"one of the first songs he wrote for other artists was wo ##lver ##ton mountain , which sold 10 million copies when recorded by claude king .",O O O O O O O O O O O O O O O O O O O O O O O O B-MUSICIAN I-MUSICIAN O,NONE
howl ' s moving castle is based on a children ' s fantasy novel by uk author diana wynn ##e jones .,O O O O O O O O O O O O O O O O O B-AUTHOR-WRITER I-AUTHOR-WRITER I-AUTHOR-WRITER I-AUTHOR-WRITER O,author
the middlesbrough athlete jumped a season ' s best of 7 . 95 ##m at the birmingham grand prix - good enough to push world indoor champion sava ##nte string ##fell ##ow into second .,O O O O O O O O O O O O O O O O O O O O O O O O O O O B-ATHLETE I-ATHLETE I-ATHLETE I-ATHLETE I-ATHLETE O O O,NONE
el gu ##er ##rou ##j targets cross country,B-ATHLETE I-ATHLETE I-ATHLETE I-ATHLETE I-ATHLETE O O O,NONE
brown visits sl ##um on africa trip,B-POLITICIAN O O O O O O,NONE
mr brown ' s trip is designed to highlight how the uk wants to make africa ' s problems a priority of its chairman ##ship of the g ##8 this year .,O B-POLITICIAN O O O O O O O O O O O O O O O O O O O O O O O O O O O O O O,NONE
"brown ' s aide ##s say he wants to find out more about the kenyan government ' s education policies , which included introducing free primary education in early 2003 .",B-POLITICIAN O O O O O O O O O O O O O O O O O O O O O O O O O O O O O O,NONE
shadow foreign secretary michael an ##cr ##am said there was a constant need to ensure value for money from foreign missions .,O O O B-POLITICIAN I-POLITICIAN I-POLITICIAN I-POLITICIAN O O O O O O O O O O O O O O O,NONE
the show used presley photos last week .,O O O B-MUSICIAN O O O O,NONE
shadow foreign secretary michael an ##cr ##am told mps a new white paper was part of trying to soft ##en up opinion ahead of the referendum on the eu constitution .,O O O B-POLITICIAN I-POLITICIAN I-POLITICIAN I-POLITICIAN O O O O O O O O O O O O O O O O O O O O O O O O,NONE
brown ' s poll campaign move denied,B-POLITICIAN O O O O O O,NONE
"he said : "" like kevin i ' d like to see some players come in .",O O O O O B-ATHLETE O O O O O O O O O O O,NONE
"si ##zz ##la , whose real name is miguel collins , has released 25 albums since 1995 and is credited with taking dance ##hall music back to its reggae origins .",B-MUSICIAN I-MUSICIAN I-MUSICIAN O O O O O B-MUSICIAN I-MUSICIAN O O O O O O O O O O O O O O O O O O O O O,NONE
"model sophie and ##erton was the last person to be voted off the itv ##1 show , set in the australian jungle .",O B-PUBLIC-FIGURE I-PUBLIC-FIGURE I-PUBLIC-FIGURE O O O O O O O O O O O O O O O O O O O,NONE
and on 26 november singer brian harvey quit as a contestant after he had a blazing row with janet street - porter .,O O O O O B-MUSICIAN I-MUSICIAN O O O O O O O O O O O B-AUTHOR-WRITER I-AUTHOR-WRITER I-AUTHOR-WRITER I-AUTHOR-WRITER O,NONE
"robbie keane , skipper for the night and scorer of the crucial second goal , echoed his manager ' s sentiments on the last - eight match .",B-ATHLETE I-ATHLETE O O O O O O O O O O O O O O O O O O O O O O O O O O,manager
prop jones ready for hard graf ##t,O B-ATHLETE O O O O O,NONE
blair ' said he would stand down ',B-POLITICIAN O O O O O O O,NONE
france set for new da vinci novel french books ##eller ##s are braced for a rush of interest after another book from the author of the da vinci code is translated into french .,O O O O O O O O O O O O O O O O O O O O O O O O O O O O O O O O O O,author
"angels and demons , by us author dan brown , will go on sale on wednesday .",O O O O O O O B-AUTHOR-WRITER I-AUTHOR-WRITER O O O O O O O O,author
thomas out of six nations,B-ATHLETE O O O O,NONE
blair to face mps amid feud talk,B-POLITICIAN O O O O O O,NONE
"mr brown , meanwhile , is visiting tanzania , mozambique and kenya to highlight the plight of many africans hit by aids , war and famine - issues which mr blair has also spoken out on .",O B-POLITICIAN O O O O O O O O O O O O O O O O O O O O O O O O O O O O B-POLITICIAN O O O O O O,NONE
pole vault : n buck ##field ( crawley ac ),O O O B-ATHLETE I-ATHLETE I-ATHLETE O O O O,NONE
"wall ##abi ##es captain george greg ##an said the charity match was a "" great initiative "" .",O O O O B-ATHLETE I-ATHLETE I-ATHLETE O O O O O O O O O O O,NONE
"maria , the novice nun who falls in love with baron von trap ##p , will be played by austro - australian actress and singer sandra pi ##res .",B-PUBLIC-FIGURE O O O O O O O O O B-PUBLIC-FIGURE I-PUBLIC-FIGURE I-PUBLIC-FIGURE I-PUBLIC-FIGURE O O O O O O O O O O O B-ACTOR-DIRECTOR I-ACTOR-DIRECTOR I-ACTOR-DIRECTOR O,NONE
lopez misses uk charity premiere,B-ACTOR-DIRECTOR O O O O,NONE
jennifer lopez cancelled an appearance at the uk charity premiere of her new movie saying she was too ill to fly .,B-ACTOR-DIRECTOR I-ACTOR-DIRECTOR O O O O O O O O O O O O O O O O O O O O,NONE
co - star richard ge ##re attended the event held in aid of the tsunami appeal .,O O O B-ACTOR-DIRECTOR I-ACTOR-DIRECTOR I-ACTOR-DIRECTOR O O O O O O O O O O O,NONE
in 2000 the people ' s fuel lobby caused chaos by blocking roads with slow - moving convoys after mr brown threatened to raise fuel taxes .,O O O O O O O O O O O O O O O O O O O O B-POLITICIAN O O O O O O,NONE
ex - chat show host robert ki ##lr ##oy - silk has quit the uk independence party and accused it of betray ##ing its supporters .,O O O O O B-POLITICIAN I-POLITICIAN I-POLITICIAN I-POLITICIAN I-POLITICIAN I-POLITICIAN O O O O O O O O O O O O O O O,NONE
"south african president tha ##bo mbe ##ki has attacked british imperial ##ists , saying they treated africans like savage ##s .",O O O B-POLITICIAN I-POLITICIAN I-POLITICIAN I-POLITICIAN O O O O O O O O O O O O O O,NONE
o ' connell rejects lions rumours,B-ATHLETE I-ATHLETE I-ATHLETE O O O,NONE
"o ' connell , who made a try - scoring international debut against wales two years ago , is enjoying his meteor ##ic rise into rugby ' s shop window - but refuses to be drawn on the lions .",B-ATHLETE I-ATHLETE I-ATHLETE O O O O O O O O O O O O O O O O O O O O O O O O O O O O O O O O O O O O O,NONE
halloween writer debra hill dies,O O B-AUTHOR-WRITER I-AUTHOR-WRITER O,writer
"directed by john carpenter , it made over $ 60 ##m ( £3 ##1 . 3 ##m ) worldwide - a record for independent film at that time .",O O B-ACTOR-DIRECTOR I-ACTOR-DIRECTOR O O O O O O O O O O O O O O O O O O O O O O O O O,NONE
"but um ##aga , in england for saturday ' s ir ##b rugby aid match , also backed new zealand to win the three - test series against the lions .",O B-ATHLETE I-ATHLETE O O O O O O O O O O O O O O O O O O O O O O O O O O O O,NONE
among those who have criticised the plans are the uk ' s top policeman sir john stevens .,O O O O O O O O O O O O O O O B-PUBLIC-FIGURE I-PUBLIC-FIGURE O,NONE
"black friday is based upon the novel of the same name written by journalist s hussain za ##idi , which looks at the 15 explosions which rocked mumbai on 12 march 1993 .",O O O O O O O O O O O O O O B-AUTHOR-WRITER I-AUTHOR-WRITER I-AUTHOR-WRITER I-AUTHOR-WRITER O O O O O O O O O O O O O O O,journalist
"blair says mayor should ap ##olo ##gis ##e tony blair has urged london mayor ken livingstone to ap ##olo ##gis ##e for his "" nazi "" comment to a jewish reporter .",B-POLITICIAN O O O O O O O B-POLITICIAN I-POLITICIAN O O O O B-POLITICIAN B-POLITICIAN O O O O O O O O O O O O O O O O,NONE
"labour ' s mr livingstone , who says he is "" standing by "" his remarks , had accused an evening standard journalist of being like a "" concentration camp guard "" .",O O O O B-POLITICIAN O O O O O O O O O O O O O O O O O O O O O O O O O O O O,journalist
"on tape , mr livingstone , who once worked as a freelance restaurant critic on the paper , is heard asking reporter oliver fine ##gold if he is a "" german war criminal "" .",O O O O B-POLITICIAN O O O O O O O O O O O O O O O O O B-AUTHOR-WRITER I-AUTHOR-WRITER I-AUTHOR-WRITER O O O O O O O O O O,critic
it has the power to suspend or bar mr livingstone from public office .,O O O O O O O O O B-POLITICIAN O O O O,NONE
moreno is also nominated for best actress at the oscar ##s .,B-ACTOR-DIRECTOR O O O O O O O O O O O,NONE
actor rodrigo de la ser ##na took the best debut performance prize for the motorcycle diaries .,O B-ACTOR-DIRECTOR I-ACTOR-DIRECTOR I-ACTOR-DIRECTOR I-ACTOR-DIRECTOR I-ACTOR-DIRECTOR O O O O O O O O O O O,NONE
"last year ' s big winner , lost in translation , went on to win the oscar for best original screenplay , for writer - director sofia cop ##pol ##a .",O O O O O O O O O O O O O O O O O O O O O O O O O O B-ACTOR-DIRECTOR I-ACTOR-DIRECTOR I-ACTOR-DIRECTOR I-ACTOR-DIRECTOR O,writer
"queen of the sky , otherwise known as ellen simone ##tti , evolved into an anonymous semi - fictional account of life in the sky .",O O O O O O O O B-AUTHOR-WRITER I-AUTHOR-WRITER I-AUTHOR-WRITER O O O O O O O O O O O O O O O,NONE
ms simone ##tti started her personal blog in january to help her get over her mother ' s death .,O B-AUTHOR-WRITER I-AUTHOR-WRITER O O O O O O O O O O O O O O O O O,NONE
susan che ##p ##ke ##mei has decided she is fit enough to run in next month ' s great edinburgh international cross country .,B-ATHLETE I-ATHLETE I-ATHLETE I-ATHLETE I-ATHLETE O O O O O O O O O O O O O O O O O O O,NONE
foreign secretary jack straw is to visit thailand and indonesia this week .,O O B-POLITICIAN I-POLITICIAN O O O O O O O O O,NONE
"international development secretary hilary ben ##n will also visit ace ##h in indonesia , as well as sri lanka .",O O O B-POLITICIAN I-POLITICIAN I-POLITICIAN O O O O O O O O O O O O O O,NONE
mr howard is expected to tell activists in kent that voters ' tolerance and desire to help others are being abused .,O B-POLITICIAN O O O O O O O O O O O O O O O O O O O O,NONE
"mr howard said britain should take its fair share of the world ' s "" genuine refugees "" .",O B-POLITICIAN O O O O O O O O O O O O O O O O O,NONE
"""",O,NONE
"on monday , mr howard said : "" it ' s not racist , as some people to claim , to talk about controlling immigration far from it . """,O O O O B-POLITICIAN O O O O O O O O O O O O O O O O O O O O O O O O O,NONE
robinson may even have to ap ##olo ##gis ##e for his comments in order to avoid san ##ction from the international rugby board .,B-ATHLETE O O O O O O O O O O O O O O O O O O O O O O O,NONE
elvis fans hold birthday bash,B-MUSICIAN O O O O,NONE
"based on the cult children ' s books by author daniel handler , the film follows three children who are orphaned when their parents die in a fire .",O O O O O O O O O O B-AUTHOR-WRITER I-AUTHOR-WRITER O O O O O O O O O O O O O O O O O,author
"ir ##fan han ##if , a 25 - year - old doctor from bolton , made a good impression , even if he was a little thrown by mr mackenzie ' s suggestion that instead of being treated by the nhs , young drunk ##s should "" given a good beating "" and left to die .",B-PUBLIC-FIGURE I-PUBLIC-FIGURE I-PUBLIC-FIGURE I-PUBLIC-FIGURE O O O O O O O O O O O O O O O O O O O O O O O O O B-PUBLIC-FIGURE O O O O O O O O O O O O O O O O O O O O O O O O O O O,NONE
ken ##yon denies robb ##en bar ##ca return,B-BUSINESS-EXECUTIVE-MANAGER I-BUSINESS-EXECUTIVE-MANAGER O B-ATHLETE I-ATHLETE O O O,NONE
"jem ##ima khan reportedly left her ipod , phone and purse in a cab and asked for them to be returned to her friend who turned out to be hugh grant .",B-PUBLIC-FIGURE I-PUBLIC-FIGURE I-PUBLIC-FIGURE O O O O O O O O O O O O O O O O O O O O O O O O O O B-ACTOR-DIRECTOR I-ACTOR-DIRECTOR O,NONE
"the colombian - born actress was the final hope for director joshua mars ##ton , who sc ##oured the us and colombia for a lead for maria full of grace .",O O O O O O O O O O O B-ACTOR-DIRECTOR I-ACTOR-DIRECTOR I-ACTOR-DIRECTOR O O O O O O O O O O O O O O O O O,NONE
sand ##ino moreno is now being regarded as one of the most promising actresses around at the moment .,B-ACTOR-DIRECTOR I-ACTOR-DIRECTOR I-ACTOR-DIRECTOR O O O O O O O O O O O O O O O O,NONE
"these rumours were fuel ##led by mr blair ' s decision to hold his monthly media conference at the same time as a long - planned speech by mr brown on uk plans to tackle global poverty with a new "" marshall plan "" for africa .",O O O O O O O B-POLITICIAN O O O O O O O O O O O O O O O O O O O O O B-POLITICIAN O O O O O O O O O O O O O O O O O,NONE
cl ##ij ##sters hope on aus ##sie open,B-ATHLETE I-ATHLETE I-ATHLETE O O O O O,NONE
end bush ' denial ' blair tells eu,O B-POLITICIAN O O O B-POLITICIAN O O,NONE
"mr blair is at a summit in brussels , where iraq and european justice and immigration plans are on the agenda .",O B-POLITICIAN O O O O O O O O O O O O O O O O O O O O,NONE
mr blair has probably been closer to president bush than any other european leader .,O B-POLITICIAN O O O O O O B-POLITICIAN O O O O O O,NONE
""" the fact is that president bush is there for four years .",O O O O O O B-POLITICIAN O O O O O O,NONE
his words about president bush met a cool reception from jacques chi ##rac .,O O O O B-POLITICIAN O O O O O B-POLITICIAN I-POLITICIAN I-POLITICIAN O,NONE
dollar gains on greens ##pan speech,O O O B-POLITICIAN I-POLITICIAN O,NONE
"the st ##rate ##gist helped australia ' s pm , john howard , win four elections .",O O O O O O O O O O B-POLITICIAN I-POLITICIAN O O O O O,NONE
"fergus crane includes text by stewart and illustrations by rid ##dell , who also created the edge chronicles together .",B-AUTHOR-WRITER I-AUTHOR-WRITER O O O B-AUTHOR-WRITER O O O B-AUTHOR-WRITER I-AUTHOR-WRITER O O O O O O O O O,NONE
"previous winners have included j ##k row ##ling , jacqueline wilson and dick king - smith .",O O O O B-AUTHOR-WRITER I-AUTHOR-WRITER I-AUTHOR-WRITER I-AUTHOR-WRITER O B-AUTHOR-WRITER I-AUTHOR-WRITER O B-AUTHOR-WRITER I-AUTHOR-WRITER I-AUTHOR-WRITER I-AUTHOR-WRITER O,NONE
stern recently announced he was leaving via ##com while the two djs were sacked after their show featured a couple pu ##rp ##ort ##ing to have sex in a church .,B-PUBLIC-FIGURE O O O O O O O O O O O O O O O O O O O O O O O O O O O O O O,NONE
howard re ##bu ##ts asylum criticisms,B-POLITICIAN O O O O O,NONE
"tv presenter anne robinson said as home secretary he gave the impression he would "" like to kick your cat "" .",O O B-ACTOR-DIRECTOR I-ACTOR-DIRECTOR O O O O O O O O O O O O O O O O O O,presenter
"oliver stone ' s big - budget epic alexander , starring colin farrell , followed last week ' s disappointing sixth - place opening with a slump to seventh place and taking ##s of $ 4 . 7 ##m ( £2 . 4 ##m ) .",B-ACTOR-DIRECTOR I-ACTOR-DIRECTOR O O O O O O O O O B-ACTOR-DIRECTOR I-ACTOR-DIRECTOR O O O O O O O O O O O O O O O O O O O O O O O O O O O O O O O O O,NONE
"it is cage ' s fourth collaboration with jerry br ##uck ##heimer , who is usually noted for his male - orient ##ated action films .",O O B-ACTOR-DIRECTOR O O O O O B-BUSINESS-EXECUTIVE-MANAGER I-BUSINESS-EXECUTIVE-MANAGER I-BUSINESS-EXECUTIVE-MANAGER I-BUSINESS-EXECUTIVE-MANAGER O O O O O O O O O O O O O O,NONE
catholics have urged mr pan ##de to withdraw the film to show respect to the christian community ' s hurt sentiments .,O O O O B-PUBLIC-FIGURE I-PUBLIC-FIGURE O O O O O O O O O O O O O O O O,NONE
"the higher education minister , kim howell ##s , said : "" we are working in schools to raise the attain ##ment and as ##piration of young people in disadvantaged areas . """,O O O O O B-POLITICIAN I-POLITICIAN I-POLITICIAN O O O O O O O O O O O O O O O O O O O O O O O O O,NONE
no charges against tv ' s co ##sby us comedian bill co ##sby will not face charges stemming from an all ##ega ##tion of sexual misconduct .,O O O O O O B-ACTOR-DIRECTOR I-ACTOR-DIRECTOR O O B-ACTOR-DIRECTOR I-ACTOR-DIRECTOR I-ACTOR-DIRECTOR O O O O O O O O O O O O O O,NONE
co ##sby emerged as one of the first black comics to have mainstream success in the us .,B-ACTOR-DIRECTOR I-ACTOR-DIRECTOR O O O O O O O O O O O O O O O O,NONE
"red ##k ##na ##pp , 57 , quit his fra ##tton park position on 24 november and vowed : "" i will not go down the road - no chance . """,B-ATHLETE I-ATHLETE I-ATHLETE I-ATHLETE O O O O O O O O O O O O O O O O O O O O O O O O O O O O,NONE
"stephen douglas , 26 , from wales , said after the pm ' s speech on sunday : "" i think it was a bit of a turning point , given the roast ##ing he has had on some issues .",B-PUBLIC-FIGURE I-PUBLIC-FIGURE O O O O O O O O O O O O O O O O O O O O O O O O O O O O O O O O O O O O O O O,NONE
"a group of shop steward ##s from the swan hunter shipyard , who said they were facing red ##unda ##ncy , could barely suppress their anger at mr blair ' s failure to , as they saw it , shake off his tory leaning ##s and stand up for manufacturing in the north east .",O O O O O O O O O O O O O O O O O O O O O O O O O O O O B-POLITICIAN O O O O O O O O O O O O O O O O O O O O O O O O O O,NONE
"prime minister tony blair called him a "" giant "" of the labour movement .",O O B-POLITICIAN I-POLITICIAN O O O O O O O O O O O,NONE
"chancellor gordon brown said the former pm would be "" mo ##urne ##d throughout the world "" .",O B-POLITICIAN I-POLITICIAN O O O O O O O O O O O O O O O,NONE
"born in 1912 and educated at portsmouth northern secondary school , lord call ##aghan became a clerk at the inland revenue .",O O O O O O O O O O O B-POLITICIAN I-POLITICIAN I-POLITICIAN O O O O O O O O,NONE
""" i am very happy to see you all , members of the athletics family , respond positively to the iaaf call to sit together and discuss what more we can do in the fight against doping , "" said dia ##ck .",O O O O O O O O O O O O O O O O O O O O O O O O O O O O O O O O O O O O O O O O B-PUBLIC-FIGURE I-PUBLIC-FIGURE O,NONE
""" we are confident that in this case , [ the alleged victim ' s ] claims against snoop dogg will be rejected . """,O O O O O O O O O O O O O O O O O O B-MUSICIAN I-MUSICIAN O O O O O,NONE
"the lawsuit names snoop dogg - real name calvin broad ##us - plus three associates , the walt disney company and its parent company abc inc .",O O O B-MUSICIAN I-MUSICIAN O O O B-MUSICIAN I-MUSICIAN I-MUSICIAN O O O O O O O O O O O O O O O O,NONE
profile : david blu ##nk ##ett,O O B-POLITICIAN I-POLITICIAN I-POLITICIAN I-POLITICIAN,NONE
"mr blu ##nk ##ett ' s own comments on immigration had prompted ce ##ns ##ure - he told refugees from afghanistan and kosovo to "" get back home "" to start rebuilding their countries .",O B-POLITICIAN I-POLITICIAN I-POLITICIAN O O O O O O O O O O O O O O O O O O O O O O O O O O O O O O O,NONE
"mr blu ##nk ##ett entered parliament for sheffield bright ##side in 1987 , after first contest ##ing the sheffield hall ##am seat in 1974 .",O B-POLITICIAN I-POLITICIAN I-POLITICIAN O O O O O O O O O O O O O O O O O O O O O,NONE
""" i ' d also like to take the chance to say that tomorrow ' s game will take place , "" but ##rag ##uen ##o declared of the "" part ##ido contra la po ##bre ##za "" ( game against poverty ) .",O O O O O O O O O O O O O O O O O O O O O O B-BUSINESS-EXECUTIVE-MANAGER I-BUSINESS-EXECUTIVE-MANAGER I-BUSINESS-EXECUTIVE-MANAGER I-BUSINESS-EXECUTIVE-MANAGER O O O O O O O O O O O O O O O O O O,NONE
"mr k ##ho ##dor ##kovsky is now in jail , on separate fraud charges .",O B-BUSINESS-EXECUTIVE-MANAGER I-BUSINESS-EXECUTIVE-MANAGER I-BUSINESS-EXECUTIVE-MANAGER I-BUSINESS-EXECUTIVE-MANAGER O O O O O O O O O O,NONE
"mary o ' malley , the founder of the theatre , gave me my future .",B-BUSINESS-EXECUTIVE-MANAGER I-BUSINESS-EXECUTIVE-MANAGER I-BUSINESS-EXECUTIVE-MANAGER I-BUSINESS-EXECUTIVE-MANAGER O O O O O O O O O O O O,founder
nee ##son used to listen to his sermons on a friday night in ball ##yme ##na .,B-ACTOR-DIRECTOR I-ACTOR-DIRECTOR O O O O O O O O O O O O O O O,NONE
brown and blair face new rift claims,B-POLITICIAN O B-POLITICIAN O O O O,NONE
it is no wonder that sir clive woodward has elevated the galway - based coach to head the lions test side .,O O O O O O B-ATHLETE I-ATHLETE O O O O O O O O O O O O O O,NONE
"mr k ##ho ##dor ##kovsky , who had funded liberal opposition groups , was arrested in october last year on fraud and tax eva ##sion charges and is still in jail",O B-BUSINESS-EXECUTIVE-MANAGER I-BUSINESS-EXECUTIVE-MANAGER I-BUSINESS-EXECUTIVE-MANAGER I-BUSINESS-EXECUTIVE-MANAGER O O O O O O O O O O O O O O O O O O O O O O O O O O,NONE
"since 2002 , ms tan has been managing director and chief executive of metro ##ja ##ya , one of the largest retail groups in malaysia .",O O O O B-BUSINESS-EXECUTIVE-MANAGER O O O O O O O O O O O O O O O O O O O O O,chief executive
"mr johnson allegedly approached dr dr ##e , who was seated at a table in front of the stage , and appeared to ask for an auto ##graph before punching him .",O B-PUBLIC-FIGURE O O B-MUSICIAN I-MUSICIAN I-MUSICIAN O O O O O O O O O O O O O O O O O O O O O O O O O,NONE
it ' s success continues a strong trend of ho ##ll ##wood movie - going this year with figures for the popular president ' s day weekend 13 % greater than last year .,O O O O O O O O O O O O O O O O O O O O O O O O O O O O O O O O O O,NONE
"theresa may , shadow secretary for the family , told bbc radio 4 ' s today programme that the government ' s plans were "" inadequate "" and were "" paper ##ing over the cracks of the current system "" .",B-POLITICIAN I-POLITICIAN O O O O O O O O O O O O O O O O O O O O O O O O O O O O O O O O O O O O O O O,NONE
"father - of - two mr mo ##usa , 28 , a hotel receptionist , was arrested with eight men seized at a hotel in bas ##ra in september 2003 .",O O O O O O B-PUBLIC-FIGURE I-PUBLIC-FIGURE O O O O O O O O O O O O O O O O O O O O O O O,NONE
clarke to un ##ve ##il immigration plan,B-POLITICIAN O O O O O O,NONE
home secretary charles clarke wants to introduce a points system for economic migrants and increase deportation ##s of failed asylum seekers .,O O B-POLITICIAN I-POLITICIAN O O O O O O O O O O O O O O O O O O,NONE
sc ##hra ##der was replaced by director ren ##ny ha ##rlin who made a new version of the film which debuted in 2004 .,B-ACTOR-DIRECTOR I-ACTOR-DIRECTOR I-ACTOR-DIRECTOR O O O O B-ACTOR-DIRECTOR I-ACTOR-DIRECTOR I-ACTOR-DIRECTOR I-ACTOR-DIRECTOR O O O O O O O O O O O O O,NONE
"the prequel project was originally announced in 2001 , with actor liam nee ##son in the lead role and john frank ##en ##heimer as director .",O O O O O O O O O O O B-ACTOR-DIRECTOR I-ACTOR-DIRECTOR I-ACTOR-DIRECTOR O O O O O B-ACTOR-DIRECTOR I-ACTOR-DIRECTOR I-ACTOR-DIRECTOR I-ACTOR-DIRECTOR O O O,NONE
o ' connell - skipper in the absence of brian o ' dr ##is ##coll - powered through parks ' weak tackle after a free - kick from a sc ##rum ##mage to burr ##ow over .,B-ATHLETE I-ATHLETE I-ATHLETE O O O O O O B-ATHLETE I-ATHLETE I-ATHLETE I-ATHLETE I-ATHLETE I-ATHLETE O O O B-ATHLETE O O O O O O O O O O O O O O O O O O,NONE
"in the ukraine earlier this year , mr so ##ros - who took on the bank of england in the 1990s - and won , was pe ##lt ##ed by protest ##ors .",O O O O O O O O B-BUSINESS-EXECUTIVE-MANAGER I-BUSINESS-EXECUTIVE-MANAGER O O O O O O O O O O O O O O O O O O O O O O O,NONE
""" i don ' t believe in vin ##dict ##ive ##ness , i don ' t think that has any place in politics , unlike the prime minister and ala ##sta ##ir campbell . """,O O O O O O O O O O O O O O O O O O O O O O O O O O O O O B-POLITICIAN I-POLITICIAN I-POLITICIAN I-POLITICIAN O O,NONE
"fears raised over ballet future fewer children in the uk are following in the dai ##nty footsteps of dancers like dar ##cey bus ##sell , and carving out potential careers as ballet dancers .",O O O O O O O O O O O O O O O O O O O O B-PUBLIC-FIGURE I-PUBLIC-FIGURE I-PUBLIC-FIGURE I-PUBLIC-FIGURE O O O O O O O O O O,NONE
"mr abbas ##i , 23 , from croydon , south london , was taken to guantanamo bay after being captured in afghanistan in 2001 .",O B-PUBLIC-FIGURE I-PUBLIC-FIGURE O O O O O O O O O O O O O O O O O O O O O O,NONE
jack cunningham to stand down,B-POLITICIAN I-POLITICIAN O O O,NONE
singer ferguson ' facing ev ##iction ' three degrees star sheila ferguson is the favourite to be evicted from itv ' s i ' m a celebrity . . . get me out of here on monday .,O B-MUSICIAN O O O O O O O O B-MUSICIAN I-MUSICIAN O O O O O O O O O O O O O O O O O O O O O O O O O O,NONE
comic joe pas ##qual ##e remains odds on favourite to win the reality show .,O B-ACTOR-DIRECTOR I-ACTOR-DIRECTOR I-ACTOR-DIRECTOR I-ACTOR-DIRECTOR O O O O O O O O O O,NONE
mr go ##pina ##th said the planes will connect regional indian cities .,O B-BUSINESS-EXECUTIVE-MANAGER I-BUSINESS-EXECUTIVE-MANAGER I-BUSINESS-EXECUTIVE-MANAGER O O O O O O O O O,NONE
"directed by andrey z ##vy ##agi ##nts ##ev , the return previously won the 2003 golden lion award at the venice film festival .",O O B-ACTOR-DIRECTOR I-ACTOR-DIRECTOR I-ACTOR-DIRECTOR I-ACTOR-DIRECTOR I-ACTOR-DIRECTOR I-ACTOR-DIRECTOR O O O O O O O O O O O O O O O O,NONE
blair ' s hope for blu ##nk ##ett return,B-POLITICIAN O O O O B-POLITICIAN I-POLITICIAN I-POLITICIAN O,NONE
radcliffe eyes hard line on drugs paula radcliffe has called for all athletes found guilty on drugs charges to be treated as criminals .,B-ATHLETE O O O O O B-ATHLETE I-ATHLETE O O O O O O O O O O O O O O O O,NONE
radcliffe ' s comments come at a time when several american sports stars are under suspicion of ste ##roid use .,B-ATHLETE O O O O O O O O O O O O O O O O O O O O,NONE
jo ##ss stone is a soul artist .,B-MUSICIAN I-MUSICIAN I-MUSICIAN O O O O O,NONE
"i love jo ##ss to bits and don ' t care what her branding is - it ' s amazing music , full stop .",O O B-MUSICIAN I-MUSICIAN O O O O O O O O O O O O O O O O O O O O O,NONE
"jo ##ss stone is simply singing a certain type of music that can be considered urban in style , just as someone from an inner city , and indeed not from the usa could sing country music .",B-MUSICIAN I-MUSICIAN I-MUSICIAN O O O O O O O O O O O O O O O O O O O O O O O O O O O O O O O O O O O,NONE
"directed by antoine fu ##qua , the film was poorly received by critics and did not perform strongly at the box office .",O O B-ACTOR-DIRECTOR I-ACTOR-DIRECTOR I-ACTOR-DIRECTOR O O O O O O O O O O O O O O O O O O,NONE
"michael howard has no doubt it is the prime minister who , he claims , is "" ram ##ming "" through parliament the controversial new anti - terror measures without proper debate .",B-POLITICIAN I-POLITICIAN O O O O O O O O O O O O O O O O O O O O O O O O O O O O O O O,NONE
"in a statement recorded for television , mr blair said the families deserved "" to be completely and publicly ex ##one ##rated "" .",O O O O O O O O B-POLITICIAN O O O O O O O O O O O O O O O,NONE
""" tony blair has healed rift ##s , he is helping to heal wounds .",O B-POLITICIAN I-POLITICIAN O O O O O O O O O O O O,NONE
judge charles harris qc made his remarks as he sentenced three men for assaults carried out while drunk and high on drugs after a night out .,O B-PUBLIC-FIGURE I-PUBLIC-FIGURE I-PUBLIC-FIGURE O O O O O O O O O O O O O O O O O O O O O O O,judge
"according to pun ##dit ##s , the film has over ##taken previous favourite the aviator , with eastwood also tipped to take the best director award .",O O O O O O O O O O O O O O O O O B-ACTOR-DIRECTOR O O O O O O O O O,NONE
"the aviator has scored a best director nomination for martin sc ##ors ##ese , who has never won an oscar , while stars leonardo di ##cap ##rio and cat ##e blanche ##tt are both nominated for acting oscar ##s .",O O O O O O O O O B-ACTOR-DIRECTOR I-ACTOR-DIRECTOR I-ACTOR-DIRECTOR I-ACTOR-DIRECTOR O O O O O O O O O O B-ACTOR-DIRECTOR I-ACTOR-DIRECTOR I-ACTOR-DIRECTOR I-ACTOR-DIRECTOR O B-ACTOR-DIRECTOR I-ACTOR-DIRECTOR I-ACTOR-DIRECTOR I-ACTOR-DIRECTOR O O O O O O O O,NONE
hilary swan ##k is the favourite to win best actress for the second time in six years .,B-ACTOR-DIRECTOR I-ACTOR-DIRECTOR I-ACTOR-DIRECTOR O O O O O O O O O O O O O O O,NONE
tony blair has said conservative policies would cause economic failure .,B-POLITICIAN I-POLITICIAN O O O O O O O O O,NONE
player burn - out worries robinson,O O O O O B-ATHLETE,NONE
beck ##ham virus spotted on the net virus writers are trading on interest in david beck ##ham to distribute their malicious ware ##s .,B-ATHLETE I-ATHLETE O O O O O O O O O O O O B-ATHLETE I-ATHLETE I-ATHLETE O O O O O O O,NONE
but anyone visiting the website mentioned in the message will not see pictures of mr beck ##ham but will have their computer infected by a virus .,O O O O O O O O O O O O O O O B-ATHLETE I-ATHLETE O O O O O O O O O O,NONE
the appearance of the beck ##ham windows trojan is just another example in a long line of viruses that trade on interest in celebrities in an attempt to fuel their spread .,O O O O B-ATHLETE I-ATHLETE O O O O O O O O O O O O O O O O O O O O O O O O O O,NONE
"tennis player anna ko ##urn ##iko ##va , pops ##tar ##s britney spears and av ##ril la ##vi ##gne as well as arnold schwarz ##ene ##gger have all been used in the past to try to con people into opening infected files .",O O B-ATHLETE I-ATHLETE I-ATHLETE I-ATHLETE I-ATHLETE O O O O B-MUSICIAN I-MUSICIAN O B-MUSICIAN I-MUSICIAN I-MUSICIAN I-MUSICIAN I-MUSICIAN O O O B-ACTOR-DIRECTOR I-ACTOR-DIRECTOR I-ACTOR-DIRECTOR I-ACTOR-DIRECTOR O O O O O O O O O O O O O O O O O,NONE
the huge amount of interest in mr beck ##ham and his private life and the large number of messages posted to discussion groups on the net might mean that the malicious program catches a lot of people out .,O O O O O O O B-ATHLETE I-ATHLETE O O O O O O O O O O O O O O O O O O O O O O O O O O O O O O,NONE
""" the public ' s appetite for sal ##acious gossip about the private life of the beck ##ham ##s might lead some into an unpleasant computer infection , "" said graham cl ##ule ##y from anti - virus firm so ##ph ##os .",O O O O O O O O O O O O O O O B-PUBLIC-FIGURE I-PUBLIC-FIGURE I-PUBLIC-FIGURE I-PUBLIC-FIGURE O O O O O O O O O O O B-AUTHOR-WRITER I-AUTHOR-WRITER I-AUTHOR-WRITER I-AUTHOR-WRITER O O O O O O O O O,NONE
lead actress laura michelle kelly soared over the heads of the audience holding the nanny ' s trademark umbrella .,O O B-ACTOR-DIRECTOR I-ACTOR-DIRECTOR I-ACTOR-DIRECTOR O O O O O O O O O O O O O O O,NONE
"a number of celebrities turned out for the musical ' s premiere , including actress barbara windsor , comic graham norton and sir richard at ##ten ##borough .",O O O O O O O O O O O O O O O B-ACTOR-DIRECTOR I-ACTOR-DIRECTOR O O B-ACTOR-DIRECTOR I-ACTOR-DIRECTOR O B-ACTOR-DIRECTOR I-ACTOR-DIRECTOR I-ACTOR-DIRECTOR I-ACTOR-DIRECTOR I-ACTOR-DIRECTOR O,NONE
"mary pop ##pins was originally created by author pamela travers , who is said to have cried when she saw disney ' s 1964 film starring julie andrews .",B-PUBLIC-FIGURE I-PUBLIC-FIGURE I-PUBLIC-FIGURE O O O O O B-AUTHOR-WRITER I-AUTHOR-WRITER O O O O O O O O O O O O O O O O B-ACTOR-DIRECTOR I-ACTOR-DIRECTOR O,author
"mr brown seems haunted by her eyes , des ##olate of all hope .",O B-POLITICIAN O O O O O O O O O O O O,NONE
"mr brown ' s message generally , that compassion must become action before that hope is sq ##uan ##der ##ed .",O B-POLITICIAN O O O O O O O O O O O O O O O O O O O,NONE
but he also believes it is time for the world to see a new gordon brown .,O O O O O O O O O O O O O O B-POLITICIAN I-POLITICIAN O,NONE
brown replies that no one thought the berlin wall would ever come down either .,B-POLITICIAN O O O O O O O O O O O O O O,NONE
"purely as a race , paula ' s victory in the new york marathon has to go down as one of the most thrilling .",O O O O O B-ATHLETE O O O O O O O O O O O O O O O O O O O,NONE
"franz ferdinand , travis and snow patrol are just recent examples of the success scottish music can have in the world , so we should do what we scots are good at and support our own goods !",B-MUSICIAN I-MUSICIAN O B-MUSICIAN O B-MUSICIAN I-MUSICIAN O O O O O O O O O O O O O O O O O O O O O O O O O O O O O O O,NONE
premier league planning cole date,O O O B-ATHLETE O,NONE
sir nicholas was a strong defender of the anglo - irish agreement and was held in esteem in dublin government and sd ##lp circles .,O B-POLITICIAN O O O O O O O O O O O O O O O O O O O O O O O,NONE
sir nicholas claimed strong pain ##kill ##ers he was taking for a back problem had reacted badly with a small amount of alcohol .,O B-POLITICIAN O O O O O O O O O O O O O O O O O O O O O O,NONE
blues boss jose mo ##uri ##nh ##o was sent off for taunting liverpool fans after the goal and he watched on television as his side went on to win the game .,O O B-ATHLETE I-ATHLETE I-ATHLETE I-ATHLETE I-ATHLETE O O O O O O O O O O O O O O O O O O O O O O O O O,NONE
"yet it was controversial too , after mo ##uri ##nh ##o ' s sending off , apparently for putting his finger to his lips to hush the liverpool fans .",O O O O O O O B-ATHLETE I-ATHLETE I-ATHLETE I-ATHLETE O O O O O O O O O O O O O O O O O O O,NONE
sharon os ##bourne is currently appearing as a judge and mentor in itv ##1 talent show the x - factor alongside simon cow ##ell and louis walsh .,B-PUBLIC-FIGURE I-PUBLIC-FIGURE I-PUBLIC-FIGURE O O O O O O O O O O O O O O O O O O B-BUSINESS-EXECUTIVE-MANAGER I-BUSINESS-EXECUTIVE-MANAGER I-BUSINESS-EXECUTIVE-MANAGER O B-BUSINESS-EXECUTIVE-MANAGER I-BUSINESS-EXECUTIVE-MANAGER O,judge
"reeves first found fame in the teen comedy bill and ted ' s excellent adventure , and went on to combine such blockbuster ##s as speed , the devil ' s advocate and the matrix series , with smaller films including my own private idaho .",B-ACTOR-DIRECTOR O O O O O O O O O O O O O O O O O O O O O O O O O O O O O O O O O O O O O O O O O O O O O,NONE
"british actors in attendance include nominees clive owen , im ##eld ##a st ##au ##nton , kate wins ##let and director mike leigh .",O O O O O O B-ACTOR-DIRECTOR I-ACTOR-DIRECTOR O B-ACTOR-DIRECTOR I-ACTOR-DIRECTOR I-ACTOR-DIRECTOR I-ACTOR-DIRECTOR I-ACTOR-DIRECTOR I-ACTOR-DIRECTOR O B-ACTOR-DIRECTOR I-ACTOR-DIRECTOR I-ACTOR-DIRECTOR O O B-ACTOR-DIRECTOR I-ACTOR-DIRECTOR O,NONE
"eastwood has won best director once before , for un ##for ##gi ##ven in 1993 .",B-ACTOR-DIRECTOR O O O O O O O O O O O O O O O,NONE
the manchester united wing revealed how club manager sir alex ferguson talked him into extending his wales career .,O O O O O O O O B-ATHLETE I-ATHLETE I-ATHLETE O O O O O O O O,manager
"gig ##gs ' own personal future at old trafford is still up in the air as he has yet to reach agreement on a new contract , with manchester united offering one extra year and gig ##gs seeking two .",B-ATHLETE I-ATHLETE O O O O O O O O O O O O O O O O O O O O O O O O O O O O O O O O O B-ATHLETE I-ATHLETE O O O,NONE
"previous winners include white teeth by za ##die smith , in 2000 , which went on to become a bestseller .",O O O O O O B-AUTHOR-WRITER I-AUTHOR-WRITER I-AUTHOR-WRITER O O O O O O O O O O O O,NONE
"lord scar ##man , 93 , dies peacefully",B-PUBLIC-FIGURE I-PUBLIC-FIGURE I-PUBLIC-FIGURE O O O O O,NONE
lord scar ##man will be remembered for the public inquiry he led into a string of race riots which began in br ##ix ##ton when racial tensions rose after a police crack ##down on street robbery .,B-PUBLIC-FIGURE I-PUBLIC-FIGURE I-PUBLIC-FIGURE O O O O O O O O O O O O O O O O O O O O O O O O O O O O O O O O O O,NONE
"arsenal boss ars ##ene wen ##ger , who was fined £1 ##5 , 000 in december for accusing manchester united striker ru ##ud van ni ##ste ##lr ##oo ##y of cheating , believes that aragon ##es ' punishment was too len ##ient .",O O B-ATHLETE I-ATHLETE I-ATHLETE I-ATHLETE O O O O O O O O O O O O O O O B-ATHLETE I-ATHLETE I-ATHLETE I-ATHLETE I-ATHLETE I-ATHLETE I-ATHLETE I-ATHLETE O O O O O B-ATHLETE I-ATHLETE O O O O O O O,NONE
blair cong ##rat ##ulates bush on win,B-POLITICIAN O O O B-POLITICIAN O O,NONE
""" all of us in positions of leadership , not just president bush , have a responsibility to rise to this challenge .",O O O O O O O O O O O O B-POLITICIAN O O O O O O O O O O,NONE
"even before the result became clear , mr blair was being urged to push for action on climate change at his first meeting with whichever candidate won .",O O O O O O O O B-POLITICIAN O O O O O O O O O O O O O O O O O O O,NONE
"but my ##ron e ##bell , an adviser on climate change to president bush , has said there would be no change in the us stance and rejected the threat of climate change .",O B-PUBLIC-FIGURE I-PUBLIC-FIGURE I-PUBLIC-FIGURE I-PUBLIC-FIGURE O O O O O O O O B-POLITICIAN O O O O O O O O O O O O O O O O O O O O,NONE
"mr blair told the audience he believed the iraq war would have made britain a safer place if its emerging democracy succeeded and that he wanted to bring troops home as soon as possible , but not before the job was done .",O B-POLITICIAN O O O O O O O O O O O O O O O O O O O O O O O O O O O O O O O O O O O O O O O O O,NONE
dame julie pops in to see pop ##pins mary pop ##pins star dame julie andrews watched the hit stage version of her classic film at a charity performance in london ' s west end .,B-ACTOR-DIRECTOR I-ACTOR-DIRECTOR O O O O O O B-PUBLIC-FIGURE I-PUBLIC-FIGURE I-PUBLIC-FIGURE O B-ACTOR-DIRECTOR I-ACTOR-DIRECTOR I-ACTOR-DIRECTOR O O O O O O O O O O O O O O O O O O O O,NONE
"it was the first time dame julie , who shot to fame as the nanny in the 1964 disney movie , had seen the musical , staged at the prince edward theatre .",O O O O O B-ACTOR-DIRECTOR I-ACTOR-DIRECTOR O O O O O O O O O O O O O O O O O O O O O O O O O O,NONE
the mary pop ##pins musical has been master ##mind ##ed by theatre imp ##res ##ario sir cameron mack ##int ##osh and directed by richard eyre with choreography by matthew bourne .,O B-PUBLIC-FIGURE I-PUBLIC-FIGURE I-PUBLIC-FIGURE O O O O O O O O O O O B-BUSINESS-EXECUTIVE-MANAGER I-BUSINESS-EXECUTIVE-MANAGER I-BUSINESS-EXECUTIVE-MANAGER I-BUSINESS-EXECUTIVE-MANAGER I-BUSINESS-EXECUTIVE-MANAGER O O O B-ACTOR-DIRECTOR I-ACTOR-DIRECTOR O O O B-ACTOR-DIRECTOR I-ACTOR-DIRECTOR O,NONE
the move follows a decision earlier this month by an ##il - the younger brother of reliance group president mu ##kes ##h am ##ban ##i - to resign from his post .,O O O O O O O O O B-BUSINESS-EXECUTIVE-MANAGER I-BUSINESS-EXECUTIVE-MANAGER O O O O O O O O B-BUSINESS-EXECUTIVE-MANAGER I-BUSINESS-EXECUTIVE-MANAGER I-BUSINESS-EXECUTIVE-MANAGER I-BUSINESS-EXECUTIVE-MANAGER I-BUSINESS-EXECUTIVE-MANAGER I-BUSINESS-EXECUTIVE-MANAGER O O O O O O O,NONE
singer - songwriter casey beat brian mc ##fa ##dden and damien rice .,O O O B-MUSICIAN O B-MUSICIAN I-MUSICIAN I-MUSICIAN I-MUSICIAN O B-MUSICIAN I-MUSICIAN O,NONE
john patterson will be in charge of drug development .,B-BUSINESS-EXECUTIVE-MANAGER I-BUSINESS-EXECUTIVE-MANAGER O O O O O O O O,NONE
meanwhile the likes of health secretary john reid and labour peer lord has ##kins are warning of the electoral dangers of allowing this soap opera to continue .,O O O O O O B-POLITICIAN I-POLITICIAN O O O B-POLITICIAN I-POLITICIAN I-POLITICIAN O O O O O O O O O O O O O O,NONE
"khan told an indian news channel on her mobile phone : "" they are not even letting me go home to get my bags .",B-PUBLIC-FIGURE O O O O O O O O O O O O O O O O O O O O O O O O,NONE
khan was involved in controversy when top ##less photos alleged to be of her appeared in a norwegian magazine .,B-PUBLIC-FIGURE O O O O O O O O O O O O O O O O O O O,NONE
"box office blow for alexander director oliver stone ' s historical epic alexander has failed in its bid to conquer the box office , entering the us film charts at number six .",O O O O O O B-ACTOR-DIRECTOR I-ACTOR-DIRECTOR O O O O O O O O O O O O O O O O O O O O O O O O O,NONE
"but novelist gore vidal defended the film , saying it was "" barrier - breaking "" for its frank depiction of bisexual ##ity .",O O B-AUTHOR-WRITER I-AUTHOR-WRITER O O O O O O O O O O O O O O O O O O O O,novelist
ge ##rrard happy at an ##field,B-ATHLETE I-ATHLETE O O O O,NONE
mr park ' s statement came as the bank decided to keep interest rates at an all - time low of 3 . 25 % .,O B-BUSINESS-EXECUTIVE-MANAGER O O O O O O O O O O O O O O O O O O O O O O O O,NONE
spec ##tor facing more legal action,B-PUBLIC-FIGURE I-PUBLIC-FIGURE O O O O,NONE
fox attacks blair ' s tory ' lies ',B-POLITICIAN O B-POLITICIAN O O O O O O,NONE
"commenting on mr ma ##kar ##ov ' s case , he said : "" the british state is not a fat cow - it is impossible to come here and demand give me more money every week . """,O O O B-PUBLIC-FIGURE I-PUBLIC-FIGURE I-PUBLIC-FIGURE O O O O O O O O O O O O O O O O O O O O O O O O O O O O O O O O O,NONE
"the peruvian international was sold to aston villa a year ago but in the phone - in for bbc newcastle , so ##unes ##s said tried to re - sign him , but villa were not interested in selling .",O O O O O O O O O O O O O O O O O O O O O B-ATHLETE I-ATHLETE I-ATHLETE O O O O O O O O O O O O O O O O,NONE
the second pop idol - style search for literary talent has begun with the help of the brother of simon cow ##ell .,O O O O O O O O O O O O O O O O O O O B-BUSINESS-EXECUTIVE-MANAGER I-BUSINESS-EXECUTIVE-MANAGER I-BUSINESS-EXECUTIVE-MANAGER O,NONE
writer tony cow ##ell is among the judges who will hear aspiring writers read their work aloud .,O B-AUTHOR-WRITER I-AUTHOR-WRITER I-AUTHOR-WRITER O O O O O O O O O O O O O O,writer
"paul ca ##vana ##gh , a former university professor and health care consultant from ontario in canada , was one of 1 , 46 ##6 aspiring novelist ##s to enter the first contest .",B-AUTHOR-WRITER I-AUTHOR-WRITER I-AUTHOR-WRITER I-AUTHOR-WRITER O O O O O O O O O O O O O O O O O O O O O O O O O O O O O O,professor
""" somebody , i think it was mr phillips , said they won ' t have money for flowers at wimbledon .",O O O O O O O O B-PUBLIC-FIGURE O O O O O O O O O O O O O,NONE
"an all england club spokesperson denied phillips made the remark , insisting : "" he definitely didn ' t say it . """,O O O O O O B-PUBLIC-FIGURE O O O O O O O O O O O O O O O O,NONE
"serena williams , who is also in dubai , added : "" i ' m obviously for equal prize money .",B-ATHLETE I-ATHLETE O O O O O O O O O O O O O O O O O O O,NONE
labour peer lord dub ##s ' succession to the crown bill aims to end the right of male heirs to succeed to the crown even if they have an older sister .,O O B-POLITICIAN I-POLITICIAN I-POLITICIAN O O O O O O O O O O O O O O O O O O O O O O O O O O O,NONE
farrell saga to drag on -,B-ATHLETE O O O O O,NONE
the prospect of farrell switching codes has been the main talking point of the super league season so far .,O O O B-ATHLETE O O O O O O O O O O O O O O O O,NONE
""" athletes like him - elle ##ry han ##ley and martin johnson - don ' t come along very often .",O O O O O B-ATHLETE I-ATHLETE I-ATHLETE I-ATHLETE O B-ATHLETE I-ATHLETE O O O O O O O O O,NONE
"brad adams , from human rights watch , said : "" this is a huge political signal from europe that they are willing to forget about tian ##an ##men square .",B-PUBLIC-FIGURE I-PUBLIC-FIGURE O O O O O O O O O O O O O O O O O O O O O O O O O O O O O,NONE
reliance unit loses an ##il am ##ban ##i,O O O B-BUSINESS-EXECUTIVE-MANAGER I-BUSINESS-EXECUTIVE-MANAGER I-BUSINESS-EXECUTIVE-MANAGER I-BUSINESS-EXECUTIVE-MANAGER I-BUSINESS-EXECUTIVE-MANAGER,NONE
"an ##il , 45 , has stepped down as director and vice - chairman of indian pet ##ro ##chemical ##s corporation ( ip ##c ) .",B-BUSINESS-EXECUTIVE-MANAGER I-BUSINESS-EXECUTIVE-MANAGER O O O O O O O O O O O O O O O O O O O O O O O O,chairman
holmes will have now have intensive treatment in south africa .,B-ATHLETE O O O O O O O O O O,NONE
"in an article for the times newspaper , ms dun ##wood ##y , who chairs the transport select committee , says : "" slight increases to low car speeds increase hugely the risks to pedestrians and cyclists .",O O O O O O O O O B-POLITICIAN I-POLITICIAN I-POLITICIAN O O O O O O O O O O O O O O O O O O O O O O O O O O,NONE
last week grammy producers announced the show will be hosted by rap star and chicago actress queen la ##ti ##fa ##h .,O O O O O O O O O O O O O O O O B-MUSICIAN I-MUSICIAN I-MUSICIAN I-MUSICIAN I-MUSICIAN O,NONE
"charles gan ##t , heat : film - the aviator ; director - clint eastwood ; actor - jamie fox ##x ; actress - hilary swan ##k .",B-AUTHOR-WRITER I-AUTHOR-WRITER I-AUTHOR-WRITER O O O O O O O O O O B-ACTOR-DIRECTOR I-ACTOR-DIRECTOR O O O B-ACTOR-DIRECTOR I-ACTOR-DIRECTOR I-ACTOR-DIRECTOR O O O B-ACTOR-DIRECTOR I-ACTOR-DIRECTOR I-ACTOR-DIRECTOR O,NONE
"- steven gay ##dos , variety : film - the aviator ; director - martin sc ##ors ##ese ; actor - jamie fox ##x ; actress - hilary swan ##k .",O B-AUTHOR-WRITER I-AUTHOR-WRITER I-AUTHOR-WRITER O O O O O O O O O O B-ACTOR-DIRECTOR I-ACTOR-DIRECTOR I-ACTOR-DIRECTOR I-ACTOR-DIRECTOR O O O B-ACTOR-DIRECTOR I-ACTOR-DIRECTOR I-ACTOR-DIRECTOR O O O B-ACTOR-DIRECTOR I-ACTOR-DIRECTOR I-ACTOR-DIRECTOR O,NONE
"- jamie graham , total film : film - the aviator ; director - martin sc ##ors ##ese ; actor - jamie fox ##x ; actress - hilary swan ##k .",O B-AUTHOR-WRITER I-AUTHOR-WRITER O O O O O O O O O O O B-ACTOR-DIRECTOR I-ACTOR-DIRECTOR I-ACTOR-DIRECTOR I-ACTOR-DIRECTOR O O O B-ACTOR-DIRECTOR I-ACTOR-DIRECTOR I-ACTOR-DIRECTOR O O O B-ACTOR-DIRECTOR I-ACTOR-DIRECTOR I-ACTOR-DIRECTOR O,NONE
"- jonathan ross , film 2005 : film - the aviator ; director - martin sc ##ors ##ese ; actor - jamie fox ##x ; actress - hilary swan ##k .",O B-ACTOR-DIRECTOR I-ACTOR-DIRECTOR O O O O O O O O O O O B-ACTOR-DIRECTOR I-ACTOR-DIRECTOR I-ACTOR-DIRECTOR I-ACTOR-DIRECTOR O O O B-ACTOR-DIRECTOR I-ACTOR-DIRECTOR I-ACTOR-DIRECTOR O O O B-ACTOR-DIRECTOR I-ACTOR-DIRECTOR I-ACTOR-DIRECTOR O,NONE
-,O,NONE
"tim dams , screen international : film - million dollar baby ; director - clint eastwood ; actor - jamie fox ##x ; actress - hilary swan ##k .",B-AUTHOR-WRITER I-AUTHOR-WRITER O O O O O O O O O O O O B-ACTOR-DIRECTOR I-ACTOR-DIRECTOR O O O B-ACTOR-DIRECTOR I-ACTOR-DIRECTOR I-ACTOR-DIRECTOR O O O B-ACTOR-DIRECTOR I-ACTOR-DIRECTOR I-ACTOR-DIRECTOR O,NONE
"- charles gan ##t , heat : film - sideways ; director - mike leigh ; actor - jamie fox ##x ; actress - im ##eld ##a st ##au ##nton .",O B-AUTHOR-WRITER I-AUTHOR-WRITER I-AUTHOR-WRITER O O O O O O O O O B-ACTOR-DIRECTOR I-ACTOR-DIRECTOR O O O B-ACTOR-DIRECTOR I-ACTOR-DIRECTOR I-ACTOR-DIRECTOR O O O B-ACTOR-DIRECTOR I-ACTOR-DIRECTOR I-ACTOR-DIRECTOR I-ACTOR-DIRECTOR I-ACTOR-DIRECTOR I-ACTOR-DIRECTOR O,NONE
"- steven gay ##dos , variety : film - million dollar baby ; director - clint eastwood ; actor - don che ##ad ##le ; actress - im ##eld ##a st ##au ##nton .",O B-AUTHOR-WRITER I-AUTHOR-WRITER I-AUTHOR-WRITER O O O O O O O O O O O B-ACTOR-DIRECTOR I-ACTOR-DIRECTOR O O O B-ACTOR-DIRECTOR I-ACTOR-DIRECTOR I-ACTOR-DIRECTOR I-ACTOR-DIRECTOR O O O B-ACTOR-DIRECTOR I-ACTOR-DIRECTOR I-ACTOR-DIRECTOR I-ACTOR-DIRECTOR I-ACTOR-DIRECTOR I-ACTOR-DIRECTOR O,NONE
"- jamie graham , total film : film - sideways ; director - alexander payne ; actor - jamie fox ##x ; actress - hilary swan ##k .",O B-AUTHOR-WRITER I-AUTHOR-WRITER O O O O O O O O O O B-ACTOR-DIRECTOR I-ACTOR-DIRECTOR O O O B-ACTOR-DIRECTOR I-ACTOR-DIRECTOR I-ACTOR-DIRECTOR O O O B-ACTOR-DIRECTOR I-ACTOR-DIRECTOR I-ACTOR-DIRECTOR O,NONE
"- wendy id ##e , the times : film - sideways ; director - alexander payne ; actor - don che ##ad ##le ; actress - im ##eld ##a st ##au ##nton .",O B-AUTHOR-WRITER I-AUTHOR-WRITER I-AUTHOR-WRITER O O O O O O O O O O B-ACTOR-DIRECTOR I-ACTOR-DIRECTOR O O O B-ACTOR-DIRECTOR I-ACTOR-DIRECTOR I-ACTOR-DIRECTOR I-ACTOR-DIRECTOR O O O B-ACTOR-DIRECTOR I-ACTOR-DIRECTOR I-ACTOR-DIRECTOR I-ACTOR-DIRECTOR I-ACTOR-DIRECTOR I-ACTOR-DIRECTOR O,NONE
"- jonathan ross , film 2005 : film - sideways ; director - clint eastwood ; actor - jamie fox ##x ; actress - kate wins ##let .",O B-ACTOR-DIRECTOR I-ACTOR-DIRECTOR O O O O O O O O O O B-ACTOR-DIRECTOR I-ACTOR-DIRECTOR O O O B-ACTOR-DIRECTOR I-ACTOR-DIRECTOR I-ACTOR-DIRECTOR O O O B-ACTOR-DIRECTOR I-ACTOR-DIRECTOR I-ACTOR-DIRECTOR O,NONE
"at the british comedy awards on wednesday , ge ##rva ##is was handed a special achievement award for writing .",O O O O O O O O B-ACTOR-DIRECTOR I-ACTOR-DIRECTOR I-ACTOR-DIRECTOR O O O O O O O O O,NONE
french - canadian pop star roc ##h vo ##isi ##ne was named best franco ##phone male artist .,O O O O O B-MUSICIAN I-MUSICIAN I-MUSICIAN I-MUSICIAN I-MUSICIAN O O O O O O O O,NONE
"she is currently starring in a very long engagement , directed by jean - pierre je ##une ##t .",O O O O O O O O O O O O B-ACTOR-DIRECTOR I-ACTOR-DIRECTOR I-ACTOR-DIRECTOR I-ACTOR-DIRECTOR I-ACTOR-DIRECTOR I-ACTOR-DIRECTOR O,NONE
"je ##une ##t was also responsible for directing taut ##ou in amelie in 2001 , which launched the actress into the mainstream .",B-ACTOR-DIRECTOR I-ACTOR-DIRECTOR I-ACTOR-DIRECTOR O O O O O B-ACTOR-DIRECTOR I-ACTOR-DIRECTOR O O O O O O O O O O O O O,NONE
moore questions captain ##cy,B-ATHLETE O O O,NONE
"and former england captain moore told the bbc : "" full - backs are too far away from the action .",O O O O B-ATHLETE O O O O O O O O O O O O O O O O,NONE
"it is directed by robert ze ##me ##cki ##s , who has previously worked with hank ##s on forrest gum ##p and cast ##away .",O O O O B-ACTOR-DIRECTOR I-ACTOR-DIRECTOR I-ACTOR-DIRECTOR I-ACTOR-DIRECTOR I-ACTOR-DIRECTOR O O O O O O B-ACTOR-DIRECTOR I-ACTOR-DIRECTOR O O O O O O O O,NONE
"jackson is thought to have secured the most lucrative film directing deal in history to remake king kong , which is currently in production in wellington .",B-ACTOR-DIRECTOR O O O O O O O O O O O O O O O B-PUBLIC-FIGURE I-PUBLIC-FIGURE O O O O O O O O O,NONE
"at first , white claimed she took the drug to combat na ##rco ##le ##psy but she now takes full responsibility for her actions .",O O O B-ATHLETE O O O O O O O O O O O O O O O O O O O O O,NONE
"one of the most successful and respected rap stars of the last eight years , jay - z ' s hits have included hard knock life , dirt off your shoulder and 03 bonnie and clyde with his girlfriend beyonce knowles .",O O O O O O O O O O O O O O O B-MUSICIAN I-MUSICIAN I-MUSICIAN O O O O O O O O O O O O O O O O O O O O O B-MUSICIAN I-MUSICIAN O,NONE
mrs howard has also appeared along side her husband on tv chat shows .,O B-POLITICIAN O O O O O O O O O O O O,NONE
probe launched on ken nazi ji ##be,O O O B-POLITICIAN O O O,NONE
the prime minister tony blair is among those who have called for an apology but so far the mayor has refused .,O O O B-POLITICIAN I-POLITICIAN O O O O O O O O O O O O O O O O O,NONE
ge ##rrard plays down european hopes,B-ATHLETE I-ATHLETE O O O O,NONE
ge ##rrard has made no secret of his desire to be involved in europe ' s premier club competition .,B-ATHLETE I-ATHLETE O O O O O O O O O O O O O O O O O O,NONE
"video games are "" big business "" , the paper quoted mr cher ##nin as saying .",O O O O O O O O O O O O B-BUSINESS-EXECUTIVE-MANAGER I-BUSINESS-EXECUTIVE-MANAGER O O O,NONE
their former coach christ ##os t ##zek ##os has also been charged with distributing banned substances .,O O O B-ATHLETE I-ATHLETE I-ATHLETE I-ATHLETE I-ATHLETE O O O O O O O O O,NONE
when president nestor ki ##rch ##ner of argentina arrived in power he began to negotiate a solution to the disagreements with international utilities operating in argentina .,O O B-POLITICIAN I-POLITICIAN I-POLITICIAN I-POLITICIAN O O O O O O O O O O O O O O O O O O O O O,NONE
athletics fans had every reason to believe they would see the new - look kelly holmes tearing up the track again .,O O O O O O O O O O O O O O B-ATHLETE I-ATHLETE O O O O O O,NONE
""" kelly has to figure out for herself what it is she wants and that will be based on athletics decisions , whether she can be competitive , if she is fit enough to put her neck on the line .",O B-ATHLETE O O O O O O O O O O O O O O O O O O O O O O O O O O O O O O O O O O O O O O O,NONE
choose hope over fear - kennedy,O O O O O B-POLITICIAN,NONE
"he was also a talented jazz composer , arranger and band leader , playing at the newport jazz festival and carnegie hall and recording with noted jazz musicians such as mil ##t jackson and david "" fat ##head "" newman .",O O O O O O O O O O O O O O O O O O O O O O O O O O O O O O B-MUSICIAN I-MUSICIAN I-MUSICIAN O B-MUSICIAN I-MUSICIAN I-MUSICIAN I-MUSICIAN I-MUSICIAN I-MUSICIAN O,NONE
""" there will never be another musician who did as much to break down the perceived walls of musical genres as much as ray charles did , "" he said .",O O O O O O O O O O O O O O O O O O O O O O O B-MUSICIAN I-MUSICIAN O O O O O O,NONE
li ##b dem mp le ##mbit op ##ik said ministers had invented a new category of hunting - chasing away - and,O O O O B-POLITICIAN I-POLITICIAN I-POLITICIAN I-POLITICIAN O O O O O O O O O O O O O O,NONE
the middle way group also said mr bradshaw would be put in a position where he would have to buy a rifle to shoot animals that would have previously gone free .,O O O O O O O B-POLITICIAN O O O O O O O O O O O O O O O O O O O O O O O O,NONE
""" if mr bradshaw is setting his dogs to chase wild animals then he is hunting them and that will be a criminal offence .",O O O B-POLITICIAN O O O O O O O O O O O O O O O O O O O O O,NONE
that game is one smith would be delighted to see reinstated .,O O O O B-ATHLETE O O O O O O O,NONE
both the prime minister and chancellor gordon brown have called for urgent action to fight world poverty .,O O O O O O B-POLITICIAN I-POLITICIAN O O O O O O O O O O,NONE
"mr blair , who has described africa as a "" scar "" on the world ' s conscience , has already said tack ##ling world poverty would be one his g ##8 priorities along with climate change and the aids epidemic .",O B-POLITICIAN O O O O O O O O O O O O O O O O O O O O O O O O O O O O O O O O O O O O O O O O,NONE
former superman actor the late christopher reeve was an advocate for the research after he was para ##ly ##sed in a horse riding accident .,O B-PUBLIC-FIGURE O O O B-ACTOR-DIRECTOR I-ACTOR-DIRECTOR O O O O O O O O O O O O O O O O O O,NONE
"shadow spokesman for sport hugh robertson said : "" i suspect the correct way to tackle it is to look at the other end of the spectrum and try to enable the clubs - which is where the real passion for sport exists - to deliver the school sport offer . """,O O O O B-POLITICIAN I-POLITICIAN O O O O O O O O O O O O O O O O O O O O O O O O O O O O O O O O O O O O O O O O O O O O O O,NONE
mr brown is currently touring africa after a week of facing questions about reports of his splits with downing street .,O B-POLITICIAN O O O O O O O O O O O O O O O O O O O,NONE
mc ##lei ##sh ready for criticism,B-ATHLETE I-ATHLETE I-ATHLETE O O O,NONE
owen determined to stay in madrid england forward michael owen has told the bbc he is happy in spain and has no plans to quit real madrid to return to the premiership in the near future .,B-ATHLETE O O O O O O O B-ATHLETE I-ATHLETE O O O O O O O O O O O O O O O O O O O O O O O O O O O,NONE
ahmed ' mid ##o ' ho ##ssa ##m has made another apology to the egyptian people in an attempt to rejoin the national team .,B-ATHLETE I-ATHLETE I-ATHLETE I-ATHLETE I-ATHLETE I-ATHLETE I-ATHLETE I-ATHLETE O O O O O O O O O O O O O O O O O,NONE
"stall ##one evicted from big brother jackie stall ##one , mother of actor sylvester , has become the first star to be evicted from celebrity big brother .",B-PUBLIC-FIGURE I-PUBLIC-FIGURE O O O O B-PUBLIC-FIGURE I-PUBLIC-FIGURE I-PUBLIC-FIGURE O O O O B-ACTOR-DIRECTOR O O O O O O O O O O O O O O,NONE
"feminist icon germain ##e greer quit the show earlier in the week over what she called "" bullying "" tactics used by the programme ' s producers .",O O B-AUTHOR-WRITER I-AUTHOR-WRITER I-AUTHOR-WRITER O O O O O O O O O O O O O O O O O O O O O O O,NONE
"az ##mat beg ##g , father of mo ##az ##zam , thanked his lawyers and the british people for the support he had received while campaigning for his son ' s release .",B-PUBLIC-FIGURE I-PUBLIC-FIGURE I-PUBLIC-FIGURE I-PUBLIC-FIGURE O O O B-PUBLIC-FIGURE I-PUBLIC-FIGURE I-PUBLIC-FIGURE O O O O O O O O O O O O O O O O O O O O O O O,NONE
"the us has also announced that 48 - year - old australian ma ##md ##ou ##h ha ##bib , previously accused of terrorist offences , will be released without charge from camp delta .",O O O O O O O O O O O O B-PUBLIC-FIGURE I-PUBLIC-FIGURE I-PUBLIC-FIGURE I-PUBLIC-FIGURE I-PUBLIC-FIGURE I-PUBLIC-FIGURE O O O O O O O O O O O O O O O O,NONE
mr e ##bber ##s is on trial for fraud and conspiracy in relation to world ##com ' s collapse in 2002 .,O B-BUSINESS-EXECUTIVE-MANAGER I-BUSINESS-EXECUTIVE-MANAGER I-BUSINESS-EXECUTIVE-MANAGER O O O O O O O O O O O O O O O O O O,NONE
church urges nelly show boycott,O O B-MUSICIAN O O,NONE
"u - carmen ek ##hay ##eli ##ts ##ha ( carmen in k ##hay ##eli ##ts ##ha ) , which is one of 21 films up for berlin ' s top prize , the golden bear , is british director mark do ##rn ##ford - may ' s first feature film .",O O O O O O O O O O O O O O O O O O O O O O O O O O O O O O O O O O O O O O O B-ACTOR-DIRECTOR I-ACTOR-DIRECTOR I-ACTOR-DIRECTOR I-ACTOR-DIRECTOR I-ACTOR-DIRECTOR I-ACTOR-DIRECTOR O O O O O O,NONE
johnny de ##pp :,B-ACTOR-DIRECTOR I-ACTOR-DIRECTOR I-ACTOR-DIRECTOR O,NONE
"another role under burton , ed wood , starred de ##pp as the crazed cult film - maker wood , in 1994 .",O O O B-ACTOR-DIRECTOR O B-ACTOR-DIRECTOR B-ACTOR-DIRECTOR O O B-ACTOR-DIRECTOR I-ACTOR-DIRECTOR O O O O O O O B-ACTOR-DIRECTOR O O O O,NONE
mr fuller was the creative drive behind pop idol and its us offspring american idol .,O B-BUSINESS-EXECUTIVE-MANAGER O O O O O O O O O O O O O O,NONE
"presley ' s daughter lisa marie retains possession of grace ##land and many of her father ' s "" personal effects "" .",B-MUSICIAN O O O B-PUBLIC-FIGURE I-PUBLIC-FIGURE O O O O O O O O O O O O O O O O O,NONE
pete doherty misses bail deadline,B-MUSICIAN I-MUSICIAN O O O,NONE
"musician alan was ##s , 23 , also of north london , appeared in court accused of the same offences .",O B-MUSICIAN I-MUSICIAN I-MUSICIAN O O O O O O O O O O O O O O O O O,NONE
"the singer , who has been linked to super ##mo ##del kate moss , was arrested after police were called to the is ##lington hotel in response to claims that a man had been assaulted .",O O O O O O O O O O O B-PUBLIC-FIGURE I-PUBLIC-FIGURE O O O O O O O O O O O O O O O O O O O O O O O,NONE
donor attacks blair - brown ' feud ',O O B-POLITICIAN O O O O O,NONE
"singer alex ka ##pr ##ano ##s was studying english at university but had friends at art school , and the line - up was completed when guitarist nick mccarthy moved from munich , germany , to the city .",O B-MUSICIAN I-MUSICIAN I-MUSICIAN I-MUSICIAN I-MUSICIAN O O O O O O O O O O O O O O O O O O O O O B-MUSICIAN I-MUSICIAN O O O O O O O O O O,NONE
oscar host rock to keep it clean,O O B-ACTOR-DIRECTOR O O O O,NONE
"the show ' s producers defended rock and confirmed that he would still be presenting the oscar ceremony , saying his comments were "" humorous dig ##s "" .",O O O O O O B-ACTOR-DIRECTOR O O O O O O O O O O O O O O O O O O O O O O,NONE
"the northern ireland athlete went off at a startling pace but had to hold off the challenge of welsh ##man jimmy watkins over the final 200 ##m to win in one minute , 47 . 96 seconds .",O O O O O O O O O O O O O O O O O O O O B-ATHLETE I-ATHLETE O O O O O O O O O O O O O O O O,NONE
"rap boss arrested over drug find rap mo ##gul marion "" su ##ge "" knight has been arrested for violating his parole after he was allegedly found with marijuana .",O O O O O O O O O B-BUSINESS-EXECUTIVE-MANAGER I-BUSINESS-EXECUTIVE-MANAGER I-BUSINESS-EXECUTIVE-MANAGER I-BUSINESS-EXECUTIVE-MANAGER I-BUSINESS-EXECUTIVE-MANAGER I-BUSINESS-EXECUTIVE-MANAGER O O O O O O O O O O O O O O O,NONE
"mr knight , founder of death row records , served a 10 - month jail term in 2004 for punching a man while on parole for an assault conviction .",O B-BUSINESS-EXECUTIVE-MANAGER O O O O O O O O O O O O O O O O O O O O O O O O O O O O,founder
"mr knight , 39 , was jailed in october 1996 following his involvement in a fight with a rival gang just hours before rapper tu ##pac sha ##kur was killed in a las vegas drive - by shooting .",O B-BUSINESS-EXECUTIVE-MANAGER O O O O O O O O O O O O O O O O O O O O O O B-MUSICIAN I-MUSICIAN I-MUSICIAN I-MUSICIAN O O O O O O O O O O O,NONE
he was driving sha ##kur ' s car at the time and was shot in the head .,O O O B-MUSICIAN I-MUSICIAN O O O O O O O O O O O O O,NONE
many people believe you ki ##lr ##oy .,O O O O B-POLITICIAN I-POLITICIAN I-POLITICIAN O,NONE
"ki ##lr ##oy is an able com ##mun ##ica ##tor and a capable politician , in exactly the way those who lead uk ##ip are not .",B-POLITICIAN I-POLITICIAN I-POLITICIAN O O O O O O O O O O O O O O O O O O O O O O O O,NONE
ki ##lr ##oy - silk was made an me ##p because of his position on the uk ##ip ' s party list .,B-POLITICIAN I-POLITICIAN I-POLITICIAN I-POLITICIAN I-POLITICIAN O O O O O O O O O O O O O O O O O O,NONE
"director martin sc ##ors ##ese ' s the aviator , starring leonardo di ##cap ##rio went on general release on christmas day in the us , ensuring it just made the deadline .",O B-ACTOR-DIRECTOR I-ACTOR-DIRECTOR I-ACTOR-DIRECTOR I-ACTOR-DIRECTOR O O O O O O B-ACTOR-DIRECTOR I-ACTOR-DIRECTOR I-ACTOR-DIRECTOR I-ACTOR-DIRECTOR O O O O O O O O O O O O O O O O O O,NONE
"meanwhile , design engineer tak ##uo mi ##ya ##gis ##hima will be awarded an oscar at the scientific and technical awards dinner on 12 february 2005 .",O O O O B-PUBLIC-FIGURE I-PUBLIC-FIGURE I-PUBLIC-FIGURE I-PUBLIC-FIGURE I-PUBLIC-FIGURE I-PUBLIC-FIGURE O O O O O O O O O O O O O O O O O,NONE
"godzilla gets hollywood fame star movie monster godzilla has received a star on hollywood ' s walk of fame , honour ##ing both his 50th birthday and the launch of his 28th film .",B-PUBLIC-FIGURE O O O O O O B-PUBLIC-FIGURE O O O O O O O O O O O O O O O O O O O O O O O O O O,NONE
""" godzilla should thank you for this historical and monumental star , "" said final wars producer sho ##go tom ##iya ##ma .",O B-PUBLIC-FIGURE O O O O O O O O O O O O O O O B-BUSINESS-EXECUTIVE-MANAGER I-BUSINESS-EXECUTIVE-MANAGER I-BUSINESS-EXECUTIVE-MANAGER I-BUSINESS-EXECUTIVE-MANAGER I-BUSINESS-EXECUTIVE-MANAGER O,NONE
"hollywood ' s honorary mayor , johnny grant , said : "" i do here ##by pro ##claim this godzilla day in hollywood .",O O O O O O B-POLITICIAN I-POLITICIAN O O O O O O O O O O O O O O O O,NONE
"so , i think godzilla just deserves a vacation . """,O O O O B-PUBLIC-FIGURE O O O O O O,NONE
"and producer sho ##go tom ##iya ##ma added : "" so long as godzilla can fa ##sc ##inate people , i believe he will be resurrected by new generations of filmmakers in the future . """,O O B-BUSINESS-EXECUTIVE-MANAGER I-BUSINESS-EXECUTIVE-MANAGER I-BUSINESS-EXECUTIVE-MANAGER I-BUSINESS-EXECUTIVE-MANAGER I-BUSINESS-EXECUTIVE-MANAGER O O O O O O B-PUBLIC-FIGURE O O O O O O O O O O O O O O O O O O O O O O,NONE
lord browne pointed out that bp was re ##ap ##ing the benefits of its investment in oil exploration .,O B-BUSINESS-EXECUTIVE-MANAGER O O O O O O O O O O O O O O O O O,NONE
"gone are the warm , bright colours found in the two earlier films , alfonso cu ##aro ##n brings in a bleak and cold feel that is simply gorgeous - and looks even better here than in the cinema .",O O O O O O O O O O O O O O B-ACTOR-DIRECTOR I-ACTOR-DIRECTOR I-ACTOR-DIRECTOR I-ACTOR-DIRECTOR O O O O O O O O O O O O O O O O O O O O O O,NONE
star christina apple ##gate had to pull out of pre - broadway performances earlier this month with a broken foot .,O B-ACTOR-DIRECTOR I-ACTOR-DIRECTOR I-ACTOR-DIRECTOR O O O O O O O O O O O O O O O O O,NONE
"springer critic ##ises opera musical talk show host jerry springer , whose programme inspired the controversial opera shown by the bbc , has said he would not have written it himself .",B-ACTOR-DIRECTOR O O O O O O O B-ACTOR-DIRECTOR I-ACTOR-DIRECTOR O O O O O O O O O O O O O O O O O O O O O O,NONE
""" captain archer and the crew of the n ##x - 01 need your help to continue their journeys ! """,O O B-PUBLIC-FIGURE O O O O O O O O O O O O O O O O O O,NONE
the ad ##vert said .,O O O O O,NONE
"this echoed the views of oscar ##s host and comedian chris rock , who whipped up a media storm for saying he rarely watched them , calling award shows "" idiot ##ic "" .",O O O O O O O O O O B-ACTOR-DIRECTOR I-ACTOR-DIRECTOR O O O O O O O O O O O O O O O O O O O O O O,NONE
""" eastwood has it in the bag , "" added mr strauss .",O B-ACTOR-DIRECTOR O O O O O O O O O B-AUTHOR-WRITER O,NONE
"other film stars to have appeared in scrub ##s include heather graham , while friends actor matthew perry has guest - starred and directed an episode of the show .",O O O O O O O O O O B-ACTOR-DIRECTOR I-ACTOR-DIRECTOR O O O O B-ACTOR-DIRECTOR I-ACTOR-DIRECTOR O O O O O O O O O O O O,NONE
"its leading star , zach bra ##ff , has recently been seen on the big screen in garden state , which he also directed .",O O O O B-ACTOR-DIRECTOR I-ACTOR-DIRECTOR I-ACTOR-DIRECTOR O O O O O O O O O O O O O O O O O O,NONE
curry ' s daily source code - which he committed to doing daily to inspire the community - has 10 ##s of thousands of listeners .,B-PUBLIC-FIGURE O O O O O O O O O O O O O O O O O O O O O O O O O,NONE
"in a speech in london on monday , mr howard said : "" it ' s not racist , as some people to claim , to talk about controlling immigration far from it . """,O O O O O O O O O B-POLITICIAN O O O O O O O O O O O O O O O O O O O O O O O O O,NONE
"refugee council chief executive mae ##ve sherlock called the plans "" dangerous , ill thought - out and hugely ir ##res ##pon ##sible "" .",O O O O B-BUSINESS-EXECUTIVE-MANAGER I-BUSINESS-EXECUTIVE-MANAGER I-BUSINESS-EXECUTIVE-MANAGER O O O O O O O O O O O O O O O O O O,chief executive
he did not think mr howard intended to centre the debate about race .,O O O O O B-POLITICIAN O O O O O O O O,NONE
bush website blocked outside us,B-POLITICIAN O O O O,NONE
surfer ##s outside the us have been unable to visit the official re - election site of president george w bush .,O O O O O O O O O O O O O O O O O O B-POLITICIAN I-POLITICIAN I-POLITICIAN O,NONE
deputy health minister r ##hon ##a bran ##kin has pledged to study the research .,O O O B-POLITICIAN I-POLITICIAN I-POLITICIAN I-POLITICIAN I-POLITICIAN O O O O O O O,NONE
van gogh was shot and stabbed to death in amsterdam six weeks ago .,B-PUBLIC-FIGURE I-PUBLIC-FIGURE O O O O O O O O O O O O,NONE
"the killing , and fort ##uy ##n ' s death in 2002 , con ##vu ##ls ##ed the netherlands .",O O O O B-POLITICIAN I-POLITICIAN I-POLITICIAN O O O O O O O O O O O O O,NONE
photographer jim de boo ##y then goes on the run from secret service agents who bu ##rg ##le his home and threaten his family .,O B-PUBLIC-FIGURE I-PUBLIC-FIGURE I-PUBLIC-FIGURE I-PUBLIC-FIGURE O O O O O O O O O O O O O O O O O O O O,NONE
""" the lions is a massive media event , "" said woodward , who will be the head coach .",O O O O O O O O O O O B-ATHLETE O O O O O O O O,NONE
president kumar ##at ##ung ##a attended a ceremony in the southern town of ham ##bant ##ota .,O B-POLITICIAN I-POLITICIAN I-POLITICIAN I-POLITICIAN O O O O O O O O O O O O,NONE
"mrs kumar ##at ##ung ##a called for the tragedy to be "" the start of a new beginning to rebuild our nation "" .",O B-POLITICIAN I-POLITICIAN I-POLITICIAN I-POLITICIAN O O O O O O O O O O O O O O O O O O O,NONE
"jo ##ss w ##hed ##on described the dc comics character as "" the most iconic female heroine of our time "" .",B-ACTOR-DIRECTOR I-ACTOR-DIRECTOR I-ACTOR-DIRECTOR I-ACTOR-DIRECTOR I-ACTOR-DIRECTOR O O O O O O O O O O O O O O O O O,NONE
clarke faces id cards rebellion,B-POLITICIAN O O O O,NONE
"directed by bollywood veteran sub ##has ##h g ##hai , the film is set in the british raj and bern ##ath plays an army general ' s daughter who falls in love with a rural boy , ki ##s ##na .",O O O O B-ACTOR-DIRECTOR I-ACTOR-DIRECTOR I-ACTOR-DIRECTOR I-ACTOR-DIRECTOR I-ACTOR-DIRECTOR O O O O O O O O O O B-ACTOR-DIRECTOR I-ACTOR-DIRECTOR O O O O O O O O O O O O O O O O B-PUBLIC-FIGURE I-PUBLIC-FIGURE I-PUBLIC-FIGURE O,NONE
"actor and producer aa ##mir khan ' s forthcoming venture the rising is set against the backdrop of the indian mutiny of 1857 , with british actor toby stephens in a key role .",O O O B-ACTOR-DIRECTOR I-ACTOR-DIRECTOR I-ACTOR-DIRECTOR O O O O O O O O O O O O O O O O O O O O O B-ACTOR-DIRECTOR I-ACTOR-DIRECTOR O O O O O,NONE
"the eu ' s humanitarian aid commissioner , louis michel , was quoted as saying that it was key to bring aid "" in those vital hours and days immediately after the disaster "" .",O O O O O O O O B-POLITICIAN I-POLITICIAN O O O O O O O O O O O O O O O O O O O O O O O O O,NONE
"great or ##mond street hospital professor of child health , al a ##yn ##sley - green , was chosen by the government and will start the £100 , 000 - a - year job immediately .",O O O O O O O O O O B-PUBLIC-FIGURE I-PUBLIC-FIGURE I-PUBLIC-FIGURE I-PUBLIC-FIGURE I-PUBLIC-FIGURE I-PUBLIC-FIGURE O O O O O O O O O O O O O O O O O O O O,professor
prof a ##yn ##sley - green has also been the national clinical director for children in the department of health .,O B-PUBLIC-FIGURE I-PUBLIC-FIGURE I-PUBLIC-FIGURE I-PUBLIC-FIGURE I-PUBLIC-FIGURE O O O O O O O O O O O O O O O,NONE
mo ##uri ##nh ##o to escape fa charge,B-ATHLETE I-ATHLETE I-ATHLETE I-ATHLETE O O O O,NONE
referees chief keith hackett believes mo ##uri ##nh ##o should re ##tra ##ct his comments about ferguson and barry as he believes the blues boss has questioned their integrity .,O O B-PUBLIC-FIGURE I-PUBLIC-FIGURE O B-ATHLETE I-ATHLETE I-ATHLETE I-ATHLETE O O O O O O O B-ATHLETE O B-ATHLETE O O O O O O O O O O O,NONE
"mr mo ##uri ##nh ##o should look at the facts . """,O B-ATHLETE I-ATHLETE I-ATHLETE I-ATHLETE O O O O O O O,NONE
"mr brown introduced dr greens ##pan to the 400 invited guests as the "" the world ' s greatest economist "" .",O B-POLITICIAN O O B-PUBLIC-FIGURE I-PUBLIC-FIGURE O O O O O O O O O O O O O O O O,NONE
dr greens ##pan - who became chairman of the federal reserve for an unprecedented fifth term in june 2004 - will step down in january next year .,O B-PUBLIC-FIGURE I-PUBLIC-FIGURE O O O O O O O O O O O O O O O O O O O O O O O O O,chairman
hoffman hits out over modern film,B-ACTOR-DIRECTOR O O O O O,NONE
kennedy to make temple address,B-POLITICIAN O O O O,NONE
"mr kennedy is to tell the audience : "" many people in britain , of all races , cultures and religions , were angry about the way we were taken to war in iraq .",O B-POLITICIAN O O O O O O O O O O O O O O O O O O O O O O O O O O O O O O O O O,NONE
ferguson urges henry punishment,B-ATHLETE O B-ATHLETE O,NONE
"this week , we ' re hearing from marianne petersen , who is planning to convert a barn in sweden into a base for her freelance writing work .",O O O O O O O O B-AUTHOR-WRITER I-AUTHOR-WRITER O O O O O O O O O O O O O O O O O O O,NONE
mr howard - himself the son of immigrants - will acknowledge that racial discrimination still exists in the uk .,O B-POLITICIAN O O O O O O O O O O O O O O O O O O,NONE
taxes must be trusted - kennedy,O O O O O B-POLITICIAN,NONE
"mr kennedy also said students want action on the environment and see the iraq war , which his party opposed , as a defining issue .",O B-POLITICIAN O O O O O O O O O O O O O O O O O O O O O O O O,NONE
rapper 50 cent ends protege feud,O B-MUSICIAN I-MUSICIAN O O O,NONE
a member of the game ' s entourage was reportedly shot outside a radio station where 50 cent was being interviewed .,O O O B-MUSICIAN I-MUSICIAN O O O O O O O O O O O B-MUSICIAN I-MUSICIAN O O O O,NONE
"the boys choir of harlem got a che ##que for $ 150 , 000 ( £ ##7 ##7 , 800 ) from 50 cent , while the game handed over $ 103 , 500 ( £5 ##3 , 400 ) .",O O O O O O O O O O O O O O O O O O O O O O B-MUSICIAN I-MUSICIAN O O B-MUSICIAN I-MUSICIAN O O O O O O O O O O O O O,NONE
"50 cent announced he has launched the g - unity foundation "" to help people overcome obstacles and make a chance for the better in their lives "" .",B-MUSICIAN I-MUSICIAN O O O O O O O O O O O O O O O O O O O O O O O O O O O,NONE
actor fox ##x sees globe nominations,O B-ACTOR-DIRECTOR I-ACTOR-DIRECTOR O O O,NONE
""" dan brown is the best writer i ' ve come across in the genre , but anyone who knows anything about 1st century history will see that this underlying material is laugh ##able . """,O B-AUTHOR-WRITER I-AUTHOR-WRITER O O O O O O O O O O O O O O O O O O O O O O O O O O O O O O O O O,writer
chris evans back on the market,B-ACTOR-DIRECTOR I-ACTOR-DIRECTOR O O O O,NONE
"broadcaster chris evans has begun selling thousands of his possessions from a stall in camden market , london .",O B-ACTOR-DIRECTOR I-ACTOR-DIRECTOR O O O O O O O O O O O O O O O O,NONE
mr blair is an enthusiastic proponent of talks to bring turkey within the recently - expanded eu .,O B-POLITICIAN O O O O O O O O O O O O O O O O,NONE
singer george michael has said that a new film about his life is the start of a retirement from public view .,O B-MUSICIAN I-MUSICIAN O O O O O O O O O O O O O O O O O O O,NONE
sir mike tom ##linson himself was brief ##ed only this week .,O B-PUBLIC-FIGURE I-PUBLIC-FIGURE I-PUBLIC-FIGURE O O O O O O O O,NONE
newcomer cia ##ra ' s four nominations include best female r & b - soul album and best r & b - soul or rap by a new artist .,O B-MUSICIAN I-MUSICIAN O O O O O O O O O O O O O O O O O O O O O O O O O O O,NONE
"morgan spur ##lock earned the directing award for super size me , which became an international box office hit .",B-ACTOR-DIRECTOR I-ACTOR-DIRECTOR I-ACTOR-DIRECTOR O O O O O O O O O O O O O O O O O,NONE
ronald ##o refused to commit his long - term future to the club .,B-ATHLETE I-ATHLETE O O O O O O O O O O O O,NONE
sprinter walker quit ##s athletics,O B-ATHLETE O O O,NONE
"shadow treasury chief secretary george osborne said : "" everyone who looks at the british economy at the moment says there has been a sharp deterioration in the public finances , that there is a black hole , "" he said .",O O O O B-POLITICIAN I-POLITICIAN O O O O O O O O O O O O O O O O O O O O O O O O O O O O O O O O O O O O,NONE
root ##ing for st ##au ##nton in the best actress category,O O O B-ACTOR-DIRECTOR I-ACTOR-DIRECTOR I-ACTOR-DIRECTOR O O O O O,NONE
"was cat ##e blanche ##tt , herself nominated for her supporting role as hollywood icon katherine hepburn in the aviator",O B-ACTOR-DIRECTOR I-ACTOR-DIRECTOR I-ACTOR-DIRECTOR I-ACTOR-DIRECTOR O O O O O O O O O O B-ACTOR-DIRECTOR I-ACTOR-DIRECTOR O O O,NONE
"ke ##anu reeves , who presented the best actress award , said being on the red carpet was an "" exciting "" part of his job .",B-ACTOR-DIRECTOR I-ACTOR-DIRECTOR I-ACTOR-DIRECTOR O O O O O O O O O O O O O O O O O O O O O O O O,NONE
joshua reynolds : the creation of celebrity,B-PUBLIC-FIGURE I-PUBLIC-FIGURE O O O O O,NONE
ronald ko ##eman quit as ajax boss last week after their exit from the uefa cup .,B-ATHLETE I-ATHLETE I-ATHLETE O O O O O O O O O O O O O O,NONE
"arnold ' s grit ##ty drama wasp is about a single mother living on the bread ##line , while kumar ' s little terrorist follows a young pakistani muslim boy , who gets stuck on the wrong side of the heavily armed indian border .",B-ACTOR-DIRECTOR O O O O O O O O O O O O O O O O O O B-ACTOR-DIRECTOR O O O O O O O O O O O O O O O O O O O O O O O O O,NONE
"since she presented children ' s tv shows number 73 and motor ##mouth in the 1980s , arnold has kept a low profile and is having trouble adapting to this sudden onslaught of attention .",O O O O O O O O O O O O O O O O O B-ACTOR-DIRECTOR O O O O O O O O O O O O O O O O O,NONE
"l ' esq ##ui ##ve earned a cesar prize for its director , tunisian - born abd ##ella ##ti ##f ke ##chi ##che , and its young star , the 18 - year - old actress sara forest ##ier .",O O O O O O O O O O O O O O O O B-ACTOR-DIRECTOR I-ACTOR-DIRECTOR I-ACTOR-DIRECTOR I-ACTOR-DIRECTOR I-ACTOR-DIRECTOR I-ACTOR-DIRECTOR I-ACTOR-DIRECTOR O O O O O O O O O O O O O B-ACTOR-DIRECTOR I-ACTOR-DIRECTOR I-ACTOR-DIRECTOR O,NONE
"but the artists - been ##ie man , si ##zz ##la , elephant man , bu ##ju ban ##ton , bounty killer , to ##k , cap ##leton and v ##y ##b ##z ka ##rte ##l - will not have to ap ##olo ##gis ##e for past songs or comments .",O O O O B-MUSICIAN I-MUSICIAN I-MUSICIAN O B-MUSICIAN I-MUSICIAN I-MUSICIAN O B-MUSICIAN I-MUSICIAN O B-MUSICIAN I-MUSICIAN I-MUSICIAN I-MUSICIAN O B-MUSICIAN I-MUSICIAN O B-MUSICIAN I-MUSICIAN O B-MUSICIAN I-MUSICIAN O B-MUSICIAN I-MUSICIAN I-MUSICIAN I-MUSICIAN I-MUSICIAN I-MUSICIAN I-MUSICIAN O O O O O O O O O O O O O O O,NONE
"mike leigh is up for the best director award for vera drake , alongside martin sc ##ors ##ese for the aviator , michael mann for collateral , michel go ##nd ##ry for eternal sunshine of the spot ##less mind and marc forster for finding never ##land .",B-ACTOR-DIRECTOR I-ACTOR-DIRECTOR O O O O O O O O B-PUBLIC-FIGURE I-PUBLIC-FIGURE O O B-ACTOR-DIRECTOR I-ACTOR-DIRECTOR I-ACTOR-DIRECTOR I-ACTOR-DIRECTOR O O O O B-ACTOR-DIRECTOR I-ACTOR-DIRECTOR O O O B-ACTOR-DIRECTOR I-ACTOR-DIRECTOR I-ACTOR-DIRECTOR I-ACTOR-DIRECTOR O O O O O O O O O B-ACTOR-DIRECTOR I-ACTOR-DIRECTOR O O O O O,NONE
"ms kelly , who is catholic , is reported to be "" pro - life "" and has opposed embryo research .",O B-POLITICIAN O O O O O O O O O O O O O O O O O O O O,NONE
medical research council professor nancy roth ##well said ms kelly ' s views mattered as she was responsible for training future scientists .,O O O O B-PUBLIC-FIGURE I-PUBLIC-FIGURE I-PUBLIC-FIGURE O O B-POLITICIAN O O O O O O O O O O O O O,professor
"he said : "" if someone as senior as ruth kelly is not going to favour stem cell research we will end up with a similarly sc ##hi ##zo ##ph ##ren ##ic system in this country .",O O O O O O O O O B-POLITICIAN I-POLITICIAN O O O O O O O O O O O O O O O O O O O O O O O O O O,NONE
the star of film and tv hits day of the jack ##al and edward and mrs simpson has joined forces with swansea - born actor - director terry palmer .,O O O O O O O O O O O O O B-PUBLIC-FIGURE O B-PUBLIC-FIGURE I-PUBLIC-FIGURE O O O O O O O O O O B-ACTOR-DIRECTOR I-ACTOR-DIRECTOR O,NONE
"during his interview with the jewish chronicle , mr blair said : "" i ' ve been a very strong supporter of the jewish community and israel , and will always be so . """,O O O O O O O O O B-POLITICIAN O O O O O O O O O O O O O O O O O O O O O O O O O,NONE
"mr blair repeated calls for the mayor to ap ##olo ##gis ##e for like ##ning the reporter , oliver fine ##gold , to a concentration camp guard .",O B-POLITICIAN O O O O O O O O O O O O O O O O B-AUTHOR-WRITER I-AUTHOR-WRITER I-AUTHOR-WRITER O O O O O O O,NONE
the trial of mr e ##bber ##s is now into its third week .,O O O O B-BUSINESS-EXECUTIVE-MANAGER I-BUSINESS-EXECUTIVE-MANAGER I-BUSINESS-EXECUTIVE-MANAGER O O O O O O O,NONE
elton plays paris charity concert,B-MUSICIAN O O O O,NONE
sir elton has also teamed up with phil collins to record a version of eric clapton ' s 1991 hit tears in heaven to raise money for the relief fund .,O B-MUSICIAN O O O O O B-MUSICIAN I-MUSICIAN O O O O O B-MUSICIAN I-MUSICIAN O O O O O O O O O O O O O O O,NONE
mo ##uri ##nh ##o defiant on chelsea form,B-ATHLETE I-ATHLETE I-ATHLETE I-ATHLETE O O O O,NONE
"asked if his chelsea honeymoon was now over , mo ##uri ##nh ##o replied : "" i have had 20 years of honeymoon ##s with my wife .",O O O O O O O O O B-ATHLETE I-ATHLETE I-ATHLETE I-ATHLETE O O O O O O O O O O O O O O O,NONE
""" as gas prices continue their upward march , fuel efficiency catches the public eye , "" jim press , vice president and chief operating officer of toyota ' s us sales arm , said in a statement .",O O O O O O O O O O O O O O O O O B-BUSINESS-EXECUTIVE-MANAGER I-BUSINESS-EXECUTIVE-MANAGER O O O O O O O O O O O O O O O O O O O O,vice president
former plays ##cho ##ol presenter fl ##oe ##lla benjamin was awarded the special award for outstanding creative contribution to children ' s film and television .,O O O O O B-ACTOR-DIRECTOR I-ACTOR-DIRECTOR I-ACTOR-DIRECTOR I-ACTOR-DIRECTOR O O O O O O O O O O O O O O O O O,presenter
south american - themed cartoon jo ##ko !,O O O O O O O O,NONE
ja ##kam ##oko !,O O O O,NONE
to ##to !,O O O,NONE
won the honour for pre - school animation and its writer tony collingwood for original writer .,O O O O O O O O O O O B-AUTHOR-WRITER I-AUTHOR-WRITER O O O O,writer
"debbie is ##itt won the award for best adapted writer for her work with jacqueline wilson ' s the illustrated mum , which won the award for best schools drama .",B-AUTHOR-WRITER I-AUTHOR-WRITER I-AUTHOR-WRITER O O O O O O O O O O O B-AUTHOR-WRITER I-AUTHOR-WRITER O O O O O O O O O O O O O O O,writer
shadow home secretary david davis said five million children were being denied adequate sporting opportunities .,O O O B-POLITICIAN I-POLITICIAN O O O O O O O O O O O,NONE
deputy prime minister john prescott held a private meeting with senior union figures on thursday night .,O O O B-POLITICIAN I-POLITICIAN O O O O O O O O O O O O,NONE
"he , like mr kennedy , pointed to the hundreds of thousands of people who demonstrated against plans for the iraq war .",O O O O B-POLITICIAN O O O O O O O O O O O O O O O O O O,NONE
"others targeted include oliver let ##win , david davis and theresa may , li ##b dem ' s elections chief lord ren ##nard said .",O O O B-POLITICIAN I-POLITICIAN I-POLITICIAN O B-POLITICIAN I-POLITICIAN O B-POLITICIAN I-POLITICIAN O O O O O O O O B-POLITICIAN I-POLITICIAN I-POLITICIAN O O,NONE
mcc ##ri ##rick out of big brother show,B-PUBLIC-FIGURE I-PUBLIC-FIGURE I-PUBLIC-FIGURE O O O O O,NONE
racing pun ##dit john mcc ##ri ##rick has become the latest contestant to be evicted from celebrity big brother .,O O O B-PUBLIC-FIGURE I-PUBLIC-FIGURE I-PUBLIC-FIGURE I-PUBLIC-FIGURE O O O O O O O O O O O O O,pundit
"piers free ##lov ##e is senior benefit officer on the picket line at companies house , in cardiff .",B-PUBLIC-FIGURE I-PUBLIC-FIGURE I-PUBLIC-FIGURE I-PUBLIC-FIGURE O O O O O O O O O O O O O O O,NONE
beck ##ham relief as real go through david beck ##ham expressed his relief at real madrid ' s passage to the champions league knockout phase .,B-ATHLETE I-ATHLETE O O O O O B-ATHLETE I-ATHLETE I-ATHLETE O O O O O O O O O O O O O O O O,NONE
tv presenter dee ##ley drops cd : uk,O O B-ACTOR-DIRECTOR I-ACTOR-DIRECTOR O O O O,presenter
leader michael howard said the checks on new arrivals would help protect public health and the nhs .,O B-POLITICIAN I-POLITICIAN O O O O O O O O O O O O O O O,NONE
"immigration minister des browne quoted its five - year plan for immigration and asylum , as saying : "" we are implementing our existing powers by targeted health screening for tb in high - risk areas at the entry clearance stage .",O O B-POLITICIAN I-POLITICIAN O O O O O O O O O O O O O O O O O O O O O O O O O O O O O O O O O O O O O O,NONE
blair defend ##s terror law changes,B-POLITICIAN O O O O O,NONE
"as such there was nothing to stop mr underwood letting people hunt "" un ##re ##gul ##ated "" imported animals and wild pigs .",O O O O O O O O B-PUBLIC-FIGURE O O O O O O O O O O O O O O O,NONE
mr underwood also lets people come in person to the ranch to hunt and shoot game animals .,O B-PUBLIC-FIGURE O O O O O O O O O O O O O O O O,NONE
radcliffe tackles marathon tasks,B-ATHLETE O O O,NONE
"and yelling says : "" i think this will probably make paula . """,O B-PUBLIC-FIGURE O O O O O O O O O B-ATHLETE O O,NONE
"hiding women away in the home hidden behind veil ##s is a backward view of islam , president mu ##sha ##rra ##f of pakistan has said during a visit to britain .",O O O O O O O O O O O O O O O O O O B-POLITICIAN I-POLITICIAN I-POLITICIAN I-POLITICIAN O O O O O O O O O O,NONE
"she is very religious but she is very moderate , "" said general mu ##sha ##rra ##f .",O O O O O O O O O O O O O B-POLITICIAN I-POLITICIAN I-POLITICIAN I-POLITICIAN O,NONE
"gen mu ##sha ##rra ##f told the bbc : "" some people think that the women should be confined to their houses and put veil ##s on and all that and they should not move out - absolutely wrong . """,O B-POLITICIAN I-POLITICIAN I-POLITICIAN I-POLITICIAN O O O O O O O O O O O O O O O O O O O O O O O O O O O O O O O O O O O O,NONE
"on monday the pakistani president met prime minister tony blair at 10 downing street , on his first official visit to london .",O O O O O O O O B-POLITICIAN I-POLITICIAN O O O O O O O O O O O O O,NONE
"speaking in london on monday , gen mu ##sha ##rra ##f said al - qaeda was "" on the run "" in pakistan .",O O O O O O O B-POLITICIAN I-POLITICIAN I-POLITICIAN I-POLITICIAN O O O O O O O O O O O O O,NONE
"but standing next to mr blair he added that it was crucial to tackle the "" core of what creates terrorists , what creates an ex ##tre ##mist , militant environment which then leads on to terrorism "" .",O O O O O B-POLITICIAN O O O O O O O O O O O O O O O O O O O O O O O O O O O O O O O O O,NONE
"theresa may , tory shadow work and pensions secretary , said : "" we have got to find a way that ' s going to ensure those payments get through to the people who are due them . """,B-POLITICIAN I-POLITICIAN O O O O O O O O O O O O O O O O O O O O O O O O O O O O O O O O O O O O O,NONE
he is also being investigated over the visa application of mrs quinn ' s ex - nanny .,O O O O O O O O O O O B-PUBLIC-FIGURE O O O O O O,NONE
mall ##on wade ##s into ne vote battle,B-POLITICIAN I-POLITICIAN O O O O O O,NONE
"the former police chief , dubbed rob ##oco ##p for his zero tolerance style , clashed on thursday with sunderland no campaign ##er neil herr ##on .",O O O O O O B-PUBLIC-FIGURE I-PUBLIC-FIGURE I-PUBLIC-FIGURE O O O O O O O O O O O O O O B-POLITICIAN I-POLITICIAN I-POLITICIAN O,NONE
"mr mall ##on is a late recruit to the yes campaign after rejecting overture ##s from no campaign ##ers including , he claims , tory leader michael howard .",O B-POLITICIAN I-POLITICIAN O O O O O O O O O O O O O O O O O O O O O O O B-POLITICIAN I-POLITICIAN O,NONE
morrison is seen quiz ##zing a college administrator on why he was refused .,B-PUBLIC-FIGURE O O O O O O O O O O O O O,NONE
"and i am not going to be diverted or distracted , nor is tony blair , by newspaper stories or books or rumours or gossip .",O O O O O O O O O O O O O B-POLITICIAN I-POLITICIAN O O O O O O O O O O O,NONE
"connor ##s ' rally ##ing cry for british tennis "" do you have it in your heart ?",B-ATHLETE I-ATHLETE O O O O O O O O O O O O O O O O,NONE
connor ##s is not the first great name to offer his services to the lt ##a - his long - time rival john mc ##en ##ro ##e has repeatedly done the same .,B-ATHLETE I-ATHLETE O O O O O O O O O O O O O O O O O O O O B-ATHLETE I-ATHLETE I-ATHLETE I-ATHLETE I-ATHLETE O O O O O O,NONE
connor ##s is a straight - talk ##er and will be equally blunt and honest in his dealings with the lt ##a and the cream of britain ' s young players .,B-ATHLETE I-ATHLETE O O O O O O O O O O O O O O O O O O O O O O O O O O O O O O,NONE
"president bush has announced that an alliance of the us , india , australia and japan will co - or ##dina ##te a humanitarian drive .",O B-POLITICIAN O O O O O O O O O O O O O O O O O O O O O O O O,NONE
ms short resigned as international development secretary over the iraq war .,O B-POLITICIAN O O O O O O O O O O,NONE
blair rejects iraq advice calls,B-POLITICIAN O O O O,NONE
"mr mates , who is a member of the commons intelligence and security committee and was part of the butler inquiry into pre - war intelligence , told the bbc on friday : "" that , as a general rule , is right , but it ' s not an absolute rule . """,O B-POLITICIAN O O O O O O O O O O O O O O O O O B-POLITICIAN O O O O O O O O O O O O O O O O O O O O O O O O O O O O O O O O O O,NONE
char ##vis set to lose fitness bid,B-ATHLETE I-ATHLETE O O O O O,NONE
"uk heading wrong way , says howard",O O O O O O B-POLITICIAN,NONE
""" patent rights , it is claimed , protect inventor ##s but in this case it is exclusively the interests of the big companies that are protected , "" eva li ##cht ##enberg , a austrian green member of the european parliament said in a statement .",O O O O O O O O O O O O O O O O O O O O O O O O O O O O O B-POLITICIAN I-POLITICIAN I-POLITICIAN I-POLITICIAN O O O O O O O O O O O O O O,NONE
""" i ' m not pleased , "" jefferson parish sheriff harry lee said .",O O O O O O O O O O O B-POLITICIAN I-POLITICIAN O O,NONE
""" of course we app ##lau ##d humanitarian initiatives , but why target the airlines ? """,O O O O O O O O O O O O O O O O O,NONE
"said ulrich sc ##hul ##te - st ##rath ##aus , secretary general of the association of european airlines .",O B-BUSINESS-EXECUTIVE-MANAGER I-BUSINESS-EXECUTIVE-MANAGER I-BUSINESS-EXECUTIVE-MANAGER I-BUSINESS-EXECUTIVE-MANAGER I-BUSINESS-EXECUTIVE-MANAGER I-BUSINESS-EXECUTIVE-MANAGER I-BUSINESS-EXECUTIVE-MANAGER I-BUSINESS-EXECUTIVE-MANAGER O O O O O O O O O O,NONE
woolf murder sentence re ##thi ##nk,O O O O O O,NONE
"mr boat ##eng , 53 , is to become the uk ' s high commissioner to south africa .",O B-POLITICIAN I-POLITICIAN O O O O O O O O O O O O O O O O,NONE
"prime minister tony blair said : "" paul has been both a valued colleague and a trusted friend for many years .",O O B-POLITICIAN I-POLITICIAN O O O B-POLITICIAN O O O O O O O O O O O O O O,NONE
""" the situation for jens is that he is currently the number two keeper at arsenal .",O O O O B-ATHLETE O O O O O O O O O O O O,NONE
howard attacks ' pay later ' budget,B-POLITICIAN O O O O O O,NONE
sc ##ult ##horpe wants lions captain ##cy,B-ATHLETE I-ATHLETE I-ATHLETE O O O O,NONE
"his words came as cardinal co ##rma ##c murphy o ' connor , the archbishop of westminster , backed mr howard ' s stance and distance ##d himself from labour .",O O O O O B-PUBLIC-FIGURE I-PUBLIC-FIGURE I-PUBLIC-FIGURE I-PUBLIC-FIGURE I-PUBLIC-FIGURE I-PUBLIC-FIGURE I-PUBLIC-FIGURE O O O O O O O O B-POLITICIAN O O O O O O O O O O,NONE
"in a statement , he said abortion was a "" very key issue "" , saying : "" the policy supported by mr howard is one that we would com ##men ##d , on the way to a full abandonment of abortion . """,O O O O O O O O O O O O O O O O O O O O O O O B-POLITICIAN O O O O O O O O O O O O O O O O O O O O,NONE
"in the cosmopolitan interview mr howard said : "" i believe abortion should be available to everyone , but the law should be changed .",O O O O O B-POLITICIAN O O O O O O O O O O O O O O O O O O O,NONE
"mr blair , who last year denied he planned to join his wife and four children in the catholic faith despite regularly taking communion , said abortion was a "" difficult issue "" .",O B-POLITICIAN O O O O O O O O O O O O O O O O O O O O O O O O O O O O O O O O,NONE
"anti - abortion group the pro - life alliance "" cong ##rat ##ulated "" mr howard on his new stance , but said it did not go far enough .",O O O O O O O O O O O O O O O B-POLITICIAN O O O O O O O O O O O O O O,NONE
"manchester united past and present footballers eric canton ##a and ole gunnar sol ##sk ##ja ##er , and club manager sir alex ferguson , have lent their backing to the supporters ' group , shareholders united .",O O O O O O B-ATHLETE I-ATHLETE I-ATHLETE O B-ATHLETE I-ATHLETE I-ATHLETE I-ATHLETE I-ATHLETE I-ATHLETE O O O O B-ATHLETE I-ATHLETE I-ATHLETE O O O O O O O O O O O O O O,manager
but he said mr blair had lost the trust of the british people .,O O O O B-POLITICIAN O O O O O O O O O,NONE
"mr kennedy also used his tv appearance to defend his party ' s plans to increase income tax to 50 % for those earning more than £100 , 000 , saying it would apply to just 1 % of the population .",O B-POLITICIAN O O O O O O O O O O O O O O O O O O O O O O O O O O O O O O O O O O O O O O O O,NONE
tory leader urges harry apology,O O O B-PUBLIC-FIGURE O,NONE
"prince harry should personally make clear how sorry he is about wearing a nazi uniform to a friend ' s fancy dress party , says tory leader michael howard .",B-PUBLIC-FIGURE I-PUBLIC-FIGURE O O O O O O O O O O O O O O O O O O O O O O O O O B-POLITICIAN I-POLITICIAN O,NONE
"mr howard , whose grandmother died in auschwitz , said many people would be offended by the prince ' s actions clarence house has issued a statement saying the prince has ap ##olo ##gis ##ed and realised it had been a poor costume .",O B-POLITICIAN O O O O O O O O O O O O O O O O O O O O O O O O O O O O O O O O O O O O O O O O O O,NONE
number 10 said an error was made but now harry had ap ##olo ##gis ##ed the matter should be left to the palace .,O O O O O O O O O B-PUBLIC-FIGURE O O O O O O O O O O O O O O,NONE
""" there is a reservoir of goodwill for prince harry , and prince william with him , in this country , but i think he needs to remember that it can ' t last forever . """,O O O O O O O O B-PUBLIC-FIGURE I-PUBLIC-FIGURE O O B-PUBLIC-FIGURE I-PUBLIC-FIGURE O O O O O O O O O O O O O O O O O O O O O O O,NONE
"a photograph of prince harry wearing a sw ##ast ##ika arm ##band and german desert uniform at the party appears in thursday ' s sun newspaper under the headline : "" harry the nazi . """,O O O B-PUBLIC-FIGURE B-PUBLIC-FIGURE O O O O O O O O O O O O O O O O O O O O O O O O O O B-PUBLIC-FIGURE O O O O,NONE
"but former buckingham palace press spokesman dick ##y ar ##bit ##er said the prince should make a personal , broadcast apology .",O O O O O O B-PUBLIC-FIGURE I-PUBLIC-FIGURE I-PUBLIC-FIGURE I-PUBLIC-FIGURE I-PUBLIC-FIGURE O O O O O O O O O O O,NONE
"bbc news correspondent gary o ' don ##og ##hue said mrs blair was likely to face further calls for restraint , since the us election is imminent .",O O O B-AUTHOR-WRITER I-AUTHOR-WRITER I-AUTHOR-WRITER I-AUTHOR-WRITER I-AUTHOR-WRITER I-AUTHOR-WRITER O O B-POLITICIAN O O O O O O O O O O O O O O O O,correspondent
""" raf ##a is a good coach and a good man .",O B-ATHLETE I-ATHLETE O O O O O O O O O,NONE
brown to outline presidency goals,B-POLITICIAN O O O O,NONE
"dj norman cook - aka fat ##boy slim - has said that dance music is not dead , but has admitted it is currently going through a "" fall ##ow patch "" .",O B-MUSICIAN I-MUSICIAN O O B-MUSICIAN I-MUSICIAN I-MUSICIAN O O O O O O O O O O O O O O O O O O O O O O O O O,NONE
"we do not want him or anybody else taking over united , "" said mark long ##den of the independent manchester united supporters ' association .",O O O O O O O O O O O O O O B-PUBLIC-FIGURE I-PUBLIC-FIGURE I-PUBLIC-FIGURE O O O O O O O O O,NONE
"people such as mat ##isse and st ##ra ##vinsky became like uncles to her , the latter put in charge of her musical education .",O O O B-PUBLIC-FIGURE I-PUBLIC-FIGURE O B-MUSICIAN I-MUSICIAN I-MUSICIAN O O O O O O O O O O O O O O O O,NONE
school tribute for tv host carson,O O O O O B-ACTOR-DIRECTOR,NONE
"carson , who was one of the best - loved tv personalities in the us , asked not to have a public memorial in los angeles , where he lived in later life .",B-ACTOR-DIRECTOR O O O O O O O O O O O O O O O O O O O O O O O O O O O O O O O O O,NONE
"he began his show ##bus ##iness career in norfolk , performing magic under the name the great carson ##i from the age of 14 .",O O O O O O O O O O O O O O O B-ACTOR-DIRECTOR I-ACTOR-DIRECTOR I-ACTOR-DIRECTOR I-ACTOR-DIRECTOR O O O O O O,NONE
"when carson died , president bush led the public tribute ##s , saying the presenter "" had a profound influence on american life and entertainment "" .",O B-ACTOR-DIRECTOR O O O B-POLITICIAN O O O O O O O O O O O O O O O O O O O O O,presenter
rangers ' striker dad pr ##so was also sent off during the same incident when he received a second yellow card for wrestling the ball away from craig gordon and leaving the hearts keeper on the ground .,O O O B-ATHLETE I-ATHLETE I-ATHLETE O O O O O O O O O O O O O O O O O O O O O B-ATHLETE I-ATHLETE O O O O O O O O O,NONE
sir elton john has composed the music .,O B-MUSICIAN I-MUSICIAN O O O O O,NONE
"dal ##dry directed the successful film version of billy elliot , adapted from lee hall ' s script .",B-ACTOR-DIRECTOR I-ACTOR-DIRECTOR O O O O O O B-PUBLIC-FIGURE I-PUBLIC-FIGURE O O O B-AUTHOR-WRITER I-AUTHOR-WRITER O O O O,NONE
but stu ##rro ##ck has distance ##d himself from the position .,O B-ATHLETE I-ATHLETE I-ATHLETE O O O O O O O O,NONE
the decision also saw clint eastwood get his third personal nomination for million dollar baby .,O O O O B-ACTOR-DIRECTOR I-ACTOR-DIRECTOR O O O O O O O O O O,NONE
"chinese actress z ##iy ##i zhang , star of crouch ##ing tiger , hidden dragon , hero and house of flying daggers ,",O O B-ACTOR-DIRECTOR I-ACTOR-DIRECTOR I-ACTOR-DIRECTOR I-ACTOR-DIRECTOR O O O O O O O O O O O O O O O O O,NONE
"david beck ##ham , watched by sven - goran erik ##sson , came off in the 67 ##th minute with a shoulder injury but should be fit for england ' s game against holland .",B-ATHLETE I-ATHLETE I-ATHLETE O O O B-ATHLETE I-ATHLETE I-ATHLETE I-ATHLETE I-ATHLETE O O O O O O O O O O O O O O O O O O O O O O O O,NONE
row threatens hendrix museum plan,O O B-MUSICIAN O O,NONE
cu ##dic ##ini misses carl ##ing cup final,B-ATHLETE I-ATHLETE I-ATHLETE O O O O O,NONE
"in 2002 , ag ##uil ##era won best pop collaboration for the hit track lady mar ##mal ##ade with lil ' kim , maya and pink , and last year she picked up the award for best female pop vocal performance for beautiful .",O O O B-MUSICIAN I-MUSICIAN I-MUSICIAN O O O O O O O O O O O O O B-MUSICIAN I-MUSICIAN I-MUSICIAN O B-MUSICIAN O B-MUSICIAN O O O O O O O O O O O O O O O O O O,NONE
"mr k ##ho ##dor ##kovsky is in jail , and on trial for fraud and tax eva ##sion .",O B-BUSINESS-EXECUTIVE-MANAGER I-BUSINESS-EXECUTIVE-MANAGER I-BUSINESS-EXECUTIVE-MANAGER I-BUSINESS-EXECUTIVE-MANAGER O O O O O O O O O O O O O O,NONE
"the approach by the 76 - year - old owner of the tampa bay buccaneers american football team is reportedly being led by his two sons , av ##i and joel .",O O O O O O O O O O O O O O O O O O O O O O O O O O O B-BUSINESS-EXECUTIVE-MANAGER I-BUSINESS-EXECUTIVE-MANAGER O B-BUSINESS-EXECUTIVE-MANAGER O,NONE
"patrick vie ##ira has apparently threatened some of our players and things like that . """,B-ATHLETE I-ATHLETE I-ATHLETE O O O O O O O O O O O O O,NONE
but is smith the man for what must be one of the hardest jobs in football ?,O O B-ATHLETE O O O O O O O O O O O O O O,NONE
the man who was alex ferguson ' s assistant when scotland played at the 1986 world cup won seven league titles with rangers .,O O O O B-ATHLETE I-ATHLETE O O O O O O O O O O O O O O O O O O,NONE
"characters like so ##unes ##s , ferguson and current ib ##ro ##x manager alex mc ##lei ##sh all cite smith ' s experience and his expansive knowledge of the scottish game .",O O B-ATHLETE I-ATHLETE I-ATHLETE O B-ATHLETE O O O O O O B-ATHLETE I-ATHLETE I-ATHLETE I-ATHLETE O O B-ATHLETE O O O O O O O O O O O O,manager
"clint eastwood ' s boxing drama million dollar baby - recipient of four academy awards , including best picture - continued to perform well in sixth place with taking ##s of $ 7 . 2 ##m ( £3 . 74 ##m ) .",B-ACTOR-DIRECTOR I-ACTOR-DIRECTOR O O O O O O O O O O O O O O O O O O O O O O O O O O O O O O O O O O O O O O O O O,NONE
"perry , 34 , is one of america ' s best - known black playwright ##s but is a newcomer to film .",B-AUTHOR-WRITER O O O O O O O O O O O O O O O O O O O O O O,NONE
"liverpool manager rafael ben ##ite ##z said their qualification for the next stage of the champions league was "" one of the proud ##est nights of my career . """,O O B-ATHLETE I-ATHLETE I-ATHLETE I-ATHLETE O O O O O O O O O O O O O O O O O O O O O O O O,manager
"having already donated billions of dollars to the fight against aids and malaria , mr gates will call on world leaders to support a global va ##cci ##nation campaign to protect children in developing countries from easily prevent ##able diseases .",O O O O O O O O O O O O O O O B-BUSINESS-EXECUTIVE-MANAGER O O O O O O O O O O O O O O O O O O O O O O O O O,NONE
mr gates is said to be trying to arrange a meeting with brazil ' s president lu ##la da silva .,O B-BUSINESS-EXECUTIVE-MANAGER O O O O O O O O O O O O O O B-POLITICIAN I-POLITICIAN I-POLITICIAN I-POLITICIAN O,NONE
"for president ki ##rch ##ner , this proves a hopeless challenge .",O O B-POLITICIAN I-POLITICIAN I-POLITICIAN O O O O O O O,NONE
' the new mara ##don ##a ' - carlos te ##vez - is joining co ##rin ##thi ##ans for nearly $ 20 ##m in a strong candidate for the strange ##st move of the year .,O O O B-ATHLETE I-ATHLETE I-ATHLETE O O B-ATHLETE I-ATHLETE I-ATHLETE O O O O O O O O O O O O O O O O O O O O O O O O O,NONE
"te ##vez , then , can kiss tran ##quil ##lity goodbye .",B-ATHLETE I-ATHLETE O O O O O O O O O O,NONE
""" elgin ##dy ' s conviction marks the end of his public char ##ade as a crusader against fraud in the market , "" said ms ma ##us ##ko ##pf .",O B-PUBLIC-FIGURE I-PUBLIC-FIGURE O O O O O O O O O O O O O O O O O O O O O O O B-PUBLIC-FIGURE I-PUBLIC-FIGURE I-PUBLIC-FIGURE I-PUBLIC-FIGURE O,NONE
"r & b star beverley knight said she sang on an anti - gun single after being "" haunted "" by the fatal 2003 shooting of two teenage girls in birmingham .",O O O O B-MUSICIAN I-MUSICIAN O O O O O O O O O O O O O O O O O O O O O O O O O O,NONE
knight and drum ' n ' bass star ron ##i size have released no more in a bid to reduce gun use among young people .,B-MUSICIAN O O O O O O O B-MUSICIAN I-MUSICIAN I-MUSICIAN O O O O O O O O O O O O O O O,NONE
"size , whose new forms album won the 1997 mercury music prize , said gun use was "" nothing to be g ##lam ##oris ##ed "" .",B-MUSICIAN O O O O O O O O O O O O O O O O O O O O O O O O O O,NONE
"size became involved after two friends , donna small and asha jam ##a , were shot in his bristol hometown in october .",B-MUSICIAN O O O O O O B-PUBLIC-FIGURE I-PUBLIC-FIGURE O B-PUBLIC-FIGURE I-PUBLIC-FIGURE I-PUBLIC-FIGURE O O O O O O O O O O,NONE
dal ##lag ##lio eyeing lions tour place,B-ATHLETE I-ATHLETE I-ATHLETE O O O O,NONE
"the best director short ##list includes luc bond ##y for cruel and tender , simon mc ##burn ##ey for measure for measure , and rufus norris for fest ##en .",O O O O O O B-ACTOR-DIRECTOR I-ACTOR-DIRECTOR I-ACTOR-DIRECTOR O O O O O B-ACTOR-DIRECTOR I-ACTOR-DIRECTOR I-ACTOR-DIRECTOR I-ACTOR-DIRECTOR O O O O O O B-ACTOR-DIRECTOR I-ACTOR-DIRECTOR O O O O,NONE
"and playwright ##s david el ##dridge , rebecca len ##kiewicz and owen mcc ##af ##fer ##ty will fight it out for the charles win ##tour award and a £3 ##0 , 000 bu ##rsa ##ry .",O O O B-AUTHOR-WRITER I-AUTHOR-WRITER I-AUTHOR-WRITER O B-AUTHOR-WRITER I-AUTHOR-WRITER I-AUTHOR-WRITER O B-AUTHOR-WRITER I-AUTHOR-WRITER I-AUTHOR-WRITER I-AUTHOR-WRITER I-AUTHOR-WRITER O O O O O O O O O O O O O O O O O O O O,NONE
"has ##sel says jun ##inho , who has just bought a new home , would "" desperately like to stay at celtic "" but will seek a move if it is made clear that he is not wanted .",B-PUBLIC-FIGURE I-PUBLIC-FIGURE O B-ATHLETE I-ATHLETE O O O O O O O O O O O O O O O O O O O O O O O O O O O O O O O O O O,NONE
mr e ##bber ##s has pleaded not guilty to charges of fraud and conspiracy .,O B-BUSINESS-EXECUTIVE-MANAGER I-BUSINESS-EXECUTIVE-MANAGER I-BUSINESS-EXECUTIVE-MANAGER O O O O O O O O O O O,NONE
us tv host clark suffers stroke,O O O B-ACTOR-DIRECTOR O O,NONE
veteran us television host dick clark is in hospital in los angeles after suffering a mild stroke .,O O O O B-ACTOR-DIRECTOR I-ACTOR-DIRECTOR O O O O O O O O O O O O,NONE
"clark ' s public ##ist paul she ##fr ##in said the television host was "" recovering "" and there was no cause for alarm .",B-ACTOR-DIRECTOR O O O O B-PUBLIC-FIGURE I-PUBLIC-FIGURE I-PUBLIC-FIGURE I-PUBLIC-FIGURE O O O O O O O O O O O O O O O O,NONE
"clark , who produces the golden globe and american music awards , disclosed last year that he was suffering from diabetes .",B-ACTOR-DIRECTOR O O O O O O O O O O O O O O O O O O O O O,NONE
director o ##day rash ##eed made the film on discarded 1980s ko ##dak film taken from the remains for the former ministry of culture building .,O B-ACTOR-DIRECTOR I-ACTOR-DIRECTOR I-ACTOR-DIRECTOR I-ACTOR-DIRECTOR O O O O O O O O O O O O O O O O O O O O O,NONE
na ##vr ##ati ##lova hits out at critics,B-ATHLETE I-ATHLETE I-ATHLETE I-ATHLETE O O O O,NONE
"mr sl ##atter ##y called himself an itunes customer who "" was also forced to purchase an apple ipod "" if he wanted to take his music with him to listen to .",O B-PUBLIC-FIGURE I-PUBLIC-FIGURE I-PUBLIC-FIGURE O O O O O O O O O O O O O O O O O O O O O O O O O O O O O,NONE
"mr k ##ho ##dor ##kovsky , currently facing fraud and tax eva ##sion charges of his own , was one of the founders of men ##ate ##p .",O B-BUSINESS-EXECUTIVE-MANAGER I-BUSINESS-EXECUTIVE-MANAGER I-BUSINESS-EXECUTIVE-MANAGER I-BUSINESS-EXECUTIVE-MANAGER O O O O O O O O O O O O O O O O O O O O O O O,NONE
"blair hail ##s turkey - eu talks deal tony blair has hailed a deal bringing turkey a step closer to eu membership as important for the world ' s future "" peace and prosperity "" .",B-POLITICIAN O O O O O O O B-POLITICIAN I-POLITICIAN O O O O O O O O O O O O O O O O O O O O O O O O O O,NONE
mr blair has been a leading advocate of turkish membership despite controversy surrounding the idea .,O B-POLITICIAN O O O O O O O O O O O O O O,NONE
"leaving a brussels summit mr blair said "" the fact turkey is a muslim country does not mean it should be barred "" .",O O O O O B-POLITICIAN O O O O O O O O O O O O O O O O O O,NONE
"a smash hit on broadway before moving to london , the show also won best musical performance in a supporting role for con ##let ##h hill , who plays director roger debris .",O O O O O O O O O O O O O O O O O O O O O O B-ACTOR-DIRECTOR I-ACTOR-DIRECTOR I-ACTOR-DIRECTOR I-ACTOR-DIRECTOR O O O O B-PUBLIC-FIGURE I-PUBLIC-FIGURE O,NONE
"best actress - clare higgins for he ##cu ##ba at the don ##mar warehouse - best musical actor - nathan lane for the producers at theatre royal , drury lane - best musical actress - laura michelle kelly for mary pop ##pins at the prince edward - best director - nicholas h ##yt ##ner for the history boys at the l ##yt ##tel ##ton - best new play - the history boys by alan bennett at the l ##yt ##tel ##ton - best new musical - the producers at theatre royal , drury lane - special award - alan bennett for his outstanding contribution to british theatre",O O O B-ACTOR-DIRECTOR I-ACTOR-DIRECTOR O O O O O O O O O O O O O O B-ACTOR-DIRECTOR I-ACTOR-DIRECTOR O O O O O O O O O O O O O O B-ACTOR-DIRECTOR I-ACTOR-DIRECTOR I-ACTOR-DIRECTOR O B-PUBLIC-FIGURE I-PUBLIC-FIGURE I-PUBLIC-FIGURE O O O O O O O O B-ACTOR-DIRECTOR I-ACTOR-DIRECTOR I-ACTOR-DIRECTOR I-ACTOR-DIRECTOR O O O O O O O O O O O O O O O O O O O B-AUTHOR-WRITER I-AUTHOR-WRITER O O O O O O O O O O O O O O O O O O O O O O O B-AUTHOR-WRITER I-AUTHOR-WRITER O O O O O O O,NONE
mc ##il ##roy wins 800 ##m indoor title,B-ATHLETE I-ATHLETE I-ATHLETE O O O O O,NONE
the la ##rne athlete dominated the race from start to finish although he had to hold off a late challenge from welsh ##man jimmy watkins in the final 100 metres .,O O O O O O O O O O O O O O O O O O O O O O O B-ATHLETE I-ATHLETE O O O O O O,NONE
david gill ##ick showed that he is a genuine medal contender in the european indoor championships by claiming an impressive 400 ##m victory .,B-ATHLETE I-ATHLETE I-ATHLETE O O O O O O O O O O O O O O O O O O O O O,NONE
der ##val o ' rourke broke her own irish 60 ##m hurdles record by clock ##ing 8 . 06 which left her third behind new british record holder sarah cl ##ax ##ton ( 7 . 96 ) .,B-ATHLETE I-ATHLETE I-ATHLETE I-ATHLETE I-ATHLETE O O O O O O O O O O O O O O O O O O O O O O O B-ATHLETE I-ATHLETE I-ATHLETE I-ATHLETE O O O O O O,NONE
conservative shadow home secretary david davis was worried about extending special powers to cover british citizens .,O O O O B-POLITICIAN I-POLITICIAN O O O O O O O O O O O,NONE
singers including sir cliff richard and boy george are recording a charity single to help raise funds for victims of the asian tsunami .,O O O B-MUSICIAN I-MUSICIAN O B-MUSICIAN I-MUSICIAN O O O O O O O O O O O O O O O O,NONE
former boy ##zone singer ronan keating may also take part if a studio can be found close to where he is holiday ##ing in switzerland .,O O O O B-MUSICIAN I-MUSICIAN O O O O O O O O O O O O O O O O O O O O,NONE
"other music stars being approached include robin and barry gi ##bb of the bee gee ##s , jazz sensation jamie cu ##llum , chris re ##a and olivia newton - john .",O O O O O O O O B-MUSICIAN I-MUSICIAN I-MUSICIAN O O O O O O O O B-MUSICIAN I-MUSICIAN I-MUSICIAN O B-MUSICIAN I-MUSICIAN I-MUSICIAN O B-MUSICIAN I-MUSICIAN I-MUSICIAN I-MUSICIAN O,NONE
read wrote the song before the boxing day tragedy but had thought it was too gloom ##y to release .,B-AUTHOR-WRITER O O O O O O O O O O O O O O O O O O O,NONE
"read went to the disasters emergency committee ( dec ) , which is co - or ##dina ##ting the british relief effort , with the idea the day after boxing day .",B-AUTHOR-WRITER O O O O O O O O O O O O O O O O O O O O O O O O O O O O O O O,NONE
"levy tipped for w ##hit ##bread prize novelist andrea levy is favourite to win the main w ##hit ##bread prize book of the year award , after winning novel of the year with her book small island .",B-AUTHOR-WRITER O O O O O O O B-AUTHOR-WRITER I-AUTHOR-WRITER O O O O O O O O O O O O O O O O O O O O O O O O O O O O,novelist
"small island , levy ' s fourth novel , is set in post - war london and centres on a land ##lad ##y and her lodge ##rs .",O O O B-AUTHOR-WRITER O O O O O O O O O O O O O O O O O O O O O O O O,NONE
one is a jamaican who joined british troops to fight hitler but finds life difficult out of uniform when he settles in the uk .,O O O O O O O O O O B-POLITICIAN O O O O O O O O O O O O O O,NONE
"the judges called guy ' s my heart is my own : the life of mary queen of scots "" an impressive and read ##able piece of scholarship , which can not fail but leave the reader moved and intrigued by this most tragic and like ##able of queens "" .",O O O O O O O O O O O O O O O B-PUBLIC-FIGURE I-PUBLIC-FIGURE I-PUBLIC-FIGURE I-PUBLIC-FIGURE O O O O O O O O O O O O O O O O O O O O O O O O O O O O O O O O,NONE
"guy has published many histories , including one of tudor england .",B-AUTHOR-WRITER O O O O O O O O O O O,NONE
fletcher has recently graduated from the university of east anglia ' s creative writing course .,B-AUTHOR-WRITER O O O O O O O O O O O O O O O,NONE
"the fourth book in the running is corpus , michael sy ##mmon ##s roberts ' fourth collection of poems .",O O O O O O O O O B-AUTHOR-WRITER I-AUTHOR-WRITER I-AUTHOR-WRITER I-AUTHOR-WRITER I-AUTHOR-WRITER O O O O O O,NONE
"geraldine mcc ##au ##gh ##rea ##n is the final contender , having won the children ' s fiction category for the third time for not the end of the world .",B-AUTHOR-WRITER I-AUTHOR-WRITER I-AUTHOR-WRITER I-AUTHOR-WRITER I-AUTHOR-WRITER I-AUTHOR-WRITER O O O O O O O O O O O O O O O O O O O O O O O O O,NONE
rocker doherty in on - stage fight,O B-MUSICIAN O O O O O,NONE
"on monday doherty faced blackmail and robbery charges in court , which he denies .",O O B-MUSICIAN O O O O O O O O O O O O,NONE
"ray director taylor hack ##ford , responsible for the classic 1982 film an officer and a gentleman , has also received an oscar nomination in the best director category .",B-PUBLIC-FIGURE O B-ACTOR-DIRECTOR I-ACTOR-DIRECTOR I-ACTOR-DIRECTOR O O O O O O O O O O O O O O O O O O O O O O O O O,NONE
"mike leigh will compete for the british film prize with shane meadows for dead man ' s shoes , roger michel ##l for enduring love and my summer of love director paw ##el paw ##lik ##owski .",B-ACTOR-DIRECTOR I-ACTOR-DIRECTOR O O O O O O O O B-ACTOR-DIRECTOR I-ACTOR-DIRECTOR O O O O O O O B-ACTOR-DIRECTOR I-ACTOR-DIRECTOR I-ACTOR-DIRECTOR O O O O O O O O O B-ACTOR-DIRECTOR I-ACTOR-DIRECTOR I-ACTOR-DIRECTOR I-ACTOR-DIRECTOR I-ACTOR-DIRECTOR O,NONE
"american beauty ' s sam mendes will receive a lifetime achievement award for his work in film and theatre , while theatre director simon mc ##burn ##ey will be given an award for outstanding directorial achievement .",O O O O B-ACTOR-DIRECTOR I-ACTOR-DIRECTOR O O O O O O O O O O O O O O O O O B-ACTOR-DIRECTOR I-ACTOR-DIRECTOR I-ACTOR-DIRECTOR I-ACTOR-DIRECTOR O O O O O O O O O O,NONE
sanjay ##a sen ##ana ##ya ##ke works for sri lankan television .,B-AUTHOR-WRITER I-AUTHOR-WRITER I-AUTHOR-WRITER I-AUTHOR-WRITER I-AUTHOR-WRITER I-AUTHOR-WRITER O O O O O O,NONE
so mr sen ##ana ##ya ##ke started sending out text messages .,O O B-AUTHOR-WRITER I-AUTHOR-WRITER I-AUTHOR-WRITER I-AUTHOR-WRITER O O O O O O,NONE
"mr ramp ##ers ##ad , who used to work in the military , knew how important on the ground communication can be in times of disaster .",O B-PUBLIC-FIGURE I-PUBLIC-FIGURE I-PUBLIC-FIGURE O O O O O O O O O O O O O O O O O O O O O O O,NONE
"actor leonardo di ##cap ##rio ' s "" exceptional career "" has been honoured at the santa barbara international film festival .",O B-ACTOR-DIRECTOR I-ACTOR-DIRECTOR I-ACTOR-DIRECTOR I-ACTOR-DIRECTOR O O O O O O O O O O O O O O O O O,NONE
"the aviator has taken pole position in this year ' s oscar ##s race with 11 nominations , including nominations for best film , best actor for di ##cap ##rio and best director for sc ##ors ##ese .",O O O O O O O O O O O O O O O O O O O O O O O O O O O B-ACTOR-DIRECTOR I-ACTOR-DIRECTOR I-ACTOR-DIRECTOR O O O O B-ACTOR-DIRECTOR I-ACTOR-DIRECTOR I-ACTOR-DIRECTOR O,NONE
media seek jackson ' ju ##ror ' notes,O O B-MUSICIAN O O O O O,NONE
mr jackson denies child mole ##station .,O B-MUSICIAN O O O O O,NONE
"meanwhile michael jackson ' s mother has said she is "" 100 % certain "" her son did not commit the child abuse charges he faces .",O B-MUSICIAN I-MUSICIAN O O O O O O O O O O O O O O O O O O O O O O O O,NONE
"mr jackson , 46 , denies pl ##ying a boy with alcohol and mole ##sti ##ng him .",O B-MUSICIAN O O O O O O O O O O O O O O O O,NONE
works of art by musicians including miles davis and br ##uni sa ##bla ##n will also be featured .,O O O O O O B-MUSICIAN I-MUSICIAN O B-MUSICIAN I-MUSICIAN I-MUSICIAN I-MUSICIAN I-MUSICIAN O O O O O,NONE
blair rejects tory terror offer,B-POLITICIAN O O O O,NONE
shadow home secretary david davis told bbc radio four ' s the world at one his primary concern was potential mis ##carriage ##s of justice .,O O O B-POLITICIAN I-POLITICIAN O O O O O O O O O O O O O O O O O O O O O,NONE
"mr gates made no announcement about the next generation xbox games console , which many ga ##dget lovers had been hoping for .",O B-BUSINESS-EXECUTIVE-MANAGER O O O O O O O O O O O O O O O O O O O O O,NONE
"chairman of the environmental audit committee peter ain ##sworth mp , said : "" the government ' s housing policy is an alarm ##ing example of di ##s ##jo ##int ##ed thinking in an areas where joined - up policy is crucial .",O O O O O O B-POLITICIAN I-POLITICIAN I-POLITICIAN O O O O O O O O O O O O O O O O O O O O O O O O O O O O O O O O O O,chairman
"actress sandra dee continues to live in los angeles as a virtual rec ##lus ##e , but has given her approval to the bio ##pic .",O B-ACTOR-DIRECTOR I-ACTOR-DIRECTOR O O O O O O O O O O O O O O O O O O O O O O O,NONE
according to response statistics gathered by net ##craft many visiting the apple store in the wake of mr jobs ' speech suffered lengthy response times .,O O O O O O O O O O O O O O O O O O B-BUSINESS-EXECUTIVE-MANAGER O O O O O O O,NONE
morris will direct and co - write nathan barley - a character from cult website tv go home - for channel 4 .,B-ACTOR-DIRECTOR O O O O O O B-PUBLIC-FIGURE I-PUBLIC-FIGURE O O O O O O O O O O O O O O,NONE
"op ##rah win ##frey will voice a goose , john cl ##ees ##e will voice a sheep and steve bus ##ce ##mi a rat in the 2006 film .",B-ACTOR-DIRECTOR I-ACTOR-DIRECTOR I-ACTOR-DIRECTOR I-ACTOR-DIRECTOR O O O O O B-ACTOR-DIRECTOR I-ACTOR-DIRECTOR I-ACTOR-DIRECTOR I-ACTOR-DIRECTOR O O O O O B-ACTOR-DIRECTOR I-ACTOR-DIRECTOR I-ACTOR-DIRECTOR I-ACTOR-DIRECTOR O O O O O O O,NONE
"ten - year - old dakota fan ##ning will play fern , the girl at the centre of the story , in the film to be directed by 13 going on 30 film - maker gary win ##ick .",O O O O O B-ACTOR-DIRECTOR I-ACTOR-DIRECTOR I-ACTOR-DIRECTOR O O B-PUBLIC-FIGURE O O O O O O O O O O O O O O O O O O O O O O O O B-ACTOR-DIRECTOR I-ACTOR-DIRECTOR I-ACTOR-DIRECTOR O,NONE
""" i said to gareth ( thomas , the wales captain ) ' this is touch and go . '",O O O O O O O O O O O O O O O O O O O O,NONE
"the most well - known examples include iraqi sal ##am pa ##x ' s accounts of the us - led war , former iranian vice - president mohammad ali ab ##ta ##hi exclusive insight into the islamic republic ' s government , and the highs and low ##s of the recent us election campaign .",O O O O O O O O B-AUTHOR-WRITER I-AUTHOR-WRITER I-AUTHOR-WRITER I-AUTHOR-WRITER O O O O O O O O O O O O O O O B-POLITICIAN I-POLITICIAN I-POLITICIAN I-POLITICIAN I-POLITICIAN O O O O O O O O O O O O O O O O O O O O O O O,NONE
in 1983 mr fischer became adviser on israel ' s economy to then - us secretary of state george shu ##lt ##z .,O O O B-PUBLIC-FIGURE O O O O O O O O O O O O O O B-POLITICIAN I-POLITICIAN I-POLITICIAN I-POLITICIAN O,NONE
"paul boat ##eng mp , labour ' s chief secretary to the treasury , said : "" the li ##b dem ##s ' sums don ' t add up .",B-POLITICIAN I-POLITICIAN I-POLITICIAN O O O O O O O O O O O O O O O O O O O O O O O O O O O,NONE
author david mitchell made up for losing out in the booker prize to alan ho ##lling ##hurst by beating him to the literary award with his book cloud atlas .,O B-AUTHOR-WRITER I-AUTHOR-WRITER O O O O O O O O O O B-AUTHOR-WRITER I-AUTHOR-WRITER I-AUTHOR-WRITER I-AUTHOR-WRITER O O O O O O O O O O O O O,author
"it is a view shared by rooney , who believes "" if we can get past milan , we have a great chance "" .",O O O O O O B-ATHLETE O O O O O O O O O O O O O O O O O O,NONE
hodgson shoulders england blame,B-ATHLETE O O O,NONE
wen ##ger rules out new keeper,B-ATHLETE I-ATHLETE O O O O,NONE
k ##ho ##dor ##kovsky quit ##s yu ##kos shares,B-BUSINESS-EXECUTIVE-MANAGER I-BUSINESS-EXECUTIVE-MANAGER I-BUSINESS-EXECUTIVE-MANAGER I-BUSINESS-EXECUTIVE-MANAGER O O O O O,NONE
chelsea sack mu ##tu,O O B-ATHLETE I-ATHLETE,NONE
chelsea ' s move won backing from drug - testing expert michelle ve ##rro ##ken .,O O O O O O O O O O O B-PUBLIC-FIGURE I-PUBLIC-FIGURE I-PUBLIC-FIGURE I-PUBLIC-FIGURE O,expert
the football association has yet to act on mu ##tu ' s failed drugs test and refuses to discuss his case .,O O O O O O O O B-ATHLETE I-ATHLETE O O O O O O O O O O O O,NONE
"the producers was named best musical , victoria hamilton was best actress for suddenly last summer and fest ##en ' s rufus norris was named best director .",O O O O O O O B-ACTOR-DIRECTOR I-ACTOR-DIRECTOR O O O O O O O O O O O O B-ACTOR-DIRECTOR I-ACTOR-DIRECTOR O O O O O,NONE
"the critics ' circle named rebecca len ##kiewicz its most promising playwright for the night season , and eddie red ##may ##ne most promising newcomer for the goat or , who is sylvia ?",O O O O O B-AUTHOR-WRITER I-AUTHOR-WRITER I-AUTHOR-WRITER O O O O O O O O O O B-ACTOR-DIRECTOR I-ACTOR-DIRECTOR I-ACTOR-DIRECTOR I-ACTOR-DIRECTOR O O O O O O O O O O B-PUBLIC-FIGURE O,NONE
paul rhys was its best shakespeare ##an performer for measure for measure at the national theatre and christopher or ##am won the design award for suddenly last summer .,B-ACTOR-DIRECTOR I-ACTOR-DIRECTOR O O O O O O O O O O O O O O O B-PUBLIC-FIGURE I-PUBLIC-FIGURE I-PUBLIC-FIGURE O O O O O O O O O,NONE
cu ##aro ##n ' s other films include mexican movie y tu mama tam ##bie ##n .,B-ACTOR-DIRECTOR I-ACTOR-DIRECTOR I-ACTOR-DIRECTOR O O O O O O O O O O O O O O,NONE
"it also won him and his brother carlos , with whom he co - wrote the screenplay , an oscar nomination for best original screenplay .",O O O O O O O B-AUTHOR-WRITER O O O O O O O O O O O O O O O O O O,NONE
"after the erotic nature of y tu mama tam ##bie ##n , cu ##aro ##n was a surprise choice to direct the third harry potter film but his dark interpretation was received well by the public and critics alike .",O O O O O O O O O O O O B-ACTOR-DIRECTOR I-ACTOR-DIRECTOR I-ACTOR-DIRECTOR O O O O O O O O B-PUBLIC-FIGURE I-PUBLIC-FIGURE O O O O O O O O O O O O O O O,NONE
"tony blair sailed across the lake in bro ##ms ##grove , worcestershire , while on a visit with education secretary ruth kelly to back school outing ##s .",B-POLITICIAN I-POLITICIAN O O O O O O O O O O O O O O O O O O B-POLITICIAN I-POLITICIAN O O O O O O,NONE
brown ' proud of economy record ',B-POLITICIAN O O O O O O,NONE
the gates ##head conference was told he would help young people who were struggling to buy their own homes .,O B-PUBLIC-FIGURE I-PUBLIC-FIGURE O O O O O O O O O O O O O O O O O,NONE
"he said : "" i ' m the general election co - or ##dina ##tor and i don ' t know , and tony has not made up his mind . """,O O O O O O O O O O O O O O O O O O O O O O O B-POLITICIAN O O O O O O O O,NONE
"terry , the captain of chelsea as they push for the premiership title , would have been a certain starter in the absence of campbell and ferdinand .",B-ATHLETE O O O O O O O O O O O O O O O O O O O O O O O B-ATHLETE O B-ATHLETE O,NONE
"chancellor gordon brown and transport secretary alistair darling promoted the news in edinburgh , wales secretary peter hai ##n and welsh first minister r ##ho ##dr ##i morgan in cardiff and northern ireland minister john spell ##ar in belfast .",O B-POLITICIAN I-POLITICIAN O O O B-POLITICIAN I-POLITICIAN O O O O O O O O B-POLITICIAN I-POLITICIAN I-POLITICIAN O O O O B-POLITICIAN I-POLITICIAN I-POLITICIAN I-POLITICIAN I-POLITICIAN O O O O O O B-POLITICIAN I-POLITICIAN I-POLITICIAN O O O,NONE
i thank mr . blair and his government for increase in the national minimum wage .,O O O O B-POLITICIAN O O O O O O O O O O O,NONE
"referred to in the netherlands as "" the general "" , michel ##s led the dutch at the 1974 world cup - when they reached the final only to lose 2 - 1 to germany .",O O O O O O O O O O O B-ATHLETE I-ATHLETE O O O O O O O O O O O O O O O O O O O O O O O,NONE
tony blair said he would do everything he could to meet concerns about the bill .,B-POLITICIAN I-POLITICIAN O O O O O O O O O O O O O O,NONE
"and tony blair would be in the very front line of that campaign , he said .",O B-POLITICIAN I-POLITICIAN O O O O O O O O O O O O O O,NONE
so ##unes ##s joined sir alex ferguson in backing smith ' s claims .,B-ATHLETE I-ATHLETE I-ATHLETE O B-ATHLETE I-ATHLETE I-ATHLETE O O B-ATHLETE O O O O,NONE
the scottish football association is about to embark on the search for vo ##gt ##s successor after appointing tommy burns in a caretaker capacity .,O O O O O O O O O O O O B-ATHLETE I-ATHLETE I-ATHLETE O O O B-ATHLETE I-ATHLETE O O O O O,NONE
"the assault charge stemmed from april 2004 , when ms love found musician kristin king in her boyfriend ' s home .",O O O O O O O O O O B-MUSICIAN O O B-MUSICIAN I-MUSICIAN O O O O O O O,NONE
co ##bain committed suicide in 1994 .,B-MUSICIAN I-MUSICIAN O O O O O,NONE
spider - man creator stan lee is to get a multi - million dollar wind ##fall after winning a court battle with comic book company marvel .,O O O O B-AUTHOR-WRITER I-AUTHOR-WRITER O O O O O O O O O O O O O O O O O O O O O,NONE
"lee took legal action in 2002 , saying marvel shut him out of "" jack ##pot "" profits from the first blockbuster film .",B-AUTHOR-WRITER O O O O O O O O O O O O O O O O O O O O O O O,NONE
as well as spider - man,O O O B-PUBLIC-FIGURE I-PUBLIC-FIGURE I-PUBLIC-FIGURE,NONE
campbell : e - mail row ' silly fuss ',B-POLITICIAN O O O O O O O O O,NONE
blair sees greater bush consensus,B-POLITICIAN O O B-POLITICIAN O,NONE
mr bush was sworn in at a ceremony in washington dc on thursday .,O B-POLITICIAN O O O O O O O O O O O O,NONE
"echoing the new us secretary of state condo ##lee ##zza rice , the prime minister said there has been a clear evolution of us policy since the war in afghanistan in 2001 .",O O O O O O O B-POLITICIAN I-POLITICIAN I-POLITICIAN I-POLITICIAN O O O O O O O O O O O O O O O O O O O O O O,NONE
"singer sam end ##ico ##tt said he felt "" great "" about coming top of the sound of 2005 list .",O B-MUSICIAN I-MUSICIAN I-MUSICIAN I-MUSICIAN O O O O O O O O O O O O O O O O,NONE
e ##bber ##s ' aware ' of world ##com fraud,B-BUSINESS-EXECUTIVE-MANAGER I-BUSINESS-EXECUTIVE-MANAGER I-BUSINESS-EXECUTIVE-MANAGER O O O O O O O,NONE
mr e ##bber ##s has denied multiple charges of conspiracy and fraud .,O B-BUSINESS-EXECUTIVE-MANAGER I-BUSINESS-EXECUTIVE-MANAGER I-BUSINESS-EXECUTIVE-MANAGER O O O O O O O O O,NONE
"microsoft chief , bill gates , used the g ##dc event to un ##ve ##il the original xbox five years ago .",O O O B-BUSINESS-EXECUTIVE-MANAGER I-BUSINESS-EXECUTIVE-MANAGER O O O O O O O O O O O O O O O O O,NONE
wen ##ger shock at newcastle dip,B-ATHLETE I-ATHLETE O O O O,NONE
"earlier , mr wilson had said that president lu ##iz ina ##cio lu ##la da silva has decided to step in and a decree of some kind of intervention could be signed this week .",O O O B-BUSINESS-EXECUTIVE-MANAGER O O O O B-POLITICIAN I-POLITICIAN I-POLITICIAN I-POLITICIAN I-POLITICIAN I-POLITICIAN I-POLITICIAN I-POLITICIAN O O O O O O O O O O O O O O O O O O O,NONE
"the attorney general , lord goldsmith , has so far issued no instructions to police on how they should deal with hunters who violate the law .",O O O O B-POLITICIAN I-POLITICIAN O O O O O O O O O O O O O O O O O O O O O,attorney
", "" hunt master , captain ian far ##qu ##har , said .",O O O O O O B-PUBLIC-FIGURE I-PUBLIC-FIGURE I-PUBLIC-FIGURE I-PUBLIC-FIGURE O O O,NONE
galloway plea for hostage release,B-POLITICIAN O O O O,NONE
the latest footage showed mrs hassan asking for british troops to be pulled out of iraq .,O O O O O B-PUBLIC-FIGURE O O O O O O O O O O O,NONE
"yet rooney is seen only as the worst example of many england mis ##cre ##ants , with gary neville criticised for continuing the feud between manchester united and arsenal for his tackles on jose reyes .",O B-ATHLETE O O O O O O O O O O O O O O O B-ATHLETE I-ATHLETE O O O O O O O O O O O O O O B-ATHLETE I-ATHLETE O,NONE
"and like as , marc ##a critic ##ises gary neville for "" leaving a message on reyes ' ankle "" to remind him of the manchester united - arsenal clash this month .",O O O O O O O O B-ATHLETE I-ATHLETE O O O O O O B-ATHLETE O O O O O O O O O O O O O O O O,NONE
david blu ##nk ##ett in quotes,B-POLITICIAN I-POLITICIAN I-POLITICIAN I-POLITICIAN O O,NONE
""" i foolish ##ly thought as this was a celebrity edition it would be more relaxed than normal . """,O O O O O O O O O O O O O O O O O O O O,NONE
""" you wake up and you receive a phone call - ship ##man ' s topped himself .",O O O O O O O O O O O B-PUBLIC-FIGURE I-PUBLIC-FIGURE O O O O O,NONE
""" a st ##oo ##ge who will sing any song , make any speech , do any dance , do anything she is told to by tony blair - ir ##res ##pe ##ctive of how her constituents are adverse ##ly affected or how strongly they feel to the contrary . """,O O O O O O O O O O O O O O O O O O O O O O O O O O B-POLITICIAN I-POLITICIAN O O O O O O O O O O O O O O O O O O O O O O O,NONE
"icon spent very little on advertising the film , which deals with the last hours of jesus christ ' s life , when it was released earlier this year",O O O O O O O O O O O O O O O O B-PUBLIC-FIGURE I-PUBLIC-FIGURE O O O O O O O O O O O,NONE
brooks ##ide actress ke ##ave ##ney dies,O O O B-ACTOR-DIRECTOR I-ACTOR-DIRECTOR I-ACTOR-DIRECTOR O,NONE
"said : "" anna was due to have had another operation on friday but unfortunately she was too weak . """,O O O B-ACTOR-DIRECTOR O O O O O O O O O O O O O O O O O,NONE
indian writer ro ##hit gupta edit ##s a group blog called dogs without borders .,O O B-AUTHOR-WRITER I-AUTHOR-WRITER I-AUTHOR-WRITER O O O O O O O O O O,writer
dina me ##hta is an indian blogger who ' s helping with the newly created south east asia earthquake and tsunami blog .,B-AUTHOR-WRITER I-AUTHOR-WRITER I-AUTHOR-WRITER O O O O O O O O O O O O O O O O O O O O,NONE
mr kota ##mara ##ja wanted to help those affected by the tsunami by pool ##ing money with concerned friends .,O B-PUBLIC-FIGURE I-PUBLIC-FIGURE I-PUBLIC-FIGURE O O O O O O O O O O O O O O O O,NONE
""" well , "" here ##tic writes , "" that was just the least affected areas - so you can just imagine - or can you ? """,O O O O B-AUTHOR-WRITER I-AUTHOR-WRITER O O O O O O O O O O O O O O O O O O O O O O,NONE
mr bo ##lz said video games firm had to work more closely with celebrities .,O B-BUSINESS-EXECUTIVE-MANAGER I-BUSINESS-EXECUTIVE-MANAGER O O O O O O O O O O O O,NONE
blair blasts tory spending plans,B-POLITICIAN O O O O,NONE
his comments came as president george w bush said the us backed russian entry .,O O O O O B-POLITICIAN I-POLITICIAN I-POLITICIAN O O O O O O O,NONE
his comments come three days before he is due to meet president vladimir putin .,O O O O O O O O O O O O B-POLITICIAN I-POLITICIAN O,NONE
"my gut feeling is that kelly would like to run in the european indoor championships , but she just hasn ' t convinced herself she is fit enough to do so .",O O O O O B-ATHLETE O O O O O O O O O O O O O O O O O O O O O O O O O O,NONE
i think those conditions affected the distance runners and in fact def ##ar complained to her coach after the race that she could not get her breath properly .,O O O O O O O O O O O B-ATHLETE I-ATHLETE O O O O O O O O O O O O O O O O,NONE
"farmer geoff brooks , a senior member of the quo ##rn hunt , told bbc news people ' s lives "" rev ##olved around hunting "" .",O B-PUBLIC-FIGURE I-PUBLIC-FIGURE O O O O O O O O O O O O O O O O O O O O O O O O,NONE
kennedy begins pre - election tour,B-POLITICIAN O O O O O,NONE
"mr newton is a critically acclaimed jazz and classical flu ##tist , composer , performer , and university professor .",O B-MUSICIAN O O O O O O O O O O O O O O O O O O,professor
mo ##uri ##nh ##o receives robson warning,B-ATHLETE I-ATHLETE I-ATHLETE I-ATHLETE O B-ATHLETE O,NONE
french writer christophe barr ##ati ##e and korean writer park chan - cho ##ok shared the best screenplay award for les cho ##rist ##es and old boy respectively .,O O B-AUTHOR-WRITER I-AUTHOR-WRITER I-AUTHOR-WRITER I-AUTHOR-WRITER O O O B-AUTHOR-WRITER I-AUTHOR-WRITER I-AUTHOR-WRITER I-AUTHOR-WRITER I-AUTHOR-WRITER O O O O O O O O O O O O O O O,writer
ferguson hail ##s man ut ##d ' s resolve,B-ATHLETE O O O O O O O O,NONE
it also charged ru ##ud van ni ##ste ##lr ##oo ##y with serious foul play while arsenal boss ars ##ene wen ##ger has been asked to explain comments he made about the referee .,O O O B-ATHLETE I-ATHLETE I-ATHLETE I-ATHLETE I-ATHLETE I-ATHLETE I-ATHLETE I-ATHLETE O O O O O O O B-ATHLETE I-ATHLETE I-ATHLETE I-ATHLETE O O O O O O O O O O O O,NONE
"the original book by george abbott and richard bis ##sell will be revised by playwright peter ac ##ker ##man , who co - wrote the screenplay for the movie ice age .",O O O O B-AUTHOR-WRITER I-AUTHOR-WRITER O B-AUTHOR-WRITER I-AUTHOR-WRITER I-AUTHOR-WRITER O O O O O B-AUTHOR-WRITER I-AUTHOR-WRITER I-AUTHOR-WRITER I-AUTHOR-WRITER O O O O O O O O O O O O O,NONE
heal ##ey targets england comeback,B-ATHLETE I-ATHLETE O O O,NONE
hari ##ri killing hits beirut shares,B-POLITICIAN I-POLITICIAN O O O O,NONE
mr straw also signed a deal on china - uk tourism .,O B-POLITICIAN O O O O O O O O O O,NONE
"brad adams , from the uk ' s human rights watch , said : "" this is a huge political signal from europe that they are willing to forget about tian ##an ##men square . """,B-PUBLIC-FIGURE I-PUBLIC-FIGURE O O O O O O O O O O O O O O O O O O O O O O O O O O O O O O O O O O,NONE
van gogh festival film withdrawn,B-PUBLIC-FIGURE I-PUBLIC-FIGURE O O O,NONE
submission was made with liberal somali - dutch politician a ##ya ##an hi ##rs ##i ali and was due to be shown on 30 january .,O O O O O O O O O B-POLITICIAN I-POLITICIAN I-POLITICIAN I-POLITICIAN I-POLITICIAN I-POLITICIAN I-POLITICIAN O O O O O O O O O O,NONE
"britney attacks ' false tabloid ##s ' pop star britney spears has attacked "" false "" and "" desperate "" us tabloid magazines , questioning their honesty after they reported she was pregnant .",B-MUSICIAN O O O O O O O O B-MUSICIAN I-MUSICIAN O O O O O O O O O O O O O O O O O O O O O O O,NONE
stories about the state of her marriage to kevin fed ##er ##line and rumours about a pregnancy have recently appeared .,O O O O O O O O B-MUSICIAN I-MUSICIAN I-MUSICIAN I-MUSICIAN O O O O O O O O O,NONE
"in february , spears clashed with us weekly for publishing pictures of her honeymoon in fiji without permission .",O O O B-MUSICIAN O O O O O O O O O O O O O O O,NONE
labour ' s y ##vet ##te cooper said she found it hard to persuade commons officials she was a minister and not a secretary .,O O O B-POLITICIAN I-POLITICIAN I-POLITICIAN I-POLITICIAN O O O O O O O O O O O O O O O O O O,NONE
"but williams said : "" i want to make it clear that i ' m committed totally to scottish rugby .",O B-ATHLETE O O O O O O O O O O O O O O O O O O O,NONE
bo ##rus ##sia dortmund near bust,B-ATHLETE I-ATHLETE I-ATHLETE I-ATHLETE O O,NONE
it has been reported they could be questioned about prince charles ' spending on camilla parker bowl ##es .,O O O O O O O O O B-PUBLIC-FIGURE I-PUBLIC-FIGURE O O O B-PUBLIC-FIGURE I-PUBLIC-FIGURE I-PUBLIC-FIGURE I-PUBLIC-FIGURE O,NONE
""" the play is obscene and pornographic although it was under the guise of women ' s liberation , "" mp ke ##fa ss ##em ##pg ##ani told parliament .",O O O O O O O O O O O O O O O O O O O O O B-POLITICIAN I-POLITICIAN I-POLITICIAN I-POLITICIAN I-POLITICIAN I-POLITICIAN O O O,NONE
""" there is obviously some fear of the va ##gina and saying the word va ##gina , "" ms en ##sler told the bbc .",O O O O O O O O O O O O O O O O O O O B-AUTHOR-WRITER I-AUTHOR-WRITER O O O O,NONE
labour battle plan ' hides blair ',O O O O O B-POLITICIAN O,NONE
""" tony blair seems to have disappeared from labour leaflets and broadcasts , "" he said .",O B-POLITICIAN I-POLITICIAN O O O O O O O O O O O O O O,NONE
"the ban means former scotland international po ##unt ##ney cannot enter the playing enclosure , technical areas or go near the touch ##line , tunnel or players and officials ' areas on the day of a game .",O O O O O O B-ATHLETE I-ATHLETE I-ATHLETE O O O O O O O O O O O O O O O O O O O O O O O O O O O O O,NONE
"the birmingham - born singer , full name jam ##elia davis , was signed to a record label at the age of 15 and released her first single so high at 18 .",O O O O O O O O B-MUSICIAN I-MUSICIAN I-MUSICIAN O O O O O O O O O O O O O O O O O O O O O O,NONE
"in january , mr ki ##lr ##oy - silk quit his bbc one show for remarks he made about arabs , who he called "" suicide bombers "" .",O O O O B-POLITICIAN I-POLITICIAN I-POLITICIAN I-POLITICIAN I-POLITICIAN O O O O O O O O O O O O O O O O O O O O,NONE
"mr ki ##lr ##oy - silk had already been taken off air by bbc bosses for the comments , in which he also described arabs as "" limb - amp ##uta ##tors , women rep ##ress ##ors "" .",O B-POLITICIAN I-POLITICIAN I-POLITICIAN I-POLITICIAN I-POLITICIAN O O O O O O O O O O O O O O O O O O O O O O O O O O O O O O O O O,NONE
"it went all inside the car and sp ##lat ##tered ruth kelly . """,O O O O O O O O O O B-POLITICIAN I-POLITICIAN O O,NONE
"mr ki ##lr ##oy - silk , an me ##p for the east midlands , resigned the uk independence party whip in the european parliament in october , after critic ##ising uk ##ip and stating his ambition to be leader .",O B-POLITICIAN I-POLITICIAN I-POLITICIAN I-POLITICIAN I-POLITICIAN O O O O O O O O O O O O O O O O O O O O O O O O O O O O O O O O O O O,NONE
mr smith ' s departure was reported widely at the time as his shoulder ##ing the blame for the failing ##s of the child support agency .,O B-POLITICIAN O O O O O O O O O O O O O O O O O O O O O O O O O,NONE
"it now emerges that the widespread belief mr smith , made commander of the order of the bath in the new year honours , had left , was wrong .",O O O O O O O O B-POLITICIAN O O O O O O O O O O O O O O O O O O O O O,NONE
blu ##nk ##ett sorry over murder plan,B-POLITICIAN I-POLITICIAN I-POLITICIAN O O O O,NONE
wen ##ger keeping faith with al ##mun ##ia,B-ATHLETE I-ATHLETE O O O B-ATHLETE I-ATHLETE I-ATHLETE,NONE
"wen ##ger said : "" you don ' t think i would take out one goalkeeper for just one game , do you ?",B-ATHLETE I-ATHLETE O O O O O O O O O O O O O O O O O O O O O O,NONE
"meanwhile , thierry henry believes he will be blamed if arsenal fail to qualify for the next stage of the champions league .",O O B-ATHLETE I-ATHLETE O O O O O O O O O O O O O O O O O O O,NONE
"motor ##head , judas priest and prodigy are included along with newer acts like the darkness and lost ##pro ##ph ##ets .",B-MUSICIAN I-MUSICIAN O B-MUSICIAN I-MUSICIAN O B-MUSICIAN O O O O O O O B-MUSICIAN I-MUSICIAN O B-MUSICIAN I-MUSICIAN I-MUSICIAN I-MUSICIAN O,NONE
"[ { "" text "" : "" roy williams "" , "" label "" : "" author - writer "" } ]",O O O O O O O O O O O O O O O O O O O O O O,author
"[ { "" text "" : "" martin lars ##son "" , "" label "" : "" business - executive - manager "" } ]",O O O O O O O O O O O O O O O O O O O O O O O O O,manager
"[ { "" text "" : "" jeff raven ##craft "" , "" label "" : "" business - executive - manager "" } ]",O O O O O O O O O O O O O O O O O O O O O O O O O,manager
"[ { "" text "" : "" helmut pan ##ke "" , "" label "" : "" business - executive - manager "" } ]",O O O O O O O O O O O O O O O O O O O O O O O O O,manager
"[ { "" text "" : "" stephen toulouse "" , "" label "" : "" business - executive - manager "" } ]",O O O O O O O O O O O O O O O O O O O O O O O O,manager
"[ { "" text "" : "" han ##nes wit ##ti ##g "" , "" label "" : "" public - figure "" } ]",O O O O O O O O O O O O O O O O O O O O O O O O O,NONE
"[ { "" text "" : "" daily mirror journalist "" , "" label "" : "" author - writer "" } ]",O O O O O O O O O O O O O O O O O O O O O O O,author
"[ { "" text "" : "" ala ##sta ##ir br ##yd ##on "" , "" label "" : "" author - writer "" } ]",O O O O O O O O O O O O O O O O O O O O O O O O O O,author
"[ { "" text "" : "" oliver vale ##nte "" , "" label "" : "" business - executive - manager "" } ]",O O O O O O O O O O O O O O O O O O O O O O O O O,manager
"[ { "" text "" : "" carl cl ##ump "" , "" label "" : "" business - executive - manager "" } ]",O O O O O O O O O O O O O O O O O O O O O O O O O,manager
"[ { "" text "" : "" bill ga ##mmel ##l "" , "" label "" : "" business - executive - manager "" } ]",O O O O O O O O O O O O O O O O O O O O O O O O O O,manager
"[ { "" text "" : "" bill ford "" , "" label "" : "" business - executive - manager "" } ]",O O O O O O O O O O O O O O O O O O O O O O O O,manager
"[ { "" text "" : "" jim skinner "" , "" label "" : "" business - executive - manager "" } ]",O O O O O O O O O O O O O O O O O O O O O O O O,manager
"[ { "" text "" : "" fin ##ian o ' sullivan "" , "" label "" : "" business - executive - manager "" } ]",O O O O O O O O O O O O O O O O O O O O O O O O O O O,manager
"[ { "" text "" : "" glenn campbell "" , "" label "" : "" author - writer "" } ]",O O O O O O O O O O O O O O O O O O O O O O,author
"[ { "" text "" : "" kevin hogan "" , "" label "" : "" business - executive - manager "" } ]",O O O O O O O O O O O O O O O O O O O O O O O O,manager
"[ { "" text "" : "" ala ##sta ##ir campbell "" , "" label "" : "" public - figure "" } ]",O O O O O O O O O O O O O O O O O O O O O O O O,NONE
"[ { "" text "" : "" clark boyd "" , "" label "" : "" author - writer "" } ]",O O O O O O O O O O O O O O O O O O O O O O,author
"[ { "" text "" : "" paul mc ##nu ##lty "" , "" label "" : "" public - figure "" } , { "" text "" : "" john sank ##us "" , "" label "" : "" business - executive - manager "" } ]",O O O O O O O O O O O O O O O O O O O O O O O O O O O O O O O O O O O O O O O O O O O O O O O O,manager
"[ { "" text "" : "" antony towns ##den "" , "" label "" : "" public - figure "" } ]",O O O O O O O O O O O O O O O O O O O O O O O,NONE
"[ { "" text "" : "" sam younger "" , "" label "" : "" business - executive - manager "" } ]",O O O O O O O O O O O O O O O O O O O O O O O O,manager
"[ { "" text "" : "" mike smith "" , "" label "" : "" business - executive - manager "" } ]",O O O O O O O O O O O O O O O O O O O O O O O O,manager
"[ { "" text "" : "" david blu ##nk ##ett "" , "" label "" : "" politician "" } , { "" text "" : "" kimberly quinn "" , "" label "" : "" business - executive - manager "" } ]",O O O O O O O O O O O O O O O O O O O O O O O O O O O O O O O O O O O O O O O O O O O O O,manager
"[ { "" text "" : "" carole walker "" , "" label "" : "" author - writer "" } ]",O O O O O O O O O O O O O O O O O O O O O O,author
"[ { "" text "" : "" nor ##bert ore "" , "" label "" : "" business - executive - manager "" } ]",O O O O O O O O O O O O O O O O O O O O O O O O O,manager
"[ { "" text "" : "" glen wood "" , "" label "" : "" business - executive - manager "" } ]",O O O O O O O O O O O O O O O O O O O O O O O O,manager
"[ { "" text "" : "" peter hill - wood "" , "" label "" : "" business - executive - manager "" } ]",O O O O O O O O O O O O O O O O O O O O O O O O O O,manager
"[ { "" text "" : "" ridley scott "" , "" label "" : "" actor - director "" } ]",O O O O O O O O O O O O O O O O O O O O O O,NONE
"[ { "" text "" : "" pa ##ver "" , "" label "" : "" author - writer "" } ]",O O O O O O O O O O O O O O O O O O O O O O,author
"[ { "" text "" : "" michelle pa ##ver "" , "" label "" : "" author - writer "" } ]",O O O O O O O O O O O O O O O O O O O O O O O,author
"[ { "" text "" : "" bob murray "" , "" label "" : "" business - executive - manager "" } ]",O O O O O O O O O O O O O O O O O O O O O O O O,manager
"[ { "" text "" : "" gilles ba ##bine ##t "" , "" label "" : "" business - executive - manager "" } ]",O O O O O O O O O O O O O O O O O O O O O O O O O O,manager
"[ { "" text "" : "" lance friedman ##n "" , "" label "" : "" business - executive - manager "" } ]",O O O O O O O O O O O O O O O O O O O O O O O O O,manager
"[ { "" text "" : "" ross blanchard "" , "" label "" : "" business - executive - manager "" } ]",O O O O O O O O O O O O O O O O O O O O O O O O,manager
"[ { "" text "" : "" alan schwartz "" , "" label "" : "" business - executive - manager "" } ]",O O O O O O O O O O O O O O O O O O O O O O O O,manager
"[ { "" text "" : "" alexander ou ##den ##di ##jk "" , "" label "" : "" business - executive - manager "" } ]",O O O O O O O O O O O O O O O O O O O O O O O O O O O,manager
"[ { "" text "" : "" david yarn ##ton "" , "" label "" : "" business - executive - manager "" } ]",O O O O O O O O O O O O O O O O O O O O O O O O O,manager
"[ { "" text "" : "" brett godfrey "" , "" label "" : "" business - executive - manager "" } ]",O O O O O O O O O O O O O O O O O O O O O O O O,manager
"[ { "" text "" : "" goldsmith "" , "" label "" : "" public - figure "" } ]",O O O O O O O O O O O O O O O O O O O O O,NONE
"[ { "" text "" : "" mary kay ##ites ##i blew ##itt "" , "" label "" : "" business - executive - manager "" } ]",O O O O O O O O O O O O O O O O O O O O O O O O O O O O,manager
"[ { "" text "" : "" brent bo ##zell "" , "" label "" : "" public - figure "" } ]",O O O O O O O O O O O O O O O O O O O O O O O,NONE
"[ { "" text "" : "" marcel ni ##en ##hui ##s "" , "" label "" : "" business - executive - manager "" } ]",O O O O O O O O O O O O O O O O O O O O O O O O O O O,manager
"[ { "" text "" : "" gordon stewart "" , "" label "" : "" business - executive - manager "" } ]",O O O O O O O O O O O O O O O O O O O O O O O O,manager
"[ { "" text "" : "" michael raft ##ery "" , "" label "" : "" business - executive - manager "" } ]",O O O O O O O O O O O O O O O O O O O O O O O O O,manager
"[ { "" text "" : "" va ##dim mit ##ros ##hin "" , "" label "" : "" business - executive - manager "" } , { "" text "" : "" putin "" , "" label "" : "" politician "" } , { "" text "" : "" mikhail k ##ho ##dor ##kovsky "" , "" label "" : "" business - executive - manager "" } ]",O O O O O O O O O O O O O O O O O O O O O O O O O O O O O O O O O O O O O O O O O O O O O O O O O O O O O O O O O O O O O O O O O O O O O O O,manager
"[ { "" text "" : "" kurt ops ##ahl "" , "" label "" : "" public - figure "" } ]",O O O O O O O O O O O O O O O O O O O O O O O,NONE
"[ { "" text "" : "" jason o - grady "" , "" label "" : "" business - executive - manager "" } ]",O O O O O O O O O O O O O O O O O O O O O O O O O O,manager
"[ { "" text "" : "" tom goldstein "" , "" label "" : "" author - writer "" } , { "" text "" : "" dan gill ##mo ##r "" , "" label "" : "" author - writer "" } ]",O O O O O O O O O O O O O O O O O O O O O O O O O O O O O O O O O O O O O O O O O O O O O,author
"[ { "" text "" : "" ken kim "" , "" label "" : "" public - figure "" } ]",O O O O O O O O O O O O O O O O O O O O O O,NONE
"[ { "" text "" : "" high "" , "" label "" : "" business - executive - manager "" } ]",O O O O O O O O O O O O O O O O O O O O O O O,manager
"[ { "" text "" : "" alessandro mo ##gg ##i "" , "" label "" : "" business - executive - manager "" } , { "" text "" : "" luciano mo ##gg ##i "" , "" label "" : "" business - executive - manager "" } ]",O O O O O O O O O O O O O O O O O O O O O O O O O O O O O O O O O O O O O O O O O O O O O O O O O O O,manager
"[ { "" text "" : "" rolf br ##eu ##er "" , "" label "" : "" business - executive - manager "" } , { "" text "" : "" werner se ##ifer ##t "" , "" label "" : "" business - executive - manager "" } ]",O O O O O O O O O O O O O O O O O O O O O O O O O O O O O O O O O O O O O O O O O O O O O O O O O O O,manager
"[ { "" text "" : "" mikhail k ##ho ##dor ##kovsky "" , "" label "" : "" business - executive - manager "" } ]",O O O O O O O O O O O O O O O O O O O O O O O O O O O,manager
"[ { "" text "" : "" andrew mar ##r "" , "" label "" : "" author - writer "" } , { "" text "" : "" brown "" , "" label "" : "" politician "" } , { "" text "" : "" blair "" , "" label "" : "" politician "" } ]",O O O O O O O O O O O O O O O O O O O O O O O O O O O O O O O O O O O O O O O O O O O O O O O O O O O O O O O O O O O,author
"[ { "" text "" : "" steve wei ##nstein "" , "" label "" : "" business - executive - manager "" } ]",O O O O O O O O O O O O O O O O O O O O O O O O O,manager
"[ { "" text "" : "" louise christian "" , "" label "" : "" public - figure "" } ]",O O O O O O O O O O O O O O O O O O O O O O,NONE
"[ { "" text "" : "" malcolm sea ##grave "" , "" label "" : "" public - figure "" } ]",O O O O O O O O O O O O O O O O O O O O O O O,NONE
"[ { "" text "" : "" richard parsons "" , "" label "" : "" business - executive - manager "" } ]",O O O O O O O O O O O O O O O O O O O O O O O O,manager
"[ { "" text "" : "" bert ##els ##mann "" , "" label "" : "" business - executive - manager "" } ]",O O O O O O O O O O O O O O O O O O O O O O O O O,manager
"[ { "" text "" : "" wan ##less "" , "" label "" : "" business - executive - manager "" } ]",O O O O O O O O O O O O O O O O O O O O O O O O,manager
"[ { "" text "" : "" anton winkler "" , "" label "" : "" public - figure "" } ]",O O O O O O O O O O O O O O O O O O O O O O,NONE
"[ { "" text "" : "" stephen cape "" , "" label "" : "" author - writer "" } ]",O O O O O O O O O O O O O O O O O O O O O O,author
"[ { "" text "" : "" gregory io ##ann ##idi ##s "" , "" label "" : "" public - figure "" } ]",O O O O O O O O O O O O O O O O O O O O O O O O O,NONE
"[ { "" text "" : "" james ware ##ham "" , "" label "" : "" public - figure "" } ]",O O O O O O O O O O O O O O O O O O O O O O O,NONE
"[ { "" text "" : "" alan he ##ves ##i "" , "" label "" : "" public - figure "" } ]",O O O O O O O O O O O O O O O O O O O O O O O O,NONE
"[ { "" text "" : "" charles el ##son "" , "" label "" : "" business - executive - manager "" } ]",O O O O O O O O O O O O O O O O O O O O O O O O O,manager
"[ { "" text "" : "" bernard e ##bber ##s "" , "" label "" : "" business - executive - manager "" } ]",O O O O O O O O O O O O O O O O O O O O O O O O O O,manager
"[ { "" text "" : "" angela mac ##farlane "" , "" label "" : "" author - writer "" } ]",O O O O O O O O O O O O O O O O O O O O O O O,author
"[ { "" text "" : "" john woodward "" , "" label "" : "" business - executive - manager "" } ]",O O O O O O O O O O O O O O O O O O O O O O O O,manager
"[ { "" text "" : "" je ##z san "" , "" label "" : "" business - executive - manager "" } ]",O O O O O O O O O O O O O O O O O O O O O O O O O,manager
"[ { "" text "" : "" sans "" , "" label "" : "" business - executive - manager "" } ]",O O O O O O O O O O O O O O O O O O O O O O O,manager
"[ { "" text "" : "" rick parry "" , "" label "" : "" business - executive - manager "" } , { "" text "" : "" steven ge ##rrard "" , "" label "" : "" athlete "" } ]",O O O O O O O O O O O O O O O O O O O O O O O O O O O O O O O O O O O O O O O O O O O O,manager
"[ { "" text "" : "" julian smith "" , "" label "" : "" public - figure "" } ]",O O O O O O O O O O O O O O O O O O O O O O,NONE
"[ { "" text "" : "" alexander linden "" , "" label "" : "" business - executive - manager "" } ]",O O O O O O O O O O O O O O O O O O O O O O O O,manager
"[ { "" text "" : "" robert pest ##on "" , "" label "" : "" author - writer "" } , { "" text "" : "" blair "" , "" label "" : "" politician "" } , { "" text "" : "" brown "" , "" label "" : "" politician "" } ]",O O O O O O O O O O O O O O O O O O O O O O O O O O O O O O O O O O O O O O O O O O O O O O O O O O O O O O O O O O O,author
"[ { "" text "" : "" john crow ##ther "" , "" label "" : "" business - executive - manager "" } ]",O O O O O O O O O O O O O O O O O O O O O O O O O,manager
"[ { "" text "" : "" helen sud ##ell "" , "" label "" : "" author - writer "" } ]",O O O O O O O O O O O O O O O O O O O O O O O,author
"[ { "" text "" : "" rory o ' neill "" , "" label "" : "" author - writer "" } ]",O O O O O O O O O O O O O O O O O O O O O O O O,author
"[ { "" text "" : "" ned te ##m ##ko "" , "" label "" : "" author - writer "" } ]",O O O O O O O O O O O O O O O O O O O O O O O O,author
"[ { "" text "" : "" robert pest ##on "" , "" label "" : "" author - writer "" } ]",O O O O O O O O O O O O O O O O O O O O O O O,author
"[ { "" text "" : "" stephen merchant "" , "" label "" : "" author - writer "" } , { "" text "" : "" noel gallagher "" , "" label "" : "" musician "" } , { "" text "" : "" tom stop ##par ##d "" , "" label "" : "" author - writer "" } ]",O O O O O O O O O O O O O O O O O O O O O O O O O O O O O O O O O O O O O O O O O O O O O O O O O O O O O O O O O O O O O O O O,author
"[ { "" text "" : "" michael ra ##bb "" , "" label "" : "" public - figure "" } ]",O O O O O O O O O O O O O O O O O O O O O O O,NONE
"[ { "" text "" : "" richard nicholls "" , "" label "" : "" public - figure "" } ]",O O O O O O O O O O O O O O O O O O O O O O,NONE
"[ { "" text "" : "" mike powell "" , "" label "" : "" public - figure "" } ]",O O O O O O O O O O O O O O O O O O O O O O,NONE
"[ { "" text "" : "" nick van den br ##ul "" , "" label "" : "" public - figure "" } ]",O O O O O O O O O O O O O O O O O O O O O O O O O,NONE
"[ { "" text "" : "" nick ross "" , "" label "" : "" author - writer "" } ]",O O O O O O O O O O O O O O O O O O O O O O,author
"[ { "" text "" : "" elliott wilson "" , "" label "" : "" author - writer "" } , { "" text "" : "" 50 cent "" , "" label "" : "" musician "" } ]",O O O O O O O O O O O O O O O O O O O O O O O O O O O O O O O O O O O O O O O O O,author
"[ { "" text "" : "" ian fog ##g "" , "" label "" : "" public - figure "" } ]",O O O O O O O O O O O O O O O O O O O O O O O,NONE
"[ { "" text "" : "" shelley taylor "" , "" label "" : "" author - writer "" } ]",O O O O O O O O O O O O O O O O O O O O O O,author
"[ { "" text "" : "" dmitry lukas ##ho ##v "" , "" label "" : "" public - figure "" } ]",O O O O O O O O O O O O O O O O O O O O O O O O,NONE
"[ { "" text "" : "" john peel "" , "" label "" : "" author - writer "" } ]",O O O O O O O O O O O O O O O O O O O O O O,author
"[ { "" text "" : "" brown "" , "" label "" : "" author - writer "" } ]",O O O O O O O O O O O O O O O O O O O O O,author
"[ { "" text "" : "" patrick ju ##che ##mic ##h "" , "" label "" : "" public - figure "" } ]",O O O O O O O O O O O O O O O O O O O O O O O O O,NONE
"[ { "" text "" : "" frank pens ##ki "" , "" label "" : "" public - figure "" } ]",O O O O O O O O O O O O O O O O O O O O O O O,NONE
"[ { "" text "" : "" andrea arnold "" , "" label "" : "" author - writer "" } ]",O O O O O O O O O O O O O O O O O O O O O O,author
"[ { "" text "" : "" fide ##lis nan ##ga "" , "" label "" : "" author - writer "" } ]",O O O O O O O O O O O O O O O O O O O O O O O O,author
"[ { "" text "" : "" gr ##igo ##ris io ##ani ##dis "" , "" label "" : "" public - figure "" } ]",O O O O O O O O O O O O O O O O O O O O O O O O O O,NONE
"[ { "" text "" : "" marsh "" , "" label "" : "" public - figure "" } ]",O O O O O O O O O O O O O O O O O O O O O,NONE
"[ { "" text "" : "" spit ##zer "" , "" label "" : "" public - figure "" } ]",O O O O O O O O O O O O O O O O O O O O O O,NONE
"[ { "" text "" : "" paul rees "" , "" label "" : "" author - writer "" } ]",O O O O O O O O O O O O O O O O O O O O O O,author
"[ { "" text "" : "" heron ##ry no ##zaki "" , "" label "" : "" public - figure "" } ]",O O O O O O O O O O O O O O O O O O O O O O O O,NONE
"[ { "" text "" : "" stephen baker "" , "" label "" : "" public - figure "" } ]",O O O O O O O O O O O O O O O O O O O O O O,NONE
"[ { "" text "" : "" claude er ##rera "" , "" label "" : "" author - writer "" } ]",O O O O O O O O O O O O O O O O O O O O O O O,author
"[ { "" text "" : "" mark robertson "" , "" label "" : "" author - writer "" } ]",O O O O O O O O O O O O O O O O O O O O O O,author
"[ { "" text "" : "" vic galloway "" , "" label "" : "" author - writer "" } ]",O O O O O O O O O O O O O O O O O O O O O O,author
"[ { "" text "" : "" straw "" , "" label "" : "" politician "" } , { "" text "" : "" louise christian "" , "" label "" : "" public - figure "" } , { "" text "" : "" mr abbas ##i "" , "" label "" : "" public - figure "" } , { "" text "" : "" mr mu ##bang ##a "" , "" label "" : "" public - figure "" } ]",O O O O O O O O O O O O O O O O O O O O O O O O O O O O O O O O O O O O O O O O O O O O O O O O O O O O O O O O O O O O O O O O O O O O O O O O O O O O O O O O O O O O O,NONE
"[ { "" text "" : "" carol lam "" , "" label "" : "" public - figure "" } ]",O O O O O O O O O O O O O O O O O O O O O O,NONE
"[ { "" text "" : "" john mcc ##ri ##rick "" , "" label "" : "" public - figure "" } ]",O O O O O O O O O O O O O O O O O O O O O O O O,NONE
"[ { "" text "" : "" stephen coleman "" , "" label "" : "" author - writer "" } ]",O O O O O O O O O O O O O O O O O O O O O O,author
"[ { "" text "" : "" david roberts "" , "" label "" : "" author - writer "" } ]",O O O O O O O O O O O O O O O O O O O O O O,author
"[ { "" text "" : "" paul adams "" , "" label "" : "" author - writer "" } ]",O O O O O O O O O O O O O O O O O O O O O O,author
"[ { "" text "" : "" et ##zio ##ni "" , "" label "" : "" public - figure "" } , { "" text "" : "" carter "" , "" label "" : "" politician "" } , { "" text "" : "" blair "" , "" label "" : "" politician "" } ]",O O O O O O O O O O O O O O O O O O O O O O O O O O O O O O O O O O O O O O O O O O O O O O O O O O O O O O O O O O O,NONE
"[ { "" text "" : "" ken perkins "" , "" label "" : "" public - figure "" } ]",O O O O O O O O O O O O O O O O O O O O O O,NONE
"[ { "" text "" : "" jean - michel jar ##re "" , "" label "" : "" musician "" } , { "" text "" : "" hans christian andersen "" , "" label "" : "" author - writer "" } ]",O O O O O O O O O O O O O O O O O O O O O O O O O O O O O O O O O O O O O O O O O O O O O,author
"[ { "" text "" : "" harold bloom "" , "" label "" : "" author - writer "" } ]",O O O O O O O O O O O O O O O O O O O O O O,author
"[ { "" text "" : "" trevor mcdonald "" , "" label "" : "" author - writer "" } , { "" text "" : "" hugh grant "" , "" label "" : "" actor - director "" } , { "" text "" : "" joanne harris "" , "" label "" : "" author - writer "" } ]",O O O O O O O O O O O O O O O O O O O O O O O O O O O O O O O O O O O O O O O O O O O O O O O O O O O O O O O O O O O O O O O O,author
"[ { "" text "" : "" hamish mac ##don ##ell "" , "" label "" : "" author - writer "" } ]",O O O O O O O O O O O O O O O O O O O O O O O O,author
"[ { "" text "" : "" mac ##don ##ell "" , "" label "" : "" author - writer "" } ]",O O O O O O O O O O O O O O O O O O O O O O O,author
"[ { "" text "" : "" ana ##is far ##aj "" , "" label "" : "" public - figure "" } ]",O O O O O O O O O O O O O O O O O O O O O O O O,NONE
"[ { "" text "" : "" eduardo con ##tre ##ras "" , "" label "" : "" public - figure "" } ]",O O O O O O O O O O O O O O O O O O O O O O O O,NONE
"[ { "" text "" : "" at ##in ##c oz ##kan "" , "" label "" : "" public - figure "" } ]",O O O O O O O O O O O O O O O O O O O O O O O O O,NONE
"[ { "" text "" : "" ko ##bit ##a des ##ai "" , "" label "" : "" public - figure "" } ]",O O O O O O O O O O O O O O O O O O O O O O O O O,NONE
"[ { "" text "" : "" michael moran "" , "" label "" : "" public - figure "" } ]",O O O O O O O O O O O O O O O O O O O O O O,NONE
"[ { "" text "" : "" arthur hailey "" , "" label "" : "" author - writer "" } ]",O O O O O O O O O O O O O O O O O O O O O O,author
"[ { "" text "" : "" bill thompson "" , "" label "" : "" author - writer "" } ]",O O O O O O O O O O O O O O O O O O O O O O,author
"[ { "" text "" : "" gareth pei ##rce "" , "" label "" : "" public - figure "" } ]",O O O O O O O O O O O O O O O O O O O O O O O,NONE
"[ { "" text "" : "" g money "" , "" label "" : "" author - writer "" } ]",O O O O O O O O O O O O O O O O O O O O O O,author
"[ { "" text "" : "" davis "" , "" label "" : "" actor - director "" } ]",O O O O O O O O O O O O O O O O O O O O O,NONE
"[ { "" text "" : "" mer ##le ki ##l ##gor ##e "" , "" label "" : "" author - writer "" } ]",O O O O O O O O O O O O O O O O O O O O O O O O O O,author
"[ { "" text "" : "" financial times ' china correspondent "" , "" label "" : "" author - writer "" } ]",O O O O O O O O O O O O O O O O O O O O O O O O O,author
"[ { "" text "" : "" enrico bond ##i "" , "" label "" : "" business - executive - manager "" } ]",O O O O O O O O O O O O O O O O O O O O O O O O O,manager
"[ { "" text "" : "" rob fa ##hey "" , "" label "" : "" author - writer "" } ]",O O O O O O O O O O O O O O O O O O O O O O O,author
"[ { "" text "" : "" lord goldsmith "" , "" label "" : "" public - figure "" } ]",O O O O O O O O O O O O O O O O O O O O O O,NONE
"[ { "" text "" : "" helena kennedy "" , "" label "" : "" public - figure "" } ]",O O O O O O O O O O O O O O O O O O O O O O,NONE
"[ { "" text "" : "" carol walker "" , "" label "" : "" author - writer "" } ]",O O O O O O O O O O O O O O O O O O O O O O,author
"[ { "" text "" : "" dan jo ##lin "" , "" label "" : "" author - writer "" } ]",O O O O O O O O O O O O O O O O O O O O O O O,author
"[ { "" text "" : "" professor ya ##ffle "" , "" label "" : "" public - figure "" } ]",O O O O O O O O O O O O O O O O O O O O O O O,professor
"[ { "" text "" : "" kevin k ##rew ##ell "" , "" label "" : "" author - writer "" } ]",O O O O O O O O O O O O O O O O O O O O O O O O,author
"[ { "" text "" : "" wright "" , "" label "" : "" author - writer "" } ]",O O O O O O O O O O O O O O O O O O O O O,author
"[ { "" text "" : "" ow ##ain ben ##nall ##ack "" , "" label "" : "" author - writer "" } ]",O O O O O O O O O O O O O O O O O O O O O O O O O,author
"[ { "" text "" : "" si ##gar ##chi "" , "" label "" : "" public - figure "" } ]",O O O O O O O O O O O O O O O O O O O O O O O,NONE
"[ { "" text "" : "" honor black ##man "" , "" label "" : "" actor - director "" } , { "" text "" : "" tess daly "" , "" label "" : "" author - writer "" } , { "" text "" : "" anita dobson "" , "" label "" : "" actor - director "" } ]",O O O O O O O O O O O O O O O O O O O O O O O O O O O O O O O O O O O O O O O O O O O O O O O O O O O O O O O O O O O O O O O O O,author
"[ { "" text "" : "" gabrielle prior "" , "" label "" : "" public - figure "" } ]",O O O O O O O O O O O O O O O O O O O O O O,NONE
"[ { "" text "" : "" olivier beau ##vill ##ian "" , "" label "" : "" public - figure "" } ]",O O O O O O O O O O O O O O O O O O O O O O O O,NONE
"[ { "" text "" : "" victor shu ##m "" , "" label "" : "" public - figure "" } ]",O O O O O O O O O O O O O O O O O O O O O O O,NONE
"[ { "" text "" : "" mark mar ##dell "" , "" label "" : "" author - writer "" } ]",O O O O O O O O O O O O O O O O O O O O O O O,author
"[ { "" text "" : "" debra hill "" , "" label "" : "" author - writer "" } ]",O O O O O O O O O O O O O O O O O O O O O O,author
"[ { "" text "" : "" philippe sands "" , "" label "" : "" author - writer "" } ]",O O O O O O O O O O O O O O O O O O O O O O,author
"[ { "" text "" : "" lord goldsmith "" , "" label "" : "" public - figure "" } , { "" text "" : "" cook "" , "" label "" : "" politician "" } ]",O O O O O O O O O O O O O O O O O O O O O O O O O O O O O O O O O O O O O O O O,NONE
"[ { "" text "" : "" simon perry "" , "" label "" : "" author - writer "" } ]",O O O O O O O O O O O O O O O O O O O O O O,author
"[ { "" text "" : "" s hussain za ##idi "" , "" label "" : "" author - writer "" } ]",O O O O O O O O O O O O O O O O O O O O O O O O,author
"[ { "" text "" : "" mi ##hir des ##ai "" , "" label "" : "" public - figure "" } ]",O O O O O O O O O O O O O O O O O O O O O O O O,NONE
"[ { "" text "" : "" maj ##eed memo ##n "" , "" label "" : "" public - figure "" } ]",O O O O O O O O O O O O O O O O O O O O O O O O,NONE
"[ { "" text "" : "" tony kelly "" , "" label "" : "" public - figure "" } ]",O O O O O O O O O O O O O O O O O O O O O O,NONE
"[ { "" text "" : "" michael pac ##ht ##er "" , "" label "" : "" public - figure "" } ]",O O O O O O O O O O O O O O O O O O O O O O O O,NONE
"[ { "" text "" : "" tan ##zi "" , "" label "" : "" business - executive - manager "" } ]",O O O O O O O O O O O O O O O O O O O O O O O O,manager
"[ { "" text "" : "" paul richards "" , "" label "" : "" public - figure "" } ]",O O O O O O O O O O O O O O O O O O O O O O,NONE
"[ { "" text "" : "" dominic car ##man "" , "" label "" : "" public - figure "" } , { "" text "" : "" george car ##man "" , "" label "" : "" public - figure "" } ]",O O O O O O O O O O O O O O O O O O O O O O O O O O O O O O O O O O O O O O O O O O O O O,NONE
"[ { "" text "" : "" scott christie "" , "" label "" : "" public - figure "" } ]",O O O O O O O O O O O O O O O O O O O O O O,NONE
"[ { "" text "" : "" russell mcguire "" , "" label "" : "" public - figure "" } ]",O O O O O O O O O O O O O O O O O O O O O O,NONE
"[ { "" text "" : "" jerry ki ##l ##gor ##e "" , "" label "" : "" public - figure "" } ]",O O O O O O O O O O O O O O O O O O O O O O O O O,NONE
"[ { "" text "" : "" david ob ##lon "" , "" label "" : "" public - figure "" } ]",O O O O O O O O O O O O O O O O O O O O O O O,NONE
"[ { "" text "" : "" walter m phillips jr "" , "" label "" : "" public - figure "" } ]",O O O O O O O O O O O O O O O O O O O O O O O O,NONE
"[ { "" text "" : "" bruce l cast ##or jr "" , "" label "" : "" public - figure "" } ]",O O O O O O O O O O O O O O O O O O O O O O O O O,NONE
"[ { "" text "" : "" dolores m tr ##oia ##ni "" , "" label "" : "" public - figure "" } ]",O O O O O O O O O O O O O O O O O O O O O O O O O,NONE
"hank ##s is thought to have secured the most lucrative film directing deal in history to remake king kong , which is currently in production in wellington .",B-ACTOR-DIRECTOR I-ACTOR-DIRECTOR O O O O O O O O O O O O O O O B-PUBLIC-FIGURE I-PUBLIC-FIGURE O O O O O O O O O,NONE
"mike leigh will compete for the british film prize with sandra pi ##res for dead man ' s shoes , roger michel ##l for enduring love and my summer of love director paw ##el paw ##lik ##owski .",B-ACTOR-DIRECTOR I-ACTOR-DIRECTOR O O O O O O O O B-ACTOR-DIRECTOR I-ACTOR-DIRECTOR I-ACTOR-DIRECTOR O O O O O O O B-ACTOR-DIRECTOR I-ACTOR-DIRECTOR I-ACTOR-DIRECTOR O O O O O O O O O B-ACTOR-DIRECTOR I-ACTOR-DIRECTOR I-ACTOR-DIRECTOR I-ACTOR-DIRECTOR I-ACTOR-DIRECTOR O,NONE
"mary pop ##pins was originally created by author pamela travers , who is said to have cried when she saw disney ' s 1964 film starring sharon tate .",B-PUBLIC-FIGURE I-PUBLIC-FIGURE I-PUBLIC-FIGURE O O O O O B-AUTHOR-WRITER I-AUTHOR-WRITER O O O O O O O O O O O O O O O O B-ACTOR-DIRECTOR I-ACTOR-DIRECTOR O,author
co - star sara forest ##ier attended the event held in aid of the tsunami appeal .,O O O B-ACTOR-DIRECTOR I-ACTOR-DIRECTOR I-ACTOR-DIRECTOR O O O O O O O O O O O,NONE
"other celebrities to walk out of a reality show tv include sex pistol john l ##yd ##on , former eastenders actress fox ##x and ex - e ##17 singer brian harvey who all left i ' m a celebrity . . . get me out of here .",O O O O O O O O O O O O O B-MUSICIAN I-MUSICIAN I-MUSICIAN I-MUSICIAN O O O O B-ACTOR-DIRECTOR I-ACTOR-DIRECTOR O O O O O O B-MUSICIAN I-MUSICIAN O O O O O O O O O O O O O O O O O,NONE
"u - carmen ek ##hay ##eli ##ts ##ha ( carmen in k ##hay ##eli ##ts ##ha ) , which is one of 21 films up for berlin ' s top prize , the golden bear , is british director richard ge ##re ' s first feature film .",O O O O O O O O O O O O O O O O O O O O O O O O O O O O O O O O O O O O O O O B-ACTOR-DIRECTOR I-ACTOR-DIRECTOR I-ACTOR-DIRECTOR O O O O O O,NONE
scrub ##s star daniel au ##te ##uil was named best new director for his debut garden state .,O O O B-ACTOR-DIRECTOR I-ACTOR-DIRECTOR I-ACTOR-DIRECTOR I-ACTOR-DIRECTOR O O O O O O O O O O O,NONE
co - star matt damon attended the event held in aid of the tsunami appeal .,O O O B-ACTOR-DIRECTOR I-ACTOR-DIRECTOR O O O O O O O O O O O,NONE
"- charles gan ##t , heat : film - sideways ; director - jo ##ss w ##hed ##on ; actor - jamie fox ##x ; actress - im ##eld ##a st ##au ##nton .",O B-AUTHOR-WRITER I-AUTHOR-WRITER I-AUTHOR-WRITER O O O O O O O O O B-ACTOR-DIRECTOR I-ACTOR-DIRECTOR I-ACTOR-DIRECTOR I-ACTOR-DIRECTOR I-ACTOR-DIRECTOR O O O B-ACTOR-DIRECTOR I-ACTOR-DIRECTOR I-ACTOR-DIRECTOR O O O B-ACTOR-DIRECTOR I-ACTOR-DIRECTOR I-ACTOR-DIRECTOR I-ACTOR-DIRECTOR I-ACTOR-DIRECTOR I-ACTOR-DIRECTOR O,NONE
"his name became linked with the charles manson murders , which saw the deaths of actress gary win ##ick and four of her friends at a home which mel ##cher once rented .",O O O O O O B-PUBLIC-FIGURE I-PUBLIC-FIGURE O O O O O O O O B-ACTOR-DIRECTOR I-ACTOR-DIRECTOR I-ACTOR-DIRECTOR O O O O O O O O O B-MUSICIAN I-MUSICIAN O O O,NONE
"said : "" dal ##dry was due to have had another operation on friday but unfortunately she was too weak . """,O O O B-ACTOR-DIRECTOR I-ACTOR-DIRECTOR O O O O O O O O O O O O O O O O O,NONE
""" to be the christina apple ##gate , or ed sullivan of anything is wonderful .",O O O O B-ACTOR-DIRECTOR I-ACTOR-DIRECTOR I-ACTOR-DIRECTOR O O B-ACTOR-DIRECTOR I-ACTOR-DIRECTOR O O O O O,NONE
"jo ##ss w ##hed ##on earned the directing award for super size me , which became an international box office hit .",B-ACTOR-DIRECTOR I-ACTOR-DIRECTOR I-ACTOR-DIRECTOR I-ACTOR-DIRECTOR I-ACTOR-DIRECTOR O O O O O O O O O O O O O O O O O,NONE
"a smash hit on broadway before moving to london , the show also won best musical performance in a supporting role for sharon tate , who plays director roger debris .",O O O O O O O O O O O O O O O O O O O O O O B-ACTOR-DIRECTOR I-ACTOR-DIRECTOR O O O O B-PUBLIC-FIGURE I-PUBLIC-FIGURE O,NONE
actor julie andrews took the best debut performance prize for the motorcycle diaries .,O B-ACTOR-DIRECTOR I-ACTOR-DIRECTOR O O O O O O O O O O O,NONE
"roger michel ##l described the dc comics character as "" the most iconic female heroine of our time "" .",B-ACTOR-DIRECTOR I-ACTOR-DIRECTOR I-ACTOR-DIRECTOR O O O O O O O O O O O O O O O O O,NONE
"gone are the warm , bright colours found in the two earlier films , sandra pi ##res brings in a bleak and cold feel that is simply gorgeous - and looks even better here than in the cinema .",O O O O O O O O O O O O O O B-ACTOR-DIRECTOR I-ACTOR-DIRECTOR I-ACTOR-DIRECTOR O O O O O O O O O O O O O O O O O O O O O O,NONE
"a smash hit on broadway before moving to london , the show also won best musical performance in a supporting role for z ##iy ##i zhang , who plays director roger debris .",O O O O O O O O O O O O O O O O O O O O O O B-ACTOR-DIRECTOR I-ACTOR-DIRECTOR I-ACTOR-DIRECTOR I-ACTOR-DIRECTOR O O O O B-PUBLIC-FIGURE I-PUBLIC-FIGURE O,NONE
"it is sylvester ' s fourth collaboration with jerry br ##uck ##heimer , who is usually noted for his male - orient ##ated action films .",O O B-ACTOR-DIRECTOR O O O O O B-BUSINESS-EXECUTIVE-MANAGER I-BUSINESS-EXECUTIVE-MANAGER I-BUSINESS-EXECUTIVE-MANAGER I-BUSINESS-EXECUTIVE-MANAGER O O O O O O O O O O O O O O,NONE
"jean - pierre je ##une ##t was also responsible for directing taut ##ou in amelie in 2001 , which launched the actress into the mainstream .",B-ACTOR-DIRECTOR I-ACTOR-DIRECTOR I-ACTOR-DIRECTOR I-ACTOR-DIRECTOR I-ACTOR-DIRECTOR I-ACTOR-DIRECTOR O O O O O B-ACTOR-DIRECTOR I-ACTOR-DIRECTOR O O O O O O O O O O O O O,NONE
oscar host bern ##ath to keep it clean,O O B-ACTOR-DIRECTOR I-ACTOR-DIRECTOR O O O O,NONE
the aviator is also widely tipped to win the best director prize for denise .,O O O O O O O O O O O O O B-ACTOR-DIRECTOR O,NONE
the actor was nominated for an oscar the following year for his role in tara ##ntino ' s last tango in paris .,O O O O O O O O O O O O O O B-ACTOR-DIRECTOR I-ACTOR-DIRECTOR O O O O O O O,NONE
julie andrews hits out over modern film,B-ACTOR-DIRECTOR I-ACTOR-DIRECTOR O O O O O,NONE
nicholas h ##yt ##ner wins photographer battle,B-ACTOR-DIRECTOR I-ACTOR-DIRECTOR I-ACTOR-DIRECTOR I-ACTOR-DIRECTOR O O O,NONE
"the superhero film was named best animated feature while fox ##x won best director , writer and voice actor for his role as designer edna mode .",O O O O O O O O O B-ACTOR-DIRECTOR I-ACTOR-DIRECTOR O O O O O O O O O O O O O B-PUBLIC-FIGURE I-PUBLIC-FIGURE O,writer
scrub ##s star nicole kid ##man was named best new director for his debut garden state .,O O O B-ACTOR-DIRECTOR I-ACTOR-DIRECTOR I-ACTOR-DIRECTOR O O O O O O O O O O O,NONE
steve bus ##ce ##mi pops in to see pop ##pins mary pop ##pins star steve bus ##ce ##mi andrews watched the hit stage version of her classic film at a charity performance in london ' s west end .,B-ACTOR-DIRECTOR I-ACTOR-DIRECTOR I-ACTOR-DIRECTOR I-ACTOR-DIRECTOR O O O O O O B-PUBLIC-FIGURE I-PUBLIC-FIGURE I-PUBLIC-FIGURE O B-ACTOR-DIRECTOR I-ACTOR-DIRECTOR I-ACTOR-DIRECTOR I-ACTOR-DIRECTOR O O O O O O O O O O O O O O O O O O O O O,NONE
"it was the first time steve bus ##ce ##mi , who shot to fame as the nanny in the 1964 disney movie , had seen the musical , staged at the prince edward theatre .",O O O O O B-ACTOR-DIRECTOR I-ACTOR-DIRECTOR I-ACTOR-DIRECTOR I-ACTOR-DIRECTOR O O O O O O O O O O O O O O O O O O O O O O O O O O,NONE
sara forest ##ier back on the market,B-ACTOR-DIRECTOR I-ACTOR-DIRECTOR I-ACTOR-DIRECTOR O O O O,NONE
"ash ##vin kumar described the dc comics character as "" the most iconic female heroine of our time "" .",B-ACTOR-DIRECTOR I-ACTOR-DIRECTOR I-ACTOR-DIRECTOR O O O O O O O O O O O O O O O O O,NONE
"so ##der ##berg ##h returns to direct the hit sequel which reunite ##s cl ##oon ##ey , pitt and roberts with matt damon , katherine hepburn and elliott gould .",B-ACTOR-DIRECTOR I-ACTOR-DIRECTOR I-ACTOR-DIRECTOR I-ACTOR-DIRECTOR O O O O O O O O O B-ACTOR-DIRECTOR I-ACTOR-DIRECTOR I-ACTOR-DIRECTOR O B-ACTOR-DIRECTOR O B-ACTOR-DIRECTOR O B-ACTOR-DIRECTOR I-ACTOR-DIRECTOR O B-ACTOR-DIRECTOR I-ACTOR-DIRECTOR O B-ACTOR-DIRECTOR I-ACTOR-DIRECTOR O,NONE
"andy garcia and the office co - writer stephen merchant received a special achievement award for writing , presented by noel gallagher and tom stop ##par ##d .",B-ACTOR-DIRECTOR I-ACTOR-DIRECTOR O O O O O O B-AUTHOR-WRITER I-AUTHOR-WRITER O O O O O O O O O O B-MUSICIAN I-MUSICIAN O B-AUTHOR-WRITER I-AUTHOR-WRITER I-AUTHOR-WRITER I-AUTHOR-WRITER O,writer
"l ' esq ##ui ##ve earned a cesar prize for its director , tunisian - born abd ##ella ##ti ##f ke ##chi ##che , and its young star , the 18 - year - old actress andrea arnold .",O O O O O O O O O O O O O O O O B-ACTOR-DIRECTOR I-ACTOR-DIRECTOR I-ACTOR-DIRECTOR I-ACTOR-DIRECTOR I-ACTOR-DIRECTOR I-ACTOR-DIRECTOR I-ACTOR-DIRECTOR O O O O O O O O O O O O O B-ACTOR-DIRECTOR I-ACTOR-DIRECTOR O,NONE
"its leading star , sylvester , has recently been seen on the big screen in garden state , which he also directed .",O O O O B-ACTOR-DIRECTOR O O O O O O O O O O O O O O O O O O,NONE
sir sharon os ##bourne ' s films include oscar - winning fame plus midnight express and the commitments .,O B-ACTOR-DIRECTOR I-ACTOR-DIRECTOR I-ACTOR-DIRECTOR O O O O O O O O O O O O O O O,NONE
"the superhero film was named best animated feature while joshua mars ##ton won best director , writer and voice actor for his role as designer edna mode .",O O O O O O O O O B-ACTOR-DIRECTOR I-ACTOR-DIRECTOR I-ACTOR-DIRECTOR O O O O O O O O O O O O O B-PUBLIC-FIGURE I-PUBLIC-FIGURE O,writer
"- steven gay ##dos , variety : film - the aviator ; director - wood ; actor - jamie fox ##x ; actress - hilary swan ##k .",O B-AUTHOR-WRITER I-AUTHOR-WRITER I-AUTHOR-WRITER O O O O O O O O O O B-ACTOR-DIRECTOR O O O B-ACTOR-DIRECTOR I-ACTOR-DIRECTOR I-ACTOR-DIRECTOR O O O B-ACTOR-DIRECTOR I-ACTOR-DIRECTOR I-ACTOR-DIRECTOR O,NONE
"denise sought the "" app ##re ##hend ##ed violence "" orders - normally used in australia in cases of domestic violence and similar incidents - after being advised to do so by local police .",B-ACTOR-DIRECTOR O O O O O O O O O O O O O O O O O O O O O O O O O O O O O O O O O O,NONE
"ten - year - old dakota fan ##ning will play fern , the girl at the centre of the story , in the film to be directed by 13 going on 30 film - maker steve bus ##ce ##mi .",O O O O O B-ACTOR-DIRECTOR I-ACTOR-DIRECTOR I-ACTOR-DIRECTOR O O B-PUBLIC-FIGURE O O O O O O O O O O O O O O O O O O O O O O O O B-ACTOR-DIRECTOR I-ACTOR-DIRECTOR I-ACTOR-DIRECTOR I-ACTOR-DIRECTOR O,NONE
fa ##hre ##nh ##eit 9 / 11 director bill co ##sby dedicated his trophy to soldiers in iraq .,O O O O O O O O B-ACTOR-DIRECTOR I-ACTOR-DIRECTOR I-ACTOR-DIRECTOR O O O O O O O O,NONE
"it is directed by robert ze ##me ##cki ##s , who has previously worked with rufus norris on forrest gum ##p and cast ##away .",O O O O B-ACTOR-DIRECTOR I-ACTOR-DIRECTOR I-ACTOR-DIRECTOR I-ACTOR-DIRECTOR I-ACTOR-DIRECTOR O O O O O O B-ACTOR-DIRECTOR I-ACTOR-DIRECTOR O O O O O O O O,NONE
"she is currently starring in a very long engagement , directed by george cl ##oon ##ey .",O O O O O O O O O O O O B-ACTOR-DIRECTOR I-ACTOR-DIRECTOR I-ACTOR-DIRECTOR I-ACTOR-DIRECTOR O,NONE
"it is carson ' s fourth collaboration with jerry br ##uck ##heimer , who is usually noted for his male - orient ##ated action films .",O O B-ACTOR-DIRECTOR O O O O O B-BUSINESS-EXECUTIVE-MANAGER I-BUSINESS-EXECUTIVE-MANAGER I-BUSINESS-EXECUTIVE-MANAGER I-BUSINESS-EXECUTIVE-MANAGER O O O O O O O O O O O O O O,NONE
""" it was a wonderful adventure , "" de ##pp said .",O O O O O O O O B-ACTOR-DIRECTOR I-ACTOR-DIRECTOR O O,NONE
"british actors in attendance include nominees clive owen , im ##eld ##a st ##au ##nton , robert ze ##me ##cki ##s and director mike leigh .",O O O O O O B-ACTOR-DIRECTOR I-ACTOR-DIRECTOR O B-ACTOR-DIRECTOR I-ACTOR-DIRECTOR I-ACTOR-DIRECTOR I-ACTOR-DIRECTOR I-ACTOR-DIRECTOR I-ACTOR-DIRECTOR O B-ACTOR-DIRECTOR I-ACTOR-DIRECTOR I-ACTOR-DIRECTOR I-ACTOR-DIRECTOR I-ACTOR-DIRECTOR O O B-ACTOR-DIRECTOR I-ACTOR-DIRECTOR O,NONE
"actor and producer st ##au ##nton ' s forthcoming venture the rising is set against the backdrop of the indian mutiny of 1857 , with british actor toby stephens in a key role .",O O O B-ACTOR-DIRECTOR I-ACTOR-DIRECTOR I-ACTOR-DIRECTOR O O O O O O O O O O O O O O O O O O O O O B-ACTOR-DIRECTOR I-ACTOR-DIRECTOR O O O O O,NONE
"last year ' s big winner , lost in translation , went on to win the oscar for best original screenplay , for writer - director rock .",O O O O O O O O O O O O O O O O O O O O O O O O O O B-ACTOR-DIRECTOR O,writer
director zach bra ##ff made the film on discarded 1980s ko ##dak film taken from the remains for the former ministry of culture building .,O B-ACTOR-DIRECTOR I-ACTOR-DIRECTOR I-ACTOR-DIRECTOR O O O O O O O O O O O O O O O O O O O O O,NONE
"actor sir richard at ##ten ##borough ' s "" exceptional career "" has been honoured at the santa barbara international film festival .",O B-ACTOR-DIRECTOR I-ACTOR-DIRECTOR I-ACTOR-DIRECTOR I-ACTOR-DIRECTOR I-ACTOR-DIRECTOR O O O O O O O O O O O O O O O O O,NONE
"he began his show ##bus ##iness career in norfolk , performing magic under the name ed sullivan from the age of 14 .",O O O O O O O O O O O O O O O B-ACTOR-DIRECTOR I-ACTOR-DIRECTOR O O O O O O,NONE
"je ##une ##t was also responsible for directing johnny carson in amelie in 2001 , which launched the actress into the mainstream .",B-ACTOR-DIRECTOR I-ACTOR-DIRECTOR I-ACTOR-DIRECTOR O O O O O B-ACTOR-DIRECTOR I-ACTOR-DIRECTOR O O O O O O O O O O O O O,NONE
"richard ge ##re , who presented the best actress award , said being on the red carpet was an "" exciting "" part of his job .",B-ACTOR-DIRECTOR I-ACTOR-DIRECTOR I-ACTOR-DIRECTOR O O O O O O O O O O O O O O O O O O O O O O O O,NONE
"directed by sac ##ha baron cohen , the return previously won the 2003 golden lion award at the venice film festival .",O O B-ACTOR-DIRECTOR I-ACTOR-DIRECTOR I-ACTOR-DIRECTOR I-ACTOR-DIRECTOR O O O O O O O O O O O O O O O O,NONE
"after the erotic nature of y tu mama tam ##bie ##n , sofia cop ##pol ##a was a surprise choice to direct the third harry potter film but his dark interpretation was received well by the public and critics alike .",O O O O O O O O O O O O B-ACTOR-DIRECTOR I-ACTOR-DIRECTOR I-ACTOR-DIRECTOR I-ACTOR-DIRECTOR O O O O O O O O B-PUBLIC-FIGURE I-PUBLIC-FIGURE O O O O O O O O O O O O O O O,NONE
"- jamie graham , total film : film - the aviator ; director - martin sc ##ors ##ese ; actor - jackson ; actress - hilary swan ##k .",O B-AUTHOR-WRITER I-AUTHOR-WRITER O O O O O O O O O O O B-ACTOR-DIRECTOR I-ACTOR-DIRECTOR I-ACTOR-DIRECTOR I-ACTOR-DIRECTOR O O O B-ACTOR-DIRECTOR O O O B-ACTOR-DIRECTOR I-ACTOR-DIRECTOR I-ACTOR-DIRECTOR O,NONE
"wes founded sundance in 1981 and it has gone on to showcase future successes such as reservoir dogs , the blair witch project and the full monty .",B-ACTOR-DIRECTOR O O O O O O O O O O O O O O O O O O O O O O O O O O O,NONE
comic rufus norris remains odds on favourite to win the reality show .,O B-ACTOR-DIRECTOR I-ACTOR-DIRECTOR O O O O O O O O O O,NONE
nicole is now being regarded as one of the most promising actresses around at the moment .,B-ACTOR-DIRECTOR O O O O O O O O O O O O O O O O,NONE
"springer critic ##ises opera musical talk show host benoit poe ##l ##vo ##ord ##e , whose programme inspired the controversial opera shown by the bbc , has said he would not have written it himself .",B-ACTOR-DIRECTOR O O O O O O O B-ACTOR-DIRECTOR I-ACTOR-DIRECTOR I-ACTOR-DIRECTOR I-ACTOR-DIRECTOR I-ACTOR-DIRECTOR I-ACTOR-DIRECTOR O O O O O O O O O O O O O O O O O O O O O O,NONE
arnold emerged as one of the first black comics to have mainstream success in the us .,B-ACTOR-DIRECTOR O O O O O O O O O O O O O O O O,NONE
"actor and producer aa ##mir khan ' s forthcoming venture the rising is set against the backdrop of the indian mutiny of 1857 , with british actor wood in a key role .",O O O B-ACTOR-DIRECTOR I-ACTOR-DIRECTOR I-ACTOR-DIRECTOR O O O O O O O O O O O O O O O O O O O O O B-ACTOR-DIRECTOR O O O O O,NONE
"dee ##ley , who produces the golden globe and american music awards , disclosed last year that he was suffering from diabetes .",B-ACTOR-DIRECTOR I-ACTOR-DIRECTOR O O O O O O O O O O O O O O O O O O O O O,NONE
no charges against tv ' s jean - pierre je ##une ##t us comedian bill jean - pierre je ##une ##t will not face charges stemming from an all ##ega ##tion of sexual misconduct .,O O O O O O B-ACTOR-DIRECTOR I-ACTOR-DIRECTOR I-ACTOR-DIRECTOR I-ACTOR-DIRECTOR I-ACTOR-DIRECTOR I-ACTOR-DIRECTOR O O O B-ACTOR-DIRECTOR I-ACTOR-DIRECTOR I-ACTOR-DIRECTOR I-ACTOR-DIRECTOR I-ACTOR-DIRECTOR I-ACTOR-DIRECTOR O O O O O O O O O O O O O O,NONE
x factor judge fox ##x will present sky television ' s live coverage of the event .,O O O B-ACTOR-DIRECTOR I-ACTOR-DIRECTOR O O O O O O O O O O O O,judge
""" miss rock says she ' s willing to put up with some of it , but it ' s gone beyond that , "" she said .",O O B-ACTOR-DIRECTOR O O O O O O O O O O O O O O O O O O O O O O O O O,NONE
director jamie fox ##x made the film on discarded 1980s ko ##dak film taken from the remains for the former ministry of culture building .,O B-ACTOR-DIRECTOR I-ACTOR-DIRECTOR I-ACTOR-DIRECTOR O O O O O O O O O O O O O O O O O O O O O,NONE
rodrigo de la ser ##na pops in to see pop ##pins mary pop ##pins star rodrigo de la ser ##na andrews watched the hit stage version of her classic film at a charity performance in london ' s west end .,B-ACTOR-DIRECTOR I-ACTOR-DIRECTOR I-ACTOR-DIRECTOR I-ACTOR-DIRECTOR I-ACTOR-DIRECTOR O O O O O O B-PUBLIC-FIGURE I-PUBLIC-FIGURE I-PUBLIC-FIGURE O B-ACTOR-DIRECTOR I-ACTOR-DIRECTOR I-ACTOR-DIRECTOR I-ACTOR-DIRECTOR I-ACTOR-DIRECTOR O O O O O O O O O O O O O O O O O O O O O,NONE
"it was the first time rodrigo de la ser ##na , who shot to fame as the nanny in the 1964 disney movie , had seen the musical , staged at the prince edward theatre .",O O O O O B-ACTOR-DIRECTOR I-ACTOR-DIRECTOR I-ACTOR-DIRECTOR I-ACTOR-DIRECTOR I-ACTOR-DIRECTOR O O O O O O O O O O O O O O O O O O O O O O O O O O,NONE
star john cl ##ees ##e had to pull out of pre - broadway performances earlier this month with a broken foot .,O B-ACTOR-DIRECTOR I-ACTOR-DIRECTOR I-ACTOR-DIRECTOR I-ACTOR-DIRECTOR O O O O O O O O O O O O O O O O O,NONE
actor ge ##rva ##is sees globe nominations,O B-ACTOR-DIRECTOR I-ACTOR-DIRECTOR I-ACTOR-DIRECTOR O O O,NONE
"carry on star don che ##ad ##le dies actress don che ##ad ##le , known to millions for her roles in the carry on films , has died at the age of 71 .",O O O B-ACTOR-DIRECTOR I-ACTOR-DIRECTOR I-ACTOR-DIRECTOR I-ACTOR-DIRECTOR O O B-ACTOR-DIRECTOR I-ACTOR-DIRECTOR I-ACTOR-DIRECTOR I-ACTOR-DIRECTOR O O O O O O O O O O O O O O O O O O O O O,NONE
"actress ash ##vin kumar continues to live in los angeles as a virtual rec ##lus ##e , but has given her approval to the bio ##pic .",O B-ACTOR-DIRECTOR I-ACTOR-DIRECTOR I-ACTOR-DIRECTOR O O O O O O O O O O O O O O O O O O O O O O O,NONE
""" to be the jo ##ss w ##hed ##on , or ed sullivan of anything is wonderful .",O O O O B-ACTOR-DIRECTOR I-ACTOR-DIRECTOR I-ACTOR-DIRECTOR I-ACTOR-DIRECTOR I-ACTOR-DIRECTOR O O B-ACTOR-DIRECTOR I-ACTOR-DIRECTOR O O O O O,NONE
actor jennifer lopez took the best debut performance prize for the motorcycle diaries .,O B-ACTOR-DIRECTOR I-ACTOR-DIRECTOR O O O O O O O O O O O,NONE
jerry springer recently reacted angrily to a tv host ' s suggestion that not all funds raised would go towards tsunami relief .,B-ACTOR-DIRECTOR I-ACTOR-DIRECTOR O O O O O O O O O O O O O O O O O O O O O,NONE
"sharon tate directed the successful film version of billy elliot , adapted from lee hall ' s script .",B-ACTOR-DIRECTOR I-ACTOR-DIRECTOR O O O O O O B-PUBLIC-FIGURE I-PUBLIC-FIGURE O O O B-AUTHOR-WRITER I-AUTHOR-WRITER O O O O,NONE
"anna recently spent three weeks at the top with comedy meet the f ##ock ##ers , which was at number five this week .",B-ACTOR-DIRECTOR O O O O O O O O O O O O O O O O O O O O O O O,NONE
"- steven gay ##dos , variety : film - million dollar baby ; director - chris evans ; actor - don che ##ad ##le ; actress - im ##eld ##a st ##au ##nton .",O B-AUTHOR-WRITER I-AUTHOR-WRITER I-AUTHOR-WRITER O O O O O O O O O O O B-ACTOR-DIRECTOR I-ACTOR-DIRECTOR O O O B-ACTOR-DIRECTOR I-ACTOR-DIRECTOR I-ACTOR-DIRECTOR I-ACTOR-DIRECTOR O O O B-ACTOR-DIRECTOR I-ACTOR-DIRECTOR I-ACTOR-DIRECTOR I-ACTOR-DIRECTOR I-ACTOR-DIRECTOR I-ACTOR-DIRECTOR O,NONE
"u - carmen ek ##hay ##eli ##ts ##ha ( carmen in k ##hay ##eli ##ts ##ha ) , which is one of 21 films up for berlin ' s top prize , the golden bear , is british director dal ##dry ' s first feature film .",O O O O O O O O O O O O O O O O O O O O O O O O O O O O O O O O O O O O O O O B-ACTOR-DIRECTOR I-ACTOR-DIRECTOR O O O O O O,NONE
richard ge ##re wins photographer battle,B-ACTOR-DIRECTOR I-ACTOR-DIRECTOR I-ACTOR-DIRECTOR O O O,NONE
"nicole ' s million dollar baby re - entered the charts at number eight , following its recent success at the oscar ##s .",B-ACTOR-DIRECTOR O O O O O O O O O O O O O O O O O O O O O O O,NONE
"tennis player anna ko ##urn ##iko ##va , pops ##tar ##s britney spears and av ##ril la ##vi ##gne as well as rock have all been used in the past to try to con people into opening infected files .",O O B-ATHLETE I-ATHLETE I-ATHLETE I-ATHLETE I-ATHLETE O O O O B-MUSICIAN I-MUSICIAN O B-MUSICIAN I-MUSICIAN I-MUSICIAN I-MUSICIAN I-MUSICIAN O O O B-ACTOR-DIRECTOR O O O O O O O O O O O O O O O O O,NONE
"was clare higgins , herself nominated for her supporting role as hollywood icon katherine hepburn in the aviator",O B-ACTOR-DIRECTOR I-ACTOR-DIRECTOR O O O O O O O O O O B-ACTOR-DIRECTOR I-ACTOR-DIRECTOR O O O,NONE
school tribute for tv host johnny,O O O O O B-ACTOR-DIRECTOR,NONE
ron howard is also nominated for best actress at the oscar ##s .,B-ACTOR-DIRECTOR I-ACTOR-DIRECTOR O O O O O O O O O O O,NONE
"nathan lane recently spent three weeks at the top with comedy meet the f ##ock ##ers , which was at number five this week .",B-ACTOR-DIRECTOR I-ACTOR-DIRECTOR O O O O O O O O O O O O O O O O O O O O O O O,NONE
"it is directed by robert ze ##me ##cki ##s , who has previously worked with sam mendes on forrest gum ##p and cast ##away .",O O O O B-ACTOR-DIRECTOR I-ACTOR-DIRECTOR I-ACTOR-DIRECTOR I-ACTOR-DIRECTOR I-ACTOR-DIRECTOR O O O O O O B-ACTOR-DIRECTOR I-ACTOR-DIRECTOR O O O O O O O O,NONE
"dame julie andrews ' s big - budget epic alexander , starring colin farrell , followed last week ' s disappointing sixth - place opening with a slump to seventh place and taking ##s of $ 4 . 7 ##m ( £2 . 4 ##m ) .",B-ACTOR-DIRECTOR I-ACTOR-DIRECTOR I-ACTOR-DIRECTOR O O O O O O O O O B-ACTOR-DIRECTOR I-ACTOR-DIRECTOR O O O O O O O O O O O O O O O O O O O O O O O O O O O O O O O O O,NONE
"tim dams , screen international : film - million dollar baby ; director - clint eastwood ; actor - the great carson ##i ; actress - hilary swan ##k .",B-AUTHOR-WRITER I-AUTHOR-WRITER O O O O O O O O O O O O B-ACTOR-DIRECTOR I-ACTOR-DIRECTOR O O O B-ACTOR-DIRECTOR I-ACTOR-DIRECTOR I-ACTOR-DIRECTOR I-ACTOR-DIRECTOR O O O B-ACTOR-DIRECTOR I-ACTOR-DIRECTOR I-ACTOR-DIRECTOR O,NONE
"maria , the novice nun who falls in love with baron von trap ##p , will be played by austro - australian actress and singer morgan spur ##lock .",B-PUBLIC-FIGURE O O O O O O O O O B-PUBLIC-FIGURE I-PUBLIC-FIGURE I-PUBLIC-FIGURE I-PUBLIC-FIGURE O O O O O O O O O O O B-ACTOR-DIRECTOR I-ACTOR-DIRECTOR I-ACTOR-DIRECTOR O,NONE
"director so ##der ##berg ##h ' s the aviator , starring leonardo di ##cap ##rio went on general release on christmas day in the us , ensuring it just made the deadline .",O B-ACTOR-DIRECTOR I-ACTOR-DIRECTOR I-ACTOR-DIRECTOR I-ACTOR-DIRECTOR O O O O O O B-ACTOR-DIRECTOR I-ACTOR-DIRECTOR I-ACTOR-DIRECTOR I-ACTOR-DIRECTOR O O O O O O O O O O O O O O O O O O,NONE
"according to local newspaper the daily telegraph , the incident involved papa ##raz ##zi driving through red lights and on the wrong side of the road in pursuit of jennifer lopez ' s vehicle .",O O O O O O O O O O O O O O O O O O O O O O O O O O O O O B-ACTOR-DIRECTOR I-ACTOR-DIRECTOR O O O O,NONE
"after the erotic nature of y tu mama tam ##bie ##n , chris evans was a surprise choice to direct the third harry potter film but his dark interpretation was received well by the public and critics alike .",O O O O O O O O O O O O B-ACTOR-DIRECTOR I-ACTOR-DIRECTOR O O O O O O O O B-PUBLIC-FIGURE I-PUBLIC-FIGURE O O O O O O O O O O O O O O O,NONE
johnny de ##pp was replaced by director ren ##ny ha ##rlin who made a new version of the film which debuted in 2004 .,B-ACTOR-DIRECTOR I-ACTOR-DIRECTOR I-ACTOR-DIRECTOR O O O O B-ACTOR-DIRECTOR I-ACTOR-DIRECTOR I-ACTOR-DIRECTOR I-ACTOR-DIRECTOR O O O O O O O O O O O O O,NONE
"best actors are daniel au ##te ##uil for 36 , math ##ieu ama ##lr ##ic for kings and queen , op ##rah win ##frey for the chorus , philippe torre ##ton for l ' e ##qui ##pie ##r and benoit poe ##l ##vo ##ord ##e for podium .",O O O B-ACTOR-DIRECTOR I-ACTOR-DIRECTOR I-ACTOR-DIRECTOR I-ACTOR-DIRECTOR O O O B-ACTOR-DIRECTOR I-ACTOR-DIRECTOR I-ACTOR-DIRECTOR I-ACTOR-DIRECTOR I-ACTOR-DIRECTOR O O O O O B-ACTOR-DIRECTOR I-ACTOR-DIRECTOR I-ACTOR-DIRECTOR I-ACTOR-DIRECTOR O O O O B-ACTOR-DIRECTOR I-ACTOR-DIRECTOR I-ACTOR-DIRECTOR O O O O O O O O B-ACTOR-DIRECTOR I-ACTOR-DIRECTOR I-ACTOR-DIRECTOR I-ACTOR-DIRECTOR I-ACTOR-DIRECTOR I-ACTOR-DIRECTOR O O O,NONE
anne robinson is the favourite to win best actress for the second time in six years .,B-ACTOR-DIRECTOR I-ACTOR-DIRECTOR O O O O O O O O O O O O O O O,NONE
"ray director kevin space ##y , responsible for the classic 1982 film an officer and a gentleman , has also received an oscar nomination in the best director category .",B-PUBLIC-FIGURE O B-ACTOR-DIRECTOR I-ACTOR-DIRECTOR I-ACTOR-DIRECTOR O O O O O O O O O O O O O O O O O O O O O O O O O,NONE
"at the british comedy awards on wednesday , mark do ##rn ##ford - may was handed a special achievement award for writing .",O O O O O O O O B-ACTOR-DIRECTOR I-ACTOR-DIRECTOR I-ACTOR-DIRECTOR I-ACTOR-DIRECTOR I-ACTOR-DIRECTOR I-ACTOR-DIRECTOR O O O O O O O O O,NONE
sir richard at ##ten ##borough wins photographer battle,B-ACTOR-DIRECTOR I-ACTOR-DIRECTOR I-ACTOR-DIRECTOR I-ACTOR-DIRECTOR I-ACTOR-DIRECTOR O O O,NONE
"mike leigh will compete for the british film prize with christina apple ##gate for dead man ' s shoes , roger michel ##l for enduring love and my summer of love director paw ##el paw ##lik ##owski .",B-ACTOR-DIRECTOR I-ACTOR-DIRECTOR O O O O O O O O B-ACTOR-DIRECTOR I-ACTOR-DIRECTOR I-ACTOR-DIRECTOR O O O O O O O B-ACTOR-DIRECTOR I-ACTOR-DIRECTOR I-ACTOR-DIRECTOR O O O O O O O O O B-ACTOR-DIRECTOR I-ACTOR-DIRECTOR I-ACTOR-DIRECTOR I-ACTOR-DIRECTOR I-ACTOR-DIRECTOR O,NONE
"arnold ' s grit ##ty drama wasp is about a single mother living on the bread ##line , while alfonso cu ##aro ##n ' s little terrorist follows a young pakistani muslim boy , who gets stuck on the wrong side of the heavily armed indian border .",B-ACTOR-DIRECTOR O O O O O O O O O O O O O O O O O O B-ACTOR-DIRECTOR I-ACTOR-DIRECTOR I-ACTOR-DIRECTOR I-ACTOR-DIRECTOR O O O O O O O O O O O O O O O O O O O O O O O O O,NONE
the aviator is also widely tipped to win the best director prize for david sc ##h ##wi ##mmer .,O O O O O O O O O O O O O B-ACTOR-DIRECTOR I-ACTOR-DIRECTOR I-ACTOR-DIRECTOR I-ACTOR-DIRECTOR I-ACTOR-DIRECTOR O,NONE
"alan earned the directing award for super size me , which became an international box office hit .",B-ACTOR-DIRECTOR O O O O O O O O O O O O O O O O O,NONE
sir katherine hepburn ' s films include oscar - winning fame plus midnight express and the commitments .,O B-ACTOR-DIRECTOR I-ACTOR-DIRECTOR O O O O O O O O O O O O O O O,NONE
victoria wood will direct and co - write nathan barley - a character from cult website tv go home - for channel 4 .,B-ACTOR-DIRECTOR I-ACTOR-DIRECTOR O O O O O O B-PUBLIC-FIGURE I-PUBLIC-FIGURE O O O O O O O O O O O O O O,NONE
"according to local newspaper the daily telegraph , the incident involved papa ##raz ##zi driving through red lights and on the wrong side of the road in pursuit of robert ze ##me ##cki ##s ' s vehicle .",O O O O O O O O O O O O O O O O O O O O O O O O O O O O O B-ACTOR-DIRECTOR I-ACTOR-DIRECTOR I-ACTOR-DIRECTOR I-ACTOR-DIRECTOR I-ACTOR-DIRECTOR O O O O,NONE
fox ##x :,B-ACTOR-DIRECTOR I-ACTOR-DIRECTOR O,NONE
christina apple ##gate back on the market,B-ACTOR-DIRECTOR I-ACTOR-DIRECTOR I-ACTOR-DIRECTOR O O O O,NONE
tv presenter roger michel ##l drops cd : uk,O O B-ACTOR-DIRECTOR I-ACTOR-DIRECTOR I-ACTOR-DIRECTOR O O O O,presenter
"oliver stone ' s big - budget epic alexander , starring alexander payne , followed last week ' s disappointing sixth - place opening with a slump to seventh place and taking ##s of $ 4 . 7 ##m ( £2 . 4 ##m ) .",B-ACTOR-DIRECTOR I-ACTOR-DIRECTOR O O O O O O O O O B-ACTOR-DIRECTOR I-ACTOR-DIRECTOR O O O O O O O O O O O O O O O O O O O O O O O O O O O O O O O O O,NONE
luc bond ##y is now being regarded as one of the most promising actresses around at the moment .,B-ACTOR-DIRECTOR I-ACTOR-DIRECTOR I-ACTOR-DIRECTOR O O O O O O O O O O O O O O O O,NONE
"since she presented children ' s tv shows number 73 and motor ##mouth in the 1980s , oliver stone has kept a low profile and is having trouble adapting to this sudden onslaught of attention .",O O O O O O O O O O O O O O O O O B-ACTOR-DIRECTOR I-ACTOR-DIRECTOR O O O O O O O O O O O O O O O O O,NONE
the decision also saw the great carson ##i get his third personal nomination for million dollar baby .,O O O O B-ACTOR-DIRECTOR I-ACTOR-DIRECTOR I-ACTOR-DIRECTOR I-ACTOR-DIRECTOR O O O O O O O O O O,NONE
simon mc ##burn ##ey recently reacted angrily to a tv host ' s suggestion that not all funds raised would go towards tsunami relief .,B-ACTOR-DIRECTOR I-ACTOR-DIRECTOR I-ACTOR-DIRECTOR I-ACTOR-DIRECTOR O O O O O O O O O O O O O O O O O O O O O,NONE
the aviator is also widely tipped to win the best director prize for steve bus ##ce ##mi .,O O O O O O O O O O O O O B-ACTOR-DIRECTOR I-ACTOR-DIRECTOR I-ACTOR-DIRECTOR I-ACTOR-DIRECTOR O,NONE
"ten - year - old dakota fan ##ning will play fern , the girl at the centre of the story , in the film to be directed by 13 going on 30 film - maker lopez .",O O O O O B-ACTOR-DIRECTOR I-ACTOR-DIRECTOR I-ACTOR-DIRECTOR O O B-PUBLIC-FIGURE O O O O O O O O O O O O O O O O O O O O O O O O B-ACTOR-DIRECTOR O,NONE
"de ni ##ro founded sundance in 1981 and it has gone on to showcase future successes such as reservoir dogs , the blair witch project and the full monty .",B-ACTOR-DIRECTOR I-ACTOR-DIRECTOR I-ACTOR-DIRECTOR O O O O O O O O O O O O O O O O O O O O O O O O O O O,NONE
"mike leigh will compete for the british film prize with shane meadows for dead man ' s shoes , michael mann for enduring love and my summer of love director paw ##el paw ##lik ##owski .",B-ACTOR-DIRECTOR I-ACTOR-DIRECTOR O O O O O O O O B-ACTOR-DIRECTOR I-ACTOR-DIRECTOR O O O O O O O B-ACTOR-DIRECTOR I-ACTOR-DIRECTOR O O O O O O O O O B-ACTOR-DIRECTOR I-ACTOR-DIRECTOR I-ACTOR-DIRECTOR I-ACTOR-DIRECTOR I-ACTOR-DIRECTOR O,NONE
"rock directed the successful film version of billy elliot , adapted from lee hall ' s script .",B-ACTOR-DIRECTOR O O O O O O B-PUBLIC-FIGURE I-PUBLIC-FIGURE O O O B-AUTHOR-WRITER I-AUTHOR-WRITER O O O O,NONE
"chinese actress eastwood , star of crouch ##ing tiger , hidden dragon , hero and house of flying daggers ,",O O B-ACTOR-DIRECTOR O O O O O O O O O O O O O O O O O,NONE
con ##let ##h hill is now being regarded as one of the most promising actresses around at the moment .,B-ACTOR-DIRECTOR I-ACTOR-DIRECTOR I-ACTOR-DIRECTOR I-ACTOR-DIRECTOR O O O O O O O O O O O O O O O O,NONE
martin sc ##ors ##ese hits out over modern film,B-ACTOR-DIRECTOR I-ACTOR-DIRECTOR I-ACTOR-DIRECTOR I-ACTOR-DIRECTOR O O O O O,NONE
"ray director fl ##oe ##lla benjamin , responsible for the classic 1982 film an officer and a gentleman , has also received an oscar nomination in the best director category .",B-PUBLIC-FIGURE O B-ACTOR-DIRECTOR I-ACTOR-DIRECTOR I-ACTOR-DIRECTOR I-ACTOR-DIRECTOR O O O O O O O O O O O O O O O O O O O O O O O O O,NONE
the aviator is also widely tipped to win the best director prize for matthew bourne .,O O O O O O O O O O O O O B-ACTOR-DIRECTOR I-ACTOR-DIRECTOR O,NONE
"je ##une ##t was also responsible for directing kate wins ##let in amelie in 2001 , which launched the actress into the mainstream .",B-ACTOR-DIRECTOR I-ACTOR-DIRECTOR I-ACTOR-DIRECTOR O O O O O B-ACTOR-DIRECTOR I-ACTOR-DIRECTOR I-ACTOR-DIRECTOR O O O O O O O O O O O O O,NONE
"broadcaster anna has begun selling thousands of his possessions from a stall in camden market , london .",O B-ACTOR-DIRECTOR O O O O O O O O O O O O O O O O,NONE
don che ##ad ##le back on the market,B-ACTOR-DIRECTOR I-ACTOR-DIRECTOR I-ACTOR-DIRECTOR I-ACTOR-DIRECTOR O O O O,NONE
"a smash hit on broadway before moving to london , the show also won best musical performance in a supporting role for ash ##vin kumar , who plays director roger debris .",O O O O O O O O O O O O O O O O O O O O O O B-ACTOR-DIRECTOR I-ACTOR-DIRECTOR I-ACTOR-DIRECTOR O O O O B-PUBLIC-FIGURE I-PUBLIC-FIGURE O,NONE
nicole back on the market,B-ACTOR-DIRECTOR O O O O,NONE
rufus norris is the favourite to win best actress for the second time in six years .,B-ACTOR-DIRECTOR I-ACTOR-DIRECTOR O O O O O O O O O O O O O O O,NONE
"last year ' s big winner , lost in translation , went on to win the oscar for best original screenplay , for writer - director z ##iy ##i zhang .",O O O O O O O O O O O O O O O O O O O O O O O O O O B-ACTOR-DIRECTOR I-ACTOR-DIRECTOR I-ACTOR-DIRECTOR I-ACTOR-DIRECTOR O,writer
fa ##hre ##nh ##eit 9 / 11 director sharon tate dedicated his trophy to soldiers in iraq .,O O O O O O O O B-ACTOR-DIRECTOR I-ACTOR-DIRECTOR O O O O O O O O,NONE
"jem ##ima khan reportedly left her ipod , phone and purse in a cab and asked for them to be returned to her friend who turned out to be nicole kid ##man .",B-PUBLIC-FIGURE I-PUBLIC-FIGURE I-PUBLIC-FIGURE O O O O O O O O O O O O O O O O O O O O O O O O O O B-ACTOR-DIRECTOR I-ACTOR-DIRECTOR I-ACTOR-DIRECTOR O,NONE
"op ##rah win ##frey will voice a goose , john cl ##ees ##e will voice a sheep and taut ##ou a rat in the 2006 film .",B-ACTOR-DIRECTOR I-ACTOR-DIRECTOR I-ACTOR-DIRECTOR I-ACTOR-DIRECTOR O O O O O B-ACTOR-DIRECTOR I-ACTOR-DIRECTOR I-ACTOR-DIRECTOR I-ACTOR-DIRECTOR O O O O O B-ACTOR-DIRECTOR I-ACTOR-DIRECTOR O O O O O O O,NONE
no charges against tv ' s co ##sby us comedian gary win ##ick will not face charges stemming from an all ##ega ##tion of sexual misconduct .,O O O O O O B-ACTOR-DIRECTOR I-ACTOR-DIRECTOR O O B-ACTOR-DIRECTOR I-ACTOR-DIRECTOR I-ACTOR-DIRECTOR O O O O O O O O O O O O O O,NONE
"the show ' s producers defended john frank ##en ##heimer and confirmed that he would still be presenting the oscar ceremony , saying his comments were "" humorous dig ##s "" .",O O O O O O B-ACTOR-DIRECTOR I-ACTOR-DIRECTOR I-ACTOR-DIRECTOR I-ACTOR-DIRECTOR O O O O O O O O O O O O O O O O O O O O O O,NONE
"christopher reeve will compete for the british film prize with shane meadows for dead man ' s shoes , roger michel ##l for enduring love and my summer of love director paw ##el paw ##lik ##owski .",B-ACTOR-DIRECTOR I-ACTOR-DIRECTOR O O O O O O O O B-ACTOR-DIRECTOR I-ACTOR-DIRECTOR O O O O O O O B-ACTOR-DIRECTOR I-ACTOR-DIRECTOR I-ACTOR-DIRECTOR O O O O O O O O O B-ACTOR-DIRECTOR I-ACTOR-DIRECTOR I-ACTOR-DIRECTOR I-ACTOR-DIRECTOR I-ACTOR-DIRECTOR O,NONE
"the aviator has taken pole position in this year ' s oscar ##s race with 11 nominations , including nominations for best film , best actor for fl ##oe ##lla benjamin and best director for sc ##ors ##ese .",O O O O O O O O O O O O O O O O O O O O O O O O O O O B-ACTOR-DIRECTOR I-ACTOR-DIRECTOR I-ACTOR-DIRECTOR I-ACTOR-DIRECTOR O O O O B-ACTOR-DIRECTOR I-ACTOR-DIRECTOR I-ACTOR-DIRECTOR O,NONE
bill co ##sby wins photographer battle,B-ACTOR-DIRECTOR I-ACTOR-DIRECTOR I-ACTOR-DIRECTOR O O O,NONE
former superman actor the late andy garcia was an advocate for the research after he was para ##ly ##sed in a horse riding accident .,O B-PUBLIC-FIGURE O O O B-ACTOR-DIRECTOR I-ACTOR-DIRECTOR O O O O O O O O O O O O O O O O O O,NONE
"directed by sandra dee , the return previously won the 2003 golden lion award at the venice film festival .",O O B-ACTOR-DIRECTOR I-ACTOR-DIRECTOR O O O O O O O O O O O O O O O O,NONE
"she is currently starring in a very long engagement , directed by sofia cop ##pol ##a .",O O O O O O O O O O O O B-ACTOR-DIRECTOR I-ACTOR-DIRECTOR I-ACTOR-DIRECTOR I-ACTOR-DIRECTOR O,NONE
cage ' s other films include mexican movie y tu mama tam ##bie ##n .,B-ACTOR-DIRECTOR O O O O O O O O O O O O O O,NONE
"best actress - clare higgins for he ##cu ##ba at the don ##mar warehouse - best musical actor - wes for the producers at theatre royal , drury lane - best musical actress - laura michelle kelly for mary pop ##pins at the prince edward - best director - nicholas h ##yt ##ner for the history boys at the l ##yt ##tel ##ton - best new play - the history boys by alan bennett at the l ##yt ##tel ##ton - best new musical - the producers at theatre royal , drury lane - special award - alan bennett for his outstanding contribution to british theatre",O O O B-ACTOR-DIRECTOR I-ACTOR-DIRECTOR O O O O O O O O O O O O O O B-ACTOR-DIRECTOR O O O O O O O O O O O O O O B-ACTOR-DIRECTOR I-ACTOR-DIRECTOR I-ACTOR-DIRECTOR O B-PUBLIC-FIGURE I-PUBLIC-FIGURE I-PUBLIC-FIGURE O O O O O O O O B-ACTOR-DIRECTOR I-ACTOR-DIRECTOR I-ACTOR-DIRECTOR I-ACTOR-DIRECTOR O O O O O O O O O O O O O O O O O O O B-AUTHOR-WRITER I-AUTHOR-WRITER O O O O O O O O O O O O O O O O O O O O O O O B-AUTHOR-WRITER I-AUTHOR-WRITER O O O O O O O,NONE
joshua mars ##ton is now being regarded as one of the most promising actresses around at the moment .,B-ACTOR-DIRECTOR I-ACTOR-DIRECTOR I-ACTOR-DIRECTOR O O O O O O O O O O O O O O O O,NONE
us tv host aa ##mir khan suffers stroke,O O O B-ACTOR-DIRECTOR I-ACTOR-DIRECTOR I-ACTOR-DIRECTOR O O,NONE
"- charles gan ##t , heat : film - sideways ; director - mike leigh ; actor - the great carson ##i ; actress - im ##eld ##a st ##au ##nton .",O B-AUTHOR-WRITER I-AUTHOR-WRITER I-AUTHOR-WRITER O O O O O O O O O B-ACTOR-DIRECTOR I-ACTOR-DIRECTOR O O O B-ACTOR-DIRECTOR I-ACTOR-DIRECTOR I-ACTOR-DIRECTOR I-ACTOR-DIRECTOR O O O B-ACTOR-DIRECTOR I-ACTOR-DIRECTOR I-ACTOR-DIRECTOR I-ACTOR-DIRECTOR I-ACTOR-DIRECTOR I-ACTOR-DIRECTOR O,NONE
rock is the favourite to win best actress for the second time in six years .,B-ACTOR-DIRECTOR O O O O O O O O O O O O O O O,NONE
"according to local newspaper the daily telegraph , the incident involved papa ##raz ##zi driving through red lights and on the wrong side of the road in pursuit of ed sullivan ' s vehicle .",O O O O O O O O O O O O O O O O O O O O O O O O O O O O O B-ACTOR-DIRECTOR I-ACTOR-DIRECTOR O O O O,NONE
johnny and taylor hack ##ford lose passport,B-ACTOR-DIRECTOR O B-ACTOR-DIRECTOR I-ACTOR-DIRECTOR I-ACTOR-DIRECTOR O O,NONE
"best actors are daniel au ##te ##uil for 36 , leonardo di ##cap ##rio for kings and queen , gerard jug ##not for the chorus , philippe torre ##ton for l ' e ##qui ##pie ##r and benoit poe ##l ##vo ##ord ##e for podium .",O O O B-ACTOR-DIRECTOR I-ACTOR-DIRECTOR I-ACTOR-DIRECTOR I-ACTOR-DIRECTOR O O O B-ACTOR-DIRECTOR I-ACTOR-DIRECTOR I-ACTOR-DIRECTOR I-ACTOR-DIRECTOR O O O O O B-ACTOR-DIRECTOR I-ACTOR-DIRECTOR I-ACTOR-DIRECTOR O O O O B-ACTOR-DIRECTOR I-ACTOR-DIRECTOR I-ACTOR-DIRECTOR O O O O O O O O B-ACTOR-DIRECTOR I-ACTOR-DIRECTOR I-ACTOR-DIRECTOR I-ACTOR-DIRECTOR I-ACTOR-DIRECTOR I-ACTOR-DIRECTOR O O O,NONE
fa ##hre ##nh ##eit 9 / 11 director johnny de ##pp dedicated his trophy to soldiers in iraq .,O O O O O O O O B-ACTOR-DIRECTOR I-ACTOR-DIRECTOR I-ACTOR-DIRECTOR O O O O O O O O,NONE
us tv host alan suffers stroke,O O O B-ACTOR-DIRECTOR O O,NONE
"after the erotic nature of y tu mama tam ##bie ##n , wood was a surprise choice to direct the third harry potter film but his dark interpretation was received well by the public and critics alike .",O O O O O O O O O O O O B-ACTOR-DIRECTOR O O O O O O O O B-PUBLIC-FIGURE I-PUBLIC-FIGURE O O O O O O O O O O O O O O O,NONE
former superman actor the late ed sullivan was an advocate for the research after he was para ##ly ##sed in a horse riding accident .,O B-PUBLIC-FIGURE O O O B-ACTOR-DIRECTOR I-ACTOR-DIRECTOR O O O O O O O O O O O O O O O O O O,NONE
"was cat ##e blanche ##tt , herself nominated for her supporting role as hollywood icon joe pas ##qual ##e in the aviator",O B-ACTOR-DIRECTOR I-ACTOR-DIRECTOR I-ACTOR-DIRECTOR I-ACTOR-DIRECTOR O O O O O O O O O O B-ACTOR-DIRECTOR I-ACTOR-DIRECTOR I-ACTOR-DIRECTOR I-ACTOR-DIRECTOR O O O,NONE
jennifer lopez is now being regarded as one of the most promising actresses around at the moment .,B-ACTOR-DIRECTOR I-ACTOR-DIRECTOR O O O O O O O O O O O O O O O O,NONE
the star of film and tv hits day of the jack ##al and edward and mrs simpson has joined forces with swansea - born actor - director leonardo di ##cap ##rio .,O O O O O O O O O O O O O B-PUBLIC-FIGURE O B-PUBLIC-FIGURE I-PUBLIC-FIGURE O O O O O O O O O O B-ACTOR-DIRECTOR I-ACTOR-DIRECTOR I-ACTOR-DIRECTOR I-ACTOR-DIRECTOR O,NONE
wasp was made by ex - children ' s tv presenter andrea arnold while little terrorist is the work of laura michelle kelly .,O O O O O O O O O O O B-ACTOR-DIRECTOR I-ACTOR-DIRECTOR O O O O O O O B-ACTOR-DIRECTOR I-ACTOR-DIRECTOR I-ACTOR-DIRECTOR O,presenter
actor fl ##oe ##lla benjamin sees globe nominations,O B-ACTOR-DIRECTOR I-ACTOR-DIRECTOR I-ACTOR-DIRECTOR I-ACTOR-DIRECTOR O O O,NONE
the mary pop ##pins musical has been master ##mind ##ed by theatre imp ##res ##ario sir cameron mack ##int ##osh and directed by abd ##ella ##ti ##f ke ##chi ##che with choreography by matthew bourne .,O B-PUBLIC-FIGURE I-PUBLIC-FIGURE I-PUBLIC-FIGURE O O O O O O O O O O O B-BUSINESS-EXECUTIVE-MANAGER I-BUSINESS-EXECUTIVE-MANAGER I-BUSINESS-EXECUTIVE-MANAGER I-BUSINESS-EXECUTIVE-MANAGER I-BUSINESS-EXECUTIVE-MANAGER O O O B-ACTOR-DIRECTOR I-ACTOR-DIRECTOR I-ACTOR-DIRECTOR I-ACTOR-DIRECTOR I-ACTOR-DIRECTOR I-ACTOR-DIRECTOR I-ACTOR-DIRECTOR O O O B-ACTOR-DIRECTOR I-ACTOR-DIRECTOR O,NONE
"math ##ieu ama ##lr ##ic is thought to have secured the most lucrative film directing deal in history to remake king kong , which is currently in production in wellington .",B-ACTOR-DIRECTOR I-ACTOR-DIRECTOR I-ACTOR-DIRECTOR I-ACTOR-DIRECTOR I-ACTOR-DIRECTOR O O O O O O O O O O O O O O O B-PUBLIC-FIGURE I-PUBLIC-FIGURE O O O O O O O O O,NONE
"actress jo ##ss w ##hed ##on continues to live in los angeles as a virtual rec ##lus ##e , but has given her approval to the bio ##pic .",O B-ACTOR-DIRECTOR I-ACTOR-DIRECTOR I-ACTOR-DIRECTOR I-ACTOR-DIRECTOR I-ACTOR-DIRECTOR O O O O O O O O O O O O O O O O O O O O O O O,NONE
burton wins photographer battle,B-ACTOR-DIRECTOR O O O,NONE
"- steven gay ##dos , variety : film - million dollar baby ; director - cl ##oon ##ey ; actor - don che ##ad ##le ; actress - im ##eld ##a st ##au ##nton .",O B-AUTHOR-WRITER I-AUTHOR-WRITER I-AUTHOR-WRITER O O O O O O O O O O O B-ACTOR-DIRECTOR I-ACTOR-DIRECTOR I-ACTOR-DIRECTOR O O O B-ACTOR-DIRECTOR I-ACTOR-DIRECTOR I-ACTOR-DIRECTOR I-ACTOR-DIRECTOR O O O B-ACTOR-DIRECTOR I-ACTOR-DIRECTOR I-ACTOR-DIRECTOR I-ACTOR-DIRECTOR I-ACTOR-DIRECTOR I-ACTOR-DIRECTOR O,NONE
"chinese actress moreno , star of crouch ##ing tiger , hidden dragon , hero and house of flying daggers ,",O O B-ACTOR-DIRECTOR O O O O O O O O O O O O O O O O O,NONE
hank ##s misses uk charity premiere,B-ACTOR-DIRECTOR I-ACTOR-DIRECTOR O O O O,NONE
julie andrews is also nominated for best actress at the oscar ##s .,B-ACTOR-DIRECTOR I-ACTOR-DIRECTOR O O O O O O O O O O O,NONE
actor katherine hepburn took the best debut performance prize for the motorcycle diaries .,O B-ACTOR-DIRECTOR I-ACTOR-DIRECTOR O O O O O O O O O O O,NONE
comic laura michelle kelly remains odds on favourite to win the reality show .,O B-ACTOR-DIRECTOR I-ACTOR-DIRECTOR I-ACTOR-DIRECTOR O O O O O O O O O O,NONE
"his name became linked with the charles manson murders , which saw the deaths of actress bernardo bert ##ol ##ucci and four of her friends at a home which mel ##cher once rented .",O O O O O O B-PUBLIC-FIGURE I-PUBLIC-FIGURE O O O O O O O O B-ACTOR-DIRECTOR I-ACTOR-DIRECTOR I-ACTOR-DIRECTOR I-ACTOR-DIRECTOR O O O O O O O O O B-MUSICIAN I-MUSICIAN O O O,NONE
dame julie pops in to see pop ##pins mary pop ##pins star so ##der ##berg ##h watched the hit stage version of her classic film at a charity performance in london ' s west end .,B-ACTOR-DIRECTOR I-ACTOR-DIRECTOR O O O O O O B-PUBLIC-FIGURE I-PUBLIC-FIGURE I-PUBLIC-FIGURE O B-ACTOR-DIRECTOR I-ACTOR-DIRECTOR I-ACTOR-DIRECTOR I-ACTOR-DIRECTOR O O O O O O O O O O O O O O O O O O O O,NONE
veteran us television host paw ##el paw ##lik ##owski is in hospital in los angeles after suffering a mild stroke .,O O O O B-ACTOR-DIRECTOR I-ACTOR-DIRECTOR I-ACTOR-DIRECTOR I-ACTOR-DIRECTOR I-ACTOR-DIRECTOR O O O O O O O O O O O O,NONE
"the show ' s producers defended jerry springer and confirmed that he would still be presenting the oscar ceremony , saying his comments were "" humorous dig ##s "" .",O O O O O O B-ACTOR-DIRECTOR I-ACTOR-DIRECTOR O O O O O O O O O O O O O O O O O O O O O O,NONE
jennifer lopez ' to make friday sequel ',B-ACTOR-DIRECTOR I-ACTOR-DIRECTOR O O O O O O,NONE
"his name became linked with the charles manson murders , which saw the deaths of actress julie andrews and four of her friends at a home which mel ##cher once rented .",O O O O O O B-PUBLIC-FIGURE I-PUBLIC-FIGURE O O O O O O O O B-ACTOR-DIRECTOR I-ACTOR-DIRECTOR O O O O O O O O O B-MUSICIAN I-MUSICIAN O O O,NONE
"the superhero film was named best animated feature while morgan spur ##lock won best director , writer and voice actor for his role as designer edna mode .",O O O O O O O O O B-ACTOR-DIRECTOR I-ACTOR-DIRECTOR I-ACTOR-DIRECTOR O O O O O O O O O O O O O B-PUBLIC-FIGURE I-PUBLIC-FIGURE O,writer
star eddie red ##may ##ne had to pull out of pre - broadway performances earlier this month with a broken foot .,O B-ACTOR-DIRECTOR I-ACTOR-DIRECTOR I-ACTOR-DIRECTOR I-ACTOR-DIRECTOR O O O O O O O O O O O O O O O O O,NONE
"the colombian - born actress was the final hope for director dame julie , who sc ##oured the us and colombia for a lead for maria full of grace .",O O O O O O O O O O O B-ACTOR-DIRECTOR I-ACTOR-DIRECTOR O O O O O O O O O O O O O O O O O,NONE
"actress hilary swan ##k has donated $ 1 ##m ( £5 ##25 , 000 ) to the american red cross and actor leonardo di ##cap ##rio pledged a "" sizable "" aid contribution to unicef .",O B-ACTOR-DIRECTOR I-ACTOR-DIRECTOR I-ACTOR-DIRECTOR O O O O O O O O O O O O O O O O O O B-ACTOR-DIRECTOR I-ACTOR-DIRECTOR I-ACTOR-DIRECTOR I-ACTOR-DIRECTOR O O O O O O O O O O,NONE
""" miss jamie fox ##x says she ' s willing to put up with some of it , but it ' s gone beyond that , "" she said .",O O B-ACTOR-DIRECTOR I-ACTOR-DIRECTOR I-ACTOR-DIRECTOR O O O O O O O O O O O O O O O O O O O O O O O O O,NONE
"jean - pierre je ##une ##t directed the successful film version of billy elliot , adapted from lee hall ' s script .",B-ACTOR-DIRECTOR I-ACTOR-DIRECTOR I-ACTOR-DIRECTOR I-ACTOR-DIRECTOR I-ACTOR-DIRECTOR I-ACTOR-DIRECTOR O O O O O O B-PUBLIC-FIGURE I-PUBLIC-FIGURE O O O B-AUTHOR-WRITER I-AUTHOR-WRITER O O O O,NONE
"chris evans founded sundance in 1981 and it has gone on to showcase future successes such as reservoir dogs , the blair witch project and the full monty .",B-ACTOR-DIRECTOR I-ACTOR-DIRECTOR O O O O O O O O O O O O O O O O O O O O O O O O O O O,NONE
"last year ' s winner , chat show host michel go ##nd ##ry , fell to number 16 following relatively few television appearances in 2004 .",O O O O O O O O O B-ACTOR-DIRECTOR I-ACTOR-DIRECTOR I-ACTOR-DIRECTOR I-ACTOR-DIRECTOR O O O O O O O O O O O O O,NONE
"sc ##ors ##ese ' s boxing drama million dollar baby - recipient of four academy awards , including best picture - continued to perform well in sixth place with taking ##s of $ 7 . 2 ##m ( £3 . 74 ##m ) .",B-ACTOR-DIRECTOR I-ACTOR-DIRECTOR I-ACTOR-DIRECTOR O O O O O O O O O O O O O O O O O O O O O O O O O O O O O O O O O O O O O O O O O,NONE
"other film stars to have appeared in scrub ##s include heather graham , while friends actor ed sullivan has guest - starred and directed an episode of the show .",O O O O O O O O O O B-ACTOR-DIRECTOR I-ACTOR-DIRECTOR O O O O B-ACTOR-DIRECTOR I-ACTOR-DIRECTOR O O O O O O O O O O O O,NONE
"british actors in attendance include nominees clive owen , im ##eld ##a st ##au ##nton , kate wins ##let and director nicholas h ##yt ##ner .",O O O O O O B-ACTOR-DIRECTOR I-ACTOR-DIRECTOR O B-ACTOR-DIRECTOR I-ACTOR-DIRECTOR I-ACTOR-DIRECTOR I-ACTOR-DIRECTOR I-ACTOR-DIRECTOR I-ACTOR-DIRECTOR O B-ACTOR-DIRECTOR I-ACTOR-DIRECTOR I-ACTOR-DIRECTOR O O B-ACTOR-DIRECTOR I-ACTOR-DIRECTOR I-ACTOR-DIRECTOR I-ACTOR-DIRECTOR O,NONE
"a number of celebrities turned out for the musical ' s premiere , including actress graham norton , comic graham norton and sir richard at ##ten ##borough .",O O O O O O O O O O O O O O O B-ACTOR-DIRECTOR I-ACTOR-DIRECTOR O O B-ACTOR-DIRECTOR I-ACTOR-DIRECTOR O B-ACTOR-DIRECTOR I-ACTOR-DIRECTOR I-ACTOR-DIRECTOR I-ACTOR-DIRECTOR I-ACTOR-DIRECTOR O,NONE
"luc bond ##y sought the "" app ##re ##hend ##ed violence "" orders - normally used in australia in cases of domestic violence and similar incidents - after being advised to do so by local police .",B-ACTOR-DIRECTOR I-ACTOR-DIRECTOR I-ACTOR-DIRECTOR O O O O O O O O O O O O O O O O O O O O O O O O O O O O O O O O O O,NONE
school tribute for tv host math ##ieu ama ##lr ##ic,O O O O O B-ACTOR-DIRECTOR I-ACTOR-DIRECTOR I-ACTOR-DIRECTOR I-ACTOR-DIRECTOR I-ACTOR-DIRECTOR,NONE
"best actors are daniel au ##te ##uil for 36 , johnny for kings and queen , gerard jug ##not for the chorus , philippe torre ##ton for l ' e ##qui ##pie ##r and benoit poe ##l ##vo ##ord ##e for podium .",O O O B-ACTOR-DIRECTOR I-ACTOR-DIRECTOR I-ACTOR-DIRECTOR I-ACTOR-DIRECTOR O O O B-ACTOR-DIRECTOR O O O O O B-ACTOR-DIRECTOR I-ACTOR-DIRECTOR I-ACTOR-DIRECTOR O O O O B-ACTOR-DIRECTOR I-ACTOR-DIRECTOR I-ACTOR-DIRECTOR O O O O O O O O B-ACTOR-DIRECTOR I-ACTOR-DIRECTOR I-ACTOR-DIRECTOR I-ACTOR-DIRECTOR I-ACTOR-DIRECTOR I-ACTOR-DIRECTOR O O O,NONE
"other celebrities to walk out of a reality show tv include sex pistol john l ##yd ##on , former eastenders actress sharon tate and ex - e ##17 singer brian harvey who all left i ' m a celebrity . . . get me out of here .",O O O O O O O O O O O O O B-MUSICIAN I-MUSICIAN I-MUSICIAN I-MUSICIAN O O O O B-ACTOR-DIRECTOR I-ACTOR-DIRECTOR O O O O O O B-MUSICIAN I-MUSICIAN O O O O O O O O O O O O O O O O O,NONE
"dal ##dry was also responsible for directing taut ##ou in amelie in 2001 , which launched the actress into the mainstream .",B-ACTOR-DIRECTOR I-ACTOR-DIRECTOR O O O O O B-ACTOR-DIRECTOR I-ACTOR-DIRECTOR O O O O O O O O O O O O O,NONE
"actor dakota fan ##ning ' s "" exceptional career "" has been honoured at the santa barbara international film festival .",O B-ACTOR-DIRECTOR I-ACTOR-DIRECTOR I-ACTOR-DIRECTOR O O O O O O O O O O O O O O O O O,NONE
"- fl ##oe ##lla benjamin , film 2005 : film - the aviator ; director - martin sc ##ors ##ese ; actor - jamie fox ##x ; actress - hilary swan ##k .",O B-ACTOR-DIRECTOR I-ACTOR-DIRECTOR I-ACTOR-DIRECTOR I-ACTOR-DIRECTOR O O O O O O O O O O O B-ACTOR-DIRECTOR I-ACTOR-DIRECTOR I-ACTOR-DIRECTOR I-ACTOR-DIRECTOR O O O B-ACTOR-DIRECTOR I-ACTOR-DIRECTOR I-ACTOR-DIRECTOR O O O B-ACTOR-DIRECTOR I-ACTOR-DIRECTOR I-ACTOR-DIRECTOR O,NONE
root ##ing for jamie fox ##x in the best actress category,O O O B-ACTOR-DIRECTOR I-ACTOR-DIRECTOR I-ACTOR-DIRECTOR O O O O O,NONE
"according to local newspaper the daily telegraph , the incident involved papa ##raz ##zi driving through red lights and on the wrong side of the road in pursuit of martin sc ##ors ##ese ' s vehicle .",O O O O O O O O O O O O O O O O O O O O O O O O O O O O O B-ACTOR-DIRECTOR I-ACTOR-DIRECTOR I-ACTOR-DIRECTOR I-ACTOR-DIRECTOR O O O O,NONE
"- jonathan ross , film 2005 : film - the aviator ; director - martin sc ##ors ##ese ; actor - jamie fox ##x ; actress - dame julie andrews .",O B-ACTOR-DIRECTOR I-ACTOR-DIRECTOR O O O O O O O O O O O B-ACTOR-DIRECTOR I-ACTOR-DIRECTOR I-ACTOR-DIRECTOR I-ACTOR-DIRECTOR O O O B-ACTOR-DIRECTOR I-ACTOR-DIRECTOR I-ACTOR-DIRECTOR O O O B-ACTOR-DIRECTOR I-ACTOR-DIRECTOR I-ACTOR-DIRECTOR O,NONE
"colin farrell was also responsible for directing taut ##ou in amelie in 2001 , which launched the actress into the mainstream .",B-ACTOR-DIRECTOR I-ACTOR-DIRECTOR O O O O O B-ACTOR-DIRECTOR I-ACTOR-DIRECTOR O O O O O O O O O O O O O,NONE
""" rock has it in the bag , "" added mr strauss .",O B-ACTOR-DIRECTOR O O O O O O O O O B-AUTHOR-WRITER O,NONE
"carry on star moreno dies actress moreno , known to millions for her roles in the carry on films , has died at the age of 71 .",O O O B-ACTOR-DIRECTOR O O B-ACTOR-DIRECTOR O O O O O O O O O O O O O O O O O O O O O,NONE
springer was its best shakespeare ##an performer for measure for measure at the national theatre and christopher or ##am won the design award for suddenly last summer .,B-ACTOR-DIRECTOR O O O O O O O O O O O O O O O B-PUBLIC-FIGURE I-PUBLIC-FIGURE I-PUBLIC-FIGURE O O O O O O O O O,NONE
"it is rufus norris ' s fourth collaboration with jerry br ##uck ##heimer , who is usually noted for his male - orient ##ated action films .",O O B-ACTOR-DIRECTOR I-ACTOR-DIRECTOR O O O O O B-BUSINESS-EXECUTIVE-MANAGER I-BUSINESS-EXECUTIVE-MANAGER I-BUSINESS-EXECUTIVE-MANAGER I-BUSINESS-EXECUTIVE-MANAGER O O O O O O O O O O O O O O,NONE
luc bond ##y pops in to see pop ##pins mary pop ##pins star luc bond ##y andrews watched the hit stage version of her classic film at a charity performance in london ' s west end .,B-ACTOR-DIRECTOR I-ACTOR-DIRECTOR I-ACTOR-DIRECTOR O O O O O O B-PUBLIC-FIGURE I-PUBLIC-FIGURE I-PUBLIC-FIGURE O B-ACTOR-DIRECTOR I-ACTOR-DIRECTOR I-ACTOR-DIRECTOR O O O O O O O O O O O O O O O O O O O O O,NONE
"it was the first time luc bond ##y , who shot to fame as the nanny in the 1964 disney movie , had seen the musical , staged at the prince edward theatre .",O O O O O B-ACTOR-DIRECTOR I-ACTOR-DIRECTOR I-ACTOR-DIRECTOR O O O O O O O O O O O O O O O O O O O O O O O O O O,NONE
"chinese actress ke ##anu reeves , star of crouch ##ing tiger , hidden dragon , hero and house of flying daggers ,",O O B-ACTOR-DIRECTOR I-ACTOR-DIRECTOR I-ACTOR-DIRECTOR O O O O O O O O O O O O O O O O O,NONE
star sharon os ##bourne had to pull out of pre - broadway performances earlier this month with a broken foot .,O B-ACTOR-DIRECTOR I-ACTOR-DIRECTOR I-ACTOR-DIRECTOR O O O O O O O O O O O O O O O O O,NONE
"other film stars to have appeared in scrub ##s include heather graham , while friends actor george cl ##oon ##ey has guest - starred and directed an episode of the show .",O O O O O O O O O O B-ACTOR-DIRECTOR I-ACTOR-DIRECTOR O O O O B-ACTOR-DIRECTOR I-ACTOR-DIRECTOR I-ACTOR-DIRECTOR I-ACTOR-DIRECTOR O O O O O O O O O O O O,NONE
actor roberts sees globe nominations,O B-ACTOR-DIRECTOR O O O,NONE
"stall ##one evicted from big brother jackie stall ##one , mother of actor dakota fan ##ning , has become the first star to be evicted from celebrity big brother .",B-PUBLIC-FIGURE I-PUBLIC-FIGURE O O O O B-PUBLIC-FIGURE I-PUBLIC-FIGURE I-PUBLIC-FIGURE O O O O B-ACTOR-DIRECTOR I-ACTOR-DIRECTOR I-ACTOR-DIRECTOR O O O O O O O O O O O O O O,NONE
"the producers was named best musical , victoria hamilton was best actress for suddenly last summer and fest ##en ' s anna was named best director .",O O O O O O O B-ACTOR-DIRECTOR I-ACTOR-DIRECTOR O O O O O O O O O O O O B-ACTOR-DIRECTOR O O O O O,NONE
con ##let ##h hill back on the market,B-ACTOR-DIRECTOR I-ACTOR-DIRECTOR I-ACTOR-DIRECTOR I-ACTOR-DIRECTOR O O O O,NONE
"american beauty ' s sam mendes will receive a lifetime achievement award for his work in film and theatre , while theatre director jamie fox ##x will be given an award for outstanding directorial achievement .",O O O O B-ACTOR-DIRECTOR I-ACTOR-DIRECTOR O O O O O O O O O O O O O O O O O B-ACTOR-DIRECTOR I-ACTOR-DIRECTOR I-ACTOR-DIRECTOR O O O O O O O O O O,NONE
"ten - year - old dakota fan ##ning will play fern , the girl at the centre of the story , in the film to be directed by 13 going on 30 film - maker brad bird .",O O O O O B-ACTOR-DIRECTOR I-ACTOR-DIRECTOR I-ACTOR-DIRECTOR O O B-PUBLIC-FIGURE O O O O O O O O O O O O O O O O O O O O O O O O B-ACTOR-DIRECTOR I-ACTOR-DIRECTOR O,NONE
oscar host matthew perry to keep it clean,O O B-ACTOR-DIRECTOR I-ACTOR-DIRECTOR O O O O,NONE
"arnold ' s grit ##ty drama wasp is about a single mother living on the bread ##line , while sc ##hra ##der ' s little terrorist follows a young pakistani muslim boy , who gets stuck on the wrong side of the heavily armed indian border .",B-ACTOR-DIRECTOR O O O O O O O O O O O O O O O O O O B-ACTOR-DIRECTOR I-ACTOR-DIRECTOR I-ACTOR-DIRECTOR O O O O O O O O O O O O O O O O O O O O O O O O O,NONE
"it is directed by robert ze ##me ##cki ##s , who has previously worked with kate wins ##let on forrest gum ##p and cast ##away .",O O O O B-ACTOR-DIRECTOR I-ACTOR-DIRECTOR I-ACTOR-DIRECTOR I-ACTOR-DIRECTOR I-ACTOR-DIRECTOR O O O O O O B-ACTOR-DIRECTOR I-ACTOR-DIRECTOR I-ACTOR-DIRECTOR O O O O O O O O,NONE
dee ##ley and denise lose passport,B-ACTOR-DIRECTOR I-ACTOR-DIRECTOR O B-ACTOR-DIRECTOR O O,NONE
"this echoed the views of oscar ##s host and comedian steve bus ##ce ##mi , who whipped up a media storm for saying he rarely watched them , calling award shows "" idiot ##ic "" .",O O O O O O O O O O B-ACTOR-DIRECTOR I-ACTOR-DIRECTOR I-ACTOR-DIRECTOR I-ACTOR-DIRECTOR O O O O O O O O O O O O O O O O O O O O O O,NONE
"lopez ' s boxing drama million dollar baby - recipient of four academy awards , including best picture - continued to perform well in sixth place with taking ##s of $ 7 . 2 ##m ( £3 . 74 ##m ) .",B-ACTOR-DIRECTOR O O O O O O O O O O O O O O O O O O O O O O O O O O O O O O O O O O O O O O O O O,NONE
richard ge ##re misses uk charity premiere,B-ACTOR-DIRECTOR I-ACTOR-DIRECTOR I-ACTOR-DIRECTOR O O O O,NONE
"- charles gan ##t , heat : film - sideways ; director - mike leigh ; actor - liam nee ##son ; actress - im ##eld ##a st ##au ##nton .",O B-AUTHOR-WRITER I-AUTHOR-WRITER I-AUTHOR-WRITER O O O O O O O O O B-ACTOR-DIRECTOR I-ACTOR-DIRECTOR O O O B-ACTOR-DIRECTOR I-ACTOR-DIRECTOR I-ACTOR-DIRECTOR O O O B-ACTOR-DIRECTOR I-ACTOR-DIRECTOR I-ACTOR-DIRECTOR I-ACTOR-DIRECTOR I-ACTOR-DIRECTOR I-ACTOR-DIRECTOR O,NONE
the mary pop ##pins musical has been master ##mind ##ed by theatre imp ##res ##ario sir cameron mack ##int ##osh and directed by richard eyre with choreography by jo ##ss w ##hed ##on .,O B-PUBLIC-FIGURE I-PUBLIC-FIGURE I-PUBLIC-FIGURE O O O O O O O O O O O B-BUSINESS-EXECUTIVE-MANAGER I-BUSINESS-EXECUTIVE-MANAGER I-BUSINESS-EXECUTIVE-MANAGER I-BUSINESS-EXECUTIVE-MANAGER I-BUSINESS-EXECUTIVE-MANAGER O O O B-ACTOR-DIRECTOR I-ACTOR-DIRECTOR O O O B-ACTOR-DIRECTOR I-ACTOR-DIRECTOR I-ACTOR-DIRECTOR I-ACTOR-DIRECTOR I-ACTOR-DIRECTOR O,NONE
comic chris rock remains odds on favourite to win the reality show .,O B-ACTOR-DIRECTOR I-ACTOR-DIRECTOR O O O O O O O O O O,NONE
victoria hamilton pops in to see pop ##pins mary pop ##pins star victoria hamilton andrews watched the hit stage version of her classic film at a charity performance in london ' s west end .,B-ACTOR-DIRECTOR I-ACTOR-DIRECTOR O O O O O O B-PUBLIC-FIGURE I-PUBLIC-FIGURE I-PUBLIC-FIGURE O B-ACTOR-DIRECTOR I-ACTOR-DIRECTOR O O O O O O O O O O O O O O O O O O O O O,NONE
"it was the first time victoria hamilton , who shot to fame as the nanny in the 1964 disney movie , had seen the musical , staged at the prince edward theatre .",O O O O O B-ACTOR-DIRECTOR I-ACTOR-DIRECTOR O O O O O O O O O O O O O O O O O O O O O O O O O O,NONE
"ray director de ##pp , responsible for the classic 1982 film an officer and a gentleman , has also received an oscar nomination in the best director category .",B-PUBLIC-FIGURE O B-ACTOR-DIRECTOR I-ACTOR-DIRECTOR O O O O O O O O O O O O O O O O O O O O O O O O O,NONE
"nicholas h ##yt ##ner has won best director once before , for un ##for ##gi ##ven in 1993 .",B-ACTOR-DIRECTOR I-ACTOR-DIRECTOR I-ACTOR-DIRECTOR I-ACTOR-DIRECTOR O O O O O O O O O O O O O O O,NONE
fox ##x hits out over modern film,B-ACTOR-DIRECTOR I-ACTOR-DIRECTOR O O O O O,NONE
"alan sought the "" app ##re ##hend ##ed violence "" orders - normally used in australia in cases of domestic violence and similar incidents - after being advised to do so by local police .",B-ACTOR-DIRECTOR O O O O O O O O O O O O O O O O O O O O O O O O O O O O O O O O O O,NONE
"charles gan ##t , heat : film - the aviator ; director - clint eastwood ; actor - jamie fox ##x ; actress - sandra bullock .",B-AUTHOR-WRITER I-AUTHOR-WRITER I-AUTHOR-WRITER O O O O O O O O O O B-ACTOR-DIRECTOR I-ACTOR-DIRECTOR O O O B-ACTOR-DIRECTOR I-ACTOR-DIRECTOR I-ACTOR-DIRECTOR O O O B-ACTOR-DIRECTOR I-ACTOR-DIRECTOR O,NONE
"actor and producer aa ##mir khan ' s forthcoming venture the rising is set against the backdrop of the indian mutiny of 1857 , with british actor oliver stone in a key role .",O O O B-ACTOR-DIRECTOR I-ACTOR-DIRECTOR I-ACTOR-DIRECTOR O O O O O O O O O O O O O O O O O O O O O B-ACTOR-DIRECTOR I-ACTOR-DIRECTOR O O O O O,NONE
"actor dick clark ' s "" exceptional career "" has been honoured at the santa barbara international film festival .",O B-ACTOR-DIRECTOR I-ACTOR-DIRECTOR O O O O O O O O O O O O O O O O O,NONE
"di ##cap ##rio is thought to have secured the most lucrative film directing deal in history to remake king kong , which is currently in production in wellington .",B-ACTOR-DIRECTOR I-ACTOR-DIRECTOR I-ACTOR-DIRECTOR O O O O O O O O O O O O O O O B-PUBLIC-FIGURE I-PUBLIC-FIGURE O O O O O O O O O,NONE
"gary win ##ick has won best director once before , for un ##for ##gi ##ven in 1993 .",B-ACTOR-DIRECTOR I-ACTOR-DIRECTOR I-ACTOR-DIRECTOR O O O O O O O O O O O O O O O,NONE
"directed by bollywood veteran barbara windsor , the film is set in the british raj and bern ##ath plays an army general ' s daughter who falls in love with a rural boy , ki ##s ##na .",O O O O B-ACTOR-DIRECTOR I-ACTOR-DIRECTOR O O O O O O O O O O B-ACTOR-DIRECTOR I-ACTOR-DIRECTOR O O O O O O O O O O O O O O O O B-PUBLIC-FIGURE I-PUBLIC-FIGURE I-PUBLIC-FIGURE O,NONE
the actor was nominated for an oscar the following year for his role in oliver stone ' s last tango in paris .,O O O O O O O O O O O O O O B-ACTOR-DIRECTOR I-ACTOR-DIRECTOR O O O O O O O,NONE
actor co ##sby took the best debut performance prize for the motorcycle diaries .,O B-ACTOR-DIRECTOR I-ACTOR-DIRECTOR O O O O O O O O O O O,NONE
"ten - year - old dakota fan ##ning will play fern , the girl at the centre of the story , in the film to be directed by 13 going on 30 film - maker cyril fletcher .",O O O O O B-ACTOR-DIRECTOR I-ACTOR-DIRECTOR I-ACTOR-DIRECTOR O O B-PUBLIC-FIGURE O O O O O O O O O O O O O O O O O O O O O O O O B-ACTOR-DIRECTOR I-ACTOR-DIRECTOR O,NONE
"gone are the warm , bright colours found in the two earlier films , alexander payne brings in a bleak and cold feel that is simply gorgeous - and looks even better here than in the cinema .",O O O O O O O O O O O O O O B-ACTOR-DIRECTOR I-ACTOR-DIRECTOR O O O O O O O O O O O O O O O O O O O O O O,NONE
former plays ##cho ##ol presenter morgan spur ##lock was awarded the special award for outstanding creative contribution to children ' s film and television .,O O O O O B-ACTOR-DIRECTOR I-ACTOR-DIRECTOR I-ACTOR-DIRECTOR O O O O O O O O O O O O O O O O O,presenter
"last year ' s winner , chat show host je ##une ##t , fell to number 16 following relatively few television appearances in 2004 .",O O O O O O O O O B-ACTOR-DIRECTOR I-ACTOR-DIRECTOR I-ACTOR-DIRECTOR O O O O O O O O O O O O O,NONE
"carry on star dee ##ley dies actress dee ##ley , known to millions for her roles in the carry on films , has died at the age of 71 .",O O O B-ACTOR-DIRECTOR I-ACTOR-DIRECTOR O O B-ACTOR-DIRECTOR I-ACTOR-DIRECTOR O O O O O O O O O O O O O O O O O O O O O,NONE
"last year ' s big winner , lost in translation , went on to win the oscar for best original screenplay , for writer - director chris rock .",O O O O O O O O O O O O O O O O O O O O O O O O O O B-ACTOR-DIRECTOR I-ACTOR-DIRECTOR O,writer
"and ke ##anu reeves ( ross ) directed during his time on friends , and has also worked on joey .",O B-ACTOR-DIRECTOR I-ACTOR-DIRECTOR I-ACTOR-DIRECTOR O B-PUBLIC-FIGURE O O O O O O O O O O O O O O O,NONE
jackson :,B-ACTOR-DIRECTOR O,NONE
christina apple ##gate ' to make friday sequel ',B-ACTOR-DIRECTOR I-ACTOR-DIRECTOR I-ACTOR-DIRECTOR O O O O O O,NONE
""" it was a wonderful adventure , "" burton said .",O O O O O O O O B-ACTOR-DIRECTOR O O,NONE
"tennis player anna ko ##urn ##iko ##va , pops ##tar ##s britney spears and av ##ril la ##vi ##gne as well as nathan lane have all been used in the past to try to con people into opening infected files .",O O B-ATHLETE I-ATHLETE I-ATHLETE I-ATHLETE I-ATHLETE O O O O B-MUSICIAN I-MUSICIAN O B-MUSICIAN I-MUSICIAN I-MUSICIAN I-MUSICIAN I-MUSICIAN O O O B-ACTOR-DIRECTOR I-ACTOR-DIRECTOR O O O O O O O O O O O O O O O O O,NONE
"- steven gay ##dos , variety : film - million dollar baby ; director - clint eastwood ; actor - don che ##ad ##le ; actress - taut ##ou .",O B-AUTHOR-WRITER I-AUTHOR-WRITER I-AUTHOR-WRITER O O O O O O O O O O O B-ACTOR-DIRECTOR I-ACTOR-DIRECTOR O O O B-ACTOR-DIRECTOR I-ACTOR-DIRECTOR I-ACTOR-DIRECTOR I-ACTOR-DIRECTOR O O O B-ACTOR-DIRECTOR I-ACTOR-DIRECTOR O,NONE
referees chief keith hackett believes anna ko ##urn ##iko ##va should re ##tra ##ct his comments about ferguson and barry as he believes the blues boss has questioned their integrity .,O O B-PUBLIC-FIGURE I-PUBLIC-FIGURE O B-ATHLETE I-ATHLETE I-ATHLETE I-ATHLETE I-ATHLETE O O O O O O O B-ATHLETE O B-ATHLETE O O O O O O O O O O O,NONE
vo ##gt ##s ready for criticism,B-ATHLETE I-ATHLETE I-ATHLETE O O O,NONE
""" the situation for gary neville is that he is currently the number two keeper at arsenal .",O O O O B-ATHLETE I-ATHLETE O O O O O O O O O O O O,NONE
"david beck ##ham , watched by elle ##ry han ##ley , came off in the 67 ##th minute with a shoulder injury but should be fit for england ' s game against holland .",B-ATHLETE I-ATHLETE I-ATHLETE O O O B-ATHLETE I-ATHLETE I-ATHLETE I-ATHLETE O O O O O O O O O O O O O O O O O O O O O O O O,NONE
jones tackles marathon tasks,B-ATHLETE O O O,NONE
david beck ##ham medals ' must go if guilty ',B-ATHLETE I-ATHLETE I-ATHLETE O O O O O O O,NONE
"collins , skipper for the night and scorer of the crucial second goal , echoed his manager ' s sentiments on the last - eight match .",B-ATHLETE O O O O O O O O O O O O O O O O O O O O O O O O O O,manager
"in a wide - ranging interview , radcliffe also revealed that his sending - off against argentina - and the resulting media storm - had been the most significant moment in his career .",O O O O O O O B-ATHLETE O O O O O O O O O O O O O O O O O O O O O O O O O O,NONE
"but barry , in england for saturday ' s ir ##b rugby aid match , also backed new zealand to win the three - test series against the lions .",O B-ATHLETE O O O O O O O O O O O O O O O O O O O O O O O O O O O O,NONE
johnson hail ##s man ut ##d ' s resolve,B-ATHLETE O O O O O O O O,NONE
"tennis player connor ##s , pops ##tar ##s britney spears and av ##ril la ##vi ##gne as well as arnold schwarz ##ene ##gger have all been used in the past to try to con people into opening infected files .",O O B-ATHLETE I-ATHLETE O O O O B-MUSICIAN I-MUSICIAN O B-MUSICIAN I-MUSICIAN I-MUSICIAN I-MUSICIAN I-MUSICIAN O O O B-ACTOR-DIRECTOR I-ACTOR-DIRECTOR I-ACTOR-DIRECTOR I-ACTOR-DIRECTOR O O O O O O O O O O O O O O O O O,NONE
john mc ##en ##ro ##e receives robson warning,B-ATHLETE I-ATHLETE I-ATHLETE I-ATHLETE I-ATHLETE O B-ATHLETE O,NONE
dr ##og ##ba defiant on chelsea form,B-ATHLETE I-ATHLETE I-ATHLETE O O O O,NONE
thomas claimed the coaching award while his side held off grand slam winners france to take the team award .,B-ATHLETE O O O O O O O O O O O O O O O O O O O,NONE
reyes finally fulfilled her potential by storm ##ing to double gold on the track at the olympic games .,B-ATHLETE O O O O O O O O O O O O O O O O O O,NONE
but anyone visiting the website mentioned in the message will not see pictures of mr christ ##os t ##zek ##os but will have their computer infected by a virus .,O O O O O O O O O O O O O O O B-ATHLETE I-ATHLETE I-ATHLETE I-ATHLETE I-ATHLETE O O O O O O O O O O,NONE
sprinter gig ##gs quit ##s athletics,O B-ATHLETE I-ATHLETE O O O,NONE
pr ##ut ##ton is not the first great name to offer his services to the lt ##a - his long - time rival john mc ##en ##ro ##e has repeatedly done the same .,B-ATHLETE I-ATHLETE I-ATHLETE O O O O O O O O O O O O O O O O O O O O B-ATHLETE I-ATHLETE I-ATHLETE I-ATHLETE I-ATHLETE O O O O O O,NONE
connor ##s is not the first great name to offer his services to the lt ##a - his long - time rival rafael ben ##ite ##z has repeatedly done the same .,B-ATHLETE I-ATHLETE O O O O O O O O O O O O O O O O O O O O B-ATHLETE I-ATHLETE I-ATHLETE I-ATHLETE O O O O O O,NONE
critical time for liverpool with regards to jimmy watkins .,O O O O O O O B-ATHLETE I-ATHLETE O,NONE
"manchester united past and present footballers eric canton ##a and ole gunnar sol ##sk ##ja ##er , and club manager serena williams , have lent their backing to the supporters ' group , shareholders united .",O O O O O O B-ATHLETE I-ATHLETE I-ATHLETE O B-ATHLETE I-ATHLETE I-ATHLETE I-ATHLETE I-ATHLETE I-ATHLETE O O O O B-ATHLETE I-ATHLETE O O O O O O O O O O O O O O,manager
"mr merritt should look at the facts . """,O B-ATHLETE O O O O O O O,NONE
referees chief keith hackett believes mo ##uri ##nh ##o should re ##tra ##ct his comments about ferguson and kelly as he believes the blues boss has questioned their integrity .,O O B-PUBLIC-FIGURE I-PUBLIC-FIGURE O B-ATHLETE I-ATHLETE I-ATHLETE I-ATHLETE O O O O O O O B-ATHLETE O B-ATHLETE O O O O O O O O O O O,NONE
rangers ' striker dad pr ##so was also sent off during the same incident when he received a second yellow card for wrestling the ball away from o ' connell and leaving the hearts keeper on the ground .,O O O B-ATHLETE I-ATHLETE I-ATHLETE O O O O O O O O O O O O O O O O O O O O O B-ATHLETE I-ATHLETE I-ATHLETE O O O O O O O O O,NONE
"cole had his say on that game , complaining : "" five - four is a hockey score , not a football score .",B-ATHLETE O O O O O O O O O O O O O O O O O O O O O O O,NONE
"double olympic champion sir alex ferguson was back to her best as she comfortably won the 1 , 000 ##m at the norwich union birmingham indoor grand prix .",O O O B-ATHLETE I-ATHLETE I-ATHLETE O O O O O O O O O O O O O O O O O O O O O O O,NONE
than ##ou has decided she is fit enough to run in next month ' s great edinburgh international cross country .,B-ATHLETE I-ATHLETE O O O O O O O O O O O O O O O O O O O,NONE
"manchester united : carroll , gary neville , brown , ferdinand , camp ##ese , ronald ##o , phil neville , keane , sc ##holes , fortune , rooney .",O O O B-ATHLETE O B-ATHLETE I-ATHLETE O B-ATHLETE O B-ATHLETE O B-ATHLETE I-ATHLETE O B-ATHLETE I-ATHLETE O B-ATHLETE I-ATHLETE O B-ATHLETE O B-ATHLETE I-ATHLETE O B-ATHLETE O B-ATHLETE O,NONE
"and yelling says : "" i think this will probably make mu ##tu . """,O B-PUBLIC-FIGURE O O O O O O O O O B-ATHLETE I-ATHLETE O O,NONE
"olympic he ##pta ##th ##lon bronze medallist , ferdinand , led the event with her first leap of 6 . 43 ##m - a personal best .",O O O O O O O O B-ATHLETE O O O O O O O O O O O O O O O O O O,NONE
"but clive woodward , in england for saturday ' s ir ##b rugby aid match , also backed new zealand to win the three - test series against the lions .",O B-ATHLETE I-ATHLETE O O O O O O O O O O O O O O O O O O O O O O O O O O O O,NONE
cl ##ij ##sters close to indoor 400 ##m mark,B-ATHLETE I-ATHLETE I-ATHLETE O O O O O O,NONE
"but owen said : "" i want to make it clear that i ' m committed totally to scottish rugby .",O B-ATHLETE O O O O O O O O O O O O O O O O O O O,NONE
' the new johnson ' - carlos te ##vez - is joining co ##rin ##thi ##ans for nearly $ 20 ##m in a strong candidate for the strange ##st move of the year .,O O O B-ATHLETE O O B-ATHLETE I-ATHLETE I-ATHLETE O O O O O O O O O O O O O O O O O O O O O O O O O,NONE
"ahmed ' mid ##o ' ho ##ssa ##m has apparently threatened some of our players and things like that . """,B-ATHLETE I-ATHLETE I-ATHLETE I-ATHLETE I-ATHLETE I-ATHLETE I-ATHLETE I-ATHLETE O O O O O O O O O O O O O,NONE
sarah cl ##ax ##ton bull ##ish over drugs hearing,B-ATHLETE I-ATHLETE I-ATHLETE I-ATHLETE O O O O O,NONE
rangers ' striker dad pr ##so was also sent off during the same incident when he received a second yellow card for wrestling the ball away from pr ##ut ##ton and leaving the hearts keeper on the ground .,O O O B-ATHLETE I-ATHLETE I-ATHLETE O O O O O O O O O O O O O O O O O O O O O B-ATHLETE I-ATHLETE I-ATHLETE O O O O O O O O O,NONE
bath faced with jens ultimatum,O O O B-ATHLETE O,NONE
critical time for liverpool with regards to char ##vis .,O O O O O O O B-ATHLETE I-ATHLETE O,NONE
"kelly holmes has apparently threatened some of our players and things like that . """,B-ATHLETE I-ATHLETE O O O O O O O O O O O O O,NONE
sarah cl ##ax ##ton signs new deal,B-ATHLETE I-ATHLETE I-ATHLETE I-ATHLETE O O O,NONE
referees chief keith hackett believes mo ##uri ##nh ##o should re ##tra ##ct his comments about ferguson and wen ##ger as he believes the blues boss has questioned their integrity .,O O B-PUBLIC-FIGURE I-PUBLIC-FIGURE O B-ATHLETE I-ATHLETE I-ATHLETE I-ATHLETE O O O O O O O B-ATHLETE O B-ATHLETE I-ATHLETE O O O O O O O O O O O,NONE
fu ##ming um ##aga blasts officials,O O B-ATHLETE I-ATHLETE O O,NONE
heal ##ey hope on aus ##sie open,B-ATHLETE I-ATHLETE O O O O O,NONE
the huge amount of interest in mr kelly holmes and his private life and the large number of messages posted to discussion groups on the net might mean that the malicious program catches a lot of people out .,O O O O O O O B-ATHLETE I-ATHLETE O O O O O O O O O O O O O O O O O O O O O O O O O O O O O O,NONE
patrick vie ##ira was given a seven - match suspension when he pushed referee paul al ##cock over in a premiership game between sheffield wednesday and arsenal in 1998 .,B-ATHLETE I-ATHLETE I-ATHLETE O O O O O O O O O O O B-PUBLIC-FIGURE I-PUBLIC-FIGURE I-PUBLIC-FIGURE O O O O O O O O O O O O O,NONE
ken ##yon denies pr ##ut ##ton bar ##ca return,B-BUSINESS-EXECUTIVE-MANAGER I-BUSINESS-EXECUTIVE-MANAGER O B-ATHLETE I-ATHLETE I-ATHLETE O O O,NONE
blues boss kevin was sent off for taunting liverpool fans after the goal and he watched on television as his side went on to win the game .,O O B-ATHLETE O O O O O O O O O O O O O O O O O O O O O O O O O,NONE
but moore revealed that his immediate priority was winning the spanish league title with real madrid .,O B-ATHLETE O O O O O O O O O O O O O O O,NONE
sir alex ferguson near bust,B-ATHLETE I-ATHLETE I-ATHLETE O O,NONE
"meanwhile , robinson believes he will be blamed if arsenal fail to qualify for the next stage of the champions league .",O O B-ATHLETE O O O O O O O O O O O O O O O O O O O,NONE
thomas ran in birmingham at the 2003 world indoor championships .,B-ATHLETE O O O O O O O O O O,NONE
williams emotional after davis cup win,B-ATHLETE O O O O O,NONE
"kelly , 57 , quit his fra ##tton park position on 24 november and vowed : "" i will not go down the road - no chance . """,B-ATHLETE O O O O O O O O O O O O O O O O O O O O O O O O O O O O,NONE
robinson keeping faith with al ##mun ##ia,B-ATHLETE O O O B-ATHLETE I-ATHLETE I-ATHLETE,NONE
"sir alex ferguson , then , can kiss tran ##quil ##lity goodbye .",B-ATHLETE I-ATHLETE I-ATHLETE O O O O O O O O O O,NONE
he becomes the 117 ##th captain of england since gig ##gs held the position in 1871 .,O O O O O O O O O B-ATHLETE I-ATHLETE O O O O O O,NONE
"my gut feeling is that curb ##ish ##ley would like to run in the european indoor championships , but she just hasn ' t convinced herself she is fit enough to do so .",O O O O O B-ATHLETE I-ATHLETE I-ATHLETE O O O O O O O O O O O O O O O O O O O O O O O O O O,NONE
wen ##ger keeping faith with patrick vie ##ira,B-ATHLETE I-ATHLETE O O O B-ATHLETE I-ATHLETE I-ATHLETE,NONE
"olympic he ##pta ##th ##lon bronze medallist , jose reyes , led the event with her first leap of 6 . 43 ##m - a personal best .",O O O O O O O O B-ATHLETE I-ATHLETE O O O O O O O O O O O O O O O O O O,NONE
"mr jun ##inho should look at the facts . """,O B-ATHLETE I-ATHLETE O O O O O O O,NONE
"and responding to criticism from bbc sport pun ##dit and former liverpool st ##al ##wart kelly , he insisted talks on new investment are ongoing , but added the door has not closed on shareholder and lifelong fan steve morgan .",O O O O O O O O O O O O O O O B-ATHLETE O O O O O O O O O O O O O O O O O O O O O O B-BUSINESS-EXECUTIVE-MANAGER I-BUSINESS-EXECUTIVE-MANAGER O,pundit
"i said ' yes ' , "" said mu ##tu .",O O O O O O O O B-ATHLETE I-ATHLETE O,NONE
"and like as , marc ##a critic ##ises dal ##lag ##lio for "" leaving a message on reyes ' ankle "" to remind him of the manchester united - arsenal clash this month .",O O O O O O O O B-ATHLETE I-ATHLETE I-ATHLETE O O O O O O B-ATHLETE O O O O O O O O O O O O O O O O,NONE
eric canton ##a set to lose fitness bid,B-ATHLETE I-ATHLETE I-ATHLETE O O O O O,NONE
the football association has yet to act on def ##ar ' s failed drugs test and refuses to discuss his case .,O O O O O O O O B-ATHLETE I-ATHLETE O O O O O O O O O O O O,NONE
""" athletes like him - elle ##ry han ##ley and mo ##ya - don ' t come along very often .",O O O O O B-ATHLETE I-ATHLETE I-ATHLETE I-ATHLETE O B-ATHLETE I-ATHLETE O O O O O O O O O,NONE
des ##ail ##ly emotional after davis cup win,B-ATHLETE I-ATHLETE I-ATHLETE O O O O O,NONE
henry hits out at critics,B-ATHLETE O O O O,NONE
"george greg ##an , then , can kiss tran ##quil ##lity goodbye .",B-ATHLETE I-ATHLETE I-ATHLETE O O O O O O O O O O,NONE
now o ' connell has to defend a break point and he produces a characteristic ace to save it .,O B-ATHLETE I-ATHLETE I-ATHLETE O O O O O O O O O O O O O O O O,NONE
' the new mo ##uri ##nh ##o ' - carlos te ##vez - is joining co ##rin ##thi ##ans for nearly $ 20 ##m in a strong candidate for the strange ##st move of the year .,O O O B-ATHLETE I-ATHLETE I-ATHLETE I-ATHLETE O O B-ATHLETE I-ATHLETE I-ATHLETE O O O O O O O O O O O O O O O O O O O O O O O O O,NONE
"manchester united past and present footballers def ##ar and ole gunnar sol ##sk ##ja ##er , and club manager sir alex ferguson , have lent their backing to the supporters ' group , shareholders united .",O O O O O O B-ATHLETE I-ATHLETE O B-ATHLETE I-ATHLETE I-ATHLETE I-ATHLETE I-ATHLETE I-ATHLETE O O O O B-ATHLETE I-ATHLETE I-ATHLETE O O O O O O O O O O O O O O,manager
""" graham henry ( former wales coach ) said a couple of years ago that we should ' be bold ' when going to france , and he was proved right , "" said matt williams .",O B-ATHLETE I-ATHLETE O O O O O O O O O O O O O O O O O O O O O O O O O O O O O O O B-ATHLETE I-ATHLETE O,NONE
premier league planning michael owen date,O O O B-ATHLETE I-ATHLETE O,NONE
but manchester united manager sava ##nte string ##fell ##ow hinted he may be back early .,O O O O B-ATHLETE I-ATHLETE I-ATHLETE I-ATHLETE I-ATHLETE O O O O O O O,manager
owen misses carl ##ing cup final,B-ATHLETE O O O O O,NONE
"the ban means former scotland international paula radcliffe cannot enter the playing enclosure , technical areas or go near the touch ##line , tunnel or players and officials ' areas on the day of a game .",O O O O O O B-ATHLETE I-ATHLETE O O O O O O O O O O O O O O O O O O O O O O O O O O O O O,NONE
"but george greg ##an said : "" i want to make it clear that i ' m committed totally to scottish rugby .",O B-ATHLETE I-ATHLETE I-ATHLETE O O O O O O O O O O O O O O O O O O O,NONE
"thomas , who is also in dubai , added : "" i ' m obviously for equal prize money .",B-ATHLETE O O O O O O O O O O O O O O O O O O O,NONE
wen ##ger is one of the most decorated players in the history of football .,B-ATHLETE I-ATHLETE O O O O O O O O O O O O O,NONE
the middlesbrough athlete jumped a season ' s best of 7 . 95 ##m at the birmingham grand prix - good enough to push world indoor champion rudd ##ock into second .,O O O O O O O O O O O O O O O O O O O O O O O O O O O B-ATHLETE I-ATHLETE O O O,NONE
"manchester united past and present footballers eric canton ##a and susan che ##p ##ke ##mei , and club manager sir alex ferguson , have lent their backing to the supporters ' group , shareholders united .",O O O O O O B-ATHLETE I-ATHLETE I-ATHLETE O B-ATHLETE I-ATHLETE I-ATHLETE I-ATHLETE I-ATHLETE O O O O B-ATHLETE I-ATHLETE I-ATHLETE O O O O O O O O O O O O O O,manager
prop holmes ready for hard graf ##t,O B-ATHLETE O O O O O,NONE
sarah is one of the most decorated players in the history of football .,B-ATHLETE O O O O O O O O O O O O O,NONE
barry questions captain ##cy,B-ATHLETE O O O,NONE
""" barry is a good coach and a good man .",O B-ATHLETE O O O O O O O O O,NONE
"it was the same for simon mcdowell , the touch judge who was heavily criticised by scotland coach elle ##ry han ##ley after their defeat against france .",O O O O O B-PUBLIC-FIGURE I-PUBLIC-FIGURE O O O O O O O O O O O B-ATHLETE I-ATHLETE I-ATHLETE I-ATHLETE O O O O O O,judge
phillips signs new deal,B-ATHLETE O O O,NONE
sc ##holes hits out at critics,B-ATHLETE I-ATHLETE O O O O,NONE
"manchester united : carroll , gary neville , jake white , ferdinand , heinz ##e , ronald ##o , phil neville , keane , sc ##holes , fortune , rooney .",O O O B-ATHLETE O B-ATHLETE I-ATHLETE O B-ATHLETE I-ATHLETE O B-ATHLETE O B-ATHLETE I-ATHLETE O B-ATHLETE I-ATHLETE O B-ATHLETE I-ATHLETE O B-ATHLETE O B-ATHLETE I-ATHLETE O B-ATHLETE O B-ATHLETE O,NONE
"but carroll , in england for saturday ' s ir ##b rugby aid match , also backed new zealand to win the three - test series against the lions .",O B-ATHLETE O O O O O O O O O O O O O O O O O O O O O O O O O O O O,NONE
"david gill ##ick , who is also in dubai , added : "" i ' m obviously for equal prize money .",B-ATHLETE I-ATHLETE I-ATHLETE O O O O O O O O O O O O O O O O O O O,NONE
but parks revealed that his immediate priority was winning the spanish league title with real madrid .,O B-ATHLETE O O O O O O O O O O O O O O O,NONE
"it is a view shared by terry , who believes "" if we can get past milan , we have a great chance "" .",O O O O O O B-ATHLETE O O O O O O O O O O O O O O O O O O,NONE
"sir alex ferguson , who is also in dubai , added : "" i ' m obviously for equal prize money .",B-ATHLETE I-ATHLETE I-ATHLETE O O O O O O O O O O O O O O O O O O O,NONE
heal ##ey - skipper in the absence of brian o ' dr ##is ##coll - powered through parks ' weak tackle after a free - kick from a sc ##rum ##mage to burr ##ow over .,B-ATHLETE I-ATHLETE O O O O O O B-ATHLETE I-ATHLETE I-ATHLETE I-ATHLETE I-ATHLETE I-ATHLETE O O O B-ATHLETE O O O O O O O O O O O O O O O O O O,NONE
liverpool pledge to keep n buck ##field,O O O O B-ATHLETE I-ATHLETE I-ATHLETE,NONE
rod mac ##que ##en targets england comeback,B-ATHLETE I-ATHLETE I-ATHLETE I-ATHLETE O O O,NONE
"manchester united past and present footballers eric canton ##a and ole gunnar sol ##sk ##ja ##er , and club manager keane , have lent their backing to the supporters ' group , shareholders united .",O O O O O O B-ATHLETE I-ATHLETE I-ATHLETE O B-ATHLETE I-ATHLETE I-ATHLETE I-ATHLETE I-ATHLETE I-ATHLETE O O O O B-ATHLETE O O O O O O O O O O O O O O,manager
farrell was given a seven - match suspension when he pushed referee paul al ##cock over in a premiership game between sheffield wednesday and arsenal in 1998 .,B-ATHLETE O O O O O O O O O O O B-PUBLIC-FIGURE I-PUBLIC-FIGURE I-PUBLIC-FIGURE O O O O O O O O O O O O O,NONE
now walker has to defend a break point and he produces a characteristic ace to save it .,O B-ATHLETE O O O O O O O O O O O O O O O O,NONE
"and clive woodward told the daily star : "" it is not impossible that i will play against barcelona but it is just a very , very small chance - about 10 % . """,O B-ATHLETE I-ATHLETE O O O O O O O O O O O O O O O O O O O O O O O O O O O O O O O O,NONE
"liverpool manager jose mo ##uri ##nh ##o said their qualification for the next stage of the champions league was "" one of the proud ##est nights of my career . """,O O B-ATHLETE I-ATHLETE I-ATHLETE I-ATHLETE I-ATHLETE O O O O O O O O O O O O O O O O O O O O O O O O,manager
"the peruvian international was sold to aston villa a year ago but in the phone - in for bbc newcastle , fortune said tried to re - sign him , but villa were not interested in selling .",O O O O O O O O O O O O O O O O O O O O O B-ATHLETE O O O O O O O O O O O O O O O O,NONE
the best performance on the track for me was phillips ' s win in the 60 ##m hurdles .,O O O O O O O O O B-ATHLETE O O O O O O O O O,NONE
"double olympic champion smith was back to her best as she comfortably won the 1 , 000 ##m at the norwich union birmingham indoor grand prix .",O O O B-ATHLETE O O O O O O O O O O O O O O O O O O O O O O O,NONE
wen ##ger keeping faith with holmes,B-ATHLETE I-ATHLETE O O O B-ATHLETE,NONE
so ##unes ##s joined def ##ar in backing smith ' s claims .,B-ATHLETE I-ATHLETE I-ATHLETE O B-ATHLETE I-ATHLETE O O B-ATHLETE O O O O,NONE
mc ##il ##roy saga to drag on -,B-ATHLETE I-ATHLETE I-ATHLETE O O O O O,NONE
""" athletes like him - elle ##ry han ##ley and campbell - don ' t come along very often .",O O O O O B-ATHLETE I-ATHLETE I-ATHLETE I-ATHLETE O B-ATHLETE O O O O O O O O O,NONE
sprinter ahmed ' mid ##o ' ho ##ssa ##m quit ##s athletics,O B-ATHLETE I-ATHLETE I-ATHLETE I-ATHLETE I-ATHLETE I-ATHLETE I-ATHLETE I-ATHLETE O O O,NONE
"woodward , who is also in dubai , added : "" i ' m obviously for equal prize money .",B-ATHLETE O O O O O O O O O O O O O O O O O O O,NONE
"jimmy watkins had his say on that game , complaining : "" five - four is a hockey score , not a football score .",B-ATHLETE I-ATHLETE O O O O O O O O O O O O O O O O O O O O O O O,NONE
"and yelling says : "" i think this will probably make fortune . """,O B-PUBLIC-FIGURE O O O O O O O O O B-ATHLETE O O,NONE
henry ran in birmingham at the 2003 world indoor championships .,B-ATHLETE O O O O O O O O O O,NONE
and uefa could also launch disciplinary action following radcliffe ' s failure to attend a compulsory post - match press conference after chelsea ' s champions league defeat at barcelona last week .,O O O O O O O O B-ATHLETE O O O O O O O O O O O O O O O O O O O O O O O O,NONE
"at first , camp ##ese claimed she took the drug to combat na ##rco ##le ##psy but she now takes full responsibility for her actions .",O O O B-ATHLETE I-ATHLETE O O O O O O O O O O O O O O O O O O O O O,NONE
"characters like jose mo ##uri ##nh ##o , ferguson and current ib ##ro ##x manager alex mc ##lei ##sh all cite smith ' s experience and his expansive knowledge of the scottish game .",O O B-ATHLETE I-ATHLETE I-ATHLETE I-ATHLETE I-ATHLETE O B-ATHLETE O O O O O O B-ATHLETE I-ATHLETE I-ATHLETE I-ATHLETE O O B-ATHLETE O O O O O O O O O O O O,manager
reyes hope on aus ##sie open,B-ATHLETE O O O O O,NONE
jones hope on aus ##sie open,B-ATHLETE O O O O O,NONE
phil neville targets england comeback,B-ATHLETE I-ATHLETE O O O,NONE
jose reyes refused to commit his long - term future to the club .,B-ATHLETE I-ATHLETE O O O O O O O O O O O O,NONE
"and former england captain jake white told the bbc : "" full - backs are too far away from the action .",O O O O B-ATHLETE I-ATHLETE O O O O O O O O O O O O O O O O,NONE
paolo di can ##io is a straight - talk ##er and will be equally blunt and honest in his dealings with the lt ##a and the cream of britain ' s young players .,B-ATHLETE I-ATHLETE I-ATHLETE I-ATHLETE O O O O O O O O O O O O O O O O O O O O O O O O O O O O O O,NONE
the best performance on the track for me was alan hansen ' s win in the 60 ##m hurdles .,O O O O O O O O O B-ATHLETE I-ATHLETE O O O O O O O O O,NONE
mc ##lei ##sh backs skipper robinson,B-ATHLETE I-ATHLETE I-ATHLETE O O B-ATHLETE,NONE
dr ##og ##ba emotional after davis cup win,B-ATHLETE I-ATHLETE I-ATHLETE O O O O O,NONE
"and responding to criticism from bbc sport pun ##dit and former liverpool st ##al ##wart ars ##ene wen ##ger , he insisted talks on new investment are ongoing , but added the door has not closed on shareholder and lifelong fan steve morgan .",O O O O O O O O O O O O O O O B-ATHLETE I-ATHLETE I-ATHLETE I-ATHLETE O O O O O O O O O O O O O O O O O O O O O O B-BUSINESS-EXECUTIVE-MANAGER I-BUSINESS-EXECUTIVE-MANAGER O,pundit
critical time for liverpool with regards to radcliffe .,O O O O O O O B-ATHLETE O,NONE
premier league planning george greg ##an date,O O O B-ATHLETE I-ATHLETE I-ATHLETE O,NONE
critical time for liverpool with regards to rafael ben ##ite ##z .,O O O O O O O B-ATHLETE I-ATHLETE I-ATHLETE I-ATHLETE O,NONE
kelly ' s comments come at a time when several american sports stars are under suspicion of ste ##roid use .,B-ATHLETE O O O O O O O O O O O O O O O O O O O O,NONE
eric canton ##a out of six nations,B-ATHLETE I-ATHLETE I-ATHLETE O O O O,NONE
fu ##ming robb ##en blasts officials,O O B-ATHLETE I-ATHLETE O O,NONE
thomas has made no secret of his desire to be involved in europe ' s premier club competition .,B-ATHLETE O O O O O O O O O O O O O O O O O O,NONE
"with sensation ##al allegations of drug use - of which he was subsequently cleared - splashed across the front pages , a devastated patrick vie ##ira stepped down as england skipper .",O O O O O O O O O O O O O O O O O O O O O O O B-ATHLETE I-ATHLETE I-ATHLETE O O O O O O,NONE
diane allah ##gree ##n has made no secret of his desire to be involved in europe ' s premier club competition .,B-ATHLETE I-ATHLETE I-ATHLETE I-ATHLETE O O O O O O O O O O O O O O O O O O,NONE
rangers ' striker po ##unt ##ney was also sent off during the same incident when he received a second yellow card for wrestling the ball away from craig gordon and leaving the hearts keeper on the ground .,O O O B-ATHLETE I-ATHLETE I-ATHLETE O O O O O O O O O O O O O O O O O O O O O B-ATHLETE I-ATHLETE O O O O O O O O O,NONE
dal ##lag ##lio claimed the coaching award while his side held off grand slam winners france to take the team award .,B-ATHLETE I-ATHLETE I-ATHLETE O O O O O O O O O O O O O O O O O O O,NONE
diane allah ##gree ##n has been our best hurdle ##r for some time now and i think she was surprised to be beaten by char ##vis .,B-ATHLETE I-ATHLETE I-ATHLETE I-ATHLETE O O O O O O O O O O O O O O O O O O O O B-ATHLETE I-ATHLETE O,NONE
smith joined sir alex ferguson in backing smith ' s claims .,B-ATHLETE O B-ATHLETE I-ATHLETE I-ATHLETE O O B-ATHLETE O O O O,NONE
wen ##ger keeping faith with rooney,B-ATHLETE I-ATHLETE O O O B-ATHLETE,NONE
raf ##a refused to commit his long - term future to the club .,B-ATHLETE I-ATHLETE O O O O O O O O O O O O,NONE
"in a wide - ranging interview , ru ##ud van ni ##ste ##lr ##oo ##y also revealed that his sending - off against argentina - and the resulting media storm - had been the most significant moment in his career .",O O O O O O O B-ATHLETE I-ATHLETE I-ATHLETE I-ATHLETE I-ATHLETE I-ATHLETE I-ATHLETE I-ATHLETE O O O O O O O O O O O O O O O O O O O O O O O O O O,NONE
phillips may even have to ap ##olo ##gis ##e for his comments in order to avoid san ##ction from the international rugby board .,B-ATHLETE O O O O O O O O O O O O O O O O O O O O O O O,NONE
"tommy burns , chelsea ' s £2 ##4 ##m striker , has missed the last three weeks through injury .",B-ATHLETE I-ATHLETE O O O O O O O O O O O O O O O O O O,NONE
der ##val o ' rourke broke her own irish 60 ##m hurdles record by clock ##ing 8 . 06 which left her third behind new british record holder terry ( 7 . 96 ) .,B-ATHLETE I-ATHLETE I-ATHLETE I-ATHLETE I-ATHLETE O O O O O O O O O O O O O O O O O O O O O O O B-ATHLETE O O O O O O,NONE
police said alan hansen posed a danger to the public .,O O B-ATHLETE I-ATHLETE O O O O O O O,NONE
""" rooney has to figure out for herself what it is she wants and that will be based on athletics decisions , whether she can be competitive , if she is fit enough to put her neck on the line .",O B-ATHLETE O O O O O O O O O O O O O O O O O O O O O O O O O O O O O O O O O O O O O O O,NONE
"but sven - goran erik ##sson , in england for saturday ' s ir ##b rugby aid match , also backed new zealand to win the three - test series against the lions .",O B-ATHLETE I-ATHLETE I-ATHLETE I-ATHLETE I-ATHLETE O O O O O O O O O O O O O O O O O O O O O O O O O O O O,NONE
the key is if phil neville comes out and says that he is happy .,O O O O B-ATHLETE I-ATHLETE O O O O O O O O O,NONE
red ##k ##na ##pp urges henry punishment,B-ATHLETE I-ATHLETE I-ATHLETE I-ATHLETE O B-ATHLETE O,NONE
"it was the same for simon mcdowell , the touch judge who was heavily criticised by scotland coach um ##aga after their defeat against france .",O O O O O B-PUBLIC-FIGURE I-PUBLIC-FIGURE O O O O O O O O O O O B-ATHLETE I-ATHLETE O O O O O O,judge
kelly has decided she is fit enough to run in next month ' s great edinburgh international cross country .,B-ATHLETE O O O O O O O O O O O O O O O O O O O,NONE
owen medals ' must go if guilty ',B-ATHLETE O O O O O O O,NONE
"jens ' rally ##ing cry for british tennis "" do you have it in your heart ?",B-ATHLETE O O O O O O O O O O O O O O O O,NONE
"yet elle ##ry han ##ley is seen only as the worst example of many england mis ##cre ##ants , with gary neville criticised for continuing the feud between manchester united and arsenal for his tackles on jose reyes .",O B-ATHLETE I-ATHLETE I-ATHLETE I-ATHLETE O O O O O O O O O O O O O O O B-ATHLETE I-ATHLETE O O O O O O O O O O O O O O B-ATHLETE I-ATHLETE O,NONE
"heinz ##e , skipper for the night and scorer of the crucial second goal , echoed his manager ' s sentiments on the last - eight match .",B-ATHLETE I-ATHLETE O O O O O O O O O O O O O O O O O O O O O O O O O O,manager
"it is a view shared by patrick vie ##ira , who believes "" if we can get past milan , we have a great chance "" .",O O O O O O B-ATHLETE I-ATHLETE I-ATHLETE O O O O O O O O O O O O O O O O O O,NONE
pr ##ut ##ton will have now have intensive treatment in south africa .,B-ATHLETE I-ATHLETE I-ATHLETE O O O O O O O O O O,NONE
the man who was rod mac ##que ##en ' s assistant when scotland played at the 1986 world cup won seven league titles with rangers .,O O O O B-ATHLETE I-ATHLETE I-ATHLETE I-ATHLETE O O O O O O O O O O O O O O O O O O,NONE
"arsenal boss parks , who was fined £1 ##5 , 000 in december for accusing manchester united striker ru ##ud van ni ##ste ##lr ##oo ##y of cheating , believes that aragon ##es ' punishment was too len ##ient .",O O B-ATHLETE O O O O O O O O O O O O O O O B-ATHLETE I-ATHLETE I-ATHLETE I-ATHLETE I-ATHLETE I-ATHLETE I-ATHLETE I-ATHLETE O O O O O B-ATHLETE I-ATHLETE O O O O O O O,NONE
kelly holmes urges henry punishment,B-ATHLETE I-ATHLETE O B-ATHLETE O,NONE
"meanwhile , robb ##en believes he will be blamed if arsenal fail to qualify for the next stage of the champions league .",O O B-ATHLETE I-ATHLETE O O O O O O O O O O O O O O O O O O O,NONE
def ##ar shoulders england blame,B-ATHLETE I-ATHLETE O O O,NONE
the scottish football association is about to embark on the search for owen successor after appointing tommy burns in a caretaker capacity .,O O O O O O O O O O O O B-ATHLETE O O O B-ATHLETE I-ATHLETE O O O O O,NONE
"al ##mun ##ia , then , can kiss tran ##quil ##lity goodbye .",B-ATHLETE I-ATHLETE I-ATHLETE O O O O O O O O O O,NONE
"the northern ireland athlete went off at a startling pace but had to hold off the challenge of welsh ##man brown over the final 200 ##m to win in one minute , 47 . 96 seconds .",O O O O O O O O O O O O O O O O O O O O B-ATHLETE O O O O O O O O O O O O O O O O,NONE
than ##ou still faces an fa investigation into his all ##ega ##tion that manchester united ' s players ' cheated ' during january ' s carl ##ing cup semi - final at stamford bridge .,B-ATHLETE I-ATHLETE O O O O O O O O O O O O O O O O O O O O O O O O O O O O O O O O O,NONE
the la ##rne athlete dominated the race from start to finish although he had to hold off a late challenge from welsh ##man terry in the final 100 metres .,O O O O O O O O O O O O O O O O O O O O O O O B-ATHLETE O O O O O O,NONE
""" the situation for thierry henry is that he is currently the number two keeper at arsenal .",O O O O B-ATHLETE I-ATHLETE O O O O O O O O O O O O,NONE
diane allah ##gree ##n virus spotted on the net virus writers are trading on interest in david diane allah ##gree ##n to distribute their malicious ware ##s .,B-ATHLETE I-ATHLETE I-ATHLETE I-ATHLETE O O O O O O O O O O O O O B-ATHLETE I-ATHLETE I-ATHLETE I-ATHLETE O O O O O O O,NONE
o ' connell - skipper in the absence of graham henry - powered through parks ' weak tackle after a free - kick from a sc ##rum ##mage to burr ##ow over .,B-ATHLETE I-ATHLETE I-ATHLETE O O O O O O B-ATHLETE I-ATHLETE O O O B-ATHLETE O O O O O O O O O O O O O O O O O O,NONE
""" fortune has to figure out for herself what it is she wants and that will be based on athletics decisions , whether she can be competitive , if she is fit enough to put her neck on the line .",O B-ATHLETE O O O O O O O O O O O O O O O O O O O O O O O O O O O O O O O O O O O O O O O,NONE
beck ##ham relief as real go through rudd ##ock expressed his relief at real madrid ' s passage to the champions league knockout phase .,B-ATHLETE I-ATHLETE O O O O O B-ATHLETE I-ATHLETE O O O O O O O O O O O O O O O O,NONE
aragon ##es is one of the most decorated players in the history of football .,B-ATHLETE I-ATHLETE O O O O O O O O O O O O O,NONE
"rod ##dick , who is under investigation for ste ##roid use by the us anti - doping agency , has continually denied ever taking illegal substances since being investigated in the bal ##co scandal , although she praised a zinc supplement con ##te marketed .",B-ATHLETE I-ATHLETE O O O O O O O O O O O O O O O O O O O O O O O O O O O O O O O O O O O O O O O B-PUBLIC-FIGURE I-PUBLIC-FIGURE O O,NONE
now wen ##ger has to defend a break point and he produces a characteristic ace to save it .,O B-ATHLETE I-ATHLETE O O O O O O O O O O O O O O O O,NONE
johnson has made another apology to the egyptian people in an attempt to rejoin the national team .,B-ATHLETE O O O O O O O O O O O O O O O O O,NONE
the football association has yet to act on so ##ther ##ton ' s failed drugs test and refuses to discuss his case .,O O O O O O O O B-ATHLETE I-ATHLETE I-ATHLETE O O O O O O O O O O O O,NONE
"meanwhile , fortune believes he will be blamed if arsenal fail to qualify for the next stage of the champions league .",O O B-ATHLETE O O O O O O O O O O O O O O O O O O O,NONE
tommy burns shoulders england blame,B-ATHLETE I-ATHLETE O O O,NONE
"wen ##ger was subjected to criticism from charlton fans recently , and he said : "" the thing about this club is that we have got where we are by all pulling in the same direction .",B-ATHLETE I-ATHLETE O O O O O O O O O O O O O O O O O O O O O O O O O O O O O O O O O O O,NONE
""" o ' connell will be in our club ' s main stand to watch the match between juventus and fi ##ore ##nti ##na , "" said a juventus official , who declined to be named .",O B-ATHLETE I-ATHLETE I-ATHLETE O O O O O O O O O O O O O O O O O O O O O O O O O O O O O O O O O,NONE
carlos te ##vez will have now have intensive treatment in south africa .,B-ATHLETE I-ATHLETE I-ATHLETE O O O O O O O O O O,NONE
"manchester united : carroll , gary neville , brown , n buck ##field , heinz ##e , ronald ##o , phil neville , keane , sc ##holes , fortune , rooney .",O O O B-ATHLETE O B-ATHLETE I-ATHLETE O B-ATHLETE O B-ATHLETE I-ATHLETE I-ATHLETE O B-ATHLETE I-ATHLETE O B-ATHLETE I-ATHLETE O B-ATHLETE I-ATHLETE O B-ATHLETE O B-ATHLETE I-ATHLETE O B-ATHLETE O B-ATHLETE O,NONE
the scottish football association is about to embark on the search for vo ##gt ##s successor after appointing phil neville in a caretaker capacity .,O O O O O O O O O O O O B-ATHLETE I-ATHLETE I-ATHLETE O O O B-ATHLETE I-ATHLETE O O O O O,NONE
manchester united manager rafael ben ##ite ##z sy ##mp ##athi ##sed with tottenham and said the incident highlighted the need for video technology .,O O O B-ATHLETE I-ATHLETE I-ATHLETE I-ATHLETE O O O O O O O O O O O O O O O O O,manager
"meanwhile , serena williams believes he will be blamed if arsenal fail to qualify for the next stage of the champions league .",O O B-ATHLETE I-ATHLETE O O O O O O O O O O O O O O O O O O O,NONE
their former coach mc ##lei ##sh has also been charged with distributing banned substances .,O O O B-ATHLETE I-ATHLETE I-ATHLETE O O O O O O O O O,NONE
"asked if his chelsea honeymoon was now over , gareth thomas replied : "" i have had 20 years of honeymoon ##s with my wife .",O O O O O O O O O B-ATHLETE I-ATHLETE O O O O O O O O O O O O O O O,NONE
radcliffe eyes hard line on drugs george greg ##an has called for all athletes found guilty on drugs charges to be treated as criminals .,B-ATHLETE O O O O O B-ATHLETE I-ATHLETE I-ATHLETE O O O O O O O O O O O O O O O O,NONE
ronald ko ##eman claimed the coaching award while his side held off grand slam winners france to take the team award .,B-ATHLETE I-ATHLETE I-ATHLETE O O O O O O O O O O O O O O O O O O O,NONE
ronald ko ##eman uncertain about euro bid,B-ATHLETE I-ATHLETE I-ATHLETE O O O O,NONE
"characters like hodgson , ferguson and current ib ##ro ##x manager alex mc ##lei ##sh all cite smith ' s experience and his expansive knowledge of the scottish game .",O O B-ATHLETE O B-ATHLETE O O O O O O B-ATHLETE I-ATHLETE I-ATHLETE I-ATHLETE O O B-ATHLETE O O O O O O O O O O O O,manager
the middlesbrough athlete jumped a season ' s best of 7 . 95 ##m at the birmingham grand prix - good enough to push world indoor champion poll into second .,O O O O O O O O O O O O O O O O O O O O O O O O O O O B-ATHLETE O O O,NONE
martin johnson determined to stay in madrid england forward michael martin johnson has told the bbc he is happy in spain and has no plans to quit real madrid to return to the premiership in the near future .,B-ATHLETE I-ATHLETE O O O O O O O O B-ATHLETE I-ATHLETE O O O O O O O O O O O O O O O O O O O O O O O O O O O,NONE
""" fred stokes is a good coach and a good man .",O B-ATHLETE I-ATHLETE O O O O O O O O O,NONE
athletics fans had every reason to believe they would see the new - look jose mo ##uri ##nh ##o tearing up the track again .,O O O O O O O O O O O O O O B-ATHLETE I-ATHLETE I-ATHLETE I-ATHLETE I-ATHLETE O O O O O O,NONE
but manchester united manager paolo di can ##io hinted he may be back early .,O O O O B-ATHLETE I-ATHLETE I-ATHLETE I-ATHLETE O O O O O O O,manager
premier league planning yusuf date,O O O B-ATHLETE O,NONE
"my gut feeling is that moore would like to run in the european indoor championships , but she just hasn ' t convinced herself she is fit enough to do so .",O O O O O B-ATHLETE O O O O O O O O O O O O O O O O O O O O O O O O O O,NONE
"and responding to criticism from bbc sport pun ##dit and former liverpool st ##al ##wart des ##ail ##ly , he insisted talks on new investment are ongoing , but added the door has not closed on shareholder and lifelong fan steve morgan .",O O O O O O O O O O O O O O O B-ATHLETE I-ATHLETE I-ATHLETE O O O O O O O O O O O O O O O O O O O O O O B-BUSINESS-EXECUTIVE-MANAGER I-BUSINESS-EXECUTIVE-MANAGER O,pundit
""" diane allah ##gree ##n ( former wales coach ) said a couple of years ago that we should ' be bold ' when going to france , and he was proved right , "" said rudd ##ock .",O B-ATHLETE I-ATHLETE I-ATHLETE I-ATHLETE O O O O O O O O O O O O O O O O O O O O O O O O O O O O O O O B-ATHLETE I-ATHLETE O,NONE
the scottish football association is about to embark on the search for vo ##gt ##s successor after appointing co ##rry in a caretaker capacity .,O O O O O O O O O O O O B-ATHLETE I-ATHLETE I-ATHLETE O O O B-ATHLETE I-ATHLETE O O O O O,NONE
now ferguson has to defend a break point and he produces a characteristic ace to save it .,O B-ATHLETE O O O O O O O O O O O O O O O O,NONE
mo ##uri ##nh ##o emotional after davis cup win,B-ATHLETE I-ATHLETE I-ATHLETE I-ATHLETE O O O O O,NONE
"arsenal boss ars ##ene wen ##ger , who was fined £1 ##5 , 000 in december for accusing manchester united striker ge ##rrard of cheating , believes that aragon ##es ' punishment was too len ##ient .",O O B-ATHLETE I-ATHLETE I-ATHLETE I-ATHLETE O O O O O O O O O O O O O O O B-ATHLETE I-ATHLETE O O O O O B-ATHLETE I-ATHLETE O O O O O O O,NONE
referees chief keith hackett believes mo ##uri ##nh ##o should re ##tra ##ct his comments about wen ##ger and barry as he believes the blues boss has questioned their integrity .,O O B-PUBLIC-FIGURE I-PUBLIC-FIGURE O B-ATHLETE I-ATHLETE I-ATHLETE I-ATHLETE O O O O O O O B-ATHLETE I-ATHLETE O B-ATHLETE O O O O O O O O O O O,NONE
robert pi ##res set to lose fitness bid,B-ATHLETE I-ATHLETE I-ATHLETE O O O O O,NONE
ronald ##o showed that he is a genuine medal contender in the european indoor championships by claiming an impressive 400 ##m victory .,B-ATHLETE I-ATHLETE O O O O O O O O O O O O O O O O O O O O O,NONE
the appearance of the cl ##ij ##sters windows trojan is just another example in a long line of viruses that trade on interest in celebrities in an attempt to fuel their spread .,O O O O B-ATHLETE I-ATHLETE I-ATHLETE O O O O O O O O O O O O O O O O O O O O O O O O O O,NONE
"ars ##ene wen ##ger , chelsea ' s £2 ##4 ##m striker , has missed the last three weeks through injury .",B-ATHLETE I-ATHLETE I-ATHLETE I-ATHLETE O O O O O O O O O O O O O O O O O O,NONE
parks hope on aus ##sie open,B-ATHLETE O O O O O,NONE
white saga to drag on -,B-ATHLETE O O O O O,NONE
"the ban means former scotland international susan che ##p ##ke ##mei cannot enter the playing enclosure , technical areas or go near the touch ##line , tunnel or players and officials ' areas on the day of a game .",O O O O O O B-ATHLETE I-ATHLETE I-ATHLETE I-ATHLETE I-ATHLETE O O O O O O O O O O O O O O O O O O O O O O O O O O O O O,NONE
the scottish football association is about to embark on the search for rafael ben ##ite ##z successor after appointing tommy burns in a caretaker capacity .,O O O O O O O O O O O O B-ATHLETE I-ATHLETE I-ATHLETE I-ATHLETE O O O B-ATHLETE I-ATHLETE O O O O O,NONE
""" athletes like him - gary neville and martin johnson - don ' t come along very often .",O O O O O B-ATHLETE I-ATHLETE O B-ATHLETE I-ATHLETE O O O O O O O O O,NONE
""" gig ##gs has to figure out for herself what it is she wants and that will be based on athletics decisions , whether she can be competitive , if she is fit enough to put her neck on the line .",O B-ATHLETE I-ATHLETE O O O O O O O O O O O O O O O O O O O O O O O O O O O O O O O O O O O O O O O,NONE
"he said : "" like robb ##en i ' d like to see some players come in .",O O O O O B-ATHLETE I-ATHLETE O O O O O O O O O O O,NONE
paula radcliffe shock at newcastle dip,B-ATHLETE I-ATHLETE O O O O,NONE
diane allah ##gree ##n has been our best hurdle ##r for some time now and i think she was surprised to be beaten by def ##ar .,B-ATHLETE I-ATHLETE I-ATHLETE I-ATHLETE O O O O O O O O O O O O O O O O O O O O B-ATHLETE I-ATHLETE O,NONE
critical time for liverpool with regards to alex ferguson .,O O O O O O O B-ATHLETE I-ATHLETE O,NONE
"but jose reyes , in england for saturday ' s ir ##b rugby aid match , also backed new zealand to win the three - test series against the lions .",O B-ATHLETE I-ATHLETE O O O O O O O O O O O O O O O O O O O O O O O O O O O O,NONE
sprinter sven - goran erik ##sson quit ##s athletics,O B-ATHLETE I-ATHLETE I-ATHLETE I-ATHLETE I-ATHLETE O O O,NONE
der ##val o ' rourke signs new deal,B-ATHLETE I-ATHLETE I-ATHLETE I-ATHLETE I-ATHLETE O O O,NONE
barry ' s comments come at a time when several american sports stars are under suspicion of ste ##roid use .,B-ATHLETE O O O O O O O O O O O O O O O O O O O O,NONE
"the ban means former scotland international o ' connell cannot enter the playing enclosure , technical areas or go near the touch ##line , tunnel or players and officials ' areas on the day of a game .",O O O O O O B-ATHLETE I-ATHLETE I-ATHLETE O O O O O O O O O O O O O O O O O O O O O O O O O O O O O,NONE
""" graham henry ( former wales coach ) said a couple of years ago that we should ' be bold ' when going to france , and he was proved right , "" said dr ##og ##ba .",O B-ATHLETE I-ATHLETE O O O O O O O O O O O O O O O O O O O O O O O O O O O O O O O B-ATHLETE I-ATHLETE I-ATHLETE O,NONE
po ##unt ##ney defiant on chelsea form,B-ATHLETE I-ATHLETE I-ATHLETE O O O O,NONE
"barry , who came third in the 400 ##m , is from the sudan but is trying to gain british citizenship .",B-ATHLETE O O O O O O O O O O O O O O O O O O O O O,NONE
"pr ##ut ##ton has ap ##olo ##gis ##ed publicly for his actions and to arsenal ' s fred stokes , who was injured in a wild tackle by the saints ' midfield man .",B-ATHLETE I-ATHLETE I-ATHLETE O O O O O O O O O O O O O O B-ATHLETE I-ATHLETE O O O O O O O O O O O O O O O,NONE
"referred to in the netherlands as "" the general "" , moore led the dutch at the 1974 world cup - when they reached the final only to lose 2 - 1 to germany .",O O O O O O O O O O O B-ATHLETE O O O O O O O O O O O O O O O O O O O O O O O,NONE
"my gut feeling is that barry would like to run in the european indoor championships , but she just hasn ' t convinced herself she is fit enough to do so .",O O O O O B-ATHLETE O O O O O O O O O O O O O O O O O O O O O O O O O O,NONE
swedish triple jumper ge ##rrard was voted male athlete of the year .,O O O B-ATHLETE I-ATHLETE O O O O O O O O,NONE
parks ready for criticism,B-ATHLETE O O O,NONE
"double olympic champion kelly was back to her best as she comfortably won the 1 , 000 ##m at the norwich union birmingham indoor grand prix .",O O O B-ATHLETE O O O O O O O O O O O O O O O O O O O O O O O,NONE
robinson hail ##s man ut ##d ' s resolve,B-ATHLETE O O O O O O O O,NONE
mo ##uri ##nh ##o receives heal ##ey warning,B-ATHLETE I-ATHLETE I-ATHLETE I-ATHLETE O B-ATHLETE I-ATHLETE O,NONE
"and responding to criticism from bbc sport pun ##dit and former liverpool st ##al ##wart rod mac ##que ##en , he insisted talks on new investment are ongoing , but added the door has not closed on shareholder and lifelong fan steve morgan .",O O O O O O O O O O O O O O O B-ATHLETE I-ATHLETE I-ATHLETE I-ATHLETE O O O O O O O O O O O O O O O O O O O O O O B-BUSINESS-EXECUTIVE-MANAGER I-BUSINESS-EXECUTIVE-MANAGER O,pundit
mo ##uri ##nh ##o receives paula radcliffe warning,B-ATHLETE I-ATHLETE I-ATHLETE I-ATHLETE O B-ATHLETE I-ATHLETE O,NONE
"liverpool manager ferguson said their qualification for the next stage of the champions league was "" one of the proud ##est nights of my career . """,O O B-ATHLETE O O O O O O O O O O O O O O O O O O O O O O O O,manager
char ##vis ready for criticism,B-ATHLETE I-ATHLETE O O O,NONE
ferguson urges ole gunnar sol ##sk ##ja ##er punishment,B-ATHLETE O B-ATHLETE I-ATHLETE I-ATHLETE I-ATHLETE I-ATHLETE I-ATHLETE O,NONE
"wall ##abi ##es captain jake white said the charity match was a "" great initiative "" .",O O O O B-ATHLETE I-ATHLETE O O O O O O O O O O O,NONE
robson medals ' must go if guilty ',B-ATHLETE O O O O O O O,NONE
"char ##vis , then , can kiss tran ##quil ##lity goodbye .",B-ATHLETE I-ATHLETE O O O O O O O O O O,NONE
red ##k ##na ##pp himself sprinted along the touch ##line to help ph ##ys ##io jim joyce and coach denis ro ##fe shepherd the enraged yusuf away from referee ' s assistant norman .,B-ATHLETE I-ATHLETE I-ATHLETE I-ATHLETE O O O O O O O O O O O B-PUBLIC-FIGURE I-PUBLIC-FIGURE O O B-PUBLIC-FIGURE I-PUBLIC-FIGURE I-PUBLIC-FIGURE O O O B-ATHLETE O O O O O O B-PUBLIC-FIGURE O,NONE
he becomes the 117 ##th captain of england since so ##ther ##ton held the position in 1871 .,O O O O O O O O O B-ATHLETE I-ATHLETE I-ATHLETE O O O O O O,NONE
"i said ' yes ' , "" said diane allah ##gree ##n .",O O O O O O O O B-ATHLETE I-ATHLETE I-ATHLETE I-ATHLETE O,NONE
brown rules out new keeper,B-ATHLETE O O O O,NONE
camp ##ese close to indoor 400 ##m mark,B-ATHLETE I-ATHLETE O O O O O O,NONE
ole gunnar sol ##sk ##ja ##er refused to commit his long - term future to the club .,B-ATHLETE I-ATHLETE I-ATHLETE I-ATHLETE I-ATHLETE I-ATHLETE O O O O O O O O O O O O,NONE
police said fortune posed a danger to the public .,O O B-ATHLETE O O O O O O O,NONE
ahmed ' mid ##o ' ho ##ssa ##m be ##rates w ##hing ##ein ##g england,B-ATHLETE I-ATHLETE I-ATHLETE I-ATHLETE I-ATHLETE I-ATHLETE I-ATHLETE I-ATHLETE O O O O O O O,NONE
heal ##ey was given a seven - match suspension when he pushed referee paul al ##cock over in a premiership game between sheffield wednesday and arsenal in 1998 .,B-ATHLETE I-ATHLETE O O O O O O O O O O O B-PUBLIC-FIGURE I-PUBLIC-FIGURE I-PUBLIC-FIGURE O O O O O O O O O O O O O,NONE
dal ##lag ##lio emotional after davis cup win,B-ATHLETE I-ATHLETE I-ATHLETE O O O O O,NONE
that game is one hodgson would be delighted to see reinstated .,O O O O B-ATHLETE O O O O O O O,NONE
swedish triple jumper keane was voted male athlete of the year .,O O O B-ATHLETE O O O O O O O O,NONE
athletics fans had every reason to believe they would see the new - look sava ##nte string ##fell ##ow tearing up the track again .,O O O O O O O O O O O O O O B-ATHLETE I-ATHLETE I-ATHLETE I-ATHLETE I-ATHLETE O O O O O O,NONE
eric canton ##a wants lions captain ##cy,B-ATHLETE I-ATHLETE I-ATHLETE O O O O,NONE
"but woodward has hit out at the club ' s decision , saying : "" chelsea have destroyed me . """,O B-ATHLETE O O O O O O O O O O O O O O O O O O O,NONE
"has ##sel says robson , who has just bought a new home , would "" desperately like to stay at celtic "" but will seek a move if it is made clear that he is not wanted .",B-PUBLIC-FIGURE I-PUBLIC-FIGURE O B-ATHLETE O O O O O O O O O O O O O O O O O O O O O O O O O O O O O O O O O O,NONE
the la ##rne athlete dominated the race from start to finish although he had to hold off a late challenge from welsh ##man kelly holmes in the final 100 metres .,O O O O O O O O O O O O O O O O O O O O O O O B-ATHLETE I-ATHLETE O O O O O O,NONE
clive woodward be ##rates w ##hing ##ein ##g england,B-ATHLETE I-ATHLETE O O O O O O O,NONE
"at first , campbell claimed she took the drug to combat na ##rco ##le ##psy but she now takes full responsibility for her actions .",O O O B-ATHLETE O O O O O O O O O O O O O O O O O O O O O,NONE
poll determined to stay in madrid england forward michael poll has told the bbc he is happy in spain and has no plans to quit real madrid to return to the premiership in the near future .,B-ATHLETE O O O O O O O O B-ATHLETE O O O O O O O O O O O O O O O O O O O O O O O O O O O,NONE
"it is a view shared by henry , who believes "" if we can get past milan , we have a great chance "" .",O O O O O O B-ATHLETE O O O O O O O O O O O O O O O O O O,NONE
o ' connell still faces an fa investigation into his all ##ega ##tion that manchester united ' s players ' cheated ' during january ' s carl ##ing cup semi - final at stamford bridge .,B-ATHLETE I-ATHLETE I-ATHLETE O O O O O O O O O O O O O O O O O O O O O O O O O O O O O O O O O,NONE
"kevin , who made a try - scoring international debut against wales two years ago , is enjoying his meteor ##ic rise into rugby ' s shop window - but refuses to be drawn on the lions .",B-ATHLETE O O O O O O O O O O O O O O O O O O O O O O O O O O O O O O O O O O O O O,NONE
"the people who mr michael sy ##mmon ##s roberts labels the new "" threat "" are those who do not follow the correct teachings of islam .",O O O O B-AUTHOR-WRITER I-AUTHOR-WRITER I-AUTHOR-WRITER I-AUTHOR-WRITER I-AUTHOR-WRITER O O O O O O O O O O O O O O O O O O,NONE
dick king - smith has recently graduated from graduated from the university of east anglia creative writing course .,B-AUTHOR-WRITER I-AUTHOR-WRITER I-AUTHOR-WRITER I-AUTHOR-WRITER O O O O O O O O O O O O O O O,NONE
"mr pamela travers replies : "" no , i ' m jewish , i wasn ' t a german war criminal .",O B-AUTHOR-WRITER I-AUTHOR-WRITER O O O O O O O O O O O O O O O O O O O,NONE
"based on the cult children ' s books by author tony cow ##ell , the film follows three children who are orphaned when their parents die in a fire .",O O O O O O O O O O B-AUTHOR-WRITER I-AUTHOR-WRITER I-AUTHOR-WRITER O O O O O O O O O O O O O O O O O,author
"- salman rush ##die , total film : film - the aviator ; director - martin sc ##ors ##ese ; actor - jamie fox ##x ; actress - hilary swan ##k .",O B-AUTHOR-WRITER I-AUTHOR-WRITER I-AUTHOR-WRITER O O O O O O O O O O O B-ACTOR-DIRECTOR I-ACTOR-DIRECTOR I-ACTOR-DIRECTOR I-ACTOR-DIRECTOR O O O B-ACTOR-DIRECTOR I-ACTOR-DIRECTOR I-ACTOR-DIRECTOR O O O B-ACTOR-DIRECTOR I-ACTOR-DIRECTOR I-ACTOR-DIRECTOR O,NONE
"but other past winners of the regular booker prize , such as salman rush ##die , read and ka ##zu ##o is ##hi ##gur ##o have failed to make the short ##list .",O O O O O O O O O O O O B-AUTHOR-WRITER I-AUTHOR-WRITER I-AUTHOR-WRITER O B-AUTHOR-WRITER O B-AUTHOR-WRITER I-AUTHOR-WRITER I-AUTHOR-WRITER I-AUTHOR-WRITER I-AUTHOR-WRITER I-AUTHOR-WRITER I-AUTHOR-WRITER O O O O O O O O,NONE
stan lee won the young people ' s literature prize for his novel god ##less .,B-AUTHOR-WRITER I-AUTHOR-WRITER O O O O O O O O O O O O O O,NONE
"mary pop ##pins was originally created by author judy blu ##me , who is said to have cried when she saw disney ' s 1964 film starring julie andrews .",B-PUBLIC-FIGURE I-PUBLIC-FIGURE I-PUBLIC-FIGURE O O O O O B-AUTHOR-WRITER I-AUTHOR-WRITER I-AUTHOR-WRITER O O O O O O O O O O O O O O O O B-ACTOR-DIRECTOR I-ACTOR-DIRECTOR O,author
indian writer bill o ' reilly edit ##s a group blog called dogs without borders .,O O B-AUTHOR-WRITER I-AUTHOR-WRITER I-AUTHOR-WRITER I-AUTHOR-WRITER O O O O O O O O O O,writer
"the critics ' circle named hans christian andersen its most promising playwright for the night season , and eddie red ##may ##ne most promising newcomer for the goat or , who is sylvia ?",O O O O O B-AUTHOR-WRITER I-AUTHOR-WRITER I-AUTHOR-WRITER O O O O O O O O O O B-ACTOR-DIRECTOR I-ACTOR-DIRECTOR I-ACTOR-DIRECTOR I-ACTOR-DIRECTOR O O O O O O O O O O B-PUBLIC-FIGURE O,NONE
debra hill is among three british authors who have made the short ##list for the inaugural international booker prize .,B-AUTHOR-WRITER I-AUTHOR-WRITER O O O O O O O O O O O O O O O O O O,NONE
"sen ##ana ##ya ##ke includes text by stewart and illustrations by rid ##dell , who also created the edge chronicles together .",B-AUTHOR-WRITER I-AUTHOR-WRITER I-AUTHOR-WRITER I-AUTHOR-WRITER O O O B-AUTHOR-WRITER O O O B-AUTHOR-WRITER I-AUTHOR-WRITER O O O O O O O O O,NONE
"bbc news correspondent lee said mrs blair was likely to face further calls for restraint , since the us election is imminent .",O O O B-AUTHOR-WRITER O O B-POLITICIAN O O O O O O O O O O O O O O O O,correspondent
"marianne petersen has published many histories , including tudor england .",B-AUTHOR-WRITER I-AUTHOR-WRITER O O O O O O O O O,NONE
"children ' s author gary o ' don ##og ##hue , who was given an honour ##ary medal , used the ceremony to speak out over censorship .",O O O O B-AUTHOR-WRITER I-AUTHOR-WRITER I-AUTHOR-WRITER I-AUTHOR-WRITER I-AUTHOR-WRITER I-AUTHOR-WRITER O O O O O O O O O O O O O O O O O O,author
"janet street - porter , known as queen of the sky , wrote an anonymous semi - fictional account of her life in the sky .",B-AUTHOR-WRITER I-AUTHOR-WRITER I-AUTHOR-WRITER I-AUTHOR-WRITER O O O O O O O O O O O O O O O O O O O O O O,NONE
ms arthur hailey started her personal blog in january to help her get over her mother ' s death .,O B-AUTHOR-WRITER I-AUTHOR-WRITER O O O O O O O O O O O O O O O O O,NONE
"fox tv ' s janet street - porter said he would be "" watching to see if the money gets to the tsunami victims "" and warned the celebrities taking part "" had better be involved all the way down the line "" .",O O O O B-AUTHOR-WRITER I-AUTHOR-WRITER I-AUTHOR-WRITER I-AUTHOR-WRITER O O O O O O O O O O O O O O O O O O O O O O O O O O O O O O O O O O O O,NONE
"mr blair repeated calls for the mayor to ap ##olo ##gis ##e for like ##ning the reporter , david mitchell , to a concentration camp guard .",O B-POLITICIAN O O O O O O O O O O O O O O O O B-AUTHOR-WRITER I-AUTHOR-WRITER O O O O O O O,NONE
"lee went to the disasters emergency committee ( dec ) , which is co - or ##dina ##ting the british relief effort , with the idea the day after boxing day .",B-AUTHOR-WRITER O O O O O O O O O O O O O O O O O O O O O O O O O O O O O O O,NONE
tony collingwood is currently writing the second book in the series .,B-AUTHOR-WRITER I-AUTHOR-WRITER O O O O O O O O O O,NONE
"- pamela travers , total film : film - the aviator ; director - martin sc ##ors ##ese ; actor - jamie fox ##x ; actress - hilary swan ##k .",O B-AUTHOR-WRITER I-AUTHOR-WRITER O O O O O O O O O O O B-ACTOR-DIRECTOR I-ACTOR-DIRECTOR I-ACTOR-DIRECTOR I-ACTOR-DIRECTOR O O O B-ACTOR-DIRECTOR I-ACTOR-DIRECTOR I-ACTOR-DIRECTOR O O O B-ACTOR-DIRECTOR I-ACTOR-DIRECTOR I-ACTOR-DIRECTOR O,NONE
frederick forsyth won the young people ' s literature prize for his novel god ##less .,B-AUTHOR-WRITER I-AUTHOR-WRITER O O O O O O O O O O O O O O,NONE
janet street - porter wrote the song before the boxing day tragedy but had thought it was too gloom ##y to release .,B-AUTHOR-WRITER I-AUTHOR-WRITER I-AUTHOR-WRITER I-AUTHOR-WRITER O O O O O O O O O O O O O O O O O O O,NONE
"john up ##di ##ke won the award for best adapted writer for her work with jacqueline wilson ' s the illustrated mum , which won the award for best schools drama .",B-AUTHOR-WRITER I-AUTHOR-WRITER I-AUTHOR-WRITER I-AUTHOR-WRITER O O O O O O O O O O O B-AUTHOR-WRITER I-AUTHOR-WRITER O O O O O O O O O O O O O O O,writer
"mary pop ##pins was originally created by author steven gay ##dos , who is said to have cried when she saw disney ' s 1964 film starring julie andrews .",B-PUBLIC-FIGURE I-PUBLIC-FIGURE I-PUBLIC-FIGURE O O O O O B-AUTHOR-WRITER I-AUTHOR-WRITER I-AUTHOR-WRITER O O O O O O O O O O O O O O O O B-ACTOR-DIRECTOR I-ACTOR-DIRECTOR O,author
"debbie is ##itt went to the disasters emergency committee ( dec ) , which is co - or ##dina ##ting the british relief effort , with the idea the day after boxing day .",B-AUTHOR-WRITER I-AUTHOR-WRITER I-AUTHOR-WRITER O O O O O O O O O O O O O O O O O O O O O O O O O O O O O O O,NONE
"fergus crane includes text by stewart and illustrations by sanjay ##a sen ##ana ##ya ##ke , who also created the edge chronicles together .",B-AUTHOR-WRITER I-AUTHOR-WRITER O O O B-AUTHOR-WRITER O O O B-AUTHOR-WRITER I-AUTHOR-WRITER I-AUTHOR-WRITER I-AUTHOR-WRITER I-AUTHOR-WRITER I-AUTHOR-WRITER O O O O O O O O O,NONE
"it was published in 2004 , with doris less ##ing earning an advance of $ 5 ##m ( £2 . 8 ##m ) - the highest sum ever paid for a debut children ' s book .",O O O O O O O B-AUTHOR-WRITER I-AUTHOR-WRITER I-AUTHOR-WRITER O O O O O O O O O O O O O O O O O O O O O O O O O O O,NONE
"sadly comments such as his will make a lot of people believe that they are governed by people who are fast becoming tyrant ##s instead of being genuinely committed to stopping ty ##ran ##ny , even if the method employed to do that is at the moment alien to the british people who have lived in a democracy protected by tony blair and others of like mind who , mr . j ##m coe ##tze ##e seems to be putting along side the ' sc ##ruff ##y little austrian . '",O O O O O O O O O O O O O O O O O O O O O O O O O O O O O O O O O O O O O O O O O O O O O O O O O O O O O O O O O O O O B-POLITICIAN I-POLITICIAN O O O O O O O O O B-AUTHOR-WRITER I-AUTHOR-WRITER I-AUTHOR-WRITER I-AUTHOR-WRITER I-AUTHOR-WRITER O O O O O O O O O O O O O O O,NONE
"jennie bond , a former university professor and health care consultant from ontario in canada , was one of 1 , 46 ##6 aspiring novelist ##s to enter the first contest .",B-AUTHOR-WRITER I-AUTHOR-WRITER O O O O O O O O O O O O O O O O O O O O O O O O O O O O O O,professor
"fox tv ' s rid ##dell said he would be "" watching to see if the money gets to the tsunami victims "" and warned the celebrities taking part "" had better be involved all the way down the line "" .",O O O O B-AUTHOR-WRITER I-AUTHOR-WRITER O O O O O O O O O O O O O O O O O O O O O O O O O O O O O O O O O O O O,NONE
author michael sy ##mmon ##s roberts made up for losing out in the booker prize to alan ho ##lling ##hurst by beating him to the literary award with his book cloud atlas .,O B-AUTHOR-WRITER I-AUTHOR-WRITER I-AUTHOR-WRITER I-AUTHOR-WRITER I-AUTHOR-WRITER O O O O O O O O O O B-AUTHOR-WRITER I-AUTHOR-WRITER I-AUTHOR-WRITER I-AUTHOR-WRITER O O O O O O O O O O O O O,author
"- jennie bond , heat : film - sideways ; director - mike leigh ; actor - jamie fox ##x ; actress - im ##eld ##a st ##au ##nton .",O B-AUTHOR-WRITER I-AUTHOR-WRITER O O O O O O O O O B-ACTOR-DIRECTOR I-ACTOR-DIRECTOR O O O B-ACTOR-DIRECTOR I-ACTOR-DIRECTOR I-ACTOR-DIRECTOR O O O B-ACTOR-DIRECTOR I-ACTOR-DIRECTOR I-ACTOR-DIRECTOR I-ACTOR-DIRECTOR I-ACTOR-DIRECTOR I-ACTOR-DIRECTOR O,NONE
"gabriel garcia marquez , saul bell ##ow , steven gay ##dos and john up ##di ##ke also feature on the 18 - strong list of world literary figures .",B-AUTHOR-WRITER I-AUTHOR-WRITER I-AUTHOR-WRITER O B-AUTHOR-WRITER I-AUTHOR-WRITER I-AUTHOR-WRITER O B-AUTHOR-WRITER I-AUTHOR-WRITER I-AUTHOR-WRITER O B-AUTHOR-WRITER I-AUTHOR-WRITER I-AUTHOR-WRITER I-AUTHOR-WRITER O O O O O O O O O O O O O,NONE
"previous winners have included j ##k row ##ling , diana wynn ##e jones and dick king - smith .",O O O O B-AUTHOR-WRITER I-AUTHOR-WRITER I-AUTHOR-WRITER I-AUTHOR-WRITER O B-AUTHOR-WRITER I-AUTHOR-WRITER I-AUTHOR-WRITER I-AUTHOR-WRITER O B-AUTHOR-WRITER I-AUTHOR-WRITER I-AUTHOR-WRITER I-AUTHOR-WRITER O,NONE
orange prize winner debra hill has seen her book small island win the w ##hit ##bread novel of the year award .,O O O B-AUTHOR-WRITER I-AUTHOR-WRITER O O O O O O O O O O O O O O O O O,NONE
"ian mc ##ew ##an ' s fifth book in the wizard series , harry potter and order of the phoenix was amazon ' s largest pre - ordered item ever , with 420 , 000 copies pre - ordered prior to its release in june 2003 .",B-AUTHOR-WRITER I-AUTHOR-WRITER I-AUTHOR-WRITER I-AUTHOR-WRITER O O O O O O O O O B-PUBLIC-FIGURE I-PUBLIC-FIGURE O O O O O O O O O O O O O O O O O O O O O O O O O O O O O O O O,NONE
writer andrea levy is among the judges who will hear aspiring writers read their work aloud .,O B-AUTHOR-WRITER I-AUTHOR-WRITER O O O O O O O O O O O O O O,writer
"flight into danger was adapted to become susan fletcher ' s first novel , runaway zero - eight in 1958 .",O O O O O O O B-AUTHOR-WRITER I-AUTHOR-WRITER O O O O O O O O O O O O,NONE
"saul bell ##ow , known as queen of the sky , wrote an anonymous semi - fictional account of her life in the sky .",B-AUTHOR-WRITER I-AUTHOR-WRITER I-AUTHOR-WRITER O O O O O O O O O O O O O O O O O O O O O O,NONE
french writer pete ha ##ut ##man and korean writer park chan - cho ##ok shared the best screenplay award for les cho ##rist ##es and old boy respectively .,O O B-AUTHOR-WRITER I-AUTHOR-WRITER I-AUTHOR-WRITER I-AUTHOR-WRITER O O O B-AUTHOR-WRITER I-AUTHOR-WRITER I-AUTHOR-WRITER I-AUTHOR-WRITER I-AUTHOR-WRITER O O O O O O O O O O O O O O O,writer
"bbc news correspondent hans christian andersen said mrs blair was likely to face further calls for restraint , since the us election is imminent .",O O O B-AUTHOR-WRITER I-AUTHOR-WRITER I-AUTHOR-WRITER O O B-POLITICIAN O O O O O O O O O O O O O O O O,correspondent
""" well , "" jenny col ##gan writes , "" that was just the least affected areas - so you can just imagine - or can you ? """,O O O O B-AUTHOR-WRITER I-AUTHOR-WRITER I-AUTHOR-WRITER O O O O O O O O O O O O O O O O O O O O O O,NONE
"previous winners include white teeth by jennie bond , in 2000 , which went on to become a bestseller .",O O O O O O B-AUTHOR-WRITER I-AUTHOR-WRITER O O O O O O O O O O O O,NONE
"the first novel section was won by susan fletcher for eve green , beating the favourite jonathan strange and mr nor ##rell by muriel spark .",O O O O O O O B-AUTHOR-WRITER I-AUTHOR-WRITER O B-PUBLIC-FIGURE I-PUBLIC-FIGURE O O O O B-PUBLIC-FIGURE I-PUBLIC-FIGURE O B-PUBLIC-FIGURE I-PUBLIC-FIGURE I-PUBLIC-FIGURE O B-AUTHOR-WRITER I-AUTHOR-WRITER O,NONE
"mary pop ##pins was originally created by author simone ##tti , who is said to have cried when she saw disney ' s 1964 film starring julie andrews .",B-PUBLIC-FIGURE I-PUBLIC-FIGURE I-PUBLIC-FIGURE O O O O O B-AUTHOR-WRITER I-AUTHOR-WRITER O O O O O O O O O O O O O O O O B-ACTOR-DIRECTOR I-ACTOR-DIRECTOR O,author
so mr frederick forsyth started sending out text messages .,O O B-AUTHOR-WRITER I-AUTHOR-WRITER O O O O O O,NONE
"this year ' s winner , en ##sler ' s the lovely bones , sold over one million .",O O O O O O B-AUTHOR-WRITER I-AUTHOR-WRITER O O O O O O O O O O O,NONE
"stan ##is ##law le ##m has published many histories , including one of tudor england .",B-AUTHOR-WRITER I-AUTHOR-WRITER I-AUTHOR-WRITER I-AUTHOR-WRITER I-AUTHOR-WRITER O O O O O O O O O O O,NONE
"based on the cult children ' s books by author pete ha ##ut ##man , the film follows three children who are orphaned when their parents die in a fire .",O O O O O O O O O O B-AUTHOR-WRITER I-AUTHOR-WRITER I-AUTHOR-WRITER I-AUTHOR-WRITER O O O O O O O O O O O O O O O O O,author
"based on the cult children ' s books by author ellen simone ##tti , the film follows three children who are orphaned when their parents die in a fire .",O O O O O O O O O O B-AUTHOR-WRITER I-AUTHOR-WRITER I-AUTHOR-WRITER O O O O O O O O O O O O O O O O O,author
"pete ha ##ut ##man , 34 , is one of america ' s best - known black playwright ##s but is a newcomer to film .",B-AUTHOR-WRITER I-AUTHOR-WRITER I-AUTHOR-WRITER I-AUTHOR-WRITER O O O O O O O O O O O O O O O O O O O O O O,NONE
"and i can spend the day working with my girlfriend michael sy ##mmon ##s roberts , a children ' s writer , at her house in cambridge , sharing her wireless network .",O O O O O O O O O O B-AUTHOR-WRITER I-AUTHOR-WRITER I-AUTHOR-WRITER I-AUTHOR-WRITER I-AUTHOR-WRITER O O O O O O O O O O O O O O O O O O,writer
"the people who mr gary o ' don ##og ##hue labels the new "" threat "" are those who do not follow the correct teachings of islam .",O O O O B-AUTHOR-WRITER I-AUTHOR-WRITER I-AUTHOR-WRITER I-AUTHOR-WRITER I-AUTHOR-WRITER I-AUTHOR-WRITER O O O O O O O O O O O O O O O O O O,NONE
""" well , "" pamela travers writes , "" that was just the least affected areas - so you can just imagine - or can you ? """,O O O O B-AUTHOR-WRITER I-AUTHOR-WRITER O O O O O O O O O O O O O O O O O O O O O O,NONE
"previous winners have included j ##k row ##ling , hailey and dick king - smith .",O O O O B-AUTHOR-WRITER I-AUTHOR-WRITER I-AUTHOR-WRITER I-AUTHOR-WRITER O B-AUTHOR-WRITER O B-AUTHOR-WRITER I-AUTHOR-WRITER I-AUTHOR-WRITER I-AUTHOR-WRITER O,NONE
"david el ##dridge took legal action in 2002 , saying marvel shut him out of "" jack ##pot "" profits from the first blockbuster film .",B-AUTHOR-WRITER I-AUTHOR-WRITER I-AUTHOR-WRITER O O O O O O O O O O O O O O O O O O O O O O O,NONE
the late saul bell ##ow ' original 1977 scripts have also been turned into a series of successful books .,O O B-AUTHOR-WRITER I-AUTHOR-WRITER I-AUTHOR-WRITER O O O O O O O O O O O O O O O,NONE
"- s hussain za ##idi , variety : film - the aviator ; director - martin sc ##ors ##ese ; actor - jamie fox ##x ; actress - hilary swan ##k .",O B-AUTHOR-WRITER I-AUTHOR-WRITER I-AUTHOR-WRITER I-AUTHOR-WRITER O O O O O O O O O O B-ACTOR-DIRECTOR I-ACTOR-DIRECTOR I-ACTOR-DIRECTOR I-ACTOR-DIRECTOR O O O B-ACTOR-DIRECTOR I-ACTOR-DIRECTOR I-ACTOR-DIRECTOR O O O B-ACTOR-DIRECTOR I-ACTOR-DIRECTOR I-ACTOR-DIRECTOR O,NONE
"children ' s author sanjay ##a sen ##ana ##ya ##ke , who was given an honour ##ary medal , used the ceremony to speak out over censorship .",O O O O B-AUTHOR-WRITER I-AUTHOR-WRITER I-AUTHOR-WRITER I-AUTHOR-WRITER I-AUTHOR-WRITER I-AUTHOR-WRITER O O O O O O O O O O O O O O O O O O,author
"the original book by george abbott and frederick forsyth will be revised by playwright peter ac ##ker ##man , who co - wrote the screenplay for the movie ice age .",O O O O B-AUTHOR-WRITER I-AUTHOR-WRITER O B-AUTHOR-WRITER I-AUTHOR-WRITER O O O O O B-AUTHOR-WRITER I-AUTHOR-WRITER I-AUTHOR-WRITER I-AUTHOR-WRITER O O O O O O O O O O O O O,NONE
"pamela travers went to the disasters emergency committee ( dec ) , which is co - or ##dina ##ting the british relief effort , with the idea the day after boxing day .",B-AUTHOR-WRITER I-AUTHOR-WRITER O O O O O O O O O O O O O O O O O O O O O O O O O O O O O O O,NONE
"mr gary o ' don ##og ##hue replies : "" no , i ' m jewish , i wasn ' t a german war criminal .",O B-AUTHOR-WRITER I-AUTHOR-WRITER I-AUTHOR-WRITER I-AUTHOR-WRITER I-AUTHOR-WRITER I-AUTHOR-WRITER O O O O O O O O O O O O O O O O O O O,NONE
"the judges , who included authors jenny col ##gan and marianne petersen , were full of praise for her writing .",O O O O O O B-AUTHOR-WRITER I-AUTHOR-WRITER I-AUTHOR-WRITER O B-AUTHOR-WRITER I-AUTHOR-WRITER O O O O O O O O O,NONE
"it was published in 2004 , with stan lee earning an advance of $ 5 ##m ( £2 . 8 ##m ) - the highest sum ever paid for a debut children ' s book .",O O O O O O O B-AUTHOR-WRITER I-AUTHOR-WRITER O O O O O O O O O O O O O O O O O O O O O O O O O O O,NONE
"salman rush ##die wrote the screenplay based on his book before his premature death , while a new radio series was aired 26 years after the first broadcast and included many of the original cast members .",B-AUTHOR-WRITER I-AUTHOR-WRITER I-AUTHOR-WRITER O O O O O O O O O O O O O O O O O O O O O O O O O O O O O O O O O O,NONE
"the people who mr here ##tic labels the new "" threat "" are those who do not follow the correct teachings of islam .",O O O O B-AUTHOR-WRITER I-AUTHOR-WRITER O O O O O O O O O O O O O O O O O O,NONE
"the critics ' circle named debbie is ##itt its most promising playwright for the night season , and eddie red ##may ##ne most promising newcomer for the goat or , who is sylvia ?",O O O O O B-AUTHOR-WRITER I-AUTHOR-WRITER I-AUTHOR-WRITER O O O O O O O O O O B-ACTOR-DIRECTOR I-ACTOR-DIRECTOR I-ACTOR-DIRECTOR I-ACTOR-DIRECTOR O O O O O O O O O O B-PUBLIC-FIGURE O,NONE
sen ##ana ##ya ##ke says 3000 died over 30 years or terrorism ; 3000 people died in one morning in ny on september 11th 2001 .,B-AUTHOR-WRITER I-AUTHOR-WRITER I-AUTHOR-WRITER I-AUTHOR-WRITER O O O O O O O O O O O O O O O O O O O O O O,NONE
"actor tom hank ##s and director ron howard are re ##uni ##ting for the da vinci code , an adaptation of the international best - selling novel by ian mc ##ew ##an .",O B-ACTOR-DIRECTOR I-ACTOR-DIRECTOR I-ACTOR-DIRECTOR O O B-ACTOR-DIRECTOR I-ACTOR-DIRECTOR O O O O O O O O O O O O O O O O O O O O B-AUTHOR-WRITER I-AUTHOR-WRITER I-AUTHOR-WRITER I-AUTHOR-WRITER O,NONE
"dina me ##hta , known as queen of the sky , wrote an anonymous semi - fictional account of her life in the sky .",B-AUTHOR-WRITER I-AUTHOR-WRITER I-AUTHOR-WRITER O O O O O O O O O O O O O O O O O O O O O O,NONE
"this year ' s winner , sanjay ##a sen ##ana ##ya ##ke ' s the lovely bones , sold over one million .",O O O O O O B-AUTHOR-WRITER I-AUTHOR-WRITER I-AUTHOR-WRITER I-AUTHOR-WRITER I-AUTHOR-WRITER I-AUTHOR-WRITER O O O O O O O O O O O,NONE
halloween writer dame muriel spark dies,O O B-AUTHOR-WRITER I-AUTHOR-WRITER I-AUTHOR-WRITER O,writer
"read includes text by stewart and illustrations by rid ##dell , who also created the edge chronicles together .",B-AUTHOR-WRITER O O O B-AUTHOR-WRITER O O O B-AUTHOR-WRITER I-AUTHOR-WRITER O O O O O O O O O,NONE
"salman rush ##die , screen international : film - million dollar baby ; director - clint eastwood ; actor - jamie fox ##x ; actress - hilary swan ##k .",B-AUTHOR-WRITER I-AUTHOR-WRITER I-AUTHOR-WRITER O O O O O O O O O O O O B-ACTOR-DIRECTOR I-ACTOR-DIRECTOR O O O B-ACTOR-DIRECTOR I-ACTOR-DIRECTOR I-ACTOR-DIRECTOR O O O B-ACTOR-DIRECTOR I-ACTOR-DIRECTOR I-ACTOR-DIRECTOR O,NONE
carlos takes w ##hit ##bread novel prize,B-AUTHOR-WRITER O O O O O O,NONE
"children ' s author debbie is ##itt , who was given an honour ##ary medal , used the ceremony to speak out over censorship .",O O O O B-AUTHOR-WRITER I-AUTHOR-WRITER I-AUTHOR-WRITER O O O O O O O O O O O O O O O O O O,author
"mary pop ##pins was originally created by author sanjay ##a sen ##ana ##ya ##ke , who is said to have cried when she saw disney ' s 1964 film starring julie andrews .",B-PUBLIC-FIGURE I-PUBLIC-FIGURE I-PUBLIC-FIGURE O O O O O B-AUTHOR-WRITER I-AUTHOR-WRITER I-AUTHOR-WRITER I-AUTHOR-WRITER I-AUTHOR-WRITER I-AUTHOR-WRITER O O O O O O O O O O O O O O O O B-ACTOR-DIRECTOR I-ACTOR-DIRECTOR O,author
"black friday is based upon the novel of the same name written by journalist alan ho ##lling ##hurst , which looks at the 15 explosions which rocked mumbai on 12 march 1993 .",O O O O O O O O O O O O O O B-AUTHOR-WRITER I-AUTHOR-WRITER I-AUTHOR-WRITER I-AUTHOR-WRITER O O O O O O O O O O O O O O O,journalist
"it was published in 2004 , with lily tuck earning an advance of $ 5 ##m ( £2 . 8 ##m ) - the highest sum ever paid for a debut children ' s book .",O O O O O O O B-AUTHOR-WRITER I-AUTHOR-WRITER O O O O O O O O O O O O O O O O O O O O O O O O O O O,NONE
"the most well - known examples include iraqi gore vidal ' s accounts of the us - led war , former iranian vice - president mohammad ali ab ##ta ##hi exclusive insight into the islamic republic ' s government , and the highs and low ##s of the recent us election campaign .",O O O O O O O O B-AUTHOR-WRITER I-AUTHOR-WRITER O O O O O O O O O O O O O O O B-POLITICIAN I-POLITICIAN I-POLITICIAN I-POLITICIAN I-POLITICIAN O O O O O O O O O O O O O O O O O O O O O O O,NONE
"rid ##dell took legal action in 2002 , saying marvel shut him out of "" jack ##pot "" profits from the first blockbuster film .",B-AUTHOR-WRITER I-AUTHOR-WRITER O O O O O O O O O O O O O O O O O O O O O O O,NONE
"feminist icon row ##ling quit the show earlier in the week over what she called "" bullying "" tactics used by the programme ' s producers .",O O B-AUTHOR-WRITER I-AUTHOR-WRITER O O O O O O O O O O O O O O O O O O O O O O O,NONE
"and playwright ##s david el ##dridge , rebecca len ##kiewicz and amanda craig will fight it out for the charles win ##tour award and a £3 ##0 , 000 bu ##rsa ##ry .",O O O B-AUTHOR-WRITER I-AUTHOR-WRITER I-AUTHOR-WRITER O B-AUTHOR-WRITER I-AUTHOR-WRITER I-AUTHOR-WRITER O B-AUTHOR-WRITER I-AUTHOR-WRITER O O O O O O O O O O O O O O O O O O O O,NONE
the sight of former royal correspondent stephen merchant with dozens of rats crawling over her in itv ' s i ' m a celebrity get me out of here was named best factual entertainment moment .,O O O O O O B-AUTHOR-WRITER I-AUTHOR-WRITER O O O O O O O O O O O O O O O O O O O O O O O O O O O O,correspondent
""" well , "" paul ca ##vana ##gh writes , "" that was just the least affected areas - so you can just imagine - or can you ? """,O O O O B-AUTHOR-WRITER I-AUTHOR-WRITER I-AUTHOR-WRITER I-AUTHOR-WRITER O O O O O O O O O O O O O O O O O O O O O O,NONE
"mary pop ##pins was originally created by author fine ##gold , who is said to have cried when she saw disney ' s 1964 film starring julie andrews .",B-PUBLIC-FIGURE I-PUBLIC-FIGURE I-PUBLIC-FIGURE O O O O O B-AUTHOR-WRITER I-AUTHOR-WRITER O O O O O O O O O O O O O O O O B-ACTOR-DIRECTOR I-ACTOR-DIRECTOR O,author
"lee hall revealed she had completed the novel on tuesday , ahead of the scheduled announcement on 25 december .",B-AUTHOR-WRITER I-AUTHOR-WRITER O O O O O O O O O O O O O O O O O O,NONE
david el ##dridge says 3000 died over 30 years or terrorism ; 3000 people died in one morning in ny on september 11th 2001 .,B-AUTHOR-WRITER I-AUTHOR-WRITER I-AUTHOR-WRITER O O O O O O O O O O O O O O O O O O O O O O,NONE
bill o ' reilly has recently graduated from the university of east anglia ' s creative writing course .,B-AUTHOR-WRITER I-AUTHOR-WRITER I-AUTHOR-WRITER I-AUTHOR-WRITER O O O O O O O O O O O O O O O,NONE
diana wynn ##e jones wrote the song before the boxing day tragedy but had thought it was too gloom ##y to release .,B-AUTHOR-WRITER I-AUTHOR-WRITER I-AUTHOR-WRITER I-AUTHOR-WRITER O O O O O O O O O O O O O O O O O O O,NONE
"based on the cult children ' s books by author amanda craig , the film follows three children who are orphaned when their parents die in a fire .",O O O O O O O O O O B-AUTHOR-WRITER I-AUTHOR-WRITER O O O O O O O O O O O O O O O O O,author
"mr alan bennett links "" islamic fundamental ##ism "" to the new "" threat "" .",O B-AUTHOR-WRITER I-AUTHOR-WRITER O O O O O O O O O O O O O,NONE
anne ' s the news from paraguay is a fictional ##ised tale about paraguay ##an leader francisco sol ##ano lopez and his irish mistress .,B-AUTHOR-WRITER O O O O O O O O O O O O O O O B-POLITICIAN I-POLITICIAN I-POLITICIAN I-POLITICIAN O O O O O,NONE
pa ##ver ' s the news from paraguay is a fictional ##ised tale about paraguay ##an leader francisco sol ##ano lopez and his irish mistress .,B-AUTHOR-WRITER I-AUTHOR-WRITER O O O O O O O O O O O O O O O B-POLITICIAN I-POLITICIAN I-POLITICIAN I-POLITICIAN O O O O O,NONE
"- wendy id ##e , heat : film - sideways ; director - mike leigh ; actor - jamie fox ##x ; actress - im ##eld ##a st ##au ##nton .",O B-AUTHOR-WRITER I-AUTHOR-WRITER I-AUTHOR-WRITER O O O O O O O O O B-ACTOR-DIRECTOR I-ACTOR-DIRECTOR O O O B-ACTOR-DIRECTOR I-ACTOR-DIRECTOR I-ACTOR-DIRECTOR O O O B-ACTOR-DIRECTOR I-ACTOR-DIRECTOR I-ACTOR-DIRECTOR I-ACTOR-DIRECTOR I-ACTOR-DIRECTOR I-ACTOR-DIRECTOR O,NONE
indian writer hailey edit ##s a group blog called dogs without borders .,O O B-AUTHOR-WRITER O O O O O O O O O O,writer
steven gay ##dos is among three british authors who have made the short ##list for the inaugural international booker prize .,B-AUTHOR-WRITER I-AUTHOR-WRITER I-AUTHOR-WRITER O O O O O O O O O O O O O O O O O O,NONE
indian writer debra hill edit ##s a group blog called dogs without borders .,O O B-AUTHOR-WRITER I-AUTHOR-WRITER O O O O O O O O O O,writer
"mr blair repeated calls for the mayor to ap ##olo ##gis ##e for like ##ning the reporter , daniel handler , to a concentration camp guard .",O B-POLITICIAN O O O O O O O O O O O O O O O O B-AUTHOR-WRITER I-AUTHOR-WRITER O O O O O O O,NONE
"queen of the sky , otherwise known as tony cow ##ell , evolved into an anonymous semi - fictional account of life in the sky .",O O O O O O O O B-AUTHOR-WRITER I-AUTHOR-WRITER I-AUTHOR-WRITER O O O O O O O O O O O O O O O,NONE
"writer graham cl ##ule ##y , from west sussex , asked of the iraq war : "" tens of thousands of innocent men , women and children died - how do you manage to sleep at night ? """,O B-AUTHOR-WRITER I-AUTHOR-WRITER I-AUTHOR-WRITER I-AUTHOR-WRITER O O O O O O O O O O O O O O O O O O O O O O O O O O O O O O O O O O,writer
"on tape , mr livingstone , who once worked as a freelance restaurant critic on the paper , is heard asking reporter graham cl ##ule ##y if he is a "" german war criminal "" .",O O O O B-POLITICIAN O O O O O O O O O O O O O O O O O B-AUTHOR-WRITER I-AUTHOR-WRITER I-AUTHOR-WRITER I-AUTHOR-WRITER O O O O O O O O O O,critic
"queen of the sky , otherwise known as neil cop ##pen ##dale , evolved into an anonymous semi - fictional account of life in the sky .",O O O O O O O O B-AUTHOR-WRITER I-AUTHOR-WRITER I-AUTHOR-WRITER I-AUTHOR-WRITER O O O O O O O O O O O O O O O,NONE
"on tape mr livingstone , who once worked as a freelance restaurant critic on the paper , is heard asking reporter tony collingwood if he is a "" german war criminal "" .",O O O B-POLITICIAN O O O O O O O O O O O O O O O O O B-AUTHOR-WRITER I-AUTHOR-WRITER O O O O O O O O O O,critic
won the honour for pre - school animation and its writer blu ##me for original writer .,O O O O O O O O O O O B-AUTHOR-WRITER I-AUTHOR-WRITER O O O O,writer
writer antonio tab ##uc ##chi is among the judges who will hear aspiring writers read their work aloud .,O B-AUTHOR-WRITER I-AUTHOR-WRITER I-AUTHOR-WRITER I-AUTHOR-WRITER O O O O O O O O O O O O O O,writer
mr carlos is a wonderful writer and should keep his fiction where it belongs .,O B-AUTHOR-WRITER O O O O O O O O O O O O O,writer
milan kun ##der ##a ( czech republic ) stan ##is ##law le ##m ( poland ) doris less ##ing ( uk ) ian mc ##ew ##an ( uk ) na ##gui ##b ma ##h ##fo ##uz ( egypt ) s hussain za ##idi ( argentina ) ken ##za ##buro o ##e ( japan ) cynthia oz ##ick ( us ) philip roth ( us ) muriel spark ( uk ) antonio tab ##uc ##chi ( italy ) john up ##di ##ke ( us ) abraham b ye ##hosh ##ua ( israel ),B-AUTHOR-WRITER I-AUTHOR-WRITER I-AUTHOR-WRITER I-AUTHOR-WRITER O O O O B-AUTHOR-WRITER I-AUTHOR-WRITER I-AUTHOR-WRITER I-AUTHOR-WRITER I-AUTHOR-WRITER O O O B-AUTHOR-WRITER I-AUTHOR-WRITER I-AUTHOR-WRITER O O O B-AUTHOR-WRITER I-AUTHOR-WRITER I-AUTHOR-WRITER I-AUTHOR-WRITER O O O B-AUTHOR-WRITER I-AUTHOR-WRITER I-AUTHOR-WRITER I-AUTHOR-WRITER I-AUTHOR-WRITER I-AUTHOR-WRITER I-AUTHOR-WRITER O O O B-AUTHOR-WRITER I-AUTHOR-WRITER I-AUTHOR-WRITER I-AUTHOR-WRITER O O O B-AUTHOR-WRITER I-AUTHOR-WRITER I-AUTHOR-WRITER I-AUTHOR-WRITER I-AUTHOR-WRITER O O O B-AUTHOR-WRITER I-AUTHOR-WRITER I-AUTHOR-WRITER O O O B-AUTHOR-WRITER I-AUTHOR-WRITER O O O B-AUTHOR-WRITER I-AUTHOR-WRITER O O O B-AUTHOR-WRITER I-AUTHOR-WRITER I-AUTHOR-WRITER I-AUTHOR-WRITER O O O B-AUTHOR-WRITER I-AUTHOR-WRITER I-AUTHOR-WRITER I-AUTHOR-WRITER O O O B-AUTHOR-WRITER I-AUTHOR-WRITER I-AUTHOR-WRITER I-AUTHOR-WRITER I-AUTHOR-WRITER O O O,NONE
philip roth is among three british authors who have made the short ##list for the inaugural international booker prize .,B-AUTHOR-WRITER I-AUTHOR-WRITER O O O O O O O O O O O O O O O O O O,NONE
won the honour for pre - school animation and its writer en ##sler for original writer .,O O O O O O O O O O O B-AUTHOR-WRITER I-AUTHOR-WRITER O O O O,writer
philip roth works for sri lankan television .,B-AUTHOR-WRITER I-AUTHOR-WRITER O O O O O O,NONE
"mr gabriel garcia marquez replies : "" no , i ' m jewish , i wasn ' t a german war criminal .",O B-AUTHOR-WRITER I-AUTHOR-WRITER I-AUTHOR-WRITER O O O O O O O O O O O O O O O O O O O,NONE
spider - man creator tony collingwood is to get a multi - million dollar wind ##fall after winning a court battle with comic book company marvel .,O O O O B-AUTHOR-WRITER I-AUTHOR-WRITER O O O O O O O O O O O O O O O O O O O O O,NONE
french writer hans christian andersen and korean writer park chan - cho ##ok shared the best screenplay award for les cho ##rist ##es and old boy respectively .,O O B-AUTHOR-WRITER I-AUTHOR-WRITER I-AUTHOR-WRITER O O O B-AUTHOR-WRITER I-AUTHOR-WRITER I-AUTHOR-WRITER I-AUTHOR-WRITER I-AUTHOR-WRITER O O O O O O O O O O O O O O O,writer
the late alan bennett ' original 1977 scripts have also been turned into a series of successful books .,O O B-AUTHOR-WRITER I-AUTHOR-WRITER O O O O O O O O O O O O O O O,NONE
"salman rush ##die has published many histories , including tudor england .",B-AUTHOR-WRITER I-AUTHOR-WRITER I-AUTHOR-WRITER O O O O O O O O O,NONE
"judy blu ##me is the final contender , having won the children ' s fiction category for the third time for not the end of the world .",B-AUTHOR-WRITER I-AUTHOR-WRITER I-AUTHOR-WRITER O O O O O O O O O O O O O O O O O O O O O O O O O,NONE
"mary pop ##pins was originally created by author cynthia oz ##ick , who is said to have cried when she saw disney ' s 1964 film starring julie andrews .",B-PUBLIC-FIGURE I-PUBLIC-FIGURE I-PUBLIC-FIGURE O O O O O B-AUTHOR-WRITER I-AUTHOR-WRITER I-AUTHOR-WRITER O O O O O O O O O O O O O O O O B-ACTOR-DIRECTOR I-ACTOR-DIRECTOR O,author
"sadly comments such as his will make a lot of people believe that they are governed by people who are fast becoming tyrant ##s instead of being genuinely committed to stopping ty ##ran ##ny , even if the method employed to do that is at the moment alien to the british people who have lived in a democracy protected by tony blair and others of like mind who , mr . frederick seems to be putting along side the ' sc ##ruff ##y little austrian . '",O O O O O O O O O O O O O O O O O O O O O O O O O O O O O O O O O O O O O O O O O O O O O O O O O O O O O O O O O O O O B-POLITICIAN I-POLITICIAN O O O O O O O O O B-AUTHOR-WRITER O O O O O O O O O O O O O O O,NONE
"margaret at ##wood took legal action in 2002 , saying marvel shut him out of "" jack ##pot "" profits from the first blockbuster film .",B-AUTHOR-WRITER I-AUTHOR-WRITER I-AUTHOR-WRITER O O O O O O O O O O O O O O O O O O O O O O O,NONE
guy says 3000 died over 30 years or terrorism ; 3000 people died in one morning in ny on september 11th 2001 .,B-AUTHOR-WRITER O O O O O O O O O O O O O O O O O O O O O O,NONE
"- lee , variety : film - the aviator ; director - martin sc ##ors ##ese ; actor - jamie fox ##x ; actress - hilary swan ##k .",O B-AUTHOR-WRITER O O O O O O O O O O B-ACTOR-DIRECTOR I-ACTOR-DIRECTOR I-ACTOR-DIRECTOR I-ACTOR-DIRECTOR O O O B-ACTOR-DIRECTOR I-ACTOR-DIRECTOR I-ACTOR-DIRECTOR O O O B-ACTOR-DIRECTOR I-ACTOR-DIRECTOR I-ACTOR-DIRECTOR O,NONE
"sales of michael sy ##mmon ##s roberts ' s books have exceeded 75 million , but her work - which features frank narratives about families , religion and sexuality - is closely watched by the ce ##nsor ##s .",O O B-AUTHOR-WRITER I-AUTHOR-WRITER I-AUTHOR-WRITER I-AUTHOR-WRITER I-AUTHOR-WRITER O O O O O O O O O O O O O O O O O O O O O O O O O O O O O O O O,NONE
mr frederick is a wonderful writer and should keep his fiction where it belongs .,O B-AUTHOR-WRITER O O O O O O O O O O O O O,writer
"simone ##tti , heat : film - the aviator ; director - clint eastwood ; actor - jamie fox ##x ; actress - hilary swan ##k .",B-AUTHOR-WRITER I-AUTHOR-WRITER O O O O O O O O O O B-ACTOR-DIRECTOR I-ACTOR-DIRECTOR O O O B-ACTOR-DIRECTOR I-ACTOR-DIRECTOR I-ACTOR-DIRECTOR O O O B-ACTOR-DIRECTOR I-ACTOR-DIRECTOR I-ACTOR-DIRECTOR O,NONE
hailey has recently graduated from the university of east anglia ' s creative writing course .,B-AUTHOR-WRITER O O O O O O O O O O O O O O O,NONE
"dal ##dry directed the successful film version of billy elliot , adapted from simone ##tti ' s script .",B-ACTOR-DIRECTOR I-ACTOR-DIRECTOR O O O O O O B-PUBLIC-FIGURE I-PUBLIC-FIGURE O O O B-AUTHOR-WRITER I-AUTHOR-WRITER O O O O,NONE
jamie graham says 3000 died over 30 years or terrorism ; 3000 people died in one morning in ny on september 11th 2001 .,B-AUTHOR-WRITER I-AUTHOR-WRITER O O O O O O O O O O O O O O O O O O O O O O,NONE
"fergus crane includes text by stewart and illustrations by strauss , who also created the edge chronicles together .",B-AUTHOR-WRITER I-AUTHOR-WRITER O O O B-AUTHOR-WRITER O O O B-AUTHOR-WRITER O O O O O O O O O,NONE
""" ro ##hit gupta lives and breathe ##s the worlds she writes about , "" said a spokesman for the author .",O B-AUTHOR-WRITER I-AUTHOR-WRITER I-AUTHOR-WRITER O O O O O O O O O O O O O O O O O O,author
"the 1997 novel detective proved to be alan ho ##lling ##hurst ' s final book , when at the age of 77 he decided to retire .",O O O O O O O B-AUTHOR-WRITER I-AUTHOR-WRITER I-AUTHOR-WRITER I-AUTHOR-WRITER O O O O O O O O O O O O O O O O,NONE
"jennie bond worked as a screenwriter for a couple of years , before turning to novels .",B-AUTHOR-WRITER I-AUTHOR-WRITER O O O O O O O O O O O O O O O,NONE
""" abraham b ye ##hosh ##ua is the best writer i ' ve come across in the genre , but anyone who knows anything about 1st century history will see that this underlying material is laugh ##able . """,O B-AUTHOR-WRITER I-AUTHOR-WRITER I-AUTHOR-WRITER I-AUTHOR-WRITER I-AUTHOR-WRITER O O O O O O O O O O O O O O O O O O O O O O O O O O O O O O O O O,writer
"- susan fletcher , variety : film - million dollar baby ; director - clint eastwood ; actor - don che ##ad ##le ; actress - im ##eld ##a st ##au ##nton .",O B-AUTHOR-WRITER I-AUTHOR-WRITER O O O O O O O O O O O B-ACTOR-DIRECTOR I-ACTOR-DIRECTOR O O O B-ACTOR-DIRECTOR I-ACTOR-DIRECTOR I-ACTOR-DIRECTOR I-ACTOR-DIRECTOR O O O B-ACTOR-DIRECTOR I-ACTOR-DIRECTOR I-ACTOR-DIRECTOR I-ACTOR-DIRECTOR I-ACTOR-DIRECTOR I-ACTOR-DIRECTOR O,NONE
""" christophe barr ##ati ##e lives and breathe ##s the worlds she writes about , "" said a spokesman for the author .",O B-AUTHOR-WRITER I-AUTHOR-WRITER I-AUTHOR-WRITER I-AUTHOR-WRITER O O O O O O O O O O O O O O O O O O,author
"best actress - clare higgins for he ##cu ##ba at the don ##mar warehouse - best musical actor - nathan lane for the producers at theatre royal , drury lane - best musical actress - laura michelle kelly for mary pop ##pins at the prince edward - best director - nicholas h ##yt ##ner for the history boys at the l ##yt ##tel ##ton - best new play - the history boys by pete ha ##ut ##man at the l ##yt ##tel ##ton - best new musical - the producers at theatre royal , drury lane - special award - pete ha ##ut ##man for his outstanding contribution to british theatre",O O O B-ACTOR-DIRECTOR I-ACTOR-DIRECTOR O O O O O O O O O O O O O O B-ACTOR-DIRECTOR I-ACTOR-DIRECTOR O O O O O O O O O O O O O O B-ACTOR-DIRECTOR I-ACTOR-DIRECTOR I-ACTOR-DIRECTOR O B-PUBLIC-FIGURE I-PUBLIC-FIGURE I-PUBLIC-FIGURE O O O O O O O O B-ACTOR-DIRECTOR I-ACTOR-DIRECTOR I-ACTOR-DIRECTOR I-ACTOR-DIRECTOR O O O O O O O O O O O O O O O O O O O B-AUTHOR-WRITER I-AUTHOR-WRITER I-AUTHOR-WRITER I-AUTHOR-WRITER O O O O O O O O O O O O O O O O O O O O O O O B-AUTHOR-WRITER I-AUTHOR-WRITER I-AUTHOR-WRITER I-AUTHOR-WRITER O O O O O O O,NONE
"best actress - clare higgins for he ##cu ##ba at the don ##mar warehouse - best musical actor - nathan lane for the producers at theatre royal , drury lane - best musical actress - laura michelle kelly for mary pop ##pins at the prince edward - best director - nicholas h ##yt ##ner for the history boys at the l ##yt ##tel ##ton - best new play - the history boys by tony collingwood at the l ##yt ##tel ##ton - best new musical - the producers at theatre royal , drury lane - special award - tony collingwood for his outstanding contribution to british theatre",O O O B-ACTOR-DIRECTOR I-ACTOR-DIRECTOR O O O O O O O O O O O O O O B-ACTOR-DIRECTOR I-ACTOR-DIRECTOR O O O O O O O O O O O O O O B-ACTOR-DIRECTOR I-ACTOR-DIRECTOR I-ACTOR-DIRECTOR O B-PUBLIC-FIGURE I-PUBLIC-FIGURE I-PUBLIC-FIGURE O O O O O O O O B-ACTOR-DIRECTOR I-ACTOR-DIRECTOR I-ACTOR-DIRECTOR I-ACTOR-DIRECTOR O O O O O O O O O O O O O O O O O O O B-AUTHOR-WRITER I-AUTHOR-WRITER O O O O O O O O O O O O O O O O O O O O O O O B-AUTHOR-WRITER I-AUTHOR-WRITER O O O O O O O,NONE
"the first novel section was won by susan fletcher for eve green , beating the favourite jonathan strange and mr nor ##rell by hans christian andersen .",O O O O O O O B-AUTHOR-WRITER I-AUTHOR-WRITER O B-PUBLIC-FIGURE I-PUBLIC-FIGURE O O O O B-PUBLIC-FIGURE I-PUBLIC-FIGURE O B-PUBLIC-FIGURE I-PUBLIC-FIGURE I-PUBLIC-FIGURE O B-AUTHOR-WRITER I-AUTHOR-WRITER I-AUTHOR-WRITER O,NONE
"- muriel spark , variety : film - the aviator ; director - martin sc ##ors ##ese ; actor - jamie fox ##x ; actress - hilary swan ##k .",O B-AUTHOR-WRITER I-AUTHOR-WRITER O O O O O O O O O O B-ACTOR-DIRECTOR I-ACTOR-DIRECTOR I-ACTOR-DIRECTOR I-ACTOR-DIRECTOR O O O B-ACTOR-DIRECTOR I-ACTOR-DIRECTOR I-ACTOR-DIRECTOR O O O B-ACTOR-DIRECTOR I-ACTOR-DIRECTOR I-ACTOR-DIRECTOR O,NONE
"muriel spark has published many histories , including tudor england .",B-AUTHOR-WRITER I-AUTHOR-WRITER O O O O O O O O O,NONE
"abraham b ye ##hosh ##ua ' s booker - shortlisted novel , cloud atlas , makes it into this year ' s top 10 along with several lesser known works .",B-AUTHOR-WRITER I-AUTHOR-WRITER I-AUTHOR-WRITER I-AUTHOR-WRITER I-AUTHOR-WRITER O O B-PUBLIC-FIGURE O O O O O O O O O O O O O O O O O O O O O O O,NONE
"gabriel garcia marquez , saul bell ##ow , milan kun ##der ##a and alan bennett also feature on the 18 - strong list of world literary figures .",B-AUTHOR-WRITER I-AUTHOR-WRITER I-AUTHOR-WRITER O B-AUTHOR-WRITER I-AUTHOR-WRITER I-AUTHOR-WRITER O B-AUTHOR-WRITER I-AUTHOR-WRITER I-AUTHOR-WRITER I-AUTHOR-WRITER O B-AUTHOR-WRITER I-AUTHOR-WRITER O O O O O O O O O O O O O,NONE
"feminist icon ellen simone ##tti quit the show earlier in the week over what she called "" bullying "" tactics used by the programme ' s producers .",O O B-AUTHOR-WRITER I-AUTHOR-WRITER I-AUTHOR-WRITER O O O O O O O O O O O O O O O O O O O O O O O,NONE
"debra hill , a former university professor and health care consultant from ontario in canada , was one of 1 , 46 ##6 aspiring novelist ##s to enter the first contest .",B-AUTHOR-WRITER I-AUTHOR-WRITER O O O O O O O O O O O O O O O O O O O O O O O O O O O O O O,professor
"the first novel section was won by perry for eve green , beating the favourite jonathan strange and mr nor ##rell by susanna clarke .",O O O O O O O B-AUTHOR-WRITER O B-PUBLIC-FIGURE I-PUBLIC-FIGURE O O O O B-PUBLIC-FIGURE I-PUBLIC-FIGURE O B-PUBLIC-FIGURE I-PUBLIC-FIGURE I-PUBLIC-FIGURE O B-AUTHOR-WRITER I-AUTHOR-WRITER O,NONE
"writer tom stop ##par ##d , from west sussex , asked of the iraq war : "" tens of thousands of innocent men , women and children died - how do you manage to sleep at night ? """,O B-AUTHOR-WRITER I-AUTHOR-WRITER I-AUTHOR-WRITER I-AUTHOR-WRITER O O O O O O O O O O O O O O O O O O O O O O O O O O O O O O O O O O,writer
"mr rebecca len ##kiewicz links "" islamic fundamental ##ism "" to the new "" threat "" .",O B-AUTHOR-WRITER I-AUTHOR-WRITER I-AUTHOR-WRITER O O O O O O O O O O O O O,NONE
"fletcher took legal action in 2002 , saying marvel shut him out of "" jack ##pot "" profits from the first blockbuster film .",B-AUTHOR-WRITER O O O O O O O O O O O O O O O O O O O O O O O,NONE
but thriller writer frederick tells bbc news of his personal response to the move .,O O O B-AUTHOR-WRITER O O O O O O O O O O O,writer
""" the public ' s appetite for sal ##acious gossip about the private life of the beck ##ham ##s might lead some into an unpleasant computer infection , "" said christophe barr ##ati ##e from anti - virus firm so ##ph ##os .",O O O O O O O O O O O O O O O B-PUBLIC-FIGURE I-PUBLIC-FIGURE I-PUBLIC-FIGURE I-PUBLIC-FIGURE O O O O O O O O O O O B-AUTHOR-WRITER I-AUTHOR-WRITER I-AUTHOR-WRITER I-AUTHOR-WRITER O O O O O O O O O,NONE
"adams , known as queen of the sky , wrote an anonymous semi - fictional account of her life in the sky .",B-AUTHOR-WRITER O O O O O O O O O O O O O O O O O O O O O O,NONE
french writer amanda craig and korean writer park chan - cho ##ok shared the best screenplay award for les cho ##rist ##es and old boy respectively .,O O B-AUTHOR-WRITER I-AUTHOR-WRITER O O O B-AUTHOR-WRITER I-AUTHOR-WRITER I-AUTHOR-WRITER I-AUTHOR-WRITER I-AUTHOR-WRITER O O O O O O O O O O O O O O O,writer
"michelle pa ##ver worked as a screenwriter for a couple of years , before turning to novels .",B-AUTHOR-WRITER I-AUTHOR-WRITER I-AUTHOR-WRITER O O O O O O O O O O O O O O O,NONE
so mr jamie graham started sending out text messages .,O O B-AUTHOR-WRITER I-AUTHOR-WRITER O O O O O O,NONE
david mitchell works for sri lankan television .,B-AUTHOR-WRITER I-AUTHOR-WRITER O O O O O O,NONE
"it was published in 2004 , with andrea levy earning an advance of $ 5 ##m ( £2 . 8 ##m ) - the highest sum ever paid for a debut children ' s book .",O O O O O O O B-AUTHOR-WRITER I-AUTHOR-WRITER O O O O O O O O O O O O O O O O O O O O O O O O O O O,NONE
"it also won him and his brother stewart , with whom he co - wrote the screenplay , an oscar nomination for best original screenplay .",O O O O O O O B-AUTHOR-WRITER O O O O O O O O O O O O O O O O O O,NONE
"later at a gala dinner , danish super ##mo ##del helena christensen was named a doris less ##ing ambassador .",O O O O O O O O O O B-PUBLIC-FIGURE I-PUBLIC-FIGURE O O O B-AUTHOR-WRITER I-AUTHOR-WRITER I-AUTHOR-WRITER O O,NONE
"black friday is based upon the novel of the same name written by journalist ismail ka ##dar ##e , which looks at the 15 explosions which rocked mumbai on 12 march 1993 .",O O O O O O O O O O O O O O B-AUTHOR-WRITER I-AUTHOR-WRITER I-AUTHOR-WRITER I-AUTHOR-WRITER O O O O O O O O O O O O O O O,journalist
"it is sanjay ##a sen ##ana ##ya ##ke who is the ex ##tre ##mist , because he does not appreciate the need for balance .",O O B-AUTHOR-WRITER I-AUTHOR-WRITER I-AUTHOR-WRITER I-AUTHOR-WRITER I-AUTHOR-WRITER I-AUTHOR-WRITER O O O O O O O O O O O O O O O O O,NONE
sal ##am pa ##x is currently writing the second book in the series .,B-AUTHOR-WRITER I-AUTHOR-WRITER I-AUTHOR-WRITER I-AUTHOR-WRITER O O O O O O O O O O,NONE
""" eastwood has it in the bag , "" added mr abraham b ye ##hosh ##ua .",O B-ACTOR-DIRECTOR O O O O O O O O O B-AUTHOR-WRITER I-AUTHOR-WRITER I-AUTHOR-WRITER I-AUTHOR-WRITER I-AUTHOR-WRITER O,NONE
"queen of the sky , otherwise known as forsyth , evolved into an anonymous semi - fictional account of life in the sky .",O O O O O O O O B-AUTHOR-WRITER O O O O O O O O O O O O O O O,NONE
debbie is ##itt is among three british authors who have made the short ##list for the inaugural international booker prize .,B-AUTHOR-WRITER I-AUTHOR-WRITER I-AUTHOR-WRITER O O O O O O O O O O O O O O O O O O,NONE
"small island , lily tuck ' s fourth novel , is set in post - war london and centres on a land ##lad ##y and her lodge ##rs .",O O O B-AUTHOR-WRITER I-AUTHOR-WRITER O O O O O O O O O O O O O O O O O O O O O O O O,NONE
"levy tipped for w ##hit ##bread prize novelist richard bis ##sell is favourite to win the main w ##hit ##bread prize book of the year award , after winning novel of the year with her book small island .",B-AUTHOR-WRITER O O O O O O O B-AUTHOR-WRITER I-AUTHOR-WRITER I-AUTHOR-WRITER O O O O O O O O O O O O O O O O O O O O O O O O O O O O,novelist
"gabriel garcia marquez , saul bell ##ow , milan kun ##der ##a and david mitchell also feature on the 18 - strong list of world literary figures .",B-AUTHOR-WRITER I-AUTHOR-WRITER I-AUTHOR-WRITER O B-AUTHOR-WRITER I-AUTHOR-WRITER I-AUTHOR-WRITER O B-AUTHOR-WRITER I-AUTHOR-WRITER I-AUTHOR-WRITER I-AUTHOR-WRITER O B-AUTHOR-WRITER I-AUTHOR-WRITER O O O O O O O O O O O O O,NONE
spider - man creator gabriel garcia marquez is to get a multi - million dollar wind ##fall after winning a court battle with comic book company marvel .,O O O O B-AUTHOR-WRITER I-AUTHOR-WRITER I-AUTHOR-WRITER O O O O O O O O O O O O O O O O O O O O O,NONE
"waters ##tone ' s fiction writer buyer su ##zie door ##e said : "" it is great to see ian mc ##ew ##an win in the first novel category .",O O O O O O O B-BUSINESS-EXECUTIVE-MANAGER I-BUSINESS-EXECUTIVE-MANAGER I-BUSINESS-EXECUTIVE-MANAGER I-BUSINESS-EXECUTIVE-MANAGER O O O O O O O O B-AUTHOR-WRITER I-AUTHOR-WRITER I-AUTHOR-WRITER I-AUTHOR-WRITER O O O O O O O,writer
of course j ##k row ##ling is wrong about britain winning the war against the ira and he ' s wrong too about the country not becoming a ty ##ran ##ny .,O O B-AUTHOR-WRITER I-AUTHOR-WRITER I-AUTHOR-WRITER I-AUTHOR-WRITER O O O O O O O O O O O O O O O O O O O O O O O O O O,NONE
""" well , "" simone ##tti writes , "" that was just the least affected areas - so you can just imagine - or can you ? """,O O O O B-AUTHOR-WRITER I-AUTHOR-WRITER O O O O O O O O O O O O O O O O O O O O O O,NONE
"small island , sen ##ana ##ya ##ke ' s fourth novel , is set in post - war london and centres on a land ##lad ##y and her lodge ##rs .",O O O B-AUTHOR-WRITER I-AUTHOR-WRITER I-AUTHOR-WRITER I-AUTHOR-WRITER O O O O O O O O O O O O O O O O O O O O O O O O,NONE
and on 26 november singer brian harvey quit as a contestant after he had a blazing row with jenny col ##gan .,O O O O O B-MUSICIAN I-MUSICIAN O O O O O O O O O O O B-AUTHOR-WRITER I-AUTHOR-WRITER I-AUTHOR-WRITER O,NONE
"- guy , total film : film - the aviator ; director - martin sc ##ors ##ese ; actor - jamie fox ##x ; actress - hilary swan ##k .",O B-AUTHOR-WRITER O O O O O O O O O O O B-ACTOR-DIRECTOR I-ACTOR-DIRECTOR I-ACTOR-DIRECTOR I-ACTOR-DIRECTOR O O O B-ACTOR-DIRECTOR I-ACTOR-DIRECTOR I-ACTOR-DIRECTOR O O O B-ACTOR-DIRECTOR I-ACTOR-DIRECTOR I-ACTOR-DIRECTOR O,NONE
"it also won him and his brother hailey , with whom he co - wrote the screenplay , an oscar nomination for best original screenplay .",O O O O O O O B-AUTHOR-WRITER O O O O O O O O O O O O O O O O O O,NONE
spider - man creator dina me ##hta is to get a multi - million dollar wind ##fall after winning a court battle with comic book company marvel .,O O O O B-AUTHOR-WRITER I-AUTHOR-WRITER I-AUTHOR-WRITER O O O O O O O O O O O O O O O O O O O O O,NONE
"the critics ' circle named here ##tic its most promising playwright for the night season , and eddie red ##may ##ne most promising newcomer for the goat or , who is sylvia ?",O O O O O B-AUTHOR-WRITER I-AUTHOR-WRITER O O O O O O O O O O B-ACTOR-DIRECTOR I-ACTOR-DIRECTOR I-ACTOR-DIRECTOR I-ACTOR-DIRECTOR O O O O O O O O O O B-PUBLIC-FIGURE O,NONE
the sight of former royal correspondent park chan - cho ##ok with dozens of rats crawling over her in itv ' s i ' m a celebrity get me out of here was named best factual entertainment moment .,O O O O O O B-AUTHOR-WRITER I-AUTHOR-WRITER I-AUTHOR-WRITER I-AUTHOR-WRITER I-AUTHOR-WRITER O O O O O O O O O O O O O O O O O O O O O O O O O O O O,correspondent
author alan ho ##lling ##hurst made up for losing out in the booker prize to alan ho ##lling ##hurst by beating him to the literary award with his book cloud atlas .,O B-AUTHOR-WRITER I-AUTHOR-WRITER I-AUTHOR-WRITER I-AUTHOR-WRITER O O O O O O O O O O B-AUTHOR-WRITER I-AUTHOR-WRITER I-AUTHOR-WRITER I-AUTHOR-WRITER O O O O O O O O O O O O O,author
read has picked up the children ' s fiction award for the third time for not the end of the world .,B-AUTHOR-WRITER O O O O O O O O O O O O O O O O O O O O O,NONE
"doris less ##ing , known as queen of the sky , wrote an anonymous semi - fictional account of her life in the sky .",B-AUTHOR-WRITER I-AUTHOR-WRITER I-AUTHOR-WRITER O O O O O O O O O O O O O O O O O O O O O O,NONE
"this year ' s winner , j ##m coe ##tze ##e ' s the lovely bones , sold over one million .",O O O O O O B-AUTHOR-WRITER I-AUTHOR-WRITER I-AUTHOR-WRITER I-AUTHOR-WRITER I-AUTHOR-WRITER O O O O O O O O O O O,NONE
"it is perry who is the ex ##tre ##mist , because he does not appreciate the need for balance .",O O B-AUTHOR-WRITER O O O O O O O O O O O O O O O O O,NONE
"waters ##tone ' s fiction writer buyer su ##zie door ##e said : "" it is great to see david mitchell win in the first novel category .",O O O O O O O B-BUSINESS-EXECUTIVE-MANAGER I-BUSINESS-EXECUTIVE-MANAGER I-BUSINESS-EXECUTIVE-MANAGER I-BUSINESS-EXECUTIVE-MANAGER O O O O O O O O B-AUTHOR-WRITER I-AUTHOR-WRITER O O O O O O O,writer
"it was published in 2004 , with gary o ' don ##og ##hue earning an advance of $ 5 ##m ( £2 . 8 ##m ) - the highest sum ever paid for a debut children ' s book .",O O O O O O O B-AUTHOR-WRITER I-AUTHOR-WRITER I-AUTHOR-WRITER I-AUTHOR-WRITER I-AUTHOR-WRITER I-AUTHOR-WRITER O O O O O O O O O O O O O O O O O O O O O O O O O O O,NONE
"it also won him and his brother milan kun ##der ##a , with whom he co - wrote the screenplay , an oscar nomination for best original screenplay .",O O O O O O O B-AUTHOR-WRITER I-AUTHOR-WRITER I-AUTHOR-WRITER I-AUTHOR-WRITER O O O O O O O O O O O O O O O O O O,NONE
""" eastwood has it in the bag , "" added mr graham cl ##ule ##y .",O B-ACTOR-DIRECTOR O O O O O O O O O B-AUTHOR-WRITER I-AUTHOR-WRITER I-AUTHOR-WRITER I-AUTHOR-WRITER O,NONE
author david mitchell made up for losing out in the booker prize to za ##die smith by beating him to the literary award with his book cloud atlas .,O B-AUTHOR-WRITER I-AUTHOR-WRITER O O O O O O O O O O B-AUTHOR-WRITER I-AUTHOR-WRITER I-AUTHOR-WRITER O O O O O O O O O O O O O,author
"on tape mr livingstone , who once worked as a freelance restaurant critic on the paper , is heard asking reporter susanna clarke if he is a "" german war criminal "" .",O O O B-POLITICIAN O O O O O O O O O O O O O O O O O B-AUTHOR-WRITER I-AUTHOR-WRITER O O O O O O O O O O,critic
"flight into danger was adapted to become ellen simone ##tti ' s first novel , runaway zero - eight in 1958 .",O O O O O O O B-AUTHOR-WRITER I-AUTHOR-WRITER I-AUTHOR-WRITER O O O O O O O O O O O O,NONE
simone ##tti wrote the song before the boxing day tragedy but had thought it was too gloom ##y to release .,B-AUTHOR-WRITER I-AUTHOR-WRITER O O O O O O O O O O O O O O O O O O O,NONE
milan kun ##der ##a ( czech republic ) stan ##is ##law le ##m ( poland ) doris less ##ing ( uk ) ian mc ##ew ##an ( uk ) na ##gui ##b ma ##h ##fo ##uz ( egypt ) tomas el ##oy martinez ( argentina ) ken ##za ##buro o ##e ( japan ) cynthia oz ##ick ( us ) philip roth ( us ) germain ##e greer ( uk ) antonio tab ##uc ##chi ( italy ) john up ##di ##ke ( us ) abraham b ye ##hosh ##ua ( israel ),B-AUTHOR-WRITER I-AUTHOR-WRITER I-AUTHOR-WRITER I-AUTHOR-WRITER O O O O B-AUTHOR-WRITER I-AUTHOR-WRITER I-AUTHOR-WRITER I-AUTHOR-WRITER I-AUTHOR-WRITER O O O B-AUTHOR-WRITER I-AUTHOR-WRITER I-AUTHOR-WRITER O O O B-AUTHOR-WRITER I-AUTHOR-WRITER I-AUTHOR-WRITER I-AUTHOR-WRITER O O O B-AUTHOR-WRITER I-AUTHOR-WRITER I-AUTHOR-WRITER I-AUTHOR-WRITER I-AUTHOR-WRITER I-AUTHOR-WRITER I-AUTHOR-WRITER O O O B-AUTHOR-WRITER I-AUTHOR-WRITER I-AUTHOR-WRITER I-AUTHOR-WRITER O O O B-AUTHOR-WRITER I-AUTHOR-WRITER I-AUTHOR-WRITER I-AUTHOR-WRITER I-AUTHOR-WRITER O O O B-AUTHOR-WRITER I-AUTHOR-WRITER I-AUTHOR-WRITER O O O B-AUTHOR-WRITER I-AUTHOR-WRITER O O O B-AUTHOR-WRITER I-AUTHOR-WRITER I-AUTHOR-WRITER O O O B-AUTHOR-WRITER I-AUTHOR-WRITER I-AUTHOR-WRITER I-AUTHOR-WRITER O O O B-AUTHOR-WRITER I-AUTHOR-WRITER I-AUTHOR-WRITER I-AUTHOR-WRITER O O O B-AUTHOR-WRITER I-AUTHOR-WRITER I-AUTHOR-WRITER I-AUTHOR-WRITER I-AUTHOR-WRITER O O O,NONE
"frederick , heat : film - the aviator ; director - clint eastwood ; actor - jamie fox ##x ; actress - hilary swan ##k .",B-AUTHOR-WRITER O O O O O O O O O O B-ACTOR-DIRECTOR I-ACTOR-DIRECTOR O O O B-ACTOR-DIRECTOR I-ACTOR-DIRECTOR I-ACTOR-DIRECTOR O O O B-ACTOR-DIRECTOR I-ACTOR-DIRECTOR I-ACTOR-DIRECTOR O,NONE
gabriel garcia marquez : king of the bestseller ##s,B-AUTHOR-WRITER I-AUTHOR-WRITER I-AUTHOR-WRITER O O O O O O,NONE
michelle pa ##ver wrote the song before the boxing day tragedy but had thought it was too gloom ##y to release .,B-AUTHOR-WRITER I-AUTHOR-WRITER I-AUTHOR-WRITER O O O O O O O O O O O O O O O O O O O,NONE
"ka ##zu ##o is ##hi ##gur ##o ' s booker - shortlisted novel , cloud atlas , makes it into this year ' s top 10 along with several lesser known works .",B-AUTHOR-WRITER I-AUTHOR-WRITER I-AUTHOR-WRITER I-AUTHOR-WRITER I-AUTHOR-WRITER I-AUTHOR-WRITER I-AUTHOR-WRITER O O B-PUBLIC-FIGURE O O O O O O O O O O O O O O O O O O O O O O O,NONE
"waters ##tone ' s fiction writer buyer su ##zie door ##e said : "" it is great to see cynthia oz ##ick win in the first novel category .",O O O O O O O B-BUSINESS-EXECUTIVE-MANAGER I-BUSINESS-EXECUTIVE-MANAGER I-BUSINESS-EXECUTIVE-MANAGER I-BUSINESS-EXECUTIVE-MANAGER O O O O O O O O B-AUTHOR-WRITER I-AUTHOR-WRITER I-AUTHOR-WRITER O O O O O O O,writer
"- antonio tab ##uc ##chi , variety : film - million dollar baby ; director - clint eastwood ; actor - don che ##ad ##le ; actress - im ##eld ##a st ##au ##nton .",O B-AUTHOR-WRITER I-AUTHOR-WRITER I-AUTHOR-WRITER I-AUTHOR-WRITER O O O O O O O O O O O B-ACTOR-DIRECTOR I-ACTOR-DIRECTOR O O O B-ACTOR-DIRECTOR I-ACTOR-DIRECTOR I-ACTOR-DIRECTOR I-ACTOR-DIRECTOR O O O B-ACTOR-DIRECTOR I-ACTOR-DIRECTOR I-ACTOR-DIRECTOR I-ACTOR-DIRECTOR I-ACTOR-DIRECTOR I-ACTOR-DIRECTOR O,NONE
"it was published in 2004 , with na ##gui ##b ma ##h ##fo ##uz earning an advance of $ 5 ##m ( £2 . 8 ##m ) - the highest sum ever paid for a debut children ' s book .",O O O O O O O B-AUTHOR-WRITER I-AUTHOR-WRITER I-AUTHOR-WRITER I-AUTHOR-WRITER I-AUTHOR-WRITER I-AUTHOR-WRITER I-AUTHOR-WRITER O O O O O O O O O O O O O O O O O O O O O O O O O O O,NONE
orange prize winner peter ac ##ker ##man has seen her book small island win the w ##hit ##bread novel of the year award .,O O O B-AUTHOR-WRITER I-AUTHOR-WRITER I-AUTHOR-WRITER I-AUTHOR-WRITER O O O O O O O O O O O O O O O O O,NONE
"saul bell ##ow went to the disasters emergency committee ( dec ) , which is co - or ##dina ##ting the british relief effort , with the idea the day after boxing day .",B-AUTHOR-WRITER I-AUTHOR-WRITER I-AUTHOR-WRITER O O O O O O O O O O O O O O O O O O O O O O O O O O O O O O O,NONE
"- michael sy ##mmon ##s roberts , heat : film - sideways ; director - mike leigh ; actor - jamie fox ##x ; actress - im ##eld ##a st ##au ##nton .",O B-AUTHOR-WRITER I-AUTHOR-WRITER I-AUTHOR-WRITER I-AUTHOR-WRITER I-AUTHOR-WRITER O O O O O O O O O B-ACTOR-DIRECTOR I-ACTOR-DIRECTOR O O O B-ACTOR-DIRECTOR I-ACTOR-DIRECTOR I-ACTOR-DIRECTOR O O O B-ACTOR-DIRECTOR I-ACTOR-DIRECTOR I-ACTOR-DIRECTOR I-ACTOR-DIRECTOR I-ACTOR-DIRECTOR I-ACTOR-DIRECTOR O,NONE
"geraldine mcc ##au ##gh ##rea ##n wrote the screenplay based on his book before his premature death , while a new radio series was aired 26 years after the first broadcast and included many of the original cast members .",B-AUTHOR-WRITER I-AUTHOR-WRITER I-AUTHOR-WRITER I-AUTHOR-WRITER I-AUTHOR-WRITER I-AUTHOR-WRITER O O O O O O O O O O O O O O O O O O O O O O O O O O O O O O O O O O,NONE
jenny col ##gan has recently graduated from graduated from the university of east anglia creative writing course .,B-AUTHOR-WRITER I-AUTHOR-WRITER I-AUTHOR-WRITER O O O O O O O O O O O O O O O,NONE
"- jenny col ##gan , total film : film - the aviator ; director - martin sc ##ors ##ese ; actor - jamie fox ##x ; actress - hilary swan ##k .",O B-AUTHOR-WRITER I-AUTHOR-WRITER I-AUTHOR-WRITER O O O O O O O O O O O B-ACTOR-DIRECTOR I-ACTOR-DIRECTOR I-ACTOR-DIRECTOR I-ACTOR-DIRECTOR O O O B-ACTOR-DIRECTOR I-ACTOR-DIRECTOR I-ACTOR-DIRECTOR O O O B-ACTOR-DIRECTOR I-ACTOR-DIRECTOR I-ACTOR-DIRECTOR O,NONE
"jamie graham , heat : film - the aviator ; director - clint eastwood ; actor - jamie fox ##x ; actress - hilary swan ##k .",B-AUTHOR-WRITER I-AUTHOR-WRITER O O O O O O O O O O B-ACTOR-DIRECTOR I-ACTOR-DIRECTOR O O O B-ACTOR-DIRECTOR I-ACTOR-DIRECTOR I-ACTOR-DIRECTOR O O O B-ACTOR-DIRECTOR I-ACTOR-DIRECTOR I-ACTOR-DIRECTOR O,NONE
"queen of the sky , otherwise known as rebecca len ##kiewicz , evolved into an anonymous semi - fictional account of life in the sky .",O O O O O O O O B-AUTHOR-WRITER I-AUTHOR-WRITER I-AUTHOR-WRITER O O O O O O O O O O O O O O O,NONE
"feminist icon susanna clarke quit the show earlier in the week over what she called "" bullying "" tactics used by the programme ' s producers .",O O B-AUTHOR-WRITER I-AUTHOR-WRITER O O O O O O O O O O O O O O O O O O O O O O O,NONE
""" the public ' s appetite for sal ##acious gossip about the private life of the beck ##ham ##s might lead some into an unpleasant computer infection , "" said doris less ##ing from anti - virus firm so ##ph ##os .",O O O O O O O O O O O O O O O B-PUBLIC-FIGURE I-PUBLIC-FIGURE I-PUBLIC-FIGURE I-PUBLIC-FIGURE O O O O O O O O O O O B-AUTHOR-WRITER I-AUTHOR-WRITER I-AUTHOR-WRITER O O O O O O O O O,NONE
"here ##tic went to the disasters emergency committee ( dec ) , which is co - or ##dina ##ting the british relief effort , with the idea the day after boxing day .",B-AUTHOR-WRITER I-AUTHOR-WRITER O O O O O O O O O O O O O O O O O O O O O O O O O O O O O O O,NONE
"peter ac ##ker ##man , heat : film - the aviator ; director - clint eastwood ; actor - jamie fox ##x ; actress - hilary swan ##k .",B-AUTHOR-WRITER I-AUTHOR-WRITER I-AUTHOR-WRITER I-AUTHOR-WRITER O O O O O O O O O O B-ACTOR-DIRECTOR I-ACTOR-DIRECTOR O O O B-ACTOR-DIRECTOR I-ACTOR-DIRECTOR I-ACTOR-DIRECTOR O O O B-ACTOR-DIRECTOR I-ACTOR-DIRECTOR I-ACTOR-DIRECTOR O,NONE
"the judges , who included authors stewart and amanda craig , were full of praise for her writing .",O O O O O O B-AUTHOR-WRITER O B-AUTHOR-WRITER I-AUTHOR-WRITER O O O O O O O O O,NONE
"bbc news correspondent ro ##hit gupta said mrs blair was likely to face further calls for restraint , since the us election is imminent .",O O O B-AUTHOR-WRITER I-AUTHOR-WRITER I-AUTHOR-WRITER O O B-POLITICIAN O O O O O O O O O O O O O O O O,correspondent
""" anne lives and breathe ##s the worlds she writes about , "" said a spokesman for the author .",O B-AUTHOR-WRITER O O O O O O O O O O O O O O O O O O,author
"pa ##ver , a former university professor and health care consultant from ontario in canada , was one of 1 , 46 ##6 aspiring novelist ##s to enter the first contest .",B-AUTHOR-WRITER I-AUTHOR-WRITER O O O O O O O O O O O O O O O O O O O O O O O O O O O O O O,professor
"stephen merchant wrote the screenplay based on his book before his premature death , while a new radio series was aired 26 years after the first broadcast and included many of the original cast members .",B-AUTHOR-WRITER I-AUTHOR-WRITER O O O O O O O O O O O O O O O O O O O O O O O O O O O O O O O O O O,NONE
"the fourth book in the running is corpus , steven gay ##dos ' fourth collection of poems .",O O O O O O O O O B-AUTHOR-WRITER I-AUTHOR-WRITER I-AUTHOR-WRITER O O O O O O,NONE
"children ' s author alan ho ##lling ##hurst , who was given an honour ##ary medal , used the ceremony to speak out over censorship .",O O O O B-AUTHOR-WRITER I-AUTHOR-WRITER I-AUTHOR-WRITER I-AUTHOR-WRITER O O O O O O O O O O O O O O O O O O,author
"the first novel section was won by blu ##me for eve green , beating the favourite jonathan strange and mr nor ##rell by susanna clarke .",O O O O O O O B-AUTHOR-WRITER I-AUTHOR-WRITER O B-PUBLIC-FIGURE I-PUBLIC-FIGURE O O O O B-PUBLIC-FIGURE I-PUBLIC-FIGURE O B-PUBLIC-FIGURE I-PUBLIC-FIGURE I-PUBLIC-FIGURE O B-AUTHOR-WRITER I-AUTHOR-WRITER O,NONE
"fox tv ' s cynthia oz ##ick said he would be "" watching to see if the money gets to the tsunami victims "" and warned the celebrities taking part "" had better be involved all the way down the line "" .",O O O O B-AUTHOR-WRITER I-AUTHOR-WRITER I-AUTHOR-WRITER O O O O O O O O O O O O O O O O O O O O O O O O O O O O O O O O O O O O,NONE
""" the public ' s appetite for sal ##acious gossip about the private life of the beck ##ham ##s might lead some into an unpleasant computer infection , "" said owen mcc ##af ##fer ##ty from anti - virus firm so ##ph ##os .",O O O O O O O O O O O O O O O B-PUBLIC-FIGURE I-PUBLIC-FIGURE I-PUBLIC-FIGURE I-PUBLIC-FIGURE O O O O O O O O O O O B-AUTHOR-WRITER I-AUTHOR-WRITER I-AUTHOR-WRITER I-AUTHOR-WRITER I-AUTHOR-WRITER O O O O O O O O O,NONE
na ##gui ##b ma ##h ##fo ##uz has recently graduated from the university of east anglia ' s creative writing course .,B-AUTHOR-WRITER I-AUTHOR-WRITER I-AUTHOR-WRITER I-AUTHOR-WRITER I-AUTHOR-WRITER I-AUTHOR-WRITER I-AUTHOR-WRITER O O O O O O O O O O O O O O O,NONE
of course wendy id ##e is wrong about britain winning the war against the ira and he ' s wrong too about the country not becoming a ty ##ran ##ny .,O O B-AUTHOR-WRITER I-AUTHOR-WRITER I-AUTHOR-WRITER O O O O O O O O O O O O O O O O O O O O O O O O O O,NONE
carlos is an indian blogger who ' s helping with the newly created south east asia earthquake and tsunami blog .,B-AUTHOR-WRITER O O O O O O O O O O O O O O O O O O O O,NONE
"angels and demons , by us author debra hill , will go on sale on wednesday .",O O O O O O O B-AUTHOR-WRITER I-AUTHOR-WRITER O O O O O O O O,author
"jennie bond ' s booker - shortlisted novel , cloud atlas , makes it into this year ' s top 10 along with several lesser known works .",B-AUTHOR-WRITER I-AUTHOR-WRITER O O B-PUBLIC-FIGURE O O O O O O O O O O O O O O O O O O O O O O O,NONE
"- paul ca ##vana ##gh , heat : film - sideways ; director - mike leigh ; actor - jamie fox ##x ; actress - im ##eld ##a st ##au ##nton .",O B-AUTHOR-WRITER I-AUTHOR-WRITER I-AUTHOR-WRITER I-AUTHOR-WRITER O O O O O O O O O B-ACTOR-DIRECTOR I-ACTOR-DIRECTOR O O O B-ACTOR-DIRECTOR I-ACTOR-DIRECTOR I-ACTOR-DIRECTOR O O O B-ACTOR-DIRECTOR I-ACTOR-DIRECTOR I-ACTOR-DIRECTOR I-ACTOR-DIRECTOR I-ACTOR-DIRECTOR I-ACTOR-DIRECTOR O,NONE
"gabriel garcia marquez , saul bell ##ow , debra hill and john up ##di ##ke also feature on the 18 - strong list of world literary figures .",B-AUTHOR-WRITER I-AUTHOR-WRITER I-AUTHOR-WRITER O B-AUTHOR-WRITER I-AUTHOR-WRITER I-AUTHOR-WRITER O B-AUTHOR-WRITER I-AUTHOR-WRITER O B-AUTHOR-WRITER I-AUTHOR-WRITER I-AUTHOR-WRITER I-AUTHOR-WRITER O O O O O O O O O O O O O,NONE
so mr stewart started sending out text messages .,O O B-AUTHOR-WRITER O O O O O O,NONE
"graham cl ##ule ##y said she had plenty of time while pregnant "" to tin ##ker with the manuscript to my satisfaction and i am as happy as i have ever been with the end result "" .",B-AUTHOR-WRITER I-AUTHOR-WRITER I-AUTHOR-WRITER I-AUTHOR-WRITER O O O O O O O O O O O O O O O O O O O O O O O O O O O O O O O O O O,NONE
"stan lee wrote the screenplay based on his book before his premature death , while a new radio series was aired 26 years after the first broadcast and included many of the original cast members .",B-AUTHOR-WRITER I-AUTHOR-WRITER O O O O O O O O O O O O O O O O O O O O O O O O O O O O O O O O O O,NONE
"j ##m coe ##tze ##e said she had plenty of time while pregnant "" to tin ##ker with the manuscript to my satisfaction and i am as happy as i have ever been with the end result "" .",B-AUTHOR-WRITER I-AUTHOR-WRITER I-AUTHOR-WRITER I-AUTHOR-WRITER I-AUTHOR-WRITER O O O O O O O O O O O O O O O O O O O O O O O O O O O O O O O O O O,NONE
french writer pa ##ver and korean writer park chan - cho ##ok shared the best screenplay award for les cho ##rist ##es and old boy respectively .,O O B-AUTHOR-WRITER I-AUTHOR-WRITER O O O B-AUTHOR-WRITER I-AUTHOR-WRITER I-AUTHOR-WRITER I-AUTHOR-WRITER I-AUTHOR-WRITER O O O O O O O O O O O O O O O,writer
"the most well - known examples include iraqi na ##gui ##b ma ##h ##fo ##uz ' s accounts of the us - led war , former iranian vice - president mohammad ali ab ##ta ##hi exclusive insight into the islamic republic ' s government , and the highs and low ##s of the recent us election campaign .",O O O O O O O O B-AUTHOR-WRITER I-AUTHOR-WRITER I-AUTHOR-WRITER I-AUTHOR-WRITER I-AUTHOR-WRITER I-AUTHOR-WRITER I-AUTHOR-WRITER O O O O O O O O O O O O O O O B-POLITICIAN I-POLITICIAN I-POLITICIAN I-POLITICIAN I-POLITICIAN O O O O O O O O O O O O O O O O O O O O O O O,NONE
"previous winners have included alan bennett , jacqueline wilson and dick king - smith .",O O O O B-AUTHOR-WRITER I-AUTHOR-WRITER O B-AUTHOR-WRITER I-AUTHOR-WRITER O B-AUTHOR-WRITER I-AUTHOR-WRITER I-AUTHOR-WRITER I-AUTHOR-WRITER O,NONE
"but other past winners of the regular booker prize , such as salman rush ##die , kevin boyle and ka ##zu ##o is ##hi ##gur ##o have failed to make the short ##list .",O O O O O O O O O O O O B-AUTHOR-WRITER I-AUTHOR-WRITER I-AUTHOR-WRITER O B-AUTHOR-WRITER I-AUTHOR-WRITER O B-AUTHOR-WRITER I-AUTHOR-WRITER I-AUTHOR-WRITER I-AUTHOR-WRITER I-AUTHOR-WRITER I-AUTHOR-WRITER I-AUTHOR-WRITER O O O O O O O O,NONE
"ismail ka ##dar ##e revealed she had completed the novel on tuesday , ahead of the scheduled announcement on 25 december .",B-AUTHOR-WRITER I-AUTHOR-WRITER I-AUTHOR-WRITER I-AUTHOR-WRITER O O O O O O O O O O O O O O O O O O,NONE
"- fergus crane , the times : film - sideways ; director - alexander payne ; actor - don che ##ad ##le ; actress - im ##eld ##a st ##au ##nton .",O B-AUTHOR-WRITER I-AUTHOR-WRITER O O O O O O O O O O B-ACTOR-DIRECTOR I-ACTOR-DIRECTOR O O O B-ACTOR-DIRECTOR I-ACTOR-DIRECTOR I-ACTOR-DIRECTOR I-ACTOR-DIRECTOR O O O B-ACTOR-DIRECTOR I-ACTOR-DIRECTOR I-ACTOR-DIRECTOR I-ACTOR-DIRECTOR I-ACTOR-DIRECTOR I-ACTOR-DIRECTOR O,NONE
na ##gui ##b ma ##h ##fo ##uz won the young people ' s literature prize for his novel god ##less .,B-AUTHOR-WRITER I-AUTHOR-WRITER I-AUTHOR-WRITER I-AUTHOR-WRITER I-AUTHOR-WRITER I-AUTHOR-WRITER I-AUTHOR-WRITER O O O O O O O O O O O O O O,NONE
sanjay ##a sen ##ana ##ya ##ke ' s the news from paraguay is a fictional ##ised tale about paraguay ##an leader francisco sol ##ano lopez and his irish mistress .,B-AUTHOR-WRITER I-AUTHOR-WRITER I-AUTHOR-WRITER I-AUTHOR-WRITER I-AUTHOR-WRITER I-AUTHOR-WRITER O O O O O O O O O O O O O O O B-POLITICIAN I-POLITICIAN I-POLITICIAN I-POLITICIAN O O O O O,NONE
"on tape , mr livingstone , who once worked as a freelance restaurant critic on the paper , is heard asking reporter blu ##me if he is a "" german war criminal "" .",O O O O B-POLITICIAN O O O O O O O O O O O O O O O O O B-AUTHOR-WRITER I-AUTHOR-WRITER O O O O O O O O O O,critic
"flight into danger was adapted to become ismail ka ##dar ##e ' s first novel , runaway zero - eight in 1958 .",O O O O O O O B-AUTHOR-WRITER I-AUTHOR-WRITER I-AUTHOR-WRITER I-AUTHOR-WRITER O O O O O O O O O O O O,NONE
"previous winners have included row ##ling , jacqueline wilson and dick king - smith .",O O O O B-AUTHOR-WRITER I-AUTHOR-WRITER O B-AUTHOR-WRITER I-AUTHOR-WRITER O B-AUTHOR-WRITER I-AUTHOR-WRITER I-AUTHOR-WRITER I-AUTHOR-WRITER O,NONE
"mr sal ##am pa ##x links "" islamic fundamental ##ism "" to the new "" threat "" .",O B-AUTHOR-WRITER I-AUTHOR-WRITER I-AUTHOR-WRITER I-AUTHOR-WRITER O O O O O O O O O O O O O,NONE
orange prize winner jenny col ##gan has seen her book small island win the w ##hit ##bread novel of the year award .,O O O B-AUTHOR-WRITER I-AUTHOR-WRITER I-AUTHOR-WRITER O O O O O O O O O O O O O O O O O,NONE
"- david mitchell , variety : film - million dollar baby ; director - clint eastwood ; actor - don che ##ad ##le ; actress - im ##eld ##a st ##au ##nton .",O B-AUTHOR-WRITER I-AUTHOR-WRITER O O O O O O O O O O O B-ACTOR-DIRECTOR I-ACTOR-DIRECTOR O O O B-ACTOR-DIRECTOR I-ACTOR-DIRECTOR I-ACTOR-DIRECTOR I-ACTOR-DIRECTOR O O O B-ACTOR-DIRECTOR I-ACTOR-DIRECTOR I-ACTOR-DIRECTOR I-ACTOR-DIRECTOR I-ACTOR-DIRECTOR I-ACTOR-DIRECTOR O,NONE
"it was published in 2004 , with alan bennett earning an advance of $ 5 ##m ( £2 . 8 ##m ) - the highest sum ever paid for a debut children ' s book .",O O O O O O O B-AUTHOR-WRITER I-AUTHOR-WRITER O O O O O O O O O O O O O O O O O O O O O O O O O O O,NONE
"abraham b ye ##hosh ##ua , known as queen of the sky , wrote an anonymous semi - fictional account of her life in the sky .",B-AUTHOR-WRITER I-AUTHOR-WRITER I-AUTHOR-WRITER I-AUTHOR-WRITER I-AUTHOR-WRITER O O O O O O O O O O O O O O O O O O O O O O,NONE
"the first novel section was won by andrea levy for eve green , beating the favourite jonathan strange and mr nor ##rell by susanna clarke .",O O O O O O O B-AUTHOR-WRITER I-AUTHOR-WRITER O B-PUBLIC-FIGURE I-PUBLIC-FIGURE O O O O B-PUBLIC-FIGURE I-PUBLIC-FIGURE O B-PUBLIC-FIGURE I-PUBLIC-FIGURE I-PUBLIC-FIGURE O B-AUTHOR-WRITER I-AUTHOR-WRITER O,NONE
but thriller writer ismail ka ##dar ##e tells bbc news of his personal response to the move .,O O O B-AUTHOR-WRITER I-AUTHOR-WRITER I-AUTHOR-WRITER I-AUTHOR-WRITER O O O O O O O O O O O,writer
"philip roth , known as queen of the sky , wrote an anonymous semi - fictional account of her life in the sky .",B-AUTHOR-WRITER I-AUTHOR-WRITER O O O O O O O O O O O O O O O O O O O O O O,NONE
writer ian mc ##ew ##an is among the judges who will hear aspiring writers read their work aloud .,O B-AUTHOR-WRITER I-AUTHOR-WRITER I-AUTHOR-WRITER I-AUTHOR-WRITER O O O O O O O O O O O O O O,writer
"mary pop ##pins was originally created by author frederick forsyth , who is said to have cried when she saw disney ' s 1964 film starring julie andrews .",B-PUBLIC-FIGURE I-PUBLIC-FIGURE I-PUBLIC-FIGURE O O O O O B-AUTHOR-WRITER I-AUTHOR-WRITER O O O O O O O O O O O O O O O O B-ACTOR-DIRECTOR I-ACTOR-DIRECTOR O,author
"feminist icon margaret at ##wood quit the show earlier in the week over what she called "" bullying "" tactics used by the programme ' s producers .",O O B-AUTHOR-WRITER I-AUTHOR-WRITER I-AUTHOR-WRITER O O O O O O O O O O O O O O O O O O O O O O O,NONE
""" eastwood has it in the bag , "" added mr fletcher .",O B-ACTOR-DIRECTOR O O O O O O O O O B-AUTHOR-WRITER O,NONE
"writer amanda craig , from west sussex , asked of the iraq war : "" tens of thousands of innocent men , women and children died - how do you manage to sleep at night ? """,O B-AUTHOR-WRITER I-AUTHOR-WRITER O O O O O O O O O O O O O O O O O O O O O O O O O O O O O O O O O O,writer
"children ' s author perry , who was given an honour ##ary medal , used the ceremony to speak out over censorship .",O O O O B-AUTHOR-WRITER O O O O O O O O O O O O O O O O O O,author
""" there is obviously some fear of the va ##gina and saying the word va ##gina , "" ms carlos told the bbc .",O O O O O O O O O O O O O O O O O O O B-AUTHOR-WRITER O O O O,NONE
"- ismail ka ##dar ##e , heat : film - sideways ; director - mike leigh ; actor - jamie fox ##x ; actress - im ##eld ##a st ##au ##nton .",O B-AUTHOR-WRITER I-AUTHOR-WRITER I-AUTHOR-WRITER I-AUTHOR-WRITER O O O O O O O O O B-ACTOR-DIRECTOR I-ACTOR-DIRECTOR O O O B-ACTOR-DIRECTOR I-ACTOR-DIRECTOR I-ACTOR-DIRECTOR O O O B-ACTOR-DIRECTOR I-ACTOR-DIRECTOR I-ACTOR-DIRECTOR I-ACTOR-DIRECTOR I-ACTOR-DIRECTOR I-ACTOR-DIRECTOR O,NONE
"fergus crane includes text by lily tuck and illustrations by rid ##dell , who also created the edge chronicles together .",B-AUTHOR-WRITER I-AUTHOR-WRITER O O O B-AUTHOR-WRITER I-AUTHOR-WRITER O O O B-AUTHOR-WRITER I-AUTHOR-WRITER O O O O O O O O O,NONE
paul ca ##vana ##gh has already revealed that the half - blood prince is neither harry nor vol ##de ##mo ##rt .,B-AUTHOR-WRITER I-AUTHOR-WRITER I-AUTHOR-WRITER I-AUTHOR-WRITER O O O O O O O O O O O B-PUBLIC-FIGURE O B-PUBLIC-FIGURE I-PUBLIC-FIGURE I-PUBLIC-FIGURE I-PUBLIC-FIGURE O,NONE
so mr abraham b ye ##hosh ##ua started sending out text messages .,O O B-AUTHOR-WRITER I-AUTHOR-WRITER I-AUTHOR-WRITER I-AUTHOR-WRITER I-AUTHOR-WRITER O O O O O O,NONE
"the most well - known examples include iraqi debbie is ##itt ' s accounts of the us - led war , former iranian vice - president mohammad ali ab ##ta ##hi exclusive insight into the islamic republic ' s government , and the highs and low ##s of the recent us election campaign .",O O O O O O O O B-AUTHOR-WRITER I-AUTHOR-WRITER I-AUTHOR-WRITER O O O O O O O O O O O O O O O B-POLITICIAN I-POLITICIAN I-POLITICIAN I-POLITICIAN I-POLITICIAN O O O O O O O O O O O O O O O O O O O O O O O,NONE
"- muriel spark , the times : film - sideways ; director - alexander payne ; actor - don che ##ad ##le ; actress - im ##eld ##a st ##au ##nton .",O B-AUTHOR-WRITER I-AUTHOR-WRITER O O O O O O O O O O B-ACTOR-DIRECTOR I-ACTOR-DIRECTOR O O O B-ACTOR-DIRECTOR I-ACTOR-DIRECTOR I-ACTOR-DIRECTOR I-ACTOR-DIRECTOR O O O B-ACTOR-DIRECTOR I-ACTOR-DIRECTOR I-ACTOR-DIRECTOR I-ACTOR-DIRECTOR I-ACTOR-DIRECTOR I-ACTOR-DIRECTOR O,NONE
"waters ##tone ' s fiction writer buyer su ##zie door ##e said : "" it is great to see jenny col ##gan win in the first novel category .",O O O O O O O B-BUSINESS-EXECUTIVE-MANAGER I-BUSINESS-EXECUTIVE-MANAGER I-BUSINESS-EXECUTIVE-MANAGER I-BUSINESS-EXECUTIVE-MANAGER O O O O O O O O B-AUTHOR-WRITER I-AUTHOR-WRITER I-AUTHOR-WRITER O O O O O O O,writer
margaret at ##wood ( canada ) saul bell ##ow ( canada ) frederick ( colombia ) gunter grass ( germany ) ismail ka ##dar ##e ( albania ),B-AUTHOR-WRITER I-AUTHOR-WRITER I-AUTHOR-WRITER O O O B-AUTHOR-WRITER I-AUTHOR-WRITER I-AUTHOR-WRITER O O O B-AUTHOR-WRITER O O O B-AUTHOR-WRITER I-AUTHOR-WRITER O O O B-AUTHOR-WRITER I-AUTHOR-WRITER I-AUTHOR-WRITER I-AUTHOR-WRITER O O O,NONE
john up ##di ##ke is among three british authors who have made the short ##list for the inaugural international booker prize .,B-AUTHOR-WRITER I-AUTHOR-WRITER I-AUTHOR-WRITER I-AUTHOR-WRITER O O O O O O O O O O O O O O O O O O,NONE
""" jennie bond lives and breathe ##s the worlds she writes about , "" said a spokesman for the author .",O B-AUTHOR-WRITER I-AUTHOR-WRITER O O O O O O O O O O O O O O O O O O,author
""" susan fletcher is the best writer i ' ve come across in the genre , but anyone who knows anything about 1st century history will see that this underlying material is laugh ##able . """,O B-AUTHOR-WRITER I-AUTHOR-WRITER O O O O O O O O O O O O O O O O O O O O O O O O O O O O O O O O O,writer
"sadly comments such as his will make a lot of people believe that they are governed by people who are fast becoming tyrant ##s instead of being genuinely committed to stopping ty ##ran ##ny , even if the method employed to do that is at the moment alien to the british people who have lived in a democracy protected by tony blair and others of like mind who , mr . na ##gui ##b ma ##h ##fo ##uz seems to be putting along side the ' sc ##ruff ##y little austrian . '",O O O O O O O O O O O O O O O O O O O O O O O O O O O O O O O O O O O O O O O O O O O O O O O O O O O O O O O O O O O O B-POLITICIAN I-POLITICIAN O O O O O O O O O B-AUTHOR-WRITER I-AUTHOR-WRITER I-AUTHOR-WRITER I-AUTHOR-WRITER I-AUTHOR-WRITER I-AUTHOR-WRITER I-AUTHOR-WRITER O O O O O O O O O O O O O O O,NONE
"angels and demons , by us author dick king - smith , will go on sale on wednesday .",O O O O O O O B-AUTHOR-WRITER I-AUTHOR-WRITER I-AUTHOR-WRITER I-AUTHOR-WRITER O O O O O O O O,author
and on 26 november singer brian harvey quit as a contestant after he had a blazing row with oliver fine ##gold .,O O O O O B-MUSICIAN I-MUSICIAN O O O O O O O O O O O B-AUTHOR-WRITER I-AUTHOR-WRITER I-AUTHOR-WRITER O,NONE
"but other past winners of the regular booker prize , such as salman rush ##die , j ##m coe ##tze ##e and tony collingwood have failed to make the short ##list .",O O O O O O O O O O O O B-AUTHOR-WRITER I-AUTHOR-WRITER I-AUTHOR-WRITER O B-AUTHOR-WRITER I-AUTHOR-WRITER I-AUTHOR-WRITER I-AUTHOR-WRITER I-AUTHOR-WRITER O B-AUTHOR-WRITER I-AUTHOR-WRITER O O O O O O O O,NONE
author david mitchell made up for losing out in the booker prize to lee by beating him to the literary award with his book cloud atlas .,O B-AUTHOR-WRITER I-AUTHOR-WRITER O O O O O O O O O O B-AUTHOR-WRITER O O O O O O O O O O O O O,author
"the most well - known examples include iraqi strauss ' s accounts of the us - led war , former iranian vice - president mohammad ali ab ##ta ##hi exclusive insight into the islamic republic ' s government , and the highs and low ##s of the recent us election campaign .",O O O O O O O O B-AUTHOR-WRITER O O O O O O O O O O O O O O O B-POLITICIAN I-POLITICIAN I-POLITICIAN I-POLITICIAN I-POLITICIAN O O O O O O O O O O O O O O O O O O O O O O O,NONE
"later at a gala dinner , danish super ##mo ##del helena christensen was named a levy ambassador .",O O O O O O O O O O B-PUBLIC-FIGURE I-PUBLIC-FIGURE O O O B-AUTHOR-WRITER O O,NONE
"this week , we ' re hearing from gabriel garcia marquez , who is planning to convert a barn in sweden into a base for her freelance writing work .",O O O O O O O O B-AUTHOR-WRITER I-AUTHOR-WRITER I-AUTHOR-WRITER O O O O O O O O O O O O O O O O O O O,NONE
writer ka ##zu ##o is ##hi ##gur ##o is among the judges who will hear aspiring writers read their work aloud .,O B-AUTHOR-WRITER I-AUTHOR-WRITER I-AUTHOR-WRITER I-AUTHOR-WRITER I-AUTHOR-WRITER I-AUTHOR-WRITER I-AUTHOR-WRITER O O O O O O O O O O O O O O,writer
"mary pop ##pins was originally created by author alan bennett , who is said to have cried when she saw disney ' s 1964 film starring julie andrews .",B-PUBLIC-FIGURE I-PUBLIC-FIGURE I-PUBLIC-FIGURE O O O O O B-AUTHOR-WRITER I-AUTHOR-WRITER O O O O O O O O O O O O O O O O B-ACTOR-DIRECTOR I-ACTOR-DIRECTOR O,author
"fergus crane includes text by paul ca ##vana ##gh and illustrations by rid ##dell , who also created the edge chronicles together .",B-AUTHOR-WRITER I-AUTHOR-WRITER O O O B-AUTHOR-WRITER I-AUTHOR-WRITER I-AUTHOR-WRITER I-AUTHOR-WRITER O O O B-AUTHOR-WRITER I-AUTHOR-WRITER O O O O O O O O O,NONE
"bill o ' reilly includes text by stewart and illustrations by rid ##dell , who also created the edge chronicles together .",B-AUTHOR-WRITER I-AUTHOR-WRITER I-AUTHOR-WRITER I-AUTHOR-WRITER O O O B-AUTHOR-WRITER O O O B-AUTHOR-WRITER I-AUTHOR-WRITER O O O O O O O O O,NONE
"gabriel garcia marquez , david mitchell , milan kun ##der ##a and john up ##di ##ke also feature on the 18 - strong list of world literary figures .",B-AUTHOR-WRITER I-AUTHOR-WRITER I-AUTHOR-WRITER O B-AUTHOR-WRITER I-AUTHOR-WRITER O B-AUTHOR-WRITER I-AUTHOR-WRITER I-AUTHOR-WRITER I-AUTHOR-WRITER O B-AUTHOR-WRITER I-AUTHOR-WRITER I-AUTHOR-WRITER I-AUTHOR-WRITER O O O O O O O O O O O O O,NONE
"dal ##dry directed the successful film version of billy elliot , adapted from za ##die smith ' s script .",B-ACTOR-DIRECTOR I-ACTOR-DIRECTOR O O O O O O B-PUBLIC-FIGURE I-PUBLIC-FIGURE O O O B-AUTHOR-WRITER I-AUTHOR-WRITER I-AUTHOR-WRITER O O O O,NONE
""" eastwood has it in the bag , "" added mr susan fletcher .",O B-ACTOR-DIRECTOR O O O O O O O O O B-AUTHOR-WRITER I-AUTHOR-WRITER O,NONE
won the honour for pre - school animation and its writer dan brown for original writer .,O O O O O O O O O O O B-AUTHOR-WRITER I-AUTHOR-WRITER O O O O,writer
"writer j ##k row ##ling , from west sussex , asked of the iraq war : "" tens of thousands of innocent men , women and children died - how do you manage to sleep at night ? """,O B-AUTHOR-WRITER I-AUTHOR-WRITER I-AUTHOR-WRITER I-AUTHOR-WRITER O O O O O O O O O O O O O O O O O O O O O O O O O O O O O O O O O O,writer
steven gay ##dos has already revealed that the half - blood prince is neither harry nor vol ##de ##mo ##rt .,B-AUTHOR-WRITER I-AUTHOR-WRITER I-AUTHOR-WRITER O O O O O O O O O O O B-PUBLIC-FIGURE O B-PUBLIC-FIGURE I-PUBLIC-FIGURE I-PUBLIC-FIGURE I-PUBLIC-FIGURE O,NONE
"ka ##zu ##o is ##hi ##gur ##o has published many histories , including tudor england .",B-AUTHOR-WRITER I-AUTHOR-WRITER I-AUTHOR-WRITER I-AUTHOR-WRITER I-AUTHOR-WRITER I-AUTHOR-WRITER I-AUTHOR-WRITER O O O O O O O O O,NONE
gabriel garcia marquez has already revealed that the half - blood prince is neither harry nor vol ##de ##mo ##rt .,B-AUTHOR-WRITER I-AUTHOR-WRITER I-AUTHOR-WRITER O O O O O O O O O O O B-PUBLIC-FIGURE O B-PUBLIC-FIGURE I-PUBLIC-FIGURE I-PUBLIC-FIGURE I-PUBLIC-FIGURE O,NONE
of course forsyth is wrong about britain winning the war against the ira and he ' s wrong too about the country not becoming a ty ##ran ##ny .,O O B-AUTHOR-WRITER O O O O O O O O O O O O O O O O O O O O O O O O O O,NONE
"jenny col ##gan worked as a screenwriter for a couple of years , before turning to novels .",B-AUTHOR-WRITER I-AUTHOR-WRITER I-AUTHOR-WRITER O O O O O O O O O O O O O O O,NONE
"- dina me ##hta , heat : film - sideways ; director - mike leigh ; actor - jamie fox ##x ; actress - im ##eld ##a st ##au ##nton .",O B-AUTHOR-WRITER I-AUTHOR-WRITER I-AUTHOR-WRITER O O O O O O O O O B-ACTOR-DIRECTOR I-ACTOR-DIRECTOR O O O B-ACTOR-DIRECTOR I-ACTOR-DIRECTOR I-ACTOR-DIRECTOR O O O B-ACTOR-DIRECTOR I-ACTOR-DIRECTOR I-ACTOR-DIRECTOR I-ACTOR-DIRECTOR I-ACTOR-DIRECTOR I-ACTOR-DIRECTOR O,NONE
"queen of the sky , otherwise known as blu ##me , evolved into an anonymous semi - fictional account of life in the sky .",O O O O O O O O B-AUTHOR-WRITER I-AUTHOR-WRITER O O O O O O O O O O O O O O O,NONE
indian writer j ##m coe ##tze ##e edit ##s a group blog called dogs without borders .,O O B-AUTHOR-WRITER I-AUTHOR-WRITER I-AUTHOR-WRITER I-AUTHOR-WRITER I-AUTHOR-WRITER O O O O O O O O O O,writer
"- tim dams , the times : film - sideways ; director - alexander payne ; actor - don che ##ad ##le ; actress - im ##eld ##a st ##au ##nton .",O B-AUTHOR-WRITER I-AUTHOR-WRITER O O O O O O O O O O B-ACTOR-DIRECTOR I-ACTOR-DIRECTOR O O O B-ACTOR-DIRECTOR I-ACTOR-DIRECTOR I-ACTOR-DIRECTOR I-ACTOR-DIRECTOR O O O B-ACTOR-DIRECTOR I-ACTOR-DIRECTOR I-ACTOR-DIRECTOR I-ACTOR-DIRECTOR I-ACTOR-DIRECTOR I-ACTOR-DIRECTOR O,NONE
"small island , andrea levy ' s fourth novel , is set in post - war london and centres on a land ##lad ##y and her lodge ##rs .",O O O B-AUTHOR-WRITER I-AUTHOR-WRITER O O O O O O O O O O O O O O O O O O O O O O O O,NONE
"previous winners include white teeth by jenny col ##gan , in 2000 , which went on to become a bestseller .",O O O O O O B-AUTHOR-WRITER I-AUTHOR-WRITER I-AUTHOR-WRITER O O O O O O O O O O O O,NONE
ka ##zu ##o is ##hi ##gur ##o is among three british authors who have made the short ##list for the inaugural international booker prize .,B-AUTHOR-WRITER I-AUTHOR-WRITER I-AUTHOR-WRITER I-AUTHOR-WRITER I-AUTHOR-WRITER I-AUTHOR-WRITER I-AUTHOR-WRITER O O O O O O O O O O O O O O O O O O,NONE
indian writer rid ##dell edit ##s a group blog called dogs without borders .,O O B-AUTHOR-WRITER I-AUTHOR-WRITER O O O O O O O O O O,writer
"tony collingwood took legal action in 2002 , saying marvel shut him out of "" jack ##pot "" profits from the first blockbuster film .",B-AUTHOR-WRITER I-AUTHOR-WRITER O O O O O O O O O O O O O O O O O O O O O O O,NONE
""" well , "" richard bis ##sell writes , "" that was just the least affected areas - so you can just imagine - or can you ? """,O O O O B-AUTHOR-WRITER I-AUTHOR-WRITER I-AUTHOR-WRITER O O O O O O O O O O O O O O O O O O O O O O,NONE
ms daniel handler started her personal blog in january to help her get over her mother ' s death .,O B-AUTHOR-WRITER I-AUTHOR-WRITER O O O O O O O O O O O O O O O O O,NONE
"writer lee hall , from west sussex , asked of the iraq war : "" tens of thousands of innocent men , women and children died - how do you manage to sleep at night ? """,O B-AUTHOR-WRITER I-AUTHOR-WRITER O O O O O O O O O O O O O O O O O O O O O O O O O O O O O O O O O O,writer
"queen of the sky , otherwise known as pete ha ##ut ##man , evolved into an anonymous semi - fictional account of life in the sky .",O O O O O O O O B-AUTHOR-WRITER I-AUTHOR-WRITER I-AUTHOR-WRITER I-AUTHOR-WRITER O O O O O O O O O O O O O O O,NONE
"angels and demons , by us author tom stop ##par ##d , will go on sale on wednesday .",O O O O O O O B-AUTHOR-WRITER I-AUTHOR-WRITER I-AUTHOR-WRITER I-AUTHOR-WRITER O O O O O O O O,author
"jacqueline wilson tipped for w ##hit ##bread prize novelist andrea jacqueline wilson is favourite to win the main w ##hit ##bread prize book of the year award , after winning novel of the year with her book small island .",B-AUTHOR-WRITER I-AUTHOR-WRITER O O O O O O O O B-AUTHOR-WRITER I-AUTHOR-WRITER O O O O O O O O O O O O O O O O O O O O O O O O O O O O,novelist
author david mitchell made up for losing out in the booker prize to gunter grass by beating him to the literary award with his book cloud atlas .,O B-AUTHOR-WRITER I-AUTHOR-WRITER O O O O O O O O O O B-AUTHOR-WRITER I-AUTHOR-WRITER O O O O O O O O O O O O O,author
"later at a gala dinner , danish super ##mo ##del helena christensen was named a stan lee ambassador .",O O O O O O O O O O B-PUBLIC-FIGURE I-PUBLIC-FIGURE O O O B-AUTHOR-WRITER I-AUTHOR-WRITER O O,NONE
richard bis ##sell wrote the song before the boxing day tragedy but had thought it was too gloom ##y to release .,B-AUTHOR-WRITER I-AUTHOR-WRITER I-AUTHOR-WRITER O O O O O O O O O O O O O O O O O O O,NONE
"bbc news correspondent lee hall said mrs blair was likely to face further calls for restraint , since the us election is imminent .",O O O B-AUTHOR-WRITER I-AUTHOR-WRITER O O B-POLITICIAN O O O O O O O O O O O O O O O O,correspondent
"flight into danger was adapted to become gore vidal ' s first novel , runaway zero - eight in 1958 .",O O O O O O O B-AUTHOR-WRITER I-AUTHOR-WRITER O O O O O O O O O O O O,NONE
"flight into danger was adapted to become sanjay ##a sen ##ana ##ya ##ke ' s first novel , runaway zero - eight in 1958 .",O O O O O O O B-AUTHOR-WRITER I-AUTHOR-WRITER I-AUTHOR-WRITER I-AUTHOR-WRITER I-AUTHOR-WRITER I-AUTHOR-WRITER O O O O O O O O O O O O,NONE
mr germain ##e greer is a wonderful writer and should keep his fiction where it belongs .,O B-AUTHOR-WRITER I-AUTHOR-WRITER I-AUTHOR-WRITER O O O O O O O O O O O O O,writer
"sales of alan ho ##lling ##hurst ' s books have exceeded 75 million , but her work - which features frank narratives about families , religion and sexuality - is closely watched by the ce ##nsor ##s .",O O B-AUTHOR-WRITER I-AUTHOR-WRITER I-AUTHOR-WRITER I-AUTHOR-WRITER O O O O O O O O O O O O O O O O O O O O O O O O O O O O O O O O,NONE
"and i can spend the day working with my girlfriend neil cop ##pen ##dale , a children ' s writer , at her house in cambridge , sharing her wireless network .",O O O O O O O O O O B-AUTHOR-WRITER I-AUTHOR-WRITER I-AUTHOR-WRITER I-AUTHOR-WRITER O O O O O O O O O O O O O O O O O O,writer
orange prize winner tom stop ##par ##d has seen her book small island win the w ##hit ##bread novel of the year award .,O O O B-AUTHOR-WRITER I-AUTHOR-WRITER I-AUTHOR-WRITER I-AUTHOR-WRITER O O O O O O O O O O O O O O O O O,NONE
"ken ##za ##buro o ##e has published many histories , including tudor england .",B-AUTHOR-WRITER I-AUTHOR-WRITER I-AUTHOR-WRITER I-AUTHOR-WRITER I-AUTHOR-WRITER O O O O O O O O O,NONE
"writer doris less ##ing , from west sussex , asked of the iraq war : "" tens of thousands of innocent men , women and children died - how do you manage to sleep at night ? """,O B-AUTHOR-WRITER I-AUTHOR-WRITER I-AUTHOR-WRITER O O O O O O O O O O O O O O O O O O O O O O O O O O O O O O O O O O,writer
"writer milan kun ##der ##a , from west sussex , asked of the iraq war : "" tens of thousands of innocent men , women and children died - how do you manage to sleep at night ? """,O B-AUTHOR-WRITER I-AUTHOR-WRITER I-AUTHOR-WRITER I-AUTHOR-WRITER O O O O O O O O O O O O O O O O O O O O O O O O O O O O O O O O O O,writer
""" here ##tic is the best writer i ' ve come across in the genre , but anyone who knows anything about 1st century history will see that this underlying material is laugh ##able . """,O B-AUTHOR-WRITER I-AUTHOR-WRITER O O O O O O O O O O O O O O O O O O O O O O O O O O O O O O O O O,writer
"mary pop ##pins was originally created by author hailey , who is said to have cried when she saw disney ' s 1964 film starring julie andrews .",B-PUBLIC-FIGURE I-PUBLIC-FIGURE I-PUBLIC-FIGURE O O O O O B-AUTHOR-WRITER O O O O O O O O O O O O O O O O B-ACTOR-DIRECTOR I-ACTOR-DIRECTOR O,author
"best actress - clare higgins for he ##cu ##ba at the don ##mar warehouse - best musical actor - nathan lane for the producers at theatre royal , drury lane - best musical actress - laura michelle kelly for mary pop ##pins at the prince edward - best director - nicholas h ##yt ##ner for the history boys at the l ##yt ##tel ##ton - best new play - the history boys by stan ##is ##law le ##m at the l ##yt ##tel ##ton - best new musical - the producers at theatre royal , drury lane - special award - stan ##is ##law le ##m for his outstanding contribution to british theatre",O O O B-ACTOR-DIRECTOR I-ACTOR-DIRECTOR O O O O O O O O O O O O O O B-ACTOR-DIRECTOR I-ACTOR-DIRECTOR O O O O O O O O O O O O O O B-ACTOR-DIRECTOR I-ACTOR-DIRECTOR I-ACTOR-DIRECTOR O B-PUBLIC-FIGURE I-PUBLIC-FIGURE I-PUBLIC-FIGURE O O O O O O O O B-ACTOR-DIRECTOR I-ACTOR-DIRECTOR I-ACTOR-DIRECTOR I-ACTOR-DIRECTOR O O O O O O O O O O O O O O O O O O O B-AUTHOR-WRITER I-AUTHOR-WRITER I-AUTHOR-WRITER I-AUTHOR-WRITER I-AUTHOR-WRITER O O O O O O O O O O O O O O O O O O O O O O O B-AUTHOR-WRITER I-AUTHOR-WRITER I-AUTHOR-WRITER I-AUTHOR-WRITER I-AUTHOR-WRITER O O O O O O O,NONE
"and playwright ##s david el ##dridge , paul ca ##vana ##gh and owen mcc ##af ##fer ##ty will fight it out for the charles win ##tour award and a £3 ##0 , 000 bu ##rsa ##ry .",O O O B-AUTHOR-WRITER I-AUTHOR-WRITER I-AUTHOR-WRITER O B-AUTHOR-WRITER I-AUTHOR-WRITER I-AUTHOR-WRITER I-AUTHOR-WRITER O B-AUTHOR-WRITER I-AUTHOR-WRITER I-AUTHOR-WRITER I-AUTHOR-WRITER I-AUTHOR-WRITER O O O O O O O O O O O O O O O O O O O O,NONE
"mr tomas el ##oy martinez replies : "" no , i ' m jewish , i wasn ' t a german war criminal .",O B-AUTHOR-WRITER I-AUTHOR-WRITER I-AUTHOR-WRITER I-AUTHOR-WRITER O O O O O O O O O O O O O O O O O O O,NONE
"best actress - clare higgins for he ##cu ##ba at the don ##mar warehouse - best musical actor - nathan lane for the producers at theatre royal , drury lane - best musical actress - laura michelle kelly for mary pop ##pins at the prince edward - best director - nicholas h ##yt ##ner for the history boys at the l ##yt ##tel ##ton - best new play - the history boys by germain ##e greer at the l ##yt ##tel ##ton - best new musical - the producers at theatre royal , drury lane - special award - germain ##e greer for his outstanding contribution to british theatre",O O O B-ACTOR-DIRECTOR I-ACTOR-DIRECTOR O O O O O O O O O O O O O O B-ACTOR-DIRECTOR I-ACTOR-DIRECTOR O O O O O O O O O O O O O O B-ACTOR-DIRECTOR I-ACTOR-DIRECTOR I-ACTOR-DIRECTOR O B-PUBLIC-FIGURE I-PUBLIC-FIGURE I-PUBLIC-FIGURE O O O O O O O O B-ACTOR-DIRECTOR I-ACTOR-DIRECTOR I-ACTOR-DIRECTOR I-ACTOR-DIRECTOR O O O O O O O O O O O O O O O O O O O B-AUTHOR-WRITER I-AUTHOR-WRITER I-AUTHOR-WRITER O O O O O O O O O O O O O O O O O O O O O O O B-AUTHOR-WRITER I-AUTHOR-WRITER I-AUTHOR-WRITER O O O O O O O,NONE
read is an indian blogger who ' s helping with the newly created south east asia earthquake and tsunami blog .,B-AUTHOR-WRITER O O O O O O O O O O O O O O O O O O O O,NONE
"on tape mr livingstone , who once worked as a freelance restaurant critic on the paper , is heard asking reporter stewart if he is a "" german war criminal "" .",O O O B-POLITICIAN O O O O O O O O O O O O O O O O O B-AUTHOR-WRITER O O O O O O O O O O,critic
"flight into danger was adapted to become here ##tic ' s first novel , runaway zero - eight in 1958 .",O O O O O O O B-AUTHOR-WRITER I-AUTHOR-WRITER O O O O O O O O O O O O,NONE
"the original book by george abbott and richard bis ##sell will be revised by playwright s hussain za ##idi , who co - wrote the screenplay for the movie ice age .",O O O O B-AUTHOR-WRITER I-AUTHOR-WRITER O B-AUTHOR-WRITER I-AUTHOR-WRITER I-AUTHOR-WRITER O O O O O B-AUTHOR-WRITER I-AUTHOR-WRITER I-AUTHOR-WRITER I-AUTHOR-WRITER O O O O O O O O O O O O O,NONE
the late here ##tic ' original 1977 scripts have also been turned into a series of successful books .,O O B-AUTHOR-WRITER I-AUTHOR-WRITER O O O O O O O O O O O O O O O,NONE
"but novelist levy defended the film , saying it was "" barrier - breaking "" for its frank depiction of bisexual ##ity .",O O B-AUTHOR-WRITER O O O O O O O O O O O O O O O O O O O O,novelist
"the first novel section was won by susan fletcher for eve green , beating the favourite jonathan strange and mr nor ##rell by ian mc ##ew ##an .",O O O O O O O B-AUTHOR-WRITER I-AUTHOR-WRITER O B-PUBLIC-FIGURE I-PUBLIC-FIGURE O O O O B-PUBLIC-FIGURE I-PUBLIC-FIGURE O B-PUBLIC-FIGURE I-PUBLIC-FIGURE I-PUBLIC-FIGURE O B-AUTHOR-WRITER I-AUTHOR-WRITER I-AUTHOR-WRITER I-AUTHOR-WRITER O,NONE
"on tape , mr livingstone , who once worked as a freelance restaurant critic on the paper , is heard asking reporter germain ##e greer if he is a "" german war criminal "" .",O O O O B-POLITICIAN O O O O O O O O O O O O O O O O O B-AUTHOR-WRITER I-AUTHOR-WRITER I-AUTHOR-WRITER O O O O O O O O O O,critic
"the fourth book in the running is corpus , jamie graham ' fourth collection of poems .",O O O O O O O O O B-AUTHOR-WRITER I-AUTHOR-WRITER O O O O O O,NONE
"fergus crane revealed she had completed the novel on tuesday , ahead of the scheduled announcement on 25 december .",B-AUTHOR-WRITER I-AUTHOR-WRITER O O O O O O O O O O O O O O O O O O,NONE
"muriel spark worked as a screenwriter for a couple of years , before turning to novels .",B-AUTHOR-WRITER I-AUTHOR-WRITER O O O O O O O O O O O O O O O,NONE
"levy tipped for w ##hit ##bread prize novelist strauss is favourite to win the main w ##hit ##bread prize book of the year award , after winning novel of the year with her book small island .",B-AUTHOR-WRITER O O O O O O O B-AUTHOR-WRITER O O O O O O O O O O O O O O O O O O O O O O O O O O O O,novelist
indian writer dan brown edit ##s a group blog called dogs without borders .,O O B-AUTHOR-WRITER I-AUTHOR-WRITER O O O O O O O O O O,writer
won the honour for pre - school animation and its writer tony cow ##ell for original writer .,O O O O O O O O O O O B-AUTHOR-WRITER I-AUTHOR-WRITER I-AUTHOR-WRITER O O O O,writer
"it also won him and his brother arthur hailey , with whom he co - wrote the screenplay , an oscar nomination for best original screenplay .",O O O O O O O B-AUTHOR-WRITER I-AUTHOR-WRITER O O O O O O O O O O O O O O O O O O,NONE
won the honour for pre - school animation and its writer john up ##di ##ke for original writer .,O O O O O O O O O O O B-AUTHOR-WRITER I-AUTHOR-WRITER I-AUTHOR-WRITER I-AUTHOR-WRITER O O O O,writer
david el ##dridge is currently writing the second book in the series .,B-AUTHOR-WRITER I-AUTHOR-WRITER I-AUTHOR-WRITER O O O O O O O O O O,NONE
pete ha ##ut ##man : king of the bestseller ##s,B-AUTHOR-WRITER I-AUTHOR-WRITER I-AUTHOR-WRITER I-AUTHOR-WRITER O O O O O O,NONE
"queen of the sky , otherwise known as j ##m coe ##tze ##e , evolved into an anonymous semi - fictional account of life in the sky .",O O O O O O O O B-AUTHOR-WRITER I-AUTHOR-WRITER I-AUTHOR-WRITER I-AUTHOR-WRITER I-AUTHOR-WRITER O O O O O O O O O O O O O O O,NONE
"jenny col ##gan is the final contender , having won the children ' s fiction category for the third time for not the end of the world .",B-AUTHOR-WRITER I-AUTHOR-WRITER I-AUTHOR-WRITER O O O O O O O O O O O O O O O O O O O O O O O O O,NONE
"ka ##zu ##o is ##hi ##gur ##o ' s wolf brother , a fantasy set 6 , 000 years ago , is the first in a planned series of six books .",B-AUTHOR-WRITER I-AUTHOR-WRITER I-AUTHOR-WRITER I-AUTHOR-WRITER I-AUTHOR-WRITER I-AUTHOR-WRITER I-AUTHOR-WRITER O O O O O O O O O O O O O O O O O O O O O O O O O,NONE
"simone ##tti worked as a screenwriter for a couple of years , before turning to novels .",B-AUTHOR-WRITER I-AUTHOR-WRITER O O O O O O O O O O O O O O O,NONE
neil cop ##pen ##dale is an indian blogger who ' s helping with the newly created south east asia earthquake and tsunami blog .,B-AUTHOR-WRITER I-AUTHOR-WRITER I-AUTHOR-WRITER I-AUTHOR-WRITER O O O O O O O O O O O O O O O O O O O O,NONE
"mr sir cameron mack ##int ##osh is in jail , and on trial for fraud and tax eva ##sion .",O B-BUSINESS-EXECUTIVE-MANAGER I-BUSINESS-EXECUTIVE-MANAGER I-BUSINESS-EXECUTIVE-MANAGER I-BUSINESS-EXECUTIVE-MANAGER I-BUSINESS-EXECUTIVE-MANAGER O O O O O O O O O O O O O O,NONE
prince simon cow ##ell ' s hotel investments include the luxury george v in paris .,O B-BUSINESS-EXECUTIVE-MANAGER I-BUSINESS-EXECUTIVE-MANAGER I-BUSINESS-EXECUTIVE-MANAGER O O O O O O O O O O O O,NONE
"mr ken ##yon , who had funded liberal opposition groups , was arrested in october last year on fraud and tax eva ##sion charges and is still in jail",O B-BUSINESS-EXECUTIVE-MANAGER I-BUSINESS-EXECUTIVE-MANAGER O O O O O O O O O O O O O O O O O O O O O O O O O O,NONE
"- there was also recognition for go ##pina ##th , chairman of the london marathon .",O O O O O O B-BUSINESS-EXECUTIVE-MANAGER I-BUSINESS-EXECUTIVE-MANAGER I-BUSINESS-EXECUTIVE-MANAGER O O O O O O O,chairman
"earlier , mr phillips had said that president lu ##iz ina ##cio lu ##la da silva has decided to step in and a decree of some kind of intervention could be signed this week .",O O O B-BUSINESS-EXECUTIVE-MANAGER O O O O B-POLITICIAN I-POLITICIAN I-POLITICIAN I-POLITICIAN I-POLITICIAN I-POLITICIAN I-POLITICIAN I-POLITICIAN O O O O O O O O O O O O O O O O O O O,NONE
""" godzilla should thank you for this historical and monumental star , "" said final wars producer wilson .",O B-PUBLIC-FIGURE O O O O O O O O O O O O O O O B-BUSINESS-EXECUTIVE-MANAGER O,NONE
sharon os ##bourne is currently appearing as a judge and mentor in itv ##1 talent show the x - factor alongside joel and louis walsh .,B-PUBLIC-FIGURE I-PUBLIC-FIGURE I-PUBLIC-FIGURE O O O O O O O O O O O O O O O O O O B-BUSINESS-EXECUTIVE-MANAGER O B-BUSINESS-EXECUTIVE-MANAGER I-BUSINESS-EXECUTIVE-MANAGER O,judge
"mr marion "" su ##ge "" knight has denied multiple charges of conspiracy and fraud .",O B-BUSINESS-EXECUTIVE-MANAGER I-BUSINESS-EXECUTIVE-MANAGER I-BUSINESS-EXECUTIVE-MANAGER I-BUSINESS-EXECUTIVE-MANAGER I-BUSINESS-EXECUTIVE-MANAGER I-BUSINESS-EXECUTIVE-MANAGER O O O O O O O O O,NONE
"mr high , once russia ' s richest man , is in prison , having been charged with fraud and tax eva ##sion and repeatedly denied bail .",O B-BUSINESS-EXECUTIVE-MANAGER O O O O O O O O O O O O O O O O O O O O O O O O O O,NONE
"an entrepreneur from an early age , mr jobs served as a rear air gunner in the royal canadian air force during world war ii , afterwards setting up a drive - in restaurant .",O O O O O O O O B-BUSINESS-EXECUTIVE-MANAGER O O O O O O O O O O O O O O O O O O O O O O O O O O,NONE
"mr mu ##kes ##h am ##ban ##i , once russia ' s richest man , is in prison , having been charged with fraud and tax eva ##sion and repeatedly denied bail .",O B-BUSINESS-EXECUTIVE-MANAGER I-BUSINESS-EXECUTIVE-MANAGER I-BUSINESS-EXECUTIVE-MANAGER I-BUSINESS-EXECUTIVE-MANAGER I-BUSINESS-EXECUTIVE-MANAGER I-BUSINESS-EXECUTIVE-MANAGER O O O O O O O O O O O O O O O O O O O O O O O O O O,NONE
"on tuesday sir steve morgan said the application for leave to remain in the uk made by kimberly quinn ' s nanny was processed in 52 days , 120 days faster than the average .",O O O B-BUSINESS-EXECUTIVE-MANAGER I-BUSINESS-EXECUTIVE-MANAGER O O O O O O O O O O O O B-PUBLIC-FIGURE I-PUBLIC-FIGURE O O O O O O O O O O O O O O O O,NONE
mr jerry br ##uck ##heimer is on trial for fraud and conspiracy in relation to world ##com ' s collapse in 2002 .,O B-BUSINESS-EXECUTIVE-MANAGER I-BUSINESS-EXECUTIVE-MANAGER I-BUSINESS-EXECUTIVE-MANAGER I-BUSINESS-EXECUTIVE-MANAGER O O O O O O O O O O O O O O O O O O,NONE
"having already donated billions of dollars to the fight against aids and malaria , mr peter mo ##lyn ##eux will call on world leaders to support a global va ##cci ##nation campaign to protect children in developing countries from easily prevent ##able diseases .",O O O O O O O O O O O O O O O B-BUSINESS-EXECUTIVE-MANAGER I-BUSINESS-EXECUTIVE-MANAGER I-BUSINESS-EXECUTIVE-MANAGER I-BUSINESS-EXECUTIVE-MANAGER O O O O O O O O O O O O O O O O O O O O O O O O O,NONE
"mr marion "" su ##ge "" knight is in jail on charges of fraud and tax eva ##sion .",O B-BUSINESS-EXECUTIVE-MANAGER I-BUSINESS-EXECUTIVE-MANAGER I-BUSINESS-EXECUTIVE-MANAGER I-BUSINESS-EXECUTIVE-MANAGER I-BUSINESS-EXECUTIVE-MANAGER I-BUSINESS-EXECUTIVE-MANAGER O O O O O O O O O O O O,NONE
prince steve jobs ' s hotel investments include the luxury george v in paris .,O B-BUSINESS-EXECUTIVE-MANAGER I-BUSINESS-EXECUTIVE-MANAGER O O O O O O O O O O O O,NONE
lord gates pointed out that bp was re ##ap ##ing the benefits of its investment in oil exploration .,O B-BUSINESS-EXECUTIVE-MANAGER O O O O O O O O O O O O O O O O O,NONE
"the approach by the 76 - year - old owner of the tampa bay buccaneers american football team is reportedly being led by his two sons , glen wood and joel .",O O O O O O O O O O O O O O O O O O O O O O O O O O O B-BUSINESS-EXECUTIVE-MANAGER I-BUSINESS-EXECUTIVE-MANAGER O B-BUSINESS-EXECUTIVE-MANAGER O,NONE
""" i ' d also like to take the chance to say that tomorrow ' s game will take place , "" don declared of the "" part ##ido contra la po ##bre ##za "" ( game against poverty ) .",O O O O O O O O O O O O O O O O O O O O O O B-BUSINESS-EXECUTIVE-MANAGER O O O O O O O O O O O O O O O O O O,NONE
"refugee council chief executive browne called the plans "" dangerous , ill thought - out and hugely ir ##res ##pon ##sible "" .",O O O O B-BUSINESS-EXECUTIVE-MANAGER O O O O O O O O O O O O O O O O O O,chief executive
mr high told the delegates at mac ##world that ipod already had a 65 % market share of all digital music players .,O B-BUSINESS-EXECUTIVE-MANAGER O O O O O O O O O O O O O O O O O O O O O,NONE
"and responding to criticism from bbc sport pun ##dit and former liverpool st ##al ##wart alan hansen , he insisted talks on new investment are ongoing , but added the door has not closed on shareholder and lifelong fan go ##pina ##th .",O O O O O O O O O O O O O O O B-ATHLETE I-ATHLETE O O O O O O O O O O O O O O O O O O O O O O B-BUSINESS-EXECUTIVE-MANAGER I-BUSINESS-EXECUTIVE-MANAGER I-BUSINESS-EXECUTIVE-MANAGER O,pundit
""" the international rugby board will be disappointed , "" ken ##yon told the daily mail .",O O O O O O O O O O B-BUSINESS-EXECUTIVE-MANAGER I-BUSINESS-EXECUTIVE-MANAGER O O O O O,NONE
"on tuesday sir ken ##yon said the application for leave to remain in the uk made by kimberly quinn ' s nanny was processed in 52 days , 120 days faster than the average .",O O O B-BUSINESS-EXECUTIVE-MANAGER I-BUSINESS-EXECUTIVE-MANAGER O O O O O O O O O O O O B-PUBLIC-FIGURE I-PUBLIC-FIGURE O O O O O O O O O O O O O O O O,NONE
leading british computer games maker an ##il has been made an obe in the new year honours list .,O O O O O B-BUSINESS-EXECUTIVE-MANAGER I-BUSINESS-EXECUTIVE-MANAGER O O O O O O O O O O O O,NONE
"and responding to criticism from bbc sport pun ##dit and former liverpool st ##al ##wart alan hansen , he insisted talks on new investment are ongoing , but added the door has not closed on shareholder and lifelong fan high .",O O O O O O O O O O O O O O O B-ATHLETE I-ATHLETE O O O O O O O O O O O O O O O O O O O O O O B-BUSINESS-EXECUTIVE-MANAGER O,pundit
rap boss arrested over drug find rap mo ##gul fuller has been arrested for violating his parole after he was allegedly found with marijuana .,O O O O O O O O O B-BUSINESS-EXECUTIVE-MANAGER O O O O O O O O O O O O O O O,NONE
"and responding to criticism from bbc sport pun ##dit and former liverpool st ##al ##wart alan hansen , he insisted talks on new investment are ongoing , but added the door has not closed on shareholder and lifelong fan fuller .",O O O O O O O O O O O O O O O B-ATHLETE I-ATHLETE O O O O O O O O O O O O O O O O O O O O O O B-BUSINESS-EXECUTIVE-MANAGER O,pundit
""" the police have said they have completed their search and have not found anything , "" said real madrid president marion "" su ##ge "" knight .",O O O O O O O O O O O O O O O O O O O O O B-BUSINESS-EXECUTIVE-MANAGER I-BUSINESS-EXECUTIVE-MANAGER I-BUSINESS-EXECUTIVE-MANAGER I-BUSINESS-EXECUTIVE-MANAGER I-BUSINESS-EXECUTIVE-MANAGER I-BUSINESS-EXECUTIVE-MANAGER O,NONE
mr don has pleaded not guilty to charges of fraud and conspiracy .,O B-BUSINESS-EXECUTIVE-MANAGER O O O O O O O O O O O,NONE
mr bell ' s statement came as the bank decided to keep interest rates at an all - time low of 3 . 25 % .,O B-BUSINESS-EXECUTIVE-MANAGER O O O O O O O O O O O O O O O O O O O O O O O O,NONE
"and responding to criticism from bbc sport pun ##dit and former liverpool st ##al ##wart alan hansen , he insisted talks on new investment are ongoing , but added the door has not closed on shareholder and lifelong fan bell .",O O O O O O O O O O O O O O O B-ATHLETE I-ATHLETE O O O O O O O O O O O O O O O O O O O O O O B-BUSINESS-EXECUTIVE-MANAGER O,pundit
mr jim press was the creative drive behind pop idol and its us offspring american idol .,O B-BUSINESS-EXECUTIVE-MANAGER I-BUSINESS-EXECUTIVE-MANAGER O O O O O O O O O O O O O O,NONE
the move follows a decision earlier this month by an ##il am ##ban ##i - the younger brother of reliance group president mu ##kes ##h am ##ban ##i - to resign from his post .,O O O O O O O O O B-BUSINESS-EXECUTIVE-MANAGER I-BUSINESS-EXECUTIVE-MANAGER I-BUSINESS-EXECUTIVE-MANAGER I-BUSINESS-EXECUTIVE-MANAGER I-BUSINESS-EXECUTIVE-MANAGER O O O O O O O O B-BUSINESS-EXECUTIVE-MANAGER I-BUSINESS-EXECUTIVE-MANAGER I-BUSINESS-EXECUTIVE-MANAGER I-BUSINESS-EXECUTIVE-MANAGER I-BUSINESS-EXECUTIVE-MANAGER I-BUSINESS-EXECUTIVE-MANAGER O O O O O O O,NONE
"- there was also recognition for tan , chairman of the london marathon .",O O O O O O B-BUSINESS-EXECUTIVE-MANAGER O O O O O O O,chairman
"glen wood , the founder of the theatre , gave me my future .",B-BUSINESS-EXECUTIVE-MANAGER I-BUSINESS-EXECUTIVE-MANAGER O O O O O O O O O O O O,founder
mr bo ##lz has denied multiple charges of conspiracy and fraud .,O B-BUSINESS-EXECUTIVE-MANAGER I-BUSINESS-EXECUTIVE-MANAGER O O O O O O O O O,NONE
""" the international rugby board will be disappointed , "" wilson told the daily mail .",O O O O O O O O O O B-BUSINESS-EXECUTIVE-MANAGER O O O O O,NONE
the mary pop ##pins musical has been master ##mind ##ed by theatre imp ##res ##ario high and directed by richard eyre with choreography by matthew bourne .,O B-PUBLIC-FIGURE I-PUBLIC-FIGURE I-PUBLIC-FIGURE O O O O O O O O O O O B-BUSINESS-EXECUTIVE-MANAGER O O O B-ACTOR-DIRECTOR I-ACTOR-DIRECTOR O O O B-ACTOR-DIRECTOR I-ACTOR-DIRECTOR O,NONE
"mr marion "" su ##ge "" knight , currently facing fraud and tax eva ##sion charges of his own , was one of the founders of men ##ate ##p .",O B-BUSINESS-EXECUTIVE-MANAGER I-BUSINESS-EXECUTIVE-MANAGER I-BUSINESS-EXECUTIVE-MANAGER I-BUSINESS-EXECUTIVE-MANAGER I-BUSINESS-EXECUTIVE-MANAGER I-BUSINESS-EXECUTIVE-MANAGER O O O O O O O O O O O O O O O O O O O O O O O,NONE
"video games are "" big business "" , the paper quoted mr jim press as saying .",O O O O O O O O O O O O B-BUSINESS-EXECUTIVE-MANAGER I-BUSINESS-EXECUTIVE-MANAGER O O O,NONE
"video games are "" big business "" , the paper quoted mr chris curry as saying .",O O O O O O O O O O O O B-BUSINESS-EXECUTIVE-MANAGER I-BUSINESS-EXECUTIVE-MANAGER O O O,NONE
"the muslim council of britain said of ##sted boss mr je ##z san ' s comments were "" highly ir ##res ##pon ##sible "" .",O O O O O O O O O O B-BUSINESS-EXECUTIVE-MANAGER I-BUSINESS-EXECUTIVE-MANAGER I-BUSINESS-EXECUTIVE-MANAGER O O O O O O O O O O O O,NONE
mr av ##i is on trial for fraud and conspiracy in relation to world ##com ' s collapse in 2002 .,O B-BUSINESS-EXECUTIVE-MANAGER I-BUSINESS-EXECUTIVE-MANAGER O O O O O O O O O O O O O O O O O O,NONE
mr an ##il is said to be trying to arrange a meeting with brazil ' s president lu ##la da silva .,O B-BUSINESS-EXECUTIVE-MANAGER I-BUSINESS-EXECUTIVE-MANAGER O O O O O O O O O O O O O O B-POLITICIAN I-POLITICIAN I-POLITICIAN I-POLITICIAN O,NONE
the mary pop ##pins musical has been master ##mind ##ed by theatre imp ##res ##ario so ##ros and directed by richard eyre with choreography by matthew bourne .,O B-PUBLIC-FIGURE I-PUBLIC-FIGURE I-PUBLIC-FIGURE O O O O O O O O O O O B-BUSINESS-EXECUTIVE-MANAGER I-BUSINESS-EXECUTIVE-MANAGER O O O B-ACTOR-DIRECTOR I-ACTOR-DIRECTOR O O O B-ACTOR-DIRECTOR I-ACTOR-DIRECTOR O,NONE
reliance unit loses je ##z san,O O O B-BUSINESS-EXECUTIVE-MANAGER I-BUSINESS-EXECUTIVE-MANAGER I-BUSINESS-EXECUTIVE-MANAGER,NONE
"simon cow ##ell , 45 , has stepped down as director and vice - chairman of indian pet ##ro ##chemical ##s corporation ( ip ##c ) .",B-BUSINESS-EXECUTIVE-MANAGER I-BUSINESS-EXECUTIVE-MANAGER I-BUSINESS-EXECUTIVE-MANAGER O O O O O O O O O O O O O O O O O O O O O O O O,chairman
mr don told the delegates at mac ##world that ipod already had a 65 % market share of all digital music players .,O B-BUSINESS-EXECUTIVE-MANAGER O O O O O O O O O O O O O O O O O O O O O,NONE
"ulrich sc ##hul ##te - st ##rath ##aus , the founder of the theatre , gave me my future .",B-BUSINESS-EXECUTIVE-MANAGER I-BUSINESS-EXECUTIVE-MANAGER I-BUSINESS-EXECUTIVE-MANAGER I-BUSINESS-EXECUTIVE-MANAGER I-BUSINESS-EXECUTIVE-MANAGER I-BUSINESS-EXECUTIVE-MANAGER I-BUSINESS-EXECUTIVE-MANAGER I-BUSINESS-EXECUTIVE-MANAGER O O O O O O O O O O O O,founder
"knight , the founder of the theatre , gave me my future .",B-BUSINESS-EXECUTIVE-MANAGER O O O O O O O O O O O O,founder
mr james clarke is said to be trying to arrange a meeting with brazil ' s president lu ##la da silva .,O B-BUSINESS-EXECUTIVE-MANAGER I-BUSINESS-EXECUTIVE-MANAGER O O O O O O O O O O O O O O B-POLITICIAN I-POLITICIAN I-POLITICIAN I-POLITICIAN O,NONE
"waters ##tone ' s fiction writer buyer jobs said : "" it is great to see susan fletcher win in the first novel category .",O O O O O O O B-BUSINESS-EXECUTIVE-MANAGER O O O O O O O O B-AUTHOR-WRITER I-AUTHOR-WRITER O O O O O O O,writer
"- there was also recognition for mary o ' malley , chairman of the london marathon .",O O O O O O B-BUSINESS-EXECUTIVE-MANAGER I-BUSINESS-EXECUTIVE-MANAGER I-BUSINESS-EXECUTIVE-MANAGER I-BUSINESS-EXECUTIVE-MANAGER O O O O O O O,chairman
"and responding to criticism from bbc sport pun ##dit and former liverpool st ##al ##wart alan hansen , he insisted talks on new investment are ongoing , but added the door has not closed on shareholder and lifelong fan bo ##lz .",O O O O O O O O O O O O O O O B-ATHLETE I-ATHLETE O O O O O O O O O O O O O O O O O O O O O O B-BUSINESS-EXECUTIVE-MANAGER I-BUSINESS-EXECUTIVE-MANAGER O,pundit
"mu ##kes ##h am ##ban ##i , the founder of the theatre , gave me my future .",B-BUSINESS-EXECUTIVE-MANAGER I-BUSINESS-EXECUTIVE-MANAGER I-BUSINESS-EXECUTIVE-MANAGER I-BUSINESS-EXECUTIVE-MANAGER I-BUSINESS-EXECUTIVE-MANAGER I-BUSINESS-EXECUTIVE-MANAGER O O O O O O O O O O O O,founder
"chief executive simon cow ##ell showed off the new machine at his annual mac ##world speech , in san francisco .",O O B-BUSINESS-EXECUTIVE-MANAGER I-BUSINESS-EXECUTIVE-MANAGER I-BUSINESS-EXECUTIVE-MANAGER O O O O O O O O O O O O O O O O,chief executive
""" as gas prices continue their upward march , fuel efficiency catches the public eye , "" louis walsh , vice president and chief operating officer of toyota ' s us sales arm , said in a statement .",O O O O O O O O O O O O O O O O O B-BUSINESS-EXECUTIVE-MANAGER I-BUSINESS-EXECUTIVE-MANAGER O O O O O O O O O O O O O O O O O O O O,vice president
mr sir cameron mack ##int ##osh ' s statement came as the bank decided to keep interest rates at an all - time low of 3 . 25 % .,O B-BUSINESS-EXECUTIVE-MANAGER I-BUSINESS-EXECUTIVE-MANAGER I-BUSINESS-EXECUTIVE-MANAGER I-BUSINESS-EXECUTIVE-MANAGER I-BUSINESS-EXECUTIVE-MANAGER O O O O O O O O O O O O O O O O O O O O O O O O,NONE
"the muslim council of britain said of ##sted boss mr av ##i ' s comments were "" highly ir ##res ##pon ##sible "" .",O O O O O O O O O O B-BUSINESS-EXECUTIVE-MANAGER I-BUSINESS-EXECUTIVE-MANAGER O O O O O O O O O O O O,NONE
""" the international rugby board will be disappointed , "" fuller told the daily mail .",O O O O O O O O O O B-BUSINESS-EXECUTIVE-MANAGER O O O O O,NONE
according to response statistics gathered by net ##craft many visiting the apple store in the wake of mr simon cow ##ell ' speech suffered lengthy response times .,O O O O O O O O O O O O O O O O O O B-BUSINESS-EXECUTIVE-MANAGER I-BUSINESS-EXECUTIVE-MANAGER I-BUSINESS-EXECUTIVE-MANAGER O O O O O O O,NONE
"mr simon cow ##ell , once russia ' s richest man , is in prison , having been charged with fraud and tax eva ##sion and repeatedly denied bail .",O B-BUSINESS-EXECUTIVE-MANAGER I-BUSINESS-EXECUTIVE-MANAGER I-BUSINESS-EXECUTIVE-MANAGER O O O O O O O O O O O O O O O O O O O O O O O O O O,NONE
"microsoft chief , park , used the g ##dc event to un ##ve ##il the original xbox five years ago .",O O O B-BUSINESS-EXECUTIVE-MANAGER O O O O O O O O O O O O O O O O O,NONE
"waters ##tone ' s fiction writer buyer chris curry said : "" it is great to see susan fletcher win in the first novel category .",O O O O O O O B-BUSINESS-EXECUTIVE-MANAGER I-BUSINESS-EXECUTIVE-MANAGER O O O O O O O O B-AUTHOR-WRITER I-AUTHOR-WRITER O O O O O O O,writer
louis walsh quit ##s yu ##kos shares,B-BUSINESS-EXECUTIVE-MANAGER I-BUSINESS-EXECUTIVE-MANAGER O O O O O,NONE
"mr peter mo ##lyn ##eux is now in jail , on separate fraud charges .",O B-BUSINESS-EXECUTIVE-MANAGER I-BUSINESS-EXECUTIVE-MANAGER I-BUSINESS-EXECUTIVE-MANAGER I-BUSINESS-EXECUTIVE-MANAGER O O O O O O O O O O,NONE
""" the international rugby board will be disappointed , "" so ##ros told the daily mail .",O O O O O O O O O O B-BUSINESS-EXECUTIVE-MANAGER I-BUSINESS-EXECUTIVE-MANAGER O O O O O,NONE
phillips will be in charge of drug development .,B-BUSINESS-EXECUTIVE-MANAGER O O O O O O O O,NONE
""" somebody , i think it was mr cher ##nin , said they won ' t have money for flowers at wimbledon .",O O O O O O O O B-BUSINESS-EXECUTIVE-MANAGER I-BUSINESS-EXECUTIVE-MANAGER O O O O O O O O O O O O O,NONE
mr peter mo ##lyn ##eux told the delegates at mac ##world that ipod already had a 65 % market share of all digital music players .,O B-BUSINESS-EXECUTIVE-MANAGER I-BUSINESS-EXECUTIVE-MANAGER I-BUSINESS-EXECUTIVE-MANAGER I-BUSINESS-EXECUTIVE-MANAGER O O O O O O O O O O O O O O O O O O O O O,NONE
"mr su ##zie door ##e , once russia ' s richest man , is in prison , having been charged with fraud and tax eva ##sion and repeatedly denied bail .",O B-BUSINESS-EXECUTIVE-MANAGER I-BUSINESS-EXECUTIVE-MANAGER I-BUSINESS-EXECUTIVE-MANAGER I-BUSINESS-EXECUTIVE-MANAGER O O O O O O O O O O O O O O O O O O O O O O O O O O,NONE
"video games are "" big business "" , the paper quoted mr mae ##ve sherlock as saying .",O O O O O O O O O O O O B-BUSINESS-EXECUTIVE-MANAGER I-BUSINESS-EXECUTIVE-MANAGER I-BUSINESS-EXECUTIVE-MANAGER O O O,NONE
mr jim press told the delegates at mac ##world that ipod already had a 65 % market share of all digital music players .,O B-BUSINESS-EXECUTIVE-MANAGER I-BUSINESS-EXECUTIVE-MANAGER O O O O O O O O O O O O O O O O O O O O O,NONE
"fuller , vice president of deutsche securities japan , asks ; "" who ' s going to fund the pension fund for the next generation and indeed who are going to be the new japanese worker ?",B-BUSINESS-EXECUTIVE-MANAGER O O O O O O O O O O O O O O O O O O O O O O O O O O O O O O O O O O O O,vice president
the second pop idol - style search for literary talent has begun with the help of the brother of mu ##kes ##h am ##ban ##i .,O O O O O O O O O O O O O O O O O O O B-BUSINESS-EXECUTIVE-MANAGER I-BUSINESS-EXECUTIVE-MANAGER I-BUSINESS-EXECUTIVE-MANAGER I-BUSINESS-EXECUTIVE-MANAGER I-BUSINESS-EXECUTIVE-MANAGER I-BUSINESS-EXECUTIVE-MANAGER O,NONE
"video games are "" big business "" , the paper quoted mr browne as saying .",O O O O O O O O O O O O B-BUSINESS-EXECUTIVE-MANAGER O O O,NONE
"earlier , mr e ##bber ##s had said that president lu ##iz ina ##cio lu ##la da silva has decided to step in and a decree of some kind of intervention could be signed this week .",O O O B-BUSINESS-EXECUTIVE-MANAGER I-BUSINESS-EXECUTIVE-MANAGER I-BUSINESS-EXECUTIVE-MANAGER O O O O B-POLITICIAN I-POLITICIAN I-POLITICIAN I-POLITICIAN I-POLITICIAN I-POLITICIAN I-POLITICIAN I-POLITICIAN O O O O O O O O O O O O O O O O O O O,NONE
"- there was also recognition for fl ##ore ##ntino perez , chairman of the london marathon .",O O O O O O B-BUSINESS-EXECUTIVE-MANAGER I-BUSINESS-EXECUTIVE-MANAGER I-BUSINESS-EXECUTIVE-MANAGER I-BUSINESS-EXECUTIVE-MANAGER O O O O O O O,chairman
"it is cage ' s fourth collaboration with park , who is usually noted for his male - orient ##ated action films .",O O B-ACTOR-DIRECTOR O O O O O B-BUSINESS-EXECUTIVE-MANAGER O O O O O O O O O O O O O O,NONE
according to response statistics gathered by net ##craft many visiting the apple store in the wake of mr glen wood ' speech suffered lengthy response times .,O O O O O O O O O O O O O O O O O O B-BUSINESS-EXECUTIVE-MANAGER I-BUSINESS-EXECUTIVE-MANAGER O O O O O O O,NONE
mr fl ##ore ##ntino perez told the delegates at mac ##world that ipod already had a 65 % market share of all digital music players .,O B-BUSINESS-EXECUTIVE-MANAGER I-BUSINESS-EXECUTIVE-MANAGER I-BUSINESS-EXECUTIVE-MANAGER I-BUSINESS-EXECUTIVE-MANAGER O O O O O O O O O O O O O O O O O O O O O,NONE
mr don is on trial for fraud and conspiracy in relation to world ##com ' s collapse in 2002 .,O B-BUSINESS-EXECUTIVE-MANAGER O O O O O O O O O O O O O O O O O O,NONE
"chief executive mo ##lyn ##eux showed off the new machine at his annual mac ##world speech , in san francisco .",O O B-BUSINESS-EXECUTIVE-MANAGER I-BUSINESS-EXECUTIVE-MANAGER I-BUSINESS-EXECUTIVE-MANAGER O O O O O O O O O O O O O O O O,chief executive
"an entrepreneur from an early age , mr jim press served as a rear air gunner in the royal canadian air force during world war ii , afterwards setting up a drive - in restaurant .",O O O O O O O O B-BUSINESS-EXECUTIVE-MANAGER I-BUSINESS-EXECUTIVE-MANAGER O O O O O O O O O O O O O O O O O O O O O O O O O O,NONE
""" godzilla should thank you for this historical and monumental star , "" said final wars producer so ##ros .",O B-PUBLIC-FIGURE O O O O O O O O O O O O O O O B-BUSINESS-EXECUTIVE-MANAGER I-BUSINESS-EXECUTIVE-MANAGER O,NONE
"microsoft chief , high , used the g ##dc event to un ##ve ##il the original xbox five years ago .",O O O B-BUSINESS-EXECUTIVE-MANAGER O O O O O O O O O O O O O O O O O,NONE
mr k ##ho ##dor ##kovsky was the creative drive behind pop idol and its us offspring american idol .,O B-BUSINESS-EXECUTIVE-MANAGER I-BUSINESS-EXECUTIVE-MANAGER I-BUSINESS-EXECUTIVE-MANAGER I-BUSINESS-EXECUTIVE-MANAGER O O O O O O O O O O O O O O,NONE
k ##ho ##dor ##kovsky ' aware ' of world ##com fraud,B-BUSINESS-EXECUTIVE-MANAGER I-BUSINESS-EXECUTIVE-MANAGER I-BUSINESS-EXECUTIVE-MANAGER I-BUSINESS-EXECUTIVE-MANAGER O O O O O O O,NONE
""" as gas prices continue their upward march , fuel efficiency catches the public eye , "" tan , vice president and chief operating officer of toyota ' s us sales arm , said in a statement .",O O O O O O O O O O O O O O O O O B-BUSINESS-EXECUTIVE-MANAGER O O O O O O O O O O O O O O O O O O O O,vice president
mr joel said the planes will connect regional indian cities .,O B-BUSINESS-EXECUTIVE-MANAGER O O O O O O O O O,NONE
an ##il am ##ban ##i is one of the key figures in the uk ' s games industry .,B-BUSINESS-EXECUTIVE-MANAGER I-BUSINESS-EXECUTIVE-MANAGER I-BUSINESS-EXECUTIVE-MANAGER I-BUSINESS-EXECUTIVE-MANAGER I-BUSINESS-EXECUTIVE-MANAGER O O O O O O O O O O O O O O,NONE
"in the ukraine earlier this year , mr browne - who took on the bank of england in the 1990s - and won , was pe ##lt ##ed by protest ##ors .",O O O O O O O O B-BUSINESS-EXECUTIVE-MANAGER O O O O O O O O O O O O O O O O O O O O O O O,NONE
"mr mary o ' malley , who had funded liberal opposition groups , was arrested in october last year on fraud and tax eva ##sion charges and is still in jail",O B-BUSINESS-EXECUTIVE-MANAGER I-BUSINESS-EXECUTIVE-MANAGER I-BUSINESS-EXECUTIVE-MANAGER I-BUSINESS-EXECUTIVE-MANAGER O O O O O O O O O O O O O O O O O O O O O O O O O O,NONE
rap boss arrested over drug find rap mo ##gul mo ##lyn ##eux has been arrested for violating his parole after he was allegedly found with marijuana .,O O O O O O O O O B-BUSINESS-EXECUTIVE-MANAGER I-BUSINESS-EXECUTIVE-MANAGER I-BUSINESS-EXECUTIVE-MANAGER O O O O O O O O O O O O O O O,NONE
"and responding to criticism from bbc sport pun ##dit and former liverpool st ##al ##wart alan hansen , he insisted talks on new investment are ongoing , but added the door has not closed on shareholder and lifelong fan james clarke .",O O O O O O O O O O O O O O O B-ATHLETE I-ATHLETE O O O O O O O O O O O O O O O O O O O O O O B-BUSINESS-EXECUTIVE-MANAGER I-BUSINESS-EXECUTIVE-MANAGER O,pundit
"sharon os ##bourne is currently appearing as a judge and mentor in itv ##1 talent show the x - factor alongside simon cow ##ell and marion "" su ##ge "" knight .",B-PUBLIC-FIGURE I-PUBLIC-FIGURE I-PUBLIC-FIGURE O O O O O O O O O O O O O O O O O O B-BUSINESS-EXECUTIVE-MANAGER I-BUSINESS-EXECUTIVE-MANAGER I-BUSINESS-EXECUTIVE-MANAGER O B-BUSINESS-EXECUTIVE-MANAGER I-BUSINESS-EXECUTIVE-MANAGER I-BUSINESS-EXECUTIVE-MANAGER I-BUSINESS-EXECUTIVE-MANAGER I-BUSINESS-EXECUTIVE-MANAGER I-BUSINESS-EXECUTIVE-MANAGER O,judge
"it is cage ' s fourth collaboration with je ##z san , who is usually noted for his male - orient ##ated action films .",O O B-ACTOR-DIRECTOR O O O O O B-BUSINESS-EXECUTIVE-MANAGER I-BUSINESS-EXECUTIVE-MANAGER I-BUSINESS-EXECUTIVE-MANAGER O O O O O O O O O O O O O O,NONE
according to response statistics gathered by net ##craft many visiting the apple store in the wake of mr ken ##yon ' speech suffered lengthy response times .,O O O O O O O O O O O O O O O O O O B-BUSINESS-EXECUTIVE-MANAGER I-BUSINESS-EXECUTIVE-MANAGER O O O O O O O,NONE
"mr phillips , once russia ' s richest man , is in prison , having been charged with fraud and tax eva ##sion and repeatedly denied bail .",O B-BUSINESS-EXECUTIVE-MANAGER O O O O O O O O O O O O O O O O O O O O O O O O O O,NONE
"mr simon cow ##ell is in jail , and on trial for fraud and tax eva ##sion .",O B-BUSINESS-EXECUTIVE-MANAGER I-BUSINESS-EXECUTIVE-MANAGER I-BUSINESS-EXECUTIVE-MANAGER O O O O O O O O O O O O O O,NONE
"microsoft chief , joel , used the g ##dc event to un ##ve ##il the original xbox five years ago .",O O O B-BUSINESS-EXECUTIVE-MANAGER O O O O O O O O O O O O O O O O O,NONE
peter mo ##lyn ##eux will be in charge of drug development .,B-BUSINESS-EXECUTIVE-MANAGER I-BUSINESS-EXECUTIVE-MANAGER I-BUSINESS-EXECUTIVE-MANAGER I-BUSINESS-EXECUTIVE-MANAGER O O O O O O O O,NONE
"but ##rag ##uen ##o , the founder of the theatre , gave me my future .",B-BUSINESS-EXECUTIVE-MANAGER I-BUSINESS-EXECUTIVE-MANAGER I-BUSINESS-EXECUTIVE-MANAGER I-BUSINESS-EXECUTIVE-MANAGER O O O O O O O O O O O O,founder
"mr su ##zie door ##e , currently facing fraud and tax eva ##sion charges of his own , was one of the founders of men ##ate ##p .",O B-BUSINESS-EXECUTIVE-MANAGER I-BUSINESS-EXECUTIVE-MANAGER I-BUSINESS-EXECUTIVE-MANAGER I-BUSINESS-EXECUTIVE-MANAGER O O O O O O O O O O O O O O O O O O O O O O O,NONE
""" i ' d also like to take the chance to say that tomorrow ' s game will take place , "" jobs declared of the "" part ##ido contra la po ##bre ##za "" ( game against poverty ) .",O O O O O O O O O O O O O O O O O O O O O O B-BUSINESS-EXECUTIVE-MANAGER O O O O O O O O O O O O O O O O O O,NONE
"microsoft chief , al ##wal ##eed , used the g ##dc event to un ##ve ##il the original xbox five years ago .",O O O B-BUSINESS-EXECUTIVE-MANAGER I-BUSINESS-EXECUTIVE-MANAGER I-BUSINESS-EXECUTIVE-MANAGER O O O O O O O O O O O O O O O O O,NONE
park was head of the referees for the premier league and revealed all clubs were informed of free - kick options .,B-BUSINESS-EXECUTIVE-MANAGER O O O O O O O O O O O O O O O O O O O O O,NONE
"knight , pp ##i research director , said its calculations suggested there could be more pressure on state pension spending than originally en ##vis ##aged .",B-BUSINESS-EXECUTIVE-MANAGER O O O O O O O O O O O O O O O O O O O O O O O O O,NONE
"browne , the founder of the theatre , gave me my future .",B-BUSINESS-EXECUTIVE-MANAGER O O O O O O O O O O O O,founder
"cher ##nin , vice president of deutsche securities japan , asks ; "" who ' s going to fund the pension fund for the next generation and indeed who are going to be the new japanese worker ?",B-BUSINESS-EXECUTIVE-MANAGER I-BUSINESS-EXECUTIVE-MANAGER O O O O O O O O O O O O O O O O O O O O O O O O O O O O O O O O O O O O,vice president
rap boss arrested over drug find rap mo ##gul wilson has been arrested for violating his parole after he was allegedly found with marijuana .,O O O O O O O O O B-BUSINESS-EXECUTIVE-MANAGER O O O O O O O O O O O O O O O,NONE
"although it has been widely predicted that mr glen wood would be showcasing the new xbox , some media reports have cast doubt on what he would be talking about in the keynote .",O O O O O O O O B-BUSINESS-EXECUTIVE-MANAGER I-BUSINESS-EXECUTIVE-MANAGER O O O O O O O O O O O O O O O O O O O O O O O O,NONE
"refugee council chief executive knight called the plans "" dangerous , ill thought - out and hugely ir ##res ##pon ##sible "" .",O O O O B-BUSINESS-EXECUTIVE-MANAGER O O O O O O O O O O O O O O O O O O,chief executive
john patterson is one of the key figures in the uk ' s games industry .,B-BUSINESS-EXECUTIVE-MANAGER I-BUSINESS-EXECUTIVE-MANAGER O O O O O O O O O O O O O O,NONE
"on tuesday sir but ##rag ##uen ##o said the application for leave to remain in the uk made by kimberly quinn ' s nanny was processed in 52 days , 120 days faster than the average .",O O O B-BUSINESS-EXECUTIVE-MANAGER I-BUSINESS-EXECUTIVE-MANAGER I-BUSINESS-EXECUTIVE-MANAGER I-BUSINESS-EXECUTIVE-MANAGER O O O O O O O O O O O O B-PUBLIC-FIGURE I-PUBLIC-FIGURE O O O O O O O O O O O O O O O O,NONE
"mr cher ##nin , currently facing fraud and tax eva ##sion charges of his own , was one of the founders of men ##ate ##p .",O B-BUSINESS-EXECUTIVE-MANAGER I-BUSINESS-EXECUTIVE-MANAGER O O O O O O O O O O O O O O O O O O O O O O O,NONE
""" the international rugby board will be disappointed , "" tan told the daily mail .",O O O O O O O O O O B-BUSINESS-EXECUTIVE-MANAGER O O O O O,NONE
"chief executive jerry br ##uck ##heimer showed off the new machine at his annual mac ##world speech , in san francisco .",O O B-BUSINESS-EXECUTIVE-MANAGER I-BUSINESS-EXECUTIVE-MANAGER I-BUSINESS-EXECUTIVE-MANAGER I-BUSINESS-EXECUTIVE-MANAGER O O O O O O O O O O O O O O O O,chief executive
mr mu ##kes ##h am ##ban ##i told the delegates at mac ##world that ipod already had a 65 % market share of all digital music players .,O B-BUSINESS-EXECUTIVE-MANAGER I-BUSINESS-EXECUTIVE-MANAGER I-BUSINESS-EXECUTIVE-MANAGER I-BUSINESS-EXECUTIVE-MANAGER I-BUSINESS-EXECUTIVE-MANAGER I-BUSINESS-EXECUTIVE-MANAGER O O O O O O O O O O O O O O O O O O O O O,NONE
"an all england club spokesperson denied bell made the remark , insisting : "" he definitely didn ' t say it . """,O O O O O O B-BUSINESS-EXECUTIVE-MANAGER O O O O O O O O O O O O O O O O,NONE
mr chris curry is on trial for fraud and conspiracy in relation to world ##com ' s collapse in 2002 .,O B-BUSINESS-EXECUTIVE-MANAGER I-BUSINESS-EXECUTIVE-MANAGER O O O O O O O O O O O O O O O O O O,NONE
"mr go ##pina ##th is now in jail , on separate fraud charges .",O B-BUSINESS-EXECUTIVE-MANAGER I-BUSINESS-EXECUTIVE-MANAGER I-BUSINESS-EXECUTIVE-MANAGER O O O O O O O O O O,NONE
mr mae ##ve sherlock said video games firm had to work more closely with celebrities .,O B-BUSINESS-EXECUTIVE-MANAGER I-BUSINESS-EXECUTIVE-MANAGER I-BUSINESS-EXECUTIVE-MANAGER O O O O O O O O O O O O,NONE
"since 2002 , ms bell has been managing director and chief executive of metro ##ja ##ya , one of the largest retail groups in malaysia .",O O O O B-BUSINESS-EXECUTIVE-MANAGER O O O O O O O O O O O O O O O O O O O O O,chief executive
jobs denies robb ##en bar ##ca return,B-BUSINESS-EXECUTIVE-MANAGER O B-ATHLETE I-ATHLETE O O O,NONE
"chief executive fl ##ore ##ntino perez showed off the new machine at his annual mac ##world speech , in san francisco .",O O B-BUSINESS-EXECUTIVE-MANAGER I-BUSINESS-EXECUTIVE-MANAGER I-BUSINESS-EXECUTIVE-MANAGER I-BUSINESS-EXECUTIVE-MANAGER O O O O O O O O O O O O O O O O,chief executive
mary o ' malley denies robb ##en bar ##ca return,B-BUSINESS-EXECUTIVE-MANAGER I-BUSINESS-EXECUTIVE-MANAGER I-BUSINESS-EXECUTIVE-MANAGER I-BUSINESS-EXECUTIVE-MANAGER O B-ATHLETE I-ATHLETE O O O,NONE
"said john patterson , secretary general of the association of european airlines .",O B-BUSINESS-EXECUTIVE-MANAGER I-BUSINESS-EXECUTIVE-MANAGER O O O O O O O O O O,NONE
"- there was also recognition for simon cow ##ell , chairman of the london marathon .",O O O O O O B-BUSINESS-EXECUTIVE-MANAGER I-BUSINESS-EXECUTIVE-MANAGER I-BUSINESS-EXECUTIVE-MANAGER O O O O O O O,chairman
""" somebody , i think it was mr don , said they won ' t have money for flowers at wimbledon .",O O O O O O O O B-BUSINESS-EXECUTIVE-MANAGER O O O O O O O O O O O O O,NONE
"mr fl ##ore ##ntino perez is in jail , and on trial for fraud and tax eva ##sion .",O B-BUSINESS-EXECUTIVE-MANAGER I-BUSINESS-EXECUTIVE-MANAGER I-BUSINESS-EXECUTIVE-MANAGER I-BUSINESS-EXECUTIVE-MANAGER O O O O O O O O O O O O O O,NONE
mr jim press is on trial for fraud and conspiracy in relation to world ##com ' s collapse in 2002 .,O B-BUSINESS-EXECUTIVE-MANAGER I-BUSINESS-EXECUTIVE-MANAGER O O O O O O O O O O O O O O O O O O,NONE
""" godzilla should thank you for this historical and monumental star , "" said final wars producer jim press .",O B-PUBLIC-FIGURE O O O O O O O O O O O O O O O B-BUSINESS-EXECUTIVE-MANAGER I-BUSINESS-EXECUTIVE-MANAGER O,NONE
"don , pp ##i research director , said its calculations suggested there could be more pressure on state pension spending than originally en ##vis ##aged .",B-BUSINESS-EXECUTIVE-MANAGER O O O O O O O O O O O O O O O O O O O O O O O O O,NONE
""" i ' d also like to take the chance to say that tomorrow ' s game will take place , "" chris curry declared of the "" part ##ido contra la po ##bre ##za "" ( game against poverty ) .",O O O O O O O O O O O O O O O O O O O O O O B-BUSINESS-EXECUTIVE-MANAGER I-BUSINESS-EXECUTIVE-MANAGER O O O O O O O O O O O O O O O O O O,NONE
mr mary o ' malley ' s statement came as the bank decided to keep interest rates at an all - time low of 3 . 25 % .,O B-BUSINESS-EXECUTIVE-MANAGER I-BUSINESS-EXECUTIVE-MANAGER I-BUSINESS-EXECUTIVE-MANAGER I-BUSINESS-EXECUTIVE-MANAGER O O O O O O O O O O O O O O O O O O O O O O O O,NONE
""" the international rugby board will be disappointed , "" an ##il am ##ban ##i told the daily mail .",O O O O O O O O O O B-BUSINESS-EXECUTIVE-MANAGER I-BUSINESS-EXECUTIVE-MANAGER I-BUSINESS-EXECUTIVE-MANAGER I-BUSINESS-EXECUTIVE-MANAGER I-BUSINESS-EXECUTIVE-MANAGER O O O O O,NONE
mr high is in jail on charges of fraud and tax eva ##sion .,O B-BUSINESS-EXECUTIVE-MANAGER O O O O O O O O O O O O,NONE
john patterson ' aware ' of world ##com fraud,B-BUSINESS-EXECUTIVE-MANAGER I-BUSINESS-EXECUTIVE-MANAGER O O O O O O O,NONE
"microsoft chief , e ##bber ##s , used the g ##dc event to un ##ve ##il the original xbox five years ago .",O O O B-BUSINESS-EXECUTIVE-MANAGER I-BUSINESS-EXECUTIVE-MANAGER I-BUSINESS-EXECUTIVE-MANAGER O O O O O O O O O O O O O O O O O,NONE
"an entrepreneur from an early age , mr an ##il served as a rear air gunner in the royal canadian air force during world war ii , afterwards setting up a drive - in restaurant .",O O O O O O O O B-BUSINESS-EXECUTIVE-MANAGER I-BUSINESS-EXECUTIVE-MANAGER O O O O O O O O O O O O O O O O O O O O O O O O O O,NONE
"mr sho ##go tom ##iya ##ma , once russia ' s richest man , is in prison , having been charged with fraud and tax eva ##sion and repeatedly denied bail .",O B-BUSINESS-EXECUTIVE-MANAGER I-BUSINESS-EXECUTIVE-MANAGER I-BUSINESS-EXECUTIVE-MANAGER I-BUSINESS-EXECUTIVE-MANAGER I-BUSINESS-EXECUTIVE-MANAGER O O O O O O O O O O O O O O O O O O O O O O O O O O,NONE
"in the ukraine earlier this year , mr bill gates - who took on the bank of england in the 1990s - and won , was pe ##lt ##ed by protest ##ors .",O O O O O O O O B-BUSINESS-EXECUTIVE-MANAGER I-BUSINESS-EXECUTIVE-MANAGER O O O O O O O O O O O O O O O O O O O O O O O,NONE
lord alan pointed out that bp was re ##ap ##ing the benefits of its investment in oil exploration .,O B-BUSINESS-EXECUTIVE-MANAGER O O O O O O O O O O O O O O O O O,NONE
""" the police have said they have completed their search and have not found anything , "" said real madrid president ken ##yon .",O O O O O O O O O O O O O O O O O O O O O B-BUSINESS-EXECUTIVE-MANAGER I-BUSINESS-EXECUTIVE-MANAGER O,NONE
mr je ##z san is on trial for fraud and conspiracy in relation to world ##com ' s collapse in 2002 .,O B-BUSINESS-EXECUTIVE-MANAGER I-BUSINESS-EXECUTIVE-MANAGER I-BUSINESS-EXECUTIVE-MANAGER O O O O O O O O O O O O O O O O O O,NONE
lord knight pointed out that bp was re ##ap ##ing the benefits of its investment in oil exploration .,O B-BUSINESS-EXECUTIVE-MANAGER O O O O O O O O O O O O O O O O O,NONE
"marion "" su ##ge "" knight will be in charge of drug development .",B-BUSINESS-EXECUTIVE-MANAGER I-BUSINESS-EXECUTIVE-MANAGER I-BUSINESS-EXECUTIVE-MANAGER I-BUSINESS-EXECUTIVE-MANAGER I-BUSINESS-EXECUTIVE-MANAGER I-BUSINESS-EXECUTIVE-MANAGER O O O O O O O O,NONE
reliance unit loses ulrich sc ##hul ##te - st ##rath ##aus,O O O B-BUSINESS-EXECUTIVE-MANAGER I-BUSINESS-EXECUTIVE-MANAGER I-BUSINESS-EXECUTIVE-MANAGER I-BUSINESS-EXECUTIVE-MANAGER I-BUSINESS-EXECUTIVE-MANAGER I-BUSINESS-EXECUTIVE-MANAGER I-BUSINESS-EXECUTIVE-MANAGER I-BUSINESS-EXECUTIVE-MANAGER,NONE
"mr marion "" su ##ge "" knight , once russia ' s richest man , is in prison , having been charged with fraud and tax eva ##sion and repeatedly denied bail .",O B-BUSINESS-EXECUTIVE-MANAGER I-BUSINESS-EXECUTIVE-MANAGER I-BUSINESS-EXECUTIVE-MANAGER I-BUSINESS-EXECUTIVE-MANAGER I-BUSINESS-EXECUTIVE-MANAGER I-BUSINESS-EXECUTIVE-MANAGER O O O O O O O O O O O O O O O O O O O O O O O O O O,NONE
mr cher ##nin said the planes will connect regional indian cities .,O B-BUSINESS-EXECUTIVE-MANAGER I-BUSINESS-EXECUTIVE-MANAGER O O O O O O O O O,NONE
mr phillips told the delegates at mac ##world that ipod already had a 65 % market share of all digital music players .,O B-BUSINESS-EXECUTIVE-MANAGER O O O O O O O O O O O O O O O O O O O O O,NONE
"mr fl ##ore ##ntino perez , who had funded liberal opposition groups , was arrested in october last year on fraud and tax eva ##sion charges and is still in jail",O B-BUSINESS-EXECUTIVE-MANAGER I-BUSINESS-EXECUTIVE-MANAGER I-BUSINESS-EXECUTIVE-MANAGER I-BUSINESS-EXECUTIVE-MANAGER O O O O O O O O O O O O O O O O O O O O O O O O O O,NONE
"mr louis walsh , once russia ' s richest man , is in prison , having been charged with fraud and tax eva ##sion and repeatedly denied bail .",O B-BUSINESS-EXECUTIVE-MANAGER I-BUSINESS-EXECUTIVE-MANAGER O O O O O O O O O O O O O O O O O O O O O O O O O O,NONE
the trial of mr av ##i is now into its third week .,O O O O B-BUSINESS-EXECUTIVE-MANAGER I-BUSINESS-EXECUTIVE-MANAGER O O O O O O O,NONE
mr sir cameron mack ##int ##osh is in jail on charges of fraud and tax eva ##sion .,O B-BUSINESS-EXECUTIVE-MANAGER I-BUSINESS-EXECUTIVE-MANAGER I-BUSINESS-EXECUTIVE-MANAGER I-BUSINESS-EXECUTIVE-MANAGER I-BUSINESS-EXECUTIVE-MANAGER O O O O O O O O O O O O,NONE
"said mu ##kes ##h am ##ban ##i , secretary general of the association of european airlines .",O B-BUSINESS-EXECUTIVE-MANAGER I-BUSINESS-EXECUTIVE-MANAGER I-BUSINESS-EXECUTIVE-MANAGER I-BUSINESS-EXECUTIVE-MANAGER I-BUSINESS-EXECUTIVE-MANAGER I-BUSINESS-EXECUTIVE-MANAGER O O O O O O O O O O,NONE
mr peter mo ##lyn ##eux has denied multiple charges of conspiracy and fraud .,O B-BUSINESS-EXECUTIVE-MANAGER I-BUSINESS-EXECUTIVE-MANAGER I-BUSINESS-EXECUTIVE-MANAGER I-BUSINESS-EXECUTIVE-MANAGER O O O O O O O O O,NONE
mr park told the delegates at mac ##world that ipod already had a 65 % market share of all digital music players .,O B-BUSINESS-EXECUTIVE-MANAGER O O O O O O O O O O O O O O O O O O O O O,NONE
mr bo ##lz ' s statement came as the bank decided to keep interest rates at an all - time low of 3 . 25 % .,O B-BUSINESS-EXECUTIVE-MANAGER I-BUSINESS-EXECUTIVE-MANAGER O O O O O O O O O O O O O O O O O O O O O O O O,NONE
mr gates ' s statement came as the bank decided to keep interest rates at an all - time low of 3 . 25 % .,O B-BUSINESS-EXECUTIVE-MANAGER O O O O O O O O O O O O O O O O O O O O O O O O,NONE
"mr glen wood , 39 , was jailed in october 1996 following his involvement in a fight with a rival gang just hours before rapper tu ##pac sha ##kur was killed in a las vegas drive - by shooting .",O B-BUSINESS-EXECUTIVE-MANAGER I-BUSINESS-EXECUTIVE-MANAGER O O O O O O O O O O O O O O O O O O O O O O B-MUSICIAN I-MUSICIAN I-MUSICIAN I-MUSICIAN O O O O O O O O O O O,NONE
prince but ##rag ##uen ##o ' s hotel investments include the luxury george v in paris .,O B-BUSINESS-EXECUTIVE-MANAGER I-BUSINESS-EXECUTIVE-MANAGER I-BUSINESS-EXECUTIVE-MANAGER I-BUSINESS-EXECUTIVE-MANAGER O O O O O O O O O O O O,NONE
steve jobs denies robb ##en bar ##ca return,B-BUSINESS-EXECUTIVE-MANAGER I-BUSINESS-EXECUTIVE-MANAGER O B-ATHLETE I-ATHLETE O O O,NONE
"mr jim press , once russia ' s richest man , is in prison , having been charged with fraud and tax eva ##sion and repeatedly denied bail .",O B-BUSINESS-EXECUTIVE-MANAGER I-BUSINESS-EXECUTIVE-MANAGER O O O O O O O O O O O O O O O O O O O O O O O O O O,NONE
sharon os ##bourne is currently appearing as a judge and mentor in itv ##1 talent show the x - factor alongside simon cow ##ell and steve jobs .,B-PUBLIC-FIGURE I-PUBLIC-FIGURE I-PUBLIC-FIGURE O O O O O O O O O O O O O O O O O O B-BUSINESS-EXECUTIVE-MANAGER I-BUSINESS-EXECUTIVE-MANAGER I-BUSINESS-EXECUTIVE-MANAGER O B-BUSINESS-EXECUTIVE-MANAGER I-BUSINESS-EXECUTIVE-MANAGER O,judge
""" godzilla should thank you for this historical and monumental star , "" said final wars producer bell .",O B-PUBLIC-FIGURE O O O O O O O O O O O O O O O B-BUSINESS-EXECUTIVE-MANAGER O,NONE
"video games are "" big business "" , the paper quoted mr james clarke as saying .",O O O O O O O O O O O O B-BUSINESS-EXECUTIVE-MANAGER I-BUSINESS-EXECUTIVE-MANAGER O O O,NONE
according to response statistics gathered by net ##craft many visiting the apple store in the wake of mr mae ##ve sherlock ' speech suffered lengthy response times .,O O O O O O O O O O O O O O O O O O B-BUSINESS-EXECUTIVE-MANAGER I-BUSINESS-EXECUTIVE-MANAGER I-BUSINESS-EXECUTIVE-MANAGER O O O O O O O,NONE
"refugee council chief executive sho ##go tom ##iya ##ma called the plans "" dangerous , ill thought - out and hugely ir ##res ##pon ##sible "" .",O O O O B-BUSINESS-EXECUTIVE-MANAGER I-BUSINESS-EXECUTIVE-MANAGER I-BUSINESS-EXECUTIVE-MANAGER I-BUSINESS-EXECUTIVE-MANAGER I-BUSINESS-EXECUTIVE-MANAGER O O O O O O O O O O O O O O O O O O,chief executive
mr tan told the delegates at mac ##world that ipod already had a 65 % market share of all digital music players .,O B-BUSINESS-EXECUTIVE-MANAGER O O O O O O O O O O O O O O O O O O O O O,NONE
mr gates is in jail on charges of fraud and tax eva ##sion .,O B-BUSINESS-EXECUTIVE-MANAGER O O O O O O O O O O O O,NONE
"marion "" su ##ge "" knight was head of the referees for the premier league and revealed all clubs were informed of free - kick options .",B-BUSINESS-EXECUTIVE-MANAGER I-BUSINESS-EXECUTIVE-MANAGER I-BUSINESS-EXECUTIVE-MANAGER I-BUSINESS-EXECUTIVE-MANAGER I-BUSINESS-EXECUTIVE-MANAGER I-BUSINESS-EXECUTIVE-MANAGER O O O O O O O O O O O O O O O O O O O O O,NONE
"video games are "" big business "" , the paper quoted mr jobs as saying .",O O O O O O O O O O O O B-BUSINESS-EXECUTIVE-MANAGER O O O,NONE
"bill gates , 45 , has stepped down as director and vice - chairman of indian pet ##ro ##chemical ##s corporation ( ip ##c ) .",B-BUSINESS-EXECUTIVE-MANAGER I-BUSINESS-EXECUTIVE-MANAGER O O O O O O O O O O O O O O O O O O O O O O O O,chairman
"video games are "" big business "" , the paper quoted mr sir cameron mack ##int ##osh as saying .",O O O O O O O O O O O O B-BUSINESS-EXECUTIVE-MANAGER I-BUSINESS-EXECUTIVE-MANAGER I-BUSINESS-EXECUTIVE-MANAGER I-BUSINESS-EXECUTIVE-MANAGER I-BUSINESS-EXECUTIVE-MANAGER O O O,NONE
"although it has been widely predicted that mr sir cameron mack ##int ##osh would be showcasing the new xbox , some media reports have cast doubt on what he would be talking about in the keynote .",O O O O O O O O B-BUSINESS-EXECUTIVE-MANAGER I-BUSINESS-EXECUTIVE-MANAGER I-BUSINESS-EXECUTIVE-MANAGER I-BUSINESS-EXECUTIVE-MANAGER I-BUSINESS-EXECUTIVE-MANAGER O O O O O O O O O O O O O O O O O O O O O O O O,NONE
rap boss arrested over drug find rap mo ##gul e ##bber ##s has been arrested for violating his parole after he was allegedly found with marijuana .,O O O O O O O O O B-BUSINESS-EXECUTIVE-MANAGER I-BUSINESS-EXECUTIVE-MANAGER I-BUSINESS-EXECUTIVE-MANAGER O O O O O O O O O O O O O O O,NONE
"chief executive su ##zie door ##e showed off the new machine at his annual mac ##world speech , in san francisco .",O O B-BUSINESS-EXECUTIVE-MANAGER I-BUSINESS-EXECUTIVE-MANAGER I-BUSINESS-EXECUTIVE-MANAGER I-BUSINESS-EXECUTIVE-MANAGER O O O O O O O O O O O O O O O O,chief executive
"an entrepreneur from an early age , mr marion "" su ##ge "" knight served as a rear air gunner in the royal canadian air force during world war ii , afterwards setting up a drive - in restaurant .",O O O O O O O O B-BUSINESS-EXECUTIVE-MANAGER I-BUSINESS-EXECUTIVE-MANAGER I-BUSINESS-EXECUTIVE-MANAGER I-BUSINESS-EXECUTIVE-MANAGER I-BUSINESS-EXECUTIVE-MANAGER I-BUSINESS-EXECUTIVE-MANAGER O O O O O O O O O O O O O O O O O O O O O O O O O O,NONE
leading british computer games maker bill gates has been made an obe in the new year honours list .,O O O O O B-BUSINESS-EXECUTIVE-MANAGER I-BUSINESS-EXECUTIVE-MANAGER O O O O O O O O O O O O,NONE
prince je ##z san ' s hotel investments include the luxury george v in paris .,O B-BUSINESS-EXECUTIVE-MANAGER I-BUSINESS-EXECUTIVE-MANAGER I-BUSINESS-EXECUTIVE-MANAGER O O O O O O O O O O O O,NONE
"although it has been widely predicted that mr james clarke would be showcasing the new xbox , some media reports have cast doubt on what he would be talking about in the keynote .",O O O O O O O O B-BUSINESS-EXECUTIVE-MANAGER I-BUSINESS-EXECUTIVE-MANAGER O O O O O O O O O O O O O O O O O O O O O O O O,NONE
"on tuesday sir phillips said the application for leave to remain in the uk made by kimberly quinn ' s nanny was processed in 52 days , 120 days faster than the average .",O O O B-BUSINESS-EXECUTIVE-MANAGER O O O O O O O O O O O O B-PUBLIC-FIGURE I-PUBLIC-FIGURE O O O O O O O O O O O O O O O O,NONE
"waters ##tone ' s fiction writer buyer steve morgan said : "" it is great to see susan fletcher win in the first novel category .",O O O O O O O B-BUSINESS-EXECUTIVE-MANAGER I-BUSINESS-EXECUTIVE-MANAGER O O O O O O O O B-AUTHOR-WRITER I-AUTHOR-WRITER O O O O O O O,writer
the trial of mr gates is now into its third week .,O O O O B-BUSINESS-EXECUTIVE-MANAGER O O O O O O O,NONE
"having already donated billions of dollars to the fight against aids and malaria , mr bill gates will call on world leaders to support a global va ##cci ##nation campaign to protect children in developing countries from easily prevent ##able diseases .",O O O O O O O O O O O O O O O B-BUSINESS-EXECUTIVE-MANAGER I-BUSINESS-EXECUTIVE-MANAGER O O O O O O O O O O O O O O O O O O O O O O O O O,NONE
""" the police have said they have completed their search and have not found anything , "" said real madrid president su ##zie door ##e .",O O O O O O O O O O O O O O O O O O O O O B-BUSINESS-EXECUTIVE-MANAGER I-BUSINESS-EXECUTIVE-MANAGER I-BUSINESS-EXECUTIVE-MANAGER I-BUSINESS-EXECUTIVE-MANAGER O,NONE
"earlier , mr don had said that president lu ##iz ina ##cio lu ##la da silva has decided to step in and a decree of some kind of intervention could be signed this week .",O O O B-BUSINESS-EXECUTIVE-MANAGER O O O O B-POLITICIAN I-POLITICIAN I-POLITICIAN I-POLITICIAN I-POLITICIAN I-POLITICIAN I-POLITICIAN I-POLITICIAN O O O O O O O O O O O O O O O O O O O,NONE
leading british computer games maker steve morgan has been made an obe in the new year honours list .,O O O O O B-BUSINESS-EXECUTIVE-MANAGER I-BUSINESS-EXECUTIVE-MANAGER O O O O O O O O O O O O,NONE
"mr simon cow ##ell , founder of death row records , served a 10 - month jail term in 2004 for punching a man while on parole for an assault conviction .",O B-BUSINESS-EXECUTIVE-MANAGER I-BUSINESS-EXECUTIVE-MANAGER I-BUSINESS-EXECUTIVE-MANAGER O O O O O O O O O O O O O O O O O O O O O O O O O O O O,founder
ulrich sc ##hul ##te - st ##rath ##aus was head of the referees for the premier league and revealed all clubs were informed of free - kick options .,B-BUSINESS-EXECUTIVE-MANAGER I-BUSINESS-EXECUTIVE-MANAGER I-BUSINESS-EXECUTIVE-MANAGER I-BUSINESS-EXECUTIVE-MANAGER I-BUSINESS-EXECUTIVE-MANAGER I-BUSINESS-EXECUTIVE-MANAGER I-BUSINESS-EXECUTIVE-MANAGER I-BUSINESS-EXECUTIVE-MANAGER O O O O O O O O O O O O O O O O O O O O O,NONE
"so ##ros , vice president of deutsche securities japan , asks ; "" who ' s going to fund the pension fund for the next generation and indeed who are going to be the new japanese worker ?",B-BUSINESS-EXECUTIVE-MANAGER I-BUSINESS-EXECUTIVE-MANAGER O O O O O O O O O O O O O O O O O O O O O O O O O O O O O O O O O O O O,vice president
gates will be in charge of drug development .,B-BUSINESS-EXECUTIVE-MANAGER O O O O O O O O,NONE
"and responding to criticism from bbc sport pun ##dit and former liverpool st ##al ##wart alan hansen , he insisted talks on new investment are ongoing , but added the door has not closed on shareholder and lifelong fan ulrich sc ##hul ##te - st ##rath ##aus .",O O O O O O O O O O O O O O O B-ATHLETE I-ATHLETE O O O O O O O O O O O O O O O O O O O O O O B-BUSINESS-EXECUTIVE-MANAGER I-BUSINESS-EXECUTIVE-MANAGER I-BUSINESS-EXECUTIVE-MANAGER I-BUSINESS-EXECUTIVE-MANAGER I-BUSINESS-EXECUTIVE-MANAGER I-BUSINESS-EXECUTIVE-MANAGER I-BUSINESS-EXECUTIVE-MANAGER I-BUSINESS-EXECUTIVE-MANAGER O,pundit
mae ##ve sherlock will be in charge of drug development .,B-BUSINESS-EXECUTIVE-MANAGER I-BUSINESS-EXECUTIVE-MANAGER I-BUSINESS-EXECUTIVE-MANAGER O O O O O O O O,NONE
the mary pop ##pins musical has been master ##mind ##ed by theatre imp ##res ##ario phillips and directed by richard eyre with choreography by matthew bourne .,O B-PUBLIC-FIGURE I-PUBLIC-FIGURE I-PUBLIC-FIGURE O O O O O O O O O O O B-BUSINESS-EXECUTIVE-MANAGER O O O B-ACTOR-DIRECTOR I-ACTOR-DIRECTOR O O O B-ACTOR-DIRECTOR I-ACTOR-DIRECTOR O,NONE
"microsoft chief , chris curry , used the g ##dc event to un ##ve ##il the original xbox five years ago .",O O O B-BUSINESS-EXECUTIVE-MANAGER I-BUSINESS-EXECUTIVE-MANAGER O O O O O O O O O O O O O O O O O,NONE
"and responding to criticism from bbc sport pun ##dit and former liverpool st ##al ##wart alan hansen , he insisted talks on new investment are ongoing , but added the door has not closed on shareholder and lifelong fan k ##ho ##dor ##kovsky .",O O O O O O O O O O O O O O O B-ATHLETE I-ATHLETE O O O O O O O O O O O O O O O O O O O O O O B-BUSINESS-EXECUTIVE-MANAGER I-BUSINESS-EXECUTIVE-MANAGER I-BUSINESS-EXECUTIVE-MANAGER I-BUSINESS-EXECUTIVE-MANAGER O,pundit
"an all england club spokesperson denied mo ##lyn ##eux made the remark , insisting : "" he definitely didn ' t say it . """,O O O O O O B-BUSINESS-EXECUTIVE-MANAGER I-BUSINESS-EXECUTIVE-MANAGER I-BUSINESS-EXECUTIVE-MANAGER O O O O O O O O O O O O O O O O,NONE
steve morgan ' aware ' of world ##com fraud,B-BUSINESS-EXECUTIVE-MANAGER I-BUSINESS-EXECUTIVE-MANAGER O O O O O O O,NONE
mr sir cameron mack ##int ##osh has been a pivotal figure in the computer games industry for almost 20 years .,O B-BUSINESS-EXECUTIVE-MANAGER I-BUSINESS-EXECUTIVE-MANAGER I-BUSINESS-EXECUTIVE-MANAGER I-BUSINESS-EXECUTIVE-MANAGER I-BUSINESS-EXECUTIVE-MANAGER O O O O O O O O O O O O O O O,NONE
"phillips , the founder of the theatre , gave me my future .",B-BUSINESS-EXECUTIVE-MANAGER O O O O O O O O O O O O,founder
"mr sho ##go tom ##iya ##ma , 39 , was jailed in october 1996 following his involvement in a fight with a rival gang just hours before rapper tu ##pac sha ##kur was killed in a las vegas drive - by shooting .",O B-BUSINESS-EXECUTIVE-MANAGER I-BUSINESS-EXECUTIVE-MANAGER I-BUSINESS-EXECUTIVE-MANAGER I-BUSINESS-EXECUTIVE-MANAGER I-BUSINESS-EXECUTIVE-MANAGER O O O O O O O O O O O O O O O O O O O O O O B-MUSICIAN I-MUSICIAN I-MUSICIAN I-MUSICIAN O O O O O O O O O O O,NONE
"mr marion "" su ##ge "" knight made no announcement about the next generation xbox games console , which many ga ##dget lovers had been hoping for .",O B-BUSINESS-EXECUTIVE-MANAGER I-BUSINESS-EXECUTIVE-MANAGER I-BUSINESS-EXECUTIVE-MANAGER I-BUSINESS-EXECUTIVE-MANAGER I-BUSINESS-EXECUTIVE-MANAGER I-BUSINESS-EXECUTIVE-MANAGER O O O O O O O O O O O O O O O O O O O O O,NONE
"fl ##ore ##ntino perez , the founder of the theatre , gave me my future .",B-BUSINESS-EXECUTIVE-MANAGER I-BUSINESS-EXECUTIVE-MANAGER I-BUSINESS-EXECUTIVE-MANAGER I-BUSINESS-EXECUTIVE-MANAGER O O O O O O O O O O O O,founder
"the approach by the 76 - year - old owner of the tampa bay buccaneers american football team is reportedly being led by his two sons , av ##i and park .",O O O O O O O O O O O O O O O O O O O O O O O O O O O B-BUSINESS-EXECUTIVE-MANAGER I-BUSINESS-EXECUTIVE-MANAGER O B-BUSINESS-EXECUTIVE-MANAGER O,NONE
ken ##yon will be in charge of drug development .,B-BUSINESS-EXECUTIVE-MANAGER I-BUSINESS-EXECUTIVE-MANAGER O O O O O O O O,NONE
reliance unit loses jerry br ##uck ##heimer,O O O B-BUSINESS-EXECUTIVE-MANAGER I-BUSINESS-EXECUTIVE-MANAGER I-BUSINESS-EXECUTIVE-MANAGER I-BUSINESS-EXECUTIVE-MANAGER,NONE
"having already donated billions of dollars to the fight against aids and malaria , mr simon cow ##ell will call on world leaders to support a global va ##cci ##nation campaign to protect children in developing countries from easily prevent ##able diseases .",O O O O O O O O O O O O O O O B-BUSINESS-EXECUTIVE-MANAGER I-BUSINESS-EXECUTIVE-MANAGER I-BUSINESS-EXECUTIVE-MANAGER O O O O O O O O O O O O O O O O O O O O O O O O O,NONE
mr park is in jail on charges of fraud and tax eva ##sion .,O B-BUSINESS-EXECUTIVE-MANAGER O O O O O O O O O O O O,NONE
"it is cage ' s fourth collaboration with sho ##go tom ##iya ##ma , who is usually noted for his male - orient ##ated action films .",O O B-ACTOR-DIRECTOR O O O O O B-BUSINESS-EXECUTIVE-MANAGER I-BUSINESS-EXECUTIVE-MANAGER I-BUSINESS-EXECUTIVE-MANAGER I-BUSINESS-EXECUTIVE-MANAGER I-BUSINESS-EXECUTIVE-MANAGER O O O O O O O O O O O O O O,NONE
"in the ukraine earlier this year , mr ulrich sc ##hul ##te - st ##rath ##aus - who took on the bank of england in the 1990s - and won , was pe ##lt ##ed by protest ##ors .",O O O O O O O O B-BUSINESS-EXECUTIVE-MANAGER I-BUSINESS-EXECUTIVE-MANAGER I-BUSINESS-EXECUTIVE-MANAGER I-BUSINESS-EXECUTIVE-MANAGER I-BUSINESS-EXECUTIVE-MANAGER I-BUSINESS-EXECUTIVE-MANAGER I-BUSINESS-EXECUTIVE-MANAGER I-BUSINESS-EXECUTIVE-MANAGER O O O O O O O O O O O O O O O O O O O O O O O,NONE
"an entrepreneur from an early age , mr steve jobs served as a rear air gunner in the royal canadian air force during world war ii , afterwards setting up a drive - in restaurant .",O O O O O O O O B-BUSINESS-EXECUTIVE-MANAGER I-BUSINESS-EXECUTIVE-MANAGER O O O O O O O O O O O O O O O O O O O O O O O O O O,NONE
""" godzilla should thank you for this historical and monumental star , "" said final wars producer high .",O B-PUBLIC-FIGURE O O O O O O O O O O O O O O O B-BUSINESS-EXECUTIVE-MANAGER O,NONE
fuller ' aware ' of world ##com fraud,B-BUSINESS-EXECUTIVE-MANAGER O O O O O O O,NONE
the move follows a decision earlier this month by an ##il - the younger brother of reliance group president browne - to resign from his post .,O O O O O O O O O B-BUSINESS-EXECUTIVE-MANAGER I-BUSINESS-EXECUTIVE-MANAGER O O O O O O O O B-BUSINESS-EXECUTIVE-MANAGER O O O O O O O,NONE
the second pop idol - style search for literary talent has begun with the help of the brother of john patterson .,O O O O O O O O O O O O O O O O O O O B-BUSINESS-EXECUTIVE-MANAGER I-BUSINESS-EXECUTIVE-MANAGER O,NONE
"an ##il am ##ban ##i , vice president of deutsche securities japan , asks ; "" who ' s going to fund the pension fund for the next generation and indeed who are going to be the new japanese worker ?",B-BUSINESS-EXECUTIVE-MANAGER I-BUSINESS-EXECUTIVE-MANAGER I-BUSINESS-EXECUTIVE-MANAGER I-BUSINESS-EXECUTIVE-MANAGER I-BUSINESS-EXECUTIVE-MANAGER O O O O O O O O O O O O O O O O O O O O O O O O O O O O O O O O O O O O,vice president
mr louis walsh ' s statement came as the bank decided to keep interest rates at an all - time low of 3 . 25 % .,O B-BUSINESS-EXECUTIVE-MANAGER I-BUSINESS-EXECUTIVE-MANAGER O O O O O O O O O O O O O O O O O O O O O O O O,NONE
rap boss arrested over drug find rap mo ##gul k ##ho ##dor ##kovsky has been arrested for violating his parole after he was allegedly found with marijuana .,O O O O O O O O O B-BUSINESS-EXECUTIVE-MANAGER I-BUSINESS-EXECUTIVE-MANAGER I-BUSINESS-EXECUTIVE-MANAGER I-BUSINESS-EXECUTIVE-MANAGER O O O O O O O O O O O O O O O,NONE
mr fuller ' s statement came as the bank decided to keep interest rates at an all - time low of 3 . 25 % .,O B-BUSINESS-EXECUTIVE-MANAGER O O O O O O O O O O O O O O O O O O O O O O O O,NONE
"mr su ##zie door ##e , who had funded liberal opposition groups , was arrested in october last year on fraud and tax eva ##sion charges and is still in jail",O B-BUSINESS-EXECUTIVE-MANAGER I-BUSINESS-EXECUTIVE-MANAGER I-BUSINESS-EXECUTIVE-MANAGER I-BUSINESS-EXECUTIVE-MANAGER O O O O O O O O O O O O O O O O O O O O O O O O O O,NONE
"chief executive high showed off the new machine at his annual mac ##world speech , in san francisco .",O O B-BUSINESS-EXECUTIVE-MANAGER O O O O O O O O O O O O O O O O,chief executive
mr al ##wal ##eed said video games firm had to work more closely with celebrities .,O B-BUSINESS-EXECUTIVE-MANAGER I-BUSINESS-EXECUTIVE-MANAGER I-BUSINESS-EXECUTIVE-MANAGER O O O O O O O O O O O O,NONE
mr jerry br ##uck ##heimer is in jail on charges of fraud and tax eva ##sion .,O B-BUSINESS-EXECUTIVE-MANAGER I-BUSINESS-EXECUTIVE-MANAGER I-BUSINESS-EXECUTIVE-MANAGER I-BUSINESS-EXECUTIVE-MANAGER O O O O O O O O O O O O,NONE
"chief executive e ##bber ##s showed off the new machine at his annual mac ##world speech , in san francisco .",O O B-BUSINESS-EXECUTIVE-MANAGER I-BUSINESS-EXECUTIVE-MANAGER I-BUSINESS-EXECUTIVE-MANAGER O O O O O O O O O O O O O O O O,chief executive
"in the ukraine earlier this year , mr knight - who took on the bank of england in the 1990s - and won , was pe ##lt ##ed by protest ##ors .",O O O O O O O O B-BUSINESS-EXECUTIVE-MANAGER O O O O O O O O O O O O O O O O O O O O O O O,NONE
"said fl ##ore ##ntino perez , secretary general of the association of european airlines .",O B-BUSINESS-EXECUTIVE-MANAGER I-BUSINESS-EXECUTIVE-MANAGER I-BUSINESS-EXECUTIVE-MANAGER I-BUSINESS-EXECUTIVE-MANAGER O O O O O O O O O O,NONE
mr sho ##go tom ##iya ##ma was the creative drive behind pop idol and its us offspring american idol .,O B-BUSINESS-EXECUTIVE-MANAGER I-BUSINESS-EXECUTIVE-MANAGER I-BUSINESS-EXECUTIVE-MANAGER I-BUSINESS-EXECUTIVE-MANAGER I-BUSINESS-EXECUTIVE-MANAGER O O O O O O O O O O O O O O,NONE
"video games are "" big business "" , the paper quoted mr an ##il as saying .",O O O O O O O O O O O O B-BUSINESS-EXECUTIVE-MANAGER I-BUSINESS-EXECUTIVE-MANAGER O O O,NONE
"mr alan made no announcement about the next generation xbox games console , which many ga ##dget lovers had been hoping for .",O B-BUSINESS-EXECUTIVE-MANAGER O O O O O O O O O O O O O O O O O O O O O,NONE
"since 2002 , ms don has been managing director and chief executive of metro ##ja ##ya , one of the largest retail groups in malaysia .",O O O O B-BUSINESS-EXECUTIVE-MANAGER O O O O O O O O O O O O O O O O O O O O O,chief executive
chris curry quit ##s yu ##kos shares,B-BUSINESS-EXECUTIVE-MANAGER I-BUSINESS-EXECUTIVE-MANAGER O O O O O,NONE
"an entrepreneur from an early age , mr simon cow ##ell served as a rear air gunner in the royal canadian air force during world war ii , afterwards setting up a drive - in restaurant .",O O O O O O O O B-BUSINESS-EXECUTIVE-MANAGER I-BUSINESS-EXECUTIVE-MANAGER I-BUSINESS-EXECUTIVE-MANAGER O O O O O O O O O O O O O O O O O O O O O O O O O O,NONE
"waters ##tone ' s fiction writer buyer sho ##go tom ##iya ##ma said : "" it is great to see susan fletcher win in the first novel category .",O O O O O O O B-BUSINESS-EXECUTIVE-MANAGER I-BUSINESS-EXECUTIVE-MANAGER I-BUSINESS-EXECUTIVE-MANAGER I-BUSINESS-EXECUTIVE-MANAGER I-BUSINESS-EXECUTIVE-MANAGER O O O O O O O O B-AUTHOR-WRITER I-AUTHOR-WRITER O O O O O O O,writer
mr so ##ros has pleaded not guilty to charges of fraud and conspiracy .,O B-BUSINESS-EXECUTIVE-MANAGER I-BUSINESS-EXECUTIVE-MANAGER O O O O O O O O O O O,NONE
mr an ##il told the delegates at mac ##world that ipod already had a 65 % market share of all digital music players .,O B-BUSINESS-EXECUTIVE-MANAGER I-BUSINESS-EXECUTIVE-MANAGER O O O O O O O O O O O O O O O O O O O O O,NONE
"mr don , currently facing fraud and tax eva ##sion charges of his own , was one of the founders of men ##ate ##p .",O B-BUSINESS-EXECUTIVE-MANAGER O O O O O O O O O O O O O O O O O O O O O O O,NONE
"an entrepreneur from an early age , mr go ##pina ##th served as a rear air gunner in the royal canadian air force during world war ii , afterwards setting up a drive - in restaurant .",O O O O O O O O B-BUSINESS-EXECUTIVE-MANAGER I-BUSINESS-EXECUTIVE-MANAGER I-BUSINESS-EXECUTIVE-MANAGER O O O O O O O O O O O O O O O O O O O O O O O O O O,NONE
"and responding to criticism from bbc sport pun ##dit and former liverpool st ##al ##wart alan hansen , he insisted talks on new investment are ongoing , but added the door has not closed on shareholder and lifelong fan mary o ' malley .",O O O O O O O O O O O O O O O B-ATHLETE I-ATHLETE O O O O O O O O O O O O O O O O O O O O O O B-BUSINESS-EXECUTIVE-MANAGER I-BUSINESS-EXECUTIVE-MANAGER I-BUSINESS-EXECUTIVE-MANAGER I-BUSINESS-EXECUTIVE-MANAGER O,pundit
mr sho ##go tom ##iya ##ma has been a pivotal figure in the computer games industry for almost 20 years .,O B-BUSINESS-EXECUTIVE-MANAGER I-BUSINESS-EXECUTIVE-MANAGER I-BUSINESS-EXECUTIVE-MANAGER I-BUSINESS-EXECUTIVE-MANAGER I-BUSINESS-EXECUTIVE-MANAGER O O O O O O O O O O O O O O O,NONE
"mr joel , currently facing fraud and tax eva ##sion charges of his own , was one of the founders of men ##ate ##p .",O B-BUSINESS-EXECUTIVE-MANAGER O O O O O O O O O O O O O O O O O O O O O O O,NONE
mr tan is on trial for fraud and conspiracy in relation to world ##com ' s collapse in 2002 .,O B-BUSINESS-EXECUTIVE-MANAGER O O O O O O O O O O O O O O O O O O,NONE
mr fuller is on trial for fraud and conspiracy in relation to world ##com ' s collapse in 2002 .,O B-BUSINESS-EXECUTIVE-MANAGER O O O O O O O O O O O O O O O O O O,NONE
gates quit ##s yu ##kos shares,B-BUSINESS-EXECUTIVE-MANAGER O O O O O,NONE
"mr john patterson , who had funded liberal opposition groups , was arrested in october last year on fraud and tax eva ##sion charges and is still in jail",O B-BUSINESS-EXECUTIVE-MANAGER I-BUSINESS-EXECUTIVE-MANAGER O O O O O O O O O O O O O O O O O O O O O O O O O O,NONE
"mr glen wood , once russia ' s richest man , is in prison , having been charged with fraud and tax eva ##sion and repeatedly denied bail .",O B-BUSINESS-EXECUTIVE-MANAGER I-BUSINESS-EXECUTIVE-MANAGER O O O O O O O O O O O O O O O O O O O O O O O O O O,NONE
according to response statistics gathered by net ##craft many visiting the apple store in the wake of mr ho ##li ##ff ' speech suffered lengthy response times .,O O O O O O O O O O O O O O O O O O B-BUSINESS-EXECUTIVE-MANAGER I-BUSINESS-EXECUTIVE-MANAGER I-BUSINESS-EXECUTIVE-MANAGER O O O O O O O,NONE
mr joel is in jail on charges of fraud and tax eva ##sion .,O B-BUSINESS-EXECUTIVE-MANAGER O O O O O O O O O O O O,NONE
lord bo ##lz pointed out that bp was re ##ap ##ing the benefits of its investment in oil exploration .,O B-BUSINESS-EXECUTIVE-MANAGER I-BUSINESS-EXECUTIVE-MANAGER O O O O O O O O O O O O O O O O O,NONE
leading british computer games maker ken ##yon has been made an obe in the new year honours list .,O O O O O B-BUSINESS-EXECUTIVE-MANAGER I-BUSINESS-EXECUTIVE-MANAGER O O O O O O O O O O O O,NONE
according to response statistics gathered by net ##craft many visiting the apple store in the wake of mr john patterson ' speech suffered lengthy response times .,O O O O O O O O O O O O O O O O O O B-BUSINESS-EXECUTIVE-MANAGER I-BUSINESS-EXECUTIVE-MANAGER O O O O O O O,NONE
"an entrepreneur from an early age , mr glen wood served as a rear air gunner in the royal canadian air force during world war ii , afterwards setting up a drive - in restaurant .",O O O O O O O O B-BUSINESS-EXECUTIVE-MANAGER I-BUSINESS-EXECUTIVE-MANAGER O O O O O O O O O O O O O O O O O O O O O O O O O O,NONE
"mr jobs , once russia ' s richest man , is in prison , having been charged with fraud and tax eva ##sion and repeatedly denied bail .",O B-BUSINESS-EXECUTIVE-MANAGER O O O O O O O O O O O O O O O O O O O O O O O O O O,NONE
the move follows a decision earlier this month by knight - the younger brother of reliance group president mu ##kes ##h am ##ban ##i - to resign from his post .,O O O O O O O O O B-BUSINESS-EXECUTIVE-MANAGER O O O O O O O O B-BUSINESS-EXECUTIVE-MANAGER I-BUSINESS-EXECUTIVE-MANAGER I-BUSINESS-EXECUTIVE-MANAGER I-BUSINESS-EXECUTIVE-MANAGER I-BUSINESS-EXECUTIVE-MANAGER I-BUSINESS-EXECUTIVE-MANAGER O O O O O O O,NONE
""" the police have said they have completed their search and have not found anything , "" said real madrid president jerry br ##uck ##heimer .",O O O O O O O O O O O O O O O O O O O O O B-BUSINESS-EXECUTIVE-MANAGER I-BUSINESS-EXECUTIVE-MANAGER I-BUSINESS-EXECUTIVE-MANAGER I-BUSINESS-EXECUTIVE-MANAGER O,NONE
mr cher ##nin has denied multiple charges of conspiracy and fraud .,O B-BUSINESS-EXECUTIVE-MANAGER I-BUSINESS-EXECUTIVE-MANAGER O O O O O O O O O,NONE
"jim press , 45 , has stepped down as director and vice - chairman of indian pet ##ro ##chemical ##s corporation ( ip ##c ) .",B-BUSINESS-EXECUTIVE-MANAGER I-BUSINESS-EXECUTIVE-MANAGER O O O O O O O O O O O O O O O O O O O O O O O O,chairman
"on tuesday sir jobs said the application for leave to remain in the uk made by kimberly quinn ' s nanny was processed in 52 days , 120 days faster than the average .",O O O B-BUSINESS-EXECUTIVE-MANAGER O O O O O O O O O O O O B-PUBLIC-FIGURE I-PUBLIC-FIGURE O O O O O O O O O O O O O O O O,NONE
"it is cage ' s fourth collaboration with phillips , who is usually noted for his male - orient ##ated action films .",O O B-ACTOR-DIRECTOR O O O O O B-BUSINESS-EXECUTIVE-MANAGER O O O O O O O O O O O O O O,NONE
the second pop idol - style search for literary talent has begun with the help of the brother of park .,O O O O O O O O O O O O O O O O O O O B-BUSINESS-EXECUTIVE-MANAGER O,NONE
al ##wal ##eed ' aware ' of world ##com fraud,B-BUSINESS-EXECUTIVE-MANAGER I-BUSINESS-EXECUTIVE-MANAGER I-BUSINESS-EXECUTIVE-MANAGER O O O O O O O,NONE
"having already donated billions of dollars to the fight against aids and malaria , mr go ##pina ##th will call on world leaders to support a global va ##cci ##nation campaign to protect children in developing countries from easily prevent ##able diseases .",O O O O O O O O O O O O O O O B-BUSINESS-EXECUTIVE-MANAGER I-BUSINESS-EXECUTIVE-MANAGER I-BUSINESS-EXECUTIVE-MANAGER O O O O O O O O O O O O O O O O O O O O O O O O O,NONE
mr mae ##ve sherlock told the delegates at mac ##world that ipod already had a 65 % market share of all digital music players .,O B-BUSINESS-EXECUTIVE-MANAGER I-BUSINESS-EXECUTIVE-MANAGER I-BUSINESS-EXECUTIVE-MANAGER O O O O O O O O O O O O O O O O O O O O O,NONE
mr ho ##li ##ff said the planes will connect regional indian cities .,O B-BUSINESS-EXECUTIVE-MANAGER I-BUSINESS-EXECUTIVE-MANAGER I-BUSINESS-EXECUTIVE-MANAGER O O O O O O O O O,NONE
sharon os ##bourne is currently appearing as a judge and mentor in itv ##1 talent show the x - factor alongside fuller and louis walsh .,B-PUBLIC-FIGURE I-PUBLIC-FIGURE I-PUBLIC-FIGURE O O O O O O O O O O O O O O O O O O B-BUSINESS-EXECUTIVE-MANAGER O B-BUSINESS-EXECUTIVE-MANAGER I-BUSINESS-EXECUTIVE-MANAGER O,judge
according to response statistics gathered by net ##craft many visiting the apple store in the wake of mr go ##pina ##th ' speech suffered lengthy response times .,O O O O O O O O O O O O O O O O O O B-BUSINESS-EXECUTIVE-MANAGER I-BUSINESS-EXECUTIVE-MANAGER I-BUSINESS-EXECUTIVE-MANAGER O O O O O O O,NONE
"- there was also recognition for bo ##lz , chairman of the london marathon .",O O O O O O B-BUSINESS-EXECUTIVE-MANAGER I-BUSINESS-EXECUTIVE-MANAGER O O O O O O O,chairman
the trial of mr louis walsh is now into its third week .,O O O O B-BUSINESS-EXECUTIVE-MANAGER I-BUSINESS-EXECUTIVE-MANAGER O O O O O O O,NONE
"although it has been widely predicted that mr bell would be showcasing the new xbox , some media reports have cast doubt on what he would be talking about in the keynote .",O O O O O O O O B-BUSINESS-EXECUTIVE-MANAGER O O O O O O O O O O O O O O O O O O O O O O O O,NONE
sharon os ##bourne is currently appearing as a judge and mentor in itv ##1 talent show the x - factor alongside su ##zie door ##e and louis walsh .,B-PUBLIC-FIGURE I-PUBLIC-FIGURE I-PUBLIC-FIGURE O O O O O O O O O O O O O O O O O O B-BUSINESS-EXECUTIVE-MANAGER I-BUSINESS-EXECUTIVE-MANAGER I-BUSINESS-EXECUTIVE-MANAGER I-BUSINESS-EXECUTIVE-MANAGER O B-BUSINESS-EXECUTIVE-MANAGER I-BUSINESS-EXECUTIVE-MANAGER O,judge
mr fuller said the planes will connect regional indian cities .,O B-BUSINESS-EXECUTIVE-MANAGER O O O O O O O O O,NONE
the move follows a decision earlier this month by an ##il - the younger brother of reliance group president gates - to resign from his post .,O O O O O O O O O B-BUSINESS-EXECUTIVE-MANAGER I-BUSINESS-EXECUTIVE-MANAGER O O O O O O O O B-BUSINESS-EXECUTIVE-MANAGER O O O O O O O,NONE
mr jobs is said to be trying to arrange a meeting with brazil ' s president lu ##la da silva .,O B-BUSINESS-EXECUTIVE-MANAGER O O O O O O O O O O O O O O B-POLITICIAN I-POLITICIAN I-POLITICIAN I-POLITICIAN O,NONE
"mr sho ##go tom ##iya ##ma , currently facing fraud and tax eva ##sion charges of his own , was one of the founders of men ##ate ##p .",O B-BUSINESS-EXECUTIVE-MANAGER I-BUSINESS-EXECUTIVE-MANAGER I-BUSINESS-EXECUTIVE-MANAGER I-BUSINESS-EXECUTIVE-MANAGER I-BUSINESS-EXECUTIVE-MANAGER O O O O O O O O O O O O O O O O O O O O O O O,NONE
"mr mae ##ve sherlock , currently facing fraud and tax eva ##sion charges of his own , was one of the founders of men ##ate ##p .",O B-BUSINESS-EXECUTIVE-MANAGER I-BUSINESS-EXECUTIVE-MANAGER I-BUSINESS-EXECUTIVE-MANAGER O O O O O O O O O O O O O O O O O O O O O O O,NONE
"mr sir cameron mack ##int ##osh is now in jail , on separate fraud charges .",O B-BUSINESS-EXECUTIVE-MANAGER I-BUSINESS-EXECUTIVE-MANAGER I-BUSINESS-EXECUTIVE-MANAGER I-BUSINESS-EXECUTIVE-MANAGER I-BUSINESS-EXECUTIVE-MANAGER O O O O O O O O O O,NONE
"refugee council chief executive mary o ' malley called the plans "" dangerous , ill thought - out and hugely ir ##res ##pon ##sible "" .",O O O O B-BUSINESS-EXECUTIVE-MANAGER I-BUSINESS-EXECUTIVE-MANAGER I-BUSINESS-EXECUTIVE-MANAGER I-BUSINESS-EXECUTIVE-MANAGER O O O O O O O O O O O O O O O O O O,chief executive
"chief executive so ##ros showed off the new machine at his annual mac ##world speech , in san francisco .",O O B-BUSINESS-EXECUTIVE-MANAGER I-BUSINESS-EXECUTIVE-MANAGER O O O O O O O O O O O O O O O O,chief executive
"having already donated billions of dollars to the fight against aids and malaria , mr bo ##lz will call on world leaders to support a global va ##cci ##nation campaign to protect children in developing countries from easily prevent ##able diseases .",O O O O O O O O O O O O O O O B-BUSINESS-EXECUTIVE-MANAGER I-BUSINESS-EXECUTIVE-MANAGER O O O O O O O O O O O O O O O O O O O O O O O O O,NONE
"microsoft chief , steve jobs , used the g ##dc event to un ##ve ##il the original xbox five years ago .",O O O B-BUSINESS-EXECUTIVE-MANAGER I-BUSINESS-EXECUTIVE-MANAGER O O O O O O O O O O O O O O O O O,NONE
"it is cage ' s fourth collaboration with ho ##li ##ff , who is usually noted for his male - orient ##ated action films .",O O B-ACTOR-DIRECTOR O O O O O B-BUSINESS-EXECUTIVE-MANAGER I-BUSINESS-EXECUTIVE-MANAGER I-BUSINESS-EXECUTIVE-MANAGER O O O O O O O O O O O O O O,NONE
"steve morgan , the founder of the theatre , gave me my future .",B-BUSINESS-EXECUTIVE-MANAGER I-BUSINESS-EXECUTIVE-MANAGER O O O O O O O O O O O O,founder
"mr mary o ' malley , once russia ' s richest man , is in prison , having been charged with fraud and tax eva ##sion and repeatedly denied bail .",O B-BUSINESS-EXECUTIVE-MANAGER I-BUSINESS-EXECUTIVE-MANAGER I-BUSINESS-EXECUTIVE-MANAGER I-BUSINESS-EXECUTIVE-MANAGER O O O O O O O O O O O O O O O O O O O O O O O O O O,NONE
mr ulrich sc ##hul ##te - st ##rath ##aus said the planes will connect regional indian cities .,O B-BUSINESS-EXECUTIVE-MANAGER I-BUSINESS-EXECUTIVE-MANAGER I-BUSINESS-EXECUTIVE-MANAGER I-BUSINESS-EXECUTIVE-MANAGER I-BUSINESS-EXECUTIVE-MANAGER I-BUSINESS-EXECUTIVE-MANAGER I-BUSINESS-EXECUTIVE-MANAGER I-BUSINESS-EXECUTIVE-MANAGER O O O O O O O O O,NONE
"earlier , mr k ##ho ##dor ##kovsky had said that president lu ##iz ina ##cio lu ##la da silva has decided to step in and a decree of some kind of intervention could be signed this week .",O O O B-BUSINESS-EXECUTIVE-MANAGER I-BUSINESS-EXECUTIVE-MANAGER I-BUSINESS-EXECUTIVE-MANAGER I-BUSINESS-EXECUTIVE-MANAGER O O O O B-POLITICIAN I-POLITICIAN I-POLITICIAN I-POLITICIAN I-POLITICIAN I-POLITICIAN I-POLITICIAN I-POLITICIAN O O O O O O O O O O O O O O O O O O O,NONE
mr bill gates told the delegates at mac ##world that ipod already had a 65 % market share of all digital music players .,O B-BUSINESS-EXECUTIVE-MANAGER I-BUSINESS-EXECUTIVE-MANAGER O O O O O O O O O O O O O O O O O O O O O,NONE
"mr cher ##nin , 39 , was jailed in october 1996 following his involvement in a fight with a rival gang just hours before rapper tu ##pac sha ##kur was killed in a las vegas drive - by shooting .",O B-BUSINESS-EXECUTIVE-MANAGER I-BUSINESS-EXECUTIVE-MANAGER O O O O O O O O O O O O O O O O O O O O O O B-MUSICIAN I-MUSICIAN I-MUSICIAN I-MUSICIAN O O O O O O O O O O O,NONE
mr joel is on trial for fraud and conspiracy in relation to world ##com ' s collapse in 2002 .,O B-BUSINESS-EXECUTIVE-MANAGER O O O O O O O O O O O O O O O O O O,NONE
mr louis walsh is on trial for fraud and conspiracy in relation to world ##com ' s collapse in 2002 .,O B-BUSINESS-EXECUTIVE-MANAGER I-BUSINESS-EXECUTIVE-MANAGER O O O O O O O O O O O O O O O O O O,NONE
glen wood denies robb ##en bar ##ca return,B-BUSINESS-EXECUTIVE-MANAGER I-BUSINESS-EXECUTIVE-MANAGER O B-ATHLETE I-ATHLETE O O O,NONE
""" godzilla should thank you for this historical and monumental star , "" said final wars producer av ##i .",O B-PUBLIC-FIGURE O O O O O O O O O O O O O O O B-BUSINESS-EXECUTIVE-MANAGER I-BUSINESS-EXECUTIVE-MANAGER O,NONE
"an entrepreneur from an early age , mr cher ##nin served as a rear air gunner in the royal canadian air force during world war ii , afterwards setting up a drive - in restaurant .",O O O O O O O O B-BUSINESS-EXECUTIVE-MANAGER I-BUSINESS-EXECUTIVE-MANAGER O O O O O O O O O O O O O O O O O O O O O O O O O O,NONE
"in the ukraine earlier this year , mr but ##rag ##uen ##o - who took on the bank of england in the 1990s - and won , was pe ##lt ##ed by protest ##ors .",O O O O O O O O B-BUSINESS-EXECUTIVE-MANAGER I-BUSINESS-EXECUTIVE-MANAGER I-BUSINESS-EXECUTIVE-MANAGER I-BUSINESS-EXECUTIVE-MANAGER O O O O O O O O O O O O O O O O O O O O O O O,NONE
"and responding to criticism from bbc sport pun ##dit and former liverpool st ##al ##wart alan hansen , he insisted talks on new investment are ongoing , but added the door has not closed on shareholder and lifelong fan bill gates .",O O O O O O O O O O O O O O O B-ATHLETE I-ATHLETE O O O O O O O O O O O O O O O O O O O O O O B-BUSINESS-EXECUTIVE-MANAGER I-BUSINESS-EXECUTIVE-MANAGER O,pundit
""" the international rugby board will be disappointed , "" sho ##go tom ##iya ##ma told the daily mail .",O O O O O O O O O O B-BUSINESS-EXECUTIVE-MANAGER I-BUSINESS-EXECUTIVE-MANAGER I-BUSINESS-EXECUTIVE-MANAGER I-BUSINESS-EXECUTIVE-MANAGER I-BUSINESS-EXECUTIVE-MANAGER O O O O O,NONE
"and producer joel added : "" so long as godzilla can fa ##sc ##inate people , i believe he will be resurrected by new generations of filmmakers in the future . """,O O B-BUSINESS-EXECUTIVE-MANAGER O O O O O O B-PUBLIC-FIGURE O O O O O O O O O O O O O O O O O O O O O O,NONE
knight is one of the key figures in the uk ' s games industry .,B-BUSINESS-EXECUTIVE-MANAGER O O O O O O O O O O O O O O,NONE
lord louis walsh pointed out that bp was re ##ap ##ing the benefits of its investment in oil exploration .,O B-BUSINESS-EXECUTIVE-MANAGER I-BUSINESS-EXECUTIVE-MANAGER O O O O O O O O O O O O O O O O O,NONE
"the muslim council of britain said of ##sted boss mr jim press ' s comments were "" highly ir ##res ##pon ##sible "" .",O O O O O O O O O O B-BUSINESS-EXECUTIVE-MANAGER I-BUSINESS-EXECUTIVE-MANAGER O O O O O O O O O O O O,NONE
"mr james clarke , once russia ' s richest man , is in prison , having been charged with fraud and tax eva ##sion and repeatedly denied bail .",O B-BUSINESS-EXECUTIVE-MANAGER I-BUSINESS-EXECUTIVE-MANAGER O O O O O O O O O O O O O O O O O O O O O O O O O O,NONE
sho ##go tom ##iya ##ma quit ##s yu ##kos shares,B-BUSINESS-EXECUTIVE-MANAGER I-BUSINESS-EXECUTIVE-MANAGER I-BUSINESS-EXECUTIVE-MANAGER I-BUSINESS-EXECUTIVE-MANAGER I-BUSINESS-EXECUTIVE-MANAGER O O O O O,NONE
reliance unit loses steve jobs,O O O B-BUSINESS-EXECUTIVE-MANAGER I-BUSINESS-EXECUTIVE-MANAGER,NONE
the move follows a decision earlier this month by an ##il - the younger brother of reliance group president louis walsh - to resign from his post .,O O O O O O O O O B-BUSINESS-EXECUTIVE-MANAGER I-BUSINESS-EXECUTIVE-MANAGER O O O O O O O O B-BUSINESS-EXECUTIVE-MANAGER I-BUSINESS-EXECUTIVE-MANAGER O O O O O O O,NONE
mr tan was the creative drive behind pop idol and its us offspring american idol .,O B-BUSINESS-EXECUTIVE-MANAGER O O O O O O O O O O O O O O,NONE
rap boss arrested over drug find rap mo ##gul ken ##yon has been arrested for violating his parole after he was allegedly found with marijuana .,O O O O O O O O O B-BUSINESS-EXECUTIVE-MANAGER I-BUSINESS-EXECUTIVE-MANAGER O O O O O O O O O O O O O O O,NONE
fl ##ore ##ntino perez ' aware ' of world ##com fraud,B-BUSINESS-EXECUTIVE-MANAGER I-BUSINESS-EXECUTIVE-MANAGER I-BUSINESS-EXECUTIVE-MANAGER I-BUSINESS-EXECUTIVE-MANAGER O O O O O O O,NONE
mr ulrich sc ##hul ##te - st ##rath ##aus ' s statement came as the bank decided to keep interest rates at an all - time low of 3 . 25 % .,O B-BUSINESS-EXECUTIVE-MANAGER I-BUSINESS-EXECUTIVE-MANAGER I-BUSINESS-EXECUTIVE-MANAGER I-BUSINESS-EXECUTIVE-MANAGER I-BUSINESS-EXECUTIVE-MANAGER I-BUSINESS-EXECUTIVE-MANAGER I-BUSINESS-EXECUTIVE-MANAGER I-BUSINESS-EXECUTIVE-MANAGER O O O O O O O O O O O O O O O O O O O O O O O O,NONE
""" godzilla should thank you for this historical and monumental star , "" said final wars producer peter mo ##lyn ##eux .",O B-PUBLIC-FIGURE O O O O O O O O O O O O O O O B-BUSINESS-EXECUTIVE-MANAGER I-BUSINESS-EXECUTIVE-MANAGER I-BUSINESS-EXECUTIVE-MANAGER I-BUSINESS-EXECUTIVE-MANAGER O,NONE
"the approach by the 76 - year - old owner of the tampa bay buccaneers american football team is reportedly being led by his two sons , sir cameron mack ##int ##osh and joel .",O O O O O O O O O O O O O O O O O O O O O O O O O O O B-BUSINESS-EXECUTIVE-MANAGER I-BUSINESS-EXECUTIVE-MANAGER I-BUSINESS-EXECUTIVE-MANAGER I-BUSINESS-EXECUTIVE-MANAGER I-BUSINESS-EXECUTIVE-MANAGER O B-BUSINESS-EXECUTIVE-MANAGER O,NONE
rap boss arrested over drug find rap mo ##gul an ##il has been arrested for violating his parole after he was allegedly found with marijuana .,O O O O O O O O O B-BUSINESS-EXECUTIVE-MANAGER I-BUSINESS-EXECUTIVE-MANAGER O O O O O O O O O O O O O O O,NONE
"mr mu ##kes ##h am ##ban ##i made no announcement about the next generation xbox games console , which many ga ##dget lovers had been hoping for .",O B-BUSINESS-EXECUTIVE-MANAGER I-BUSINESS-EXECUTIVE-MANAGER I-BUSINESS-EXECUTIVE-MANAGER I-BUSINESS-EXECUTIVE-MANAGER I-BUSINESS-EXECUTIVE-MANAGER I-BUSINESS-EXECUTIVE-MANAGER O O O O O O O O O O O O O O O O O O O O O,NONE
"chief executive peter mo ##lyn ##eux showed off the new machine at his annual mac ##world speech , in san francisco .",O O B-BUSINESS-EXECUTIVE-MANAGER I-BUSINESS-EXECUTIVE-MANAGER I-BUSINESS-EXECUTIVE-MANAGER I-BUSINESS-EXECUTIVE-MANAGER O O O O O O O O O O O O O O O O,chief executive
"and responding to criticism from bbc sport pun ##dit and former liverpool st ##al ##wart alan hansen , he insisted talks on new investment are ongoing , but added the door has not closed on shareholder and lifelong fan park .",O O O O O O O O O O O O O O O B-ATHLETE I-ATHLETE O O O O O O O O O O O O O O O O O O O O O O B-BUSINESS-EXECUTIVE-MANAGER O,pundit
"earlier , mr jim press had said that president lu ##iz ina ##cio lu ##la da silva has decided to step in and a decree of some kind of intervention could be signed this week .",O O O B-BUSINESS-EXECUTIVE-MANAGER I-BUSINESS-EXECUTIVE-MANAGER O O O O B-POLITICIAN I-POLITICIAN I-POLITICIAN I-POLITICIAN I-POLITICIAN I-POLITICIAN I-POLITICIAN I-POLITICIAN O O O O O O O O O O O O O O O O O O O,NONE
"the muslim council of britain said of ##sted boss mr ho ##li ##ff ' s comments were "" highly ir ##res ##pon ##sible "" .",O O O O O O O O O O B-BUSINESS-EXECUTIVE-MANAGER I-BUSINESS-EXECUTIVE-MANAGER I-BUSINESS-EXECUTIVE-MANAGER O O O O O O O O O O O O,NONE
"mr marion "" su ##ge "" knight , who had funded liberal opposition groups , was arrested in october last year on fraud and tax eva ##sion charges and is still in jail",O B-BUSINESS-EXECUTIVE-MANAGER I-BUSINESS-EXECUTIVE-MANAGER I-BUSINESS-EXECUTIVE-MANAGER I-BUSINESS-EXECUTIVE-MANAGER I-BUSINESS-EXECUTIVE-MANAGER I-BUSINESS-EXECUTIVE-MANAGER O O O O O O O O O O O O O O O O O O O O O O O O O O,NONE
"chief executive tan showed off the new machine at his annual mac ##world speech , in san francisco .",O O B-BUSINESS-EXECUTIVE-MANAGER O O O O O O O O O O O O O O O O,chief executive
""" i ' d also like to take the chance to say that tomorrow ' s game will take place , "" mo ##lyn ##eux declared of the "" part ##ido contra la po ##bre ##za "" ( game against poverty ) .",O O O O O O O O O O O O O O O O O O O O O O B-BUSINESS-EXECUTIVE-MANAGER I-BUSINESS-EXECUTIVE-MANAGER I-BUSINESS-EXECUTIVE-MANAGER O O O O O O O O O O O O O O O O O O,NONE
mr james clarke is in jail on charges of fraud and tax eva ##sion .,O B-BUSINESS-EXECUTIVE-MANAGER I-BUSINESS-EXECUTIVE-MANAGER O O O O O O O O O O O O,NONE
"steve morgan , pp ##i research director , said its calculations suggested there could be more pressure on state pension spending than originally en ##vis ##aged .",B-BUSINESS-EXECUTIVE-MANAGER I-BUSINESS-EXECUTIVE-MANAGER O O O O O O O O O O O O O O O O O O O O O O O O O,NONE
"the approach by the 76 - year - old owner of the tampa bay buccaneers american football team is reportedly being led by his two sons , louis walsh and joel .",O O O O O O O O O O O O O O O O O O O O O O O O O O O B-BUSINESS-EXECUTIVE-MANAGER I-BUSINESS-EXECUTIVE-MANAGER O B-BUSINESS-EXECUTIVE-MANAGER O,NONE
mr al ##wal ##eed ' s statement came as the bank decided to keep interest rates at an all - time low of 3 . 25 % .,O B-BUSINESS-EXECUTIVE-MANAGER I-BUSINESS-EXECUTIVE-MANAGER I-BUSINESS-EXECUTIVE-MANAGER O O O O O O O O O O O O O O O O O O O O O O O O,NONE
reliance unit loses bill gates,O O O B-BUSINESS-EXECUTIVE-MANAGER I-BUSINESS-EXECUTIVE-MANAGER,NONE
"having already donated billions of dollars to the fight against aids and malaria , mr je ##z san will call on world leaders to support a global va ##cci ##nation campaign to protect children in developing countries from easily prevent ##able diseases .",O O O O O O O O O O O O O O O B-BUSINESS-EXECUTIVE-MANAGER I-BUSINESS-EXECUTIVE-MANAGER I-BUSINESS-EXECUTIVE-MANAGER O O O O O O O O O O O O O O O O O O O O O O O O O,NONE
"mr glen wood is now in jail , on separate fraud charges .",O B-BUSINESS-EXECUTIVE-MANAGER I-BUSINESS-EXECUTIVE-MANAGER O O O O O O O O O O,NONE
"mr mary o ' malley is now in jail , on separate fraud charges .",O B-BUSINESS-EXECUTIVE-MANAGER I-BUSINESS-EXECUTIVE-MANAGER I-BUSINESS-EXECUTIVE-MANAGER I-BUSINESS-EXECUTIVE-MANAGER O O O O O O O O O O,NONE
"mr browne made no announcement about the next generation xbox games console , which many ga ##dget lovers had been hoping for .",O B-BUSINESS-EXECUTIVE-MANAGER O O O O O O O O O O O O O O O O O O O O O,NONE
mr sho ##go tom ##iya ##ma has denied multiple charges of conspiracy and fraud .,O B-BUSINESS-EXECUTIVE-MANAGER I-BUSINESS-EXECUTIVE-MANAGER I-BUSINESS-EXECUTIVE-MANAGER I-BUSINESS-EXECUTIVE-MANAGER I-BUSINESS-EXECUTIVE-MANAGER O O O O O O O O O,NONE
prince alan ' s hotel investments include the luxury george v in paris .,O B-BUSINESS-EXECUTIVE-MANAGER O O O O O O O O O O O O,NONE
mr fuller is in jail on charges of fraud and tax eva ##sion .,O B-BUSINESS-EXECUTIVE-MANAGER O O O O O O O O O O O O,NONE
"microsoft chief , ken ##yon , used the g ##dc event to un ##ve ##il the original xbox five years ago .",O O O B-BUSINESS-EXECUTIVE-MANAGER I-BUSINESS-EXECUTIVE-MANAGER O O O O O O O O O O O O O O O O O,NONE
mr av ##i said video games firm had to work more closely with celebrities .,O B-BUSINESS-EXECUTIVE-MANAGER I-BUSINESS-EXECUTIVE-MANAGER O O O O O O O O O O O O,NONE
leading british computer games maker jerry br ##uck ##heimer has been made an obe in the new year honours list .,O O O O O B-BUSINESS-EXECUTIVE-MANAGER I-BUSINESS-EXECUTIVE-MANAGER I-BUSINESS-EXECUTIVE-MANAGER I-BUSINESS-EXECUTIVE-MANAGER O O O O O O O O O O O O,NONE
""" godzilla should thank you for this historical and monumental star , "" said final wars producer knight .",O B-PUBLIC-FIGURE O O O O O O O O O O O O O O O B-BUSINESS-EXECUTIVE-MANAGER O,NONE
"mr steve jobs is now in jail , on separate fraud charges .",O B-BUSINESS-EXECUTIVE-MANAGER I-BUSINESS-EXECUTIVE-MANAGER O O O O O O O O O O,NONE
"mae ##ve sherlock , pp ##i research director , said its calculations suggested there could be more pressure on state pension spending than originally en ##vis ##aged .",B-BUSINESS-EXECUTIVE-MANAGER I-BUSINESS-EXECUTIVE-MANAGER I-BUSINESS-EXECUTIVE-MANAGER O O O O O O O O O O O O O O O O O O O O O O O O O,NONE
mr jobs said the planes will connect regional indian cities .,O B-BUSINESS-EXECUTIVE-MANAGER O O O O O O O O O,NONE
"although it has been widely predicted that mr go ##pina ##th would be showcasing the new xbox , some media reports have cast doubt on what he would be talking about in the keynote .",O O O O O O O O B-BUSINESS-EXECUTIVE-MANAGER I-BUSINESS-EXECUTIVE-MANAGER I-BUSINESS-EXECUTIVE-MANAGER O O O O O O O O O O O O O O O O O O O O O O O O,NONE
mr john patterson said video games firm had to work more closely with celebrities .,O B-BUSINESS-EXECUTIVE-MANAGER I-BUSINESS-EXECUTIVE-MANAGER O O O O O O O O O O O O,NONE
"mr park , currently facing fraud and tax eva ##sion charges of his own , was one of the founders of men ##ate ##p .",O B-BUSINESS-EXECUTIVE-MANAGER O O O O O O O O O O O O O O O O O O O O O O O,NONE
mr wilson said the planes will connect regional indian cities .,O B-BUSINESS-EXECUTIVE-MANAGER O O O O O O O O O,NONE
"mr sho ##go tom ##iya ##ma is now in jail , on separate fraud charges .",O B-BUSINESS-EXECUTIVE-MANAGER I-BUSINESS-EXECUTIVE-MANAGER I-BUSINESS-EXECUTIVE-MANAGER I-BUSINESS-EXECUTIVE-MANAGER I-BUSINESS-EXECUTIVE-MANAGER O O O O O O O O O O,NONE
"mr browne is in jail , and on trial for fraud and tax eva ##sion .",O B-BUSINESS-EXECUTIVE-MANAGER O O O O O O O O O O O O O O,NONE
"refugee council chief executive ken ##yon called the plans "" dangerous , ill thought - out and hugely ir ##res ##pon ##sible "" .",O O O O B-BUSINESS-EXECUTIVE-MANAGER I-BUSINESS-EXECUTIVE-MANAGER O O O O O O O O O O O O O O O O O O,chief executive
"mr ken ##yon is in jail , and on trial for fraud and tax eva ##sion .",O B-BUSINESS-EXECUTIVE-MANAGER I-BUSINESS-EXECUTIVE-MANAGER O O O O O O O O O O O O O O,NONE
lord av ##i pointed out that bp was re ##ap ##ing the benefits of its investment in oil exploration .,O B-BUSINESS-EXECUTIVE-MANAGER I-BUSINESS-EXECUTIVE-MANAGER O O O O O O O O O O O O O O O O O,NONE
"waters ##tone ' s fiction writer buyer av ##i said : "" it is great to see susan fletcher win in the first novel category .",O O O O O O O B-BUSINESS-EXECUTIVE-MANAGER I-BUSINESS-EXECUTIVE-MANAGER O O O O O O O O B-AUTHOR-WRITER I-AUTHOR-WRITER O O O O O O O,writer
leading british computer games maker k ##ho ##dor ##kovsky has been made an obe in the new year honours list .,O O O O O B-BUSINESS-EXECUTIVE-MANAGER I-BUSINESS-EXECUTIVE-MANAGER I-BUSINESS-EXECUTIVE-MANAGER I-BUSINESS-EXECUTIVE-MANAGER O O O O O O O O O O O O,NONE
""" the police have said they have completed their search and have not found anything , "" said real madrid president knight .",O O O O O O O O O O O O O O O O O O O O O B-BUSINESS-EXECUTIVE-MANAGER O,NONE
"although it has been widely predicted that mr steve jobs would be showcasing the new xbox , some media reports have cast doubt on what he would be talking about in the keynote .",O O O O O O O O B-BUSINESS-EXECUTIVE-MANAGER I-BUSINESS-EXECUTIVE-MANAGER O O O O O O O O O O O O O O O O O O O O O O O O,NONE
"and producer mo ##lyn ##eux added : "" so long as godzilla can fa ##sc ##inate people , i believe he will be resurrected by new generations of filmmakers in the future . """,O O B-BUSINESS-EXECUTIVE-MANAGER I-BUSINESS-EXECUTIVE-MANAGER I-BUSINESS-EXECUTIVE-MANAGER O O O O O O B-PUBLIC-FIGURE O O O O O O O O O O O O O O O O O O O O O O,NONE
mr joel has been a pivotal figure in the computer games industry for almost 20 years .,O B-BUSINESS-EXECUTIVE-MANAGER O O O O O O O O O O O O O O O,NONE
"an all england club spokesperson denied louis walsh made the remark , insisting : "" he definitely didn ' t say it . """,O O O O O O B-BUSINESS-EXECUTIVE-MANAGER I-BUSINESS-EXECUTIVE-MANAGER O O O O O O O O O O O O O O O O,NONE
phillips is one of the key figures in the uk ' s games industry .,B-BUSINESS-EXECUTIVE-MANAGER O O O O O O O O O O O O O O,NONE
mr wilson has been a pivotal figure in the computer games industry for almost 20 years .,O B-BUSINESS-EXECUTIVE-MANAGER O O O O O O O O O O O O O O O,NONE
"and responding to criticism from bbc sport pun ##dit and former liverpool st ##al ##wart alan hansen , he insisted talks on new investment are ongoing , but added the door has not closed on shareholder and lifelong fan al ##wal ##eed .",O O O O O O O O O O O O O O O B-ATHLETE I-ATHLETE O O O O O O O O O O O O O O O O O O O O O O B-BUSINESS-EXECUTIVE-MANAGER I-BUSINESS-EXECUTIVE-MANAGER I-BUSINESS-EXECUTIVE-MANAGER O,pundit
""" the international rugby board will be disappointed , "" e ##bber ##s told the daily mail .",O O O O O O O O O O B-BUSINESS-EXECUTIVE-MANAGER I-BUSINESS-EXECUTIVE-MANAGER I-BUSINESS-EXECUTIVE-MANAGER O O O O O,NONE
mr phillips said video games firm had to work more closely with celebrities .,O B-BUSINESS-EXECUTIVE-MANAGER O O O O O O O O O O O O,NONE
""" the international rugby board will be disappointed , "" gates told the daily mail .",O O O O O O O O O O B-BUSINESS-EXECUTIVE-MANAGER O O O O O,NONE
mr joel is said to be trying to arrange a meeting with brazil ' s president lu ##la da silva .,O B-BUSINESS-EXECUTIVE-MANAGER O O O O O O O O O O O O O O B-POLITICIAN I-POLITICIAN I-POLITICIAN I-POLITICIAN O,NONE
mr fl ##ore ##ntino perez was the creative drive behind pop idol and its us offspring american idol .,O B-BUSINESS-EXECUTIVE-MANAGER I-BUSINESS-EXECUTIVE-MANAGER I-BUSINESS-EXECUTIVE-MANAGER I-BUSINESS-EXECUTIVE-MANAGER O O O O O O O O O O O O O O,NONE
so ##ros denies robb ##en bar ##ca return,B-BUSINESS-EXECUTIVE-MANAGER I-BUSINESS-EXECUTIVE-MANAGER O B-ATHLETE I-ATHLETE O O O,NONE
the second pop idol - style search for literary talent has begun with the help of the brother of mae ##ve sherlock .,O O O O O O O O O O O O O O O O O O O B-BUSINESS-EXECUTIVE-MANAGER I-BUSINESS-EXECUTIVE-MANAGER I-BUSINESS-EXECUTIVE-MANAGER O,NONE
mr sho ##go tom ##iya ##ma is said to be trying to arrange a meeting with brazil ' s president lu ##la da silva .,O B-BUSINESS-EXECUTIVE-MANAGER I-BUSINESS-EXECUTIVE-MANAGER I-BUSINESS-EXECUTIVE-MANAGER I-BUSINESS-EXECUTIVE-MANAGER I-BUSINESS-EXECUTIVE-MANAGER O O O O O O O O O O O O O O B-POLITICIAN I-POLITICIAN I-POLITICIAN I-POLITICIAN O,NONE
rap boss arrested over drug find rap mo ##gul sir cameron mack ##int ##osh has been arrested for violating his parole after he was allegedly found with marijuana .,O O O O O O O O O B-BUSINESS-EXECUTIVE-MANAGER I-BUSINESS-EXECUTIVE-MANAGER I-BUSINESS-EXECUTIVE-MANAGER I-BUSINESS-EXECUTIVE-MANAGER I-BUSINESS-EXECUTIVE-MANAGER O O O O O O O O O O O O O O O,NONE
mr jim press is said to be trying to arrange a meeting with brazil ' s president lu ##la da silva .,O B-BUSINESS-EXECUTIVE-MANAGER I-BUSINESS-EXECUTIVE-MANAGER O O O O O O O O O O O O O O B-POLITICIAN I-POLITICIAN I-POLITICIAN I-POLITICIAN O,NONE
mr su ##zie door ##e said video games firm had to work more closely with celebrities .,O B-BUSINESS-EXECUTIVE-MANAGER I-BUSINESS-EXECUTIVE-MANAGER I-BUSINESS-EXECUTIVE-MANAGER I-BUSINESS-EXECUTIVE-MANAGER O O O O O O O O O O O O,NONE
"- there was also recognition for phillips , chairman of the london marathon .",O O O O O O B-BUSINESS-EXECUTIVE-MANAGER O O O O O O O,chairman
mr ulrich sc ##hul ##te - st ##rath ##aus told the delegates at mac ##world that ipod already had a 65 % market share of all digital music players .,O B-BUSINESS-EXECUTIVE-MANAGER I-BUSINESS-EXECUTIVE-MANAGER I-BUSINESS-EXECUTIVE-MANAGER I-BUSINESS-EXECUTIVE-MANAGER I-BUSINESS-EXECUTIVE-MANAGER I-BUSINESS-EXECUTIVE-MANAGER I-BUSINESS-EXECUTIVE-MANAGER I-BUSINESS-EXECUTIVE-MANAGER O O O O O O O O O O O O O O O O O O O O O,NONE
"an entrepreneur from an early age , mr so ##ros served as a rear air gunner in the royal canadian air force during world war ii , afterwards setting up a drive - in restaurant .",O O O O O O O O B-BUSINESS-EXECUTIVE-MANAGER I-BUSINESS-EXECUTIVE-MANAGER O O O O O O O O O O O O O O O O O O O O O O O O O O,NONE
"and producer bo ##lz added : "" so long as godzilla can fa ##sc ##inate people , i believe he will be resurrected by new generations of filmmakers in the future . """,O O B-BUSINESS-EXECUTIVE-MANAGER I-BUSINESS-EXECUTIVE-MANAGER O O O O O O B-PUBLIC-FIGURE O O O O O O O O O O O O O O O O O O O O O O,NONE
"waters ##tone ' s fiction writer buyer e ##bber ##s said : "" it is great to see susan fletcher win in the first novel category .",O O O O O O O B-BUSINESS-EXECUTIVE-MANAGER I-BUSINESS-EXECUTIVE-MANAGER I-BUSINESS-EXECUTIVE-MANAGER O O O O O O O O B-AUTHOR-WRITER I-AUTHOR-WRITER O O O O O O O,writer
mae ##ve sherlock was head of the referees for the premier league and revealed all clubs were informed of free - kick options .,B-BUSINESS-EXECUTIVE-MANAGER I-BUSINESS-EXECUTIVE-MANAGER I-BUSINESS-EXECUTIVE-MANAGER O O O O O O O O O O O O O O O O O O O O O,NONE
mr e ##bber ##s said the planes will connect regional indian cities .,O B-BUSINESS-EXECUTIVE-MANAGER I-BUSINESS-EXECUTIVE-MANAGER I-BUSINESS-EXECUTIVE-MANAGER O O O O O O O O O,NONE
"although it has been widely predicted that mr je ##z san would be showcasing the new xbox , some media reports have cast doubt on what he would be talking about in the keynote .",O O O O O O O O B-BUSINESS-EXECUTIVE-MANAGER I-BUSINESS-EXECUTIVE-MANAGER I-BUSINESS-EXECUTIVE-MANAGER O O O O O O O O O O O O O O O O O O O O O O O O,NONE
"said an ##il am ##ban ##i , secretary general of the association of european airlines .",O B-BUSINESS-EXECUTIVE-MANAGER I-BUSINESS-EXECUTIVE-MANAGER I-BUSINESS-EXECUTIVE-MANAGER I-BUSINESS-EXECUTIVE-MANAGER I-BUSINESS-EXECUTIVE-MANAGER O O O O O O O O O O,NONE
"and producer peter mo ##lyn ##eux added : "" so long as godzilla can fa ##sc ##inate people , i believe he will be resurrected by new generations of filmmakers in the future . """,O O B-BUSINESS-EXECUTIVE-MANAGER I-BUSINESS-EXECUTIVE-MANAGER I-BUSINESS-EXECUTIVE-MANAGER I-BUSINESS-EXECUTIVE-MANAGER O O O O O O B-PUBLIC-FIGURE O O O O O O O O O O O O O O O O O O O O O O,NONE
mr mary o ' malley was the creative drive behind pop idol and its us offspring american idol .,O B-BUSINESS-EXECUTIVE-MANAGER I-BUSINESS-EXECUTIVE-MANAGER I-BUSINESS-EXECUTIVE-MANAGER I-BUSINESS-EXECUTIVE-MANAGER O O O O O O O O O O O O O O,NONE
ken ##yon quit ##s yu ##kos shares,B-BUSINESS-EXECUTIVE-MANAGER I-BUSINESS-EXECUTIVE-MANAGER O O O O O,NONE
mr park said video games firm had to work more closely with celebrities .,O B-BUSINESS-EXECUTIVE-MANAGER O O O O O O O O O O O O,NONE
reliance unit loses james clarke,O O O B-BUSINESS-EXECUTIVE-MANAGER I-BUSINESS-EXECUTIVE-MANAGER,NONE
mr k ##ho ##dor ##kovsky is on trial for fraud and conspiracy in relation to world ##com ' s collapse in 2002 .,O B-BUSINESS-EXECUTIVE-MANAGER I-BUSINESS-EXECUTIVE-MANAGER I-BUSINESS-EXECUTIVE-MANAGER I-BUSINESS-EXECUTIVE-MANAGER O O O O O O O O O O O O O O O O O O,NONE
mr peter mo ##lyn ##eux is on trial for fraud and conspiracy in relation to world ##com ' s collapse in 2002 .,O B-BUSINESS-EXECUTIVE-MANAGER I-BUSINESS-EXECUTIVE-MANAGER I-BUSINESS-EXECUTIVE-MANAGER I-BUSINESS-EXECUTIVE-MANAGER O O O O O O O O O O O O O O O O O O,NONE
"mr marion "" su ##ge "" knight said the planes will connect regional indian cities .",O B-BUSINESS-EXECUTIVE-MANAGER I-BUSINESS-EXECUTIVE-MANAGER I-BUSINESS-EXECUTIVE-MANAGER I-BUSINESS-EXECUTIVE-MANAGER I-BUSINESS-EXECUTIVE-MANAGER I-BUSINESS-EXECUTIVE-MANAGER O O O O O O O O O,NONE
the second pop idol - style search for literary talent has begun with the help of the brother of jim press .,O O O O O O O O O O O O O O O O O O O B-BUSINESS-EXECUTIVE-MANAGER I-BUSINESS-EXECUTIVE-MANAGER O,NONE
the move follows a decision earlier this month by mary o ' malley - the younger brother of reliance group president mu ##kes ##h am ##ban ##i - to resign from his post .,O O O O O O O O O B-BUSINESS-EXECUTIVE-MANAGER I-BUSINESS-EXECUTIVE-MANAGER I-BUSINESS-EXECUTIVE-MANAGER I-BUSINESS-EXECUTIVE-MANAGER O O O O O O O O B-BUSINESS-EXECUTIVE-MANAGER I-BUSINESS-EXECUTIVE-MANAGER I-BUSINESS-EXECUTIVE-MANAGER I-BUSINESS-EXECUTIVE-MANAGER I-BUSINESS-EXECUTIVE-MANAGER I-BUSINESS-EXECUTIVE-MANAGER O O O O O O O,NONE
"mr jerry br ##uck ##heimer , 39 , was jailed in october 1996 following his involvement in a fight with a rival gang just hours before rapper tu ##pac sha ##kur was killed in a las vegas drive - by shooting .",O B-BUSINESS-EXECUTIVE-MANAGER I-BUSINESS-EXECUTIVE-MANAGER I-BUSINESS-EXECUTIVE-MANAGER I-BUSINESS-EXECUTIVE-MANAGER O O O O O O O O O O O O O O O O O O O O O O B-MUSICIAN I-MUSICIAN I-MUSICIAN I-MUSICIAN O O O O O O O O O O O,NONE
"although it has been widely predicted that mr phillips would be showcasing the new xbox , some media reports have cast doubt on what he would be talking about in the keynote .",O O O O O O O O B-BUSINESS-EXECUTIVE-MANAGER O O O O O O O O O O O O O O O O O O O O O O O O,NONE
"mr simon cow ##ell , who had funded liberal opposition groups , was arrested in october last year on fraud and tax eva ##sion charges and is still in jail",O B-BUSINESS-EXECUTIVE-MANAGER I-BUSINESS-EXECUTIVE-MANAGER I-BUSINESS-EXECUTIVE-MANAGER O O O O O O O O O O O O O O O O O O O O O O O O O O,NONE
joel was head of the referees for the premier league and revealed all clubs were informed of free - kick options .,B-BUSINESS-EXECUTIVE-MANAGER O O O O O O O O O O O O O O O O O O O O O,NONE
"since 2002 , ms wilson has been managing director and chief executive of metro ##ja ##ya , one of the largest retail groups in malaysia .",O O O O B-BUSINESS-EXECUTIVE-MANAGER O O O O O O O O O O O O O O O O O O O O O,chief executive
glen wood ' aware ' of world ##com fraud,B-BUSINESS-EXECUTIVE-MANAGER I-BUSINESS-EXECUTIVE-MANAGER O O O O O O O,NONE
john patterson was head of the referees for the premier league and revealed all clubs were informed of free - kick options .,B-BUSINESS-EXECUTIVE-MANAGER I-BUSINESS-EXECUTIVE-MANAGER O O O O O O O O O O O O O O O O O O O O O,NONE
"chief executive phillips showed off the new machine at his annual mac ##world speech , in san francisco .",O O B-BUSINESS-EXECUTIVE-MANAGER O O O O O O O O O O O O O O O O,chief executive
mr mary o ' malley is said to be trying to arrange a meeting with brazil ' s president lu ##la da silva .,O B-BUSINESS-EXECUTIVE-MANAGER I-BUSINESS-EXECUTIVE-MANAGER I-BUSINESS-EXECUTIVE-MANAGER I-BUSINESS-EXECUTIVE-MANAGER O O O O O O O O O O O O O O B-POLITICIAN I-POLITICIAN I-POLITICIAN I-POLITICIAN O,NONE
the second pop idol - style search for literary talent has begun with the help of the brother of chris curry .,O O O O O O O O O O O O O O O O O O O B-BUSINESS-EXECUTIVE-MANAGER I-BUSINESS-EXECUTIVE-MANAGER O,NONE
"although it has been widely predicted that mr bo ##lz would be showcasing the new xbox , some media reports have cast doubt on what he would be talking about in the keynote .",O O O O O O O O B-BUSINESS-EXECUTIVE-MANAGER I-BUSINESS-EXECUTIVE-MANAGER O O O O O O O O O O O O O O O O O O O O O O O O,NONE
"the approach by the 76 - year - old owner of the tampa bay buccaneers american football team is reportedly being led by his two sons , chris curry and joel .",O O O O O O O O O O O O O O O O O O O O O O O O O O O B-BUSINESS-EXECUTIVE-MANAGER I-BUSINESS-EXECUTIVE-MANAGER O B-BUSINESS-EXECUTIVE-MANAGER O,NONE
"mr go ##pina ##th , once russia ' s richest man , is in prison , having been charged with fraud and tax eva ##sion and repeatedly denied bail .",O B-BUSINESS-EXECUTIVE-MANAGER I-BUSINESS-EXECUTIVE-MANAGER I-BUSINESS-EXECUTIVE-MANAGER O O O O O O O O O O O O O O O O O O O O O O O O O O,NONE
mr an ##il was the creative drive behind pop idol and its us offspring american idol .,O B-BUSINESS-EXECUTIVE-MANAGER I-BUSINESS-EXECUTIVE-MANAGER O O O O O O O O O O O O O O,NONE
"k ##ho ##dor ##kovsky , 45 , has stepped down as director and vice - chairman of indian pet ##ro ##chemical ##s corporation ( ip ##c ) .",B-BUSINESS-EXECUTIVE-MANAGER I-BUSINESS-EXECUTIVE-MANAGER I-BUSINESS-EXECUTIVE-MANAGER I-BUSINESS-EXECUTIVE-MANAGER O O O O O O O O O O O O O O O O O O O O O O O O,chairman
"earlier , mr john patterson had said that president lu ##iz ina ##cio lu ##la da silva has decided to step in and a decree of some kind of intervention could be signed this week .",O O O B-BUSINESS-EXECUTIVE-MANAGER I-BUSINESS-EXECUTIVE-MANAGER O O O O B-POLITICIAN I-POLITICIAN I-POLITICIAN I-POLITICIAN I-POLITICIAN I-POLITICIAN I-POLITICIAN I-POLITICIAN O O O O O O O O O O O O O O O O O O O,NONE
"mr park is in jail , and on trial for fraud and tax eva ##sion .",O B-BUSINESS-EXECUTIVE-MANAGER O O O O O O O O O O O O O O,NONE
"since 2002 , ms peter mo ##lyn ##eux has been managing director and chief executive of metro ##ja ##ya , one of the largest retail groups in malaysia .",O O O O B-BUSINESS-EXECUTIVE-MANAGER I-BUSINESS-EXECUTIVE-MANAGER I-BUSINESS-EXECUTIVE-MANAGER I-BUSINESS-EXECUTIVE-MANAGER O O O O O O O O O O O O O O O O O O O O O,chief executive
"said an ##il , secretary general of the association of european airlines .",O B-BUSINESS-EXECUTIVE-MANAGER I-BUSINESS-EXECUTIVE-MANAGER O O O O O O O O O O,NONE
"and responding to criticism from bbc sport pun ##dit and former liverpool st ##al ##wart alan hansen , he insisted talks on new investment are ongoing , but added the door has not closed on shareholder and lifelong fan mu ##kes ##h am ##ban ##i .",O O O O O O O O O O O O O O O B-ATHLETE I-ATHLETE O O O O O O O O O O O O O O O O O O O O O O B-BUSINESS-EXECUTIVE-MANAGER I-BUSINESS-EXECUTIVE-MANAGER I-BUSINESS-EXECUTIVE-MANAGER I-BUSINESS-EXECUTIVE-MANAGER I-BUSINESS-EXECUTIVE-MANAGER I-BUSINESS-EXECUTIVE-MANAGER O,pundit
browne ' aware ' of world ##com fraud,B-BUSINESS-EXECUTIVE-MANAGER O O O O O O O,NONE
rap boss arrested over drug find rap mo ##gul an ##il am ##ban ##i has been arrested for violating his parole after he was allegedly found with marijuana .,O O O O O O O O O B-BUSINESS-EXECUTIVE-MANAGER I-BUSINESS-EXECUTIVE-MANAGER I-BUSINESS-EXECUTIVE-MANAGER I-BUSINESS-EXECUTIVE-MANAGER I-BUSINESS-EXECUTIVE-MANAGER O O O O O O O O O O O O O O O,NONE
"mr tan , founder of death row records , served a 10 - month jail term in 2004 for punching a man while on parole for an assault conviction .",O B-BUSINESS-EXECUTIVE-MANAGER O O O O O O O O O O O O O O O O O O O O O O O O O O O O,founder
prince wilson ' s hotel investments include the luxury george v in paris .,O B-BUSINESS-EXECUTIVE-MANAGER O O O O O O O O O O O O,NONE
"and responding to criticism from bbc sport pun ##dit and former liverpool st ##al ##wart alan hansen , he insisted talks on new investment are ongoing , but added the door has not closed on shareholder and lifelong fan phillips .",O O O O O O O O O O O O O O O B-ATHLETE I-ATHLETE O O O O O O O O O O O O O O O O O O O O O O B-BUSINESS-EXECUTIVE-MANAGER O,pundit
mr go ##pina ##th is said to be trying to arrange a meeting with brazil ' s president lu ##la da silva .,O B-BUSINESS-EXECUTIVE-MANAGER I-BUSINESS-EXECUTIVE-MANAGER I-BUSINESS-EXECUTIVE-MANAGER O O O O O O O O O O O O O O B-POLITICIAN I-POLITICIAN I-POLITICIAN I-POLITICIAN O,NONE
"having already donated billions of dollars to the fight against aids and malaria , mr jim press will call on world leaders to support a global va ##cci ##nation campaign to protect children in developing countries from easily prevent ##able diseases .",O O O O O O O O O O O O O O O B-BUSINESS-EXECUTIVE-MANAGER I-BUSINESS-EXECUTIVE-MANAGER O O O O O O O O O O O O O O O O O O O O O O O O O,NONE
"jobs , vice president of deutsche securities japan , asks ; "" who ' s going to fund the pension fund for the next generation and indeed who are going to be the new japanese worker ?",B-BUSINESS-EXECUTIVE-MANAGER O O O O O O O O O O O O O O O O O O O O O O O O O O O O O O O O O O O O,vice president
"joel , the founder of the theatre , gave me my future .",B-BUSINESS-EXECUTIVE-MANAGER O O O O O O O O O O O O,founder
"waters ##tone ' s fiction writer buyer bill gates said : "" it is great to see susan fletcher win in the first novel category .",O O O O O O O B-BUSINESS-EXECUTIVE-MANAGER I-BUSINESS-EXECUTIVE-MANAGER O O O O O O O O B-AUTHOR-WRITER I-AUTHOR-WRITER O O O O O O O,writer
"and producer su ##zie door ##e added : "" so long as godzilla can fa ##sc ##inate people , i believe he will be resurrected by new generations of filmmakers in the future . """,O O B-BUSINESS-EXECUTIVE-MANAGER I-BUSINESS-EXECUTIVE-MANAGER I-BUSINESS-EXECUTIVE-MANAGER I-BUSINESS-EXECUTIVE-MANAGER O O O O O O B-PUBLIC-FIGURE O O O O O O O O O O O O O O O O O O O O O O,NONE
mr e ##bber ##s has been a pivotal figure in the computer games industry for almost 20 years .,O B-BUSINESS-EXECUTIVE-MANAGER I-BUSINESS-EXECUTIVE-MANAGER I-BUSINESS-EXECUTIVE-MANAGER O O O O O O O O O O O O O O O,NONE
"chief executive av ##i showed off the new machine at his annual mac ##world speech , in san francisco .",O O B-BUSINESS-EXECUTIVE-MANAGER I-BUSINESS-EXECUTIVE-MANAGER O O O O O O O O O O O O O O O O,chief executive
"bill gates , the founder of the theatre , gave me my future .",B-BUSINESS-EXECUTIVE-MANAGER I-BUSINESS-EXECUTIVE-MANAGER O O O O O O O O O O O O,founder
mr ho ##li ##ff has been a pivotal figure in the computer games industry for almost 20 years .,O B-BUSINESS-EXECUTIVE-MANAGER I-BUSINESS-EXECUTIVE-MANAGER I-BUSINESS-EXECUTIVE-MANAGER O O O O O O O O O O O O O O O,NONE
"chief executive je ##z san showed off the new machine at his annual mac ##world speech , in san francisco .",O O B-BUSINESS-EXECUTIVE-MANAGER I-BUSINESS-EXECUTIVE-MANAGER I-BUSINESS-EXECUTIVE-MANAGER O O O O O O O O O O O O O O O O,chief executive
"love is simply singing a certain type of music that can be considered urban in style , just as someone from an inner city , and indeed not from the usa could sing country music .",B-MUSICIAN O O O O O O O O O O O O O O O O O O O O O O O O O O O O O O O O O O O,NONE
"ferguson became involved after two friends , donna small and asha jam ##a , were shot in his bristol hometown in october .",B-MUSICIAN O O O O O O B-PUBLIC-FIGURE I-PUBLIC-FIGURE O B-PUBLIC-FIGURE I-PUBLIC-FIGURE I-PUBLIC-FIGURE O O O O O O O O O O,NONE
french - canadian pop star fat ##boy slim was named best franco ##phone male artist .,O O O O O B-MUSICIAN I-MUSICIAN I-MUSICIAN O O O O O O O O,NONE
the show used nick mccarthy photos last week .,O O O B-MUSICIAN I-MUSICIAN O O O O,NONE
"one of the first songs he wrote for other artists was wo ##lver ##ton mountain , which sold 10 million copies when recorded by stefan ##i .",O O O O O O O O O O O O O O O O O O O O O O O O B-MUSICIAN I-MUSICIAN O,NONE
"natasha bed ##ing ##field , in characteristic ##ally blunt style , promised that the commission would not just be a talking shop but would deliver radical new thinking to change direction for africa .",B-MUSICIAN I-MUSICIAN I-MUSICIAN I-MUSICIAN O O O O O O O O O O O O O O O O O O O O O O O O O O O O O O,NONE
rapper stefan ##i ends protege feud,O B-MUSICIAN I-MUSICIAN O O O,NONE
"the birmingham - born singer , full name hank williams jr , was signed to a record label at the age of 15 and released her first single so high at 18 .",O O O O O O O O B-MUSICIAN I-MUSICIAN I-MUSICIAN O O O O O O O O O O O O O O O O O O O O O O,NONE
senegal ##ese musician butler has been named a winner of a bbc radio 3 world music award .,O O O B-MUSICIAN O O O O O O O O O O O O O O,NONE
and on 26 november singer aa ##li ##yah quit as a contestant after he had a blazing row with janet street - porter .,O O O O O B-MUSICIAN I-MUSICIAN I-MUSICIAN O O O O O O O O O O O B-AUTHOR-WRITER I-AUTHOR-WRITER I-AUTHOR-WRITER I-AUTHOR-WRITER O,NONE
church urges knight show boycott,O O B-MUSICIAN O O,NONE
"black eyed peas singer co ##bain was dressed in a tight orange top and purple hot ##pants , but nothing in her performance was likely to upset tv watch ##dog ##s .",O O O O B-MUSICIAN I-MUSICIAN O O O O O O O O O O O O O O O O O O O O O O O O O O,NONE
"special guest , singer sha ##kur , joined her on - stage to promote her own range of hp digital cameras which ms stefan ##i has helped design and which are heavily influenced by japanese youth culture .",O O O O B-MUSICIAN I-MUSICIAN O O O O O O O O O O O O O O O O O B-MUSICIAN I-MUSICIAN O O O O O O O O O O O O O,NONE
johnny cash to host arts festival,B-MUSICIAN I-MUSICIAN O O O O,NONE
"i ' ve nothing against knight , i actually like his music , but how can this possibly be the best song from the last 25 ##year ?",O O O O O B-MUSICIAN O O O O O O O O O O O O O O O O O O O O O O,NONE
diego el ci ##gal ##a to open us super bowl,B-MUSICIAN I-MUSICIAN I-MUSICIAN I-MUSICIAN I-MUSICIAN O O O O O,NONE
"people such as mat ##isse and britney became like uncles to her , the latter put in charge of her musical education .",O O O B-PUBLIC-FIGURE I-PUBLIC-FIGURE O B-MUSICIAN O O O O O O O O O O O O O O O O,NONE
"but they missed out on best british live act , which went to jam ##elia .",O O O O O O O O O O O O O B-MUSICIAN I-MUSICIAN O,NONE
"but they missed out on best british live act , which went to kevin fed ##er ##line .",O O O O O O O O O O O O O B-MUSICIAN I-MUSICIAN I-MUSICIAN I-MUSICIAN O,NONE
phil collins to host arts festival,B-MUSICIAN I-MUSICIAN O O O O,NONE
"maya , the 17 - year - old soul singer from devon , was a new entry in the young music millionaire ##s list .",B-MUSICIAN O O O O O O O O O O O O O O O O O O O O O O O O,NONE
singers including sir cliff richard and the li ##bert ##ines are recording a charity single to help raise funds for victims of the asian tsunami .,O O O B-MUSICIAN I-MUSICIAN O B-MUSICIAN I-MUSICIAN I-MUSICIAN I-MUSICIAN O O O O O O O O O O O O O O O O,NONE
singer calvin broad ##us has said that a new film about his life is the start of a retirement from public view .,O B-MUSICIAN I-MUSICIAN I-MUSICIAN O O O O O O O O O O O O O O O O O O O,NONE
"damien rice , whose new forms album won the 1997 mercury music prize , said gun use was "" nothing to be g ##lam ##oris ##ed "" .",B-MUSICIAN I-MUSICIAN O O O O O O O O O O O O O O O O O O O O O O O O O O,NONE
"on monday patti smith faced blackmail and robbery charges in court , which he denies .",O O B-MUSICIAN I-MUSICIAN O O O O O O O O O O O O,NONE
cliff richard wins music prize,B-MUSICIAN I-MUSICIAN O O O,NONE
sir elton has also teamed up with phil collins to record a version of prodigy ' s 1991 hit tears in heaven to raise money for the relief fund .,O B-MUSICIAN O O O O O B-MUSICIAN I-MUSICIAN O O O O O B-MUSICIAN O O O O O O O O O O O O O O O,NONE
butler had completed a music video when the plane crashed in the bahamas .,B-MUSICIAN O O O O O O O O O O O O O,NONE
"but the artists - been ##ie man , si ##zz ##la , v ##y ##b ##z ka ##rte ##l , bu ##ju ban ##ton , bounty killer , to ##k , cap ##leton and v ##y ##b ##z ka ##rte ##l - will not have to ap ##olo ##gis ##e for past songs or comments .",O O O O B-MUSICIAN I-MUSICIAN I-MUSICIAN O B-MUSICIAN I-MUSICIAN I-MUSICIAN O B-MUSICIAN I-MUSICIAN I-MUSICIAN I-MUSICIAN I-MUSICIAN I-MUSICIAN I-MUSICIAN O B-MUSICIAN I-MUSICIAN I-MUSICIAN I-MUSICIAN O B-MUSICIAN I-MUSICIAN O B-MUSICIAN I-MUSICIAN O B-MUSICIAN I-MUSICIAN O B-MUSICIAN I-MUSICIAN I-MUSICIAN I-MUSICIAN I-MUSICIAN I-MUSICIAN I-MUSICIAN O O O O O O O O O O O O O O O,NONE
"happy mondays - kin ##ky afro , mca ##lm ##ont & britney spears - yes , joy division - love will tear us apart . . .",O O O O O O O O O O O B-MUSICIAN I-MUSICIAN O O O O O O O O O O O O O O,NONE
"special guest , singer gwen fe ##rg ##ie , joined her on - stage to promote her own range of hp digital cameras which ms fe ##rg ##ie has helped design and which are heavily influenced by japanese youth culture .",O O O O O B-MUSICIAN I-MUSICIAN I-MUSICIAN O O O O O O O O O O O O O O O O O B-MUSICIAN I-MUSICIAN I-MUSICIAN O O O O O O O O O O O O O,NONE
"one of the first songs he wrote for other artists was wo ##lver ##ton mountain , which sold 10 million copies when recorded by keane .",O O O O O O O O O O O O O O O O O O O O O O O O B-MUSICIAN O,NONE
a member of george fr ##ider ##ic handel ' s entourage was reportedly shot outside a radio station where 50 cent was being interviewed .,O O O B-MUSICIAN I-MUSICIAN I-MUSICIAN I-MUSICIAN I-MUSICIAN O O O O O O O O O O O B-MUSICIAN I-MUSICIAN O O O O,NONE
"i love elton john to bits and don ' t care what her branding is - it ' s amazing music , full stop .",O O B-MUSICIAN I-MUSICIAN O O O O O O O O O O O O O O O O O O O O O,NONE
"roc ##h vo ##isi ##ne was singer with early 1970s rocker ##s free , who had a global hit with all right now , before forming bad company , a successful "" super ##group "" with members of king crimson and mo ##tt the hoop ##le .",B-MUSICIAN I-MUSICIAN I-MUSICIAN I-MUSICIAN I-MUSICIAN O O O O O O O O O O O O O O O O O O O O O O O O O O O O O O O O O O O O O O O O O O,NONE
stories about the state of her marriage to newton and rumours about a pregnancy have recently appeared .,O O O O O O O O B-MUSICIAN O O O O O O O O O,NONE
"he wrote ring of fire with keane , the future wife of johnny cash who went on to score his most popular hit with the track .",O O O O O O B-MUSICIAN O O O O O B-MUSICIAN I-MUSICIAN O O O O O O O O O O O O O,NONE
"special guest , singer 50 cent , joined her on - stage to promote her own range of hp digital cameras which ms stefan ##i has helped design and which are heavily influenced by japanese youth culture .",O O O O B-MUSICIAN I-MUSICIAN O O O O O O O O O O O O O O O O O B-MUSICIAN I-MUSICIAN O O O O O O O O O O O O O,NONE
"last may , r & b star jam ##elia davis scored a chart first , with three concurrent singles in the us top 10 , a feat which was previously matched only by the bee gee ##s and the beatles .",O O O O O O O B-MUSICIAN I-MUSICIAN I-MUSICIAN O O O O O O O O O O O O O O O O O O O O O O O B-MUSICIAN I-MUSICIAN I-MUSICIAN I-MUSICIAN O B-MUSICIAN I-MUSICIAN O,NONE
"singer alex ka ##pr ##ano ##s was studying english at university but had friends at art school , and the line - up was completed when guitarist keane moved from munich , germany , to the city .",O B-MUSICIAN I-MUSICIAN I-MUSICIAN I-MUSICIAN I-MUSICIAN O O O O O O O O O O O O O O O O O O O O O B-MUSICIAN O O O O O O O O O O,NONE
"snoop dogg announced he has launched the g - unity foundation "" to help people overcome obstacles and make a chance for the better in their lives "" .",B-MUSICIAN I-MUSICIAN O O O O O O O O O O O O O O O O O O O O O O O O O O O,NONE
john l ##yd ##on to open us super bowl,B-MUSICIAN I-MUSICIAN I-MUSICIAN I-MUSICIAN O O O O O,NONE
"singer snoop dogg was studying english at university but had friends at art school , and the line - up was completed when guitarist nick mccarthy moved from munich , germany , to the city .",O B-MUSICIAN I-MUSICIAN O O O O O O O O O O O O O O O O O O O O O B-MUSICIAN I-MUSICIAN O O O O O O O O O O,NONE
ron ##i size joins fairy ##tale celebration,B-MUSICIAN I-MUSICIAN I-MUSICIAN O O O O,NONE
senegal ##ese musician damien rice has been named a winner of a bbc radio 3 world music award .,O O O B-MUSICIAN I-MUSICIAN O O O O O O O O O O O O O O,NONE
and on 26 november singer casey quit as a contestant after he had a blazing row with janet street - porter .,O O O O O B-MUSICIAN O O O O O O O O O O O B-AUTHOR-WRITER I-AUTHOR-WRITER I-AUTHOR-WRITER I-AUTHOR-WRITER O,NONE
singers including sir cliff richard and the beatles are recording a charity single to help raise funds for victims of the asian tsunami .,O O O B-MUSICIAN I-MUSICIAN O B-MUSICIAN I-MUSICIAN O O O O O O O O O O O O O O O O,NONE
a man was shot in the thigh outside new york ' s hot 97 studios while nick mccarthy was on air .,O O O O O O O O O O O O O O O O B-MUSICIAN I-MUSICIAN O O O O,NONE
newcomer st ##ra ##vinsky ' s four nominations include best female r & b - soul album and best r & b - soul or rap by a new artist .,O B-MUSICIAN I-MUSICIAN I-MUSICIAN O O O O O O O O O O O O O O O O O O O O O O O O O O O,NONE
a man was shot in the thigh outside new york ' s hot 97 studios while the beatles was on air .,O O O O O O O O O O O O O O O O B-MUSICIAN I-MUSICIAN O O O O,NONE
the show used june carter cash photos last week .,O O O B-MUSICIAN I-MUSICIAN I-MUSICIAN O O O O,NONE
singer ferguson ' facing ev ##iction ' three degrees star edwards is the favourite to be evicted from itv ' s i ' m a celebrity . . . get me out of here on monday .,O B-MUSICIAN O O O O O O O O B-MUSICIAN O O O O O O O O O O O O O O O O O O O O O O O O O O,NONE
french - canadian pop star newton was named best franco ##phone male artist .,O O O O O B-MUSICIAN O O O O O O O O,NONE
casey wins music prize,B-MUSICIAN O O O,NONE
"britney attacks ' false tabloid ##s ' pop star butler has attacked "" false "" and "" desperate "" us tabloid magazines , questioning their honesty after they reported she was pregnant .",B-MUSICIAN O O O O O O O O B-MUSICIAN O O O O O O O O O O O O O O O O O O O O O O O,NONE
"other celebrities to walk out of a reality show tv include sex pistol stefan ##i , former eastenders actress dan ##nie ##lla west ##brook and ex - e ##17 singer brian harvey who all left i ' m a celebrity . . . get me out of here .",O O O O O O O O O O O O O B-MUSICIAN I-MUSICIAN O O O O B-ACTOR-DIRECTOR I-ACTOR-DIRECTOR I-ACTOR-DIRECTOR I-ACTOR-DIRECTOR I-ACTOR-DIRECTOR O O O O O O B-MUSICIAN I-MUSICIAN O O O O O O O O O O O O O O O O O,NONE
he was driving jo ##ss stone ' s car at the time and was shot in the head .,O O O B-MUSICIAN I-MUSICIAN I-MUSICIAN O O O O O O O O O O O O O,NONE
"dr dr ##e was singer with early 1970s rocker ##s free , who had a global hit with all right now , before forming bad company , a successful "" super ##group "" with members of king crimson and mo ##tt the hoop ##le .",B-MUSICIAN I-MUSICIAN I-MUSICIAN O O O O O O O O O O O O O O O O O O O O O O O O O O O O O O O O O O O O O O O O O O,NONE
"indie rock group muse consists of matthew bellamy , chris wo ##ls ##ten ##holm ##e and larry mu ##llen jr who met in their early teens in te ##ign ##mouth , south devon .",O O O O O O B-MUSICIAN I-MUSICIAN O B-MUSICIAN I-MUSICIAN I-MUSICIAN I-MUSICIAN I-MUSICIAN I-MUSICIAN O B-MUSICIAN I-MUSICIAN I-MUSICIAN I-MUSICIAN O O O O O O O O O O O O O O,NONE
singers including sir jam ##elia and boy george are recording a charity single to help raise funds for victims of the asian tsunami .,O O O B-MUSICIAN I-MUSICIAN O B-MUSICIAN I-MUSICIAN O O O O O O O O O O O O O O O O,NONE
""" we are confident that in this case , [ the alleged victim ' s ] claims against con ##ti will be rejected . """,O O O O O O O O O O O O O O O O O O B-MUSICIAN I-MUSICIAN O O O O O,NONE
"other music stars being approached include robin and barry gi ##bb of the bee gee ##s , jazz sensation jamie cu ##llum , michael jackson and olivia newton - john .",O O O O O O O O B-MUSICIAN I-MUSICIAN I-MUSICIAN O O O O O O O O B-MUSICIAN I-MUSICIAN I-MUSICIAN O B-MUSICIAN I-MUSICIAN O B-MUSICIAN I-MUSICIAN I-MUSICIAN I-MUSICIAN O,NONE
mr the bee gee ##s denies child mole ##station .,O B-MUSICIAN I-MUSICIAN I-MUSICIAN I-MUSICIAN O O O O O,NONE
"the boys choir of harlem got a che ##que for $ 150 , 000 ( £ ##7 ##7 , 800 ) from hendrix , while the game handed over $ 103 , 500 ( £5 ##3 , 400 ) .",O O O O O O O O O O O O O O O O O O O O O O B-MUSICIAN O O B-MUSICIAN I-MUSICIAN O O O O O O O O O O O O O,NONE
"his name became linked with the charles manson murders , which saw the deaths of actress sharon tate and four of her friends at a home which cliff richard once rented .",O O O O O O B-PUBLIC-FIGURE I-PUBLIC-FIGURE O O O O O O O O B-ACTOR-DIRECTOR I-ACTOR-DIRECTOR O O O O O O O O O B-MUSICIAN I-MUSICIAN O O O,NONE
his name is kristin king and manuel mill ##an says that he is the hip - hop leader in spain .,O O O B-MUSICIAN I-MUSICIAN O B-PUBLIC-FIGURE I-PUBLIC-FIGURE I-PUBLIC-FIGURE O O O O O O O O O O O O,NONE
"motor ##head , judas priest and prodigy are included along with newer acts like be ##bo val ##des and lost ##pro ##ph ##ets .",B-MUSICIAN I-MUSICIAN O B-MUSICIAN I-MUSICIAN O B-MUSICIAN O O O O O O O B-MUSICIAN I-MUSICIAN I-MUSICIAN I-MUSICIAN O B-MUSICIAN I-MUSICIAN I-MUSICIAN I-MUSICIAN O,NONE
sir elton has also teamed up with alex ka ##pr ##ano ##s to record a version of eric clapton ' s 1991 hit tears in heaven to raise money for the relief fund .,O B-MUSICIAN O O O O O B-MUSICIAN I-MUSICIAN I-MUSICIAN I-MUSICIAN I-MUSICIAN O O O O O B-MUSICIAN I-MUSICIAN O O O O O O O O O O O O O O O,NONE
size misses bail deadline,B-MUSICIAN O O O,NONE
"motor ##head , newton and prodigy are included along with newer acts like the darkness and lost ##pro ##ph ##ets .",B-MUSICIAN I-MUSICIAN O B-MUSICIAN O B-MUSICIAN O O O O O O O B-MUSICIAN I-MUSICIAN O B-MUSICIAN I-MUSICIAN I-MUSICIAN I-MUSICIAN O,NONE
"ron ##i size , in characteristic ##ally blunt style , promised that the commission would not just be a talking shop but would deliver radical new thinking to change direction for africa .",B-MUSICIAN I-MUSICIAN I-MUSICIAN O O O O O O O O O O O O O O O O O O O O O O O O O O O O O O,NONE
singers including sir cliff richard and tu ##pac sha ##kur are recording a charity single to help raise funds for victims of the asian tsunami .,O O O B-MUSICIAN I-MUSICIAN O B-MUSICIAN I-MUSICIAN I-MUSICIAN I-MUSICIAN O O O O O O O O O O O O O O O O,NONE
"the only real challenger was ray charles but hey , another one bites the dust ! !",O O O O O B-MUSICIAN I-MUSICIAN O O O O O O O O O O,NONE
"last year , the bee gee ##s exposed a breast during a dance routine , causing outrage among millions of tv viewers and landing the cbs tv network a fine .",O O O B-MUSICIAN I-MUSICIAN I-MUSICIAN I-MUSICIAN O O O O O O O O O O O O O O O O O O O O O O O O,NONE
"si ##zz ##la , whose real name is jay - z , has released 25 albums since 1995 and is credited with taking dance ##hall music back to its reggae origins .",B-MUSICIAN I-MUSICIAN I-MUSICIAN O O O O O B-MUSICIAN I-MUSICIAN I-MUSICIAN O O O O O O O O O O O O O O O O O O O O O,NONE
"there are details of foreign nationals made british citizens by act of parliament , including composer tu ##pac sha ##kur in 1727 .",O O O O O O O O O O O O O O O O B-MUSICIAN I-MUSICIAN I-MUSICIAN I-MUSICIAN O O O,NONE
he was driving diego el ci ##gal ##a ' s car at the time and was shot in the head .,O O O B-MUSICIAN I-MUSICIAN I-MUSICIAN I-MUSICIAN I-MUSICIAN O O O O O O O O O O O O O,NONE
' my memories of the darkness . . . ',O O O O B-MUSICIAN I-MUSICIAN O O O O,NONE
"singer bob gel ##do ##f said he felt "" great "" about coming top of the sound of 2005 list .",O B-MUSICIAN I-MUSICIAN I-MUSICIAN I-MUSICIAN O O O O O O O O O O O O O O O O,NONE
"musician alex ka ##pr ##ano ##s , 23 , also of north london , appeared in court accused of the same offences .",O B-MUSICIAN I-MUSICIAN I-MUSICIAN I-MUSICIAN I-MUSICIAN O O O O O O O O O O O O O O O O O,NONE
his name is lil ' kim and manuel mill ##an says that he is the hip - hop leader in spain .,O O O B-MUSICIAN I-MUSICIAN I-MUSICIAN O B-PUBLIC-FIGURE I-PUBLIC-FIGURE I-PUBLIC-FIGURE O O O O O O O O O O O O,NONE
and on 26 november singer george michael quit as a contestant after he had a blazing row with janet street - porter .,O O O O O B-MUSICIAN I-MUSICIAN O O O O O O O O O O O B-AUTHOR-WRITER I-AUTHOR-WRITER I-AUTHOR-WRITER I-AUTHOR-WRITER O,NONE
"elvis ' s daughter lisa marie retains possession of grace ##land and many of her father ' s "" personal effects "" .",B-MUSICIAN O O O B-PUBLIC-FIGURE I-PUBLIC-FIGURE O O O O O O O O O O O O O O O O O,NONE
"his name became linked with the charles manson murders , which saw the deaths of actress sharon tate and four of her friends at a home which aa ##li ##yah once rented .",O O O O O O B-PUBLIC-FIGURE I-PUBLIC-FIGURE O O O O O O O O B-ACTOR-DIRECTOR I-ACTOR-DIRECTOR O O O O O O O O O B-MUSICIAN I-MUSICIAN I-MUSICIAN O O O,NONE
"r & b star beyonce knowles said she sang on an anti - gun single after being "" haunted "" by the fatal 2003 shooting of two teenage girls in birmingham .",O O O O B-MUSICIAN I-MUSICIAN O O O O O O O O O O O O O O O O O O O O O O O O O O,NONE
elton john plays paris charity concert,B-MUSICIAN I-MUSICIAN O O O O,NONE
"edwards , whose new forms album won the 1997 mercury music prize , said gun use was "" nothing to be g ##lam ##oris ##ed "" .",B-MUSICIAN O O O O O O O O O O O O O O O O O O O O O O O O O O,NONE
"on monday aa ##li ##yah faced blackmail and robbery charges in court , which he denies .",O O B-MUSICIAN I-MUSICIAN I-MUSICIAN O O O O O O O O O O O O,NONE
last week grammy producers announced the show will be hosted by rap star and chicago actress presley .,O O O O O O O O O O O O O O O O B-MUSICIAN O,NONE
"muse , in characteristic ##ally blunt style , promised that the commission would not just be a talking shop but would deliver radical new thinking to change direction for africa .",B-MUSICIAN O O O O O O O O O O O O O O O O O O O O O O O O O O O O O O,NONE
""" there will never be another musician who did as much to break down the perceived walls of musical genres as much as newton did , "" he said .",O O O O O O O O O O O O O O O O O O O O O O O B-MUSICIAN O O O O O O,NONE
"black eyed peas singer noel gallagher was dressed in a tight orange top and purple hot ##pants , but nothing in her performance was likely to upset tv watch ##dog ##s .",O O O O B-MUSICIAN I-MUSICIAN O O O O O O O O O O O O O O O O O O O O O O O O O O,NONE
"alex ka ##pr ##ano ##s was singer with early 1970s rocker ##s free , who had a global hit with all right now , before forming bad company , a successful "" super ##group "" with members of king crimson and mo ##tt the hoop ##le .",B-MUSICIAN I-MUSICIAN I-MUSICIAN I-MUSICIAN I-MUSICIAN O O O O O O O O O O O O O O O O O O O O O O O O O O O O O O O O O O O O O O O O O O,NONE
a member of the game ' s entourage was reportedly shot outside a radio station where size was being interviewed .,O O O B-MUSICIAN I-MUSICIAN O O O O O O O O O O O B-MUSICIAN O O O O,NONE
"drummer co ##bain echoed those sentiments : "" we ' re very competitive - we want to be on the radio , have big singles .",O B-MUSICIAN I-MUSICIAN O O O O O O O O O O O O O O O O O O O O O O O,NONE
"he was also a talented jazz composer , arranger and band leader , playing at the newport jazz festival and carnegie hall and recording with noted jazz musicians such as mil ##t jackson and fe ##rg ##ie .",O O O O O O O O O O O O O O O O O O O O O O O O O O O O O O B-MUSICIAN I-MUSICIAN I-MUSICIAN O B-MUSICIAN I-MUSICIAN I-MUSICIAN O,NONE
"last year , june carter cash exposed a breast during a dance routine , causing outrage among millions of tv viewers and landing the cbs tv network a fine .",O O O B-MUSICIAN I-MUSICIAN I-MUSICIAN O O O O O O O O O O O O O O O O O O O O O O O O,NONE
"there are details of foreign nationals made british citizens by act of parliament , including composer ronan keating in 1727 .",O O O O O O O O O O O O O O O O B-MUSICIAN I-MUSICIAN O O O,NONE
french - canadian pop star cliff richard was named best franco ##phone male artist .,O O O O O B-MUSICIAN I-MUSICIAN O O O O O O O O,NONE
jam ##elia misses bail deadline,B-MUSICIAN I-MUSICIAN O O O,NONE
former boy ##zone singer travis may also take part if a studio can be found close to where he is holiday ##ing in switzerland .,O O O O B-MUSICIAN O O O O O O O O O O O O O O O O O O O O,NONE
his name is beverley knight and manuel mill ##an says that he is the hip - hop leader in spain .,O O O B-MUSICIAN I-MUSICIAN O B-PUBLIC-FIGURE I-PUBLIC-FIGURE I-PUBLIC-FIGURE O O O O O O O O O O O O,NONE
"britney attacks ' false tabloid ##s ' pop star miguel collins has attacked "" false "" and "" desperate "" us tabloid magazines , questioning their honesty after they reported she was pregnant .",B-MUSICIAN O O O O O O O O B-MUSICIAN I-MUSICIAN O O O O O O O O O O O O O O O O O O O O O O O,NONE
"last may , r & b star ferguson scored a chart first , with three concurrent singles in the us top 10 , a feat which was previously matched only by the bee gee ##s and the beatles .",O O O O O O O B-MUSICIAN O O O O O O O O O O O O O O O O O O O O O O O B-MUSICIAN I-MUSICIAN I-MUSICIAN I-MUSICIAN O B-MUSICIAN I-MUSICIAN O,NONE
"in 2002 , ag ##uil ##era won best pop collaboration for the hit track lady mar ##mal ##ade with lil ' kim , noel gallagher and pink , and last year she picked up the award for best female pop vocal performance for beautiful .",O O O B-MUSICIAN I-MUSICIAN I-MUSICIAN O O O O O O O O O O O O O B-MUSICIAN I-MUSICIAN I-MUSICIAN O B-MUSICIAN I-MUSICIAN O B-MUSICIAN O O O O O O O O O O O O O O O O O O,NONE
"the boys choir of harlem got a che ##que for $ 150 , 000 ( £ ##7 ##7 , 800 ) from cia ##ra , while the game handed over $ 103 , 500 ( £5 ##3 , 400 ) .",O O O O O O O O O O O O O O O O O O O O O O B-MUSICIAN I-MUSICIAN O O B-MUSICIAN I-MUSICIAN O O O O O O O O O O O O O,NONE
"last year ' s edwards ' wardrobe mal ##fu ##nction ' encouraged the fcc to impose tough ##er rules , but the us congress ad ##jou ##rned last year without agreeing on a new level of fines .",O O O O B-MUSICIAN O O O O O O O O O O O O O O O O O O O O O O O O O O O O O O O O O,NONE
"dj norman cook - aka si ##zz ##la - has said that dance music is not dead , but has admitted it is currently going through a "" fall ##ow patch "" .",O B-MUSICIAN I-MUSICIAN O O B-MUSICIAN I-MUSICIAN I-MUSICIAN O O O O O O O O O O O O O O O O O O O O O O O O O,NONE
"drummer doherty echoed those sentiments : "" we ' re very competitive - we want to be on the radio , have big singles .",O B-MUSICIAN O O O O O O O O O O O O O O O O O O O O O O O,NONE
"alicia keys ' s daughter lisa marie retains possession of grace ##land and many of her father ' s "" personal effects "" .",B-MUSICIAN I-MUSICIAN O O O B-PUBLIC-FIGURE I-PUBLIC-FIGURE O O O O O O O O O O O O O O O O O,NONE
singer snoop dogg has said that a new film about his life is the start of a retirement from public view .,O B-MUSICIAN I-MUSICIAN O O O O O O O O O O O O O O O O O O O,NONE
"boy george was singer with early 1970s rocker ##s free , who had a global hit with all right now , before forming bad company , a successful "" super ##group "" with members of king crimson and mo ##tt the hoop ##le .",B-MUSICIAN I-MUSICIAN O O O O O O O O O O O O O O O O O O O O O O O O O O O O O O O O O O O O O O O O O O,NONE
robin gi ##bb and drum ' n ' bass star ron ##i size have released no more in a bid to reduce gun use among young people .,B-MUSICIAN I-MUSICIAN I-MUSICIAN O O O O O O O B-MUSICIAN I-MUSICIAN I-MUSICIAN O O O O O O O O O O O O O O O,NONE
"other celebrities to walk out of a reality show tv include sex pistol john l ##yd ##on , former eastenders actress dan ##nie ##lla west ##brook and ex - e ##17 singer britney spears who all left i ' m a celebrity . . . get me out of here .",O O O O O O O O O O O O O B-MUSICIAN I-MUSICIAN I-MUSICIAN I-MUSICIAN O O O O B-ACTOR-DIRECTOR I-ACTOR-DIRECTOR I-ACTOR-DIRECTOR I-ACTOR-DIRECTOR I-ACTOR-DIRECTOR O O O O O O B-MUSICIAN I-MUSICIAN O O O O O O O O O O O O O O O O O,NONE
"the birmingham - born singer , full name ferguson , was signed to a record label at the age of 15 and released her first single so high at 18 .",O O O O O O O O B-MUSICIAN O O O O O O O O O O O O O O O O O O O O O O,NONE
' my memories of george fr ##ider ##ic handel . . . ',O O O O B-MUSICIAN I-MUSICIAN I-MUSICIAN I-MUSICIAN I-MUSICIAN O O O O,NONE
claude king and drum ' n ' bass star ron ##i size have released no more in a bid to reduce gun use among young people .,B-MUSICIAN I-MUSICIAN O O O O O O O B-MUSICIAN I-MUSICIAN I-MUSICIAN O O O O O O O O O O O O O O O,NONE
"but the artists - been ##ie man , si ##zz ##la , elephant man , bu ##ju ban ##ton , to ##te king , to ##k , cap ##leton and v ##y ##b ##z ka ##rte ##l - will not have to ap ##olo ##gis ##e for past songs or comments .",O O O O B-MUSICIAN I-MUSICIAN I-MUSICIAN O B-MUSICIAN I-MUSICIAN I-MUSICIAN O B-MUSICIAN I-MUSICIAN O B-MUSICIAN I-MUSICIAN I-MUSICIAN I-MUSICIAN O B-MUSICIAN I-MUSICIAN I-MUSICIAN O B-MUSICIAN I-MUSICIAN O B-MUSICIAN I-MUSICIAN O B-MUSICIAN I-MUSICIAN I-MUSICIAN I-MUSICIAN I-MUSICIAN I-MUSICIAN I-MUSICIAN O O O O O O O O O O O O O O O,NONE
"special guest , singer gwen jo ##ss stone , joined her on - stage to promote her own range of hp digital cameras which ms jo ##ss stone has helped design and which are heavily influenced by japanese youth culture .",O O O O O B-MUSICIAN I-MUSICIAN I-MUSICIAN O O O O O O O O O O O O O O O O O B-MUSICIAN I-MUSICIAN I-MUSICIAN O O O O O O O O O O O O O,NONE
"ag ##uil ##era became involved after two friends , donna small and asha jam ##a , were shot in his bristol hometown in october .",B-MUSICIAN I-MUSICIAN I-MUSICIAN O O O O O O B-PUBLIC-FIGURE I-PUBLIC-FIGURE O B-PUBLIC-FIGURE I-PUBLIC-FIGURE I-PUBLIC-FIGURE O O O O O O O O O O,NONE
"the boys choir of harlem got a che ##que for $ 150 , 000 ( £ ##7 ##7 , 800 ) from 50 cent , while bu ##ju ban ##ton handed over $ 103 , 500 ( £5 ##3 , 400 ) .",O O O O O O O O O O O O O O O O O O O O O O B-MUSICIAN I-MUSICIAN O O B-MUSICIAN I-MUSICIAN I-MUSICIAN I-MUSICIAN O O O O O O O O O O O O O,NONE
"chris re ##a ' s daughter lisa marie retains possession of grace ##land and many of her father ' s "" personal effects "" .",B-MUSICIAN I-MUSICIAN I-MUSICIAN O O O B-PUBLIC-FIGURE I-PUBLIC-FIGURE O O O O O O O O O O O O O O O O O,NONE
"drummer the beatles echoed those sentiments : "" we ' re very competitive - we want to be on the radio , have big singles .",O B-MUSICIAN I-MUSICIAN O O O O O O O O O O O O O O O O O O O O O O O,NONE
"but they missed out on best british live act , which went to janet jackson .",O O O O O O O O O O O O O B-MUSICIAN I-MUSICIAN O,NONE
singer larry mu ##llen jr has said that a new film about his life is the start of a retirement from public view .,O B-MUSICIAN I-MUSICIAN I-MUSICIAN I-MUSICIAN O O O O O O O O O O O O O O O O O O O,NONE
senegal ##ese musician edwards has been named a winner of a bbc radio 3 world music award .,O O O B-MUSICIAN O O O O O O O O O O O O O O,NONE
"mr br ##uni sa ##bla ##n is a critically acclaimed jazz and classical flu ##tist , composer , performer , and university professor .",O B-MUSICIAN I-MUSICIAN I-MUSICIAN I-MUSICIAN I-MUSICIAN O O O O O O O O O O O O O O O O O O,professor
"but the artists - been ##ie man , dr dr ##e , elephant man , bu ##ju ban ##ton , bounty killer , to ##k , cap ##leton and v ##y ##b ##z ka ##rte ##l - will not have to ap ##olo ##gis ##e for past songs or comments .",O O O O B-MUSICIAN I-MUSICIAN I-MUSICIAN O B-MUSICIAN I-MUSICIAN I-MUSICIAN O B-MUSICIAN I-MUSICIAN O B-MUSICIAN I-MUSICIAN I-MUSICIAN I-MUSICIAN O B-MUSICIAN I-MUSICIAN O B-MUSICIAN I-MUSICIAN O B-MUSICIAN I-MUSICIAN O B-MUSICIAN I-MUSICIAN I-MUSICIAN I-MUSICIAN I-MUSICIAN I-MUSICIAN I-MUSICIAN O O O O O O O O O O O O O O O,NONE
"last year , tu ##pac sha ##kur exposed a breast during a dance routine , causing outrage among millions of tv viewers and landing the cbs tv network a fine .",O O O B-MUSICIAN I-MUSICIAN I-MUSICIAN I-MUSICIAN O O O O O O O O O O O O O O O O O O O O O O O O,NONE
"last may , r & b star brian mc ##fa ##dden scored a chart first , with three concurrent singles in the us top 10 , a feat which was previously matched only by the bee gee ##s and the beatles .",O O O O O O O B-MUSICIAN I-MUSICIAN I-MUSICIAN I-MUSICIAN O O O O O O O O O O O O O O O O O O O O O O O B-MUSICIAN I-MUSICIAN I-MUSICIAN I-MUSICIAN O B-MUSICIAN I-MUSICIAN O,NONE
love plays paris charity concert,B-MUSICIAN O O O O,NONE
"drummer hank williams jr echoed those sentiments : "" we ' re very competitive - we want to be on the radio , have big singles .",O B-MUSICIAN I-MUSICIAN I-MUSICIAN O O O O O O O O O O O O O O O O O O O O O O O,NONE
his name is bounty killer and manuel mill ##an says that he is the hip - hop leader in spain .,O O O B-MUSICIAN I-MUSICIAN O B-PUBLIC-FIGURE I-PUBLIC-FIGURE I-PUBLIC-FIGURE O O O O O O O O O O O O,NONE
"in 2002 , ag ##uil ##era won best pop collaboration for the hit track lady mar ##mal ##ade with miguel collins , maya and pink , and last year she picked up the award for best female pop vocal performance for beautiful .",O O O B-MUSICIAN I-MUSICIAN I-MUSICIAN O O O O O O O O O O O O O B-MUSICIAN I-MUSICIAN O B-MUSICIAN O B-MUSICIAN O O O O O O O O O O O O O O O O O O,NONE
"one of the most successful and respected rap stars of the last eight years , sheila ferguson ' s hits have included hard knock life , dirt off your shoulder and 03 bonnie and clyde with his girlfriend beyonce knowles .",O O O O O O O O O O O O O O O B-MUSICIAN I-MUSICIAN O O O O O O O O O O O O O O O O O O O O O B-MUSICIAN I-MUSICIAN O,NONE
"last year , muse exposed a breast during a dance routine , causing outrage among millions of tv viewers and landing the cbs tv network a fine .",O O O B-MUSICIAN O O O O O O O O O O O O O O O O O O O O O O O O,NONE
"last may , r & b star usher scored a chart first , with three concurrent singles in the us top 10 , a feat which was previously matched only by ron ##i size and the beatles .",O O O O O O O B-MUSICIAN O O O O O O O O O O O O O O O O O O O O O O O B-MUSICIAN I-MUSICIAN I-MUSICIAN O B-MUSICIAN I-MUSICIAN O,NONE
"last year ' s the game ' wardrobe mal ##fu ##nction ' encouraged the fcc to impose tough ##er rules , but the us congress ad ##jou ##rned last year without agreeing on a new level of fines .",O O O O B-MUSICIAN I-MUSICIAN O O O O O O O O O O O O O O O O O O O O O O O O O O O O O O O O O,NONE
miles davis to open us super bowl,B-MUSICIAN I-MUSICIAN O O O O O,NONE
""" we are confident that in this case , [ the alleged victim ' s ] claims against lil ' kim will be rejected . """,O O O O O O O O O O O O O O O O O O B-MUSICIAN I-MUSICIAN I-MUSICIAN O O O O O,NONE
"i love newton to bits and don ' t care what her branding is - it ' s amazing music , full stop .",O O B-MUSICIAN O O O O O O O O O O O O O O O O O O O O O,NONE
""" we are confident that in this case , [ the alleged victim ' s ] claims against dominic howard will be rejected . """,O O O O O O O O O O O O O O O O O O B-MUSICIAN I-MUSICIAN O O O O O,NONE
"singer alex ka ##pr ##ano ##s was studying english at university but had friends at art school , and the line - up was completed when guitarist lost ##pro ##ph ##ets moved from munich , germany , to the city .",O B-MUSICIAN I-MUSICIAN I-MUSICIAN I-MUSICIAN I-MUSICIAN O O O O O O O O O O O O O O O O O O O O O B-MUSICIAN I-MUSICIAN I-MUSICIAN I-MUSICIAN O O O O O O O O O O,NONE
"last year ' s eric clapton ' wardrobe mal ##fu ##nction ' encouraged the fcc to impose tough ##er rules , but the us congress ad ##jou ##rned last year without agreeing on a new level of fines .",O O O O B-MUSICIAN I-MUSICIAN O O O O O O O O O O O O O O O O O O O O O O O O O O O O O O O O O,NONE
casey had completed a music video when the plane crashed in the bahamas .,B-MUSICIAN O O O O O O O O O O O O O,NONE
"v ##y ##b ##z ka ##rte ##l was singer with early 1970s rocker ##s free , who had a global hit with all right now , before forming bad company , a successful "" super ##group "" with members of king crimson and mo ##tt the hoop ##le .",B-MUSICIAN I-MUSICIAN I-MUSICIAN I-MUSICIAN I-MUSICIAN I-MUSICIAN I-MUSICIAN O O O O O O O O O O O O O O O O O O O O O O O O O O O O O O O O O O O O O O O O O O,NONE
mr motor ##head denies child mole ##station .,O B-MUSICIAN I-MUSICIAN O O O O O,NONE
"last may , r & b star usher scored a chart first , with three concurrent singles in the us top 10 , a feat which was previously matched only by the bee gee ##s and rodgers .",O O O O O O O B-MUSICIAN O O O O O O O O O O O O O O O O O O O O O O O B-MUSICIAN I-MUSICIAN I-MUSICIAN I-MUSICIAN O B-MUSICIAN O,NONE
mr nelly denies child mole ##station .,O B-MUSICIAN O O O O O,NONE
"the boys choir of harlem got a che ##que for $ 150 , 000 ( £ ##7 ##7 , 800 ) from newton , while the game handed over $ 103 , 500 ( £5 ##3 , 400 ) .",O O O O O O O O O O O O O O O O O O O O O O B-MUSICIAN O O B-MUSICIAN I-MUSICIAN O O O O O O O O O O O O O,NONE
"ag ##uil ##era , the 17 - year - old soul singer from devon , was a new entry in the young music millionaire ##s list .",B-MUSICIAN I-MUSICIAN I-MUSICIAN O O O O O O O O O O O O O O O O O O O O O O O O,NONE
"one of the most successful and respected rap stars of the last eight years , jay - z ' s hits have included hard knock life , dirt off your shoulder and 03 bonnie and clyde with his girlfriend chris wo ##ls ##ten ##holm ##e .",O O O O O O O O O O O O O O O B-MUSICIAN I-MUSICIAN I-MUSICIAN O O O O O O O O O O O O O O O O O O O O O B-MUSICIAN I-MUSICIAN I-MUSICIAN I-MUSICIAN I-MUSICIAN I-MUSICIAN O,NONE
former boy ##zone singer con ##ti may also take part if a studio can be found close to where he is holiday ##ing in switzerland .,O O O O B-MUSICIAN I-MUSICIAN O O O O O O O O O O O O O O O O O O O O,NONE
"but they missed out on best british live act , which went to co ##bain .",O O O O O O O O O O O O O B-MUSICIAN I-MUSICIAN O,NONE
"newton announced he has launched the g - unity foundation "" to help people overcome obstacles and make a chance for the better in their lives "" .",B-MUSICIAN O O O O O O O O O O O O O O O O O O O O O O O O O O O,NONE
"but they missed out on best british live act , which went to travis .",O O O O O O O O O O O O O B-MUSICIAN O,NONE
"last year ' s tu ##pac sha ##kur ' wardrobe mal ##fu ##nction ' encouraged the fcc to impose tough ##er rules , but the us congress ad ##jou ##rned last year without agreeing on a new level of fines .",O O O O B-MUSICIAN I-MUSICIAN I-MUSICIAN I-MUSICIAN O O O O O O O O O O O O O O O O O O O O O O O O O O O O O O O O O,NONE
sir elvis has composed the music .,O B-MUSICIAN O O O O O,NONE
"britney spears , whose new forms album won the 1997 mercury music prize , said gun use was "" nothing to be g ##lam ##oris ##ed "" .",B-MUSICIAN I-MUSICIAN O O O O O O O O O O O O O O O O O O O O O O O O O O,NONE
"on monday brian harvey faced blackmail and robbery charges in court , which he denies .",O O B-MUSICIAN I-MUSICIAN O O O O O O O O O O O O,NONE
"i ' ve nothing against ronan keating , i actually like his music , but how can this possibly be the best song from the last 25 ##year ?",O O O O O B-MUSICIAN I-MUSICIAN O O O O O O O O O O O O O O O O O O O O O O,NONE
phil collins to open us super bowl,B-MUSICIAN I-MUSICIAN O O O O O,NONE
stories about the state of her marriage to miles davis and rumours about a pregnancy have recently appeared .,O O O O O O O O B-MUSICIAN I-MUSICIAN O O O O O O O O O,NONE
"black eyed peas singer casey was dressed in a tight orange top and purple hot ##pants , but nothing in her performance was likely to upset tv watch ##dog ##s .",O O O O B-MUSICIAN O O O O O O O O O O O O O O O O O O O O O O O O O O,NONE
"singer elton john said he felt "" great "" about coming top of the sound of 2005 list .",O B-MUSICIAN I-MUSICIAN O O O O O O O O O O O O O O O O,NONE
"i ' ve nothing against brian mc ##fa ##dden , i actually like his music , but how can this possibly be the best song from the last 25 ##year ?",O O O O O B-MUSICIAN I-MUSICIAN I-MUSICIAN I-MUSICIAN O O O O O O O O O O O O O O O O O O O O O O,NONE
"mr newton , 46 , denies pl ##ying a boy with alcohol and mole ##sti ##ng him .",O B-MUSICIAN O O O O O O O O O O O O O O O O,NONE
"norman cook , in characteristic ##ally blunt style , promised that the commission would not just be a talking shop but would deliver radical new thinking to change direction for africa .",B-MUSICIAN I-MUSICIAN O O O O O O O O O O O O O O O O O O O O O O O O O O O O O O,NONE
"tennis player anna ko ##urn ##iko ##va , pops ##tar ##s britney spears and cap ##leton as well as arnold schwarz ##ene ##gger have all been used in the past to try to con people into opening infected files .",O O B-ATHLETE I-ATHLETE I-ATHLETE I-ATHLETE I-ATHLETE O O O O B-MUSICIAN I-MUSICIAN O B-MUSICIAN I-MUSICIAN O O O B-ACTOR-DIRECTOR I-ACTOR-DIRECTOR I-ACTOR-DIRECTOR I-ACTOR-DIRECTOR O O O O O O O O O O O O O O O O O,NONE
ferguson won best british album and breakthrough act .,B-MUSICIAN O O O O O O O O,NONE
"last year , con ##ti exposed a breast during a dance routine , causing outrage among millions of tv viewers and landing the cbs tv network a fine .",O O O B-MUSICIAN I-MUSICIAN O O O O O O O O O O O O O O O O O O O O O O O O,NONE
"he started out as a singer and songwriter before going into music management , looking after country star damien rice .",O O O O O O O O O O O O O O O O O O B-MUSICIAN I-MUSICIAN O,NONE
a man was shot in the thigh outside new york ' s hot 97 studios while jam ##elia was on air .,O O O O O O O O O O O O O O O O B-MUSICIAN I-MUSICIAN O O O O,NONE
"indie rock group muse consists of diego el ci ##gal ##a , chris wo ##ls ##ten ##holm ##e and dominic howard who met in their early teens in te ##ign ##mouth , south devon .",O O O O O O B-MUSICIAN I-MUSICIAN I-MUSICIAN I-MUSICIAN I-MUSICIAN O B-MUSICIAN I-MUSICIAN I-MUSICIAN I-MUSICIAN I-MUSICIAN I-MUSICIAN O B-MUSICIAN I-MUSICIAN O O O O O O O O O O O O O O,NONE
sir elton has also teamed up with bounty killer to record a version of eric clapton ' s 1991 hit tears in heaven to raise money for the relief fund .,O B-MUSICIAN O O O O O B-MUSICIAN I-MUSICIAN O O O O O B-MUSICIAN I-MUSICIAN O O O O O O O O O O O O O O O,NONE
sir elton has also teamed up with phil collins to record a version of presley ' s 1991 hit tears in heaven to raise money for the relief fund .,O B-MUSICIAN O O O O O B-MUSICIAN I-MUSICIAN O O O O O B-MUSICIAN O O O O O O O O O O O O O O O,NONE
"but they missed out on best british live act , which went to the bee gee ##s .",O O O O O O O O O O O O O B-MUSICIAN I-MUSICIAN I-MUSICIAN I-MUSICIAN O,NONE
"drummer newton echoed those sentiments : "" we ' re very competitive - we want to be on the radio , have big singles .",O B-MUSICIAN O O O O O O O O O O O O O O O O O O O O O O O,NONE
june carter cash and drum ' n ' bass star ron ##i size have released no more in a bid to reduce gun use among young people .,B-MUSICIAN I-MUSICIAN I-MUSICIAN O O O O O O O B-MUSICIAN I-MUSICIAN I-MUSICIAN O O O O O O O O O O O O O O O,NONE
"he wrote ring of fire with jackson , the future wife of johnny cash who went on to score his most popular hit with the track .",O O O O O O B-MUSICIAN O O O O O B-MUSICIAN I-MUSICIAN O O O O O O O O O O O O O,NONE
"there are details of foreign nationals made british citizens by act of parliament , including composer the streets in 1727 .",O O O O O O O O O O O O O O O O B-MUSICIAN I-MUSICIAN O O O,NONE
former boy ##zone singer alicia keys may also take part if a studio can be found close to where he is holiday ##ing in switzerland .,O O O O B-MUSICIAN I-MUSICIAN O O O O O O O O O O O O O O O O O O O O,NONE
"muse , whose members met in south devon , beat franz ferdinand , jamie cu ##llum , ka ##sa ##bian and snoop dogg for best british live act .",B-MUSICIAN O O O O O O O O O B-MUSICIAN I-MUSICIAN O B-MUSICIAN I-MUSICIAN I-MUSICIAN O B-MUSICIAN I-MUSICIAN I-MUSICIAN O B-MUSICIAN I-MUSICIAN O O O O O O,NONE
"dj norman cook - aka stefan ##i - has said that dance music is not dead , but has admitted it is currently going through a "" fall ##ow patch "" .",O B-MUSICIAN I-MUSICIAN O O B-MUSICIAN I-MUSICIAN O O O O O O O O O O O O O O O O O O O O O O O O O,NONE
"knight was singer with early 1970s rocker ##s free , who had a global hit with all right now , before forming bad company , a successful "" super ##group "" with members of king crimson and mo ##tt the hoop ##le .",B-MUSICIAN O O O O O O O O O O O O O O O O O O O O O O O O O O O O O O O O O O O O O O O O O O,NONE
judas priest to open us super bowl,B-MUSICIAN I-MUSICIAN O O O O O,NONE
sir elton has also teamed up with maya to record a version of eric clapton ' s 1991 hit tears in heaven to raise money for the relief fund .,O B-MUSICIAN O O O O O B-MUSICIAN O O O O O B-MUSICIAN I-MUSICIAN O O O O O O O O O O O O O O O,NONE
"the boys choir of harlem got a che ##que for $ 150 , 000 ( £ ##7 ##7 , 800 ) from be ##bo val ##des , while the game handed over $ 103 , 500 ( £5 ##3 , 400 ) .",O O O O O O O O O O O O O O O O O O O O O O B-MUSICIAN I-MUSICIAN I-MUSICIAN I-MUSICIAN O O B-MUSICIAN I-MUSICIAN O O O O O O O O O O O O O,NONE
"tennis player anna ko ##urn ##iko ##va , pops ##tar ##s britney spears and motor ##head as well as arnold schwarz ##ene ##gger have all been used in the past to try to con people into opening infected files .",O O B-ATHLETE I-ATHLETE I-ATHLETE I-ATHLETE I-ATHLETE O O O O B-MUSICIAN I-MUSICIAN O B-MUSICIAN I-MUSICIAN O O O B-ACTOR-DIRECTOR I-ACTOR-DIRECTOR I-ACTOR-DIRECTOR I-ACTOR-DIRECTOR O O O O O O O O O O O O O O O O O,NONE
"his name became linked with the charles manson murders , which saw the deaths of actress sharon tate and four of her friends at a home which knight once rented .",O O O O O O B-PUBLIC-FIGURE I-PUBLIC-FIGURE O O O O O O O O B-ACTOR-DIRECTOR I-ACTOR-DIRECTOR O O O O O O O O O B-MUSICIAN O O O,NONE
"barry gi ##bb , the 17 - year - old soul singer from devon , was a new entry in the young music millionaire ##s list .",B-MUSICIAN I-MUSICIAN I-MUSICIAN O O O O O O O O O O O O O O O O O O O O O O O O,NONE
"but you don ' t know what the unexpected will be and as the musical director , it ' s exciting , "" explains butler .",O O O O O O O O O O O O O O O O O O O O O O O O B-MUSICIAN O,NONE
"he started out as a singer and songwriter before going into music management , looking after country star nelly .",O O O O O O O O O O O O O O O O O O B-MUSICIAN O,NONE
"drummer mil ##t jackson echoed those sentiments : "" we ' re very competitive - we want to be on the radio , have big singles .",O B-MUSICIAN I-MUSICIAN I-MUSICIAN O O O O O O O O O O O O O O O O O O O O O O O,NONE
"motor ##head , judas priest and prodigy are included along with newer acts like to ##te king and lost ##pro ##ph ##ets .",B-MUSICIAN I-MUSICIAN O B-MUSICIAN I-MUSICIAN O B-MUSICIAN O O O O O O O B-MUSICIAN I-MUSICIAN I-MUSICIAN O B-MUSICIAN I-MUSICIAN I-MUSICIAN I-MUSICIAN O,NONE
"there are details of foreign nationals made british citizens by act of parliament , including composer natasha bed ##ing ##field in 1727 .",O O O O O O O O O O O O O O O O B-MUSICIAN I-MUSICIAN I-MUSICIAN I-MUSICIAN O O O,NONE
"britney spears , the 17 - year - old soul singer from devon , was a new entry in the young music millionaire ##s list .",B-MUSICIAN I-MUSICIAN O O O O O O O O O O O O O O O O O O O O O O O O,NONE
mr norman cook denies child mole ##station .,O B-MUSICIAN I-MUSICIAN O O O O O,NONE
"there are details of foreign nationals made british citizens by act of parliament , including composer britney in 1727 .",O O O O O O O O O O O O O O O O B-MUSICIAN O O O,NONE
singer size ' facing ev ##iction ' three degrees star sheila size is the favourite to be evicted from itv ' s i ' m a celebrity . . . get me out of here on monday .,O B-MUSICIAN O O O O O O O O O B-MUSICIAN O O O O O O O O O O O O O O O O O O O O O O O O O O,NONE
"jam ##elia davis ' s daughter lisa marie retains possession of grace ##land and many of her father ' s "" personal effects "" .",B-MUSICIAN I-MUSICIAN I-MUSICIAN O O O B-PUBLIC-FIGURE I-PUBLIC-FIGURE O O O O O O O O O O O O O O O O O,NONE
"meanwhile si ##zz ##la ' s mother has said she is "" 100 % certain "" her son did not commit the child abuse charges he faces .",O B-MUSICIAN I-MUSICIAN I-MUSICIAN O O O O O O O O O O O O O O O O O O O O O O O O,NONE
singer miles davis has said that a new film about his life is the start of a retirement from public view .,O B-MUSICIAN I-MUSICIAN O O O O O O O O O O O O O O O O O O O,NONE
"happy mondays - kin ##ky afro , mca ##lm ##ont & dr dr ##e - yes , joy division - love will tear us apart . . .",O O O O O O O O O O O B-MUSICIAN I-MUSICIAN I-MUSICIAN O O O O O O O O O O O O O O,NONE
church urges you ##sso ##u n ' do ##ur show boycott,O O B-MUSICIAN I-MUSICIAN I-MUSICIAN I-MUSICIAN I-MUSICIAN I-MUSICIAN I-MUSICIAN O O,NONE
"but the artists - been ##ie man , si ##zz ##la , elephant man , jay - z , bounty killer , to ##k , cap ##leton and v ##y ##b ##z ka ##rte ##l - will not have to ap ##olo ##gis ##e for past songs or comments .",O O O O B-MUSICIAN I-MUSICIAN I-MUSICIAN O B-MUSICIAN I-MUSICIAN I-MUSICIAN O B-MUSICIAN I-MUSICIAN O B-MUSICIAN I-MUSICIAN I-MUSICIAN O B-MUSICIAN I-MUSICIAN O B-MUSICIAN I-MUSICIAN O B-MUSICIAN I-MUSICIAN O B-MUSICIAN I-MUSICIAN I-MUSICIAN I-MUSICIAN I-MUSICIAN I-MUSICIAN I-MUSICIAN O O O O O O O O O O O O O O O,NONE
"franz ferdinand , muse and snow patrol are just recent examples of the success scottish music can have in the world , so we should do what we scots are good at and support our own goods !",B-MUSICIAN I-MUSICIAN O B-MUSICIAN O B-MUSICIAN I-MUSICIAN O O O O O O O O O O O O O O O O O O O O O O O O O O O O O O O,NONE
rapper motor ##head ends protege feud,O B-MUSICIAN I-MUSICIAN O O O,NONE
fat ##boy slim joins fairy ##tale celebration,B-MUSICIAN I-MUSICIAN I-MUSICIAN O O O O,NONE
"i love edwards to bits and don ' t care what her branding is - it ' s amazing music , full stop .",O O B-MUSICIAN O O O O O O O O O O O O O O O O O O O O O,NONE
""" we are confident that in this case , [ the alleged victim ' s ] claims against marley will be rejected . """,O O O O O O O O O O O O O O O O O O B-MUSICIAN O O O O O,NONE
"the boys choir of harlem got a che ##que for $ 150 , 000 ( £ ##7 ##7 , 800 ) from 50 cent , while jam ##elia davis handed over $ 103 , 500 ( £5 ##3 , 400 ) .",O O O O O O O O O O O O O O O O O O O O O O B-MUSICIAN I-MUSICIAN O O B-MUSICIAN I-MUSICIAN I-MUSICIAN O O O O O O O O O O O O O,NONE
"last year , sheila ferguson exposed a breast during a dance routine , causing outrage among millions of tv viewers and landing the cbs tv network a fine .",O O O B-MUSICIAN I-MUSICIAN O O O O O O O O O O O O O O O O O O O O O O O O,NONE
mr butler denies child mole ##station .,O B-MUSICIAN O O O O O,NONE
"drummer britney spears echoed those sentiments : "" we ' re very competitive - we want to be on the radio , have big singles .",O B-MUSICIAN I-MUSICIAN O O O O O O O O O O O O O O O O O O O O O O O,NONE
"the assault charge stemmed from april 2004 , when ms queen la ##ti ##fa ##h found musician kristin king in her boyfriend ' s home .",O O O O O O O O O O B-MUSICIAN I-MUSICIAN I-MUSICIAN I-MUSICIAN I-MUSICIAN O O B-MUSICIAN I-MUSICIAN O O O O O O O,NONE
the show used the li ##bert ##ines photos last week .,O O O B-MUSICIAN I-MUSICIAN I-MUSICIAN I-MUSICIAN O O O O,NONE
"i love chris wo ##ls ##ten ##holm ##e to bits and don ' t care what her branding is - it ' s amazing music , full stop .",O O B-MUSICIAN I-MUSICIAN I-MUSICIAN I-MUSICIAN I-MUSICIAN I-MUSICIAN O O O O O O O O O O O O O O O O O O O O O,NONE
media seek britney ' ju ##ror ' notes,O O B-MUSICIAN O O O O O,NONE
"ge ##rva ##is and the office co - writer stephen merchant received a special achievement award for writing , presented by bounty killer and tom stop ##par ##d .",B-ACTOR-DIRECTOR I-ACTOR-DIRECTOR I-ACTOR-DIRECTOR O O O O O O B-AUTHOR-WRITER I-AUTHOR-WRITER O O O O O O O O O O B-MUSICIAN I-MUSICIAN O B-AUTHOR-WRITER I-AUTHOR-WRITER I-AUTHOR-WRITER I-AUTHOR-WRITER O,writer
"happy mondays - kin ##ky afro , mca ##lm ##ont & knight - yes , joy division - love will tear us apart . . .",O O O O O O O O O O O B-MUSICIAN O O O O O O O O O O O O O O,NONE
"cap ##leton is simply singing a certain type of music that can be considered urban in style , just as someone from an inner city , and indeed not from the usa could sing country music .",B-MUSICIAN I-MUSICIAN O O O O O O O O O O O O O O O O O O O O O O O O O O O O O O O O O O O,NONE
"the only real challenger was alex ka ##pr ##ano ##s but hey , another one bites the dust ! !",O O O O O B-MUSICIAN I-MUSICIAN I-MUSICIAN I-MUSICIAN I-MUSICIAN O O O O O O O O O O,NONE
"i ' ve nothing against miguel collins , i actually like his music , but how can this possibly be the best song from the last 25 ##year ?",O O O O O B-MUSICIAN I-MUSICIAN O O O O O O O O O O O O O O O O O O O O O O,NONE
singers including sir cliff richard and v ##y ##b ##z ka ##rte ##l are recording a charity single to help raise funds for victims of the asian tsunami .,O O O B-MUSICIAN I-MUSICIAN O B-MUSICIAN I-MUSICIAN I-MUSICIAN I-MUSICIAN I-MUSICIAN I-MUSICIAN I-MUSICIAN O O O O O O O O O O O O O O O O,NONE
been ##ie man and drum ' n ' bass star ron ##i size have released no more in a bid to reduce gun use among young people .,B-MUSICIAN I-MUSICIAN I-MUSICIAN O O O O O O O B-MUSICIAN I-MUSICIAN I-MUSICIAN O O O O O O O O O O O O O O O,NONE
"drummer john l ##yd ##on echoed those sentiments : "" we ' re very competitive - we want to be on the radio , have big singles .",O B-MUSICIAN I-MUSICIAN I-MUSICIAN I-MUSICIAN O O O O O O O O O O O O O O O O O O O O O O O,NONE
"the boys choir of harlem got a che ##que for $ 150 , 000 ( £ ##7 ##7 , 800 ) from 50 cent , while to ##te king handed over $ 103 , 500 ( £5 ##3 , 400 ) .",O O O O O O O O O O O O O O O O O O O O O O B-MUSICIAN I-MUSICIAN O O B-MUSICIAN I-MUSICIAN I-MUSICIAN O O O O O O O O O O O O O,NONE
rapper alicia keys ends protege feud,O B-MUSICIAN I-MUSICIAN O O O,NONE
"there are details of foreign nationals made british citizens by act of parliament , including composer elephant man in 1727 .",O O O O O O O O O O O O O O O O B-MUSICIAN I-MUSICIAN O O O,NONE
' my memories of damien rice . . . ',O O O O B-MUSICIAN I-MUSICIAN O O O O,NONE
"i ' ve nothing against britney spears , i actually like his music , but how can this possibly be the best song from the last 25 ##year ?",O O O O O B-MUSICIAN I-MUSICIAN O O O O O O O O O O O O O O O O O O O O O O,NONE
johnny cash to open us super bowl,B-MUSICIAN I-MUSICIAN O O O O O,NONE
"the assault charge stemmed from april 2004 , when ms jam ##elia found musician kristin king in her boyfriend ' s home .",O O O O O O O O O O B-MUSICIAN I-MUSICIAN O O B-MUSICIAN I-MUSICIAN O O O O O O O,NONE
co ##bain was shot dead in 1996 .,B-MUSICIAN I-MUSICIAN O O O O O O,NONE
"other celebrities to walk out of a reality show tv include sex pistol jay - z , former eastenders actress dan ##nie ##lla west ##brook and ex - e ##17 singer brian harvey who all left i ' m a celebrity . . . get me out of here .",O O O O O O O O O O O O O B-MUSICIAN I-MUSICIAN I-MUSICIAN O O O O B-ACTOR-DIRECTOR I-ACTOR-DIRECTOR I-ACTOR-DIRECTOR I-ACTOR-DIRECTOR I-ACTOR-DIRECTOR O O O O O O B-MUSICIAN I-MUSICIAN O O O O O O O O O O O O O O O O O,NONE
"the boys choir of harlem got a che ##que for $ 150 , 000 ( £ ##7 ##7 , 800 ) from presley , while the game handed over $ 103 , 500 ( £5 ##3 , 400 ) .",O O O O O O O O O O O O O O O O O O O O O O B-MUSICIAN O O B-MUSICIAN I-MUSICIAN O O O O O O O O O O O O O,NONE
church urges br ##uni sa ##bla ##n show boycott,O O B-MUSICIAN I-MUSICIAN I-MUSICIAN I-MUSICIAN I-MUSICIAN O O,NONE
pink had completed a music video when the plane crashed in the bahamas .,B-MUSICIAN O O O O O O O O O O O O O,NONE
"musician to ##te king , 23 , also of north london , appeared in court accused of the same offences .",O B-MUSICIAN I-MUSICIAN I-MUSICIAN O O O O O O O O O O O O O O O O O,NONE
singer barry gi ##bb ' facing ev ##iction ' three degrees star sheila barry gi ##bb is the favourite to be evicted from itv ' s i ' m a celebrity . . . get me out of here on monday .,O B-MUSICIAN I-MUSICIAN I-MUSICIAN O O O O O O O O O B-MUSICIAN I-MUSICIAN I-MUSICIAN O O O O O O O O O O O O O O O O O O O O O O O O O O,NONE
mr the li ##bert ##ines denies child mole ##station .,O B-MUSICIAN I-MUSICIAN I-MUSICIAN I-MUSICIAN O O O O O,NONE
knight and drum ' n ' bass star co ##bain have released no more in a bid to reduce gun use among young people .,B-MUSICIAN O O O O O O O B-MUSICIAN I-MUSICIAN O O O O O O O O O O O O O O O,NONE
"last year ' s robin gi ##bb ' wardrobe mal ##fu ##nction ' encouraged the fcc to impose tough ##er rules , but the us congress ad ##jou ##rned last year without agreeing on a new level of fines .",O O O O B-MUSICIAN I-MUSICIAN I-MUSICIAN O O O O O O O O O O O O O O O O O O O O O O O O O O O O O O O O O,NONE
"his name became linked with the charles manson murders , which saw the deaths of actress sharon tate and four of her friends at a home which the beatles once rented .",O O O O O O B-PUBLIC-FIGURE I-PUBLIC-FIGURE O O O O O O O O B-ACTOR-DIRECTOR I-ACTOR-DIRECTOR O O O O O O O O O B-MUSICIAN I-MUSICIAN O O O,NONE
"but they missed out on best british live act , which went to david "" fat ##head "" newman .",O O O O O O O O O O O O O B-MUSICIAN I-MUSICIAN I-MUSICIAN I-MUSICIAN I-MUSICIAN I-MUSICIAN O,NONE
"but they missed out on best british live act , which went to natasha bed ##ing ##field .",O O O O O O O O O O O O O B-MUSICIAN I-MUSICIAN I-MUSICIAN I-MUSICIAN O,NONE
"last year ' s alicia keys ' wardrobe mal ##fu ##nction ' encouraged the fcc to impose tough ##er rules , but the us congress ad ##jou ##rned last year without agreeing on a new level of fines .",O O O O B-MUSICIAN I-MUSICIAN O O O O O O O O O O O O O O O O O O O O O O O O O O O O O O O O O,NONE
works of art by musicians including miles davis and queen will also be featured .,O O O O O O B-MUSICIAN I-MUSICIAN O B-MUSICIAN O O O O O,NONE
"mr snoop dogg is a critically acclaimed jazz and classical flu ##tist , composer , performer , and university professor .",O B-MUSICIAN I-MUSICIAN O O O O O O O O O O O O O O O O O O,professor
his name is ron ##i size and manuel mill ##an says that he is the hip - hop leader in spain .,O O O B-MUSICIAN I-MUSICIAN I-MUSICIAN O B-PUBLIC-FIGURE I-PUBLIC-FIGURE I-PUBLIC-FIGURE O O O O O O O O O O O O,NONE
' my memories of britney . . . ',O O O O B-MUSICIAN O O O O,NONE
a man was shot in the thigh outside new york ' s hot 97 studios while marley was on air .,O O O O O O O O O O O O O O O O B-MUSICIAN O O O O,NONE
"mr aa ##li ##yah is a critically acclaimed jazz and classical flu ##tist , composer , performer , and university professor .",O B-MUSICIAN I-MUSICIAN I-MUSICIAN O O O O O O O O O O O O O O O O O O,professor
cap ##leton wins music prize,B-MUSICIAN I-MUSICIAN O O O,NONE
media seek jay - z ' ju ##ror ' notes,O O B-MUSICIAN I-MUSICIAN I-MUSICIAN O O O O O,NONE
"on monday elephant man faced blackmail and robbery charges in court , which he denies .",O O B-MUSICIAN I-MUSICIAN O O O O O O O O O O O O,NONE
"there are details of foreign nationals made british citizens by act of parliament , including composer britney spears in 1727 .",O O O O O O O O O O O O O O O O B-MUSICIAN I-MUSICIAN O O O,NONE
row threatens snow patrol museum plan,O O B-MUSICIAN I-MUSICIAN O O,NONE
bounty killer and drum ' n ' bass star ron ##i size have released no more in a bid to reduce gun use among young people .,B-MUSICIAN I-MUSICIAN O O O O O O O B-MUSICIAN I-MUSICIAN I-MUSICIAN O O O O O O O O O O O O O O O,NONE
row threatens the li ##bert ##ines museum plan,O O B-MUSICIAN I-MUSICIAN I-MUSICIAN I-MUSICIAN O O,NONE
"but the artists - been ##ie man , si ##zz ##la , elephant man , mel ##cher , bounty killer , to ##k , cap ##leton and v ##y ##b ##z ka ##rte ##l - will not have to ap ##olo ##gis ##e for past songs or comments .",O O O O B-MUSICIAN I-MUSICIAN I-MUSICIAN O B-MUSICIAN I-MUSICIAN I-MUSICIAN O B-MUSICIAN I-MUSICIAN O B-MUSICIAN I-MUSICIAN O B-MUSICIAN I-MUSICIAN O B-MUSICIAN I-MUSICIAN O B-MUSICIAN I-MUSICIAN O B-MUSICIAN I-MUSICIAN I-MUSICIAN I-MUSICIAN I-MUSICIAN I-MUSICIAN I-MUSICIAN O O O O O O O O O O O O O O O,NONE
"meanwhile ka ##sa ##bian ' s mother has said she is "" 100 % certain "" her son did not commit the child abuse charges he faces .",O B-MUSICIAN I-MUSICIAN I-MUSICIAN O O O O O O O O O O O O O O O O O O O O O O O O,NONE
"meanwhile olivia newton - john ' s mother has said she is "" 100 % certain "" her son did not commit the child abuse charges he faces .",O B-MUSICIAN I-MUSICIAN I-MUSICIAN I-MUSICIAN O O O O O O O O O O O O O O O O O O O O O O O O,NONE
he was driving size ' s car at the time and was shot in the head .,O O O B-MUSICIAN O O O O O O O O O O O O O,NONE
"mr johnson allegedly approached maya , who was seated at a table in front of the stage , and appeared to ask for an auto ##graph before punching him .",O B-PUBLIC-FIGURE O O B-MUSICIAN O O O O O O O O O O O O O O O O O O O O O O O O O,NONE
"the birmingham - born singer , full name fe ##rg ##ie , was signed to a record label at the age of 15 and released her first single so high at 18 .",O O O O O O O O B-MUSICIAN I-MUSICIAN I-MUSICIAN O O O O O O O O O O O O O O O O O O O O O O,NONE
to ##k was shot dead in 1996 .,B-MUSICIAN I-MUSICIAN O O O O O O,NONE
"to ##te king is simply singing a certain type of music that can be considered urban in style , just as someone from an inner city , and indeed not from the usa could sing country music .",B-MUSICIAN I-MUSICIAN I-MUSICIAN O O O O O O O O O O O O O O O O O O O O O O O O O O O O O O O O O O O,NONE
johnny cash joins fairy ##tale celebration,B-MUSICIAN I-MUSICIAN O O O O,NONE
"but the artists - been ##ie man , janet jackson , elephant man , bu ##ju ban ##ton , bounty killer , to ##k , cap ##leton and v ##y ##b ##z ka ##rte ##l - will not have to ap ##olo ##gis ##e for past songs or comments .",O O O O B-MUSICIAN I-MUSICIAN I-MUSICIAN O B-MUSICIAN I-MUSICIAN O B-MUSICIAN I-MUSICIAN O B-MUSICIAN I-MUSICIAN I-MUSICIAN I-MUSICIAN O B-MUSICIAN I-MUSICIAN O B-MUSICIAN I-MUSICIAN O B-MUSICIAN I-MUSICIAN O B-MUSICIAN I-MUSICIAN I-MUSICIAN I-MUSICIAN I-MUSICIAN I-MUSICIAN I-MUSICIAN O O O O O O O O O O O O O O O,NONE
"r & b star calvin broad ##us said she sang on an anti - gun single after being "" haunted "" by the fatal 2003 shooting of two teenage girls in birmingham .",O O O O B-MUSICIAN I-MUSICIAN I-MUSICIAN O O O O O O O O O O O O O O O O O O O O O O O O O O,NONE
"jam ##elia davis was singer with early 1970s rocker ##s free , who had a global hit with all right now , before forming bad company , a successful "" super ##group "" with members of king crimson and mo ##tt the hoop ##le .",B-MUSICIAN I-MUSICIAN I-MUSICIAN O O O O O O O O O O O O O O O O O O O O O O O O O O O O O O O O O O O O O O O O O O,NONE
knight and drum ' n ' bass star george fr ##ider ##ic handel have released no more in a bid to reduce gun use among young people .,B-MUSICIAN O O O O O O O B-MUSICIAN I-MUSICIAN I-MUSICIAN I-MUSICIAN I-MUSICIAN O O O O O O O O O O O O O O O,NONE
"mr bob gel ##do ##f is a critically acclaimed jazz and classical flu ##tist , composer , performer , and university professor .",O B-MUSICIAN I-MUSICIAN I-MUSICIAN I-MUSICIAN O O O O O O O O O O O O O O O O O O,professor
the darkness to open us super bowl,B-MUSICIAN I-MUSICIAN O O O O O,NONE
"in february , brian mc ##fa ##dden clashed with us weekly for publishing pictures of her honeymoon in fiji without permission .",O O O B-MUSICIAN I-MUSICIAN I-MUSICIAN I-MUSICIAN O O O O O O O O O O O O O O O,NONE
"presley , whose new forms album won the 1997 mercury music prize , said gun use was "" nothing to be g ##lam ##oris ##ed "" .",B-MUSICIAN O O O O O O O O O O O O O O O O O O O O O O O O O O,NONE
"mel ##cher announced he has launched the g - unity foundation "" to help people overcome obstacles and make a chance for the better in their lives "" .",B-MUSICIAN I-MUSICIAN O O O O O O O O O O O O O O O O O O O O O O O O O O O,NONE
"black eyed peas singer matthew bellamy was dressed in a tight orange top and purple hot ##pants , but nothing in her performance was likely to upset tv watch ##dog ##s .",O O O O B-MUSICIAN I-MUSICIAN O O O O O O O O O O O O O O O O O O O O O O O O O O,NONE
"franz ferdinand , travis and brian mc ##fa ##dden are just recent examples of the success scottish music can have in the world , so we should do what we scots are good at and support our own goods !",B-MUSICIAN I-MUSICIAN O B-MUSICIAN O B-MUSICIAN I-MUSICIAN I-MUSICIAN I-MUSICIAN O O O O O O O O O O O O O O O O O O O O O O O O O O O O O O O,NONE
"one of the first songs he wrote for other artists was wo ##lver ##ton mountain , which sold 10 million copies when recorded by olivia newton - john .",O O O O O O O O O O O O O O O O O O O O O O O O B-MUSICIAN I-MUSICIAN I-MUSICIAN I-MUSICIAN O,NONE
"tennis player anna ko ##urn ##iko ##va , pops ##tar ##s beverley knight and av ##ril la ##vi ##gne as well as arnold schwarz ##ene ##gger have all been used in the past to try to con people into opening infected files .",O O B-ATHLETE I-ATHLETE I-ATHLETE I-ATHLETE I-ATHLETE O O O O B-MUSICIAN I-MUSICIAN O B-MUSICIAN I-MUSICIAN I-MUSICIAN I-MUSICIAN I-MUSICIAN O O O B-ACTOR-DIRECTOR I-ACTOR-DIRECTOR I-ACTOR-DIRECTOR I-ACTOR-DIRECTOR O O O O O O O O O O O O O O O O O,NONE
"motor ##head , judas priest and prodigy are included along with newer acts like janet jackson and lost ##pro ##ph ##ets .",B-MUSICIAN I-MUSICIAN O B-MUSICIAN I-MUSICIAN O B-MUSICIAN O O O O O O O B-MUSICIAN I-MUSICIAN O B-MUSICIAN I-MUSICIAN I-MUSICIAN I-MUSICIAN O,NONE
police discover jo ##ss ' car in a car park near the severn bridge near bristol - a notorious suicide spot .,O O B-MUSICIAN I-MUSICIAN O O O O O O O O O O O O O O O O O O,NONE
"singer alex ka ##pr ##ano ##s was studying english at university but had friends at art school , and the line - up was completed when guitarist the streets moved from munich , germany , to the city .",O B-MUSICIAN I-MUSICIAN I-MUSICIAN I-MUSICIAN I-MUSICIAN O O O O O O O O O O O O O O O O O O O O O B-MUSICIAN I-MUSICIAN O O O O O O O O O O,NONE
"cher , in characteristic ##ally blunt style , promised that the commission would not just be a talking shop but would deliver radical new thinking to change direction for africa .",B-MUSICIAN O O O O O O O O O O O O O O O O O O O O O O O O O O O O O O,NONE
"muse , whose members met in south devon , beat franz ferdinand , fat ##boy slim , ka ##sa ##bian and the li ##bert ##ines for best british live act .",B-MUSICIAN O O O O O O O O O B-MUSICIAN I-MUSICIAN O B-MUSICIAN I-MUSICIAN I-MUSICIAN O B-MUSICIAN I-MUSICIAN I-MUSICIAN O B-MUSICIAN I-MUSICIAN I-MUSICIAN I-MUSICIAN O O O O O O,NONE
his name is roc ##h vo ##isi ##ne and manuel mill ##an says that he is the hip - hop leader in spain .,O O O B-MUSICIAN I-MUSICIAN I-MUSICIAN I-MUSICIAN I-MUSICIAN O B-PUBLIC-FIGURE I-PUBLIC-FIGURE I-PUBLIC-FIGURE O O O O O O O O O O O O,NONE
the vh1 first music award went to dr dr ##e honour ##ing her achievements within the music industry .,O O O O O O O B-MUSICIAN I-MUSICIAN I-MUSICIAN O O O O O O O O O,NONE
rocker larry mu ##llen jr in on - stage fight,O B-MUSICIAN I-MUSICIAN I-MUSICIAN I-MUSICIAN O O O O O,NONE
"the assault charge stemmed from april 2004 , when ms love found musician cliff richard in her boyfriend ' s home .",O O O O O O O O O O B-MUSICIAN O O B-MUSICIAN I-MUSICIAN O O O O O O O,NONE
newton to host arts festival,B-MUSICIAN O O O O,NONE
"ge ##rva ##is and the office co - writer stephen merchant received a special achievement award for writing , presented by jo ##ss and tom stop ##par ##d .",B-ACTOR-DIRECTOR I-ACTOR-DIRECTOR I-ACTOR-DIRECTOR O O O O O O B-AUTHOR-WRITER I-AUTHOR-WRITER O O O O O O O O O O B-MUSICIAN I-MUSICIAN O B-AUTHOR-WRITER I-AUTHOR-WRITER I-AUTHOR-WRITER I-AUTHOR-WRITER O,writer
"muse , whose members met in south devon , beat franz ferdinand , claude king , ka ##sa ##bian and the li ##bert ##ines for best british live act .",B-MUSICIAN O O O O O O O O O B-MUSICIAN I-MUSICIAN O B-MUSICIAN I-MUSICIAN O B-MUSICIAN I-MUSICIAN I-MUSICIAN O B-MUSICIAN I-MUSICIAN I-MUSICIAN I-MUSICIAN O O O O O O,NONE
"other music stars being approached include robin and barry gi ##bb of the bee gee ##s , jazz sensation jamie cu ##llum , chris re ##a and the game .",O O O O O O O O B-MUSICIAN I-MUSICIAN I-MUSICIAN O O O O O O O O B-MUSICIAN I-MUSICIAN I-MUSICIAN O B-MUSICIAN I-MUSICIAN I-MUSICIAN O B-MUSICIAN I-MUSICIAN O,NONE
his name is jay - z and manuel mill ##an says that he is the hip - hop leader in spain .,O O O B-MUSICIAN I-MUSICIAN I-MUSICIAN O B-PUBLIC-FIGURE I-PUBLIC-FIGURE I-PUBLIC-FIGURE O O O O O O O O O O O O,NONE
a man was shot in the thigh outside new york ' s hot 97 studios while elton john was on air .,O O O O O O O O O O O O O O O O B-MUSICIAN I-MUSICIAN O O O O,NONE
"si ##zz ##la , whose real name is to ##te king , has released 25 albums since 1995 and is credited with taking dance ##hall music back to its reggae origins .",B-MUSICIAN I-MUSICIAN I-MUSICIAN O O O O O B-MUSICIAN I-MUSICIAN I-MUSICIAN O O O O O O O O O O O O O O O O O O O O O,NONE
""" we are confident that in this case , [ the alleged victim ' s ] claims against presley will be rejected . """,O O O O O O O O O O O O O O O O O O B-MUSICIAN O O O O O,NONE
"singer judas priest said he felt "" great "" about coming top of the sound of 2005 list .",O B-MUSICIAN I-MUSICIAN O O O O O O O O O O O O O O O O,NONE
"there are details of foreign nationals made british citizens by act of parliament , including composer beyonce knowles in 1727 .",O O O O O O O O O O O O O O O O B-MUSICIAN I-MUSICIAN O O O,NONE
sir elton has also teamed up with phil collins to record a version of stefan ##i ' s 1991 hit tears in heaven to raise money for the relief fund .,O B-MUSICIAN O O O O O B-MUSICIAN I-MUSICIAN O O O O O B-MUSICIAN I-MUSICIAN O O O O O O O O O O O O O O O,NONE
"lost ##pro ##ph ##ets , the 17 - year - old soul singer from devon , was a new entry in the young music millionaire ##s list .",B-MUSICIAN I-MUSICIAN I-MUSICIAN I-MUSICIAN O O O O O O O O O O O O O O O O O O O O O O O O,NONE
"motor ##head , judas priest and prodigy are included along with newer acts like the darkness and miguel collins .",B-MUSICIAN I-MUSICIAN O B-MUSICIAN I-MUSICIAN O B-MUSICIAN O O O O O O O B-MUSICIAN I-MUSICIAN O B-MUSICIAN I-MUSICIAN O,NONE
alicia keys to host arts festival,B-MUSICIAN I-MUSICIAN O O O O,NONE
"other music stars being approached include robin and snow patrol of the bee gee ##s , jazz sensation jamie cu ##llum , chris re ##a and olivia newton - john .",O O O O O O O O B-MUSICIAN I-MUSICIAN O O O O O O O O B-MUSICIAN I-MUSICIAN I-MUSICIAN O B-MUSICIAN I-MUSICIAN I-MUSICIAN O B-MUSICIAN I-MUSICIAN I-MUSICIAN I-MUSICIAN O,NONE
"sheila ferguson was singer with early 1970s rocker ##s free , who had a global hit with all right now , before forming bad company , a successful "" super ##group "" with members of king crimson and mo ##tt the hoop ##le .",B-MUSICIAN I-MUSICIAN O O O O O O O O O O O O O O O O O O O O O O O O O O O O O O O O O O O O O O O O O O,NONE
"i love michael jackson to bits and don ' t care what her branding is - it ' s amazing music , full stop .",O O B-MUSICIAN I-MUSICIAN O O O O O O O O O O O O O O O O O O O O O,NONE
"last year ' s gwen stefan ##i ' wardrobe mal ##fu ##nction ' encouraged the fcc to impose tough ##er rules , but the us congress ad ##jou ##rned last year without agreeing on a new level of fines .",O O O O B-MUSICIAN I-MUSICIAN I-MUSICIAN O O O O O O O O O O O O O O O O O O O O O O O O O O O O O O O O O,NONE
newcomer elton ' s four nominations include best female r & b - soul album and best r & b - soul or rap by a new artist .,O B-MUSICIAN O O O O O O O O O O O O O O O O O O O O O O O O O O O,NONE
"the assault charge stemmed from april 2004 , when ms love found musician fe ##rg ##ie in her boyfriend ' s home .",O O O O O O O O O O B-MUSICIAN O O B-MUSICIAN I-MUSICIAN I-MUSICIAN O O O O O O O,NONE
"tennis player anna ko ##urn ##iko ##va , pops ##tar ##s britney spears and franz ferdinand as well as arnold schwarz ##ene ##gger have all been used in the past to try to con people into opening infected files .",O O B-ATHLETE I-ATHLETE I-ATHLETE I-ATHLETE I-ATHLETE O O O O B-MUSICIAN I-MUSICIAN O B-MUSICIAN I-MUSICIAN O O O B-ACTOR-DIRECTOR I-ACTOR-DIRECTOR I-ACTOR-DIRECTOR I-ACTOR-DIRECTOR O O O O O O O O O O O O O O O O O,NONE
aa ##li ##yah plays paris charity concert,B-MUSICIAN I-MUSICIAN I-MUSICIAN O O O O,NONE
"mr dominic howard , 46 , denies pl ##ying a boy with alcohol and mole ##sti ##ng him .",O B-MUSICIAN I-MUSICIAN O O O O O O O O O O O O O O O O,NONE
rapper robin gi ##bb ends protege feud,O B-MUSICIAN I-MUSICIAN I-MUSICIAN O O O,NONE
"casey announced he has launched the g - unity foundation "" to help people overcome obstacles and make a chance for the better in their lives "" .",B-MUSICIAN O O O O O O O O O O O O O O O O O O O O O O O O O O O,NONE
"the assault charge stemmed from april 2004 , when ms june carter cash found musician kristin king in her boyfriend ' s home .",O O O O O O O O O O B-MUSICIAN I-MUSICIAN I-MUSICIAN O O B-MUSICIAN I-MUSICIAN O O O O O O O,NONE
lil ' kim was shot dead in 1996 .,B-MUSICIAN I-MUSICIAN I-MUSICIAN O O O O O O,NONE
"i ' ve nothing against cliff richard , i actually like his music , but how can this possibly be the best song from the last 25 ##year ?",O O O O O B-MUSICIAN I-MUSICIAN O O O O O O O O O O O O O O O O O O O O O O,NONE
singers including sir cliff richard and beyonce knowles are recording a charity single to help raise funds for victims of the asian tsunami .,O O O B-MUSICIAN I-MUSICIAN O B-MUSICIAN I-MUSICIAN O O O O O O O O O O O O O O O O,NONE
matthew bellamy plays paris charity concert,B-MUSICIAN I-MUSICIAN O O O O,NONE
"musician br ##uni sa ##bla ##n , 23 , also of north london , appeared in court accused of the same offences .",O B-MUSICIAN I-MUSICIAN I-MUSICIAN I-MUSICIAN I-MUSICIAN O O O O O O O O O O O O O O O O O,NONE
"lil ' kim ' s daughter lisa marie retains possession of grace ##land and many of her father ' s "" personal effects "" .",B-MUSICIAN I-MUSICIAN I-MUSICIAN O O O B-PUBLIC-FIGURE I-PUBLIC-FIGURE O O O O O O O O O O O O O O O O O,NONE
works of art by musicians including jam ##elia davis and br ##uni sa ##bla ##n will also be featured .,O O O O O O B-MUSICIAN I-MUSICIAN I-MUSICIAN O B-MUSICIAN I-MUSICIAN I-MUSICIAN I-MUSICIAN I-MUSICIAN O O O O O,NONE
"on monday br ##uni sa ##bla ##n faced blackmail and robbery charges in court , which he denies .",O O B-MUSICIAN I-MUSICIAN I-MUSICIAN I-MUSICIAN I-MUSICIAN O O O O O O O O O O O O,NONE
"last year , pete doherty exposed a breast during a dance routine , causing outrage among millions of tv viewers and landing the cbs tv network a fine .",O O O B-MUSICIAN I-MUSICIAN O O O O O O O O O O O O O O O O O O O O O O O O,NONE
"but they missed out on best british live act , which went to been ##ie man .",O O O O O O O O O O O O O B-MUSICIAN I-MUSICIAN I-MUSICIAN O,NONE
"mr rodgers , 46 , denies pl ##ying a boy with alcohol and mole ##sti ##ng him .",O B-MUSICIAN O O O O O O O O O O O O O O O O,NONE
sir mil ##t jackson has also teamed up with phil collins to record a version of eric clapton ' s 1991 hit tears in heaven to raise money for the relief fund .,O B-MUSICIAN I-MUSICIAN I-MUSICIAN O O O O O B-MUSICIAN I-MUSICIAN O O O O O B-MUSICIAN I-MUSICIAN O O O O O O O O O O O O O O O,NONE
"one of the first songs he wrote for other artists was wo ##lver ##ton mountain , which sold 10 million copies when recorded by noel gallagher .",O O O O O O O O O O O O O O O O O O O O O O O O B-MUSICIAN I-MUSICIAN O,NONE
"meanwhile elton john ' s mother has said she is "" 100 % certain "" her son did not commit the child abuse charges he faces .",O B-MUSICIAN I-MUSICIAN O O O O O O O O O O O O O O O O O O O O O O O O,NONE
"larry mu ##llen jr , in characteristic ##ally blunt style , promised that the commission would not just be a talking shop but would deliver radical new thinking to change direction for africa .",B-MUSICIAN I-MUSICIAN I-MUSICIAN I-MUSICIAN O O O O O O O O O O O O O O O O O O O O O O O O O O O O O O,NONE
"but you don ' t know what the unexpected will be and as the musical director , it ' s exciting , "" explains alex ka ##pr ##ano ##s .",O O O O O O O O O O O O O O O O O O O O O O O O B-MUSICIAN I-MUSICIAN I-MUSICIAN I-MUSICIAN I-MUSICIAN O,NONE
nick mccarthy plays paris charity concert,B-MUSICIAN I-MUSICIAN O O O O,NONE
"last may , r & b star usher scored a chart first , with three concurrent singles in the us top 10 , a feat which was previously matched only by the bee gee ##s and hendrix .",O O O O O O O B-MUSICIAN O O O O O O O O O O O O O O O O O O O O O O O B-MUSICIAN I-MUSICIAN I-MUSICIAN I-MUSICIAN O B-MUSICIAN O,NONE
"his name became linked with the charles manson murders , which saw the deaths of actress sharon tate and four of her friends at a home which dr dr ##e once rented .",O O O O O O B-PUBLIC-FIGURE I-PUBLIC-FIGURE O O O O O O O O B-ACTOR-DIRECTOR I-ACTOR-DIRECTOR O O O O O O O O O B-MUSICIAN I-MUSICIAN I-MUSICIAN O O O,NONE
"his name became linked with the charles manson murders , which saw the deaths of actress sharon tate and four of her friends at a home which chris re ##a once rented .",O O O O O O B-PUBLIC-FIGURE I-PUBLIC-FIGURE O O O O O O O O B-ACTOR-DIRECTOR I-ACTOR-DIRECTOR O O O O O O O O O B-MUSICIAN I-MUSICIAN I-MUSICIAN O O O,NONE
"mr jo ##well , who last year denied he planned to join his wife and four children in the catholic faith despite regularly taking communion , said abortion was a "" difficult issue "" .",O B-POLITICIAN I-POLITICIAN O O O O O O O O O O O O O O O O O O O O O O O O O O O O O O O O,NONE
"in a statement recorded for television , mr robert ki ##lr ##oy - silk said the families deserved "" to be completely and publicly ex ##one ##rated "" .",O O O O O O O O B-POLITICIAN I-POLITICIAN I-POLITICIAN I-POLITICIAN I-POLITICIAN I-POLITICIAN O O O O O O O O O O O O O O O,NONE
"ms charles clarke insisted : "" we have a good track record for extract ##ing planning gain in this country , for instance in social housing . """,O B-POLITICIAN I-POLITICIAN O O O O O O O O O O O O O O O O O O O O O O O O O,NONE
hugh robertson replies that no one thought the berlin wall would ever come down either .,B-POLITICIAN I-POLITICIAN O O O O O O O O O O O O O O,NONE
"hollywood ' s honorary mayor , kamal nat ##h , said : "" i do here ##by pro ##claim this godzilla day in hollywood .",O O O O O O B-POLITICIAN I-POLITICIAN I-POLITICIAN O O O O O O O O O O O O O O O O,NONE
mr fred upton directly denied that quote on wednesday .,O B-POLITICIAN I-POLITICIAN O O O O O O O,NONE
"mr paul boat ##eng repeated calls for the mayor to ap ##olo ##gis ##e for like ##ning the reporter , oliver fine ##gold , to a concentration camp guard .",O B-POLITICIAN I-POLITICIAN I-POLITICIAN O O O O O O O O O O O O O O O O B-AUTHOR-WRITER I-AUTHOR-WRITER I-AUTHOR-WRITER O O O O O O O,NONE
"leaving a brussels summit mr thatcher said "" the fact turkey is a muslim country does not mean it should be barred "" .",O O O O O B-POLITICIAN O O O O O O O O O O O O O O O O O O,NONE
""" the play is obscene and pornographic although it was under the guise of women ' s liberation , "" mp lu ##iz ina ##cio lu ##la da silva told parliament .",O O O O O O O O O O O O O O O O O O O O O B-POLITICIAN I-POLITICIAN I-POLITICIAN I-POLITICIAN I-POLITICIAN I-POLITICIAN I-POLITICIAN I-POLITICIAN O O O,NONE
"on wednesday , mr oleg ry ##bach ##uk visited sl ##ums in the kenyan capital nairobi .",O O O O B-POLITICIAN I-POLITICIAN I-POLITICIAN I-POLITICIAN O O O O O O O O O,NONE
"these rumours were fuel ##led by mr brady ' s decision to hold his monthly media conference at the same time as a long - planned speech by mr brown on uk plans to tackle global poverty with a new "" marshall plan "" for africa .",O O O O O O O B-POLITICIAN O O O O O O O O O O O O O O O O O O O O O B-POLITICIAN O O O O O O O O O O O O O O O O O,NONE
"shadow leader of the commons harry lee said : "" this will be part of our aim to reduce unnecessary and costly interference in people ' s lives by reducing the size and role of the state "" .",O O O O O B-POLITICIAN I-POLITICIAN O O O O O O O O O O O O O O O O O O O O O O O O O O O O O O O O,NONE
mr paul is expected to tell activists in kent that voters ' tolerance and desire to help others are being abused .,O B-POLITICIAN O O O O O O O O O O O O O O O O O O O O,NONE
li ##b dem mp lord goldsmith said ministers had invented a new category of hunting - chasing away - and,O O O O B-POLITICIAN I-POLITICIAN O O O O O O O O O O O O O O,NONE
the extra time taken by president mike german and his entourage meant that there was a knock - on effect that led to significant delays .,O O O O O O B-POLITICIAN I-POLITICIAN O O O O O O O O O O O O O O O O O O,NONE
"the us secretary of energy nicholas confirmed that the machine had reached the break ##neck speed , according to the lin ##pack bench ##mark .",O O O O O B-POLITICIAN O O O O O O O O O O O O O O O O O O O,NONE
"mr mall ##on is a late recruit to the yes campaign after rejecting overture ##s from no campaign ##ers including , he claims , tory leader ken livingstone .",O B-POLITICIAN I-POLITICIAN O O O O O O O O O O O O O O O O O O O O O O O B-POLITICIAN I-POLITICIAN O,NONE
"for president straw , this proves a hopeless challenge .",O O B-POLITICIAN O O O O O O O,NONE
"prime minister tony blair said : "" john houston has been both a valued colleague and a trusted friend for many years .",O O B-POLITICIAN I-POLITICIAN O O O B-POLITICIAN I-POLITICIAN O O O O O O O O O O O O O O,NONE
"mr condo ##lee ##zza rice , who has described africa as a "" scar "" on the world ' s conscience , has already said tack ##ling world poverty would be one his g ##8 priorities along with climate change and the aids epidemic .",O B-POLITICIAN I-POLITICIAN I-POLITICIAN I-POLITICIAN O O O O O O O O O O O O O O O O O O O O O O O O O O O O O O O O O O O O O O O O,NONE
"mates sailed across the lake in bro ##ms ##grove , worcestershire , while on a visit with education secretary ruth kelly to back school outing ##s .",B-POLITICIAN O O O O O O O O O O O O O O O O O O B-POLITICIAN I-POLITICIAN O O O O O O,NONE
mr colin powell is expected to tell activists in kent that voters ' tolerance and desire to help others are being abused .,O B-POLITICIAN I-POLITICIAN O O O O O O O O O O O O O O O O O O O O,NONE
"shadow europe minister mr jack cunningham said : "" i believe it is essential that britain keeps the re ##bate and i think it ' s a crucial test of how firmly the british government is prepared to stand up for britain internationally in europe .",O O O O B-POLITICIAN I-POLITICIAN O O O O O O O O O O O O O O O O O O O O O O O O O O O O O O O O O O O O O O O O,NONE
"this week mu ##sha ##rra ##f , us secretary of state was visiting the west bank to stress us support for a smooth palestinian election in january .",O O B-POLITICIAN I-POLITICIAN I-POLITICIAN I-POLITICIAN O O O O O O O O O O O O O O O O O O O O O O,NONE
"mr oleg ry ##bach ##uk , 53 , is to become the uk ' s high commissioner to south africa .",O B-POLITICIAN I-POLITICIAN I-POLITICIAN I-POLITICIAN O O O O O O O O O O O O O O O O,NONE
"des browne is an able com ##mun ##ica ##tor and a capable politician , in exactly the way those who lead uk ##ip are not .",B-POLITICIAN I-POLITICIAN O O O O O O O O O O O O O O O O O O O O O O O O,NONE
speculation that president john was getting help during debates via a listening device was first aired on web logs .,O O O B-POLITICIAN O O O O O O O O O O O O O O O O,NONE
"chairman of the environmental audit committee day ##ani ##dhi mara ##n mp , said : "" the government ' s housing policy is an alarm ##ing example of di ##s ##jo ##int ##ed thinking in an areas where joined - up policy is crucial .",O O O O O O B-POLITICIAN I-POLITICIAN I-POLITICIAN I-POLITICIAN I-POLITICIAN O O O O O O O O O O O O O O O O O O O O O O O O O O O O O O O O O O,chairman
"mr francisco sol ##ano lopez is alleged to have said that the organs of the criminal ##ly insane should be "" made available to law - ab ##idi ##ng members of the community "" and proposed the legal ##isation of drugs and the sex trade .",O B-POLITICIAN I-POLITICIAN I-POLITICIAN I-POLITICIAN O O O O O O O O O O O O O O O O O O O O O O O O O O O O O O O O O O O O O O O O O,NONE
"more money is to be given to councils to develop official caravan parks , said housing minister mu ##sha ##rra ##f .",O O O O O O O O O O O O O O O O O B-POLITICIAN I-POLITICIAN I-POLITICIAN I-POLITICIAN O,NONE
foreign secretary ki ##rch ##ner is to visit thailand and indonesia this week .,O O B-POLITICIAN I-POLITICIAN I-POLITICIAN O O O O O O O O O,NONE
visa row mandarin made sir simon hughes,O O O O O B-POLITICIAN I-POLITICIAN,NONE
day ##ani ##dhi mara ##n ' proud of economy record ',B-POLITICIAN I-POLITICIAN I-POLITICIAN I-POLITICIAN I-POLITICIAN O O O O O O,NONE
"a group of shop steward ##s from the swan hunter shipyard , who said they were facing red ##unda ##ncy , could barely suppress their anger at mr des browne ' s failure to , as they saw it , shake off his tory leaning ##s and stand up for manufacturing in the north east .",O O O O O O O O O O O O O O O O O O O O O O O O O O O O B-POLITICIAN I-POLITICIAN O O O O O O O O O O O O O O O O O O O O O O O O O O,NONE
""" all of us in positions of leadership , not just president ya ##sser ara ##fat , have a responsibility to rise to this challenge .",O O O O O O O O O O O O B-POLITICIAN I-POLITICIAN I-POLITICIAN I-POLITICIAN O O O O O O O O O O,NONE
lu ##ft ##han ##sa may sue over bush visit german airline lu ##ft ##han ##sa may sue federal agencies for damages after the arrival of us president brady disrupted flights .,O O O O O O O B-POLITICIAN O O O O O O O O O O O O O O O O O O O B-POLITICIAN O O O,NONE
president neil herr ##on ' s advisers have repeatedly denied global warming is taking place .,O B-POLITICIAN I-POLITICIAN I-POLITICIAN O O O O O O O O O O O O,NONE
"mr jack cunningham , whose grandmother died in auschwitz , said many people would be offended by the prince ' s actions clarence house has issued a statement saying the prince has ap ##olo ##gis ##ed and realised it had been a poor costume .",O B-POLITICIAN I-POLITICIAN O O O O O O O O O O O O O O O O O O O O O O O O O O O O O O O O O O O O O O O O O O,NONE
and last week us treasury secretary gordon brown told an audience in the uk that the policy remained una ##lter ##ed .,O O O O O O B-POLITICIAN I-POLITICIAN O O O O O O O O O O O O O O,NONE
"echoing the new us secretary of state spencer abraham , the prime minister said there has been a clear evolution of us policy since the war in afghanistan in 2001 .",O O O O O O O B-POLITICIAN I-POLITICIAN O O O O O O O O O O O O O O O O O O O O O O,NONE
"mr blair also used his tv appearance to defend his party ' s plans to increase income tax to 50 % for those earning more than £100 , 000 , saying it would apply to just 1 % of the population .",O B-POLITICIAN O O O O O O O O O O O O O O O O O O O O O O O O O O O O O O O O O O O O O O O O,NONE
"australia ' s prime minister le ##mbit op ##ik also offered his congratulations , adding that their decision to marry was a "" sensible and a good thing "" .",O O O O O B-POLITICIAN I-POLITICIAN I-POLITICIAN I-POLITICIAN O O O O O O O O O O O O O O O O O O O O O,NONE
mr mu ##sha ##rra ##f briefly visited the tomb of ya ##sser ara ##fat in rama ##llah - the first world leader to do so .,O B-POLITICIAN I-POLITICIAN I-POLITICIAN I-POLITICIAN O O O O O B-POLITICIAN I-POLITICIAN I-POLITICIAN I-POLITICIAN O O O O O O O O O O O O,NONE
probe launched on ki ##rch ##ner nazi ji ##be,O O O B-POLITICIAN I-POLITICIAN I-POLITICIAN O O O,NONE
blair ' damaged ' by david mc ##let ##chi ##e row,B-POLITICIAN O O O O B-POLITICIAN I-POLITICIAN I-POLITICIAN I-POLITICIAN I-POLITICIAN O,NONE
ms peter ain ##sworth resigned as international development secretary over the iraq war .,O B-POLITICIAN I-POLITICIAN I-POLITICIAN O O O O O O O O O O,NONE
michael mates ' pressing us on climate ',B-POLITICIAN I-POLITICIAN O O O O O O,NONE
shadow foreign secretary finn ##ie said there was a constant need to ensure value for money from foreign missions .,O O O B-POLITICIAN I-POLITICIAN O O O O O O O O O O O O O O O,NONE
"even before the result became clear , mr ke ##fa ss ##em ##pg ##ani was being urged to push for action on climate change at his first meeting with whichever candidate won .",O O O O O O O O B-POLITICIAN I-POLITICIAN I-POLITICIAN I-POLITICIAN I-POLITICIAN I-POLITICIAN O O O O O O O O O O O O O O O O O O O,NONE
shadow home secretary oleg ry ##bach ##uk said five million children were being denied adequate sporting opportunities .,O O O B-POLITICIAN I-POLITICIAN I-POLITICIAN I-POLITICIAN O O O O O O O O O O O,NONE
"howard , shadow secretary for the family , told bbc radio 4 ' s today programme that the government ' s plans were "" inadequate "" and were "" paper ##ing over the cracks of the current system "" .",B-POLITICIAN O O O O O O O O O O O O O O O O O O O O O O O O O O O O O O O O O O O O O O O,NONE
the middle way group also said mr thatcher would be put in a position where he would have to buy a rifle to shoot animals that would have previously gone free .,O O O O O O O B-POLITICIAN O O O O O O O O O O O O O O O O O O O O O O O O,NONE
ben ##azi ##r b ##hu ##tto confirms casino climb ##down,B-POLITICIAN I-POLITICIAN I-POLITICIAN I-POLITICIAN I-POLITICIAN I-POLITICIAN O O O O,NONE
his comments come three days before he is due to meet president hilary ben ##n .,O O O O O O O O O O O O B-POLITICIAN I-POLITICIAN I-POLITICIAN O,NONE
"the killing , and le ##mbit op ##ik ' s death in 2002 , con ##vu ##ls ##ed the netherlands .",O O O O B-POLITICIAN I-POLITICIAN I-POLITICIAN I-POLITICIAN O O O O O O O O O O O O O,NONE
mr john reid confirmed israel shared information with the pa in the hunt for the organise ##rs of the attack .,O B-POLITICIAN I-POLITICIAN O O O O O O O O O O O O O O O O O O,NONE
"the us secretary of energy ken confirmed that the machine had reached the break ##neck speed , according to the lin ##pack bench ##mark .",O O O O O B-POLITICIAN O O O O O O O O O O O O O O O O O O O,NONE
"mr tony blair repeated calls for the mayor to ap ##olo ##gis ##e for like ##ning the reporter , oliver fine ##gold , to a concentration camp guard .",O B-POLITICIAN I-POLITICIAN O O O O O O O O O O O O O O O O B-AUTHOR-WRITER I-AUTHOR-WRITER I-AUTHOR-WRITER O O O O O O O,NONE
"tom mcc ##abe , one of the men lamp ##oon ##ed in the labour poster , affects be ##wil ##der ##ment at what he believes is labour ' s loss of its once sure footing on the campaign trail .",B-POLITICIAN I-POLITICIAN I-POLITICIAN O O O O O O O O O O O O O O O O O O O O O O O O O O O O O O O O O O O O O,NONE
"in january , mr as ##if za ##rda ##ri quit his bbc one show for remarks he made about arabs , who he called "" suicide bombers "" .",O O O O B-POLITICIAN I-POLITICIAN I-POLITICIAN I-POLITICIAN I-POLITICIAN O O O O O O O O O O O O O O O O O O O O,NONE
president michael an ##cr ##am ' s advisers have repeatedly denied global warming is taking place .,O B-POLITICIAN I-POLITICIAN I-POLITICIAN I-POLITICIAN O O O O O O O O O O O O,NONE
but aid charity action ##aid criticised mr thatcher ' s pre ##oc ##cup ##ation with finding a vaccine and called on g ##8 nations to fund hiv / aids treatments .,O O O O O O O B-POLITICIAN O O O O O O O O O O O O O O O O O O O O O O O,NONE
"in an article for the times newspaper , ms straw , who chairs the transport select committee , says : "" slight increases to low car speeds increase hugely the risks to pedestrians and cyclists .",O O O O O O O O O B-POLITICIAN O O O O O O O O O O O O O O O O O O O O O O O O O O,NONE
"international development secretary nestor ki ##rch ##ner will also visit ace ##h in indonesia , as well as sri lanka .",O O O B-POLITICIAN I-POLITICIAN I-POLITICIAN I-POLITICIAN O O O O O O O O O O O O O O,NONE
shadow foreign secretary lord has ##kins said there was a constant need to ensure value for money from foreign missions .,O O O B-POLITICIAN I-POLITICIAN I-POLITICIAN O O O O O O O O O O O O O O O,NONE
mr david davis was sworn in at a ceremony in washington dc on thursday .,O B-POLITICIAN I-POLITICIAN O O O O O O O O O O O O,NONE
"uk heading wrong way , says michael howard",O O O O O O B-POLITICIAN I-POLITICIAN,NONE
shadow foreign secretary ross finn ##ie told mps a new white paper was part of trying to soft ##en up opinion ahead of the referendum on the eu constitution .,O O O B-POLITICIAN I-POLITICIAN I-POLITICIAN O O O O O O O O O O O O O O O O O O O O O O O O,NONE
"others targeted include oliver let ##win , george w bush and theresa may , li ##b dem ' s elections chief lord ren ##nard said .",O O O B-POLITICIAN I-POLITICIAN I-POLITICIAN O B-POLITICIAN I-POLITICIAN I-POLITICIAN O B-POLITICIAN I-POLITICIAN O O O O O O O O B-POLITICIAN I-POLITICIAN I-POLITICIAN O O,NONE
speculation that president francisco sol ##ano lopez was getting help during debates via a listening device was first aired on web logs .,O O O B-POLITICIAN I-POLITICIAN I-POLITICIAN I-POLITICIAN O O O O O O O O O O O O O O O O,NONE
the middle way group also said mr kumar ##at ##ung ##a would be put in a position where he would have to buy a rifle to shoot animals that would have previously gone free .,O O O O O O O B-POLITICIAN I-POLITICIAN I-POLITICIAN I-POLITICIAN O O O O O O O O O O O O O O O O O O O O O O O O,NONE
nicholas blasts tory spending plans,B-POLITICIAN O O O O,NONE
"more money is to be given to councils to develop official caravan parks , said housing minister ya ##sser ara ##fat .",O O O O O O O O O O O O O O O O O B-POLITICIAN I-POLITICIAN I-POLITICIAN I-POLITICIAN O,NONE
paul begins pre - election tour,B-POLITICIAN O O O O O,NONE
jack cunningham denies war advice claim,B-POLITICIAN I-POLITICIAN O O O O,NONE
lord dub ##s : e - mail row ' silly fuss ',B-POLITICIAN I-POLITICIAN I-POLITICIAN O O O O O O O O O,NONE
"mr robert ki ##lr ##oy - silk ' s message generally , that compassion must become action before that hope is sq ##uan ##der ##ed .",O B-POLITICIAN I-POLITICIAN I-POLITICIAN I-POLITICIAN I-POLITICIAN I-POLITICIAN O O O O O O O O O O O O O O O O O O O,NONE
the prime minister hugh robertson is among those who have called for an apology but so far the mayor has refused .,O O O B-POLITICIAN I-POLITICIAN O O O O O O O O O O O O O O O O O,NONE
profile : y ##vet ##te cooper,O O B-POLITICIAN I-POLITICIAN I-POLITICIAN I-POLITICIAN,NONE
mr butler will focus on africa ' s development plans and global warming .,O B-POLITICIAN O O O O O O O O O O O O,NONE
"jo ##well , shadow secretary for the family , told bbc radio 4 ' s today programme that the government ' s plans were "" inadequate "" and were "" paper ##ing over the cracks of the current system "" .",B-POLITICIAN I-POLITICIAN O O O O O O O O O O O O O O O O O O O O O O O O O O O O O O O O O O O O O O O,NONE
both the prime minister and chancellor r ##ho ##dr ##i morgan have called for urgent action to fight world poverty .,O O O O O O B-POLITICIAN I-POLITICIAN I-POLITICIAN I-POLITICIAN I-POLITICIAN O O O O O O O O O O,NONE
"robert ki ##lr ##oy - silk , leader of the liberal democrats in the assembly , claimed that one in three homes were still likely to face council tax rises due to re ##band ##ing .",B-POLITICIAN I-POLITICIAN I-POLITICIAN I-POLITICIAN I-POLITICIAN I-POLITICIAN O O O O O O O O O O O O O O O O O O O O O O O O O O O O O O,NONE
mrs kelly has also appeared along side her husband on tv chat shows .,O B-POLITICIAN O O O O O O O O O O O O,NONE
mr ko ##fi anna ##n ' s trip is designed to highlight how the uk wants to make africa ' s problems a priority of its chairman ##ship of the g ##8 this year .,O B-POLITICIAN I-POLITICIAN I-POLITICIAN I-POLITICIAN O O O O O O O O O O O O O O O O O O O O O O O O O O O O O O,NONE
tony ' pressing us on climate ',B-POLITICIAN O O O O O O,NONE
mr blair briefly visited the tomb of john howard in rama ##llah - the first world leader to do so .,O B-POLITICIAN O O O O O B-POLITICIAN I-POLITICIAN O O O O O O O O O O O O,NONE
mr david blu ##nk ##ett has vowed to put africa at the top of his agenda during his time at the helm of the g ##8 .,O B-POLITICIAN I-POLITICIAN I-POLITICIAN I-POLITICIAN O O O O O O O O O O O O O O O O O O O O O O,NONE
mr theresa may said he hoped the agreement would make a difference to kashmir ##is .,O B-POLITICIAN I-POLITICIAN O O O O O O O O O O O O O,NONE
mr john snow ' s trip is designed to highlight how the uk wants to make africa ' s problems a priority of its chairman ##ship of the g ##8 this year .,O B-POLITICIAN I-POLITICIAN O O O O O O O O O O O O O O O O O O O O O O O O O O O O O O,NONE
mr ruth kelly has probably been closer to president bush than any other european leader .,O B-POLITICIAN I-POLITICIAN O O O O O O B-POLITICIAN O O O O O O,NONE
"but mr oleg ry ##bach ##uk had been "" hurt "" by the iraq controversy , he added .",O O B-POLITICIAN I-POLITICIAN I-POLITICIAN I-POLITICIAN O O O O O O O O O O O O O,NONE
mr butler has been a leading advocate of turkish membership despite controversy surrounding the idea .,O B-POLITICIAN O O O O O O O O O O O O O O,NONE
mr jack cunningham confirmed israel shared information with the pa in the hunt for the organise ##rs of the attack .,O B-POLITICIAN I-POLITICIAN O O O O O O O O O O O O O O O O O O,NONE
ko ##fi anna ##n ' s hope for blu ##nk ##ett return,B-POLITICIAN I-POLITICIAN I-POLITICIAN I-POLITICIAN O O O O B-POLITICIAN I-POLITICIAN I-POLITICIAN O,NONE
"blair hail ##s turkey - eu talks deal tha ##bo mbe ##ki has hailed a deal bringing turkey a step closer to eu membership as important for the world ' s future "" peace and prosperity "" .",B-POLITICIAN O O O O O O O B-POLITICIAN I-POLITICIAN I-POLITICIAN I-POLITICIAN O O O O O O O O O O O O O O O O O O O O O O O O O O,NONE
"on the question of whether such papers have always been kept confidential , tory mp michael mates , who is a member of the commons intelligence and security committee and was part of the david davis inquiry , told the bbc : "" that , as a general rule , is right , but it ' s not an absolute rule . """,O O O O O O O O O O O O O O O B-POLITICIAN I-POLITICIAN O O O O O O O O O O O O O O O O O B-POLITICIAN I-POLITICIAN O O O O O O O O O O O O O O O O O O O O O O O O O O O,NONE
"mr michael mates entered parliament for sheffield bright ##side in 1987 , after first contest ##ing the sheffield hall ##am seat in 1974 .",O B-POLITICIAN I-POLITICIAN O O O O O O O O O O O O O O O O O O O O O,NONE
but he played down reports mr george shu ##lt ##z was considering a new us - friendly treaty .,O O O O O O B-POLITICIAN I-POLITICIAN I-POLITICIAN I-POLITICIAN O O O O O O O O O,NONE
""" i believe that the generation that provided the finance to combat , cure and era ##dicate the world ' s dead ##liest disease of today - and today the world ' s least cu ##rable disease - hiv / aids - will right ##ly earn the title ' the great generation ' , "" mr abbas said in a speech during his african tour .",O O O O O O O O O O O O O O O O O O O O O O O O O O O O O O O O O O O O O O O O O O O O O O O O O O O O O O O O B-POLITICIAN O O O O O O O O O,NONE
li ##b dem mp charles clarke said ministers had invented a new category of hunting - chasing away - and,O O O O B-POLITICIAN I-POLITICIAN O O O O O O O O O O O O O O,NONE
"he said : "" if someone as senior as blu ##nk ##ett is not going to favour stem cell research we will end up with a similarly sc ##hi ##zo ##ph ##ren ##ic system in this country .",O O O O O O O O O B-POLITICIAN I-POLITICIAN I-POLITICIAN O O O O O O O O O O O O O O O O O O O O O O O O O O,NONE
he did not think mr oliver let ##win intended to centre the debate about race .,O O O O O B-POLITICIAN I-POLITICIAN I-POLITICIAN O O O O O O O O,NONE
shadow home secretary mall ##on said five million children were being denied adequate sporting opportunities .,O O O B-POLITICIAN I-POLITICIAN O O O O O O O O O O O,NONE
mr smith is an enthusiastic proponent of talks to bring turkey within the recently - expanded eu .,O B-POLITICIAN O O O O O O O O O O O O O O O O,NONE
mr straw is currently touring africa after a week of facing questions about reports of his splits with downing street .,O B-POLITICIAN O O O O O O O O O O O O O O O O O O O,NONE
"in a statement , he said abortion was a "" very key issue "" , saying : "" the policy supported by mr sharon is one that we would com ##men ##d , on the way to a full abandonment of abortion . """,O O O O O O O O O O O O O O O O O O O O O O O B-POLITICIAN O O O O O O O O O O O O O O O O O O O O,NONE
both the prime minister and chancellor greens ##pan have called for urgent action to fight world poverty .,O O O O O O B-POLITICIAN I-POLITICIAN O O O O O O O O O O,NONE
a ##ya ##an hi ##rs ##i ali sees greater bush consensus,B-POLITICIAN I-POLITICIAN I-POLITICIAN I-POLITICIAN I-POLITICIAN I-POLITICIAN I-POLITICIAN O O B-POLITICIAN O,NONE
mr dun ##wood ##y has been a leading advocate of turkish membership despite controversy surrounding the idea .,O B-POLITICIAN I-POLITICIAN I-POLITICIAN O O O O O O O O O O O O O O,NONE
"speaking in london on monday , gen mil ##burn said al - qaeda was "" on the run "" in pakistan .",O O O O O O O B-POLITICIAN I-POLITICIAN O O O O O O O O O O O O O,NONE
his comments came as president jo ##well said the us backed russian entry .,O O O O O B-POLITICIAN I-POLITICIAN O O O O O O O,NONE
profile : day ##ani ##dhi mara ##n,O O B-POLITICIAN I-POLITICIAN I-POLITICIAN I-POLITICIAN I-POLITICIAN,NONE
""" patent rights , it is claimed , protect inventor ##s but in this case it is exclusively the interests of the big companies that are protected , "" john snow , a austrian green member of the european parliament said in a statement .",O O O O O O O O O O O O O O O O O O O O O O O O O O O O O B-POLITICIAN I-POLITICIAN O O O O O O O O O O O O O O,NONE
"so if you are a couple with children , a pension ##er , a patient or a young ##ster , there was something pulled from mr ken ' s red box in an attempt to persuade you to stick with or switch to a new labour government .",O O O O O O O O O O O O O O O O O O O O O O O O O O B-POLITICIAN O O O O O O O O O O O O O O O O O O O O O,NONE
john reid ' tr ##uan ##ted to play snooker ',B-POLITICIAN I-POLITICIAN O O O O O O O O,NONE
"prime minister david davis ' s official spokesman said : "" there are british nationals in ivory coast and as you can imagine we are making the usual con ##ting ##ency plans in case the situation deter ##ior ##ates further , but that ' s all i can say at this stage . """,O O B-POLITICIAN I-POLITICIAN O O O O O O O O O O O O O O O O O O O O O O O O O O O O O O O O O O O O O O O O O O O O O O O O O O,NONE
mr ya ##sser ara ##fat will focus on africa ' s development plans and global warming .,O B-POLITICIAN I-POLITICIAN I-POLITICIAN I-POLITICIAN O O O O O O O O O O O O,NONE
jack cunningham ' s hope for blu ##nk ##ett return,B-POLITICIAN I-POLITICIAN O O O O B-POLITICIAN I-POLITICIAN I-POLITICIAN O,NONE
this morning clarke even called me a mon ##gre ##l .,O O B-POLITICIAN O O O O O O O O,NONE
labour ' s paul boat ##eng said she found it hard to persuade commons officials she was a minister and not a secretary .,O O O B-POLITICIAN I-POLITICIAN I-POLITICIAN O O O O O O O O O O O O O O O O O O,NONE
"the eu ' s humanitarian aid commissioner , lord goldsmith , was quoted as saying that it was key to bring aid "" in those vital hours and days immediately after the disaster "" .",O O O O O O O O B-POLITICIAN I-POLITICIAN O O O O O O O O O O O O O O O O O O O O O O O O O,NONE
"mr short is alleged to have said that the organs of the criminal ##ly insane should be "" made available to law - ab ##idi ##ng members of the community "" and proposed the legal ##isation of drugs and the sex trade .",O B-POLITICIAN O O O O O O O O O O O O O O O O O O O O O O O O O O O O O O O O O O O O O O O O O,NONE
"mr michael howard , who is a member of the commons intelligence and security committee and was part of the butler inquiry into pre - war intelligence , told the bbc on friday : "" that , as a general rule , is right , but it ' s not an absolute rule . """,O B-POLITICIAN I-POLITICIAN O O O O O O O O O O O O O O O O O B-POLITICIAN O O O O O O O O O O O O O O O O O O O O O O O O O O O O O O O O O O,NONE
but he played down reports mr kumar ##at ##ung ##a was considering a new us - friendly treaty .,O O O O O O B-POLITICIAN I-POLITICIAN I-POLITICIAN I-POLITICIAN O O O O O O O O O,NONE
"the latest to pitch in has been president blu ##nk ##ett himself , who told the asia pacific economic co - operation ( ape ##c ) summit in chile that he remained committed to hal ##ving the budget deficit .",O O O O O O O O B-POLITICIAN I-POLITICIAN I-POLITICIAN O O O O O O O O O O O O O O O O O O O O O O O O O O O O O,NONE
gen charles clarke held talks with tony blair on monday .,O B-POLITICIAN I-POLITICIAN O O O B-POLITICIAN I-POLITICIAN O O O,NONE
but aid charity action ##aid criticised mr goldsmith ' s pre ##oc ##cup ##ation with finding a vaccine and called on g ##8 nations to fund hiv / aids treatments .,O O O O O O O B-POLITICIAN O O O O O O O O O O O O O O O O O O O O O O O,NONE
"prime minister lord call ##aghan ' s official spokesman said : "" there are british nationals in ivory coast and as you can imagine we are making the usual con ##ting ##ency plans in case the situation deter ##ior ##ates further , but that ' s all i can say at this stage . """,O O B-POLITICIAN I-POLITICIAN I-POLITICIAN O O O O O O O O O O O O O O O O O O O O O O O O O O O O O O O O O O O O O O O O O O O O O O O O O O,NONE
brown hits back in lord call ##aghan rift row,B-POLITICIAN O O O B-POLITICIAN I-POLITICIAN I-POLITICIAN O O,NONE
labour battle plan ' hides tha ##bo mbe ##ki ',O O O O O B-POLITICIAN I-POLITICIAN I-POLITICIAN I-POLITICIAN O,NONE
"ki ##lr ##oy - silk , leader of the liberal democrats in the assembly , claimed that one in three homes were still likely to face council tax rises due to re ##band ##ing .",B-POLITICIAN I-POLITICIAN I-POLITICIAN I-POLITICIAN I-POLITICIAN O O O O O O O O O O O O O O O O O O O O O O O O O O O O O O,NONE
"mr day ##ani ##dhi mara ##n entered parliament for sheffield bright ##side in 1987 , after first contest ##ing the sheffield hall ##am seat in 1974 .",O B-POLITICIAN I-POLITICIAN I-POLITICIAN I-POLITICIAN I-POLITICIAN O O O O O O O O O O O O O O O O O O O O O,NONE
richard allan rejects ' las vegas ' ji ##be,B-POLITICIAN I-POLITICIAN O O O O O O O,NONE
"more money is to be given to councils to develop official caravan parks , said housing minister tony .",O O O O O O O O O O O O O O O O O B-POLITICIAN O,NONE
"on tape , mr boat ##eng , who once worked as a freelance restaurant critic on the paper , is heard asking reporter oliver fine ##gold if he is a "" german war criminal "" .",O O O O B-POLITICIAN I-POLITICIAN O O O O O O O O O O O O O O O O O B-AUTHOR-WRITER I-AUTHOR-WRITER I-AUTHOR-WRITER O O O O O O O O O O,critic
"ho ##s ##ni mu ##bara ##k is an able com ##mun ##ica ##tor and a capable politician , in exactly the way those who lead uk ##ip are not .",B-POLITICIAN I-POLITICIAN I-POLITICIAN I-POLITICIAN I-POLITICIAN I-POLITICIAN O O O O O O O O O O O O O O O O O O O O O O O O,NONE
one is a jamaican who joined british troops to fight short but finds life difficult out of uniform when he settles in london .,O O O O O O O O O O B-POLITICIAN O O O O O O O O O O O O O,NONE
"mr ki ##lr ##oy is alleged to have said that the organs of the criminal ##ly insane should be "" made available to law - ab ##idi ##ng members of the community "" and proposed the legal ##isation of drugs and the sex trade .",O B-POLITICIAN I-POLITICIAN I-POLITICIAN O O O O O O O O O O O O O O O O O O O O O O O O O O O O O O O O O O O O O O O O O,NONE
the extra time taken by president david blu ##nk ##ett and his entourage meant that there was a knock - on effect that led to significant delays .,O O O O O O B-POLITICIAN I-POLITICIAN I-POLITICIAN I-POLITICIAN O O O O O O O O O O O O O O O O O O,NONE
"mr theresa may also used his tv appearance to defend his party ' s plans to increase income tax to 50 % for those earning more than £100 , 000 , saying it would apply to just 1 % of the population .",O B-POLITICIAN I-POLITICIAN O O O O O O O O O O O O O O O O O O O O O O O O O O O O O O O O O O O O O O O O,NONE
livingstone said he would do everything he could to meet concerns about the bill .,B-POLITICIAN O O O O O O O O O O O O O O,NONE
mr gates is said to be trying to arrange a meeting with brazil ' s president dun ##wood ##y .,O B-BUSINESS-EXECUTIVE-MANAGER O O O O O O O O O O O O O O B-POLITICIAN I-POLITICIAN I-POLITICIAN O,NONE
colin powell replies that no one thought the berlin wall would ever come down either .,B-POLITICIAN I-POLITICIAN O O O O O O O O O O O O O O,NONE
president smith attended a ceremony in the southern town of ham ##bant ##ota .,O B-POLITICIAN O O O O O O O O O O O O,NONE
"mr dun ##wood ##y ' s own comments on immigration had prompted ce ##ns ##ure - he told refugees from afghanistan and kosovo to "" get back home "" to start rebuilding their countries .",O B-POLITICIAN I-POLITICIAN I-POLITICIAN O O O O O O O O O O O O O O O O O O O O O O O O O O O O O O O,NONE
"sadly comments such as his will make a lot of people believe that they are governed by people who are fast becoming tyrant ##s instead of being genuinely committed to stopping ty ##ran ##ny , even if the method employed to do that is at the moment alien to the british people who have lived in a democracy protected by ke ##fa ss ##em ##pg ##ani and others of like mind who , mr . forsyth seems to be putting along side the ' sc ##ruff ##y little austrian . '",O O O O O O O O O O O O O O O O O O O O O O O O O O O O O O O O O O O O O O O O O O O O O O O O O O O O O O O O O O O O B-POLITICIAN I-POLITICIAN I-POLITICIAN I-POLITICIAN I-POLITICIAN I-POLITICIAN O O O O O O O O O B-AUTHOR-WRITER O O O O O O O O O O O O O O O,NONE
"uk heading wrong way , says kamal nat ##h",O O O O O O B-POLITICIAN I-POLITICIAN I-POLITICIAN,NONE
"a group of shop steward ##s from the swan hunter shipyard , who said they were facing red ##unda ##ncy , could barely suppress their anger at mr tony ' s failure to , as they saw it , shake off his tory leaning ##s and stand up for manufacturing in the north east .",O O O O O O O O O O O O O O O O O O O O O O O O O O O O B-POLITICIAN O O O O O O O O O O O O O O O O O O O O O O O O O O,NONE
"speaking in london on monday , gen richard allan said al - qaeda was "" on the run "" in pakistan .",O O O O O O O B-POLITICIAN I-POLITICIAN O O O O O O O O O O O O O,NONE
"az ##mat beg ##g , father of doug kaye , thanked his lawyers and the british people for the support he had received while campaigning for his son ' s release .",B-PUBLIC-FIGURE I-PUBLIC-FIGURE I-PUBLIC-FIGURE I-PUBLIC-FIGURE O O O B-PUBLIC-FIGURE I-PUBLIC-FIGURE O O O O O O O O O O O O O O O O O O O O O O O,NONE
"mr tu ##tu allegedly approached dr dr ##e , who was seated at a table in front of the stage , and appeared to ask for an auto ##graph before punching him .",O B-PUBLIC-FIGURE I-PUBLIC-FIGURE O O B-MUSICIAN I-MUSICIAN I-MUSICIAN O O O O O O O O O O O O O O O O O O O O O O O O O,NONE
"mr ho ##bbe ##s , who used to work in the military , knew how important on the ground communication can be in times of disaster .",O B-PUBLIC-FIGURE I-PUBLIC-FIGURE I-PUBLIC-FIGURE O O O O O O O O O O O O O O O O O O O O O O O,NONE
", "" hunt master , captain diane grange ##r , said .",O O O O O O B-PUBLIC-FIGURE I-PUBLIC-FIGURE I-PUBLIC-FIGURE O O O,NONE
"on tuesday sir alan said the application for leave to remain in the uk made by ferguson ' s nanny was processed in 52 days , 120 days faster than the average .",O O O B-BUSINESS-EXECUTIVE-MANAGER O O O O O O O O O O O O B-PUBLIC-FIGURE O O O O O O O O O O O O O O O O,NONE
racing pun ##dit kate moss has become the latest contestant to be evicted from celebrity big brother .,O O O B-PUBLIC-FIGURE I-PUBLIC-FIGURE O O O O O O O O O O O O O,pundit
"as such there was nothing to stop mr kota ##mara ##ja letting people hunt "" un ##re ##gul ##ated "" imported animals and wild pigs .",O O O O O O O O B-PUBLIC-FIGURE I-PUBLIC-FIGURE I-PUBLIC-FIGURE O O O O O O O O O O O O O O O,NONE
mr paul al ##cock ' s statements have been wildly contradictory .,O B-PUBLIC-FIGURE I-PUBLIC-FIGURE I-PUBLIC-FIGURE O O O O O O O O,NONE
"on thursday night , phil cross ##ley , 56 , and mrs parker bowl ##es , 57 , hosted a dinner at windsor castle , their first public appearance since announcing their engagement .",O O O O B-PUBLIC-FIGURE I-PUBLIC-FIGURE I-PUBLIC-FIGURE O O O O O B-PUBLIC-FIGURE I-PUBLIC-FIGURE I-PUBLIC-FIGURE O O O O O O O O O O O O O O O O O O O,NONE
the asha jam ##a musical has been master ##mind ##ed by theatre imp ##res ##ario sir cameron mack ##int ##osh and directed by richard eyre with choreography by matthew bourne .,O B-PUBLIC-FIGURE I-PUBLIC-FIGURE I-PUBLIC-FIGURE O O O O O O O O O O O B-BUSINESS-EXECUTIVE-MANAGER I-BUSINESS-EXECUTIVE-MANAGER I-BUSINESS-EXECUTIVE-MANAGER I-BUSINESS-EXECUTIVE-MANAGER I-BUSINESS-EXECUTIVE-MANAGER O O O B-ACTOR-DIRECTOR I-ACTOR-DIRECTOR O O O B-ACTOR-DIRECTOR I-ACTOR-DIRECTOR O,NONE
"meanwhile , design engineer harry will be awarded an oscar at the scientific and technical awards dinner on 12 february 2005 .",O O O O B-PUBLIC-FIGURE O O O O O O O O O O O O O O O O O,NONE
"prince harry should see for himself "" the results of the hated symbol he so foolish ##ly and bra ##zen ##ly chose to wear "" , rabbi archer , founder of jewish human rights group the simon wi ##ese ##nt ##hal center said .",B-PUBLIC-FIGURE I-PUBLIC-FIGURE O O O O O O O O O O O O O O O O O O O O O O O O O B-PUBLIC-FIGURE O O O O O O O O O O O O O O O O,rabbi
"dal ##dry directed the successful film version of ir ##fan han ##if , adapted from lee hall ' s script .",B-ACTOR-DIRECTOR I-ACTOR-DIRECTOR O O O O O O B-PUBLIC-FIGURE I-PUBLIC-FIGURE I-PUBLIC-FIGURE I-PUBLIC-FIGURE O O O B-AUTHOR-WRITER I-AUTHOR-WRITER O O O O,NONE
the issue entered the public spotlight when norfolk farmer duke of edinburgh was jailed for shooting dead a 16 - year - old bu ##rg ##lar in 1999 as he ran away from the farm .,O O O O O O O O O B-PUBLIC-FIGURE I-PUBLIC-FIGURE I-PUBLIC-FIGURE O O O O O O O O O O O O O O O O O O O O O O O O,NONE
his name is to ##te king and morrison says that he is the hip - hop leader in spain .,O O O B-MUSICIAN I-MUSICIAN I-MUSICIAN O B-PUBLIC-FIGURE O O O O O O O O O O O O,NONE
the star of film and tv hits day of the jack ##al and edward and curry has joined forces with swansea - born actor - director terry palmer .,O O O O O O O O O O O O O B-PUBLIC-FIGURE O B-PUBLIC-FIGURE O O O O O O O O O O B-ACTOR-DIRECTOR I-ACTOR-DIRECTOR O,NONE
"and david sc ##h ##wi ##mmer ( spec ##tor ) directed during his time on friends , and has also worked on joey .",O B-ACTOR-DIRECTOR I-ACTOR-DIRECTOR I-ACTOR-DIRECTOR I-ACTOR-DIRECTOR I-ACTOR-DIRECTOR O B-PUBLIC-FIGURE I-PUBLIC-FIGURE O O O O O O O O O O O O O O O,NONE
"the incredible hulk , mr nor ##rell , iron man and the rest all gr ##apple ##d with problems like drug abuse , big ##ot ##ry and social inequality .",B-PUBLIC-FIGURE I-PUBLIC-FIGURE I-PUBLIC-FIGURE O B-PUBLIC-FIGURE I-PUBLIC-FIGURE I-PUBLIC-FIGURE O B-PUBLIC-FIGURE I-PUBLIC-FIGURE O O O O O O O O O O O O O O O O O O O O,NONE
"as such there was nothing to stop mr mark long ##den letting people hunt "" un ##re ##gul ##ated "" imported animals and wild pigs .",O O O O O O O O B-PUBLIC-FIGURE I-PUBLIC-FIGURE I-PUBLIC-FIGURE O O O O O O O O O O O O O O O,NONE
"mrs john mcc ##ri ##rick said the prince went down on one knee to propose and added : "" i ' m just coming down to earth . """,O B-PUBLIC-FIGURE I-PUBLIC-FIGURE I-PUBLIC-FIGURE I-PUBLIC-FIGURE O O O O O O O O O O O O O O O O O O O O O O O O,NONE
medical research council professor sharon os ##bourne said ms kelly ' s views mattered as she was responsible for training future scientists .,O O O O B-PUBLIC-FIGURE I-PUBLIC-FIGURE I-PUBLIC-FIGURE O O B-POLITICIAN O O O O O O O O O O O O O,professor
had ##i is seen quiz ##zing a college administrator on why he was refused .,B-PUBLIC-FIGURE I-PUBLIC-FIGURE O O O O O O O O O O O O O,NONE
prof van gogh has also been the national clinical director for children in the department of health .,O B-PUBLIC-FIGURE I-PUBLIC-FIGURE O O O O O O O O O O O O O O O,NONE
"al a ##yn ##sley - green , the mighty thor , iron man and the rest all gr ##apple ##d with problems like drug abuse , big ##ot ##ry and social inequality .",B-PUBLIC-FIGURE I-PUBLIC-FIGURE I-PUBLIC-FIGURE I-PUBLIC-FIGURE I-PUBLIC-FIGURE I-PUBLIC-FIGURE O B-PUBLIC-FIGURE I-PUBLIC-FIGURE I-PUBLIC-FIGURE O B-PUBLIC-FIGURE I-PUBLIC-FIGURE O O O O O O O O O O O O O O O O O O O O,NONE
"after the erotic nature of y tu mama tam ##bie ##n , cu ##aro ##n was a surprise choice to direct the third thorne no ##gar film but his dark interpretation was received well by the public and critics alike .",O O O O O O O O O O O O B-ACTOR-DIRECTOR I-ACTOR-DIRECTOR I-ACTOR-DIRECTOR O O O O O O O O B-PUBLIC-FIGURE I-PUBLIC-FIGURE I-PUBLIC-FIGURE O O O O O O O O O O O O O O O,NONE
"on this occasion it was arsenal , "" keith hackett told bbc radio five live .",O O O O O O O O B-PUBLIC-FIGURE I-PUBLIC-FIGURE O O O O O O,NONE
"icon spent very little on advertising the film , which deals with the last hours of manuel mill ##an ' s life , when it was released earlier this year",O O O O O O O O O O O O O O O O B-PUBLIC-FIGURE I-PUBLIC-FIGURE I-PUBLIC-FIGURE O O O O O O O O O O O,NONE
row ##ling has already revealed that the half - blood prince is neither harry nor jackie stall ##one .,B-AUTHOR-WRITER I-AUTHOR-WRITER O O O O O O O O O O O B-PUBLIC-FIGURE O B-PUBLIC-FIGURE I-PUBLIC-FIGURE I-PUBLIC-FIGURE O,NONE
""" mr nor ##rell ' s conviction marks the end of his public char ##ade as a crusader against fraud in the market , "" said ms ma ##us ##ko ##pf .",O B-PUBLIC-FIGURE I-PUBLIC-FIGURE I-PUBLIC-FIGURE O O O O O O O O O O O O O O O O O O O O O O O B-PUBLIC-FIGURE I-PUBLIC-FIGURE I-PUBLIC-FIGURE I-PUBLIC-FIGURE O,NONE
the outgoing head of the troubled child support agency mcc ##ri ##rick also earn ##s an honour in the new year ' s list .,O O O O O O O O O B-PUBLIC-FIGURE I-PUBLIC-FIGURE I-PUBLIC-FIGURE O O O O O O O O O O O O O,NONE
"ferguson , who slashed a man in a doctors ' surgery in coat ##bridge in 1994 , had been out to see his fia ##nc & # 233 ; e jim de boo ##y , 47 , whom he met when she was a patient at the high security complex in south lana ##rks ##hire .",B-PUBLIC-FIGURE O O O O O O O O O O O O O O O O O O O O O O O O O O O O O B-PUBLIC-FIGURE I-PUBLIC-FIGURE I-PUBLIC-FIGURE I-PUBLIC-FIGURE O O O O O O O O O O O O O O O O O O O O O O,NONE
"ten - year - old dakota fan ##ning will play ki ##s ##na , the girl at the centre of the story , in the film to be directed by 13 going on 30 film - maker gary win ##ick .",O O O O O B-ACTOR-DIRECTOR I-ACTOR-DIRECTOR I-ACTOR-DIRECTOR O O B-PUBLIC-FIGURE I-PUBLIC-FIGURE I-PUBLIC-FIGURE O O O O O O O O O O O O O O O O O O O O O O O O B-ACTOR-DIRECTOR I-ACTOR-DIRECTOR I-ACTOR-DIRECTOR O,NONE
mrs jonathan strange will take the title hr ##h duchess of cornwall after a civil ceremony to be held at windsor castle .,O B-PUBLIC-FIGURE I-PUBLIC-FIGURE O O O O O O O O O O O O O O O O O O O O,NONE
"we do not want him or anybody else taking over united , "" said sharon os ##bourne of the independent manchester united supporters ' association .",O O O O O O O O O O O O O O B-PUBLIC-FIGURE I-PUBLIC-FIGURE I-PUBLIC-FIGURE O O O O O O O O O,NONE
photographer prince william then goes on the run from secret service agents who bu ##rg ##le his home and threaten his family .,O B-PUBLIC-FIGURE I-PUBLIC-FIGURE O O O O O O O O O O O O O O O O O O O O,NONE
"the critics ' circle named rebecca len ##kiewicz its most promising playwright for the night season , and eddie red ##may ##ne most promising newcomer for the goat or , who is jonathan strange ?",O O O O O B-AUTHOR-WRITER I-AUTHOR-WRITER I-AUTHOR-WRITER O O O O O O O O O O B-ACTOR-DIRECTOR I-ACTOR-DIRECTOR I-ACTOR-DIRECTOR I-ACTOR-DIRECTOR O O O O O O O O O O B-PUBLIC-FIGURE I-PUBLIC-FIGURE O,NONE
paolo di can ##io was given a seven - match suspension when he pushed referee fred barr ##as over in a premiership game between sheffield wednesday and arsenal in 1998 .,B-ATHLETE I-ATHLETE I-ATHLETE I-ATHLETE O O O O O O O O O O O B-PUBLIC-FIGURE I-PUBLIC-FIGURE I-PUBLIC-FIGURE O O O O O O O O O O O O O,NONE
"in an interview published in the radio times in january , victoria wood slated comedian sac ##ha baron cohen for his character khan ' s "" horrible "" brand of "" victim "" humour .",O O O O O O O O O O O B-ACTOR-DIRECTOR I-ACTOR-DIRECTOR O O B-ACTOR-DIRECTOR I-ACTOR-DIRECTOR I-ACTOR-DIRECTOR I-ACTOR-DIRECTOR O O O B-PUBLIC-FIGURE O O O O O O O O O O O O,NONE
"mr con ##te , 23 , from croydon , south london , was taken to guantanamo bay after being captured in afghanistan in 2001 .",O B-PUBLIC-FIGURE I-PUBLIC-FIGURE O O O O O O O O O O O O O O O O O O O O O O,NONE
"a photograph of prince mr nor ##rell wearing a sw ##ast ##ika arm ##band and german desert uniform at the party appears in thursday ' s sun newspaper under the headline : "" mr nor ##rell the nazi . """,O O O O B-PUBLIC-FIGURE I-PUBLIC-FIGURE I-PUBLIC-FIGURE O O O O O O O O O O O O O O O O O O O O O O O O O O B-PUBLIC-FIGURE I-PUBLIC-FIGURE I-PUBLIC-FIGURE O O O O,NONE
"booker director taylor hack ##ford , responsible for the classic 1982 film an officer and a gentleman , has also received an oscar nomination in the best director category .",B-PUBLIC-FIGURE O B-ACTOR-DIRECTOR I-ACTOR-DIRECTOR I-ACTOR-DIRECTOR O O O O O O O O O O O O O O O O O O O O O O O O O,NONE
"mr thorne no ##gar called himself an itunes customer who "" was also forced to purchase an apple ipod "" if he wanted to take his music with him to listen to .",O B-PUBLIC-FIGURE I-PUBLIC-FIGURE I-PUBLIC-FIGURE O O O O O O O O O O O O O O O O O O O O O O O O O O O O O,NONE
"in one of britain ' s highest profile cases , norfolk farmer ray was jailed for life for murdering 16 - year - old bu ##rg ##lar fred barr ##as , in 1999 .",O O O O O O O O O O O O B-PUBLIC-FIGURE O O O O O O O O O O O O O O B-PUBLIC-FIGURE I-PUBLIC-FIGURE I-PUBLIC-FIGURE O O O O,NONE
""" captain brad adams and the crew of the n ##x - 01 need your help to continue their journeys ! """,O O B-PUBLIC-FIGURE I-PUBLIC-FIGURE O O O O O O O O O O O O O O O O O O,NONE
ma ##us ##ko ##pf out of big brother show,B-PUBLIC-FIGURE I-PUBLIC-FIGURE I-PUBLIC-FIGURE I-PUBLIC-FIGURE O O O O O,NONE
"icon spent very little on advertising the film , which deals with the last hours of has ##sel ' s life , when it was released earlier this year",O O O O O O O O O O O O O O O O B-PUBLIC-FIGURE I-PUBLIC-FIGURE O O O O O O O O O O O,NONE
"and producer sho ##go tom ##iya ##ma added : "" so long as ir ##fan han ##if can fa ##sc ##inate people , i believe he will be resurrected by new generations of filmmakers in the future . """,O O B-BUSINESS-EXECUTIVE-MANAGER I-BUSINESS-EXECUTIVE-MANAGER I-BUSINESS-EXECUTIVE-MANAGER I-BUSINESS-EXECUTIVE-MANAGER I-BUSINESS-EXECUTIVE-MANAGER O O O O O O B-PUBLIC-FIGURE I-PUBLIC-FIGURE I-PUBLIC-FIGURE I-PUBLIC-FIGURE O O O O O O O O O O O O O O O O O O O O O O,NONE
"j ##k row ##ling ' s fifth book in the wizard series , rob ##oco ##p and order of the phoenix was amazon ' s largest pre - ordered item ever , with 420 , 000 copies pre - ordered prior to its release in june 2003 .",B-AUTHOR-WRITER I-AUTHOR-WRITER I-AUTHOR-WRITER I-AUTHOR-WRITER O O O O O O O O O B-PUBLIC-FIGURE I-PUBLIC-FIGURE I-PUBLIC-FIGURE O O O O O O O O O O O O O O O O O O O O O O O O O O O O O O O O,NONE
"some years ago the marvel hero , jem ##ima khan , came out of the closet .",O O O O O O O B-PUBLIC-FIGURE I-PUBLIC-FIGURE I-PUBLIC-FIGURE O O O O O O O,NONE
"presley ' s daughter rob ##oco ##p retains possession of grace ##land and many of her father ' s "" personal effects "" .",B-MUSICIAN O O O B-PUBLIC-FIGURE I-PUBLIC-FIGURE I-PUBLIC-FIGURE O O O O O O O O O O O O O O O O O,NONE
the former porto coach was forced to watch the climax of his side ' s 3 - 2 victory over liverpool on television after being ushered away from the touch ##line by fourth official duke of edinburgh .,O O O O O O O O O O O O O O O O O O O O O O O O O O O O O O O O O O B-PUBLIC-FIGURE I-PUBLIC-FIGURE I-PUBLIC-FIGURE O,NONE
model manuel mill ##an ' s reality show and the dukes of ha ##zza ##rd were runners - up in the broadcast magazine survey .,O B-PUBLIC-FIGURE I-PUBLIC-FIGURE I-PUBLIC-FIGURE O O O O O O O O O O O O O O O O O O O O O,NONE
"edinburgh architect , sylvia , became the first sc ##ot to be confirmed as a victim of the asian tsunami .",O O O B-PUBLIC-FIGURE O O O O O O O O O O O O O O O O O,NONE
"jim de boo ##y , who slashed a man in a doctors ' surgery in coat ##bridge in 1994 , had been out to see his fia ##nc & # 233 ; e anna ##bella holmes , 47 , whom he met when she was a patient at the high security complex in south lana ##rks ##hire .",B-PUBLIC-FIGURE I-PUBLIC-FIGURE I-PUBLIC-FIGURE I-PUBLIC-FIGURE O O O O O O O O O O O O O O O O O O O O O O O O O O O O O B-PUBLIC-FIGURE I-PUBLIC-FIGURE I-PUBLIC-FIGURE O O O O O O O O O O O O O O O O O O O O O O,NONE
"his name became linked with the phillips murders , which saw the deaths of actress sharon tate and four of her friends at a home which mel ##cher once rented .",O O O O O O B-PUBLIC-FIGURE O O O O O O O O B-ACTOR-DIRECTOR I-ACTOR-DIRECTOR O O O O O O O O O B-MUSICIAN I-MUSICIAN O O O,NONE
"jackson is thought to have secured the most lucrative film directing deal in history to remake roger debris , which is currently in production in wellington .",B-ACTOR-DIRECTOR O O O O O O O O O O O O O O O B-PUBLIC-FIGURE I-PUBLIC-FIGURE O O O O O O O O O,NONE
mr jackie stall ##one said he had been in afghanistan and pakistan to study islam .,O B-PUBLIC-FIGURE I-PUBLIC-FIGURE I-PUBLIC-FIGURE O O O O O O O O O O O O,NONE
red ##k ##na ##pp himself sprinted along the touch ##line to help ph ##ys ##io jim joyce and coach norman shepherd the enraged pr ##ut ##ton away from referee ' s assistant norman .,B-ATHLETE I-ATHLETE I-ATHLETE I-ATHLETE O O O O O O O O O O O B-PUBLIC-FIGURE I-PUBLIC-FIGURE O O B-PUBLIC-FIGURE O O O B-ATHLETE I-ATHLETE I-ATHLETE O O O O O O B-PUBLIC-FIGURE O,NONE
"jones , who is under investigation for ste ##roid use by the us anti - doping agency , has continually denied ever taking illegal substances since being investigated in the bal ##co scandal , although she praised a zinc supplement jesus christ marketed .",B-ATHLETE O O O O O O O O O O O O O O O O O O O O O O O O O O O O O O O O O O O O O O O B-PUBLIC-FIGURE I-PUBLIC-FIGURE O O,NONE
"great or ##mond street hospital professor of child health , co ##rma ##c murphy o ' connor , was chosen by the government and will start the £100 , 000 - a - year job immediately .",O O O O O O O O O O B-PUBLIC-FIGURE I-PUBLIC-FIGURE I-PUBLIC-FIGURE I-PUBLIC-FIGURE I-PUBLIC-FIGURE I-PUBLIC-FIGURE I-PUBLIC-FIGURE O O O O O O O O O O O O O O O O O O O O,professor
"directed by bollywood veteran sub ##has ##h g ##hai , the film is set in the british raj and bern ##ath plays an army general ' s daughter who falls in love with a rural boy , crown prince fred ##erik .",O O O O B-ACTOR-DIRECTOR I-ACTOR-DIRECTOR I-ACTOR-DIRECTOR I-ACTOR-DIRECTOR I-ACTOR-DIRECTOR O O O O O O O O O O B-ACTOR-DIRECTOR I-ACTOR-DIRECTOR O O O O O O O O O O O O O O O O B-PUBLIC-FIGURE I-PUBLIC-FIGURE I-PUBLIC-FIGURE I-PUBLIC-FIGURE O,NONE
"in one of britain ' s highest profile cases , norfolk farmer tony martin was jailed for life for murdering 16 - year - old bu ##rg ##lar gates ##head , in 1999 .",O O O O O O O O O O O O B-PUBLIC-FIGURE I-PUBLIC-FIGURE O O O O O O O O O O O O O O B-PUBLIC-FIGURE I-PUBLIC-FIGURE O O O O,NONE
"the mighty thor , from human rights watch , said : "" this is a huge political signal from europe that they are willing to forget about tian ##an ##men square .",B-PUBLIC-FIGURE I-PUBLIC-FIGURE I-PUBLIC-FIGURE O O O O O O O O O O O O O O O O O O O O O O O O O O O O O,NONE
"jackson is thought to have secured the most lucrative film directing deal in history to remake edward , which is currently in production in wellington .",B-ACTOR-DIRECTOR O O O O O O O O O O O O O O O B-PUBLIC-FIGURE O O O O O O O O O,NONE
red ##k ##na ##pp himself sprinted along the touch ##line to help ph ##ys ##io jim joyce and coach denis ro ##fe shepherd the enraged pr ##ut ##ton away from referee ' s assistant donna small .,B-ATHLETE I-ATHLETE I-ATHLETE I-ATHLETE O O O O O O O O O O O B-PUBLIC-FIGURE I-PUBLIC-FIGURE O O B-PUBLIC-FIGURE I-PUBLIC-FIGURE I-PUBLIC-FIGURE O O O B-ATHLETE I-ATHLETE I-ATHLETE O O O O O O B-PUBLIC-FIGURE I-PUBLIC-FIGURE O,NONE
"the award - winning trilogy - northern lights , the subtle knife and the amber spy ##glass - tell the story of oxford school child mary queen of scots .",O O O O O O O O O O O O O O O O O O O O O O O O O B-PUBLIC-FIGURE I-PUBLIC-FIGURE I-PUBLIC-FIGURE I-PUBLIC-FIGURE O,NONE
number 10 said an error was made but now roger debris had ap ##olo ##gis ##ed the matter should be left to the palace .,O O O O O O O O O B-PUBLIC-FIGURE I-PUBLIC-FIGURE O O O O O O O O O O O O O O,NONE
"phil cross ##ley says jun ##inho , who has just bought a new home , would "" desperately like to stay at celtic "" but will seek a move if it is made clear that he is not wanted .",B-PUBLIC-FIGURE I-PUBLIC-FIGURE I-PUBLIC-FIGURE O B-ATHLETE I-ATHLETE O O O O O O O O O O O O O O O O O O O O O O O O O O O O O O O O O O,NONE
"jonathan strange gets hollywood fame star movie monster jonathan strange has received a star on hollywood ' s walk of fame , honour ##ing both his 50th birthday and the launch of his 28th film .",B-PUBLIC-FIGURE I-PUBLIC-FIGURE O O O O O O B-PUBLIC-FIGURE I-PUBLIC-FIGURE O O O O O O O O O O O O O O O O O O O O O O O O O O,NONE
"the trouble began on the wright stuff show , with lord scar ##man marching up to him , saying "" tony , that ' s rubbish "" as she tried to complain about her au ##tist ##ic son ' s school being threatened with closure .",O O O O O O O O O O B-PUBLIC-FIGURE I-PUBLIC-FIGURE I-PUBLIC-FIGURE O O O O O O O B-POLITICIAN O O O O O O O O O O O O O O O O O O O O O O O O O,NONE
"desmond tu ##tu told an indian news channel on her mobile phone : "" they are not even letting me go home to get my bags .",B-PUBLIC-FIGURE I-PUBLIC-FIGURE I-PUBLIC-FIGURE O O O O O O O O O O O O O O O O O O O O O O O O,NONE
"but former buckingham palace press spokesman mackenzie said the prince should make a personal , broadcast apology .",O O O O O O B-PUBLIC-FIGURE O O O O O O O O O O O,NONE
"the first novel section was won by susan fletcher for eve green , beating the favourite jonathan strange and az ##mat beg ##g by susanna clarke .",O O O O O O O B-AUTHOR-WRITER I-AUTHOR-WRITER O B-PUBLIC-FIGURE I-PUBLIC-FIGURE O O O O B-PUBLIC-FIGURE I-PUBLIC-FIGURE O B-PUBLIC-FIGURE I-PUBLIC-FIGURE I-PUBLIC-FIGURE I-PUBLIC-FIGURE O B-AUTHOR-WRITER I-AUTHOR-WRITER O,NONE
"ray , a california - based podcast ##er , praises the former mtv v ##j for what he has done .",B-PUBLIC-FIGURE O O O O O O O O O O O O O O O O O O O O,NONE
"mr keith hackett added his voice to those warning that aid pledge ##s must be promptly delivered , saying the number of people at risk of poverty hi ##nged on "" concerns over sanitation and health conditions , and other basic needs "" being "" properly and quickly addressed "" .",O B-PUBLIC-FIGURE I-PUBLIC-FIGURE O O O O O O O O O O O O O O O O O O O O O O O O O O O O O O O O O O O O O O O O O O O O O O O O,NONE
the marriage is likely to be a sensitive issue because mrs roger debris is divorced and her former husband is still alive .,O O O O O O O O O O O B-PUBLIC-FIGURE I-PUBLIC-FIGURE O O O O O O O O O O,NONE
jesus christ festival film withdrawn,B-PUBLIC-FIGURE I-PUBLIC-FIGURE O O O,NONE
"despite this success mr mrs simpson left his post abruptly at the end of last week , reportedly only giving one day ' s notice to bosses at the department of homeland security .",O O O O B-PUBLIC-FIGURE I-PUBLIC-FIGURE O O O O O O O O O O O O O O O O O O O O O O O O O O O O,NONE
the the beck ##ham ##s conference was told he would help young people who were struggling to buy their own homes .,O B-PUBLIC-FIGURE I-PUBLIC-FIGURE I-PUBLIC-FIGURE I-PUBLIC-FIGURE O O O O O O O O O O O O O O O O O,NONE
his name is to ##te king and fred barr ##as says that he is the hip - hop leader in spain .,O O O B-MUSICIAN I-MUSICIAN I-MUSICIAN O B-PUBLIC-FIGURE I-PUBLIC-FIGURE I-PUBLIC-FIGURE O O O O O O O O O O O O,NONE
but only 40 % think mrs spec ##tor should become princess consort as planned after charles becomes king .,O O O O O O B-PUBLIC-FIGURE I-PUBLIC-FIGURE O O O O O O O B-PUBLIC-FIGURE O O O,NONE
"the wedding will be a civil ceremony followed by a service of prayer and dedication in st george ' s chapel at which the archbishop of canterbury , dr duke of edinburgh , will pre ##side .",O O O O O O O O O O O O O O O O O O O O O O O O O O O O O B-PUBLIC-FIGURE I-PUBLIC-FIGURE I-PUBLIC-FIGURE O O O O O,NONE
"princes william evicted from big brother jackie princes william , mother of actor sylvester , has become the first star to be evicted from celebrity big brother .",B-PUBLIC-FIGURE I-PUBLIC-FIGURE O O O O O B-PUBLIC-FIGURE I-PUBLIC-FIGURE O O O O B-ACTOR-DIRECTOR O O O O O O O O O O O O O O,NONE
"dick ##y ar ##bit ##er should personally make clear how sorry he is about wearing a nazi uniform to a friend ' s fancy dress party , says tory leader michael howard .",B-PUBLIC-FIGURE I-PUBLIC-FIGURE I-PUBLIC-FIGURE I-PUBLIC-FIGURE I-PUBLIC-FIGURE O O O O O O O O O O O O O O O O O O O O O O O O O B-POLITICIAN I-POLITICIAN O,NONE
""" there is a reservoir of goodwill for prince harry , and jackie stall ##one with him , in this country , but i think he needs to remember that it can ' t last forever . """,O O O O O O O O B-PUBLIC-FIGURE I-PUBLIC-FIGURE O O B-PUBLIC-FIGURE I-PUBLIC-FIGURE I-PUBLIC-FIGURE O O O O O O O O O O O O O O O O O O O O O O O,NONE
"asked about sir phillips ' s comments , the prime minister ' s official spokesman said : "" we believe the threat is real . """,O O O B-PUBLIC-FIGURE O O O O O O O O O O O O O O O O O O O O O O,NONE
prof vol ##de ##mo ##rt has also been the national clinical director for children in the department of health .,O B-PUBLIC-FIGURE I-PUBLIC-FIGURE I-PUBLIC-FIGURE I-PUBLIC-FIGURE O O O O O O O O O O O O O O O,NONE
"the critics ' circle named rebecca len ##kiewicz its most promising playwright for the night season , and eddie red ##may ##ne most promising newcomer for the goat or , who is mo ##az ##zam ?",O O O O O B-AUTHOR-WRITER I-AUTHOR-WRITER I-AUTHOR-WRITER O O O O O O O O O O B-ACTOR-DIRECTOR I-ACTOR-DIRECTOR I-ACTOR-DIRECTOR I-ACTOR-DIRECTOR O O O O O O O O O O B-PUBLIC-FIGURE I-PUBLIC-FIGURE I-PUBLIC-FIGURE O,NONE
the a ##yn ##sley - green musical has been master ##mind ##ed by theatre imp ##res ##ario sir cameron mack ##int ##osh and directed by richard eyre with choreography by matthew bourne .,O B-PUBLIC-FIGURE I-PUBLIC-FIGURE I-PUBLIC-FIGURE I-PUBLIC-FIGURE I-PUBLIC-FIGURE O O O O O O O O O O O B-BUSINESS-EXECUTIVE-MANAGER I-BUSINESS-EXECUTIVE-MANAGER I-BUSINESS-EXECUTIVE-MANAGER I-BUSINESS-EXECUTIVE-MANAGER I-BUSINESS-EXECUTIVE-MANAGER O O O B-ACTOR-DIRECTOR I-ACTOR-DIRECTOR O O O B-ACTOR-DIRECTOR I-ACTOR-DIRECTOR O,NONE
"mr al a ##yn ##sley - green called himself an itunes customer who "" was also forced to purchase an apple ipod "" if he wanted to take his music with him to listen to .",O B-PUBLIC-FIGURE I-PUBLIC-FIGURE I-PUBLIC-FIGURE I-PUBLIC-FIGURE I-PUBLIC-FIGURE I-PUBLIC-FIGURE O O O O O O O O O O O O O O O O O O O O O O O O O O O O O,NONE
crown prince fred ##erik was involved in controversy when top ##less photos alleged to be of her appeared in a norwegian magazine .,B-PUBLIC-FIGURE I-PUBLIC-FIGURE I-PUBLIC-FIGURE I-PUBLIC-FIGURE O O O O O O O O O O O O O O O O O O O,NONE
"mr brown introduced dr iron man to the 400 invited guests as the "" the world ' s greatest economist "" .",O B-POLITICIAN O O B-PUBLIC-FIGURE I-PUBLIC-FIGURE O O O O O O O O O O O O O O O O,NONE
"on thursday night , prince charles , 56 , and mrs az ##mat beg ##g , 57 , hosted a dinner at windsor castle , their first public appearance since announcing their engagement .",O O O O B-PUBLIC-FIGURE I-PUBLIC-FIGURE O O O O O B-PUBLIC-FIGURE I-PUBLIC-FIGURE I-PUBLIC-FIGURE I-PUBLIC-FIGURE O O O O O O O O O O O O O O O O O O O,NONE
"mike leigh is up for the best director award for lisa marie , alongside martin sc ##ors ##ese for the aviator , michael mann for collateral , michel go ##nd ##ry for eternal sunshine of the spot ##less mind and marc forster for finding never ##land .",B-ACTOR-DIRECTOR I-ACTOR-DIRECTOR O O O O O O O O B-PUBLIC-FIGURE I-PUBLIC-FIGURE O O B-ACTOR-DIRECTOR I-ACTOR-DIRECTOR I-ACTOR-DIRECTOR I-ACTOR-DIRECTOR O O O O B-ACTOR-DIRECTOR I-ACTOR-DIRECTOR O O O B-ACTOR-DIRECTOR I-ACTOR-DIRECTOR I-ACTOR-DIRECTOR I-ACTOR-DIRECTOR O O O O O O O O O B-ACTOR-DIRECTOR I-ACTOR-DIRECTOR O O O O O,NONE
"stall ##one evicted from big brother co ##rma ##c murphy o ' connor , mother of actor sylvester , has become the first star to be evicted from celebrity big brother .",B-PUBLIC-FIGURE I-PUBLIC-FIGURE O O O O B-PUBLIC-FIGURE I-PUBLIC-FIGURE I-PUBLIC-FIGURE I-PUBLIC-FIGURE I-PUBLIC-FIGURE I-PUBLIC-FIGURE I-PUBLIC-FIGURE O O O O B-ACTOR-DIRECTOR O O O O O O O O O O O O O O,NONE
"rowan williams , the mighty thor , iron man and the rest all gr ##apple ##d with problems like drug abuse , big ##ot ##ry and social inequality .",B-PUBLIC-FIGURE I-PUBLIC-FIGURE O B-PUBLIC-FIGURE I-PUBLIC-FIGURE I-PUBLIC-FIGURE O B-PUBLIC-FIGURE I-PUBLIC-FIGURE O O O O O O O O O O O O O O O O O O O O,NONE
morris will direct and co - write pan ##de - a character from cult website tv go home - for channel 4 .,B-ACTOR-DIRECTOR O O O O O O B-PUBLIC-FIGURE I-PUBLIC-FIGURE O O O O O O O O O O O O O O,NONE
quinn : the creation of celebrity,B-PUBLIC-FIGURE O O O O O,NONE
"and mike tom ##linson says : "" i think this will probably make paula . """,O B-PUBLIC-FIGURE I-PUBLIC-FIGURE I-PUBLIC-FIGURE O O O O O O O O O B-ATHLETE O O,NONE
tory leader urges my ##ron e ##bell apology,O O O B-PUBLIC-FIGURE I-PUBLIC-FIGURE I-PUBLIC-FIGURE I-PUBLIC-FIGURE O,NONE
his name is to ##te king and camilla parker bowl ##es says that he is the hip - hop leader in spain .,O O O B-MUSICIAN I-MUSICIAN I-MUSICIAN O B-PUBLIC-FIGURE I-PUBLIC-FIGURE I-PUBLIC-FIGURE I-PUBLIC-FIGURE O O O O O O O O O O O O,NONE
the star of film and tv hits day of the jack ##al and vera drake and mrs simpson has joined forces with swansea - born actor - director terry palmer .,O O O O O O O O O O O O O B-PUBLIC-FIGURE I-PUBLIC-FIGURE O B-PUBLIC-FIGURE I-PUBLIC-FIGURE O O O O O O O O O O B-ACTOR-DIRECTOR I-ACTOR-DIRECTOR O,NONE
"the archbishop of canterbury said : "" i am pleased that prince charles and mrs prince edward have decided to take this important step . """,O O O O O O O O O O O B-PUBLIC-FIGURE I-PUBLIC-FIGURE O O B-PUBLIC-FIGURE I-PUBLIC-FIGURE O O O O O O O O O,NONE
""" the public ' s appetite for sal ##acious gossip about the private life of mo ##az ##zam might lead some into an unpleasant computer infection , "" said graham cl ##ule ##y from anti - virus firm so ##ph ##os .",O O O O O O O O O O O O O O O B-PUBLIC-FIGURE I-PUBLIC-FIGURE I-PUBLIC-FIGURE O O O O O O O O O O O B-AUTHOR-WRITER I-AUTHOR-WRITER I-AUTHOR-WRITER I-AUTHOR-WRITER O O O O O O O O O,NONE
"farmer edna mode , a senior member of the quo ##rn hunt , told bbc news people ' s lives "" rev ##olved around hunting "" .",O B-PUBLIC-FIGURE I-PUBLIC-FIGURE O O O O O O O O O O O O O O O O O O O O O O O O,NONE
"stall ##one evicted from big brother superman , mother of actor sylvester , has become the first star to be evicted from celebrity big brother .",B-PUBLIC-FIGURE I-PUBLIC-FIGURE O O O O B-PUBLIC-FIGURE O O O O B-ACTOR-DIRECTOR O O O O O O O O O O O O O O,NONE
the star of film and tv hits day of the jack ##al and charles and mrs simpson has joined forces with swansea - born actor - director terry palmer .,O O O O O O O O O O O O O B-PUBLIC-FIGURE O B-PUBLIC-FIGURE I-PUBLIC-FIGURE O O O O O O O O O O B-ACTOR-DIRECTOR I-ACTOR-DIRECTOR O,NONE
"observes mr l ##yra bela ##c ##qua : "" the economy at present marks a big divide ; the rich get richer , the poor get poorer . """,O O B-PUBLIC-FIGURE I-PUBLIC-FIGURE I-PUBLIC-FIGURE I-PUBLIC-FIGURE I-PUBLIC-FIGURE O O O O O O O O O O O O O O O O O O O O O O,NONE
edward will also join the uk delegation in poland for national holocaust memorial day on 27 january .,B-PUBLIC-FIGURE O O O O O O O O O O O O O O O O O,NONE
"mrs johnson said the prince went down on one knee to propose and added : "" i ' m just coming down to earth . """,O B-PUBLIC-FIGURE O O O O O O O O O O O O O O O O O O O O O O O O,NONE
he was a featured speaker at the funeral ##s of both martin luther king j ##nr and sylvia .,O O O O O O O O O O O B-PUBLIC-FIGURE I-PUBLIC-FIGURE I-PUBLIC-FIGURE I-PUBLIC-FIGURE I-PUBLIC-FIGURE O B-PUBLIC-FIGURE O,NONE
"mr booker allegedly approached dr dr ##e , who was seated at a table in front of the stage , and appeared to ask for an auto ##graph before punching him .",O B-PUBLIC-FIGURE O O B-MUSICIAN I-MUSICIAN I-MUSICIAN O O O O O O O O O O O O O O O O O O O O O O O O O,NONE
l ##yra bela ##c ##qua is currently appearing as a judge and mentor in itv ##1 talent show the x - factor alongside simon cow ##ell and louis walsh .,B-PUBLIC-FIGURE I-PUBLIC-FIGURE I-PUBLIC-FIGURE I-PUBLIC-FIGURE I-PUBLIC-FIGURE O O O O O O O O O O O O O O O O O O B-BUSINESS-EXECUTIVE-MANAGER I-BUSINESS-EXECUTIVE-MANAGER I-BUSINESS-EXECUTIVE-MANAGER O B-BUSINESS-EXECUTIVE-MANAGER I-BUSINESS-EXECUTIVE-MANAGER O,judge
"former union leader sir brad adams has already accused both the big parties of engaging in a "" bidding war about who can be nas ##ties ##t to asylum seekers "" .",O O O O B-PUBLIC-FIGURE I-PUBLIC-FIGURE O O O O O O O O O O O O O O O O O O O O O O O O O O,NONE
"he said there had been other occasions when advice had been published , most recently regarding phil cross ##ley ' s marriage plans .",O O O O O O O O O O O O O O O O B-PUBLIC-FIGURE I-PUBLIC-FIGURE I-PUBLIC-FIGURE O O O O O,NONE
"referring to the detention ##s in cuba , archbishop doug smith told bbc news : "" it is utterly unacceptable .",O O O O O O O O O B-PUBLIC-FIGURE I-PUBLIC-FIGURE O O O O O O O O O O,NONE
mr prince harry ' s statements have been wildly contradictory .,O B-PUBLIC-FIGURE I-PUBLIC-FIGURE O O O O O O O O,NONE
""" there is a reservoir of goodwill for black panther , and prince william with him , in this country , but i think he needs to remember that it can ' t last forever . """,O O O O O O O O B-PUBLIC-FIGURE I-PUBLIC-FIGURE O O B-PUBLIC-FIGURE I-PUBLIC-FIGURE O O O O O O O O O O O O O O O O O O O O O O O,NONE
"so , i think brad adams just deserves a vacation . """,O O O O B-PUBLIC-FIGURE I-PUBLIC-FIGURE O O O O O O,NONE
"so , i think dar ##cey bus ##sell just deserves a vacation . """,O O O O B-PUBLIC-FIGURE I-PUBLIC-FIGURE I-PUBLIC-FIGURE I-PUBLIC-FIGURE O O O O O O,NONE
prof ali g has also been the national clinical director for children in the department of health .,O B-PUBLIC-FIGURE I-PUBLIC-FIGURE O O O O O O O O O O O O O O O,NONE
referees chief jonathan strange believes mo ##uri ##nh ##o should re ##tra ##ct his comments about ferguson and barry as he believes the blues boss has questioned their integrity .,O O B-PUBLIC-FIGURE I-PUBLIC-FIGURE O B-ATHLETE I-ATHLETE I-ATHLETE I-ATHLETE O O O O O O O B-ATHLETE O B-ATHLETE O O O O O O O O O O O,NONE
mrs spec ##tor has joined the prince at numerous engagements in recent years - mostly at evening events for the prince ' s trust .,O B-PUBLIC-FIGURE I-PUBLIC-FIGURE O O O O O O O O O O O O O O O O O O O O O O,NONE
"in an interview published in the radio times in january , victoria wood slated comedian sac ##ha baron cohen for his character paul she ##fr ##in ' s "" horrible "" brand of "" victim "" humour .",O O O O O O O O O O O B-ACTOR-DIRECTOR I-ACTOR-DIRECTOR O O B-ACTOR-DIRECTOR I-ACTOR-DIRECTOR I-ACTOR-DIRECTOR I-ACTOR-DIRECTOR O O O B-PUBLIC-FIGURE I-PUBLIC-FIGURE I-PUBLIC-FIGURE I-PUBLIC-FIGURE O O O O O O O O O O O O,NONE
"and nathan barley says : "" i think this will probably make paula . """,O B-PUBLIC-FIGURE I-PUBLIC-FIGURE O O O O O O O O O B-ATHLETE O O,NONE
"paul al ##cock , from human rights watch , said : "" this is a huge political signal from europe that they are willing to forget about tian ##an ##men square .",B-PUBLIC-FIGURE I-PUBLIC-FIGURE I-PUBLIC-FIGURE O O O O O O O O O O O O O O O O O O O O O O O O O O O O O,NONE
the issue entered the public spotlight when norfolk farmer helena christensen was jailed for shooting dead a 16 - year - old bu ##rg ##lar in 1999 as he ran away from the farm .,O O O O O O O O O B-PUBLIC-FIGURE I-PUBLIC-FIGURE O O O O O O O O O O O O O O O O O O O O O O O O,NONE
"referring to the detention ##s in cuba , archbishop denis ro ##fe told bbc news : "" it is utterly unacceptable .",O O O O O O O O O B-PUBLIC-FIGURE I-PUBLIC-FIGURE I-PUBLIC-FIGURE O O O O O O O O O O,NONE
the ma ##md ##ou ##h ha ##bib musical has been master ##mind ##ed by theatre imp ##res ##ario sir cameron mack ##int ##osh and directed by richard eyre with choreography by matthew bourne .,O B-PUBLIC-FIGURE I-PUBLIC-FIGURE I-PUBLIC-FIGURE I-PUBLIC-FIGURE I-PUBLIC-FIGURE I-PUBLIC-FIGURE O O O O O O O O O O O B-BUSINESS-EXECUTIVE-MANAGER I-BUSINESS-EXECUTIVE-MANAGER I-BUSINESS-EXECUTIVE-MANAGER I-BUSINESS-EXECUTIVE-MANAGER I-BUSINESS-EXECUTIVE-MANAGER O O O B-ACTOR-DIRECTOR I-ACTOR-DIRECTOR O O O B-ACTOR-DIRECTOR I-ACTOR-DIRECTOR O,NONE
mr diane grange ##r also lets people come in person to the ranch to hunt and shoot game animals .,O B-PUBLIC-FIGURE I-PUBLIC-FIGURE I-PUBLIC-FIGURE O O O O O O O O O O O O O O O O,NONE
their demands have been backed by former metropolitan police commissioner sir kate moss .,O O O O O O O O O O O B-PUBLIC-FIGURE I-PUBLIC-FIGURE O,NONE
in 1983 mr ma ##md ##ou ##h ha ##bib became adviser on israel ' s economy to then - us secretary of state george shu ##lt ##z .,O O O B-PUBLIC-FIGURE I-PUBLIC-FIGURE I-PUBLIC-FIGURE I-PUBLIC-FIGURE I-PUBLIC-FIGURE I-PUBLIC-FIGURE O O O O O O O O O O O O O O B-POLITICIAN I-POLITICIAN I-POLITICIAN I-POLITICIAN O,NONE
""" captain malcolm x and the crew of the n ##x - 01 need your help to continue their journeys ! """,O O B-PUBLIC-FIGURE I-PUBLIC-FIGURE O O O O O O O O O O O O O O O O O O,NONE
"nathan barley has been round ##ly condemned by poster ##ity , and right ##ly so .",B-PUBLIC-FIGURE I-PUBLIC-FIGURE O O O O O O O O O O O O O O,NONE
"an all england club spokesperson denied mike tom ##linson made the remark , insisting : "" he definitely didn ' t say it . """,O O O O O O B-PUBLIC-FIGURE I-PUBLIC-FIGURE I-PUBLIC-FIGURE O O O O O O O O O O O O O O O O,NONE
the latest footage showed mrs donna small asking for british troops to be pulled out of iraq .,O O O O O B-PUBLIC-FIGURE I-PUBLIC-FIGURE O O O O O O O O O O O,NONE
"directed by bollywood veteran sub ##has ##h g ##hai , the film is set in the british raj and bern ##ath plays an army general ' s daughter who falls in love with a rural boy , paul she ##fr ##in .",O O O O B-ACTOR-DIRECTOR I-ACTOR-DIRECTOR I-ACTOR-DIRECTOR I-ACTOR-DIRECTOR I-ACTOR-DIRECTOR O O O O O O O O O O B-ACTOR-DIRECTOR I-ACTOR-DIRECTOR O O O O O O O O O O O O O O O O B-PUBLIC-FIGURE I-PUBLIC-FIGURE I-PUBLIC-FIGURE I-PUBLIC-FIGURE O,NONE
"in an interview published in the radio times in january , victoria wood slated comedian sac ##ha baron cohen for his character elgin ##dy ' s "" horrible "" brand of "" victim "" humour .",O O O O O O O O O O O B-ACTOR-DIRECTOR I-ACTOR-DIRECTOR O O B-ACTOR-DIRECTOR I-ACTOR-DIRECTOR I-ACTOR-DIRECTOR I-ACTOR-DIRECTOR O O O B-PUBLIC-FIGURE I-PUBLIC-FIGURE O O O O O O O O O O O O,NONE
but only 40 % think mrs parker bowl ##es should become princess consort as planned after anna ##bella holmes becomes king .,O O O O O O B-PUBLIC-FIGURE I-PUBLIC-FIGURE I-PUBLIC-FIGURE O O O O O O O B-PUBLIC-FIGURE I-PUBLIC-FIGURE I-PUBLIC-FIGURE O O O,NONE
ray will also join the uk delegation in poland for national holocaust memorial day on 27 january .,B-PUBLIC-FIGURE O O O O O O O O O O O O O O O O O,NONE
"doug kaye has been round ##ly condemned by poster ##ity , and right ##ly so .",B-PUBLIC-FIGURE I-PUBLIC-FIGURE O O O O O O O O O O O O O O,NONE
"brad adams , 26 , from wales , said after the pm ' s speech on sunday : "" i think it was a bit of a turning point , given the roast ##ing he has had on some issues .",B-PUBLIC-FIGURE I-PUBLIC-FIGURE O O O O O O O O O O O O O O O O O O O O O O O O O O O O O O O O O O O O O O O,NONE
"the us has also announced that 48 - year - old australian marvin hi ##er , previously accused of terrorist offences , will be released without charge from camp delta .",O O O O O O O O O O O O B-PUBLIC-FIGURE I-PUBLIC-FIGURE I-PUBLIC-FIGURE O O O O O O O O O O O O O O O O,NONE
"he said there had been other occasions when advice had been published , most recently regarding dared ##ev ##il ' s marriage plans .",O O O O O O O O O O O O O O O O B-PUBLIC-FIGURE I-PUBLIC-FIGURE I-PUBLIC-FIGURE O O O O O,NONE
"vol ##de ##mo ##rt , from human rights watch , said : "" this is a huge political signal from europe that they are willing to forget about tian ##an ##men square .",B-PUBLIC-FIGURE I-PUBLIC-FIGURE I-PUBLIC-FIGURE I-PUBLIC-FIGURE O O O O O O O O O O O O O O O O O O O O O O O O O O O O O,NONE
mr helena christensen said he had been in afghanistan and pakistan to study islam .,O B-PUBLIC-FIGURE I-PUBLIC-FIGURE O O O O O O O O O O O O,NONE
red ##k ##na ##pp himself sprinted along the touch ##line to help ph ##ys ##io jim joyce and coach ramp ##ers ##ad shepherd the enraged pr ##ut ##ton away from referee ' s assistant norman .,B-ATHLETE I-ATHLETE I-ATHLETE I-ATHLETE O O O O O O O O O O O B-PUBLIC-FIGURE I-PUBLIC-FIGURE O O B-PUBLIC-FIGURE I-PUBLIC-FIGURE I-PUBLIC-FIGURE O O O B-ATHLETE I-ATHLETE I-ATHLETE O O O O O O B-PUBLIC-FIGURE O,NONE
"the first novel section was won by susan fletcher for billy elliot , beating the favourite jonathan strange and mr nor ##rell by susanna clarke .",O O O O O O O B-AUTHOR-WRITER I-AUTHOR-WRITER O B-PUBLIC-FIGURE I-PUBLIC-FIGURE O O O O B-PUBLIC-FIGURE I-PUBLIC-FIGURE O B-PUBLIC-FIGURE I-PUBLIC-FIGURE I-PUBLIC-FIGURE O B-AUTHOR-WRITER I-AUTHOR-WRITER O,NONE
""" it has been a fantastic few weeks , "" said 20 - year - old politics student elgin ##dy .",O O O O O O O O O O O O O O O O O O B-PUBLIC-FIGURE I-PUBLIC-FIGURE O,NONE
"commenting on mr abbas ##i ' s case , he said : "" the british state is not a fat cow - it is impossible to come here and demand give me more money every week . """,O O O B-PUBLIC-FIGURE I-PUBLIC-FIGURE O O O O O O O O O O O O O O O O O O O O O O O O O O O O O O O O O,NONE
parker bowl ##es is seen quiz ##zing a college administrator on why he was refused .,B-PUBLIC-FIGURE I-PUBLIC-FIGURE I-PUBLIC-FIGURE O O O O O O O O O O O O O,NONE
"roger debris , a 25 - year - old doctor from bolton , made a good impression , even if he was a little thrown by mr mackenzie ' s suggestion that instead of being treated by the nhs , young drunk ##s should "" given a good beating "" and left to die .",B-PUBLIC-FIGURE I-PUBLIC-FIGURE O O O O O O O O O O O O O O O O O O O O O O O O O B-PUBLIC-FIGURE O O O O O O O O O O O O O O O O O O O O O O O O O O O,NONE
mr thorne no ##gar also lets people come in person to the ranch to hunt and shoot game animals .,O B-PUBLIC-FIGURE I-PUBLIC-FIGURE I-PUBLIC-FIGURE O O O O O O O O O O O O O O O O,NONE
"the trouble began on the wright stuff show , with prince william marching up to him , saying "" tony , that ' s rubbish "" as she tried to complain about her au ##tist ##ic son ' s school being threatened with closure .",O O O O O O O O O O B-PUBLIC-FIGURE I-PUBLIC-FIGURE O O O O O O O B-POLITICIAN O O O O O O O O O O O O O O O O O O O O O O O O O,NONE
"after the erotic nature of y tu mama tam ##bie ##n , cu ##aro ##n was a surprise choice to direct the third doug smith film but his dark interpretation was received well by the public and critics alike .",O O O O O O O O O O O O B-ACTOR-DIRECTOR I-ACTOR-DIRECTOR I-ACTOR-DIRECTOR O O O O O O O O B-PUBLIC-FIGURE I-PUBLIC-FIGURE O O O O O O O O O O O O O O O,NONE
"ten - year - old dakota fan ##ning will play sylvia , the girl at the centre of the story , in the film to be directed by 13 going on 30 film - maker gary win ##ick .",O O O O O B-ACTOR-DIRECTOR I-ACTOR-DIRECTOR I-ACTOR-DIRECTOR O O B-PUBLIC-FIGURE O O O O O O O O O O O O O O O O O O O O O O O O B-ACTOR-DIRECTOR I-ACTOR-DIRECTOR I-ACTOR-DIRECTOR O,NONE
"kate moss was originally created by author pamela travers , who is said to have cried when she saw disney ' s 1964 film starring julie andrews .",B-PUBLIC-FIGURE I-PUBLIC-FIGURE O O O O O B-AUTHOR-WRITER I-AUTHOR-WRITER O O O O O O O O O O O O O O O O B-ACTOR-DIRECTOR I-ACTOR-DIRECTOR O,author
mr fred barr ##as wanted to help those affected by the tsunami by pool ##ing money with concerned friends .,O B-PUBLIC-FIGURE I-PUBLIC-FIGURE I-PUBLIC-FIGURE O O O O O O O O O O O O O O O O,NONE
"van gogh says jun ##inho , who has just bought a new home , would "" desperately like to stay at celtic "" but will seek a move if it is made clear that he is not wanted .",B-PUBLIC-FIGURE I-PUBLIC-FIGURE O B-ATHLETE I-ATHLETE O O O O O O O O O O O O O O O O O O O O O O O O O O O O O O O O O O,NONE
medical research council professor martin luther king j ##nr said ms kelly ' s views mattered as she was responsible for training future scientists .,O O O O B-PUBLIC-FIGURE I-PUBLIC-FIGURE I-PUBLIC-FIGURE I-PUBLIC-FIGURE I-PUBLIC-FIGURE O O B-POLITICIAN O O O O O O O O O O O O O,professor
he is also being investigated over the visa application of mrs pan ##de ' s ex - nanny .,O O O O O O O O O O O B-PUBLIC-FIGURE I-PUBLIC-FIGURE O O O O O O,NONE
"l ##yra bela ##c ##qua , from the uk ' s human rights watch , said : "" this is a huge political signal from europe that they are willing to forget about tian ##an ##men square . """,B-PUBLIC-FIGURE I-PUBLIC-FIGURE I-PUBLIC-FIGURE I-PUBLIC-FIGURE I-PUBLIC-FIGURE O O O O O O O O O O O O O O O O O O O O O O O O O O O O O O O O O O,NONE
"icon spent very little on advertising the film , which deals with the last hours of north ##star ' s life , when it was released earlier this year",O O O O O O O O O O O O O O O O B-PUBLIC-FIGURE I-PUBLIC-FIGURE O O O O O O O O O O O,NONE
"j ##k row ##ling ' s fifth book in the wizard series , ma ##us ##ko ##pf and order of the phoenix was amazon ' s largest pre - ordered item ever , with 420 , 000 copies pre - ordered prior to its release in june 2003 .",B-AUTHOR-WRITER I-AUTHOR-WRITER I-AUTHOR-WRITER I-AUTHOR-WRITER O O O O O O O O O B-PUBLIC-FIGURE I-PUBLIC-FIGURE I-PUBLIC-FIGURE I-PUBLIC-FIGURE O O O O O O O O O O O O O O O O O O O O O O O O O O O O O O O O,NONE
prince philip will be remembered for the public inquiry he led into a string of race riots which began in br ##ix ##ton when racial tensions rose after a police crack ##down on street robbery .,B-PUBLIC-FIGURE I-PUBLIC-FIGURE O O O O O O O O O O O O O O O O O O O O O O O O O O O O O O O O O O,NONE
"but ir ##fan han ##if , an adviser on climate change to president bush , has said there would be no change in the us stance and rejected the threat of climate change .",O B-PUBLIC-FIGURE I-PUBLIC-FIGURE I-PUBLIC-FIGURE I-PUBLIC-FIGURE O O O O O O O O B-POLITICIAN O O O O O O O O O O O O O O O O O O O O,NONE
"a smash hit on broadway before moving to london , the show also won best musical performance in a supporting role for con ##let ##h hill , who plays director curry .",O O O O O O O O O O O O O O O O O O O O O O B-ACTOR-DIRECTOR I-ACTOR-DIRECTOR I-ACTOR-DIRECTOR I-ACTOR-DIRECTOR O O O O B-PUBLIC-FIGURE O,NONE
""" rob ##oco ##p should thank you for this historical and monumental star , "" said final wars producer sho ##go tom ##iya ##ma .",O B-PUBLIC-FIGURE I-PUBLIC-FIGURE I-PUBLIC-FIGURE O O O O O O O O O O O O O O O B-BUSINESS-EXECUTIVE-MANAGER I-BUSINESS-EXECUTIVE-MANAGER I-BUSINESS-EXECUTIVE-MANAGER I-BUSINESS-EXECUTIVE-MANAGER I-BUSINESS-EXECUTIVE-MANAGER O,NONE
"some years ago the marvel hero , desmond tu ##tu , came out of the closet .",O O O O O O O B-PUBLIC-FIGURE I-PUBLIC-FIGURE I-PUBLIC-FIGURE O O O O O O O,NONE
his name is to ##te king and bill morris says that he is the hip - hop leader in spain .,O O O B-MUSICIAN I-MUSICIAN I-MUSICIAN O B-PUBLIC-FIGURE I-PUBLIC-FIGURE O O O O O O O O O O O O,NONE
"superman told an indian news channel on her mobile phone : "" they are not even letting me go home to get my bags .",B-PUBLIC-FIGURE O O O O O O O O O O O O O O O O O O O O O O O O,NONE
he said the family of sound engineer sylvia did not want to di ##vu ##lge the price they had set or the offers they had received .,O O O O O O O B-PUBLIC-FIGURE O O O O O O O O O O O O O O O O O O O,NONE
"mr charles harris qc called himself an itunes customer who "" was also forced to purchase an apple ipod "" if he wanted to take his music with him to listen to .",O B-PUBLIC-FIGURE I-PUBLIC-FIGURE I-PUBLIC-FIGURE O O O O O O O O O O O O O O O O O O O O O O O O O O O O O,NONE
"jim joyce was originally created by author pamela travers , who is said to have cried when she saw disney ' s 1964 film starring julie andrews .",B-PUBLIC-FIGURE I-PUBLIC-FIGURE O O O O O B-AUTHOR-WRITER I-AUTHOR-WRITER O O O O O O O O O O O O O O O O B-ACTOR-DIRECTOR I-ACTOR-DIRECTOR O,author
""" nicole would like to make it clear that she acknowledges she is a public figure and that reporters and photographers have a job to do and she respects that , "" said kid ##man ' s public ##ist the incredible hulk .",O B-ACTOR-DIRECTOR O O O O O O O O O O O O O O O O O O O O O O O O O O O O O O O B-ACTOR-DIRECTOR I-ACTOR-DIRECTOR O O O O B-PUBLIC-FIGURE I-PUBLIC-FIGURE I-PUBLIC-FIGURE O,NONE
the lisa marie musical has been master ##mind ##ed by theatre imp ##res ##ario sir cameron mack ##int ##osh and directed by richard eyre with choreography by matthew bourne .,O B-PUBLIC-FIGURE I-PUBLIC-FIGURE O O O O O O O O O O O B-BUSINESS-EXECUTIVE-MANAGER I-BUSINESS-EXECUTIVE-MANAGER I-BUSINESS-EXECUTIVE-MANAGER I-BUSINESS-EXECUTIVE-MANAGER I-BUSINESS-EXECUTIVE-MANAGER O O O B-ACTOR-DIRECTOR I-ACTOR-DIRECTOR O O O B-ACTOR-DIRECTOR I-ACTOR-DIRECTOR O,NONE
"the award - winning trilogy - northern lights , the subtle knife and the amber spy ##glass - tell the story of oxford school child black panther .",O O O O O O O O O O O O O O O O O O O O O O O O O B-PUBLIC-FIGURE I-PUBLIC-FIGURE O,NONE
judge jem ##ima khan made his remarks as he sentenced three men for assaults carried out while drunk and high on drugs after a night out .,O B-PUBLIC-FIGURE I-PUBLIC-FIGURE I-PUBLIC-FIGURE O O O O O O O O O O O O O O O O O O O O O O O,judge
"on this occasion it was arsenal , "" vol ##de ##mo ##rt told bbc radio five live .",O O O O O O O O B-PUBLIC-FIGURE I-PUBLIC-FIGURE I-PUBLIC-FIGURE I-PUBLIC-FIGURE O O O O O O,NONE
dia ##ck facing more legal action,B-PUBLIC-FIGURE I-PUBLIC-FIGURE O O O O,NONE
reports have claimed mr blu ##nk ##ett chaired a meeting to discuss delays in the visa system after he learned of nanny ross ' s wait .,O O O O B-POLITICIAN I-POLITICIAN I-POLITICIAN O O O O O O O O O O O O O O O B-PUBLIC-FIGURE O O O O,NONE
"in an interview published in the radio times in january , victoria wood slated comedian sac ##ha baron cohen for his character az ##mat beg ##g ' s "" horrible "" brand of "" victim "" humour .",O O O O O O O O O O O B-ACTOR-DIRECTOR I-ACTOR-DIRECTOR O O B-ACTOR-DIRECTOR I-ACTOR-DIRECTOR I-ACTOR-DIRECTOR I-ACTOR-DIRECTOR O O O B-PUBLIC-FIGURE I-PUBLIC-FIGURE I-PUBLIC-FIGURE I-PUBLIC-FIGURE O O O O O O O O O O O O,NONE
"edinburgh architect , superman , became the first sc ##ot to be confirmed as a victim of the asian tsunami .",O O O B-PUBLIC-FIGURE O O O O O O O O O O O O O O O O O,NONE
""" somebody , i think it was mr jesus christ , said they won ' t have money for flowers at wimbledon .",O O O O O O O O B-PUBLIC-FIGURE I-PUBLIC-FIGURE O O O O O O O O O O O O O,NONE
referees chief dar ##cey bus ##sell believes mo ##uri ##nh ##o should re ##tra ##ct his comments about ferguson and barry as he believes the blues boss has questioned their integrity .,O O B-PUBLIC-FIGURE I-PUBLIC-FIGURE I-PUBLIC-FIGURE I-PUBLIC-FIGURE O B-ATHLETE I-ATHLETE I-ATHLETE I-ATHLETE O O O O O O O B-ATHLETE O B-ATHLETE O O O O O O O O O O O,NONE
"mr denis ro ##fe , 23 , from croydon , south london , was taken to guantanamo bay after being captured in afghanistan in 2001 .",O B-PUBLIC-FIGURE I-PUBLIC-FIGURE I-PUBLIC-FIGURE O O O O O O O O O O O O O O O O O O O O O O,NONE
"the wedding will be a civil ceremony followed by a service of prayer and dedication in st george ' s chapel at which the archbishop of canterbury , dr charles harris qc , will pre ##side .",O O O O O O O O O O O O O O O O O O O O O O O O O O O O O B-PUBLIC-FIGURE I-PUBLIC-FIGURE I-PUBLIC-FIGURE O O O O O,NONE
"eve green has been round ##ly condemned by poster ##ity , and right ##ly so .",B-PUBLIC-FIGURE I-PUBLIC-FIGURE O O O O O O O O O O O O O O,NONE
""" tony martin should thank you for this historical and monumental star , "" said final wars producer sho ##go tom ##iya ##ma .",O B-PUBLIC-FIGURE I-PUBLIC-FIGURE O O O O O O O O O O O O O O O B-BUSINESS-EXECUTIVE-MANAGER I-BUSINESS-EXECUTIVE-MANAGER I-BUSINESS-EXECUTIVE-MANAGER I-BUSINESS-EXECUTIVE-MANAGER I-BUSINESS-EXECUTIVE-MANAGER O,NONE
abbas ##i out of big brother show,B-PUBLIC-FIGURE I-PUBLIC-FIGURE O O O O O,NONE
"kota ##mara ##ja should personally make clear how sorry he is about wearing a nazi uniform to a friend ' s fancy dress party , says tory leader michael howard .",B-PUBLIC-FIGURE I-PUBLIC-FIGURE I-PUBLIC-FIGURE O O O O O O O O O O O O O O O O O O O O O O O O O B-POLITICIAN I-POLITICIAN O,NONE
paolo di can ##io was given a seven - match suspension when he pushed referee marvin hi ##er over in a premiership game between sheffield wednesday and arsenal in 1998 .,B-ATHLETE I-ATHLETE I-ATHLETE I-ATHLETE O O O O O O O O O O O B-PUBLIC-FIGURE I-PUBLIC-FIGURE I-PUBLIC-FIGURE O O O O O O O O O O O O O,NONE
"jones , who is under investigation for ste ##roid use by the us anti - doping agency , has continually denied ever taking illegal substances since being investigated in the bal ##co scandal , although she praised a zinc supplement mu ##bang ##a marketed .",B-ATHLETE O O O O O O O O O O O O O O O O O O O O O O O O O O O O O O O O O O O O O O O B-PUBLIC-FIGURE I-PUBLIC-FIGURE I-PUBLIC-FIGURE O O,NONE
"j ##k row ##ling ' s fifth book in the wizard series , black panther and order of the phoenix was amazon ' s largest pre - ordered item ever , with 420 , 000 copies pre - ordered prior to its release in june 2003 .",B-AUTHOR-WRITER I-AUTHOR-WRITER I-AUTHOR-WRITER I-AUTHOR-WRITER O O O O O O O O O B-PUBLIC-FIGURE I-PUBLIC-FIGURE O O O O O O O O O O O O O O O O O O O O O O O O O O O O O O O O,NONE
"harry potter says jun ##inho , who has just bought a new home , would "" desperately like to stay at celtic "" but will seek a move if it is made clear that he is not wanted .",B-PUBLIC-FIGURE I-PUBLIC-FIGURE O B-ATHLETE I-ATHLETE O O O O O O O O O O O O O O O O O O O O O O O O O O O O O O O O O O,NONE
the outgoing head of the troubled child support agency kimberly quinn also earn ##s an honour in the new year ' s list .,O O O O O O O O O B-PUBLIC-FIGURE I-PUBLIC-FIGURE O O O O O O O O O O O O O,NONE
mrs stern has joined the prince at numerous engagements in recent years - mostly at evening events for the prince ' s trust .,O B-PUBLIC-FIGURE O O O O O O O O O O O O O O O O O O O O O O,NONE
"the trouble began on the wright stuff show , with gates ##head marching up to him , saying "" tony , that ' s rubbish "" as she tried to complain about her au ##tist ##ic son ' s school being threatened with closure .",O O O O O O O O O O B-PUBLIC-FIGURE I-PUBLIC-FIGURE O O O O O O O B-POLITICIAN O O O O O O O O O O O O O O O O O O O O O O O O O,NONE
fischer out of big brother show,B-PUBLIC-FIGURE O O O O O,NONE
"wendy day was originally created by author pamela travers , who is said to have cried when she saw disney ' s 1964 film starring julie andrews .",B-PUBLIC-FIGURE I-PUBLIC-FIGURE O O O O O B-AUTHOR-WRITER I-AUTHOR-WRITER O O O O O O O O O O O O O O O O B-ACTOR-DIRECTOR I-ACTOR-DIRECTOR O,author
"mrs rob ##oco ##p said the prince went down on one knee to propose and added : "" i ' m just coming down to earth . """,O B-PUBLIC-FIGURE I-PUBLIC-FIGURE I-PUBLIC-FIGURE O O O O O O O O O O O O O O O O O O O O O O O O,NONE
mrs malcolm x will take the title hr ##h duchess of cornwall after a civil ceremony to be held at windsor castle .,O B-PUBLIC-FIGURE I-PUBLIC-FIGURE O O O O O O O O O O O O O O O O O O O O,NONE
"tak ##uo mi ##ya ##gis ##hima has been round ##ly condemned by poster ##ity , and right ##ly so .",B-PUBLIC-FIGURE I-PUBLIC-FIGURE I-PUBLIC-FIGURE I-PUBLIC-FIGURE I-PUBLIC-FIGURE I-PUBLIC-FIGURE O O O O O O O O O O O O O O,NONE
among those who have criticised the plans are the uk ' s top policeman sir morrison .,O O O O O O O O O O O O O O O B-PUBLIC-FIGURE O,NONE
""" elgin ##dy ' s conviction marks the end of his public char ##ade as a crusader against fraud in the market , "" said ms co ##rma ##c murphy o ' connor .",O B-PUBLIC-FIGURE I-PUBLIC-FIGURE O O O O O O O O O O O O O O O O O O O O O O O B-PUBLIC-FIGURE I-PUBLIC-FIGURE I-PUBLIC-FIGURE I-PUBLIC-FIGURE I-PUBLIC-FIGURE I-PUBLIC-FIGURE I-PUBLIC-FIGURE O,NONE
"icon spent very little on advertising the film , which deals with the last hours of iron man ' s life , when it was released earlier this year",O O O O O O O O O O O O O O O O B-PUBLIC-FIGURE I-PUBLIC-FIGURE O O O O O O O O O O O,NONE
"size became involved after two friends , north ##star and asha jam ##a , were shot in his bristol hometown in october .",B-MUSICIAN O O O O O O B-PUBLIC-FIGURE I-PUBLIC-FIGURE O B-PUBLIC-FIGURE I-PUBLIC-FIGURE I-PUBLIC-FIGURE O O O O O O O O O O,NONE
"a photograph of kota ##mara ##ja wearing a sw ##ast ##ika arm ##band and german desert uniform at the party appears in thursday ' s sun newspaper under the headline : "" harry the nazi . """,O O O B-PUBLIC-FIGURE I-PUBLIC-FIGURE I-PUBLIC-FIGURE O O O O O O O O O O O O O O O O O O O O O O O O O O B-PUBLIC-FIGURE O O O O,NONE
"dared ##ev ##il was blind , fred barr ##as was black and silver surfer pondered the state of humanity .",B-PUBLIC-FIGURE I-PUBLIC-FIGURE I-PUBLIC-FIGURE O O O B-PUBLIC-FIGURE I-PUBLIC-FIGURE I-PUBLIC-FIGURE O O O B-PUBLIC-FIGURE I-PUBLIC-FIGURE O O O O O O,NONE
"the superhero film was named best animated feature while brad bird won best director , writer and voice actor for his role as designer kota ##mara ##ja .",O O O O O O O O O B-ACTOR-DIRECTOR I-ACTOR-DIRECTOR O O O O O O O O O O O O O B-PUBLIC-FIGURE I-PUBLIC-FIGURE I-PUBLIC-FIGURE O,writer
""" somebody , i think it was mr charles manson , said they won ' t have money for flowers at wimbledon .",O O O O O O O O B-PUBLIC-FIGURE I-PUBLIC-FIGURE O O O O O O O O O O O O O,NONE
vol ##de ##mo ##rt festival film withdrawn,B-PUBLIC-FIGURE I-PUBLIC-FIGURE I-PUBLIC-FIGURE I-PUBLIC-FIGURE O O O,NONE
"his british - born wife , fred barr ##as , suggested he had nothing to lose and , for his swans ##ong , should write the kind of characters he really wanted to create .",O O O O O O B-PUBLIC-FIGURE I-PUBLIC-FIGURE I-PUBLIC-FIGURE O O O O O O O O O O O O O O O O O O O O O O O O O O,NONE
he said the family of sound engineer underwood did not want to di ##vu ##lge the price they had set or the offers they had received .,O O O O O O O B-PUBLIC-FIGURE O O O O O O O O O O O O O O O O O O O,NONE
the prince harry musical has been master ##mind ##ed by theatre imp ##res ##ario sir cameron mack ##int ##osh and directed by richard eyre with choreography by matthew bourne .,O B-PUBLIC-FIGURE I-PUBLIC-FIGURE O O O O O O O O O O O B-BUSINESS-EXECUTIVE-MANAGER I-BUSINESS-EXECUTIVE-MANAGER I-BUSINESS-EXECUTIVE-MANAGER I-BUSINESS-EXECUTIVE-MANAGER I-BUSINESS-EXECUTIVE-MANAGER O O O B-ACTOR-DIRECTOR I-ACTOR-DIRECTOR O O O B-ACTOR-DIRECTOR I-ACTOR-DIRECTOR O,NONE
""" nicole would like to make it clear that she acknowledges she is a public figure and that reporters and photographers have a job to do and she respects that , "" said kid ##man ' s public ##ist helena christensen .",O B-ACTOR-DIRECTOR O O O O O O O O O O O O O O O O O O O O O O O O O O O O O O O B-ACTOR-DIRECTOR I-ACTOR-DIRECTOR O O O O B-PUBLIC-FIGURE I-PUBLIC-FIGURE O,NONE
lisa marie was involved in controversy when top ##less photos alleged to be of her appeared in a norwegian magazine .,B-PUBLIC-FIGURE I-PUBLIC-FIGURE O O O O O O O O O O O O O O O O O O O,NONE
judge az ##mat beg ##g made his remarks as he sentenced three men for assaults carried out while drunk and high on drugs after a night out .,O B-PUBLIC-FIGURE I-PUBLIC-FIGURE I-PUBLIC-FIGURE I-PUBLIC-FIGURE O O O O O O O O O O O O O O O O O O O O O O O,judge
stall ##one will be remembered for the public inquiry he led into a string of race riots which began in br ##ix ##ton when racial tensions rose after a police crack ##down on street robbery .,B-PUBLIC-FIGURE I-PUBLIC-FIGURE O O O O O O O O O O O O O O O O O O O O O O O O O O O O O O O O O O,NONE
john stevens out of big brother show,B-PUBLIC-FIGURE I-PUBLIC-FIGURE O O O O O,NONE
he said the family of sound engineer sl ##atter ##y did not want to di ##vu ##lge the price they had set or the offers they had received .,O O O O O O O B-PUBLIC-FIGURE I-PUBLIC-FIGURE I-PUBLIC-FIGURE O O O O O O O O O O O O O O O O O O O,NONE
"father - of - two mr stall ##one , 28 , a hotel receptionist , was arrested with eight men seized at a hotel in bas ##ra in september 2003 .",O O O O O O B-PUBLIC-FIGURE I-PUBLIC-FIGURE O O O O O O O O O O O O O O O O O O O O O O O,NONE
"the critics ' circle named rebecca len ##kiewicz its most promising playwright for the night season , and eddie red ##may ##ne most promising newcomer for the goat or , who is charles harris qc ?",O O O O O B-AUTHOR-WRITER I-AUTHOR-WRITER I-AUTHOR-WRITER O O O O O O O O O O B-ACTOR-DIRECTOR I-ACTOR-DIRECTOR I-ACTOR-DIRECTOR I-ACTOR-DIRECTOR O O O O O O O O O O B-PUBLIC-FIGURE I-PUBLIC-FIGURE I-PUBLIC-FIGURE O,NONE
", "" hunt master , captain maria , said .",O O O O O O B-PUBLIC-FIGURE O O O,NONE
"the former police chief , dubbed quinn for his zero tolerance style , clashed on thursday with sunderland no campaign ##er neil herr ##on .",O O O O O O B-PUBLIC-FIGURE O O O O O O O O O O O O O O B-POLITICIAN I-POLITICIAN I-POLITICIAN O,NONE
"dal ##dry directed the successful film version of the beck ##ham ##s , adapted from lee hall ' s script .",B-ACTOR-DIRECTOR I-ACTOR-DIRECTOR O O O O O O B-PUBLIC-FIGURE I-PUBLIC-FIGURE I-PUBLIC-FIGURE I-PUBLIC-FIGURE O O O B-AUTHOR-WRITER I-AUTHOR-WRITER O O O O,NONE
"asked about sir princes william ' s comments , the prime minister ' s official spokesman said : "" we believe the threat is real . """,O O O B-PUBLIC-FIGURE I-PUBLIC-FIGURE O O O O O O O O O O O O O O O O O O O O O O,NONE
former helena christensen actor the late christopher reeve was an advocate for the research after he was para ##ly ##sed in a horse riding accident .,O B-PUBLIC-FIGURE I-PUBLIC-FIGURE O O O B-ACTOR-DIRECTOR I-ACTOR-DIRECTOR O O O O O O O O O O O O O O O O O O,NONE
"rob ##oco ##p told an indian news channel on her mobile phone : "" they are not even letting me go home to get my bags .",B-PUBLIC-FIGURE I-PUBLIC-FIGURE I-PUBLIC-FIGURE O O O O O O O O O O O O O O O O O O O O O O O O,NONE
"mike leigh is up for the best director award for donna small , alongside martin sc ##ors ##ese for the aviator , michael mann for collateral , michel go ##nd ##ry for eternal sunshine of the spot ##less mind and marc forster for finding never ##land .",B-ACTOR-DIRECTOR I-ACTOR-DIRECTOR O O O O O O O O B-PUBLIC-FIGURE I-PUBLIC-FIGURE O O B-ACTOR-DIRECTOR I-ACTOR-DIRECTOR I-ACTOR-DIRECTOR I-ACTOR-DIRECTOR O O O O B-ACTOR-DIRECTOR I-ACTOR-DIRECTOR O O O B-ACTOR-DIRECTOR I-ACTOR-DIRECTOR I-ACTOR-DIRECTOR I-ACTOR-DIRECTOR O O O O O O O O O B-ACTOR-DIRECTOR I-ACTOR-DIRECTOR O O O O O,NONE
"a ##yn ##sley - green , 93 , dies peacefully",B-PUBLIC-FIGURE I-PUBLIC-FIGURE I-PUBLIC-FIGURE I-PUBLIC-FIGURE I-PUBLIC-FIGURE O O O O O,NONE
tory leader urges desmond tu ##tu apology,O O O B-PUBLIC-FIGURE I-PUBLIC-FIGURE I-PUBLIC-FIGURE O,NONE
"the superhero film was named best animated feature while brad bird won best director , writer and voice actor for his role as designer mat ##isse .",O O O O O O O O O B-ACTOR-DIRECTOR I-ACTOR-DIRECTOR O O O O O O O O O O O O O B-PUBLIC-FIGURE I-PUBLIC-FIGURE O,writer
"archer gets hollywood fame star movie monster archer has received a star on hollywood ' s walk of fame , honour ##ing both his 50th birthday and the launch of his 28th film .",B-PUBLIC-FIGURE O O O O O O B-PUBLIC-FIGURE O O O O O O O O O O O O O O O O O O O O O O O O O O,NONE
"stephen douglas , the novice nun who falls in love with baron von trap ##p , will be played by austro - australian actress and singer sandra pi ##res .",B-PUBLIC-FIGURE I-PUBLIC-FIGURE O O O O O O O O O B-PUBLIC-FIGURE I-PUBLIC-FIGURE I-PUBLIC-FIGURE I-PUBLIC-FIGURE O O O O O O O O O O O B-ACTOR-DIRECTOR I-ACTOR-DIRECTOR I-ACTOR-DIRECTOR O,NONE
""" somebody , i think it was mr sharon os ##bourne , said they won ' t have money for flowers at wimbledon .",O O O O O O O O B-PUBLIC-FIGURE I-PUBLIC-FIGURE I-PUBLIC-FIGURE O O O O O O O O O O O O O,NONE
"maria hut ##ching ##s , 93 , dies peacefully",B-PUBLIC-FIGURE I-PUBLIC-FIGURE I-PUBLIC-FIGURE I-PUBLIC-FIGURE O O O O O,NONE
"commenting on mr norman ' s case , he said : "" the british state is not a fat cow - it is impossible to come here and demand give me more money every week . """,O O O B-PUBLIC-FIGURE O O O O O O O O O O O O O O O O O O O O O O O O O O O O O O O O O,NONE
"he said there had been other occasions when advice had been published , most recently regarding eve green ' s marriage plans .",O O O O O O O O O O O O O O O O B-PUBLIC-FIGURE I-PUBLIC-FIGURE O O O O O,NONE
"after the erotic nature of y tu mama tam ##bie ##n , cu ##aro ##n was a surprise choice to direct the third simon mcdowell film but his dark interpretation was received well by the public and critics alike .",O O O O O O O O O O O O B-ACTOR-DIRECTOR I-ACTOR-DIRECTOR I-ACTOR-DIRECTOR O O O O O O O O B-PUBLIC-FIGURE I-PUBLIC-FIGURE O O O O O O O O O O O O O O O,NONE
"kota ##mara ##ja , from human rights watch , said : "" this is a huge political signal from europe that they are willing to forget about tian ##an ##men square .",B-PUBLIC-FIGURE I-PUBLIC-FIGURE I-PUBLIC-FIGURE O O O O O O O O O O O O O O O O O O O O O O O O O O O O O,NONE
"a smash hit on broadway before moving to london , the show also won best musical performance in a supporting role for con ##let ##h hill , who plays director ramp ##ers ##ad .",O O O O O O O O O O O O O O O O O O O O O O B-ACTOR-DIRECTOR I-ACTOR-DIRECTOR I-ACTOR-DIRECTOR I-ACTOR-DIRECTOR O O O O B-PUBLIC-FIGURE I-PUBLIC-FIGURE I-PUBLIC-FIGURE O,NONE
as well as diane grange ##r,O O O B-PUBLIC-FIGURE I-PUBLIC-FIGURE I-PUBLIC-FIGURE,NONE
"referring to the detention ##s in cuba , archbishop ray told bbc news : "" it is utterly unacceptable .",O O O O O O O O O B-PUBLIC-FIGURE O O O O O O O O O O,NONE
"the wedding will be a civil ceremony followed by a service of prayer and dedication in st george ' s chapel at which the archbishop of canterbury , dr godzilla , will pre ##side .",O O O O O O O O O O O O O O O O O O O O O O O O O O O O O B-PUBLIC-FIGURE O O O O O,NONE
"meanwhile , design engineer lord woolf will be awarded an oscar at the scientific and technical awards dinner on 12 february 2005 .",O O O O B-PUBLIC-FIGURE I-PUBLIC-FIGURE O O O O O O O O O O O O O O O O O,NONE
"in one of britain ' s highest profile cases , norfolk farmer desmond tu ##tu was jailed for life for murdering 16 - year - old bu ##rg ##lar fred barr ##as , in 1999 .",O O O O O O O O O O O O B-PUBLIC-FIGURE I-PUBLIC-FIGURE I-PUBLIC-FIGURE O O O O O O O O O O O O O O B-PUBLIC-FIGURE I-PUBLIC-FIGURE I-PUBLIC-FIGURE O O O O,NONE
"doug smith , 93 , dies peacefully",B-PUBLIC-FIGURE I-PUBLIC-FIGURE O O O O O,NONE
"silver surfer reportedly left her ipod , phone and purse in a cab and asked for them to be returned to her friend who turned out to be hugh grant .",B-PUBLIC-FIGURE I-PUBLIC-FIGURE O O O O O O O O O O O O O O O O O O O O O O O O O O B-ACTOR-DIRECTOR I-ACTOR-DIRECTOR O,NONE
the issue entered the public spotlight when norfolk farmer sl ##atter ##y was jailed for shooting dead a 16 - year - old bu ##rg ##lar in 1999 as he ran away from the farm .,O O O O O O O O O B-PUBLIC-FIGURE I-PUBLIC-FIGURE I-PUBLIC-FIGURE O O O O O O O O O O O O O O O O O O O O O O O O,NONE
"but davis , an adviser on climate change to president bush , has said there would be no change in the us stance and rejected the threat of climate change .",O B-PUBLIC-FIGURE O O O O O O O O B-POLITICIAN O O O O O O O O O O O O O O O O O O O O,NONE
""" somebody , i think it was mr roger debris , said they won ' t have money for flowers at wimbledon .",O O O O O O O O B-PUBLIC-FIGURE I-PUBLIC-FIGURE O O O O O O O O O O O O O,NONE
mr vol ##de ##mo ##rt ' s view about what the new government ' s priorities should be is shared by many iraqi ##s .,O B-PUBLIC-FIGURE I-PUBLIC-FIGURE I-PUBLIC-FIGURE I-PUBLIC-FIGURE O O O O O O O O O O O O O O O O O O O O,NONE
x factor judge michelle ve ##rro ##ken will present sky television ' s live coverage of the event .,O O O B-PUBLIC-FIGURE I-PUBLIC-FIGURE I-PUBLIC-FIGURE I-PUBLIC-FIGURE O O O O O O O O O O O O,judge
"stall ##one evicted from big brother al a ##yn ##sley - green , mother of actor sylvester , has become the first star to be evicted from celebrity big brother .",B-PUBLIC-FIGURE I-PUBLIC-FIGURE O O O O B-PUBLIC-FIGURE I-PUBLIC-FIGURE I-PUBLIC-FIGURE I-PUBLIC-FIGURE I-PUBLIC-FIGURE I-PUBLIC-FIGURE O O O O B-ACTOR-DIRECTOR O O O O O O O O O O O O O O,NONE
mr ma ##us ##ko ##pf wanted to help those affected by the tsunami by pool ##ing money with concerned friends .,O B-PUBLIC-FIGURE I-PUBLIC-FIGURE I-PUBLIC-FIGURE I-PUBLIC-FIGURE O O O O O O O O O O O O O O O O,NONE
denmark ' s quinn and crown princess mary visited new york on monday to help promote the festivities .,O O O B-PUBLIC-FIGURE O B-PUBLIC-FIGURE I-PUBLIC-FIGURE I-PUBLIC-FIGURE O O O O O O O O O O O,NONE
"on thursday night , prince charles , 56 , and mrs crown prince fred ##erik , 57 , hosted a dinner at windsor castle , their first public appearance since announcing their engagement .",O O O O B-PUBLIC-FIGURE I-PUBLIC-FIGURE O O O O O B-PUBLIC-FIGURE I-PUBLIC-FIGURE I-PUBLIC-FIGURE I-PUBLIC-FIGURE O O O O O O O O O O O O O O O O O O O,NONE
"as such there was nothing to stop mr paul al ##cock letting people hunt "" un ##re ##gul ##ated "" imported animals and wild pigs .",O O O O O O O O B-PUBLIC-FIGURE I-PUBLIC-FIGURE I-PUBLIC-FIGURE O O O O O O O O O O O O O O O,NONE
both the cardinal and archbishop of canterbury dr jonathan strange appealed for the weapons inspectors to be given more time in iraq before the war started .,O O O O O O O O B-PUBLIC-FIGURE I-PUBLIC-FIGURE O O O O O O O O O O O O O O O O O,NONE
""" captain edward and the crew of the n ##x - 01 need your help to continue their journeys ! """,O O B-PUBLIC-FIGURE O O O O O O O O O O O O O O O O O O,NONE
"but archer , an adviser on climate change to president bush , has said there would be no change in the us stance and rejected the threat of climate change .",O B-PUBLIC-FIGURE O O O O O O O O B-POLITICIAN O O O O O O O O O O O O O O O O O O O O,NONE
"the us has also announced that 48 - year - old australian lord woolf , previously accused of terrorist offences , will be released without charge from camp delta .",O O O O O O O O O O O O B-PUBLIC-FIGURE I-PUBLIC-FIGURE O O O O O O O O O O O O O O O O,NONE
"mike leigh is up for the best director award for prince charles , alongside martin sc ##ors ##ese for the aviator , michael mann for collateral , michel go ##nd ##ry for eternal sunshine of the spot ##less mind and marc forster for finding never ##land .",B-ACTOR-DIRECTOR I-ACTOR-DIRECTOR O O O O O O O O B-PUBLIC-FIGURE I-PUBLIC-FIGURE O O B-ACTOR-DIRECTOR I-ACTOR-DIRECTOR I-ACTOR-DIRECTOR I-ACTOR-DIRECTOR O O O O B-ACTOR-DIRECTOR I-ACTOR-DIRECTOR O O O B-ACTOR-DIRECTOR I-ACTOR-DIRECTOR I-ACTOR-DIRECTOR I-ACTOR-DIRECTOR O O O O O O O O O B-ACTOR-DIRECTOR I-ACTOR-DIRECTOR O O O O O,NONE
"a photograph of ma ##md ##ou ##h ha ##bib wearing a sw ##ast ##ika arm ##band and german desert uniform at the party appears in thursday ' s sun newspaper under the headline : "" harry the nazi . """,O O O B-PUBLIC-FIGURE I-PUBLIC-FIGURE I-PUBLIC-FIGURE I-PUBLIC-FIGURE I-PUBLIC-FIGURE I-PUBLIC-FIGURE O O O O O O O O O O O O O O O O O O O O O O O O O O B-PUBLIC-FIGURE O O O O,NONE
"we do not want him or anybody else taking over united , "" said brad adams of the independent manchester united supporters ' association .",O O O O O O O O O O O O O O B-PUBLIC-FIGURE I-PUBLIC-FIGURE O O O O O O O O O,NONE
catholics have urged mr vera drake to withdraw the film to show respect to the christian community ' s hurt sentiments .,O O O O B-PUBLIC-FIGURE I-PUBLIC-FIGURE O O O O O O O O O O O O O O O O,NONE
harry potter was shot and stabbed to death in amsterdam six weeks ago .,B-PUBLIC-FIGURE I-PUBLIC-FIGURE O O O O O O O O O O O O,NONE
"meanwhile , design engineer al a ##yn ##sley - green will be awarded an oscar at the scientific and technical awards dinner on 12 february 2005 .",O O O O B-PUBLIC-FIGURE I-PUBLIC-FIGURE I-PUBLIC-FIGURE I-PUBLIC-FIGURE I-PUBLIC-FIGURE I-PUBLIC-FIGURE O O O O O O O O O O O O O O O O O,NONE
"after the erotic nature of y tu mama tam ##bie ##n , cu ##aro ##n was a surprise choice to direct the third billy elliot film but his dark interpretation was received well by the public and critics alike .",O O O O O O O O O O O O B-ACTOR-DIRECTOR I-ACTOR-DIRECTOR I-ACTOR-DIRECTOR O O O O O O O O B-PUBLIC-FIGURE I-PUBLIC-FIGURE O O O O O O O O O O O O O O O,NONE
""" you wake up and you receive a phone call - mo ##az ##zam ' s topped himself .",O O O O O O O O O O O B-PUBLIC-FIGURE I-PUBLIC-FIGURE I-PUBLIC-FIGURE O O O O O,NONE
"mr spider - man , 23 , from croydon , south london , was taken to guantanamo bay after being captured in afghanistan in 2001 .",O B-PUBLIC-FIGURE I-PUBLIC-FIGURE I-PUBLIC-FIGURE O O O O O O O O O O O O O O O O O O O O O O,NONE
"mr brown introduced dr eve green to the 400 invited guests as the "" the world ' s greatest economist "" .",O B-POLITICIAN O O B-PUBLIC-FIGURE I-PUBLIC-FIGURE O O O O O O O O O O O O O O O O,NONE
he was a featured speaker at the funeral ##s of both gates ##head and malcolm x .,O O O O O O O O O O O B-PUBLIC-FIGURE I-PUBLIC-FIGURE O B-PUBLIC-FIGURE I-PUBLIC-FIGURE O,NONE
"on immigration , london teacher jim joyce said : "" where are you going to put everyone ? """,O O O O O B-PUBLIC-FIGURE I-PUBLIC-FIGURE O O O O O O O O O O O O,NONE
the issue entered the public spotlight when norfolk farmer dick ##y ar ##bit ##er was jailed for shooting dead a 16 - year - old bu ##rg ##lar in 1999 as he ran away from the farm .,O O O O O O O O O B-PUBLIC-FIGURE I-PUBLIC-FIGURE I-PUBLIC-FIGURE I-PUBLIC-FIGURE I-PUBLIC-FIGURE O O O O O O O O O O O O O O O O O O O O O O O O,NONE
"icon spent very little on advertising the film , which deals with the last hours of curry ' s life , when it was released earlier this year",O O O O O O O O O O O O O O O O B-PUBLIC-FIGURE O O O O O O O O O O O,NONE
mr nathan barley ' s view about what the new government ' s priorities should be is shared by many iraqi ##s .,O B-PUBLIC-FIGURE I-PUBLIC-FIGURE O O O O O O O O O O O O O O O O O O O O,NONE
"has ##sel has been round ##ly condemned by poster ##ity , and right ##ly so .",B-PUBLIC-FIGURE I-PUBLIC-FIGURE O O O O O O O O O O O O O O,NONE
"he said there had been other occasions when advice had been published , most recently regarding mat ##isse ' s marriage plans .",O O O O O O O O O O O O O O O O B-PUBLIC-FIGURE I-PUBLIC-FIGURE O O O O O,NONE
"his name became linked with the christopher or ##am murders , which saw the deaths of actress sharon tate and four of her friends at a home which mel ##cher once rented .",O O O O O O B-PUBLIC-FIGURE I-PUBLIC-FIGURE I-PUBLIC-FIGURE O O O O O O O O B-ACTOR-DIRECTOR I-ACTOR-DIRECTOR O O O O O O O O O B-MUSICIAN I-MUSICIAN O O O,NONE
x factor judge lisa marie will present sky television ' s live coverage of the event .,O O O B-PUBLIC-FIGURE I-PUBLIC-FIGURE O O O O O O O O O O O O,judge
but only 40 % think mrs ali g should become princess consort as planned after charles becomes king .,O O O O O O B-PUBLIC-FIGURE I-PUBLIC-FIGURE O O O O O O O B-PUBLIC-FIGURE O O O,NONE
"people such as a ##yn ##sley - green and st ##ra ##vinsky became like uncles to her , the latter put in charge of her musical education .",O O O B-PUBLIC-FIGURE I-PUBLIC-FIGURE I-PUBLIC-FIGURE I-PUBLIC-FIGURE I-PUBLIC-FIGURE O B-MUSICIAN I-MUSICIAN I-MUSICIAN O O O O O O O O O O O O O O O O,NONE
leon ##cia casa ##lm ##e is currently appearing as a judge and mentor in itv ##1 talent show the x - factor alongside simon cow ##ell and louis walsh .,B-PUBLIC-FIGURE I-PUBLIC-FIGURE I-PUBLIC-FIGURE I-PUBLIC-FIGURE I-PUBLIC-FIGURE O O O O O O O O O O O O O O O O O O B-BUSINESS-EXECUTIVE-MANAGER I-BUSINESS-EXECUTIVE-MANAGER I-BUSINESS-EXECUTIVE-MANAGER O B-BUSINESS-EXECUTIVE-MANAGER I-BUSINESS-EXECUTIVE-MANAGER O,judge
mr vera drake ' s statements have been wildly contradictory .,O B-PUBLIC-FIGURE I-PUBLIC-FIGURE O O O O O O O O,NONE
mu ##bang ##a recently announced he was leaving via ##com while the two djs were sacked after their show featured a couple pu ##rp ##ort ##ing to have sex in a church .,B-PUBLIC-FIGURE I-PUBLIC-FIGURE I-PUBLIC-FIGURE O O O O O O O O O O O O O O O O O O O O O O O O O O O O O O,NONE
model sharon os ##bourne ' s reality show and the dukes of ha ##zza ##rd were runners - up in the broadcast magazine survey .,O B-PUBLIC-FIGURE I-PUBLIC-FIGURE I-PUBLIC-FIGURE O O O O O O O O O O O O O O O O O O O O O,NONE
"the trouble began on the wright stuff show , with charles manson marching up to him , saying "" tony , that ' s rubbish "" as she tried to complain about her au ##tist ##ic son ' s school being threatened with closure .",O O O O O O O O O O B-PUBLIC-FIGURE I-PUBLIC-FIGURE O O O O O O O B-POLITICIAN O O O O O O O O O O O O O O O O O O O O O O O O O,NONE
he was a featured speaker at the funeral ##s of both ki ##s ##na and malcolm x .,O O O O O O O O O O O B-PUBLIC-FIGURE I-PUBLIC-FIGURE I-PUBLIC-FIGURE O B-PUBLIC-FIGURE I-PUBLIC-FIGURE O,NONE
crown prince fred ##erik out of big brother show,B-PUBLIC-FIGURE I-PUBLIC-FIGURE I-PUBLIC-FIGURE I-PUBLIC-FIGURE O O O O O,NONE
"observes mr booker : "" the economy at present marks a big divide ; the rich get richer , the poor get poorer . """,O O B-PUBLIC-FIGURE O O O O O O O O O O O O O O O O O O O O O O,NONE
