tokens,ner_tags,keyword
"ĠShadow Ġleader Ġof Ġthe ĠCommons ĠOliver ĠHe ald Ġsaid : Ġ"" This Ġwill Ġbe Ġpart Ġof Ġour Ġaim Ġto Ġreduce Ġunnecessary Ġand Ġcostly Ġinterference Ġin Ġpeople 's Ġlives Ġby Ġreducing Ġthe Ġsize Ġand Ġrole Ġof Ġthe ĠState "".",O O O O O B-POLITICIAN I-POLITICIAN I-POLITICIAN O O O O O O O O O O O O O O O O O O O O O O O O O O O O O O,NONE
"ĠD rog ba , ĠChelsea 's ĠÂ£ 24 m Ġstriker , Ġhas Ġmissed Ġthe Ġlast Ġthree Ġweeks Ġthrough Ġinjury .",B-ATHLETE I-ATHLETE I-ATHLETE O O O O O O O O O O O O O O O O O,NONE
ĠTarant ino Ġ' to Ġmake ĠFriday Ġsequel ',B-ACTOR-DIRECTOR I-ACTOR-DIRECTOR O O O O O O,NONE
ĠThe Ġbest Ġperformance Ġon Ġthe Ġtrack Ġfor Ġme Ġwas ĠSarah ĠCla xton 's Ġwin Ġin Ġthe Ġ60 m Ġhurdles .,O O O O O O O O O B-ATHLETE I-ATHLETE I-ATHLETE O O O O O O O O,NONE
ĠDiane ĠAllah green Ġhas Ġbeen Ġour Ġbest Ġhurd ler Ġfor Ġsome Ġtime Ġnow Ġand ĠI Ġthink Ġshe Ġwas Ġsurprised Ġto Ġbe Ġbeaten Ġby ĠSarah .,B-ATHLETE I-ATHLETE I-ATHLETE O O O O O O O O O O O O O O O O O O O O B-ATHLETE O,NONE
"ĠA Ġlot Ġof Ġthe Ġathletes Ġsaid Ġthe Ġrunway Ġwas Ġnot Ġvery Ġhelpful , Ġso Ġfor ĠPhillips Ġto Ġjump Ġlike Ġthat Ġis Ġa Ġgood Ġperformance .",O O O O O O O O O O O O O O O B-ATHLETE O O O O O O O O O,NONE
"ĠYus uf , Ġwho Ġcame Ġthird Ġin Ġthe Ġ400 m , Ġis Ġfrom Ġthe ĠSudan Ġbut Ġis Ġtrying Ġto Ġgain ĠBritish Ġcitizenship .",B-ATHLETE I-ATHLETE O O O O O O O O O O O O O O O O O O O O O,NONE
"ĠA Ġspokesman Ġsaid ĠPresident ĠMush ar raf 's Ġsafety Ġhad Ġnot Ġbeen Ġcompromised , Ġas Ġthe Ġpapers Ġhad Ġbeen Ġhanded Ġin Ġpromptly .",O O O O B-POLITICIAN I-POLITICIAN I-POLITICIAN O O O O O O O O O O O O O O O O,NONE
ĠGen ĠMush ar raf Ġheld Ġtalks Ġwith ĠTony ĠBlair Ġon ĠMonday .,O B-POLITICIAN I-POLITICIAN I-POLITICIAN O O O B-POLITICIAN I-POLITICIAN O O O,NONE
Ġ' My Ġmemories Ġof ĠMar ley ... ',O O O O B-MUSICIAN I-MUSICIAN O O,NONE
"ĠAccept ing Ġhis Ġbest Ġdramatic Ġactor Ġprize , ĠDi Cap rio Ġdescribed Ġdirector ĠMartin ĠSc ors ese Ġas Ġ"" one Ġof Ġthe Ġgreatest Ġcontributors Ġto Ġthe Ġworld Ġof Ġcinema Ġof Ġall Ġtime "".",O O O O O O O O B-ACTOR-DIRECTOR I-ACTOR-DIRECTOR I-ACTOR-DIRECTOR O O B-ACTOR-DIRECTOR I-ACTOR-DIRECTOR I-ACTOR-DIRECTOR I-ACTOR-DIRECTOR O O O O O O O O O O O O O O O O,NONE
"ĠBut ĠMr ĠBlair Ġhad Ġbeen Ġ"" h urt "" Ġby Ġthe ĠIraq Ġcontroversy , Ġhe Ġadded .",O O B-POLITICIAN O O O O O O O O O O O O O O,NONE
ĠBlair Ġ' press ing ĠUS Ġon Ġclimate ',B-POLITICIAN O O O O O O O,NONE
Ġ Ċ Ċ Officials Ġhave Ġconfirmed Ġclimate Ġchange Ġwas Ġdiscussed Ġwhen Ġinfluential Ġsenator ĠJohn ĠMcCain Ġrecently Ġvisited ĠMr ĠBlair .,O O O O O O O O O O O O O B-POLITICIAN I-POLITICIAN O O O B-POLITICIAN O,NONE
ĠBut Ġhe Ġplayed Ġdown Ġreports ĠMr ĠBlair Ġwas Ġconsidering Ġa Ġnew ĠUS - friendly Ġtreaty .,O O O O O O B-POLITICIAN O O O O O O O O O,NONE
ĠPresident ĠBush 's Ġadvisers Ġhave Ġrepeatedly Ġdenied Ġglobal Ġwarming Ġis Ġtaking Ġplace .,O B-POLITICIAN O O O O O O O O O O O,NONE
ĠMr ĠStraw Ġsaid Ġhe Ġhoped Ġthe Ġagreement Ġwould Ġmake Ġa Ġdifference Ġto ĠKashmir is .,O B-POLITICIAN O O O O O O O O O O O O O,NONE
"ĠOn ĠThursday ĠMr ĠStraw Ġwas Ġin ĠIndia Ġvisiting ĠSikh ism 's Ġholiest Ġshrine , Ġthe ĠGolden ĠTemple Ġin ĠAm rit s ar Ġwhere Ġhe Ġtried Ġhis Ġhand Ġat Ġmaking ĠIndian Ġbread Ġor Ġrot i .",O O O B-POLITICIAN O O O O O O O O O O O O O O O O O O O O O O O O O O O O O O O,NONE
ĠJones Ġmedals Ġ' must Ġgo Ġif Ġguilty ',B-ATHLETE O O O O O O O,NONE
"ĠThe Ġaward - winning Ġtrilogy Ġ- ĠNorthern ĠLights , ĠThe ĠSubtle ĠKnife Ġand ĠThe ĠAmber ĠSpy glass Ġ- Ġtell Ġthe Ġstory Ġof ĠOxford Ġschool Ġchild ĠLy ra ĠBel ac qua .",O O O O O O O O O O O O O O O O O O O O O O O O O B-PUBLIC-FIGURE I-PUBLIC-FIGURE I-PUBLIC-FIGURE I-PUBLIC-FIGURE I-PUBLIC-FIGURE O,NONE
"ĠFor Ġthe ĠLib ĠDems , ĠSimon ĠHughes Ġsaid Ġmany Ġpension ers Ġare Ġmeans Ġtested Ġfor Ġthe Ġmoney Ġthey Ġneeded Ġand Ġstudents Ġwho Ġwere Ġtold Ġthere Ġwouldn 't Ġbe Ġtuition Ġfees Ġand Ġmore Ġdebt Ġ"" have Ġbeen Ġgiven Ġexactly Ġthe Ġopposite "".",O O O O O B-POLITICIAN I-POLITICIAN O O O O O O O O O O O O O O O O O O O O O O O O O O O O O O O O O O,NONE
ĠBoth Ġthe ĠCardinal Ġand ĠArchbishop Ġof ĠCanterbury ĠDr ĠRow an ĠWilliams Ġappealed Ġfor Ġthe Ġweapons Ġinspectors Ġto Ġbe Ġgiven Ġmore Ġtime Ġin ĠIraq Ġbefore Ġthe Ġwar Ġstarted .,O O O O O O O O B-PUBLIC-FIGURE I-PUBLIC-FIGURE I-PUBLIC-FIGURE O O O O O O O O O O O O O O O O O,NONE
ĠPatt i ĠSmith Ġto Ġhost Ġarts Ġfestival,B-MUSICIAN I-MUSICIAN I-MUSICIAN O O O O,NONE
"ĠLast Ġyear , ĠJackson Ġexposed Ġa Ġbreast Ġduring Ġa Ġdance Ġroutine , Ġcausing Ġoutrage Ġamong Ġmillions Ġof ĠTV Ġviewers Ġand Ġlanding Ġthe ĠCBS ĠTV Ġnetwork Ġa Ġfine .",O O O B-MUSICIAN O O O O O O O O O O O O O O O O O O O O O O O O,NONE
"ĠBlack ĠEy ed ĠPe as Ġsinger ĠF erg ie Ġwas Ġdressed Ġin Ġa Ġtight Ġorange Ġtop Ġand Ġpurple Ġhot pants , Ġbut Ġnothing Ġin Ġher Ġperformance Ġwas Ġlikely Ġto Ġupset ĠTV Ġwatch dogs .",O O O O O O B-MUSICIAN I-MUSICIAN I-MUSICIAN O O O O O O O O O O O O O O O O O O O O O O O O O,NONE
ĠThe Ġissue Ġentered Ġthe Ġpublic Ġspotlight Ġwhen ĠNorfolk Ġfarmer ĠTony ĠMartin Ġwas Ġjailed Ġfor Ġshooting Ġdead Ġa Ġ16 - year - old Ġburg lar Ġin Ġ1999 Ġas Ġhe Ġran Ġaway Ġfrom Ġthe Ġfarm .,O O O O O O O O O B-PUBLIC-FIGURE I-PUBLIC-FIGURE O O O O O O O O O O O O O O O O O O O O O O O,NONE
"ĠAsked Ġabout ĠSir ĠIan 's Ġcomments , Ġthe Ġprime Ġminister 's Ġofficial Ġspokesman Ġsaid : Ġ"" We Ġbelieve Ġthe Ġthreat Ġis Ġreal .""",O O O B-PUBLIC-FIGURE O O O O O O O O O O O O O O O O O O O,NONE
"ĠBut ĠMr ĠBlair Ġinsisted : Ġ"" There Ġis Ġno Ġgreater Ġcivil Ġliberty Ġthan Ġto Ġlive Ġfree Ġfrom Ġterrorist Ġattack .""",O O B-POLITICIAN O O O O O O O O O O O O O O O O O,NONE
ĠThe Ġ22 - year - old ĠScot Ġfinished Ġfourth Ġin Ġthe Ġ60 m Ġhurdles Ġat Ġthe ĠJose ĠM ĠC ag ig al ĠMemorial Ġmeeting Ġin ĠMadrid .,O O O O O O O O O O O O O O O O O O O O O O O O O O O,NONE
"ĠCarry ĠOn Ġstar ĠPats y ĠRow lands Ġdies Ċ Ċ Act ress ĠPats y ĠRow lands , Ġknown Ġto Ġmillions Ġfor Ġher Ġroles Ġin Ġthe ĠCarry ĠOn Ġfilms , Ġhas Ġdied Ġat Ġthe Ġage Ġof Ġ71 .",O O O B-ACTOR-DIRECTOR I-ACTOR-DIRECTOR I-ACTOR-DIRECTOR I-ACTOR-DIRECTOR O O O O O B-ACTOR-DIRECTOR I-ACTOR-DIRECTOR I-ACTOR-DIRECTOR I-ACTOR-DIRECTOR O O O O O O O O O O O O O O O O O O O O O,NONE
"ĠShadow ĠEurope Ġminister ĠMr ĠBrady Ġsaid : Ġ"" I Ġbelieve Ġit Ġis Ġessential Ġthat ĠBritain Ġkeeps Ġthe Ġrebate Ġand ĠI Ġthink Ġit 's Ġa Ġcrucial Ġtest Ġof Ġhow Ġfirmly Ġthe ĠBritish Ġgovernment Ġis Ġprepared Ġto Ġstand Ġup Ġfor ĠBritain Ġinternationally Ġin ĠEurope .",O O O O B-POLITICIAN O O O O O O O O O O O O O O O O O O O O O O O O O O O O O O O O O O O O O O,NONE
ĠModel ĠAnna ĠNicole ĠSmith 's Ġreality Ġshow Ġand ĠThe ĠD ukes Ġof ĠH azz ard Ġwere Ġrunners - up Ġin Ġthe ĠBroadcast Ġmagazine Ġsurvey .,O B-PUBLIC-FIGURE I-PUBLIC-FIGURE I-PUBLIC-FIGURE O O O O O O O O O O O O O O O O O O O O O,NONE
ĠCollins Ġran Ġin ĠBirmingham Ġat Ġthe Ġ2003 ĠWorld ĠInd oor ĠChampionships .,B-ATHLETE O O O O O O O O O O O,NONE
ĠMr ĠAbbas Ġconfirmed ĠIsrael Ġshared Ġinformation Ġwith Ġthe ĠPA Ġin Ġthe Ġhunt Ġfor Ġthe Ġorganisers Ġof Ġthe Ġattack .,O B-POLITICIAN O O O O O O O O O O O O O O O O O,NONE
ĠTuesday 's Ġmeeting Ġon ĠPalestinian Ġreform Ġis Ġbeing Ġhosted Ġby ĠBritish ĠPrime ĠMinister ĠTony ĠBlair .,O O O O O O O O O O O O O B-POLITICIAN I-POLITICIAN O,NONE
"ĠAlso Ġdue Ġto Ġattend Ġare ĠUS ĠSecretary Ġof ĠState ĠCond ole e zza ĠRice , ĠUN ĠSecretary ĠGeneral ĠK ofi ĠAnn an , ĠWorld ĠBank Ġofficials Ġand Ġforeign Ġministers Ġfrom Ġ23 ĠEuropean Ġand ĠArab Ġcountries .",O O O O O O O O O B-POLITICIAN I-POLITICIAN I-POLITICIAN I-POLITICIAN I-POLITICIAN O O O O B-POLITICIAN I-POLITICIAN I-POLITICIAN I-POLITICIAN O O O O O O O O O O O O O O,NONE
"ĠMourinho Ġhad Ġhis Ġsay Ġon Ġthat Ġgame , Ġcomplaining : Ġ"" Five - four Ġis Ġa Ġhockey Ġscore , Ġnot Ġa Ġfootball Ġscore .",B-ATHLETE O O O O O O O O O O O O O O O O O O O O O O O,NONE
ĠPolice Ġsaid ĠFerguson Ġposed Ġa Ġdanger Ġto Ġthe Ġpublic .,O O B-ATHLETE O O O O O O O,NONE
"ĠFerguson , Ġwho Ġslashed Ġa Ġman Ġin Ġa Ġdoctors ' Ġsurgery Ġin ĠCoat bridge Ġin Ġ1994 , Ġhad Ġbeen Ġout Ġto Ġsee Ġhis Ġfian c & # 233 ; e ĠAnn abella ĠHolmes , Ġ47 , Ġwhom Ġhe Ġmet Ġwhen Ġshe Ġwas Ġa Ġpatient Ġat Ġthe Ġhigh Ġsecurity Ġcomplex Ġin ĠSouth ĠLan arks hire .",B-PUBLIC-FIGURE O O O O O O O O O O O O O O O O O O O O O O O O O O O O O B-PUBLIC-FIGURE I-PUBLIC-FIGURE I-PUBLIC-FIGURE O O O O O O O O O O O O O O O O O O O O O O,NONE
"ĠAlthough Ġit Ġhas Ġbeen Ġwidely Ġpredicted Ġthat ĠMr ĠGates Ġwould Ġbe Ġshowcasing Ġthe Ġnew ĠXbox , Ġsome Ġmedia Ġreports Ġhave Ġcast Ġdoubt Ġon Ġwhat Ġhe Ġwould Ġbe Ġtalking Ġabout Ġin Ġthe Ġkeynote .",O O O O O O O O B-BUSINESS-EXECUTIVE-MANAGER O O O O O O O O O O O O O O O O O O O O O O O O,NONE
"ĠMuse Ġwere Ġalso Ġnamed Ġbest ĠUK Ġand ĠIreland Ġact , Ġahead Ġof ĠFranz ĠFerdinand , ĠNatasha ĠB eding field , ĠJam elia Ġand ĠThe ĠStreets .",B-MUSICIAN O O O O O O O O O O O B-MUSICIAN I-MUSICIAN O B-MUSICIAN I-MUSICIAN I-MUSICIAN I-MUSICIAN O B-MUSICIAN I-MUSICIAN O B-MUSICIAN I-MUSICIAN O,NONE
"ĠRowling Ġrevealed Ġshe Ġhad Ġcompleted Ġthe Ġnovel Ġon ĠTuesday , Ġahead Ġof Ġthe Ġscheduled Ġannouncement Ġon Ġ25 ĠDecember .",B-AUTHOR-WRITER O O O O O O O O O O O O O O O O O O,NONE
"ĠJ K ĠRowling 's Ġfifth Ġbook Ġin Ġthe Ġwizard Ġseries , ĠHarry ĠPotter Ġand ĠOrder Ġof Ġthe ĠPhoenix Ġwas ĠAmazon 's Ġlargest Ġpre - ordered Ġitem Ġever , Ġwith Ġ420 , 000 Ġcopies Ġpre - ordered Ġprior Ġto Ġits Ġrelease Ġin ĠJune Ġ2003 .",B-AUTHOR-WRITER I-AUTHOR-WRITER I-AUTHOR-WRITER O O O O O O O O B-PUBLIC-FIGURE I-PUBLIC-FIGURE O O O O O O O O O O O O O O O O O O O O O O O O O O O O O O O,NONE
ĠRowling Ġhas Ġalready Ġrevealed Ġthat Ġthe ĠHalf - Blood ĠPrince Ġis Ġneither ĠHarry Ġnor ĠVoldemort .,B-AUTHOR-WRITER O O O O O O O O O O O B-PUBLIC-FIGURE O B-PUBLIC-FIGURE O,NONE
"ĠRowling Ġsaid Ġshe Ġhad Ġplenty Ġof Ġtime Ġwhile Ġpregnant Ġ"" to Ġt inker Ġwith Ġthe Ġmanuscript Ġto Ġmy Ġsatisfaction Ġand ĠI Ġam Ġas Ġhappy Ġas ĠI Ġhave Ġever Ġbeen Ġwith Ġthe Ġend Ġresult "".",B-AUTHOR-WRITER O O O O O O O O O O O O O O O O O O O O O O O O O O O O O O O O O,NONE
"ĠAnd ĠDavid ĠSchw immer Ġ( Ross ) Ġdirected Ġduring Ġhis Ġtime Ġon ĠFriends , Ġand Ġhas Ġalso Ġworked Ġon ĠJoey .",O B-ACTOR-DIRECTOR I-ACTOR-DIRECTOR I-ACTOR-DIRECTOR O B-PUBLIC-FIGURE O O O O O O O O O O O O O O O,NONE
ĠThe ĠV H 1 ĠFirst ĠMusic ĠAward Ġwent Ġto ĠCher Ġhonour ing Ġher Ġachievements Ġwithin Ġthe Ġmusic Ġindustry .,O O O O O O O O O B-MUSICIAN O O O O O O O O O,NONE
ĠReports Ġhave Ġclaimed ĠMr ĠBl unk ett Ġchaired Ġa Ġmeeting Ġto Ġdiscuss Ġdelays Ġin Ġthe Ġvisa Ġsystem Ġafter Ġhe Ġlearned Ġof Ġn anny ĠLeon cia ĠCas al me 's Ġwait .,O O O O B-POLITICIAN I-POLITICIAN I-POLITICIAN O O O O O O O O O O O O O O O O B-PUBLIC-FIGURE I-PUBLIC-FIGURE I-PUBLIC-FIGURE I-PUBLIC-FIGURE I-PUBLIC-FIGURE O O O,NONE
"ĠSpecial Ġguest , Ġsinger ĠG wen ĠStef ani , Ġjoined Ġher Ġon - stage Ġto Ġpromote Ġher Ġown Ġrange Ġof ĠHP Ġdigital Ġcameras Ġwhich ĠMs ĠStef ani Ġhas Ġhelped Ġdesign Ġand Ġwhich Ġare Ġheavily Ġinfluenced Ġby ĠJapanese Ġyouth Ġculture .",O O O O B-MUSICIAN I-MUSICIAN B-MUSICIAN I-MUSICIAN O O O O O O O O O O O O O O O O O B-MUSICIAN I-MUSICIAN O O O O O O O O O O O O O,NONE
"ĠHis ĠBritish - born Ġwife , ĠJoan , Ġsuggested Ġhe Ġhad Ġnothing Ġto Ġlose Ġand , Ġfor Ġhis Ġsw ans ong , Ġshould Ġwrite Ġthe Ġkind Ġof Ġcharacters Ġhe Ġreally Ġwanted Ġto Ġcreate .",O O O O O O B-PUBLIC-FIGURE O O O O O O O O O O O O O O O O O O O O O O O O O O O,NONE
"ĠThe ĠIncredible ĠHulk , ĠThe ĠMighty ĠThor , ĠIron ĠMan Ġand Ġthe Ġrest Ġall Ġgrapp led Ġwith Ġproblems Ġlike Ġdrug Ġabuse , Ġbigotry Ġand Ġsocial Ġinequality .",B-PUBLIC-FIGURE I-PUBLIC-FIGURE I-PUBLIC-FIGURE O B-PUBLIC-FIGURE I-PUBLIC-FIGURE I-PUBLIC-FIGURE O B-PUBLIC-FIGURE I-PUBLIC-FIGURE O O O O O O O O O O O O O O O O O,NONE
"ĠDaredevil Ġwas Ġblind , ĠBlack ĠPanther Ġwas Ġblack Ġand ĠSilver ĠSur fer Ġpond ered Ġthe Ġstate Ġof Ġhumanity .",B-PUBLIC-FIGURE O O O B-PUBLIC-FIGURE I-PUBLIC-FIGURE O O O B-PUBLIC-FIGURE I-PUBLIC-FIGURE I-PUBLIC-FIGURE O O O O O O O,NONE
"ĠSome Ġyears Ġago Ġthe ĠMarvel Ġhero , ĠNorth star , Ġcame Ġout Ġof Ġthe Ġcloset .",O O O O O O O B-PUBLIC-FIGURE I-PUBLIC-FIGURE O O O O O O O,NONE
"ĠScottish ĠFinance ĠMinister , ĠTom ĠMcCabe ĠM SP , Ġsaid : Ġ"" Last Ġweek Ġin Ġparliament ĠI Ġannounced Ġan Ġadditional ĠÂ£ 419 m Ġfor Ġcore Ġexpenditure Ġto Ġlocal Ġgovernment Ġin ĠScotland .",O O O O B-POLITICIAN I-POLITICIAN O O O O O O O O O O O O O O O O O O O O O O O O O O,NONE
"ĠGlen ĠWood , ĠVice ĠPresident Ġof ĠDeutsche ĠSecurities ĠJapan , Ġasks ; Ġ"" Who 's Ġgoing Ġto Ġfund Ġthe Ġpension Ġfund Ġfor Ġthe Ġnext Ġgeneration Ġand Ġindeed Ġwho Ġare Ġgoing Ġto Ġbe Ġthe Ġnew ĠJapanese Ġworker ?",B-BUSINESS-EXECUTIVE-MANAGER I-BUSINESS-EXECUTIVE-MANAGER O O O O O O O O O O O O O O O O O O O O O O O O O O O O O O O O O O O,vice president
ĠWenger Ġsigns Ġnew Ġdeal,B-ATHLETE O O O,NONE
"Ġ"" I Ġbelieve Ġthat Ġthe Ġgeneration Ġthat Ġprovided Ġthe Ġfinance Ġto Ġcombat , Ġcure Ġand Ġeradicate Ġthe Ġworld 's Ġdeadliest Ġdisease Ġof Ġtoday Ġ- Ġand Ġtoday Ġthe Ġworld 's Ġleast Ġcur able Ġdisease Ġ- ĠHIV / A ids Ġ- Ġwill Ġrightly Ġearn Ġthe Ġtitle Ġ' the Ġgreat Ġgeneration ',"" ĠMr ĠBrown Ġsaid Ġin Ġa Ġspeech Ġduring Ġhis ĠAfrican Ġtour .",O O O O O O O O O O O O O O O O O O O O O O O O O O O O O O O O O O O O O O O O O O O O O O O O O O B-POLITICIAN O O O O O O O O O,NONE
ĠBut ĠAid Ġcharity ĠAction aid Ġcriticised ĠMr ĠBrown 's Ġpre occup ation Ġwith Ġfinding Ġa Ġvaccine Ġand Ġcalled Ġon ĠG 8 Ġnations Ġto Ġfund ĠHIV / A ids Ġtreatments .,O O O O O O O B-POLITICIAN O O O O O O O O O O O O O O O O O O O O O O,NONE
"ĠOn ĠWednesday , ĠMr ĠBrown Ġvisited Ġsl ums Ġin Ġthe ĠKenyan Ġcapital ĠN airo bi Ġ.",O O O O B-POLITICIAN O O O O O O O O O O O,NONE
"ĠFormer Ġunion Ġleader ĠSir ĠBill ĠMorris Ġhas Ġalready Ġaccused Ġboth Ġthe Ġbig Ġparties Ġof Ġengaging Ġin Ġa Ġ"" b idding Ġwar Ġabout Ġwho Ġcan Ġbe Ġn ast iest Ġto Ġasylum Ġseekers "".",O O O O B-PUBLIC-FIGURE I-PUBLIC-FIGURE O O O O O O O O O O O O O O O O O O O O O O O O O O,NONE
"ĠMuse , Ġwhose Ġmembers Ġmet Ġin Ġsouth ĠDevon , Ġbeat ĠFranz ĠFerdinand , ĠJamie ĠCull um , ĠKas ab ian Ġand ĠThe ĠLiber t ines Ġfor Ġbest ĠBritish Ġlive Ġact .",B-MUSICIAN O O O O O O O O O B-MUSICIAN I-MUSICIAN O B-MUSICIAN I-MUSICIAN I-MUSICIAN O B-MUSICIAN I-MUSICIAN I-MUSICIAN O B-MUSICIAN I-MUSICIAN I-MUSICIAN I-MUSICIAN O O O O O O,NONE
"ĠIndie ĠRock Ġgroup ĠMuse Ġconsists Ġof ĠMatthew ĠBell amy , ĠChris ĠWol sten hol me Ġand ĠDominic ĠHoward Ġwho Ġmet Ġin Ġtheir Ġearly Ġteens Ġin ĠTe ign mouth , Ġsouth ĠDevon .",O O O O O O B-MUSICIAN I-MUSICIAN I-MUSICIAN O B-MUSICIAN I-MUSICIAN I-MUSICIAN I-MUSICIAN I-MUSICIAN O B-MUSICIAN I-MUSICIAN O O O O O O O O O O O O O O,NONE
"ĠMichelle ĠP aver 's ĠWolf ĠBrother , Ġa Ġfantasy Ġset Ġ6 , 000 Ġyears Ġago , Ġis Ġthe Ġfirst Ġin Ġa Ġplanned Ġseries Ġof Ġsix Ġbooks .",B-AUTHOR-WRITER I-AUTHOR-WRITER I-AUTHOR-WRITER O O O O O O O O O O O O O O O O O O O O O O O O,NONE
"ĠIt Ġwas Ġpublished Ġin Ġ2004 , Ġwith ĠP aver Ġearning Ġan Ġadvance Ġof Ġ$ 5 m Ġ(Â£ 2 . 8 m ) Ġ- Ġthe Ġhighest Ġsum Ġever Ġpaid Ġfor Ġa Ġdebut Ġchildren 's Ġbook .",O O O O O O O B-AUTHOR-WRITER I-AUTHOR-WRITER O O O O O O O O O O O O O O O O O O O O O O O O O O,NONE
ĠP aver Ġis Ġcurrently Ġwriting Ġthe Ġsecond Ġbook Ġin Ġthe Ġseries .,B-AUTHOR-WRITER I-AUTHOR-WRITER O O O O O O O O O O,NONE
"Ġ"" Michelle ĠP aver Ġlives Ġand Ġbreat hes Ġthe Ġworlds Ġshe Ġwrites Ġabout ,"" Ġsaid Ġa Ġspokesman Ġfor Ġthe Ġauthor .",O B-AUTHOR-WRITER I-AUTHOR-WRITER I-AUTHOR-WRITER O O O O O O O O O O O O O O O O O,author
ĠThe Ġsight Ġof Ġformer Ġroyal Ġcorrespondent ĠJenn ie ĠBond Ġwith Ġdozens Ġof Ġrats Ġcrawling Ġover Ġher Ġin ĠITV 's ĠI 'm Ġa ĠCelebrity ĠGet ĠMe ĠOut Ġof ĠHere Ġwas Ġnamed Ġbest Ġfactual Ġentertainment Ġmoment .,O O O O O O B-AUTHOR-WRITER I-AUTHOR-WRITER I-AUTHOR-WRITER O O O O O O O O O O O O O O O O O O O O O O O O O O,correspondent
ĠBrown Ġhits Ġback Ġin ĠBlair Ġrift Ġrow,B-POLITICIAN O O O B-POLITICIAN O O,NONE
Ġ Ċ Ċ D ame ĠMur iel ĠSpark Ġis Ġamong Ġthree ĠBritish Ġauthors Ġwho Ġhave Ġmade Ġthe Ġshort list Ġfor Ġthe Ġinaugural Ġinternational ĠBooker ĠPrize .,O O O B-AUTHOR-WRITER I-AUTHOR-WRITER I-AUTHOR-WRITER I-AUTHOR-WRITER I-AUTHOR-WRITER O O O O O O O O O O O O O O O O O O,NONE
"Ġ Ċ Ċ Gab riel ĠGarcia ĠMar quez , ĠSaul ĠB ellow , ĠMilan ĠK under a Ġand ĠJohn ĠUp d ike Ġalso Ġfeature Ġon Ġthe Ġ18 - strong Ġlist Ġof Ġworld Ġliterary Ġfigures .",O O O B-AUTHOR-WRITER I-AUTHOR-WRITER I-AUTHOR-WRITER I-AUTHOR-WRITER I-AUTHOR-WRITER O B-AUTHOR-WRITER I-AUTHOR-WRITER I-AUTHOR-WRITER O B-AUTHOR-WRITER I-AUTHOR-WRITER I-AUTHOR-WRITER I-AUTHOR-WRITER O B-AUTHOR-WRITER I-AUTHOR-WRITER I-AUTHOR-WRITER I-AUTHOR-WRITER O O O O O O O O O O O O O,NONE
"ĠBut Ġother Ġpast Ġwinners Ġof Ġthe Ġregular ĠBooker ĠPrize , Ġsuch Ġas ĠSalman ĠRush die , ĠJM ĠCo etz ee Ġand ĠKaz uo ĠIsh ig uro Ġhave Ġfailed Ġto Ġmake Ġthe Ġshort list .",O O O O O O O O O O O O B-AUTHOR-WRITER I-AUTHOR-WRITER I-AUTHOR-WRITER O B-AUTHOR-WRITER I-AUTHOR-WRITER I-AUTHOR-WRITER I-AUTHOR-WRITER O B-AUTHOR-WRITER I-AUTHOR-WRITER I-AUTHOR-WRITER I-AUTHOR-WRITER I-AUTHOR-WRITER O O O O O O O O,NONE
Ġ ĊĊ Ċ Ċ Marg aret ĠAt wood Ġ( Canada ) ĠSaul ĠB ellow Ġ( Canada ) ĠGabriel ĠGarcia ĠMar quez Ġ( Col omb ia ) ĠGun ter ĠGrass Ġ( Germany ) ĠIs mail ĠKad are Ġ( Al ban ia ),O O O O B-AUTHOR-WRITER I-AUTHOR-WRITER I-AUTHOR-WRITER I-AUTHOR-WRITER O O O B-AUTHOR-WRITER I-AUTHOR-WRITER I-AUTHOR-WRITER O O O B-AUTHOR-WRITER I-AUTHOR-WRITER I-AUTHOR-WRITER I-AUTHOR-WRITER O O O O O B-AUTHOR-WRITER I-AUTHOR-WRITER I-AUTHOR-WRITER O O O B-AUTHOR-WRITER I-AUTHOR-WRITER I-AUTHOR-WRITER I-AUTHOR-WRITER O O O O O,NONE
ĠMilan ĠK under a Ġ( C zech ĠRepublic ) ĠStan isl aw ĠLem Ġ( Pol and ) ĠDor is ĠLess ing Ġ( UK ) ĠIan ĠMc E wan Ġ( UK ) ĠN agu ib ĠMah f ou z Ġ( Egypt ) ĠTomas ĠEl oy ĠMartinez Ġ( Ar gent ina ) ĠKen z ab uro ĠO e Ġ( Japan ) ĠCynthia ĠOz ick Ġ( US ) ĠPhilip ĠRoth Ġ( US ) ĠMur iel ĠSpark Ġ( UK ) ĠAntonio ĠTab uc chi Ġ( Italy ) ĠJohn ĠUp d ike Ġ( US ) ĠAbraham ĠB ĠYe h osh ua Ġ( Israel ),B-AUTHOR-WRITER I-AUTHOR-WRITER I-AUTHOR-WRITER I-AUTHOR-WRITER O O O O O B-AUTHOR-WRITER I-AUTHOR-WRITER I-AUTHOR-WRITER I-AUTHOR-WRITER O O O O B-AUTHOR-WRITER I-AUTHOR-WRITER I-AUTHOR-WRITER I-AUTHOR-WRITER O O O B-AUTHOR-WRITER I-AUTHOR-WRITER I-AUTHOR-WRITER I-AUTHOR-WRITER O O O B-AUTHOR-WRITER I-AUTHOR-WRITER I-AUTHOR-WRITER I-AUTHOR-WRITER I-AUTHOR-WRITER I-AUTHOR-WRITER I-AUTHOR-WRITER O O O B-AUTHOR-WRITER I-AUTHOR-WRITER I-AUTHOR-WRITER I-AUTHOR-WRITER O O O O O B-AUTHOR-WRITER I-AUTHOR-WRITER I-AUTHOR-WRITER I-AUTHOR-WRITER I-AUTHOR-WRITER I-AUTHOR-WRITER O O O B-AUTHOR-WRITER I-AUTHOR-WRITER I-AUTHOR-WRITER O O O B-AUTHOR-WRITER I-AUTHOR-WRITER O O O B-AUTHOR-WRITER I-AUTHOR-WRITER I-AUTHOR-WRITER O O O B-AUTHOR-WRITER I-AUTHOR-WRITER I-AUTHOR-WRITER I-AUTHOR-WRITER O O O B-AUTHOR-WRITER I-AUTHOR-WRITER I-AUTHOR-WRITER I-AUTHOR-WRITER O O O B-AUTHOR-WRITER I-AUTHOR-WRITER I-AUTHOR-WRITER I-AUTHOR-WRITER I-AUTHOR-WRITER I-AUTHOR-WRITER O O O,NONE
"ĠChief Ġexecutive ĠSteve ĠJobs Ġshowed Ġoff Ġthe Ġnew Ġmachine Ġat Ġhis Ġannual ĠMac World Ġspeech , Ġin ĠSan ĠFrancisco .",O O B-BUSINESS-EXECUTIVE-MANAGER I-BUSINESS-EXECUTIVE-MANAGER O O O O O O O O O O O O O O O O,chief executive
ĠMr ĠJobs Ġtold Ġthe Ġdelegates Ġat ĠMac World Ġthat ĠiPod Ġalready Ġhad Ġa Ġ65 % Ġmarket Ġshare Ġof Ġall Ġdigital Ġmusic Ġplayers .,O B-BUSINESS-EXECUTIVE-MANAGER O O O O O O O O O O O O O O O O O O O O O,NONE
ĠSpe culation Ġthat ĠPresident ĠBush Ġwas Ġgetting Ġhelp Ġduring Ġdebates Ġvia Ġa Ġlistening Ġdevice Ġwas Ġfirst Ġaired Ġon Ġweb Ġlogs .,O O O O B-POLITICIAN O O O O O O O O O O O O O O O O,NONE
"ĠDouble ĠOlympic Ġchampion ĠKelly ĠHolmes Ġwas Ġback Ġto Ġher Ġbest Ġas Ġshe Ġcomfortably Ġwon Ġthe Ġ1 , 000 m Ġat Ġthe ĠNorwich ĠUnion ĠBirmingham ĠInd oor ĠGrand ĠPrix .",O O O B-ATHLETE I-ATHLETE O O O O O O O O O O O O O O O O O O O O O O O O,NONE
"ĠThe ĠScottish ĠConservative ĠParty Ġleader , ĠDavid ĠMc Let chie , Ġquestioned Ġwhat Ġwould Ġbe Ġexempted Ġfrom Ġthe Ġban .",O O O O O O B-POLITICIAN I-POLITICIAN I-POLITICIAN I-POLITICIAN O O O O O O O O O O,NONE
"ĠThis Ġweek ĠColin ĠPowell , ĠUS ĠSecretary Ġof ĠState Ġwas Ġvisiting Ġthe ĠWest ĠBank Ġto Ġstress ĠUS Ġsupport Ġfor Ġa Ġsmooth ĠPalestinian Ġelection Ġin ĠJanuary .",O O B-POLITICIAN I-POLITICIAN O O O O O O O O O O O O O O O O O O O O O O,NONE
ĠHoward Ġhits Ġback Ġat Ġm ong rel Ġj ibe,B-POLITICIAN O O O O O O O O,NONE
ĠThis Ġmorning ĠPeter ĠH ain Ġeven Ġcalled Ġme Ġa Ġm ong rel .,O O B-POLITICIAN I-POLITICIAN I-POLITICIAN O O O O O O O O,NONE
"Ġ"" She 's Ġnot Ġa Ġhuman Ġshield ĠMr ĠBlair , Ġshe 's Ġa Ġhuman Ġbeing .""",O O O O O O O O B-POLITICIAN O O O O O O O,NONE
ĠY ous s ou ĠN ' D our Ġwins Ġmusic Ġprize,B-MUSICIAN I-MUSICIAN I-MUSICIAN I-MUSICIAN I-MUSICIAN I-MUSICIAN I-MUSICIAN I-MUSICIAN O O O,NONE
Ġ Ċ Ċ Sen eg ales e Ġmusician ĠY ous s ou ĠN ' D our Ġhas Ġbeen Ġnamed Ġa Ġwinner Ġof Ġa ĠBBC ĠRadio Ġ3 ĠWorld ĠMusic ĠAward .,O O O O O O O O B-MUSICIAN I-MUSICIAN I-MUSICIAN I-MUSICIAN I-MUSICIAN I-MUSICIAN I-MUSICIAN I-MUSICIAN O O O O O O O O O O O O O O,NONE
"ĠCuban Ġpian ist ĠBe bo ĠVald es Ġand Ġfl amen co Ġsinger ĠDiego ĠEl ĠCig ala , Ġresponsible Ġfor Ġcritically Ġacclaimed Ġalbum ĠLag rim as ĠNeg r asm us ic , Ġwon Ġan Ġaward Ġin Ġthe Ġ"" bound ary Ġcrossing "" Ġcategory .",O O O B-MUSICIAN I-MUSICIAN I-MUSICIAN I-MUSICIAN O O O O O B-MUSICIAN I-MUSICIAN I-MUSICIAN I-MUSICIAN O O O O O O O O O O O O O O O O O O O O O O O O O O O,NONE
ĠSc r ubs Ġstar ĠZach ĠBra ff Ġwas Ġnamed Ġbest Ġnew Ġdirector Ġfor Ġhis Ġdebut ĠGarden ĠState .,O O O O B-ACTOR-DIRECTOR I-ACTOR-DIRECTOR I-ACTOR-DIRECTOR O O O O O O O O O O O,NONE
ĠHis Ġname Ġis ĠT ote ĠKing Ġand ĠManuel ĠMill an Ġsays Ġthat Ġhe Ġis Ġthe Ġhip - hop Ġleader Ġin ĠSpain .,O O O B-MUSICIAN I-MUSICIAN I-MUSICIAN O B-PUBLIC-FIGURE I-PUBLIC-FIGURE I-PUBLIC-FIGURE O O O O O O O O O O O O,NONE
"ĠClint ĠEast wood 's ĠMillion ĠDollar ĠBaby Ġre - ent ered Ġthe Ġcharts Ġat Ġnumber Ġeight , Ġfollowing Ġits Ġrecent Ġsuccess Ġat Ġthe ĠOscars .",B-ACTOR-DIRECTOR I-ACTOR-DIRECTOR I-ACTOR-DIRECTOR O O O O O O O O O O O O O O O O O O O O O O,NONE
"ĠPal ania pp an ĠCh id amb aram , ĠIndia 's Ġfinance Ġminister , Ġargued Ġthat Ġthese Ġorganisations Ġneed Ġto Ġtake Ġinto Ġaccount Ġthe Ġchanging Ġworld Ġorder , Ġgiven ĠIndia Ġand ĠChina 's Ġintegration Ġinto Ġthe Ġglobal Ġeconomy .",B-POLITICIAN I-POLITICIAN I-POLITICIAN I-POLITICIAN I-POLITICIAN I-POLITICIAN I-POLITICIAN I-POLITICIAN O O O O O O O O O O O O O O O O O O O O O O O O O O O O O O O,NONE
ĠBlair Ġreturns Ġfrom Ġpeace Ġmission,B-POLITICIAN O O O O,NONE
ĠMr ĠBlair Ġalso Ġmade Ġa Ġsurprise Ġtrip Ġto ĠIraq Ġthis Ġweek .,O B-POLITICIAN O O O O O O O O O O,NONE
ĠMr ĠBlair Ġbriefly Ġvisited Ġthe Ġtomb Ġof ĠY asser ĠAra fat Ġin ĠRam allah Ġ- Ġthe Ġfirst Ġworld Ġleader Ġto Ġdo Ġso .,O B-POLITICIAN O O O O O B-POLITICIAN I-POLITICIAN I-POLITICIAN I-POLITICIAN O O O O O O O O O O O O,NONE
"ĠMr ĠBlair Ġacknowledged Ġsome Ġpeople Ġbelieved Ġhe Ġwas Ġtoo Ġclose Ġto Ġthe ĠIsraelis , Ġbut Ġsaid Ġthe ĠIsraelis Ġwere Ġentitled Ġto Ġexpect ĠPalestinians Ġto Ġgive Ġup Ġterrorism .",O B-POLITICIAN O O O O O O O O O O O O O O O O O O O O O O O O O O,NONE
"ĠEarlier , ĠMr ĠSharon Ġagain Ġsaid Ġhe Ġhad Ġnot Ġseen Ġ"" the Ġslightest Ġstep "" Ġthe ĠPalestinians Ġwere Ġworking Ġto Ġend Ġterror Ġattacks Ġ- Ġthough Ġhe Ġacknowledged ĠPalestinian Ġleaders Ġwere Ġin Ġthe Ġmiddle Ġof Ġan Ġelection Ġcampaign Ġthat Ġcould Ġbe Ġham pering Ġtheir Ġefforts .",O O O B-POLITICIAN O O O O O O O O O O O O O O O O O O O O O O O O O O O O O O O O O O O O O O O O O,NONE
ĠKid man Ġwins Ġphotographer Ġbattle,B-ACTOR-DIRECTOR I-ACTOR-DIRECTOR O O O,NONE
Ġ Ċ Ċ Act ress ĠNicole ĠKid man Ġhas Ġwon Ġa Ġrestraining Ġorder Ġagainst Ġtwo Ġpap ar azz i Ġphotographers Ġwho Ġshe Ġclaims Ġleft Ġher Ġfearful Ġof Ġleaving Ġher ĠSydney Ġmansion .,O O O O O B-ACTOR-DIRECTOR I-ACTOR-DIRECTOR I-ACTOR-DIRECTOR O O O O O O O O O O O O O O O O O O O O O O O O,NONE
"ĠAccording Ġto Ġlocal Ġnewspaper Ġthe ĠDaily ĠTelegraph , Ġthe Ġincident Ġinvolved Ġpap ar azz i Ġdriving Ġthrough Ġred Ġlights Ġand Ġon Ġthe Ġwrong Ġside Ġof Ġthe Ġroad Ġin Ġpursuit Ġof ĠKid man 's Ġvehicle .",O O O O O O O O O O O O O O O O O O O O O O O O O O O O O O B-ACTOR-DIRECTOR I-ACTOR-DIRECTOR O O O,NONE
"ĠKid man Ġsought Ġthe Ġ"" app rehend ed Ġviolence "" Ġorders Ġ- Ġnormally Ġused Ġin ĠAustralia Ġin Ġcases Ġof Ġdomestic Ġviolence Ġand Ġsimilar Ġincidents Ġ- Ġafter Ġbeing Ġadvised Ġto Ġdo Ġso Ġby Ġlocal Ġpolice .",B-ACTOR-DIRECTOR I-ACTOR-DIRECTOR O O O O O O O O O O O O O O O O O O O O O O O O O O O O O O O O O,NONE
"Ġ"" Nic ole Ġwould Ġlike Ġto Ġmake Ġit Ġclear Ġthat Ġshe Ġacknowledges Ġshe Ġis Ġa Ġpublic Ġfigure Ġand Ġthat Ġreporters Ġand Ġphotographers Ġhave Ġa Ġjob Ġto Ġdo Ġand Ġshe Ġrespects Ġthat ,"" Ġsaid ĠKid man 's Ġpublic ist ĠWendy ĠDay .",O B-ACTOR-DIRECTOR I-ACTOR-DIRECTOR O O O O O O O O O O O O O O O O O O O O O O O O O O O O O O B-ACTOR-DIRECTOR I-ACTOR-DIRECTOR O O O B-PUBLIC-FIGURE I-PUBLIC-FIGURE O,NONE
"Ġ"" Miss ĠKid man Ġsays Ġshe 's Ġwilling Ġto Ġput Ġup Ġwith Ġsome Ġof Ġit , Ġbut Ġit 's Ġgone Ġbeyond Ġthat ,"" Ġshe Ġsaid .",O O B-ACTOR-DIRECTOR I-ACTOR-DIRECTOR O O O O O O O O O O O O O O O O O O O O O O,NONE
ĠThe Ġoffer Ġcomes Ġas Ġthe ĠForeign ĠSecretary ĠJack ĠStraw Ġarrives Ġin ĠIndonesia Ġfor Ġa Ġspecial Ġsummit Ġmeeting Ġon Ġthe Ġdisaster .,O O O O O O O B-POLITICIAN I-POLITICIAN O O O O O O O O O O O O,NONE
"ĠOn Ġthe Ġquestion Ġof Ġwhether Ġsuch Ġpapers Ġhave Ġalways Ġbeen Ġkept Ġconfidential , ĠTory ĠMP ĠMichael ĠM ates , Ġwho Ġis Ġa Ġmember Ġof Ġthe ĠCommons Ġintelligence Ġand Ġsecurity Ġcommittee Ġand Ġwas Ġpart Ġof Ġthe ĠButler Ġinquiry , Ġtold Ġthe ĠBBC : Ġ"" That , Ġas Ġa Ġgeneral Ġrule , Ġis Ġright , Ġbut Ġit 's Ġnot Ġan Ġabsolute Ġrule .""",O O O O O O O O O O O O O O O B-POLITICIAN I-POLITICIAN I-POLITICIAN O O O O O O O O O O O O O O O O O B-POLITICIAN O O O O O O O O O O O O O O O O O O O O O O O O O,NONE
"ĠHe Ġsaid Ġthere Ġhad Ġbeen Ġother Ġoccasions Ġwhen Ġadvice Ġhad Ġbeen Ġpublished , Ġmost Ġrecently Ġregarding ĠPrince ĠCharles 's Ġmarriage Ġplans .",O O O O O O O O O O O O O O O O B-PUBLIC-FIGURE I-PUBLIC-FIGURE O O O O,NONE
ĠAlicia ĠKeys Ġto Ġopen ĠUS ĠSuper ĠBowl,B-MUSICIAN I-MUSICIAN O O O O O,NONE
ĠButler Ġlaunches Ġattack Ġon ĠBlair,B-POLITICIAN O O O B-POLITICIAN,NONE
ĠBut ĠBeckham Ġrevealed Ġthat Ġhis Ġimmediate Ġpriority Ġwas Ġwinning Ġthe ĠSpanish Ġleague Ġtitle Ġwith ĠReal ĠMadrid .,O B-ATHLETE O O O O O O O O O O O O O O O,NONE
"ĠIn Ġa Ġwide - ranging Ġinterview , ĠBeckham Ġalso Ġrevealed Ġthat Ġhis Ġsending - off Ġagainst ĠArgentina Ġ- Ġand Ġthe Ġresulting Ġmedia Ġstorm Ġ- Ġhad Ġbeen Ġthe Ġmost Ġsignificant Ġmoment Ġin Ġhis Ġcareer .",O O O O O O O B-ATHLETE O O O O O O O O O O O O O O O O O O O O O O O O O O,NONE
ĠF uming ĠRobinson Ġblasts Ġofficials,O O B-ATHLETE O O,NONE
ĠPolice Ġdiscover ĠEdwards ' Ġcar Ġin Ġa Ġcar Ġpark Ġnear Ġthe ĠSe vern ĠBridge Ġnear ĠBristol Ġ- Ġa Ġnotorious Ġsuicide Ġspot .,O O B-MUSICIAN O O O O O O O O O O O O O O O O O O O,NONE
"ĠBut Ġyou Ġdon 't Ġknow Ġwhat Ġthe Ġunexpected Ġwill Ġbe Ġand Ġas Ġthe Ġmusical Ġdirector , Ġit 's Ġexciting ,"" Ġexplains ĠCont i .",O O O O O O O O O O O O O O O O O O O O O B-MUSICIAN I-MUSICIAN O,NONE
"Ġhis Ġname Ġbecame Ġlinked Ġwith Ġthe ĠCharles ĠManson Ġmurders , Ġwhich Ġsaw Ġthe Ġdeaths Ġof Ġactress ĠSharon ĠTate Ġand Ġfour Ġof Ġher Ġfriends Ġat Ġa Ġhome Ġwhich ĠMel cher Ġonce Ġrented .",O O O O O O B-PUBLIC-FIGURE I-PUBLIC-FIGURE O O O O O O O O B-ACTOR-DIRECTOR I-ACTOR-DIRECTOR O O O O O O O O O B-MUSICIAN I-MUSICIAN O O O,NONE
"ĠRobert ĠRed ford Ġfounded ĠSund ance Ġin Ġ1981 Ġand Ġit Ġhas Ġgone Ġon Ġto Ġshowcase Ġfuture Ġsuccesses Ġsuch Ġas ĠReserv oir ĠDogs , ĠThe ĠBlair ĠWitch ĠProject Ġand ĠThe ĠFull ĠMont y .",B-ACTOR-DIRECTOR I-ACTOR-DIRECTOR I-ACTOR-DIRECTOR O O O O O O O O O O O O O O O O O O O O O O O O O O O O O O,NONE
ĠTarant ino Ġto Ġdirect ĠCSI Ġepisode,B-ACTOR-DIRECTOR I-ACTOR-DIRECTOR O O O O,NONE
ĠGerman ĠChancellor ĠGer hard ĠSchro eder Ġhas Ġcalled Ġfor Ġradical Ġreform Ġof Ġthe ĠEU 's Ġstability Ġpact Ġto Ġgrant Ġcountries Ġmore Ġflexibility Ġover Ġtheir Ġbudget Ġdeficits .,O O B-POLITICIAN I-POLITICIAN I-POLITICIAN I-POLITICIAN O O O O O O O O O O O O O O O O O O O O O,NONE
ĠGold smith Ġdenies Ġwar Ġadvice Ġclaim,B-POLITICIAN I-POLITICIAN O O O O,NONE
"Ġ"" That 's Ġwhat Ġhe Ġ( Lord ĠGold smith ) Ġsaid Ġand Ġthat 's Ġwhat ĠI Ġsay .",O O O O O O O B-POLITICIAN I-POLITICIAN O O O O O O O O O,NONE
ĠCamp ese Ġber ates Ġwh inge ing ĠEngland,B-ATHLETE I-ATHLETE O O O O O O,NONE
"ĠS oder ber gh Ġreturns Ġto Ġdirect Ġthe Ġhit Ġsequel Ġwhich Ġreun ites ĠClo oney , ĠPitt Ġand ĠRoberts Ġwith ĠMatt ĠDamon , ĠAndy ĠGarcia Ġand ĠElliott ĠGould .",B-ACTOR-DIRECTOR I-ACTOR-DIRECTOR I-ACTOR-DIRECTOR I-ACTOR-DIRECTOR O O O O O O O O O B-ACTOR-DIRECTOR I-ACTOR-DIRECTOR O B-ACTOR-DIRECTOR O B-ACTOR-DIRECTOR O B-ACTOR-DIRECTOR I-ACTOR-DIRECTOR O B-ACTOR-DIRECTOR I-ACTOR-DIRECTOR O B-ACTOR-DIRECTOR I-ACTOR-DIRECTOR O,NONE
"ĠBest Ġactors Ġare ĠDaniel ĠA ute u il Ġfor Ġ36 , ĠMath ieu ĠAm al ric Ġfor ĠKings ĠAnd ĠQueen , ĠGerard ĠJ ug not Ġfor ĠThe ĠCh orus , ĠPhilippe ĠTor re ton Ġfor ĠL ' Equ ip ier Ġand ĠBen oit ĠPo el vo orde Ġfor ĠP odium .",O O O B-ACTOR-DIRECTOR I-ACTOR-DIRECTOR I-ACTOR-DIRECTOR I-ACTOR-DIRECTOR I-ACTOR-DIRECTOR O O O B-ACTOR-DIRECTOR I-ACTOR-DIRECTOR I-ACTOR-DIRECTOR I-ACTOR-DIRECTOR I-ACTOR-DIRECTOR O O O O O B-ACTOR-DIRECTOR I-ACTOR-DIRECTOR I-ACTOR-DIRECTOR I-ACTOR-DIRECTOR O O O O O B-ACTOR-DIRECTOR I-ACTOR-DIRECTOR I-ACTOR-DIRECTOR I-ACTOR-DIRECTOR O O O O O O O B-ACTOR-DIRECTOR I-ACTOR-DIRECTOR I-ACTOR-DIRECTOR I-ACTOR-DIRECTOR I-ACTOR-DIRECTOR I-ACTOR-DIRECTOR O O O O,NONE
"ĠThe Ġsuperhero Ġfilm Ġwas Ġnamed Ġbest Ġanimated Ġfeature Ġwhile ĠBrad ĠBird Ġwon Ġbest Ġdirector , Ġwriter Ġand Ġvoice Ġactor Ġfor Ġhis Ġrole Ġas Ġdesigner ĠEd na ĠMode .",O O O O O O O O O B-ACTOR-DIRECTOR I-ACTOR-DIRECTOR O O O O O O O O O O O O O B-PUBLIC-FIGURE I-PUBLIC-FIGURE I-PUBLIC-FIGURE O,writer
"ĠOlympic Ġhe pt athlon Ġbronze Ġmed all ist , ĠS other ton , Ġled Ġthe Ġevent Ġwith Ġher Ġfirst Ġleap Ġof Ġ6 . 43 m Ġ- Ġa Ġpersonal Ġbest .",O O O O O O O O O B-ATHLETE I-ATHLETE I-ATHLETE O O O O O O O O O O O O O O O O O O,NONE
ĠMr ĠK hod ork ovsky Ġis Ġin Ġjail Ġon Ġcharges Ġof Ġfraud Ġand Ġtax Ġevasion .,O B-BUSINESS-EXECUTIVE-MANAGER I-BUSINESS-EXECUTIVE-MANAGER I-BUSINESS-EXECUTIVE-MANAGER I-BUSINESS-EXECUTIVE-MANAGER O O O O O O O O O O O,NONE
"Ġ"" The ĠInternational ĠRugby ĠBoard Ġwill Ġbe Ġdisappointed ,"" ĠHigh Ġtold Ġthe ĠDaily ĠMail .",O O O O O O O O O B-BUSINESS-EXECUTIVE-MANAGER O O O O O,NONE
"Ġ"" Mut u Ġwill Ġbe Ġin Ġour Ġclub 's Ġmain Ġstand Ġto Ġwatch Ġthe Ġmatch Ġbetween ĠJuventus Ġand ĠFi ore nt ina ,"" Ġsaid Ġa ĠJuventus Ġofficial , Ġwho Ġdeclined Ġto Ġbe Ġnamed .",O B-ATHLETE I-ATHLETE O O O O O O O O O O O O O O O O O O O O O O O O O O O O O O O,NONE
ĠMr ĠH adi 's Ġview Ġabout Ġwhat Ġthe Ġnew Ġgovernment 's Ġpriorities Ġshould Ġbe Ġis Ġshared Ġby Ġmany ĠIraqis .,O B-PUBLIC-FIGURE I-PUBLIC-FIGURE O O O O O O O O O O O O O O O O O,NONE
"ĠObs erves ĠMr ĠH adi : Ġ"" The Ġeconomy Ġat Ġpresent Ġmarks Ġa Ġbig Ġdivide ; Ġthe Ġrich Ġget Ġricher , Ġthe Ġpoor Ġget Ġpoorer .""",O O O B-PUBLIC-FIGURE I-PUBLIC-FIGURE O O O O O O O O O O O O O O O O O O O O O,NONE
ĠBush Ġto Ġoutline Ġ' t oug hest ' Ġbudget,B-POLITICIAN O O O O O O O O,NONE
"Ġ"" The Ġcost Ġof Ġeverything Ġhe Ġ[ President ĠBush ] Ġadvocates Ġexplodes ,"" Ġhe Ġsaid .",O O O O O O O O B-POLITICIAN O O O O O O O,NONE
ĠMr ĠBrown Ġhas Ġjust Ġreturned Ġfrom Ġa Ġtour Ġof ĠAfrican Ġnations .,O B-POLITICIAN O O O O O O O O O O,NONE
"ĠIt Ġwas Ġthe Ġsame Ġfor ĠSimon ĠMcD owell , Ġthe Ġtouch Ġjudge Ġwho Ġwas Ġheavily Ġcriticised Ġby ĠScotland Ġcoach ĠMatt ĠWilliams Ġafter Ġtheir Ġdefeat Ġagainst ĠFrance .",O O O O O B-PUBLIC-FIGURE I-PUBLIC-FIGURE I-PUBLIC-FIGURE O O O O O O O O O O O B-ATHLETE I-ATHLETE O O O O O O,judge
"ĠMr ĠK hod ork ovsky , Ġonce ĠRussia 's Ġrichest Ġman , Ġis Ġin Ġprison , Ġhaving Ġbeen Ġcharged Ġwith Ġfraud Ġand Ġtax Ġevasion Ġand Ġrepeatedly Ġdenied Ġbail .",O B-BUSINESS-EXECUTIVE-MANAGER I-BUSINESS-EXECUTIVE-MANAGER I-BUSINESS-EXECUTIVE-MANAGER I-BUSINESS-EXECUTIVE-MANAGER O O O O O O O O O O O O O O O O O O O O O O O O,NONE
ĠBrown Ġoutlines Ġthird Ġterm Ġvision,B-POLITICIAN O O O O,NONE
"ĠI Ġsaid Ġ' yes ',"" Ġsaid ĠPoll .",O O O O O O B-ATHLETE O,NONE
"ĠOn Ġthis Ġoccasion Ġit Ġwas ĠArsenal ,"" ĠDon Ġtold ĠBBC ĠRadio ĠFive ĠLive .",O O O O O O O B-PUBLIC-FIGURE O O O O O O,NONE
ĠDon Ġwas Ġhead Ġof Ġthe Ġreferees Ġfor Ġthe ĠPremier ĠLeague Ġand Ġrevealed Ġall Ġclubs Ġwere Ġinformed Ġof Ġfree - kick Ġoptions .,B-BUSINESS-EXECUTIVE-MANAGER O O O O O O O O O O O O O O O O O O O O O,NONE
ĠCor ry Ġbacks Ġsk ipper ĠRobinson,B-ATHLETE I-ATHLETE O O O B-ATHLETE,NONE
ĠJ owell Ġrejects Ġ' Las ĠVegas ' Ġj ibe,B-POLITICIAN I-POLITICIAN O O O O O O O,NONE
"ĠMs ĠJ owell Ġinsisted : Ġ"" We Ġhave Ġa Ġgood Ġtrack Ġrecord Ġfor Ġextracting Ġplanning Ġgain Ġin Ġthis Ġcountry , Ġfor Ġinstance Ġin Ġsocial Ġhousing .""",O B-POLITICIAN I-POLITICIAN O O O O O O O O O O O O O O O O O O O O O O O,NONE
"ĠSo Ġif Ġyou Ġare Ġa Ġcouple Ġwith Ġchildren , Ġa Ġpension er , Ġa Ġpatient Ġor Ġa Ġyoungster , Ġthere Ġwas Ġsomething Ġpulled Ġfrom ĠMr ĠBrown 's Ġred Ġbox Ġin Ġan Ġattempt Ġto Ġpersuade Ġyou Ġto Ġstick Ġwith Ġor Ġswitch Ġto Ġa ĠNew ĠLabour Ġgovernment .",O O O O O O O O O O O O O O O O O O O O O O O O O B-POLITICIAN O O O O O O O O O O O O O O O O O O O O,NONE
ĠMr ĠMub anga Ġsaid Ġhe Ġhad Ġbeen Ġin ĠAfghanistan Ġand ĠPakistan Ġto Ġstudy ĠIslam .,O B-PUBLIC-FIGURE I-PUBLIC-FIGURE O O O O O O O O O O O O,NONE
"ĠOliver ĠLet win , Ġone Ġof Ġthe Ġmen Ġlamp oon ed Ġin Ġthe ĠLabour Ġposter , Ġaffects Ġbewild er ment Ġat Ġwhat Ġhe Ġbelieves Ġis ĠLabour 's Ġloss Ġof Ġits Ġonce Ġsure Ġfooting Ġon Ġthe Ġcampaign Ġtrail .",B-POLITICIAN I-POLITICIAN I-POLITICIAN O O O O O O O O O O O O O O O O O O O O O O O O O O O O O O O O O O O,NONE
"Ġ"" It Ġhas Ġbeen Ġa Ġfantastic Ġfew Ġweeks ,"" Ġsaid Ġ20 - year - old Ġpolitics Ġstudent ĠNick ĠVaughan .",O O O O O O O O O O O O O O O O O B-PUBLIC-FIGURE I-PUBLIC-FIGURE O,NONE
ĠEgyptian ĠPresident ĠHos ni ĠMubarak Ġhas Ġdescribed ĠIsraeli ĠPrime ĠMinister ĠAriel ĠSharon Ġas Ġthe Ġbest Ġchance Ġfor Ġthe ĠPalestinians Ġto Ġachieve Ġpeace .,O O B-POLITICIAN I-POLITICIAN I-POLITICIAN O O O O O B-POLITICIAN I-POLITICIAN O O O O O O O O O O O,NONE
"ĠJohn ĠHouston , Ġ54 , Ġwas Ġdue Ġto Ġstand Ġin Ġthe ĠEast ĠKil br ide Ġseat Ġin ĠLan arks hire Ġat Ġthe Ġnext Ġelection .",B-POLITICIAN I-POLITICIAN O O O O O O O O O O O O O O O O O O O O O O O,NONE
"ĠMr ĠHouston Ġis Ġalleged Ġto Ġhave Ġsaid Ġthat Ġthe Ġorgans Ġof Ġthe Ġcriminally Ġinsane Ġshould Ġbe Ġ"" made Ġavailable Ġto Ġlaw - abiding Ġmembers Ġof Ġthe Ġcommunity "" Ġand Ġproposed Ġthe Ġlegal isation Ġof Ġdrugs Ġand Ġthe Ġsex Ġtrade .",O B-POLITICIAN O O O O O O O O O O O O O O O O O O O O O O O O O O O O O O O O O O O O O O,NONE
ĠThey Ġwill Ġalso Ġtalk Ġto ĠFisheries ĠMinister ĠRoss ĠFinn ie Ġand Ġscientists .,O O O O O O O B-POLITICIAN I-POLITICIAN I-POLITICIAN O O O,NONE
"ĠThey Ġwill Ġalso Ġspeak Ġto ĠMr ĠFinn ie , Ġrepresentatives Ġof Ġthe ĠRoyal ĠSociety Ġand Ġthe ĠSea ĠFish ĠIndustry ĠAuthority .",O O O O O O B-POLITICIAN I-POLITICIAN O O O O O O O O O O O O O,NONE
"Ġ"" W es Ġhas Ġa Ġgreat Ġbroadcasting Ġcareer Ġahead Ġof Ġhim .",O B-ACTOR-DIRECTOR I-ACTOR-DIRECTOR O O O O O O O O O,NONE
"ĠDe ĠN iro Ġrecently Ġspent Ġthree Ġweeks Ġat Ġthe Ġtop Ġwith Ġcomedy ĠMeet ĠThe ĠF ock ers , Ġwhich Ġwas Ġat Ġnumber Ġfive Ġthis Ġweek .",B-ACTOR-DIRECTOR I-ACTOR-DIRECTOR I-ACTOR-DIRECTOR O O O O O O O O O O O O O O O O O O O O O O O,NONE
ĠVisa Ġrow Ġmand arin Ġmade ĠSir ĠJohn,O O O O O O B-POLITICIAN,NONE
ĠSir ĠJohn ĠG ieve Ġwas ĠHome ĠOffice Ġpermanent Ġsecretary Ġduring Ġthe Ġsaga Ġwhich Ġended Ġwith ĠMr ĠBl unk ett Ġquitting .,O B-POLITICIAN I-POLITICIAN I-POLITICIAN O O O O O O O O O O O O B-POLITICIAN I-POLITICIAN I-POLITICIAN O O,NONE
ĠHe Ġand Ġother Ġcivil Ġservants Ġwere Ġcriticised Ġfor Ġfailing Ġto Ġrecall Ġhow Ġthe Ġvisa Ġfor ĠMr ĠBl unk ett 's Ġex - l over 's Ġn anny Ġcame Ġto Ġbe Ġfast - tr acked .,O O O O O O O O O O O O O O O O B-POLITICIAN I-POLITICIAN I-POLITICIAN O O O O O O O O O O O O O O O O,NONE
ĠThe Ġoutgoing Ġhead Ġof Ġthe Ġtroubled ĠChild ĠSupport ĠAgency ĠDoug ĠSmith Ġalso Ġearns Ġan Ġhonour Ġin Ġthe ĠNew ĠYear 's Ġlist .,O O O O O O O O O B-PUBLIC-FIGURE I-PUBLIC-FIGURE O O O O O O O O O O O,NONE
ĠSir ĠJohn Ġwas Ġmade Ġpermanent Ġsecretary Ġin ĠApril Ġ2001 Ġfollowing Ġa ĠCivil ĠService Ġcareer Ġwhich Ġdates Ġback Ġto Ġ1974 .,O B-POLITICIAN O O O O O O O O O O O O O O O O O O,NONE
"ĠBut Ġthey Ġmissed Ġout Ġon Ġbest ĠBritish Ġlive Ġact , Ġwhich Ġwent Ġto ĠMuse .",O O O O O O O O O O O O O B-MUSICIAN O,NONE
ĠKeane Ġwon Ġbest ĠBritish Ġalbum Ġand Ġbreakthrough Ġact .,B-MUSICIAN O O O O O O O O,NONE
"ĠHappy ĠMondays Ġ- ĠK inky ĠAf ro , ĠMc Al mont Ġ& ĠButler Ġ- ĠYes , ĠJoy ĠDivision Ġ- ĠLove ĠWill ĠT ear ĠUs ĠApart ...",O O O O O O O O O O O O B-MUSICIAN O O O O O O O O O O O O O,NONE
"ĠThe Ġonly Ġreal Ġchallenger Ġwas ĠQueen Ġbut Ġhey , ĠAnother ĠOne ĠB ites Ġthe ĠDust !!",O O O O O B-MUSICIAN O O O O O O O O O O,NONE
"ĠI 've Ġnothing Ġagainst ĠRobbie , ĠI Ġactually Ġlike Ġhis Ġmusic , Ġbut Ġhow Ġcan Ġthis Ġpossibly Ġbe Ġthe Ġbest Ġsong Ġfrom Ġthe Ġlast Ġ25 year ?",O O O O B-MUSICIAN O O O O O O O O O O O O O O O O O O O O O O,NONE
ĠHe Ġbecomes Ġthe Ġ117 th Ġcaptain Ġof ĠEngland Ġsince ĠFred ĠSt okes Ġheld Ġthe Ġposition Ġin Ġ18 71 .,O O O O O O O O O B-ATHLETE I-ATHLETE I-ATHLETE O O O O O O O,NONE
"ĠIn Ġa Ġspeech Ġfocusing Ġon Ġissues Ġarising Ġfrom Ġthe Ġre - election Ġof ĠGeorge ĠW ĠBush , ĠMr ĠKennedy Ġsaid ĠIraq Ġhad Ġbecome Ġa Ġ"" cru cible Ġof Ġmilitant Ġterrorism "".",O O O O O O O O O O O O O B-POLITICIAN I-POLITICIAN I-POLITICIAN O O B-POLITICIAN O O O O O O O O O O O O,NONE
"ĠMr ĠKennedy Ġpointed Ġout Ġthat Ġthe ĠNetherlands , ĠPortugal Ġand Ġthe ĠCzech ĠRepublic , Ġwhich Ġall Ġhave Ġtroops Ġoperating Ġin Ġthe Ġsouthern Ġsector Ġof ĠIraq , Ġhave Ġannounced Ġtheir Ġimminent Ġwithdrawal Ġ"" reg ardless Ġof Ġthe Ġsituation Ġon Ġthe Ġground "".",O B-POLITICIAN O O O O O O O O O O O O O O O O O O O O O O O O O O O O O O O O O O O O O O O,NONE
ĠSir ĠClive ĠWoodward Ġwill Ġcoach Ġthe ĠNorthern Ġteam Ġagainst ĠRod ĠMac que en 's ĠSouthern ĠHemisphere Ġteam Ġin Ġa Ġt sum ani Ġfund - raising Ġmatch Ġat ĠTw icken ham .,O B-ATHLETE I-ATHLETE O O O O O O B-ATHLETE I-ATHLETE I-ATHLETE I-ATHLETE O O O O O O O O O O O O O O O O O O,NONE
ĠPrince ĠEdward Ġwill Ġalso Ġjoin Ġthe ĠUK Ġdelegation Ġin ĠPoland Ġfor ĠNational ĠHolocaust ĠMemorial ĠDay Ġon Ġ27 ĠJanuary .,B-PUBLIC-FIGURE I-PUBLIC-FIGURE O O O O O O O O O O O O O O O O O,NONE
"ĠIn ĠBritain , Ġthe ĠQueen Ġand ĠPrince ĠPhilip Ġwill Ġlead Ġthe Ġnation 's Ġcommem oration Ġat Ġa Ġservice Ġin ĠWestminster ĠHall , ĠLondon .",O O O O O O B-PUBLIC-FIGURE I-PUBLIC-FIGURE O O O O O O O O O O O O O O O O,NONE
"ĠThe ĠQueen 's Ġgrandson , ĠPrince ĠHarry , Ġsparked Ġoutrage Ġearlier Ġthis Ġweek Ġafter Ġphotographs Ġof Ġhim Ġwearing Ġa ĠNazi Ġuniform Ġat Ġa Ġcostume Ġparty Ġemerged .",O O O O O B-PUBLIC-FIGURE I-PUBLIC-FIGURE O O O O O O O O O O O O O O O O O O O O,NONE
"ĠPrince ĠHarry Ġshould Ġsee Ġfor Ġhimself Ġ"" the Ġresults Ġof Ġthe Ġhated Ġsymbol Ġhe Ġso Ġfoolish ly Ġand Ġbrazen ly Ġchose Ġto Ġwear "", ĠRabbi ĠMarvin ĠHier , Ġfounder Ġof ĠJewish Ġhuman Ġrights Ġgroup Ġthe ĠSimon ĠW ies enthal ĠCenter Ġsaid .",B-PUBLIC-FIGURE I-PUBLIC-FIGURE O O O O O O O O O O O O O O O O O O O O O O O B-PUBLIC-FIGURE I-PUBLIC-FIGURE O O O O O O O O O O O O O O O,rabbi
"ĠLast Ġyear 's Ġwinner , Ġchat Ġshow Ġhost ĠGraham ĠNorton , Ġfell Ġto Ġnumber Ġ16 Ġfollowing Ġrelatively Ġfew Ġtelevision Ġappearances Ġin Ġ2004 .",O O O O O O O O B-ACTOR-DIRECTOR I-ACTOR-DIRECTOR O O O O O O O O O O O O O,NONE
ĠW asp Ġwas Ġmade Ġby Ġex - children 's ĠTV Ġpresenter ĠAndrea ĠArnold Ġwhile ĠLittle ĠTerror ist Ġis Ġthe Ġwork Ġof ĠAsh vin ĠKumar .,O O O O O O O O O O O B-ACTOR-DIRECTOR I-ACTOR-DIRECTOR O O O O O O O O B-ACTOR-DIRECTOR I-ACTOR-DIRECTOR I-ACTOR-DIRECTOR O,presenter
ĠJe z ĠSan Ġis Ġone Ġof Ġthe Ġkey Ġfigures Ġin Ġthe ĠUK 's Ġgames Ġindustry .,B-BUSINESS-EXECUTIVE-MANAGER I-BUSINESS-EXECUTIVE-MANAGER I-BUSINESS-EXECUTIVE-MANAGER O O O O O O O O O O O O O,NONE
ĠBlair Ġsets Ġdate Ġfor ĠAfrica Ġreport,B-POLITICIAN O O O O O,NONE
ĠMr ĠBlair Ġhas Ġvowed Ġto Ġput ĠAfrica Ġat Ġthe Ġtop Ġof Ġhis Ġagenda Ġduring Ġhis Ġtime Ġat Ġthe Ġhelm Ġof Ġthe ĠG 8 .,O B-POLITICIAN O O O O O O O O O O O O O O O O O O O O O O,NONE
"ĠBob ĠGe ld of , Ġin Ġcharacter istically Ġblunt Ġstyle , Ġpromised Ġthat Ġthe Ġcommission Ġwould Ġnot Ġjust Ġbe Ġa Ġtalking Ġshop Ġbut Ġwould Ġdeliver Ġradical Ġnew Ġthinking Ġto Ġchange Ġdirection Ġfor ĠAfrica .",B-MUSICIAN I-MUSICIAN I-MUSICIAN I-MUSICIAN O O O O O O O O O O O O O O O O O O O O O O O O O O O O O O,NONE
"Ġ- ĠThere Ġwas Ġalso Ġrecognition Ġfor ĠJames ĠClarke , Ġchairman Ġof Ġthe ĠLondon ĠMarathon .",O O O O O O B-BUSINESS-EXECUTIVE-MANAGER I-BUSINESS-EXECUTIVE-MANAGER O O O O O O O,chairman
"Ġ"" The Ġpolice Ġhave Ġsaid Ġthey Ġhave Ġcompleted Ġtheir Ġsearch Ġand Ġhave Ġnot Ġfound Ġanything ,"" Ġsaid ĠReal ĠMadrid Ġpresident ĠFlore nt ino ĠPerez .",O O O O O O O O O O O O O O O O O O O O B-BUSINESS-EXECUTIVE-MANAGER I-BUSINESS-EXECUTIVE-MANAGER I-BUSINESS-EXECUTIVE-MANAGER I-BUSINESS-EXECUTIVE-MANAGER O,NONE
ĠJohnson Ġuncertain Ġabout ĠEuro Ġbid,B-ATHLETE O O O O,NONE
ĠLiverpool Ġpledge Ġto Ġkeep ĠGerrard,O O O O B-ATHLETE,NONE
ĠSwedish Ġtriple Ġjumper ĠChristian ĠOl sson Ġwas Ġvoted Ġmale Ġathlete Ġof Ġthe Ġyear .,O O O B-ATHLETE I-ATHLETE I-ATHLETE O O O O O O O O,NONE
ĠLily ĠT uck 's ĠThe ĠNews ĠFrom ĠParagu ay Ġis Ġa Ġfictional ised Ġtale Ġabout ĠParagu ayan Ġleader ĠFrancisco ĠSol ano ĠLopez Ġand Ġhis ĠIrish Ġmistress .,B-AUTHOR-WRITER I-AUTHOR-WRITER I-AUTHOR-WRITER O O O O O O O O O O O O O O O B-POLITICIAN I-POLITICIAN I-POLITICIAN I-POLITICIAN O O O O O,NONE
"ĠChildren 's Ġauthor ĠJudy ĠBl ume , Ġwho Ġwas Ġgiven Ġan Ġhonour ary Ġmedal , Ġused Ġthe Ġceremony Ġto Ġspeak Ġout Ġover Ġcensorship .",O O O B-AUTHOR-WRITER I-AUTHOR-WRITER I-AUTHOR-WRITER O O O O O O O O O O O O O O O O O O,author
"ĠSales Ġof ĠBl ume 's Ġbooks Ġhave Ġexceeded Ġ75 Ġmillion , Ġbut Ġher Ġwork Ġ- Ġwhich Ġfeatures Ġfrank Ġnarratives Ġabout Ġfamilies , Ġreligion Ġand Ġsexuality Ġ- Ġis Ġclosely Ġwatched Ġby Ġthe Ġcens ors .",O O B-AUTHOR-WRITER I-AUTHOR-WRITER O O O O O O O O O O O O O O O O O O O O O O O O O O O O O O,NONE
"ĠThe ĠNational ĠBook ĠAwards Ġnon - fiction Ġprize Ġwas Ġawarded Ġto ĠKevin ĠBoyle 's Ġfor ĠArc Ġof ĠJustice , Ġwhich Ġfocuses Ġon Ġa Ġblack Ġfamily 's Ġfight Ġto Ġlive Ġin Ġa Ġwhite ĠDetroit Ġneighbourhood Ġin Ġthe Ġ1920 s .",O O O O O O O O O O O B-AUTHOR-WRITER I-AUTHOR-WRITER O O O O O O O O O O O O O O O O O O O O O O O O O O,NONE
ĠPete ĠH aut man Ġwon Ġthe Ġyoung Ġpeople 's Ġliterature Ġprize Ġfor Ġhis Ġnovel ĠGod less .,B-AUTHOR-WRITER I-AUTHOR-WRITER I-AUTHOR-WRITER I-AUTHOR-WRITER O O O O O O O O O O O O O,NONE
"ĠEdinburgh Ġarchitect , ĠDominic ĠStephenson , Ġbecame Ġthe Ġfirst ĠScot Ġto Ġbe Ġconfirmed Ġas Ġa Ġvictim Ġof Ġthe ĠAsian Ġtsunami .",O O O B-PUBLIC-FIGURE I-PUBLIC-FIGURE O O O O O O O O O O O O O O O O,NONE
ĠPa olo Ġdi ĠCan io Ġwas Ġgiven Ġa Ġseven - match Ġsuspension Ġwhen Ġhe Ġpushed Ġreferee ĠPaul ĠAl cock Ġover Ġin Ġa ĠPremiership Ġgame Ġbetween ĠSheffield ĠWednesday Ġand ĠArsenal Ġin Ġ1998 .,B-ATHLETE I-ATHLETE I-ATHLETE I-ATHLETE I-ATHLETE O O O O O O O O O O O B-PUBLIC-FIGURE I-PUBLIC-FIGURE I-PUBLIC-FIGURE O O O O O O O O O O O O O,NONE
ĠRed kn app Ġhimself Ġsprint ed Ġalong Ġthe Ġtouch line Ġto Ġhelp Ġphys io ĠJim ĠJoyce Ġand Ġcoach ĠDenis ĠR of e Ġshepherd Ġthe Ġenraged ĠPr utton Ġaway Ġfrom Ġreferee 's Ġassistant ĠNorman .,B-ATHLETE I-ATHLETE I-ATHLETE O O O O O O O O O O O B-PUBLIC-FIGURE I-PUBLIC-FIGURE O O B-PUBLIC-FIGURE I-PUBLIC-FIGURE I-PUBLIC-FIGURE I-PUBLIC-FIGURE O O O B-ATHLETE I-ATHLETE O O O O O B-PUBLIC-FIGURE O,NONE
"ĠPr utton Ġhas Ġapologised Ġpublicly Ġfor Ġhis Ġactions Ġand Ġto ĠArsenal 's ĠRobert ĠP ires , Ġwho Ġwas Ġinjured Ġin Ġa Ġwild Ġtackle Ġby Ġthe ĠSaints ' Ġmidfield Ġman .",B-ATHLETE I-ATHLETE O O O O O O O O O O B-ATHLETE I-ATHLETE I-ATHLETE O O O O O O O O O O O O O O O,NONE
"ĠAnd ĠRob ben Ġtold Ġthe ĠDaily ĠStar : Ġ"" It Ġis Ġnot Ġimpossible Ġthat ĠI Ġwill Ġplay Ġagainst ĠBarcelona Ġbut Ġit Ġis Ġjust Ġa Ġvery , Ġvery Ġsmall Ġchance Ġ- Ġabout Ġ10 % .""",O B-ATHLETE I-ATHLETE O O O O O O O O O O O O O O O O O O O O O O O O O O O O O O O,NONE
ĠDes a illy Ġis Ġone Ġof Ġthe Ġmost Ġdecorated Ġplayers Ġin Ġthe Ġhistory Ġof Ġfootball .,B-ATHLETE I-ATHLETE I-ATHLETE O O O O O O O O O O O O O,NONE
"ĠThe ĠUS ĠSecretary Ġof ĠEnergy ĠSpencer ĠAbraham Ġconfirmed Ġthat Ġthe Ġmachine Ġhad Ġreached Ġthe Ġbreak neck Ġspeed , Ġaccording Ġto Ġthe ĠLin pack Ġbenchmark .",O O O O O B-POLITICIAN I-POLITICIAN O O O O O O O O O O O O O O O O O O,NONE
"ĠEllen ĠSimon etti , Ġknown Ġas ĠQueen Ġof Ġthe ĠSky , Ġwrote Ġan Ġanonymous Ġsemi - f ictional Ġaccount Ġof Ġher Ġlife Ġin Ġthe Ġsky .",B-AUTHOR-WRITER I-AUTHOR-WRITER I-AUTHOR-WRITER O O O O O O O O O O O O O O O O O O O O O O O,NONE
ĠBl unk ett Ġunve ils Ġpolicing Ġplans,B-POLITICIAN I-POLITICIAN I-POLITICIAN O O O O,NONE
ĠMrs ĠParker ĠBow les Ġwill Ġtake Ġthe Ġtitle ĠHR H ĠDuchess Ġof ĠCornwall Ġafter Ġa Ġcivil Ġceremony Ġto Ġbe Ġheld Ġat ĠWindsor ĠCastle .,O B-PUBLIC-FIGURE I-PUBLIC-FIGURE I-PUBLIC-FIGURE O O O O O O O O O O O O O O O O O O O O,NONE
ĠBut Ġonly Ġ40 % Ġthink ĠMrs ĠParker ĠBow les Ġshould Ġbecome ĠPrincess ĠCons ort Ġas Ġplanned Ġafter ĠCharles Ġbecomes Ġking .,O O O O O O B-PUBLIC-FIGURE I-PUBLIC-FIGURE I-PUBLIC-FIGURE O O O O O O O O B-PUBLIC-FIGURE O O O,NONE
"ĠOn ĠThursday Ġnight , ĠPrince ĠCharles , Ġ56 , Ġand ĠMrs ĠParker ĠBow les , Ġ57 , Ġhosted Ġa Ġdinner Ġat ĠWindsor ĠCastle , Ġtheir Ġfirst Ġpublic Ġappearance Ġsince Ġannouncing Ġtheir Ġengagement .",O O O O B-PUBLIC-FIGURE I-PUBLIC-FIGURE O O O O O B-PUBLIC-FIGURE I-PUBLIC-FIGURE I-PUBLIC-FIGURE O O O O O O O O O O O O O O O O O O O,NONE
"ĠMrs ĠParker ĠBow les Ġsaid Ġthe Ġprince Ġwent Ġdown Ġon Ġone Ġknee Ġto Ġpropose Ġand Ġadded : Ġ"" I 'm Ġjust Ġcoming Ġdown Ġto Ġearth .""",O B-PUBLIC-FIGURE I-PUBLIC-FIGURE I-PUBLIC-FIGURE O O O O O O O O O O O O O O O O O O O O O O,NONE
"ĠThe ĠQueen Ġand ĠDuke Ġof ĠEdinburgh Ġsaid Ġthe Ġnews Ġhad Ġmade Ġthem Ġ"" very Ġhappy "".",B-PUBLIC-FIGURE I-PUBLIC-FIGURE O B-PUBLIC-FIGURE I-PUBLIC-FIGURE I-PUBLIC-FIGURE O O O O O O O O O O,NONE
"ĠPrin ces ĠWilliam Ġand ĠHarry Ġsaid Ġthey Ġare Ġ"" very Ġhappy "" Ġand Ġwish Ġthe Ġcouple Ġ"" all Ġthe Ġluck Ġin Ġthe Ġfuture "".",B-PUBLIC-FIGURE I-PUBLIC-FIGURE I-PUBLIC-FIGURE O B-PUBLIC-FIGURE O O O O O O O O O O O O O O O O O O O,NONE
"ĠThe Ġwedding Ġwill Ġbe Ġa Ġcivil Ġceremony Ġfollowed Ġby Ġa Ġservice Ġof Ġprayer Ġand Ġdedication Ġin ĠSt ĠGeorge 's ĠChapel Ġat Ġwhich Ġthe ĠArchbishop Ġof ĠCanterbury , ĠDr ĠRow an ĠWilliams , Ġwill Ġpres ide .",O O O O O O O O O O O O O O O O O O O O O O O O O O O O B-PUBLIC-FIGURE I-PUBLIC-FIGURE I-PUBLIC-FIGURE O O O O O,NONE
ĠThe Ġmarriage Ġis Ġlikely Ġto Ġbe Ġa Ġsensitive Ġissue Ġbecause ĠMrs ĠParker ĠBow les Ġis Ġdivorced Ġand Ġher Ġformer Ġhusband Ġis Ġstill Ġalive .,O O O O O O O O O O O B-PUBLIC-FIGURE I-PUBLIC-FIGURE I-PUBLIC-FIGURE O O O O O O O O O O,NONE
"ĠThe ĠArchbishop Ġof ĠCanterbury Ġsaid : Ġ"" I Ġam Ġpleased Ġthat ĠPrince ĠCharles Ġand ĠMrs ĠCam illa ĠParker ĠBow les Ġhave Ġdecided Ġto Ġtake Ġthis Ġimportant Ġstep .""",O O O O O O O O O O O B-PUBLIC-FIGURE I-PUBLIC-FIGURE O O B-PUBLIC-FIGURE I-PUBLIC-FIGURE I-PUBLIC-FIGURE I-PUBLIC-FIGURE I-PUBLIC-FIGURE O O O O O O O O,NONE
"ĠAustralia 's ĠPrime ĠMinister ĠJohn ĠHoward Ġalso Ġoffered Ġhis Ġcongratulations , Ġadding Ġthat Ġtheir Ġdecision Ġto Ġmarry Ġwas Ġa Ġ"" s ensible Ġand Ġa Ġgood Ġthing "".",O O O O B-POLITICIAN I-POLITICIAN O O O O O O O O O O O O O O O O O O O O O,NONE
ĠMrs ĠParker ĠBow les Ġhas Ġjoined Ġthe Ġprince Ġat Ġnumerous Ġengagements Ġin Ġrecent Ġyears Ġ- Ġmostly Ġat Ġevening Ġevents Ġfor ĠThe ĠPrince 's ĠTrust .,O B-PUBLIC-FIGURE I-PUBLIC-FIGURE I-PUBLIC-FIGURE O O O O O O O O O O O O O O O O O O O O O,NONE
ĠLabour Ġattacked Ġon ĠHoward Ġposter,O O O B-POLITICIAN O,NONE
ĠMr ĠHoward Ġdid Ġnot Ġcomment Ġon Ġthe Ġanti - Semitism Ġclaims Ġwhen Ġasked Ġabout Ġthe Ġposter Ġon ĠMonday .,O B-POLITICIAN O O O O O O O O O O O O O O O O O,NONE
"ĠThe Ġimage Ġsimply Ġportrayed ĠMr ĠHoward Ġas Ġa Ġhypnot ist , Ġhe Ġargued .",O O O O O B-POLITICIAN O O O O O O O O,NONE
ĠGeorge ĠClo oney Ġrecently Ġreacted Ġangrily Ġto Ġa ĠTV Ġhost 's Ġsuggestion Ġthat Ġnot Ġall Ġfunds Ġraised Ġwould Ġgo Ġtowards Ġtsunami Ġrelief .,B-ACTOR-DIRECTOR I-ACTOR-DIRECTOR I-ACTOR-DIRECTOR O O O O O O O O O O O O O O O O O O O O,NONE
"ĠFox ĠTV 's ĠBill ĠO ' Reilly Ġsaid Ġhe Ġwould Ġbe Ġ"" watching Ġto Ġsee Ġif Ġthe Ġmoney Ġgets Ġto Ġthe Ġtsunami Ġvictims "" Ġand Ġwarned Ġthe Ġcelebrities Ġtaking Ġpart Ġ"" had Ġbetter Ġbe Ġinvolved Ġall Ġthe Ġway Ġdown Ġthe Ġline "".",O O O B-AUTHOR-WRITER I-AUTHOR-WRITER I-AUTHOR-WRITER I-AUTHOR-WRITER O O O O O O O O O O O O O O O O O O O O O O O O O O O O O O O O O O O,NONE
ĠM oya Ġemotional Ġafter ĠDavis ĠCup Ġwin,B-ATHLETE I-ATHLETE O O O O O,NONE
"ĠG erv ais Ġand ĠThe ĠOffice Ġco - writer ĠStephen ĠMerchant Ġreceived Ġa Ġspecial Ġachievement Ġaward Ġfor Ġwriting , Ġpresented Ġby ĠNoel ĠGallagher Ġand ĠTom ĠSt opp ard .",B-ACTOR-DIRECTOR I-ACTOR-DIRECTOR I-ACTOR-DIRECTOR O O O O O O B-AUTHOR-WRITER I-AUTHOR-WRITER O O O O O O O O O O B-MUSICIAN I-MUSICIAN O B-AUTHOR-WRITER I-AUTHOR-WRITER I-AUTHOR-WRITER I-AUTHOR-WRITER O,writer
ĠMr ĠCon te 's Ġstatements Ġhave Ġbeen Ġwildly Ġcontradictory .,O B-PUBLIC-FIGURE I-PUBLIC-FIGURE O O O O O O O,NONE
"ĠJones , Ġwho Ġis Ġunder Ġinvestigation Ġfor Ġsteroid Ġuse Ġby Ġthe ĠUS ĠAnti - D oping ĠAgency , Ġhas Ġcontinually Ġdenied Ġever Ġtaking Ġillegal Ġsubstances Ġsince Ġbeing Ġinvestigated Ġin Ġthe ĠBal co Ġscandal , Ġalthough Ġshe Ġpraised Ġa Ġzinc Ġsupplement ĠCon te Ġmarketed .",B-ATHLETE O O O O O O O O O O O O O O O O O O O O O O O O O O O O O O O O O O O O O O O B-PUBLIC-FIGURE I-PUBLIC-FIGURE O O,NONE
ĠHoward Ġ' t ru anted Ġto Ġplay Ġsn ook er ',B-POLITICIAN O O O O O O O O O O,NONE
ĠTony ĠBlair Ġhimself Ġhas Ġsaid Ġpeople Ġcomplain Ġhe Ġdoes Ġnot Ġlisten .,B-POLITICIAN I-POLITICIAN O O O O O O O O O O,NONE
"ĠThe Ġtrouble Ġbegan Ġon Ġthe ĠWright ĠStuff Ġshow , Ġwith ĠMaria ĠHutch ings Ġmarching Ġup Ġto Ġhim , Ġsaying Ġ"" Tony , Ġthat 's Ġrubbish "" Ġas Ġshe Ġtried Ġto Ġcomplain Ġabout Ġher Ġautistic Ġson 's Ġschool Ġbeing Ġthreatened Ġwith Ġclosure .",O O O O O O O O O O B-PUBLIC-FIGURE I-PUBLIC-FIGURE I-PUBLIC-FIGURE O O O O O O O B-POLITICIAN O O O O O O O O O O O O O O O O O O O O O,NONE
"ĠWriter ĠNeil ĠCo pp endale , Ġfrom ĠWest ĠSussex , Ġasked Ġof Ġthe ĠIraq Ġwar : Ġ"" T ens Ġof Ġthousands Ġof Ġinnocent Ġmen , Ġwomen Ġand Ġchildren Ġdied Ġ- Ġhow Ġdo Ġyou Ġmanage Ġto Ġsleep Ġat Ġnight ?""",O B-AUTHOR-WRITER I-AUTHOR-WRITER I-AUTHOR-WRITER I-AUTHOR-WRITER O O O O O O O O O O O O O O O O O O O O O O O O O O O O O O O O O O,writer
"ĠOn Ġimmigration , ĠLondon Ġteacher ĠDiane ĠGranger Ġsaid : Ġ"" Where Ġare Ġyou Ġgoing Ġto Ġput Ġeveryone ?""",O O O O O B-PUBLIC-FIGURE I-PUBLIC-FIGURE O O O O O O O O O O O,NONE
ĠManchester ĠUnited Ġmanager ĠSir ĠAlex ĠFerguson Ġsympath ised Ġwith ĠTottenham Ġand Ġsaid Ġthe Ġincident Ġhighlighted Ġthe Ġneed Ġfor Ġvideo Ġtechnology .,O O O B-ATHLETE I-ATHLETE I-ATHLETE O O O O O O O O O O O O O O O,manager
"Ġ"" When Ġthe Ġwhole Ġworld Ġapart Ġfrom Ġthe Ġreferee Ġhas Ġseen Ġthere Ġshould Ġbe Ġa Ġgoal Ġat ĠOld ĠTrafford , Ġthat Ġjust Ġreinforces Ġwhat ĠI Ġfeel Ġ- Ġthere Ġshould Ġbe Ġvideo Ġevidence ,"" Ġsaid ĠWenger .",O O O O O O O O O O O O O O O O O O O O O O O O O O O O O O O O O O B-ATHLETE O,NONE
"ĠDespite Ġthis Ġsuccess ĠMr ĠY oran Ġleft Ġhis Ġpost Ġabruptly Ġat Ġthe Ġend Ġof Ġlast Ġweek , Ġreportedly Ġonly Ġgiving Ġone Ġday 's Ġnotice Ġto Ġbosses Ġat Ġthe ĠDepartment Ġof ĠHomeland ĠSecurity .",O O O O B-PUBLIC-FIGURE I-PUBLIC-FIGURE O O O O O O O O O O O O O O O O O O O O O O O O O O O,NONE
"ĠRodgers Ġwas Ġsinger Ġwith Ġearly Ġ1970 s Ġrock ers ĠFree , Ġwho Ġhad Ġa Ġglobal Ġhit Ġwith ĠAll ĠRight ĠNow , Ġbefore Ġforming ĠBad ĠCompany , Ġa Ġsuccessful Ġ"" super group "" Ġwith Ġmembers Ġof ĠKing ĠCrimson Ġand ĠM ott Ġthe ĠHo ople .",B-MUSICIAN O O O O O O O O O O O O O O O O O O O O O O O O O O O O O O O O O O O O O O O O O O O,NONE
ĠJ owell Ġconfirms Ġcasino Ġclimb down,B-POLITICIAN I-POLITICIAN O O O O,NONE
"ĠChris ĠCurry , ĠP PI Ġresearch Ġdirector , Ġsaid Ġits Ġcalculations Ġsuggested Ġthere Ġcould Ġbe Ġmore Ġpressure Ġon Ġstate Ġpension Ġspending Ġthan Ġoriginally Ġenvis aged .",B-BUSINESS-EXECUTIVE-MANAGER I-BUSINESS-EXECUTIVE-MANAGER O O O O O O O O O O O O O O O O O O O O O O O O,NONE
"ĠBut ĠMut u Ġhas Ġhit Ġout Ġat Ġthe Ġclub 's Ġdecision , Ġsaying : Ġ"" Chelsea Ġhave Ġdestroyed Ġme .""",O B-ATHLETE I-ATHLETE O O O O O O O O O O O O O O O O O,NONE
ĠPrince ĠAl w ale ed 's Ġhotel Ġinvestments Ġinclude Ġthe Ġluxury ĠGeorge ĠV Ġin ĠParis .,O B-BUSINESS-EXECUTIVE-MANAGER I-BUSINESS-EXECUTIVE-MANAGER I-BUSINESS-EXECUTIVE-MANAGER I-BUSINESS-EXECUTIVE-MANAGER O O O O O O O O O O O,NONE
Ġ Ċ Ċ London Ġmayor ĠKen ĠLiving stone Ġhas Ġagain Ġrefused Ġto Ġretract Ġa ĠNazi Ġinsult Ġmade Ġto Ġa ĠJewish Ġreporter .,O O O O O B-POLITICIAN I-POLITICIAN I-POLITICIAN O O O O O O O O O O O O O O,NONE
"ĠOn Ġtape ĠMr ĠLiving stone , Ġwho Ġonce Ġworked Ġas Ġa Ġfreelance Ġrestaurant Ġcritic Ġon Ġthe Ġpaper , Ġis Ġheard Ġasking Ġreporter ĠOliver ĠFine gold Ġif Ġhe Ġis Ġa Ġ"" German Ġwar Ġcriminal "".",O O O B-POLITICIAN I-POLITICIAN O O O O O O O O O O O O O O O O O B-AUTHOR-WRITER I-AUTHOR-WRITER I-AUTHOR-WRITER O O O O O O O O O,critic
"ĠMr ĠFine gold Ġreplies : Ġ"" No , ĠI 'm ĠJewish , ĠI Ġwasn 't Ġa ĠGerman Ġwar Ġcriminal .",O B-AUTHOR-WRITER I-AUTHOR-WRITER O O O O O O O O O O O O O O O O O,NONE
"ĠThe Ġrelease Ġof ĠAs if ĠZ ard ari , Ġformer ĠPrime ĠMinister ĠBen az ir ĠBh ut to 's Ġhusband , Ġhas Ġeased Ġpolitical Ġtensions Ġbetween Ġthe Ġmilitary - backed Ġgovernment Ġand Ġthe Ġopposition ĠPakistan ĠPeople 's ĠParty .",O O O B-POLITICIAN I-POLITICIAN I-POLITICIAN I-POLITICIAN I-POLITICIAN O O O O B-POLITICIAN I-POLITICIAN I-POLITICIAN I-POLITICIAN I-POLITICIAN I-POLITICIAN O O O O O O O O O O O O O O O O O O O O O,NONE
ĠA Ġman Ġwas Ġshot Ġin Ġthe Ġthigh Ġoutside ĠNew ĠYork 's ĠHot Ġ97 Ġstudios Ġwhile Ġ50 ĠCent Ġwas Ġon Ġair .,O O O O O O O O O O O O O O O B-MUSICIAN I-MUSICIAN O O O O,NONE
ĠTup ac ĠShak ur Ġwas Ġshot Ġdead Ġin Ġ1996 .,B-MUSICIAN I-MUSICIAN I-MUSICIAN I-MUSICIAN O O O O O O,NONE
ĠThe ĠAv iator Ġis Ġalso Ġwidely Ġtipped Ġto Ġwin Ġthe Ġbest Ġdirector Ġprize Ġfor ĠMartin ĠSc ors ese .,O O O O O O O O O O O O O O B-ACTOR-DIRECTOR I-ACTOR-DIRECTOR I-ACTOR-DIRECTOR I-ACTOR-DIRECTOR O,NONE
ĠX ĠFactor Ġjudge ĠSharon ĠOs bourne Ġwill Ġpresent ĠSky Ġtelevision 's Ġlive Ġcoverage Ġof Ġthe Ġevent .,O O O B-PUBLIC-FIGURE I-PUBLIC-FIGURE I-PUBLIC-FIGURE O O O O O O O O O O O,judge
ĠThe Ġlate ĠDouglas ĠAdams ' Ġoriginal Ġ1977 Ġscripts Ġhave Ġalso Ġbeen Ġturned Ġinto Ġa Ġseries Ġof Ġsuccessful Ġbooks .,O O B-AUTHOR-WRITER I-AUTHOR-WRITER O O O O O O O O O O O O O O O,NONE
"ĠAdams Ġwrote Ġthe Ġscreenplay Ġbased Ġon Ġhis Ġbook Ġbefore Ġhis Ġpremature Ġdeath , Ġwhile Ġa Ġnew Ġradio Ġseries Ġwas Ġaired Ġ26 Ġyears Ġafter Ġthe Ġfirst Ġbroadcast Ġand Ġincluded Ġmany Ġof Ġthe Ġoriginal Ġcast Ġmembers .",B-AUTHOR-WRITER O O O O O O O O O O O O O O O O O O O O O O O O O O O O O O O O O O,NONE
"ĠManchester ĠUnited : ĠCarroll , ĠGary ĠNeville , ĠBrown , ĠFerdinand , ĠHein ze , ĠRonaldo , ĠPhil ĠNeville , ĠKeane , ĠSch oles , ĠFortune , ĠRooney .",O O O B-ATHLETE O B-ATHLETE I-ATHLETE O B-ATHLETE O B-ATHLETE O B-ATHLETE I-ATHLETE O B-ATHLETE O B-ATHLETE I-ATHLETE O B-ATHLETE O B-ATHLETE I-ATHLETE O B-ATHLETE O B-ATHLETE O,NONE
ĠJake ĠWhite Ġclaimed Ġthe Ġcoaching Ġaward Ġwhile Ġhis Ġside Ġheld Ġoff ĠGrand ĠSlam Ġwinners ĠFrance Ġto Ġtake Ġthe Ġteam Ġaward .,B-ATHLETE I-ATHLETE O O O O O O O O O O O O O O O O O O O,NONE
"Ġ Ċ Ċ Actor ĠTom ĠH anks Ġand Ġdirector ĠRon ĠHoward Ġare Ġreun iting Ġfor ĠThe ĠDa ĠVin ci ĠCode , Ġan Ġadaptation Ġof Ġthe Ġinternational Ġbest - selling Ġnovel Ġby ĠDan ĠBrown .",O O O O B-ACTOR-DIRECTOR I-ACTOR-DIRECTOR I-ACTOR-DIRECTOR O O B-ACTOR-DIRECTOR I-ACTOR-DIRECTOR O O O O O O O O O O O O O O O O O O O O B-AUTHOR-WRITER I-AUTHOR-WRITER O,NONE
ĠKelly ĠHolmes Ġfinally Ġfulfilled Ġher Ġpotential Ġby Ġstorm ing Ġto Ġdouble Ġgold Ġon Ġthe Ġtrack Ġat Ġthe ĠOlympic ĠGames .,B-ATHLETE I-ATHLETE O O O O O O O O O O O O O O O O O O,NONE
"ĠAs Ġinappropriate Ġnet Ġcontent , Ġmost Ġobviously Ġpornography Ġviewed Ġby Ġchildren , Ġcontinues Ġto Ġdominate Ġthe Ġheadlines , Ġinternet Ġregulation Ġremains Ġa Ġpolitical Ġissue Ġsaid ĠMP ĠRichard ĠAllan , ĠLiberal ĠDemocrat Ġspokesman Ġon ĠIT .",O O O O O O O O O O O O O O O O O O O O O O O O O O B-POLITICIAN I-POLITICIAN O O O O O O O,NONE
"ĠMs ĠRoche , ĠLabour ĠMP Ġfor ĠHorn sey Ġand ĠWood ĠGreen , Ġbelieves Ġlegal Ġmigration Ġis Ġsomething Ġwe Ġshould Ġwelcome .",O B-POLITICIAN O O O O O O O O O O O O O O O O O O O,NONE
ĠHe Ġsaid Ġthe Ġfamily Ġof Ġsound Ġengineer ĠTh orne ĠN og ar Ġdid Ġnot Ġwant Ġto Ġdivul ge Ġthe Ġprice Ġthey Ġhad Ġset Ġor Ġthe Ġoffers Ġthey Ġhad Ġreceived .,O O O O O O O B-PUBLIC-FIGURE I-PUBLIC-FIGURE I-PUBLIC-FIGURE I-PUBLIC-FIGURE I-PUBLIC-FIGURE O O O O O O O O O O O O O O O O O O,NONE
ĠMer r itt Ġclose Ġto Ġindoor Ġ400 m Ġmark,B-ATHLETE I-ATHLETE I-ATHLETE O O O O O O,NONE
"ĠDoug ĠKay e , Ġa ĠCalifornia - based Ġpod caster , Ġpraises Ġthe Ġformer ĠMTV ĠV J Ġfor Ġwhat Ġhe Ġhas Ġdone .",B-PUBLIC-FIGURE I-PUBLIC-FIGURE I-PUBLIC-FIGURE O O O O O O O O O O O O O O O O O O O O,NONE
"Ġ"" To Ġbe Ġthe ĠJohnny ĠCarson , Ġor ĠEd ĠSullivan Ġof Ġanything Ġis Ġwonderful .",O O O O B-ACTOR-DIRECTOR I-ACTOR-DIRECTOR O O B-ACTOR-DIRECTOR I-ACTOR-DIRECTOR O O O O O,NONE
ĠBlair Ġ' dam aged ' Ġby ĠBl unk ett Ġrow,B-POLITICIAN O O O O O B-POLITICIAN I-POLITICIAN I-POLITICIAN O,NONE
ĠA ali yah Ġhad Ġcompleted Ġa Ġmusic Ġvideo Ġwhen Ġthe Ġplane Ġcrashed Ġin Ġthe ĠBahamas .,B-MUSICIAN I-MUSICIAN I-MUSICIAN O O O O O O O O O O O O O,NONE
"Ġ"" It Ġwas Ġa Ġwonderful Ġadventure ,"" ĠEast wood Ġsaid .",O O O O O O O B-ACTOR-DIRECTOR I-ACTOR-DIRECTOR O O,NONE
ĠBl unk ett Ġrow Ġshould Ġend Ġ- ĠBlair,B-POLITICIAN I-POLITICIAN I-POLITICIAN O O O O B-POLITICIAN,NONE
"ĠOn ĠTuesday ĠSir ĠAlan Ġsaid Ġthe Ġapplication Ġfor Ġleave Ġto Ġremain Ġin Ġthe ĠUK Ġmade Ġby ĠKimberly ĠQuinn 's Ġn anny Ġwas Ġprocessed Ġin Ġ52 Ġdays , Ġ120 Ġdays Ġfaster Ġthan Ġthe Ġaverage .",O O O B-BUSINESS-EXECUTIVE-MANAGER O O O O O O O O O O O O B-PUBLIC-FIGURE I-PUBLIC-FIGURE O O O O O O O O O O O O O O O O,NONE
"ĠIn Ġan Ġinterview Ġpublished Ġin Ġthe ĠRadio ĠTimes Ġin ĠJanuary , ĠVictoria ĠWood Ġslated Ġcomedian ĠSach a ĠBaron ĠCohen Ġfor Ġhis Ġcharacter ĠAli ĠG 's Ġ"" hor rible "" Ġbrand Ġof Ġ"" vict im "" Ġhumour .",O O O O O O O O O O O B-ACTOR-DIRECTOR I-ACTOR-DIRECTOR O O B-ACTOR-DIRECTOR I-ACTOR-DIRECTOR I-ACTOR-DIRECTOR I-ACTOR-DIRECTOR O O O B-PUBLIC-FIGURE I-PUBLIC-FIGURE O O O O O O O O O O O O O,NONE
ĠNow ĠR odd ick Ġhas Ġto Ġdefend Ġa Ġbreak Ġpoint Ġand Ġhe Ġproduces Ġa Ġcharacteristic Ġace Ġto Ġsave Ġit .,O B-ATHLETE I-ATHLETE I-ATHLETE O O O O O O O O O O O O O O O O,NONE
ĠMr ĠBlair Ġwill Ġfocus Ġon ĠAfrica 's Ġdevelopment Ġplans Ġand Ġglobal Ġwarming .,O B-POLITICIAN O O O O O O O O O O O,NONE
ĠBut ĠManchester ĠUnited Ġmanager ĠSir ĠAlex ĠFerguson Ġhinted Ġhe Ġmay Ġbe Ġback Ġearly .,O O O O B-ATHLETE I-ATHLETE I-ATHLETE O O O O O O O,manager
ĠThan ou Ġbullish Ġover Ġdrugs Ġhearing,B-ATHLETE I-ATHLETE O O O O,NONE
"ĠThe Ġlatest Ġto Ġpitch Ġin Ġhas Ġbeen ĠPresident ĠGeorge ĠW ĠBush Ġhimself , Ġwho Ġtold Ġthe ĠAsia ĠPacific ĠEconomic ĠCo - operation Ġ( A pec ) Ġsummit Ġin ĠChile Ġthat Ġhe Ġremained Ġcommitted Ġto Ġhal ving Ġthe Ġbudget Ġdeficit .",O O O O O O O O B-POLITICIAN I-POLITICIAN I-POLITICIAN O O O O O O O O O O O O O O O O O O O O O O O O O O O O O,NONE
ĠAnd Ġlast Ġweek ĠUS ĠTreasury ĠSecretary ĠJohn ĠSnow Ġtold Ġan Ġaudience Ġin Ġthe ĠUK Ġthat Ġthe Ġpolicy Ġremained Ġun al tered .,O O O O O O B-POLITICIAN I-POLITICIAN O O O O O O O O O O O O O O,NONE
"ĠMr ĠMil burn Ġsaid : Ġ"" He Ġis Ġnot Ġsome Ġunknown Ġhopeful Ġfighting Ġan Ġunw inn able Ġseat .",O B-POLITICIAN I-POLITICIAN O O O O O O O O O O O O O O O O,NONE
"ĠDrum mer ĠLarry ĠMull en ĠJr Ġechoed Ġthose Ġsentiments : Ġ"" We 're Ġvery Ġcompetitive Ġ- Ġwe Ġwant Ġto Ġbe Ġon Ġthe Ġradio , Ġhave Ġbig Ġsingles .",O O B-MUSICIAN I-MUSICIAN I-MUSICIAN I-MUSICIAN O O O O O O O O O O O O O O O O O O O O O O,NONE
"Ġ"" Graham ĠHenry Ġ( former ĠWales Ġcoach ) Ġsaid Ġa Ġcouple Ġof Ġyears Ġago Ġthat Ġwe Ġshould Ġ' be Ġbold ' Ġwhen Ġgoing Ġto ĠFrance , Ġand Ġhe Ġwas Ġproved Ġright ,"" Ġsaid ĠRudd ock .",O B-ATHLETE I-ATHLETE O O O O O O O O O O O O O O O O O O O O O O O O O O O O O O B-ATHLETE I-ATHLETE O,NONE
"ĠMike ĠGerman , Ġleader Ġof Ġthe ĠLiberal ĠDemocrats Ġin Ġthe Ġassembly , Ġclaimed Ġthat Ġone Ġin Ġthree Ġhomes Ġwere Ġstill Ġlikely Ġto Ġface Ġcouncil Ġtax Ġrises Ġdue Ġto Ġreb anding .",B-POLITICIAN I-POLITICIAN O O O O O O O O O O O O O O O O O O O O O O O O O O O O O,NONE
Ġ Ċ Ċ Lead ing ĠBritish Ġcomputer Ġgames Ġmaker ĠPeter ĠM oly ne ux Ġhas Ġbeen Ġmade Ġan ĠO BE Ġin Ġthe ĠNew ĠYear ĠHon ours Ġlist .,O O O O O O O O O B-BUSINESS-EXECUTIVE-MANAGER I-BUSINESS-EXECUTIVE-MANAGER I-BUSINESS-EXECUTIVE-MANAGER I-BUSINESS-EXECUTIVE-MANAGER I-BUSINESS-EXECUTIVE-MANAGER O O O O O O O O O O O O O O,NONE
ĠMr ĠM oly ne ux Ġhas Ġbeen Ġa Ġpivotal Ġfigure Ġin Ġthe Ġcomputer Ġgames Ġindustry Ġfor Ġalmost Ġ20 Ġyears .,O B-BUSINESS-EXECUTIVE-MANAGER I-BUSINESS-EXECUTIVE-MANAGER I-BUSINESS-EXECUTIVE-MANAGER I-BUSINESS-EXECUTIVE-MANAGER O O O O O O O O O O O O O O O,NONE
"ĠPrime ĠMinister ĠTony ĠBlair 's Ġofficial Ġspokesman Ġsaid : Ġ"" There Ġare ĠBritish Ġnationals Ġin ĠIvory ĠCoast Ġand Ġas Ġyou Ġcan Ġimagine Ġwe Ġare Ġmaking Ġthe Ġusual Ġcontingency Ġplans Ġin Ġcase Ġthe Ġsituation Ġdeterior ates Ġfurther , Ġbut Ġthat 's Ġall ĠI Ġcan Ġsay Ġat Ġthis Ġstage .""",O O B-POLITICIAN I-POLITICIAN O O O O O O O O O O O O O O O O O O O O O O O O O O O O O O O O O O O O O O O O O O O O,NONE
ĠHome ĠSecretary ĠCharles ĠClarke Ġis Ġcurrently Ġlooking Ġat Ġthe Ġidea Ġof Ġa Ġlevy Ġon Ġthe Ġdrinks Ġindustry Ġto Ġpay Ġfor Ġthe Ġcost Ġof Ġextra Ġpolicing .,O O B-POLITICIAN I-POLITICIAN O O O O O O O O O O O O O O O O O O O O O O,NONE
"ĠThis Ġyear 's Ġwinner , ĠAlice ĠSeb old 's ĠThe ĠLovely ĠBones , Ġsold Ġover Ġone Ġmillion .",O O O O O B-AUTHOR-WRITER I-AUTHOR-WRITER I-AUTHOR-WRITER O O O O O O O O O O,NONE
"ĠDavid ĠMitchell 's ĠBooker - short listed Ġnovel , ĠCloud ĠAtlas , Ġmakes Ġit Ġinto Ġthis Ġyear 's Ġtop Ġ10 Ġalong Ġwith Ġseveral Ġlesser Ġknown Ġworks .",B-AUTHOR-WRITER I-AUTHOR-WRITER O B-PUBLIC-FIGURE O O O O O O O O O O O O O O O O O O O O O O O,NONE
"ĠJ oss ĠStone , Ġthe Ġ17 - year - old Ġsoul Ġsinger Ġfrom ĠDevon , Ġwas Ġa Ġnew Ġentry Ġin Ġthe Ġyoung Ġmusic Ġmillionaires Ġlist .",B-MUSICIAN I-MUSICIAN I-MUSICIAN O O O O O O O O O O O O O O O O O O O O O O O,NONE
"ĠAn Ġentrepreneur Ġfrom Ġan Ġearly Ġage , ĠMr ĠHol iff Ġserved Ġas Ġa Ġrear Ġair Ġgun ner Ġin Ġthe ĠRoyal ĠCanadian ĠAir ĠForce Ġduring ĠWorld ĠWar ĠII , Ġafterwards Ġsetting Ġup Ġa Ġdrive - in Ġrestaurant .",O O O O O O O O B-BUSINESS-EXECUTIVE-MANAGER I-BUSINESS-EXECUTIVE-MANAGER O O O O O O O O O O O O O O O O O O O O O O O O O O O,NONE
"ĠRepublican Ġpolitician ĠFred ĠUpton , Ġwho Ġchairs Ġthe Ġcommittee Ġresponsible Ġfor Ġbroadcasting , Ġsaid Ġcurrent Ġfines Ġare Ġ"" more Ġof Ġa Ġcost Ġof Ġdoing Ġbusiness Ġrather Ġthan Ġa Ġdeterrent "".",O O B-POLITICIAN I-POLITICIAN O O O O O O O O O O O O O O O O O O O O O O O O O O,NONE
"ĠLast Ġyear 's ĠJanet ĠJackson Ġ' ward robe Ġmalfunction ' Ġencouraged Ġthe ĠFCC Ġto Ġimpose Ġtougher Ġrules , Ġbut Ġthe ĠUS ĠCongress Ġadjourn ed Ġlast Ġyear Ġwithout Ġagreeing Ġon Ġa Ġnew Ġlevel Ġof Ġfines .",O O O B-MUSICIAN I-MUSICIAN O O O O O O O O O O O O O O O O O O O O O O O O O O O O O O,NONE
ĠTheir Ġdemands Ġhave Ġbeen Ġbacked Ġby Ġformer ĠMetropolitan ĠPolice ĠCommissioner ĠSir ĠJohn ĠStevens .,O O O O O O O O O O O B-PUBLIC-FIGURE I-PUBLIC-FIGURE O,NONE
"ĠIn Ġone Ġof ĠBritain 's Ġhighest Ġprofile Ġcases , ĠNorfolk Ġfarmer ĠTony ĠMartin Ġwas Ġjailed Ġfor Ġlife Ġfor Ġmurdering Ġ16 - year - old Ġburg lar ĠFred ĠBar ras , Ġin Ġ1999 .",O O O O O O O O O O O B-PUBLIC-FIGURE I-PUBLIC-FIGURE O O O O O O O O O O O O O B-PUBLIC-FIGURE I-PUBLIC-FIGURE I-PUBLIC-FIGURE O O O O,NONE
"ĠActress ĠSandra ĠBull ock Ġhas Ġdonated Ġ$ 1 m Ġ(Â£ 525 , 000 ) Ġto ĠThe ĠAmerican ĠRed ĠCross Ġand Ġactor ĠLeonardo ĠDi Cap rio Ġpledged Ġa Ġ"" s izable "" Ġaid Ġcontribution Ġto ĠUn ice f .",O B-ACTOR-DIRECTOR I-ACTOR-DIRECTOR I-ACTOR-DIRECTOR O O O O O O O O O O O O O O O O O B-ACTOR-DIRECTOR I-ACTOR-DIRECTOR I-ACTOR-DIRECTOR I-ACTOR-DIRECTOR O O O O O O O O O O O O O,NONE
ĠJohnny Ġand ĠDenise Ġlose ĠPass port,B-ACTOR-DIRECTOR O B-ACTOR-DIRECTOR O O O,NONE
ĠTut u 's ĠGuantanamo Ġrelease Ġcall,B-PUBLIC-FIGURE I-PUBLIC-FIGURE O O O O,NONE
Ġ Ċ Ċ Arch bishop ĠDesmond ĠTut u Ġhas Ġcalled Ġfor Ġthe Ġrelease Ġof Ġthe Ġremaining Ġinmates Ġat ĠGuantanamo ĠBay Ġand Ġterror Ġsuspects Ġdetained Ġwithout Ġtrial Ġin Ġthe ĠUK .,O O O O O B-PUBLIC-FIGURE I-PUBLIC-FIGURE I-PUBLIC-FIGURE O O O O O O O O O O O O O O O O O O O O O O,NONE
"ĠRefer ring Ġto Ġthe Ġdet ent ions Ġin ĠCuba , ĠArchbishop ĠTut u Ġtold ĠBBC ĠNews : Ġ"" It Ġis Ġutterly Ġunacceptable .",O O O O O O O O O O O B-PUBLIC-FIGURE I-PUBLIC-FIGURE O O O O O O O O O O,NONE
"ĠArchbishop ĠTut u Ġcriticised Ġthe Ġmeasures , Ġsaying : Ġ"" I Ġam Ġopposed Ġto Ġany Ġarbitrary Ġdetention Ġthat Ġis Ġhappening , Ġeven Ġin ĠBritain .""",O B-PUBLIC-FIGURE I-PUBLIC-FIGURE O O O O O O O O O O O O O O O O O O O O O O,NONE
"ĠNever Ġafraid Ġto Ġspeak Ġhis Ġmind , Ġbe Ġit Ġto Ġthe Ġreferee Ġor Ġthe Ġopposition Ġon Ġthe Ġpitch , Ġor Ġhis Ġcoach Ġor Ġthe Ġmedia Ġoff Ġit , ĠD all ag lio Ġhas Ġsometimes Ġrubbed Ġpeople Ġup Ġthe Ġwrong Ġway .",O O O O O O O O O O O O O O O O O O O O O O O O O O O O B-ATHLETE I-ATHLETE I-ATHLETE I-ATHLETE O O O O O O O O O,NONE
"ĠWith Ġsensational Ġallegations Ġof Ġdrug Ġuse Ġ- Ġof Ġwhich Ġhe Ġwas Ġsubsequently Ġcleared Ġ- Ġspl ashed Ġacross Ġthe Ġfront Ġpages , Ġa Ġdevastated ĠD all ag lio Ġstepped Ġdown Ġas ĠEngland Ġsk ipper .",O O O O O O O O O O O O O O O O O O O O O O O B-ATHLETE I-ATHLETE I-ATHLETE I-ATHLETE O O O O O O O,NONE
"ĠOther Ġcelebrities Ġto Ġwalk Ġout Ġof Ġa Ġreality Ġshow ĠTV Ġinclude ĠSex ĠPistol ĠJohn ĠL yd on , Ġformer ĠEast End ers Ġactress ĠD annie lla ĠWestbrook Ġand Ġex - E 17 Ġsinger ĠBrian ĠHarvey Ġwho Ġall Ġleft ĠI 'm ĠA ĠCelebrity ... ĠGet ĠMe ĠOut ĠOf ĠHere .",O O O O O O O O O O O O O B-MUSICIAN I-MUSICIAN I-MUSICIAN I-MUSICIAN O O O O O O B-ACTOR-DIRECTOR I-ACTOR-DIRECTOR I-ACTOR-DIRECTOR I-ACTOR-DIRECTOR O O O O O O B-MUSICIAN I-MUSICIAN O O O O O O O O O O O O O O,NONE
ĠBut Ġthriller Ġwriter ĠFrederick ĠFors yth Ġtells ĠBBC ĠNews Ġof Ġhis Ġpersonal Ġresponse Ġto Ġthe Ġmove .,O O O B-AUTHOR-WRITER I-AUTHOR-WRITER I-AUTHOR-WRITER O O O O O O O O O O O,writer
ĠFors yth Ġsays Ġ3000 Ġdied Ġover Ġ30 Ġyears Ġor Ġterrorism ; Ġ3000 Ġpeople Ġdied Ġin Ġone Ġmorning Ġin ĠNY Ġon ĠSeptember Ġ11 th Ġ2001 .,B-AUTHOR-WRITER I-AUTHOR-WRITER O O O O O O O O O O O O O O O O O O O O O O O,NONE
"ĠIt Ġis ĠFrederick ĠFors yth Ġwho Ġis Ġthe Ġextremist , Ġbecause Ġhe Ġdoes Ġnot Ġappreciate Ġthe Ġneed Ġfor Ġbalance .",O O B-AUTHOR-WRITER I-AUTHOR-WRITER I-AUTHOR-WRITER O O O O O O O O O O O O O O O,NONE
ĠMr ĠFors yth Ġis Ġa Ġwonderful Ġwriter Ġand Ġshould Ġkeep Ġhis Ġfiction Ġwhere Ġit Ġbelongs .,O B-AUTHOR-WRITER I-AUTHOR-WRITER O O O O O O O O O O O O O,writer
"ĠSadly Ġcomments Ġsuch Ġas Ġhis Ġwill Ġmake Ġa Ġlot Ġof Ġpeople Ġbelieve Ġthat Ġthey Ġare Ġgoverned Ġby Ġpeople Ġwho Ġare Ġfast Ġbecoming Ġty rants Ġinstead Ġof Ġbeing Ġgenuinely Ġcommitted Ġto Ġstopping Ġtyranny , Ġeven Ġif Ġthe Ġmethod Ġemployed Ġto Ġdo Ġthat Ġis Ġat Ġthe Ġmoment Ġalien Ġto Ġthe ĠBritish Ġpeople Ġwho Ġhave Ġlived Ġin Ġa Ġdemocracy Ġprotected Ġby ĠTony ĠBlair Ġand Ġothers Ġof Ġlike Ġmind Ġwho , ĠMr . ĠFors yth Ġseems Ġto Ġbe Ġputting Ġalong Ġside Ġthe Ġ' sc ruff y Ġlittle ĠAustrian .'",O O O O O O O O O O O O O O O O O O O O O O O O O O O O O O O O O O O O O O O O O O O O O O O O O O O O O O O O O O B-POLITICIAN I-POLITICIAN O O O O O O O O O B-AUTHOR-WRITER I-AUTHOR-WRITER O O O O O O O O O O O O O O,NONE
"ĠHob bes Ġhas Ġbeen Ġround ly Ġcondemned Ġby Ġposter ity , Ġand Ġrightly Ġso .",B-PUBLIC-FIGURE I-PUBLIC-FIGURE O O O O O O O O O O O O O,NONE
ĠOf Ġcourse ĠFrederick Ġis Ġwrong Ġabout ĠBritain Ġwinning Ġthe Ġwar Ġagainst Ġthe ĠIRA Ġand Ġhe 's Ġwrong Ġtoo Ġabout Ġthe Ġcountry Ġnot Ġbecoming Ġa Ġtyranny .,O O B-AUTHOR-WRITER O O O O O O O O O O O O O O O O O O O O O O O,NONE
"ĠMr ĠFors yth Ġlinks Ġ"" Islamic Ġfundamental ism "" Ġto Ġthe Ġnew Ġ"" threat "".",O B-AUTHOR-WRITER I-AUTHOR-WRITER O O O O O O O O O O O O,NONE
"ĠThe Ġpeople Ġwho ĠMr ĠFors yth Ġlabels Ġthe Ġnew Ġ"" threat "" Ġare Ġthose Ġwho Ġdo Ġnot Ġfollow Ġthe Ġcorrect Ġteachings Ġof ĠIslam .",O O O O B-AUTHOR-WRITER I-AUTHOR-WRITER O O O O O O O O O O O O O O O O O O,NONE
"ĠNotwithstanding Ġthese Ġand Ġthe Ġattempted Ġand Ġnearly Ġsuccessful Ġassassination Ġattempts Ġon ĠPrime ĠMinister ĠThatcher Ġin ĠBrighton Ġand Ġon Ġlater Ġoccupants Ġof Ġ10 ĠDowning ĠStreet , Ġthere Ġwas Ġno Ġretali atory Ġblitz Ġon ĠBelfast Ġor ĠDublin Ġas Ġthere Ġhas Ġbeen Ġon ĠAfghanistan Ġand ĠIraq .",O O O O O O O O O O O O O B-POLITICIAN O O O O O O O O O O O O O O O O O O O O O O O O O O O O O O,NONE
"ĠMore Ġmoney Ġis Ġto Ġbe Ġgiven Ġto Ġcouncils Ġto Ġdevelop Ġofficial Ġcaravan Ġparks , Ġsaid Ġhousing Ġminister ĠY vette ĠCooper .",O O O O O O O O O O O O O O O O O B-POLITICIAN I-POLITICIAN I-POLITICIAN O,NONE
"ĠAnd Ġresponding Ġto Ġcriticism Ġfrom ĠBBC ĠSport Ġpund it Ġand Ġformer ĠLiverpool Ġstal wart ĠAlan ĠHansen , Ġhe Ġinsisted Ġtalks Ġon Ġnew Ġinvestment Ġare Ġongoing , Ġbut Ġadded Ġthe Ġdoor Ġhas Ġnot Ġclosed Ġon Ġshareholder Ġand Ġlifelong Ġfan ĠSteve ĠMorgan .",O O O O O O O O O O O O O O B-ATHLETE I-ATHLETE O O O O O O O O O O O O O O O O O O O O O O B-BUSINESS-EXECUTIVE-MANAGER I-BUSINESS-EXECUTIVE-MANAGER O,pundit
ĠCritical Ġtime Ġfor ĠLiverpool Ġwith Ġregards Ġto ĠGerrard .,O O O O O O O B-ATHLETE O,NONE
ĠThe Ġkey Ġis Ġif ĠGerrard Ġcomes Ġout Ġand Ġsays Ġthat Ġhe Ġis Ġhappy .,O O O O B-ATHLETE O O O O O O O O O,NONE
ĠBath Ġfaced Ġwith ĠT ind all Ġult im atum,O O O B-ATHLETE I-ATHLETE I-ATHLETE O O O,NONE
ĠThe Ġformer ĠPort o Ġcoach Ġwas Ġforced Ġto Ġwatch Ġthe Ġclimax Ġof Ġhis Ġside 's Ġ3 - 2 Ġvictory Ġover ĠLiverpool Ġon Ġtelevision Ġafter Ġbeing Ġushered Ġaway Ġfrom Ġthe Ġtouch line Ġby Ġfourth Ġofficial ĠPhil ĠCross ley .,O O O O O O O O O O O O O O O O O O O O O O O O O O O O O O O O O O B-PUBLIC-FIGURE I-PUBLIC-FIGURE I-PUBLIC-FIGURE O,NONE
ĠMourinho Ġstill Ġfaces Ġan ĠFA Ġinvestigation Ġinto Ġhis Ġallegation Ġthat ĠManchester ĠUnited 's Ġplayers Ġ' che ated ' Ġduring ĠJanuary 's ĠCar ling ĠCup Ġsemi - final Ġat ĠStamford ĠBridge .,B-ATHLETE O O O O O O O O O O O O O O O O O O O O O O O O O O O O O O,NONE
ĠAnd ĠU ef a Ġcould Ġalso Ġlaunch Ġdisciplinary Ġaction Ġfollowing ĠMourinho 's Ġfailure Ġto Ġattend Ġa Ġcompulsory Ġpost - match Ġpress Ġconference Ġafter ĠChelsea 's ĠChampions ĠLeague Ġdefeat Ġat ĠBarcelona Ġlast Ġweek .,O O O O O O O O O O B-ATHLETE O O O O O O O O O O O O O O O O O O O O O O,NONE
"ĠLast ĠMay , ĠR & B Ġstar ĠUs her Ġscored Ġa Ġchart Ġfirst , Ġwith Ġthree Ġconcurrent Ġsingles Ġin Ġthe ĠUS ĠTop Ġ10 , Ġa Ġfeat Ġwhich Ġwas Ġpreviously Ġmatched Ġonly Ġby ĠThe ĠBee ĠGe es Ġand ĠThe ĠBeatles .",O O O O O O O B-MUSICIAN I-MUSICIAN O O O O O O O O O O O O O O O O O O O O O O O B-MUSICIAN I-MUSICIAN I-MUSICIAN I-MUSICIAN O B-MUSICIAN I-MUSICIAN O,NONE
ĠThe Ġactor Ġwas Ġnominated Ġfor Ġan ĠOscar Ġthe Ġfollowing Ġyear Ġfor Ġhis Ġrole Ġin ĠBern ardo ĠBert ol ucci 's ĠLast ĠT ango Ġin ĠParis .,O O O O O O O O O O O O O O B-ACTOR-DIRECTOR I-ACTOR-DIRECTOR I-ACTOR-DIRECTOR I-ACTOR-DIRECTOR I-ACTOR-DIRECTOR O O O O O O O,NONE
"ĠCur bish ley Ġwas Ġsubjected Ġto Ġcriticism Ġfrom ĠCharl ton Ġfans Ġrecently , Ġand Ġhe Ġsaid : Ġ"" The Ġthing Ġabout Ġthis Ġclub Ġis Ġthat Ġwe Ġhave Ġgot Ġwhere Ġwe Ġare Ġby Ġall Ġpulling Ġin Ġthe Ġsame Ġdirection .",B-ATHLETE I-ATHLETE I-ATHLETE O O O O O O O O O O O O O O O O O O O O O O O O O O O O O O O O O O O O,NONE
"ĠKam al ĠNath , ĠCommerce Ġand ĠIndustry ĠMinister , Ġannounced Ġthe Ġdecision Ġin ĠDelhi Ġon ĠThursday Ġfollowing Ġa Ġcabinet Ġmeeting .",B-POLITICIAN I-POLITICIAN I-POLITICIAN O O O O O O O O O O O O O O O O O O,NONE
"ĠThere Ġare Ġdetails Ġof Ġforeign Ġnationals Ġmade ĠBritish Ġcitizens Ġby Ġact Ġof ĠParliament , Ġincluding Ġcomposer ĠGeorge ĠFr ider ic ĠHand el Ġin Ġ17 27 .",O O O O O O O O O O O O O O O O B-MUSICIAN I-MUSICIAN I-MUSICIAN I-MUSICIAN I-MUSICIAN I-MUSICIAN O O O O,NONE
ĠSir ĠAlan 's Ġfilms Ġinclude ĠOscar - winning ĠFame Ġplus ĠMidnight ĠExpress Ġand ĠThe ĠCommit ments .,O B-ACTOR-DIRECTOR O O O O O O O O O O O O O O O,NONE
"ĠHe Ġalso Ġcited Ġthe Ġdirector 's Ġ2003 Ġfilm ĠThe ĠLife Ġof ĠDavid ĠGale , Ġin Ġwhich ĠKevin ĠSpace y Ġplayed Ġa Ġman Ġon ĠDeath ĠRow , Ġas Ġproof Ġof Ġhis Ġ"" ver itable Ġartistic Ġcommitment Ġagainst Ġthe Ġdeath Ġsentence "".",O O O O O O O O O O O O O O O O B-ACTOR-DIRECTOR I-ACTOR-DIRECTOR I-ACTOR-DIRECTOR O O O O O O O O O O O O O O O O O O O O O,NONE
ĠJ arre Ġjoins Ġfair yt ale Ġcelebration,B-MUSICIAN I-MUSICIAN O O O O O,NONE
ĠDenmark 's ĠCrown ĠPrince ĠFreder ik Ġand ĠCrown ĠPrincess ĠMary Ġvisited ĠNew ĠYork Ġon ĠMonday Ġto Ġhelp Ġpromote Ġthe Ġfestivities .,O O B-PUBLIC-FIGURE I-PUBLIC-FIGURE I-PUBLIC-FIGURE I-PUBLIC-FIGURE O B-PUBLIC-FIGURE I-PUBLIC-FIGURE I-PUBLIC-FIGURE O O O O O O O O O O O,NONE
"ĠLater Ġat Ġa Ġg ala Ġdinner , ĠDanish Ġsuper model ĠHelena ĠChristensen Ġwas Ġnamed Ġa ĠHans ĠChristian ĠAndersen Ġambassador .",O O O O O O O O O O B-PUBLIC-FIGURE I-PUBLIC-FIGURE O O O B-AUTHOR-WRITER I-AUTHOR-WRITER I-AUTHOR-WRITER O O,NONE
"ĠThe ĠMuslim ĠCouncil Ġof ĠBritain Ġsaid ĠOf sted Ġboss ĠMr ĠBell 's Ġcomments Ġwere Ġ"" highly Ġirresponsible "".",O O O O O O O O O O B-BUSINESS-EXECUTIVE-MANAGER O O O O O O O,NONE
ĠFahrenheit Ġ9 / 11 Ġdirector ĠMichael ĠMoore Ġdedicated Ġhis Ġtrophy Ġto Ġsoldiers Ġin ĠIraq .,O O O O O B-ACTOR-DIRECTOR I-ACTOR-DIRECTOR O O O O O O O O,NONE
ĠL uf th ans a Ġmay Ġsue Ġover ĠBush Ġvisit Ċ Ċ German Ġairline ĠL uf th ans a Ġmay Ġsue Ġfederal Ġagencies Ġfor Ġdamages Ġafter Ġthe Ġarrival Ġof ĠUS Ġpresident ĠGeorge ĠW ĠBush Ġdisrupted Ġflights .,O O O O O O O O B-POLITICIAN O O O O O O O O O O O O O O O O O O O O O O B-POLITICIAN I-POLITICIAN I-POLITICIAN O O O,NONE
"ĠCentral Ġto Ġthe Ġproblem Ġwas Ġthat Ġinstead Ġof Ġhalf Ġan Ġhour , Ġthe Ġarrival Ġof ĠPresident ĠBush Ġon Ġthe ĠGerman Ġleg Ġof Ġhis ĠEuropean Ġtour Ġtook Ġthe Ġbest Ġpart Ġof Ġan Ġhour , ĠL uf th ans a Ġsaid .",O O O O O O O O O O O O O O O O B-POLITICIAN O O O O O O O O O O O O O O O O O O O O O O O,NONE
ĠThe Ġextra Ġtime Ġtaken Ġby ĠPresident ĠBush Ġand Ġhis Ġent ourage Ġmeant Ġthat Ġthere Ġwas Ġa Ġknock - on Ġeffect Ġthat Ġled Ġto Ġsignificant Ġdelays .,O O O O O O B-POLITICIAN O O O O O O O O O O O O O O O O O O O,NONE
"Ġ Ċ Ċ Mr ĠAli Ġadded Ġhis Ġvoice Ġto Ġthose Ġwarning Ġthat Ġaid Ġpledges Ġmust Ġbe Ġpromptly Ġdelivered , Ġsaying Ġthe Ġnumber Ġof Ġpeople Ġat Ġrisk Ġof Ġpoverty Ġh inged Ġon Ġ"" con cern s Ġover Ġsanitation Ġand Ġhealth Ġconditions , Ġand Ġother Ġbasic Ġneeds "" Ġbeing Ġ"" pro per ly Ġand Ġquickly Ġaddressed "".",O O O O B-PUBLIC-FIGURE O O O O O O O O O O O O O O O O O O O O O O O O O O O O O O O O O O O O O O O O O O O O O O O O O O,NONE
ĠLevy Ġtakes ĠWhit bread Ġnovel Ġprize,B-AUTHOR-WRITER O O O O O,NONE
Ġ Ċ Ċ Orange ĠPrize Ġwinner ĠAndrea ĠLevy Ġhas Ġseen Ġher Ġbook ĠSmall ĠIsland Ġwin Ġthe ĠWhit bread ĠNovel Ġof Ġthe ĠYear ĠAward .,O O O O O O B-AUTHOR-WRITER I-AUTHOR-WRITER O O O O O O O O O O O O O O O O,NONE
ĠGerald ine ĠMcC augh re an Ġhas Ġpicked Ġup Ġthe Ġchildren 's Ġfiction Ġaward Ġfor Ġthe Ġthird Ġtime Ġfor ĠNot Ġthe ĠEnd Ġof Ġthe ĠWorld .,B-AUTHOR-WRITER I-AUTHOR-WRITER I-AUTHOR-WRITER I-AUTHOR-WRITER I-AUTHOR-WRITER I-AUTHOR-WRITER O O O O O O O O O O O O O O O O O O O O,NONE
ĠOne Ġis Ġa ĠJama ican Ġwho Ġjoined ĠBritish Ġtroops Ġto Ġfight ĠHitler Ġbut Ġfinds Ġlife Ġdifficult Ġout Ġof Ġuniform Ġwhen Ġhe Ġsettles Ġin ĠLondon .,O O O O O O O O O O O B-POLITICIAN O O O O O O O O O O O O O,NONE
"ĠThe Ġjudges , Ġwho Ġincluded Ġauthors ĠJenny ĠCol gan Ġand ĠAmanda ĠCraig , Ġwere Ġfull Ġof Ġpraise Ġfor Ġher Ġwriting .",O O O O O O B-AUTHOR-WRITER I-AUTHOR-WRITER I-AUTHOR-WRITER O B-AUTHOR-WRITER I-AUTHOR-WRITER O O O O O O O O O,NONE
"ĠThe Ġfirst Ġnovel Ġsection Ġwas Ġwon Ġby ĠSusan ĠFletcher Ġfor ĠEve ĠGreen , Ġbeating Ġthe Ġfavourite ĠJonathan ĠStrange Ġand ĠMr ĠNor rell Ġby ĠSus anna ĠClarke .",O O O O O O O B-AUTHOR-WRITER I-AUTHOR-WRITER O B-PUBLIC-FIGURE I-PUBLIC-FIGURE O O O O B-PUBLIC-FIGURE I-PUBLIC-FIGURE O B-PUBLIC-FIGURE I-PUBLIC-FIGURE I-PUBLIC-FIGURE O B-AUTHOR-WRITER I-AUTHOR-WRITER I-AUTHOR-WRITER O,NONE
ĠFletcher Ġhas Ġrecently Ġgraduated Ġfrom Ġgraduated Ġfrom Ġthe ĠUniversity Ġof ĠEast ĠAng lia Ġcreative Ġwriting Ġcourse .,B-AUTHOR-WRITER O O O O O O O O O O O O O O O O,NONE
"ĠWater stone 's Ġfiction Ġwriter Ġbuyer ĠSuz ie ĠDo ore Ġsaid : Ġ"" It Ġis Ġgreat Ġto Ġsee ĠSusan ĠFletcher Ġwin Ġin Ġthe Ġfirst Ġnovel Ġcategory .",O O O O O O B-BUSINESS-EXECUTIVE-MANAGER I-BUSINESS-EXECUTIVE-MANAGER I-BUSINESS-EXECUTIVE-MANAGER I-BUSINESS-EXECUTIVE-MANAGER O O O O O O O O B-AUTHOR-WRITER I-AUTHOR-WRITER O O O O O O O,writer
"ĠGuy Ġhas Ġpublished Ġmany Ġhistories , Ġincluding ĠTud or ĠEngland .",B-AUTHOR-WRITER O O O O O O O O O O,NONE
ĠCommunications ĠMinister ĠDay an id hi ĠMar an Ġsaid Ġthat Ġthere Ġis Ġa Ġneed Ġto Ġfund Ġthe Ġfast - growing Ġmobile Ġmarket .,O O B-POLITICIAN I-POLITICIAN I-POLITICIAN I-POLITICIAN I-POLITICIAN I-POLITICIAN O O O O O O O O O O O O O O O,NONE
ĠMr ĠBlair Ġdirectly Ġdenied Ġthat Ġquote Ġon ĠWednesday .,O B-POLITICIAN O O O O O O O,NONE
"ĠTreasury ĠSecretary ĠJohn ĠSnow Ġput Ġa Ġbrave Ġface Ġon Ġthe Ġnews , Ġsaying Ġit Ġwas Ġa Ġsign Ġof Ġstrong Ġeconomic Ġexpansion .",O O B-POLITICIAN I-POLITICIAN O O O O O O O O O O O O O O O O O O,NONE
ĠOne Ġsuch Ġavatar Ġis ĠJeremiah .,O O O O O O,NONE
"ĠVice - Prime ĠMinister ĠO leg ĠRy bach uk Ġcalled Ġon Ġthe ĠEU Ġto Ġrecognise Ġthe Ġsteps Ġthat ĠUkraine Ġwas Ġtaking , Ġfearing Ġthat Ġshould Ġthe Ġcountry Ġnot Ġbe Ġrewarded Ġfor Ġits Ġefforts Ġthere Ġmay Ġbe Ġa Ġbacklash Ġagainst Ġcloser Ġrelations Ġwith ĠBrussels .",O O O O B-POLITICIAN I-POLITICIAN I-POLITICIAN I-POLITICIAN I-POLITICIAN O O O O O O O O O O O O O O O O O O O O O O O O O O O O O O O O O O O,NONE
ĠArthur ĠHa iley : ĠKing Ġof Ġthe Ġbest sell ers,B-AUTHOR-WRITER I-AUTHOR-WRITER I-AUTHOR-WRITER O O O O O O O,NONE
"Ġ Ċ Ċ No vel ist ĠArthur ĠHa iley , Ġwho Ġhas Ġdied Ġat Ġthe Ġage Ġof Ġ84 , Ġwas Ġknown Ġfor Ġhis Ġbestselling Ġpage - turn ers Ġexploring Ġthe Ġinner Ġworkings Ġof Ġvarious Ġindustries , Ġfrom Ġthe Ġhotels Ġto Ġhigh Ġfinance .",O O O O O O B-AUTHOR-WRITER I-AUTHOR-WRITER I-AUTHOR-WRITER O O O O O O O O O O O O O O O O O O O O O O O O O O O O O O O O O O,novelist
"ĠHa iley Ġworked Ġas Ġa Ġscreen writer Ġfor Ġa Ġcouple Ġof Ġyears , Ġbefore Ġturning Ġto Ġnovels .",B-AUTHOR-WRITER I-AUTHOR-WRITER O O O O O O O O O O O O O O O O,NONE
"ĠFlight Ġinto ĠDanger Ġwas Ġadapted Ġto Ġbecome ĠHa iley 's Ġfirst Ġnovel , ĠRun away ĠZero - Eight Ġin Ġ1958 .",O O O O O O O B-AUTHOR-WRITER I-AUTHOR-WRITER O O O O O O O O O O O O,NONE
"ĠThe Ġ1997 Ġnovel ĠDetective Ġproved Ġto Ġbe ĠHa iley 's Ġfinal Ġbook , Ġwhen Ġat Ġthe Ġage Ġof Ġ77 Ġhe Ġdecided Ġto Ġretire .",O O O O O O O B-AUTHOR-WRITER I-AUTHOR-WRITER O O O O O O O O O O O O O O O,NONE
"ĠAnd ĠI Ġcan Ġspend Ġthe Ġday Ġworking Ġwith Ġmy Ġgirlfriend ĠAnne , Ġa Ġchildren 's Ġwriter , Ġat Ġher Ġhouse Ġin ĠCambridge , Ġsharing Ġher Ġwireless Ġnetwork .",O O O O O O O O O O B-AUTHOR-WRITER O O O O O O O O O O O O O O O O O,writer
ĠJust Ġask ĠAnne .,O O O O,NONE
"ĠI Ġthink ĠUKIP Ġhad Ġa Ġhuge Ġamount Ġto Ġdo Ġwith ĠTony ĠBlair 's Ġdecision Ġto Ġhold Ġa Ġreferendum Ġon Ġthe ĠEuropean Ġconstitution Ġand ĠI Ġthink Ġit Ġhad Ġa Ġhuge Ġamount Ġto Ġdo Ġwith Ġhis Ġrefusal Ġto Ġgo Ġinto Ġthe Ġeuro "".",O O O O O O O O O O B-POLITICIAN I-POLITICIAN O O O O O O O O O O O O O O O O O O O O O O O O O O O O O,NONE
ĠDavis Ġwas Ġalso Ġa Ġprominent Ġfigure Ġin Ġthe Ġcivil Ġrights Ġmovement Ġand Ġwas Ġa Ġvoice Ġfor Ġracial Ġequality .,B-PUBLIC-FIGURE O O O O O O O O O O O O O O O O O O,NONE
ĠHe Ġwas Ġa Ġfeatured Ġspeaker Ġat Ġthe Ġfuner als Ġof Ġboth ĠMartin ĠLuther ĠKing ĠJ nr Ġand ĠMalcolm ĠX .,O O O O O O O O O O O B-PUBLIC-FIGURE I-PUBLIC-FIGURE I-PUBLIC-FIGURE I-PUBLIC-FIGURE I-PUBLIC-FIGURE O B-PUBLIC-FIGURE I-PUBLIC-FIGURE O,NONE
"ĠLocal Ġcouncillor ĠLyn ĠBrown Ġwas Ġselected Ġfor ĠWest ĠHam , Ġeast ĠLondon , Ġin Ġa Ġcontest Ġbetween Ġtwo Ġwhite Ġand Ġfive Ġethnic Ġminority Ġwomen .",O O B-POLITICIAN I-POLITICIAN O O O O O O O O O O O O O O O O O O O O O,NONE
ĠVeteran Ġcomic ĠCyr il ĠFletcher Ġdies,O O B-ACTOR-DIRECTOR I-ACTOR-DIRECTOR I-ACTOR-DIRECTOR O,NONE
"ĠHe Ġstarted Ġout Ġas Ġa Ġsinger Ġand Ġsong writer Ġbefore Ġgoing Ġinto Ġmusic Ġmanagement , Ġlooking Ġafter Ġcountry Ġstar ĠHank ĠWilliams ĠJr .",O O O O O O O O O O O O O O O O O O O B-MUSICIAN I-MUSICIAN I-MUSICIAN O,NONE
"ĠHe Ġwrote ĠRing Ġof ĠFire Ġwith ĠJune ĠCarter ĠCash , Ġthe Ġfuture Ġwife Ġof ĠJohnny ĠCash Ġwho Ġwent Ġon Ġto Ġscore Ġhis Ġmost Ġpopular Ġhit Ġwith Ġthe Ġtrack .",O O O O O O B-MUSICIAN I-MUSICIAN I-MUSICIAN O O O O O B-MUSICIAN I-MUSICIAN O O O O O O O O O O O O O,NONE
"ĠOne Ġof Ġthe Ġfirst Ġsongs Ġhe Ġwrote Ġfor Ġother Ġartists Ġwas ĠWolver ton ĠMountain , Ġwhich Ġsold Ġ10 Ġmillion Ġcopies Ġwhen Ġrecorded Ġby ĠClaude ĠKing .",O O O O O O O O O O O O O O O O O O O O O O O B-MUSICIAN I-MUSICIAN O,NONE
ĠHow l 's ĠMoving ĠCastle Ġis Ġbased Ġon Ġa Ġchildren 's Ġfantasy Ġnovel Ġby ĠUK Ġauthor ĠDiana ĠWynne ĠJones .,O O O O O O O O O O O O O O O O B-AUTHOR-WRITER I-AUTHOR-WRITER I-AUTHOR-WRITER O,author
ĠThe ĠMiddles b rough Ġathlete Ġjumped Ġa Ġseason 's Ġbest Ġof Ġ7 . 95 m Ġat Ġthe ĠBirmingham ĠGrand ĠPrix Ġ- Ġgood Ġenough Ġto Ġpush Ġworld Ġindoor Ġchampion ĠSav ante ĠString f ellow Ġinto Ġsecond .,O O O O O O O O O O O O O O O O O O O O O O O O O O O O B-ATHLETE I-ATHLETE I-ATHLETE I-ATHLETE I-ATHLETE O O O,NONE
ĠEl ĠGuer rou j Ġtargets Ġcross Ġcountry,B-ATHLETE I-ATHLETE I-ATHLETE I-ATHLETE O O O,NONE
ĠBrown Ġvisits Ġsl um Ġon ĠAfrica Ġtrip,B-POLITICIAN O O O O O O,NONE
ĠMr ĠBrown 's Ġtrip Ġis Ġdesigned Ġto Ġhighlight Ġhow Ġthe ĠUK Ġwants Ġto Ġmake ĠAfrica 's Ġproblems Ġa Ġpriority Ġof Ġits Ġchair manship Ġof Ġthe ĠG 8 Ġthis Ġyear .,O B-POLITICIAN O O O O O O O O O O O O O O O O O O O O O O O O O O O O,NONE
"ĠBrown 's Ġaides Ġsay Ġhe Ġwants Ġto Ġfind Ġout Ġmore Ġabout Ġthe ĠKenyan ĠGovernment 's Ġeducation Ġpolicies , Ġwhich Ġincluded Ġintroducing Ġfree Ġprimary Ġeducation Ġin Ġearly Ġ2003 .",B-POLITICIAN O O O O O O O O O O O O O O O O O O O O O O O O O O O,NONE
ĠShadow Ġforeign Ġsecretary ĠMichael ĠAn c ram Ġsaid Ġthere Ġwas Ġa Ġconstant Ġneed Ġto Ġensure Ġvalue Ġfor Ġmoney Ġfrom Ġforeign Ġmissions .,O O O B-POLITICIAN I-POLITICIAN I-POLITICIAN I-POLITICIAN O O O O O O O O O O O O O O O,NONE
ĠThe Ġshow Ġused ĠPres ley Ġphotos Ġlast Ġweek .,O O O B-MUSICIAN I-MUSICIAN O O O O,NONE
ĠShadow Ġforeign Ġsecretary ĠMichael ĠAn c ram Ġtold ĠMPs Ġa Ġnew ĠWhite ĠPaper Ġwas Ġpart Ġof Ġtrying Ġto Ġsoften Ġup Ġopinion Ġahead Ġof Ġthe Ġreferendum Ġon Ġthe ĠEU Ġconstitution .,O O O B-POLITICIAN I-POLITICIAN I-POLITICIAN I-POLITICIAN O O O O O O O O O O O O O O O O O O O O O O O,NONE
ĠBrown 's Ġpoll Ġcampaign Ġmove Ġdenied,B-POLITICIAN O O O O O,NONE
"ĠHe Ġsaid : Ġ"" Like ĠKevin ĠI 'd Ġlike Ġto Ġsee Ġsome Ġplayers Ġcome Ġin .",O O O O O B-ATHLETE O O O O O O O O O O,NONE
"ĠS izz la , Ġwhose Ġreal Ġname Ġis ĠMiguel ĠCollins , Ġhas Ġreleased Ġ25 Ġalbums Ġsince Ġ1995 Ġand Ġis Ġcredited Ġwith Ġtaking Ġdance hall Ġmusic Ġback Ġto Ġits Ġreg gae Ġorigins .",B-MUSICIAN I-MUSICIAN I-MUSICIAN O O O O O B-MUSICIAN I-MUSICIAN O O O O O O O O O O O O O O O O O O O O O O,NONE
"ĠModel ĠSophie ĠA nder ton Ġwas Ġthe Ġlast Ġperson Ġto Ġbe Ġvoted Ġoff Ġthe ĠITV 1 Ġshow , Ġset Ġin Ġthe ĠAustralian Ġjungle .",O B-PUBLIC-FIGURE I-PUBLIC-FIGURE I-PUBLIC-FIGURE I-PUBLIC-FIGURE O O O O O O O O O O O O O O O O O O O,NONE
ĠAnd Ġon Ġ26 ĠNovember Ġsinger ĠBrian ĠHarvey Ġquit Ġas Ġa Ġcontestant Ġafter Ġhe Ġhad Ġa Ġblazing Ġrow Ġwith ĠJanet ĠStreet - P orter .,O O O O O B-MUSICIAN I-MUSICIAN O O O O O O O O O O O B-AUTHOR-WRITER I-AUTHOR-WRITER I-AUTHOR-WRITER I-AUTHOR-WRITER I-AUTHOR-WRITER O,NONE
"ĠRobbie ĠKeane , Ġsk ipper Ġfor Ġthe Ġnight Ġand Ġscorer Ġof Ġthe Ġcrucial Ġsecond Ġgoal , Ġechoed Ġhis Ġmanager 's Ġsentiments Ġon Ġthe Ġlast - eight Ġmatch .",B-ATHLETE I-ATHLETE O O O O O O O O O O O O O O O O O O O O O O O O O O,manager
ĠProp ĠJones Ġready Ġfor Ġhard Ġgraft,O B-ATHLETE O O O O,NONE
ĠBlair Ġ' said Ġhe Ġwould Ġstand Ġdown ',B-POLITICIAN O O O O O O O,NONE
ĠFrance Ġset Ġfor Ġnew ĠDa ĠVin ci Ġnovel Ċ Ċ French Ġbook sell ers Ġare Ġbr aced Ġfor Ġa Ġrush Ġof Ġinterest Ġafter Ġanother Ġbook Ġfrom Ġthe Ġauthor Ġof ĠThe ĠDa ĠVin ci ĠCode Ġis Ġtranslated Ġinto ĠFrench .,O O O O O O O O O O O O O O O O O O O O O O O O O O O O O O O O O O O O O O O,author
"ĠAngels Ġand ĠDemons , Ġby ĠUS Ġauthor ĠDan ĠBrown , Ġwill Ġgo Ġon Ġsale Ġon ĠWednesday .",O O O O O O O B-AUTHOR-WRITER I-AUTHOR-WRITER O O O O O O O O,author
ĠThomas Ġout Ġof ĠSix ĠNations,B-ATHLETE O O O O,NONE
ĠBlair Ġto Ġface ĠMPs Ġamid Ġfeud Ġtalk,B-POLITICIAN O O O O O O,NONE
"ĠMr ĠBrown , Ġmeanwhile , Ġis Ġvisiting ĠTanzania , ĠMoz amb ique Ġand ĠKenya Ġto Ġhighlight Ġthe Ġplight Ġof Ġmany ĠAfricans Ġhit Ġby ĠA ids , Ġwar Ġand Ġfamine Ġ- Ġissues Ġwhich ĠMr ĠBlair Ġhas Ġalso Ġspoken Ġout Ġon .",O B-POLITICIAN O O O O O O O O O O O O O O O O O O O O O O O O O O O O O O O B-POLITICIAN O O O O O O,NONE
ĠPole Ġvault : ĠN ĠBuck field Ġ( C raw ley ĠAC ),O O O B-ATHLETE I-ATHLETE I-ATHLETE O O O O O O,NONE
"ĠWall abies Ġcaptain ĠGeorge ĠGre gan Ġsaid Ġthe Ġcharity Ġmatch Ġwas Ġa Ġ"" great Ġinitiative "".",O O O B-ATHLETE I-ATHLETE I-ATHLETE O O O O O O O O O O,NONE
"ĠMaria , Ġthe Ġnovice Ġnun Ġwho Ġfalls Ġin Ġlove Ġwith ĠBaron Ġvon ĠTra pp , Ġwill Ġbe Ġplayed Ġby ĠAust ro - Australian Ġactress Ġand Ġsinger ĠSandra ĠP ires .",B-PUBLIC-FIGURE O O O O O O O O O B-PUBLIC-FIGURE I-PUBLIC-FIGURE I-PUBLIC-FIGURE I-PUBLIC-FIGURE O O O O O O O O O O O O B-ACTOR-DIRECTOR I-ACTOR-DIRECTOR I-ACTOR-DIRECTOR O,NONE
ĠLopez Ġmisses ĠUK Ġcharity Ġpremiere,B-ACTOR-DIRECTOR O O O O,NONE
Ġ Ċ Ċ Jennifer ĠLopez Ġcancelled Ġan Ġappearance Ġat Ġthe ĠUK Ġcharity Ġpremiere Ġof Ġher Ġnew Ġmovie Ġsaying Ġshe Ġwas Ġtoo Ġill Ġto Ġfly .,O O O B-ACTOR-DIRECTOR I-ACTOR-DIRECTOR O O O O O O O O O O O O O O O O O O O O,NONE
ĠCo - star ĠRichard ĠG ere Ġattended Ġthe Ġevent Ġheld Ġin Ġaid Ġof Ġthe Ġtsunami Ġappeal .,O O O B-ACTOR-DIRECTOR I-ACTOR-DIRECTOR I-ACTOR-DIRECTOR O O O O O O O O O O O,NONE
ĠIn Ġ2000 Ġthe ĠPeople 's ĠFuel ĠLobby Ġcaused Ġchaos Ġby Ġblocking Ġroads Ġwith Ġslow - moving Ġconv oys Ġafter ĠMr ĠBrown Ġthreatened Ġto Ġraise Ġfuel Ġtaxes .,O O O O O O O O O O O O O O O O O O O O B-POLITICIAN O O O O O O,NONE
Ġ Ċ Ċ Ex - chat Ġshow Ġhost ĠRobert ĠKil roy - Sil k Ġhas Ġquit Ġthe ĠUK ĠIndependence ĠParty Ġand Ġaccused Ġit Ġof Ġbetray ing Ġits Ġsupporters .,O O O O O O O O B-POLITICIAN I-POLITICIAN I-POLITICIAN I-POLITICIAN I-POLITICIAN I-POLITICIAN O O O O O O O O O O O O O O O,NONE
"ĠSouth ĠAfrican Ġpresident ĠTh abo ĠMb eki Ġhas Ġattacked ĠBritish Ġimperial ists , Ġsaying Ġthey Ġtreated ĠAfricans Ġlike Ġsav ages .",O O O B-POLITICIAN I-POLITICIAN I-POLITICIAN I-POLITICIAN O O O O O O O O O O O O O O,NONE
ĠO ' Connell Ġrejects ĠLions Ġrumours,B-ATHLETE I-ATHLETE I-ATHLETE O O O,NONE
"ĠO ' Connell , Ġwho Ġmade Ġa Ġtry - scoring Ġinternational Ġdebut Ġagainst ĠWales Ġtwo Ġyears Ġago , Ġis Ġenjoying Ġhis Ġmete oric Ġrise Ġinto Ġrugby 's Ġshop Ġwindow Ġ- Ġbut Ġrefuses Ġto Ġbe Ġdrawn Ġon Ġthe ĠLions .",B-ATHLETE I-ATHLETE I-ATHLETE O O O O O O O O O O O O O O O O O O O O O O O O O O O O O O O O O O O O,NONE
ĠHalloween Ġwriter ĠDeb ra ĠHill Ġdies,O O B-AUTHOR-WRITER I-AUTHOR-WRITER I-AUTHOR-WRITER O,writer
"ĠDirect ed Ġby ĠJohn ĠCarpenter , Ġit Ġmade Ġover Ġ$ 60 m Ġ(Â£ 31 . 3 m ) Ġworldwide Ġ- Ġa Ġrecord Ġfor Ġindependent Ġfilm Ġat Ġthat Ġtime .",O O O B-ACTOR-DIRECTOR I-ACTOR-DIRECTOR O O O O O O O O O O O O O O O O O O O O O O O O,NONE
"ĠBut ĠUm aga , Ġin ĠEngland Ġfor ĠSaturday 's ĠIR B ĠRugby ĠAid Ġmatch , Ġalso Ġbacked ĠNew ĠZealand Ġto Ġwin Ġthe Ġthree - Test Ġseries Ġagainst Ġthe ĠLions .",O B-ATHLETE I-ATHLETE O O O O O O O O O O O O O O O O O O O O O O O O O O O,NONE
ĠAmong Ġthose Ġwho Ġhave Ġcriticised Ġthe Ġplans Ġare Ġthe ĠUK 's Ġtop Ġpoliceman ĠSir ĠJohn ĠStevens .,O O O O O O O O O O O O O O B-PUBLIC-FIGURE I-PUBLIC-FIGURE O,NONE
"Ġ Ċ Ċ Black ĠFriday Ġis Ġbased Ġupon Ġthe Ġnovel Ġof Ġthe Ġsame Ġname Ġwritten Ġby Ġjournalist ĠS ĠHussain ĠZ aid i , Ġwhich Ġlooks Ġat Ġthe Ġ15 Ġexplosions Ġwhich Ġrocked ĠMumbai Ġon Ġ12 ĠMarch Ġ1993 .",O O O O O O O O O O O O O O O O O B-AUTHOR-WRITER I-AUTHOR-WRITER I-AUTHOR-WRITER I-AUTHOR-WRITER I-AUTHOR-WRITER O O O O O O O O O O O O O O O,journalist
"ĠBlair Ġsays Ġmayor Ġshould Ġapologise Ċ Ċ Tony ĠBlair Ġhas Ġurged ĠLondon Ġmayor ĠKen ĠLiving stone Ġto Ġapologise Ġfor Ġhis Ġ"" Nazi "" Ġcomment Ġto Ġa ĠJewish Ġreporter .",B-POLITICIAN O O O O O O B-POLITICIAN I-POLITICIAN O O O O B-POLITICIAN B-POLITICIAN I-POLITICIAN O O O O O O O O O O O O O,NONE
"Ġ Ċ Ċ Labour 's ĠMr ĠLiving stone , Ġwho Ġsays Ġhe Ġis Ġ"" standing Ġby "" Ġhis Ġremarks , Ġhad Ġaccused Ġan ĠEvening ĠStandard Ġjournalist Ġof Ġbeing Ġlike Ġa Ġ"" con cent ration Ġcamp Ġguard "".",O O O O O O B-POLITICIAN I-POLITICIAN O O O O O O O O O O O O O O O O O O O O O O O O O O O O O,journalist
"ĠOn Ġtape , ĠMr ĠLiving stone , Ġwho Ġonce Ġworked Ġas Ġa Ġfreelance Ġrestaurant Ġcritic Ġon Ġthe Ġpaper , Ġis Ġheard Ġasking Ġreporter ĠOliver ĠFine gold Ġif Ġhe Ġis Ġa Ġ"" German Ġwar Ġcriminal "".",O O O O B-POLITICIAN I-POLITICIAN O O O O O O O O O O O O O O O O O B-AUTHOR-WRITER I-AUTHOR-WRITER I-AUTHOR-WRITER O O O O O O O O O,critic
ĠIt Ġhas Ġthe Ġpower Ġto Ġsuspend Ġor Ġbar ĠMr ĠLiving stone Ġfrom Ġpublic Ġoffice .,O O O O O O O O O B-POLITICIAN I-POLITICIAN O O O O,NONE
ĠMoreno Ġis Ġalso Ġnominated Ġfor Ġbest Ġactress Ġat Ġthe ĠOscars .,B-ACTOR-DIRECTOR O O O O O O O O O O,NONE
ĠActor ĠRodrigo Ġde Ġla ĠS ern a Ġtook Ġthe Ġbest Ġdebut Ġperformance Ġprize Ġfor ĠThe ĠMotor cycle ĠDi aries .,O B-ACTOR-DIRECTOR I-ACTOR-DIRECTOR I-ACTOR-DIRECTOR I-ACTOR-DIRECTOR I-ACTOR-DIRECTOR I-ACTOR-DIRECTOR O O O O O O O O O O O O O,NONE
"ĠLast Ġyear 's Ġbig Ġwinner , ĠLost ĠIn ĠTranslation , Ġwent Ġon Ġto Ġwin Ġthe ĠOscar Ġfor Ġbest Ġoriginal Ġscreenplay , Ġfor Ġwriter - director ĠSof ia ĠCo pp ola .",O O O O O O O O O O O O O O O O O O O O O O O O O B-ACTOR-DIRECTOR I-ACTOR-DIRECTOR I-ACTOR-DIRECTOR I-ACTOR-DIRECTOR I-ACTOR-DIRECTOR O,writer
"ĠQueen Ġof Ġthe ĠSky , Ġotherwise Ġknown Ġas ĠEllen ĠSimon etti , Ġevolved Ġinto Ġan Ġanonymous Ġsemi - f ictional Ġaccount Ġof Ġlife Ġin Ġthe Ġsky .",O O O O O O O O B-AUTHOR-WRITER I-AUTHOR-WRITER I-AUTHOR-WRITER O O O O O O O O O O O O O O O O,NONE
ĠMs ĠSimon etti Ġstarted Ġher Ġpersonal Ġblog Ġin ĠJanuary Ġto Ġhelp Ġher Ġget Ġover Ġher Ġmother 's Ġdeath .,O B-AUTHOR-WRITER I-AUTHOR-WRITER O O O O O O O O O O O O O O O O,NONE
Ġ Ċ Ċ Susan ĠChe p ke me i Ġhas Ġdecided Ġshe Ġis Ġfit Ġenough Ġto Ġrun Ġin Ġnext Ġmonth 's ĠGreat ĠEdinburgh ĠInternational ĠCross ĠCountry .,O O O B-ATHLETE I-ATHLETE I-ATHLETE I-ATHLETE I-ATHLETE I-ATHLETE O O O O O O O O O O O O O O O O O O,NONE
ĠForeign ĠSecretary ĠJack ĠStraw Ġis Ġto Ġvisit ĠThailand Ġand ĠIndonesia Ġthis Ġweek .,O O B-POLITICIAN I-POLITICIAN O O O O O O O O O,NONE
"ĠInternational ĠDevelopment ĠSecretary ĠHil ary ĠBenn Ġwill Ġalso Ġvisit ĠAce h Ġin ĠIndonesia , Ġas Ġwell Ġas ĠSri ĠLanka .",O O O B-POLITICIAN I-POLITICIAN I-POLITICIAN O O O O O O O O O O O O O O,NONE
ĠMr ĠHoward Ġis Ġexpected Ġto Ġtell Ġactivists Ġin ĠKent Ġthat Ġvoters ' Ġtolerance Ġand Ġdesire Ġto Ġhelp Ġothers Ġare Ġbeing Ġabused .,O B-POLITICIAN O O O O O O O O O O O O O O O O O O O O,NONE
"Ġ Ċ Ċ Mr ĠHoward Ġsaid ĠBritain Ġshould Ġtake Ġits Ġfair Ġshare Ġof Ġthe Ġworld 's Ġ"" gen uine Ġrefugees "".",O O O O B-POLITICIAN O O O O O O O O O O O O O O O O,NONE
"Ġ Ċ Ċ """,O O O O,NONE
"ĠOn ĠMonday , ĠMr ĠHoward Ġsaid : Ġ"" It 's Ġnot Ġracist , Ġas Ġsome Ġpeople Ġto Ġclaim , Ġto Ġtalk Ġabout Ġcontrolling Ġimmigration Ġfar Ġfrom Ġit .""",O O O O B-POLITICIAN O O O O O O O O O O O O O O O O O O O O O O O,NONE
ĠRobinson Ġmay Ġeven Ġhave Ġto Ġapologise Ġfor Ġhis Ġcomments Ġin Ġorder Ġto Ġavoid Ġsanction Ġfrom Ġthe ĠInternational ĠRugby ĠBoard .,B-ATHLETE O O O O O O O O O O O O O O O O O O O,NONE
ĠElvis Ġfans Ġhold Ġbirthday Ġbash,B-MUSICIAN O O O O,NONE
"ĠBased Ġon Ġthe Ġcult Ġchildren 's Ġbooks Ġby Ġauthor ĠDaniel ĠHandler , Ġthe Ġfilm Ġfollows Ġthree Ġchildren Ġwho Ġare Ġorphan ed Ġwhen Ġtheir Ġparents Ġdie Ġin Ġa Ġfire .",O O O O O O O O O B-AUTHOR-WRITER I-AUTHOR-WRITER O O O O O O O O O O O O O O O O O O,author
"ĠIr fan ĠHan if , Ġa Ġ25 - year - old Ġdoctor Ġfrom ĠBolton , Ġmade Ġa Ġgood Ġimpression , Ġeven Ġif Ġhe Ġwas Ġa Ġlittle Ġthrown Ġby ĠMr ĠMac K enzie 's Ġsuggestion Ġthat Ġinstead Ġof Ġbeing Ġtreated Ġby Ġthe ĠNHS , Ġyoung Ġdr unks Ġshould Ġ"" given Ġa Ġgood Ġbeating "" Ġand Ġleft Ġto Ġdie .",B-PUBLIC-FIGURE I-PUBLIC-FIGURE I-PUBLIC-FIGURE I-PUBLIC-FIGURE O O O O O O O O O O O O O O O O O O O O O O O O O B-PUBLIC-FIGURE I-PUBLIC-FIGURE I-PUBLIC-FIGURE O O O O O O O O O O O O O O O O O O O O O O O O O O,NONE
ĠKen yon Ġdenies ĠRob ben ĠBar ca Ġreturn,B-BUSINESS-EXECUTIVE-MANAGER I-BUSINESS-EXECUTIVE-MANAGER O B-ATHLETE I-ATHLETE O O O,NONE
"ĠJem ima ĠKhan Ġreportedly Ġleft Ġher ĠiPod , Ġphone Ġand Ġpurse Ġin Ġa Ġcab Ġand Ġasked Ġfor Ġthem Ġto Ġbe Ġreturned Ġto Ġher Ġfriend Ġwho Ġturned Ġout Ġto Ġbe ĠHugh ĠGrant .",B-PUBLIC-FIGURE I-PUBLIC-FIGURE I-PUBLIC-FIGURE O O O O O O O O O O O O O O O O O O O O O O O O O O B-ACTOR-DIRECTOR I-ACTOR-DIRECTOR O,NONE
"ĠThe ĠColombian - born Ġactress Ġwas Ġthe Ġfinal Ġhope Ġfor Ġdirector ĠJoshua ĠMar ston , Ġwho Ġsc oured Ġthe ĠUS Ġand ĠColombia Ġfor Ġa Ġlead Ġfor ĠMaria ĠFull Ġof ĠGrace .",O O O O O O O O O O O B-ACTOR-DIRECTOR I-ACTOR-DIRECTOR I-ACTOR-DIRECTOR O O O O O O O O O O O O O O O O O,NONE
ĠSand ino ĠMoreno Ġis Ġnow Ġbeing Ġregarded Ġas Ġone Ġof Ġthe Ġmost Ġpromising Ġactresses Ġaround Ġat Ġthe Ġmoment .,B-ACTOR-DIRECTOR I-ACTOR-DIRECTOR I-ACTOR-DIRECTOR O O O O O O O O O O O O O O O O,NONE
"ĠThese Ġrumours Ġwere Ġfuelled Ġby ĠMr ĠBlair 's Ġdecision Ġto Ġhold Ġhis Ġmonthly Ġmedia Ġconference Ġat Ġthe Ġsame Ġtime Ġas Ġa Ġlong - planned Ġspeech Ġby ĠMr ĠBrown Ġon ĠUK Ġplans Ġto Ġtackle Ġglobal Ġpoverty Ġwith Ġa Ġnew Ġ"" Marsh all ĠPlan "" Ġfor ĠAfrica .",O O O O O O B-POLITICIAN O O O O O O O O O O O O O O O O O O O O B-POLITICIAN O O O O O O O O O O O O O O O O O O,NONE
ĠCl ij sters Ġhope Ġon ĠA ussie ĠOpen,B-ATHLETE I-ATHLETE I-ATHLETE O O O O O,NONE
ĠEnd ĠBush Ġ' den ial ' ĠBlair Ġtells ĠEU,O B-POLITICIAN O O O O B-POLITICIAN O O,NONE
"ĠMr ĠBlair Ġis Ġat Ġa Ġsummit Ġin ĠBrussels , Ġwhere ĠIraq Ġand ĠEuropean Ġjustice Ġand Ġimmigration Ġplans Ġare Ġon Ġthe Ġagenda .",O B-POLITICIAN O O O O O O O O O O O O O O O O O O O O,NONE
ĠMr ĠBlair Ġhas Ġprobably Ġbeen Ġcloser Ġto ĠPresident ĠBush Ġthan Ġany Ġother ĠEuropean Ġleader .,O B-POLITICIAN O O O O O O B-POLITICIAN O O O O O O,NONE
"Ġ"" The Ġfact Ġis Ġthat ĠPresident ĠBush Ġis Ġthere Ġfor Ġfour Ġyears .",O O O O O O B-POLITICIAN O O O O O O,NONE
ĠHis Ġwords Ġabout ĠPresident ĠBush Ġmet Ġa Ġcool Ġreception Ġfrom ĠJacques ĠCh ir ac .,O O O O B-POLITICIAN O O O O O B-POLITICIAN I-POLITICIAN I-POLITICIAN I-POLITICIAN O,NONE
ĠDollar Ġgains Ġon ĠGreens pan Ġspeech,O O O B-POLITICIAN I-POLITICIAN O,NONE
"ĠThe Ġstrategist Ġhelped ĠAustralia 's ĠPM , ĠJohn ĠHoward , Ġwin Ġfour Ġelections .",O O O O O O O B-POLITICIAN I-POLITICIAN O O O O O,NONE
"ĠF ergus ĠCrane Ġincludes Ġtext Ġby ĠStewart Ġand Ġillustrations Ġby ĠR idd ell , Ġwho Ġalso Ġcreated ĠThe ĠEdge ĠChronicles Ġtogether .",B-AUTHOR-WRITER I-AUTHOR-WRITER I-AUTHOR-WRITER O O O B-AUTHOR-WRITER O O O B-AUTHOR-WRITER I-AUTHOR-WRITER I-AUTHOR-WRITER O O O O O O O O O,NONE
"ĠPrevious Ġwinners Ġhave Ġincluded ĠJ K ĠRowling , ĠJacqu eline ĠWilson Ġand ĠDick ĠKing - Smith .",O O O O B-AUTHOR-WRITER I-AUTHOR-WRITER I-AUTHOR-WRITER O B-AUTHOR-WRITER I-AUTHOR-WRITER I-AUTHOR-WRITER O B-AUTHOR-WRITER I-AUTHOR-WRITER I-AUTHOR-WRITER I-AUTHOR-WRITER O,NONE
ĠStern Ġrecently Ġannounced Ġhe Ġwas Ġleaving ĠV iac om Ġwhile Ġthe Ġtwo ĠDJs Ġwere Ġsacked Ġafter Ġtheir Ġshow Ġfeatured Ġa Ġcouple Ġpur porting Ġto Ġhave Ġsex Ġin Ġa Ġchurch .,B-PUBLIC-FIGURE O O O O O O O O O O O O O O O O O O O O O O O O O O O O O,NONE
ĠHoward Ġreb uts Ġasylum Ġcriticisms,B-POLITICIAN O O O O,NONE
"ĠTV Ġpresenter ĠAnne ĠRobinson Ġsaid Ġas Ġhome Ġsecretary Ġhe Ġgave Ġthe Ġimpression Ġhe Ġwould Ġ"" like Ġto Ġkick Ġyour Ġcat "".",O O B-ACTOR-DIRECTOR I-ACTOR-DIRECTOR O O O O O O O O O O O O O O O O O,presenter
"ĠOliver ĠStone 's Ġbig - budget Ġepic ĠAlexander , Ġstarring ĠColin ĠFarrell , Ġfollowed Ġlast Ġweek 's Ġdisappointing Ġsixth - place Ġopening Ġwith Ġa Ġslump Ġto Ġseventh Ġplace Ġand Ġt akings Ġof Ġ$ 4 . 7 m Ġ(Â£ 2 . 4 m ).",B-ACTOR-DIRECTOR I-ACTOR-DIRECTOR O O O O O O O O B-ACTOR-DIRECTOR I-ACTOR-DIRECTOR O O O O O O O O O O O O O O O O O O O O O O O O O O O O O O O,NONE
"ĠIt Ġis ĠCage 's Ġfourth Ġcollaboration Ġwith ĠJerry ĠBru ck heimer , Ġwho Ġis Ġusually Ġnoted Ġfor Ġhis Ġmale - orient ated Ġaction Ġfilms .",O O B-ACTOR-DIRECTOR O O O O B-BUSINESS-EXECUTIVE-MANAGER I-BUSINESS-EXECUTIVE-MANAGER I-BUSINESS-EXECUTIVE-MANAGER I-BUSINESS-EXECUTIVE-MANAGER O O O O O O O O O O O O O O,NONE
ĠCatholics Ġhave Ġurged ĠMr ĠPand e Ġto Ġwithdraw Ġthe Ġfilm Ġto Ġshow Ġrespect Ġto Ġthe ĠChristian Ġcommunity 's Ġhurt Ġsentiments .,O O O O B-PUBLIC-FIGURE I-PUBLIC-FIGURE O O O O O O O O O O O O O O O,NONE
"ĠThe ĠHigher ĠEducation ĠMinister , ĠKim ĠHow ells , Ġsaid : Ġ"" We Ġare Ġworking Ġin Ġschools Ġto Ġraise Ġthe Ġattainment Ġand Ġaspiration Ġof Ġyoung Ġpeople Ġin Ġdisadvantaged Ġareas .""",O O O O O B-POLITICIAN I-POLITICIAN I-POLITICIAN O O O O O O O O O O O O O O O O O O O O O O,NONE
ĠNo Ġcharges Ġagainst ĠTV 's ĠCosby Ċ Ċ US Ġcomedian ĠBill ĠCosby Ġwill Ġnot Ġface Ġcharges Ġstemming Ġfrom Ġan Ġallegation Ġof Ġsexual Ġmisconduct .,O O O O O B-ACTOR-DIRECTOR O O O O B-ACTOR-DIRECTOR I-ACTOR-DIRECTOR O O O O O O O O O O O O,NONE
ĠCosby Ġemerged Ġas Ġone Ġof Ġthe Ġfirst Ġblack Ġcomics Ġto Ġhave Ġmainstream Ġsuccess Ġin Ġthe ĠUS .,B-ACTOR-DIRECTOR O O O O O O O O O O O O O O O O,NONE
"ĠRed kn app , Ġ57 , Ġquit Ġhis ĠFr atton ĠPark Ġposition Ġon Ġ24 ĠNovember Ġand Ġvowed : Ġ"" I Ġwill Ġnot Ġgo Ġdown Ġthe Ġroad Ġ- Ġno Ġchance .""",B-ATHLETE I-ATHLETE I-ATHLETE O O O O O O O O O O O O O O O O O O O O O O O O O O O,NONE
"ĠStephen ĠDouglas , Ġ26 , Ġfrom ĠWales , Ġsaid Ġafter Ġthe ĠPM 's Ġspeech Ġon ĠSunday : Ġ"" I Ġthink Ġit Ġwas Ġa Ġbit Ġof Ġa Ġturning Ġpoint , Ġgiven Ġthe Ġro asting Ġhe Ġhas Ġhad Ġon Ġsome Ġissues .",B-PUBLIC-FIGURE I-PUBLIC-FIGURE O O O O O O O O O O O O O O O O O O O O O O O O O O O O O O O O O O O O O O,NONE
"ĠA Ġgroup Ġof Ġshop Ġstewards Ġfrom Ġthe ĠSwan ĠHunter Ġship yard , Ġwho Ġsaid Ġthey Ġwere Ġfacing Ġredundancy , Ġcould Ġbarely Ġsuppress Ġtheir Ġanger Ġat ĠMr ĠBlair 's Ġfailure Ġto , Ġas Ġthey Ġsaw Ġit , Ġshake Ġoff Ġhis ĠTory Ġlean ings Ġand Ġstand Ġup Ġfor Ġmanufacturing Ġin Ġthe ĠNorth ĠEast .",O O O O O O O O O O O O O O O O O O O O O O O O O O B-POLITICIAN O O O O O O O O O O O O O O O O O O O O O O O O O,NONE
"ĠPrime ĠMinister ĠTony ĠBlair Ġcalled Ġhim Ġa Ġ"" g iant "" Ġof Ġthe ĠLabour Ġmovement .",O O B-POLITICIAN I-POLITICIAN O O O O O O O O O O O O,NONE
"ĠChancellor ĠGordon ĠBrown Ġsaid Ġthe Ġformer ĠPM Ġwould Ġbe Ġ"" m ourn ed Ġthroughout Ġthe Ġworld "".",O B-POLITICIAN I-POLITICIAN O O O O O O O O O O O O O O,NONE
"ĠBorn Ġin Ġ1912 Ġand Ġeducated Ġat ĠPortsmouth ĠNorthern ĠSecondary ĠSchool , ĠLord ĠCall aghan Ġbecame Ġa Ġclerk Ġat Ġthe ĠIn land ĠRevenue .",O O O O O O O O O O O B-POLITICIAN I-POLITICIAN I-POLITICIAN O O O O O O O O O,NONE
"Ġ"" I Ġam Ġvery Ġhappy Ġto Ġsee Ġyou Ġall , Ġmembers Ġof Ġthe Ġathletics Ġfamily , Ġrespond Ġpositively Ġto Ġthe ĠI AAF Ġcall Ġto Ġsit Ġtogether Ġand Ġdiscuss Ġwhat Ġmore Ġwe Ġcan Ġdo Ġin Ġthe Ġfight Ġagainst Ġdoping ,"" Ġsaid ĠDi ack .",O O O O O O O O O O O O O O O O O O O O O O O O O O O O O O O O O O O O O O O O B-PUBLIC-FIGURE I-PUBLIC-FIGURE O,NONE
"Ġ"" We Ġare Ġconfident Ġthat Ġin Ġthis Ġcase , Ġ[ the Ġalleged Ġvictim 's ] Ġclaims Ġagainst ĠSno op ĠDog g Ġwill Ġbe Ġrejected .""",O O O O O O O O O O O O O O O O O B-MUSICIAN I-MUSICIAN I-MUSICIAN I-MUSICIAN O O O O,NONE
"ĠThe Ġlawsuit Ġnames ĠSno op ĠDog g Ġ- Ġreal Ġname ĠCalvin ĠBroad us Ġ- Ġplus Ġthree Ġassociates , ĠThe ĠWalt ĠDisney ĠCompany Ġand Ġits Ġparent Ġcompany ĠABC ĠInc .",O O O B-MUSICIAN I-MUSICIAN I-MUSICIAN I-MUSICIAN O O O B-MUSICIAN I-MUSICIAN I-MUSICIAN O O O O O O O O O O O O O O O O,NONE
ĠProfile : ĠDavid ĠBl unk ett,O O B-POLITICIAN I-POLITICIAN I-POLITICIAN I-POLITICIAN,NONE
"ĠMr ĠBl unk ett 's Ġown Ġcomments Ġon Ġimmigration Ġhad Ġprompted Ġcens ure Ġ- Ġhe Ġtold Ġrefugees Ġfrom ĠAfghanistan Ġand ĠKosovo Ġto Ġ"" get Ġback Ġhome "" Ġto Ġstart Ġrebuilding Ġtheir Ġcountries .",O B-POLITICIAN I-POLITICIAN I-POLITICIAN O O O O O O O O O O O O O O O O O O O O O O O O O O O O O,NONE
"ĠMr ĠBl unk ett Ġentered ĠParliament Ġfor ĠSheffield ĠBright side Ġin Ġ1987 , Ġafter Ġfirst Ġcontest ing Ġthe ĠSheffield ĠHall am Ġseat Ġin Ġ1974 .",O B-POLITICIAN I-POLITICIAN I-POLITICIAN O O O O O O O O O O O O O O O O O O O O O,NONE
"Ġ"" I 'd Ġalso Ġlike Ġto Ġtake Ġthe Ġchance Ġto Ġsay Ġthat Ġtomorrow 's Ġgame Ġwill Ġtake Ġplace ,"" ĠBut r agu eno Ġdeclared Ġof Ġthe Ġ"" Part ido Ġcontra Ġla ĠP ob re za "" Ġ( Game ĠAgainst ĠPoverty ).",O O O O O O O O O O O O O O O O O O O B-BUSINESS-EXECUTIVE-MANAGER I-BUSINESS-EXECUTIVE-MANAGER I-BUSINESS-EXECUTIVE-MANAGER I-BUSINESS-EXECUTIVE-MANAGER O O O O O O O O O O O O O O O O O O,NONE
"ĠMr ĠK hod ork ovsky Ġis Ġnow Ġin Ġjail , Ġon Ġseparate Ġfraud Ġcharges .",O B-BUSINESS-EXECUTIVE-MANAGER I-BUSINESS-EXECUTIVE-MANAGER I-BUSINESS-EXECUTIVE-MANAGER I-BUSINESS-EXECUTIVE-MANAGER O O O O O O O O O O,NONE
"ĠMary ĠO ' Malley , Ġthe Ġfounder Ġof Ġthe Ġtheatre , Ġgave Ġme Ġmy Ġfuture .",B-BUSINESS-EXECUTIVE-MANAGER I-BUSINESS-EXECUTIVE-MANAGER I-BUSINESS-EXECUTIVE-MANAGER I-BUSINESS-EXECUTIVE-MANAGER O O O O O O O O O O O O,founder
ĠN ees on Ġused Ġto Ġlisten Ġto Ġhis Ġser mons Ġon Ġa ĠFriday Ġnight Ġin ĠB ally men a .,B-ACTOR-DIRECTOR I-ACTOR-DIRECTOR I-ACTOR-DIRECTOR O O O O O O O O O O O O O O O O O,NONE
ĠBrown Ġand ĠBlair Ġface Ġnew Ġrift Ġclaims,B-POLITICIAN O B-POLITICIAN O O O O,NONE
ĠIt Ġis Ġno Ġwonder Ġthat ĠSir ĠClive ĠWoodward Ġhas Ġelevated Ġthe ĠGal way - based Ġcoach Ġto Ġhead Ġthe ĠLions ĠTest Ġside .,O O O O O O B-ATHLETE I-ATHLETE O O O O O O O O O O O O O O O,NONE
"ĠMr ĠK hod ork ovsky , Ġwho Ġhad Ġfunded Ġliberal Ġopposition Ġgroups , Ġwas Ġarrested Ġin ĠOctober Ġlast Ġyear Ġon Ġfraud Ġand Ġtax Ġevasion Ġcharges Ġand Ġis Ġstill Ġin Ġjail",O B-BUSINESS-EXECUTIVE-MANAGER I-BUSINESS-EXECUTIVE-MANAGER I-BUSINESS-EXECUTIVE-MANAGER I-BUSINESS-EXECUTIVE-MANAGER O O O O O O O O O O O O O O O O O O O O O O O O O,NONE
"ĠSince Ġ2002 , ĠMs ĠTan Ġhas Ġbeen Ġmanaging Ġdirector Ġand Ġchief Ġexecutive Ġof ĠMetro j aya , Ġone Ġof Ġthe Ġlargest Ġretail Ġgroups Ġin ĠMalaysia .",O O O O B-BUSINESS-EXECUTIVE-MANAGER O O O O O O O O O O O O O O O O O O O O O,chief executive
"ĠMr ĠJohnson Ġallegedly Ġapproached ĠDr ĠDre , Ġwho Ġwas Ġseated Ġat Ġa Ġtable Ġin Ġfront Ġof Ġthe Ġstage , Ġand Ġappeared Ġto Ġask Ġfor Ġan Ġaut ograph Ġbefore Ġpunching Ġhim .",O B-PUBLIC-FIGURE O O B-MUSICIAN I-MUSICIAN O O O O O O O O O O O O O O O O O O O O O O O O O,NONE
ĠIt 's Ġsuccess Ġcontinues Ġa Ġstrong Ġtrend Ġof ĠHoll wood Ġmovie - going Ġthis Ġyear Ġwith Ġfigures Ġfor Ġthe Ġpopular ĠPresident 's ĠDay Ġweekend Ġ13 % Ġgreater Ġthan Ġlast Ġyear .,O O O O O O O O O O O O O O O O O O O O O O O O O O O O O O O,NONE
"ĠTheresa ĠMay , Ġshadow Ġsecretary Ġfor Ġthe Ġfamily , Ġtold ĠBBC ĠRadio Ġ4 's ĠToday Ġprogramme Ġthat Ġthe Ġgovernment 's Ġplans Ġwere Ġ"" in adequ ate "" Ġand Ġwere Ġ"" p ap ering Ġover Ġthe Ġcracks Ġof Ġthe Ġcurrent Ġsystem "".",B-POLITICIAN I-POLITICIAN O O O O O O O O O O O O O O O O O O O O O O O O O O O O O O O O O O O O O O O,NONE
"ĠFather - of - two ĠMr ĠMous a , Ġ28 , Ġa Ġhotel Ġreception ist , Ġwas Ġarrested Ġwith Ġeight Ġmen Ġseized Ġat Ġa Ġhotel Ġin ĠBas ra Ġin ĠSeptember Ġ2003 .",O O O O O O B-PUBLIC-FIGURE I-PUBLIC-FIGURE O O O O O O O O O O O O O O O O O O O O O O O O,NONE
ĠClarke Ġto Ġunveil Ġimmigration Ġplan,B-POLITICIAN O O O O,NONE
ĠHome ĠSecretary ĠCharles ĠClarke Ġwants Ġto Ġintroduce Ġa Ġpoints Ġsystem Ġfor Ġeconomic Ġmigrants Ġand Ġincrease Ġdeport ations Ġof Ġfailed Ġasylum Ġseekers .,O O B-POLITICIAN I-POLITICIAN O O O O O O O O O O O O O O O O O O,NONE
ĠSchr ader Ġwas Ġreplaced Ġby Ġdirector ĠR enny ĠHar lin Ġwho Ġmade Ġa Ġnew Ġversion Ġof Ġthe Ġfilm Ġwhich Ġdebuted Ġin Ġ2004 .,B-ACTOR-DIRECTOR I-ACTOR-DIRECTOR O O O O B-ACTOR-DIRECTOR I-ACTOR-DIRECTOR I-ACTOR-DIRECTOR I-ACTOR-DIRECTOR O O O O O O O O O O O O O,NONE
"ĠThe Ġpre quel Ġproject Ġwas Ġoriginally Ġannounced Ġin Ġ2001 , Ġwith Ġactor ĠLiam ĠN ees on Ġin Ġthe Ġlead Ġrole Ġand ĠJohn ĠFranken heimer Ġas Ġdirector .",O O O O O O O O O O O O B-ACTOR-DIRECTOR I-ACTOR-DIRECTOR I-ACTOR-DIRECTOR I-ACTOR-DIRECTOR O O O O O B-ACTOR-DIRECTOR I-ACTOR-DIRECTOR I-ACTOR-DIRECTOR O O O,NONE
ĠO ' Connell Ġ- Ġsk ipper Ġin Ġthe Ġabsence Ġof ĠBrian ĠO ' Dr isc oll Ġ- Ġpowered Ġthrough ĠParks ' Ġweak Ġtackle Ġafter Ġa Ġfree - kick Ġfrom Ġa Ġscr umm age Ġto Ġbur row Ġover .,B-ATHLETE I-ATHLETE I-ATHLETE O O O O O O O B-ATHLETE I-ATHLETE I-ATHLETE I-ATHLETE I-ATHLETE I-ATHLETE O O O B-ATHLETE O O O O O O O O O O O O O O O O O O,NONE
"ĠIn Ġthe ĠUkraine Ġearlier Ġthis Ġyear , ĠMr ĠSoros Ġ- Ġwho Ġtook Ġon Ġthe ĠBank Ġof ĠEngland Ġin Ġthe Ġ1990 s Ġ- Ġand Ġwon , Ġwas Ġpel ted Ġby Ġprotestors .",O O O O O O O O B-BUSINESS-EXECUTIVE-MANAGER O O O O O O O O O O O O O O O O O O O O O O,NONE
"Ġ"" I Ġdon 't Ġbelieve Ġin Ġvind ict iveness , ĠI Ġdon 't Ġthink Ġthat Ġhas Ġany Ġplace Ġin Ġpolitics , Ġunlike Ġthe Ġprime Ġminister Ġand ĠAl ast air ĠCampbell .""",O O O O O O O O O O O O O O O O O O O O O O O O O O B-POLITICIAN I-POLITICIAN I-POLITICIAN I-POLITICIAN O,NONE
"ĠF ears Ġraised Ġover Ġballet Ġfuture Ċ Ċ Few er Ġchildren Ġin Ġthe ĠUK Ġare Ġfollowing Ġin Ġthe Ġd ain ty Ġfootsteps Ġof Ġdancers Ġlike ĠDar ce y ĠBus sell , Ġand Ġcarving Ġout Ġpotential Ġcareers Ġas Ġballet Ġdancers .",O O O O O O O O O O O O O O O O O O O O O O O O O B-PUBLIC-FIGURE I-PUBLIC-FIGURE I-PUBLIC-FIGURE I-PUBLIC-FIGURE I-PUBLIC-FIGURE O O O O O O O O O O,NONE
"ĠMr ĠAbbas i , Ġ23 , Ġfrom ĠC roy don , Ġsouth ĠLondon , Ġwas Ġtaken Ġto ĠGuantanamo ĠBay Ġafter Ġbeing Ġcaptured Ġin ĠAfghanistan Ġin Ġ2001 .",O B-PUBLIC-FIGURE I-PUBLIC-FIGURE O O O O O O O O O O O O O O O O O O O O O O O O,NONE
ĠJack ĠCunningham Ġto Ġstand Ġdown,B-POLITICIAN I-POLITICIAN O O O,NONE
ĠSinger ĠFerguson Ġ' facing Ġeviction ' Ċ Ċ Three ĠDeg rees Ġstar ĠSheila ĠFerguson Ġis Ġthe Ġfavourite Ġto Ġbe Ġev icted Ġfrom ĠITV 's ĠI 'm ĠA ĠCelebrity ... ĠGet ĠMe ĠOut ĠOf ĠHere Ġon ĠMonday .,O B-MUSICIAN O O O O O O O O O O B-MUSICIAN I-MUSICIAN O O O O O O O O O O O O O O O O O O O O O O O,NONE
ĠComic ĠJoe ĠPas qu ale Ġremains Ġodds Ġon Ġfavourite Ġto Ġwin Ġthe Ġreality Ġshow .,O B-ACTOR-DIRECTOR I-ACTOR-DIRECTOR I-ACTOR-DIRECTOR I-ACTOR-DIRECTOR O O O O O O O O O O,NONE
ĠMr ĠG op in ath Ġsaid Ġthe Ġplanes Ġwill Ġconnect Ġregional ĠIndian Ġcities .,O B-BUSINESS-EXECUTIVE-MANAGER I-BUSINESS-EXECUTIVE-MANAGER I-BUSINESS-EXECUTIVE-MANAGER I-BUSINESS-EXECUTIVE-MANAGER O O O O O O O O O,NONE
"ĠDirect ed Ġby ĠAnd rey ĠZ vy ag int se v , ĠThe ĠReturn Ġpreviously Ġwon Ġthe Ġ2003 ĠGolden ĠLion Ġaward Ġat Ġthe ĠVenice ĠFilm ĠFestival .",O O O B-ACTOR-DIRECTOR I-ACTOR-DIRECTOR I-ACTOR-DIRECTOR I-ACTOR-DIRECTOR I-ACTOR-DIRECTOR I-ACTOR-DIRECTOR I-ACTOR-DIRECTOR I-ACTOR-DIRECTOR O O O O O O O O O O O O O O O O,NONE
ĠBlair 's Ġhope Ġfor ĠBl unk ett Ġreturn,B-POLITICIAN O O O B-POLITICIAN I-POLITICIAN I-POLITICIAN O,NONE
ĠRad cliffe Ġeyes Ġhard Ġline Ġon Ġdrugs Ċ Ċ Paul a ĠRad cliffe Ġhas Ġcalled Ġfor Ġall Ġathletes Ġfound Ġguilty Ġon Ġdrugs Ġcharges Ġto Ġbe Ġtreated Ġas Ġcriminals .,B-ATHLETE I-ATHLETE O O O O O O O B-ATHLETE I-ATHLETE I-ATHLETE I-ATHLETE O O O O O O O O O O O O O O O O,NONE
ĠRad cliffe 's Ġcomments Ġcome Ġat Ġa Ġtime Ġwhen Ġseveral ĠAmerican Ġsports Ġstars Ġare Ġunder Ġsuspicion Ġof Ġsteroid Ġuse .,B-ATHLETE I-ATHLETE O O O O O O O O O O O O O O O O O O,NONE
ĠJ oss ĠStone Ġis Ġa Ġsoul Ġartist .,B-MUSICIAN I-MUSICIAN I-MUSICIAN O O O O O,NONE
"ĠI Ġlove ĠJ oss Ġto Ġbits Ġand Ġdon 't Ġcare Ġwhat Ġher Ġbranding Ġis Ġ- Ġit 's Ġamazing Ġmusic , Ġfull Ġstop .",O O B-MUSICIAN I-MUSICIAN O O O O O O O O O O O O O O O O O O O,NONE
"ĠJ oss ĠStone Ġis Ġsimply Ġsinging Ġa Ġcertain Ġtype Ġof Ġmusic Ġthat Ġcan Ġbe Ġconsidered Ġurban Ġin Ġstyle , Ġjust Ġas Ġsomeone Ġfrom Ġan Ġinner Ġcity , Ġand Ġindeed Ġnot Ġfrom Ġthe ĠUSA Ġcould Ġsing Ġcountry Ġmusic .",B-MUSICIAN I-MUSICIAN I-MUSICIAN O O O O O O O O O O O O O O O O O O O O O O O O O O O O O O O O O O O,NONE
"ĠDirect ed Ġby ĠAnt oine ĠFu qua , Ġthe Ġfilm Ġwas Ġpoorly Ġreceived Ġby Ġcritics Ġand Ġdid Ġnot Ġperform Ġstrongly Ġat Ġthe Ġbox Ġoffice .",O O O B-ACTOR-DIRECTOR I-ACTOR-DIRECTOR I-ACTOR-DIRECTOR I-ACTOR-DIRECTOR O O O O O O O O O O O O O O O O O O,NONE
"ĠMichael ĠHoward Ġhas Ġno Ġdoubt Ġit Ġis Ġthe Ġprime Ġminister Ġwho , Ġhe Ġclaims , Ġis Ġ"" ram ming "" Ġthrough ĠParliament Ġthe Ġcontroversial Ġnew Ġanti - terror Ġmeasures Ġwithout Ġproper Ġdebate .",B-POLITICIAN I-POLITICIAN O O O O O O O O O O O O O O O O O O O O O O O O O O O O O O O,NONE
"ĠIn Ġa Ġstatement Ġrecorded Ġfor Ġtelevision , ĠMr ĠBlair Ġsaid Ġthe Ġfamilies Ġdeserved Ġ"" to Ġbe Ġcompletely Ġand Ġpublicly Ġexoner ated "".",O O O O O O O O B-POLITICIAN O O O O O O O O O O O O O,NONE
"Ġ"" Tony ĠBlair Ġhas Ġhealed Ġr ifts , Ġhe Ġis Ġhelping Ġto Ġheal Ġwounds .",O B-POLITICIAN I-POLITICIAN O O O O O O O O O O O O,NONE
ĠJudge ĠCharles ĠHarris ĠQC Ġmade Ġhis Ġremarks Ġas Ġhe Ġsentenced Ġthree Ġmen Ġfor Ġassaults Ġcarried Ġout Ġwhile Ġdrunk Ġand Ġhigh Ġon Ġdrugs Ġafter Ġa Ġnight Ġout .,O B-PUBLIC-FIGURE I-PUBLIC-FIGURE I-PUBLIC-FIGURE O O O O O O O O O O O O O O O O O O O O O O O,judge
"ĠAccording Ġto Ġpundits , Ġthe Ġfilm Ġhas Ġovert aken Ġprevious Ġfavourite ĠThe ĠAv iator , Ġwith ĠEast wood Ġalso Ġtipped Ġto Ġtake Ġthe Ġbest Ġdirector Ġaward .",O O O O O O O O O O O O O O O O B-ACTOR-DIRECTOR I-ACTOR-DIRECTOR O O O O O O O O O,NONE
"ĠThe ĠAv iator Ġhas Ġscored Ġa Ġbest Ġdirector Ġnomination Ġfor ĠMartin ĠSc ors ese , Ġwho Ġhas Ġnever Ġwon Ġan ĠOscar , Ġwhile Ġstars ĠLeonardo ĠDi Cap rio Ġand ĠC ate ĠBl anche tt Ġare Ġboth Ġnominated Ġfor Ġacting ĠOscars .",O O O O O O O O O O B-ACTOR-DIRECTOR I-ACTOR-DIRECTOR I-ACTOR-DIRECTOR I-ACTOR-DIRECTOR O O O O O O O O O O B-ACTOR-DIRECTOR I-ACTOR-DIRECTOR I-ACTOR-DIRECTOR I-ACTOR-DIRECTOR O B-ACTOR-DIRECTOR I-ACTOR-DIRECTOR I-ACTOR-DIRECTOR I-ACTOR-DIRECTOR I-ACTOR-DIRECTOR O O O O O O O,NONE
ĠHil ary ĠSw ank Ġis Ġthe Ġfavourite Ġto Ġwin Ġbest Ġactress Ġfor Ġthe Ġsecond Ġtime Ġin Ġsix Ġyears .,B-ACTOR-DIRECTOR I-ACTOR-DIRECTOR I-ACTOR-DIRECTOR I-ACTOR-DIRECTOR O O O O O O O O O O O O O O O,NONE
ĠTony ĠBlair Ġhas Ġsaid ĠConservative Ġpolicies Ġwould Ġcause Ġeconomic Ġfailure .,B-POLITICIAN I-POLITICIAN O O O O O O O O O,NONE
ĠPlayer Ġburn - out Ġworries ĠRobinson,O O O O O B-ATHLETE,NONE
ĠBeckham Ġvirus Ġspotted Ġon Ġthe Ġnet Ċ Ċ V irus Ġwriters Ġare Ġtrading Ġon Ġinterest Ġin ĠDavid ĠBeckham Ġto Ġdistribute Ġtheir Ġmalicious Ġwa res .,B-ATHLETE O O O O O O O O O O O O O O O B-ATHLETE I-ATHLETE O O O O O O O,NONE
ĠBut Ġanyone Ġvisiting Ġthe Ġwebsite Ġmentioned Ġin Ġthe Ġmessage Ġwill Ġnot Ġsee Ġpictures Ġof ĠMr ĠBeckham Ġbut Ġwill Ġhave Ġtheir Ġcomputer Ġinfected Ġby Ġa Ġvirus .,O O O O O O O O O O O O O O O B-ATHLETE O O O O O O O O O O,NONE
ĠThe Ġappearance Ġof Ġthe ĠBeckham ĠWindows Ġtro jan Ġis Ġjust Ġanother Ġexample Ġin Ġa Ġlong Ġline Ġof Ġviruses Ġthat Ġtrade Ġon Ġinterest Ġin Ġcelebrities Ġin Ġan Ġattempt Ġto Ġfuel Ġtheir Ġspread .,O O O O B-ATHLETE O O O O O O O O O O O O O O O O O O O O O O O O O O O,NONE
"ĠTennis Ġplayer ĠAnna ĠK ourn ik ova , Ġpop stars ĠBrit ney ĠSpears Ġand ĠAv ril ĠLav igne Ġas Ġwell Ġas ĠArnold ĠSchwarzenegger Ġhave Ġall Ġbeen Ġused Ġin Ġthe Ġpast Ġto Ġtry Ġto Ġcon Ġpeople Ġinto Ġopening Ġinfected Ġfiles .",O O B-ATHLETE I-ATHLETE I-ATHLETE I-ATHLETE I-ATHLETE O O O B-MUSICIAN I-MUSICIAN I-MUSICIAN O B-MUSICIAN I-MUSICIAN I-MUSICIAN I-MUSICIAN O O O B-ACTOR-DIRECTOR I-ACTOR-DIRECTOR O O O O O O O O O O O O O O O O O,NONE
ĠThe Ġhuge Ġamount Ġof Ġinterest Ġin ĠMr ĠBeckham Ġand Ġhis Ġprivate Ġlife Ġand Ġthe Ġlarge Ġnumber Ġof Ġmessages Ġposted Ġto Ġdiscussion Ġgroups Ġon Ġthe Ġnet Ġmight Ġmean Ġthat Ġthe Ġmalicious Ġprogram Ġcatches Ġa Ġlot Ġof Ġpeople Ġout .,O O O O O O O B-ATHLETE O O O O O O O O O O O O O O O O O O O O O O O O O O O O O O,NONE
"Ġ"" The Ġpublic 's Ġappetite Ġfor Ġsal acious Ġgossip Ġabout Ġthe Ġprivate Ġlife Ġof Ġthe ĠBeckham s Ġmight Ġlead Ġsome Ġinto Ġan Ġunpleasant Ġcomputer Ġinfection ,"" Ġsaid ĠGraham ĠCl u ley Ġfrom Ġanti - v irus Ġfirm ĠSoph os .",O O O O O O O O O O O O O O B-PUBLIC-FIGURE I-PUBLIC-FIGURE I-PUBLIC-FIGURE O O O O O O O O O O B-AUTHOR-WRITER I-AUTHOR-WRITER I-AUTHOR-WRITER I-AUTHOR-WRITER O O O O O O O O O,NONE
ĠLead Ġactress ĠLaura ĠMichelle ĠKelly Ġsoared Ġover Ġthe Ġheads Ġof Ġthe Ġaudience Ġholding Ġthe Ġn anny 's Ġtrademark Ġumbrella .,O O B-ACTOR-DIRECTOR I-ACTOR-DIRECTOR I-ACTOR-DIRECTOR O O O O O O O O O O O O O O O,NONE
"ĠA Ġnumber Ġof Ġcelebrities Ġturned Ġout Ġfor Ġthe Ġmusical 's Ġpremiere , Ġincluding Ġactress ĠBarbara ĠWindsor , Ġcomic ĠGraham ĠNorton Ġand ĠSir ĠRichard ĠAtt en borough .",O O O O O O O O O O O O O O B-ACTOR-DIRECTOR I-ACTOR-DIRECTOR O O B-ACTOR-DIRECTOR I-ACTOR-DIRECTOR O B-ACTOR-DIRECTOR I-ACTOR-DIRECTOR I-ACTOR-DIRECTOR I-ACTOR-DIRECTOR I-ACTOR-DIRECTOR O,NONE
"ĠMary ĠPo pp ins Ġwas Ġoriginally Ġcreated Ġby Ġauthor ĠPamela ĠTra vers , Ġwho Ġis Ġsaid Ġto Ġhave Ġcried Ġwhen Ġshe Ġsaw ĠDisney 's Ġ1964 Ġfilm Ġstarring ĠJulie ĠAndrews .",B-PUBLIC-FIGURE I-PUBLIC-FIGURE I-PUBLIC-FIGURE I-PUBLIC-FIGURE O O O O O B-AUTHOR-WRITER I-AUTHOR-WRITER I-AUTHOR-WRITER O O O O O O O O O O O O O O O B-ACTOR-DIRECTOR I-ACTOR-DIRECTOR O,author
"ĠMr ĠBrown Ġseems Ġhaunted Ġby Ġher Ġeyes , Ġdesolate Ġof Ġall Ġhope .",O B-POLITICIAN O O O O O O O O O O O,NONE
"ĠMr ĠBrown 's Ġmessage Ġgenerally , Ġthat Ġcompassion Ġmust Ġbecome Ġaction Ġbefore Ġthat Ġhope Ġis Ġsqu and ered .",O B-POLITICIAN O O O O O O O O O O O O O O O O O,NONE
ĠBut Ġhe Ġalso Ġbelieves Ġit Ġis Ġtime Ġfor Ġthe Ġworld Ġto Ġsee Ġa Ġnew ĠGordon ĠBrown .,O O O O O O O O O O O O O O B-POLITICIAN I-POLITICIAN O,NONE
ĠBrown Ġreplies Ġthat Ġno Ġone Ġthought Ġthe ĠBerlin ĠWall Ġwould Ġever Ġcome Ġdown Ġeither .,B-POLITICIAN O O O O O O O O O O O O O O,NONE
"ĠPure ly Ġas Ġa Ġrace , ĠPaula 's Ġvictory Ġin Ġthe ĠNew ĠYork ĠMarathon Ġhas Ġto Ġgo Ġdown Ġas Ġone Ġof Ġthe Ġmost Ġthrilling .",O O O O O O B-ATHLETE O O O O O O O O O O O O O O O O O O,NONE
"ĠFranz ĠFerdinand , ĠTravis Ġand ĠSnow ĠPatrol Ġare Ġjust Ġrecent Ġexamples Ġof Ġthe Ġsuccess ĠScottish Ġmusic Ġcan Ġhave Ġin Ġthe Ġworld , Ġso Ġwe Ġshould Ġdo Ġwhat Ġwe ĠScots Ġare Ġgood Ġat Ġand Ġsupport Ġour Ġown Ġgoods !",B-MUSICIAN I-MUSICIAN O B-MUSICIAN O B-MUSICIAN I-MUSICIAN O O O O O O O O O O O O O O O O O O O O O O O O O O O O O O O,NONE
ĠPremier ĠLeague Ġplanning ĠCole Ġdate,O O O B-ATHLETE O,NONE
ĠSir ĠNicholas Ġwas Ġa Ġstrong Ġdefender Ġof Ġthe ĠAnglo - Irish ĠAgreement Ġand Ġwas Ġheld Ġin Ġesteem Ġin ĠDublin Ġgovernment Ġand ĠSD LP Ġcircles .,O B-POLITICIAN O O O O O O O O O O O O O O O O O O O O O O O,NONE
ĠSir ĠNicholas Ġclaimed Ġstrong Ġpain killers Ġhe Ġwas Ġtaking Ġfor Ġa Ġback Ġproblem Ġhad Ġreacted Ġbadly Ġwith Ġa Ġsmall Ġamount Ġof Ġalcohol .,O B-POLITICIAN O O O O O O O O O O O O O O O O O O O O O,NONE
ĠBlues Ġboss ĠJose ĠMourinho Ġwas Ġsent Ġoff Ġfor Ġt aunting ĠLiverpool Ġfans Ġafter Ġthe Ġgoal Ġand Ġhe Ġwatched Ġon Ġtelevision Ġas Ġhis Ġside Ġwent Ġon Ġto Ġwin Ġthe Ġgame .,O O B-ATHLETE I-ATHLETE O O O O O O O O O O O O O O O O O O O O O O O O O O,NONE
"ĠYet Ġit Ġwas Ġcontroversial Ġtoo , Ġafter ĠMourinho 's Ġsending Ġoff , Ġapparently Ġfor Ġputting Ġhis Ġfinger Ġto Ġhis Ġlips Ġto Ġh ush Ġthe ĠLiverpool Ġfans .",O O O O O O O B-ATHLETE O O O O O O O O O O O O O O O O O O O,NONE
ĠSharon ĠOs bourne Ġis Ġcurrently Ġappearing Ġas Ġa Ġjudge Ġand Ġmentor Ġin ĠITV 1 Ġtalent Ġshow ĠThe ĠX - Factor Ġalongside ĠSimon ĠCow ell Ġand ĠLouis ĠWalsh .,B-PUBLIC-FIGURE I-PUBLIC-FIGURE I-PUBLIC-FIGURE O O O O O O O O O O O O O O O O O O B-BUSINESS-EXECUTIVE-MANAGER I-BUSINESS-EXECUTIVE-MANAGER I-BUSINESS-EXECUTIVE-MANAGER O B-BUSINESS-EXECUTIVE-MANAGER I-BUSINESS-EXECUTIVE-MANAGER O,judge
"ĠReeves Ġfirst Ġfound Ġfame Ġin Ġthe Ġteen Ġcomedy ĠBill Ġand ĠTed 's ĠExcellent ĠAdventure , Ġand Ġwent Ġon Ġto Ġcombine Ġsuch Ġblock busters Ġas ĠSpeed , ĠThe ĠDevil 's ĠAdvocate Ġand Ġthe ĠMatrix Ġseries , Ġwith Ġsmaller Ġfilms Ġincluding ĠMy ĠOwn ĠPrivate ĠIdaho .",B-ACTOR-DIRECTOR O O O O O O O O O O O O O O O O O O O O O O O O O O O O O O O O O O O O O O O O O O O,NONE
"ĠBritish Ġactors Ġin Ġattendance Ġinclude Ġnominees ĠClive ĠOwen , ĠI me lda ĠSt aun ton , ĠKate ĠWins let Ġand Ġdirector ĠMike ĠLeigh .",O O O O O O B-ACTOR-DIRECTOR I-ACTOR-DIRECTOR O B-ACTOR-DIRECTOR I-ACTOR-DIRECTOR I-ACTOR-DIRECTOR I-ACTOR-DIRECTOR I-ACTOR-DIRECTOR I-ACTOR-DIRECTOR O B-ACTOR-DIRECTOR I-ACTOR-DIRECTOR I-ACTOR-DIRECTOR O O B-ACTOR-DIRECTOR I-ACTOR-DIRECTOR O,NONE
"ĠEast wood Ġhas Ġwon Ġbest Ġdirector Ġonce Ġbefore , Ġfor ĠUn for given Ġin Ġ1993 .",B-ACTOR-DIRECTOR I-ACTOR-DIRECTOR O O O O O O O O O O O O O O,NONE
ĠThe ĠManchester ĠUnited Ġwing Ġrevealed Ġhow Ġclub Ġmanager ĠSir ĠAlex ĠFerguson Ġtalked Ġhim Ġinto Ġextending Ġhis ĠWales Ġcareer .,O O O O O O O O B-ATHLETE I-ATHLETE I-ATHLETE O O O O O O O O,manager
"ĠG iggs ' Ġown Ġpersonal Ġfuture Ġat ĠOld ĠTrafford Ġis Ġstill Ġup Ġin Ġthe Ġair Ġas Ġhe Ġhas Ġyet Ġto Ġreach Ġagreement Ġon Ġa Ġnew Ġcontract , Ġwith ĠManchester ĠUnited Ġoffering Ġone Ġextra Ġyear Ġand ĠG iggs Ġseeking Ġtwo .",B-ATHLETE I-ATHLETE O O O O O O O O O O O O O O O O O O O O O O O O O O O O O O O O O B-ATHLETE I-ATHLETE O O O,NONE
"ĠPrevious Ġwinners Ġinclude ĠWhite ĠTe eth Ġby ĠZ ad ie ĠSmith , Ġin Ġ2000 , Ġwhich Ġwent Ġon Ġto Ġbecome Ġa Ġbest seller .",O O O O O O O B-AUTHOR-WRITER I-AUTHOR-WRITER I-AUTHOR-WRITER I-AUTHOR-WRITER O O O O O O O O O O O O O,NONE
"ĠLord ĠScar man , Ġ93 , Ġdies Ġpeacefully",B-PUBLIC-FIGURE I-PUBLIC-FIGURE I-PUBLIC-FIGURE O O O O O,NONE
ĠLord ĠScar man Ġwill Ġbe Ġremembered Ġfor Ġthe Ġpublic Ġinquiry Ġhe Ġled Ġinto Ġa Ġstring Ġof Ġrace Ġriots Ġwhich Ġbegan Ġin ĠBri xton Ġwhen Ġracial Ġtensions Ġrose Ġafter Ġa Ġpolice Ġcrackdown Ġon Ġstreet Ġrobbery .,B-PUBLIC-FIGURE I-PUBLIC-FIGURE I-PUBLIC-FIGURE O O O O O O O O O O O O O O O O O O O O O O O O O O O O O O O O,NONE
"ĠArsenal Ġboss ĠArs ene ĠWenger , Ġwho Ġwas Ġfined ĠÂ£ 15 , 000 Ġin ĠDecember Ġfor Ġaccusing ĠManchester ĠUnited Ġstriker ĠRu ud Ġvan ĠN ist el ro oy Ġof Ġcheating , Ġbelieves Ġthat ĠAr agon es ' Ġpunishment Ġwas Ġtoo Ġlen ient .",O O B-ATHLETE I-ATHLETE I-ATHLETE O O O O O O O O O O O O O O O B-ATHLETE I-ATHLETE I-ATHLETE I-ATHLETE I-ATHLETE I-ATHLETE I-ATHLETE I-ATHLETE O O O O O B-ATHLETE I-ATHLETE I-ATHLETE O O O O O O O,NONE
ĠBlair Ġcongrat ulates ĠBush Ġon Ġwin,B-POLITICIAN O O B-POLITICIAN O O,NONE
"Ġ"" All Ġof Ġus Ġin Ġpositions Ġof Ġleadership , Ġnot Ġjust ĠPresident ĠBush , Ġhave Ġa Ġresponsibility Ġto Ġrise Ġto Ġthis Ġchallenge .",O O O O O O O O O O O O B-POLITICIAN O O O O O O O O O O,NONE
"ĠEven Ġbefore Ġthe Ġresult Ġbecame Ġclear , ĠMr ĠBlair Ġwas Ġbeing Ġurged Ġto Ġpush Ġfor Ġaction Ġon Ġclimate Ġchange Ġat Ġhis Ġfirst Ġmeeting Ġwith Ġwhichever Ġcandidate Ġwon .",O O O O O O O O B-POLITICIAN O O O O O O O O O O O O O O O O O O O,NONE
"ĠBut ĠMy ron ĠE bell , Ġan Ġadviser Ġon Ġclimate Ġchange Ġto ĠPresident ĠBush , Ġhas Ġsaid Ġthere Ġwould Ġbe Ġno Ġchange Ġin Ġthe ĠUS Ġstance Ġand Ġrejected Ġthe Ġthreat Ġof Ġclimate Ġchange .",O B-PUBLIC-FIGURE I-PUBLIC-FIGURE I-PUBLIC-FIGURE I-PUBLIC-FIGURE O O O O O O O O B-POLITICIAN O O O O O O O O O O O O O O O O O O O O,NONE
"ĠMr ĠBlair Ġtold Ġthe Ġaudience Ġhe Ġbelieved Ġthe ĠIraq Ġwar Ġwould Ġhave Ġmade ĠBritain Ġa Ġsafer Ġplace Ġif Ġits Ġemerging Ġdemocracy Ġsucceeded Ġand Ġthat Ġhe Ġwanted Ġto Ġbring Ġtroops Ġhome Ġas Ġsoon Ġas Ġpossible , Ġbut Ġnot Ġbefore Ġthe Ġjob Ġwas Ġdone .",O B-POLITICIAN O O O O O O O O O O O O O O O O O O O O O O O O O O O O O O O O O O O O O O O O O,NONE
ĠDame ĠJulie Ġpops Ġin Ġto Ġsee ĠPo pp ins Ċ Ċ Mary ĠPo pp ins Ġstar ĠDame ĠJulie ĠAndrews Ġwatched Ġthe Ġhit Ġstage Ġversion Ġof Ġher Ġclassic Ġfilm Ġat Ġa Ġcharity Ġperformance Ġin ĠLondon 's ĠWest ĠEnd .,B-ACTOR-DIRECTOR I-ACTOR-DIRECTOR O O O O O O O O O B-PUBLIC-FIGURE I-PUBLIC-FIGURE I-PUBLIC-FIGURE I-PUBLIC-FIGURE O B-ACTOR-DIRECTOR I-ACTOR-DIRECTOR I-ACTOR-DIRECTOR O O O O O O O O O O O O O O O O O O O,NONE
"Ġ Ċ Ċ It Ġwas Ġthe Ġfirst Ġtime ĠDame ĠJulie , Ġwho Ġshot Ġto Ġfame Ġas Ġthe Ġn anny Ġin Ġthe Ġ1964 ĠDisney Ġmovie , Ġhad Ġseen Ġthe Ġmusical , Ġstaged Ġat Ġthe ĠPrince ĠEdward ĠTheatre .",O O O O O O O O B-ACTOR-DIRECTOR I-ACTOR-DIRECTOR O O O O O O O O O O O O O O O O O O O O O O O O O O O,NONE
ĠThe ĠMary ĠPo pp ins Ġmusical Ġhas Ġbeen Ġmaster minded Ġby Ġtheatre Ġimp res ario ĠSir ĠCameron ĠMack intosh Ġand Ġdirected Ġby ĠRichard ĠEy re Ġwith Ġchore ography Ġby ĠMatthew ĠBour ne .,O B-PUBLIC-FIGURE I-PUBLIC-FIGURE I-PUBLIC-FIGURE I-PUBLIC-FIGURE O O O O O O O O O O B-BUSINESS-EXECUTIVE-MANAGER I-BUSINESS-EXECUTIVE-MANAGER I-BUSINESS-EXECUTIVE-MANAGER I-BUSINESS-EXECUTIVE-MANAGER O O O B-ACTOR-DIRECTOR I-ACTOR-DIRECTOR I-ACTOR-DIRECTOR O O O O B-ACTOR-DIRECTOR I-ACTOR-DIRECTOR I-ACTOR-DIRECTOR O,NONE
ĠThe Ġmove Ġfollows Ġa Ġdecision Ġearlier Ġthis Ġmonth Ġby ĠAn il Ġ- Ġthe Ġyounger Ġbrother Ġof ĠRel iance ĠGroup Ġpresident ĠMuk esh ĠAmb ani Ġ- Ġto Ġresign Ġfrom Ġhis Ġpost .,O O O O O O O O O B-BUSINESS-EXECUTIVE-MANAGER I-BUSINESS-EXECUTIVE-MANAGER O O O O O O O O O B-BUSINESS-EXECUTIVE-MANAGER I-BUSINESS-EXECUTIVE-MANAGER I-BUSINESS-EXECUTIVE-MANAGER I-BUSINESS-EXECUTIVE-MANAGER O O O O O O O,NONE
ĠSinger - song writer ĠCasey Ġbeat ĠBrian ĠMcF adden Ġand ĠDamien ĠRice .,O O O O B-MUSICIAN O B-MUSICIAN I-MUSICIAN I-MUSICIAN O B-MUSICIAN I-MUSICIAN O,NONE
ĠJohn ĠPatterson Ġwill Ġbe Ġin Ġcharge Ġof Ġdrug Ġdevelopment .,B-BUSINESS-EXECUTIVE-MANAGER I-BUSINESS-EXECUTIVE-MANAGER O O O O O O O O,NONE
ĠMeanwhile Ġthe Ġlikes Ġof ĠHealth ĠSecretary ĠJohn ĠReid Ġand ĠLabour Ġpeer ĠLord ĠH ask ins Ġare Ġwarning Ġof Ġthe Ġelectoral Ġdangers Ġof Ġallowing Ġthis Ġsoap Ġopera Ġto Ġcontinue .,O O O O O O B-POLITICIAN I-POLITICIAN O O O B-POLITICIAN I-POLITICIAN I-POLITICIAN I-POLITICIAN O O O O O O O O O O O O O O,NONE
"ĠKhan Ġtold Ġan ĠIndian Ġnews Ġchannel Ġon Ġher Ġmobile Ġphone : Ġ"" They Ġare Ġnot Ġeven Ġletting Ġme Ġgo Ġhome Ġto Ġget Ġmy Ġbags .",B-PUBLIC-FIGURE O O O O O O O O O O O O O O O O O O O O O O O O,NONE
ĠKhan Ġwas Ġinvolved Ġin Ġcontroversy Ġwhen Ġto pless Ġphotos Ġalleged Ġto Ġbe Ġof Ġher Ġappeared Ġin Ġa ĠNorwegian Ġmagazine .,B-PUBLIC-FIGURE O O O O O O O O O O O O O O O O O O O,NONE
"ĠBox Ġoffice Ġblow Ġfor ĠAlexander Ċ Ċ Director ĠOliver ĠStone 's Ġhistorical Ġepic ĠAlexander Ġhas Ġfailed Ġin Ġits Ġbid Ġto Ġconquer Ġthe Ġbox Ġoffice , Ġentering Ġthe ĠUS Ġfilm Ġcharts Ġat Ġnumber Ġsix .",O O O O O O O O B-ACTOR-DIRECTOR I-ACTOR-DIRECTOR O O O O O O O O O O O O O O O O O O O O O O O O,NONE
"ĠBut Ġnovelist ĠGore ĠV idal Ġdefended Ġthe Ġfilm , Ġsaying Ġit Ġwas Ġ"" bar rier - breaking "" Ġfor Ġits Ġfrank Ġdepiction Ġof Ġbisexual ity .",O O B-AUTHOR-WRITER I-AUTHOR-WRITER I-AUTHOR-WRITER O O O O O O O O O O O O O O O O O O O O O,novelist
ĠGerrard Ġhappy Ġat ĠAnfield,B-ATHLETE O O O,NONE
ĠMr ĠPark 's Ġstatement Ġcame Ġas Ġthe Ġbank Ġdecided Ġto Ġkeep Ġinterest Ġrates Ġat Ġan Ġall - time Ġlow Ġof Ġ3 . 25 %.,O B-BUSINESS-EXECUTIVE-MANAGER O O O O O O O O O O O O O O O O O O O O O O,NONE
ĠSpect or Ġfacing Ġmore Ġlegal Ġaction,B-PUBLIC-FIGURE I-PUBLIC-FIGURE O O O O,NONE
ĠFox Ġattacks ĠBlair 's ĠTory Ġ' lies ',B-POLITICIAN O B-POLITICIAN O O O O O,NONE
"ĠComment ing Ġon ĠMr ĠMak arov 's Ġcase , Ġhe Ġsaid : Ġ"" The ĠBritish Ġstate Ġis Ġnot Ġa Ġfat Ġcow Ġ- Ġit Ġis Ġimpossible Ġto Ġcome Ġhere Ġand Ġdemand Ġgive Ġme Ġmore Ġmoney Ġevery Ġweek .""",O O O O B-PUBLIC-FIGURE I-PUBLIC-FIGURE O O O O O O O O O O O O O O O O O O O O O O O O O O O O O O O,NONE
"ĠThe ĠPer uvian Ġinternational Ġwas Ġsold Ġto ĠAston ĠVilla Ġa Ġyear Ġago Ġbut Ġin Ġthe Ġphone - in Ġfor ĠBBC ĠNewcastle , ĠS oun ess Ġsaid Ġtried Ġto Ġre - sign Ġhim , Ġbut ĠVilla Ġwere Ġnot Ġinterested Ġin Ġselling .",O O O O O O O O O O O O O O O O O O O O O O B-ATHLETE I-ATHLETE I-ATHLETE O O O O O O O O O O O O O O O O,NONE
Ġ Ċ Ċ The Ġsecond ĠPop ĠIdol - style Ġsearch Ġfor Ġliterary Ġtalent Ġhas Ġbegun Ġwith Ġthe Ġhelp Ġof Ġthe Ġbrother Ġof ĠSimon ĠCow ell .,O O O O O O O O O O O O O O O O O O O O O O B-BUSINESS-EXECUTIVE-MANAGER I-BUSINESS-EXECUTIVE-MANAGER I-BUSINESS-EXECUTIVE-MANAGER O,NONE
ĠWriter ĠTony ĠCow ell Ġis Ġamong Ġthe Ġjudges Ġwho Ġwill Ġhear Ġaspiring Ġwriters Ġread Ġtheir Ġwork Ġaloud .,O B-AUTHOR-WRITER I-AUTHOR-WRITER I-AUTHOR-WRITER O O O O O O O O O O O O O O,writer
"ĠPaul ĠC avan agh , Ġa Ġformer Ġuniversity Ġprofessor Ġand Ġhealth Ġcare Ġconsultant Ġfrom ĠOntario Ġin ĠCanada , Ġwas Ġone Ġof Ġ1 , 466 Ġaspiring Ġnovel ists Ġto Ġenter Ġthe Ġfirst Ġcontest .",B-AUTHOR-WRITER I-AUTHOR-WRITER I-AUTHOR-WRITER I-AUTHOR-WRITER O O O O O O O O O O O O O O O O O O O O O O O O O O O O O,professor
"Ġ"" Some body , ĠI Ġthink Ġit Ġwas ĠMr ĠPhillips , Ġsaid Ġthey Ġwon 't Ġhave Ġmoney Ġfor Ġflowers Ġat ĠWim bledon .",O O O O O O O O O B-PUBLIC-FIGURE O O O O O O O O O O O O O,NONE
"ĠAn ĠAll ĠEngland Ġclub Ġspokesperson Ġdenied ĠPhillips Ġmade Ġthe Ġremark , Ġinsisting : Ġ"" He Ġdefinitely Ġdidn 't Ġsay Ġit .""",O O O O O O B-PUBLIC-FIGURE O O O O O O O O O O O O O O,NONE
"ĠSere na ĠWilliams , Ġwho Ġis Ġalso Ġin ĠDubai , Ġadded : Ġ"" I 'm Ġobviously Ġfor Ġequal Ġprize Ġmoney .",B-ATHLETE I-ATHLETE I-ATHLETE O O O O O O O O O O O O O O O O O O,NONE
ĠLabour Ġpeer ĠLord ĠDub s ' ĠSuccess ion Ġto Ġthe ĠCrown ĠBill Ġaims Ġto Ġend Ġthe Ġright Ġof Ġmale Ġheirs Ġto Ġsucceed Ġto Ġthe Ġcrown Ġeven Ġif Ġthey Ġhave Ġan Ġolder Ġsister .,O O B-POLITICIAN I-POLITICIAN I-POLITICIAN O O O O O O O O O O O O O O O O O O O O O O O O O O O O,NONE
ĠFarrell Ġsaga Ġto Ġdrag Ġon Ġ-,B-ATHLETE O O O O O,NONE
ĠThe Ġprospect Ġof ĠFarrell Ġswitching Ġcodes Ġhas Ġbeen Ġthe Ġmain Ġtalking Ġpoint Ġof Ġthe ĠSuper ĠLeague Ġseason Ġso Ġfar .,O O O B-ATHLETE O O O O O O O O O O O O O O O O,NONE
"Ġ"" A th letes Ġlike Ġhim Ġ- ĠEll ery ĠHan ley Ġand ĠMartin ĠJohnson Ġ- Ġdon 't Ġcome Ġalong Ġvery Ġoften .",O O O O O O O B-ATHLETE I-ATHLETE I-ATHLETE I-ATHLETE O B-ATHLETE I-ATHLETE O O O O O O O O,NONE
"ĠBrad ĠAdams , Ġfrom ĠHuman ĠRights ĠWatch , Ġsaid : Ġ"" This Ġis Ġa Ġhuge Ġpolitical Ġsignal Ġfrom ĠEurope Ġthat Ġthey Ġare Ġwilling Ġto Ġforget Ġabout ĠTian an men ĠSquare .",B-PUBLIC-FIGURE I-PUBLIC-FIGURE O O O O O O O O O O O O O O O O O O O O O O O O O O O O O,NONE
ĠRel iance Ġunit Ġloses ĠAn il ĠAmb ani,O O O O B-BUSINESS-EXECUTIVE-MANAGER I-BUSINESS-EXECUTIVE-MANAGER I-BUSINESS-EXECUTIVE-MANAGER I-BUSINESS-EXECUTIVE-MANAGER,NONE
"ĠAn il , Ġ45 , Ġhas Ġstepped Ġdown Ġas Ġdirector Ġand Ġvice - chair man Ġof ĠIndian ĠPetro chem icals ĠCorporation Ġ( IP C ).",B-BUSINESS-EXECUTIVE-MANAGER I-BUSINESS-EXECUTIVE-MANAGER O O O O O O O O O O O O O O O O O O O O O O O,chairman
ĠHolmes Ġwill Ġhave Ġnow Ġhave Ġintensive Ġtreatment Ġin ĠSouth ĠAfrica .,B-ATHLETE O O O O O O O O O O,NONE
"ĠIn Ġan Ġarticle Ġfor Ġthe ĠTimes Ġnewspaper , ĠMs ĠDun wood y , Ġwho Ġchairs Ġthe ĠTransport ĠSelect ĠCommittee , Ġsays : Ġ"" S light Ġincreases Ġto Ġlow Ġcar Ġspeeds Ġincrease Ġhugely Ġthe Ġrisks Ġto Ġpedestrians Ġand Ġcyclists .",O O O O O O O O O B-POLITICIAN I-POLITICIAN I-POLITICIAN O O O O O O O O O O O O O O O O O O O O O O O O O O O,NONE
ĠLast Ġweek ĠGrammy Ġproducers Ġannounced Ġthe Ġshow Ġwill Ġbe Ġhosted Ġby Ġrap Ġstar Ġand ĠChicago Ġactress ĠQueen ĠLat if ah .,O O O O O O O O O O O O O O O O B-MUSICIAN I-MUSICIAN I-MUSICIAN I-MUSICIAN O,NONE
"ĠCharles ĠG ant , ĠHeat : ĠFilm Ġ- ĠThe ĠAv iator ; Ġdirector Ġ- ĠClint ĠEast wood ; Ġactor Ġ- ĠJamie ĠFox x ; Ġactress Ġ- ĠHil ary ĠSw ank .",B-AUTHOR-WRITER I-AUTHOR-WRITER I-AUTHOR-WRITER O O O O O O O O O O O B-ACTOR-DIRECTOR I-ACTOR-DIRECTOR I-ACTOR-DIRECTOR O O O B-ACTOR-DIRECTOR I-ACTOR-DIRECTOR I-ACTOR-DIRECTOR O O O B-ACTOR-DIRECTOR I-ACTOR-DIRECTOR I-ACTOR-DIRECTOR I-ACTOR-DIRECTOR O,NONE
"Ġ Ċ Ċ - ĠSteven ĠGay dos , ĠVariety : ĠFilm Ġ- ĠThe ĠAv iator ; Ġdirector Ġ- ĠMartin ĠSc ors ese ; Ġactor Ġ- ĠJamie ĠFox x ; Ġactress Ġ- ĠHil ary ĠSw ank .",O O O O B-AUTHOR-WRITER I-AUTHOR-WRITER I-AUTHOR-WRITER O O O O O O O O O O O B-ACTOR-DIRECTOR I-ACTOR-DIRECTOR I-ACTOR-DIRECTOR I-ACTOR-DIRECTOR O O O B-ACTOR-DIRECTOR I-ACTOR-DIRECTOR I-ACTOR-DIRECTOR O O O B-ACTOR-DIRECTOR I-ACTOR-DIRECTOR I-ACTOR-DIRECTOR I-ACTOR-DIRECTOR O,NONE
"Ġ Ċ Ċ - ĠJamie ĠGraham , ĠTotal ĠFilm : ĠFilm Ġ- ĠThe ĠAv iator ; Ġdirector Ġ- ĠMartin ĠSc ors ese ; Ġactor Ġ- ĠJamie ĠFox x ; Ġactress Ġ- ĠHil ary ĠSw ank .",O O O O B-AUTHOR-WRITER I-AUTHOR-WRITER O O O O O O O O O O O O B-ACTOR-DIRECTOR I-ACTOR-DIRECTOR I-ACTOR-DIRECTOR I-ACTOR-DIRECTOR O O O B-ACTOR-DIRECTOR I-ACTOR-DIRECTOR I-ACTOR-DIRECTOR O O O B-ACTOR-DIRECTOR I-ACTOR-DIRECTOR I-ACTOR-DIRECTOR I-ACTOR-DIRECTOR O,NONE
"Ġ Ċ Ċ - ĠJonathan ĠRoss , ĠFilm Ġ2005 : ĠFilm Ġ- ĠThe ĠAv iator ; Ġdirector Ġ- ĠMartin ĠSc ors ese ; Ġactor Ġ- ĠJamie ĠFox x ; Ġactress Ġ- ĠHil ary ĠSw ank .",O O O O B-ACTOR-DIRECTOR I-ACTOR-DIRECTOR O O O O O O O O O O O O B-ACTOR-DIRECTOR I-ACTOR-DIRECTOR I-ACTOR-DIRECTOR I-ACTOR-DIRECTOR O O O B-ACTOR-DIRECTOR I-ACTOR-DIRECTOR I-ACTOR-DIRECTOR O O O B-ACTOR-DIRECTOR I-ACTOR-DIRECTOR I-ACTOR-DIRECTOR I-ACTOR-DIRECTOR O,NONE
Ġ Ċ Ċ -,O O O O,NONE
"ĠTim ĠD ams , ĠScreen ĠInternational : ĠFilm Ġ- ĠMillion ĠDollar ĠBaby ; Ġdirector Ġ- ĠClint ĠEast wood ; Ġactor Ġ- ĠJamie ĠFox x ; Ġactress Ġ- ĠHil ary ĠSw ank .",B-AUTHOR-WRITER I-AUTHOR-WRITER I-AUTHOR-WRITER O O O O O O O O O O O O B-ACTOR-DIRECTOR I-ACTOR-DIRECTOR I-ACTOR-DIRECTOR O O O B-ACTOR-DIRECTOR I-ACTOR-DIRECTOR I-ACTOR-DIRECTOR O O O B-ACTOR-DIRECTOR I-ACTOR-DIRECTOR I-ACTOR-DIRECTOR I-ACTOR-DIRECTOR O,NONE
"Ġ Ċ Ċ - ĠCharles ĠG ant , ĠHeat : ĠFilm Ġ- ĠSid eways ; Ġdirector Ġ- ĠMike ĠLeigh ; Ġactor Ġ- ĠJamie ĠFox x ; Ġactress Ġ- ĠI me lda ĠSt aun ton .",O O O O B-AUTHOR-WRITER I-AUTHOR-WRITER I-AUTHOR-WRITER O O O O O O O O O O B-ACTOR-DIRECTOR I-ACTOR-DIRECTOR O O O B-ACTOR-DIRECTOR I-ACTOR-DIRECTOR I-ACTOR-DIRECTOR O O O B-ACTOR-DIRECTOR I-ACTOR-DIRECTOR I-ACTOR-DIRECTOR I-ACTOR-DIRECTOR I-ACTOR-DIRECTOR I-ACTOR-DIRECTOR O,NONE
"Ġ Ċ Ċ - ĠSteven ĠGay dos , ĠVariety : ĠFilm Ġ- ĠMillion ĠDollar ĠBaby ; Ġdirector Ġ- ĠClint ĠEast wood ; Ġactor Ġ- ĠDon ĠC head le ; Ġactress Ġ- ĠI me lda ĠSt aun ton .",O O O O B-AUTHOR-WRITER I-AUTHOR-WRITER I-AUTHOR-WRITER O O O O O O O O O O O B-ACTOR-DIRECTOR I-ACTOR-DIRECTOR I-ACTOR-DIRECTOR O O O B-ACTOR-DIRECTOR I-ACTOR-DIRECTOR I-ACTOR-DIRECTOR I-ACTOR-DIRECTOR O O O B-ACTOR-DIRECTOR I-ACTOR-DIRECTOR I-ACTOR-DIRECTOR I-ACTOR-DIRECTOR I-ACTOR-DIRECTOR I-ACTOR-DIRECTOR O,NONE
"Ġ Ċ Ċ - ĠJamie ĠGraham , ĠTotal ĠFilm : ĠFilm Ġ- ĠSid eways ; Ġdirector Ġ- ĠAlexander ĠPayne ; Ġactor Ġ- ĠJamie ĠFox x ; Ġactress Ġ- ĠHil ary ĠSw ank .",O O O O B-AUTHOR-WRITER I-AUTHOR-WRITER O O O O O O O O O O O B-ACTOR-DIRECTOR I-ACTOR-DIRECTOR O O O B-ACTOR-DIRECTOR I-ACTOR-DIRECTOR I-ACTOR-DIRECTOR O O O B-ACTOR-DIRECTOR I-ACTOR-DIRECTOR I-ACTOR-DIRECTOR I-ACTOR-DIRECTOR O,NONE
"Ġ Ċ Ċ - ĠWendy ĠIde , ĠThe ĠTimes : ĠFilm Ġ- ĠSid eways ; Ġdirector Ġ- ĠAlexander ĠPayne ; Ġactor Ġ- ĠDon ĠC head le ; Ġactress Ġ- ĠI me lda ĠSt aun ton .",O O O O B-AUTHOR-WRITER I-AUTHOR-WRITER O O O O O O O O O O O B-ACTOR-DIRECTOR I-ACTOR-DIRECTOR O O O B-ACTOR-DIRECTOR I-ACTOR-DIRECTOR I-ACTOR-DIRECTOR I-ACTOR-DIRECTOR O O O B-ACTOR-DIRECTOR I-ACTOR-DIRECTOR I-ACTOR-DIRECTOR I-ACTOR-DIRECTOR I-ACTOR-DIRECTOR I-ACTOR-DIRECTOR O,NONE
"Ġ Ċ Ċ - ĠJonathan ĠRoss , ĠFilm Ġ2005 : ĠFilm Ġ- ĠSid eways ; Ġdirector Ġ- ĠClint ĠEast wood ; Ġactor Ġ- ĠJamie ĠFox x ; Ġactress Ġ- ĠKate ĠWins let .",O O O O B-ACTOR-DIRECTOR I-ACTOR-DIRECTOR O O O O O O O O O O O B-ACTOR-DIRECTOR I-ACTOR-DIRECTOR I-ACTOR-DIRECTOR O O O B-ACTOR-DIRECTOR I-ACTOR-DIRECTOR I-ACTOR-DIRECTOR O O O B-ACTOR-DIRECTOR I-ACTOR-DIRECTOR I-ACTOR-DIRECTOR O,NONE
"ĠAt Ġthe ĠBritish ĠComedy ĠAwards Ġon ĠWednesday , ĠG erv ais Ġwas Ġhanded Ġa Ġspecial Ġachievement Ġaward Ġfor Ġwriting .",O O O O O O O O B-ACTOR-DIRECTOR I-ACTOR-DIRECTOR I-ACTOR-DIRECTOR O O O O O O O O O,NONE
ĠFrench - Canadian Ġpop Ġstar ĠR och ĠV ois ine Ġwas Ġnamed Ġbest ĠFranc ophone Ġmale Ġartist .,O O O O O B-MUSICIAN I-MUSICIAN I-MUSICIAN I-MUSICIAN I-MUSICIAN O O O O O O O O,NONE
"ĠShe Ġis Ġcurrently Ġstarring Ġin ĠA ĠVery ĠLong ĠEng agement , Ġdirected Ġby ĠJean - Pierre ĠJe un et .",O O O O O O O O O O O O O B-ACTOR-DIRECTOR I-ACTOR-DIRECTOR I-ACTOR-DIRECTOR I-ACTOR-DIRECTOR I-ACTOR-DIRECTOR I-ACTOR-DIRECTOR O,NONE
"ĠJe un et Ġwas Ġalso Ġresponsible Ġfor Ġdirecting ĠT aut ou Ġin ĠAm el ie Ġin Ġ2001 , Ġwhich Ġlaunched Ġthe Ġactress Ġinto Ġthe Ġmainstream .",B-ACTOR-DIRECTOR I-ACTOR-DIRECTOR I-ACTOR-DIRECTOR O O O O O B-ACTOR-DIRECTOR I-ACTOR-DIRECTOR I-ACTOR-DIRECTOR O O O O O O O O O O O O O O O,NONE
ĠMoore Ġquestions Ġcaptain cy,B-ATHLETE O O O,NONE
"ĠAnd Ġformer ĠEngland Ġcaptain ĠMoore Ġtold Ġthe ĠBBC : Ġ"" Full - backs Ġare Ġtoo Ġfar Ġaway Ġfrom Ġthe Ġaction .",O O O O B-ATHLETE O O O O O O O O O O O O O O O O,NONE
"ĠIt Ġis Ġdirected Ġby ĠRobert ĠZ eme ck is , Ġwho Ġhas Ġpreviously Ġworked Ġwith ĠH anks Ġon ĠForrest ĠG ump Ġand ĠCast away .",O O O O B-ACTOR-DIRECTOR I-ACTOR-DIRECTOR I-ACTOR-DIRECTOR I-ACTOR-DIRECTOR I-ACTOR-DIRECTOR O O O O O O B-ACTOR-DIRECTOR I-ACTOR-DIRECTOR O O O O O O O O,NONE
"ĠJackson Ġis Ġthought Ġto Ġhave Ġsecured Ġthe Ġmost Ġlucrative Ġfilm Ġdirecting Ġdeal Ġin Ġhistory Ġto Ġremake ĠKing ĠKong , Ġwhich Ġis Ġcurrently Ġin Ġproduction Ġin ĠWellington .",B-ACTOR-DIRECTOR O O O O O O O O O O O O O O O B-PUBLIC-FIGURE I-PUBLIC-FIGURE O O O O O O O O O,NONE
"ĠAt Ġfirst , ĠWhite Ġclaimed Ġshe Ġtook Ġthe Ġdrug Ġto Ġcombat Ġnar co le psy Ġbut Ġshe Ġnow Ġtakes Ġfull Ġresponsibility Ġfor Ġher Ġactions .",O O O B-ATHLETE O O O O O O O O O O O O O O O O O O O O O,NONE
"ĠOne Ġof Ġthe Ġmost Ġsuccessful Ġand Ġrespected Ġrap Ġstars Ġof Ġthe Ġlast Ġeight Ġyears , ĠJay - Z 's Ġhits Ġhave Ġincluded ĠHard ĠKnock ĠLife , ĠDirt ĠOff ĠYour ĠShould er Ġand Ġ03 ĠBonnie Ġand ĠClyde Ġwith Ġhis Ġgirlfriend ĠBeyon ce ĠKnow les .",O O O O O O O O O O O O O O O B-MUSICIAN I-MUSICIAN I-MUSICIAN O O O O O O O O O O O O O O O O O O O O O B-MUSICIAN I-MUSICIAN I-MUSICIAN I-MUSICIAN O,NONE
ĠMrs ĠHoward Ġhas Ġalso Ġappeared Ġalong Ġside Ġher Ġhusband Ġon ĠTV Ġchat Ġshows .,O B-POLITICIAN O O O O O O O O O O O O,NONE
ĠProbe Ġlaunched Ġon ĠKen ĠNazi Ġj ibe,O O O B-POLITICIAN O O O,NONE
ĠThe ĠPrime ĠMinister ĠTony ĠBlair Ġis Ġamong Ġthose Ġwho Ġhave Ġcalled Ġfor Ġan Ġapology Ġbut Ġso Ġfar Ġthe Ġmayor Ġhas Ġrefused .,O O O B-POLITICIAN I-POLITICIAN O O O O O O O O O O O O O O O O O,NONE
ĠGerrard Ġplays Ġdown ĠEuropean Ġhopes,B-ATHLETE O O O O,NONE
ĠGerrard Ġhas Ġmade Ġno Ġsecret Ġof Ġhis Ġdesire Ġto Ġbe Ġinvolved Ġin ĠEurope 's Ġpremier Ġclub Ġcompetition .,B-ATHLETE O O O O O O O O O O O O O O O O O,NONE
"ĠVideo Ġgames Ġare Ġ"" big Ġbusiness "", Ġthe Ġpaper Ġquoted ĠMr ĠChern in Ġas Ġsaying .",O O O O O O O O O O O B-BUSINESS-EXECUTIVE-MANAGER I-BUSINESS-EXECUTIVE-MANAGER O O O,NONE
ĠTheir Ġformer Ġcoach ĠChrist os ĠT zek os Ġhas Ġalso Ġbeen Ġcharged Ġwith Ġdistributing Ġbanned Ġsubstances .,O O O B-ATHLETE I-ATHLETE I-ATHLETE I-ATHLETE I-ATHLETE O O O O O O O O O,NONE
ĠWhen ĠPresident ĠNest or ĠKir ch ner Ġof ĠArgentina Ġarrived Ġin Ġpower Ġhe Ġbegan Ġto Ġnegotiate Ġa Ġsolution Ġto Ġthe Ġdisagreements Ġwith Ġinternational Ġutilities Ġoperating Ġin ĠArgentina .,O O B-POLITICIAN I-POLITICIAN I-POLITICIAN I-POLITICIAN I-POLITICIAN O O O O O O O O O O O O O O O O O O O O O,NONE
ĠAthletics Ġfans Ġhad Ġevery Ġreason Ġto Ġbelieve Ġthey Ġwould Ġsee Ġthe Ġnew - look ĠKelly ĠHolmes Ġtearing Ġup Ġthe Ġtrack Ġagain .,O O O O O O O O O O O O O O B-ATHLETE I-ATHLETE O O O O O O,NONE
"Ġ"" Kelly Ġhas Ġto Ġfigure Ġout Ġfor Ġherself Ġwhat Ġit Ġis Ġshe Ġwants Ġand Ġthat Ġwill Ġbe Ġbased Ġon Ġathletics Ġdecisions , Ġwhether Ġshe Ġcan Ġbe Ġcompetitive , Ġif Ġshe Ġis Ġfit Ġenough Ġto Ġput Ġher Ġneck Ġon Ġthe Ġline .",O B-ATHLETE O O O O O O O O O O O O O O O O O O O O O O O O O O O O O O O O O O O O O O O,NONE
ĠChoose Ġhope Ġover Ġfear Ġ- ĠKennedy,O O O O O B-POLITICIAN,NONE
"ĠHe Ġwas Ġalso Ġa Ġtalented Ġjazz Ġcomposer , Ġarr anger Ġand Ġband Ġleader , Ġplaying Ġat Ġthe ĠNewport ĠJazz ĠFestival Ġand ĠCarnegie ĠHall Ġand Ġrecording Ġwith Ġnoted Ġjazz Ġmusicians Ġsuch Ġas ĠM ilt ĠJackson Ġand ĠDavid Ġ"" Fat head "" ĠNewman .",O O O O O O O O O O O O O O O O O O O O O O O O O O O O O O O B-MUSICIAN I-MUSICIAN I-MUSICIAN O B-MUSICIAN I-MUSICIAN I-MUSICIAN I-MUSICIAN I-MUSICIAN I-MUSICIAN O,NONE
"Ġ"" There Ġwill Ġnever Ġbe Ġanother Ġmusician Ġwho Ġdid Ġas Ġmuch Ġto Ġbreak Ġdown Ġthe Ġperceived Ġwalls Ġof Ġmusical Ġgenres Ġas Ġmuch Ġas ĠRay ĠCharles Ġdid ,"" Ġhe Ġsaid .",O O O O O O O O O O O O O O O O O O O O O O O B-MUSICIAN I-MUSICIAN O O O O O,NONE
ĠLib ĠDem ĠMP ĠLem bit ĠOp ik Ġsaid Ġministers Ġhad Ġinvented Ġa Ġnew Ġcategory Ġof Ġhunting Ġ- Ġchasing Ġaway Ġ- Ġand,O O O B-POLITICIAN I-POLITICIAN I-POLITICIAN I-POLITICIAN O O O O O O O O O O O O O O,NONE
ĠThe ĠMiddle ĠWay Ġgroup Ġalso Ġsaid ĠMr ĠBrad shaw Ġwould Ġbe Ġput Ġin Ġa Ġposition Ġwhere Ġhe Ġwould Ġhave Ġto Ġbuy Ġa Ġrifle Ġto Ġshoot Ġanimals Ġthat Ġwould Ġhave Ġpreviously Ġgone Ġfree .,O O O O O O O B-POLITICIAN I-POLITICIAN O O O O O O O O O O O O O O O O O O O O O O O O,NONE
"Ġ"" If ĠMr ĠBrad shaw Ġis Ġsetting Ġhis Ġdogs Ġto Ġchase Ġwild Ġanimals Ġthen Ġhe Ġis Ġhunting Ġthem Ġand Ġthat Ġwill Ġbe Ġa Ġcriminal Ġoffence .",O O O B-POLITICIAN I-POLITICIAN O O O O O O O O O O O O O O O O O O O O O,NONE
ĠThat Ġgame Ġis Ġone ĠSmith Ġwould Ġbe Ġdelighted Ġto Ġsee Ġreinstated .,O O O O B-ATHLETE O O O O O O O,NONE
ĠBoth Ġthe Ġprime Ġminister Ġand ĠChancellor ĠGordon ĠBrown Ġhave Ġcalled Ġfor Ġurgent Ġaction Ġto Ġfight Ġworld Ġpoverty .,O O O O O O B-POLITICIAN I-POLITICIAN O O O O O O O O O O,NONE
"ĠMr ĠBlair , Ġwho Ġhas Ġdescribed ĠAfrica Ġas Ġa Ġ"" scar "" Ġon Ġthe Ġworld 's Ġconscience , Ġhas Ġalready Ġsaid Ġtackling Ġworld Ġpoverty Ġwould Ġbe Ġone Ġhis ĠG 8 Ġpriorities Ġalong Ġwith Ġclimate Ġchange Ġand Ġthe ĠA ids Ġepidemic .",O B-POLITICIAN O O O O O O O O O O O O O O O O O O O O O O O O O O O O O O O O O O O O O O O,NONE
ĠFormer ĠSuperman Ġactor Ġthe Ġlate ĠChristopher ĠRee ve Ġwas Ġan Ġadvocate Ġfor Ġthe Ġresearch Ġafter Ġhe Ġwas Ġpar alysed Ġin Ġa Ġhorse Ġriding Ġaccident .,O B-PUBLIC-FIGURE O O O B-ACTOR-DIRECTOR I-ACTOR-DIRECTOR I-ACTOR-DIRECTOR O O O O O O O O O O O O O O O O O,NONE
"ĠShadow Ġspokesman Ġfor Ġsport ĠHugh ĠRobertson Ġsaid : Ġ"" I Ġsuspect Ġthe Ġcorrect Ġway Ġto Ġtackle Ġit Ġis Ġto Ġlook Ġat Ġthe Ġother Ġend Ġof Ġthe Ġspectrum Ġand Ġtry Ġto Ġenable Ġthe Ġclubs Ġ- Ġwhich Ġis Ġwhere Ġthe Ġreal Ġpassion Ġfor Ġsport Ġexists Ġ- Ġto Ġdeliver Ġthe Ġschool Ġsport Ġoffer .""",O O O O B-POLITICIAN I-POLITICIAN O O O O O O O O O O O O O O O O O O O O O O O O O O O O O O O O O O O O O O O O O O O O O,NONE
ĠMr ĠBrown Ġis Ġcurrently Ġtouring ĠAfrica Ġafter Ġa Ġweek Ġof Ġfacing Ġquestions Ġabout Ġreports Ġof Ġhis Ġsplits Ġwith ĠDowning ĠStreet .,O B-POLITICIAN O O O O O O O O O O O O O O O O O O O,NONE
ĠMc Le ish Ġready Ġfor Ġcriticism,B-ATHLETE I-ATHLETE I-ATHLETE O O O,NONE
ĠOwen Ġdetermined Ġto Ġstay Ġin ĠMadrid Ċ Ċ England Ġforward ĠMichael ĠOwen Ġhas Ġtold Ġthe ĠBBC Ġhe Ġis Ġhappy Ġin ĠSpain Ġand Ġhas Ġno Ġplans Ġto Ġquit ĠReal ĠMadrid Ġto Ġreturn Ġto Ġthe ĠPremiership Ġin Ġthe Ġnear Ġfuture .,B-ATHLETE O O O O O O O O O B-ATHLETE I-ATHLETE O O O O O O O O O O O O O O O O O O O O O O O O O O O,NONE
Ġ Ċ Ċ Ah med Ġ' M ido ' ĠH oss am Ġhas Ġmade Ġanother Ġapology Ġto Ġthe ĠEgyptian Ġpeople Ġin Ġan Ġattempt Ġto Ġre join Ġthe Ġnational Ġteam .,O O O B-ATHLETE I-ATHLETE I-ATHLETE I-ATHLETE I-ATHLETE I-ATHLETE I-ATHLETE I-ATHLETE I-ATHLETE O O O O O O O O O O O O O O O O O O,NONE
"ĠStall one Ġev icted Ġfrom ĠBig ĠBrother Ċ Ċ Jack ie ĠStall one , Ġmother Ġof Ġactor ĠSy lves ter , Ġhas Ġbecome Ġthe Ġfirst Ġstar Ġto Ġbe Ġev icted Ġfrom ĠCelebrity ĠBig ĠBrother .",B-PUBLIC-FIGURE I-PUBLIC-FIGURE O O O O O O O B-PUBLIC-FIGURE I-PUBLIC-FIGURE I-PUBLIC-FIGURE I-PUBLIC-FIGURE O O O O B-ACTOR-DIRECTOR I-ACTOR-DIRECTOR I-ACTOR-DIRECTOR O O O O O O O O O O O O O O O,NONE
"ĠFeminist Ġicon ĠGerm aine ĠGre er Ġquit Ġthe Ġshow Ġearlier Ġin Ġthe Ġweek Ġover Ġwhat Ġshe Ġcalled Ġ"" bull ying "" Ġtactics Ġused Ġby Ġthe Ġprogramme 's Ġproducers .",O O B-AUTHOR-WRITER I-AUTHOR-WRITER I-AUTHOR-WRITER I-AUTHOR-WRITER O O O O O O O O O O O O O O O O O O O O O O O,NONE
"ĠAz mat ĠBe gg , Ġfather Ġof ĠMo azz am , Ġthanked Ġhis Ġlawyers Ġand Ġthe ĠBritish Ġpeople Ġfor Ġthe Ġsupport Ġhe Ġhad Ġreceived Ġwhile Ġcampaigning Ġfor Ġhis Ġson 's Ġrelease .",B-PUBLIC-FIGURE I-PUBLIC-FIGURE I-PUBLIC-FIGURE I-PUBLIC-FIGURE O O O B-PUBLIC-FIGURE I-PUBLIC-FIGURE I-PUBLIC-FIGURE O O O O O O O O O O O O O O O O O O O O O O,NONE
"ĠThe ĠUS Ġhas Ġalso Ġannounced Ġthat Ġ48 - year - old ĠAustralian ĠM amd ou h ĠHab ib , Ġpreviously Ġaccused Ġof Ġterrorist Ġoffences , Ġwill Ġbe Ġreleased Ġwithout Ġcharge Ġfrom ĠCamp ĠDelta .",O O O O O O O O O O O O B-PUBLIC-FIGURE I-PUBLIC-FIGURE I-PUBLIC-FIGURE I-PUBLIC-FIGURE I-PUBLIC-FIGURE I-PUBLIC-FIGURE O O O O O O O O O O O O O O O O,NONE
ĠMr ĠEb bers Ġis Ġon Ġtrial Ġfor Ġfraud Ġand Ġconspiracy Ġin Ġrelation Ġto ĠWorld Com 's Ġcollapse Ġin Ġ2002 .,O B-BUSINESS-EXECUTIVE-MANAGER I-BUSINESS-EXECUTIVE-MANAGER O O O O O O O O O O O O O O O O O,NONE
ĠChurch Ġurges ĠN elly Ġshow Ġboycott,O O B-MUSICIAN I-MUSICIAN O O,NONE
"ĠU - C arm en Ġe Kh ay el its ha Ġ( C arm en Ġin ĠKh ay el its ha ), Ġwhich Ġis Ġone Ġof Ġ21 Ġfilms Ġup Ġfor ĠBerlin 's Ġtop Ġprize , Ġthe ĠGolden ĠBear , Ġis ĠBritish Ġdirector ĠMark ĠD orn ford - May 's Ġfirst Ġfeature Ġfilm .",O O O O O O O O O O O O O O O O O O O O O O O O O O O O O O O O O O O O O O O O O O B-ACTOR-DIRECTOR I-ACTOR-DIRECTOR I-ACTOR-DIRECTOR I-ACTOR-DIRECTOR I-ACTOR-DIRECTOR I-ACTOR-DIRECTOR O O O O O,NONE
ĠJohnny ĠDe pp :,B-ACTOR-DIRECTOR I-ACTOR-DIRECTOR I-ACTOR-DIRECTOR O,NONE
"ĠAnother Ġrole Ġunder ĠBurton , ĠEd ĠWood , Ġstarred ĠDe pp Ġas Ġthe Ġcraz ed Ġcult Ġfilm - maker ĠWood , Ġin Ġ1994 .",O O O B-ACTOR-DIRECTOR O B-ACTOR-DIRECTOR B-ACTOR-DIRECTOR O O B-ACTOR-DIRECTOR I-ACTOR-DIRECTOR O O O O O O O O B-ACTOR-DIRECTOR O O O O,NONE
ĠMr ĠFuller Ġwas Ġthe Ġcreative Ġdrive Ġbehind ĠPop ĠIdol Ġand Ġits ĠUS Ġoffspring ĠAmerican ĠIdol .,O B-BUSINESS-EXECUTIVE-MANAGER O O O O O O O O O O O O O O,NONE
"ĠPres ley 's Ġdaughter ĠLisa ĠMarie Ġretains Ġpossession Ġof ĠGrac eland Ġand Ġmany Ġof Ġher Ġfather 's Ġ"" personal Ġeffects "".",B-MUSICIAN I-MUSICIAN O O B-PUBLIC-FIGURE I-PUBLIC-FIGURE O O O O O O O O O O O O O O O,NONE
ĠPete ĠDo herty Ġmisses Ġbail Ġdeadline,B-MUSICIAN I-MUSICIAN I-MUSICIAN O O O,NONE
"ĠMus ician ĠAlan ĠWass , Ġ23 , Ġalso Ġof Ġnorth ĠLondon , Ġappeared Ġin Ġcourt Ġaccused Ġof Ġthe Ġsame Ġoffences .",O O B-MUSICIAN I-MUSICIAN O O O O O O O O O O O O O O O O O,NONE
"ĠThe Ġsinger , Ġwho Ġhas Ġbeen Ġlinked Ġto Ġsuper model ĠKate ĠMoss , Ġwas Ġarrested Ġafter Ġpolice Ġwere Ġcalled Ġto Ġthe ĠIs lington Ġhotel Ġin Ġresponse Ġto Ġclaims Ġthat Ġa Ġman Ġhad Ġbeen Ġassaulted .",O O O O O O O O O O B-PUBLIC-FIGURE I-PUBLIC-FIGURE O O O O O O O O O O O O O O O O O O O O O O O,NONE
ĠDon or Ġattacks ĠBlair - Brown Ġ' fe ud ',O O O B-POLITICIAN O O O O O O,NONE
"ĠSinger ĠAlex ĠKap ran os Ġwas Ġstudying ĠEnglish Ġat Ġuniversity Ġbut Ġhad Ġfriends Ġat Ġart Ġschool , Ġand Ġthe Ġline - up Ġwas Ġcompleted Ġwhen Ġguitarist ĠNick ĠMcCarthy Ġmoved Ġfrom ĠMunich , ĠGermany , Ġto Ġthe Ġcity .",O B-MUSICIAN I-MUSICIAN I-MUSICIAN I-MUSICIAN O O O O O O O O O O O O O O O O O O O O O B-MUSICIAN I-MUSICIAN O O O O O O O O O O,NONE
ĠOscar Ġhost ĠRock Ġto Ġkeep Ġit Ġclean,O O B-ACTOR-DIRECTOR O O O O,NONE
"ĠThe Ġshow 's Ġproducers Ġdefended ĠRock Ġand Ġconfirmed Ġthat Ġhe Ġwould Ġstill Ġbe Ġpresenting Ġthe ĠOscar Ġceremony , Ġsaying Ġhis Ġcomments Ġwere Ġ"" hum orous Ġdigs "".",O O O O O B-ACTOR-DIRECTOR O O O O O O O O O O O O O O O O O O O O O,NONE
"ĠThe ĠNorthern ĠIreland Ġathlete Ġwent Ġoff Ġat Ġa Ġstartling Ġpace Ġbut Ġhad Ġto Ġhold Ġoff Ġthe Ġchallenge Ġof ĠWelsh man ĠJimmy ĠWatkins Ġover Ġthe Ġfinal Ġ200 m Ġto Ġwin Ġin Ġone Ġminute , Ġ47 . 96 Ġseconds .",O O O O O O O O O O O O O O O O O O O O B-ATHLETE I-ATHLETE O O O O O O O O O O O O O O O O,NONE
"ĠRap Ġboss Ġarrested Ġover Ġdrug Ġfind Ċ Ċ Rap Ġmogul ĠMarion Ġ"" S uge "" ĠKnight Ġhas Ġbeen Ġarrested Ġfor Ġviolating Ġhis Ġparole Ġafter Ġhe Ġwas Ġallegedly Ġfound Ġwith Ġmarijuana .",O O O O O O O O O O B-BUSINESS-EXECUTIVE-MANAGER I-BUSINESS-EXECUTIVE-MANAGER I-BUSINESS-EXECUTIVE-MANAGER I-BUSINESS-EXECUTIVE-MANAGER I-BUSINESS-EXECUTIVE-MANAGER I-BUSINESS-EXECUTIVE-MANAGER O O O O O O O O O O O O O O O,NONE
"ĠMr ĠKnight , Ġfounder Ġof ĠDeath ĠRow ĠRecords , Ġserved Ġa Ġ10 - month Ġjail Ġterm Ġin Ġ2004 Ġfor Ġpunching Ġa Ġman Ġwhile Ġon Ġparole Ġfor Ġan Ġassault Ġconviction .",O B-BUSINESS-EXECUTIVE-MANAGER O O O O O O O O O O O O O O O O O O O O O O O O O O O O,founder
"ĠMr ĠKnight , Ġ39 , Ġwas Ġjailed Ġin ĠOctober Ġ1996 Ġfollowing Ġhis Ġinvolvement Ġin Ġa Ġfight Ġwith Ġa Ġrival Ġgang Ġjust Ġhours Ġbefore Ġrapper ĠTup ac ĠShak ur Ġwas Ġkilled Ġin Ġa ĠLas ĠVegas Ġdrive - by Ġshooting .",O B-BUSINESS-EXECUTIVE-MANAGER O O O O O O O O O O O O O O O O O O O O O O B-MUSICIAN I-MUSICIAN I-MUSICIAN I-MUSICIAN O O O O O O O O O O O,NONE
ĠHe Ġwas Ġdriving ĠShak ur 's Ġcar Ġat Ġthe Ġtime Ġand Ġwas Ġshot Ġin Ġthe Ġhead .,O O O B-MUSICIAN I-MUSICIAN O O O O O O O O O O O O,NONE
ĠMany Ġpeople Ġbelieve Ġyou ĠKil roy .,O O O O B-POLITICIAN I-POLITICIAN O,NONE
"ĠKil roy Ġis Ġan Ġable Ġcommun icator Ġand Ġa Ġcapable Ġpolitician , Ġin Ġexactly Ġthe Ġway Ġthose Ġwho Ġlead ĠUKIP Ġare Ġnot .",B-POLITICIAN I-POLITICIAN O O O O O O O O O O O O O O O O O O O O O,NONE
ĠKil roy - Sil k Ġwas Ġmade Ġan ĠMEP Ġbecause Ġof Ġhis Ġposition Ġon Ġthe ĠUKIP 's Ġparty Ġlist .,B-POLITICIAN I-POLITICIAN I-POLITICIAN I-POLITICIAN I-POLITICIAN O O O O O O O O O O O O O O O,NONE
"ĠDirector ĠMartin ĠSc ors ese 's ĠThe ĠAv iator , Ġstarring ĠLeonardo ĠDi Cap rio Ġwent Ġon Ġgeneral Ġrelease Ġon ĠChristmas ĠDay Ġin Ġthe ĠUS , Ġensuring Ġit Ġjust Ġmade Ġthe Ġdeadline .",O B-ACTOR-DIRECTOR I-ACTOR-DIRECTOR I-ACTOR-DIRECTOR I-ACTOR-DIRECTOR O O O O O O B-ACTOR-DIRECTOR I-ACTOR-DIRECTOR I-ACTOR-DIRECTOR I-ACTOR-DIRECTOR O O O O O O O O O O O O O O O O O O,NONE
"ĠMeanwhile , Ġdesign Ġengineer ĠT aku o ĠMiy ag ish ima Ġwill Ġbe Ġawarded Ġan ĠOscar Ġat Ġthe ĠScientific Ġand ĠTechnical ĠAwards ĠDinner Ġon Ġ12 ĠFebruary Ġ2005 .",O O O O B-PUBLIC-FIGURE I-PUBLIC-FIGURE I-PUBLIC-FIGURE I-PUBLIC-FIGURE I-PUBLIC-FIGURE I-PUBLIC-FIGURE I-PUBLIC-FIGURE O O O O O O O O O O O O O O O O O,NONE
"ĠGodzilla Ġgets ĠHollywood Ġfame Ġstar Ċ Ċ Movie Ġmonster ĠGodzilla Ġhas Ġreceived Ġa Ġstar Ġon ĠHollywood 's ĠWalk Ġof ĠFame , Ġhonour ing Ġboth Ġhis Ġ50 th Ġbirthday Ġand Ġthe Ġlaunch Ġof Ġhis Ġ28 th Ġfilm .",B-PUBLIC-FIGURE O O O O O O O O B-PUBLIC-FIGURE O O O O O O O O O O O O O O O O O O O O O O O O O O O,NONE
"Ġ"" God zilla Ġshould Ġthank Ġyou Ġfor Ġthis Ġhistorical Ġand Ġmonumental Ġstar ,"" Ġsaid ĠFinal ĠWars Ġproducer ĠSh ogo ĠTom iy ama .",O B-PUBLIC-FIGURE I-PUBLIC-FIGURE O O O O O O O O O O O O O O B-BUSINESS-EXECUTIVE-MANAGER I-BUSINESS-EXECUTIVE-MANAGER I-BUSINESS-EXECUTIVE-MANAGER I-BUSINESS-EXECUTIVE-MANAGER I-BUSINESS-EXECUTIVE-MANAGER O,NONE
"ĠHollywood 's Ġhonorary Ġmayor , ĠJohnny ĠGrant , Ġsaid : Ġ"" I Ġdo Ġhereby Ġproclaim Ġthis ĠGodzilla ĠDay Ġin ĠHollywood .",O O O O O B-POLITICIAN I-POLITICIAN O O O O O O O O O O O O O O,NONE
"ĠSo , ĠI Ġthink ĠGodzilla Ġjust Ġdeserves Ġa Ġvacation .""",O O O O B-PUBLIC-FIGURE O O O O O,NONE
"ĠAnd Ġproducer ĠSh ogo ĠTom iy ama Ġadded : Ġ"" So Ġlong Ġas ĠGodzilla Ġcan Ġfasc inate Ġpeople , ĠI Ġbelieve Ġhe Ġwill Ġbe Ġresurrected Ġby Ġnew Ġgenerations Ġof Ġfilmmakers Ġin Ġthe Ġfuture .""",O O B-BUSINESS-EXECUTIVE-MANAGER I-BUSINESS-EXECUTIVE-MANAGER I-BUSINESS-EXECUTIVE-MANAGER I-BUSINESS-EXECUTIVE-MANAGER I-BUSINESS-EXECUTIVE-MANAGER O O O O O O B-PUBLIC-FIGURE O O O O O O O O O O O O O O O O O O O O,NONE
ĠLord ĠBrowne Ġpointed Ġout Ġthat ĠBP Ġwas Ġre aping Ġthe Ġbenefits Ġof Ġits Ġinvestment Ġin Ġoil Ġexploration .,O B-BUSINESS-EXECUTIVE-MANAGER O O O O O O O O O O O O O O O O,NONE
"ĠGone Ġare Ġthe Ġwarm , Ġbright Ġcolours Ġfound Ġin Ġthe Ġtwo Ġearlier Ġfilms , ĠAlf onso ĠCu aron Ġbrings Ġin Ġa Ġbleak Ġand Ġcold Ġfeel Ġthat Ġis Ġsimply Ġgorgeous Ġ- Ġand Ġlooks Ġeven Ġbetter Ġhere Ġthan Ġin Ġthe Ġcinema .",O O O O O O O O O O O O O O B-ACTOR-DIRECTOR I-ACTOR-DIRECTOR I-ACTOR-DIRECTOR I-ACTOR-DIRECTOR O O O O O O O O O O O O O O O O O O O O O O,NONE
ĠStar ĠChristina ĠApp legate Ġhad Ġto Ġpull Ġout Ġof Ġpre - Broad way Ġperformances Ġearlier Ġthis Ġmonth Ġwith Ġa Ġbroken Ġfoot .,O B-ACTOR-DIRECTOR I-ACTOR-DIRECTOR I-ACTOR-DIRECTOR O O O O O O O O O O O O O O O O O O,NONE
"ĠSpringer Ġcritic ises ĠOpera Ġmusical Ċ Ċ Talk Ġshow Ġhost ĠJerry ĠSpringer , Ġwhose Ġprogramme Ġinspired Ġthe Ġcontroversial Ġopera Ġshown Ġby Ġthe ĠBBC , Ġhas Ġsaid Ġhe Ġwould Ġnot Ġhave Ġwritten Ġit Ġhimself .",B-ACTOR-DIRECTOR O O O O O O O O O B-ACTOR-DIRECTOR I-ACTOR-DIRECTOR O O O O O O O O O O O O O O O O O O O O O O,NONE
"Ġ"" Captain ĠArcher Ġand Ġthe Ġcrew Ġof Ġthe ĠNX - 01 Ġneed Ġyour Ġhelp Ġto Ġcontinue Ġtheir Ġjourneys !""",O O B-PUBLIC-FIGURE O O O O O O O O O O O O O O O O,NONE
Ġthe Ġadvert Ġsaid .,O O O O,NONE
"ĠThis Ġechoed Ġthe Ġviews Ġof ĠOscars Ġhost Ġand Ġcomedian ĠChris ĠRock , Ġwho Ġwhipped Ġup Ġa Ġmedia Ġstorm Ġfor Ġsaying Ġhe Ġrarely Ġwatched Ġthem , Ġcalling Ġaward Ġshows Ġ"" id iotic "".",O O O O O O O O O B-ACTOR-DIRECTOR I-ACTOR-DIRECTOR O O O O O O O O O O O O O O O O O O O O O,NONE
"Ġ"" East wood Ġhas Ġit Ġin Ġthe Ġbag ,"" Ġadded ĠMr ĠStrauss .",O B-ACTOR-DIRECTOR I-ACTOR-DIRECTOR O O O O O O O O B-AUTHOR-WRITER O,NONE
"ĠOther Ġfilm Ġstars Ġto Ġhave Ġappeared Ġin ĠSc r ubs Ġinclude ĠHeather ĠGraham , Ġwhile ĠFriends Ġactor ĠMatthew ĠPerry Ġhas Ġguest - star red Ġand Ġdirected Ġan Ġepisode Ġof Ġthe Ġshow .",O O O O O O O O O O O B-ACTOR-DIRECTOR I-ACTOR-DIRECTOR O O O O B-ACTOR-DIRECTOR I-ACTOR-DIRECTOR O O O O O O O O O O O O O,NONE
"ĠIts Ġleading Ġstar , ĠZach ĠBra ff , Ġhas Ġrecently Ġbeen Ġseen Ġon Ġthe Ġbig Ġscreen Ġin ĠGarden ĠState , Ġwhich Ġhe Ġalso Ġdirected .",O O O O B-ACTOR-DIRECTOR I-ACTOR-DIRECTOR I-ACTOR-DIRECTOR O O O O O O O O O O O O O O O O O O,NONE
ĠCurry 's ĠDaily ĠSource ĠCode Ġ- Ġwhich Ġhe Ġcommitted Ġto Ġdoing Ġdaily Ġto Ġinspire Ġthe Ġcommunity Ġ- Ġhas Ġ10 s Ġof Ġthousands Ġof Ġlisteners .,B-PUBLIC-FIGURE O O O O O O O O O O O O O O O O O O O O O O O O,NONE
"ĠIn Ġa Ġspeech Ġin ĠLondon Ġon ĠMonday , ĠMr ĠHoward Ġsaid : Ġ"" It 's Ġnot Ġracist , Ġas Ġsome Ġpeople Ġto Ġclaim , Ġto Ġtalk Ġabout Ġcontrolling Ġimmigration Ġfar Ġfrom Ġit .""",O O O O O O O O O B-POLITICIAN O O O O O O O O O O O O O O O O O O O O O O O,NONE
"ĠRefugee ĠCouncil ĠChief ĠExecutive ĠMae ve ĠSherlock Ġcalled Ġthe Ġplans Ġ"" danger ous , Ġill Ġthought - out Ġand Ġhugely Ġirresponsible "".",O O O O B-BUSINESS-EXECUTIVE-MANAGER I-BUSINESS-EXECUTIVE-MANAGER I-BUSINESS-EXECUTIVE-MANAGER O O O O O O O O O O O O O O O,chief executive
ĠHe Ġdid Ġnot Ġthink ĠMr ĠHoward Ġintended Ġto Ġcentre Ġthe Ġdebate Ġabout Ġrace .,O O O O O B-POLITICIAN O O O O O O O O,NONE
ĠBush Ġwebsite Ġblocked Ġoutside ĠUS,B-POLITICIAN O O O O,NONE
Ġ Ċ Ċ Sur f ers Ġoutside Ġthe ĠUS Ġhave Ġbeen Ġunable Ġto Ġvisit Ġthe Ġofficial Ġre - election Ġsite Ġof ĠPresident ĠGeorge ĠW ĠBush .,O O O O O O O O O O O O O O O O O O O O O O B-POLITICIAN I-POLITICIAN I-POLITICIAN O,NONE
ĠDeputy ĠHealth ĠMinister ĠRh ona ĠBr ank in Ġhas Ġpledged Ġto Ġstudy Ġthe Ġresearch .,O O O B-POLITICIAN I-POLITICIAN I-POLITICIAN I-POLITICIAN I-POLITICIAN O O O O O O O,NONE
ĠVan ĠGo gh Ġwas Ġshot Ġand Ġstabbed Ġto Ġdeath Ġin ĠAmsterdam Ġsix Ġweeks Ġago .,B-PUBLIC-FIGURE I-PUBLIC-FIGURE I-PUBLIC-FIGURE O O O O O O O O O O O O,NONE
"ĠThe Ġkilling , Ġand ĠFort u yn 's Ġdeath Ġin Ġ2002 , Ġconv uls ed Ġthe ĠNetherlands .",O O O O B-POLITICIAN I-POLITICIAN I-POLITICIAN O O O O O O O O O O O,NONE
ĠPhotographer ĠJim Ġde ĠBo oy Ġthen Ġgoes Ġon Ġthe Ġrun Ġfrom Ġsecret Ġservice Ġagents Ġwho Ġburg le Ġhis Ġhome Ġand Ġthreaten Ġhis Ġfamily .,O B-PUBLIC-FIGURE I-PUBLIC-FIGURE I-PUBLIC-FIGURE I-PUBLIC-FIGURE O O O O O O O O O O O O O O O O O O O,NONE
"Ġ"" The ĠLions Ġis Ġa Ġmassive Ġmedia Ġevent ,"" Ġsaid ĠWoodward , Ġwho Ġwill Ġbe Ġthe Ġhead Ġcoach .",O O O O O O O O O O B-ATHLETE O O O O O O O O,NONE
ĠPresident ĠKumar at ung a Ġattended Ġa Ġceremony Ġin Ġthe Ġsouthern Ġtown Ġof ĠHamb ant ota .,O B-POLITICIAN I-POLITICIAN I-POLITICIAN I-POLITICIAN O O O O O O O O O O O O,NONE
"ĠMrs ĠKumar at ung a Ġcalled Ġfor Ġthe Ġtragedy Ġto Ġbe Ġ"" the Ġstart Ġof Ġa Ġnew Ġbeginning Ġto Ġrebuild Ġour Ġnation "".",O B-POLITICIAN I-POLITICIAN I-POLITICIAN I-POLITICIAN O O O O O O O O O O O O O O O O O O,NONE
"ĠJ oss ĠWhedon Ġdescribed Ġthe ĠDC ĠComics Ġcharacter Ġas Ġ"" the Ġmost Ġiconic Ġfemale Ġheroine Ġof Ġour Ġtime "".",B-ACTOR-DIRECTOR I-ACTOR-DIRECTOR I-ACTOR-DIRECTOR O O O O O O O O O O O O O O O O,NONE
ĠClarke Ġfaces ĠID Ġcards Ġrebellion,B-POLITICIAN O O O O,NONE
"ĠDirect ed Ġby ĠB ollywood Ġveteran ĠSub hash ĠGh ai , Ġthe Ġfilm Ġis Ġset Ġin Ġthe ĠBritish ĠRaj Ġand ĠBern ath Ġplays Ġan Ġarmy Ġgeneral 's Ġdaughter Ġwho Ġfalls Ġin Ġlove Ġwith Ġa Ġrural Ġboy , ĠKis na .",O O O O O O B-ACTOR-DIRECTOR I-ACTOR-DIRECTOR I-ACTOR-DIRECTOR I-ACTOR-DIRECTOR O O O O O O O O O O B-ACTOR-DIRECTOR I-ACTOR-DIRECTOR O O O O O O O O O O O O O O O B-PUBLIC-FIGURE I-PUBLIC-FIGURE O,NONE
"ĠActor Ġand ĠProducer ĠA am ir ĠKhan 's Ġforthcoming Ġventure ĠThe ĠRising Ġis Ġset Ġagainst Ġthe Ġbackdrop Ġof Ġthe ĠIndian Ġmut iny Ġof Ġ18 57 , Ġwith ĠBritish Ġactor ĠToby ĠStephens Ġin Ġa Ġkey Ġrole .",O O O B-ACTOR-DIRECTOR I-ACTOR-DIRECTOR I-ACTOR-DIRECTOR I-ACTOR-DIRECTOR O O O O O O O O O O O O O O O O O O O O O O B-ACTOR-DIRECTOR I-ACTOR-DIRECTOR O O O O O,NONE
"ĠThe ĠEU 's ĠHuman itarian ĠAid ĠCommissioner , ĠLouis ĠMichel , Ġwas Ġquoted Ġas Ġsaying Ġthat Ġit Ġwas Ġkey Ġto Ġbring Ġaid Ġ"" in Ġthose Ġvital Ġhours Ġand Ġdays Ġimmediately Ġafter Ġthe Ġdisaster "".",O O O O O O O O B-POLITICIAN I-POLITICIAN O O O O O O O O O O O O O O O O O O O O O O O O,NONE
"ĠGreat ĠOr mond ĠStreet ĠHospital Ġprofessor Ġof Ġchild Ġhealth , ĠAl ĠA yn s ley - Green , Ġwas Ġchosen Ġby Ġthe Ġgovernment Ġand Ġwill Ġstart Ġthe ĠÂ£ 100 , 000 - a - year Ġjob Ġimmediately .",O O O O O O O O O O B-PUBLIC-FIGURE I-PUBLIC-FIGURE I-PUBLIC-FIGURE I-PUBLIC-FIGURE I-PUBLIC-FIGURE I-PUBLIC-FIGURE I-PUBLIC-FIGURE O O O O O O O O O O O O O O O O O O O O O,professor
ĠProf ĠA yn s ley - Green Ġhas Ġalso Ġbeen Ġthe Ġnational Ġclinical Ġdirector Ġfor Ġchildren Ġin Ġthe ĠDepartment Ġof ĠHealth .,O B-PUBLIC-FIGURE I-PUBLIC-FIGURE I-PUBLIC-FIGURE I-PUBLIC-FIGURE I-PUBLIC-FIGURE I-PUBLIC-FIGURE O O O O O O O O O O O O O O O,NONE
ĠMourinho Ġto Ġescape ĠFA Ġcharge,B-ATHLETE O O O O,NONE
ĠRef ere es Ġchief ĠKeith ĠHack ett Ġbelieves ĠMourinho Ġshould Ġretract Ġhis Ġcomments Ġabout ĠFerguson Ġand ĠBarry Ġas Ġhe Ġbelieves Ġthe ĠBlues Ġboss Ġhas Ġquestioned Ġtheir Ġintegrity .,O O O O B-PUBLIC-FIGURE I-PUBLIC-FIGURE I-PUBLIC-FIGURE O B-ATHLETE O O O O O B-ATHLETE O B-ATHLETE O O O O O O O O O O O,NONE
"ĠMr ĠMourinho Ġshould Ġlook Ġat Ġthe Ġfacts .""",O B-ATHLETE O O O O O O,NONE
"ĠMr ĠBrown Ġintroduced ĠDr ĠGreens pan Ġto Ġthe Ġ400 Ġinvited Ġguests Ġas Ġthe Ġ"" the Ġworld 's Ġgreatest Ġeconomist "".",O B-POLITICIAN O O B-PUBLIC-FIGURE I-PUBLIC-FIGURE O O O O O O O O O O O O O O,NONE
ĠDr ĠGreens pan Ġ- Ġwho Ġbecame Ġchairman Ġof Ġthe ĠFederal ĠReserve Ġfor Ġan Ġunprecedented Ġfifth Ġterm Ġin ĠJune Ġ2004 Ġ- Ġwill Ġstep Ġdown Ġin ĠJanuary Ġnext Ġyear .,O B-PUBLIC-FIGURE I-PUBLIC-FIGURE O O O O O O O O O O O O O O O O O O O O O O O O O,chairman
ĠHoffman Ġhits Ġout Ġover Ġmodern Ġfilm,B-ACTOR-DIRECTOR O O O O O,NONE
ĠKennedy Ġto Ġmake Ġtemple Ġaddress,B-POLITICIAN O O O O,NONE
"ĠMr ĠKennedy Ġis Ġto Ġtell Ġthe Ġaudience : Ġ"" Many Ġpeople Ġin ĠBritain , Ġof Ġall Ġraces , Ġcultures Ġand Ġreligions , Ġwere Ġangry Ġabout Ġthe Ġway Ġwe Ġwere Ġtaken Ġto Ġwar Ġin ĠIraq .",O B-POLITICIAN O O O O O O O O O O O O O O O O O O O O O O O O O O O O O O O O O,NONE
ĠFerguson Ġurges ĠHenry Ġpunishment,B-ATHLETE O B-ATHLETE O,NONE
"ĠThis Ġweek , Ġwe 're Ġhearing Ġfrom ĠMarian ne ĠPetersen , Ġwho Ġis Ġplanning Ġto Ġconvert Ġa Ġbarn Ġin ĠSweden Ġinto Ġa Ġbase Ġfor Ġher Ġfreelance Ġwriting Ġwork .",O O O O O O O B-AUTHOR-WRITER I-AUTHOR-WRITER I-AUTHOR-WRITER O O O O O O O O O O O O O O O O O O O,NONE
ĠMr ĠHoward Ġ- Ġhimself Ġthe Ġson Ġof Ġimmigrants Ġ- Ġwill Ġacknowledge Ġthat Ġracial Ġdiscrimination Ġstill Ġexists Ġin Ġthe ĠUK .,O B-POLITICIAN O O O O O O O O O O O O O O O O O O,NONE
ĠTaxes Ġmust Ġbe Ġtrusted Ġ- ĠKennedy,O O O O O B-POLITICIAN,NONE
"ĠMr ĠKennedy Ġalso Ġsaid Ġstudents Ġwant Ġaction Ġon Ġthe Ġenvironment Ġand Ġsee Ġthe ĠIraq Ġwar , Ġwhich Ġhis Ġparty Ġopposed , Ġas Ġa Ġdefining Ġissue .",O B-POLITICIAN O O O O O O O O O O O O O O O O O O O O O O O O,NONE
ĠR apper Ġ50 ĠCent Ġends Ġprote ge Ġfeud,O O B-MUSICIAN I-MUSICIAN O O O O,NONE
ĠA Ġmember Ġof ĠThe ĠGame 's Ġent ourage Ġwas Ġreportedly Ġshot Ġoutside Ġa Ġradio Ġstation Ġwhere Ġ50 ĠCent Ġwas Ġbeing Ġinterviewed .,O O O B-MUSICIAN I-MUSICIAN O O O O O O O O O O O B-MUSICIAN I-MUSICIAN O O O O,NONE
"ĠThe ĠBoys ĠCho ir Ġof ĠHarlem Ġgot Ġa Ġche que Ġfor Ġ$ 150 , 000 Ġ(Â£ 77 , 800 ) Ġfrom Ġ50 ĠCent , Ġwhile ĠThe ĠGame Ġhanded Ġover Ġ$ 103 , 500 Ġ(Â£ 53 , 400 ).",O O O O O O O O O O O O O O O O O O O O O B-MUSICIAN I-MUSICIAN O O B-MUSICIAN I-MUSICIAN O O O O O O O O O O O,NONE
"Ġ50 ĠCent Ġannounced Ġhe Ġhas Ġlaunched Ġthe ĠG - Unity ĠFoundation Ġ"" to Ġhelp Ġpeople Ġovercome Ġobstacles Ġand Ġmake Ġa Ġchance Ġfor Ġthe Ġbetter Ġin Ġtheir Ġlives "".",B-MUSICIAN I-MUSICIAN O O O O O O O O O O O O O O O O O O O O O O O O O O,NONE
ĠActor ĠFox x Ġsees ĠGlobe Ġnominations,O B-ACTOR-DIRECTOR I-ACTOR-DIRECTOR O O O,NONE
"Ġ"" Dan ĠBrown Ġis Ġthe Ġbest Ġwriter ĠI 've Ġcome Ġacross Ġin Ġthe Ġgenre , Ġbut Ġanyone Ġwho Ġknows Ġanything Ġabout Ġ1 st Ġcentury Ġhistory Ġwill Ġsee Ġthat Ġthis Ġunderlying Ġmaterial Ġis Ġlaughable .""",O B-AUTHOR-WRITER I-AUTHOR-WRITER O O O O O O O O O O O O O O O O O O O O O O O O O O O O O O O,writer
ĠChris ĠEvans Ġback Ġon Ġthe Ġmarket,B-ACTOR-DIRECTOR I-ACTOR-DIRECTOR O O O O,NONE
"Ġ Ċ Ċ Broad caster ĠChris ĠEvans Ġhas Ġbegun Ġselling Ġthousands Ġof Ġhis Ġpossessions Ġfrom Ġa Ġstall Ġin ĠCamden ĠMarket , ĠLondon .",O O O O O B-ACTOR-DIRECTOR I-ACTOR-DIRECTOR O O O O O O O O O O O O O O O O,NONE
ĠMr ĠBlair Ġis Ġan Ġenthusiastic Ġproponent Ġof Ġtalks Ġto Ġbring ĠTurkey Ġwithin Ġthe Ġrecently - exp anded ĠEU .,O B-POLITICIAN O O O O O O O O O O O O O O O O O,NONE
Ġ Ċ Ċ S inger ĠGeorge ĠMichael Ġhas Ġsaid Ġthat Ġa Ġnew Ġfilm Ġabout Ġhis Ġlife Ġis Ġthe Ġstart Ġof Ġa Ġretirement Ġfrom Ġpublic Ġview .,O O O O O B-MUSICIAN I-MUSICIAN O O O O O O O O O O O O O O O O O O O,NONE
ĠSir ĠMike ĠTom l inson Ġhimself Ġwas Ġbriefed Ġonly Ġthis Ġweek .,O B-PUBLIC-FIGURE I-PUBLIC-FIGURE I-PUBLIC-FIGURE I-PUBLIC-FIGURE O O O O O O O,NONE
ĠNew com er ĠCi ara 's Ġfour Ġnominations Ġinclude Ġbest Ġfemale ĠR & B - s oul Ġalbum Ġand Ġbest ĠR & B - s oul Ġor Ġrap Ġby Ġa Ġnew Ġartist .,O O O B-MUSICIAN I-MUSICIAN O O O O O O O O O O O O O O O O O O O O O O O O O O O O,NONE
"ĠMorgan ĠSpur lock Ġearned Ġthe Ġdirecting Ġaward Ġfor ĠSuper ĠSize ĠMe , Ġwhich Ġbecame Ġan Ġinternational Ġbox Ġoffice Ġhit .",B-ACTOR-DIRECTOR I-ACTOR-DIRECTOR I-ACTOR-DIRECTOR O O O O O O O O O O O O O O O O O,NONE
ĠRonaldo Ġrefused Ġto Ġcommit Ġhis Ġlong - term Ġfuture Ġto Ġthe Ġclub .,B-ATHLETE O O O O O O O O O O O O,NONE
ĠSpr inter ĠWalker Ġqu its Ġathletics,O O B-ATHLETE O O O,NONE
"ĠShadow ĠTreasury Ġchief Ġsecretary ĠGeorge ĠOsborne Ġsaid : Ġ"" Everyone Ġwho Ġlooks Ġat Ġthe ĠBritish Ġeconomy Ġat Ġthe Ġmoment Ġsays Ġthere Ġhas Ġbeen Ġa Ġsharp Ġdeterioration Ġin Ġthe Ġpublic Ġfinances , Ġthat Ġthere Ġis Ġa Ġblack Ġhole ,"" Ġhe Ġsaid .",O O O O B-POLITICIAN I-POLITICIAN O O O O O O O O O O O O O O O O O O O O O O O O O O O O O O O O O O O,NONE
ĠR ooting Ġfor ĠSt aun ton Ġin Ġthe Ġbest Ġactress Ġcategory,O O O B-ACTOR-DIRECTOR I-ACTOR-DIRECTOR I-ACTOR-DIRECTOR O O O O O,NONE
"Ġwas ĠC ate ĠBl anche tt , Ġherself Ġnominated Ġfor Ġher Ġsupporting Ġrole Ġas ĠHollywood Ġicon ĠKatherine ĠHep burn Ġin ĠThe ĠAv iator",O B-ACTOR-DIRECTOR I-ACTOR-DIRECTOR I-ACTOR-DIRECTOR I-ACTOR-DIRECTOR I-ACTOR-DIRECTOR O O O O O O O O O O B-ACTOR-DIRECTOR I-ACTOR-DIRECTOR I-ACTOR-DIRECTOR O O O O,NONE
"ĠKe anu ĠReeves , Ġwho Ġpresented Ġthe Ġbest Ġactress Ġaward , Ġsaid Ġbeing Ġon Ġthe Ġred Ġcarpet Ġwas Ġan Ġ"" exc iting "" Ġpart Ġof Ġhis Ġjob .",B-ACTOR-DIRECTOR I-ACTOR-DIRECTOR I-ACTOR-DIRECTOR O O O O O O O O O O O O O O O O O O O O O O O O O,NONE
ĠJoshua ĠReynolds : ĠThe ĠCreation Ġof ĠCelebrity,B-PUBLIC-FIGURE I-PUBLIC-FIGURE O O O O O,NONE
ĠRonald ĠKo eman Ġquit Ġas ĠAjax Ġboss Ġlast Ġweek Ġafter Ġtheir Ġexit Ġfrom Ġthe ĠU ef a ĠCup .,B-ATHLETE I-ATHLETE I-ATHLETE O O O O O O O O O O O O O O O O,NONE
"ĠArnold 's Ġgritty Ġdrama ĠW asp Ġis Ġabout Ġa Ġsingle Ġmother Ġliving Ġon Ġthe Ġbread line , Ġwhile ĠKumar 's ĠLittle ĠTerror ist Ġfollows Ġa Ġyoung ĠPakistani ĠMuslim Ġboy , Ġwho Ġgets Ġstuck Ġon Ġthe Ġwrong Ġside Ġof Ġthe Ġheavily Ġarmed ĠIndian Ġborder .",B-ACTOR-DIRECTOR O O O O O O O O O O O O O O O O O B-ACTOR-DIRECTOR O O O O O O O O O O O O O O O O O O O O O O O O O,NONE
"ĠSince Ġshe Ġpresented Ġchildren 's ĠTV Ġshows ĠNumber Ġ73 Ġand ĠMot orm outh Ġin Ġthe Ġ1980 s , ĠArnold Ġhas Ġkept Ġa Ġlow Ġprofile Ġand Ġis Ġhaving Ġtrouble Ġadapting Ġto Ġthis Ġsudden Ġonslaught Ġof Ġattention .",O O O O O O O O O O O O O O O O O O B-ACTOR-DIRECTOR O O O O O O O O O O O O O O O O O,NONE
"ĠL ' E squ ive Ġearned Ġa ĠC esar Ġprize Ġfor Ġits Ġdirector , ĠTunis ian - born ĠAbd ell at if ĠK ech iche , Ġand Ġits Ġyoung Ġstar , Ġthe Ġ18 - year - old Ġactress ĠSara ĠForest ier .",O O O O O O O O O O O O O O O O O O B-ACTOR-DIRECTOR I-ACTOR-DIRECTOR I-ACTOR-DIRECTOR I-ACTOR-DIRECTOR I-ACTOR-DIRECTOR I-ACTOR-DIRECTOR I-ACTOR-DIRECTOR O O O O O O O O O O O O O B-ACTOR-DIRECTOR I-ACTOR-DIRECTOR I-ACTOR-DIRECTOR O,NONE
"Ġ Ċ Ċ But Ġthe Ġartists Ġ- ĠBeen ie ĠMan , ĠS izz la , ĠElephant ĠMan , ĠBu ju ĠB anton , ĠBounty ĠKiller , ĠTO K , ĠCap leton Ġand ĠV y b z ĠKart el Ġ- Ġwill Ġnot Ġhave Ġto Ġapologise Ġfor Ġpast Ġsongs Ġor Ġcomments .",O O O O O O O B-MUSICIAN I-MUSICIAN I-MUSICIAN O B-MUSICIAN I-MUSICIAN I-MUSICIAN O B-MUSICIAN I-MUSICIAN O B-MUSICIAN I-MUSICIAN I-MUSICIAN I-MUSICIAN O B-MUSICIAN I-MUSICIAN O B-MUSICIAN I-MUSICIAN O B-MUSICIAN I-MUSICIAN O B-MUSICIAN I-MUSICIAN I-MUSICIAN I-MUSICIAN I-MUSICIAN I-MUSICIAN O O O O O O O O O O O O,NONE
"ĠMike ĠLeigh Ġis Ġup Ġfor Ġthe Ġbest Ġdirector Ġaward Ġfor ĠVera ĠDrake , Ġalongside ĠMartin ĠSc ors ese Ġfor ĠThe ĠAv iator , ĠMichael ĠMann Ġfor ĠColl ateral , ĠMichel ĠG ond ry Ġfor ĠEternal ĠSunshine Ġof Ġthe ĠSpot less ĠMind Ġand ĠMarc ĠFor ster Ġfor ĠFinding ĠNever land .",B-ACTOR-DIRECTOR I-ACTOR-DIRECTOR O O O O O O O O B-PUBLIC-FIGURE I-PUBLIC-FIGURE O O B-ACTOR-DIRECTOR I-ACTOR-DIRECTOR I-ACTOR-DIRECTOR I-ACTOR-DIRECTOR O O O O O B-ACTOR-DIRECTOR I-ACTOR-DIRECTOR O O O O B-ACTOR-DIRECTOR I-ACTOR-DIRECTOR I-ACTOR-DIRECTOR I-ACTOR-DIRECTOR O O O O O O O O O B-ACTOR-DIRECTOR I-ACTOR-DIRECTOR I-ACTOR-DIRECTOR O O O O O,NONE
"Ġ Ċ Ċ Ms ĠKelly , Ġwho Ġis ĠCatholic , Ġis Ġreported Ġto Ġbe Ġ"" pro - life "" Ġand Ġhas Ġopposed Ġembryo Ġresearch .",O O O O B-POLITICIAN O O O O O O O O O O O O O O O O O O O O,NONE
ĠMedical ĠResearch ĠCouncil ĠProfessor ĠNancy ĠRoth well Ġsaid ĠMs ĠKelly 's Ġviews Ġmattered Ġas Ġshe Ġwas Ġresponsible Ġfor Ġtraining Ġfuture Ġscientists .,O O O O B-PUBLIC-FIGURE I-PUBLIC-FIGURE I-PUBLIC-FIGURE O O B-POLITICIAN O O O O O O O O O O O O,professor
"ĠHe Ġsaid : Ġ"" If Ġsomeone Ġas Ġsenior Ġas ĠRuth ĠKelly Ġis Ġnot Ġgoing Ġto Ġfavour Ġstem Ġcell Ġresearch Ġwe Ġwill Ġend Ġup Ġwith Ġa Ġsimilarly Ġschizophren ic Ġsystem Ġin Ġthis Ġcountry .",O O O O O O O O O B-POLITICIAN I-POLITICIAN O O O O O O O O O O O O O O O O O O O O O O,NONE
ĠThe Ġstar Ġof Ġfilm Ġand ĠTV Ġhits ĠDay Ġof Ġthe ĠJack al Ġand ĠEdward Ġand ĠMrs ĠSimpson Ġhas Ġjoined Ġforces Ġwith ĠSwansea - born Ġactor - director ĠTerry ĠPalmer .,O O O O O O O O O O O O O B-PUBLIC-FIGURE O B-PUBLIC-FIGURE I-PUBLIC-FIGURE O O O O O O O O O O B-ACTOR-DIRECTOR I-ACTOR-DIRECTOR O,NONE
"ĠDuring Ġhis Ġinterview Ġwith Ġthe ĠJewish ĠChronicle , ĠMr ĠBlair Ġsaid : Ġ"" I 've Ġbeen Ġa Ġvery Ġstrong Ġsupporter Ġof Ġthe ĠJewish Ġcommunity Ġand ĠIsrael , Ġand Ġwill Ġalways Ġbe Ġso .""",O O O O O O O O O B-POLITICIAN O O O O O O O O O O O O O O O O O O O O O O O,NONE
"ĠMr ĠBlair Ġrepeated Ġcalls Ġfor Ġthe Ġmayor Ġto Ġapologise Ġfor Ġlik ening Ġthe Ġreporter , ĠOliver ĠFine gold , Ġto Ġa Ġconcentration Ġcamp Ġguard .",O B-POLITICIAN O O O O O O O O O O O O O B-AUTHOR-WRITER I-AUTHOR-WRITER I-AUTHOR-WRITER O O O O O O O,NONE
ĠThe Ġtrial Ġof ĠMr ĠEb bers Ġis Ġnow Ġinto Ġits Ġthird Ġweek .,O O O O B-BUSINESS-EXECUTIVE-MANAGER I-BUSINESS-EXECUTIVE-MANAGER O O O O O O O,NONE
ĠEl ton Ġplays ĠParis Ġcharity Ġconcert,B-MUSICIAN I-MUSICIAN O O O O,NONE
ĠSir ĠEl ton Ġhas Ġalso Ġteamed Ġup Ġwith ĠPhil ĠCollins Ġto Ġrecord Ġa Ġversion Ġof ĠEric ĠCl apt on 's Ġ1991 Ġhit ĠTears ĠIn ĠHeaven Ġto Ġraise Ġmoney Ġfor Ġthe Ġrelief Ġfund .,O B-MUSICIAN I-MUSICIAN O O O O O B-MUSICIAN I-MUSICIAN O O O O O B-MUSICIAN I-MUSICIAN I-MUSICIAN I-MUSICIAN O O O O O O O O O O O O O O,NONE
ĠMourinho Ġdefiant Ġon ĠChelsea Ġform,B-ATHLETE O O O O,NONE
"ĠAsked Ġif Ġhis ĠChelsea Ġhoney moon Ġwas Ġnow Ġover , ĠMourinho Ġreplied : Ġ"" I Ġhave Ġhad Ġ20 Ġyears Ġof Ġhoney mo ons Ġwith Ġmy Ġwife .",O O O O O O O O O O B-ATHLETE O O O O O O O O O O O O O O O O,NONE
"Ġ"" As Ġgas Ġprices Ġcontinue Ġtheir Ġupward Ġmarch , Ġfuel Ġefficiency Ġcatches Ġthe Ġpublic Ġeye ,"" ĠJim ĠPress , Ġvice Ġpresident Ġand Ġchief Ġoperating Ġofficer Ġof ĠToyota 's ĠUS Ġsales Ġarm , Ġsaid Ġin Ġa Ġstatement .",O O O O O O O O O O O O O O O O B-BUSINESS-EXECUTIVE-MANAGER I-BUSINESS-EXECUTIVE-MANAGER O O O O O O O O O O O O O O O O O O O,vice president
ĠFormer ĠPlays chool Ġpresenter ĠFlo ella ĠBenjamin Ġwas Ġawarded Ġthe ĠSpecial ĠAward Ġfor Ġoutstanding Ġcreative Ġcontribution Ġto Ġchildren 's Ġfilm Ġand Ġtelevision .,O O O O B-ACTOR-DIRECTOR I-ACTOR-DIRECTOR I-ACTOR-DIRECTOR O O O O O O O O O O O O O O O O,presenter
ĠSouth ĠAmerican - themed Ġcartoon ĠJ oko !,O O O O O O O O,NONE
ĠJak am oko !,O O O O,NONE
ĠT oto !,O O O,NONE
Ġwon Ġthe Ġhonour Ġfor Ġpre - school Ġanimation Ġand Ġits Ġwriter ĠTony ĠColl ing wood Ġfor Ġoriginal Ġwriter .,O O O O O O O O O O O B-AUTHOR-WRITER I-AUTHOR-WRITER I-AUTHOR-WRITER I-AUTHOR-WRITER O O O O,writer
"ĠDebbie ĠIs itt Ġwon Ġthe Ġaward Ġfor Ġbest Ġadapted Ġwriter Ġfor Ġher Ġwork Ġwith ĠJacqu eline ĠWilson 's ĠThe ĠIllustrated ĠMum , Ġwhich Ġwon Ġthe Ġaward Ġfor Ġbest Ġschools Ġdrama .",B-AUTHOR-WRITER I-AUTHOR-WRITER I-AUTHOR-WRITER O O O O O O O O O O O B-AUTHOR-WRITER I-AUTHOR-WRITER I-AUTHOR-WRITER O O O O O O O O O O O O O O,writer
ĠShadow Ġhome Ġsecretary ĠDavid ĠDavis Ġsaid Ġfive Ġmillion Ġchildren Ġwere Ġbeing Ġdenied Ġadequate Ġsporting Ġopportunities .,O O O B-POLITICIAN I-POLITICIAN O O O O O O O O O O O,NONE
ĠDeputy ĠPrime ĠMinister ĠJohn ĠPrescott Ġheld Ġa Ġprivate Ġmeeting Ġwith Ġsenior Ġunion Ġfigures Ġon ĠThursday Ġnight .,O O O B-POLITICIAN I-POLITICIAN O O O O O O O O O O O O,NONE
"ĠHe , Ġlike ĠMr ĠKennedy , Ġpointed Ġto Ġthe Ġhundreds Ġof Ġthousands Ġof Ġpeople Ġwho Ġdemonstrated Ġagainst Ġplans Ġfor Ġthe ĠIraq Ġwar .",O O O O B-POLITICIAN O O O O O O O O O O O O O O O O O O,NONE
"ĠOthers Ġtargeted Ġinclude ĠOliver ĠLet win , ĠDavid ĠDavis Ġand ĠTheresa ĠMay , ĠLib ĠDem 's Ġelections Ġchief ĠLord ĠR enn ard Ġsaid .",O O O B-POLITICIAN I-POLITICIAN I-POLITICIAN O B-POLITICIAN I-POLITICIAN O B-POLITICIAN I-POLITICIAN O O O O O O B-POLITICIAN I-POLITICIAN I-POLITICIAN I-POLITICIAN O O,NONE
ĠMcC rir ick Ġout Ġof ĠBig ĠBrother Ġshow,B-PUBLIC-FIGURE I-PUBLIC-FIGURE I-PUBLIC-FIGURE O O O O O,NONE
Ġ Ċ Ċ R acing Ġpund it ĠJohn ĠMcC rir ick Ġhas Ġbecome Ġthe Ġlatest Ġcontestant Ġto Ġbe Ġev icted Ġfrom ĠCelebrity ĠBig ĠBrother .,O O O O O O O B-PUBLIC-FIGURE I-PUBLIC-FIGURE I-PUBLIC-FIGURE I-PUBLIC-FIGURE O O O O O O O O O O O O O O,pundit
"ĠP iers ĠFre el ove Ġis Ġsenior Ġbenefit Ġofficer Ġon Ġthe Ġpick et Ġline Ġat ĠCompanies ĠHouse , Ġin ĠCardiff .",B-PUBLIC-FIGURE I-PUBLIC-FIGURE I-PUBLIC-FIGURE I-PUBLIC-FIGURE I-PUBLIC-FIGURE O O O O O O O O O O O O O O O O,NONE
ĠBeckham Ġrelief Ġas ĠReal Ġgo Ġthrough Ċ Ċ David ĠBeckham Ġexpressed Ġhis Ġrelief Ġat ĠReal ĠMadrid 's Ġpassage Ġto Ġthe ĠChampions ĠLeague Ġknockout Ġphase .,B-ATHLETE O O O O O O O B-ATHLETE I-ATHLETE O O O O O O O O O O O O O O O,NONE
ĠTV Ġpresenter ĠDee ley Ġdrops ĠCD : UK,O O B-ACTOR-DIRECTOR I-ACTOR-DIRECTOR O O O O,presenter
ĠLeader ĠMichael ĠHoward Ġsaid Ġthe Ġchecks Ġon Ġnew Ġarrivals Ġwould Ġhelp Ġprotect Ġpublic Ġhealth Ġand Ġthe ĠNHS .,O B-POLITICIAN I-POLITICIAN O O O O O O O O O O O O O O O,NONE
"ĠImmigration Ġminister ĠDes ĠBrowne Ġquoted Ġits Ġfive - year Ġplan Ġfor Ġimmigration Ġand Ġasylum , Ġas Ġsaying : Ġ"" We Ġare Ġimplementing Ġour Ġexisting Ġpowers Ġby Ġtargeted Ġhealth Ġscreening Ġfor ĠTB Ġin Ġhigh - risk Ġareas Ġat Ġthe Ġentry Ġclearance Ġstage .",O O B-POLITICIAN I-POLITICIAN O O O O O O O O O O O O O O O O O O O O O O O O O O O O O O O O O O O O O O,NONE
ĠBlair Ġdefends Ġterror Ġlaw Ġchanges,B-POLITICIAN O O O O,NONE
"ĠAs Ġsuch Ġthere Ġwas Ġnothing Ġto Ġstop ĠMr ĠUnder wood Ġletting Ġpeople Ġhunt Ġ"" un regulated "" Ġimported Ġanimals Ġand Ġwild Ġpigs .",O O O O O O O O B-PUBLIC-FIGURE I-PUBLIC-FIGURE O O O O O O O O O O O O O,NONE
ĠMr ĠUnder wood Ġalso Ġlets Ġpeople Ġcome Ġin Ġperson Ġto Ġthe Ġranch Ġto Ġhunt Ġand Ġshoot Ġgame Ġanimals .,O B-PUBLIC-FIGURE I-PUBLIC-FIGURE O O O O O O O O O O O O O O O O,NONE
ĠRad cliffe Ġtackles Ġmarathon Ġtasks,B-ATHLETE I-ATHLETE O O O,NONE
"ĠAnd ĠY elling Ġsays : Ġ"" I Ġthink Ġthis Ġwill Ġprobably Ġmake ĠPaula .""",O B-PUBLIC-FIGURE I-PUBLIC-FIGURE O O O O O O O O O B-ATHLETE O,NONE
"Ġ Ċ Ċ H iding Ġwomen Ġaway Ġin Ġthe Ġhome Ġhidden Ġbehind Ġve ils Ġis Ġa Ġbackward Ġview Ġof ĠIslam , ĠPresident ĠMush ar raf Ġof ĠPakistan Ġhas Ġsaid Ġduring Ġa Ġvisit Ġto ĠBritain .",O O O O O O O O O O O O O O O O O O O O O O B-POLITICIAN I-POLITICIAN I-POLITICIAN O O O O O O O O O O,NONE
"ĠShe Ġis Ġvery Ġreligious Ġbut Ġshe Ġis Ġvery Ġmoderate ,"" Ġsaid ĠGeneral ĠMush ar raf .",O O O O O O O O O O O O B-POLITICIAN I-POLITICIAN I-POLITICIAN O,NONE
"ĠGen ĠMush ar raf Ġtold Ġthe ĠBBC : Ġ"" Some Ġpeople Ġthink Ġthat Ġthe Ġwomen Ġshould Ġbe Ġconfined Ġto Ġtheir Ġhouses Ġand Ġput Ġve ils Ġon Ġand Ġall Ġthat Ġand Ġthey Ġshould Ġnot Ġmove Ġout Ġ- Ġabsolutely Ġwrong .""",O B-POLITICIAN I-POLITICIAN I-POLITICIAN O O O O O O O O O O O O O O O O O O O O O O O O O O O O O O O O O O O,NONE
"ĠOn ĠMonday Ġthe ĠPakistani Ġpresident Ġmet ĠPrime ĠMinister ĠTony ĠBlair Ġat Ġ10 ĠDowning ĠStreet , Ġon Ġhis Ġfirst Ġofficial Ġvisit Ġto ĠLondon .",O O O O O O O O B-POLITICIAN I-POLITICIAN O O O O O O O O O O O O O,NONE
"ĠSpeaking Ġin ĠLondon Ġon ĠMonday , ĠGen ĠMush ar raf Ġsaid Ġal - Qaeda Ġwas Ġ"" on Ġthe Ġrun "" Ġin ĠPakistan .",O O O O O O O B-POLITICIAN I-POLITICIAN I-POLITICIAN O O O O O O O O O O O O O,NONE
"ĠBut Ġstanding Ġnext Ġto ĠMr ĠBlair Ġhe Ġadded Ġthat Ġit Ġwas Ġcrucial Ġto Ġtackle Ġthe Ġ"" core Ġof Ġwhat Ġcreates Ġterrorists , Ġwhat Ġcreates Ġan Ġextremist , Ġmilitant Ġenvironment Ġwhich Ġthen Ġleads Ġon Ġto Ġterrorism "".",O O O O O B-POLITICIAN O O O O O O O O O O O O O O O O O O O O O O O O O O O O O O,NONE
"ĠTheresa ĠMay , ĠTory Ġshadow Ġwork Ġand Ġpensions Ġsecretary , Ġsaid : Ġ"" We Ġhave Ġgot Ġto Ġfind Ġa Ġway Ġthat 's Ġgoing Ġto Ġensure Ġthose Ġpayments Ġget Ġthrough Ġto Ġthe Ġpeople Ġwho Ġare Ġdue Ġthem .""",B-POLITICIAN I-POLITICIAN O O O O O O O O O O O O O O O O O O O O O O O O O O O O O O O O O O O,NONE
ĠHe Ġis Ġalso Ġbeing Ġinvestigated Ġover Ġthe Ġvisa Ġapplication Ġof ĠMrs ĠQuinn 's Ġex - n anny .,O O O O O O O O O O O B-PUBLIC-FIGURE O O O O O O,NONE
ĠMall on Ġw ades Ġinto ĠNE Ġvote Ġbattle,B-POLITICIAN I-POLITICIAN O O O O O O,NONE
"ĠThe Ġformer Ġpolice Ġchief , Ġdubbed ĠRob oc op Ġfor Ġhis Ġzero Ġtolerance Ġstyle , Ġclashed Ġon ĠThursday Ġwith ĠSunderland ĠNo Ġcampaigner ĠNeil ĠHer ron .",O O O O O O B-PUBLIC-FIGURE I-PUBLIC-FIGURE I-PUBLIC-FIGURE O O O O O O O O O O O O O B-POLITICIAN I-POLITICIAN I-POLITICIAN O,NONE
"ĠMr ĠMall on Ġis Ġa Ġlate Ġrecruit Ġto Ġthe ĠYes Ġcampaign Ġafter Ġrejecting Ġovert ures Ġfrom ĠNo Ġcampaigners Ġincluding , Ġhe Ġclaims , ĠTory Ġleader ĠMichael ĠHoward .",O B-POLITICIAN I-POLITICIAN O O O O O O O O O O O O O O O O O O O O O O B-POLITICIAN I-POLITICIAN O,NONE
ĠMorrison Ġis Ġseen Ġquizz ing Ġa Ġcollege Ġadministrator Ġon Ġwhy Ġhe Ġwas Ġrefused .,B-PUBLIC-FIGURE O O O O O O O O O O O O O,NONE
"ĠAnd ĠI Ġam Ġnot Ġgoing Ġto Ġbe Ġdiverted Ġor Ġdistracted , Ġnor Ġis ĠTony ĠBlair , Ġby Ġnewspaper Ġstories Ġor Ġbooks Ġor Ġrumours Ġor Ġgossip .",O O O O O O O O O O O O O B-POLITICIAN I-POLITICIAN O O O O O O O O O O O,NONE
"ĠConn ors ' Ġrallying Ġcry Ġfor ĠBritish Ġtennis Ċ Ċ "" Do Ġyou Ġhave Ġit Ġin Ġyour Ġheart ?",B-ATHLETE I-ATHLETE O O O O O O O O O O O O O O O O O,NONE
ĠConn ors Ġis Ġnot Ġthe Ġfirst Ġgreat Ġname Ġto Ġoffer Ġhis Ġservices Ġto Ġthe ĠL TA Ġ- Ġhis Ġlong - time Ġrival ĠJohn ĠMc En roe Ġhas Ġrepeatedly Ġdone Ġthe Ġsame .,B-ATHLETE I-ATHLETE O O O O O O O O O O O O O O O O O O O O B-ATHLETE I-ATHLETE I-ATHLETE I-ATHLETE O O O O O O,NONE
ĠConn ors Ġis Ġa Ġstraight - talk er Ġand Ġwill Ġbe Ġequally Ġblunt Ġand Ġhonest Ġin Ġhis Ġdealings Ġwith Ġthe ĠL TA Ġand Ġthe Ġcream Ġof ĠBritain 's Ġyoung Ġplayers .,B-ATHLETE I-ATHLETE O O O O O O O O O O O O O O O O O O O O O O O O O O O O O,NONE
"ĠPresident ĠBush Ġhas Ġannounced Ġthat Ġan Ġalliance Ġof Ġthe ĠUS , ĠIndia , ĠAustralia Ġand ĠJapan Ġwill Ġco - ordinate Ġa Ġhumanitarian Ġdrive .",O B-POLITICIAN O O O O O O O O O O O O O O O O O O O O O O,NONE
ĠMs ĠShort Ġresigned Ġas Ġinternational Ġdevelopment Ġsecretary Ġover Ġthe ĠIraq Ġwar .,O B-POLITICIAN O O O O O O O O O O,NONE
ĠBlair Ġrejects ĠIraq Ġadvice Ġcalls,B-POLITICIAN O O O O,NONE
"ĠMr ĠM ates , Ġwho Ġis Ġa Ġmember Ġof Ġthe ĠCommons Ġintelligence Ġand Ġsecurity Ġcommittee Ġand Ġwas Ġpart Ġof Ġthe ĠButler Ġinquiry Ġinto Ġpre - war Ġintelligence , Ġtold Ġthe ĠBBC Ġon ĠFriday : Ġ"" That , Ġas Ġa Ġgeneral Ġrule , Ġis Ġright , Ġbut Ġit 's Ġnot Ġan Ġabsolute Ġrule .""",O B-POLITICIAN I-POLITICIAN O O O O O O O O O O O O O O O O O B-POLITICIAN O O O O O O O O O O O O O O O O O O O O O O O O O O O O O O O O,NONE
ĠChar vis Ġset Ġto Ġlose Ġfitness Ġbid,B-ATHLETE I-ATHLETE O O O O O,NONE
"ĠUK Ġheading Ġwrong Ġway , Ġsays ĠHoward",O O O O O O B-POLITICIAN,NONE
"Ġ"" Pat ent Ġrights , Ġit Ġis Ġclaimed , Ġprotect Ġinvent ors Ġbut Ġin Ġthis Ġcase Ġit Ġis Ġexclusively Ġthe Ġinterests Ġof Ġthe Ġbig Ġcompanies Ġthat Ġare Ġprotected ,"" ĠEva ĠLich ten berg , Ġa ĠAustrian ĠGreen Ġmember Ġof Ġthe ĠEuropean ĠParliament Ġsaid Ġin Ġa Ġstatement .",O O O O O O O O O O O O O O O O O O O O O O O O O O O O O B-POLITICIAN I-POLITICIAN I-POLITICIAN I-POLITICIAN O O O O O O O O O O O O O O,NONE
"Ġ"" I 'm Ġnot Ġpleased ,"" ĠJefferson ĠParish ĠSheriff ĠHarry ĠLee Ġsaid .",O O O O O O O O O B-POLITICIAN I-POLITICIAN O O,NONE
"Ġ"" Of Ġcourse Ġwe Ġapplaud Ġhumanitarian Ġinitiatives , Ġbut Ġwhy Ġtarget Ġthe Ġairlines ?""",O O O O O O O O O O O O O O,NONE
"Ġsaid ĠUl rich ĠSch ult e - Str ath aus , Ġsecretary Ġgeneral Ġof Ġthe ĠAssociation Ġof ĠEuropean ĠAirlines .",O B-BUSINESS-EXECUTIVE-MANAGER I-BUSINESS-EXECUTIVE-MANAGER I-BUSINESS-EXECUTIVE-MANAGER I-BUSINESS-EXECUTIVE-MANAGER I-BUSINESS-EXECUTIVE-MANAGER I-BUSINESS-EXECUTIVE-MANAGER I-BUSINESS-EXECUTIVE-MANAGER I-BUSINESS-EXECUTIVE-MANAGER I-BUSINESS-EXECUTIVE-MANAGER O O O O O O O O O O,NONE
ĠWool f Ġmurder Ġsentence Ġrethink,O O O O O,NONE
"ĠMr ĠBoat eng , Ġ53 , Ġis Ġto Ġbecome Ġthe ĠUK 's Ġhigh Ġcommissioner Ġto ĠSouth ĠAfrica .",O B-POLITICIAN I-POLITICIAN O O O O O O O O O O O O O O O,NONE
"ĠPrime ĠMinister ĠTony ĠBlair Ġsaid : Ġ"" Paul Ġhas Ġbeen Ġboth Ġa Ġvalued Ġcolleague Ġand Ġa Ġtrusted Ġfriend Ġfor Ġmany Ġyears .",O O B-POLITICIAN I-POLITICIAN O O O B-POLITICIAN O O O O O O O O O O O O O O,NONE
"Ġ"" The Ġsituation Ġfor ĠJ ens Ġis Ġthat Ġhe Ġis Ġcurrently Ġthe Ġnumber Ġtwo Ġkeeper Ġat ĠArsenal .",O O O O B-ATHLETE I-ATHLETE O O O O O O O O O O O O,NONE
ĠHoward Ġattacks Ġ' pay Ġlater ' ĠBudget,B-POLITICIAN O O O O O O,NONE
ĠSc ul th or pe Ġwants ĠLions Ġcaptain cy,B-ATHLETE I-ATHLETE I-ATHLETE I-ATHLETE I-ATHLETE O O O O,NONE
"ĠHis Ġwords Ġcame Ġas ĠCardinal ĠCorm ac ĠMurphy ĠO ' Connor , Ġthe ĠArchbishop Ġof ĠWestminster , Ġbacked ĠMr ĠHoward 's Ġstance Ġand Ġdist anced Ġhimself Ġfrom ĠLabour .",O O O O O B-PUBLIC-FIGURE I-PUBLIC-FIGURE I-PUBLIC-FIGURE I-PUBLIC-FIGURE I-PUBLIC-FIGURE I-PUBLIC-FIGURE O O O O O O O O B-POLITICIAN O O O O O O O O O,NONE
"ĠIn Ġa Ġstatement , Ġhe Ġsaid Ġabortion Ġwas Ġa Ġ"" very Ġkey Ġissue "", Ġsaying : Ġ"" The Ġpolicy Ġsupported Ġby ĠMr ĠHoward Ġis Ġone Ġthat Ġwe Ġwould Ġcommend , Ġon Ġthe Ġway Ġto Ġa Ġfull Ġabandonment Ġof Ġabortion .""",O O O O O O O O O O O O O O O O O O O O O O B-POLITICIAN O O O O O O O O O O O O O O O O O,NONE
"ĠIn Ġthe ĠCos mopolitan Ġinterview ĠMr ĠHoward Ġsaid : Ġ"" I Ġbelieve Ġabortion Ġshould Ġbe Ġavailable Ġto Ġeveryone , Ġbut Ġthe Ġlaw Ġshould Ġbe Ġchanged .",O O O O O O B-POLITICIAN O O O O O O O O O O O O O O O O O O O,NONE
"ĠMr ĠBlair , Ġwho Ġlast Ġyear Ġdenied Ġhe Ġplanned Ġto Ġjoin Ġhis Ġwife Ġand Ġfour Ġchildren Ġin Ġthe ĠCatholic Ġfaith Ġdespite Ġregularly Ġtaking Ġcommunion , Ġsaid Ġabortion Ġwas Ġa Ġ"" diff icult Ġissue "".",O B-POLITICIAN O O O O O O O O O O O O O O O O O O O O O O O O O O O O O O O O,NONE
"ĠAnti - abortion Ġgroup Ġthe ĠPro - Life ĠAlliance Ġ"" cong rat ulated "" ĠMr ĠHoward Ġon Ġhis Ġnew Ġstance , Ġbut Ġsaid Ġit Ġdid Ġnot Ġgo Ġfar Ġenough .",O O O O O O O O O O O O O O O B-POLITICIAN O O O O O O O O O O O O O O,NONE
"ĠManchester ĠUnited Ġpast Ġand Ġpresent Ġfootball ers ĠEric ĠCant ona Ġand ĠOle ĠGun nar ĠSol sk ja er , Ġand Ġclub Ġmanager ĠSir ĠAlex ĠFerguson , Ġhave Ġlent Ġtheir Ġbacking Ġto Ġthe Ġsupporters ' Ġgroup , ĠShare holders ĠUnited .",O O O O O O O B-ATHLETE I-ATHLETE I-ATHLETE O B-ATHLETE I-ATHLETE I-ATHLETE I-ATHLETE I-ATHLETE I-ATHLETE I-ATHLETE O O O O B-ATHLETE I-ATHLETE I-ATHLETE O O O O O O O O O O O O O O O,manager
ĠBut Ġhe Ġsaid ĠMr ĠBlair Ġhad Ġlost Ġthe Ġtrust Ġof Ġthe ĠBritish Ġpeople .,O O O O B-POLITICIAN O O O O O O O O O,NONE
"ĠMr ĠKennedy Ġalso Ġused Ġhis ĠTV Ġappearance Ġto Ġdefend Ġhis Ġparty 's Ġplans Ġto Ġincrease Ġincome Ġtax Ġto Ġ50 % Ġfor Ġthose Ġearning Ġmore Ġthan ĠÂ£ 100 , 000 , Ġsaying Ġit Ġwould Ġapply Ġto Ġjust Ġ1 % Ġof Ġthe Ġpopulation .",O B-POLITICIAN O O O O O O O O O O O O O O O O O O O O O O O O O O O O O O O O O O O O O O O O,NONE
ĠTory Ġleader Ġurges ĠHarry Ġapology,O O O B-PUBLIC-FIGURE O,NONE
"Ġ Ċ Ċ Prince ĠHarry Ġshould Ġpersonally Ġmake Ġclear Ġhow Ġsorry Ġhe Ġis Ġabout Ġwearing Ġa ĠNazi Ġuniform Ġto Ġa Ġfriend 's Ġfancy Ġdress Ġparty , Ġsays ĠTory Ġleader ĠMichael ĠHoward .",O O O B-PUBLIC-FIGURE I-PUBLIC-FIGURE O O O O O O O O O O O O O O O O O O O O O O O O B-POLITICIAN I-POLITICIAN O,NONE
"ĠMr ĠHoward , Ġwhose Ġgrandmother Ġdied Ġin ĠAuschwitz , Ġsaid Ġmany Ġpeople Ġwould Ġbe Ġoffended Ġby Ġthe Ġprince 's Ġactions ĠClarence ĠHouse Ġhas Ġissued Ġa Ġstatement Ġsaying Ġthe Ġprince Ġhas Ġapologised Ġand Ġrealised Ġit Ġhad Ġbeen Ġa Ġpoor Ġcostume .",O B-POLITICIAN O O O O O O O O O O O O O O O O O O O O O O O O O O O O O O O O O O O O O O,NONE
ĠNumber Ġ10 Ġsaid Ġan Ġerror Ġwas Ġmade Ġbut Ġnow ĠHarry Ġhad Ġapologised Ġthe Ġmatter Ġshould Ġbe Ġleft Ġto Ġthe Ġpalace .,O O O O O O O O O B-PUBLIC-FIGURE O O O O O O O O O O O,NONE
"Ġ"" There Ġis Ġa Ġreservoir Ġof Ġgoodwill Ġfor ĠPrince ĠHarry , Ġand ĠPrince ĠWilliam Ġwith Ġhim , Ġin Ġthis Ġcountry , Ġbut ĠI Ġthink Ġhe Ġneeds Ġto Ġremember Ġthat Ġit Ġcan 't Ġlast Ġforever .""",O O O O O O O O B-PUBLIC-FIGURE I-PUBLIC-FIGURE O O B-PUBLIC-FIGURE I-PUBLIC-FIGURE O O O O O O O O O O O O O O O O O O O O O,NONE
"Ġ Ċ Ċ A Ġphotograph Ġof ĠPrince ĠHarry Ġwearing Ġa Ġswast ika Ġar mb and Ġand ĠGerman Ġdesert Ġuniform Ġat Ġthe Ġparty Ġappears Ġin ĠThursday 's ĠSun Ġnewspaper Ġunder Ġthe Ġheadline : Ġ"" Harry Ġthe ĠNazi .""",O O O O O O B-PUBLIC-FIGURE B-PUBLIC-FIGURE O O O O O O O O O O O O O O O O O O O O O O O O O B-PUBLIC-FIGURE O O O,NONE
"ĠBut Ġformer ĠBuckingham ĠPalace Ġpress Ġspokesman ĠDick y ĠArbit er Ġsaid Ġthe Ġprince Ġshould Ġmake Ġa Ġpersonal , Ġbroadcast Ġapology .",O O O O O O B-PUBLIC-FIGURE I-PUBLIC-FIGURE I-PUBLIC-FIGURE I-PUBLIC-FIGURE O O O O O O O O O O O,NONE
"ĠBBC Ġnews Ġcorrespondent ĠGary ĠO ' Don ogh ue Ġsaid ĠMrs ĠBlair Ġwas Ġlikely Ġto Ġface Ġfurther Ġcalls Ġfor Ġrestraint , Ġsince Ġthe ĠUS Ġelection Ġis Ġimminent .",O O O B-AUTHOR-WRITER I-AUTHOR-WRITER I-AUTHOR-WRITER I-AUTHOR-WRITER I-AUTHOR-WRITER I-AUTHOR-WRITER O O B-POLITICIAN O O O O O O O O O O O O O O O O,correspondent
"Ġ"" R afa Ġis Ġa Ġgood Ġcoach Ġand Ġa Ġgood Ġman .",O B-ATHLETE I-ATHLETE O O O O O O O O O,NONE
ĠBrown Ġto Ġoutline Ġpresidency Ġgoals,B-POLITICIAN O O O O,NONE
"Ġ Ċ Ċ DJ ĠNorman ĠCook Ġ- Ġaka ĠFat boy ĠSlim Ġ- Ġhas Ġsaid Ġthat Ġdance Ġmusic Ġis Ġnot Ġdead , Ġbut Ġhas Ġadmitted Ġit Ġis Ġcurrently Ġgoing Ġthrough Ġa Ġ"" fall ow Ġpatch "".",O O O O B-MUSICIAN I-MUSICIAN O O B-MUSICIAN I-MUSICIAN I-MUSICIAN O O O O O O O O O O O O O O O O O O O O O O O O,NONE
"ĠWe Ġdo Ġnot Ġwant Ġhim Ġor Ġanybody Ġelse Ġtaking Ġover ĠUnited ,"" Ġsaid ĠMark ĠLong den Ġof Ġthe ĠIndependent ĠManchester ĠUnited ĠSupporters ' ĠAssociation .",O O O O O O O O O O O O O B-PUBLIC-FIGURE I-PUBLIC-FIGURE I-PUBLIC-FIGURE O O O O O O O O O,NONE
"ĠPeople Ġsuch Ġas ĠMat isse Ġand ĠSt rav insky Ġbecame Ġlike Ġun cles Ġto Ġher , Ġthe Ġlatter Ġput Ġin Ġcharge Ġof Ġher Ġmusical Ġeducation .",O O O B-PUBLIC-FIGURE I-PUBLIC-FIGURE O B-MUSICIAN I-MUSICIAN I-MUSICIAN O O O O O O O O O O O O O O O O O,NONE
ĠSchool Ġtribute Ġfor ĠTV Ġhost ĠCarson,O O O O O B-ACTOR-DIRECTOR,NONE
"ĠCarson , Ġwho Ġwas Ġone Ġof Ġthe Ġbest - l oved ĠTV Ġpersonalities Ġin Ġthe ĠUS , Ġasked Ġnot Ġto Ġhave Ġa Ġpublic Ġmemorial Ġin ĠLos ĠAngeles , Ġwhere Ġhe Ġlived Ġin Ġlater Ġlife .",B-ACTOR-DIRECTOR O O O O O O O O O O O O O O O O O O O O O O O O O O O O O O O O O O,NONE
"ĠHe Ġbegan Ġhis Ġshow business Ġcareer Ġin ĠNorfolk , Ġperforming Ġmagic Ġunder Ġthe Ġname ĠThe ĠGreat ĠCarson i Ġfrom Ġthe Ġage Ġof Ġ14 .",O O O O O O O O O O O O O O B-ACTOR-DIRECTOR I-ACTOR-DIRECTOR I-ACTOR-DIRECTOR I-ACTOR-DIRECTOR O O O O O O,NONE
"ĠWhen ĠCarson Ġdied , ĠPresident ĠBush Ġled Ġthe Ġpublic Ġt ributes , Ġsaying Ġthe Ġpresenter Ġ"" had Ġa Ġprofound Ġinfluence Ġon ĠAmerican Ġlife Ġand Ġentertainment "".",O B-ACTOR-DIRECTOR O O O B-POLITICIAN O O O O O O O O O O O O O O O O O O O O,presenter
ĠRangers ' Ġstriker ĠDad ĠPr so Ġwas Ġalso Ġsent Ġoff Ġduring Ġthe Ġsame Ġincident Ġwhen Ġhe Ġreceived Ġa Ġsecond Ġyellow Ġcard Ġfor Ġwrestling Ġthe Ġball Ġaway Ġfrom ĠCraig ĠGordon Ġand Ġleaving Ġthe ĠHearts Ġkeeper Ġon Ġthe Ġground .,O O O B-ATHLETE I-ATHLETE I-ATHLETE O O O O O O O O O O O O O O O O O O O O O B-ATHLETE I-ATHLETE O O O O O O O O O,NONE
ĠSir ĠEl ton ĠJohn Ġhas Ġcomposed Ġthe Ġmusic .,O B-MUSICIAN I-MUSICIAN I-MUSICIAN O O O O O,NONE
"ĠD ald ry Ġdirected Ġthe Ġsuccessful Ġfilm Ġversion Ġof ĠBilly ĠElliot , Ġadapted Ġfrom ĠLee ĠHall 's Ġscript .",B-ACTOR-DIRECTOR I-ACTOR-DIRECTOR I-ACTOR-DIRECTOR O O O O O O B-PUBLIC-FIGURE I-PUBLIC-FIGURE O O O B-AUTHOR-WRITER I-AUTHOR-WRITER O O O,NONE
ĠBut ĠStur rock Ġhas Ġdist anced Ġhimself Ġfrom Ġthe Ġposition .,O B-ATHLETE I-ATHLETE O O O O O O O O,NONE
ĠThe Ġdecision Ġalso Ġsaw ĠClint ĠEast wood Ġget Ġhis Ġthird Ġpersonal Ġnomination Ġfor ĠMillion ĠDollar ĠBaby .,O O O O B-ACTOR-DIRECTOR I-ACTOR-DIRECTOR I-ACTOR-DIRECTOR O O O O O O O O O O,NONE
"ĠChinese Ġactress ĠZ iy i ĠZhang , Ġstar Ġof ĠC rou ching ĠTiger , ĠHidden ĠDragon , ĠHero Ġand ĠHouse Ġof ĠFlying ĠDag gers ,",O O B-ACTOR-DIRECTOR I-ACTOR-DIRECTOR I-ACTOR-DIRECTOR I-ACTOR-DIRECTOR O O O O O O O O O O O O O O O O O O O,NONE
"ĠDavid ĠBeckham , Ġwatched Ġby ĠSven - G oran ĠE riks son , Ġcame Ġoff Ġin Ġthe Ġ67 th Ġminute Ġwith Ġa Ġshoulder Ġinjury Ġbut Ġshould Ġbe Ġfit Ġfor ĠEngland 's Ġgame Ġagainst ĠHolland .",B-ATHLETE I-ATHLETE O O O B-ATHLETE I-ATHLETE I-ATHLETE I-ATHLETE I-ATHLETE I-ATHLETE I-ATHLETE O O O O O O O O O O O O O O O O O O O O O O O,NONE
ĠRow Ġthreatens ĠHend rix Ġmuseum Ġplan,O O B-MUSICIAN I-MUSICIAN O O,NONE
ĠC udic ini Ġmisses ĠCar ling ĠCup Ġfinal,B-ATHLETE I-ATHLETE I-ATHLETE O O O O O,NONE
"ĠIn Ġ2002 , ĠAgu iler a Ġwon Ġbest Ġpop Ġcollaboration Ġfor Ġthe Ġhit Ġtrack ĠLady ĠMar mal ade Ġwith ĠLil ' ĠKim , ĠMaya Ġand ĠPink , Ġand Ġlast Ġyear Ġshe Ġpicked Ġup Ġthe Ġaward Ġfor Ġbest Ġfemale Ġpop Ġvocal Ġperformance Ġfor ĠBeautiful .",O O O B-MUSICIAN I-MUSICIAN I-MUSICIAN O O O O O O O O O O O O O B-MUSICIAN I-MUSICIAN I-MUSICIAN O B-MUSICIAN O B-MUSICIAN O O O O O O O O O O O O O O O O O O,NONE
"ĠMr ĠK hod ork ovsky Ġis Ġin Ġjail , Ġand Ġon Ġtrial Ġfor Ġfraud Ġand Ġtax Ġevasion .",O B-BUSINESS-EXECUTIVE-MANAGER I-BUSINESS-EXECUTIVE-MANAGER I-BUSINESS-EXECUTIVE-MANAGER I-BUSINESS-EXECUTIVE-MANAGER O O O O O O O O O O O O O,NONE
"ĠThe Ġapproach Ġby Ġthe Ġ76 - year - old Ġowner Ġof Ġthe ĠTampa ĠBay ĠBuccaneers ĠAmerican Ġfootball Ġteam Ġis Ġreportedly Ġbeing Ġled Ġby Ġhis Ġtwo Ġsons , ĠAv i Ġand ĠJoel .",O O O O O O O O O O O O O O O O O O O O O O O O O O O B-BUSINESS-EXECUTIVE-MANAGER I-BUSINESS-EXECUTIVE-MANAGER O B-BUSINESS-EXECUTIVE-MANAGER O,NONE
"ĠPatrick ĠVie ira Ġhas Ġapparently Ġthreatened Ġsome Ġof Ġour Ġplayers Ġand Ġthings Ġlike Ġthat .""",B-ATHLETE I-ATHLETE I-ATHLETE O O O O O O O O O O O O,NONE
ĠBut Ġis ĠSmith Ġthe Ġman Ġfor Ġwhat Ġmust Ġbe Ġone Ġof Ġthe Ġhardest Ġjobs Ġin Ġfootball ?,O O B-ATHLETE O O O O O O O O O O O O O O,NONE
ĠThe Ġman Ġwho Ġwas ĠAlex ĠFerguson 's Ġassistant Ġwhen ĠScotland Ġplayed Ġat Ġthe Ġ1986 ĠWorld ĠCup Ġwon Ġseven Ġleague Ġtitles Ġwith ĠRangers .,O O O O B-ATHLETE I-ATHLETE O O O O O O O O O O O O O O O O O,NONE
"ĠCharacters Ġlike ĠS oun ess , ĠFerguson Ġand Ġcurrent ĠI bro x Ġmanager ĠAlex ĠMc Le ish Ġall Ġcite ĠSmith 's Ġexperience Ġand Ġhis Ġexpansive Ġknowledge Ġof Ġthe ĠScottish Ġgame .",O O B-ATHLETE I-ATHLETE I-ATHLETE O B-ATHLETE O O O O O O B-ATHLETE I-ATHLETE I-ATHLETE I-ATHLETE O O B-ATHLETE O O O O O O O O O O O,manager
"ĠClint ĠEast wood 's Ġboxing Ġdrama ĠMillion ĠDollar ĠBaby Ġ- Ġrecipient Ġof Ġfour ĠAcademy ĠAwards , Ġincluding Ġbest Ġpicture Ġ- Ġcontinued Ġto Ġperform Ġwell Ġin Ġsixth Ġplace Ġwith Ġt akings Ġof Ġ$ 7 . 2 m Ġ(Â£ 3 . 74 m ).",B-ACTOR-DIRECTOR I-ACTOR-DIRECTOR I-ACTOR-DIRECTOR O O O O O O O O O O O O O O O O O O O O O O O O O O O O O O O O O O O O O O O,NONE
"ĠPerry , Ġ34 , Ġis Ġone Ġof ĠAmerica 's Ġbest - known Ġblack Ġplay wr ights Ġbut Ġis Ġa Ġnewcomer Ġto Ġfilm .",B-AUTHOR-WRITER O O O O O O O O O O O O O O O O O O O O O O,NONE
"ĠLiverpool Ġmanager ĠRafael ĠBen ite z Ġsaid Ġtheir Ġqualification Ġfor Ġthe Ġnext Ġstage Ġof Ġthe ĠChampions ĠLeague Ġwas Ġ"" one Ġof Ġthe Ġproud est Ġnights Ġof Ġmy Ġcareer .""",O O B-ATHLETE I-ATHLETE I-ATHLETE I-ATHLETE O O O O O O O O O O O O O O O O O O O O O O O,manager
"ĠHaving Ġalready Ġdonated Ġbillions Ġof Ġdollars Ġto Ġthe Ġfight Ġagainst ĠA ids Ġand ĠMal aria , ĠMr ĠGates Ġwill Ġcall Ġon Ġworld Ġleaders Ġto Ġsupport Ġa Ġglobal Ġvaccination Ġcampaign Ġto Ġprotect Ġchildren Ġin Ġdeveloping Ġcountries Ġfrom Ġeasily Ġprevent able Ġdiseases .",O O O O O O O O O O O O O O O O O B-BUSINESS-EXECUTIVE-MANAGER O O O O O O O O O O O O O O O O O O O O O O O,NONE
ĠMr ĠGates Ġis Ġsaid Ġto Ġbe Ġtrying Ġto Ġarrange Ġa Ġmeeting Ġwith ĠBrazil 's ĠPresident ĠL ula Ġda ĠSilva .,O B-BUSINESS-EXECUTIVE-MANAGER O O O O O O O O O O O O O B-POLITICIAN I-POLITICIAN I-POLITICIAN I-POLITICIAN O,NONE
"ĠFor ĠPresident ĠKir ch ner , Ġthis Ġproves Ġa Ġhopeless Ġchallenge .",O O B-POLITICIAN I-POLITICIAN I-POLITICIAN O O O O O O O,NONE
Ġ' The Ġnew ĠMar ad ona ' Ġ- ĠCarlos ĠTe vez Ġ- Ġis Ġjoining ĠCorinthians Ġfor Ġnearly Ġ$ 20 m Ġin Ġa Ġstrong Ġcandidate Ġfor Ġthe Ġstrang est Ġmove Ġof Ġthe Ġyear .,O O O B-ATHLETE I-ATHLETE I-ATHLETE O O B-ATHLETE I-ATHLETE I-ATHLETE O O O O O O O O O O O O O O O O O O O O O O,NONE
"ĠTe vez , Ġthen , Ġcan Ġkiss Ġtranqu ill ity Ġgoodbye .",B-ATHLETE I-ATHLETE O O O O O O O O O O,NONE
"Ġ"" El g ind y 's Ġconviction Ġmarks Ġthe Ġend Ġof Ġhis Ġpublic Ġchar ade Ġas Ġa Ġcrus ader Ġagainst Ġfraud Ġin Ġthe Ġmarket ,"" Ġsaid ĠMs ĠMa usk op f .",O B-PUBLIC-FIGURE I-PUBLIC-FIGURE I-PUBLIC-FIGURE I-PUBLIC-FIGURE O O O O O O O O O O O O O O O O O O O O O O B-PUBLIC-FIGURE I-PUBLIC-FIGURE I-PUBLIC-FIGURE I-PUBLIC-FIGURE O,NONE
"Ġ Ċ Ċ R & B Ġstar ĠBever ley ĠKnight Ġsaid Ġshe Ġsang Ġon Ġan Ġanti - gun Ġsingle Ġafter Ġbeing Ġ"" h aunted "" Ġby Ġthe Ġfatal Ġ2003 Ġshooting Ġof Ġtwo Ġteenage Ġgirls Ġin ĠBirmingham .",O O O O O O O B-MUSICIAN I-MUSICIAN I-MUSICIAN O O O O O O O O O O O O O O O O O O O O O O O O O O O,NONE
ĠKnight Ġand Ġdrum Ġ' n ' Ġbass Ġstar ĠRon i ĠSize Ġhave Ġreleased ĠNo ĠMore Ġin Ġa Ġbid Ġto Ġreduce Ġgun Ġuse Ġamong Ġyoung Ġpeople .,B-MUSICIAN O O O O O O O B-MUSICIAN I-MUSICIAN I-MUSICIAN O O O O O O O O O O O O O O O,NONE
"ĠSize , Ġwhose ĠNew ĠForms Ġalbum Ġwon Ġthe Ġ1997 ĠMercury ĠMusic ĠPrize , Ġsaid Ġgun Ġuse Ġwas Ġ"" nothing Ġto Ġbe Ġglam or ised "".",B-MUSICIAN O O O O O O O O O O O O O O O O O O O O O O O O,NONE
"ĠSize Ġbecame Ġinvolved Ġafter Ġtwo Ġfriends , ĠDonna ĠSmall Ġand ĠAs ha ĠJama , Ġwere Ġshot Ġin Ġhis ĠBristol Ġhometown Ġin ĠOctober .",B-MUSICIAN O O O O O O B-PUBLIC-FIGURE I-PUBLIC-FIGURE O B-PUBLIC-FIGURE I-PUBLIC-FIGURE I-PUBLIC-FIGURE O O O O O O O O O O,NONE
ĠD all ag lio Ġeyeing ĠLions Ġtour Ġplace,B-ATHLETE I-ATHLETE I-ATHLETE I-ATHLETE O O O O,NONE
"ĠThe Ġbest Ġdirector Ġshort list Ġincludes ĠLuc ĠBond y Ġfor ĠCruel Ġand ĠT ender , ĠSimon ĠMc Burn ey Ġfor ĠMeasure Ġfor ĠMeasure , Ġand ĠR uf us ĠNorris Ġfor ĠFest en .",O O O O O O B-ACTOR-DIRECTOR I-ACTOR-DIRECTOR I-ACTOR-DIRECTOR O O O O O O B-ACTOR-DIRECTOR I-ACTOR-DIRECTOR I-ACTOR-DIRECTOR I-ACTOR-DIRECTOR O O O O O O B-ACTOR-DIRECTOR I-ACTOR-DIRECTOR I-ACTOR-DIRECTOR I-ACTOR-DIRECTOR O O O O,NONE
"ĠAnd Ġplay wr ights ĠDavid ĠEld ridge , ĠRebecca ĠLen k iewicz Ġand ĠOwen ĠMcC affer ty Ġwill Ġfight Ġit Ġout Ġfor ĠThe ĠCharles ĠW int our ĠAward Ġand Ġa ĠÂ£ 30 , 000 Ġb urs ary .",O O O O B-AUTHOR-WRITER I-AUTHOR-WRITER I-AUTHOR-WRITER O B-AUTHOR-WRITER I-AUTHOR-WRITER I-AUTHOR-WRITER I-AUTHOR-WRITER O B-AUTHOR-WRITER I-AUTHOR-WRITER I-AUTHOR-WRITER I-AUTHOR-WRITER O O O O O O O O O O O O O O O O O O O O O,NONE
"ĠHas sel Ġsays ĠJun inho , Ġwho Ġhas Ġjust Ġbought Ġa Ġnew Ġhome , Ġwould Ġ"" des per ately Ġlike Ġto Ġstay Ġat ĠCeltic "" Ġbut Ġwill Ġseek Ġa Ġmove Ġif Ġit Ġis Ġmade Ġclear Ġthat Ġhe Ġis Ġnot Ġwanted .",B-PUBLIC-FIGURE I-PUBLIC-FIGURE O B-ATHLETE I-ATHLETE O O O O O O O O O O O O O O O O O O O O O O O O O O O O O O O O O O O O,NONE
ĠMr ĠEb bers Ġhas Ġpleaded Ġnot Ġguilty Ġto Ġcharges Ġof Ġfraud Ġand Ġconspiracy .,O B-BUSINESS-EXECUTIVE-MANAGER I-BUSINESS-EXECUTIVE-MANAGER O O O O O O O O O O O,NONE
ĠUS ĠTV Ġhost ĠClark Ġsuffers Ġstroke,O O O B-ACTOR-DIRECTOR O O,NONE
Ġ Ċ Ċ Veter an ĠUS Ġtelevision Ġhost ĠDick ĠClark Ġis Ġin Ġhospital Ġin ĠLos ĠAngeles Ġafter Ġsuffering Ġa Ġmild Ġstroke .,O O O O O O O O B-ACTOR-DIRECTOR I-ACTOR-DIRECTOR O O O O O O O O O O O O,NONE
"ĠClark 's Ġpublic ist ĠPaul ĠShe fr in Ġsaid Ġthe Ġtelevision Ġhost Ġwas Ġ"" re cover ing "" Ġand Ġthere Ġwas Ġno Ġcause Ġfor Ġalarm .",B-ACTOR-DIRECTOR O O O B-PUBLIC-FIGURE I-PUBLIC-FIGURE I-PUBLIC-FIGURE I-PUBLIC-FIGURE O O O O O O O O O O O O O O O O O O,NONE
"ĠClark , Ġwho Ġproduces Ġthe ĠGolden ĠGlobe Ġand ĠAmerican ĠMusic ĠAwards , Ġdisclosed Ġlast Ġyear Ġthat Ġhe Ġwas Ġsuffering Ġfrom Ġdiabetes .",B-ACTOR-DIRECTOR O O O O O O O O O O O O O O O O O O O O O,NONE
ĠDirector ĠO day ĠRas heed Ġmade Ġthe Ġfilm Ġon Ġdiscarded Ġ1980 s ĠKod ak Ġfilm Ġtaken Ġfrom Ġthe Ġremains Ġfor Ġthe Ġformer ĠMinistry Ġof ĠCulture Ġbuilding .,O B-ACTOR-DIRECTOR I-ACTOR-DIRECTOR I-ACTOR-DIRECTOR I-ACTOR-DIRECTOR O O O O O O O O O O O O O O O O O O O O O O,NONE
ĠNav rat il ova Ġhits Ġout Ġat Ġcritics,B-ATHLETE I-ATHLETE I-ATHLETE I-ATHLETE O O O O,NONE
"ĠMr ĠSl attery Ġcalled Ġhimself Ġan ĠiTunes Ġcustomer Ġwho Ġ"" was Ġalso Ġforced Ġto Ġpurchase Ġan ĠApple ĠiPod "" Ġif Ġhe Ġwanted Ġto Ġtake Ġhis Ġmusic Ġwith Ġhim Ġto Ġlisten Ġto .",O B-PUBLIC-FIGURE I-PUBLIC-FIGURE O O O O O O O O O O O O O O O O O O O O O O O O O O O O O,NONE
"ĠMr ĠK hod ork ovsky , Ġcurrently Ġfacing Ġfraud Ġand Ġtax Ġevasion Ġcharges Ġof Ġhis Ġown , Ġwas Ġone Ġof Ġthe Ġfounders Ġof ĠMen ate p .",O B-BUSINESS-EXECUTIVE-MANAGER I-BUSINESS-EXECUTIVE-MANAGER I-BUSINESS-EXECUTIVE-MANAGER I-BUSINESS-EXECUTIVE-MANAGER O O O O O O O O O O O O O O O O O O O O O O,NONE
"ĠBlair Ġha ils ĠTurkey - EU Ġtalks Ġdeal Ċ Ċ Tony ĠBlair Ġhas Ġhailed Ġa Ġdeal Ġbringing ĠTurkey Ġa Ġstep Ġcloser Ġto ĠEU Ġmembership Ġas Ġimportant Ġfor Ġthe Ġworld 's Ġfuture Ġ"" peace Ġand Ġprosperity "".",B-POLITICIAN O O O O O O O O O B-POLITICIAN I-POLITICIAN O O O O O O O O O O O O O O O O O O O O O O O O,NONE
ĠMr ĠBlair Ġhas Ġbeen Ġa Ġleading Ġadvocate Ġof ĠTurkish Ġmembership Ġdespite Ġcontroversy Ġsurrounding Ġthe Ġidea .,O B-POLITICIAN O O O O O O O O O O O O O O,NONE
"ĠLeaving Ġa ĠBrussels Ġsummit ĠMr ĠBlair Ġsaid Ġ"" the Ġfact ĠTurkey Ġis Ġa ĠMuslim Ġcountry Ġdoes Ġnot Ġmean Ġit Ġshould Ġbe Ġbarred "".",O O O O O B-POLITICIAN O O O O O O O O O O O O O O O O O,NONE
"ĠA Ġsmash Ġhit Ġon ĠBroadway Ġbefore Ġmoving Ġto ĠLondon , Ġthe Ġshow Ġalso Ġwon Ġbest Ġmusical Ġperformance Ġin Ġa Ġsupporting Ġrole Ġfor ĠCon le th ĠHill , Ġwho Ġplays Ġdirector ĠRoger ĠDe B ris .",O O O O O O O O O O O O O O O O O O O O O O B-ACTOR-DIRECTOR I-ACTOR-DIRECTOR I-ACTOR-DIRECTOR I-ACTOR-DIRECTOR O O O O B-PUBLIC-FIGURE I-PUBLIC-FIGURE I-PUBLIC-FIGURE I-PUBLIC-FIGURE O,NONE
"ĠBest Ġactress Ġ- ĠClare ĠHiggins Ġfor ĠHe c uba Ġat Ġthe ĠDon mar ĠWarehouse Ċ Ċ - ĠBest Ġmusical Ġactor Ġ- ĠNathan ĠLane Ġfor ĠThe ĠPro ducers Ġat ĠTheatre ĠRoyal , ĠDr ury ĠLane Ċ Ċ - ĠBest Ġmusical Ġactress Ġ- ĠLaura ĠMichelle ĠKelly Ġfor ĠMary ĠPo pp ins Ġat Ġthe ĠPrince ĠEdward Ċ Ċ - ĠBest Ġdirector Ġ- ĠNicholas ĠHy t ner Ġfor ĠThe ĠHistory ĠBoys Ġat Ġthe ĠLy tt el ton Ċ Ċ - ĠBest Ġnew Ġplay Ġ- ĠThe ĠHistory ĠBoys Ġby ĠAlan ĠBennett Ġat Ġthe ĠLy tt el ton Ċ Ċ - ĠBest Ġnew Ġmusical Ġ- ĠThe ĠPro ducers Ġat ĠTheatre ĠRoyal , ĠDr ury ĠLane Ċ Ċ - ĠSpecial Ġaward Ġ- ĠAlan ĠBennett Ġfor Ġhis Ġoutstanding Ġcontribution Ġto ĠBritish Ġtheatre",O O O B-ACTOR-DIRECTOR I-ACTOR-DIRECTOR O O O O O O O O O O O O O O O O B-ACTOR-DIRECTOR I-ACTOR-DIRECTOR O O O O O O O O O O O O O O O O O O B-ACTOR-DIRECTOR I-ACTOR-DIRECTOR I-ACTOR-DIRECTOR O B-PUBLIC-FIGURE I-PUBLIC-FIGURE I-PUBLIC-FIGURE I-PUBLIC-FIGURE O O O O O O O O O O B-ACTOR-DIRECTOR I-ACTOR-DIRECTOR I-ACTOR-DIRECTOR I-ACTOR-DIRECTOR O O O O O O O O O O O O O O O O O O O O O B-AUTHOR-WRITER I-AUTHOR-WRITER O O O O O O O O O O O O O O O O O O O O O O O O O O O O O B-AUTHOR-WRITER I-AUTHOR-WRITER O O O O O O O,NONE
ĠMc Il roy Ġwins Ġ800 m Ġindoor Ġtitle,B-ATHLETE I-ATHLETE I-ATHLETE O O O O O,NONE
ĠThe ĠLar ne Ġathlete Ġdominated Ġthe Ġrace Ġfrom Ġstart Ġto Ġfinish Ġalthough Ġhe Ġhad Ġto Ġhold Ġoff Ġa Ġlate Ġchallenge Ġfrom ĠWelsh man ĠJimmy ĠWatkins Ġin Ġthe Ġfinal Ġ100 Ġmetres .,O O O O O O O O O O O O O O O O O O O O O O O B-ATHLETE I-ATHLETE O O O O O O,NONE
ĠDavid ĠGill ick Ġshowed Ġthat Ġhe Ġis Ġa Ġgenuine Ġmedal Ġcontender Ġin Ġthe ĠEuropean ĠInd oor ĠChampionships Ġby Ġclaiming Ġan Ġimpressive Ġ400 m Ġvictory .,B-ATHLETE I-ATHLETE I-ATHLETE O O O O O O O O O O O O O O O O O O O O O O,NONE
ĠD erv al ĠO ' R ourke Ġbroke Ġher Ġown ĠIrish Ġ60 m Ġhurdles Ġrecord Ġby Ġcl ocking Ġ8 . 06 Ġwhich Ġleft Ġher Ġthird Ġbehind Ġnew ĠBritish Ġrecord Ġholder ĠSarah ĠCla xton Ġ( 7 . 96 ).,B-ATHLETE I-ATHLETE I-ATHLETE I-ATHLETE I-ATHLETE I-ATHLETE I-ATHLETE O O O O O O O O O O O O O O O O O O O O O O O B-ATHLETE I-ATHLETE I-ATHLETE O O O O O,NONE
ĠConservative Ġshadow Ġhome Ġsecretary ĠDavid ĠDavis Ġwas Ġworried Ġabout Ġextending Ġspecial Ġpowers Ġto Ġcover ĠBritish Ġcitizens .,O O O O B-POLITICIAN I-POLITICIAN O O O O O O O O O O O,NONE
Ġ Ċ Ċ Sing ers Ġincluding ĠSir ĠCliff ĠRichard Ġand ĠBoy ĠGeorge Ġare Ġrecording Ġa Ġcharity Ġsingle Ġto Ġhelp Ġraise Ġfunds Ġfor Ġvictims Ġof Ġthe ĠAsian Ġtsunami .,O O O O O O O B-MUSICIAN I-MUSICIAN O B-MUSICIAN I-MUSICIAN O O O O O O O O O O O O O O O O,NONE
ĠFormer ĠBoy zone Ġsinger ĠRon an ĠKe ating Ġmay Ġalso Ġtake Ġpart Ġif Ġa Ġstudio Ġcan Ġbe Ġfound Ġclose Ġto Ġwhere Ġhe Ġis Ġholiday ing Ġin ĠSwitzerland .,O O O O B-MUSICIAN I-MUSICIAN I-MUSICIAN I-MUSICIAN O O O O O O O O O O O O O O O O O O O O,NONE
"ĠOther Ġmusic Ġstars Ġbeing Ġapproached Ġinclude ĠRobin Ġand ĠBarry ĠGib b Ġof ĠThe ĠBee ĠGe es , Ġjazz Ġsensation ĠJamie ĠCull um , ĠChris ĠRe a Ġand ĠOlivia ĠNewton - John .",O O O O O O O O B-MUSICIAN I-MUSICIAN I-MUSICIAN O O O O O O O O B-MUSICIAN I-MUSICIAN I-MUSICIAN O B-MUSICIAN I-MUSICIAN I-MUSICIAN O B-MUSICIAN I-MUSICIAN I-MUSICIAN I-MUSICIAN O,NONE
ĠRead Ġwrote Ġthe Ġsong Ġbefore Ġthe ĠBoxing ĠDay Ġtragedy Ġbut Ġhad Ġthought Ġit Ġwas Ġtoo Ġgloomy Ġto Ġrelease .,B-AUTHOR-WRITER O O O O O O O O O O O O O O O O O O,NONE
"ĠRead Ġwent Ġto Ġthe ĠDis asters ĠEmergency ĠCommittee Ġ( DEC ), Ġwhich Ġis Ġco - ord inating Ġthe ĠBritish Ġrelief Ġeffort , Ġwith Ġthe Ġidea Ġthe Ġday Ġafter ĠBoxing ĠDay .",B-AUTHOR-WRITER O O O O O O O O O O O O O O O O O O O O O O O O O O O O O O,NONE
"ĠLevy Ġtipped Ġfor ĠWhit bread Ġprize Ċ Ċ No vel ist ĠAndrea ĠLevy Ġis Ġfavourite Ġto Ġwin Ġthe Ġmain ĠWhit bread ĠPrize Ġbook Ġof Ġthe Ġyear Ġaward , Ġafter Ġwinning Ġnovel Ġof Ġthe Ġyear Ġwith Ġher Ġbook ĠSmall ĠIsland .",B-AUTHOR-WRITER O O O O O O O O O O B-AUTHOR-WRITER I-AUTHOR-WRITER O O O O O O O O O O O O O O O O O O O O O O O O O O O,novelist
"ĠSmall ĠIsland , ĠLevy 's Ġfourth Ġnovel , Ġis Ġset Ġin Ġpost - war ĠLondon Ġand Ġcentres Ġon Ġa Ġland l ady Ġand Ġher Ġlod gers .",O O O B-AUTHOR-WRITER O O O O O O O O O O O O O O O O O O O O O O O,NONE
ĠOne Ġis Ġa ĠJama ican Ġwho Ġjoined ĠBritish Ġtroops Ġto Ġfight ĠHitler Ġbut Ġfinds Ġlife Ġdifficult Ġout Ġof Ġuniform Ġwhen Ġhe Ġsettles Ġin Ġthe ĠUK .,O O O O O O O O O O O B-POLITICIAN O O O O O O O O O O O O O O,NONE
"ĠThe Ġjudges Ġcalled ĠGuy 's ĠMy ĠHeart Ġis ĠMy ĠOwn : ĠThe ĠLife Ġof ĠMary ĠQueen Ġof ĠScots Ġ"" an Ġimpressive Ġand Ġreadable Ġpiece Ġof Ġscholarship , Ġwhich Ġcan Ġnot Ġfail Ġbut Ġleave Ġthe Ġreader Ġmoved Ġand Ġintrigued Ġby Ġthis Ġmost Ġtragic Ġand Ġlike able Ġof Ġqueens "".",O O O O O O O O O O O O O O B-PUBLIC-FIGURE I-PUBLIC-FIGURE I-PUBLIC-FIGURE I-PUBLIC-FIGURE O O O O O O O O O O O O O O O O O O O O O O O O O O O O O O,NONE
"ĠGuy Ġhas Ġpublished Ġmany Ġhistories , Ġincluding Ġone Ġof ĠTud or ĠEngland .",B-AUTHOR-WRITER O O O O O O O O O O O O,NONE
ĠFletcher Ġhas Ġrecently Ġgraduated Ġfrom Ġthe ĠUniversity Ġof ĠEast ĠAng lia 's Ġcreative Ġwriting Ġcourse .,B-AUTHOR-WRITER O O O O O O O O O O O O O O O,NONE
"ĠThe Ġfourth Ġbook Ġin Ġthe Ġrunning Ġis ĠCorpus , ĠMichael ĠSy mm ons ĠRoberts ' Ġfourth Ġcollection Ġof Ġpoems .",O O O O O O O O O B-AUTHOR-WRITER I-AUTHOR-WRITER I-AUTHOR-WRITER I-AUTHOR-WRITER I-AUTHOR-WRITER O O O O O O,NONE
"ĠGerald ine ĠMcC augh re an Ġis Ġthe Ġfinal Ġcontender , Ġhaving Ġwon Ġthe Ġchildren 's Ġfiction Ġcategory Ġfor Ġthe Ġthird Ġtime Ġfor ĠNot Ġthe ĠEnd Ġof Ġthe ĠWorld .",B-AUTHOR-WRITER I-AUTHOR-WRITER I-AUTHOR-WRITER I-AUTHOR-WRITER I-AUTHOR-WRITER I-AUTHOR-WRITER O O O O O O O O O O O O O O O O O O O O O O O O,NONE
ĠRock er ĠDo herty Ġin Ġon - stage Ġfight,O O B-MUSICIAN I-MUSICIAN O O O O O,NONE
"ĠOn ĠMonday ĠDo herty Ġfaced Ġblackmail Ġand Ġrobbery Ġcharges Ġin Ġcourt , Ġwhich Ġhe Ġdenies .",O O B-MUSICIAN I-MUSICIAN O O O O O O O O O O O O,NONE
"ĠRay Ġdirector ĠTaylor ĠHack ford , Ġresponsible Ġfor Ġthe Ġclassic Ġ1982 Ġfilm ĠAn ĠOfficer Ġand Ġa ĠGentleman , Ġhas Ġalso Ġreceived Ġan ĠOscar Ġnomination Ġin Ġthe Ġbest Ġdirector Ġcategory .",B-PUBLIC-FIGURE O B-ACTOR-DIRECTOR I-ACTOR-DIRECTOR I-ACTOR-DIRECTOR O O O O O O O O O O O O O O O O O O O O O O O O O,NONE
"ĠMike ĠLeigh Ġwill Ġcompete Ġfor Ġthe ĠBritish Ġfilm Ġprize Ġwith ĠShane ĠMeadows Ġfor ĠDead ĠMan 's ĠShoes , ĠRoger ĠMic hell ĠFor ĠEnd uring ĠLove Ġand ĠMy ĠSummer ĠOf ĠLove Ġdirector ĠPaw el ĠPaw lik owski .",B-ACTOR-DIRECTOR I-ACTOR-DIRECTOR O O O O O O O O B-ACTOR-DIRECTOR I-ACTOR-DIRECTOR O O O O O O B-ACTOR-DIRECTOR I-ACTOR-DIRECTOR I-ACTOR-DIRECTOR O O O O O O O O O O B-ACTOR-DIRECTOR I-ACTOR-DIRECTOR I-ACTOR-DIRECTOR I-ACTOR-DIRECTOR I-ACTOR-DIRECTOR O,NONE
"ĠAmerican ĠBeauty 's ĠSam ĠMend es Ġwill Ġreceive Ġa Ġlifetime Ġachievement Ġaward Ġfor Ġhis Ġwork Ġin Ġfilm Ġand Ġtheatre , Ġwhile Ġtheatre Ġdirector ĠSimon ĠMc Burn ey Ġwill Ġbe Ġgiven Ġan Ġaward Ġfor Ġoutstanding Ġdirector ial Ġachievement .",O O O B-ACTOR-DIRECTOR I-ACTOR-DIRECTOR I-ACTOR-DIRECTOR O O O O O O O O O O O O O O O O O B-ACTOR-DIRECTOR I-ACTOR-DIRECTOR I-ACTOR-DIRECTOR I-ACTOR-DIRECTOR O O O O O O O O O O O,NONE
ĠSan j aya ĠSen an ay ake Ġworks Ġfor ĠSri ĠLank an Ġtelevision .,B-AUTHOR-WRITER I-AUTHOR-WRITER I-AUTHOR-WRITER I-AUTHOR-WRITER I-AUTHOR-WRITER I-AUTHOR-WRITER I-AUTHOR-WRITER O O O O O O O,NONE
ĠSo ĠMr ĠSen an ay ake Ġstarted Ġsending Ġout Ġtext Ġmessages .,O O B-AUTHOR-WRITER I-AUTHOR-WRITER I-AUTHOR-WRITER I-AUTHOR-WRITER O O O O O O,NONE
"ĠMr ĠRamp ers ad , Ġwho Ġused Ġto Ġwork Ġin Ġthe Ġmilitary , Ġknew Ġhow Ġimportant Ġon Ġthe Ġground Ġcommunication Ġcan Ġbe Ġin Ġtimes Ġof Ġdisaster .",O B-PUBLIC-FIGURE I-PUBLIC-FIGURE I-PUBLIC-FIGURE O O O O O O O O O O O O O O O O O O O O O O O,NONE
"Ġ Ċ Ċ Actor ĠLeonardo ĠDi Cap rio 's Ġ"" except ional Ġcareer "" Ġhas Ġbeen Ġhonoured Ġat Ġthe ĠSanta ĠBarbara ĠInternational ĠFilm ĠFestival .",O O O O B-ACTOR-DIRECTOR I-ACTOR-DIRECTOR I-ACTOR-DIRECTOR I-ACTOR-DIRECTOR O O O O O O O O O O O O O O O O O,NONE
"ĠThe ĠAv iator Ġhas Ġtaken Ġpole Ġposition Ġin Ġthis Ġyear 's ĠOscars Ġrace Ġwith Ġ11 Ġnominations , Ġincluding Ġnominations Ġfor Ġbest Ġfilm , Ġbest Ġactor Ġfor ĠDi Cap rio Ġand Ġbest Ġdirector Ġfor ĠSc ors ese .",O O O O O O O O O O O O O O O O O O O O O O O O O O B-ACTOR-DIRECTOR I-ACTOR-DIRECTOR I-ACTOR-DIRECTOR O O O O B-ACTOR-DIRECTOR I-ACTOR-DIRECTOR I-ACTOR-DIRECTOR O,NONE
ĠMedia Ġseek ĠJackson Ġ' j ur or ' Ġnotes,O O B-MUSICIAN O O O O O O,NONE
ĠMr ĠJackson Ġdenies Ġchild Ġmol estation .,O B-MUSICIAN O O O O O,NONE
"ĠMeanwhile ĠMichael ĠJackson 's Ġmother Ġhas Ġsaid Ġshe Ġis Ġ"" 100 % Ġcertain "" Ġher Ġson Ġdid Ġnot Ġcommit Ġthe Ġchild Ġabuse Ġcharges Ġhe Ġfaces .",O B-MUSICIAN I-MUSICIAN O O O O O O O O O O O O O O O O O O O O O O O,NONE
"ĠMr ĠJackson , Ġ46 , Ġdenies Ġp lying Ġa Ġboy Ġwith Ġalcohol Ġand Ġmol esting Ġhim .",O B-MUSICIAN O O O O O O O O O O O O O O O,NONE
ĠWorks Ġof Ġart Ġby Ġmusicians Ġincluding ĠMiles ĠDavis Ġand ĠBrun i ĠSab lan Ġwill Ġalso Ġbe Ġfeatured .,O O O O O O B-MUSICIAN I-MUSICIAN O B-MUSICIAN I-MUSICIAN I-MUSICIAN I-MUSICIAN O O O O O,NONE
ĠBlair Ġrejects ĠTory Ġterror Ġoffer,B-POLITICIAN O O O O,NONE
ĠShadow ĠHome ĠSecretary ĠDavid ĠDavis Ġtold ĠBBC ĠRadio ĠFour 's Ġthe ĠWorld Ġat ĠOne Ġhis Ġprimary Ġconcern Ġwas Ġpotential Ġmiscar riages Ġof Ġjustice .,O O O B-POLITICIAN I-POLITICIAN O O O O O O O O O O O O O O O O O O O,NONE
"ĠMr ĠGates Ġmade Ġno Ġannouncement Ġabout Ġthe Ġnext Ġgeneration ĠXbox Ġgames Ġconsole , Ġwhich Ġmany Ġgadget Ġlovers Ġhad Ġbeen Ġhoping Ġfor .",O B-BUSINESS-EXECUTIVE-MANAGER O O O O O O O O O O O O O O O O O O O O,NONE
"ĠChairman Ġof Ġthe ĠEnvironmental ĠAudit ĠCommittee ĠPeter ĠA ins worth ĠMP , Ġsaid : Ġ"" The Ġgovernment 's Ġhousing Ġpolicy Ġis Ġan Ġalarming Ġexample Ġof Ġdis j ointed Ġthinking Ġin Ġan Ġareas Ġwhere Ġjoined - up Ġpolicy Ġis Ġcrucial .",O O O O O O B-POLITICIAN I-POLITICIAN I-POLITICIAN I-POLITICIAN O O O O O O O O O O O O O O O O O O O O O O O O O O O O O O,chairman
"ĠActress ĠSandra ĠDee Ġcontinues Ġto Ġlive Ġin ĠLos ĠAngeles Ġas Ġa Ġvirtual Ġrecl use , Ġbut Ġhas Ġgiven Ġher Ġapproval Ġto Ġthe Ġbi opic .",O B-ACTOR-DIRECTOR I-ACTOR-DIRECTOR O O O O O O O O O O O O O O O O O O O O O O,NONE
ĠAccording Ġto Ġresponse Ġstatistics Ġgathered Ġby ĠNet craft Ġmany Ġvisiting Ġthe ĠApple Ġstore Ġin Ġthe Ġwake Ġof ĠMr ĠJobs ' Ġspeech Ġsuffered Ġlengthy Ġresponse Ġtimes .,O O O O O O O O O O O O O O O O O O B-BUSINESS-EXECUTIVE-MANAGER O O O O O O O,NONE
ĠMorris Ġwill Ġdirect Ġand Ġco - write ĠNathan ĠBar ley Ġ- Ġa Ġcharacter Ġfrom Ġcult Ġwebsite ĠTV ĠGo ĠHome Ġ- Ġfor ĠChannel Ġ4 .,B-ACTOR-DIRECTOR O O O O O O B-PUBLIC-FIGURE I-PUBLIC-FIGURE I-PUBLIC-FIGURE O O O O O O O O O O O O O O,NONE
"ĠOprah ĠWin frey Ġwill Ġvoice Ġa Ġgoose , ĠJohn ĠCle ese Ġwill Ġvoice Ġa Ġsheep Ġand ĠSteve ĠBus ce mi Ġa Ġrat Ġin Ġthe Ġ2006 Ġfilm .",B-ACTOR-DIRECTOR I-ACTOR-DIRECTOR I-ACTOR-DIRECTOR O O O O O B-ACTOR-DIRECTOR I-ACTOR-DIRECTOR I-ACTOR-DIRECTOR O O O O O B-ACTOR-DIRECTOR I-ACTOR-DIRECTOR I-ACTOR-DIRECTOR I-ACTOR-DIRECTOR O O O O O O O,NONE
"ĠTen - year - old ĠDakota ĠFan ning Ġwill Ġplay ĠFern , Ġthe Ġgirl Ġat Ġthe Ġcentre Ġof Ġthe Ġstory , Ġin Ġthe Ġfilm Ġto Ġbe Ġdirected Ġby Ġ13 ĠGoing Ġon Ġ30 Ġfilm - maker ĠGary ĠWin ick .",O O O O O B-ACTOR-DIRECTOR I-ACTOR-DIRECTOR I-ACTOR-DIRECTOR O O B-PUBLIC-FIGURE O O O O O O O O O O O O O O O O O O O O O O O O B-ACTOR-DIRECTOR I-ACTOR-DIRECTOR I-ACTOR-DIRECTOR O,NONE
"Ġ"" I Ġsaid Ġto ĠGareth Ġ( Thomas , Ġthe ĠWales Ġcaptain ) Ġ' This Ġis Ġtouch Ġand Ġgo .'",O O O O O O O O O O O O O O O O O O O,NONE
"ĠThe Ġmost Ġwell - known Ġexamples Ġinclude ĠIraqi ĠSalam ĠPax 's Ġaccounts Ġof Ġthe ĠUS - led Ġwar , Ġformer ĠIranian Ġvice - president ĠMohammad ĠAli ĠAb t ahi Ġexclusive Ġinsight Ġinto Ġthe ĠIslamic ĠRepublic 's Ġgovernment , Ġand Ġthe Ġhighs Ġand Ġlows Ġof Ġthe Ġrecent ĠUS Ġelection Ġcampaign .",O O O O O O O O B-AUTHOR-WRITER I-AUTHOR-WRITER O O O O O O O O O O O O O O B-POLITICIAN I-POLITICIAN I-POLITICIAN I-POLITICIAN I-POLITICIAN O O O O O O O O O O O O O O O O O O O O O,NONE
ĠIn Ġ1983 ĠMr ĠFischer Ġbecame Ġadviser Ġon ĠIsrael 's Ġeconomy Ġto Ġthen - US Ġsecretary Ġof Ġstate ĠGeorge ĠSh ultz .,O O O B-PUBLIC-FIGURE O O O O O O O O O O O O O B-POLITICIAN I-POLITICIAN I-POLITICIAN O,NONE
"ĠPaul ĠBoat eng ĠMP , ĠLabour 's ĠChief ĠSecretary Ġto Ġthe ĠTreasury , Ġsaid : Ġ"" The ĠLib ĠDems ' Ġsums Ġdon 't Ġadd Ġup .",B-POLITICIAN I-POLITICIAN I-POLITICIAN O O O O O O O O O O O O O O O O O O O O O O O,NONE
ĠAuthor ĠDavid ĠMitchell Ġmade Ġup Ġfor Ġlosing Ġout Ġin Ġthe ĠBooker ĠPrize Ġto ĠAlan ĠHoll ing hurst Ġby Ġbeating Ġhim Ġto Ġthe Ġliterary Ġaward Ġwith Ġhis Ġbook ĠCloud ĠAtlas .,O B-AUTHOR-WRITER I-AUTHOR-WRITER O O O O O O O O O O B-AUTHOR-WRITER I-AUTHOR-WRITER I-AUTHOR-WRITER I-AUTHOR-WRITER O O O O O O O O O O O O O,author
"ĠIt Ġis Ġa Ġview Ġshared Ġby ĠRooney , Ġwho Ġbelieves Ġ"" if Ġwe Ġcan Ġget Ġpast ĠMilan , Ġwe Ġhave Ġa Ġgreat Ġchance "".",O O O O O O B-ATHLETE O O O O O O O O O O O O O O O O O,NONE
ĠHodg son Ġshoulders ĠEngland Ġblame,B-ATHLETE I-ATHLETE O O O,NONE
ĠWenger Ġrules Ġout Ġnew Ġkeeper,B-ATHLETE O O O O,NONE
ĠK hod ork ovsky Ġqu its ĠYuk os Ġshares,B-BUSINESS-EXECUTIVE-MANAGER I-BUSINESS-EXECUTIVE-MANAGER I-BUSINESS-EXECUTIVE-MANAGER I-BUSINESS-EXECUTIVE-MANAGER O O O O O,NONE
ĠChelsea Ġsack ĠMut u,O O B-ATHLETE I-ATHLETE,NONE
ĠChelsea 's Ġmove Ġwon Ġbacking Ġfrom Ġdrug - testing Ġexpert ĠMichelle ĠVer ro ken .,O O O O O O O O O O B-PUBLIC-FIGURE I-PUBLIC-FIGURE I-PUBLIC-FIGURE I-PUBLIC-FIGURE O,expert
ĠThe ĠFootball ĠAssociation Ġhas Ġyet Ġto Ġact Ġon ĠMut u 's Ġfailed Ġdrugs Ġtest Ġand Ġrefuses Ġto Ġdiscuss Ġhis Ġcase .,O O O O O O O O B-ATHLETE I-ATHLETE O O O O O O O O O O O,NONE
"ĠThe ĠPro ducers Ġwas Ġnamed Ġbest Ġmusical , ĠVictoria ĠHamilton Ġwas Ġbest Ġactress Ġfor ĠSuddenly ĠLast ĠSummer Ġand ĠFest en 's ĠR uf us ĠNorris Ġwas Ġnamed Ġbest Ġdirector .",O O O O O O O O B-ACTOR-DIRECTOR I-ACTOR-DIRECTOR O O O O O O O O O O O B-ACTOR-DIRECTOR I-ACTOR-DIRECTOR I-ACTOR-DIRECTOR I-ACTOR-DIRECTOR O O O O O,NONE
"ĠThe ĠCritics ' ĠCircle Ġnamed ĠRebecca ĠLen k iewicz Ġits Ġmost Ġpromising Ġplay wright Ġfor ĠThe ĠNight ĠSeason , Ġand ĠEddie ĠRed may ne Ġmost Ġpromising Ġnewcomer Ġfor ĠThe ĠGoat Ġor , ĠWho Ġis ĠSylvia ?",O O O O O B-AUTHOR-WRITER I-AUTHOR-WRITER I-AUTHOR-WRITER I-AUTHOR-WRITER O O O O O O O O O O O B-ACTOR-DIRECTOR I-ACTOR-DIRECTOR I-ACTOR-DIRECTOR I-ACTOR-DIRECTOR O O O O O O O O O O B-PUBLIC-FIGURE O,NONE
ĠPaul ĠRh ys Ġwas Ġits Ġbest ĠShakespeare an Ġperformer Ġfor ĠMeasure Ġfor ĠMeasure Ġat Ġthe ĠNational ĠTheatre Ġand ĠChristopher ĠO ram Ġwon Ġthe Ġdesign Ġaward Ġfor ĠSuddenly ĠLast ĠSummer .,B-ACTOR-DIRECTOR I-ACTOR-DIRECTOR I-ACTOR-DIRECTOR O O O O O O O O O O O O O O O B-PUBLIC-FIGURE I-PUBLIC-FIGURE I-PUBLIC-FIGURE O O O O O O O O O,NONE
ĠCu aron 's Ġother Ġfilms Ġinclude ĠMexican Ġmovie ĠY ĠTu ĠMama ĠT amb ien .,B-ACTOR-DIRECTOR I-ACTOR-DIRECTOR O O O O O O O O O O O O O,NONE
"ĠIt Ġalso Ġwon Ġhim Ġand Ġhis Ġbrother ĠCarlos , Ġwith Ġwhom Ġhe Ġco - wrote Ġthe Ġscreenplay , Ġan ĠOscar Ġnomination Ġfor Ġbest Ġoriginal Ġscreenplay .",O O O O O O O B-AUTHOR-WRITER O O O O O O O O O O O O O O O O O O,NONE
"ĠAfter Ġthe Ġerotic Ġnature Ġof ĠY ĠTu ĠMama ĠT amb ien , ĠCu aron Ġwas Ġa Ġsurprise Ġchoice Ġto Ġdirect Ġthe Ġthird ĠHarry ĠPotter Ġfilm Ġbut Ġhis Ġdark Ġinterpretation Ġwas Ġreceived Ġwell Ġby Ġthe Ġpublic Ġand Ġcritics Ġalike .",O O O O O O O O O O O O B-ACTOR-DIRECTOR I-ACTOR-DIRECTOR O O O O O O O O B-PUBLIC-FIGURE I-PUBLIC-FIGURE O O O O O O O O O O O O O O O,NONE
"ĠTony ĠBlair Ġsailed Ġacross Ġthe Ġlake Ġin ĠBrom s gro ve , ĠWor ces ters hire , Ġwhile Ġon Ġa Ġvisit Ġwith ĠEducation ĠSecretary ĠRuth ĠKelly Ġto Ġback Ġschool Ġoutings .",B-POLITICIAN I-POLITICIAN O O O O O O O O O O O O O O O O O O O O O O B-POLITICIAN I-POLITICIAN O O O O O,NONE
ĠBrown Ġ' p roud Ġof Ġeconomy Ġrecord ',B-POLITICIAN O O O O O O O,NONE
ĠThe ĠGates head Ġconference Ġwas Ġtold Ġhe Ġwould Ġhelp Ġyoung Ġpeople Ġwho Ġwere Ġstruggling Ġto Ġbuy Ġtheir Ġown Ġhomes .,O B-PUBLIC-FIGURE I-PUBLIC-FIGURE O O O O O O O O O O O O O O O O O,NONE
"ĠHe Ġsaid : Ġ"" I 'm Ġthe ĠGeneral ĠElection Ġco - ord inator Ġand ĠI Ġdon 't Ġknow , Ġand ĠTony Ġhas Ġnot Ġmade Ġup Ġhis Ġmind .""",O O O O O O O O O O O O O O O O O O O O B-POLITICIAN O O O O O O O,NONE
"ĠTerry , Ġthe Ġcaptain Ġof ĠChelsea Ġas Ġthey Ġpush Ġfor Ġthe ĠPremiership Ġtitle , Ġwould Ġhave Ġbeen Ġa Ġcertain Ġstarter Ġin Ġthe Ġabsence Ġof ĠCampbell Ġand ĠFerdinand .",B-ATHLETE O O O O O O O O O O O O O O O O O O O O O O O B-ATHLETE O B-ATHLETE O,NONE
"ĠChancellor ĠGordon ĠBrown Ġand ĠTransport ĠSecretary ĠAl ist air ĠDarling Ġpromoted Ġthe Ġnews Ġin ĠEdinburgh , ĠWales ĠSecretary ĠPeter ĠH ain Ġand ĠWelsh ĠFirst ĠMinister ĠRhod ri ĠMorgan Ġin ĠCardiff Ġand ĠNorthern ĠIreland ĠMinister ĠJohn ĠSpell ar Ġin ĠBelfast .",O B-POLITICIAN I-POLITICIAN O O O B-POLITICIAN I-POLITICIAN I-POLITICIAN I-POLITICIAN O O O O O O O O B-POLITICIAN I-POLITICIAN I-POLITICIAN O O O O B-POLITICIAN I-POLITICIAN I-POLITICIAN O O O O O O B-POLITICIAN I-POLITICIAN I-POLITICIAN O O O,NONE
ĠI Ġthank ĠMr . ĠBlair Ġand Ġhis Ġgovernment Ġfor Ġincrease Ġin Ġthe Ġnational Ġminimum Ġwage .,O O O O B-POLITICIAN O O O O O O O O O O O,NONE
"ĠReferred Ġto Ġin Ġthe ĠNetherlands Ġas Ġ"" the ĠGeneral "", ĠMichel s Ġled Ġthe ĠDutch Ġat Ġthe Ġ1974 ĠWorld ĠCup Ġ- Ġwhen Ġthey Ġreached Ġthe Ġfinal Ġonly Ġto Ġlose Ġ2 - 1 Ġto ĠGermany .",O O O O O O O O O O B-ATHLETE I-ATHLETE O O O O O O O O O O O O O O O O O O O O O O O,NONE
ĠTony ĠBlair Ġsaid Ġhe Ġwould Ġdo Ġeverything Ġhe Ġcould Ġto Ġmeet Ġconcerns Ġabout Ġthe Ġbill .,B-POLITICIAN I-POLITICIAN O O O O O O O O O O O O O O,NONE
"ĠAnd ĠTony ĠBlair Ġwould Ġbe Ġin Ġthe Ġvery Ġfront Ġline Ġof Ġthat Ġcampaign , Ġhe Ġsaid .",O B-POLITICIAN I-POLITICIAN O O O O O O O O O O O O O O,NONE
ĠS oun ess Ġjoined ĠSir ĠAlex ĠFerguson Ġin Ġbacking ĠSmith 's Ġclaims .,B-ATHLETE I-ATHLETE I-ATHLETE O B-ATHLETE I-ATHLETE I-ATHLETE O O B-ATHLETE O O O,NONE
ĠThe ĠScottish ĠFootball ĠAssociation Ġis Ġabout Ġto Ġembark Ġon Ġthe Ġsearch Ġfor ĠVog ts Ġsuccessor Ġafter Ġappointing ĠTommy ĠBurns Ġin Ġa Ġcare taker Ġcapacity .,O O O O O O O O O O O O B-ATHLETE I-ATHLETE O O O B-ATHLETE I-ATHLETE O O O O O O,NONE
"ĠThe Ġassault Ġcharge Ġstemmed Ġfrom ĠApril Ġ2004 , Ġwhen ĠMs ĠLove Ġfound Ġmusician ĠKrist in ĠKing Ġin Ġher Ġboyfriend 's Ġhome .",O O O O O O O O O O B-MUSICIAN O O B-MUSICIAN I-MUSICIAN I-MUSICIAN O O O O O O,NONE
ĠCob ain Ġcommitted Ġsuicide Ġin Ġ1994 .,B-MUSICIAN I-MUSICIAN O O O O O,NONE
Ġ Ċ Ċ Spider - Man Ġcreator ĠStan ĠLee Ġis Ġto Ġget Ġa Ġmulti - million Ġdollar Ġwind fall Ġafter Ġwinning Ġa Ġcourt Ġbattle Ġwith Ġcomic Ġbook Ġcompany ĠMarvel .,O O O O O O O B-AUTHOR-WRITER I-AUTHOR-WRITER O O O O O O O O O O O O O O O O O O O O O,NONE
"ĠLee Ġtook Ġlegal Ġaction Ġin Ġ2002 , Ġsaying ĠMarvel Ġshut Ġhim Ġout Ġof Ġ"" jack pot "" Ġprofits Ġfrom Ġthe Ġfirst Ġblockbuster Ġfilm .",B-AUTHOR-WRITER O O O O O O O O O O O O O O O O O O O O O O O,NONE
ĠAs Ġwell Ġas ĠSpider - Man,O O O B-PUBLIC-FIGURE I-PUBLIC-FIGURE I-PUBLIC-FIGURE,NONE
ĠCampbell : ĠE - mail Ġrow Ġ' s illy Ġfuss ',B-POLITICIAN O O O O O O O O O O,NONE
ĠBlair Ġsees Ġgreater ĠBush Ġconsensus,B-POLITICIAN O O B-POLITICIAN O,NONE
ĠMr ĠBush Ġwas Ġsworn Ġin Ġat Ġa Ġceremony Ġin ĠWashington ĠDC Ġon ĠThursday .,O B-POLITICIAN O O O O O O O O O O O O,NONE
"ĠEcho ing Ġthe Ġnew ĠUS ĠSecretary Ġof ĠState ĠCond ole e zza ĠRice , Ġthe Ġprime Ġminister Ġsaid Ġthere Ġhas Ġbeen Ġa Ġclear Ġevolution Ġof ĠUS Ġpolicy Ġsince Ġthe Ġwar Ġin ĠAfghanistan Ġin Ġ2001 .",O O O O O O O O B-POLITICIAN I-POLITICIAN I-POLITICIAN I-POLITICIAN I-POLITICIAN O O O O O O O O O O O O O O O O O O O O O O,NONE
"ĠSinger ĠSam ĠEnd ic ott Ġsaid Ġhe Ġfelt Ġ"" great "" Ġabout Ġcoming Ġtop Ġof Ġthe ĠSound Ġof Ġ2005 Ġlist .",O B-MUSICIAN I-MUSICIAN I-MUSICIAN I-MUSICIAN O O O O O O O O O O O O O O O O,NONE
ĠEb bers Ġ' aware ' Ġof ĠWorld Com Ġfraud ĊĊ,B-BUSINESS-EXECUTIVE-MANAGER I-BUSINESS-EXECUTIVE-MANAGER O O O O O O O O,NONE
ĠMr ĠEb bers Ġhas Ġdenied Ġmultiple Ġcharges Ġof Ġconspiracy Ġand Ġfraud .,O B-BUSINESS-EXECUTIVE-MANAGER I-BUSINESS-EXECUTIVE-MANAGER O O O O O O O O O,NONE
"ĠMicrosoft Ġchief , ĠBill ĠGates , Ġused Ġthe ĠG DC Ġevent Ġto Ġunveil Ġthe Ġoriginal ĠXbox Ġfive Ġyears Ġago .",O O O B-BUSINESS-EXECUTIVE-MANAGER I-BUSINESS-EXECUTIVE-MANAGER O O O O O O O O O O O O O O O,NONE
ĠWenger Ġshock Ġat ĠNewcastle Ġdip,B-ATHLETE O O O O,NONE
"ĠEarlier , ĠMr ĠWilson Ġhad Ġsaid Ġthat Ġpresident ĠLu iz ĠIn acio ĠL ula Ġda ĠSilva Ġhas Ġdecided Ġto Ġstep Ġin Ġand Ġa Ġdecree Ġof Ġsome Ġkind Ġof Ġintervention Ġcould Ġbe Ġsigned Ġthis Ġweek .",O O O B-BUSINESS-EXECUTIVE-MANAGER O O O O B-POLITICIAN I-POLITICIAN I-POLITICIAN I-POLITICIAN I-POLITICIAN I-POLITICIAN I-POLITICIAN I-POLITICIAN O O O O O O O O O O O O O O O O O O O,NONE
"ĠThe ĠAttorney ĠGeneral , ĠLord ĠGold smith , Ġhas Ġso Ġfar Ġissued Ġno Ġinstructions Ġto Ġpolice Ġon Ġhow Ġthey Ġshould Ġdeal Ġwith Ġhunters Ġwho Ġviolate Ġthe Ġlaw .",O O O O B-POLITICIAN I-POLITICIAN I-POLITICIAN O O O O O O O O O O O O O O O O O O O O O,attorney
"Ġ,"" Ġhunt Ġmaster , ĠCaptain ĠIan ĠFar qu har , Ġsaid .",O O O O O B-PUBLIC-FIGURE I-PUBLIC-FIGURE I-PUBLIC-FIGURE I-PUBLIC-FIGURE O O O,NONE
ĠGall oway Ġplea Ġfor Ġhostage Ġrelease,B-POLITICIAN I-POLITICIAN O O O O,NONE
ĠThe Ġlatest Ġfootage Ġshowed ĠMrs ĠHassan Ġasking Ġfor ĠBritish Ġtroops Ġto Ġbe Ġpulled Ġout Ġof ĠIraq .,O O O O O B-PUBLIC-FIGURE O O O O O O O O O O O,NONE
"ĠYet ĠRooney Ġis Ġseen Ġonly Ġas Ġthe Ġworst Ġexample Ġof Ġmany ĠEngland Ġmisc re ants , Ġwith ĠGary ĠNeville Ġcriticised Ġfor Ġcontinuing Ġthe Ġfeud Ġbetween ĠManchester ĠUnited Ġand ĠArsenal Ġfor Ġhis Ġtackles Ġon ĠJose ĠReyes .",O B-ATHLETE O O O O O O O O O O O O O O O B-ATHLETE I-ATHLETE O O O O O O O O O O O O O O B-ATHLETE I-ATHLETE O,NONE
"ĠAnd Ġlike ĠAS , ĠMar ca Ġcritic ises ĠGary ĠNeville Ġfor Ġ"" le aving Ġa Ġmessage Ġon ĠReyes ' Ġankle "" Ġto Ġremind Ġhim Ġof Ġthe ĠManchester ĠUnited - Arsenal Ġclash Ġthis Ġmonth .",O O O O O O O O B-ATHLETE I-ATHLETE O O O O O O O B-ATHLETE O O O O O O O O O O O O O O O O,NONE
ĠDavid ĠBl unk ett Ġin Ġquotes,B-POLITICIAN I-POLITICIAN I-POLITICIAN I-POLITICIAN O O,NONE
"Ġ"" I Ġfoolish ly Ġthought Ġas Ġthis Ġwas Ġa Ġcelebrity Ġedition Ġit Ġwould Ġbe Ġmore Ġrelaxed Ġthan Ġnormal .""",O O O O O O O O O O O O O O O O O O O,NONE
"Ġ Ċ Ċ "" You Ġwake Ġup Ġand Ġyou Ġreceive Ġa Ġphone Ġcall Ġ- ĠShip man 's Ġtopped Ġhimself .",O O O O O O O O O O O O O O B-PUBLIC-FIGURE I-PUBLIC-FIGURE O O O O,NONE
"Ġ"" A Ġst oo ge Ġwho Ġwill Ġsing Ġany Ġsong , Ġmake Ġany Ġspeech , Ġdo Ġany Ġdance , Ġdo Ġanything Ġshe Ġis Ġtold Ġto Ġby ĠTony ĠBlair Ġ- Ġirrespective Ġof Ġhow Ġher Ġconstituents Ġare Ġadversely Ġaffected Ġor Ġhow Ġstrongly Ġthey Ġfeel Ġto Ġthe Ġcontrary .""",O O O O O O O O O O O O O O O O O O O O O O O O O O B-POLITICIAN I-POLITICIAN O O O O O O O O O O O O O O O O O O,NONE
"ĠIcon Ġspent Ġvery Ġlittle Ġon Ġadvertising Ġthe Ġfilm , Ġwhich Ġdeals Ġwith Ġthe Ġlast Ġhours Ġof ĠJesus ĠChrist 's Ġlife , Ġwhen Ġit Ġwas Ġreleased Ġearlier Ġthis Ġyear",O O O O O O O O O O O O O O O O B-PUBLIC-FIGURE I-PUBLIC-FIGURE O O O O O O O O O O,NONE
ĠBrook side Ġactress ĠKe aven ey Ġdies ĊĊ,O O O B-ACTOR-DIRECTOR I-ACTOR-DIRECTOR I-ACTOR-DIRECTOR O O,NONE
"Ġsaid : Ġ"" Anna Ġwas Ġdue Ġto Ġhave Ġhad Ġanother Ġoperation Ġon ĠFriday Ġbut Ġunfortunately Ġshe Ġwas Ġtoo Ġweak .""",O O O B-ACTOR-DIRECTOR O O O O O O O O O O O O O O O O,NONE
ĠIndian Ġwriter ĠRoh it ĠGupta Ġedits Ġa Ġgroup Ġblog Ġcalled ĠDogs Ġwithout ĠBorders .,O O B-AUTHOR-WRITER I-AUTHOR-WRITER I-AUTHOR-WRITER O O O O O O O O O,writer
ĠD ina ĠMe ht a Ġis Ġan ĠIndian Ġblogger Ġwho 's Ġhelping Ġwith Ġthe Ġnewly Ġcreated ĠSouth ĠEast ĠAsia ĠEarthquake Ġand ĠTs un ami ĠBlog .,B-AUTHOR-WRITER I-AUTHOR-WRITER I-AUTHOR-WRITER I-AUTHOR-WRITER I-AUTHOR-WRITER O O O O O O O O O O O O O O O O O O O O O,NONE
ĠMr ĠKot amar aja Ġwanted Ġto Ġhelp Ġthose Ġaffected Ġby Ġthe Ġtsunami Ġby Ġpool ing Ġmoney Ġwith Ġconcerned Ġfriends .,O B-PUBLIC-FIGURE I-PUBLIC-FIGURE I-PUBLIC-FIGURE O O O O O O O O O O O O O O O O,NONE
"Ġ"" Well ,"" ĠHere tic Ġwrites , Ġ"" that Ġwas Ġjust Ġthe Ġleast Ġaffected Ġareas Ġ- Ġso Ġyou Ġcan Ġjust Ġimagine Ġ- Ġor Ġcan Ġyou ?""",O O O B-AUTHOR-WRITER I-AUTHOR-WRITER O O O O O O O O O O O O O O O O O O O O O,NONE
ĠMr ĠBol z Ġsaid Ġvideo Ġgames Ġfirm Ġhad Ġto Ġwork Ġmore Ġclosely Ġwith Ġcelebrities .,O B-BUSINESS-EXECUTIVE-MANAGER I-BUSINESS-EXECUTIVE-MANAGER O O O O O O O O O O O O,NONE
ĠBlair Ġblasts ĠTory Ġspending Ġplans,B-POLITICIAN O O O O,NONE
ĠHis Ġcomments Ġcame Ġas ĠPresident ĠGeorge ĠW ĠBush Ġsaid Ġthe ĠUS Ġbacked ĠRussian Ġentry .,O O O O O B-POLITICIAN I-POLITICIAN I-POLITICIAN O O O O O O O,NONE
ĠHis Ġcomments Ġcome Ġthree Ġdays Ġbefore Ġhe Ġis Ġdue Ġto Ġmeet ĠPresident ĠVladimir ĠPutin .,O O O O O O O O O O O O B-POLITICIAN I-POLITICIAN O,NONE
"ĠMy Ġgut Ġfeeling Ġis Ġthat ĠKelly Ġwould Ġlike Ġto Ġrun Ġin Ġthe ĠEuropean ĠInd oor ĠChampionships , Ġbut Ġshe Ġjust Ġhasn 't Ġconvinced Ġherself Ġshe Ġis Ġfit Ġenough Ġto Ġdo Ġso .",O O O O O B-ATHLETE O O O O O O O O O O O O O O O O O O O O O O O O O O,NONE
ĠI Ġthink Ġthose Ġconditions Ġaffected Ġthe Ġdistance Ġrunners Ġand Ġin Ġfact ĠDef ar Ġcomplained Ġto Ġher Ġcoach Ġafter Ġthe Ġrace Ġthat Ġshe Ġcould Ġnot Ġget Ġher Ġbreath Ġproperly .,O O O O O O O O O O O B-ATHLETE I-ATHLETE O O O O O O O O O O O O O O O O,NONE
"ĠFarmer ĠGeoff ĠBrooks , Ġa Ġsenior Ġmember Ġof Ġthe ĠQu orn Ġhunt , Ġtold ĠBBC ĠNews Ġpeople 's Ġlives Ġ"" rev olved Ġaround Ġhunting "".",O B-PUBLIC-FIGURE I-PUBLIC-FIGURE O O O O O O O O O O O O O O O O O O O O O O,NONE
ĠKennedy Ġbegins Ġpre - election Ġtour,B-POLITICIAN O O O O O,NONE
"ĠMr ĠNewton Ġis Ġa Ġcritically Ġacclaimed Ġjazz Ġand Ġclassical Ġfl ut ist , Ġcomposer , Ġperformer , Ġand Ġuniversity Ġprofessor .",O B-MUSICIAN O O O O O O O O O O O O O O O O O O O,professor
ĠMourinho Ġreceives ĠRob son Ġwarning,B-ATHLETE O B-ATHLETE I-ATHLETE O,NONE
ĠFrench Ġwriter ĠChrist ophe ĠBar rat ie Ġand ĠKorean Ġwriter ĠPark ĠChan - Ch ook Ġshared Ġthe Ġbest Ġscreenplay Ġaward Ġfor ĠLes ĠCh or ist es Ġand ĠOld ĠBoy Ġrespectively .,O O B-AUTHOR-WRITER I-AUTHOR-WRITER I-AUTHOR-WRITER I-AUTHOR-WRITER I-AUTHOR-WRITER O O O B-AUTHOR-WRITER I-AUTHOR-WRITER I-AUTHOR-WRITER I-AUTHOR-WRITER I-AUTHOR-WRITER O O O O O O O O O O O O O O O O,writer
ĠFerguson Ġha ils ĠMan ĠUt d Ġ' s Ġresolve,B-ATHLETE O O O O O O O O,NONE
ĠIt Ġalso Ġcharged ĠRu ud Ġvan ĠN ist el ro oy Ġwith Ġserious Ġfoul Ġplay Ġwhile ĠArsenal Ġboss ĠArs ene ĠWenger Ġhas Ġbeen Ġasked Ġto Ġexplain Ġcomments Ġhe Ġmade Ġabout Ġthe Ġreferee .,O O O B-ATHLETE I-ATHLETE I-ATHLETE I-ATHLETE I-ATHLETE I-ATHLETE I-ATHLETE I-ATHLETE O O O O O O O B-ATHLETE I-ATHLETE I-ATHLETE O O O O O O O O O O O O,NONE
"ĠThe Ġoriginal Ġbook Ġby ĠGeorge ĠAbbott Ġand ĠRichard ĠBis sell Ġwill Ġbe Ġrevised Ġby Ġplay wright ĠPeter ĠAck erman , Ġwho Ġco - wrote Ġthe Ġscreenplay Ġfor Ġthe Ġmovie ĠIce ĠAge .",O O O O B-AUTHOR-WRITER I-AUTHOR-WRITER O B-AUTHOR-WRITER I-AUTHOR-WRITER I-AUTHOR-WRITER O O O O O O B-AUTHOR-WRITER I-AUTHOR-WRITER I-AUTHOR-WRITER O O O O O O O O O O O O O,NONE
ĠHe aley Ġtargets ĠEngland Ġcomeback,B-ATHLETE I-ATHLETE O O O,NONE
ĠHar iri Ġkilling Ġhits ĠBeirut Ġshares,B-POLITICIAN I-POLITICIAN O O O O,NONE
ĠMr ĠStraw Ġalso Ġsigned Ġa Ġdeal Ġon ĠChina - UK Ġtourism .,O B-POLITICIAN O O O O O O O O O O,NONE
"ĠBrad ĠAdams , Ġfrom Ġthe ĠUK 's ĠHuman ĠRights ĠWatch , Ġsaid : Ġ"" This Ġis Ġa Ġhuge Ġpolitical Ġsignal Ġfrom ĠEurope Ġthat Ġthey Ġare Ġwilling Ġto Ġforget Ġabout ĠTian an men ĠSquare .""",B-PUBLIC-FIGURE I-PUBLIC-FIGURE O O O O O O O O O O O O O O O O O O O O O O O O O O O O O O O O,NONE
ĠVan ĠGo gh Ġfestival Ġfilm Ġwithdrawn,B-PUBLIC-FIGURE I-PUBLIC-FIGURE I-PUBLIC-FIGURE O O O,NONE
ĠSubmission Ġwas Ġmade Ġwith Ġliberal ĠSomali - Dutch Ġpolitician ĠA ya an ĠHir si ĠAli Ġand Ġwas Ġdue Ġto Ġbe Ġshown Ġon Ġ30 ĠJanuary .,O O O O O O O O O B-POLITICIAN I-POLITICIAN I-POLITICIAN I-POLITICIAN I-POLITICIAN I-POLITICIAN O O O O O O O O O O,NONE
"ĠBrit ney Ġattacks Ġ' false Ġtabl oids ' Ċ Ċ Pop Ġstar ĠBrit ney ĠSpears Ġhas Ġattacked Ġ"" false "" Ġand Ġ"" des perate "" ĠUS Ġtabloid Ġmagazines , Ġquestioning Ġtheir Ġhonesty Ġafter Ġthey Ġreported Ġshe Ġwas Ġpregnant .",B-MUSICIAN I-MUSICIAN O O O O O O O O O O B-MUSICIAN I-MUSICIAN I-MUSICIAN O O O O O O O O O O O O O O O O O O O O O O O O,NONE
ĠStories Ġabout Ġthe Ġstate Ġof Ġher Ġmarriage Ġto ĠKevin ĠFeder line Ġand Ġrumours Ġabout Ġa Ġpregnancy Ġhave Ġrecently Ġappeared .,O O O O O O O O B-MUSICIAN I-MUSICIAN I-MUSICIAN O O O O O O O O O,NONE
"ĠIn ĠFebruary , ĠSpears Ġclashed Ġwith ĠUs ĠWeekly Ġfor Ġpublishing Ġpictures Ġof Ġher Ġhoney moon Ġin ĠFiji Ġwithout Ġpermission .",O O O B-MUSICIAN O O O O O O O O O O O O O O O O,NONE
ĠLabour 's ĠY vette ĠCooper Ġsaid Ġshe Ġfound Ġit Ġhard Ġto Ġpersuade ĠCommons Ġofficials Ġshe Ġwas Ġa Ġminister Ġand Ġnot Ġa Ġsecretary .,O O B-POLITICIAN I-POLITICIAN I-POLITICIAN O O O O O O O O O O O O O O O O O O,NONE
"ĠBut ĠWilliams Ġsaid : Ġ"" I Ġwant Ġto Ġmake Ġit Ġclear Ġthat ĠI 'm Ġcommitted Ġtotally Ġto ĠScottish Ġrugby .",O B-ATHLETE O O O O O O O O O O O O O O O O O O,NONE
ĠBor ussia ĠDortmund Ġnear Ġbust,B-ATHLETE I-ATHLETE I-ATHLETE O O,NONE
ĠIt Ġhas Ġbeen Ġreported Ġthey Ġcould Ġbe Ġquestioned Ġabout ĠPrince ĠCharles ' Ġspending Ġon ĠCam illa ĠParker ĠBow les .,O O O O O O O O O B-PUBLIC-FIGURE I-PUBLIC-FIGURE O O O B-PUBLIC-FIGURE I-PUBLIC-FIGURE I-PUBLIC-FIGURE I-PUBLIC-FIGURE I-PUBLIC-FIGURE O,NONE
"Ġ"" The Ġplay Ġis Ġobscene Ġand Ġpornographic Ġalthough Ġit Ġwas Ġunder Ġthe Ġguise Ġof Ġwomen 's Ġliberation ,"" ĠMP ĠK ef a ĠS se mp gan i Ġtold Ġparliament .",O O O O O O O O O O O O O O O O O O O B-POLITICIAN I-POLITICIAN I-POLITICIAN I-POLITICIAN I-POLITICIAN I-POLITICIAN I-POLITICIAN I-POLITICIAN O O O,NONE
"Ġ"" There Ġis Ġobviously Ġsome Ġfear Ġof Ġthe Ġvagina Ġand Ġsaying Ġthe Ġword Ġvagina ,"" ĠMs ĠEns ler Ġtold Ġthe ĠBBC .",O O O O O O O O O O O O O O O O B-AUTHOR-WRITER I-AUTHOR-WRITER O O O O,NONE
ĠLabour Ġbattle Ġplan Ġ' h ides ĠBlair ',O O O O O O B-POLITICIAN O,NONE
"Ġ"" Tony ĠBlair Ġseems Ġto Ġhave Ġdisappeared Ġfrom ĠLabour Ġleaflets Ġand Ġbroadcasts ,"" Ġhe Ġsaid .",O B-POLITICIAN I-POLITICIAN O O O O O O O O O O O O O,NONE
"ĠThe Ġban Ġmeans Ġformer ĠScotland Ġinternational ĠP ount ney Ġcannot Ġenter Ġthe Ġplaying Ġenclosure , Ġtechnical Ġareas Ġor Ġgo Ġnear Ġthe Ġtouch line , Ġtunnel Ġor Ġplayers Ġand Ġofficials ' Ġareas Ġon Ġthe Ġday Ġof Ġa Ġgame .",O O O O O O B-ATHLETE I-ATHLETE I-ATHLETE O O O O O O O O O O O O O O O O O O O O O O O O O O O O O,NONE
"ĠThe ĠBirmingham - born Ġsinger , Ġfull Ġname ĠJam elia ĠDavis , Ġwas Ġsigned Ġto Ġa Ġrecord Ġlabel Ġat Ġthe Ġage Ġof Ġ15 Ġand Ġreleased Ġher Ġfirst Ġsingle ĠSo ĠHigh Ġat Ġ18 .",O O O O O O O O B-MUSICIAN I-MUSICIAN I-MUSICIAN O O O O O O O O O O O O O O O O O O O O O O,NONE
"ĠIn ĠJanuary , ĠMr ĠKil roy - Sil k Ġquit Ġhis ĠBBC ĠOne Ġshow Ġfor Ġremarks Ġhe Ġmade Ġabout ĠArabs , Ġwho Ġhe Ġcalled Ġ"" su icide Ġbombers "".",O O O O B-POLITICIAN I-POLITICIAN I-POLITICIAN I-POLITICIAN I-POLITICIAN O O O O O O O O O O O O O O O O O O O O,NONE
"Ġ Ċ Ċ Mr ĠKil roy - Sil k Ġhad Ġalready Ġbeen Ġtaken Ġoff Ġair Ġby ĠBBC Ġbosses Ġfor Ġthe Ġcomments , Ġin Ġwhich Ġhe Ġalso Ġdescribed ĠArabs Ġas Ġ"" lim b - amp ut ators , Ġwomen Ġrep ress ors "".",O O O O B-POLITICIAN I-POLITICIAN I-POLITICIAN I-POLITICIAN I-POLITICIAN O O O O O O O O O O O O O O O O O O O O O O O O O O O O O O O O O,NONE
"ĠIt Ġwent Ġall Ġinside Ġthe Ġcar Ġand Ġspl attered ĠRuth ĠKelly .""",O O O O O O O O O B-POLITICIAN I-POLITICIAN O,NONE
"ĠMr ĠKil roy - Sil k , Ġan ĠMEP Ġfor Ġthe ĠEast ĠMidlands , Ġresigned Ġthe ĠUK ĠIndependence ĠParty Ġwhip Ġin Ġthe ĠEuropean ĠParliament Ġin ĠOctober , Ġafter Ġcritic ising ĠUKIP Ġand Ġstating Ġhis Ġambition Ġto Ġbe Ġleader .",O B-POLITICIAN I-POLITICIAN I-POLITICIAN I-POLITICIAN I-POLITICIAN O O O O O O O O O O O O O O O O O O O O O O O O O O O O O O O O O,NONE
ĠMr ĠSmith 's Ġdeparture Ġwas Ġreported Ġwidely Ġat Ġthe Ġtime Ġas Ġhis Ġshould ering Ġthe Ġblame Ġfor Ġthe Ġfailings Ġof Ġthe ĠChild ĠSupport ĠAgency .,O B-POLITICIAN O O O O O O O O O O O O O O O O O O O O O O O,NONE
"ĠIt Ġnow Ġemerges Ġthat Ġthe Ġwidespread Ġbelief ĠMr ĠSmith , Ġmade ĠCommander Ġof Ġthe ĠOrder Ġof Ġthe ĠBath Ġin Ġthe ĠNew ĠYear Ġhon ours , Ġhad Ġleft , Ġwas Ġwrong .",O O O O O O O O B-POLITICIAN O O O O O O O O O O O O O O O O O O O O O O,NONE
ĠBl unk ett Ġsorry Ġover Ġmurder Ġplan,B-POLITICIAN I-POLITICIAN I-POLITICIAN O O O O,NONE
ĠWenger Ġkeeping Ġfaith Ġwith ĠAl mun ia,B-ATHLETE O O O B-ATHLETE I-ATHLETE I-ATHLETE,NONE
"ĠWenger Ġsaid : Ġ"" You Ġdon 't Ġthink ĠI Ġwould Ġtake Ġout Ġone Ġgoalkeeper Ġfor Ġjust Ġone Ġgame , Ġdo Ġyou ?",B-ATHLETE O O O O O O O O O O O O O O O O O O O O O,NONE
"ĠMeanwhile , ĠTh ier ry ĠHenry Ġbelieves Ġhe Ġwill Ġbe Ġblamed Ġif ĠArsenal Ġfail Ġto Ġqualify Ġfor Ġthe Ġnext Ġstage Ġof Ġthe ĠChampions ĠLeague .",O O B-ATHLETE I-ATHLETE I-ATHLETE I-ATHLETE O O O O O O O O O O O O O O O O O O O,NONE
"ĠMotor head , ĠJud as ĠPriest Ġand ĠPro digy Ġare Ġincluded Ġalong Ġwith Ġnewer Ġacts Ġlike ĠThe ĠDarkness Ġand ĠLost prop he ts .",B-MUSICIAN I-MUSICIAN O B-MUSICIAN I-MUSICIAN I-MUSICIAN O B-MUSICIAN I-MUSICIAN O O O O O O O B-MUSICIAN I-MUSICIAN O B-MUSICIAN I-MUSICIAN I-MUSICIAN I-MUSICIAN O,NONE
"Ġ[ {"" text "": Ġ"" roy Ġwill iam s "", Ġ"" label "": Ġ"" A UTH OR - WR IT ER ""} ]",O O O O O O O O O O O O O O O O O O O O O O O,author
"Ġ[ {"" text "": Ġ"" mart in Ġlar sson "", Ġ"" label "": Ġ"" BUS INESS - EX EC UT IVE - MAN AG ER ""} ]",O O O O O O O O O O O O O O O O O O O O O O O O O O O,manager
"Ġ[ {"" text "": Ġ"" j eff Ġraven craft "", Ġ"" label "": Ġ"" BUS INESS - EX EC UT IVE - MAN AG ER ""} ]",O O O O O O O O O O O O O O O O O O O O O O O O O O O,manager
"Ġ[ {"" text "": Ġ"" hel mut Ġpan ke "", Ġ"" label "": Ġ"" BUS INESS - EX EC UT IVE - MAN AG ER ""} ]",O O O O O O O O O O O O O O O O O O O O O O O O O O O,manager
"Ġ[ {"" text "": Ġ"" step hen Ġtou l ouse "", Ġ"" label "": Ġ"" BUS INESS - EX EC UT IVE - MAN AG ER ""} ]",O O O O O O O O O O O O O O O O O O O O O O O O O O O O,manager
"Ġ[ {"" text "": Ġ"" h ann es Ġw itt ig "", Ġ"" label "": Ġ"" PU BLIC - FIG URE ""} ]",O O O O O O O O O O O O O O O O O O O O O O O,NONE
"Ġ[ {"" text "": Ġ"" daily Ġmirror Ġjournalist "", Ġ"" label "": Ġ"" A UTH OR - WR IT ER ""} ]",O O O O O O O O O O O O O O O O O O O O O O,author
"Ġ[ {"" text "": Ġ"" al ast air Ġb ry don "", Ġ"" label "": Ġ"" A UTH OR - WR IT ER ""} ]",O O O O O O O O O O O O O O O O O O O O O O O O O,author
"Ġ[ {"" text "": Ġ"" ol iver Ġval ente "", Ġ"" label "": Ġ"" BUS INESS - EX EC UT IVE - MAN AG ER ""} ]",O O O O O O O O O O O O O O O O O O O O O O O O O O O,manager
"Ġ[ {"" text "": Ġ"" c arl Ġcl ump "", Ġ"" label "": Ġ"" BUS INESS - EX EC UT IVE - MAN AG ER ""} ]",O O O O O O O O O O O O O O O O O O O O O O O O O O O,manager
"Ġ[ {"" text "": Ġ"" bill Ġg amm ell "", Ġ"" label "": Ġ"" BUS INESS - EX EC UT IVE - MAN AG ER ""} ]",O O O O O O O O O O O O O O O O O O O O O O O O O O O,manager
"Ġ[ {"" text "": Ġ"" bill Ġfor d "", Ġ"" label "": Ġ"" BUS INESS - EX EC UT IVE - MAN AG ER ""} ]",O O O O O O O O O O O O O O O O O O O O O O O O O O,manager
"Ġ[ {"" text "": Ġ"" j im Ġskin ner "", Ġ"" label "": Ġ"" BUS INESS - EX EC UT IVE - MAN AG ER ""} ]",O O O O O O O O O O O O O O O O O O O O O O O O O O O,manager
"Ġ[ {"" text "": Ġ"" fin ian Ġo 's ullivan "", Ġ"" label "": Ġ"" BUS INESS - EX EC UT IVE - MAN AG ER ""} ]",O O O O O O O O O O O O O O O O O O O O O O O O O O O O,manager
"Ġ[ {"" text "": Ġ"" gl enn Ġcamp bell "", Ġ"" label "": Ġ"" A UTH OR - WR IT ER ""} ]",O O O O O O O O O O O O O O O O O O O O O O O,author
"Ġ[ {"" text "": Ġ"" ke vin Ġh ogan "", Ġ"" label "": Ġ"" BUS INESS - EX EC UT IVE - MAN AG ER ""} ]",O O O O O O O O O O O O O O O O O O O O O O O O O O O,manager
"Ġ[ {"" text "": Ġ"" al ast air Ġcamp bell "", Ġ"" label "": Ġ"" PU BLIC - FIG URE ""} ]",O O O O O O O O O O O O O O O O O O O O O O,NONE
"Ġ[ {"" text "": Ġ"" cl ark Ġboy d "", Ġ"" label "": Ġ"" A UTH OR - WR IT ER ""} ]",O O O O O O O O O O O O O O O O O O O O O O O,author
"Ġ[ {"" text "": Ġ"" p aul Ġm cn ulty "", Ġ"" label "": Ġ"" PU BLIC - FIG URE ""}, Ġ{"" text "": Ġ"" john Ġsank us "", Ġ"" label "": Ġ"" BUS INESS - EX EC UT IVE - MAN AG ER ""} ]",O O O O O O O O O O O O O O O O O O O O O O O O O O O O O O O O O O O O O O O O O O O O O O,manager
"Ġ[ {"" text "": Ġ"" ant ony Ġtowns den "", Ġ"" label "": Ġ"" PU BLIC - FIG URE ""} ]",O O O O O O O O O O O O O O O O O O O O O,NONE
"Ġ[ {"" text "": Ġ"" sam Ġyounger "", Ġ"" label "": Ġ"" BUS INESS - EX EC UT IVE - MAN AG ER ""} ]",O O O O O O O O O O O O O O O O O O O O O O O O O,manager
"Ġ[ {"" text "": Ġ"" m ike Ġsm ith "", Ġ"" label "": Ġ"" BUS INESS - EX EC UT IVE - MAN AG ER ""} ]",O O O O O O O O O O O O O O O O O O O O O O O O O O O,manager
"Ġ[ {"" text "": Ġ"" d avid Ġbl unk ett "", Ġ"" label "": Ġ"" POL IT IC IAN ""}, Ġ{"" text "": Ġ"" k im ber ly Ġqu inn "", Ġ"" label "": Ġ"" BUS INESS - EX EC UT IVE - MAN AG ER ""} ]",O O O O O O O O O O O O O O O O O O O O O O O O O O O O O O O O O O O O O O O O O O O O O O O O,manager
"Ġ[ {"" text "": Ġ"" car ole Ġwalk er "", Ġ"" label "": Ġ"" A UTH OR - WR IT ER ""} ]",O O O O O O O O O O O O O O O O O O O O O O O,author
"Ġ[ {"" text "": Ġ"" nor bert Ġore "", Ġ"" label "": Ġ"" BUS INESS - EX EC UT IVE - MAN AG ER ""} ]",O O O O O O O O O O O O O O O O O O O O O O O O O O,manager
"Ġ[ {"" text "": Ġ"" gl en Ġwood "", Ġ"" label "": Ġ"" BUS INESS - EX EC UT IVE - MAN AG ER ""} ]",O O O O O O O O O O O O O O O O O O O O O O O O O O,manager
"Ġ[ {"" text "": Ġ"" p eter Ġhill - wood "", Ġ"" label "": Ġ"" BUS INESS - EX EC UT IVE - MAN AG ER ""} ]",O O O O O O O O O O O O O O O O O O O O O O O O O O O O,manager
"Ġ[ {"" text "": Ġ"" rid ley Ġsc ott "", Ġ"" label "": Ġ"" ACT OR - DI RECT OR ""} ]",O O O O O O O O O O O O O O O O O O O O O O,NONE
"Ġ[ {"" text "": Ġ"" p aver "", Ġ"" label "": Ġ"" A UTH OR - WR IT ER ""} ]",O O O O O O O O O O O O O O O O O O O O O,author
"Ġ[ {"" text "": Ġ"" mic helle Ġp aver "", Ġ"" label "": Ġ"" A UTH OR - WR IT ER ""} ]",O O O O O O O O O O O O O O O O O O O O O O O,author
"Ġ[ {"" text "": Ġ"" b ob Ġmur ray "", Ġ"" label "": Ġ"" BUS INESS - EX EC UT IVE - MAN AG ER ""} ]",O O O O O O O O O O O O O O O O O O O O O O O O O O O,manager
"Ġ[ {"" text "": Ġ"" g illes Ġb abin et "", Ġ"" label "": Ġ"" BUS INESS - EX EC UT IVE - MAN AG ER ""} ]",O O O O O O O O O O O O O O O O O O O O O O O O O O O O,manager
"Ġ[ {"" text "": Ġ"" lance Ġfried mann "", Ġ"" label "": Ġ"" BUS INESS - EX EC UT IVE - MAN AG ER ""} ]",O O O O O O O O O O O O O O O O O O O O O O O O O O,manager
"Ġ[ {"" text "": Ġ"" ross Ġbl anch ard "", Ġ"" label "": Ġ"" BUS INESS - EX EC UT IVE - MAN AG ER ""} ]",O O O O O O O O O O O O O O O O O O O O O O O O O O O,manager
"Ġ[ {"" text "": Ġ"" alan Ġsch w artz "", Ġ"" label "": Ġ"" BUS INESS - EX EC UT IVE - MAN AG ER ""} ]",O O O O O O O O O O O O O O O O O O O O O O O O O O O,manager
"Ġ[ {"" text "": Ġ"" ale x ander Ġo ud end ijk "", Ġ"" label "": Ġ"" BUS INESS - EX EC UT IVE - MAN AG ER ""} ]",O O O O O O O O O O O O O O O O O O O O O O O O O O O O O O,manager
"Ġ[ {"" text "": Ġ"" d avid Ġy ar nton "", Ġ"" label "": Ġ"" BUS INESS - EX EC UT IVE - MAN AG ER ""} ]",O O O O O O O O O O O O O O O O O O O O O O O O O O O O,manager
"Ġ[ {"" text "": Ġ"" bre tt Ġgod frey "", Ġ"" label "": Ġ"" BUS INESS - EX EC UT IVE - MAN AG ER ""} ]",O O O O O O O O O O O O O O O O O O O O O O O O O O O,manager
"Ġ[ {"" text "": Ġ"" gold smith "", Ġ"" label "": Ġ"" PU BLIC - FIG URE ""} ]",O O O O O O O O O O O O O O O O O O O,NONE
"Ġ[ {"" text "": Ġ"" mary Ġkay ites i Ġblew itt "", Ġ"" label "": Ġ"" BUS INESS - EX EC UT IVE - MAN AG ER ""} ]",O O O O O O O O O O O O O O O O O O O O O O O O O O O O O,manager
"Ġ[ {"" text "": Ġ"" b rent Ġbo z ell "", Ġ"" label "": Ġ"" PU BLIC - FIG URE ""} ]",O O O O O O O O O O O O O O O O O O O O O O,NONE
"Ġ[ {"" text "": Ġ"" mar cel Ġn ien hu is "", Ġ"" label "": Ġ"" BUS INESS - EX EC UT IVE - MAN AG ER ""} ]",O O O O O O O O O O O O O O O O O O O O O O O O O O O O O,manager
"Ġ[ {"" text "": Ġ"" g ordon Ġstew art "", Ġ"" label "": Ġ"" BUS INESS - EX EC UT IVE - MAN AG ER ""} ]",O O O O O O O O O O O O O O O O O O O O O O O O O O O,manager
"Ġ[ {"" text "": Ġ"" m ichael Ġra fter y "", Ġ"" label "": Ġ"" BUS INESS - EX EC UT IVE - MAN AG ER ""} ]",O O O O O O O O O O O O O O O O O O O O O O O O O O O O,manager
"Ġ[ {"" text "": Ġ"" v ad im Ġmit ro sh in "", Ġ"" label "": Ġ"" BUS INESS - EX EC UT IVE - MAN AG ER ""}, Ġ{"" text "": Ġ"" put in "", Ġ"" label "": Ġ"" POL IT IC IAN ""}, Ġ{"" text "": Ġ"" m ikhail Ġk hod ork ovsky "", Ġ"" label "": Ġ"" BUS INESS - EX EC UT IVE - MAN AG ER ""} ]",O O O O O O O O O O O O O O O O O O O O O O O O O O O O O O O O O O O O O O O O O O O O O O O O O O O O O O O O O O O O O O O O O O O O O O O O O,manager
"Ġ[ {"" text "": Ġ"" k urt Ġops ahl "", Ġ"" label "": Ġ"" PU BLIC - FIG URE ""} ]",O O O O O O O O O O O O O O O O O O O O O,NONE
"Ġ[ {"" text "": Ġ"" j ason Ġo - gr ady "", Ġ"" label "": Ġ"" BUS INESS - EX EC UT IVE - MAN AG ER ""} ]",O O O O O O O O O O O O O O O O O O O O O O O O O O O O O,manager
"Ġ[ {"" text "": Ġ"" tom Ġgold stein "", Ġ"" label "": Ġ"" A UTH OR - WR IT ER ""}, Ġ{"" text "": Ġ"" dan Ġg ill mor "", Ġ"" label "": Ġ"" A UTH OR - WR IT ER ""} ]",O O O O O O O O O O O O O O O O O O O O O O O O O O O O O O O O O O O O O O O O O O O,author
"Ġ[ {"" text "": Ġ"" ken Ġk im "", Ġ"" label "": Ġ"" PU BLIC - FIG URE ""} ]",O O O O O O O O O O O O O O O O O O O O,NONE
"Ġ[ {"" text "": Ġ"" high "", Ġ"" label "": Ġ"" BUS INESS - EX EC UT IVE - MAN AG ER ""} ]",O O O O O O O O O O O O O O O O O O O O O O O O,manager
"Ġ[ {"" text "": Ġ"" al ess andro Ġm ogg i "", Ġ"" label "": Ġ"" BUS INESS - EX EC UT IVE - MAN AG ER ""}, Ġ{"" text "": Ġ"" l uc iano Ġm ogg i "", Ġ"" label "": Ġ"" BUS INESS - EX EC UT IVE - MAN AG ER ""} ]",O O O O O O O O O O O O O O O O O O O O O O O O O O O O O O O O O O O O O O O O O O O O O O O O O O O O O O O O,manager
"Ġ[ {"" text "": Ġ"" ro lf Ġbre uer "", Ġ"" label "": Ġ"" BUS INESS - EX EC UT IVE - MAN AG ER ""}, Ġ{"" text "": Ġ"" wer ner Ġse if ert "", Ġ"" label "": Ġ"" BUS INESS - EX EC UT IVE - MAN AG ER ""} ]",O O O O O O O O O O O O O O O O O O O O O O O O O O O O O O O O O O O O O O O O O O O O O O O O O O O O O,manager
"Ġ[ {"" text "": Ġ"" m ikhail Ġk hod ork ovsky "", Ġ"" label "": Ġ"" BUS INESS - EX EC UT IVE - MAN AG ER ""} ]",O O O O O O O O O O O O O O O O O O O O O O O O O O O O O,manager
"Ġ[ {"" text "": Ġ"" and rew Ġmar r "", Ġ"" label "": Ġ"" A UTH OR - WR IT ER ""}, Ġ{"" text "": Ġ"" brown "", Ġ"" label "": Ġ"" POL IT IC IAN ""}, Ġ{"" text "": Ġ"" bl air "", Ġ"" label "": Ġ"" POL IT IC IAN ""} ]",O O O O O O O O O O O O O O O O O O O O O O O O O O O O O O O O O O O O O O O O O O O O O O O O O O O O O O,author
"Ġ[ {"" text "": Ġ"" ste ve Ġwe instein "", Ġ"" label "": Ġ"" BUS INESS - EX EC UT IVE - MAN AG ER ""} ]",O O O O O O O O O O O O O O O O O O O O O O O O O O O,manager
"Ġ[ {"" text "": Ġ"" l ou ise Ġchrist ian "", Ġ"" label "": Ġ"" PU BLIC - FIG URE ""} ]",O O O O O O O O O O O O O O O O O O O O O O,NONE
"Ġ[ {"" text "": Ġ"" mal colm Ġse ag rave "", Ġ"" label "": Ġ"" PU BLIC - FIG URE ""} ]",O O O O O O O O O O O O O O O O O O O O O O,NONE
"Ġ[ {"" text "": Ġ"" rich ard Ġpars ons "", Ġ"" label "": Ġ"" BUS INESS - EX EC UT IVE - MAN AG ER ""} ]",O O O O O O O O O O O O O O O O O O O O O O O O O O O,manager
"Ġ[ {"" text "": Ġ"" bert els mann "", Ġ"" label "": Ġ"" BUS INESS - EX EC UT IVE - MAN AG ER ""} ]",O O O O O O O O O O O O O O O O O O O O O O O O O O,manager
"Ġ[ {"" text "": Ġ"" wan less "", Ġ"" label "": Ġ"" BUS INESS - EX EC UT IVE - MAN AG ER ""} ]",O O O O O O O O O O O O O O O O O O O O O O O O O,manager
"Ġ[ {"" text "": Ġ"" anton Ġwink ler "", Ġ"" label "": Ġ"" PU BLIC - FIG URE ""} ]",O O O O O O O O O O O O O O O O O O O O,NONE
"Ġ[ {"" text "": Ġ"" step hen Ġcape "", Ġ"" label "": Ġ"" A UTH OR - WR IT ER ""} ]",O O O O O O O O O O O O O O O O O O O O O O,author
"Ġ[ {"" text "": Ġ"" greg ory Ġio ann idis "", Ġ"" label "": Ġ"" PU BLIC - FIG URE ""} ]",O O O O O O O O O O O O O O O O O O O O O O,NONE
"Ġ[ {"" text "": Ġ"" j ames Ġware ham "", Ġ"" label "": Ġ"" PU BLIC - FIG URE ""} ]",O O O O O O O O O O O O O O O O O O O O O,NONE
"Ġ[ {"" text "": Ġ"" alan Ġhe ves i "", Ġ"" label "": Ġ"" PU BLIC - FIG URE ""} ]",O O O O O O O O O O O O O O O O O O O O O,NONE
"Ġ[ {"" text "": Ġ"" char les Ġel son "", Ġ"" label "": Ġ"" BUS INESS - EX EC UT IVE - MAN AG ER ""} ]",O O O O O O O O O O O O O O O O O O O O O O O O O O O,manager
"Ġ[ {"" text "": Ġ"" bern ard Ġeb bers "", Ġ"" label "": Ġ"" BUS INESS - EX EC UT IVE - MAN AG ER ""} ]",O O O O O O O O O O O O O O O O O O O O O O O O O O O,manager
"Ġ[ {"" text "": Ġ"" angel a Ġmac f arlane "", Ġ"" label "": Ġ"" A UTH OR - WR IT ER ""} ]",O O O O O O O O O O O O O O O O O O O O O O O O,author
"Ġ[ {"" text "": Ġ"" john Ġwood ward "", Ġ"" label "": Ġ"" BUS INESS - EX EC UT IVE - MAN AG ER ""} ]",O O O O O O O O O O O O O O O O O O O O O O O O O O,manager
"Ġ[ {"" text "": Ġ"" j ez Ġsan "", Ġ"" label "": Ġ"" BUS INESS - EX EC UT IVE - MAN AG ER ""} ]",O O O O O O O O O O O O O O O O O O O O O O O O O O,manager
"Ġ[ {"" text "": Ġ"" s ans "", Ġ"" label "": Ġ"" BUS INESS - EX EC UT IVE - MAN AG ER ""} ]",O O O O O O O O O O O O O O O O O O O O O O O O O,manager
"Ġ[ {"" text "": Ġ"" rick Ġpar ry "", Ġ"" label "": Ġ"" BUS INESS - EX EC UT IVE - MAN AG ER ""}, Ġ{"" text "": Ġ"" ste ven Ġg err ard "", Ġ"" label "": Ġ"" ATH LE TE ""} ]",O O O O O O O O O O O O O O O O O O O O O O O O O O O O O O O O O O O O O O O O O O O O,manager
"Ġ[ {"" text "": Ġ"" j ul ian Ġsm ith "", Ġ"" label "": Ġ"" PU BLIC - FIG URE ""} ]",O O O O O O O O O O O O O O O O O O O O O O,NONE
"Ġ[ {"" text "": Ġ"" ale x ander Ġl ind en "", Ġ"" label "": Ġ"" BUS INESS - EX EC UT IVE - MAN AG ER ""} ]",O O O O O O O O O O O O O O O O O O O O O O O O O O O O O,manager
"Ġ[ {"" text "": Ġ"" ro bert Ġp eston "", Ġ"" label "": Ġ"" A UTH OR - WR IT ER ""}, Ġ{"" text "": Ġ"" bl air "", Ġ"" label "": Ġ"" POL IT IC IAN ""}, Ġ{"" text "": Ġ"" brown "", Ġ"" label "": Ġ"" POL IT IC IAN ""} ]",O O O O O O O O O O O O O O O O O O O O O O O O O O O O O O O O O O O O O O O O O O O O O O O O O O O O O O,author
"Ġ[ {"" text "": Ġ"" john Ġcrow ther "", Ġ"" label "": Ġ"" BUS INESS - EX EC UT IVE - MAN AG ER ""} ]",O O O O O O O O O O O O O O O O O O O O O O O O O O,manager
"Ġ[ {"" text "": Ġ"" hel en Ġsu d ell "", Ġ"" label "": Ġ"" A UTH OR - WR IT ER ""} ]",O O O O O O O O O O O O O O O O O O O O O O O O,author
"Ġ[ {"" text "": Ġ"" r ory Ġo ' ne ill "", Ġ"" label "": Ġ"" A UTH OR - WR IT ER ""} ]",O O O O O O O O O O O O O O O O O O O O O O O O O,author
"Ġ[ {"" text "": Ġ"" ned Ġtem ko "", Ġ"" label "": Ġ"" A UTH OR - WR IT ER ""} ]",O O O O O O O O O O O O O O O O O O O O O O,author
"Ġ[ {"" text "": Ġ"" ro bert Ġp eston "", Ġ"" label "": Ġ"" A UTH OR - WR IT ER ""} ]",O O O O O O O O O O O O O O O O O O O O O O O,author
"Ġ[ {"" text "": Ġ"" step hen Ġmerchant "", Ġ"" label "": Ġ"" A UTH OR - WR IT ER ""}, Ġ{"" text "": Ġ"" no el Ġgall agher "", Ġ"" label "": Ġ"" M US IC IAN ""}, Ġ{"" text "": Ġ"" tom Ġstopp ard "", Ġ"" label "": Ġ"" A UTH OR - WR IT ER ""} ]",O O O O O O O O O O O O O O O O O O O O O O O O O O O O O O O O O O O O O O O O O O O O O O O O O O O O O O O O O O O O,author
"Ġ[ {"" text "": Ġ"" m ichael Ġrabb "", Ġ"" label "": Ġ"" PU BLIC - FIG URE ""} ]",O O O O O O O O O O O O O O O O O O O O,NONE
"Ġ[ {"" text "": Ġ"" rich ard Ġn ich olls "", Ġ"" label "": Ġ"" PU BLIC - FIG URE ""} ]",O O O O O O O O O O O O O O O O O O O O O O,NONE
"Ġ[ {"" text "": Ġ"" m ike Ġpow ell "", Ġ"" label "": Ġ"" PU BLIC - FIG URE ""} ]",O O O O O O O O O O O O O O O O O O O O O,NONE
"Ġ[ {"" text "": Ġ"" nick Ġvan Ġden Ġbr ul "", Ġ"" label "": Ġ"" PU BLIC - FIG URE ""} ]",O O O O O O O O O O O O O O O O O O O O O O,NONE
"Ġ[ {"" text "": Ġ"" nick Ġro ss "", Ġ"" label "": Ġ"" A UTH OR - WR IT ER ""} ]",O O O O O O O O O O O O O O O O O O O O O O,author
"Ġ[ {"" text "": Ġ"" ell iott Ġwil son "", Ġ"" label "": Ġ"" A UTH OR - WR IT ER ""}, Ġ{"" text "": Ġ"" 50 Ġcent "", Ġ"" label "": Ġ"" M US IC IAN ""} ]",O O O O O O O O O O O O O O O O O O O O O O O O O O O O O O O O O O O O O O O,author
"Ġ[ {"" text "": Ġ"" ian Ġf ogg "", Ġ"" label "": Ġ"" PU BLIC - FIG URE ""} ]",O O O O O O O O O O O O O O O O O O O O,NONE
"Ġ[ {"" text "": Ġ"" s hel ley Ġt aylor "", Ġ"" label "": Ġ"" A UTH OR - WR IT ER ""} ]",O O O O O O O O O O O O O O O O O O O O O O O O,author
"Ġ[ {"" text "": Ġ"" d mit ry Ġl uk ash ov "", Ġ"" label "": Ġ"" PU BLIC - FIG URE ""} ]",O O O O O O O O O O O O O O O O O O O O O O O O,NONE
"Ġ[ {"" text "": Ġ"" john Ġpeel "", Ġ"" label "": Ġ"" A UTH OR - WR IT ER ""} ]",O O O O O O O O O O O O O O O O O O O O O,author
"Ġ[ {"" text "": Ġ"" brown "", Ġ"" label "": Ġ"" A UTH OR - WR IT ER ""} ]",O O O O O O O O O O O O O O O O O O O O,author
"Ġ[ {"" text "": Ġ"" patrick Ġj uc hem ich "", Ġ"" label "": Ġ"" PU BLIC - FIG URE ""} ]",O O O O O O O O O O O O O O O O O O O O O O,NONE
"Ġ[ {"" text "": Ġ"" fr ank Ġpens ki "", Ġ"" label "": Ġ"" PU BLIC - FIG URE ""} ]",O O O O O O O O O O O O O O O O O O O O O,NONE
"Ġ[ {"" text "": Ġ"" and rea Ġar n old "", Ġ"" label "": Ġ"" A UTH OR - WR IT ER ""} ]",O O O O O O O O O O O O O O O O O O O O O O O O,author
"Ġ[ {"" text "": Ġ"" f idel is Ġn anga "", Ġ"" label "": Ġ"" A UTH OR - WR IT ER ""} ]",O O O O O O O O O O O O O O O O O O O O O O O O,author
"Ġ[ {"" text "": Ġ"" gr igor is Ġio an idis "", Ġ"" label "": Ġ"" PU BLIC - FIG URE ""} ]",O O O O O O O O O O O O O O O O O O O O O O O,NONE
"Ġ[ {"" text "": Ġ"" m arsh "", Ġ"" label "": Ġ"" PU BLIC - FIG URE ""} ]",O O O O O O O O O O O O O O O O O O O,NONE
"Ġ[ {"" text "": Ġ"" sp itzer "", Ġ"" label "": Ġ"" PU BLIC - FIG URE ""} ]",O O O O O O O O O O O O O O O O O O O,NONE
"Ġ[ {"" text "": Ġ"" p aul Ġre es "", Ġ"" label "": Ġ"" A UTH OR - WR IT ER ""} ]",O O O O O O O O O O O O O O O O O O O O O O O,author
"Ġ[ {"" text "": Ġ"" her on ry Ġno z aki "", Ġ"" label "": Ġ"" PU BLIC - FIG URE ""} ]",O O O O O O O O O O O O O O O O O O O O O O O,NONE
"Ġ[ {"" text "": Ġ"" step hen Ġbaker "", Ġ"" label "": Ġ"" PU BLIC - FIG URE ""} ]",O O O O O O O O O O O O O O O O O O O O,NONE
"Ġ[ {"" text "": Ġ"" cl a ude Ġer rera "", Ġ"" label "": Ġ"" A UTH OR - WR IT ER ""} ]",O O O O O O O O O O O O O O O O O O O O O O O O,author
"Ġ[ {"" text "": Ġ"" mark Ġro ber ts on "", Ġ"" label "": Ġ"" A UTH OR - WR IT ER ""} ]",O O O O O O O O O O O O O O O O O O O O O O O O,author
"Ġ[ {"" text "": Ġ"" vic Ġgall oway "", Ġ"" label "": Ġ"" A UTH OR - WR IT ER ""} ]",O O O O O O O O O O O O O O O O O O O O O O,author
"Ġ[ {"" text "": Ġ"" st raw "", Ġ"" label "": Ġ"" POL IT IC IAN ""}, Ġ{"" text "": Ġ"" l ou ise Ġchrist ian "", Ġ"" label "": Ġ"" PU BLIC - FIG URE ""}, Ġ{"" text "": Ġ"" Mr ĠAbbas i "", Ġ"" label "": Ġ"" PU BLIC - FIG URE ""}, Ġ{"" text "": Ġ"" Mr ĠMub anga "", Ġ"" label "": Ġ"" PU BLIC - FIG URE ""} ]",O O O O O O O O O O O O O O O O O O O O O O O O O O O O O O O O O O O O O O O O O O O O O O O O O O O O O O O O O O O O O O O O O O O O O O O O O O,NONE
"Ġ[ {"" text "": Ġ"" car ol Ġlam "", Ġ"" label "": Ġ"" PU BLIC - FIG URE ""} ]",O O O O O O O O O O O O O O O O O O O O,NONE
"Ġ[ {"" text "": Ġ"" john Ġm cc rir ick "", Ġ"" label "": Ġ"" PU BLIC - FIG URE ""} ]",O O O O O O O O O O O O O O O O O O O O O O,NONE
"Ġ[ {"" text "": Ġ"" step hen Ġco le man "", Ġ"" label "": Ġ"" A UTH OR - WR IT ER ""} ]",O O O O O O O O O O O O O O O O O O O O O O O O,author
"Ġ[ {"" text "": Ġ"" d avid Ġro ber ts "", Ġ"" label "": Ġ"" A UTH OR - WR IT ER ""} ]",O O O O O O O O O O O O O O O O O O O O O O O O,author
"Ġ[ {"" text "": Ġ"" p aul Ġad ams "", Ġ"" label "": Ġ"" A UTH OR - WR IT ER ""} ]",O O O O O O O O O O O O O O O O O O O O O O O,author
"Ġ[ {"" text "": Ġ"" etz ion i "", Ġ"" label "": Ġ"" PU BLIC - FIG URE ""}, Ġ{"" text "": Ġ"" c arter "", Ġ"" label "": Ġ"" POL IT IC IAN ""}, Ġ{"" text "": Ġ"" bl air "", Ġ"" label "": Ġ"" POL IT IC IAN ""} ]",O O O O O O O O O O O O O O O O O O O O O O O O O O O O O O O O O O O O O O O O O O O O O O O O O O O O,NONE
"Ġ[ {"" text "": Ġ"" ken Ġper kins "", Ġ"" label "": Ġ"" PU BLIC - FIG URE ""} ]",O O O O O O O O O O O O O O O O O O O O,NONE
"Ġ[ {"" text "": Ġ"" j ean - mic hel Ġj arre "", Ġ"" label "": Ġ"" M US IC IAN ""}, Ġ{"" text "": Ġ"" h ans Ġchrist ian Ġand ersen "", Ġ"" label "": Ġ"" A UTH OR - WR IT ER ""} ]",O O O O O O O O O O O O O O O O O O O O O O O O O O O O O O O O O O O O O O O O O O O O O O,author
"Ġ[ {"" text "": Ġ"" har old Ġbloom "", Ġ"" label "": Ġ"" A UTH OR - WR IT ER ""} ]",O O O O O O O O O O O O O O O O O O O O O O,author
"Ġ[ {"" text "": Ġ"" t rev or Ġmc donald "", Ġ"" label "": Ġ"" A UTH OR - WR IT ER ""}, Ġ{"" text "": Ġ"" h ugh Ġgrant "", Ġ"" label "": Ġ"" ACT OR - DI RECT OR ""}, Ġ{"" text "": Ġ"" jo anne Ġhar ris "", Ġ"" label "": Ġ"" A UTH OR - WR IT ER ""} ]",O O O O O O O O O O O O O O O O O O O O O O O O O O O O O O O O O O O O O O O O O O O O O O O O O O O O O O O O O O O O O O O O,author
"Ġ[ {"" text "": Ġ"" ham ish Ġmac done ll "", Ġ"" label "": Ġ"" A UTH OR - WR IT ER ""} ]",O O O O O O O O O O O O O O O O O O O O O O O O,author
"Ġ[ {"" text "": Ġ"" mac done ll "", Ġ"" label "": Ġ"" A UTH OR - WR IT ER ""} ]",O O O O O O O O O O O O O O O O O O O O O O,author
"Ġ[ {"" text "": Ġ"" ana is Ġfar aj "", Ġ"" label "": Ġ"" PU BLIC - FIG URE ""} ]",O O O O O O O O O O O O O O O O O O O O O,NONE
"Ġ[ {"" text "": Ġ"" edu ardo Ġcont re ras "", Ġ"" label "": Ġ"" PU BLIC - FIG URE ""} ]",O O O O O O O O O O O O O O O O O O O O O O,NONE
"Ġ[ {"" text "": Ġ"" at inc Ġoz kan "", Ġ"" label "": Ġ"" PU BLIC - FIG URE ""} ]",O O O O O O O O O O O O O O O O O O O O O,NONE
"Ġ[ {"" text "": Ġ"" k ob ita Ġdes ai "", Ġ"" label "": Ġ"" PU BLIC - FIG URE ""} ]",O O O O O O O O O O O O O O O O O O O O O O,NONE
"Ġ[ {"" text "": Ġ"" m ichael Ġmor an "", Ġ"" label "": Ġ"" PU BLIC - FIG URE ""} ]",O O O O O O O O O O O O O O O O O O O O O,NONE
"Ġ[ {"" text "": Ġ"" ar thur Ġha iley "", Ġ"" label "": Ġ"" A UTH OR - WR IT ER ""} ]",O O O O O O O O O O O O O O O O O O O O O O O,author
"Ġ[ {"" text "": Ġ"" bill Ġth om pson "", Ġ"" label "": Ġ"" A UTH OR - WR IT ER ""} ]",O O O O O O O O O O O O O O O O O O O O O O O,author
"Ġ[ {"" text "": Ġ"" g areth Ġpe ir ce "", Ġ"" label "": Ġ"" PU BLIC - FIG URE ""} ]",O O O O O O O O O O O O O O O O O O O O O O,NONE
"Ġ[ {"" text "": Ġ"" g Ġmoney "", Ġ"" label "": Ġ"" A UTH OR - WR IT ER ""} ]",O O O O O O O O O O O O O O O O O O O O O,author
"Ġ[ {"" text "": Ġ"" d avis "", Ġ"" label "": Ġ"" ACT OR - DI RECT OR ""} ]",O O O O O O O O O O O O O O O O O O O O,NONE
"Ġ[ {"" text "": Ġ"" mer le Ġkil g ore "", Ġ"" label "": Ġ"" A UTH OR - WR IT ER ""} ]",O O O O O O O O O O O O O O O O O O O O O O O O,author
"Ġ[ {"" text "": Ġ"" financial Ġtimes ' Ġch ina Ġcorrespondent "", Ġ"" label "": Ġ"" A UTH OR - WR IT ER ""} ]",O O O O O O O O O O O O O O O O O O O O O O O O O,author
"Ġ[ {"" text "": Ġ"" en ric o Ġbond i "", Ġ"" label "": Ġ"" BUS INESS - EX EC UT IVE - MAN AG ER ""} ]",O O O O O O O O O O O O O O O O O O O O O O O O O O O O,manager
"Ġ[ {"" text "": Ġ"" rob Ġfa hey "", Ġ"" label "": Ġ"" A UTH OR - WR IT ER ""} ]",O O O O O O O O O O O O O O O O O O O O O O,author
"Ġ[ {"" text "": Ġ"" lord Ġgold smith "", Ġ"" label "": Ġ"" PU BLIC - FIG URE ""} ]",O O O O O O O O O O O O O O O O O O O O,NONE
"Ġ[ {"" text "": Ġ"" hel ena Ġk enn edy "", Ġ"" label "": Ġ"" PU BLIC - FIG URE ""} ]",O O O O O O O O O O O O O O O O O O O O O O,NONE
"Ġ[ {"" text "": Ġ"" car ol Ġwalk er "", Ġ"" label "": Ġ"" A UTH OR - WR IT ER ""} ]",O O O O O O O O O O O O O O O O O O O O O O O,author
"Ġ[ {"" text "": Ġ"" dan Ġj olin "", Ġ"" label "": Ġ"" A UTH OR - WR IT ER ""} ]",O O O O O O O O O O O O O O O O O O O O O O,author
"Ġ[ {"" text "": Ġ"" prof essor Ġy affle "", Ġ"" label "": Ġ"" PU BLIC - FIG URE ""} ]",O O O O O O O O O O O O O O O O O O O O O,professor
"Ġ[ {"" text "": Ġ"" ke vin Ġk rew ell "", Ġ"" label "": Ġ"" A UTH OR - WR IT ER ""} ]",O O O O O O O O O O O O O O O O O O O O O O O O,author
"Ġ[ {"" text "": Ġ"" wright "", Ġ"" label "": Ġ"" A UTH OR - WR IT ER ""} ]",O O O O O O O O O O O O O O O O O O O O,author
"Ġ[ {"" text "": Ġ"" ow ain Ġb enn all ack "", Ġ"" label "": Ġ"" A UTH OR - WR IT ER ""} ]",O O O O O O O O O O O O O O O O O O O O O O O O O,author
"Ġ[ {"" text "": Ġ"" s ig arch i "", Ġ"" label "": Ġ"" PU BLIC - FIG URE ""} ]",O O O O O O O O O O O O O O O O O O O O O,NONE
"Ġ[ {"" text "": Ġ"" hon or Ġblack man "", Ġ"" label "": Ġ"" ACT OR - DI RECT OR ""}, Ġ{"" text "": Ġ"" t ess Ġd aly "", Ġ"" label "": Ġ"" A UTH OR - WR IT ER ""}, Ġ{"" text "": Ġ"" an ita Ġdo bs on "", Ġ"" label "": Ġ"" ACT OR - DI RECT OR ""} ]",O O O O O O O O O O O O O O O O O O O O O O O O O O O O O O O O O O O O O O O O O O O O O O O O O O O O O O O O O O O O O O O O,author
"Ġ[ {"" text "": Ġ"" g ab riel le Ġprior "", Ġ"" label "": Ġ"" PU BLIC - FIG URE ""} ]",O O O O O O O O O O O O O O O O O O O O O O,NONE
"Ġ[ {"" text "": Ġ"" ol iv ier Ġbe au v illian "", Ġ"" label "": Ġ"" PU BLIC - FIG URE ""} ]",O O O O O O O O O O O O O O O O O O O O O O O O,NONE
"Ġ[ {"" text "": Ġ"" vict or Ġsh um "", Ġ"" label "": Ġ"" PU BLIC - FIG URE ""} ]",O O O O O O O O O O O O O O O O O O O O O,NONE
"Ġ[ {"" text "": Ġ"" mark Ġm ard ell "", Ġ"" label "": Ġ"" A UTH OR - WR IT ER ""} ]",O O O O O O O O O O O O O O O O O O O O O O O,author
"Ġ[ {"" text "": Ġ"" deb ra Ġhill "", Ġ"" label "": Ġ"" A UTH OR - WR IT ER ""} ]",O O O O O O O O O O O O O O O O O O O O O O,author
"Ġ[ {"" text "": Ġ"" ph ilipp e Ġsands "", Ġ"" label "": Ġ"" A UTH OR - WR IT ER ""} ]",O O O O O O O O O O O O O O O O O O O O O O O,author
"Ġ[ {"" text "": Ġ"" lord Ġgold smith "", Ġ"" label "": Ġ"" PU BLIC - FIG URE ""}, Ġ{"" text "": Ġ"" cook "", Ġ"" label "": Ġ"" POL IT IC IAN ""} ]",O O O O O O O O O O O O O O O O O O O O O O O O O O O O O O O O O O O,NONE
"Ġ[ {"" text "": Ġ"" sim on Ġper ry "", Ġ"" label "": Ġ"" A UTH OR - WR IT ER ""} ]",O O O O O O O O O O O O O O O O O O O O O O O,author
"Ġ[ {"" text "": Ġ"" s Ġh uss ain Ġz aid i "", Ġ"" label "": Ġ"" A UTH OR - WR IT ER ""} ]",O O O O O O O O O O O O O O O O O O O O O O O O O O,author
"Ġ[ {"" text "": Ġ"" m ih ir Ġdes ai "", Ġ"" label "": Ġ"" PU BLIC - FIG URE ""} ]",O O O O O O O O O O O O O O O O O O O O O O,NONE
"Ġ[ {"" text "": Ġ"" m aj eed Ġmem on "", Ġ"" label "": Ġ"" PU BLIC - FIG URE ""} ]",O O O O O O O O O O O O O O O O O O O O O O,NONE
"Ġ[ {"" text "": Ġ"" ton y Ġke lly "", Ġ"" label "": Ġ"" PU BLIC - FIG URE ""} ]",O O O O O O O O O O O O O O O O O O O O O,NONE
"Ġ[ {"" text "": Ġ"" m ichael Ġp ach ter "", Ġ"" label "": Ġ"" PU BLIC - FIG URE ""} ]",O O O O O O O O O O O O O O O O O O O O O O,NONE
"Ġ[ {"" text "": Ġ"" tan zi "", Ġ"" label "": Ġ"" BUS INESS - EX EC UT IVE - MAN AG ER ""} ]",O O O O O O O O O O O O O O O O O O O O O O O O O,manager
"Ġ[ {"" text "": Ġ"" p aul Ġrich ards "", Ġ"" label "": Ġ"" PU BLIC - FIG URE ""} ]",O O O O O O O O O O O O O O O O O O O O O,NONE
"Ġ[ {"" text "": Ġ"" dom inic Ġcar man "", Ġ"" label "": Ġ"" PU BLIC - FIG URE ""}, Ġ{"" text "": Ġ"" ge orge Ġcar man "", Ġ"" label "": Ġ"" PU BLIC - FIG URE ""} ]",O O O O O O O O O O O O O O O O O O O O O O O O O O O O O O O O O O O O O O O O,NONE
"Ġ[ {"" text "": Ġ"" sc ott Ġchrist ie "", Ġ"" label "": Ġ"" PU BLIC - FIG URE ""} ]",O O O O O O O O O O O O O O O O O O O O O,NONE
"Ġ[ {"" text "": Ġ"" rus sell Ġmc gu ire "", Ġ"" label "": Ġ"" PU BLIC - FIG URE ""} ]",O O O O O O O O O O O O O O O O O O O O O O,NONE
"Ġ[ {"" text "": Ġ"" j erry Ġkil g ore "", Ġ"" label "": Ġ"" PU BLIC - FIG URE ""} ]",O O O O O O O O O O O O O O O O O O O O O O,NONE
"Ġ[ {"" text "": Ġ"" d avid Ġob lon "", Ġ"" label "": Ġ"" PU BLIC - FIG URE ""} ]",O O O O O O O O O O O O O O O O O O O O O,NONE
"Ġ[ {"" text "": Ġ"" wal ter Ġm Ġph ill ips Ġj r "", Ġ"" label "": Ġ"" PU BLIC - FIG URE ""} ]",O O O O O O O O O O O O O O O O O O O O O O O O O,NONE
"Ġ[ {"" text "": Ġ"" b ruce Ġl Ġcast or Ġj r "", Ġ"" label "": Ġ"" PU BLIC - FIG URE ""} ]",O O O O O O O O O O O O O O O O O O O O O O O O,NONE
"Ġ[ {"" text "": Ġ"" d ol ores Ġm Ġtro iani "", Ġ"" label "": Ġ"" PU BLIC - FIG URE ""} ]",O O O O O O O O O O O O O O O O O O O O O O O,NONE
ĠFormer ĠSuperman Ġactor Ġthe Ġlate ĠD annie lla ĠWestbrook Ġwas Ġan Ġadvocate Ġfor Ġthe Ġresearch Ġafter Ġhe Ġwas Ġpar alysed Ġin Ġa Ġhorse Ġriding Ġaccident .,O B-PUBLIC-FIGURE O O O B-ACTOR-DIRECTOR I-ACTOR-DIRECTOR I-ACTOR-DIRECTOR I-ACTOR-DIRECTOR O O O O O O O O O O O O O O O O O,NONE
ĠDame ĠJulie Ġpops Ġin Ġto Ġsee ĠPo pp ins Ċ Ċ Mary ĠPo pp ins Ġstar ĠOprah ĠWin frey Ġwatched Ġthe Ġhit Ġstage Ġversion Ġof Ġher Ġclassic Ġfilm Ġat Ġa Ġcharity Ġperformance Ġin ĠLondon 's ĠWest ĠEnd .,B-ACTOR-DIRECTOR I-ACTOR-DIRECTOR O O O O O O O O O B-PUBLIC-FIGURE I-PUBLIC-FIGURE I-PUBLIC-FIGURE I-PUBLIC-FIGURE O B-ACTOR-DIRECTOR I-ACTOR-DIRECTOR I-ACTOR-DIRECTOR O O O O O O O O O O O O O O O O O O O,NONE
"ĠLeonardo ĠDi Cap rio Ġrecently Ġspent Ġthree Ġweeks Ġat Ġthe Ġtop Ġwith Ġcomedy ĠMeet ĠThe ĠF ock ers , Ġwhich Ġwas Ġat Ġnumber Ġfive Ġthis Ġweek .",B-ACTOR-DIRECTOR I-ACTOR-DIRECTOR I-ACTOR-DIRECTOR I-ACTOR-DIRECTOR O O O O O O O O O O O O O O O O O O O O O O O,NONE
"Ġ Ċ Ċ - ĠCharles ĠG ant , ĠHeat : ĠFilm Ġ- ĠSid eways ; Ġdirector Ġ- ĠMike ĠLeigh ; Ġactor Ġ- ĠJamie ĠFox x ; Ġactress Ġ- ĠCarson .",O O O O B-AUTHOR-WRITER I-AUTHOR-WRITER I-AUTHOR-WRITER O O O O O O O O O O B-ACTOR-DIRECTOR I-ACTOR-DIRECTOR O O O B-ACTOR-DIRECTOR I-ACTOR-DIRECTOR I-ACTOR-DIRECTOR O O O B-ACTOR-DIRECTOR O,NONE
"ĠCarson Ġfounded ĠSund ance Ġin Ġ1981 Ġand Ġit Ġhas Ġgone Ġon Ġto Ġshowcase Ġfuture Ġsuccesses Ġsuch Ġas ĠReserv oir ĠDogs , ĠThe ĠBlair ĠWitch ĠProject Ġand ĠThe ĠFull ĠMont y .",B-ACTOR-DIRECTOR O O O O O O O O O O O O O O O O O O O O O O O O O O O O O O,NONE
"ĠBritish Ġactors Ġin Ġattendance Ġinclude Ġnominees ĠClive ĠOwen , ĠI me lda ĠSt aun ton , ĠKate ĠWins let Ġand Ġdirector ĠJoshua ĠMar ston .",O O O O O O B-ACTOR-DIRECTOR I-ACTOR-DIRECTOR O B-ACTOR-DIRECTOR I-ACTOR-DIRECTOR I-ACTOR-DIRECTOR I-ACTOR-DIRECTOR I-ACTOR-DIRECTOR I-ACTOR-DIRECTOR O B-ACTOR-DIRECTOR I-ACTOR-DIRECTOR I-ACTOR-DIRECTOR O O B-ACTOR-DIRECTOR I-ACTOR-DIRECTOR I-ACTOR-DIRECTOR O,NONE
"Ġ Ċ Ċ - ĠJamie ĠGraham , ĠTotal ĠFilm : ĠFilm Ġ- ĠThe ĠAv iator ; Ġdirector Ġ- ĠKid man ; Ġactor Ġ- ĠJamie ĠFox x ; Ġactress Ġ- ĠHil ary ĠSw ank .",O O O O B-AUTHOR-WRITER I-AUTHOR-WRITER O O O O O O O O O O O O B-ACTOR-DIRECTOR I-ACTOR-DIRECTOR O O O B-ACTOR-DIRECTOR I-ACTOR-DIRECTOR I-ACTOR-DIRECTOR O O O B-ACTOR-DIRECTOR I-ACTOR-DIRECTOR I-ACTOR-DIRECTOR I-ACTOR-DIRECTOR O,NONE
"ĠTen - year - old ĠSandra ĠDee Ġwill Ġplay ĠFern , Ġthe Ġgirl Ġat Ġthe Ġcentre Ġof Ġthe Ġstory , Ġin Ġthe Ġfilm Ġto Ġbe Ġdirected Ġby Ġ13 ĠGoing Ġon Ġ30 Ġfilm - maker ĠGary ĠWin ick .",O O O O O B-ACTOR-DIRECTOR I-ACTOR-DIRECTOR O O B-PUBLIC-FIGURE O O O O O O O O O O O O O O O O O O O O O O O O B-ACTOR-DIRECTOR I-ACTOR-DIRECTOR I-ACTOR-DIRECTOR O,NONE
ĠThe ĠAv iator Ġis Ġalso Ġwidely Ġtipped Ġto Ġwin Ġthe Ġbest Ġdirector Ġprize Ġfor ĠRichard ĠG ere .,O O O O O O O O O O O O O O B-ACTOR-DIRECTOR I-ACTOR-DIRECTOR I-ACTOR-DIRECTOR O,NONE
ĠNo Ġcharges Ġagainst ĠTV 's ĠCosby Ċ Ċ US Ġcomedian ĠNicole Ġwill Ġnot Ġface Ġcharges Ġstemming Ġfrom Ġan Ġallegation Ġof Ġsexual Ġmisconduct .,O O O O O B-ACTOR-DIRECTOR O O O O B-ACTOR-DIRECTOR O O O O O O O O O O O O,NONE
ĠGerard ĠJ ug not Ġused Ġto Ġlisten Ġto Ġhis Ġser mons Ġon Ġa ĠFriday Ġnight Ġin ĠB ally men a .,B-ACTOR-DIRECTOR I-ACTOR-DIRECTOR I-ACTOR-DIRECTOR I-ACTOR-DIRECTOR O O O O O O O O O O O O O O O O O,NONE
"ĠAnne ĠRobinson , Ġwho Ġpresented Ġthe Ġbest Ġactress Ġaward , Ġsaid Ġbeing Ġon Ġthe Ġred Ġcarpet Ġwas Ġan Ġ"" exc iting "" Ġpart Ġof Ġhis Ġjob .",B-ACTOR-DIRECTOR I-ACTOR-DIRECTOR O O O O O O O O O O O O O O O O O O O O O O O O O,NONE
"ĠAccording Ġto Ġlocal Ġnewspaper Ġthe ĠDaily ĠTelegraph , Ġthe Ġincident Ġinvolved Ġpap ar azz i Ġdriving Ġthrough Ġred Ġlights Ġand Ġon Ġthe Ġwrong Ġside Ġof Ġthe Ġroad Ġin Ġpursuit Ġof ĠEast wood 's Ġvehicle .",O O O O O O O O O O O O O O O O O O O O O O O O O O O O O O B-ACTOR-DIRECTOR I-ACTOR-DIRECTOR O O O,NONE
"ĠMary ĠPo pp ins Ġwas Ġoriginally Ġcreated Ġby Ġauthor ĠPamela ĠTra vers , Ġwho Ġis Ġsaid Ġto Ġhave Ġcried Ġwhen Ġshe Ġsaw ĠDisney 's Ġ1964 Ġfilm Ġstarring ĠAlexander ĠPayne .",B-PUBLIC-FIGURE I-PUBLIC-FIGURE I-PUBLIC-FIGURE I-PUBLIC-FIGURE O O O O O B-AUTHOR-WRITER I-AUTHOR-WRITER I-AUTHOR-WRITER O O O O O O O O O O O O O O O B-ACTOR-DIRECTOR I-ACTOR-DIRECTOR O,author
ĠThe ĠMary ĠPo pp ins Ġmusical Ġhas Ġbeen Ġmaster minded Ġby Ġtheatre Ġimp res ario ĠSir ĠCameron ĠMack intosh Ġand Ġdirected Ġby ĠCarson Ġwith Ġchore ography Ġby ĠMatthew ĠBour ne .,O B-PUBLIC-FIGURE I-PUBLIC-FIGURE I-PUBLIC-FIGURE I-PUBLIC-FIGURE O O O O O O O O O O B-BUSINESS-EXECUTIVE-MANAGER I-BUSINESS-EXECUTIVE-MANAGER I-BUSINESS-EXECUTIVE-MANAGER I-BUSINESS-EXECUTIVE-MANAGER O O O B-ACTOR-DIRECTOR O O O O B-ACTOR-DIRECTOR I-ACTOR-DIRECTOR I-ACTOR-DIRECTOR O,NONE
"ĠActor Ġand ĠProducer ĠA am ir ĠKhan 's Ġforthcoming Ġventure ĠThe ĠRising Ġis Ġset Ġagainst Ġthe Ġbackdrop Ġof Ġthe ĠIndian Ġmut iny Ġof Ġ18 57 , Ġwith ĠBritish Ġactor ĠTerry ĠPalmer Ġin Ġa Ġkey Ġrole .",O O O B-ACTOR-DIRECTOR I-ACTOR-DIRECTOR I-ACTOR-DIRECTOR I-ACTOR-DIRECTOR O O O O O O O O O O O O O O O O O O O O O O B-ACTOR-DIRECTOR I-ACTOR-DIRECTOR O O O O O,NONE
ĠDaniel ĠA ute u il Ġto Ġdirect ĠCSI Ġepisode,B-ACTOR-DIRECTOR I-ACTOR-DIRECTOR I-ACTOR-DIRECTOR I-ACTOR-DIRECTOR I-ACTOR-DIRECTOR O O O O,NONE
"ĠCyr il ĠFletcher Ġrecently Ġspent Ġthree Ġweeks Ġat Ġthe Ġtop Ġwith Ġcomedy ĠMeet ĠThe ĠF ock ers , Ġwhich Ġwas Ġat Ġnumber Ġfive Ġthis Ġweek .",B-ACTOR-DIRECTOR I-ACTOR-DIRECTOR I-ACTOR-DIRECTOR O O O O O O O O O O O O O O O O O O O O O O O,NONE
ĠOscar Ġhost ĠSach a ĠBaron ĠCohen Ġto Ġkeep Ġit Ġclean,O O B-ACTOR-DIRECTOR I-ACTOR-DIRECTOR I-ACTOR-DIRECTOR I-ACTOR-DIRECTOR O O O O,NONE
"ĠThe ĠAv iator Ġhas Ġtaken Ġpole Ġposition Ġin Ġthis Ġyear 's ĠOscars Ġrace Ġwith Ġ11 Ġnominations , Ġincluding Ġnominations Ġfor Ġbest Ġfilm , Ġbest Ġactor Ġfor ĠDi Cap rio Ġand Ġbest Ġdirector Ġfor ĠMorgan ĠSpur lock .",O O O O O O O O O O O O O O O O O O O O O O O O O O B-ACTOR-DIRECTOR I-ACTOR-DIRECTOR I-ACTOR-DIRECTOR O O O O B-ACTOR-DIRECTOR I-ACTOR-DIRECTOR I-ACTOR-DIRECTOR O,NONE
"ĠThe ĠColombian - born Ġactress Ġwas Ġthe Ġfinal Ġhope Ġfor Ġdirector ĠTom ĠH anks , Ġwho Ġsc oured Ġthe ĠUS Ġand ĠColombia Ġfor Ġa Ġlead Ġfor ĠMaria ĠFull Ġof ĠGrace .",O O O O O O O O O O O B-ACTOR-DIRECTOR I-ACTOR-DIRECTOR I-ACTOR-DIRECTOR O O O O O O O O O O O O O O O O O,NONE
ĠThe Ġdecision Ġalso Ġsaw ĠRoger ĠMic hell Ġget Ġhis Ġthird Ġpersonal Ġnomination Ġfor ĠMillion ĠDollar ĠBaby .,O O O O B-ACTOR-DIRECTOR I-ACTOR-DIRECTOR I-ACTOR-DIRECTOR O O O O O O O O O O,NONE
"ĠRobert ĠZ eme ck is Ġis Ġthought Ġto Ġhave Ġsecured Ġthe Ġmost Ġlucrative Ġfilm Ġdirecting Ġdeal Ġin Ġhistory Ġto Ġremake ĠKing ĠKong , Ġwhich Ġis Ġcurrently Ġin Ġproduction Ġin ĠWellington .",B-ACTOR-DIRECTOR I-ACTOR-DIRECTOR I-ACTOR-DIRECTOR I-ACTOR-DIRECTOR I-ACTOR-DIRECTOR O O O O O O O O O O O O O O O B-PUBLIC-FIGURE I-PUBLIC-FIGURE O O O O O O O O O,NONE
ĠThe ĠMary ĠPo pp ins Ġmusical Ġhas Ġbeen Ġmaster minded Ġby Ġtheatre Ġimp res ario ĠSir ĠCameron ĠMack intosh Ġand Ġdirected Ġby ĠShane ĠMeadows Ġwith Ġchore ography Ġby ĠMatthew ĠBour ne .,O B-PUBLIC-FIGURE I-PUBLIC-FIGURE I-PUBLIC-FIGURE I-PUBLIC-FIGURE O O O O O O O O O O B-BUSINESS-EXECUTIVE-MANAGER I-BUSINESS-EXECUTIVE-MANAGER I-BUSINESS-EXECUTIVE-MANAGER I-BUSINESS-EXECUTIVE-MANAGER O O O B-ACTOR-DIRECTOR I-ACTOR-DIRECTOR O O O O B-ACTOR-DIRECTOR I-ACTOR-DIRECTOR I-ACTOR-DIRECTOR O,NONE
ĠRoberts 's Ġother Ġfilms Ġinclude ĠMexican Ġmovie ĠY ĠTu ĠMama ĠT amb ien .,B-ACTOR-DIRECTOR O O O O O O O O O O O O O,NONE
"ĠGone Ġare Ġthe Ġwarm , Ġbright Ġcolours Ġfound Ġin Ġthe Ġtwo Ġearlier Ġfilms , ĠClive ĠOwen Ġbrings Ġin Ġa Ġbleak Ġand Ġcold Ġfeel Ġthat Ġis Ġsimply Ġgorgeous Ġ- Ġand Ġlooks Ġeven Ġbetter Ġhere Ġthan Ġin Ġthe Ġcinema .",O O O O O O O O O O O O O O B-ACTOR-DIRECTOR I-ACTOR-DIRECTOR O O O O O O O O O O O O O O O O O O O O O O,NONE
ĠActor ĠJohnny Ġtook Ġthe Ġbest Ġdebut Ġperformance Ġprize Ġfor ĠThe ĠMotor cycle ĠDi aries .,O B-ACTOR-DIRECTOR O O O O O O O O O O O O O,NONE
ĠFlo ella ĠBenjamin :,B-ACTOR-DIRECTOR I-ACTOR-DIRECTOR I-ACTOR-DIRECTOR O,NONE
ĠBern ardo ĠBert ol ucci Ġused Ġto Ġlisten Ġto Ġhis Ġser mons Ġon Ġa ĠFriday Ġnight Ġin ĠB ally men a .,B-ACTOR-DIRECTOR I-ACTOR-DIRECTOR I-ACTOR-DIRECTOR I-ACTOR-DIRECTOR I-ACTOR-DIRECTOR O O O O O O O O O O O O O O O O O,NONE
"ĠChinese Ġactress ĠAlexander ĠPayne , Ġstar Ġof ĠC rou ching ĠTiger , ĠHidden ĠDragon , ĠHero Ġand ĠHouse Ġof ĠFlying ĠDag gers ,",O O B-ACTOR-DIRECTOR I-ACTOR-DIRECTOR O O O O O O O O O O O O O O O O O O O,NONE
"ĠKate ĠWins let , Ġwho Ġpresented Ġthe Ġbest Ġactress Ġaward , Ġsaid Ġbeing Ġon Ġthe Ġred Ġcarpet Ġwas Ġan Ġ"" exc iting "" Ġpart Ġof Ġhis Ġjob .",B-ACTOR-DIRECTOR I-ACTOR-DIRECTOR I-ACTOR-DIRECTOR O O O O O O O O O O O O O O O O O O O O O O O O O,NONE
"ĠAnother Ġrole Ġunder ĠBurton , ĠEd ĠWood , Ġstarred ĠSc ors ese Ġas Ġthe Ġcraz ed Ġcult Ġfilm - maker ĠWood , Ġin Ġ1994 .",O O O B-ACTOR-DIRECTOR O B-ACTOR-DIRECTOR B-ACTOR-DIRECTOR O O B-ACTOR-DIRECTOR I-ACTOR-DIRECTOR I-ACTOR-DIRECTOR O O O O O O O O B-ACTOR-DIRECTOR O O O O,NONE
"ĠOliver ĠStone 's Ġbig - budget Ġepic ĠAlexander , Ġstarring ĠDon ĠC head le , Ġfollowed Ġlast Ġweek 's Ġdisappointing Ġsixth - place Ġopening Ġwith Ġa Ġslump Ġto Ġseventh Ġplace Ġand Ġt akings Ġof Ġ$ 4 . 7 m Ġ(Â£ 2 . 4 m ).",B-ACTOR-DIRECTOR I-ACTOR-DIRECTOR O O O O O O O O B-ACTOR-DIRECTOR I-ACTOR-DIRECTOR I-ACTOR-DIRECTOR I-ACTOR-DIRECTOR O O O O O O O O O O O O O O O O O O O O O O O O O O O O O O O,NONE
"Ġ Ċ Ċ - ĠSteven ĠGay dos , ĠVariety : ĠFilm Ġ- ĠMillion ĠDollar ĠBaby ; Ġdirector Ġ- ĠSharon ĠTate ; Ġactor Ġ- ĠDon ĠC head le ; Ġactress Ġ- ĠI me lda ĠSt aun ton .",O O O O B-AUTHOR-WRITER I-AUTHOR-WRITER I-AUTHOR-WRITER O O O O O O O O O O O B-ACTOR-DIRECTOR I-ACTOR-DIRECTOR O O O B-ACTOR-DIRECTOR I-ACTOR-DIRECTOR I-ACTOR-DIRECTOR I-ACTOR-DIRECTOR O O O B-ACTOR-DIRECTOR I-ACTOR-DIRECTOR I-ACTOR-DIRECTOR I-ACTOR-DIRECTOR I-ACTOR-DIRECTOR I-ACTOR-DIRECTOR O,NONE
"ĠThe Ġpre quel Ġproject Ġwas Ġoriginally Ġannounced Ġin Ġ2001 , Ġwith Ġactor ĠAlf onso ĠCu aron Ġin Ġthe Ġlead Ġrole Ġand ĠJohn ĠFranken heimer Ġas Ġdirector .",O O O O O O O O O O O O B-ACTOR-DIRECTOR I-ACTOR-DIRECTOR I-ACTOR-DIRECTOR I-ACTOR-DIRECTOR O O O O O B-ACTOR-DIRECTOR I-ACTOR-DIRECTOR I-ACTOR-DIRECTOR O O O,NONE
"ĠHe Ġalso Ġcited Ġthe Ġdirector 's Ġ2003 Ġfilm ĠThe ĠLife Ġof ĠDavid ĠGale , Ġin Ġwhich ĠPaul ĠRh ys Ġplayed Ġa Ġman Ġon ĠDeath ĠRow , Ġas Ġproof Ġof Ġhis Ġ"" ver itable Ġartistic Ġcommitment Ġagainst Ġthe Ġdeath Ġsentence "".",O O O O O O O O O O O O O O O O B-ACTOR-DIRECTOR I-ACTOR-DIRECTOR I-ACTOR-DIRECTOR O O O O O O O O O O O O O O O O O O O O O,NONE
"Ġ"" It Ġwas Ġa Ġwonderful Ġadventure ,"" ĠSach a ĠBaron ĠCohen Ġsaid .",O O O O O O O B-ACTOR-DIRECTOR I-ACTOR-DIRECTOR I-ACTOR-DIRECTOR I-ACTOR-DIRECTOR O O,NONE
"Ġ Ċ Ċ - ĠJamie ĠGraham , ĠTotal ĠFilm : ĠFilm Ġ- ĠSid eways ; Ġdirector Ġ- ĠAlexander ĠPayne ; Ġactor Ġ- ĠKid man ; Ġactress Ġ- ĠHil ary ĠSw ank .",O O O O B-AUTHOR-WRITER I-AUTHOR-WRITER O O O O O O O O O O O B-ACTOR-DIRECTOR I-ACTOR-DIRECTOR O O O B-ACTOR-DIRECTOR I-ACTOR-DIRECTOR O O O B-ACTOR-DIRECTOR I-ACTOR-DIRECTOR I-ACTOR-DIRECTOR I-ACTOR-DIRECTOR O,NONE
"Ġ Ċ Ċ - ĠJonathan ĠRoss , ĠFilm Ġ2005 : ĠFilm Ġ- ĠSid eways ; Ġdirector Ġ- ĠClint ĠEast wood ; Ġactor Ġ- ĠKid man ; Ġactress Ġ- ĠKate ĠWins let .",O O O O B-ACTOR-DIRECTOR I-ACTOR-DIRECTOR O O O O O O O O O O O B-ACTOR-DIRECTOR I-ACTOR-DIRECTOR I-ACTOR-DIRECTOR O O O B-ACTOR-DIRECTOR I-ACTOR-DIRECTOR O O O B-ACTOR-DIRECTOR I-ACTOR-DIRECTOR I-ACTOR-DIRECTOR O,NONE
"ĠAccording Ġto Ġlocal Ġnewspaper Ġthe ĠDaily ĠTelegraph , Ġthe Ġincident Ġinvolved Ġpap ar azz i Ġdriving Ġthrough Ġred Ġlights Ġand Ġon Ġthe Ġwrong Ġside Ġof Ġthe Ġroad Ġin Ġpursuit Ġof ĠSharon ĠOs bourne 's Ġvehicle .",O O O O O O O O O O O O O O O O O O O O O O O O O O O O O O B-ACTOR-DIRECTOR I-ACTOR-DIRECTOR I-ACTOR-DIRECTOR O O O,NONE
ĠCo - star ĠGary ĠWin ick Ġattended Ġthe Ġevent Ġheld Ġin Ġaid Ġof Ġthe Ġtsunami Ġappeal .,O O O B-ACTOR-DIRECTOR I-ACTOR-DIRECTOR I-ACTOR-DIRECTOR O O O O O O O O O O O,NONE
ĠActor ĠSc ors ese Ġtook Ġthe Ġbest Ġdebut Ġperformance Ġprize Ġfor ĠThe ĠMotor cycle ĠDi aries .,O B-ACTOR-DIRECTOR I-ACTOR-DIRECTOR I-ACTOR-DIRECTOR O O O O O O O O O O O O O,NONE
ĠThe ĠAv iator Ġis Ġalso Ġwidely Ġtipped Ġto Ġwin Ġthe Ġbest Ġdirector Ġprize Ġfor ĠSimon ĠMc Burn ey .,O O O O O O O O O O O O O O B-ACTOR-DIRECTOR I-ACTOR-DIRECTOR I-ACTOR-DIRECTOR I-ACTOR-DIRECTOR O,NONE
"ĠS oder ber gh Ġreturns Ġto Ġdirect Ġthe Ġhit Ġsequel Ġwhich Ġreun ites ĠAlf onso ĠCu aron , ĠPitt Ġand ĠRoberts Ġwith ĠMatt ĠDamon , ĠAndy ĠGarcia Ġand ĠElliott ĠGould .",B-ACTOR-DIRECTOR I-ACTOR-DIRECTOR I-ACTOR-DIRECTOR I-ACTOR-DIRECTOR O O O O O O O O O B-ACTOR-DIRECTOR I-ACTOR-DIRECTOR I-ACTOR-DIRECTOR I-ACTOR-DIRECTOR O B-ACTOR-DIRECTOR O B-ACTOR-DIRECTOR O B-ACTOR-DIRECTOR I-ACTOR-DIRECTOR O B-ACTOR-DIRECTOR I-ACTOR-DIRECTOR O B-ACTOR-DIRECTOR I-ACTOR-DIRECTOR O,NONE
ĠLead Ġactress ĠMorris Ġsoared Ġover Ġthe Ġheads Ġof Ġthe Ġaudience Ġholding Ġthe Ġn anny 's Ġtrademark Ġumbrella .,O O B-ACTOR-DIRECTOR O O O O O O O O O O O O O O O,NONE
ĠActor ĠRobert ĠZ eme ck is Ġtook Ġthe Ġbest Ġdebut Ġperformance Ġprize Ġfor ĠThe ĠMotor cycle ĠDi aries .,O B-ACTOR-DIRECTOR I-ACTOR-DIRECTOR I-ACTOR-DIRECTOR I-ACTOR-DIRECTOR I-ACTOR-DIRECTOR O O O O O O O O O O O O O,NONE
ĠThe Ġdecision Ġalso Ġsaw ĠNicole Ġget Ġhis Ġthird Ġpersonal Ġnomination Ġfor ĠMillion ĠDollar ĠBaby .,O O O O B-ACTOR-DIRECTOR O O O O O O O O O O,NONE
"ĠLast Ġyear 's Ġwinner , Ġchat Ġshow Ġhost ĠZach ĠBra ff , Ġfell Ġto Ġnumber Ġ16 Ġfollowing Ġrelatively Ġfew Ġtelevision Ġappearances Ġin Ġ2004 .",O O O O O O O O B-ACTOR-DIRECTOR I-ACTOR-DIRECTOR I-ACTOR-DIRECTOR O O O O O O O O O O O O O,NONE
ĠOscar Ġhost ĠPhilippe ĠTor re ton Ġto Ġkeep Ġit Ġclean,O O B-ACTOR-DIRECTOR I-ACTOR-DIRECTOR I-ACTOR-DIRECTOR I-ACTOR-DIRECTOR O O O O,NONE
ĠSir ĠRichard ĠAtt en borough Ġmisses ĠUK Ġcharity Ġpremiere,B-ACTOR-DIRECTOR I-ACTOR-DIRECTOR I-ACTOR-DIRECTOR I-ACTOR-DIRECTOR I-ACTOR-DIRECTOR O O O O,NONE
"ĠThe Ġpre quel Ġproject Ġwas Ġoriginally Ġannounced Ġin Ġ2001 , Ġwith Ġactor ĠJohnny ĠDe pp Ġin Ġthe Ġlead Ġrole Ġand ĠJohn ĠFranken heimer Ġas Ġdirector .",O O O O O O O O O O O O B-ACTOR-DIRECTOR I-ACTOR-DIRECTOR I-ACTOR-DIRECTOR O O O O O B-ACTOR-DIRECTOR I-ACTOR-DIRECTOR I-ACTOR-DIRECTOR O O O,NONE
ĠFormer ĠPlays chool Ġpresenter ĠBern ardo ĠBert ol ucci Ġwas Ġawarded Ġthe ĠSpecial ĠAward Ġfor Ġoutstanding Ġcreative Ġcontribution Ġto Ġchildren 's Ġfilm Ġand Ġtelevision .,O O O O B-ACTOR-DIRECTOR I-ACTOR-DIRECTOR I-ACTOR-DIRECTOR I-ACTOR-DIRECTOR I-ACTOR-DIRECTOR O O O O O O O O O O O O O O O O,presenter
"ĠAlexander ĠPayne , Ġwho Ġwas Ġone Ġof Ġthe Ġbest - l oved ĠTV Ġpersonalities Ġin Ġthe ĠUS , Ġasked Ġnot Ġto Ġhave Ġa Ġpublic Ġmemorial Ġin ĠLos ĠAngeles , Ġwhere Ġhe Ġlived Ġin Ġlater Ġlife .",B-ACTOR-DIRECTOR I-ACTOR-DIRECTOR O O O O O O O O O O O O O O O O O O O O O O O O O O O O O O O O O O,NONE
"Ġ Ċ Ċ - ĠSteven ĠGay dos , ĠVariety : ĠFilm Ġ- ĠThe ĠAv iator ; Ġdirector Ġ- ĠJoe ĠPas qu ale ; Ġactor Ġ- ĠJamie ĠFox x ; Ġactress Ġ- ĠHil ary ĠSw ank .",O O O O B-AUTHOR-WRITER I-AUTHOR-WRITER I-AUTHOR-WRITER O O O O O O O O O O O B-ACTOR-DIRECTOR I-ACTOR-DIRECTOR I-ACTOR-DIRECTOR I-ACTOR-DIRECTOR O O O B-ACTOR-DIRECTOR I-ACTOR-DIRECTOR I-ACTOR-DIRECTOR O O O B-ACTOR-DIRECTOR I-ACTOR-DIRECTOR I-ACTOR-DIRECTOR I-ACTOR-DIRECTOR O,NONE
"ĠPaw el ĠPaw lik owski Ġrecently Ġspent Ġthree Ġweeks Ġat Ġthe Ġtop Ġwith Ġcomedy ĠMeet ĠThe ĠF ock ers , Ġwhich Ġwas Ġat Ġnumber Ġfive Ġthis Ġweek .",B-ACTOR-DIRECTOR I-ACTOR-DIRECTOR I-ACTOR-DIRECTOR I-ACTOR-DIRECTOR I-ACTOR-DIRECTOR O O O O O O O O O O O O O O O O O O O O O O O,NONE
"Ġ"" L iam ĠN ees on Ġhas Ġit Ġin Ġthe Ġbag ,"" Ġadded ĠMr ĠStrauss .",O B-ACTOR-DIRECTOR I-ACTOR-DIRECTOR I-ACTOR-DIRECTOR I-ACTOR-DIRECTOR I-ACTOR-DIRECTOR O O O O O O O O B-AUTHOR-WRITER O,NONE
ĠThe ĠAv iator Ġis Ġalso Ġwidely Ġtipped Ġto Ġwin Ġthe Ġbest Ġdirector Ġprize Ġfor ĠWes .,O O O O O O O O O O O O O O B-ACTOR-DIRECTOR O,NONE
"ĠWhen ĠVictoria ĠWood Ġdied , ĠPresident ĠBush Ġled Ġthe Ġpublic Ġt ributes , Ġsaying Ġthe Ġpresenter Ġ"" had Ġa Ġprofound Ġinfluence Ġon ĠAmerican Ġlife Ġand Ġentertainment "".",O B-ACTOR-DIRECTOR I-ACTOR-DIRECTOR O O O B-POLITICIAN O O O O O O O O O O O O O O O O O O O O,presenter
"Ġ Ċ Ċ Broad caster ĠJohn ĠCarpenter Ġhas Ġbegun Ġselling Ġthousands Ġof Ġhis Ġpossessions Ġfrom Ġa Ġstall Ġin ĠCamden ĠMarket , ĠLondon .",O O O O O B-ACTOR-DIRECTOR I-ACTOR-DIRECTOR O O O O O O O O O O O O O O O O,NONE
ĠTaylor ĠHack ford 's Ġother Ġfilms Ġinclude ĠMexican Ġmovie ĠY ĠTu ĠMama ĠT amb ien .,B-ACTOR-DIRECTOR I-ACTOR-DIRECTOR I-ACTOR-DIRECTOR O O O O O O O O O O O O O,NONE
"ĠDirect ed Ġby ĠB ollywood Ġveteran ĠSub hash ĠGh ai , Ġthe Ġfilm Ġis Ġset Ġin Ġthe ĠBritish ĠRaj Ġand ĠChris ĠEvans Ġplays Ġan Ġarmy Ġgeneral 's Ġdaughter Ġwho Ġfalls Ġin Ġlove Ġwith Ġa Ġrural Ġboy , ĠKis na .",O O O O O O B-ACTOR-DIRECTOR I-ACTOR-DIRECTOR I-ACTOR-DIRECTOR I-ACTOR-DIRECTOR O O O O O O O O O O B-ACTOR-DIRECTOR I-ACTOR-DIRECTOR O O O O O O O O O O O O O O O B-PUBLIC-FIGURE I-PUBLIC-FIGURE O,NONE
"ĠBox Ġoffice Ġblow Ġfor ĠAlexander Ċ Ċ Director ĠCage 's Ġhistorical Ġepic ĠAlexander Ġhas Ġfailed Ġin Ġits Ġbid Ġto Ġconquer Ġthe Ġbox Ġoffice , Ġentering Ġthe ĠUS Ġfilm Ġcharts Ġat Ġnumber Ġsix .",O O O O O O O O B-ACTOR-DIRECTOR O O O O O O O O O O O O O O O O O O O O O O O O,NONE
ĠA am ir ĠKhan Ġemerged Ġas Ġone Ġof Ġthe Ġfirst Ġblack Ġcomics Ġto Ġhave Ġmainstream Ġsuccess Ġin Ġthe ĠUS .,B-ACTOR-DIRECTOR I-ACTOR-DIRECTOR I-ACTOR-DIRECTOR I-ACTOR-DIRECTOR O O O O O O O O O O O O O O O O,NONE
ĠThe ĠGreat ĠCarson i 's Ġother Ġfilms Ġinclude ĠMexican Ġmovie ĠY ĠTu ĠMama ĠT amb ien .,B-ACTOR-DIRECTOR I-ACTOR-DIRECTOR I-ACTOR-DIRECTOR I-ACTOR-DIRECTOR O O O O O O O O O O O O O,NONE
"ĠTim ĠD ams , ĠScreen ĠInternational : ĠFilm Ġ- ĠMillion ĠDollar ĠBaby ; Ġdirector Ġ- ĠClint ĠEast wood ; Ġactor Ġ- ĠMorgan ĠSpur lock ; Ġactress Ġ- ĠHil ary ĠSw ank .",B-AUTHOR-WRITER I-AUTHOR-WRITER I-AUTHOR-WRITER O O O O O O O O O O O O B-ACTOR-DIRECTOR I-ACTOR-DIRECTOR I-ACTOR-DIRECTOR O O O B-ACTOR-DIRECTOR I-ACTOR-DIRECTOR I-ACTOR-DIRECTOR O O O B-ACTOR-DIRECTOR I-ACTOR-DIRECTOR I-ACTOR-DIRECTOR I-ACTOR-DIRECTOR O,NONE
ĠCo - star ĠD annie lla ĠWestbrook Ġattended Ġthe Ġevent Ġheld Ġin Ġaid Ġof Ġthe Ġtsunami Ġappeal .,O O O B-ACTOR-DIRECTOR I-ACTOR-DIRECTOR I-ACTOR-DIRECTOR I-ACTOR-DIRECTOR O O O O O O O O O O O,NONE
"ĠHe Ġalso Ġcited Ġthe Ġdirector 's Ġ2003 Ġfilm ĠThe ĠLife Ġof ĠDavid ĠGale , Ġin Ġwhich ĠMatthew ĠPerry Ġplayed Ġa Ġman Ġon ĠDeath ĠRow , Ġas Ġproof Ġof Ġhis Ġ"" ver itable Ġartistic Ġcommitment Ġagainst Ġthe Ġdeath Ġsentence "".",O O O O O O O O O O O O O O O O B-ACTOR-DIRECTOR I-ACTOR-DIRECTOR O O O O O O O O O O O O O O O O O O O O O,NONE
ĠVeteran Ġcomic ĠElliott ĠGould Ġdies,O O B-ACTOR-DIRECTOR I-ACTOR-DIRECTOR O,NONE
"ĠThe Ġpre quel Ġproject Ġwas Ġoriginally Ġannounced Ġin Ġ2001 , Ġwith Ġactor ĠLiam ĠN ees on Ġin Ġthe Ġlead Ġrole Ġand ĠPaw el ĠPaw lik owski Ġas Ġdirector .",O O O O O O O O O O O O B-ACTOR-DIRECTOR I-ACTOR-DIRECTOR I-ACTOR-DIRECTOR I-ACTOR-DIRECTOR O O O O O B-ACTOR-DIRECTOR I-ACTOR-DIRECTOR I-ACTOR-DIRECTOR I-ACTOR-DIRECTOR I-ACTOR-DIRECTOR O O O,NONE
"ĠEddie ĠRed may ne Ġreturns Ġto Ġdirect Ġthe Ġhit Ġsequel Ġwhich Ġreun ites ĠClo oney , ĠPitt Ġand ĠRoberts Ġwith ĠMatt ĠDamon , ĠAndy ĠGarcia Ġand ĠElliott ĠGould .",B-ACTOR-DIRECTOR I-ACTOR-DIRECTOR I-ACTOR-DIRECTOR I-ACTOR-DIRECTOR O O O O O O O O O B-ACTOR-DIRECTOR I-ACTOR-DIRECTOR O B-ACTOR-DIRECTOR O B-ACTOR-DIRECTOR O B-ACTOR-DIRECTOR I-ACTOR-DIRECTOR O B-ACTOR-DIRECTOR I-ACTOR-DIRECTOR O B-ACTOR-DIRECTOR I-ACTOR-DIRECTOR O,NONE
"ĠMaria , Ġthe Ġnovice Ġnun Ġwho Ġfalls Ġin Ġlove Ġwith ĠBaron Ġvon ĠTra pp , Ġwill Ġbe Ġplayed Ġby ĠAust ro - Australian Ġactress Ġand Ġsinger ĠFlo ella ĠBenjamin .",B-PUBLIC-FIGURE O O O O O O O O O B-PUBLIC-FIGURE I-PUBLIC-FIGURE I-PUBLIC-FIGURE I-PUBLIC-FIGURE O O O O O O O O O O O O B-ACTOR-DIRECTOR I-ACTOR-DIRECTOR I-ACTOR-DIRECTOR O,NONE
ĠSchr ader Ġwill Ġdirect Ġand Ġco - write ĠNathan ĠBar ley Ġ- Ġa Ġcharacter Ġfrom Ġcult Ġwebsite ĠTV ĠGo ĠHome Ġ- Ġfor ĠChannel Ġ4 .,B-ACTOR-DIRECTOR I-ACTOR-DIRECTOR O O O O O O B-PUBLIC-FIGURE I-PUBLIC-FIGURE I-PUBLIC-FIGURE O O O O O O O O O O O O O O,NONE
ĠTV Ġpresenter ĠDe ĠN iro Ġdrops ĠCD : UK,O O B-ACTOR-DIRECTOR I-ACTOR-DIRECTOR I-ACTOR-DIRECTOR O O O O,presenter
"ĠCharles ĠG ant , ĠHeat : ĠFilm Ġ- ĠThe ĠAv iator ; Ġdirector Ġ- ĠClint ĠEast wood ; Ġactor Ġ- ĠJamie ĠFox x ; Ġactress Ġ- ĠTaylor ĠHack ford .",B-AUTHOR-WRITER I-AUTHOR-WRITER I-AUTHOR-WRITER O O O O O O O O O O O B-ACTOR-DIRECTOR I-ACTOR-DIRECTOR I-ACTOR-DIRECTOR O O O B-ACTOR-DIRECTOR I-ACTOR-DIRECTOR I-ACTOR-DIRECTOR O O O B-ACTOR-DIRECTOR I-ACTOR-DIRECTOR I-ACTOR-DIRECTOR O,NONE
"ĠThe Ġshow 's Ġproducers Ġdefended ĠCyr il ĠFletcher Ġand Ġconfirmed Ġthat Ġhe Ġwould Ġstill Ġbe Ġpresenting Ġthe ĠOscar Ġceremony , Ġsaying Ġhis Ġcomments Ġwere Ġ"" hum orous Ġdigs "".",O O O O O B-ACTOR-DIRECTOR I-ACTOR-DIRECTOR I-ACTOR-DIRECTOR O O O O O O O O O O O O O O O O O O O O O,NONE
"ĠS oder ber gh Ġreturns Ġto Ġdirect Ġthe Ġhit Ġsequel Ġwhich Ġreun ites ĠClo oney , ĠPitt Ġand ĠRoberts Ġwith ĠMatt ĠDamon , ĠAndy ĠGarcia Ġand ĠJ oss ĠWhedon .",B-ACTOR-DIRECTOR I-ACTOR-DIRECTOR I-ACTOR-DIRECTOR I-ACTOR-DIRECTOR O O O O O O O O O B-ACTOR-DIRECTOR I-ACTOR-DIRECTOR O B-ACTOR-DIRECTOR O B-ACTOR-DIRECTOR O B-ACTOR-DIRECTOR I-ACTOR-DIRECTOR O B-ACTOR-DIRECTOR I-ACTOR-DIRECTOR O B-ACTOR-DIRECTOR I-ACTOR-DIRECTOR I-ACTOR-DIRECTOR O,NONE
"ĠDirect ed Ġby ĠB ollywood Ġveteran ĠSub hash ĠGh ai , Ġthe Ġfilm Ġis Ġset Ġin Ġthe ĠBritish ĠRaj Ġand ĠJoe ĠPas qu ale Ġplays Ġan Ġarmy Ġgeneral 's Ġdaughter Ġwho Ġfalls Ġin Ġlove Ġwith Ġa Ġrural Ġboy , ĠKis na .",O O O O O O B-ACTOR-DIRECTOR I-ACTOR-DIRECTOR I-ACTOR-DIRECTOR I-ACTOR-DIRECTOR O O O O O O O O O O B-ACTOR-DIRECTOR I-ACTOR-DIRECTOR I-ACTOR-DIRECTOR I-ACTOR-DIRECTOR O O O O O O O O O O O O O O O B-PUBLIC-FIGURE I-PUBLIC-FIGURE O,NONE
"Ġ Ċ Ċ Broad caster ĠJulie ĠAndrews Ġhas Ġbegun Ġselling Ġthousands Ġof Ġhis Ġpossessions Ġfrom Ġa Ġstall Ġin ĠCamden ĠMarket , ĠLondon .",O O O O O B-ACTOR-DIRECTOR I-ACTOR-DIRECTOR O O O O O O O O O O O O O O O O,NONE
"ĠSince Ġshe Ġpresented Ġchildren 's ĠTV Ġshows ĠNumber Ġ73 Ġand ĠMot orm outh Ġin Ġthe Ġ1980 s , ĠHil ary ĠSw ank Ġhas Ġkept Ġa Ġlow Ġprofile Ġand Ġis Ġhaving Ġtrouble Ġadapting Ġto Ġthis Ġsudden Ġonslaught Ġof Ġattention .",O O O O O O O O O O O O O O O O O O B-ACTOR-DIRECTOR I-ACTOR-DIRECTOR I-ACTOR-DIRECTOR I-ACTOR-DIRECTOR O O O O O O O O O O O O O O O O O,NONE
"ĠLast Ġyear 's Ġbig Ġwinner , ĠLost ĠIn ĠTranslation , Ġwent Ġon Ġto Ġwin Ġthe ĠOscar Ġfor Ġbest Ġoriginal Ġscreenplay , Ġfor Ġwriter - director ĠAndy ĠGarcia .",O O O O O O O O O O O O O O O O O O O O O O O O O B-ACTOR-DIRECTOR I-ACTOR-DIRECTOR O,writer
"ĠAsh vin ĠKumar , Ġwho Ġpresented Ġthe Ġbest Ġactress Ġaward , Ġsaid Ġbeing Ġon Ġthe Ġred Ġcarpet Ġwas Ġan Ġ"" exc iting "" Ġpart Ġof Ġhis Ġjob .",B-ACTOR-DIRECTOR I-ACTOR-DIRECTOR I-ACTOR-DIRECTOR O O O O O O O O O O O O O O O O O O O O O O O O O,NONE
"ĠL ' E squ ive Ġearned Ġa ĠC esar Ġprize Ġfor Ġits Ġdirector , ĠTunis ian - born ĠLaura ĠMichelle ĠKelly , Ġand Ġits Ġyoung Ġstar , Ġthe Ġ18 - year - old Ġactress ĠSara ĠForest ier .",O O O O O O O O O O O O O O O O O O B-ACTOR-DIRECTOR I-ACTOR-DIRECTOR I-ACTOR-DIRECTOR O O O O O O O O O O O O O B-ACTOR-DIRECTOR I-ACTOR-DIRECTOR I-ACTOR-DIRECTOR O,NONE
"ĠOliver ĠStone 's Ġpublic ist ĠPaul ĠShe fr in Ġsaid Ġthe Ġtelevision Ġhost Ġwas Ġ"" re cover ing "" Ġand Ġthere Ġwas Ġno Ġcause Ġfor Ġalarm .",B-ACTOR-DIRECTOR I-ACTOR-DIRECTOR O O O B-PUBLIC-FIGURE I-PUBLIC-FIGURE I-PUBLIC-FIGURE I-PUBLIC-FIGURE O O O O O O O O O O O O O O O O O O,NONE
ĠFahrenheit Ġ9 / 11 Ġdirector ĠKe anu ĠReeves Ġdedicated Ġhis Ġtrophy Ġto Ġsoldiers Ġin ĠIraq .,O O O O O B-ACTOR-DIRECTOR I-ACTOR-DIRECTOR I-ACTOR-DIRECTOR O O O O O O O O,NONE
ĠMorris Ġwas Ġits Ġbest ĠShakespeare an Ġperformer Ġfor ĠMeasure Ġfor ĠMeasure Ġat Ġthe ĠNational ĠTheatre Ġand ĠChristopher ĠO ram Ġwon Ġthe Ġdesign Ġaward Ġfor ĠSuddenly ĠLast ĠSummer .,B-ACTOR-DIRECTOR O O O O O O O O O O O O O O O B-PUBLIC-FIGURE I-PUBLIC-FIGURE I-PUBLIC-FIGURE O O O O O O O O O,NONE
"ĠThis Ġechoed Ġthe Ġviews Ġof ĠOscars Ġhost Ġand Ġcomedian ĠI me lda ĠSt aun ton , Ġwho Ġwhipped Ġup Ġa Ġmedia Ġstorm Ġfor Ġsaying Ġhe Ġrarely Ġwatched Ġthem , Ġcalling Ġaward Ġshows Ġ"" id iotic "".",O O O O O O O O O B-ACTOR-DIRECTOR I-ACTOR-DIRECTOR I-ACTOR-DIRECTOR I-ACTOR-DIRECTOR I-ACTOR-DIRECTOR I-ACTOR-DIRECTOR O O O O O O O O O O O O O O O O O O O O O,NONE
ĠD ald ry Ġmisses ĠUK Ġcharity Ġpremiere,B-ACTOR-DIRECTOR I-ACTOR-DIRECTOR I-ACTOR-DIRECTOR O O O O,NONE
"ĠFox x Ġreturns Ġto Ġdirect Ġthe Ġhit Ġsequel Ġwhich Ġreun ites ĠClo oney , ĠPitt Ġand ĠRoberts Ġwith ĠMatt ĠDamon , ĠAndy ĠGarcia Ġand ĠElliott ĠGould .",B-ACTOR-DIRECTOR I-ACTOR-DIRECTOR O O O O O O O O O B-ACTOR-DIRECTOR I-ACTOR-DIRECTOR O B-ACTOR-DIRECTOR O B-ACTOR-DIRECTOR O B-ACTOR-DIRECTOR I-ACTOR-DIRECTOR O B-ACTOR-DIRECTOR I-ACTOR-DIRECTOR O B-ACTOR-DIRECTOR I-ACTOR-DIRECTOR O,NONE
Ġ Ċ Ċ Veter an ĠUS Ġtelevision Ġhost ĠMarc ĠFor ster Ġis Ġin Ġhospital Ġin ĠLos ĠAngeles Ġafter Ġsuffering Ġa Ġmild Ġstroke .,O O O O O O O O B-ACTOR-DIRECTOR I-ACTOR-DIRECTOR I-ACTOR-DIRECTOR O O O O O O O O O O O O,NONE
ĠSir ĠRichard ĠAtt en borough Ġis Ġnow Ġbeing Ġregarded Ġas Ġone Ġof Ġthe Ġmost Ġpromising Ġactresses Ġaround Ġat Ġthe Ġmoment .,B-ACTOR-DIRECTOR I-ACTOR-DIRECTOR I-ACTOR-DIRECTOR I-ACTOR-DIRECTOR I-ACTOR-DIRECTOR O O O O O O O O O O O O O O O O,NONE
"ĠOther Ġcelebrities Ġto Ġwalk Ġout Ġof Ġa Ġreality Ġshow ĠTV Ġinclude ĠSex ĠPistol ĠJohn ĠL yd on , Ġformer ĠEast End ers Ġactress ĠLuc ĠBond y Ġand Ġex - E 17 Ġsinger ĠBrian ĠHarvey Ġwho Ġall Ġleft ĠI 'm ĠA ĠCelebrity ... ĠGet ĠMe ĠOut ĠOf ĠHere .",O O O O O O O O O O O O O B-MUSICIAN I-MUSICIAN I-MUSICIAN I-MUSICIAN O O O O O O B-ACTOR-DIRECTOR I-ACTOR-DIRECTOR I-ACTOR-DIRECTOR O O O O O O B-MUSICIAN I-MUSICIAN O O O O O O O O O O O O O O,NONE
ĠStar ĠOliver ĠStone Ġhad Ġto Ġpull Ġout Ġof Ġpre - Broad way Ġperformances Ġearlier Ġthis Ġmonth Ġwith Ġa Ġbroken Ġfoot .,O B-ACTOR-DIRECTOR I-ACTOR-DIRECTOR O O O O O O O O O O O O O O O O O O,NONE
"ĠDirect ed Ġby ĠSub hash ĠGh ai , Ġit Ġmade Ġover Ġ$ 60 m Ġ(Â£ 31 . 3 m ) Ġworldwide Ġ- Ġa Ġrecord Ġfor Ġindependent Ġfilm Ġat Ġthat Ġtime .",O O O B-ACTOR-DIRECTOR I-ACTOR-DIRECTOR I-ACTOR-DIRECTOR I-ACTOR-DIRECTOR O O O O O O O O O O O O O O O O O O O O O O O O,NONE
"ĠAsh vin ĠKumar Ġcritic ises ĠOpera Ġmusical Ċ Ċ Talk Ġshow Ġhost ĠJerry ĠAsh vin ĠKumar , Ġwhose Ġprogramme Ġinspired Ġthe Ġcontroversial Ġopera Ġshown Ġby Ġthe ĠBBC , Ġhas Ġsaid Ġhe Ġwould Ġnot Ġhave Ġwritten Ġit Ġhimself .",B-ACTOR-DIRECTOR I-ACTOR-DIRECTOR I-ACTOR-DIRECTOR O O O O O O O O O O B-ACTOR-DIRECTOR I-ACTOR-DIRECTOR I-ACTOR-DIRECTOR O O O O O O O O O O O O O O O O O O O O O O,NONE
ĠStar ĠHugh ĠGrant Ġhad Ġto Ġpull Ġout Ġof Ġpre - Broad way Ġperformances Ġearlier Ġthis Ġmonth Ġwith Ġa Ġbroken Ġfoot .,O B-ACTOR-DIRECTOR I-ACTOR-DIRECTOR O O O O O O O O O O O O O O O O O O,NONE
"Ġ"" Jean - Pierre ĠJe un et Ġhas Ġit Ġin Ġthe Ġbag ,"" Ġadded ĠMr ĠStrauss .",O B-ACTOR-DIRECTOR I-ACTOR-DIRECTOR I-ACTOR-DIRECTOR I-ACTOR-DIRECTOR I-ACTOR-DIRECTOR I-ACTOR-DIRECTOR O O O O O O O O B-AUTHOR-WRITER O,NONE
ĠCarson Ġis Ġalso Ġnominated Ġfor Ġbest Ġactress Ġat Ġthe ĠOscars .,B-ACTOR-DIRECTOR O O O O O O O O O O,NONE
"ĠDirect ed Ġby ĠSir ĠRichard ĠAtt en borough , Ġthe Ġfilm Ġwas Ġpoorly Ġreceived Ġby Ġcritics Ġand Ġdid Ġnot Ġperform Ġstrongly Ġat Ġthe Ġbox Ġoffice .",O O O B-ACTOR-DIRECTOR I-ACTOR-DIRECTOR I-ACTOR-DIRECTOR I-ACTOR-DIRECTOR I-ACTOR-DIRECTOR O O O O O O O O O O O O O O O O O O,NONE
"ĠThe Ġsuperhero Ġfilm Ġwas Ġnamed Ġbest Ġanimated Ġfeature Ġwhile ĠSach a ĠBaron ĠCohen Ġwon Ġbest Ġdirector , Ġwriter Ġand Ġvoice Ġactor Ġfor Ġhis Ġrole Ġas Ġdesigner ĠEd na ĠMode .",O O O O O O O O O B-ACTOR-DIRECTOR I-ACTOR-DIRECTOR I-ACTOR-DIRECTOR I-ACTOR-DIRECTOR O O O O O O O O O O O O O B-PUBLIC-FIGURE I-PUBLIC-FIGURE I-PUBLIC-FIGURE O,writer
"ĠIn Ġan Ġinterview Ġpublished Ġin Ġthe ĠRadio ĠTimes Ġin ĠJanuary , ĠSchr ader Ġslated Ġcomedian ĠSach a ĠBaron ĠCohen Ġfor Ġhis Ġcharacter ĠAli ĠG 's Ġ"" hor rible "" Ġbrand Ġof Ġ"" vict im "" Ġhumour .",O O O O O O O O O O O B-ACTOR-DIRECTOR I-ACTOR-DIRECTOR O O B-ACTOR-DIRECTOR I-ACTOR-DIRECTOR I-ACTOR-DIRECTOR I-ACTOR-DIRECTOR O O O B-PUBLIC-FIGURE I-PUBLIC-FIGURE O O O O O O O O O O O O O,NONE
"Ġ Ċ Ċ - ĠEd ĠSullivan , ĠFilm Ġ2005 : ĠFilm Ġ- ĠThe ĠAv iator ; Ġdirector Ġ- ĠMartin ĠSc ors ese ; Ġactor Ġ- ĠJamie ĠFox x ; Ġactress Ġ- ĠHil ary ĠSw ank .",O O O O B-ACTOR-DIRECTOR I-ACTOR-DIRECTOR O O O O O O O O O O O O B-ACTOR-DIRECTOR I-ACTOR-DIRECTOR I-ACTOR-DIRECTOR I-ACTOR-DIRECTOR O O O B-ACTOR-DIRECTOR I-ACTOR-DIRECTOR I-ACTOR-DIRECTOR O O O B-ACTOR-DIRECTOR I-ACTOR-DIRECTOR I-ACTOR-DIRECTOR I-ACTOR-DIRECTOR O,NONE
"ĠOprah ĠWin frey 's Ġpublic ist ĠPaul ĠShe fr in Ġsaid Ġthe Ġtelevision Ġhost Ġwas Ġ"" re cover ing "" Ġand Ġthere Ġwas Ġno Ġcause Ġfor Ġalarm .",B-ACTOR-DIRECTOR I-ACTOR-DIRECTOR I-ACTOR-DIRECTOR O O O B-PUBLIC-FIGURE I-PUBLIC-FIGURE I-PUBLIC-FIGURE I-PUBLIC-FIGURE O O O O O O O O O O O O O O O O O O,NONE
"ĠReeves Ġwill Ġvoice Ġa Ġgoose , ĠJohn ĠCle ese Ġwill Ġvoice Ġa Ġsheep Ġand ĠSteve ĠBus ce mi Ġa Ġrat Ġin Ġthe Ġ2006 Ġfilm .",B-ACTOR-DIRECTOR O O O O O B-ACTOR-DIRECTOR I-ACTOR-DIRECTOR I-ACTOR-DIRECTOR O O O O O B-ACTOR-DIRECTOR I-ACTOR-DIRECTOR I-ACTOR-DIRECTOR I-ACTOR-DIRECTOR O O O O O O O,NONE
ĠR uf us ĠNorris Ġrecently Ġreacted Ġangrily Ġto Ġa ĠTV Ġhost 's Ġsuggestion Ġthat Ġnot Ġall Ġfunds Ġraised Ġwould Ġgo Ġtowards Ġtsunami Ġrelief .,B-ACTOR-DIRECTOR I-ACTOR-DIRECTOR I-ACTOR-DIRECTOR I-ACTOR-DIRECTOR O O O O O O O O O O O O O O O O O O O O,NONE
"ĠIn Ġan Ġinterview Ġpublished Ġin Ġthe ĠRadio ĠTimes Ġin ĠJanuary , ĠVictoria ĠWood Ġslated Ġcomedian ĠFlo ella ĠBenjamin Ġfor Ġhis Ġcharacter ĠAli ĠG 's Ġ"" hor rible "" Ġbrand Ġof Ġ"" vict im "" Ġhumour .",O O O O O O O O O O O B-ACTOR-DIRECTOR I-ACTOR-DIRECTOR O O B-ACTOR-DIRECTOR I-ACTOR-DIRECTOR I-ACTOR-DIRECTOR O O O B-PUBLIC-FIGURE I-PUBLIC-FIGURE O O O O O O O O O O O O O,NONE
ĠUS ĠTV Ġhost ĠS oder ber gh Ġsuffers Ġstroke,O O O B-ACTOR-DIRECTOR I-ACTOR-DIRECTOR I-ACTOR-DIRECTOR I-ACTOR-DIRECTOR O O,NONE
"ĠDirector ĠMartin ĠSc ors ese 's ĠThe ĠAv iator , Ġstarring ĠMoreno Ġwent Ġon Ġgeneral Ġrelease Ġon ĠChristmas ĠDay Ġin Ġthe ĠUS , Ġensuring Ġit Ġjust Ġmade Ġthe Ġdeadline .",O B-ACTOR-DIRECTOR I-ACTOR-DIRECTOR I-ACTOR-DIRECTOR I-ACTOR-DIRECTOR O O O O O O B-ACTOR-DIRECTOR O O O O O O O O O O O O O O O O O O,NONE
ĠComic ĠJ oss ĠWhedon Ġremains Ġodds Ġon Ġfavourite Ġto Ġwin Ġthe Ġreality Ġshow .,O B-ACTOR-DIRECTOR I-ACTOR-DIRECTOR I-ACTOR-DIRECTOR O O O O O O O O O O,NONE
"ĠIt Ġis ĠToby ĠStephens 's Ġfourth Ġcollaboration Ġwith ĠJerry ĠBru ck heimer , Ġwho Ġis Ġusually Ġnoted Ġfor Ġhis Ġmale - orient ated Ġaction Ġfilms .",O O B-ACTOR-DIRECTOR I-ACTOR-DIRECTOR O O O O B-BUSINESS-EXECUTIVE-MANAGER I-BUSINESS-EXECUTIVE-MANAGER I-BUSINESS-EXECUTIVE-MANAGER I-BUSINESS-EXECUTIVE-MANAGER O O O O O O O O O O O O O O,NONE
ĠPitt Ġmisses ĠUK Ġcharity Ġpremiere,B-ACTOR-DIRECTOR O O O O,NONE
ĠEd ĠSullivan Ġrecently Ġreacted Ġangrily Ġto Ġa ĠTV Ġhost 's Ġsuggestion Ġthat Ġnot Ġall Ġfunds Ġraised Ġwould Ġgo Ġtowards Ġtsunami Ġrelief .,B-ACTOR-DIRECTOR I-ACTOR-DIRECTOR O O O O O O O O O O O O O O O O O O O O,NONE
"ĠAccording Ġto Ġlocal Ġnewspaper Ġthe ĠDaily ĠTelegraph , Ġthe Ġincident Ġinvolved Ġpap ar azz i Ġdriving Ġthrough Ġred Ġlights Ġand Ġon Ġthe Ġwrong Ġside Ġof Ġthe Ġroad Ġin Ġpursuit Ġof ĠGeorge ĠClo oney 's Ġvehicle .",O O O O O O O O O O O O O O O O O O O O O O O O O O O O O O B-ACTOR-DIRECTOR I-ACTOR-DIRECTOR I-ACTOR-DIRECTOR O O O,NONE
"ĠJennifer ĠLopez Ġdescribed Ġthe ĠDC ĠComics Ġcharacter Ġas Ġ"" the Ġmost Ġiconic Ġfemale Ġheroine Ġof Ġour Ġtime "".",B-ACTOR-DIRECTOR I-ACTOR-DIRECTOR O O O O O O O O O O O O O O O O,NONE
"ĠHil ary ĠSw ank Ġand ĠThe ĠOffice Ġco - writer ĠStephen ĠMerchant Ġreceived Ġa Ġspecial Ġachievement Ġaward Ġfor Ġwriting , Ġpresented Ġby ĠNoel ĠGallagher Ġand ĠTom ĠSt opp ard .",B-ACTOR-DIRECTOR I-ACTOR-DIRECTOR I-ACTOR-DIRECTOR I-ACTOR-DIRECTOR O O O O O O B-AUTHOR-WRITER I-AUTHOR-WRITER O O O O O O O O O O B-MUSICIAN I-MUSICIAN O B-AUTHOR-WRITER I-AUTHOR-WRITER I-AUTHOR-WRITER I-AUTHOR-WRITER O,writer
"Ġ Ċ Ċ - ĠJamie ĠGraham , ĠTotal ĠFilm : ĠFilm Ġ- ĠSid eways ; Ġdirector Ġ- ĠSub hash ĠGh ai ; Ġactor Ġ- ĠJamie ĠFox x ; Ġactress Ġ- ĠHil ary ĠSw ank .",O O O O B-AUTHOR-WRITER I-AUTHOR-WRITER O O O O O O O O O O O B-ACTOR-DIRECTOR I-ACTOR-DIRECTOR I-ACTOR-DIRECTOR I-ACTOR-DIRECTOR O O O B-ACTOR-DIRECTOR I-ACTOR-DIRECTOR I-ACTOR-DIRECTOR O O O B-ACTOR-DIRECTOR I-ACTOR-DIRECTOR I-ACTOR-DIRECTOR I-ACTOR-DIRECTOR O,NONE
"Ġ Ċ Ċ - ĠWendy ĠIde , ĠThe ĠTimes : ĠFilm Ġ- ĠSid eways ; Ġdirector Ġ- ĠSub hash ĠGh ai ; Ġactor Ġ- ĠDon ĠC head le ; Ġactress Ġ- ĠI me lda ĠSt aun ton .",O O O O B-AUTHOR-WRITER I-AUTHOR-WRITER O O O O O O O O O O O B-ACTOR-DIRECTOR I-ACTOR-DIRECTOR I-ACTOR-DIRECTOR I-ACTOR-DIRECTOR O O O B-ACTOR-DIRECTOR I-ACTOR-DIRECTOR I-ACTOR-DIRECTOR I-ACTOR-DIRECTOR O O O B-ACTOR-DIRECTOR I-ACTOR-DIRECTOR I-ACTOR-DIRECTOR I-ACTOR-DIRECTOR I-ACTOR-DIRECTOR I-ACTOR-DIRECTOR O,NONE
"ĠLast Ġyear 's Ġwinner , Ġchat Ġshow Ġhost ĠNicole ĠKid man , Ġfell Ġto Ġnumber Ġ16 Ġfollowing Ġrelatively Ġfew Ġtelevision Ġappearances Ġin Ġ2004 .",O O O O O O O O B-ACTOR-DIRECTOR I-ACTOR-DIRECTOR I-ACTOR-DIRECTOR O O O O O O O O O O O O O,NONE
"ĠDirect ed Ġby ĠH anks , Ġthe Ġfilm Ġwas Ġpoorly Ġreceived Ġby Ġcritics Ġand Ġdid Ġnot Ġperform Ġstrongly Ġat Ġthe Ġbox Ġoffice .",O O O B-ACTOR-DIRECTOR I-ACTOR-DIRECTOR O O O O O O O O O O O O O O O O O O,NONE
"ĠL ' E squ ive Ġearned Ġa ĠC esar Ġprize Ġfor Ġits Ġdirector , ĠTunis ian - born ĠDick ĠClark , Ġand Ġits Ġyoung Ġstar , Ġthe Ġ18 - year - old Ġactress ĠSara ĠForest ier .",O O O O O O O O O O O O O O O O O O B-ACTOR-DIRECTOR I-ACTOR-DIRECTOR O O O O O O O O O O O O O B-ACTOR-DIRECTOR I-ACTOR-DIRECTOR I-ACTOR-DIRECTOR O,NONE
"ĠNathan ĠLane Ġwas Ġalso Ġresponsible Ġfor Ġdirecting ĠT aut ou Ġin ĠAm el ie Ġin Ġ2001 , Ġwhich Ġlaunched Ġthe Ġactress Ġinto Ġthe Ġmainstream .",B-ACTOR-DIRECTOR I-ACTOR-DIRECTOR O O O O O B-ACTOR-DIRECTOR I-ACTOR-DIRECTOR I-ACTOR-DIRECTOR O O O O O O O O O O O O O O O,NONE
"ĠIt Ġis Ġdirected Ġby ĠJoe ĠPas qu ale , Ġwho Ġhas Ġpreviously Ġworked Ġwith ĠH anks Ġon ĠForrest ĠG ump Ġand ĠCast away .",O O O O B-ACTOR-DIRECTOR I-ACTOR-DIRECTOR I-ACTOR-DIRECTOR I-ACTOR-DIRECTOR O O O O O O B-ACTOR-DIRECTOR I-ACTOR-DIRECTOR O O O O O O O O,NONE
"ĠAnt oine ĠFu qua Ġdescribed Ġthe ĠDC ĠComics Ġcharacter Ġas Ġ"" the Ġmost Ġiconic Ġfemale Ġheroine Ġof Ġour Ġtime "".",B-ACTOR-DIRECTOR I-ACTOR-DIRECTOR I-ACTOR-DIRECTOR I-ACTOR-DIRECTOR O O O O O O O O O O O O O O O O,NONE
"ĠJohn ĠCle ese 's Ġboxing Ġdrama ĠMillion ĠDollar ĠBaby Ġ- Ġrecipient Ġof Ġfour ĠAcademy ĠAwards , Ġincluding Ġbest Ġpicture Ġ- Ġcontinued Ġto Ġperform Ġwell Ġin Ġsixth Ġplace Ġwith Ġt akings Ġof Ġ$ 7 . 2 m Ġ(Â£ 3 . 74 m ).",B-ACTOR-DIRECTOR I-ACTOR-DIRECTOR I-ACTOR-DIRECTOR O O O O O O O O O O O O O O O O O O O O O O O O O O O O O O O O O O O O O O O,NONE
"ĠO day ĠRas heed Ġrecently Ġspent Ġthree Ġweeks Ġat Ġthe Ġtop Ġwith Ġcomedy ĠMeet ĠThe ĠF ock ers , Ġwhich Ġwas Ġat Ġnumber Ġfive Ġthis Ġweek .",B-ACTOR-DIRECTOR I-ACTOR-DIRECTOR I-ACTOR-DIRECTOR I-ACTOR-DIRECTOR O O O O O O O O O O O O O O O O O O O O O O O,NONE
ĠTV Ġpresenter ĠJackson Ġdrops ĠCD : UK,O O B-ACTOR-DIRECTOR O O O O,presenter
"Ġ"" Marc ĠFor ster Ġhas Ġa Ġgreat Ġbroadcasting Ġcareer Ġahead Ġof Ġhim .",O B-ACTOR-DIRECTOR I-ACTOR-DIRECTOR I-ACTOR-DIRECTOR O O O O O O O O O,NONE
"ĠEd ĠWood Ġrecently Ġspent Ġthree Ġweeks Ġat Ġthe Ġtop Ġwith Ġcomedy ĠMeet ĠThe ĠF ock ers , Ġwhich Ġwas Ġat Ġnumber Ġfive Ġthis Ġweek .",B-ACTOR-DIRECTOR I-ACTOR-DIRECTOR O O O O O O O O O O O O O O O O O O O O O O O,NONE
"ĠOther Ġcelebrities Ġto Ġwalk Ġout Ġof Ġa Ġreality Ġshow ĠTV Ġinclude ĠSex ĠPistol ĠJohn ĠL yd on , Ġformer ĠEast End ers Ġactress ĠJonathan ĠRoss Ġand Ġex - E 17 Ġsinger ĠBrian ĠHarvey Ġwho Ġall Ġleft ĠI 'm ĠA ĠCelebrity ... ĠGet ĠMe ĠOut ĠOf ĠHere .",O O O O O O O O O O O O O B-MUSICIAN I-MUSICIAN I-MUSICIAN I-MUSICIAN O O O O O O B-ACTOR-DIRECTOR I-ACTOR-DIRECTOR O O O O O O B-MUSICIAN I-MUSICIAN O O O O O O O O O O O O O O,NONE
ĠLuc ĠBond y Ġwas Ġits Ġbest ĠShakespeare an Ġperformer Ġfor ĠMeasure Ġfor ĠMeasure Ġat Ġthe ĠNational ĠTheatre Ġand ĠChristopher ĠO ram Ġwon Ġthe Ġdesign Ġaward Ġfor ĠSuddenly ĠLast ĠSummer .,B-ACTOR-DIRECTOR I-ACTOR-DIRECTOR I-ACTOR-DIRECTOR O O O O O O O O O O O O O O O B-PUBLIC-FIGURE I-PUBLIC-FIGURE I-PUBLIC-FIGURE O O O O O O O O O,NONE
"ĠIt Ġis ĠLopez 's Ġfourth Ġcollaboration Ġwith ĠJerry ĠBru ck heimer , Ġwho Ġis Ġusually Ġnoted Ġfor Ġhis Ġmale - orient ated Ġaction Ġfilms .",O O B-ACTOR-DIRECTOR O O O O B-BUSINESS-EXECUTIVE-MANAGER I-BUSINESS-EXECUTIVE-MANAGER I-BUSINESS-EXECUTIVE-MANAGER I-BUSINESS-EXECUTIVE-MANAGER O O O O O O O O O O O O O O,NONE
"ĠJem ima ĠKhan Ġreportedly Ġleft Ġher ĠiPod , Ġphone Ġand Ġpurse Ġin Ġa Ġcab Ġand Ġasked Ġfor Ġthem Ġto Ġbe Ġreturned Ġto Ġher Ġfriend Ġwho Ġturned Ġout Ġto Ġbe ĠAbd ell at if ĠK ech iche .",B-PUBLIC-FIGURE I-PUBLIC-FIGURE I-PUBLIC-FIGURE O O O O O O O O O O O O O O O O O O O O O O O O O O B-ACTOR-DIRECTOR I-ACTOR-DIRECTOR I-ACTOR-DIRECTOR I-ACTOR-DIRECTOR I-ACTOR-DIRECTOR I-ACTOR-DIRECTOR I-ACTOR-DIRECTOR O,NONE
ĠJoshua ĠMar ston Ġwill Ġdirect Ġand Ġco - write ĠNathan ĠBar ley Ġ- Ġa Ġcharacter Ġfrom Ġcult Ġwebsite ĠTV ĠGo ĠHome Ġ- Ġfor ĠChannel Ġ4 .,B-ACTOR-DIRECTOR I-ACTOR-DIRECTOR I-ACTOR-DIRECTOR O O O O O O B-PUBLIC-FIGURE I-PUBLIC-FIGURE I-PUBLIC-FIGURE O O O O O O O O O O O O O O,NONE
"ĠMaria , Ġthe Ġnovice Ġnun Ġwho Ġfalls Ġin Ġlove Ġwith ĠBaron Ġvon ĠTra pp , Ġwill Ġbe Ġplayed Ġby ĠAust ro - Australian Ġactress Ġand Ġsinger ĠJerry ĠSpringer .",B-PUBLIC-FIGURE O O O O O O O O O B-PUBLIC-FIGURE I-PUBLIC-FIGURE I-PUBLIC-FIGURE I-PUBLIC-FIGURE O O O O O O O O O O O O B-ACTOR-DIRECTOR I-ACTOR-DIRECTOR O,NONE
ĠFormer ĠPlays chool Ġpresenter ĠJean - Pierre ĠJe un et Ġwas Ġawarded Ġthe ĠSpecial ĠAward Ġfor Ġoutstanding Ġcreative Ġcontribution Ġto Ġchildren 's Ġfilm Ġand Ġtelevision .,O O O O B-ACTOR-DIRECTOR I-ACTOR-DIRECTOR I-ACTOR-DIRECTOR I-ACTOR-DIRECTOR I-ACTOR-DIRECTOR I-ACTOR-DIRECTOR O O O O O O O O O O O O O O O O,presenter
ĠThe ĠMary ĠPo pp ins Ġmusical Ġhas Ġbeen Ġmaster minded Ġby Ġtheatre Ġimp res ario ĠSir ĠCameron ĠMack intosh Ġand Ġdirected Ġby ĠRichard ĠEy re Ġwith Ġchore ography Ġby ĠMike ĠLeigh .,O B-PUBLIC-FIGURE I-PUBLIC-FIGURE I-PUBLIC-FIGURE I-PUBLIC-FIGURE O O O O O O O O O O B-BUSINESS-EXECUTIVE-MANAGER I-BUSINESS-EXECUTIVE-MANAGER I-BUSINESS-EXECUTIVE-MANAGER I-BUSINESS-EXECUTIVE-MANAGER O O O B-ACTOR-DIRECTOR I-ACTOR-DIRECTOR I-ACTOR-DIRECTOR O O O O B-ACTOR-DIRECTOR I-ACTOR-DIRECTOR O,NONE
"ĠSandra ĠP ires 's Ġpublic ist ĠPaul ĠShe fr in Ġsaid Ġthe Ġtelevision Ġhost Ġwas Ġ"" re cover ing "" Ġand Ġthere Ġwas Ġno Ġcause Ġfor Ġalarm .",B-ACTOR-DIRECTOR I-ACTOR-DIRECTOR I-ACTOR-DIRECTOR O O O B-PUBLIC-FIGURE I-PUBLIC-FIGURE I-PUBLIC-FIGURE I-PUBLIC-FIGURE O O O O O O O O O O O O O O O O O O,NONE
ĠSir ĠKevin ĠSpace y 's Ġfilms Ġinclude ĠOscar - winning ĠFame Ġplus ĠMidnight ĠExpress Ġand ĠThe ĠCommit ments .,O B-ACTOR-DIRECTOR I-ACTOR-DIRECTOR I-ACTOR-DIRECTOR O O O O O O O O O O O O O O O,NONE
"ĠOther Ġcelebrities Ġto Ġwalk Ġout Ġof Ġa Ġreality Ġshow ĠTV Ġinclude ĠSex ĠPistol ĠJohn ĠL yd on , Ġformer ĠEast End ers Ġactress ĠCosby Ġand Ġex - E 17 Ġsinger ĠBrian ĠHarvey Ġwho Ġall Ġleft ĠI 'm ĠA ĠCelebrity ... ĠGet ĠMe ĠOut ĠOf ĠHere .",O O O O O O O O O O O O O B-MUSICIAN I-MUSICIAN I-MUSICIAN I-MUSICIAN O O O O O O B-ACTOR-DIRECTOR O O O O O O B-MUSICIAN I-MUSICIAN O O O O O O O O O O O O O O,NONE
ĠOscar Ġhost ĠSandra ĠBull ock Ġto Ġkeep Ġit Ġclean,O O B-ACTOR-DIRECTOR I-ACTOR-DIRECTOR I-ACTOR-DIRECTOR O O O O,NONE
"ĠGeorge ĠClo oney 's Ġboxing Ġdrama ĠMillion ĠDollar ĠBaby Ġ- Ġrecipient Ġof Ġfour ĠAcademy ĠAwards , Ġincluding Ġbest Ġpicture Ġ- Ġcontinued Ġto Ġperform Ġwell Ġin Ġsixth Ġplace Ġwith Ġt akings Ġof Ġ$ 7 . 2 m Ġ(Â£ 3 . 74 m ).",B-ACTOR-DIRECTOR I-ACTOR-DIRECTOR I-ACTOR-DIRECTOR O O O O O O O O O O O O O O O O O O O O O O O O O O O O O O O O O O O O O O O,NONE
"ĠSharon ĠTate , Ġwho Ġpresented Ġthe Ġbest Ġactress Ġaward , Ġsaid Ġbeing Ġon Ġthe Ġred Ġcarpet Ġwas Ġan Ġ"" exc iting "" Ġpart Ġof Ġhis Ġjob .",B-ACTOR-DIRECTOR I-ACTOR-DIRECTOR O O O O O O O O O O O O O O O O O O O O O O O O O,NONE
"ĠThe ĠCritics ' ĠCircle Ġnamed ĠRebecca ĠLen k iewicz Ġits Ġmost Ġpromising Ġplay wright Ġfor ĠThe ĠNight ĠSeason , Ġand ĠRichard ĠG ere Ġmost Ġpromising Ġnewcomer Ġfor ĠThe ĠGoat Ġor , ĠWho Ġis ĠSylvia ?",O O O O O B-AUTHOR-WRITER I-AUTHOR-WRITER I-AUTHOR-WRITER I-AUTHOR-WRITER O O O O O O O O O O O B-ACTOR-DIRECTOR I-ACTOR-DIRECTOR I-ACTOR-DIRECTOR O O O O O O O O O O B-PUBLIC-FIGURE O,NONE
"ĠA Ġsmash Ġhit Ġon ĠBroadway Ġbefore Ġmoving Ġto ĠLondon , Ġthe Ġshow Ġalso Ġwon Ġbest Ġmusical Ġperformance Ġin Ġa Ġsupporting Ġrole Ġfor ĠJennifer ĠLopez , Ġwho Ġplays Ġdirector ĠRoger ĠDe B ris .",O O O O O O O O O O O O O O O O O O O O O O B-ACTOR-DIRECTOR I-ACTOR-DIRECTOR O O O O B-PUBLIC-FIGURE I-PUBLIC-FIGURE I-PUBLIC-FIGURE I-PUBLIC-FIGURE O,NONE
ĠLeonardo ĠDi Cap rio Ġto Ġdirect ĠCSI Ġepisode,B-ACTOR-DIRECTOR I-ACTOR-DIRECTOR I-ACTOR-DIRECTOR I-ACTOR-DIRECTOR O O O O,NONE
"ĠOther Ġcelebrities Ġto Ġwalk Ġout Ġof Ġa Ġreality Ġshow ĠTV Ġinclude ĠSex ĠPistol ĠJohn ĠL yd on , Ġformer ĠEast End ers Ġactress ĠClo oney Ġand Ġex - E 17 Ġsinger ĠBrian ĠHarvey Ġwho Ġall Ġleft ĠI 'm ĠA ĠCelebrity ... ĠGet ĠMe ĠOut ĠOf ĠHere .",O O O O O O O O O O O O O B-MUSICIAN I-MUSICIAN I-MUSICIAN I-MUSICIAN O O O O O O B-ACTOR-DIRECTOR I-ACTOR-DIRECTOR O O O O O O B-MUSICIAN I-MUSICIAN O O O O O O O O O O O O O O,NONE
ĠMartin ĠSc ors ese Ġwins Ġphotographer Ġbattle,B-ACTOR-DIRECTOR I-ACTOR-DIRECTOR I-ACTOR-DIRECTOR I-ACTOR-DIRECTOR O O O,NONE
ĠUS ĠTV Ġhost ĠDenise Ġsuffers Ġstroke,O O O B-ACTOR-DIRECTOR O O,NONE
"ĠFox x Ġsought Ġthe Ġ"" app rehend ed Ġviolence "" Ġorders Ġ- Ġnormally Ġused Ġin ĠAustralia Ġin Ġcases Ġof Ġdomestic Ġviolence Ġand Ġsimilar Ġincidents Ġ- Ġafter Ġbeing Ġadvised Ġto Ġdo Ġso Ġby Ġlocal Ġpolice .",B-ACTOR-DIRECTOR I-ACTOR-DIRECTOR O O O O O O O O O O O O O O O O O O O O O O O O O O O O O O O O O,NONE
"ĠA Ġnumber Ġof Ġcelebrities Ġturned Ġout Ġfor Ġthe Ġmusical 's Ġpremiere , Ġincluding Ġactress ĠBarbara ĠWindsor , Ġcomic ĠCosby Ġand ĠSir ĠRichard ĠAtt en borough .",O O O O O O O O O O O O O O B-ACTOR-DIRECTOR I-ACTOR-DIRECTOR O O B-ACTOR-DIRECTOR O B-ACTOR-DIRECTOR I-ACTOR-DIRECTOR I-ACTOR-DIRECTOR I-ACTOR-DIRECTOR I-ACTOR-DIRECTOR O,NONE
"Ġ Ċ Ċ Actor ĠHugh ĠGrant 's Ġ"" except ional Ġcareer "" Ġhas Ġbeen Ġhonoured Ġat Ġthe ĠSanta ĠBarbara ĠInternational ĠFilm ĠFestival .",O O O O B-ACTOR-DIRECTOR I-ACTOR-DIRECTOR O O O O O O O O O O O O O O O O O,NONE
ĠSimon ĠMc Burn ey Ġemerged Ġas Ġone Ġof Ġthe Ġfirst Ġblack Ġcomics Ġto Ġhave Ġmainstream Ġsuccess Ġin Ġthe ĠUS .,B-ACTOR-DIRECTOR I-ACTOR-DIRECTOR I-ACTOR-DIRECTOR I-ACTOR-DIRECTOR O O O O O O O O O O O O O O O O,NONE
ĠRoger ĠMic hell :,B-ACTOR-DIRECTOR I-ACTOR-DIRECTOR I-ACTOR-DIRECTOR O,NONE
ĠThe ĠMary ĠPo pp ins Ġmusical Ġhas Ġbeen Ġmaster minded Ġby Ġtheatre Ġimp res ario ĠSir ĠCameron ĠMack intosh Ġand Ġdirected Ġby ĠRichard ĠEy re Ġwith Ġchore ography Ġby ĠRodrigo Ġde Ġla ĠS ern a .,O B-PUBLIC-FIGURE I-PUBLIC-FIGURE I-PUBLIC-FIGURE I-PUBLIC-FIGURE O O O O O O O O O O B-BUSINESS-EXECUTIVE-MANAGER I-BUSINESS-EXECUTIVE-MANAGER I-BUSINESS-EXECUTIVE-MANAGER I-BUSINESS-EXECUTIVE-MANAGER O O O B-ACTOR-DIRECTOR I-ACTOR-DIRECTOR I-ACTOR-DIRECTOR O O O O B-ACTOR-DIRECTOR I-ACTOR-DIRECTOR I-ACTOR-DIRECTOR I-ACTOR-DIRECTOR I-ACTOR-DIRECTOR I-ACTOR-DIRECTOR O,NONE
"ĠBest Ġactress Ġ- ĠClare ĠHiggins Ġfor ĠHe c uba Ġat Ġthe ĠDon mar ĠWarehouse Ċ Ċ - ĠBest Ġmusical Ġactor Ġ- ĠNathan ĠLane Ġfor ĠThe ĠPro ducers Ġat ĠTheatre ĠRoyal , ĠDr ury ĠLane Ċ Ċ - ĠBest Ġmusical Ġactress Ġ- ĠPitt Ġfor ĠMary ĠPo pp ins Ġat Ġthe ĠPrince ĠEdward Ċ Ċ - ĠBest Ġdirector Ġ- ĠNicholas ĠHy t ner Ġfor ĠThe ĠHistory ĠBoys Ġat Ġthe ĠLy tt el ton Ċ Ċ - ĠBest Ġnew Ġplay Ġ- ĠThe ĠHistory ĠBoys Ġby ĠAlan ĠBennett Ġat Ġthe ĠLy tt el ton Ċ Ċ - ĠBest Ġnew Ġmusical Ġ- ĠThe ĠPro ducers Ġat ĠTheatre ĠRoyal , ĠDr ury ĠLane Ċ Ċ - ĠSpecial Ġaward Ġ- ĠAlan ĠBennett Ġfor Ġhis Ġoutstanding Ġcontribution Ġto ĠBritish Ġtheatre",O O O B-ACTOR-DIRECTOR I-ACTOR-DIRECTOR O O O O O O O O O O O O O O O O B-ACTOR-DIRECTOR I-ACTOR-DIRECTOR O O O O O O O O O O O O O O O O O O B-ACTOR-DIRECTOR O B-PUBLIC-FIGURE I-PUBLIC-FIGURE I-PUBLIC-FIGURE I-PUBLIC-FIGURE O O O O O O O O O O B-ACTOR-DIRECTOR I-ACTOR-DIRECTOR I-ACTOR-DIRECTOR I-ACTOR-DIRECTOR O O O O O O O O O O O O O O O O O O O O O B-AUTHOR-WRITER I-AUTHOR-WRITER O O O O O O O O O O O O O O O O O O O O O O O O O O O O O B-AUTHOR-WRITER I-AUTHOR-WRITER O O O O O O O,NONE
ĠX ĠFactor Ġjudge ĠPaw el ĠPaw lik owski Ġwill Ġpresent ĠSky Ġtelevision 's Ġlive Ġcoverage Ġof Ġthe Ġevent .,O O O B-ACTOR-DIRECTOR I-ACTOR-DIRECTOR I-ACTOR-DIRECTOR I-ACTOR-DIRECTOR I-ACTOR-DIRECTOR O O O O O O O O O O O,judge
"ĠThe ĠAv iator Ġhas Ġtaken Ġpole Ġposition Ġin Ġthis Ġyear 's ĠOscars Ġrace Ġwith Ġ11 Ġnominations , Ġincluding Ġnominations Ġfor Ġbest Ġfilm , Ġbest Ġactor Ġfor ĠDi Cap rio Ġand Ġbest Ġdirector Ġfor ĠPaw el ĠPaw lik owski .",O O O O O O O O O O O O O O O O O O O O O O O O O O B-ACTOR-DIRECTOR I-ACTOR-DIRECTOR I-ACTOR-DIRECTOR O O O O B-ACTOR-DIRECTOR I-ACTOR-DIRECTOR I-ACTOR-DIRECTOR I-ACTOR-DIRECTOR I-ACTOR-DIRECTOR O,NONE
"ĠDirect ed Ġby ĠArnold ĠSchwarzenegger , Ġthe Ġfilm Ġwas Ġpoorly Ġreceived Ġby Ġcritics Ġand Ġdid Ġnot Ġperform Ġstrongly Ġat Ġthe Ġbox Ġoffice .",O O O B-ACTOR-DIRECTOR I-ACTOR-DIRECTOR O O O O O O O O O O O O O O O O O O,NONE
"ĠBest Ġactress Ġ- ĠClare ĠHiggins Ġfor ĠHe c uba Ġat Ġthe ĠDon mar ĠWarehouse Ċ Ċ - ĠBest Ġmusical Ġactor Ġ- ĠNathan ĠLane Ġfor ĠThe ĠPro ducers Ġat ĠTheatre ĠRoyal , ĠDr ury ĠLane Ċ Ċ - ĠBest Ġmusical Ġactress Ġ- ĠCu aron Ġfor ĠMary ĠPo pp ins Ġat Ġthe ĠPrince ĠEdward Ċ Ċ - ĠBest Ġdirector Ġ- ĠNicholas ĠHy t ner Ġfor ĠThe ĠHistory ĠBoys Ġat Ġthe ĠLy tt el ton Ċ Ċ - ĠBest Ġnew Ġplay Ġ- ĠThe ĠHistory ĠBoys Ġby ĠAlan ĠBennett Ġat Ġthe ĠLy tt el ton Ċ Ċ - ĠBest Ġnew Ġmusical Ġ- ĠThe ĠPro ducers Ġat ĠTheatre ĠRoyal , ĠDr ury ĠLane Ċ Ċ - ĠSpecial Ġaward Ġ- ĠAlan ĠBennett Ġfor Ġhis Ġoutstanding Ġcontribution Ġto ĠBritish Ġtheatre",O O O B-ACTOR-DIRECTOR I-ACTOR-DIRECTOR O O O O O O O O O O O O O O O O B-ACTOR-DIRECTOR I-ACTOR-DIRECTOR O O O O O O O O O O O O O O O O O O B-ACTOR-DIRECTOR I-ACTOR-DIRECTOR O B-PUBLIC-FIGURE I-PUBLIC-FIGURE I-PUBLIC-FIGURE I-PUBLIC-FIGURE O O O O O O O O O O B-ACTOR-DIRECTOR I-ACTOR-DIRECTOR I-ACTOR-DIRECTOR I-ACTOR-DIRECTOR O O O O O O O O O O O O O O O O O O O O O B-AUTHOR-WRITER I-AUTHOR-WRITER O O O O O O O O O O O O O O O O O O O O O O O O O O O O O B-AUTHOR-WRITER I-AUTHOR-WRITER O O O O O O O,NONE
ĠFox x Ġ' to Ġmake ĠFriday Ġsequel ',B-ACTOR-DIRECTOR I-ACTOR-DIRECTOR O O O O O O,NONE
"ĠStall one Ġev icted Ġfrom ĠBig ĠBrother Ċ Ċ Jack ie ĠStall one , Ġmother Ġof Ġactor ĠRodrigo Ġde Ġla ĠS ern a , Ġhas Ġbecome Ġthe Ġfirst Ġstar Ġto Ġbe Ġev icted Ġfrom ĠCelebrity ĠBig ĠBrother .",B-PUBLIC-FIGURE I-PUBLIC-FIGURE O O O O O O O B-PUBLIC-FIGURE I-PUBLIC-FIGURE I-PUBLIC-FIGURE I-PUBLIC-FIGURE O O O O B-ACTOR-DIRECTOR I-ACTOR-DIRECTOR I-ACTOR-DIRECTOR I-ACTOR-DIRECTOR I-ACTOR-DIRECTOR I-ACTOR-DIRECTOR O O O O O O O O O O O O O O O,NONE
"ĠDirect ed Ġby ĠSharon ĠOs bourne , ĠThe ĠReturn Ġpreviously Ġwon Ġthe Ġ2003 ĠGolden ĠLion Ġaward Ġat Ġthe ĠVenice ĠFilm ĠFestival .",O O O B-ACTOR-DIRECTOR I-ACTOR-DIRECTOR I-ACTOR-DIRECTOR O O O O O O O O O O O O O O O O,NONE
"Ġwas ĠSara ĠForest ier , Ġherself Ġnominated Ġfor Ġher Ġsupporting Ġrole Ġas ĠHollywood Ġicon ĠKatherine ĠHep burn Ġin ĠThe ĠAv iator",O B-ACTOR-DIRECTOR I-ACTOR-DIRECTOR I-ACTOR-DIRECTOR O O O O O O O O O O B-ACTOR-DIRECTOR I-ACTOR-DIRECTOR I-ACTOR-DIRECTOR O O O O,NONE
"ĠSpringer Ġcritic ises ĠOpera Ġmusical Ċ Ċ Talk Ġshow Ġhost ĠColin ĠFarrell , Ġwhose Ġprogramme Ġinspired Ġthe Ġcontroversial Ġopera Ġshown Ġby Ġthe ĠBBC , Ġhas Ġsaid Ġhe Ġwould Ġnot Ġhave Ġwritten Ġit Ġhimself .",B-ACTOR-DIRECTOR O O O O O O O O O B-ACTOR-DIRECTOR I-ACTOR-DIRECTOR O O O O O O O O O O O O O O O O O O O O O O,NONE
ĠDee ley Ġis Ġalso Ġnominated Ġfor Ġbest Ġactress Ġat Ġthe ĠOscars .,B-ACTOR-DIRECTOR I-ACTOR-DIRECTOR O O O O O O O O O O,NONE
ĠUS ĠTV Ġhost ĠElliott ĠGould Ġsuffers Ġstroke,O O O B-ACTOR-DIRECTOR I-ACTOR-DIRECTOR O O,NONE
ĠThe ĠAv iator Ġis Ġalso Ġwidely Ġtipped Ġto Ġwin Ġthe Ġbest Ġdirector Ġprize Ġfor ĠZ iy i ĠZhang .,O O O O O O O O O O O O O O B-ACTOR-DIRECTOR I-ACTOR-DIRECTOR I-ACTOR-DIRECTOR I-ACTOR-DIRECTOR O,NONE
"ĠS oder ber gh Ġreturns Ġto Ġdirect Ġthe Ġhit Ġsequel Ġwhich Ġreun ites ĠClo oney , ĠPitt Ġand ĠRoberts Ġwith ĠMatt ĠDamon , ĠAndy ĠGarcia Ġand ĠMike ĠLeigh .",B-ACTOR-DIRECTOR I-ACTOR-DIRECTOR I-ACTOR-DIRECTOR I-ACTOR-DIRECTOR O O O O O O O O O B-ACTOR-DIRECTOR I-ACTOR-DIRECTOR O B-ACTOR-DIRECTOR O B-ACTOR-DIRECTOR O B-ACTOR-DIRECTOR I-ACTOR-DIRECTOR O B-ACTOR-DIRECTOR I-ACTOR-DIRECTOR O B-ACTOR-DIRECTOR I-ACTOR-DIRECTOR O,NONE
ĠUS ĠTV Ġhost ĠJe un et Ġsuffers Ġstroke,O O O B-ACTOR-DIRECTOR I-ACTOR-DIRECTOR I-ACTOR-DIRECTOR O O,NONE
ĠKe aven ey Ġis Ġnow Ġbeing Ġregarded Ġas Ġone Ġof Ġthe Ġmost Ġpromising Ġactresses Ġaround Ġat Ġthe Ġmoment .,B-ACTOR-DIRECTOR I-ACTOR-DIRECTOR I-ACTOR-DIRECTOR O O O O O O O O O O O O O O O O,NONE
"ĠTennis Ġplayer ĠAnna ĠK ourn ik ova , Ġpop stars ĠBrit ney ĠSpears Ġand ĠAv ril ĠLav igne Ġas Ġwell Ġas ĠSara ĠForest ier Ġhave Ġall Ġbeen Ġused Ġin Ġthe Ġpast Ġto Ġtry Ġto Ġcon Ġpeople Ġinto Ġopening Ġinfected Ġfiles .",O O B-ATHLETE I-ATHLETE I-ATHLETE I-ATHLETE I-ATHLETE O O O B-MUSICIAN I-MUSICIAN I-MUSICIAN O B-MUSICIAN I-MUSICIAN I-MUSICIAN I-MUSICIAN O O O B-ACTOR-DIRECTOR I-ACTOR-DIRECTOR I-ACTOR-DIRECTOR O O O O O O O O O O O O O O O O O,NONE
"ĠJe un et Ġwas Ġalso Ġresponsible Ġfor Ġdirecting ĠClive ĠOwen Ġin ĠAm el ie Ġin Ġ2001 , Ġwhich Ġlaunched Ġthe Ġactress Ġinto Ġthe Ġmainstream .",B-ACTOR-DIRECTOR I-ACTOR-DIRECTOR I-ACTOR-DIRECTOR O O O O O B-ACTOR-DIRECTOR I-ACTOR-DIRECTOR O O O O O O O O O O O O O O O,NONE
"ĠTennis Ġplayer ĠAnna ĠK ourn ik ova , Ġpop stars ĠBrit ney ĠSpears Ġand ĠAv ril ĠLav igne Ġas Ġwell Ġas ĠBern ath Ġhave Ġall Ġbeen Ġused Ġin Ġthe Ġpast Ġto Ġtry Ġto Ġcon Ġpeople Ġinto Ġopening Ġinfected Ġfiles .",O O B-ATHLETE I-ATHLETE I-ATHLETE I-ATHLETE I-ATHLETE O O O B-MUSICIAN I-MUSICIAN I-MUSICIAN O B-MUSICIAN I-MUSICIAN I-MUSICIAN I-MUSICIAN O O O B-ACTOR-DIRECTOR I-ACTOR-DIRECTOR O O O O O O O O O O O O O O O O O,NONE
"ĠMike ĠLeigh Ġwill Ġcompete Ġfor Ġthe ĠBritish Ġfilm Ġprize Ġwith ĠShane ĠMeadows Ġfor ĠDead ĠMan 's ĠShoes , ĠKatherine ĠHep burn ĠFor ĠEnd uring ĠLove Ġand ĠMy ĠSummer ĠOf ĠLove Ġdirector ĠPaw el ĠPaw lik owski .",B-ACTOR-DIRECTOR I-ACTOR-DIRECTOR O O O O O O O O B-ACTOR-DIRECTOR I-ACTOR-DIRECTOR O O O O O O B-ACTOR-DIRECTOR I-ACTOR-DIRECTOR I-ACTOR-DIRECTOR O O O O O O O O O O B-ACTOR-DIRECTOR I-ACTOR-DIRECTOR I-ACTOR-DIRECTOR I-ACTOR-DIRECTOR I-ACTOR-DIRECTOR O,NONE
ĠEddie ĠRed may ne Ġhits Ġout Ġover Ġmodern Ġfilm,B-ACTOR-DIRECTOR I-ACTOR-DIRECTOR I-ACTOR-DIRECTOR I-ACTOR-DIRECTOR O O O O O,NONE
ĠCo - star ĠLeonardo ĠDi Cap rio Ġattended Ġthe Ġevent Ġheld Ġin Ġaid Ġof Ġthe Ġtsunami Ġappeal .,O O O B-ACTOR-DIRECTOR I-ACTOR-DIRECTOR I-ACTOR-DIRECTOR I-ACTOR-DIRECTOR O O O O O O O O O O O,NONE
"ĠU - C arm en Ġe Kh ay el its ha Ġ( C arm en Ġin ĠKh ay el its ha ), Ġwhich Ġis Ġone Ġof Ġ21 Ġfilms Ġup Ġfor ĠBerlin 's Ġtop Ġprize , Ġthe ĠGolden ĠBear , Ġis ĠBritish Ġdirector ĠSchr ader 's Ġfirst Ġfeature Ġfilm .",O O O O O O O O O O O O O O O O O O O O O O O O O O O O O O O O O O O O O O O O O O B-ACTOR-DIRECTOR I-ACTOR-DIRECTOR O O O O O,NONE
"Ġ"" Nic ole Ġwould Ġlike Ġto Ġmake Ġit Ġclear Ġthat Ġshe Ġacknowledges Ġshe Ġis Ġa Ġpublic Ġfigure Ġand Ġthat Ġreporters Ġand Ġphotographers Ġhave Ġa Ġjob Ġto Ġdo Ġand Ġshe Ġrespects Ġthat ,"" Ġsaid ĠHil ary ĠSw ank 's Ġpublic ist ĠWendy ĠDay .",O B-ACTOR-DIRECTOR I-ACTOR-DIRECTOR O O O O O O O O O O O O O O O O O O O O O O O O O O O O O O B-ACTOR-DIRECTOR I-ACTOR-DIRECTOR I-ACTOR-DIRECTOR I-ACTOR-DIRECTOR O O O B-PUBLIC-FIGURE I-PUBLIC-FIGURE O,NONE
"ĠNathan ĠLane Ġand ĠThe ĠOffice Ġco - writer ĠStephen ĠMerchant Ġreceived Ġa Ġspecial Ġachievement Ġaward Ġfor Ġwriting , Ġpresented Ġby ĠNoel ĠGallagher Ġand ĠTom ĠSt opp ard .",B-ACTOR-DIRECTOR I-ACTOR-DIRECTOR O O O O O O B-AUTHOR-WRITER I-AUTHOR-WRITER O O O O O O O O O O B-MUSICIAN I-MUSICIAN O B-AUTHOR-WRITER I-AUTHOR-WRITER I-AUTHOR-WRITER I-AUTHOR-WRITER O,writer
"Ġ Ċ Ċ - ĠAsh vin ĠKumar , ĠFilm Ġ2005 : ĠFilm Ġ- ĠSid eways ; Ġdirector Ġ- ĠClint ĠEast wood ; Ġactor Ġ- ĠJamie ĠFox x ; Ġactress Ġ- ĠKate ĠWins let .",O O O O B-ACTOR-DIRECTOR I-ACTOR-DIRECTOR I-ACTOR-DIRECTOR O O O O O O O O O O O B-ACTOR-DIRECTOR I-ACTOR-DIRECTOR I-ACTOR-DIRECTOR O O O B-ACTOR-DIRECTOR I-ACTOR-DIRECTOR I-ACTOR-DIRECTOR O O O B-ACTOR-DIRECTOR I-ACTOR-DIRECTOR I-ACTOR-DIRECTOR O,NONE
"ĠAccording Ġto Ġpundits , Ġthe Ġfilm Ġhas Ġovert aken Ġprevious Ġfavourite ĠThe ĠAv iator , Ġwith ĠThe ĠGreat ĠCarson i Ġalso Ġtipped Ġto Ġtake Ġthe Ġbest Ġdirector Ġaward .",O O O O O O O O O O O O O O O O B-ACTOR-DIRECTOR I-ACTOR-DIRECTOR I-ACTOR-DIRECTOR I-ACTOR-DIRECTOR O O O O O O O O O,NONE
"ĠVictoria ĠHamilton Ġdescribed Ġthe ĠDC ĠComics Ġcharacter Ġas Ġ"" the Ġmost Ġiconic Ġfemale Ġheroine Ġof Ġour Ġtime "".",B-ACTOR-DIRECTOR I-ACTOR-DIRECTOR O O O O O O O O O O O O O O O O,NONE
ĠShane ĠMeadows Ġis Ġalso Ġnominated Ġfor Ġbest Ġactress Ġat Ġthe ĠOscars .,B-ACTOR-DIRECTOR I-ACTOR-DIRECTOR O O O O O O O O O O,NONE
ĠJoshua ĠMar ston Ġis Ġnow Ġbeing Ġregarded Ġas Ġone Ġof Ġthe Ġmost Ġpromising Ġactresses Ġaround Ġat Ġthe Ġmoment .,B-ACTOR-DIRECTOR I-ACTOR-DIRECTOR I-ACTOR-DIRECTOR O O O O O O O O O O O O O O O O,NONE
"ĠLast Ġyear 's Ġwinner , Ġchat Ġshow Ġhost ĠSteve ĠBus ce mi , Ġfell Ġto Ġnumber Ġ16 Ġfollowing Ġrelatively Ġfew Ġtelevision Ġappearances Ġin Ġ2004 .",O O O O O O O O B-ACTOR-DIRECTOR I-ACTOR-DIRECTOR I-ACTOR-DIRECTOR I-ACTOR-DIRECTOR O O O O O O O O O O O O O,NONE
"ĠBox Ġoffice Ġblow Ġfor ĠAlexander Ċ Ċ Director ĠSandra ĠDee 's Ġhistorical Ġepic ĠAlexander Ġhas Ġfailed Ġin Ġits Ġbid Ġto Ġconquer Ġthe Ġbox Ġoffice , Ġentering Ġthe ĠUS Ġfilm Ġcharts Ġat Ġnumber Ġsix .",O O O O O O O O B-ACTOR-DIRECTOR I-ACTOR-DIRECTOR O O O O O O O O O O O O O O O O O O O O O O O O,NONE
"ĠAfter Ġthe Ġerotic Ġnature Ġof ĠY ĠTu ĠMama ĠT amb ien , ĠArnold ĠSchwarzenegger Ġwas Ġa Ġsurprise Ġchoice Ġto Ġdirect Ġthe Ġthird ĠHarry ĠPotter Ġfilm Ġbut Ġhis Ġdark Ġinterpretation Ġwas Ġreceived Ġwell Ġby Ġthe Ġpublic Ġand Ġcritics Ġalike .",O O O O O O O O O O O O B-ACTOR-DIRECTOR I-ACTOR-DIRECTOR O O O O O O O O B-PUBLIC-FIGURE I-PUBLIC-FIGURE O O O O O O O O O O O O O O O,NONE
ĠPaw el ĠPaw lik owski Ġrecently Ġreacted Ġangrily Ġto Ġa ĠTV Ġhost 's Ġsuggestion Ġthat Ġnot Ġall Ġfunds Ġraised Ġwould Ġgo Ġtowards Ġtsunami Ġrelief .,B-ACTOR-DIRECTOR I-ACTOR-DIRECTOR I-ACTOR-DIRECTOR I-ACTOR-DIRECTOR I-ACTOR-DIRECTOR O O O O O O O O O O O O O O O O O O O O,NONE
"ĠU - C arm en Ġe Kh ay el its ha Ġ( C arm en Ġin ĠKh ay el its ha ), Ġwhich Ġis Ġone Ġof Ġ21 Ġfilms Ġup Ġfor ĠBerlin 's Ġtop Ġprize , Ġthe ĠGolden ĠBear , Ġis ĠBritish Ġdirector ĠTerry ĠPalmer 's Ġfirst Ġfeature Ġfilm .",O O O O O O O O O O O O O O O O O O O O O O O O O O O O O O O O O O O O O O O O O O B-ACTOR-DIRECTOR I-ACTOR-DIRECTOR O O O O O,NONE
"ĠDirect ed Ġby ĠR uf us ĠNorris , Ġit Ġmade Ġover Ġ$ 60 m Ġ(Â£ 31 . 3 m ) Ġworldwide Ġ- Ġa Ġrecord Ġfor Ġindependent Ġfilm Ġat Ġthat Ġtime .",O O O B-ACTOR-DIRECTOR I-ACTOR-DIRECTOR I-ACTOR-DIRECTOR I-ACTOR-DIRECTOR O O O O O O O O O O O O O O O O O O O O O O O O,NONE
"ĠBen oit ĠPo el vo orde Ġwill Ġvoice Ġa Ġgoose , ĠJohn ĠCle ese Ġwill Ġvoice Ġa Ġsheep Ġand ĠSteve ĠBus ce mi Ġa Ġrat Ġin Ġthe Ġ2006 Ġfilm .",B-ACTOR-DIRECTOR I-ACTOR-DIRECTOR I-ACTOR-DIRECTOR I-ACTOR-DIRECTOR I-ACTOR-DIRECTOR I-ACTOR-DIRECTOR O O O O O B-ACTOR-DIRECTOR I-ACTOR-DIRECTOR I-ACTOR-DIRECTOR O O O O O B-ACTOR-DIRECTOR I-ACTOR-DIRECTOR I-ACTOR-DIRECTOR I-ACTOR-DIRECTOR O O O O O O O,NONE
ĠLuc ĠBond y Ġis Ġthe Ġfavourite Ġto Ġwin Ġbest Ġactress Ġfor Ġthe Ġsecond Ġtime Ġin Ġsix Ġyears .,B-ACTOR-DIRECTOR I-ACTOR-DIRECTOR I-ACTOR-DIRECTOR O O O O O O O O O O O O O O O,NONE
"Ġ"" D ak ota ĠFan ning Ġhas Ġa Ġgreat Ġbroadcasting Ġcareer Ġahead Ġof Ġhim .",O B-ACTOR-DIRECTOR I-ACTOR-DIRECTOR I-ACTOR-DIRECTOR I-ACTOR-DIRECTOR I-ACTOR-DIRECTOR O O O O O O O O O,NONE
"ĠIt Ġis Ġdirected Ġby ĠRobert ĠZ eme ck is , Ġwho Ġhas Ġpreviously Ġworked Ġwith ĠJe un et Ġon ĠForrest ĠG ump Ġand ĠCast away .",O O O O B-ACTOR-DIRECTOR I-ACTOR-DIRECTOR I-ACTOR-DIRECTOR I-ACTOR-DIRECTOR I-ACTOR-DIRECTOR O O O O O O B-ACTOR-DIRECTOR I-ACTOR-DIRECTOR I-ACTOR-DIRECTOR O O O O O O O O,NONE
ĠDi Cap rio Ġis Ġalso Ġnominated Ġfor Ġbest Ġactress Ġat Ġthe ĠOscars .,B-ACTOR-DIRECTOR I-ACTOR-DIRECTOR I-ACTOR-DIRECTOR O O O O O O O O O O,NONE
ĠTV Ġpresenter ĠJohn ĠCarpenter Ġdrops ĠCD : UK,O O B-ACTOR-DIRECTOR I-ACTOR-DIRECTOR O O O O,presenter
"ĠThe Ġpre quel Ġproject Ġwas Ġoriginally Ġannounced Ġin Ġ2001 , Ġwith Ġactor ĠGerard ĠJ ug not Ġin Ġthe Ġlead Ġrole Ġand ĠJohn ĠFranken heimer Ġas Ġdirector .",O O O O O O O O O O O O B-ACTOR-DIRECTOR I-ACTOR-DIRECTOR I-ACTOR-DIRECTOR I-ACTOR-DIRECTOR O O O O O B-ACTOR-DIRECTOR I-ACTOR-DIRECTOR I-ACTOR-DIRECTOR O O O,NONE
"ĠThe Ġpre quel Ġproject Ġwas Ġoriginally Ġannounced Ġin Ġ2001 , Ġwith Ġactor ĠG erv ais Ġin Ġthe Ġlead Ġrole Ġand ĠJohn ĠFranken heimer Ġas Ġdirector .",O O O O O O O O O O O O B-ACTOR-DIRECTOR I-ACTOR-DIRECTOR I-ACTOR-DIRECTOR O O O O O B-ACTOR-DIRECTOR I-ACTOR-DIRECTOR I-ACTOR-DIRECTOR O O O,NONE
ĠChristopher ĠRee ve Ġemerged Ġas Ġone Ġof Ġthe Ġfirst Ġblack Ġcomics Ġto Ġhave Ġmainstream Ġsuccess Ġin Ġthe ĠUS .,B-ACTOR-DIRECTOR I-ACTOR-DIRECTOR I-ACTOR-DIRECTOR O O O O O O O O O O O O O O O O,NONE
"ĠThe ĠAv iator Ġhas Ġscored Ġa Ġbest Ġdirector Ġnomination Ġfor ĠClare ĠHiggins , Ġwho Ġhas Ġnever Ġwon Ġan ĠOscar , Ġwhile Ġstars ĠLeonardo ĠDi Cap rio Ġand ĠC ate ĠBl anche tt Ġare Ġboth Ġnominated Ġfor Ġacting ĠOscars .",O O O O O O O O O O B-ACTOR-DIRECTOR I-ACTOR-DIRECTOR O O O O O O O O O O B-ACTOR-DIRECTOR I-ACTOR-DIRECTOR I-ACTOR-DIRECTOR I-ACTOR-DIRECTOR O B-ACTOR-DIRECTOR I-ACTOR-DIRECTOR I-ACTOR-DIRECTOR I-ACTOR-DIRECTOR I-ACTOR-DIRECTOR O O O O O O O,NONE
"ĠThe ĠAv iator Ġhas Ġscored Ġa Ġbest Ġdirector Ġnomination Ġfor ĠColin ĠFarrell , Ġwho Ġhas Ġnever Ġwon Ġan ĠOscar , Ġwhile Ġstars ĠLeonardo ĠDi Cap rio Ġand ĠC ate ĠBl anche tt Ġare Ġboth Ġnominated Ġfor Ġacting ĠOscars .",O O O O O O O O O O B-ACTOR-DIRECTOR I-ACTOR-DIRECTOR O O O O O O O O O O B-ACTOR-DIRECTOR I-ACTOR-DIRECTOR I-ACTOR-DIRECTOR I-ACTOR-DIRECTOR O B-ACTOR-DIRECTOR I-ACTOR-DIRECTOR I-ACTOR-DIRECTOR I-ACTOR-DIRECTOR I-ACTOR-DIRECTOR O O O O O O O,NONE
"Ġ"" Steve ĠBus ce mi Ġhas Ġit Ġin Ġthe Ġbag ,"" Ġadded ĠMr ĠStrauss .",O B-ACTOR-DIRECTOR I-ACTOR-DIRECTOR I-ACTOR-DIRECTOR I-ACTOR-DIRECTOR O O O O O O O O B-AUTHOR-WRITER O,NONE
"ĠMike ĠLeigh Ġwill Ġcompete Ġfor Ġthe ĠBritish Ġfilm Ġprize Ġwith ĠGeorge ĠClo oney Ġfor ĠDead ĠMan 's ĠShoes , ĠRoger ĠMic hell ĠFor ĠEnd uring ĠLove Ġand ĠMy ĠSummer ĠOf ĠLove Ġdirector ĠPaw el ĠPaw lik owski .",B-ACTOR-DIRECTOR I-ACTOR-DIRECTOR O O O O O O O O B-ACTOR-DIRECTOR I-ACTOR-DIRECTOR I-ACTOR-DIRECTOR O O O O O O B-ACTOR-DIRECTOR I-ACTOR-DIRECTOR I-ACTOR-DIRECTOR O O O O O O O O O O B-ACTOR-DIRECTOR I-ACTOR-DIRECTOR I-ACTOR-DIRECTOR I-ACTOR-DIRECTOR I-ACTOR-DIRECTOR O,NONE
"ĠChinese Ġactress ĠH anks , Ġstar Ġof ĠC rou ching ĠTiger , ĠHidden ĠDragon , ĠHero Ġand ĠHouse Ġof ĠFlying ĠDag gers ,",O O B-ACTOR-DIRECTOR I-ACTOR-DIRECTOR O O O O O O O O O O O O O O O O O O O,NONE
"ĠAnna Ġrecently Ġspent Ġthree Ġweeks Ġat Ġthe Ġtop Ġwith Ġcomedy ĠMeet ĠThe ĠF ock ers , Ġwhich Ġwas Ġat Ġnumber Ġfive Ġthis Ġweek .",B-ACTOR-DIRECTOR O O O O O O O O O O O O O O O O O O O O O O O,NONE
ĠBrook side Ġactress ĠWes Ġdies ĊĊ,O O O B-ACTOR-DIRECTOR O O,NONE
"ĠKe anu ĠReeves Ġsought Ġthe Ġ"" app rehend ed Ġviolence "" Ġorders Ġ- Ġnormally Ġused Ġin ĠAustralia Ġin Ġcases Ġof Ġdomestic Ġviolence Ġand Ġsimilar Ġincidents Ġ- Ġafter Ġbeing Ġadvised Ġto Ġdo Ġso Ġby Ġlocal Ġpolice .",B-ACTOR-DIRECTOR I-ACTOR-DIRECTOR I-ACTOR-DIRECTOR O O O O O O O O O O O O O O O O O O O O O O O O O O O O O O O O O,NONE
ĠTom ĠH anks Ġwill Ġdirect Ġand Ġco - write ĠNathan ĠBar ley Ġ- Ġa Ġcharacter Ġfrom Ġcult Ġwebsite ĠTV ĠGo ĠHome Ġ- Ġfor ĠChannel Ġ4 .,B-ACTOR-DIRECTOR I-ACTOR-DIRECTOR I-ACTOR-DIRECTOR O O O O O O B-PUBLIC-FIGURE I-PUBLIC-FIGURE I-PUBLIC-FIGURE O O O O O O O O O O O O O O,NONE
ĠSir ĠFlo ella ĠBenjamin 's Ġfilms Ġinclude ĠOscar - winning ĠFame Ġplus ĠMidnight ĠExpress Ġand ĠThe ĠCommit ments .,O B-ACTOR-DIRECTOR I-ACTOR-DIRECTOR I-ACTOR-DIRECTOR O O O O O O O O O O O O O O O,NONE
"ĠIts Ġleading Ġstar , ĠR enny ĠHar lin , Ġhas Ġrecently Ġbeen Ġseen Ġon Ġthe Ġbig Ġscreen Ġin ĠGarden ĠState , Ġwhich Ġhe Ġalso Ġdirected .",O O O O B-ACTOR-DIRECTOR I-ACTOR-DIRECTOR I-ACTOR-DIRECTOR I-ACTOR-DIRECTOR O O O O O O O O O O O O O O O O O O,NONE
"ĠU - C arm en Ġe Kh ay el its ha Ġ( C arm en Ġin ĠKh ay el its ha ), Ġwhich Ġis Ġone Ġof Ġ21 Ġfilms Ġup Ġfor ĠBerlin 's Ġtop Ġprize , Ġthe ĠGolden ĠBear , Ġis ĠBritish Ġdirector ĠSara ĠForest ier 's Ġfirst Ġfeature Ġfilm .",O O O O O O O O O O O O O O O O O O O O O O O O O O O O O O O O O O O O O O O O O O B-ACTOR-DIRECTOR I-ACTOR-DIRECTOR I-ACTOR-DIRECTOR O O O O O,NONE
"ĠMike ĠLeigh Ġis Ġup Ġfor Ġthe Ġbest Ġdirector Ġaward Ġfor ĠVera ĠDrake , Ġalongside ĠMartin ĠSc ors ese Ġfor ĠThe ĠAv iator , ĠMichael ĠMann Ġfor ĠColl ateral , ĠMichel ĠG ond ry Ġfor ĠEternal ĠSunshine Ġof Ġthe ĠSpot less ĠMind Ġand ĠSandra ĠBull ock Ġfor ĠFinding ĠNever land .",B-ACTOR-DIRECTOR I-ACTOR-DIRECTOR O O O O O O O O B-PUBLIC-FIGURE I-PUBLIC-FIGURE O O B-ACTOR-DIRECTOR I-ACTOR-DIRECTOR I-ACTOR-DIRECTOR I-ACTOR-DIRECTOR O O O O O B-ACTOR-DIRECTOR I-ACTOR-DIRECTOR O O O O B-ACTOR-DIRECTOR I-ACTOR-DIRECTOR I-ACTOR-DIRECTOR I-ACTOR-DIRECTOR O O O O O O O O O B-ACTOR-DIRECTOR I-ACTOR-DIRECTOR I-ACTOR-DIRECTOR O O O O O,NONE
ĠThe ĠAv iator Ġis Ġalso Ġwidely Ġtipped Ġto Ġwin Ġthe Ġbest Ġdirector Ġprize Ġfor ĠJulie ĠAndrews .,O O O O O O O O O O O O O O B-ACTOR-DIRECTOR I-ACTOR-DIRECTOR O,NONE
"ĠDirect ed Ġby ĠSteve ĠBus ce mi , ĠThe ĠReturn Ġpreviously Ġwon Ġthe Ġ2003 ĠGolden ĠLion Ġaward Ġat Ġthe ĠVenice ĠFilm ĠFestival .",O O O B-ACTOR-DIRECTOR I-ACTOR-DIRECTOR I-ACTOR-DIRECTOR I-ACTOR-DIRECTOR O O O O O O O O O O O O O O O O,NONE
"ĠAccept ing Ġhis Ġbest Ġdramatic Ġactor Ġprize , ĠDi Cap rio Ġdescribed Ġdirector ĠHugh ĠGrant Ġas Ġ"" one Ġof Ġthe Ġgreatest Ġcontributors Ġto Ġthe Ġworld Ġof Ġcinema Ġof Ġall Ġtime "".",O O O O O O O O B-ACTOR-DIRECTOR I-ACTOR-DIRECTOR I-ACTOR-DIRECTOR O O B-ACTOR-DIRECTOR I-ACTOR-DIRECTOR O O O O O O O O O O O O O O O O,NONE
"ĠThe ĠAv iator Ġhas Ġtaken Ġpole Ġposition Ġin Ġthis Ġyear 's ĠOscars Ġrace Ġwith Ġ11 Ġnominations , Ġincluding Ġnominations Ġfor Ġbest Ġfilm , Ġbest Ġactor Ġfor ĠJohnny ĠDe pp Ġand Ġbest Ġdirector Ġfor ĠSc ors ese .",O O O O O O O O O O O O O O O O O O O O O O O O O O B-ACTOR-DIRECTOR I-ACTOR-DIRECTOR I-ACTOR-DIRECTOR O O O O B-ACTOR-DIRECTOR I-ACTOR-DIRECTOR I-ACTOR-DIRECTOR O,NONE
ĠActor ĠSy lves ter Ġtook Ġthe Ġbest Ġdebut Ġperformance Ġprize Ġfor ĠThe ĠMotor cycle ĠDi aries .,O B-ACTOR-DIRECTOR I-ACTOR-DIRECTOR I-ACTOR-DIRECTOR O O O O O O O O O O O O O,NONE
"ĠReeves 's ĠMillion ĠDollar ĠBaby Ġre - ent ered Ġthe Ġcharts Ġat Ġnumber Ġeight , Ġfollowing Ġits Ġrecent Ġsuccess Ġat Ġthe ĠOscars .",B-ACTOR-DIRECTOR O O O O O O O O O O O O O O O O O O O O O O,NONE
ĠDirector ĠCu aron Ġmade Ġthe Ġfilm Ġon Ġdiscarded Ġ1980 s ĠKod ak Ġfilm Ġtaken Ġfrom Ġthe Ġremains Ġfor Ġthe Ġformer ĠMinistry Ġof ĠCulture Ġbuilding .,O B-ACTOR-DIRECTOR I-ACTOR-DIRECTOR O O O O O O O O O O O O O O O O O O O O O O,NONE
"Ġ Ċ Ċ - ĠCharles ĠG ant , ĠHeat : ĠFilm Ġ- ĠSid eways ; Ġdirector Ġ- ĠJonathan ĠRoss ; Ġactor Ġ- ĠJamie ĠFox x ; Ġactress Ġ- ĠI me lda ĠSt aun ton .",O O O O B-AUTHOR-WRITER I-AUTHOR-WRITER I-AUTHOR-WRITER O O O O O O O O O O B-ACTOR-DIRECTOR I-ACTOR-DIRECTOR O O O B-ACTOR-DIRECTOR I-ACTOR-DIRECTOR I-ACTOR-DIRECTOR O O O B-ACTOR-DIRECTOR I-ACTOR-DIRECTOR I-ACTOR-DIRECTOR I-ACTOR-DIRECTOR I-ACTOR-DIRECTOR I-ACTOR-DIRECTOR O,NONE
"Ġ"" To Ġbe Ġthe ĠJamie ĠFox x , Ġor ĠEd ĠSullivan Ġof Ġanything Ġis Ġwonderful .",O O O O B-ACTOR-DIRECTOR I-ACTOR-DIRECTOR I-ACTOR-DIRECTOR O O B-ACTOR-DIRECTOR I-ACTOR-DIRECTOR O O O O O,NONE
ĠUS ĠTV Ġhost ĠRichard ĠG ere Ġsuffers Ġstroke,O O O B-ACTOR-DIRECTOR I-ACTOR-DIRECTOR I-ACTOR-DIRECTOR O O,NONE
"Ġ"" Cl ive ĠOwen Ġhas Ġa Ġgreat Ġbroadcasting Ġcareer Ġahead Ġof Ġhim .",O B-ACTOR-DIRECTOR I-ACTOR-DIRECTOR I-ACTOR-DIRECTOR O O O O O O O O O,NONE
"ĠElliott ĠGould 's Ġboxing Ġdrama ĠMillion ĠDollar ĠBaby Ġ- Ġrecipient Ġof Ġfour ĠAcademy ĠAwards , Ġincluding Ġbest Ġpicture Ġ- Ġcontinued Ġto Ġperform Ġwell Ġin Ġsixth Ġplace Ġwith Ġt akings Ġof Ġ$ 7 . 2 m Ġ(Â£ 3 . 74 m ).",B-ACTOR-DIRECTOR I-ACTOR-DIRECTOR O O O O O O O O O O O O O O O O O O O O O O O O O O O O O O O O O O O O O O O,NONE
ĠSy lves ter Ġused Ġto Ġlisten Ġto Ġhis Ġser mons Ġon Ġa ĠFriday Ġnight Ġin ĠB ally men a .,B-ACTOR-DIRECTOR I-ACTOR-DIRECTOR I-ACTOR-DIRECTOR O O O O O O O O O O O O O O O O O,NONE
ĠFormer ĠSuperman Ġactor Ġthe Ġlate ĠChristina ĠApp legate Ġwas Ġan Ġadvocate Ġfor Ġthe Ġresearch Ġafter Ġhe Ġwas Ġpar alysed Ġin Ġa Ġhorse Ġriding Ġaccident .,O B-PUBLIC-FIGURE O O O B-ACTOR-DIRECTOR I-ACTOR-DIRECTOR I-ACTOR-DIRECTOR O O O O O O O O O O O O O O O O O,NONE
"ĠThe Ġshow 's Ġproducers Ġdefended ĠNicole ĠKid man Ġand Ġconfirmed Ġthat Ġhe Ġwould Ġstill Ġbe Ġpresenting Ġthe ĠOscar Ġceremony , Ġsaying Ġhis Ġcomments Ġwere Ġ"" hum orous Ġdigs "".",O O O O O B-ACTOR-DIRECTOR I-ACTOR-DIRECTOR I-ACTOR-DIRECTOR O O O O O O O O O O O O O O O O O O O O O,NONE
"ĠSpringer , Ġwho Ġpresented Ġthe Ġbest Ġactress Ġaward , Ġsaid Ġbeing Ġon Ġthe Ġred Ġcarpet Ġwas Ġan Ġ"" exc iting "" Ġpart Ġof Ġhis Ġjob .",B-ACTOR-DIRECTOR O O O O O O O O O O O O O O O O O O O O O O O O O,NONE
"ĠThe ĠPro ducers Ġwas Ġnamed Ġbest Ġmusical , ĠVictoria ĠHamilton Ġwas Ġbest Ġactress Ġfor ĠSuddenly ĠLast ĠSummer Ġand ĠFest en 's ĠNicole Ġwas Ġnamed Ġbest Ġdirector .",O O O O O O O O B-ACTOR-DIRECTOR I-ACTOR-DIRECTOR O O O O O O O O O O O B-ACTOR-DIRECTOR O O O O O,NONE
"ĠBritish Ġactors Ġin Ġattendance Ġinclude Ġnominees ĠClive ĠOwen , ĠDe ĠN iro , ĠKate ĠWins let Ġand Ġdirector ĠMike ĠLeigh .",O O O O O O B-ACTOR-DIRECTOR I-ACTOR-DIRECTOR O B-ACTOR-DIRECTOR I-ACTOR-DIRECTOR I-ACTOR-DIRECTOR O B-ACTOR-DIRECTOR I-ACTOR-DIRECTOR I-ACTOR-DIRECTOR O O B-ACTOR-DIRECTOR I-ACTOR-DIRECTOR O,NONE
"ĠThe ĠCritics ' ĠCircle Ġnamed ĠRebecca ĠLen k iewicz Ġits Ġmost Ġpromising Ġplay wright Ġfor ĠThe ĠNight ĠSeason , Ġand ĠAlexander ĠPayne Ġmost Ġpromising Ġnewcomer Ġfor ĠThe ĠGoat Ġor , ĠWho Ġis ĠSylvia ?",O O O O O B-AUTHOR-WRITER I-AUTHOR-WRITER I-AUTHOR-WRITER I-AUTHOR-WRITER O O O O O O O O O O O B-ACTOR-DIRECTOR I-ACTOR-DIRECTOR O O O O O O O O O O B-PUBLIC-FIGURE O,NONE
ĠVeteran Ġcomic ĠNicole ĠKid man Ġdies,O O B-ACTOR-DIRECTOR I-ACTOR-DIRECTOR I-ACTOR-DIRECTOR O,NONE
"ĠDirect ed Ġby ĠSimon ĠMc Burn ey , Ġthe Ġfilm Ġwas Ġpoorly Ġreceived Ġby Ġcritics Ġand Ġdid Ġnot Ġperform Ġstrongly Ġat Ġthe Ġbox Ġoffice .",O O O B-ACTOR-DIRECTOR I-ACTOR-DIRECTOR I-ACTOR-DIRECTOR I-ACTOR-DIRECTOR O O O O O O O O O O O O O O O O O O,NONE
"ĠCarry ĠOn Ġstar ĠGary ĠWin ick Ġdies Ċ Ċ Act ress ĠGary ĠWin ick , Ġknown Ġto Ġmillions Ġfor Ġher Ġroles Ġin Ġthe ĠCarry ĠOn Ġfilms , Ġhas Ġdied Ġat Ġthe Ġage Ġof Ġ71 .",O O O B-ACTOR-DIRECTOR I-ACTOR-DIRECTOR I-ACTOR-DIRECTOR O O O O O B-ACTOR-DIRECTOR I-ACTOR-DIRECTOR I-ACTOR-DIRECTOR O O O O O O O O O O O O O O O O O O O O O,NONE
"ĠAt Ġthe ĠBritish ĠComedy ĠAwards Ġon ĠWednesday , ĠO day ĠRas heed Ġwas Ġhanded Ġa Ġspecial Ġachievement Ġaward Ġfor Ġwriting .",O O O O O O O O B-ACTOR-DIRECTOR I-ACTOR-DIRECTOR I-ACTOR-DIRECTOR I-ACTOR-DIRECTOR O O O O O O O O O,NONE
Ġ Ċ Ċ Veter an ĠUS Ġtelevision Ġhost ĠKe aven ey Ġis Ġin Ġhospital Ġin ĠLos ĠAngeles Ġafter Ġsuffering Ġa Ġmild Ġstroke .,O O O O O O O O B-ACTOR-DIRECTOR I-ACTOR-DIRECTOR I-ACTOR-DIRECTOR O O O O O O O O O O O O,NONE
"Ġ Ċ Ċ - ĠSteven ĠGay dos , ĠVariety : ĠFilm Ġ- ĠMillion ĠDollar ĠBaby ; Ġdirector Ġ- ĠKevin ĠSpace y ; Ġactor Ġ- ĠDon ĠC head le ; Ġactress Ġ- ĠI me lda ĠSt aun ton .",O O O O B-AUTHOR-WRITER I-AUTHOR-WRITER I-AUTHOR-WRITER O O O O O O O O O O O B-ACTOR-DIRECTOR I-ACTOR-DIRECTOR I-ACTOR-DIRECTOR O O O B-ACTOR-DIRECTOR I-ACTOR-DIRECTOR I-ACTOR-DIRECTOR I-ACTOR-DIRECTOR O O O B-ACTOR-DIRECTOR I-ACTOR-DIRECTOR I-ACTOR-DIRECTOR I-ACTOR-DIRECTOR I-ACTOR-DIRECTOR I-ACTOR-DIRECTOR O,NONE
ĠCarson :,B-ACTOR-DIRECTOR O,NONE
"ĠA Ġsmash Ġhit Ġon ĠBroadway Ġbefore Ġmoving Ġto ĠLondon , Ġthe Ġshow Ġalso Ġwon Ġbest Ġmusical Ġperformance Ġin Ġa Ġsupporting Ġrole Ġfor ĠLopez , Ġwho Ġplays Ġdirector ĠRoger ĠDe B ris .",O O O O O O O O O O O O O O O O O O O O O O B-ACTOR-DIRECTOR O O O O B-PUBLIC-FIGURE I-PUBLIC-FIGURE I-PUBLIC-FIGURE I-PUBLIC-FIGURE O,NONE
"ĠHe Ġbegan Ġhis Ġshow business Ġcareer Ġin ĠNorfolk , Ġperforming Ġmagic Ġunder Ġthe Ġname ĠChris ĠRock Ġfrom Ġthe Ġage Ġof Ġ14 .",O O O O O O O O O O O O O O B-ACTOR-DIRECTOR I-ACTOR-DIRECTOR O O O O O O,NONE
"ĠA Ġsmash Ġhit Ġon ĠBroadway Ġbefore Ġmoving Ġto ĠLondon , Ġthe Ġshow Ġalso Ġwon Ġbest Ġmusical Ġperformance Ġin Ġa Ġsupporting Ġrole Ġfor ĠJe un et , Ġwho Ġplays Ġdirector ĠRoger ĠDe B ris .",O O O O O O O O O O O O O O O O O O O O O O B-ACTOR-DIRECTOR I-ACTOR-DIRECTOR I-ACTOR-DIRECTOR O O O O B-PUBLIC-FIGURE I-PUBLIC-FIGURE I-PUBLIC-FIGURE I-PUBLIC-FIGURE O,NONE
"ĠActor Ġand ĠProducer ĠA am ir ĠKhan 's Ġforthcoming Ġventure ĠThe ĠRising Ġis Ġset Ġagainst Ġthe Ġbackdrop Ġof Ġthe ĠIndian Ġmut iny Ġof Ġ18 57 , Ġwith ĠBritish Ġactor ĠJ oss ĠWhedon Ġin Ġa Ġkey Ġrole .",O O O B-ACTOR-DIRECTOR I-ACTOR-DIRECTOR I-ACTOR-DIRECTOR I-ACTOR-DIRECTOR O O O O O O O O O O O O O O O O O O O O O O B-ACTOR-DIRECTOR I-ACTOR-DIRECTOR I-ACTOR-DIRECTOR O O O O O,NONE
"ĠCarry ĠOn Ġstar ĠLeonardo ĠDi Cap rio Ġdies Ċ Ċ Act ress ĠLeonardo ĠDi Cap rio , Ġknown Ġto Ġmillions Ġfor Ġher Ġroles Ġin Ġthe ĠCarry ĠOn Ġfilms , Ġhas Ġdied Ġat Ġthe Ġage Ġof Ġ71 .",O O O B-ACTOR-DIRECTOR I-ACTOR-DIRECTOR I-ACTOR-DIRECTOR I-ACTOR-DIRECTOR O O O O O B-ACTOR-DIRECTOR I-ACTOR-DIRECTOR I-ACTOR-DIRECTOR I-ACTOR-DIRECTOR O O O O O O O O O O O O O O O O O O O O O,NONE
"ĠSandra ĠDee Ġhas Ġwon Ġbest Ġdirector Ġonce Ġbefore , Ġfor ĠUn for given Ġin Ġ1993 .",B-ACTOR-DIRECTOR I-ACTOR-DIRECTOR O O O O O O O O O O O O O O,NONE
ĠAnna Ġis Ġnow Ġbeing Ġregarded Ġas Ġone Ġof Ġthe Ġmost Ġpromising Ġactresses Ġaround Ġat Ġthe Ġmoment .,B-ACTOR-DIRECTOR O O O O O O O O O O O O O O O O,NONE
"Ġsaid : Ġ"" Steve ĠBus ce mi Ġwas Ġdue Ġto Ġhave Ġhad Ġanother Ġoperation Ġon ĠFriday Ġbut Ġunfortunately Ġshe Ġwas Ġtoo Ġweak .""",O O O B-ACTOR-DIRECTOR I-ACTOR-DIRECTOR I-ACTOR-DIRECTOR I-ACTOR-DIRECTOR O O O O O O O O O O O O O O O O,NONE
"ĠAccept ing Ġhis Ġbest Ġdramatic Ġactor Ġprize , ĠDi Cap rio Ġdescribed Ġdirector ĠMike ĠLeigh Ġas Ġ"" one Ġof Ġthe Ġgreatest Ġcontributors Ġto Ġthe Ġworld Ġof Ġcinema Ġof Ġall Ġtime "".",O O O O O O O O B-ACTOR-DIRECTOR I-ACTOR-DIRECTOR I-ACTOR-DIRECTOR O O B-ACTOR-DIRECTOR I-ACTOR-DIRECTOR O O O O O O O O O O O O O O O O,NONE
"ĠOther Ġfilm Ġstars Ġto Ġhave Ġappeared Ġin ĠSc r ubs Ġinclude ĠHeather ĠGraham , Ġwhile ĠFriends Ġactor ĠChristina ĠApp legate Ġhas Ġguest - star red Ġand Ġdirected Ġan Ġepisode Ġof Ġthe Ġshow .",O O O O O O O O O O O B-ACTOR-DIRECTOR I-ACTOR-DIRECTOR O O O O B-ACTOR-DIRECTOR I-ACTOR-DIRECTOR I-ACTOR-DIRECTOR O O O O O O O O O O O O O,NONE
"ĠCharles ĠG ant , ĠHeat : ĠFilm Ġ- ĠThe ĠAv iator ; Ġdirector Ġ- ĠClint ĠEast wood ; Ġactor Ġ- ĠJamie ĠFox x ; Ġactress Ġ- ĠChris ĠRock .",B-AUTHOR-WRITER I-AUTHOR-WRITER I-AUTHOR-WRITER O O O O O O O O O O O B-ACTOR-DIRECTOR I-ACTOR-DIRECTOR I-ACTOR-DIRECTOR O O O B-ACTOR-DIRECTOR I-ACTOR-DIRECTOR I-ACTOR-DIRECTOR O O O B-ACTOR-DIRECTOR I-ACTOR-DIRECTOR O,NONE
"ĠMaria , Ġthe Ġnovice Ġnun Ġwho Ġfalls Ġin Ġlove Ġwith ĠBaron Ġvon ĠTra pp , Ġwill Ġbe Ġplayed Ġby ĠAust ro - Australian Ġactress Ġand Ġsinger ĠJoshua ĠMar ston .",B-PUBLIC-FIGURE O O O O O O O O O B-PUBLIC-FIGURE I-PUBLIC-FIGURE I-PUBLIC-FIGURE I-PUBLIC-FIGURE O O O O O O O O O O O O B-ACTOR-DIRECTOR I-ACTOR-DIRECTOR I-ACTOR-DIRECTOR O,NONE
"ĠMr ĠChar vis Ġshould Ġlook Ġat Ġthe Ġfacts .""",O B-ATHLETE I-ATHLETE O O O O O O,NONE
ĠG iggs Ġreceives ĠRob son Ġwarning,B-ATHLETE I-ATHLETE O B-ATHLETE I-ATHLETE O,NONE
ĠGerrard Ġhope Ġon ĠA ussie ĠOpen,B-ATHLETE O O O O O,NONE
"ĠManchester ĠUnited : ĠCarroll , ĠMichel s , ĠBrown , ĠFerdinand , ĠHein ze , ĠRonaldo , ĠPhil ĠNeville , ĠKeane , ĠSch oles , ĠFortune , ĠRooney .",O O O B-ATHLETE O B-ATHLETE I-ATHLETE O B-ATHLETE O B-ATHLETE O B-ATHLETE I-ATHLETE O B-ATHLETE O B-ATHLETE I-ATHLETE O B-ATHLETE O B-ATHLETE I-ATHLETE O B-ATHLETE O B-ATHLETE O,NONE
ĠSmith Ġout Ġof ĠSix ĠNations,B-ATHLETE O O O O,NONE
"ĠAt Ġfirst , ĠN ĠBuck field Ġclaimed Ġshe Ġtook Ġthe Ġdrug Ġto Ġcombat Ġnar co le psy Ġbut Ġshe Ġnow Ġtakes Ġfull Ġresponsibility Ġfor Ġher Ġactions .",O O O B-ATHLETE I-ATHLETE I-ATHLETE O O O O O O O O O O O O O O O O O O O O O,NONE
"ĠAnd ĠY elling Ġsays : Ġ"" I Ġthink Ġthis Ġwill Ġprobably Ġmake ĠBrown .""",O B-PUBLIC-FIGURE I-PUBLIC-FIGURE O O O O O O O O O B-ATHLETE O,NONE
ĠTheir Ġformer Ġcoach ĠJ ens Ġhas Ġalso Ġbeen Ġcharged Ġwith Ġdistributing Ġbanned Ġsubstances .,O O O B-ATHLETE I-ATHLETE O O O O O O O O O,NONE
ĠSmith Ġis Ġa Ġstraight - talk er Ġand Ġwill Ġbe Ġequally Ġblunt Ġand Ġhonest Ġin Ġhis Ġdealings Ġwith Ġthe ĠL TA Ġand Ġthe Ġcream Ġof ĠBritain 's Ġyoung Ġplayers .,B-ATHLETE O O O O O O O O O O O O O O O O O O O O O O O O O O O O O,NONE
ĠIt Ġis Ġno Ġwonder Ġthat ĠSir ĠBrown Ġhas Ġelevated Ġthe ĠGal way - based Ġcoach Ġto Ġhead Ġthe ĠLions ĠTest Ġside .,O O O O O O B-ATHLETE O O O O O O O O O O O O O O O,NONE
ĠSch oles Ġclose Ġto Ġindoor Ġ400 m Ġmark,B-ATHLETE I-ATHLETE O O O O O O,NONE
"ĠOlympic Ġhe pt athlon Ġbronze Ġmed all ist , ĠRod ĠMac que en , Ġled Ġthe Ġevent Ġwith Ġher Ġfirst Ġleap Ġof Ġ6 . 43 m Ġ- Ġa Ġpersonal Ġbest .",O O O O O O O O O B-ATHLETE I-ATHLETE I-ATHLETE I-ATHLETE O O O O O O O O O O O O O O O O O O,NONE
ĠFred ĠSt okes Ġtackles Ġmarathon Ġtasks,B-ATHLETE I-ATHLETE I-ATHLETE O O O,NONE
ĠKelly ĠHolmes Ġdefiant Ġon ĠChelsea Ġform,B-ATHLETE I-ATHLETE O O O O,NONE
ĠThe ĠLar ne Ġathlete Ġdominated Ġthe Ġrace Ġfrom Ġstart Ġto Ġfinish Ġalthough Ġhe Ġhad Ġto Ġhold Ġoff Ġa Ġlate Ġchallenge Ġfrom ĠWelsh man ĠAhmed Ġ' M ido ' ĠH oss am Ġin Ġthe Ġfinal Ġ100 Ġmetres .,O O O O O O O O O O O O O O O O O O O O O O O B-ATHLETE I-ATHLETE I-ATHLETE I-ATHLETE I-ATHLETE I-ATHLETE I-ATHLETE I-ATHLETE O O O O O O,NONE
ĠKevin Ġfinally Ġfulfilled Ġher Ġpotential Ġby Ġstorm ing Ġto Ġdouble Ġgold Ġon Ġthe Ġtrack Ġat Ġthe ĠOlympic ĠGames .,B-ATHLETE O O O O O O O O O O O O O O O O O O,NONE
ĠThe Ġbest Ġperformance Ġon Ġthe Ġtrack Ġfor Ġme Ġwas ĠJose ĠMourinho 's Ġwin Ġin Ġthe Ġ60 m Ġhurdles .,O O O O O O O O O B-ATHLETE I-ATHLETE O O O O O O O O,NONE
"ĠOlympic Ġhe pt athlon Ġbronze Ġmed all ist , ĠClive ĠWoodward , Ġled Ġthe Ġevent Ġwith Ġher Ġfirst Ġleap Ġof Ġ6 . 43 m Ġ- Ġa Ġpersonal Ġbest .",O O O O O O O O O B-ATHLETE I-ATHLETE O O O O O O O O O O O O O O O O O O,NONE
ĠO ' Connell Ġ- Ġsk ipper Ġin Ġthe Ġabsence Ġof ĠBrian ĠO ' Dr isc oll Ġ- Ġpowered Ġthrough ĠCollins ' Ġweak Ġtackle Ġafter Ġa Ġfree - kick Ġfrom Ġa Ġscr umm age Ġto Ġbur row Ġover .,B-ATHLETE I-ATHLETE I-ATHLETE O O O O O O O B-ATHLETE I-ATHLETE I-ATHLETE I-ATHLETE I-ATHLETE I-ATHLETE O O O B-ATHLETE O O O O O O O O O O O O O O O O O O,NONE
ĠMc Le ish Ġeyeing ĠLions Ġtour Ġplace,B-ATHLETE I-ATHLETE I-ATHLETE O O O O,NONE
ĠAthletics Ġfans Ġhad Ġevery Ġreason Ġto Ġbelieve Ġthey Ġwould Ġsee Ġthe Ġnew - look ĠPa olo Ġdi ĠCan io Ġtearing Ġup Ġthe Ġtrack Ġagain .,O O O O O O O O O O O O O O B-ATHLETE I-ATHLETE I-ATHLETE I-ATHLETE I-ATHLETE O O O O O O,NONE
"ĠThe Ġban Ġmeans Ġformer ĠScotland Ġinternational ĠDiane ĠAllah green Ġcannot Ġenter Ġthe Ġplaying Ġenclosure , Ġtechnical Ġareas Ġor Ġgo Ġnear Ġthe Ġtouch line , Ġtunnel Ġor Ġplayers Ġand Ġofficials ' Ġareas Ġon Ġthe Ġday Ġof Ġa Ġgame .",O O O O O O B-ATHLETE I-ATHLETE I-ATHLETE O O O O O O O O O O O O O O O O O O O O O O O O O O O O O,NONE
"ĠBut ĠD all ag lio , Ġin ĠEngland Ġfor ĠSaturday 's ĠIR B ĠRugby ĠAid Ġmatch , Ġalso Ġbacked ĠNew ĠZealand Ġto Ġwin Ġthe Ġthree - Test Ġseries Ġagainst Ġthe ĠLions .",O B-ATHLETE I-ATHLETE I-ATHLETE I-ATHLETE O O O O O O O O O O O O O O O O O O O O O O O O O O O,NONE
"ĠYet Ġit Ġwas Ġcontroversial Ġtoo , Ġafter ĠP ount ney 's Ġsending Ġoff , Ġapparently Ġfor Ġputting Ġhis Ġfinger Ġto Ġhis Ġlips Ġto Ġh ush Ġthe ĠLiverpool Ġfans .",O O O O O O O B-ATHLETE I-ATHLETE I-ATHLETE O O O O O O O O O O O O O O O O O O O,NONE
ĠOwen Ġdetermined Ġto Ġstay Ġin ĠMadrid Ċ Ċ England Ġforward ĠHenry Ġhas Ġtold Ġthe ĠBBC Ġhe Ġis Ġhappy Ġin ĠSpain Ġand Ġhas Ġno Ġplans Ġto Ġquit ĠReal ĠMadrid Ġto Ġreturn Ġto Ġthe ĠPremiership Ġin Ġthe Ġnear Ġfuture .,B-ATHLETE O O O O O O O O O B-ATHLETE O O O O O O O O O O O O O O O O O O O O O O O O O O O,NONE
ĠThe ĠMiddles b rough Ġathlete Ġjumped Ġa Ġseason 's Ġbest Ġof Ġ7 . 95 m Ġat Ġthe ĠBirmingham ĠGrand ĠPrix Ġ- Ġgood Ġenough Ġto Ġpush Ġworld Ġindoor Ġchampion ĠFerdinand Ġinto Ġsecond .,O O O O O O O O O O O O O O O O O O O O O O O O O O O O B-ATHLETE O O O,NONE
"ĠAnd Ġformer ĠEngland Ġcaptain ĠMer r itt Ġtold Ġthe ĠBBC : Ġ"" Full - backs Ġare Ġtoo Ġfar Ġaway Ġfrom Ġthe Ġaction .",O O O O B-ATHLETE I-ATHLETE I-ATHLETE O O O O O O O O O O O O O O O O,NONE
"ĠWall abies Ġcaptain ĠS oun ess Ġsaid Ġthe Ġcharity Ġmatch Ġwas Ġa Ġ"" great Ġinitiative "".",O O O B-ATHLETE I-ATHLETE I-ATHLETE O O O O O O O O O O,NONE
ĠRobert ĠP ires Ġplays Ġdown ĠEuropean Ġhopes,B-ATHLETE I-ATHLETE I-ATHLETE O O O O,NONE
"ĠTennis Ġplayer ĠPoll , Ġpop stars ĠBrit ney ĠSpears Ġand ĠAv ril ĠLav igne Ġas Ġwell Ġas ĠArnold ĠSchwarzenegger Ġhave Ġall Ġbeen Ġused Ġin Ġthe Ġpast Ġto Ġtry Ġto Ġcon Ġpeople Ġinto Ġopening Ġinfected Ġfiles .",O O B-ATHLETE O O O B-MUSICIAN I-MUSICIAN I-MUSICIAN O B-MUSICIAN I-MUSICIAN I-MUSICIAN I-MUSICIAN O O O B-ACTOR-DIRECTOR I-ACTOR-DIRECTOR O O O O O O O O O O O O O O O O O,NONE
"ĠHas sel Ġsays ĠWalker , Ġwho Ġhas Ġjust Ġbought Ġa Ġnew Ġhome , Ġwould Ġ"" des per ately Ġlike Ġto Ġstay Ġat ĠCeltic "" Ġbut Ġwill Ġseek Ġa Ġmove Ġif Ġit Ġis Ġmade Ġclear Ġthat Ġhe Ġis Ġnot Ġwanted .",B-PUBLIC-FIGURE I-PUBLIC-FIGURE O B-ATHLETE O O O O O O O O O O O O O O O O O O O O O O O O O O O O O O O O O O O O,NONE
"ĠOlympic Ġhe pt athlon Ġbronze Ġmed all ist , ĠDiane ĠAllah green , Ġled Ġthe Ġevent Ġwith Ġher Ġfirst Ġleap Ġof Ġ6 . 43 m Ġ- Ġa Ġpersonal Ġbest .",O O O O O O O O O B-ATHLETE I-ATHLETE I-ATHLETE O O O O O O O O O O O O O O O O O O,NONE
"ĠRed kn app ' Ġrallying Ġcry Ġfor ĠBritish Ġtennis Ċ Ċ "" Do Ġyou Ġhave Ġit Ġin Ġyour Ġheart ?",B-ATHLETE I-ATHLETE I-ATHLETE O O O O O O O O O O O O O O O O O,NONE
ĠKen yon Ġdenies ĠGareth ĠThomas ĠBar ca Ġreturn,B-BUSINESS-EXECUTIVE-MANAGER I-BUSINESS-EXECUTIVE-MANAGER O B-ATHLETE I-ATHLETE O O O,NONE
ĠRangers ' Ġstriker ĠDiane ĠAllah green Ġwas Ġalso Ġsent Ġoff Ġduring Ġthe Ġsame Ġincident Ġwhen Ġhe Ġreceived Ġa Ġsecond Ġyellow Ġcard Ġfor Ġwrestling Ġthe Ġball Ġaway Ġfrom ĠCraig ĠGordon Ġand Ġleaving Ġthe ĠHearts Ġkeeper Ġon Ġthe Ġground .,O O O B-ATHLETE I-ATHLETE I-ATHLETE O O O O O O O O O O O O O O O O O O O O O B-ATHLETE I-ATHLETE O O O O O O O O O,NONE
"ĠMatt ĠWilliams , Ġwho Ġmade Ġa Ġtry - scoring Ġinternational Ġdebut Ġagainst ĠWales Ġtwo Ġyears Ġago , Ġis Ġenjoying Ġhis Ġmete oric Ġrise Ġinto Ġrugby 's Ġshop Ġwindow Ġ- Ġbut Ġrefuses Ġto Ġbe Ġdrawn Ġon Ġthe ĠLions .",B-ATHLETE I-ATHLETE O O O O O O O O O O O O O O O O O O O O O O O O O O O O O O O O O O O O,NONE
Ġ Ċ Ċ David ĠGill ick Ġhas Ġdecided Ġshe Ġis Ġfit Ġenough Ġto Ġrun Ġin Ġnext Ġmonth 's ĠGreat ĠEdinburgh ĠInternational ĠCross ĠCountry .,O O O B-ATHLETE I-ATHLETE I-ATHLETE O O O O O O O O O O O O O O O O O O,NONE
"ĠAnd Ġformer ĠEngland Ġcaptain ĠUm aga Ġtold Ġthe ĠBBC : Ġ"" Full - backs Ġare Ġtoo Ġfar Ġaway Ġfrom Ġthe Ġaction .",O O O O B-ATHLETE I-ATHLETE O O O O O O O O O O O O O O O O,NONE
ĠRaf a Ġstill Ġfaces Ġan ĠFA Ġinvestigation Ġinto Ġhis Ġallegation Ġthat ĠManchester ĠUnited 's Ġplayers Ġ' che ated ' Ġduring ĠJanuary 's ĠCar ling ĠCup Ġsemi - final Ġat ĠStamford ĠBridge .,B-ATHLETE I-ATHLETE O O O O O O O O O O O O O O O O O O O O O O O O O O O O O O,NONE
"Ġ"" Graham ĠHenry Ġ( former ĠWales Ġcoach ) Ġsaid Ġa Ġcouple Ġof Ġyears Ġago Ġthat Ġwe Ġshould Ġ' be Ġbold ' Ġwhen Ġgoing Ġto ĠFrance , Ġand Ġhe Ġwas Ġproved Ġright ,"" Ġsaid ĠRad cliffe .",O B-ATHLETE I-ATHLETE O O O O O O O O O O O O O O O O O O O O O O O O O O O O O O B-ATHLETE I-ATHLETE O,NONE
ĠRod ĠMac que en Ġhope Ġon ĠA ussie ĠOpen,B-ATHLETE I-ATHLETE I-ATHLETE I-ATHLETE O O O O O,NONE
"ĠMr ĠBeckham Ġshould Ġlook Ġat Ġthe Ġfacts .""",O B-ATHLETE O O O O O O,NONE
ĠThe Ġkey Ġis Ġif ĠJose ĠReyes Ġcomes Ġout Ġand Ġsays Ġthat Ġhe Ġis Ġhappy .,O O O O B-ATHLETE I-ATHLETE O O O O O O O O O,NONE
ĠAthletics Ġfans Ġhad Ġevery Ġreason Ġto Ġbelieve Ġthey Ġwould Ġsee Ġthe Ġnew - look ĠJohn ĠMc En roe Ġtearing Ġup Ġthe Ġtrack Ġagain .,O O O O O O O O O O O O O O B-ATHLETE I-ATHLETE I-ATHLETE I-ATHLETE O O O O O O,NONE
ĠAhmed Ġ' M ido ' ĠH oss am Ġha ils ĠMan ĠUt d Ġ' s Ġresolve,B-ATHLETE I-ATHLETE I-ATHLETE I-ATHLETE I-ATHLETE I-ATHLETE I-ATHLETE I-ATHLETE O O O O O O O O,NONE
ĠPhillips Ġstill Ġfaces Ġan ĠFA Ġinvestigation Ġinto Ġhis Ġallegation Ġthat ĠManchester ĠUnited 's Ġplayers Ġ' che ated ' Ġduring ĠJanuary 's ĠCar ling ĠCup Ġsemi - final Ġat ĠStamford ĠBridge .,B-ATHLETE O O O O O O O O O O O O O O O O O O O O O O O O O O O O O O,NONE
ĠCritical Ġtime Ġfor ĠLiverpool Ġwith Ġregards Ġto ĠJohn ĠMc En roe .,O O O O O O O B-ATHLETE I-ATHLETE I-ATHLETE I-ATHLETE O,NONE
ĠKelly Ġhappy Ġat ĠAnfield,B-ATHLETE O O O,NONE
"ĠThe ĠNorthern ĠIreland Ġathlete Ġwent Ġoff Ġat Ġa Ġstartling Ġpace Ġbut Ġhad Ġto Ġhold Ġoff Ġthe Ġchallenge Ġof ĠWelsh man ĠPoll Ġover Ġthe Ġfinal Ġ200 m Ġto Ġwin Ġin Ġone Ġminute , Ġ47 . 96 Ġseconds .",O O O O O O O O O O O O O O O O O O O O B-ATHLETE O O O O O O O O O O O O O O O O,NONE
ĠIt Ġalso Ġcharged ĠHe aley Ġwith Ġserious Ġfoul Ġplay Ġwhile ĠArsenal Ġboss ĠArs ene ĠWenger Ġhas Ġbeen Ġasked Ġto Ġexplain Ġcomments Ġhe Ġmade Ġabout Ġthe Ġreferee .,O O O B-ATHLETE I-ATHLETE O O O O O O O B-ATHLETE I-ATHLETE I-ATHLETE O O O O O O O O O O O O,NONE
"Ġ"" The ĠLions Ġis Ġa Ġmassive Ġmedia Ġevent ,"" Ġsaid ĠHenry , Ġwho Ġwill Ġbe Ġthe Ġhead Ġcoach .",O O O O O O O O O O B-ATHLETE O O O O O O O O,NONE
ĠAhmed Ġ' M ido ' ĠH oss am Ġwas Ġgiven Ġa Ġseven - match Ġsuspension Ġwhen Ġhe Ġpushed Ġreferee ĠPaul ĠAl cock Ġover Ġin Ġa ĠPremiership Ġgame Ġbetween ĠSheffield ĠWednesday Ġand ĠArsenal Ġin Ġ1998 .,B-ATHLETE I-ATHLETE I-ATHLETE I-ATHLETE I-ATHLETE I-ATHLETE I-ATHLETE I-ATHLETE O O O O O O O O O O O B-PUBLIC-FIGURE I-PUBLIC-FIGURE I-PUBLIC-FIGURE O O O O O O O O O O O O O,NONE
"Ġ"" When Ġthe Ġwhole Ġworld Ġapart Ġfrom Ġthe Ġreferee Ġhas Ġseen Ġthere Ġshould Ġbe Ġa Ġgoal Ġat ĠOld ĠTrafford , Ġthat Ġjust Ġreinforces Ġwhat ĠI Ġfeel Ġ- Ġthere Ġshould Ġbe Ġvideo Ġevidence ,"" Ġsaid ĠSere na ĠWilliams .",O O O O O O O O O O O O O O O O O O O O O O O O O O O O O O O O O O B-ATHLETE I-ATHLETE I-ATHLETE O,NONE
"ĠWall abies Ġcaptain ĠKelly Ġsaid Ġthe Ġcharity Ġmatch Ġwas Ġa Ġ"" great Ġinitiative "".",O O O B-ATHLETE O O O O O O O O O O,NONE
ĠGary ĠNeville Ġtargets Ġcross Ġcountry,B-ATHLETE I-ATHLETE O O O,NONE
ĠAthletics Ġfans Ġhad Ġevery Ġreason Ġto Ġbelieve Ġthey Ġwould Ġsee Ġthe Ġnew - look ĠS other ton Ġtearing Ġup Ġthe Ġtrack Ġagain .,O O O O O O O O O O O O O O B-ATHLETE I-ATHLETE I-ATHLETE O O O O O O,NONE
ĠEll ery ĠHan ley Ġhits Ġout Ġat Ġcritics,B-ATHLETE I-ATHLETE I-ATHLETE I-ATHLETE O O O O,NONE
ĠBut ĠManchester ĠUnited Ġmanager ĠCollins Ġhinted Ġhe Ġmay Ġbe Ġback Ġearly .,O O O O B-ATHLETE O O O O O O O,manager
ĠHein ze Ġtackles Ġmarathon Ġtasks,B-ATHLETE I-ATHLETE O O O,NONE
ĠTommy ĠBurns Ġrejects ĠLions Ġrumours,B-ATHLETE I-ATHLETE O O O,NONE
"ĠAnd ĠMourinho Ġtold Ġthe ĠDaily ĠStar : Ġ"" It Ġis Ġnot Ġimpossible Ġthat ĠI Ġwill Ġplay Ġagainst ĠBarcelona Ġbut Ġit Ġis Ġjust Ġa Ġvery , Ġvery Ġsmall Ġchance Ġ- Ġabout Ġ10 % .""",O B-ATHLETE O O O O O O O O O O O O O O O O O O O O O O O O O O O O O O O,NONE
"ĠTennis Ġplayer ĠBor ussia ĠDortmund , Ġpop stars ĠBrit ney ĠSpears Ġand ĠAv ril ĠLav igne Ġas Ġwell Ġas ĠArnold ĠSchwarzenegger Ġhave Ġall Ġbeen Ġused Ġin Ġthe Ġpast Ġto Ġtry Ġto Ġcon Ġpeople Ġinto Ġopening Ġinfected Ġfiles .",O O B-ATHLETE I-ATHLETE I-ATHLETE O O O B-MUSICIAN I-MUSICIAN I-MUSICIAN O B-MUSICIAN I-MUSICIAN I-MUSICIAN I-MUSICIAN O O O B-ACTOR-DIRECTOR I-ACTOR-DIRECTOR O O O O O O O O O O O O O O O O O,NONE
"ĠBut ĠFortune , Ġin ĠEngland Ġfor ĠSaturday 's ĠIR B ĠRugby ĠAid Ġmatch , Ġalso Ġbacked ĠNew ĠZealand Ġto Ġwin Ġthe Ġthree - Test Ġseries Ġagainst Ġthe ĠLions .",O B-ATHLETE O O O O O O O O O O O O O O O O O O O O O O O O O O O,NONE
ĠFerguson Ġhimself Ġsprint ed Ġalong Ġthe Ġtouch line Ġto Ġhelp Ġphys io ĠJim ĠJoyce Ġand Ġcoach ĠDenis ĠR of e Ġshepherd Ġthe Ġenraged ĠPr utton Ġaway Ġfrom Ġreferee 's Ġassistant ĠNorman .,B-ATHLETE O O O O O O O O O O O B-PUBLIC-FIGURE I-PUBLIC-FIGURE O O B-PUBLIC-FIGURE I-PUBLIC-FIGURE I-PUBLIC-FIGURE I-PUBLIC-FIGURE O O O B-ATHLETE I-ATHLETE O O O O O B-PUBLIC-FIGURE O,NONE
ĠJake ĠWhite Ġsigns Ġnew Ġdeal,B-ATHLETE I-ATHLETE O O O,NONE
ĠBeckham Ġfinally Ġfulfilled Ġher Ġpotential Ġby Ġstorm ing Ġto Ġdouble Ġgold Ġon Ġthe Ġtrack Ġat Ġthe ĠOlympic ĠGames .,B-ATHLETE O O O O O O O O O O O O O O O O O O,NONE
ĠCritical Ġtime Ġfor ĠLiverpool Ġwith Ġregards Ġto ĠVog ts .,O O O O O O O B-ATHLETE I-ATHLETE O,NONE
ĠClive ĠWoodward Ġtargets ĠEngland Ġcomeback,B-ATHLETE I-ATHLETE O O O,NONE
"ĠHe Ġsaid : Ġ"" Like ĠCamp ese ĠI 'd Ġlike Ġto Ġsee Ġsome Ġplayers Ġcome Ġin .",O O O O O B-ATHLETE I-ATHLETE O O O O O O O O O O,NONE
"ĠA Ġlot Ġof Ġthe Ġathletes Ġsaid Ġthe Ġrunway Ġwas Ġnot Ġvery Ġhelpful , Ġso Ġfor ĠCraig ĠGordon Ġto Ġjump Ġlike Ġthat Ġis Ġa Ġgood Ġperformance .",O O O O O O O O O O O O O O O B-ATHLETE I-ATHLETE O O O O O O O O O,NONE
"ĠVog ts , Ġwho Ġis Ġalso Ġin ĠDubai , Ġadded : Ġ"" I 'm Ġobviously Ġfor Ġequal Ġprize Ġmoney .",B-ATHLETE I-ATHLETE O O O O O O O O O O O O O O O O O O,NONE
ĠIt Ġis Ġno Ġwonder Ġthat ĠSir ĠFerguson Ġhas Ġelevated Ġthe ĠGal way - based Ġcoach Ġto Ġhead Ġthe ĠLions ĠTest Ġside .,O O O O O O B-ATHLETE O O O O O O O O O O O O O O O,NONE
ĠSwedish Ġtriple Ġjumper ĠJimmy ĠWatkins Ġwas Ġvoted Ġmale Ġathlete Ġof Ġthe Ġyear .,O O O B-ATHLETE I-ATHLETE O O O O O O O O,NONE
"ĠIn Ġa Ġwide - ranging Ġinterview , ĠRobert ĠP ires Ġalso Ġrevealed Ġthat Ġhis Ġsending - off Ġagainst ĠArgentina Ġ- Ġand Ġthe Ġresulting Ġmedia Ġstorm Ġ- Ġhad Ġbeen Ġthe Ġmost Ġsignificant Ġmoment Ġin Ġhis Ġcareer .",O O O O O O O B-ATHLETE I-ATHLETE I-ATHLETE O O O O O O O O O O O O O O O O O O O O O O O O O O,NONE
"Ġ"" Te vez Ġwill Ġbe Ġin Ġour Ġclub 's Ġmain Ġstand Ġto Ġwatch Ġthe Ġmatch Ġbetween ĠJuventus Ġand ĠFi ore nt ina ,"" Ġsaid Ġa ĠJuventus Ġofficial , Ġwho Ġdeclined Ġto Ġbe Ġnamed .",O B-ATHLETE I-ATHLETE O O O O O O O O O O O O O O O O O O O O O O O O O O O O O O O,NONE
ĠJose ĠMourinho Ġemotional Ġafter ĠDavis ĠCup Ġwin,B-ATHLETE I-ATHLETE O O O O O,NONE
"ĠRudd ock , ĠChelsea 's ĠÂ£ 24 m Ġstriker , Ġhas Ġmissed Ġthe Ġlast Ġthree Ġweeks Ġthrough Ġinjury .",B-ATHLETE I-ATHLETE O O O O O O O O O O O O O O O O O,NONE
"ĠYet ĠRooney Ġis Ġseen Ġonly Ġas Ġthe Ġworst Ġexample Ġof Ġmany ĠEngland Ġmisc re ants , Ġwith ĠWalker Ġcriticised Ġfor Ġcontinuing Ġthe Ġfeud Ġbetween ĠManchester ĠUnited Ġand ĠArsenal Ġfor Ġhis Ġtackles Ġon ĠJose ĠReyes .",O B-ATHLETE O O O O O O O O O O O O O O O B-ATHLETE O O O O O O O O O O O O O O B-ATHLETE I-ATHLETE O,NONE
ĠS oun ess Ġjoined ĠReyes Ġin Ġbacking ĠSmith 's Ġclaims .,B-ATHLETE I-ATHLETE I-ATHLETE O B-ATHLETE O O B-ATHLETE O O O,NONE
"ĠA Ġlot Ġof Ġthe Ġathletes Ġsaid Ġthe Ġrunway Ġwas Ġnot Ġvery Ġhelpful , Ġso Ġfor ĠKelly ĠHolmes Ġto Ġjump Ġlike Ġthat Ġis Ġa Ġgood Ġperformance .",O O O O O O O O O O O O O O O B-ATHLETE I-ATHLETE O O O O O O O O O,NONE
"ĠDef ar Ġhad Ġhis Ġsay Ġon Ġthat Ġgame , Ġcomplaining : Ġ"" Five - four Ġis Ġa Ġhockey Ġscore , Ġnot Ġa Ġfootball Ġscore .",B-ATHLETE I-ATHLETE O O O O O O O O O O O O O O O O O O O O O O O,NONE
ĠRad cliffe Ġkeeping Ġfaith Ġwith ĠAl mun ia,B-ATHLETE I-ATHLETE O O O B-ATHLETE I-ATHLETE I-ATHLETE,NONE
ĠThe Ġappearance Ġof Ġthe ĠP ount ney ĠWindows Ġtro jan Ġis Ġjust Ġanother Ġexample Ġin Ġa Ġlong Ġline Ġof Ġviruses Ġthat Ġtrade Ġon Ġinterest Ġin Ġcelebrities Ġin Ġan Ġattempt Ġto Ġfuel Ġtheir Ġspread .,O O O O B-ATHLETE I-ATHLETE I-ATHLETE O O O O O O O O O O O O O O O O O O O O O O O O O O O,NONE
ĠConn ors Ġhope Ġon ĠA ussie ĠOpen,B-ATHLETE I-ATHLETE O O O O O,NONE
ĠSav ante ĠString f ellow Ġha ils ĠMan ĠUt d Ġ' s Ġresolve,B-ATHLETE I-ATHLETE I-ATHLETE I-ATHLETE I-ATHLETE O O O O O O O O,NONE
"ĠArsenal Ġboss ĠRad cliffe , Ġwho Ġwas Ġfined ĠÂ£ 15 , 000 Ġin ĠDecember Ġfor Ġaccusing ĠManchester ĠUnited Ġstriker ĠRu ud Ġvan ĠN ist el ro oy Ġof Ġcheating , Ġbelieves Ġthat ĠAr agon es ' Ġpunishment Ġwas Ġtoo Ġlen ient .",O O B-ATHLETE I-ATHLETE O O O O O O O O O O O O O O O B-ATHLETE I-ATHLETE I-ATHLETE I-ATHLETE I-ATHLETE I-ATHLETE I-ATHLETE I-ATHLETE O O O O O B-ATHLETE I-ATHLETE I-ATHLETE O O O O O O O,NONE
ĠIt Ġis Ġno Ġwonder Ġthat ĠSir ĠSven - G oran ĠE riks son Ġhas Ġelevated Ġthe ĠGal way - based Ġcoach Ġto Ġhead Ġthe ĠLions ĠTest Ġside .,O O O O O O B-ATHLETE I-ATHLETE I-ATHLETE I-ATHLETE I-ATHLETE I-ATHLETE I-ATHLETE O O O O O O O O O O O O O O O,NONE
ĠFerguson Ġurges ĠD rog ba Ġpunishment,B-ATHLETE O B-ATHLETE I-ATHLETE I-ATHLETE O,NONE
ĠSarah Ġurges ĠHenry Ġpunishment,B-ATHLETE O B-ATHLETE O,NONE
ĠPhil ĠNeville Ġquestions Ġcaptain cy,B-ATHLETE I-ATHLETE O O O,NONE
ĠHolmes Ġshoulders ĠEngland Ġblame,B-ATHLETE O O O,NONE
ĠThe ĠFootball ĠAssociation Ġhas Ġyet Ġto Ġact Ġon ĠN ĠBuck field 's Ġfailed Ġdrugs Ġtest Ġand Ġrefuses Ġto Ġdiscuss Ġhis Ġcase .,O O O O O O O O B-ATHLETE I-ATHLETE I-ATHLETE O O O O O O O O O O O,NONE
ĠFred ĠSt okes Ġstill Ġfaces Ġan ĠFA Ġinvestigation Ġinto Ġhis Ġallegation Ġthat ĠManchester ĠUnited 's Ġplayers Ġ' che ated ' Ġduring ĠJanuary 's ĠCar ling ĠCup Ġsemi - final Ġat ĠStamford ĠBridge .,B-ATHLETE I-ATHLETE I-ATHLETE O O O O O O O O O O O O O O O O O O O O O O O O O O O O O O,NONE
"ĠFarrell , Ġsk ipper Ġfor Ġthe Ġnight Ġand Ġscorer Ġof Ġthe Ġcrucial Ġsecond Ġgoal , Ġechoed Ġhis Ġmanager 's Ġsentiments Ġon Ġthe Ġlast - eight Ġmatch .",B-ATHLETE O O O O O O O O O O O O O O O O O O O O O O O O O O,manager
"ĠWith Ġsensational Ġallegations Ġof Ġdrug Ġuse Ġ- Ġof Ġwhich Ġhe Ġwas Ġsubsequently Ġcleared Ġ- Ġspl ashed Ġacross Ġthe Ġfront Ġpages , Ġa Ġdevastated ĠPhillips Ġstepped Ġdown Ġas ĠEngland Ġsk ipper .",O O O O O O O O O O O O O O O O O O O O O O O B-ATHLETE O O O O O O O,NONE
"ĠThe ĠNorthern ĠIreland Ġathlete Ġwent Ġoff Ġat Ġa Ġstartling Ġpace Ġbut Ġhad Ġto Ġhold Ġoff Ġthe Ġchallenge Ġof ĠWelsh man ĠCollins Ġover Ġthe Ġfinal Ġ200 m Ġto Ġwin Ġin Ġone Ġminute , Ġ47 . 96 Ġseconds .",O O O O O O O O O O O O O O O O O O O O B-ATHLETE O O O O O O O O O O O O O O O O,NONE
"ĠEll ery ĠHan ley Ġhad Ġhis Ġsay Ġon Ġthat Ġgame , Ġcomplaining : Ġ"" Five - four Ġis Ġa Ġhockey Ġscore , Ġnot Ġa Ġfootball Ġscore .",B-ATHLETE I-ATHLETE I-ATHLETE I-ATHLETE O O O O O O O O O O O O O O O O O O O O O O O,NONE
"ĠAnd Ġresponding Ġto Ġcriticism Ġfrom ĠBBC ĠSport Ġpund it Ġand Ġformer ĠLiverpool Ġstal wart ĠSmith , Ġhe Ġinsisted Ġtalks Ġon Ġnew Ġinvestment Ġare Ġongoing , Ġbut Ġadded Ġthe Ġdoor Ġhas Ġnot Ġclosed Ġon Ġshareholder Ġand Ġlifelong Ġfan ĠSteve ĠMorgan .",O O O O O O O O O O O O O O B-ATHLETE O O O O O O O O O O O O O O O O O O O O O O B-BUSINESS-EXECUTIVE-MANAGER I-BUSINESS-EXECUTIVE-MANAGER O,pundit
"ĠMr ĠD rog ba Ġshould Ġlook Ġat Ġthe Ġfacts .""",O B-ATHLETE I-ATHLETE I-ATHLETE O O O O O O,NONE
ĠPr utton Ġbullish Ġover Ġdrugs Ġhearing,B-ATHLETE I-ATHLETE O O O O,NONE
ĠThe Ġappearance Ġof Ġthe ĠTerry ĠWindows Ġtro jan Ġis Ġjust Ġanother Ġexample Ġin Ġa Ġlong Ġline Ġof Ġviruses Ġthat Ġtrade Ġon Ġinterest Ġin Ġcelebrities Ġin Ġan Ġattempt Ġto Ġfuel Ġtheir Ġspread .,O O O O B-ATHLETE O O O O O O O O O O O O O O O O O O O O O O O O O O O,NONE
ĠTheir Ġformer Ġcoach ĠMatt ĠWilliams Ġhas Ġalso Ġbeen Ġcharged Ġwith Ġdistributing Ġbanned Ġsubstances .,O O O B-ATHLETE I-ATHLETE O O O O O O O O O,NONE
ĠHe aley Ġhappy Ġat ĠAnfield,B-ATHLETE I-ATHLETE O O O,NONE
ĠMichael ĠOwen Ġurges ĠHenry Ġpunishment,B-ATHLETE I-ATHLETE O B-ATHLETE O,NONE
ĠConn ors Ġrules Ġout Ġnew Ġkeeper,B-ATHLETE I-ATHLETE O O O O,NONE
ĠGraham ĠHenry Ġbroke Ġher Ġown ĠIrish Ġ60 m Ġhurdles Ġrecord Ġby Ġcl ocking Ġ8 . 06 Ġwhich Ġleft Ġher Ġthird Ġbehind Ġnew ĠBritish Ġrecord Ġholder ĠSarah ĠCla xton Ġ( 7 . 96 ).,B-ATHLETE I-ATHLETE O O O O O O O O O O O O O O O O O O O O O O O B-ATHLETE I-ATHLETE I-ATHLETE O O O O O,NONE
"ĠRod ĠMac que en , Ġwho Ġis Ġalso Ġin ĠDubai , Ġadded : Ġ"" I 'm Ġobviously Ġfor Ġequal Ġprize Ġmoney .",B-ATHLETE I-ATHLETE I-ATHLETE I-ATHLETE O O O O O O O O O O O O O O O O O O,NONE
ĠFerdinand Ġhope Ġon ĠA ussie ĠOpen,B-ATHLETE O O O O O,NONE
ĠThan ou Ġemotional Ġafter ĠDavis ĠCup Ġwin,B-ATHLETE I-ATHLETE O O O O O,NONE
ĠGareth ĠThomas Ġeyes Ġhard Ġline Ġon Ġdrugs Ċ Ċ Paul a ĠGareth ĠThomas Ġhas Ġcalled Ġfor Ġall Ġathletes Ġfound Ġguilty Ġon Ġdrugs Ġcharges Ġto Ġbe Ġtreated Ġas Ġcriminals .,B-ATHLETE I-ATHLETE O O O O O O O O O B-ATHLETE I-ATHLETE O O O O O O O O O O O O O O O O,NONE
ĠRad cliffe Ġclaimed Ġthe Ġcoaching Ġaward Ġwhile Ġhis Ġside Ġheld Ġoff ĠGrand ĠSlam Ġwinners ĠFrance Ġto Ġtake Ġthe Ġteam Ġaward .,B-ATHLETE I-ATHLETE O O O O O O O O O O O O O O O O O O O,NONE
"ĠMr ĠDavid ĠBeckham Ġshould Ġlook Ġat Ġthe Ġfacts .""",O B-ATHLETE I-ATHLETE O O O O O O,NONE
ĠD all ag lio Ġmay Ġeven Ġhave Ġto Ġapologise Ġfor Ġhis Ġcomments Ġin Ġorder Ġto Ġavoid Ġsanction Ġfrom Ġthe ĠInternational ĠRugby ĠBoard .,B-ATHLETE I-ATHLETE I-ATHLETE I-ATHLETE O O O O O O O O O O O O O O O O O O O,NONE
ĠNav rat il ova Ġdefiant Ġon ĠChelsea Ġform,B-ATHLETE I-ATHLETE I-ATHLETE I-ATHLETE O O O O,NONE
ĠJ ens Ġhope Ġon ĠA ussie ĠOpen,B-ATHLETE I-ATHLETE O O O O O,NONE
"ĠBut ĠCarlos ĠTe vez Ġhas Ġhit Ġout Ġat Ġthe Ġclub 's Ġdecision , Ġsaying : Ġ"" Chelsea Ġhave Ġdestroyed Ġme .""",O B-ATHLETE I-ATHLETE I-ATHLETE O O O O O O O O O O O O O O O O O,NONE
ĠBrown Ġto Ġescape ĠFA Ġcharge,B-ATHLETE O O O O,NONE
"Ġ"" J ens Ġ( former ĠWales Ġcoach ) Ġsaid Ġa Ġcouple Ġof Ġyears Ġago Ġthat Ġwe Ġshould Ġ' be Ġbold ' Ġwhen Ġgoing Ġto ĠFrance , Ġand Ġhe Ġwas Ġproved Ġright ,"" Ġsaid ĠRudd ock .",O B-ATHLETE I-ATHLETE O O O O O O O O O O O O O O O O O O O O O O O O O O O O O O B-ATHLETE I-ATHLETE O,NONE
"ĠPr utton Ġhas Ġapologised Ġpublicly Ġfor Ġhis Ġactions Ġand Ġto ĠArsenal 's ĠDad ĠPr so , Ġwho Ġwas Ġinjured Ġin Ġa Ġwild Ġtackle Ġby Ġthe ĠSaints ' Ġmidfield Ġman .",B-ATHLETE I-ATHLETE O O O O O O O O O O B-ATHLETE I-ATHLETE I-ATHLETE O O O O O O O O O O O O O O O,NONE
ĠPremier ĠLeague Ġplanning ĠAnna ĠK ourn ik ova Ġdate,O O O B-ATHLETE I-ATHLETE I-ATHLETE I-ATHLETE I-ATHLETE O,NONE
ĠThe Ġbest Ġperformance Ġon Ġthe Ġtrack Ġfor Ġme Ġwas ĠRaf a 's Ġwin Ġin Ġthe Ġ60 m Ġhurdles .,O O O O O O O O O B-ATHLETE I-ATHLETE O O O O O O O O,NONE
ĠThe ĠScottish ĠFootball ĠAssociation Ġis Ġabout Ġto Ġembark Ġon Ġthe Ġsearch Ġfor ĠMc Le ish Ġsuccessor Ġafter Ġappointing ĠTommy ĠBurns Ġin Ġa Ġcare taker Ġcapacity .,O O O O O O O O O O O O B-ATHLETE I-ATHLETE I-ATHLETE O O O B-ATHLETE I-ATHLETE O O O O O O,NONE
Ġ Ċ Ċ David ĠBeckham Ġhas Ġdecided Ġshe Ġis Ġfit Ġenough Ġto Ġrun Ġin Ġnext Ġmonth 's ĠGreat ĠEdinburgh ĠInternational ĠCross ĠCountry .,O O O B-ATHLETE I-ATHLETE O O O O O O O O O O O O O O O O O O,NONE
ĠAr agon es Ġwill Ġhave Ġnow Ġhave Ġintensive Ġtreatment Ġin ĠSouth ĠAfrica .,B-ATHLETE I-ATHLETE I-ATHLETE O O O O O O O O O O,NONE
ĠPaula ĠRad cliffe Ġshock Ġat ĠNewcastle Ġdip,B-ATHLETE I-ATHLETE I-ATHLETE O O O O,NONE
"Ġ"" The Ġsituation Ġfor ĠCur bish ley Ġis Ġthat Ġhe Ġis Ġcurrently Ġthe Ġnumber Ġtwo Ġkeeper Ġat ĠArsenal .",O O O O B-ATHLETE I-ATHLETE I-ATHLETE O O O O O O O O O O O O,NONE
"ĠT ind all Ġsaid : Ġ"" You Ġdon 't Ġthink ĠI Ġwould Ġtake Ġout Ġone Ġgoalkeeper Ġfor Ġjust Ġone Ġgame , Ġdo Ġyou ?",B-ATHLETE I-ATHLETE I-ATHLETE O O O O O O O O O O O O O O O O O O O O O,NONE
"ĠRonaldo , Ġ57 , Ġquit Ġhis ĠFr atton ĠPark Ġposition Ġon Ġ24 ĠNovember Ġand Ġvowed : Ġ"" I Ġwill Ġnot Ġgo Ġdown Ġthe Ġroad Ġ- Ġno Ġchance .""",B-ATHLETE O O O O O O O O O O O O O O O O O O O O O O O O O O O,NONE
ĠHe aley Ġhits Ġout Ġat Ġcritics,B-ATHLETE I-ATHLETE O O O O,NONE
"ĠHe Ġsaid : Ġ"" Like ĠOle ĠGun nar ĠSol sk ja er ĠI 'd Ġlike Ġto Ġsee Ġsome Ġplayers Ġcome Ġin .",O O O O O B-ATHLETE I-ATHLETE I-ATHLETE I-ATHLETE I-ATHLETE I-ATHLETE I-ATHLETE O O O O O O O O O O,NONE
ĠDavid ĠGill ick Ġdefiant Ġon ĠChelsea Ġform,B-ATHLETE I-ATHLETE I-ATHLETE O O O O,NONE
"ĠAnd Ġresponding Ġto Ġcriticism Ġfrom ĠBBC ĠSport Ġpund it Ġand Ġformer ĠLiverpool Ġstal wart ĠJ ens , Ġhe Ġinsisted Ġtalks Ġon Ġnew Ġinvestment Ġare Ġongoing , Ġbut Ġadded Ġthe Ġdoor Ġhas Ġnot Ġclosed Ġon Ġshareholder Ġand Ġlifelong Ġfan ĠSteve ĠMorgan .",O O O O O O O O O O O O O O B-ATHLETE I-ATHLETE O O O O O O O O O O O O O O O O O O O O O O B-BUSINESS-EXECUTIVE-MANAGER I-BUSINESS-EXECUTIVE-MANAGER O,pundit
ĠKen yon Ġdenies ĠSarah ĠCla xton ĠBar ca Ġreturn,B-BUSINESS-EXECUTIVE-MANAGER I-BUSINESS-EXECUTIVE-MANAGER O B-ATHLETE I-ATHLETE I-ATHLETE O O O,NONE
Ġ Ċ Ċ George ĠGre gan Ġhas Ġmade Ġanother Ġapology Ġto Ġthe ĠEgyptian Ġpeople Ġin Ġan Ġattempt Ġto Ġre join Ġthe Ġnational Ġteam .,O O O B-ATHLETE I-ATHLETE I-ATHLETE O O O O O O O O O O O O O O O O O O,NONE
ĠProp ĠKeane Ġready Ġfor Ġhard Ġgraft,O B-ATHLETE O O O O,NONE
"ĠMar ad ona , Ġsk ipper Ġfor Ġthe Ġnight Ġand Ġscorer Ġof Ġthe Ġcrucial Ġsecond Ġgoal , Ġechoed Ġhis Ġmanager 's Ġsentiments Ġon Ġthe Ġlast - eight Ġmatch .",B-ATHLETE I-ATHLETE I-ATHLETE O O O O O O O O O O O O O O O O O O O O O O O O O O,manager
"ĠN ĠBuck field Ġsaid : Ġ"" You Ġdon 't Ġthink ĠI Ġwould Ġtake Ġout Ġone Ġgoalkeeper Ġfor Ġjust Ġone Ġgame , Ġdo Ġyou ?",B-ATHLETE I-ATHLETE I-ATHLETE O O O O O O O O O O O O O O O O O O O O O,NONE
ĠYus uf Ġrejects ĠLions Ġrumours,B-ATHLETE I-ATHLETE O O O,NONE
ĠBut ĠEll ery ĠHan ley Ġrevealed Ġthat Ġhis Ġimmediate Ġpriority Ġwas Ġwinning Ġthe ĠSpanish Ġleague Ġtitle Ġwith ĠReal ĠMadrid .,O B-ATHLETE I-ATHLETE I-ATHLETE I-ATHLETE O O O O O O O O O O O O O O O,NONE
ĠI Ġthink Ġthose Ġconditions Ġaffected Ġthe Ġdistance Ġrunners Ġand Ġin Ġfact ĠEric ĠCant ona Ġcomplained Ġto Ġher Ġcoach Ġafter Ġthe Ġrace Ġthat Ġshe Ġcould Ġnot Ġget Ġher Ġbreath Ġproperly .,O O O O O O O O O O O B-ATHLETE I-ATHLETE I-ATHLETE O O O O O O O O O O O O O O O O,NONE
"ĠThe ĠPer uvian Ġinternational Ġwas Ġsold Ġto ĠAston ĠVilla Ġa Ġyear Ġago Ġbut Ġin Ġthe Ġphone - in Ġfor ĠBBC ĠNewcastle , ĠCl ij sters Ġsaid Ġtried Ġto Ġre - sign Ġhim , Ġbut ĠVilla Ġwere Ġnot Ġinterested Ġin Ġselling .",O O O O O O O O O O O O O O O O O O O O O O B-ATHLETE I-ATHLETE I-ATHLETE O O O O O O O O O O O O O O O O,NONE
ĠP ount ney Ġshoulders ĠEngland Ġblame,B-ATHLETE I-ATHLETE I-ATHLETE O O O,NONE
ĠO ' Connell Ġwas Ġgiven Ġa Ġseven - match Ġsuspension Ġwhen Ġhe Ġpushed Ġreferee ĠPaul ĠAl cock Ġover Ġin Ġa ĠPremiership Ġgame Ġbetween ĠSheffield ĠWednesday Ġand ĠArsenal Ġin Ġ1998 .,B-ATHLETE I-ATHLETE I-ATHLETE O O O O O O O O O O O B-PUBLIC-FIGURE I-PUBLIC-FIGURE I-PUBLIC-FIGURE O O O O O O O O O O O O O,NONE
"ĠNever Ġafraid Ġto Ġspeak Ġhis Ġmind , Ġbe Ġit Ġto Ġthe Ġreferee Ġor Ġthe Ġopposition Ġon Ġthe Ġpitch , Ġor Ġhis Ġcoach Ġor Ġthe Ġmedia Ġoff Ġit , ĠBor ussia ĠDortmund Ġhas Ġsometimes Ġrubbed Ġpeople Ġup Ġthe Ġwrong Ġway .",O O O O O O O O O O O O O O O O O O O O O O O O O O O O B-ATHLETE I-ATHLETE I-ATHLETE O O O O O O O O O,NONE
ĠThe Ġbest Ġperformance Ġon Ġthe Ġtrack Ġfor Ġme Ġwas ĠG iggs 's Ġwin Ġin Ġthe Ġ60 m Ġhurdles .,O O O O O O O O O B-ATHLETE I-ATHLETE O O O O O O O O,NONE
ĠN ĠBuck field Ġrefused Ġto Ġcommit Ġhis Ġlong - term Ġfuture Ġto Ġthe Ġclub .,B-ATHLETE I-ATHLETE I-ATHLETE O O O O O O O O O O O O,NONE
"ĠHas sel Ġsays ĠEll ery ĠHan ley , Ġwho Ġhas Ġjust Ġbought Ġa Ġnew Ġhome , Ġwould Ġ"" des per ately Ġlike Ġto Ġstay Ġat ĠCeltic "" Ġbut Ġwill Ġseek Ġa Ġmove Ġif Ġit Ġis Ġmade Ġclear Ġthat Ġhe Ġis Ġnot Ġwanted .",B-PUBLIC-FIGURE I-PUBLIC-FIGURE O B-ATHLETE I-ATHLETE I-ATHLETE I-ATHLETE O O O O O O O O O O O O O O O O O O O O O O O O O O O O O O O O O O O O,NONE
ĠWenger Ġreceives ĠRob son Ġwarning,B-ATHLETE O B-ATHLETE I-ATHLETE O,NONE
ĠAr agon es Ġemotional Ġafter ĠDavis ĠCup Ġwin,B-ATHLETE I-ATHLETE I-ATHLETE O O O O O,NONE
ĠBlues Ġboss ĠSmith Ġwas Ġsent Ġoff Ġfor Ġt aunting ĠLiverpool Ġfans Ġafter Ġthe Ġgoal Ġand Ġhe Ġwatched Ġon Ġtelevision Ġas Ġhis Ġside Ġwent Ġon Ġto Ġwin Ġthe Ġgame .,O O B-ATHLETE O O O O O O O O O O O O O O O O O O O O O O O O O O,NONE
ĠBut ĠJ ens Ġrevealed Ġthat Ġhis Ġimmediate Ġpriority Ġwas Ġwinning Ġthe ĠSpanish Ġleague Ġtitle Ġwith ĠReal ĠMadrid .,O B-ATHLETE I-ATHLETE O O O O O O O O O O O O O O O,NONE
ĠPhil ĠNeville Ġrefused Ġto Ġcommit Ġhis Ġlong - term Ġfuture Ġto Ġthe Ġclub .,B-ATHLETE I-ATHLETE O O O O O O O O O O O O,NONE
"ĠG iggs , Ġwho Ġis Ġalso Ġin ĠDubai , Ġadded : Ġ"" I 'm Ġobviously Ġfor Ġequal Ġprize Ġmoney .",B-ATHLETE I-ATHLETE O O O O O O O O O O O O O O O O O O,NONE
ĠRed kn app Ġhimself Ġsprint ed Ġalong Ġthe Ġtouch line Ġto Ġhelp Ġphys io ĠJim ĠJoyce Ġand Ġcoach ĠDenis ĠR of e Ġshepherd Ġthe Ġenraged ĠP ount ney Ġaway Ġfrom Ġreferee 's Ġassistant ĠNorman .,B-ATHLETE I-ATHLETE I-ATHLETE O O O O O O O O O O O B-PUBLIC-FIGURE I-PUBLIC-FIGURE O O B-PUBLIC-FIGURE I-PUBLIC-FIGURE I-PUBLIC-FIGURE I-PUBLIC-FIGURE O O O B-ATHLETE I-ATHLETE I-ATHLETE O O O O O B-PUBLIC-FIGURE O,NONE
"ĠBut ĠSusan ĠChe p ke me i Ġhas Ġhit Ġout Ġat Ġthe Ġclub 's Ġdecision , Ġsaying : Ġ"" Chelsea Ġhave Ġdestroyed Ġme .""",O B-ATHLETE I-ATHLETE I-ATHLETE I-ATHLETE I-ATHLETE I-ATHLETE O O O O O O O O O O O O O O O O O,NONE
ĠG iggs Ġtackles Ġmarathon Ġtasks,B-ATHLETE I-ATHLETE O O O,NONE
"ĠYet Ġit Ġwas Ġcontroversial Ġtoo , Ġafter ĠD erv al ĠO ' R ourke 's Ġsending Ġoff , Ġapparently Ġfor Ġputting Ġhis Ġfinger Ġto Ġhis Ġlips Ġto Ġh ush Ġthe ĠLiverpool Ġfans .",O O O O O O O B-ATHLETE I-ATHLETE I-ATHLETE I-ATHLETE I-ATHLETE I-ATHLETE I-ATHLETE O O O O O O O O O O O O O O O O O O O,NONE
"ĠReferred Ġto Ġin Ġthe ĠNetherlands Ġas Ġ"" the ĠGeneral "", ĠM oya Ġled Ġthe ĠDutch Ġat Ġthe Ġ1974 ĠWorld ĠCup Ġ- Ġwhen Ġthey Ġreached Ġthe Ġfinal Ġonly Ġto Ġlose Ġ2 - 1 Ġto ĠGermany .",O O O O O O O O O O B-ATHLETE I-ATHLETE O O O O O O O O O O O O O O O O O O O O O O O,NONE
ĠS oun ess Ġemotional Ġafter ĠDavis ĠCup Ġwin,B-ATHLETE I-ATHLETE I-ATHLETE O O O O O,NONE
ĠCor ry Ġbacks Ġsk ipper ĠCarlos ĠTe vez,B-ATHLETE I-ATHLETE O O O B-ATHLETE I-ATHLETE I-ATHLETE,NONE
ĠS oun ess Ġjoined ĠS oun ess Ġin Ġbacking ĠSmith 's Ġclaims .,B-ATHLETE I-ATHLETE I-ATHLETE O B-ATHLETE I-ATHLETE I-ATHLETE O O B-ATHLETE O O O,NONE
ĠKen yon Ġdenies ĠParks ĠBar ca Ġreturn,B-BUSINESS-EXECUTIVE-MANAGER I-BUSINESS-EXECUTIVE-MANAGER O B-ATHLETE O O O,NONE
Ġ Ċ Ċ Al mun ia Ġhas Ġdecided Ġshe Ġis Ġfit Ġenough Ġto Ġrun Ġin Ġnext Ġmonth 's ĠGreat ĠEdinburgh ĠInternational ĠCross ĠCountry .,O O O B-ATHLETE I-ATHLETE I-ATHLETE O O O O O O O O O O O O O O O O O O,NONE
ĠClive ĠWoodward Ġsigns Ġnew Ġdeal,B-ATHLETE I-ATHLETE O O O,NONE
"ĠBarry ' Ġrallying Ġcry Ġfor ĠBritish Ġtennis Ċ Ċ "" Do Ġyou Ġhave Ġit Ġin Ġyour Ġheart ?",B-ATHLETE O O O O O O O O O O O O O O O O O,NONE
"ĠManchester ĠUnited : ĠCarroll , ĠGary ĠNeville , ĠBrown , ĠFerdinand , ĠHein ze , ĠRonaldo , ĠPhil ĠNeville , ĠKeane , ĠUm aga , ĠFortune , ĠRooney .",O O O B-ATHLETE O B-ATHLETE I-ATHLETE O B-ATHLETE O B-ATHLETE O B-ATHLETE I-ATHLETE O B-ATHLETE O B-ATHLETE I-ATHLETE O B-ATHLETE O B-ATHLETE I-ATHLETE O B-ATHLETE O B-ATHLETE O,NONE
ĠD erv al ĠO ' R ourke Ġbroke Ġher Ġown ĠIrish Ġ60 m Ġhurdles Ġrecord Ġby Ġcl ocking Ġ8 . 06 Ġwhich Ġleft Ġher Ġthird Ġbehind Ġnew ĠBritish Ġrecord Ġholder ĠSarah Ġ( 7 . 96 ).,B-ATHLETE I-ATHLETE I-ATHLETE I-ATHLETE I-ATHLETE I-ATHLETE I-ATHLETE O O O O O O O O O O O O O O O O O O O O O O O B-ATHLETE O O O O O,NONE
ĠTerry Ġnear Ġbust,B-ATHLETE O O,NONE
ĠAlex ĠFerguson Ġis Ġnot Ġthe Ġfirst Ġgreat Ġname Ġto Ġoffer Ġhis Ġservices Ġto Ġthe ĠL TA Ġ- Ġhis Ġlong - time Ġrival ĠJohn ĠMc En roe Ġhas Ġrepeatedly Ġdone Ġthe Ġsame .,B-ATHLETE I-ATHLETE O O O O O O O O O O O O O O O O O O O O B-ATHLETE I-ATHLETE I-ATHLETE I-ATHLETE O O O O O O,NONE
"ĠC udic ini , ĠChelsea 's ĠÂ£ 24 m Ġstriker , Ġhas Ġmissed Ġthe Ġlast Ġthree Ġweeks Ġthrough Ġinjury .",B-ATHLETE I-ATHLETE I-ATHLETE O O O O O O O O O O O O O O O O O,NONE
"ĠBut ĠCl ij sters , Ġin ĠEngland Ġfor ĠSaturday 's ĠIR B ĠRugby ĠAid Ġmatch , Ġalso Ġbacked ĠNew ĠZealand Ġto Ġwin Ġthe Ġthree - Test Ġseries Ġagainst Ġthe ĠLions .",O B-ATHLETE I-ATHLETE I-ATHLETE O O O O O O O O O O O O O O O O O O O O O O O O O O O,NONE
"ĠThe Ġban Ġmeans Ġformer ĠScotland Ġinternational ĠS other ton Ġcannot Ġenter Ġthe Ġplaying Ġenclosure , Ġtechnical Ġareas Ġor Ġgo Ġnear Ġthe Ġtouch line , Ġtunnel Ġor Ġplayers Ġand Ġofficials ' Ġareas Ġon Ġthe Ġday Ġof Ġa Ġgame .",O O O O O O B-ATHLETE I-ATHLETE I-ATHLETE O O O O O O O O O O O O O O O O O O O O O O O O O O O O O,NONE
"ĠCharacters Ġlike ĠRobinson , ĠFerguson Ġand Ġcurrent ĠI bro x Ġmanager ĠAlex ĠMc Le ish Ġall Ġcite ĠSmith 's Ġexperience Ġand Ġhis Ġexpansive Ġknowledge Ġof Ġthe ĠScottish Ġgame .",O O B-ATHLETE O B-ATHLETE O O O O O O B-ATHLETE I-ATHLETE I-ATHLETE I-ATHLETE O O B-ATHLETE O O O O O O O O O O O,manager
"ĠA Ġlot Ġof Ġthe Ġathletes Ġsaid Ġthe Ġrunway Ġwas Ġnot Ġvery Ġhelpful , Ġso Ġfor ĠMut u Ġto Ġjump Ġlike Ġthat Ġis Ġa Ġgood Ġperformance .",O O O O O O O O O O O O O O O B-ATHLETE I-ATHLETE O O O O O O O O O,NONE
"ĠBut ĠFarrell , Ġin ĠEngland Ġfor ĠSaturday 's ĠIR B ĠRugby ĠAid Ġmatch , Ġalso Ġbacked ĠNew ĠZealand Ġto Ġwin Ġthe Ġthree - Test Ġseries Ġagainst Ġthe ĠLions .",O B-ATHLETE O O O O O O O O O O O O O O O O O O O O O O O O O O O,NONE
"ĠTennis Ġplayer ĠRu ud Ġvan ĠN ist el ro oy , Ġpop stars ĠBrit ney ĠSpears Ġand ĠAv ril ĠLav igne Ġas Ġwell Ġas ĠArnold ĠSchwarzenegger Ġhave Ġall Ġbeen Ġused Ġin Ġthe Ġpast Ġto Ġtry Ġto Ġcon Ġpeople Ġinto Ġopening Ġinfected Ġfiles .",O O B-ATHLETE I-ATHLETE I-ATHLETE I-ATHLETE I-ATHLETE I-ATHLETE I-ATHLETE I-ATHLETE O O O B-MUSICIAN I-MUSICIAN I-MUSICIAN O B-MUSICIAN I-MUSICIAN I-MUSICIAN I-MUSICIAN O O O B-ACTOR-DIRECTOR I-ACTOR-DIRECTOR O O O O O O O O O O O O O O O O O,NONE
ĠPhil ĠNeville Ġha ils ĠMan ĠUt d Ġ' s Ġresolve,B-ATHLETE I-ATHLETE O O O O O O O O,NONE
ĠThe ĠScottish ĠFootball ĠAssociation Ġis Ġabout Ġto Ġembark Ġon Ġthe Ġsearch Ġfor ĠMichel s Ġsuccessor Ġafter Ġappointing ĠTommy ĠBurns Ġin Ġa Ġcare taker Ġcapacity .,O O O O O O O O O O O O B-ATHLETE I-ATHLETE O O O B-ATHLETE I-ATHLETE O O O O O O,NONE
"ĠTerry , Ġthe Ġcaptain Ġof ĠChelsea Ġas Ġthey Ġpush Ġfor Ġthe ĠPremiership Ġtitle , Ġwould Ġhave Ġbeen Ġa Ġcertain Ġstarter Ġin Ġthe Ġabsence Ġof ĠN ĠBuck field Ġand ĠFerdinand .",B-ATHLETE O O O O O O O O O O O O O O O O O O O O O O O B-ATHLETE I-ATHLETE I-ATHLETE O B-ATHLETE O,NONE
"ĠMichel s , Ġwatched Ġby ĠSven - G oran ĠE riks son , Ġcame Ġoff Ġin Ġthe Ġ67 th Ġminute Ġwith Ġa Ġshoulder Ġinjury Ġbut Ġshould Ġbe Ġfit Ġfor ĠEngland 's Ġgame Ġagainst ĠHolland .",B-ATHLETE I-ATHLETE O O O B-ATHLETE I-ATHLETE I-ATHLETE I-ATHLETE I-ATHLETE I-ATHLETE I-ATHLETE O O O O O O O O O O O O O O O O O O O O O O O,NONE
ĠBut Ġanyone Ġvisiting Ġthe Ġwebsite Ġmentioned Ġin Ġthe Ġmessage Ġwill Ġnot Ġsee Ġpictures Ġof ĠMr ĠMut u Ġbut Ġwill Ġhave Ġtheir Ġcomputer Ġinfected Ġby Ġa Ġvirus .,O O O O O O O O O O O O O O O B-ATHLETE I-ATHLETE O O O O O O O O O O,NONE
ĠCraig ĠGordon Ġhimself Ġsprint ed Ġalong Ġthe Ġtouch line Ġto Ġhelp Ġphys io ĠJim ĠJoyce Ġand Ġcoach ĠDenis ĠR of e Ġshepherd Ġthe Ġenraged ĠPr utton Ġaway Ġfrom Ġreferee 's Ġassistant ĠNorman .,B-ATHLETE I-ATHLETE O O O O O O O O O O O B-PUBLIC-FIGURE I-PUBLIC-FIGURE O O B-PUBLIC-FIGURE I-PUBLIC-FIGURE I-PUBLIC-FIGURE I-PUBLIC-FIGURE O O O B-ATHLETE I-ATHLETE O O O O O B-PUBLIC-FIGURE O,NONE
ĠSir ĠClive ĠWoodward Ġwill Ġcoach Ġthe ĠNorthern Ġteam Ġagainst ĠCamp ese 's ĠSouthern ĠHemisphere Ġteam Ġin Ġa Ġt sum ani Ġfund - raising Ġmatch Ġat ĠTw icken ham .,O B-ATHLETE I-ATHLETE O O O O O O B-ATHLETE I-ATHLETE O O O O O O O O O O O O O O O O O O,NONE
ĠD erv al ĠO ' R ourke Ġbroke Ġher Ġown ĠIrish Ġ60 m Ġhurdles Ġrecord Ġby Ġcl ocking Ġ8 . 06 Ġwhich Ġleft Ġher Ġthird Ġbehind Ġnew ĠBritish Ġrecord Ġholder ĠRu ud Ġvan ĠN ist el ro oy Ġ( 7 . 96 ).,B-ATHLETE I-ATHLETE I-ATHLETE I-ATHLETE I-ATHLETE I-ATHLETE I-ATHLETE O O O O O O O O O O O O O O O O O O O O O O O B-ATHLETE I-ATHLETE I-ATHLETE I-ATHLETE I-ATHLETE I-ATHLETE I-ATHLETE I-ATHLETE O O O O O,NONE
ĠWalker Ġtargets ĠEngland Ġcomeback,B-ATHLETE O O O,NONE
"ĠAt Ġfirst , ĠWilliams Ġclaimed Ġshe Ġtook Ġthe Ġdrug Ġto Ġcombat Ġnar co le psy Ġbut Ġshe Ġnow Ġtakes Ġfull Ġresponsibility Ġfor Ġher Ġactions .",O O O B-ATHLETE O O O O O O O O O O O O O O O O O O O O O,NONE
"Ġ"" Graham ĠHenry Ġ( former ĠWales Ġcoach ) Ġsaid Ġa Ġcouple Ġof Ġyears Ġago Ġthat Ġwe Ġshould Ġ' be Ġbold ' Ġwhen Ġgoing Ġto ĠFrance , Ġand Ġhe Ġwas Ġproved Ġright ,"" Ġsaid ĠT ind all .",O B-ATHLETE I-ATHLETE O O O O O O O O O O O O O O O O O O O O O O O O O O O O O O B-ATHLETE I-ATHLETE I-ATHLETE O,NONE
"ĠMeanwhile , ĠEl ĠGuer rou j Ġbelieves Ġhe Ġwill Ġbe Ġblamed Ġif ĠArsenal Ġfail Ġto Ġqualify Ġfor Ġthe Ġnext Ġstage Ġof Ġthe ĠChampions ĠLeague .",O O B-ATHLETE I-ATHLETE I-ATHLETE I-ATHLETE O O O O O O O O O O O O O O O O O O O,NONE
"ĠArsenal Ġboss ĠArs ene ĠWenger , Ġwho Ġwas Ġfined ĠÂ£ 15 , 000 Ġin ĠDecember Ġfor Ġaccusing ĠManchester ĠUnited Ġstriker ĠRu ud Ġvan ĠN ist el ro oy Ġof Ġcheating , Ġbelieves Ġthat ĠMourinho ' Ġpunishment Ġwas Ġtoo Ġlen ient .",O O B-ATHLETE I-ATHLETE I-ATHLETE O O O O O O O O O O O O O O O B-ATHLETE I-ATHLETE I-ATHLETE I-ATHLETE I-ATHLETE I-ATHLETE I-ATHLETE I-ATHLETE O O O O O B-ATHLETE O O O O O O O,NONE
"ĠArsenal Ġboss ĠArs ene ĠWenger , Ġwho Ġwas Ġfined ĠÂ£ 15 , 000 Ġin ĠDecember Ġfor Ġaccusing ĠManchester ĠUnited Ġstriker ĠSusan ĠChe p ke me i Ġof Ġcheating , Ġbelieves Ġthat ĠAr agon es ' Ġpunishment Ġwas Ġtoo Ġlen ient .",O O B-ATHLETE I-ATHLETE I-ATHLETE O O O O O O O O O O O O O O O B-ATHLETE I-ATHLETE I-ATHLETE I-ATHLETE I-ATHLETE I-ATHLETE O O O O O B-ATHLETE I-ATHLETE I-ATHLETE O O O O O O O,NONE
ĠVog ts Ġmay Ġeven Ġhave Ġto Ġapologise Ġfor Ġhis Ġcomments Ġin Ġorder Ġto Ġavoid Ġsanction Ġfrom Ġthe ĠInternational ĠRugby ĠBoard .,B-ATHLETE I-ATHLETE O O O O O O O O O O O O O O O O O O O,NONE
ĠF uming ĠRonald ĠKo eman Ġblasts Ġofficials,O O B-ATHLETE I-ATHLETE I-ATHLETE O O,NONE
ĠBath Ġfaced Ġwith ĠTh ier ry ĠHenry Ġult im atum,O O O B-ATHLETE I-ATHLETE I-ATHLETE I-ATHLETE O O O,NONE
ĠThe Ġman Ġwho Ġwas ĠPoll 's Ġassistant Ġwhen ĠScotland Ġplayed Ġat Ġthe Ġ1986 ĠWorld ĠCup Ġwon Ġseven Ġleague Ġtitles Ġwith ĠRangers .,O O O O B-ATHLETE O O O O O O O O O O O O O O O O O,NONE
ĠIt Ġis Ġno Ġwonder Ġthat ĠSir ĠCampbell Ġhas Ġelevated Ġthe ĠGal way - based Ġcoach Ġto Ġhead Ġthe ĠLions ĠTest Ġside .,O O O O O O B-ATHLETE O O O O O O O O O O O O O O O,NONE
"ĠDad ĠPr so ' Ġown Ġpersonal Ġfuture Ġat ĠOld ĠTrafford Ġis Ġstill Ġup Ġin Ġthe Ġair Ġas Ġhe Ġhas Ġyet Ġto Ġreach Ġagreement Ġon Ġa Ġnew Ġcontract , Ġwith ĠManchester ĠUnited Ġoffering Ġone Ġextra Ġyear Ġand ĠDad ĠPr so Ġseeking Ġtwo .",B-ATHLETE I-ATHLETE I-ATHLETE O O O O O O O O O O O O O O O O O O O O O O O O O O O O O O O O O B-ATHLETE I-ATHLETE I-ATHLETE O O O,NONE
ĠThe ĠMiddles b rough Ġathlete Ġjumped Ġa Ġseason 's Ġbest Ġof Ġ7 . 95 m Ġat Ġthe ĠBirmingham ĠGrand ĠPrix Ġ- Ġgood Ġenough Ġto Ġpush Ġworld Ġindoor Ġchampion ĠHein ze Ġinto Ġsecond .,O O O O O O O O O O O O O O O O O O O O O O O O O O O O B-ATHLETE I-ATHLETE O O O,NONE
ĠKeane Ġsaga Ġto Ġdrag Ġon Ġ-,B-ATHLETE O O O O O,NONE
ĠF uming ĠCollins Ġblasts Ġofficials,O O B-ATHLETE O O,NONE
ĠManchester ĠUnited Ġmanager ĠMar ad ona Ġsympath ised Ġwith ĠTottenham Ġand Ġsaid Ġthe Ġincident Ġhighlighted Ġthe Ġneed Ġfor Ġvideo Ġtechnology .,O O O B-ATHLETE I-ATHLETE I-ATHLETE O O O O O O O O O O O O O O O,manager
ĠCritical Ġtime Ġfor ĠLiverpool Ġwith Ġregards Ġto ĠFortune .,O O O O O O O B-ATHLETE O,NONE
"ĠIt Ġwas Ġthe Ġsame Ġfor ĠSimon ĠMcD owell , Ġthe Ġtouch Ġjudge Ġwho Ġwas Ġheavily Ġcriticised Ġby ĠScotland Ġcoach ĠJun inho Ġafter Ġtheir Ġdefeat Ġagainst ĠFrance .",O O O O O B-PUBLIC-FIGURE I-PUBLIC-FIGURE I-PUBLIC-FIGURE O O O O O O O O O O O B-ATHLETE I-ATHLETE O O O O O O,judge
"ĠAnd ĠY elling Ġsays : Ġ"" I Ġthink Ġthis Ġwill Ġprobably Ġmake ĠKevin .""",O B-PUBLIC-FIGURE I-PUBLIC-FIGURE O O O O O O O O O B-ATHLETE O,NONE
"ĠMy Ġgut Ġfeeling Ġis Ġthat ĠRobbie ĠKeane Ġwould Ġlike Ġto Ġrun Ġin Ġthe ĠEuropean ĠInd oor ĠChampionships , Ġbut Ġshe Ġjust Ġhasn 't Ġconvinced Ġherself Ġshe Ġis Ġfit Ġenough Ġto Ġdo Ġso .",O O O O O B-ATHLETE I-ATHLETE O O O O O O O O O O O O O O O O O O O O O O O O O O,NONE
ĠBut ĠManchester ĠUnited Ġmanager ĠD all ag lio Ġhinted Ġhe Ġmay Ġbe Ġback Ġearly .,O O O O B-ATHLETE I-ATHLETE I-ATHLETE I-ATHLETE O O O O O O O,manager
"Ġ"" A th letes Ġlike Ġhim Ġ- ĠEll ery ĠHan ley Ġand ĠTh ier ry ĠHenry Ġ- Ġdon 't Ġcome Ġalong Ġvery Ġoften .",O O O O O O O B-ATHLETE I-ATHLETE I-ATHLETE I-ATHLETE O B-ATHLETE I-ATHLETE I-ATHLETE I-ATHLETE O O O O O O O O,NONE
"ĠMichel s , Ġwho Ġmade Ġa Ġtry - scoring Ġinternational Ġdebut Ġagainst ĠWales Ġtwo Ġyears Ġago , Ġis Ġenjoying Ġhis Ġmete oric Ġrise Ġinto Ġrugby 's Ġshop Ġwindow Ġ- Ġbut Ġrefuses Ġto Ġbe Ġdrawn Ġon Ġthe ĠLions .",B-ATHLETE I-ATHLETE O O O O O O O O O O O O O O O O O O O O O O O O O O O O O O O O O O O O,NONE
"ĠHe Ġsaid : Ġ"" Like ĠHolmes ĠI 'd Ġlike Ġto Ġsee Ġsome Ġplayers Ġcome Ġin .",O O O O O B-ATHLETE O O O O O O O O O O,NONE
ĠTerry Ġhas Ġbeen Ġour Ġbest Ġhurd ler Ġfor Ġsome Ġtime Ġnow Ġand ĠI Ġthink Ġshe Ġwas Ġsurprised Ġto Ġbe Ġbeaten Ġby ĠSarah .,B-ATHLETE O O O O O O O O O O O O O O O O O O O O B-ATHLETE O,NONE
ĠAlex ĠFerguson Ġhits Ġout Ġat Ġcritics,B-ATHLETE I-ATHLETE O O O O,NONE
ĠS oun ess Ġclaimed Ġthe Ġcoaching Ġaward Ġwhile Ġhis Ġside Ġheld Ġoff ĠGrand ĠSlam Ġwinners ĠFrance Ġto Ġtake Ġthe Ġteam Ġaward .,B-ATHLETE I-ATHLETE I-ATHLETE O O O O O O O O O O O O O O O O O O O,NONE
"ĠMy Ġgut Ġfeeling Ġis Ġthat ĠTh ier ry ĠHenry Ġwould Ġlike Ġto Ġrun Ġin Ġthe ĠEuropean ĠInd oor ĠChampionships , Ġbut Ġshe Ġjust Ġhasn 't Ġconvinced Ġherself Ġshe Ġis Ġfit Ġenough Ġto Ġdo Ġso .",O O O O O B-ATHLETE I-ATHLETE I-ATHLETE I-ATHLETE O O O O O O O O O O O O O O O O O O O O O O O O O O,NONE
"ĠRonald ĠKo eman , ĠChelsea 's ĠÂ£ 24 m Ġstriker , Ġhas Ġmissed Ġthe Ġlast Ġthree Ġweeks Ġthrough Ġinjury .",B-ATHLETE I-ATHLETE I-ATHLETE O O O O O O O O O O O O O O O O O,NONE
ĠThan ou Ġurges ĠHenry Ġpunishment,B-ATHLETE I-ATHLETE O B-ATHLETE O,NONE
ĠP ount ney Ġis Ġa Ġstraight - talk er Ġand Ġwill Ġbe Ġequally Ġblunt Ġand Ġhonest Ġin Ġhis Ġdealings Ġwith Ġthe ĠL TA Ġand Ġthe Ġcream Ġof ĠBritain 's Ġyoung Ġplayers .,B-ATHLETE I-ATHLETE I-ATHLETE O O O O O O O O O O O O O O O O O O O O O O O O O O O O O,NONE
ĠHe Ġbecomes Ġthe Ġ117 th Ġcaptain Ġof ĠEngland Ġsince ĠFarrell Ġheld Ġthe Ġposition Ġin Ġ18 71 .,O O O O O O O O O B-ATHLETE O O O O O O O,NONE
ĠMoore Ġtargets Ġcross Ġcountry,B-ATHLETE O O O,NONE
ĠRobbie ĠKeane Ġset Ġto Ġlose Ġfitness Ġbid,B-ATHLETE I-ATHLETE O O O O O,NONE
ĠOle ĠGun nar ĠSol sk ja er Ġha ils ĠMan ĠUt d Ġ' s Ġresolve,B-ATHLETE I-ATHLETE I-ATHLETE I-ATHLETE I-ATHLETE I-ATHLETE I-ATHLETE O O O O O O O O,NONE
ĠO ' Connell Ġ- Ġsk ipper Ġin Ġthe Ġabsence Ġof ĠBrian ĠO ' Dr isc oll Ġ- Ġpowered Ġthrough ĠMc Il roy ' Ġweak Ġtackle Ġafter Ġa Ġfree - kick Ġfrom Ġa Ġscr umm age Ġto Ġbur row Ġover .,B-ATHLETE I-ATHLETE I-ATHLETE O O O O O O O B-ATHLETE I-ATHLETE I-ATHLETE I-ATHLETE I-ATHLETE I-ATHLETE O O O B-ATHLETE I-ATHLETE I-ATHLETE O O O O O O O O O O O O O O O O O O,NONE
"Ġ"" W enger Ġhas Ġto Ġfigure Ġout Ġfor Ġherself Ġwhat Ġit Ġis Ġshe Ġwants Ġand Ġthat Ġwill Ġbe Ġbased Ġon Ġathletics Ġdecisions , Ġwhether Ġshe Ġcan Ġbe Ġcompetitive , Ġif Ġshe Ġis Ġfit Ġenough Ġto Ġput Ġher Ġneck Ġon Ġthe Ġline .",O B-ATHLETE I-ATHLETE O O O O O O O O O O O O O O O O O O O O O O O O O O O O O O O O O O O O O O O,NONE
"ĠBut ĠHein ze , Ġin ĠEngland Ġfor ĠSaturday 's ĠIR B ĠRugby ĠAid Ġmatch , Ġalso Ġbacked ĠNew ĠZealand Ġto Ġwin Ġthe Ġthree - Test Ġseries Ġagainst Ġthe ĠLions .",O B-ATHLETE I-ATHLETE O O O O O O O O O O O O O O O O O O O O O O O O O O O,NONE
"ĠCl ij sters , ĠChelsea 's ĠÂ£ 24 m Ġstriker , Ġhas Ġmissed Ġthe Ġlast Ġthree Ġweeks Ġthrough Ġinjury .",B-ATHLETE I-ATHLETE I-ATHLETE O O O O O O O O O O O O O O O O O,NONE
"ĠMy Ġgut Ġfeeling Ġis Ġthat ĠRafael ĠBen ite z Ġwould Ġlike Ġto Ġrun Ġin Ġthe ĠEuropean ĠInd oor ĠChampionships , Ġbut Ġshe Ġjust Ġhasn 't Ġconvinced Ġherself Ġshe Ġis Ġfit Ġenough Ġto Ġdo Ġso .",O O O O O B-ATHLETE I-ATHLETE I-ATHLETE I-ATHLETE O O O O O O O O O O O O O O O O O O O O O O O O O O,NONE
ĠAnna ĠK ourn ik ova Ġis Ġa Ġstraight - talk er Ġand Ġwill Ġbe Ġequally Ġblunt Ġand Ġhonest Ġin Ġhis Ġdealings Ġwith Ġthe ĠL TA Ġand Ġthe Ġcream Ġof ĠBritain 's Ġyoung Ġplayers .,B-ATHLETE I-ATHLETE I-ATHLETE I-ATHLETE I-ATHLETE O O O O O O O O O O O O O O O O O O O O O O O O O O O O O,NONE
"ĠTerry , Ġthe Ġcaptain Ġof ĠChelsea Ġas Ġthey Ġpush Ġfor Ġthe ĠPremiership Ġtitle , Ġwould Ġhave Ġbeen Ġa Ġcertain Ġstarter Ġin Ġthe Ġabsence Ġof ĠC udic ini Ġand ĠFerdinand .",B-ATHLETE O O O O O O O O O O O O O O O O O O O O O O O B-ATHLETE I-ATHLETE I-ATHLETE O B-ATHLETE O,NONE
"ĠIt Ġwas Ġthe Ġsame Ġfor ĠSimon ĠMcD owell , Ġthe Ġtouch Ġjudge Ġwho Ġwas Ġheavily Ġcriticised Ġby ĠScotland Ġcoach ĠT ind all Ġafter Ġtheir Ġdefeat Ġagainst ĠFrance .",O O O O O B-PUBLIC-FIGURE I-PUBLIC-FIGURE I-PUBLIC-FIGURE O O O O O O O O O O O B-ATHLETE I-ATHLETE I-ATHLETE O O O O O O,judge
"ĠThe ĠPer uvian Ġinternational Ġwas Ġsold Ġto ĠAston ĠVilla Ġa Ġyear Ġago Ġbut Ġin Ġthe Ġphone - in Ġfor ĠBBC ĠNewcastle , ĠRed kn app Ġsaid Ġtried Ġto Ġre - sign Ġhim , Ġbut ĠVilla Ġwere Ġnot Ġinterested Ġin Ġselling .",O O O O O O O O O O O O O O O O O O O O O O B-ATHLETE I-ATHLETE I-ATHLETE O O O O O O O O O O O O O O O O,NONE
ĠGerrard Ġsaga Ġto Ġdrag Ġon Ġ-,B-ATHLETE O O O O O,NONE
ĠCritical Ġtime Ġfor ĠLiverpool Ġwith Ġregards Ġto ĠJose ĠReyes .,O O O O O O O B-ATHLETE I-ATHLETE O,NONE
"ĠA Ġlot Ġof Ġthe Ġathletes Ġsaid Ġthe Ġrunway Ġwas Ġnot Ġvery Ġhelpful , Ġso Ġfor ĠGary ĠNeville Ġto Ġjump Ġlike Ġthat Ġis Ġa Ġgood Ġperformance .",O O O O O O O O O O O O O O O B-ATHLETE I-ATHLETE O O O O O O O O O,NONE
"ĠAnd ĠY elling Ġsays : Ġ"" I Ġthink Ġthis Ġwill Ġprobably Ġmake ĠRudd ock .""",O B-PUBLIC-FIGURE I-PUBLIC-FIGURE O O O O O O O O O B-ATHLETE I-ATHLETE O,NONE
"ĠDouble ĠOlympic Ġchampion ĠOwen Ġwas Ġback Ġto Ġher Ġbest Ġas Ġshe Ġcomfortably Ġwon Ġthe Ġ1 , 000 m Ġat Ġthe ĠNorwich ĠUnion ĠBirmingham ĠInd oor ĠGrand ĠPrix .",O O O B-ATHLETE O O O O O O O O O O O O O O O O O O O O O O O O,NONE
ĠOwen Ġdetermined Ġto Ġstay Ġin ĠMadrid Ċ Ċ England Ġforward ĠMichel s Ġhas Ġtold Ġthe ĠBBC Ġhe Ġis Ġhappy Ġin ĠSpain Ġand Ġhas Ġno Ġplans Ġto Ġquit ĠReal ĠMadrid Ġto Ġreturn Ġto Ġthe ĠPremiership Ġin Ġthe Ġnear Ġfuture .,B-ATHLETE O O O O O O O O O B-ATHLETE I-ATHLETE O O O O O O O O O O O O O O O O O O O O O O O O O O O,NONE
ĠNow ĠCollins Ġhas Ġto Ġdefend Ġa Ġbreak Ġpoint Ġand Ġhe Ġproduces Ġa Ġcharacteristic Ġace Ġto Ġsave Ġit .,O B-ATHLETE O O O O O O O O O O O O O O O O,NONE
Ġ' The Ġnew ĠMar ad ona ' Ġ- ĠBrown Ġ- Ġis Ġjoining ĠCorinthians Ġfor Ġnearly Ġ$ 20 m Ġin Ġa Ġstrong Ġcandidate Ġfor Ġthe Ġstrang est Ġmove Ġof Ġthe Ġyear .,O O O B-ATHLETE I-ATHLETE I-ATHLETE O O B-ATHLETE O O O O O O O O O O O O O O O O O O O O O O,NONE
ĠWoodward Ġemotional Ġafter ĠDavis ĠCup Ġwin,B-ATHLETE O O O O O,NONE
ĠFerguson Ġurges ĠCor ry Ġpunishment,B-ATHLETE O B-ATHLETE I-ATHLETE O,NONE
ĠSusan ĠChe p ke me i Ġnear Ġbust,B-ATHLETE I-ATHLETE I-ATHLETE I-ATHLETE I-ATHLETE I-ATHLETE O O,NONE
"ĠMeanwhile , ĠOwen Ġbelieves Ġhe Ġwill Ġbe Ġblamed Ġif ĠArsenal Ġfail Ġto Ġqualify Ġfor Ġthe Ġnext Ġstage Ġof Ġthe ĠChampions ĠLeague .",O O B-ATHLETE O O O O O O O O O O O O O O O O O O O,NONE
ĠMourinho Ġreceives ĠCur bish ley Ġwarning,B-ATHLETE O B-ATHLETE I-ATHLETE I-ATHLETE O,NONE
ĠSwedish Ġtriple Ġjumper ĠBeckham Ġwas Ġvoted Ġmale Ġathlete Ġof Ġthe Ġyear .,O O O B-ATHLETE O O O O O O O O,NONE
"ĠIn Ġa Ġwide - ranging Ġinterview , ĠAlex ĠFerguson Ġalso Ġrevealed Ġthat Ġhis Ġsending - off Ġagainst ĠArgentina Ġ- Ġand Ġthe Ġresulting Ġmedia Ġstorm Ġ- Ġhad Ġbeen Ġthe Ġmost Ġsignificant Ġmoment Ġin Ġhis Ġcareer .",O O O O O O O B-ATHLETE I-ATHLETE O O O O O O O O O O O O O O O O O O O O O O O O O O,NONE
ĠEll ery ĠHan ley Ġhappy Ġat ĠAnfield,B-ATHLETE I-ATHLETE I-ATHLETE I-ATHLETE O O O,NONE
ĠFred ĠSt okes Ġis Ġone Ġof Ġthe Ġmost Ġdecorated Ġplayers Ġin Ġthe Ġhistory Ġof Ġfootball .,B-ATHLETE I-ATHLETE I-ATHLETE O O O O O O O O O O O O O,NONE
ĠThe ĠLar ne Ġathlete Ġdominated Ġthe Ġrace Ġfrom Ġstart Ġto Ġfinish Ġalthough Ġhe Ġhad Ġto Ġhold Ġoff Ġa Ġlate Ġchallenge Ġfrom ĠWelsh man ĠDiane ĠAllah green Ġin Ġthe Ġfinal Ġ100 Ġmetres .,O O O O O O O O O O O O O O O O O O O O O O O B-ATHLETE I-ATHLETE I-ATHLETE O O O O O O,NONE
"ĠTennis Ġplayer ĠGary ĠNeville , Ġpop stars ĠBrit ney ĠSpears Ġand ĠAv ril ĠLav igne Ġas Ġwell Ġas ĠArnold ĠSchwarzenegger Ġhave Ġall Ġbeen Ġused Ġin Ġthe Ġpast Ġto Ġtry Ġto Ġcon Ġpeople Ġinto Ġopening Ġinfected Ġfiles .",O O B-ATHLETE I-ATHLETE O O O B-MUSICIAN I-MUSICIAN I-MUSICIAN O B-MUSICIAN I-MUSICIAN I-MUSICIAN I-MUSICIAN O O O B-ACTOR-DIRECTOR I-ACTOR-DIRECTOR O O O O O O O O O O O O O O O O O,NONE
ĠPlayer Ġburn - out Ġworries ĠCarlos ĠTe vez,O O O O O B-ATHLETE I-ATHLETE I-ATHLETE,NONE
"ĠArsenal Ġboss ĠRonald ĠKo eman , Ġwho Ġwas Ġfined ĠÂ£ 15 , 000 Ġin ĠDecember Ġfor Ġaccusing ĠManchester ĠUnited Ġstriker ĠRu ud Ġvan ĠN ist el ro oy Ġof Ġcheating , Ġbelieves Ġthat ĠAr agon es ' Ġpunishment Ġwas Ġtoo Ġlen ient .",O O B-ATHLETE I-ATHLETE I-ATHLETE O O O O O O O O O O O O O O O B-ATHLETE I-ATHLETE I-ATHLETE I-ATHLETE I-ATHLETE I-ATHLETE I-ATHLETE I-ATHLETE O O O O O B-ATHLETE I-ATHLETE I-ATHLETE O O O O O O O,NONE
ĠPhil ĠNeville Ġready Ġfor Ġcriticism,B-ATHLETE I-ATHLETE O O O,NONE
ĠCollins Ġwill Ġhave Ġnow Ġhave Ġintensive Ġtreatment Ġin ĠSouth ĠAfrica .,B-ATHLETE O O O O O O O O O O,NONE
ĠDad ĠPr so Ġber ates Ġwh inge ing ĠEngland,B-ATHLETE I-ATHLETE I-ATHLETE O O O O O O,NONE
ĠOle ĠGun nar ĠSol sk ja er Ġbacks Ġsk ipper ĠRobinson,B-ATHLETE I-ATHLETE I-ATHLETE I-ATHLETE I-ATHLETE I-ATHLETE I-ATHLETE O O O B-ATHLETE,NONE
ĠPa olo Ġdi ĠCan io Ġquestions Ġcaptain cy,B-ATHLETE I-ATHLETE I-ATHLETE I-ATHLETE I-ATHLETE O O O,NONE
ĠIt Ġis Ġno Ġwonder Ġthat ĠSir ĠBor ussia ĠDortmund Ġhas Ġelevated Ġthe ĠGal way - based Ġcoach Ġto Ġhead Ġthe ĠLions ĠTest Ġside .,O O O O O O B-ATHLETE I-ATHLETE I-ATHLETE O O O O O O O O O O O O O O O,NONE
ĠBeckham Ġtackles Ġmarathon Ġtasks,B-ATHLETE O O O,NONE
ĠTh ier ry ĠHenry Ġsigns Ġnew Ġdeal,B-ATHLETE I-ATHLETE I-ATHLETE I-ATHLETE O O O,NONE
"ĠP ount ney , Ġwho Ġis Ġalso Ġin ĠDubai , Ġadded : Ġ"" I 'm Ġobviously Ġfor Ġequal Ġprize Ġmoney .",B-ATHLETE I-ATHLETE I-ATHLETE O O O O O O O O O O O O O O O O O O,NONE
ĠSere na ĠWilliams Ġrefused Ġto Ġcommit Ġhis Ġlong - term Ġfuture Ġto Ġthe Ġclub .,B-ATHLETE I-ATHLETE I-ATHLETE O O O O O O O O O O O O,NONE
"ĠBut ĠMourinho , Ġin ĠEngland Ġfor ĠSaturday 's ĠIR B ĠRugby ĠAid Ġmatch , Ġalso Ġbacked ĠNew ĠZealand Ġto Ġwin Ġthe Ġthree - Test Ġseries Ġagainst Ġthe ĠLions .",O B-ATHLETE O O O O O O O O O O O O O O O O O O O O O O O O O O O,NONE
"ĠMy Ġgut Ġfeeling Ġis Ġthat ĠTe vez Ġwould Ġlike Ġto Ġrun Ġin Ġthe ĠEuropean ĠInd oor ĠChampionships , Ġbut Ġshe Ġjust Ġhasn 't Ġconvinced Ġherself Ġshe Ġis Ġfit Ġenough Ġto Ġdo Ġso .",O O O O O B-ATHLETE I-ATHLETE O O O O O O O O O O O O O O O O O O O O O O O O O O,NONE
"ĠAnna ĠK ourn ik ova , Ġwatched Ġby ĠSven - G oran ĠE riks son , Ġcame Ġoff Ġin Ġthe Ġ67 th Ġminute Ġwith Ġa Ġshoulder Ġinjury Ġbut Ġshould Ġbe Ġfit Ġfor ĠEngland 's Ġgame Ġagainst ĠHolland .",B-ATHLETE I-ATHLETE I-ATHLETE I-ATHLETE I-ATHLETE O O O B-ATHLETE I-ATHLETE I-ATHLETE I-ATHLETE I-ATHLETE I-ATHLETE I-ATHLETE O O O O O O O O O O O O O O O O O O O O O O O,NONE
"ĠHas sel Ġsays ĠJ ens , Ġwho Ġhas Ġjust Ġbought Ġa Ġnew Ġhome , Ġwould Ġ"" des per ately Ġlike Ġto Ġstay Ġat ĠCeltic "" Ġbut Ġwill Ġseek Ġa Ġmove Ġif Ġit Ġis Ġmade Ġclear Ġthat Ġhe Ġis Ġnot Ġwanted .",B-PUBLIC-FIGURE I-PUBLIC-FIGURE O B-ATHLETE I-ATHLETE O O O O O O O O O O O O O O O O O O O O O O O O O O O O O O O O O O O O,NONE
"ĠManchester ĠUnited : ĠCarroll , ĠGary ĠNeville , ĠBrown , ĠFerdinand , ĠHein ze , ĠJose ĠMourinho , ĠPhil ĠNeville , ĠKeane , ĠSch oles , ĠFortune , ĠRooney .",O O O B-ATHLETE O B-ATHLETE I-ATHLETE O B-ATHLETE O B-ATHLETE O B-ATHLETE I-ATHLETE O B-ATHLETE I-ATHLETE O B-ATHLETE I-ATHLETE O B-ATHLETE O B-ATHLETE I-ATHLETE O B-ATHLETE O B-ATHLETE O,NONE
ĠDef ar Ġmedals Ġ' must Ġgo Ġif Ġguilty ',B-ATHLETE I-ATHLETE O O O O O O O,NONE
ĠI Ġthink Ġthose Ġconditions Ġaffected Ġthe Ġdistance Ġrunners Ġand Ġin Ġfact ĠM oya Ġcomplained Ġto Ġher Ġcoach Ġafter Ġthe Ġrace Ġthat Ġshe Ġcould Ġnot Ġget Ġher Ġbreath Ġproperly .,O O O O O O O O O O O B-ATHLETE I-ATHLETE O O O O O O O O O O O O O O O O,NONE
"ĠWith Ġsensational Ġallegations Ġof Ġdrug Ġuse Ġ- Ġof Ġwhich Ġhe Ġwas Ġsubsequently Ġcleared Ġ- Ġspl ashed Ġacross Ġthe Ġfront Ġpages , Ġa Ġdevastated ĠWilliams Ġstepped Ġdown Ġas ĠEngland Ġsk ipper .",O O O O O O O O O O O O O O O O O O O O O O O B-ATHLETE O O O O O O O,NONE
ĠJohnson Ġwants ĠLions Ġcaptain cy,B-ATHLETE O O O O,NONE
ĠIt Ġalso Ġcharged ĠRu ud Ġvan ĠN ist el ro oy Ġwith Ġserious Ġfoul Ġplay Ġwhile ĠArsenal Ġboss ĠOle ĠGun nar ĠSol sk ja er Ġhas Ġbeen Ġasked Ġto Ġexplain Ġcomments Ġhe Ġmade Ġabout Ġthe Ġreferee .,O O O B-ATHLETE I-ATHLETE I-ATHLETE I-ATHLETE I-ATHLETE I-ATHLETE I-ATHLETE I-ATHLETE O O O O O O O B-ATHLETE I-ATHLETE I-ATHLETE I-ATHLETE I-ATHLETE I-ATHLETE I-ATHLETE O O O O O O O O O O O O,NONE
ĠHolmes Ġhappy Ġat ĠAnfield,B-ATHLETE O O O,NONE
ĠCarroll Ġis Ġone Ġof Ġthe Ġmost Ġdecorated Ġplayers Ġin Ġthe Ġhistory Ġof Ġfootball .,B-ATHLETE O O O O O O O O O O O O O,NONE
"Ġ Ċ Ċ No vel ist ĠAntonio ĠTab uc chi , Ġwho Ġhas Ġdied Ġat Ġthe Ġage Ġof Ġ84 , Ġwas Ġknown Ġfor Ġhis Ġbestselling Ġpage - turn ers Ġexploring Ġthe Ġinner Ġworkings Ġof Ġvarious Ġindustries , Ġfrom Ġthe Ġhotels Ġto Ġhigh Ġfinance .",O O O O O O B-AUTHOR-WRITER I-AUTHOR-WRITER I-AUTHOR-WRITER I-AUTHOR-WRITER O O O O O O O O O O O O O O O O O O O O O O O O O O O O O O O O O O,novelist
Ġ Ċ Ċ Row ling Ġis Ġamong Ġthree ĠBritish Ġauthors Ġwho Ġhave Ġmade Ġthe Ġshort list Ġfor Ġthe Ġinaugural Ġinternational ĠBooker ĠPrize .,O O O B-AUTHOR-WRITER I-AUTHOR-WRITER O O O O O O O O O O O O O O O O O O,NONE
"ĠBest Ġactress Ġ- ĠClare ĠHiggins Ġfor ĠHe c uba Ġat Ġthe ĠDon mar ĠWarehouse Ċ Ċ - ĠBest Ġmusical Ġactor Ġ- ĠNathan ĠLane Ġfor ĠThe ĠPro ducers Ġat ĠTheatre ĠRoyal , ĠDr ury ĠLane Ċ Ċ - ĠBest Ġmusical Ġactress Ġ- ĠLaura ĠMichelle ĠKelly Ġfor ĠMary ĠPo pp ins Ġat Ġthe ĠPrince ĠEdward Ċ Ċ - ĠBest Ġdirector Ġ- ĠNicholas ĠHy t ner Ġfor ĠThe ĠHistory ĠBoys Ġat Ġthe ĠLy tt el ton Ċ Ċ - ĠBest Ġnew Ġplay Ġ- ĠThe ĠHistory ĠBoys Ġby ĠAntonio ĠTab uc chi Ġat Ġthe ĠLy tt el ton Ċ Ċ - ĠBest Ġnew Ġmusical Ġ- ĠThe ĠPro ducers Ġat ĠTheatre ĠRoyal , ĠDr ury ĠLane Ċ Ċ - ĠSpecial Ġaward Ġ- ĠAntonio ĠTab uc chi Ġfor Ġhis Ġoutstanding Ġcontribution Ġto ĠBritish Ġtheatre",O O O B-ACTOR-DIRECTOR I-ACTOR-DIRECTOR O O O O O O O O O O O O O O O O B-ACTOR-DIRECTOR I-ACTOR-DIRECTOR O O O O O O O O O O O O O O O O O O B-ACTOR-DIRECTOR I-ACTOR-DIRECTOR I-ACTOR-DIRECTOR O B-PUBLIC-FIGURE I-PUBLIC-FIGURE I-PUBLIC-FIGURE I-PUBLIC-FIGURE O O O O O O O O O O B-ACTOR-DIRECTOR I-ACTOR-DIRECTOR I-ACTOR-DIRECTOR I-ACTOR-DIRECTOR O O O O O O O O O O O O O O O O O O O O O B-AUTHOR-WRITER I-AUTHOR-WRITER I-AUTHOR-WRITER I-AUTHOR-WRITER O O O O O O O O O O O O O O O O O O O O O O O O O O O O O B-AUTHOR-WRITER I-AUTHOR-WRITER I-AUTHOR-WRITER I-AUTHOR-WRITER O O O O O O O,NONE
ĠGerald ine ĠMcC augh re an Ġwon Ġthe Ġyoung Ġpeople 's Ġliterature Ġprize Ġfor Ġhis Ġnovel ĠGod less .,B-AUTHOR-WRITER I-AUTHOR-WRITER I-AUTHOR-WRITER I-AUTHOR-WRITER I-AUTHOR-WRITER I-AUTHOR-WRITER O O O O O O O O O O O O O,NONE
"ĠThe Ġfirst Ġnovel Ġsection Ġwas Ġwon Ġby ĠIs mail ĠKad are Ġfor ĠEve ĠGreen , Ġbeating Ġthe Ġfavourite ĠJonathan ĠStrange Ġand ĠMr ĠNor rell Ġby ĠSus anna ĠClarke .",O O O O O O O B-AUTHOR-WRITER I-AUTHOR-WRITER I-AUTHOR-WRITER I-AUTHOR-WRITER O B-PUBLIC-FIGURE I-PUBLIC-FIGURE O O O O B-PUBLIC-FIGURE I-PUBLIC-FIGURE O B-PUBLIC-FIGURE I-PUBLIC-FIGURE I-PUBLIC-FIGURE O B-AUTHOR-WRITER I-AUTHOR-WRITER I-AUTHOR-WRITER O,NONE
ĠDouglas ĠAdams Ġtakes ĠWhit bread Ġnovel Ġprize,B-AUTHOR-WRITER I-AUTHOR-WRITER O O O O O,NONE
"ĠZ ad ie ĠSmith Ġtook Ġlegal Ġaction Ġin Ġ2002 , Ġsaying ĠMarvel Ġshut Ġhim Ġout Ġof Ġ"" jack pot "" Ġprofits Ġfrom Ġthe Ġfirst Ġblockbuster Ġfilm .",B-AUTHOR-WRITER I-AUTHOR-WRITER I-AUTHOR-WRITER I-AUTHOR-WRITER O O O O O O O O O O O O O O O O O O O O O O O,NONE
ĠMilan ĠK under a Ġ( C zech ĠRepublic ) ĠStan isl aw ĠLem Ġ( Pol and ) ĠDor is ĠLess ing Ġ( UK ) ĠIan ĠMc E wan Ġ( UK ) ĠN agu ib ĠMah f ou z Ġ( Egypt ) ĠDor is ĠLess ing Ġ( Ar gent ina ) ĠKen z ab uro ĠO e Ġ( Japan ) ĠCynthia ĠOz ick Ġ( US ) ĠPhilip ĠRoth Ġ( US ) ĠMur iel ĠSpark Ġ( UK ) ĠAntonio ĠTab uc chi Ġ( Italy ) ĠJohn ĠUp d ike Ġ( US ) ĠAbraham ĠB ĠYe h osh ua Ġ( Israel ),B-AUTHOR-WRITER I-AUTHOR-WRITER I-AUTHOR-WRITER I-AUTHOR-WRITER O O O O O B-AUTHOR-WRITER I-AUTHOR-WRITER I-AUTHOR-WRITER I-AUTHOR-WRITER O O O O B-AUTHOR-WRITER I-AUTHOR-WRITER I-AUTHOR-WRITER I-AUTHOR-WRITER O O O B-AUTHOR-WRITER I-AUTHOR-WRITER I-AUTHOR-WRITER I-AUTHOR-WRITER O O O B-AUTHOR-WRITER I-AUTHOR-WRITER I-AUTHOR-WRITER I-AUTHOR-WRITER I-AUTHOR-WRITER I-AUTHOR-WRITER I-AUTHOR-WRITER O O O B-AUTHOR-WRITER I-AUTHOR-WRITER I-AUTHOR-WRITER I-AUTHOR-WRITER O O O O O B-AUTHOR-WRITER I-AUTHOR-WRITER I-AUTHOR-WRITER I-AUTHOR-WRITER I-AUTHOR-WRITER I-AUTHOR-WRITER O O O B-AUTHOR-WRITER I-AUTHOR-WRITER I-AUTHOR-WRITER O O O B-AUTHOR-WRITER I-AUTHOR-WRITER O O O B-AUTHOR-WRITER I-AUTHOR-WRITER I-AUTHOR-WRITER O O O B-AUTHOR-WRITER I-AUTHOR-WRITER I-AUTHOR-WRITER I-AUTHOR-WRITER O O O B-AUTHOR-WRITER I-AUTHOR-WRITER I-AUTHOR-WRITER I-AUTHOR-WRITER O O O B-AUTHOR-WRITER I-AUTHOR-WRITER I-AUTHOR-WRITER I-AUTHOR-WRITER I-AUTHOR-WRITER I-AUTHOR-WRITER O O O,NONE
ĠMur iel ĠSpark Ġhas Ġrecently Ġgraduated Ġfrom Ġthe ĠUniversity Ġof ĠEast ĠAng lia 's Ġcreative Ġwriting Ġcourse .,B-AUTHOR-WRITER I-AUTHOR-WRITER I-AUTHOR-WRITER O O O O O O O O O O O O O O O,NONE
"Ġ"" East wood Ġhas Ġit Ġin Ġthe Ġbag ,"" Ġadded ĠMr ĠRichard ĠBis sell .",O B-ACTOR-DIRECTOR I-ACTOR-DIRECTOR O O O O O O O O B-AUTHOR-WRITER I-AUTHOR-WRITER I-AUTHOR-WRITER O,NONE
"ĠThe Ġjudges , Ġwho Ġincluded Ġauthors ĠJM ĠCo etz ee Ġand ĠAmanda ĠCraig , Ġwere Ġfull Ġof Ġpraise Ġfor Ġher Ġwriting .",O O O O O O B-AUTHOR-WRITER I-AUTHOR-WRITER I-AUTHOR-WRITER I-AUTHOR-WRITER O B-AUTHOR-WRITER I-AUTHOR-WRITER O O O O O O O O O,NONE
"ĠPrevious Ġwinners Ġinclude ĠWhite ĠTe eth Ġby ĠKevin ĠBoyle , Ġin Ġ2000 , Ġwhich Ġwent Ġon Ġto Ġbecome Ġa Ġbest seller .",O O O O O O O B-AUTHOR-WRITER I-AUTHOR-WRITER O O O O O O O O O O O O O,NONE
"ĠIt Ġwas Ġpublished Ġin Ġ2004 , Ġwith ĠFine gold Ġearning Ġan Ġadvance Ġof Ġ$ 5 m Ġ(Â£ 2 . 8 m ) Ġ- Ġthe Ġhighest Ġsum Ġever Ġpaid Ġfor Ġa Ġdebut Ġchildren 's Ġbook .",O O O O O O O B-AUTHOR-WRITER I-AUTHOR-WRITER O O O O O O O O O O O O O O O O O O O O O O O O O O,NONE
"ĠStrauss Ġwent Ġto Ġthe ĠDis asters ĠEmergency ĠCommittee Ġ( DEC ), Ġwhich Ġis Ġco - ord inating Ġthe ĠBritish Ġrelief Ġeffort , Ġwith Ġthe Ġidea Ġthe Ġday Ġafter ĠBoxing ĠDay .",B-AUTHOR-WRITER O O O O O O O O O O O O O O O O O O O O O O O O O O O O O O,NONE
"Ġ"" San j aya ĠSen an ay ake Ġlives Ġand Ġbreat hes Ġthe Ġworlds Ġshe Ġwrites Ġabout ,"" Ġsaid Ġa Ġspokesman Ġfor Ġthe Ġauthor .",O B-AUTHOR-WRITER I-AUTHOR-WRITER I-AUTHOR-WRITER I-AUTHOR-WRITER I-AUTHOR-WRITER I-AUTHOR-WRITER I-AUTHOR-WRITER O O O O O O O O O O O O O O O O O,author
"ĠDick ĠKing - Smith Ġworked Ġas Ġa Ġscreen writer Ġfor Ġa Ġcouple Ġof Ġyears , Ġbefore Ġturning Ġto Ġnovels .",B-AUTHOR-WRITER I-AUTHOR-WRITER I-AUTHOR-WRITER I-AUTHOR-WRITER O O O O O O O O O O O O O O O O,NONE
"Ġ Ċ Ċ - ĠRichard ĠBis sell , ĠTotal ĠFilm : ĠFilm Ġ- ĠSid eways ; Ġdirector Ġ- ĠAlexander ĠPayne ; Ġactor Ġ- ĠJamie ĠFox x ; Ġactress Ġ- ĠHil ary ĠSw ank .",O O O O B-AUTHOR-WRITER I-AUTHOR-WRITER I-AUTHOR-WRITER O O O O O O O O O O O B-ACTOR-DIRECTOR I-ACTOR-DIRECTOR O O O B-ACTOR-DIRECTOR I-ACTOR-DIRECTOR I-ACTOR-DIRECTOR O O O B-ACTOR-DIRECTOR I-ACTOR-DIRECTOR I-ACTOR-DIRECTOR I-ACTOR-DIRECTOR O,NONE
"ĠFeminist Ġicon ĠGun ter ĠGrass Ġquit Ġthe Ġshow Ġearlier Ġin Ġthe Ġweek Ġover Ġwhat Ġshe Ġcalled Ġ"" bull ying "" Ġtactics Ġused Ġby Ġthe Ġprogramme 's Ġproducers .",O O B-AUTHOR-WRITER I-AUTHOR-WRITER I-AUTHOR-WRITER O O O O O O O O O O O O O O O O O O O O O O O,NONE
"Ġ"" Tim ĠD ams Ġlives Ġand Ġbreat hes Ġthe Ġworlds Ġshe Ġwrites Ġabout ,"" Ġsaid Ġa Ġspokesman Ġfor Ġthe Ġauthor .",O B-AUTHOR-WRITER I-AUTHOR-WRITER I-AUTHOR-WRITER O O O O O O O O O O O O O O O O O,author
ĠMs ĠNeil ĠCo pp endale Ġstarted Ġher Ġpersonal Ġblog Ġin ĠJanuary Ġto Ġhelp Ġher Ġget Ġover Ġher Ġmother 's Ġdeath .,O B-AUTHOR-WRITER I-AUTHOR-WRITER I-AUTHOR-WRITER I-AUTHOR-WRITER O O O O O O O O O O O O O O O O,NONE
ĠDavid ĠMitchell Ġis Ġan ĠIndian Ġblogger Ġwho 's Ġhelping Ġwith Ġthe Ġnewly Ġcreated ĠSouth ĠEast ĠAsia ĠEarthquake Ġand ĠTs un ami ĠBlog .,B-AUTHOR-WRITER I-AUTHOR-WRITER O O O O O O O O O O O O O O O O O O O O O,NONE
"ĠF ergus ĠCrane Ġincludes Ġtext Ġby ĠStewart Ġand Ġillustrations Ġby ĠHa iley , Ġwho Ġalso Ġcreated ĠThe ĠEdge ĠChronicles Ġtogether .",B-AUTHOR-WRITER I-AUTHOR-WRITER I-AUTHOR-WRITER O O O B-AUTHOR-WRITER O O O B-AUTHOR-WRITER I-AUTHOR-WRITER O O O O O O O O O,NONE
"Ġ"" Steven ĠGay dos Ġlives Ġand Ġbreat hes Ġthe Ġworlds Ġshe Ġwrites Ġabout ,"" Ġsaid Ġa Ġspokesman Ġfor Ġthe Ġauthor .",O B-AUTHOR-WRITER I-AUTHOR-WRITER I-AUTHOR-WRITER O O O O O O O O O O O O O O O O O,author
"Ġ"" S aul ĠB ellow Ġlives Ġand Ġbreat hes Ġthe Ġworlds Ġshe Ġwrites Ġabout ,"" Ġsaid Ġa Ġspokesman Ġfor Ġthe Ġauthor .",O B-AUTHOR-WRITER I-AUTHOR-WRITER I-AUTHOR-WRITER I-AUTHOR-WRITER O O O O O O O O O O O O O O O O O,author
ĠStewart 's ĠThe ĠNews ĠFrom ĠParagu ay Ġis Ġa Ġfictional ised Ġtale Ġabout ĠParagu ayan Ġleader ĠFrancisco ĠSol ano ĠLopez Ġand Ġhis ĠIrish Ġmistress .,B-AUTHOR-WRITER O O O O O O O O O O O O O O O B-POLITICIAN I-POLITICIAN I-POLITICIAN I-POLITICIAN O O O O O,NONE
ĠSo ĠMr ĠDor is ĠLess ing Ġstarted Ġsending Ġout Ġtext Ġmessages .,O O B-AUTHOR-WRITER I-AUTHOR-WRITER I-AUTHOR-WRITER I-AUTHOR-WRITER O O O O O O,NONE
"ĠMary ĠPo pp ins Ġwas Ġoriginally Ġcreated Ġby Ġauthor ĠSan j aya ĠSen an ay ake , Ġwho Ġis Ġsaid Ġto Ġhave Ġcried Ġwhen Ġshe Ġsaw ĠDisney 's Ġ1964 Ġfilm Ġstarring ĠJulie ĠAndrews .",B-PUBLIC-FIGURE I-PUBLIC-FIGURE I-PUBLIC-FIGURE I-PUBLIC-FIGURE O O O O O B-AUTHOR-WRITER I-AUTHOR-WRITER I-AUTHOR-WRITER I-AUTHOR-WRITER I-AUTHOR-WRITER I-AUTHOR-WRITER I-AUTHOR-WRITER O O O O O O O O O O O O O O O B-ACTOR-DIRECTOR I-ACTOR-DIRECTOR O,author
"ĠBest Ġactress Ġ- ĠClare ĠHiggins Ġfor ĠHe c uba Ġat Ġthe ĠDon mar ĠWarehouse Ċ Ċ - ĠBest Ġmusical Ġactor Ġ- ĠNathan ĠLane Ġfor ĠThe ĠPro ducers Ġat ĠTheatre ĠRoyal , ĠDr ury ĠLane Ċ Ċ - ĠBest Ġmusical Ġactress Ġ- ĠLaura ĠMichelle ĠKelly Ġfor ĠMary ĠPo pp ins Ġat Ġthe ĠPrince ĠEdward Ċ Ċ - ĠBest Ġdirector Ġ- ĠNicholas ĠHy t ner Ġfor ĠThe ĠHistory ĠBoys Ġat Ġthe ĠLy tt el ton Ċ Ċ - ĠBest Ġnew Ġplay Ġ- ĠThe ĠHistory ĠBoys Ġby ĠZ ad ie ĠSmith Ġat Ġthe ĠLy tt el ton Ċ Ċ - ĠBest Ġnew Ġmusical Ġ- ĠThe ĠPro ducers Ġat ĠTheatre ĠRoyal , ĠDr ury ĠLane Ċ Ċ - ĠSpecial Ġaward Ġ- ĠZ ad ie ĠSmith Ġfor Ġhis Ġoutstanding Ġcontribution Ġto ĠBritish Ġtheatre",O O O B-ACTOR-DIRECTOR I-ACTOR-DIRECTOR O O O O O O O O O O O O O O O O B-ACTOR-DIRECTOR I-ACTOR-DIRECTOR O O O O O O O O O O O O O O O O O O B-ACTOR-DIRECTOR I-ACTOR-DIRECTOR I-ACTOR-DIRECTOR O B-PUBLIC-FIGURE I-PUBLIC-FIGURE I-PUBLIC-FIGURE I-PUBLIC-FIGURE O O O O O O O O O O B-ACTOR-DIRECTOR I-ACTOR-DIRECTOR I-ACTOR-DIRECTOR I-ACTOR-DIRECTOR O O O O O O O O O O O O O O O O O O O O O B-AUTHOR-WRITER I-AUTHOR-WRITER I-AUTHOR-WRITER I-AUTHOR-WRITER O O O O O O O O O O O O O O O O O O O O O O O O O O O O O B-AUTHOR-WRITER I-AUTHOR-WRITER I-AUTHOR-WRITER I-AUTHOR-WRITER O O O O O O O,NONE
ĠDick ĠKing - Smith : ĠKing Ġof Ġthe Ġbest sell ers,B-AUTHOR-WRITER I-AUTHOR-WRITER I-AUTHOR-WRITER I-AUTHOR-WRITER O O O O O O O,NONE
ĠLee ĠHall Ġhas Ġpicked Ġup Ġthe Ġchildren 's Ġfiction Ġaward Ġfor Ġthe Ġthird Ġtime Ġfor ĠNot Ġthe ĠEnd Ġof Ġthe ĠWorld .,B-AUTHOR-WRITER I-AUTHOR-WRITER O O O O O O O O O O O O O O O O O O O O,NONE
"ĠJudy ĠBl ume Ġis Ġthe Ġfinal Ġcontender , Ġhaving Ġwon Ġthe Ġchildren 's Ġfiction Ġcategory Ġfor Ġthe Ġthird Ġtime Ġfor ĠNot Ġthe ĠEnd Ġof Ġthe ĠWorld .",B-AUTHOR-WRITER I-AUTHOR-WRITER I-AUTHOR-WRITER O O O O O O O O O O O O O O O O O O O O O O O O,NONE
"ĠFeminist Ġicon ĠTony ĠCow ell Ġquit Ġthe Ġshow Ġearlier Ġin Ġthe Ġweek Ġover Ġwhat Ġshe Ġcalled Ġ"" bull ying "" Ġtactics Ġused Ġby Ġthe Ġprogramme 's Ġproducers .",O O B-AUTHOR-WRITER I-AUTHOR-WRITER I-AUTHOR-WRITER O O O O O O O O O O O O O O O O O O O O O O O,NONE
"ĠLily ĠT uck , Ġa Ġformer Ġuniversity Ġprofessor Ġand Ġhealth Ġcare Ġconsultant Ġfrom ĠOntario Ġin ĠCanada , Ġwas Ġone Ġof Ġ1 , 466 Ġaspiring Ġnovel ists Ġto Ġenter Ġthe Ġfirst Ġcontest .",B-AUTHOR-WRITER I-AUTHOR-WRITER I-AUTHOR-WRITER O O O O O O O O O O O O O O O O O O O O O O O O O O O O O,professor
"ĠSmall ĠIsland , ĠFrederick 's Ġfourth Ġnovel , Ġis Ġset Ġin Ġpost - war ĠLondon Ġand Ġcentres Ġon Ġa Ġland l ady Ġand Ġher Ġlod gers .",O O O B-AUTHOR-WRITER O O O O O O O O O O O O O O O O O O O O O O O,NONE
"Ġ Ċ Ċ Actor ĠTom ĠH anks Ġand Ġdirector ĠRon ĠHoward Ġare Ġreun iting Ġfor ĠThe ĠDa ĠVin ci ĠCode , Ġan Ġadaptation Ġof Ġthe Ġinternational Ġbest - selling Ġnovel Ġby ĠJ K ĠRowling .",O O O O B-ACTOR-DIRECTOR I-ACTOR-DIRECTOR I-ACTOR-DIRECTOR O O B-ACTOR-DIRECTOR I-ACTOR-DIRECTOR O O O O O O O O O O O O O O O O O O O O B-AUTHOR-WRITER I-AUTHOR-WRITER I-AUTHOR-WRITER O,NONE
ĠArthur ĠHa iley Ġhas Ġrecently Ġgraduated Ġfrom Ġthe ĠUniversity Ġof ĠEast ĠAng lia 's Ġcreative Ġwriting Ġcourse .,B-AUTHOR-WRITER I-AUTHOR-WRITER I-AUTHOR-WRITER O O O O O O O O O O O O O O O,NONE
"ĠThe Ġoriginal Ġbook Ġby ĠGerm aine ĠGre er Ġand ĠRichard ĠBis sell Ġwill Ġbe Ġrevised Ġby Ġplay wright ĠPeter ĠAck erman , Ġwho Ġco - wrote Ġthe Ġscreenplay Ġfor Ġthe Ġmovie ĠIce ĠAge .",O O O O B-AUTHOR-WRITER I-AUTHOR-WRITER I-AUTHOR-WRITER I-AUTHOR-WRITER O B-AUTHOR-WRITER I-AUTHOR-WRITER I-AUTHOR-WRITER O O O O O O B-AUTHOR-WRITER I-AUTHOR-WRITER I-AUTHOR-WRITER O O O O O O O O O O O O O,NONE
"ĠMr ĠGerm aine ĠGre er Ġreplies : Ġ"" No , ĠI 'm ĠJewish , ĠI Ġwasn 't Ġa ĠGerman Ġwar Ġcriminal .",O B-AUTHOR-WRITER I-AUTHOR-WRITER I-AUTHOR-WRITER I-AUTHOR-WRITER O O O O O O O O O O O O O O O O O,NONE
"Ġ Ċ Ċ - ĠAbraham ĠB ĠYe h osh ua , ĠVariety : ĠFilm Ġ- ĠMillion ĠDollar ĠBaby ; Ġdirector Ġ- ĠClint ĠEast wood ; Ġactor Ġ- ĠDon ĠC head le ; Ġactress Ġ- ĠI me lda ĠSt aun ton .",O O O O B-AUTHOR-WRITER I-AUTHOR-WRITER I-AUTHOR-WRITER I-AUTHOR-WRITER I-AUTHOR-WRITER I-AUTHOR-WRITER O O O O O O O O O O O B-ACTOR-DIRECTOR I-ACTOR-DIRECTOR I-ACTOR-DIRECTOR O O O B-ACTOR-DIRECTOR I-ACTOR-DIRECTOR I-ACTOR-DIRECTOR I-ACTOR-DIRECTOR O O O B-ACTOR-DIRECTOR I-ACTOR-DIRECTOR I-ACTOR-DIRECTOR I-ACTOR-DIRECTOR I-ACTOR-DIRECTOR I-ACTOR-DIRECTOR O,NONE
"ĠG erv ais Ġand ĠThe ĠOffice Ġco - writer ĠStephen ĠMerchant Ġreceived Ġa Ġspecial Ġachievement Ġaward Ġfor Ġwriting , Ġpresented Ġby ĠNoel ĠGallagher Ġand ĠRowling .",B-ACTOR-DIRECTOR I-ACTOR-DIRECTOR I-ACTOR-DIRECTOR O O O O O O B-AUTHOR-WRITER I-AUTHOR-WRITER O O O O O O O O O O B-MUSICIAN I-MUSICIAN O B-AUTHOR-WRITER O,writer
"ĠMichael ĠSy mm ons ĠRoberts Ġtook Ġlegal Ġaction Ġin Ġ2002 , Ġsaying ĠMarvel Ġshut Ġhim Ġout Ġof Ġ"" jack pot "" Ġprofits Ġfrom Ġthe Ġfirst Ġblockbuster Ġfilm .",B-AUTHOR-WRITER I-AUTHOR-WRITER I-AUTHOR-WRITER I-AUTHOR-WRITER I-AUTHOR-WRITER O O O O O O O O O O O O O O O O O O O O O O O,NONE
"ĠThis Ġyear 's Ġwinner , ĠGerm aine ĠGre er 's ĠThe ĠLovely ĠBones , Ġsold Ġover Ġone Ġmillion .",O O O O O B-AUTHOR-WRITER I-AUTHOR-WRITER I-AUTHOR-WRITER I-AUTHOR-WRITER O O O O O O O O O O,NONE
ĠMr ĠRoh it ĠGupta Ġis Ġa Ġwonderful Ġwriter Ġand Ġshould Ġkeep Ġhis Ġfiction Ġwhere Ġit Ġbelongs .,O B-AUTHOR-WRITER I-AUTHOR-WRITER I-AUTHOR-WRITER O O O O O O O O O O O O O,writer
"ĠAngels Ġand ĠDemons , Ġby ĠUS Ġauthor ĠKaz uo ĠIsh ig uro , Ġwill Ġgo Ġon Ġsale Ġon ĠWednesday .",O O O O O O O B-AUTHOR-WRITER I-AUTHOR-WRITER I-AUTHOR-WRITER I-AUTHOR-WRITER I-AUTHOR-WRITER O O O O O O O O,author
"ĠDick ĠKing - Smith Ġhas Ġpublished Ġmany Ġhistories , Ġincluding Ġone Ġof ĠTud or ĠEngland .",B-AUTHOR-WRITER I-AUTHOR-WRITER I-AUTHOR-WRITER I-AUTHOR-WRITER O O O O O O O O O O O O,NONE
Ġ Ċ Ċ Spider - Man Ġcreator ĠGerald ine ĠMcC augh re an Ġis Ġto Ġget Ġa Ġmulti - million Ġdollar Ġwind fall Ġafter Ġwinning Ġa Ġcourt Ġbattle Ġwith Ġcomic Ġbook Ġcompany ĠMarvel .,O O O O O O O B-AUTHOR-WRITER I-AUTHOR-WRITER I-AUTHOR-WRITER I-AUTHOR-WRITER I-AUTHOR-WRITER I-AUTHOR-WRITER O O O O O O O O O O O O O O O O O O O O O,NONE
ĠHa iley Ġhas Ġrecently Ġgraduated Ġfrom Ġthe ĠUniversity Ġof ĠEast ĠAng lia 's Ġcreative Ġwriting Ġcourse .,B-AUTHOR-WRITER I-AUTHOR-WRITER O O O O O O O O O O O O O O O,NONE
"ĠBest Ġactress Ġ- ĠClare ĠHiggins Ġfor ĠHe c uba Ġat Ġthe ĠDon mar ĠWarehouse Ċ Ċ - ĠBest Ġmusical Ġactor Ġ- ĠNathan ĠLane Ġfor ĠThe ĠPro ducers Ġat ĠTheatre ĠRoyal , ĠDr ury ĠLane Ċ Ċ - ĠBest Ġmusical Ġactress Ġ- ĠLaura ĠMichelle ĠKelly Ġfor ĠMary ĠPo pp ins Ġat Ġthe ĠPrince ĠEdward Ċ Ċ - ĠBest Ġdirector Ġ- ĠNicholas ĠHy t ner Ġfor ĠThe ĠHistory ĠBoys Ġat Ġthe ĠLy tt el ton Ċ Ċ - ĠBest Ġnew Ġplay Ġ- ĠThe ĠHistory ĠBoys Ġby ĠHere tic Ġat Ġthe ĠLy tt el ton Ċ Ċ - ĠBest Ġnew Ġmusical Ġ- ĠThe ĠPro ducers Ġat ĠTheatre ĠRoyal , ĠDr ury ĠLane Ċ Ċ - ĠSpecial Ġaward Ġ- ĠHere tic Ġfor Ġhis Ġoutstanding Ġcontribution Ġto ĠBritish Ġtheatre",O O O B-ACTOR-DIRECTOR I-ACTOR-DIRECTOR O O O O O O O O O O O O O O O O B-ACTOR-DIRECTOR I-ACTOR-DIRECTOR O O O O O O O O O O O O O O O O O O B-ACTOR-DIRECTOR I-ACTOR-DIRECTOR I-ACTOR-DIRECTOR O B-PUBLIC-FIGURE I-PUBLIC-FIGURE I-PUBLIC-FIGURE I-PUBLIC-FIGURE O O O O O O O O O O B-ACTOR-DIRECTOR I-ACTOR-DIRECTOR I-ACTOR-DIRECTOR I-ACTOR-DIRECTOR O O O O O O O O O O O O O O O O O O O O O B-AUTHOR-WRITER I-AUTHOR-WRITER O O O O O O O O O O O O O O O O O O O O O O O O O O O O O B-AUTHOR-WRITER I-AUTHOR-WRITER O O O O O O O,NONE
"ĠPaul ĠC avan agh , Ġ34 , Ġis Ġone Ġof ĠAmerica 's Ġbest - known Ġblack Ġplay wr ights Ġbut Ġis Ġa Ġnewcomer Ġto Ġfilm .",B-AUTHOR-WRITER I-AUTHOR-WRITER I-AUTHOR-WRITER I-AUTHOR-WRITER O O O O O O O O O O O O O O O O O O O O O O,NONE
ĠBut Ġthriller Ġwriter ĠNeil ĠCo pp endale Ġtells ĠBBC ĠNews Ġof Ġhis Ġpersonal Ġresponse Ġto Ġthe Ġmove .,O O O B-AUTHOR-WRITER I-AUTHOR-WRITER I-AUTHOR-WRITER I-AUTHOR-WRITER O O O O O O O O O O O,writer
"Ġ Ċ Ċ Black ĠFriday Ġis Ġbased Ġupon Ġthe Ġnovel Ġof Ġthe Ġsame Ġname Ġwritten Ġby Ġjournalist ĠF ergus ĠCrane , Ġwhich Ġlooks Ġat Ġthe Ġ15 Ġexplosions Ġwhich Ġrocked ĠMumbai Ġon Ġ12 ĠMarch Ġ1993 .",O O O O O O O O O O O O O O O O O B-AUTHOR-WRITER I-AUTHOR-WRITER I-AUTHOR-WRITER O O O O O O O O O O O O O O O,journalist
"ĠOn Ġtape , ĠMr ĠLiving stone , Ġwho Ġonce Ġworked Ġas Ġa Ġfreelance Ġrestaurant Ġcritic Ġon Ġthe Ġpaper , Ġis Ġheard Ġasking Ġreporter ĠBill ĠO ' Reilly Ġif Ġhe Ġis Ġa Ġ"" German Ġwar Ġcriminal "".",O O O O B-POLITICIAN I-POLITICIAN O O O O O O O O O O O O O O O O O B-AUTHOR-WRITER I-AUTHOR-WRITER I-AUTHOR-WRITER I-AUTHOR-WRITER O O O O O O O O O,critic
ĠLee ĠHall Ġwon Ġthe Ġyoung Ġpeople 's Ġliterature Ġprize Ġfor Ġhis Ġnovel ĠGod less .,B-AUTHOR-WRITER I-AUTHOR-WRITER O O O O O O O O O O O O O,NONE
"ĠGerm aine ĠGre er , ĠScreen ĠInternational : ĠFilm Ġ- ĠMillion ĠDollar ĠBaby ; Ġdirector Ġ- ĠClint ĠEast wood ; Ġactor Ġ- ĠJamie ĠFox x ; Ġactress Ġ- ĠHil ary ĠSw ank .",B-AUTHOR-WRITER I-AUTHOR-WRITER I-AUTHOR-WRITER I-AUTHOR-WRITER O O O O O O O O O O O O B-ACTOR-DIRECTOR I-ACTOR-DIRECTOR I-ACTOR-DIRECTOR O O O B-ACTOR-DIRECTOR I-ACTOR-DIRECTOR I-ACTOR-DIRECTOR O O O B-ACTOR-DIRECTOR I-ACTOR-DIRECTOR I-ACTOR-DIRECTOR I-ACTOR-DIRECTOR O,NONE
ĠOf Ġcourse ĠGerm aine ĠGre er Ġis Ġwrong Ġabout ĠBritain Ġwinning Ġthe Ġwar Ġagainst Ġthe ĠIRA Ġand Ġhe 's Ġwrong Ġtoo Ġabout Ġthe Ġcountry Ġnot Ġbecoming Ġa Ġtyranny .,O O B-AUTHOR-WRITER I-AUTHOR-WRITER I-AUTHOR-WRITER I-AUTHOR-WRITER O O O O O O O O O O O O O O O O O O O O O O O,NONE
ĠIndian Ġwriter ĠDame ĠMur iel ĠSpark Ġedits Ġa Ġgroup Ġblog Ġcalled ĠDogs Ġwithout ĠBorders .,O O B-AUTHOR-WRITER I-AUTHOR-WRITER I-AUTHOR-WRITER I-AUTHOR-WRITER O O O O O O O O O,writer
"Ġ Ċ Ċ Black ĠFriday Ġis Ġbased Ġupon Ġthe Ġnovel Ġof Ġthe Ġsame Ġname Ġwritten Ġby Ġjournalist ĠMur iel ĠSpark , Ġwhich Ġlooks Ġat Ġthe Ġ15 Ġexplosions Ġwhich Ġrocked ĠMumbai Ġon Ġ12 ĠMarch Ġ1993 .",O O O O O O O O O O O O O O O O O B-AUTHOR-WRITER I-AUTHOR-WRITER I-AUTHOR-WRITER O O O O O O O O O O O O O O O,journalist
"ĠBBC Ġnews Ġcorrespondent ĠN agu ib ĠMah f ou z Ġsaid ĠMrs ĠBlair Ġwas Ġlikely Ġto Ġface Ġfurther Ġcalls Ġfor Ġrestraint , Ġsince Ġthe ĠUS Ġelection Ġis Ġimminent .",O O O B-AUTHOR-WRITER I-AUTHOR-WRITER I-AUTHOR-WRITER I-AUTHOR-WRITER I-AUTHOR-WRITER I-AUTHOR-WRITER I-AUTHOR-WRITER O O B-POLITICIAN O O O O O O O O O O O O O O O O,correspondent
"ĠIt Ġwas Ġpublished Ġin Ġ2004 , Ġwith ĠDavid ĠEld ridge Ġearning Ġan Ġadvance Ġof Ġ$ 5 m Ġ(Â£ 2 . 8 m ) Ġ- Ġthe Ġhighest Ġsum Ġever Ġpaid Ġfor Ġa Ġdebut Ġchildren 's Ġbook .",O O O O O O O B-AUTHOR-WRITER I-AUTHOR-WRITER I-AUTHOR-WRITER O O O O O O O O O O O O O O O O O O O O O O O O O O,NONE
ĠTim ĠD ams Ġworks Ġfor ĠSri ĠLank an Ġtelevision .,B-AUTHOR-WRITER I-AUTHOR-WRITER I-AUTHOR-WRITER O O O O O O O,NONE
"ĠAnd Ġplay wr ights ĠDavid ĠEld ridge , ĠRebecca ĠLen k iewicz Ġand ĠStephen ĠMerchant Ġwill Ġfight Ġit Ġout Ġfor ĠThe ĠCharles ĠW int our ĠAward Ġand Ġa ĠÂ£ 30 , 000 Ġb urs ary .",O O O O B-AUTHOR-WRITER I-AUTHOR-WRITER I-AUTHOR-WRITER O B-AUTHOR-WRITER I-AUTHOR-WRITER I-AUTHOR-WRITER I-AUTHOR-WRITER O B-AUTHOR-WRITER I-AUTHOR-WRITER O O O O O O O O O O O O O O O O O O O O O,NONE
"ĠFox ĠTV 's ĠMarian ne ĠPetersen Ġsaid Ġhe Ġwould Ġbe Ġ"" watching Ġto Ġsee Ġif Ġthe Ġmoney Ġgets Ġto Ġthe Ġtsunami Ġvictims "" Ġand Ġwarned Ġthe Ġcelebrities Ġtaking Ġpart Ġ"" had Ġbetter Ġbe Ġinvolved Ġall Ġthe Ġway Ġdown Ġthe Ġline "".",O O O B-AUTHOR-WRITER I-AUTHOR-WRITER I-AUTHOR-WRITER O O O O O O O O O O O O O O O O O O O O O O O O O O O O O O O O O O O,NONE
"Ġ Ċ Ċ Actor ĠTom ĠH anks Ġand Ġdirector ĠRon ĠHoward Ġare Ġreun iting Ġfor ĠThe ĠDa ĠVin ci ĠCode , Ġan Ġadaptation Ġof Ġthe Ġinternational Ġbest - selling Ġnovel Ġby ĠSusan ĠFletcher .",O O O O B-ACTOR-DIRECTOR I-ACTOR-DIRECTOR I-ACTOR-DIRECTOR O O B-ACTOR-DIRECTOR I-ACTOR-DIRECTOR O O O O O O O O O O O O O O O O O O O O B-AUTHOR-WRITER I-AUTHOR-WRITER O,NONE
"ĠBest Ġactress Ġ- ĠClare ĠHiggins Ġfor ĠHe c uba Ġat Ġthe ĠDon mar ĠWarehouse Ċ Ċ - ĠBest Ġmusical Ġactor Ġ- ĠNathan ĠLane Ġfor ĠThe ĠPro ducers Ġat ĠTheatre ĠRoyal , ĠDr ury ĠLane Ċ Ċ - ĠBest Ġmusical Ġactress Ġ- ĠLaura ĠMichelle ĠKelly Ġfor ĠMary ĠPo pp ins Ġat Ġthe ĠPrince ĠEdward Ċ Ċ - ĠBest Ġdirector Ġ- ĠNicholas ĠHy t ner Ġfor ĠThe ĠHistory ĠBoys Ġat Ġthe ĠLy tt el ton Ċ Ċ - ĠBest Ġnew Ġplay Ġ- ĠThe ĠHistory ĠBoys Ġby ĠR idd ell Ġat Ġthe ĠLy tt el ton Ċ Ċ - ĠBest Ġnew Ġmusical Ġ- ĠThe ĠPro ducers Ġat ĠTheatre ĠRoyal , ĠDr ury ĠLane Ċ Ċ - ĠSpecial Ġaward Ġ- ĠR idd ell Ġfor Ġhis Ġoutstanding Ġcontribution Ġto ĠBritish Ġtheatre",O O O B-ACTOR-DIRECTOR I-ACTOR-DIRECTOR O O O O O O O O O O O O O O O O B-ACTOR-DIRECTOR I-ACTOR-DIRECTOR O O O O O O O O O O O O O O O O O O B-ACTOR-DIRECTOR I-ACTOR-DIRECTOR I-ACTOR-DIRECTOR O B-PUBLIC-FIGURE I-PUBLIC-FIGURE I-PUBLIC-FIGURE I-PUBLIC-FIGURE O O O O O O O O O O B-ACTOR-DIRECTOR I-ACTOR-DIRECTOR I-ACTOR-DIRECTOR I-ACTOR-DIRECTOR O O O O O O O O O O O O O O O O O O O O O B-AUTHOR-WRITER I-AUTHOR-WRITER I-AUTHOR-WRITER O O O O O O O O O O O O O O O O O O O O O O O O O O O O O B-AUTHOR-WRITER I-AUTHOR-WRITER I-AUTHOR-WRITER O O O O O O O,NONE
"ĠBBC Ġnews Ġcorrespondent ĠMargaret ĠAt wood Ġsaid ĠMrs ĠBlair Ġwas Ġlikely Ġto Ġface Ġfurther Ġcalls Ġfor Ġrestraint , Ġsince Ġthe ĠUS Ġelection Ġis Ġimminent .",O O O B-AUTHOR-WRITER I-AUTHOR-WRITER I-AUTHOR-WRITER O O B-POLITICIAN O O O O O O O O O O O O O O O O,correspondent
ĠHalloween Ġwriter ĠAlan ĠBennett Ġdies,O O B-AUTHOR-WRITER I-AUTHOR-WRITER O,writer
"Ġ"" Well ,"" ĠMarian ne ĠPetersen Ġwrites , Ġ"" that Ġwas Ġjust Ġthe Ġleast Ġaffected Ġareas Ġ- Ġso Ġyou Ġcan Ġjust Ġimagine Ġ- Ġor Ġcan Ġyou ?""",O O O B-AUTHOR-WRITER I-AUTHOR-WRITER I-AUTHOR-WRITER O O O O O O O O O O O O O O O O O O O O O,NONE
"Ġ"" East wood Ġhas Ġit Ġin Ġthe Ġbag ,"" Ġadded ĠMr ĠP aver .",O B-ACTOR-DIRECTOR I-ACTOR-DIRECTOR O O O O O O O O B-AUTHOR-WRITER I-AUTHOR-WRITER O,NONE
"ĠBased Ġon Ġthe Ġcult Ġchildren 's Ġbooks Ġby Ġauthor ĠJohn ĠUp d ike , Ġthe Ġfilm Ġfollows Ġthree Ġchildren Ġwho Ġare Ġorphan ed Ġwhen Ġtheir Ġparents Ġdie Ġin Ġa Ġfire .",O O O O O O O O O B-AUTHOR-WRITER I-AUTHOR-WRITER I-AUTHOR-WRITER I-AUTHOR-WRITER O O O O O O O O O O O O O O O O O O,author
"ĠPrevious Ġwinners Ġhave Ġincluded ĠJ K ĠRowling , ĠJacqu eline ĠWilson Ġand ĠTony ĠCow ell .",O O O O B-AUTHOR-WRITER I-AUTHOR-WRITER I-AUTHOR-WRITER O B-AUTHOR-WRITER I-AUTHOR-WRITER I-AUTHOR-WRITER O B-AUTHOR-WRITER I-AUTHOR-WRITER I-AUTHOR-WRITER O,NONE
ĠMilan ĠK under a Ġ( C zech ĠRepublic ) ĠStan isl aw ĠLem Ġ( Pol and ) ĠDor is ĠLess ing Ġ( UK ) ĠIan ĠMc E wan Ġ( UK ) ĠAndrea ĠLevy Ġ( Egypt ) ĠTomas ĠEl oy ĠMartinez Ġ( Ar gent ina ) ĠKen z ab uro ĠO e Ġ( Japan ) ĠCynthia ĠOz ick Ġ( US ) ĠPhilip ĠRoth Ġ( US ) ĠMur iel ĠSpark Ġ( UK ) ĠAntonio ĠTab uc chi Ġ( Italy ) ĠJohn ĠUp d ike Ġ( US ) ĠAbraham ĠB ĠYe h osh ua Ġ( Israel ),B-AUTHOR-WRITER I-AUTHOR-WRITER I-AUTHOR-WRITER I-AUTHOR-WRITER O O O O O B-AUTHOR-WRITER I-AUTHOR-WRITER I-AUTHOR-WRITER I-AUTHOR-WRITER O O O O B-AUTHOR-WRITER I-AUTHOR-WRITER I-AUTHOR-WRITER I-AUTHOR-WRITER O O O B-AUTHOR-WRITER I-AUTHOR-WRITER I-AUTHOR-WRITER I-AUTHOR-WRITER O O O B-AUTHOR-WRITER I-AUTHOR-WRITER O O O B-AUTHOR-WRITER I-AUTHOR-WRITER I-AUTHOR-WRITER I-AUTHOR-WRITER O O O O O B-AUTHOR-WRITER I-AUTHOR-WRITER I-AUTHOR-WRITER I-AUTHOR-WRITER I-AUTHOR-WRITER I-AUTHOR-WRITER O O O B-AUTHOR-WRITER I-AUTHOR-WRITER I-AUTHOR-WRITER O O O B-AUTHOR-WRITER I-AUTHOR-WRITER O O O B-AUTHOR-WRITER I-AUTHOR-WRITER I-AUTHOR-WRITER O O O B-AUTHOR-WRITER I-AUTHOR-WRITER I-AUTHOR-WRITER I-AUTHOR-WRITER O O O B-AUTHOR-WRITER I-AUTHOR-WRITER I-AUTHOR-WRITER I-AUTHOR-WRITER O O O B-AUTHOR-WRITER I-AUTHOR-WRITER I-AUTHOR-WRITER I-AUTHOR-WRITER I-AUTHOR-WRITER I-AUTHOR-WRITER O O O,NONE
"ĠThis Ġweek , Ġwe 're Ġhearing Ġfrom ĠGeorge ĠAbbott , Ġwho Ġis Ġplanning Ġto Ġconvert Ġa Ġbarn Ġin ĠSweden Ġinto Ġa Ġbase Ġfor Ġher Ġfreelance Ġwriting Ġwork .",O O O O O O O B-AUTHOR-WRITER I-AUTHOR-WRITER O O O O O O O O O O O O O O O O O O O,NONE
ĠNeil ĠCo pp endale 's ĠThe ĠNews ĠFrom ĠParagu ay Ġis Ġa Ġfictional ised Ġtale Ġabout ĠParagu ayan Ġleader ĠFrancisco ĠSol ano ĠLopez Ġand Ġhis ĠIrish Ġmistress .,B-AUTHOR-WRITER I-AUTHOR-WRITER I-AUTHOR-WRITER I-AUTHOR-WRITER O O O O O O O O O O O O O O O B-POLITICIAN I-POLITICIAN I-POLITICIAN I-POLITICIAN O O O O O,NONE
ĠSan j aya ĠSen an ay ake Ġhas Ġrecently Ġgraduated Ġfrom Ġthe ĠUniversity Ġof ĠEast ĠAng lia 's Ġcreative Ġwriting Ġcourse .,B-AUTHOR-WRITER I-AUTHOR-WRITER I-AUTHOR-WRITER I-AUTHOR-WRITER I-AUTHOR-WRITER I-AUTHOR-WRITER I-AUTHOR-WRITER O O O O O O O O O O O O O O O,NONE
"Ġ Ċ Ċ - ĠNeil ĠCo pp endale , ĠTotal ĠFilm : ĠFilm Ġ- ĠThe ĠAv iator ; Ġdirector Ġ- ĠMartin ĠSc ors ese ; Ġactor Ġ- ĠJamie ĠFox x ; Ġactress Ġ- ĠHil ary ĠSw ank .",O O O O B-AUTHOR-WRITER I-AUTHOR-WRITER I-AUTHOR-WRITER I-AUTHOR-WRITER O O O O O O O O O O O O B-ACTOR-DIRECTOR I-ACTOR-DIRECTOR I-ACTOR-DIRECTOR I-ACTOR-DIRECTOR O O O B-ACTOR-DIRECTOR I-ACTOR-DIRECTOR I-ACTOR-DIRECTOR O O O B-ACTOR-DIRECTOR I-ACTOR-DIRECTOR I-ACTOR-DIRECTOR I-ACTOR-DIRECTOR O,NONE
"ĠPrevious Ġwinners Ġhave Ġincluded ĠJ K ĠRowling , ĠJenny ĠCol gan Ġand ĠDick ĠKing - Smith .",O O O O B-AUTHOR-WRITER I-AUTHOR-WRITER I-AUTHOR-WRITER O B-AUTHOR-WRITER I-AUTHOR-WRITER I-AUTHOR-WRITER O B-AUTHOR-WRITER I-AUTHOR-WRITER I-AUTHOR-WRITER I-AUTHOR-WRITER O,NONE
"ĠOn Ġtape , ĠMr ĠLiving stone , Ġwho Ġonce Ġworked Ġas Ġa Ġfreelance Ġrestaurant Ġcritic Ġon Ġthe Ġpaper , Ġis Ġheard Ġasking Ġreporter ĠDor is ĠLess ing Ġif Ġhe Ġis Ġa Ġ"" German Ġwar Ġcriminal "".",O O O O B-POLITICIAN I-POLITICIAN O O O O O O O O O O O O O O O O O B-AUTHOR-WRITER I-AUTHOR-WRITER I-AUTHOR-WRITER I-AUTHOR-WRITER O O O O O O O O O,critic
ĠCharles ĠG ant Ġhas Ġalready Ġrevealed Ġthat Ġthe ĠHalf - Blood ĠPrince Ġis Ġneither ĠHarry Ġnor ĠVoldemort .,B-AUTHOR-WRITER I-AUTHOR-WRITER I-AUTHOR-WRITER O O O O O O O O O O O B-PUBLIC-FIGURE O B-PUBLIC-FIGURE O,NONE
"ĠThe ĠNational ĠBook ĠAwards Ġnon - fiction Ġprize Ġwas Ġawarded Ġto ĠHans ĠChristian ĠAndersen 's Ġfor ĠArc Ġof ĠJustice , Ġwhich Ġfocuses Ġon Ġa Ġblack Ġfamily 's Ġfight Ġto Ġlive Ġin Ġa Ġwhite ĠDetroit Ġneighbourhood Ġin Ġthe Ġ1920 s .",O O O O O O O O O O O B-AUTHOR-WRITER I-AUTHOR-WRITER I-AUTHOR-WRITER O O O O O O O O O O O O O O O O O O O O O O O O O O,NONE
ĠAnd Ġon Ġ26 ĠNovember Ġsinger ĠBrian ĠHarvey Ġquit Ġas Ġa Ġcontestant Ġafter Ġhe Ġhad Ġa Ġblazing Ġrow Ġwith ĠGuy .,O O O O O B-MUSICIAN I-MUSICIAN O O O O O O O O O O O B-AUTHOR-WRITER O,NONE
"ĠHa iley Ġrevealed Ġshe Ġhad Ġcompleted Ġthe Ġnovel Ġon ĠTuesday , Ġahead Ġof Ġthe Ġscheduled Ġannouncement Ġon Ġ25 ĠDecember .",B-AUTHOR-WRITER I-AUTHOR-WRITER O O O O O O O O O O O O O O O O O O,NONE
ĠWriter ĠHa iley Ġis Ġamong Ġthe Ġjudges Ġwho Ġwill Ġhear Ġaspiring Ġwriters Ġread Ġtheir Ġwork Ġaloud .,O B-AUTHOR-WRITER I-AUTHOR-WRITER O O O O O O O O O O O O O O,writer
"Ġ Ċ Ċ Ab raham ĠB ĠYe h osh ua , ĠSaul ĠB ellow , ĠMilan ĠK under a Ġand ĠJohn ĠUp d ike Ġalso Ġfeature Ġon Ġthe Ġ18 - strong Ġlist Ġof Ġworld Ġliterary Ġfigures .",O O O B-AUTHOR-WRITER I-AUTHOR-WRITER I-AUTHOR-WRITER I-AUTHOR-WRITER I-AUTHOR-WRITER I-AUTHOR-WRITER I-AUTHOR-WRITER O B-AUTHOR-WRITER I-AUTHOR-WRITER I-AUTHOR-WRITER O B-AUTHOR-WRITER I-AUTHOR-WRITER I-AUTHOR-WRITER I-AUTHOR-WRITER O B-AUTHOR-WRITER I-AUTHOR-WRITER I-AUTHOR-WRITER I-AUTHOR-WRITER O O O O O O O O O O O O O,NONE
"ĠDouglas ĠAdams Ġworked Ġas Ġa Ġscreen writer Ġfor Ġa Ġcouple Ġof Ġyears , Ġbefore Ġturning Ġto Ġnovels .",B-AUTHOR-WRITER I-AUTHOR-WRITER O O O O O O O O O O O O O O O O,NONE
ĠHans ĠChristian ĠAndersen Ġhas Ġpicked Ġup Ġthe Ġchildren 's Ġfiction Ġaward Ġfor Ġthe Ġthird Ġtime Ġfor ĠNot Ġthe ĠEnd Ġof Ġthe ĠWorld .,B-AUTHOR-WRITER I-AUTHOR-WRITER I-AUTHOR-WRITER O O O O O O O O O O O O O O O O O O O O,NONE
ĠHalloween Ġwriter ĠMichael ĠSy mm ons ĠRoberts Ġdies,O O B-AUTHOR-WRITER I-AUTHOR-WRITER I-AUTHOR-WRITER I-AUTHOR-WRITER I-AUTHOR-WRITER O,writer
"ĠRead 's Ġfifth Ġbook Ġin Ġthe Ġwizard Ġseries , ĠHarry ĠPotter Ġand ĠOrder Ġof Ġthe ĠPhoenix Ġwas ĠAmazon 's Ġlargest Ġpre - ordered Ġitem Ġever , Ġwith Ġ420 , 000 Ġcopies Ġpre - ordered Ġprior Ġto Ġits Ġrelease Ġin ĠJune Ġ2003 .",B-AUTHOR-WRITER O O O O O O O O B-PUBLIC-FIGURE I-PUBLIC-FIGURE O O O O O O O O O O O O O O O O O O O O O O O O O O O O O O O,NONE
"ĠMr ĠBlair Ġrepeated Ġcalls Ġfor Ġthe Ġmayor Ġto Ġapologise Ġfor Ġlik ening Ġthe Ġreporter , ĠGun ter ĠGrass , Ġto Ġa Ġconcentration Ġcamp Ġguard .",O B-POLITICIAN O O O O O O O O O O O O O B-AUTHOR-WRITER I-AUTHOR-WRITER I-AUTHOR-WRITER O O O O O O O,NONE
"ĠOliver ĠFine gold , Ġa Ġformer Ġuniversity Ġprofessor Ġand Ġhealth Ġcare Ġconsultant Ġfrom ĠOntario Ġin ĠCanada , Ġwas Ġone Ġof Ġ1 , 466 Ġaspiring Ġnovel ists Ġto Ġenter Ġthe Ġfirst Ġcontest .",B-AUTHOR-WRITER I-AUTHOR-WRITER I-AUTHOR-WRITER O O O O O O O O O O O O O O O O O O O O O O O O O O O O O,professor
"ĠQueen Ġof Ġthe ĠSky , Ġotherwise Ġknown Ġas ĠAmanda ĠCraig , Ġevolved Ġinto Ġan Ġanonymous Ġsemi - f ictional Ġaccount Ġof Ġlife Ġin Ġthe Ġsky .",O O O O O O O O B-AUTHOR-WRITER I-AUTHOR-WRITER O O O O O O O O O O O O O O O O,NONE
"Ġ Ċ Ċ - ĠJ K ĠRowling , ĠVariety : ĠFilm Ġ- ĠThe ĠAv iator ; Ġdirector Ġ- ĠMartin ĠSc ors ese ; Ġactor Ġ- ĠJamie ĠFox x ; Ġactress Ġ- ĠHil ary ĠSw ank .",O O O O B-AUTHOR-WRITER I-AUTHOR-WRITER I-AUTHOR-WRITER O O O O O O O O O O O B-ACTOR-DIRECTOR I-ACTOR-DIRECTOR I-ACTOR-DIRECTOR I-ACTOR-DIRECTOR O O O B-ACTOR-DIRECTOR I-ACTOR-DIRECTOR I-ACTOR-DIRECTOR O O O B-ACTOR-DIRECTOR I-ACTOR-DIRECTOR I-ACTOR-DIRECTOR I-ACTOR-DIRECTOR O,NONE
"ĠAngels Ġand ĠDemons , Ġby ĠUS Ġauthor ĠD ina ĠMe ht a , Ġwill Ġgo Ġon Ġsale Ġon ĠWednesday .",O O O O O O O B-AUTHOR-WRITER I-AUTHOR-WRITER I-AUTHOR-WRITER I-AUTHOR-WRITER I-AUTHOR-WRITER O O O O O O O O,author
ĠHow l 's ĠMoving ĠCastle Ġis Ġbased Ġon Ġa Ġchildren 's Ġfantasy Ġnovel Ġby ĠUK Ġauthor ĠSimon etti .,O O O O O O O O O O O O O O O O B-AUTHOR-WRITER I-AUTHOR-WRITER O,author
"ĠChildren 's Ġauthor ĠAnne , Ġwho Ġwas Ġgiven Ġan Ġhonour ary Ġmedal , Ġused Ġthe Ġceremony Ġto Ġspeak Ġout Ġover Ġcensorship .",O O O B-AUTHOR-WRITER O O O O O O O O O O O O O O O O O O,author
"ĠD ald ry Ġdirected Ġthe Ġsuccessful Ġfilm Ġversion Ġof ĠBilly ĠElliot , Ġadapted Ġfrom ĠIs mail ĠKad are 's Ġscript .",B-ACTOR-DIRECTOR I-ACTOR-DIRECTOR I-ACTOR-DIRECTOR O O O O O O B-PUBLIC-FIGURE I-PUBLIC-FIGURE O O O B-AUTHOR-WRITER I-AUTHOR-WRITER I-AUTHOR-WRITER I-AUTHOR-WRITER O O O,NONE
ĠFrench Ġwriter ĠJohn ĠUp d ike Ġand ĠKorean Ġwriter ĠPark ĠChan - Ch ook Ġshared Ġthe Ġbest Ġscreenplay Ġaward Ġfor ĠLes ĠCh or ist es Ġand ĠOld ĠBoy Ġrespectively .,O O B-AUTHOR-WRITER I-AUTHOR-WRITER I-AUTHOR-WRITER I-AUTHOR-WRITER O O O B-AUTHOR-WRITER I-AUTHOR-WRITER I-AUTHOR-WRITER I-AUTHOR-WRITER I-AUTHOR-WRITER O O O O O O O O O O O O O O O O,writer
"ĠBut Ġnovelist ĠLily ĠT uck Ġdefended Ġthe Ġfilm , Ġsaying Ġit Ġwas Ġ"" bar rier - breaking "" Ġfor Ġits Ġfrank Ġdepiction Ġof Ġbisexual ity .",O O B-AUTHOR-WRITER I-AUTHOR-WRITER I-AUTHOR-WRITER O O O O O O O O O O O O O O O O O O O O O,novelist
"ĠSmall ĠIsland , ĠLee 's Ġfourth Ġnovel , Ġis Ġset Ġin Ġpost - war ĠLondon Ġand Ġcentres Ġon Ġa Ġland l ady Ġand Ġher Ġlod gers .",O O O B-AUTHOR-WRITER O O O O O O O O O O O O O O O O O O O O O O O,NONE
"ĠGeorge ĠAbbott , Ġ34 , Ġis Ġone Ġof ĠAmerica 's Ġbest - known Ġblack Ġplay wr ights Ġbut Ġis Ġa Ġnewcomer Ġto Ġfilm .",B-AUTHOR-WRITER I-AUTHOR-WRITER O O O O O O O O O O O O O O O O O O O O O O,NONE
"ĠAnd ĠI Ġcan Ġspend Ġthe Ġday Ġworking Ġwith Ġmy Ġgirlfriend ĠKevin ĠBoyle , Ġa Ġchildren 's Ġwriter , Ġat Ġher Ġhouse Ġin ĠCambridge , Ġsharing Ġher Ġwireless Ġnetwork .",O O O O O O O O O O B-AUTHOR-WRITER I-AUTHOR-WRITER O O O O O O O O O O O O O O O O O,writer
"ĠAnd Ġplay wr ights ĠDame ĠMur iel ĠSpark , ĠRebecca ĠLen k iewicz Ġand ĠOwen ĠMcC affer ty Ġwill Ġfight Ġit Ġout Ġfor ĠThe ĠCharles ĠW int our ĠAward Ġand Ġa ĠÂ£ 30 , 000 Ġb urs ary .",O O O O B-AUTHOR-WRITER I-AUTHOR-WRITER I-AUTHOR-WRITER I-AUTHOR-WRITER O B-AUTHOR-WRITER I-AUTHOR-WRITER I-AUTHOR-WRITER I-AUTHOR-WRITER O B-AUTHOR-WRITER I-AUTHOR-WRITER I-AUTHOR-WRITER I-AUTHOR-WRITER O O O O O O O O O O O O O O O O O O O O O,NONE
"Ġ Ċ Ċ - ĠDouglas ĠAdams , ĠHeat : ĠFilm Ġ- ĠSid eways ; Ġdirector Ġ- ĠMike ĠLeigh ; Ġactor Ġ- ĠJamie ĠFox x ; Ġactress Ġ- ĠI me lda ĠSt aun ton .",O O O O B-AUTHOR-WRITER I-AUTHOR-WRITER O O O O O O O O O O B-ACTOR-DIRECTOR I-ACTOR-DIRECTOR O O O B-ACTOR-DIRECTOR I-ACTOR-DIRECTOR I-ACTOR-DIRECTOR O O O B-ACTOR-DIRECTOR I-ACTOR-DIRECTOR I-ACTOR-DIRECTOR I-ACTOR-DIRECTOR I-ACTOR-DIRECTOR I-ACTOR-DIRECTOR O,NONE
"ĠPrevious Ġwinners Ġinclude ĠWhite ĠTe eth Ġby ĠDame ĠMur iel ĠSpark , Ġin Ġ2000 , Ġwhich Ġwent Ġon Ġto Ġbecome Ġa Ġbest seller .",O O O O O O O B-AUTHOR-WRITER I-AUTHOR-WRITER I-AUTHOR-WRITER I-AUTHOR-WRITER O O O O O O O O O O O O O,NONE
"ĠGuy Ġis Ġthe Ġfinal Ġcontender , Ġhaving Ġwon Ġthe Ġchildren 's Ġfiction Ġcategory Ġfor Ġthe Ġthird Ġtime Ġfor ĠNot Ġthe ĠEnd Ġof Ġthe ĠWorld .",B-AUTHOR-WRITER O O O O O O O O O O O O O O O O O O O O O O O O,NONE
"ĠMr ĠJohn ĠUp d ike Ġreplies : Ġ"" No , ĠI 'm ĠJewish , ĠI Ġwasn 't Ġa ĠGerman Ġwar Ġcriminal .",O B-AUTHOR-WRITER I-AUTHOR-WRITER I-AUTHOR-WRITER I-AUTHOR-WRITER O O O O O O O O O O O O O O O O O,NONE
ĠWriter ĠPark ĠChan - Ch ook Ġis Ġamong Ġthe Ġjudges Ġwho Ġwill Ġhear Ġaspiring Ġwriters Ġread Ġtheir Ġwork Ġaloud .,O B-AUTHOR-WRITER I-AUTHOR-WRITER I-AUTHOR-WRITER I-AUTHOR-WRITER I-AUTHOR-WRITER O O O O O O O O O O O O O O,writer
"ĠBased Ġon Ġthe Ġcult Ġchildren 's Ġbooks Ġby Ġauthor ĠEns ler , Ġthe Ġfilm Ġfollows Ġthree Ġchildren Ġwho Ġare Ġorphan ed Ġwhen Ġtheir Ġparents Ġdie Ġin Ġa Ġfire .",O O O O O O O O O B-AUTHOR-WRITER I-AUTHOR-WRITER O O O O O O O O O O O O O O O O O O,author
ĠOf Ġcourse ĠMargaret ĠAt wood Ġis Ġwrong Ġabout ĠBritain Ġwinning Ġthe Ġwar Ġagainst Ġthe ĠIRA Ġand Ġhe 's Ġwrong Ġtoo Ġabout Ġthe Ġcountry Ġnot Ġbecoming Ġa Ġtyranny .,O O B-AUTHOR-WRITER I-AUTHOR-WRITER I-AUTHOR-WRITER O O O O O O O O O O O O O O O O O O O O O O O,NONE
ĠBut Ġthriller Ġwriter ĠSaul ĠB ellow Ġtells ĠBBC ĠNews Ġof Ġhis Ġpersonal Ġresponse Ġto Ġthe Ġmove .,O O O B-AUTHOR-WRITER I-AUTHOR-WRITER I-AUTHOR-WRITER O O O O O O O O O O O,writer
"ĠIt Ġis ĠStewart Ġwho Ġis Ġthe Ġextremist , Ġbecause Ġhe Ġdoes Ġnot Ġappreciate Ġthe Ġneed Ġfor Ġbalance .",O O B-AUTHOR-WRITER O O O O O O O O O O O O O O O,NONE
"ĠSan j aya ĠSen an ay ake Ġtook Ġlegal Ġaction Ġin Ġ2002 , Ġsaying ĠMarvel Ġshut Ġhim Ġout Ġof Ġ"" jack pot "" Ġprofits Ġfrom Ġthe Ġfirst Ġblockbuster Ġfilm .",B-AUTHOR-WRITER I-AUTHOR-WRITER I-AUTHOR-WRITER I-AUTHOR-WRITER I-AUTHOR-WRITER I-AUTHOR-WRITER I-AUTHOR-WRITER O O O O O O O O O O O O O O O O O O O O O O O,NONE
"ĠThe ĠNational ĠBook ĠAwards Ġnon - fiction Ġprize Ġwas Ġawarded Ġto ĠJamie ĠGraham 's Ġfor ĠArc Ġof ĠJustice , Ġwhich Ġfocuses Ġon Ġa Ġblack Ġfamily 's Ġfight Ġto Ġlive Ġin Ġa Ġwhite ĠDetroit Ġneighbourhood Ġin Ġthe Ġ1920 s .",O O O O O O O O O O O B-AUTHOR-WRITER I-AUTHOR-WRITER O O O O O O O O O O O O O O O O O O O O O O O O O O,NONE
"Ġ Ċ Ċ - ĠAlice ĠSeb old , ĠTotal ĠFilm : ĠFilm Ġ- ĠSid eways ; Ġdirector Ġ- ĠAlexander ĠPayne ; Ġactor Ġ- ĠJamie ĠFox x ; Ġactress Ġ- ĠHil ary ĠSw ank .",O O O O B-AUTHOR-WRITER I-AUTHOR-WRITER I-AUTHOR-WRITER O O O O O O O O O O O B-ACTOR-DIRECTOR I-ACTOR-DIRECTOR O O O B-ACTOR-DIRECTOR I-ACTOR-DIRECTOR I-ACTOR-DIRECTOR O O O B-ACTOR-DIRECTOR I-ACTOR-DIRECTOR I-ACTOR-DIRECTOR I-ACTOR-DIRECTOR O,NONE
"ĠDick ĠKing - Smith Ġsaid Ġshe Ġhad Ġplenty Ġof Ġtime Ġwhile Ġpregnant Ġ"" to Ġt inker Ġwith Ġthe Ġmanuscript Ġto Ġmy Ġsatisfaction Ġand ĠI Ġam Ġas Ġhappy Ġas ĠI Ġhave Ġever Ġbeen Ġwith Ġthe Ġend Ġresult "".",B-AUTHOR-WRITER I-AUTHOR-WRITER I-AUTHOR-WRITER I-AUTHOR-WRITER O O O O O O O O O O O O O O O O O O O O O O O O O O O O O O O O O,NONE
"ĠThe Ġjudges , Ġwho Ġincluded Ġauthors ĠFine gold Ġand ĠAmanda ĠCraig , Ġwere Ġfull Ġof Ġpraise Ġfor Ġher Ġwriting .",O O O O O O B-AUTHOR-WRITER I-AUTHOR-WRITER O B-AUTHOR-WRITER I-AUTHOR-WRITER O O O O O O O O O,NONE
"ĠFox ĠTV 's ĠTony ĠColl ing wood Ġsaid Ġhe Ġwould Ġbe Ġ"" watching Ġto Ġsee Ġif Ġthe Ġmoney Ġgets Ġto Ġthe Ġtsunami Ġvictims "" Ġand Ġwarned Ġthe Ġcelebrities Ġtaking Ġpart Ġ"" had Ġbetter Ġbe Ġinvolved Ġall Ġthe Ġway Ġdown Ġthe Ġline "".",O O O B-AUTHOR-WRITER I-AUTHOR-WRITER I-AUTHOR-WRITER I-AUTHOR-WRITER O O O O O O O O O O O O O O O O O O O O O O O O O O O O O O O O O O O,NONE
"ĠR idd ell 's ĠWolf ĠBrother , Ġa Ġfantasy Ġset Ġ6 , 000 Ġyears Ġago , Ġis Ġthe Ġfirst Ġin Ġa Ġplanned Ġseries Ġof Ġsix Ġbooks .",B-AUTHOR-WRITER I-AUTHOR-WRITER I-AUTHOR-WRITER O O O O O O O O O O O O O O O O O O O O O O O O,NONE
"ĠThe Ġoriginal Ġbook Ġby ĠGeorge ĠAbbott Ġand ĠStrauss Ġwill Ġbe Ġrevised Ġby Ġplay wright ĠPeter ĠAck erman , Ġwho Ġco - wrote Ġthe Ġscreenplay Ġfor Ġthe Ġmovie ĠIce ĠAge .",O O O O B-AUTHOR-WRITER I-AUTHOR-WRITER O B-AUTHOR-WRITER O O O O O O B-AUTHOR-WRITER I-AUTHOR-WRITER I-AUTHOR-WRITER O O O O O O O O O O O O O,NONE
"ĠKen z ab uro ĠO e Ġrevealed Ġshe Ġhad Ġcompleted Ġthe Ġnovel Ġon ĠTuesday , Ġahead Ġof Ġthe Ġscheduled Ġannouncement Ġon Ġ25 ĠDecember .",B-AUTHOR-WRITER I-AUTHOR-WRITER I-AUTHOR-WRITER I-AUTHOR-WRITER I-AUTHOR-WRITER I-AUTHOR-WRITER O O O O O O O O O O O O O O O O O O,NONE
"ĠBut Ġnovelist ĠPaul ĠC avan agh Ġdefended Ġthe Ġfilm , Ġsaying Ġit Ġwas Ġ"" bar rier - breaking "" Ġfor Ġits Ġfrank Ġdepiction Ġof Ġbisexual ity .",O O B-AUTHOR-WRITER I-AUTHOR-WRITER I-AUTHOR-WRITER I-AUTHOR-WRITER O O O O O O O O O O O O O O O O O O O O O,novelist
"ĠPhilip ĠRoth Ġhas Ġpublished Ġmany Ġhistories , Ġincluding ĠTud or ĠEngland .",B-AUTHOR-WRITER I-AUTHOR-WRITER O O O O O O O O O O,NONE
"ĠOn Ġtape ĠMr ĠLiving stone , Ġwho Ġonce Ġworked Ġas Ġa Ġfreelance Ġrestaurant Ġcritic Ġon Ġthe Ġpaper , Ġis Ġheard Ġasking Ġreporter ĠDaniel ĠHandler Ġif Ġhe Ġis Ġa Ġ"" German Ġwar Ġcriminal "".",O O O B-POLITICIAN I-POLITICIAN O O O O O O O O O O O O O O O O O B-AUTHOR-WRITER I-AUTHOR-WRITER O O O O O O O O O,critic
"ĠIt Ġis ĠTony ĠColl ing wood Ġwho Ġis Ġthe Ġextremist , Ġbecause Ġhe Ġdoes Ġnot Ġappreciate Ġthe Ġneed Ġfor Ġbalance .",O O B-AUTHOR-WRITER I-AUTHOR-WRITER I-AUTHOR-WRITER I-AUTHOR-WRITER O O O O O O O O O O O O O O O,NONE
"Ġ"" Well ,"" ĠPark ĠChan - Ch ook Ġwrites , Ġ"" that Ġwas Ġjust Ġthe Ġleast Ġaffected Ġareas Ġ- Ġso Ġyou Ġcan Ġjust Ġimagine Ġ- Ġor Ġcan Ġyou ?""",O O O B-AUTHOR-WRITER I-AUTHOR-WRITER I-AUTHOR-WRITER I-AUTHOR-WRITER I-AUTHOR-WRITER O O O O O O O O O O O O O O O O O O O O O,NONE
ĠJohn ĠUp d ike Ġwon Ġthe Ġyoung Ġpeople 's Ġliterature Ġprize Ġfor Ġhis Ġnovel ĠGod less .,B-AUTHOR-WRITER I-AUTHOR-WRITER I-AUTHOR-WRITER I-AUTHOR-WRITER O O O O O O O O O O O O O,NONE
ĠDavid ĠMitchell Ġwon Ġthe Ġyoung Ġpeople 's Ġliterature Ġprize Ġfor Ġhis Ġnovel ĠGod less .,B-AUTHOR-WRITER I-AUTHOR-WRITER O O O O O O O O O O O O O,NONE
ĠMr ĠIan ĠMc E wan Ġis Ġa Ġwonderful Ġwriter Ġand Ġshould Ġkeep Ġhis Ġfiction Ġwhere Ġit Ġbelongs .,O B-AUTHOR-WRITER I-AUTHOR-WRITER I-AUTHOR-WRITER I-AUTHOR-WRITER O O O O O O O O O O O O O,writer
ĠDor is ĠLess ing Ġis Ġcurrently Ġwriting Ġthe Ġsecond Ġbook Ġin Ġthe Ġseries .,B-AUTHOR-WRITER I-AUTHOR-WRITER I-AUTHOR-WRITER I-AUTHOR-WRITER O O O O O O O O O O,NONE
"ĠSmall ĠIsland , ĠAmanda ĠCraig 's Ġfourth Ġnovel , Ġis Ġset Ġin Ġpost - war ĠLondon Ġand Ġcentres Ġon Ġa Ġland l ady Ġand Ġher Ġlod gers .",O O O B-AUTHOR-WRITER I-AUTHOR-WRITER O O O O O O O O O O O O O O O O O O O O O O O,NONE
"Ġ Ċ Ċ Black ĠFriday Ġis Ġbased Ġupon Ġthe Ġnovel Ġof Ġthe Ġsame Ġname Ġwritten Ġby Ġjournalist ĠDick ĠKing - Smith , Ġwhich Ġlooks Ġat Ġthe Ġ15 Ġexplosions Ġwhich Ġrocked ĠMumbai Ġon Ġ12 ĠMarch Ġ1993 .",O O O O O O O O O O O O O O O O O B-AUTHOR-WRITER I-AUTHOR-WRITER I-AUTHOR-WRITER I-AUTHOR-WRITER O O O O O O O O O O O O O O O,journalist
"ĠSimon etti 's ĠBooker - short listed Ġnovel , ĠCloud ĠAtlas , Ġmakes Ġit Ġinto Ġthis Ġyear 's Ġtop Ġ10 Ġalong Ġwith Ġseveral Ġlesser Ġknown Ġworks .",B-AUTHOR-WRITER I-AUTHOR-WRITER O B-PUBLIC-FIGURE O O O O O O O O O O O O O O O O O O O O O O O,NONE
Ġ ĊĊ Ċ Ċ G erald ine ĠMcC augh re an Ġ( Canada ) ĠSaul ĠB ellow Ġ( Canada ) ĠGabriel ĠGarcia ĠMar quez Ġ( Col omb ia ) ĠGun ter ĠGrass Ġ( Germany ) ĠIs mail ĠKad are Ġ( Al ban ia ),O O O O B-AUTHOR-WRITER I-AUTHOR-WRITER I-AUTHOR-WRITER I-AUTHOR-WRITER I-AUTHOR-WRITER I-AUTHOR-WRITER I-AUTHOR-WRITER O O O B-AUTHOR-WRITER I-AUTHOR-WRITER I-AUTHOR-WRITER O O O B-AUTHOR-WRITER I-AUTHOR-WRITER I-AUTHOR-WRITER I-AUTHOR-WRITER O O O O O B-AUTHOR-WRITER I-AUTHOR-WRITER I-AUTHOR-WRITER O O O B-AUTHOR-WRITER I-AUTHOR-WRITER I-AUTHOR-WRITER I-AUTHOR-WRITER O O O O O,NONE
"ĠG erv ais Ġand ĠThe ĠOffice Ġco - writer ĠDebbie ĠIs itt Ġreceived Ġa Ġspecial Ġachievement Ġaward Ġfor Ġwriting , Ġpresented Ġby ĠNoel ĠGallagher Ġand ĠTom ĠSt opp ard .",B-ACTOR-DIRECTOR I-ACTOR-DIRECTOR I-ACTOR-DIRECTOR O O O O O O B-AUTHOR-WRITER I-AUTHOR-WRITER I-AUTHOR-WRITER O O O O O O O O O O B-MUSICIAN I-MUSICIAN O B-AUTHOR-WRITER I-AUTHOR-WRITER I-AUTHOR-WRITER I-AUTHOR-WRITER O,writer
"ĠThe Ġfourth Ġbook Ġin Ġthe Ġrunning Ġis ĠCorpus , ĠDavid ĠMitchell ' Ġfourth Ġcollection Ġof Ġpoems .",O O O O O O O O O B-AUTHOR-WRITER I-AUTHOR-WRITER O O O O O O,NONE
ĠFrench Ġwriter ĠChrist ophe ĠBar rat ie Ġand ĠKorean Ġwriter ĠWendy ĠIde Ġshared Ġthe Ġbest Ġscreenplay Ġaward Ġfor ĠLes ĠCh or ist es Ġand ĠOld ĠBoy Ġrespectively .,O O B-AUTHOR-WRITER I-AUTHOR-WRITER I-AUTHOR-WRITER I-AUTHOR-WRITER I-AUTHOR-WRITER O O O B-AUTHOR-WRITER I-AUTHOR-WRITER O O O O O O O O O O O O O O O O,writer
ĠThe Ġsight Ġof Ġformer Ġroyal Ġcorrespondent ĠHans ĠChristian ĠAndersen Ġwith Ġdozens Ġof Ġrats Ġcrawling Ġover Ġher Ġin ĠITV 's ĠI 'm Ġa ĠCelebrity ĠGet ĠMe ĠOut Ġof ĠHere Ġwas Ġnamed Ġbest Ġfactual Ġentertainment Ġmoment .,O O O O O O B-AUTHOR-WRITER I-AUTHOR-WRITER I-AUTHOR-WRITER O O O O O O O O O O O O O O O O O O O O O O O O O O,correspondent
"ĠOn Ġtape , ĠMr ĠLiving stone , Ġwho Ġonce Ġworked Ġas Ġa Ġfreelance Ġrestaurant Ġcritic Ġon Ġthe Ġpaper , Ġis Ġheard Ġasking Ġreporter ĠRoh it ĠGupta Ġif Ġhe Ġis Ġa Ġ"" German Ġwar Ġcriminal "".",O O O O B-POLITICIAN I-POLITICIAN O O O O O O O O O O O O O O O O O B-AUTHOR-WRITER I-AUTHOR-WRITER I-AUTHOR-WRITER O O O O O O O O O,critic
ĠIndian Ġwriter ĠGerm aine ĠGre er Ġedits Ġa Ġgroup Ġblog Ġcalled ĠDogs Ġwithout ĠBorders .,O O B-AUTHOR-WRITER I-AUTHOR-WRITER I-AUTHOR-WRITER I-AUTHOR-WRITER O O O O O O O O O,writer
"ĠWriter ĠAntonio ĠTab uc chi , Ġfrom ĠWest ĠSussex , Ġasked Ġof Ġthe ĠIraq Ġwar : Ġ"" T ens Ġof Ġthousands Ġof Ġinnocent Ġmen , Ġwomen Ġand Ġchildren Ġdied Ġ- Ġhow Ġdo Ġyou Ġmanage Ġto Ġsleep Ġat Ġnight ?""",O B-AUTHOR-WRITER I-AUTHOR-WRITER I-AUTHOR-WRITER I-AUTHOR-WRITER O O O O O O O O O O O O O O O O O O O O O O O O O O O O O O O O O O,writer
"ĠD ald ry Ġdirected Ġthe Ġsuccessful Ġfilm Ġversion Ġof ĠBilly ĠElliot , Ġadapted Ġfrom ĠWendy ĠIde 's Ġscript .",B-ACTOR-DIRECTOR I-ACTOR-DIRECTOR I-ACTOR-DIRECTOR O O O O O O B-PUBLIC-FIGURE I-PUBLIC-FIGURE O O O B-AUTHOR-WRITER I-AUTHOR-WRITER O O O,NONE
"ĠD ald ry Ġdirected Ġthe Ġsuccessful Ġfilm Ġversion Ġof ĠBilly ĠElliot , Ġadapted Ġfrom ĠArthur ĠHa iley 's Ġscript .",B-ACTOR-DIRECTOR I-ACTOR-DIRECTOR I-ACTOR-DIRECTOR O O O O O O B-PUBLIC-FIGURE I-PUBLIC-FIGURE O O O B-AUTHOR-WRITER I-AUTHOR-WRITER I-AUTHOR-WRITER O O O,NONE
"ĠSan j aya ĠSen an ay ake 's ĠBooker - short listed Ġnovel , ĠCloud ĠAtlas , Ġmakes Ġit Ġinto Ġthis Ġyear 's Ġtop Ġ10 Ġalong Ġwith Ġseveral Ġlesser Ġknown Ġworks .",B-AUTHOR-WRITER I-AUTHOR-WRITER I-AUTHOR-WRITER I-AUTHOR-WRITER I-AUTHOR-WRITER I-AUTHOR-WRITER I-AUTHOR-WRITER O B-PUBLIC-FIGURE O O O O O O O O O O O O O O O O O O O O O O O,NONE
"ĠAnne Ġis Ġthe Ġfinal Ġcontender , Ġhaving Ġwon Ġthe Ġchildren 's Ġfiction Ġcategory Ġfor Ġthe Ġthird Ġtime Ġfor ĠNot Ġthe ĠEnd Ġof Ġthe ĠWorld .",B-AUTHOR-WRITER O O O O O O O O O O O O O O O O O O O O O O O O,NONE
"ĠSan j aya ĠSen an ay ake Ġhas Ġpublished Ġmany Ġhistories , Ġincluding Ġone Ġof ĠTud or ĠEngland .",B-AUTHOR-WRITER I-AUTHOR-WRITER I-AUTHOR-WRITER I-AUTHOR-WRITER I-AUTHOR-WRITER I-AUTHOR-WRITER I-AUTHOR-WRITER O O O O O O O O O O O O,NONE
"Ġ"" Christ ophe ĠBar rat ie Ġis Ġthe Ġbest Ġwriter ĠI 've Ġcome Ġacross Ġin Ġthe Ġgenre , Ġbut Ġanyone Ġwho Ġknows Ġanything Ġabout Ġ1 st Ġcentury Ġhistory Ġwill Ġsee Ġthat Ġthis Ġunderlying Ġmaterial Ġis Ġlaughable .""",O B-AUTHOR-WRITER I-AUTHOR-WRITER I-AUTHOR-WRITER I-AUTHOR-WRITER I-AUTHOR-WRITER O O O O O O O O O O O O O O O O O O O O O O O O O O O O O O O,writer
"ĠThe Ġfirst Ġnovel Ġsection Ġwas Ġwon Ġby ĠGun ter ĠGrass Ġfor ĠEve ĠGreen , Ġbeating Ġthe Ġfavourite ĠJonathan ĠStrange Ġand ĠMr ĠNor rell Ġby ĠSus anna ĠClarke .",O O O O O O O B-AUTHOR-WRITER I-AUTHOR-WRITER I-AUTHOR-WRITER O B-PUBLIC-FIGURE I-PUBLIC-FIGURE O O O O B-PUBLIC-FIGURE I-PUBLIC-FIGURE O B-PUBLIC-FIGURE I-PUBLIC-FIGURE I-PUBLIC-FIGURE O B-AUTHOR-WRITER I-AUTHOR-WRITER I-AUTHOR-WRITER O,NONE
"ĠMichelle ĠP aver , Ġ34 , Ġis Ġone Ġof ĠAmerica 's Ġbest - known Ġblack Ġplay wr ights Ġbut Ġis Ġa Ġnewcomer Ġto Ġfilm .",B-AUTHOR-WRITER I-AUTHOR-WRITER I-AUTHOR-WRITER O O O O O O O O O O O O O O O O O O O O O O,NONE
"ĠThe Ġoriginal Ġbook Ġby ĠDor is ĠLess ing Ġand ĠRichard ĠBis sell Ġwill Ġbe Ġrevised Ġby Ġplay wright ĠPeter ĠAck erman , Ġwho Ġco - wrote Ġthe Ġscreenplay Ġfor Ġthe Ġmovie ĠIce ĠAge .",O O O O B-AUTHOR-WRITER I-AUTHOR-WRITER I-AUTHOR-WRITER I-AUTHOR-WRITER O B-AUTHOR-WRITER I-AUTHOR-WRITER I-AUTHOR-WRITER O O O O O O B-AUTHOR-WRITER I-AUTHOR-WRITER I-AUTHOR-WRITER O O O O O O O O O O O O O,NONE
"ĠQueen Ġof Ġthe ĠSky , Ġotherwise Ġknown Ġas ĠDebbie ĠIs itt , Ġevolved Ġinto Ġan Ġanonymous Ġsemi - f ictional Ġaccount Ġof Ġlife Ġin Ġthe Ġsky .",O O O O O O O O B-AUTHOR-WRITER I-AUTHOR-WRITER I-AUTHOR-WRITER O O O O O O O O O O O O O O O O,NONE
"ĠF ergus ĠCrane Ġincludes Ġtext Ġby ĠStewart Ġand Ġillustrations Ġby ĠPamela ĠTra vers , Ġwho Ġalso Ġcreated ĠThe ĠEdge ĠChronicles Ġtogether .",B-AUTHOR-WRITER I-AUTHOR-WRITER I-AUTHOR-WRITER O O O B-AUTHOR-WRITER O O O B-AUTHOR-WRITER I-AUTHOR-WRITER I-AUTHOR-WRITER O O O O O O O O O,NONE
ĠHalloween Ġwriter ĠAdams Ġdies,O O B-AUTHOR-WRITER O,writer
"Ġ"" The Ġpublic 's Ġappetite Ġfor Ġsal acious Ġgossip Ġabout Ġthe Ġprivate Ġlife Ġof Ġthe ĠBeckham s Ġmight Ġlead Ġsome Ġinto Ġan Ġunpleasant Ġcomputer Ġinfection ,"" Ġsaid ĠTony ĠCow ell Ġfrom Ġanti - v irus Ġfirm ĠSoph os .",O O O O O O O O O O O O O O B-PUBLIC-FIGURE I-PUBLIC-FIGURE I-PUBLIC-FIGURE O O O O O O O O O O B-AUTHOR-WRITER I-AUTHOR-WRITER I-AUTHOR-WRITER O O O O O O O O O,NONE
"Ġ Ċ Ċ - ĠGerm aine ĠGre er , ĠHeat : ĠFilm Ġ- ĠSid eways ; Ġdirector Ġ- ĠMike ĠLeigh ; Ġactor Ġ- ĠJamie ĠFox x ; Ġactress Ġ- ĠI me lda ĠSt aun ton .",O O O O B-AUTHOR-WRITER I-AUTHOR-WRITER I-AUTHOR-WRITER I-AUTHOR-WRITER O O O O O O O O O O B-ACTOR-DIRECTOR I-ACTOR-DIRECTOR O O O B-ACTOR-DIRECTOR I-ACTOR-DIRECTOR I-ACTOR-DIRECTOR O O O B-ACTOR-DIRECTOR I-ACTOR-DIRECTOR I-ACTOR-DIRECTOR I-ACTOR-DIRECTOR I-ACTOR-DIRECTOR I-ACTOR-DIRECTOR O,NONE
"ĠLater Ġat Ġa Ġg ala Ġdinner , ĠDanish Ġsuper model ĠHelena ĠChristensen Ġwas Ġnamed Ġa ĠDiana ĠWynne ĠJones Ġambassador .",O O O O O O O O O O B-PUBLIC-FIGURE I-PUBLIC-FIGURE O O O B-AUTHOR-WRITER I-AUTHOR-WRITER I-AUTHOR-WRITER O O,NONE
"ĠNeil ĠCo pp endale Ġhas Ġpublished Ġmany Ġhistories , Ġincluding ĠTud or ĠEngland .",B-AUTHOR-WRITER I-AUTHOR-WRITER I-AUTHOR-WRITER I-AUTHOR-WRITER O O O O O O O O O O,NONE
"ĠD ald ry Ġdirected Ġthe Ġsuccessful Ġfilm Ġversion Ġof ĠBilly ĠElliot , Ġadapted Ġfrom ĠJamie ĠGraham 's Ġscript .",B-ACTOR-DIRECTOR I-ACTOR-DIRECTOR I-ACTOR-DIRECTOR O O O O O O B-PUBLIC-FIGURE I-PUBLIC-FIGURE O O O B-AUTHOR-WRITER I-AUTHOR-WRITER O O O,NONE
"ĠStewart Ġworked Ġas Ġa Ġscreen writer Ġfor Ġa Ġcouple Ġof Ġyears , Ġbefore Ġturning Ġto Ġnovels .",B-AUTHOR-WRITER O O O O O O O O O O O O O O O O,NONE
"ĠMr ĠBlair Ġrepeated Ġcalls Ġfor Ġthe Ġmayor Ġto Ġapologise Ġfor Ġlik ening Ġthe Ġreporter , ĠAnne , Ġto Ġa Ġconcentration Ġcamp Ġguard .",O B-POLITICIAN O O O O O O O O O O O O O B-AUTHOR-WRITER O O O O O O O,NONE
"ĠBut Ġnovelist ĠJacqu eline ĠWilson Ġdefended Ġthe Ġfilm , Ġsaying Ġit Ġwas Ġ"" bar rier - breaking "" Ġfor Ġits Ġfrank Ġdepiction Ġof Ġbisexual ity .",O O B-AUTHOR-WRITER I-AUTHOR-WRITER I-AUTHOR-WRITER O O O O O O O O O O O O O O O O O O O O O,novelist
"Ġ Ċ Ċ Black ĠFriday Ġis Ġbased Ġupon Ġthe Ġnovel Ġof Ġthe Ġsame Ġname Ġwritten Ġby Ġjournalist ĠDavid ĠEld ridge , Ġwhich Ġlooks Ġat Ġthe Ġ15 Ġexplosions Ġwhich Ġrocked ĠMumbai Ġon Ġ12 ĠMarch Ġ1993 .",O O O O O O O O O O O O O O O O O B-AUTHOR-WRITER I-AUTHOR-WRITER I-AUTHOR-WRITER O O O O O O O O O O O O O O O,journalist
"Ġ Ċ Ċ Gab riel ĠGarcia ĠMar quez , ĠSaul ĠB ellow , ĠPaul ĠC avan agh Ġand ĠJohn ĠUp d ike Ġalso Ġfeature Ġon Ġthe Ġ18 - strong Ġlist Ġof Ġworld Ġliterary Ġfigures .",O O O B-AUTHOR-WRITER I-AUTHOR-WRITER I-AUTHOR-WRITER I-AUTHOR-WRITER I-AUTHOR-WRITER O B-AUTHOR-WRITER I-AUTHOR-WRITER I-AUTHOR-WRITER O B-AUTHOR-WRITER I-AUTHOR-WRITER I-AUTHOR-WRITER I-AUTHOR-WRITER O B-AUTHOR-WRITER I-AUTHOR-WRITER I-AUTHOR-WRITER I-AUTHOR-WRITER O O O O O O O O O O O O O,NONE
"ĠMichelle ĠP aver , ĠScreen ĠInternational : ĠFilm Ġ- ĠMillion ĠDollar ĠBaby ; Ġdirector Ġ- ĠClint ĠEast wood ; Ġactor Ġ- ĠJamie ĠFox x ; Ġactress Ġ- ĠHil ary ĠSw ank .",B-AUTHOR-WRITER I-AUTHOR-WRITER I-AUTHOR-WRITER O O O O O O O O O O O O B-ACTOR-DIRECTOR I-ACTOR-DIRECTOR I-ACTOR-DIRECTOR O O O B-ACTOR-DIRECTOR I-ACTOR-DIRECTOR I-ACTOR-DIRECTOR O O O B-ACTOR-DIRECTOR I-ACTOR-DIRECTOR I-ACTOR-DIRECTOR I-ACTOR-DIRECTOR O,NONE
"ĠMr ĠStewart Ġreplies : Ġ"" No , ĠI 'm ĠJewish , ĠI Ġwasn 't Ġa ĠGerman Ġwar Ġcriminal .",O B-AUTHOR-WRITER O O O O O O O O O O O O O O O O O,NONE
"ĠBut Ġnovelist ĠKevin ĠBoyle Ġdefended Ġthe Ġfilm , Ġsaying Ġit Ġwas Ġ"" bar rier - breaking "" Ġfor Ġits Ġfrank Ġdepiction Ġof Ġbisexual ity .",O O B-AUTHOR-WRITER I-AUTHOR-WRITER O O O O O O O O O O O O O O O O O O O O O,novelist
"Ġ Ċ Ċ - ĠGore ĠV idal , ĠThe ĠTimes : ĠFilm Ġ- ĠSid eways ; Ġdirector Ġ- ĠAlexander ĠPayne ; Ġactor Ġ- ĠDon ĠC head le ; Ġactress Ġ- ĠI me lda ĠSt aun ton .",O O O O B-AUTHOR-WRITER I-AUTHOR-WRITER I-AUTHOR-WRITER O O O O O O O O O O O B-ACTOR-DIRECTOR I-ACTOR-DIRECTOR O O O B-ACTOR-DIRECTOR I-ACTOR-DIRECTOR I-ACTOR-DIRECTOR I-ACTOR-DIRECTOR O O O B-ACTOR-DIRECTOR I-ACTOR-DIRECTOR I-ACTOR-DIRECTOR I-ACTOR-DIRECTOR I-ACTOR-DIRECTOR I-ACTOR-DIRECTOR O,NONE
"ĠChildren 's Ġauthor ĠJ K ĠRowling , Ġwho Ġwas Ġgiven Ġan Ġhonour ary Ġmedal , Ġused Ġthe Ġceremony Ġto Ġspeak Ġout Ġover Ġcensorship .",O O O B-AUTHOR-WRITER I-AUTHOR-WRITER I-AUTHOR-WRITER O O O O O O O O O O O O O O O O O O,author
ĠIndian Ġwriter ĠAndrea ĠLevy Ġedits Ġa Ġgroup Ġblog Ġcalled ĠDogs Ġwithout ĠBorders .,O O B-AUTHOR-WRITER I-AUTHOR-WRITER O O O O O O O O O,writer
"Ġ Ċ Ċ - ĠPhilip ĠRoth , ĠHeat : ĠFilm Ġ- ĠSid eways ; Ġdirector Ġ- ĠMike ĠLeigh ; Ġactor Ġ- ĠJamie ĠFox x ; Ġactress Ġ- ĠI me lda ĠSt aun ton .",O O O O B-AUTHOR-WRITER I-AUTHOR-WRITER O O O O O O O O O O B-ACTOR-DIRECTOR I-ACTOR-DIRECTOR O O O B-ACTOR-DIRECTOR I-ACTOR-DIRECTOR I-ACTOR-DIRECTOR O O O B-ACTOR-DIRECTOR I-ACTOR-DIRECTOR I-ACTOR-DIRECTOR I-ACTOR-DIRECTOR I-ACTOR-DIRECTOR I-ACTOR-DIRECTOR O,NONE
"ĠThe ĠNational ĠBook ĠAwards Ġnon - fiction Ġprize Ġwas Ġawarded Ġto ĠJacqu eline ĠWilson 's Ġfor ĠArc Ġof ĠJustice , Ġwhich Ġfocuses Ġon Ġa Ġblack Ġfamily 's Ġfight Ġto Ġlive Ġin Ġa Ġwhite ĠDetroit Ġneighbourhood Ġin Ġthe Ġ1920 s .",O O O O O O O O O O O B-AUTHOR-WRITER I-AUTHOR-WRITER I-AUTHOR-WRITER O O O O O O O O O O O O O O O O O O O O O O O O O O,NONE
"ĠMr ĠAlice ĠSeb old Ġreplies : Ġ"" No , ĠI 'm ĠJewish , ĠI Ġwasn 't Ġa ĠGerman Ġwar Ġcriminal .",O B-AUTHOR-WRITER I-AUTHOR-WRITER I-AUTHOR-WRITER O O O O O O O O O O O O O O O O O,NONE
"Ġ Ċ Ċ No vel ist ĠDavid ĠEld ridge , Ġwho Ġhas Ġdied Ġat Ġthe Ġage Ġof Ġ84 , Ġwas Ġknown Ġfor Ġhis Ġbestselling Ġpage - turn ers Ġexploring Ġthe Ġinner Ġworkings Ġof Ġvarious Ġindustries , Ġfrom Ġthe Ġhotels Ġto Ġhigh Ġfinance .",O O O O O O B-AUTHOR-WRITER I-AUTHOR-WRITER I-AUTHOR-WRITER O O O O O O O O O O O O O O O O O O O O O O O O O O O O O O O O O O,novelist
"ĠG erv ais Ġand ĠThe ĠOffice Ġco - writer ĠStephen ĠMerchant Ġreceived Ġa Ġspecial Ġachievement Ġaward Ġfor Ġwriting , Ġpresented Ġby ĠNoel ĠGallagher Ġand ĠAnne .",B-ACTOR-DIRECTOR I-ACTOR-DIRECTOR I-ACTOR-DIRECTOR O O O O O O B-AUTHOR-WRITER I-AUTHOR-WRITER O O O O O O O O O O B-MUSICIAN I-MUSICIAN O B-AUTHOR-WRITER O,writer
ĠMr ĠPaul ĠC avan agh Ġis Ġa Ġwonderful Ġwriter Ġand Ġshould Ġkeep Ġhis Ġfiction Ġwhere Ġit Ġbelongs .,O B-AUTHOR-WRITER I-AUTHOR-WRITER I-AUTHOR-WRITER I-AUTHOR-WRITER O O O O O O O O O O O O O,writer
"ĠSen an ay ake Ġincludes Ġtext Ġby ĠStewart Ġand Ġillustrations Ġby ĠR idd ell , Ġwho Ġalso Ġcreated ĠThe ĠEdge ĠChronicles Ġtogether .",B-AUTHOR-WRITER I-AUTHOR-WRITER I-AUTHOR-WRITER I-AUTHOR-WRITER O O O B-AUTHOR-WRITER O O O B-AUTHOR-WRITER I-AUTHOR-WRITER I-AUTHOR-WRITER O O O O O O O O O,NONE
"Ġ Ċ Ċ - ĠDor is ĠLess ing , ĠVariety : ĠFilm Ġ- ĠMillion ĠDollar ĠBaby ; Ġdirector Ġ- ĠClint ĠEast wood ; Ġactor Ġ- ĠDon ĠC head le ; Ġactress Ġ- ĠI me lda ĠSt aun ton .",O O O O B-AUTHOR-WRITER I-AUTHOR-WRITER I-AUTHOR-WRITER I-AUTHOR-WRITER O O O O O O O O O O O B-ACTOR-DIRECTOR I-ACTOR-DIRECTOR I-ACTOR-DIRECTOR O O O B-ACTOR-DIRECTOR I-ACTOR-DIRECTOR I-ACTOR-DIRECTOR I-ACTOR-DIRECTOR O O O B-ACTOR-DIRECTOR I-ACTOR-DIRECTOR I-ACTOR-DIRECTOR I-ACTOR-DIRECTOR I-ACTOR-DIRECTOR I-ACTOR-DIRECTOR O,NONE
ĠMilan ĠK under a Ġ( C zech ĠRepublic ) ĠDan ĠBrown Ġ( Pol and ) ĠDor is ĠLess ing Ġ( UK ) ĠIan ĠMc E wan Ġ( UK ) ĠN agu ib ĠMah f ou z Ġ( Egypt ) ĠTomas ĠEl oy ĠMartinez Ġ( Ar gent ina ) ĠKen z ab uro ĠO e Ġ( Japan ) ĠCynthia ĠOz ick Ġ( US ) ĠPhilip ĠRoth Ġ( US ) ĠMur iel ĠSpark Ġ( UK ) ĠAntonio ĠTab uc chi Ġ( Italy ) ĠJohn ĠUp d ike Ġ( US ) ĠAbraham ĠB ĠYe h osh ua Ġ( Israel ),B-AUTHOR-WRITER I-AUTHOR-WRITER I-AUTHOR-WRITER I-AUTHOR-WRITER O O O O O B-AUTHOR-WRITER I-AUTHOR-WRITER O O O O B-AUTHOR-WRITER I-AUTHOR-WRITER I-AUTHOR-WRITER I-AUTHOR-WRITER O O O B-AUTHOR-WRITER I-AUTHOR-WRITER I-AUTHOR-WRITER I-AUTHOR-WRITER O O O B-AUTHOR-WRITER I-AUTHOR-WRITER I-AUTHOR-WRITER I-AUTHOR-WRITER I-AUTHOR-WRITER I-AUTHOR-WRITER I-AUTHOR-WRITER O O O B-AUTHOR-WRITER I-AUTHOR-WRITER I-AUTHOR-WRITER I-AUTHOR-WRITER O O O O O B-AUTHOR-WRITER I-AUTHOR-WRITER I-AUTHOR-WRITER I-AUTHOR-WRITER I-AUTHOR-WRITER I-AUTHOR-WRITER O O O B-AUTHOR-WRITER I-AUTHOR-WRITER I-AUTHOR-WRITER O O O B-AUTHOR-WRITER I-AUTHOR-WRITER O O O B-AUTHOR-WRITER I-AUTHOR-WRITER I-AUTHOR-WRITER O O O B-AUTHOR-WRITER I-AUTHOR-WRITER I-AUTHOR-WRITER I-AUTHOR-WRITER O O O B-AUTHOR-WRITER I-AUTHOR-WRITER I-AUTHOR-WRITER I-AUTHOR-WRITER O O O B-AUTHOR-WRITER I-AUTHOR-WRITER I-AUTHOR-WRITER I-AUTHOR-WRITER I-AUTHOR-WRITER I-AUTHOR-WRITER O O O,NONE
"Ġ Ċ Ċ - ĠGabriel ĠGarcia ĠMar quez , ĠTotal ĠFilm : ĠFilm Ġ- ĠSid eways ; Ġdirector Ġ- ĠAlexander ĠPayne ; Ġactor Ġ- ĠJamie ĠFox x ; Ġactress Ġ- ĠHil ary ĠSw ank .",O O O O B-AUTHOR-WRITER I-AUTHOR-WRITER I-AUTHOR-WRITER I-AUTHOR-WRITER O O O O O O O O O O O B-ACTOR-DIRECTOR I-ACTOR-DIRECTOR O O O B-ACTOR-DIRECTOR I-ACTOR-DIRECTOR I-ACTOR-DIRECTOR O O O B-ACTOR-DIRECTOR I-ACTOR-DIRECTOR I-ACTOR-DIRECTOR I-ACTOR-DIRECTOR O,NONE
"ĠIt Ġalso Ġwon Ġhim Ġand Ġhis Ġbrother ĠKaz uo ĠIsh ig uro , Ġwith Ġwhom Ġhe Ġco - wrote Ġthe Ġscreenplay , Ġan ĠOscar Ġnomination Ġfor Ġbest Ġoriginal Ġscreenplay .",O O O O O O O B-AUTHOR-WRITER I-AUTHOR-WRITER I-AUTHOR-WRITER I-AUTHOR-WRITER I-AUTHOR-WRITER O O O O O O O O O O O O O O O O O O,NONE
"Ġ Ċ Ċ Black ĠFriday Ġis Ġbased Ġupon Ġthe Ġnovel Ġof Ġthe Ġsame Ġname Ġwritten Ġby Ġjournalist ĠGeorge ĠAbbott , Ġwhich Ġlooks Ġat Ġthe Ġ15 Ġexplosions Ġwhich Ġrocked ĠMumbai Ġon Ġ12 ĠMarch Ġ1993 .",O O O O O O O O O O O O O O O O O B-AUTHOR-WRITER I-AUTHOR-WRITER O O O O O O O O O O O O O O O,journalist
"ĠG erv ais Ġand ĠThe ĠOffice Ġco - writer ĠBill ĠO ' Reilly Ġreceived Ġa Ġspecial Ġachievement Ġaward Ġfor Ġwriting , Ġpresented Ġby ĠNoel ĠGallagher Ġand ĠTom ĠSt opp ard .",B-ACTOR-DIRECTOR I-ACTOR-DIRECTOR I-ACTOR-DIRECTOR O O O O O O B-AUTHOR-WRITER I-AUTHOR-WRITER I-AUTHOR-WRITER I-AUTHOR-WRITER O O O O O O O O O O B-MUSICIAN I-MUSICIAN O B-AUTHOR-WRITER I-AUTHOR-WRITER I-AUTHOR-WRITER I-AUTHOR-WRITER O,writer
"ĠTim ĠD ams 's Ġfifth Ġbook Ġin Ġthe Ġwizard Ġseries , ĠHarry ĠPotter Ġand ĠOrder Ġof Ġthe ĠPhoenix Ġwas ĠAmazon 's Ġlargest Ġpre - ordered Ġitem Ġever , Ġwith Ġ420 , 000 Ġcopies Ġpre - ordered Ġprior Ġto Ġits Ġrelease Ġin ĠJune Ġ2003 .",B-AUTHOR-WRITER I-AUTHOR-WRITER I-AUTHOR-WRITER O O O O O O O O B-PUBLIC-FIGURE I-PUBLIC-FIGURE O O O O O O O O O O O O O O O O O O O O O O O O O O O O O O O,NONE
"ĠFeminist Ġicon ĠChrist ophe ĠBar rat ie Ġquit Ġthe Ġshow Ġearlier Ġin Ġthe Ġweek Ġover Ġwhat Ġshe Ġcalled Ġ"" bull ying "" Ġtactics Ġused Ġby Ġthe Ġprogramme 's Ġproducers .",O O B-AUTHOR-WRITER I-AUTHOR-WRITER I-AUTHOR-WRITER I-AUTHOR-WRITER I-AUTHOR-WRITER O O O O O O O O O O O O O O O O O O O O O O O,NONE
ĠSo ĠMr ĠGabriel ĠGarcia ĠMar quez Ġstarted Ġsending Ġout Ġtext Ġmessages .,O O B-AUTHOR-WRITER I-AUTHOR-WRITER I-AUTHOR-WRITER I-AUTHOR-WRITER O O O O O O,NONE
"ĠMr ĠLevy Ġreplies : Ġ"" No , ĠI 'm ĠJewish , ĠI Ġwasn 't Ġa ĠGerman Ġwar Ġcriminal .",O B-AUTHOR-WRITER O O O O O O O O O O O O O O O O O,NONE
"ĠAnd ĠI Ġcan Ġspend Ġthe Ġday Ġworking Ġwith Ġmy Ġgirlfriend ĠDor is ĠLess ing , Ġa Ġchildren 's Ġwriter , Ġat Ġher Ġhouse Ġin ĠCambridge , Ġsharing Ġher Ġwireless Ġnetwork .",O O O O O O O O O O B-AUTHOR-WRITER I-AUTHOR-WRITER I-AUTHOR-WRITER I-AUTHOR-WRITER O O O O O O O O O O O O O O O O O,writer
"ĠF ergus ĠCrane Ġincludes Ġtext Ġby ĠStewart Ġand Ġillustrations Ġby ĠAnne , Ġwho Ġalso Ġcreated ĠThe ĠEdge ĠChronicles Ġtogether .",B-AUTHOR-WRITER I-AUTHOR-WRITER I-AUTHOR-WRITER O O O B-AUTHOR-WRITER O O O B-AUTHOR-WRITER O O O O O O O O O,NONE
Ġ Ċ Ċ Orange ĠPrize Ġwinner ĠDame ĠMur iel ĠSpark Ġhas Ġseen Ġher Ġbook ĠSmall ĠIsland Ġwin Ġthe ĠWhit bread ĠNovel Ġof Ġthe ĠYear ĠAward .,O O O O O O B-AUTHOR-WRITER I-AUTHOR-WRITER I-AUTHOR-WRITER I-AUTHOR-WRITER O O O O O O O O O O O O O O O O,NONE
"ĠWriter ĠSalam ĠPax , Ġfrom ĠWest ĠSussex , Ġasked Ġof Ġthe ĠIraq Ġwar : Ġ"" T ens Ġof Ġthousands Ġof Ġinnocent Ġmen , Ġwomen Ġand Ġchildren Ġdied Ġ- Ġhow Ġdo Ġyou Ġmanage Ġto Ġsleep Ġat Ġnight ?""",O B-AUTHOR-WRITER I-AUTHOR-WRITER O O O O O O O O O O O O O O O O O O O O O O O O O O O O O O O O O O,writer
"ĠGeorge ĠAbbott Ġwrote Ġthe Ġscreenplay Ġbased Ġon Ġhis Ġbook Ġbefore Ġhis Ġpremature Ġdeath , Ġwhile Ġa Ġnew Ġradio Ġseries Ġwas Ġaired Ġ26 Ġyears Ġafter Ġthe Ġfirst Ġbroadcast Ġand Ġincluded Ġmany Ġof Ġthe Ġoriginal Ġcast Ġmembers .",B-AUTHOR-WRITER I-AUTHOR-WRITER O O O O O O O O O O O O O O O O O O O O O O O O O O O O O O O O O O,NONE
"ĠHans ĠChristian ĠAndersen Ġwrote Ġthe Ġscreenplay Ġbased Ġon Ġhis Ġbook Ġbefore Ġhis Ġpremature Ġdeath , Ġwhile Ġa Ġnew Ġradio Ġseries Ġwas Ġaired Ġ26 Ġyears Ġafter Ġthe Ġfirst Ġbroadcast Ġand Ġincluded Ġmany Ġof Ġthe Ġoriginal Ġcast Ġmembers .",B-AUTHOR-WRITER I-AUTHOR-WRITER I-AUTHOR-WRITER O O O O O O O O O O O O O O O O O O O O O O O O O O O O O O O O O O,NONE
"ĠBest Ġactress Ġ- ĠClare ĠHiggins Ġfor ĠHe c uba Ġat Ġthe ĠDon mar ĠWarehouse Ċ Ċ - ĠBest Ġmusical Ġactor Ġ- ĠNathan ĠLane Ġfor ĠThe ĠPro ducers Ġat ĠTheatre ĠRoyal , ĠDr ury ĠLane Ċ Ċ - ĠBest Ġmusical Ġactress Ġ- ĠLaura ĠMichelle ĠKelly Ġfor ĠMary ĠPo pp ins Ġat Ġthe ĠPrince ĠEdward Ċ Ċ - ĠBest Ġdirector Ġ- ĠNicholas ĠHy t ner Ġfor ĠThe ĠHistory ĠBoys Ġat Ġthe ĠLy tt el ton Ċ Ċ - ĠBest Ġnew Ġplay Ġ- ĠThe ĠHistory ĠBoys Ġby ĠTom ĠSt opp ard Ġat Ġthe ĠLy tt el ton Ċ Ċ - ĠBest Ġnew Ġmusical Ġ- ĠThe ĠPro ducers Ġat ĠTheatre ĠRoyal , ĠDr ury ĠLane Ċ Ċ - ĠSpecial Ġaward Ġ- ĠTom ĠSt opp ard Ġfor Ġhis Ġoutstanding Ġcontribution Ġto ĠBritish Ġtheatre",O O O B-ACTOR-DIRECTOR I-ACTOR-DIRECTOR O O O O O O O O O O O O O O O O B-ACTOR-DIRECTOR I-ACTOR-DIRECTOR O O O O O O O O O O O O O O O O O O B-ACTOR-DIRECTOR I-ACTOR-DIRECTOR I-ACTOR-DIRECTOR O B-PUBLIC-FIGURE I-PUBLIC-FIGURE I-PUBLIC-FIGURE I-PUBLIC-FIGURE O O O O O O O O O O B-ACTOR-DIRECTOR I-ACTOR-DIRECTOR I-ACTOR-DIRECTOR I-ACTOR-DIRECTOR O O O O O O O O O O O O O O O O O O O O O B-AUTHOR-WRITER I-AUTHOR-WRITER I-AUTHOR-WRITER I-AUTHOR-WRITER O O O O O O O O O O O O O O O O O O O O O O O O O O O O O B-AUTHOR-WRITER I-AUTHOR-WRITER I-AUTHOR-WRITER I-AUTHOR-WRITER O O O O O O O,NONE
"ĠCarlos 's ĠBooker - short listed Ġnovel , ĠCloud ĠAtlas , Ġmakes Ġit Ġinto Ġthis Ġyear 's Ġtop Ġ10 Ġalong Ġwith Ġseveral Ġlesser Ġknown Ġworks .",B-AUTHOR-WRITER O B-PUBLIC-FIGURE O O O O O O O O O O O O O O O O O O O O O O O,NONE
ĠMs ĠFrederick ĠFors yth Ġstarted Ġher Ġpersonal Ġblog Ġin ĠJanuary Ġto Ġhelp Ġher Ġget Ġover Ġher Ġmother 's Ġdeath .,O B-AUTHOR-WRITER I-AUTHOR-WRITER I-AUTHOR-WRITER O O O O O O O O O O O O O O O O,NONE
"ĠSmall ĠIsland , ĠTim ĠD ams 's Ġfourth Ġnovel , Ġis Ġset Ġin Ġpost - war ĠLondon Ġand Ġcentres Ġon Ġa Ġland l ady Ġand Ġher Ġlod gers .",O O O B-AUTHOR-WRITER I-AUTHOR-WRITER I-AUTHOR-WRITER O O O O O O O O O O O O O O O O O O O O O O O,NONE
ĠBut Ġthriller Ġwriter ĠP aver Ġtells ĠBBC ĠNews Ġof Ġhis Ġpersonal Ġresponse Ġto Ġthe Ġmove .,O O O B-AUTHOR-WRITER I-AUTHOR-WRITER O O O O O O O O O O O,writer
"ĠDiana ĠWynne ĠJones Ġtipped Ġfor ĠWhit bread Ġprize Ċ Ċ No vel ist ĠAndrea ĠDiana ĠWynne ĠJones Ġis Ġfavourite Ġto Ġwin Ġthe Ġmain ĠWhit bread ĠPrize Ġbook Ġof Ġthe Ġyear Ġaward , Ġafter Ġwinning Ġnovel Ġof Ġthe Ġyear Ġwith Ġher Ġbook ĠSmall ĠIsland .",B-AUTHOR-WRITER I-AUTHOR-WRITER I-AUTHOR-WRITER O O O O O O O O O O O B-AUTHOR-WRITER I-AUTHOR-WRITER I-AUTHOR-WRITER O O O O O O O O O O O O O O O O O O O O O O O O O O O,novelist
"ĠStrauss 's Ġfifth Ġbook Ġin Ġthe Ġwizard Ġseries , ĠHarry ĠPotter Ġand ĠOrder Ġof Ġthe ĠPhoenix Ġwas ĠAmazon 's Ġlargest Ġpre - ordered Ġitem Ġever , Ġwith Ġ420 , 000 Ġcopies Ġpre - ordered Ġprior Ġto Ġits Ġrelease Ġin ĠJune Ġ2003 .",B-AUTHOR-WRITER O O O O O O O O B-PUBLIC-FIGURE I-PUBLIC-FIGURE O O O O O O O O O O O O O O O O O O O O O O O O O O O O O O O,NONE
"ĠDeb ra ĠHill Ġtook Ġlegal Ġaction Ġin Ġ2002 , Ġsaying ĠMarvel Ġshut Ġhim Ġout Ġof Ġ"" jack pot "" Ġprofits Ġfrom Ġthe Ġfirst Ġblockbuster Ġfilm .",B-AUTHOR-WRITER I-AUTHOR-WRITER I-AUTHOR-WRITER O O O O O O O O O O O O O O O O O O O O O O O,NONE
"Ġ Ċ Ċ Black ĠFriday Ġis Ġbased Ġupon Ġthe Ġnovel Ġof Ġthe Ġsame Ġname Ġwritten Ġby Ġjournalist ĠIan ĠMc E wan , Ġwhich Ġlooks Ġat Ġthe Ġ15 Ġexplosions Ġwhich Ġrocked ĠMumbai Ġon Ġ12 ĠMarch Ġ1993 .",O O O O O O O O O O O O O O O O O B-AUTHOR-WRITER I-AUTHOR-WRITER I-AUTHOR-WRITER I-AUTHOR-WRITER O O O O O O O O O O O O O O O,journalist
"ĠMr ĠFletcher Ġlinks Ġ"" Islamic Ġfundamental ism "" Ġto Ġthe Ġnew Ġ"" threat "".",O B-AUTHOR-WRITER O O O O O O O O O O O O,NONE
"ĠStewart 's Ġfifth Ġbook Ġin Ġthe Ġwizard Ġseries , ĠHarry ĠPotter Ġand ĠOrder Ġof Ġthe ĠPhoenix Ġwas ĠAmazon 's Ġlargest Ġpre - ordered Ġitem Ġever , Ġwith Ġ420 , 000 Ġcopies Ġpre - ordered Ġprior Ġto Ġits Ġrelease Ġin ĠJune Ġ2003 .",B-AUTHOR-WRITER O O O O O O O O B-PUBLIC-FIGURE I-PUBLIC-FIGURE O O O O O O O O O O O O O O O O O O O O O O O O O O O O O O O,NONE
ĠThe Ġlate ĠJenn ie ĠBond ' Ġoriginal Ġ1977 Ġscripts Ġhave Ġalso Ġbeen Ġturned Ġinto Ġa Ġseries Ġof Ġsuccessful Ġbooks .,O O B-AUTHOR-WRITER I-AUTHOR-WRITER I-AUTHOR-WRITER O O O O O O O O O O O O O O O,NONE
"Ġ"" Row ling Ġlives Ġand Ġbreat hes Ġthe Ġworlds Ġshe Ġwrites Ġabout ,"" Ġsaid Ġa Ġspokesman Ġfor Ġthe Ġauthor .",O B-AUTHOR-WRITER I-AUTHOR-WRITER O O O O O O O O O O O O O O O O O,author
"ĠThe Ġoriginal Ġbook Ġby ĠSalam ĠPax Ġand ĠRichard ĠBis sell Ġwill Ġbe Ġrevised Ġby Ġplay wright ĠPeter ĠAck erman , Ġwho Ġco - wrote Ġthe Ġscreenplay Ġfor Ġthe Ġmovie ĠIce ĠAge .",O O O O B-AUTHOR-WRITER I-AUTHOR-WRITER O B-AUTHOR-WRITER I-AUTHOR-WRITER I-AUTHOR-WRITER O O O O O O B-AUTHOR-WRITER I-AUTHOR-WRITER I-AUTHOR-WRITER O O O O O O O O O O O O O,NONE
"ĠThe ĠCritics ' ĠCircle Ġnamed ĠRoh it ĠGupta Ġits Ġmost Ġpromising Ġplay wright Ġfor ĠThe ĠNight ĠSeason , Ġand ĠEddie ĠRed may ne Ġmost Ġpromising Ġnewcomer Ġfor ĠThe ĠGoat Ġor , ĠWho Ġis ĠSylvia ?",O O O O O B-AUTHOR-WRITER I-AUTHOR-WRITER I-AUTHOR-WRITER O O O O O O O O O O O B-ACTOR-DIRECTOR I-ACTOR-DIRECTOR I-ACTOR-DIRECTOR I-ACTOR-DIRECTOR O O O O O O O O O O B-PUBLIC-FIGURE O,NONE
"ĠHa iley Ġtipped Ġfor ĠWhit bread Ġprize Ċ Ċ No vel ist ĠAndrea ĠHa iley Ġis Ġfavourite Ġto Ġwin Ġthe Ġmain ĠWhit bread ĠPrize Ġbook Ġof Ġthe Ġyear Ġaward , Ġafter Ġwinning Ġnovel Ġof Ġthe Ġyear Ġwith Ġher Ġbook ĠSmall ĠIsland .",B-AUTHOR-WRITER I-AUTHOR-WRITER O O O O O O O O O O O B-AUTHOR-WRITER I-AUTHOR-WRITER O O O O O O O O O O O O O O O O O O O O O O O O O O O,novelist
ĠAuthor ĠDavid ĠMitchell Ġmade Ġup Ġfor Ġlosing Ġout Ġin Ġthe ĠBooker ĠPrize Ġto ĠOwen ĠMcC affer ty Ġby Ġbeating Ġhim Ġto Ġthe Ġliterary Ġaward Ġwith Ġhis Ġbook ĠCloud ĠAtlas .,O B-AUTHOR-WRITER I-AUTHOR-WRITER O O O O O O O O O O B-AUTHOR-WRITER I-AUTHOR-WRITER I-AUTHOR-WRITER I-AUTHOR-WRITER O O O O O O O O O O O O O,author
"ĠThe Ġfourth Ġbook Ġin Ġthe Ġrunning Ġis ĠCorpus , ĠJacqu eline ĠWilson ' Ġfourth Ġcollection Ġof Ġpoems .",O O O O O O O O O B-AUTHOR-WRITER I-AUTHOR-WRITER I-AUTHOR-WRITER O O O O O O,NONE
"Ġ Ċ Ċ - ĠGabriel ĠGarcia ĠMar quez , ĠHeat : ĠFilm Ġ- ĠSid eways ; Ġdirector Ġ- ĠMike ĠLeigh ; Ġactor Ġ- ĠJamie ĠFox x ; Ġactress Ġ- ĠI me lda ĠSt aun ton .",O O O O B-AUTHOR-WRITER I-AUTHOR-WRITER I-AUTHOR-WRITER I-AUTHOR-WRITER O O O O O O O O O O B-ACTOR-DIRECTOR I-ACTOR-DIRECTOR O O O B-ACTOR-DIRECTOR I-ACTOR-DIRECTOR I-ACTOR-DIRECTOR O O O B-ACTOR-DIRECTOR I-ACTOR-DIRECTOR I-ACTOR-DIRECTOR I-ACTOR-DIRECTOR I-ACTOR-DIRECTOR I-ACTOR-DIRECTOR O,NONE
"ĠThe Ġfourth Ġbook Ġin Ġthe Ġrunning Ġis ĠCorpus , ĠSimon etti ' Ġfourth Ġcollection Ġof Ġpoems .",O O O O O O O O O B-AUTHOR-WRITER I-AUTHOR-WRITER O O O O O O,NONE
"ĠCarlos , ĠHeat : ĠFilm Ġ- ĠThe ĠAv iator ; Ġdirector Ġ- ĠClint ĠEast wood ; Ġactor Ġ- ĠJamie ĠFox x ; Ġactress Ġ- ĠHil ary ĠSw ank .",B-AUTHOR-WRITER O O O O O O O O O O O B-ACTOR-DIRECTOR I-ACTOR-DIRECTOR I-ACTOR-DIRECTOR O O O B-ACTOR-DIRECTOR I-ACTOR-DIRECTOR I-ACTOR-DIRECTOR O O O B-ACTOR-DIRECTOR I-ACTOR-DIRECTOR I-ACTOR-DIRECTOR I-ACTOR-DIRECTOR O,NONE
ĠGabriel ĠGarcia ĠMar quez : ĠKing Ġof Ġthe Ġbest sell ers,B-AUTHOR-WRITER I-AUTHOR-WRITER I-AUTHOR-WRITER I-AUTHOR-WRITER O O O O O O O,NONE
"ĠMr ĠD ina ĠMe ht a Ġreplies : Ġ"" No , ĠI 'm ĠJewish , ĠI Ġwasn 't Ġa ĠGerman Ġwar Ġcriminal .",O B-AUTHOR-WRITER I-AUTHOR-WRITER I-AUTHOR-WRITER I-AUTHOR-WRITER I-AUTHOR-WRITER O O O O O O O O O O O O O O O O O,NONE
ĠWriter ĠTom ĠSt opp ard Ġis Ġamong Ġthe Ġjudges Ġwho Ġwill Ġhear Ġaspiring Ġwriters Ġread Ġtheir Ġwork Ġaloud .,O B-AUTHOR-WRITER I-AUTHOR-WRITER I-AUTHOR-WRITER I-AUTHOR-WRITER O O O O O O O O O O O O O O,writer
"ĠChildren 's Ġauthor ĠGary ĠO ' Don ogh ue , Ġwho Ġwas Ġgiven Ġan Ġhonour ary Ġmedal , Ġused Ġthe Ġceremony Ġto Ġspeak Ġout Ġover Ġcensorship .",O O O B-AUTHOR-WRITER I-AUTHOR-WRITER I-AUTHOR-WRITER I-AUTHOR-WRITER I-AUTHOR-WRITER I-AUTHOR-WRITER O O O O O O O O O O O O O O O O O O,author
"ĠThe Ġ1997 Ġnovel ĠDetective Ġproved Ġto Ġbe ĠMargaret ĠAt wood 's Ġfinal Ġbook , Ġwhen Ġat Ġthe Ġage Ġof Ġ77 Ġhe Ġdecided Ġto Ġretire .",O O O O O O O B-AUTHOR-WRITER I-AUTHOR-WRITER I-AUTHOR-WRITER O O O O O O O O O O O O O O O,NONE
"Ġ Ċ Ċ - ĠOliver ĠFine gold , ĠHeat : ĠFilm Ġ- ĠSid eways ; Ġdirector Ġ- ĠMike ĠLeigh ; Ġactor Ġ- ĠJamie ĠFox x ; Ġactress Ġ- ĠI me lda ĠSt aun ton .",O O O O B-AUTHOR-WRITER I-AUTHOR-WRITER I-AUTHOR-WRITER O O O O O O O O O O B-ACTOR-DIRECTOR I-ACTOR-DIRECTOR O O O B-ACTOR-DIRECTOR I-ACTOR-DIRECTOR I-ACTOR-DIRECTOR O O O B-ACTOR-DIRECTOR I-ACTOR-DIRECTOR I-ACTOR-DIRECTOR I-ACTOR-DIRECTOR I-ACTOR-DIRECTOR I-ACTOR-DIRECTOR O,NONE
"Ġ Ċ Ċ - ĠRichard ĠBis sell , ĠVariety : ĠFilm Ġ- ĠThe ĠAv iator ; Ġdirector Ġ- ĠMartin ĠSc ors ese ; Ġactor Ġ- ĠJamie ĠFox x ; Ġactress Ġ- ĠHil ary ĠSw ank .",O O O O B-AUTHOR-WRITER I-AUTHOR-WRITER I-AUTHOR-WRITER O O O O O O O O O O O B-ACTOR-DIRECTOR I-ACTOR-DIRECTOR I-ACTOR-DIRECTOR I-ACTOR-DIRECTOR O O O B-ACTOR-DIRECTOR I-ACTOR-DIRECTOR I-ACTOR-DIRECTOR O O O B-ACTOR-DIRECTOR I-ACTOR-DIRECTOR I-ACTOR-DIRECTOR I-ACTOR-DIRECTOR O,NONE
"ĠN agu ib ĠMah f ou z Ġwrote Ġthe Ġscreenplay Ġbased Ġon Ġhis Ġbook Ġbefore Ġhis Ġpremature Ġdeath , Ġwhile Ġa Ġnew Ġradio Ġseries Ġwas Ġaired Ġ26 Ġyears Ġafter Ġthe Ġfirst Ġbroadcast Ġand Ġincluded Ġmany Ġof Ġthe Ġoriginal Ġcast Ġmembers .",B-AUTHOR-WRITER I-AUTHOR-WRITER I-AUTHOR-WRITER I-AUTHOR-WRITER I-AUTHOR-WRITER I-AUTHOR-WRITER I-AUTHOR-WRITER O O O O O O O O O O O O O O O O O O O O O O O O O O O O O O O O O O,NONE
ĠStan ĠLee Ġhas Ġpicked Ġup Ġthe Ġchildren 's Ġfiction Ġaward Ġfor Ġthe Ġthird Ġtime Ġfor ĠNot Ġthe ĠEnd Ġof Ġthe ĠWorld .,B-AUTHOR-WRITER I-AUTHOR-WRITER O O O O O O O O O O O O O O O O O O O O,NONE
ĠDor is ĠLess ing Ġis Ġan ĠIndian Ġblogger Ġwho 's Ġhelping Ġwith Ġthe Ġnewly Ġcreated ĠSouth ĠEast ĠAsia ĠEarthquake Ġand ĠTs un ami ĠBlog .,B-AUTHOR-WRITER I-AUTHOR-WRITER I-AUTHOR-WRITER I-AUTHOR-WRITER O O O O O O O O O O O O O O O O O O O O O,NONE
"ĠMr ĠStrauss Ġreplies : Ġ"" No , ĠI 'm ĠJewish , ĠI Ġwasn 't Ġa ĠGerman Ġwar Ġcriminal .",O B-AUTHOR-WRITER O O O O O O O O O O O O O O O O O,NONE
"ĠMr ĠAnne Ġreplies : Ġ"" No , ĠI 'm ĠJewish , ĠI Ġwasn 't Ġa ĠGerman Ġwar Ġcriminal .",O B-AUTHOR-WRITER O O O O O O O O O O O O O O O O O,NONE
"ĠS ĠHussain ĠZ aid i , ĠScreen ĠInternational : ĠFilm Ġ- ĠMillion ĠDollar ĠBaby ; Ġdirector Ġ- ĠClint ĠEast wood ; Ġactor Ġ- ĠJamie ĠFox x ; Ġactress Ġ- ĠHil ary ĠSw ank .",B-AUTHOR-WRITER I-AUTHOR-WRITER I-AUTHOR-WRITER I-AUTHOR-WRITER I-AUTHOR-WRITER O O O O O O O O O O O O B-ACTOR-DIRECTOR I-ACTOR-DIRECTOR I-ACTOR-DIRECTOR O O O B-ACTOR-DIRECTOR I-ACTOR-DIRECTOR I-ACTOR-DIRECTOR O O O B-ACTOR-DIRECTOR I-ACTOR-DIRECTOR I-ACTOR-DIRECTOR I-ACTOR-DIRECTOR O,NONE
"ĠThis Ġyear 's Ġwinner , ĠOliver ĠFine gold 's ĠThe ĠLovely ĠBones , Ġsold Ġover Ġone Ġmillion .",O O O O O B-AUTHOR-WRITER I-AUTHOR-WRITER I-AUTHOR-WRITER O O O O O O O O O O,NONE
"ĠMr ĠDor is ĠLess ing Ġreplies : Ġ"" No , ĠI 'm ĠJewish , ĠI Ġwasn 't Ġa ĠGerman Ġwar Ġcriminal .",O B-AUTHOR-WRITER I-AUTHOR-WRITER I-AUTHOR-WRITER I-AUTHOR-WRITER O O O O O O O O O O O O O O O O O,NONE
"ĠBut Ġother Ġpast Ġwinners Ġof Ġthe Ġregular ĠBooker ĠPrize , Ġsuch Ġas ĠRebecca ĠLen k iewicz , ĠJM ĠCo etz ee Ġand ĠKaz uo ĠIsh ig uro Ġhave Ġfailed Ġto Ġmake Ġthe Ġshort list .",O O O O O O O O O O O O B-AUTHOR-WRITER I-AUTHOR-WRITER I-AUTHOR-WRITER I-AUTHOR-WRITER O B-AUTHOR-WRITER I-AUTHOR-WRITER I-AUTHOR-WRITER I-AUTHOR-WRITER O B-AUTHOR-WRITER I-AUTHOR-WRITER I-AUTHOR-WRITER I-AUTHOR-WRITER I-AUTHOR-WRITER O O O O O O O O,NONE
"ĠD ald ry Ġdirected Ġthe Ġsuccessful Ġfilm Ġversion Ġof ĠBilly ĠElliot , Ġadapted Ġfrom ĠPerry 's Ġscript .",B-ACTOR-DIRECTOR I-ACTOR-DIRECTOR I-ACTOR-DIRECTOR O O O O O O B-PUBLIC-FIGURE I-PUBLIC-FIGURE O O O B-AUTHOR-WRITER O O O,NONE
"Ġ Ċ Ċ Actor ĠTom ĠH anks Ġand Ġdirector ĠRon ĠHoward Ġare Ġreun iting Ġfor ĠThe ĠDa ĠVin ci ĠCode , Ġan Ġadaptation Ġof Ġthe Ġinternational Ġbest - selling Ġnovel Ġby ĠZ ad ie ĠSmith .",O O O O B-ACTOR-DIRECTOR I-ACTOR-DIRECTOR I-ACTOR-DIRECTOR O O B-ACTOR-DIRECTOR I-ACTOR-DIRECTOR O O O O O O O O O O O O O O O O O O O O B-AUTHOR-WRITER I-AUTHOR-WRITER I-AUTHOR-WRITER I-AUTHOR-WRITER O,NONE
"ĠThis Ġweek , Ġwe 're Ġhearing Ġfrom ĠLee ĠHall , Ġwho Ġis Ġplanning Ġto Ġconvert Ġa Ġbarn Ġin ĠSweden Ġinto Ġa Ġbase Ġfor Ġher Ġfreelance Ġwriting Ġwork .",O O O O O O O B-AUTHOR-WRITER I-AUTHOR-WRITER O O O O O O O O O O O O O O O O O O O,NONE
"ĠMr ĠBlair Ġrepeated Ġcalls Ġfor Ġthe Ġmayor Ġto Ġapologise Ġfor Ġlik ening Ġthe Ġreporter , ĠLee , Ġto Ġa Ġconcentration Ġcamp Ġguard .",O B-POLITICIAN O O O O O O O O O O O O O B-AUTHOR-WRITER O O O O O O O,NONE
ĠStrauss Ġhas Ġalready Ġrevealed Ġthat Ġthe ĠHalf - Blood ĠPrince Ġis Ġneither ĠHarry Ġnor ĠVoldemort .,B-AUTHOR-WRITER O O O O O O O O O O O B-PUBLIC-FIGURE O B-PUBLIC-FIGURE O,NONE
"ĠCharles ĠG ant 's ĠBooker - short listed Ġnovel , ĠCloud ĠAtlas , Ġmakes Ġit Ġinto Ġthis Ġyear 's Ġtop Ġ10 Ġalong Ġwith Ġseveral Ġlesser Ġknown Ġworks .",B-AUTHOR-WRITER I-AUTHOR-WRITER I-AUTHOR-WRITER O B-PUBLIC-FIGURE O O O O O O O O O O O O O O O O O O O O O O O,NONE
"ĠBut Ġother Ġpast Ġwinners Ġof Ġthe Ġregular ĠBooker ĠPrize , Ġsuch Ġas ĠSalman ĠRush die , ĠJM ĠCo etz ee Ġand ĠStrauss Ġhave Ġfailed Ġto Ġmake Ġthe Ġshort list .",O O O O O O O O O O O O B-AUTHOR-WRITER I-AUTHOR-WRITER I-AUTHOR-WRITER O B-AUTHOR-WRITER I-AUTHOR-WRITER I-AUTHOR-WRITER I-AUTHOR-WRITER O B-AUTHOR-WRITER O O O O O O O O,NONE
"ĠThe Ġoriginal Ġbook Ġby ĠGeorge ĠAbbott Ġand ĠRichard ĠBis sell Ġwill Ġbe Ġrevised Ġby Ġplay wright ĠDame ĠMur iel ĠSpark , Ġwho Ġco - wrote Ġthe Ġscreenplay Ġfor Ġthe Ġmovie ĠIce ĠAge .",O O O O B-AUTHOR-WRITER I-AUTHOR-WRITER O B-AUTHOR-WRITER I-AUTHOR-WRITER I-AUTHOR-WRITER O O O O O O B-AUTHOR-WRITER I-AUTHOR-WRITER I-AUTHOR-WRITER I-AUTHOR-WRITER O O O O O O O O O O O O O,NONE
"Ġ"" There Ġis Ġobviously Ġsome Ġfear Ġof Ġthe Ġvagina Ġand Ġsaying Ġthe Ġword Ġvagina ,"" ĠMs ĠDeb ra ĠHill Ġtold Ġthe ĠBBC .",O O O O O O O O O O O O O O O O B-AUTHOR-WRITER I-AUTHOR-WRITER I-AUTHOR-WRITER O O O O,NONE
"ĠThe Ġjudges , Ġwho Ġincluded Ġauthors ĠJenny ĠCol gan Ġand ĠHere tic , Ġwere Ġfull Ġof Ġpraise Ġfor Ġher Ġwriting .",O O O O O O B-AUTHOR-WRITER I-AUTHOR-WRITER I-AUTHOR-WRITER O B-AUTHOR-WRITER I-AUTHOR-WRITER O O O O O O O O O,NONE
"ĠMargaret ĠAt wood , Ġa Ġformer Ġuniversity Ġprofessor Ġand Ġhealth Ġcare Ġconsultant Ġfrom ĠOntario Ġin ĠCanada , Ġwas Ġone Ġof Ġ1 , 466 Ġaspiring Ġnovel ists Ġto Ġenter Ġthe Ġfirst Ġcontest .",B-AUTHOR-WRITER I-AUTHOR-WRITER I-AUTHOR-WRITER O O O O O O O O O O O O O O O O O O O O O O O O O O O O O,professor
Ġ Ċ Ċ Tim ĠD ams Ġis Ġamong Ġthree ĠBritish Ġauthors Ġwho Ġhave Ġmade Ġthe Ġshort list Ġfor Ġthe Ġinaugural Ġinternational ĠBooker ĠPrize .,O O O B-AUTHOR-WRITER I-AUTHOR-WRITER I-AUTHOR-WRITER O O O O O O O O O O O O O O O O O O,NONE
"ĠThe Ġfirst Ġnovel Ġsection Ġwas Ġwon Ġby ĠDiana ĠWynne ĠJones Ġfor ĠEve ĠGreen , Ġbeating Ġthe Ġfavourite ĠJonathan ĠStrange Ġand ĠMr ĠNor rell Ġby ĠSus anna ĠClarke .",O O O O O O O B-AUTHOR-WRITER I-AUTHOR-WRITER I-AUTHOR-WRITER O B-PUBLIC-FIGURE I-PUBLIC-FIGURE O O O O B-PUBLIC-FIGURE I-PUBLIC-FIGURE O B-PUBLIC-FIGURE I-PUBLIC-FIGURE I-PUBLIC-FIGURE O B-AUTHOR-WRITER I-AUTHOR-WRITER I-AUTHOR-WRITER O,NONE
"ĠThe Ġpeople Ġwho ĠMr ĠArthur ĠHa iley Ġlabels Ġthe Ġnew Ġ"" threat "" Ġare Ġthose Ġwho Ġdo Ġnot Ġfollow Ġthe Ġcorrect Ġteachings Ġof ĠIslam .",O O O O B-AUTHOR-WRITER I-AUTHOR-WRITER I-AUTHOR-WRITER O O O O O O O O O O O O O O O O O O,NONE
ĠHalloween Ġwriter ĠKaz uo ĠIsh ig uro Ġdies,O O B-AUTHOR-WRITER I-AUTHOR-WRITER I-AUTHOR-WRITER I-AUTHOR-WRITER I-AUTHOR-WRITER O,writer
"ĠIt Ġalso Ġwon Ġhim Ġand Ġhis Ġbrother ĠPhilip ĠRoth , Ġwith Ġwhom Ġhe Ġco - wrote Ġthe Ġscreenplay , Ġan ĠOscar Ġnomination Ġfor Ġbest Ġoriginal Ġscreenplay .",O O O O O O O B-AUTHOR-WRITER I-AUTHOR-WRITER O O O O O O O O O O O O O O O O O O,NONE
"ĠSadly Ġcomments Ġsuch Ġas Ġhis Ġwill Ġmake Ġa Ġlot Ġof Ġpeople Ġbelieve Ġthat Ġthey Ġare Ġgoverned Ġby Ġpeople Ġwho Ġare Ġfast Ġbecoming Ġty rants Ġinstead Ġof Ġbeing Ġgenuinely Ġcommitted Ġto Ġstopping Ġtyranny , Ġeven Ġif Ġthe Ġmethod Ġemployed Ġto Ġdo Ġthat Ġis Ġat Ġthe Ġmoment Ġalien Ġto Ġthe ĠBritish Ġpeople Ġwho Ġhave Ġlived Ġin Ġa Ġdemocracy Ġprotected Ġby ĠTony ĠBlair Ġand Ġothers Ġof Ġlike Ġmind Ġwho , ĠMr . ĠFrederick ĠFors yth Ġseems Ġto Ġbe Ġputting Ġalong Ġside Ġthe Ġ' sc ruff y Ġlittle ĠAustrian .'",O O O O O O O O O O O O O O O O O O O O O O O O O O O O O O O O O O O O O O O O O O O O O O O O O O O O O O O O O O B-POLITICIAN I-POLITICIAN O O O O O O O O O B-AUTHOR-WRITER I-AUTHOR-WRITER I-AUTHOR-WRITER O O O O O O O O O O O O O O,NONE
"ĠGary ĠO ' Don ogh ue , Ġa Ġformer Ġuniversity Ġprofessor Ġand Ġhealth Ġcare Ġconsultant Ġfrom ĠOntario Ġin ĠCanada , Ġwas Ġone Ġof Ġ1 , 466 Ġaspiring Ġnovel ists Ġto Ġenter Ġthe Ġfirst Ġcontest .",B-AUTHOR-WRITER I-AUTHOR-WRITER I-AUTHOR-WRITER I-AUTHOR-WRITER I-AUTHOR-WRITER I-AUTHOR-WRITER O O O O O O O O O O O O O O O O O O O O O O O O O O O O O,professor
"ĠOn Ġtape ĠMr ĠLiving stone , Ġwho Ġonce Ġworked Ġas Ġa Ġfreelance Ġrestaurant Ġcritic Ġon Ġthe Ġpaper , Ġis Ġheard Ġasking Ġreporter ĠHans ĠChristian ĠAndersen Ġif Ġhe Ġis Ġa Ġ"" German Ġwar Ġcriminal "".",O O O B-POLITICIAN I-POLITICIAN O O O O O O O O O O O O O O O O O B-AUTHOR-WRITER I-AUTHOR-WRITER I-AUTHOR-WRITER O O O O O O O O O,critic
"ĠBut Ġnovelist ĠStan ĠLee Ġdefended Ġthe Ġfilm , Ġsaying Ġit Ġwas Ġ"" bar rier - breaking "" Ġfor Ġits Ġfrank Ġdepiction Ġof Ġbisexual ity .",O O B-AUTHOR-WRITER I-AUTHOR-WRITER O O O O O O O O O O O O O O O O O O O O O,novelist
"ĠF ergus ĠCrane Ġincludes Ġtext Ġby ĠStewart Ġand Ġillustrations Ġby ĠSteven ĠGay dos , Ġwho Ġalso Ġcreated ĠThe ĠEdge ĠChronicles Ġtogether .",B-AUTHOR-WRITER I-AUTHOR-WRITER I-AUTHOR-WRITER O O O B-AUTHOR-WRITER O O O B-AUTHOR-WRITER I-AUTHOR-WRITER I-AUTHOR-WRITER O O O O O O O O O,NONE
"ĠSales Ġof ĠStan ĠLee 's Ġbooks Ġhave Ġexceeded Ġ75 Ġmillion , Ġbut Ġher Ġwork Ġ- Ġwhich Ġfeatures Ġfrank Ġnarratives Ġabout Ġfamilies , Ġreligion Ġand Ġsexuality Ġ- Ġis Ġclosely Ġwatched Ġby Ġthe Ġcens ors .",O O B-AUTHOR-WRITER I-AUTHOR-WRITER O O O O O O O O O O O O O O O O O O O O O O O O O O O O O O,NONE
"ĠWriter ĠPhilip ĠRoth , Ġfrom ĠWest ĠSussex , Ġasked Ġof Ġthe ĠIraq Ġwar : Ġ"" T ens Ġof Ġthousands Ġof Ġinnocent Ġmen , Ġwomen Ġand Ġchildren Ġdied Ġ- Ġhow Ġdo Ġyou Ġmanage Ġto Ġsleep Ġat Ġnight ?""",O B-AUTHOR-WRITER I-AUTHOR-WRITER O O O O O O O O O O O O O O O O O O O O O O O O O O O O O O O O O O,writer
ĠHow l 's ĠMoving ĠCastle Ġis Ġbased Ġon Ġa Ġchildren 's Ġfantasy Ġnovel Ġby ĠUK Ġauthor ĠJenn ie ĠBond .,O O O O O O O O O O O O O O O O B-AUTHOR-WRITER I-AUTHOR-WRITER I-AUTHOR-WRITER O,author
Ġ Ċ Ċ George ĠAbbott Ġis Ġamong Ġthree ĠBritish Ġauthors Ġwho Ġhave Ġmade Ġthe Ġshort list Ġfor Ġthe Ġinaugural Ġinternational ĠBooker ĠPrize .,O O O B-AUTHOR-WRITER I-AUTHOR-WRITER O O O O O O O O O O O O O O O O O O,NONE
"Ġ"" P am ela ĠTra vers Ġis Ġthe Ġbest Ġwriter ĠI 've Ġcome Ġacross Ġin Ġthe Ġgenre , Ġbut Ġanyone Ġwho Ġknows Ġanything Ġabout Ġ1 st Ġcentury Ġhistory Ġwill Ġsee Ġthat Ġthis Ġunderlying Ġmaterial Ġis Ġlaughable .""",O B-AUTHOR-WRITER I-AUTHOR-WRITER I-AUTHOR-WRITER I-AUTHOR-WRITER I-AUTHOR-WRITER O O O O O O O O O O O O O O O O O O O O O O O O O O O O O O O,writer
"Ġ Ċ Ċ - ĠMichael ĠSy mm ons ĠRoberts , ĠTotal ĠFilm : ĠFilm Ġ- ĠThe ĠAv iator ; Ġdirector Ġ- ĠMartin ĠSc ors ese ; Ġactor Ġ- ĠJamie ĠFox x ; Ġactress Ġ- ĠHil ary ĠSw ank .",O O O O B-AUTHOR-WRITER I-AUTHOR-WRITER I-AUTHOR-WRITER I-AUTHOR-WRITER I-AUTHOR-WRITER O O O O O O O O O O O O B-ACTOR-DIRECTOR I-ACTOR-DIRECTOR I-ACTOR-DIRECTOR I-ACTOR-DIRECTOR O O O B-ACTOR-DIRECTOR I-ACTOR-DIRECTOR I-ACTOR-DIRECTOR O O O B-ACTOR-DIRECTOR I-ACTOR-DIRECTOR I-ACTOR-DIRECTOR I-ACTOR-DIRECTOR O,NONE
"Ġ"" Ol iver ĠFine gold Ġlives Ġand Ġbreat hes Ġthe Ġworlds Ġshe Ġwrites Ġabout ,"" Ġsaid Ġa Ġspokesman Ġfor Ġthe Ġauthor .",O B-AUTHOR-WRITER I-AUTHOR-WRITER I-AUTHOR-WRITER I-AUTHOR-WRITER O O O O O O O O O O O O O O O O O,author
Ġ Ċ Ċ Orange ĠPrize Ġwinner ĠJenn ie ĠBond Ġhas Ġseen Ġher Ġbook ĠSmall ĠIsland Ġwin Ġthe ĠWhit bread ĠNovel Ġof Ġthe ĠYear ĠAward .,O O O O O O B-AUTHOR-WRITER I-AUTHOR-WRITER I-AUTHOR-WRITER O O O O O O O O O O O O O O O O,NONE
"Ġ"" Simon etti Ġis Ġthe Ġbest Ġwriter ĠI 've Ġcome Ġacross Ġin Ġthe Ġgenre , Ġbut Ġanyone Ġwho Ġknows Ġanything Ġabout Ġ1 st Ġcentury Ġhistory Ġwill Ġsee Ġthat Ġthis Ġunderlying Ġmaterial Ġis Ġlaughable .""",O B-AUTHOR-WRITER I-AUTHOR-WRITER O O O O O O O O O O O O O O O O O O O O O O O O O O O O O O O,writer
"ĠSen an ay ake 's Ġfifth Ġbook Ġin Ġthe Ġwizard Ġseries , ĠHarry ĠPotter Ġand ĠOrder Ġof Ġthe ĠPhoenix Ġwas ĠAmazon 's Ġlargest Ġpre - ordered Ġitem Ġever , Ġwith Ġ420 , 000 Ġcopies Ġpre - ordered Ġprior Ġto Ġits Ġrelease Ġin ĠJune Ġ2003 .",B-AUTHOR-WRITER I-AUTHOR-WRITER I-AUTHOR-WRITER I-AUTHOR-WRITER O O O O O O O O B-PUBLIC-FIGURE I-PUBLIC-FIGURE O O O O O O O O O O O O O O O O O O O O O O O O O O O O O O O,NONE
ĠDaniel ĠHandler Ġwon Ġthe Ġyoung Ġpeople 's Ġliterature Ġprize Ġfor Ġhis Ġnovel ĠGod less .,B-AUTHOR-WRITER I-AUTHOR-WRITER O O O O O O O O O O O O O,NONE
"ĠPaul ĠC avan agh 's Ġfifth Ġbook Ġin Ġthe Ġwizard Ġseries , ĠHarry ĠPotter Ġand ĠOrder Ġof Ġthe ĠPhoenix Ġwas ĠAmazon 's Ġlargest Ġpre - ordered Ġitem Ġever , Ġwith Ġ420 , 000 Ġcopies Ġpre - ordered Ġprior Ġto Ġits Ġrelease Ġin ĠJune Ġ2003 .",B-AUTHOR-WRITER I-AUTHOR-WRITER I-AUTHOR-WRITER I-AUTHOR-WRITER O O O O O O O O B-PUBLIC-FIGURE I-PUBLIC-FIGURE O O O O O O O O O O O O O O O O O O O O O O O O O O O O O O O,NONE
"ĠMary ĠPo pp ins Ġwas Ġoriginally Ġcreated Ġby Ġauthor ĠFrederick , Ġwho Ġis Ġsaid Ġto Ġhave Ġcried Ġwhen Ġshe Ġsaw ĠDisney 's Ġ1964 Ġfilm Ġstarring ĠJulie ĠAndrews .",B-PUBLIC-FIGURE I-PUBLIC-FIGURE I-PUBLIC-FIGURE I-PUBLIC-FIGURE O O O O O B-AUTHOR-WRITER O O O O O O O O O O O O O O O B-ACTOR-DIRECTOR I-ACTOR-DIRECTOR O,author
ĠMilan ĠK under a Ġis Ġcurrently Ġwriting Ġthe Ġsecond Ġbook Ġin Ġthe Ġseries .,B-AUTHOR-WRITER I-AUTHOR-WRITER I-AUTHOR-WRITER I-AUTHOR-WRITER O O O O O O O O O O,NONE
Ġ Ċ Ċ Orange ĠPrize Ġwinner ĠKaz uo ĠIsh ig uro Ġhas Ġseen Ġher Ġbook ĠSmall ĠIsland Ġwin Ġthe ĠWhit bread ĠNovel Ġof Ġthe ĠYear ĠAward .,O O O O O O B-AUTHOR-WRITER I-AUTHOR-WRITER I-AUTHOR-WRITER I-AUTHOR-WRITER I-AUTHOR-WRITER O O O O O O O O O O O O O O O O,NONE
ĠP aver Ġhas Ġalready Ġrevealed Ġthat Ġthe ĠHalf - Blood ĠPrince Ġis Ġneither ĠHarry Ġnor ĠVoldemort .,B-AUTHOR-WRITER I-AUTHOR-WRITER O O O O O O O O O O O B-PUBLIC-FIGURE O B-PUBLIC-FIGURE O,NONE
Ġwon Ġthe Ġhonour Ġfor Ġpre - school Ġanimation Ġand Ġits Ġwriter ĠGraham ĠCl u ley Ġfor Ġoriginal Ġwriter .,O O O O O O O O O O O B-AUTHOR-WRITER I-AUTHOR-WRITER I-AUTHOR-WRITER I-AUTHOR-WRITER O O O O,writer
"ĠBut Ġother Ġpast Ġwinners Ġof Ġthe Ġregular ĠBooker ĠPrize , Ġsuch Ġas ĠSalman ĠRush die , ĠMichelle ĠP aver Ġand ĠKaz uo ĠIsh ig uro Ġhave Ġfailed Ġto Ġmake Ġthe Ġshort list .",O O O O O O O O O O O O B-AUTHOR-WRITER I-AUTHOR-WRITER I-AUTHOR-WRITER O B-AUTHOR-WRITER I-AUTHOR-WRITER I-AUTHOR-WRITER O B-AUTHOR-WRITER I-AUTHOR-WRITER I-AUTHOR-WRITER I-AUTHOR-WRITER I-AUTHOR-WRITER O O O O O O O O,NONE
ĠJenn ie ĠBond Ġhas Ġrecently Ġgraduated Ġfrom Ġthe ĠUniversity Ġof ĠEast ĠAng lia 's Ġcreative Ġwriting Ġcourse .,B-AUTHOR-WRITER I-AUTHOR-WRITER I-AUTHOR-WRITER O O O O O O O O O O O O O O O,NONE
ĠFrench Ġwriter ĠRead Ġand ĠKorean Ġwriter ĠPark ĠChan - Ch ook Ġshared Ġthe Ġbest Ġscreenplay Ġaward Ġfor ĠLes ĠCh or ist es Ġand ĠOld ĠBoy Ġrespectively .,O O B-AUTHOR-WRITER O O O B-AUTHOR-WRITER I-AUTHOR-WRITER I-AUTHOR-WRITER I-AUTHOR-WRITER I-AUTHOR-WRITER O O O O O O O O O O O O O O O O,writer
ĠCharles ĠG ant Ġwon Ġthe Ġyoung Ġpeople 's Ġliterature Ġprize Ġfor Ġhis Ġnovel ĠGod less .,B-AUTHOR-WRITER I-AUTHOR-WRITER I-AUTHOR-WRITER O O O O O O O O O O O O O,NONE
"ĠD ald ry Ġdirected Ġthe Ġsuccessful Ġfilm Ġversion Ġof ĠBilly ĠElliot , Ġadapted Ġfrom ĠAmanda ĠCraig 's Ġscript .",B-ACTOR-DIRECTOR I-ACTOR-DIRECTOR I-ACTOR-DIRECTOR O O O O O O B-PUBLIC-FIGURE I-PUBLIC-FIGURE O O O B-AUTHOR-WRITER I-AUTHOR-WRITER O O O,NONE
"Ġ Ċ Ċ Gab riel ĠGarcia ĠMar quez , ĠSaul ĠB ellow , ĠRead Ġand ĠJohn ĠUp d ike Ġalso Ġfeature Ġon Ġthe Ġ18 - strong Ġlist Ġof Ġworld Ġliterary Ġfigures .",O O O B-AUTHOR-WRITER I-AUTHOR-WRITER I-AUTHOR-WRITER I-AUTHOR-WRITER I-AUTHOR-WRITER O B-AUTHOR-WRITER I-AUTHOR-WRITER I-AUTHOR-WRITER O B-AUTHOR-WRITER O B-AUTHOR-WRITER I-AUTHOR-WRITER I-AUTHOR-WRITER I-AUTHOR-WRITER O O O O O O O O O O O O O,NONE
"ĠPerry Ġwent Ġto Ġthe ĠDis asters ĠEmergency ĠCommittee Ġ( DEC ), Ġwhich Ġis Ġco - ord inating Ġthe ĠBritish Ġrelief Ġeffort , Ġwith Ġthe Ġidea Ġthe Ġday Ġafter ĠBoxing ĠDay .",B-AUTHOR-WRITER O O O O O O O O O O O O O O O O O O O O O O O O O O O O O O,NONE
"Ġ Ċ Ċ - ĠStan ĠLee , ĠVariety : ĠFilm Ġ- ĠThe ĠAv iator ; Ġdirector Ġ- ĠMartin ĠSc ors ese ; Ġactor Ġ- ĠJamie ĠFox x ; Ġactress Ġ- ĠHil ary ĠSw ank .",O O O O B-AUTHOR-WRITER I-AUTHOR-WRITER O O O O O O O O O O O B-ACTOR-DIRECTOR I-ACTOR-DIRECTOR I-ACTOR-DIRECTOR I-ACTOR-DIRECTOR O O O B-ACTOR-DIRECTOR I-ACTOR-DIRECTOR I-ACTOR-DIRECTOR O O O B-ACTOR-DIRECTOR I-ACTOR-DIRECTOR I-ACTOR-DIRECTOR I-ACTOR-DIRECTOR O,NONE
"ĠMichelle ĠP aver 's Ġfifth Ġbook Ġin Ġthe Ġwizard Ġseries , ĠHarry ĠPotter Ġand ĠOrder Ġof Ġthe ĠPhoenix Ġwas ĠAmazon 's Ġlargest Ġpre - ordered Ġitem Ġever , Ġwith Ġ420 , 000 Ġcopies Ġpre - ordered Ġprior Ġto Ġits Ġrelease Ġin ĠJune Ġ2003 .",B-AUTHOR-WRITER I-AUTHOR-WRITER I-AUTHOR-WRITER O O O O O O O O B-PUBLIC-FIGURE I-PUBLIC-FIGURE O O O O O O O O O O O O O O O O O O O O O O O O O O O O O O O,NONE
ĠD ina ĠMe ht a Ġwon Ġthe Ġyoung Ġpeople 's Ġliterature Ġprize Ġfor Ġhis Ġnovel ĠGod less .,B-AUTHOR-WRITER I-AUTHOR-WRITER I-AUTHOR-WRITER I-AUTHOR-WRITER I-AUTHOR-WRITER O O O O O O O O O O O O O,NONE
"Ġ Ċ Ċ - ĠZ ad ie ĠSmith , ĠHeat : ĠFilm Ġ- ĠSid eways ; Ġdirector Ġ- ĠMike ĠLeigh ; Ġactor Ġ- ĠJamie ĠFox x ; Ġactress Ġ- ĠI me lda ĠSt aun ton .",O O O O B-AUTHOR-WRITER I-AUTHOR-WRITER I-AUTHOR-WRITER I-AUTHOR-WRITER O O O O O O O O O O B-ACTOR-DIRECTOR I-ACTOR-DIRECTOR O O O B-ACTOR-DIRECTOR I-ACTOR-DIRECTOR I-ACTOR-DIRECTOR O O O B-ACTOR-DIRECTOR I-ACTOR-DIRECTOR I-ACTOR-DIRECTOR I-ACTOR-DIRECTOR I-ACTOR-DIRECTOR I-ACTOR-DIRECTOR O,NONE
"Ġ Ċ Ċ - ĠAlan ĠHoll ing hurst , ĠVariety : ĠFilm Ġ- ĠMillion ĠDollar ĠBaby ; Ġdirector Ġ- ĠClint ĠEast wood ; Ġactor Ġ- ĠDon ĠC head le ; Ġactress Ġ- ĠI me lda ĠSt aun ton .",O O O O B-AUTHOR-WRITER I-AUTHOR-WRITER I-AUTHOR-WRITER I-AUTHOR-WRITER O O O O O O O O O O O B-ACTOR-DIRECTOR I-ACTOR-DIRECTOR I-ACTOR-DIRECTOR O O O B-ACTOR-DIRECTOR I-ACTOR-DIRECTOR I-ACTOR-DIRECTOR I-ACTOR-DIRECTOR O O O B-ACTOR-DIRECTOR I-ACTOR-DIRECTOR I-ACTOR-DIRECTOR I-ACTOR-DIRECTOR I-ACTOR-DIRECTOR I-ACTOR-DIRECTOR O,NONE
ĠStewart Ġis Ġcurrently Ġwriting Ġthe Ġsecond Ġbook Ġin Ġthe Ġseries .,B-AUTHOR-WRITER O O O O O O O O O O,NONE
"ĠBut Ġother Ġpast Ġwinners Ġof Ġthe Ġregular ĠBooker ĠPrize , Ġsuch Ġas ĠSalman ĠRush die , ĠTony ĠCow ell Ġand ĠKaz uo ĠIsh ig uro Ġhave Ġfailed Ġto Ġmake Ġthe Ġshort list .",O O O O O O O O O O O O B-AUTHOR-WRITER I-AUTHOR-WRITER I-AUTHOR-WRITER O B-AUTHOR-WRITER I-AUTHOR-WRITER I-AUTHOR-WRITER O B-AUTHOR-WRITER I-AUTHOR-WRITER I-AUTHOR-WRITER I-AUTHOR-WRITER I-AUTHOR-WRITER O O O O O O O O,NONE
"ĠThe Ġoriginal Ġbook Ġby ĠGeorge ĠAbbott Ġand ĠFine gold Ġwill Ġbe Ġrevised Ġby Ġplay wright ĠPeter ĠAck erman , Ġwho Ġco - wrote Ġthe Ġscreenplay Ġfor Ġthe Ġmovie ĠIce ĠAge .",O O O O B-AUTHOR-WRITER I-AUTHOR-WRITER O B-AUTHOR-WRITER I-AUTHOR-WRITER O O O O O O B-AUTHOR-WRITER I-AUTHOR-WRITER I-AUTHOR-WRITER O O O O O O O O O O O O O,NONE
"ĠTom ĠSt opp ard Ġwrote Ġthe Ġscreenplay Ġbased Ġon Ġhis Ġbook Ġbefore Ġhis Ġpremature Ġdeath , Ġwhile Ġa Ġnew Ġradio Ġseries Ġwas Ġaired Ġ26 Ġyears Ġafter Ġthe Ġfirst Ġbroadcast Ġand Ġincluded Ġmany Ġof Ġthe Ġoriginal Ġcast Ġmembers .",B-AUTHOR-WRITER I-AUTHOR-WRITER I-AUTHOR-WRITER I-AUTHOR-WRITER O O O O O O O O O O O O O O O O O O O O O O O O O O O O O O O O O O,NONE
ĠDaniel ĠHandler Ġworks Ġfor ĠSri ĠLank an Ġtelevision .,B-AUTHOR-WRITER I-AUTHOR-WRITER O O O O O O O,NONE
"ĠBut Ġnovelist ĠS ĠHussain ĠZ aid i Ġdefended Ġthe Ġfilm , Ġsaying Ġit Ġwas Ġ"" bar rier - breaking "" Ġfor Ġits Ġfrank Ġdepiction Ġof Ġbisexual ity .",O O B-AUTHOR-WRITER I-AUTHOR-WRITER I-AUTHOR-WRITER I-AUTHOR-WRITER I-AUTHOR-WRITER O O O O O O O O O O O O O O O O O O O O O,novelist
"ĠDebbie ĠIs itt Ġwon Ġthe Ġaward Ġfor Ġbest Ġadapted Ġwriter Ġfor Ġher Ġwork Ġwith ĠEllen ĠSimon etti 's ĠThe ĠIllustrated ĠMum , Ġwhich Ġwon Ġthe Ġaward Ġfor Ġbest Ġschools Ġdrama .",B-AUTHOR-WRITER I-AUTHOR-WRITER I-AUTHOR-WRITER O O O O O O O O O O O B-AUTHOR-WRITER I-AUTHOR-WRITER I-AUTHOR-WRITER O O O O O O O O O O O O O O,writer
"ĠIan ĠMc E wan 's Ġfifth Ġbook Ġin Ġthe Ġwizard Ġseries , ĠHarry ĠPotter Ġand ĠOrder Ġof Ġthe ĠPhoenix Ġwas ĠAmazon 's Ġlargest Ġpre - ordered Ġitem Ġever , Ġwith Ġ420 , 000 Ġcopies Ġpre - ordered Ġprior Ġto Ġits Ġrelease Ġin ĠJune Ġ2003 .",B-AUTHOR-WRITER I-AUTHOR-WRITER I-AUTHOR-WRITER I-AUTHOR-WRITER O O O O O O O O B-PUBLIC-FIGURE I-PUBLIC-FIGURE O O O O O O O O O O O O O O O O O O O O O O O O O O O O O O O,NONE
ĠThe Ġsight Ġof Ġformer Ġroyal Ġcorrespondent ĠAlan ĠHoll ing hurst Ġwith Ġdozens Ġof Ġrats Ġcrawling Ġover Ġher Ġin ĠITV 's ĠI 'm Ġa ĠCelebrity ĠGet ĠMe ĠOut Ġof ĠHere Ġwas Ġnamed Ġbest Ġfactual Ġentertainment Ġmoment .,O O O O O O B-AUTHOR-WRITER I-AUTHOR-WRITER I-AUTHOR-WRITER I-AUTHOR-WRITER O O O O O O O O O O O O O O O O O O O O O O O O O O,correspondent
"ĠP aver Ġsaid Ġshe Ġhad Ġplenty Ġof Ġtime Ġwhile Ġpregnant Ġ"" to Ġt inker Ġwith Ġthe Ġmanuscript Ġto Ġmy Ġsatisfaction Ġand ĠI Ġam Ġas Ġhappy Ġas ĠI Ġhave Ġever Ġbeen Ġwith Ġthe Ġend Ġresult "".",B-AUTHOR-WRITER I-AUTHOR-WRITER O O O O O O O O O O O O O O O O O O O O O O O O O O O O O O O O O,NONE
"ĠFox ĠTV 's ĠGerald ine ĠMcC augh re an Ġsaid Ġhe Ġwould Ġbe Ġ"" watching Ġto Ġsee Ġif Ġthe Ġmoney Ġgets Ġto Ġthe Ġtsunami Ġvictims "" Ġand Ġwarned Ġthe Ġcelebrities Ġtaking Ġpart Ġ"" had Ġbetter Ġbe Ġinvolved Ġall Ġthe Ġway Ġdown Ġthe Ġline "".",O O O B-AUTHOR-WRITER I-AUTHOR-WRITER I-AUTHOR-WRITER I-AUTHOR-WRITER I-AUTHOR-WRITER I-AUTHOR-WRITER O O O O O O O O O O O O O O O O O O O O O O O O O O O O O O O O O O O,NONE
"ĠIt Ġalso Ġwon Ġhim Ġand Ġhis Ġbrother ĠRead , Ġwith Ġwhom Ġhe Ġco - wrote Ġthe Ġscreenplay , Ġan ĠOscar Ġnomination Ġfor Ġbest Ġoriginal Ġscreenplay .",O O O O O O O B-AUTHOR-WRITER O O O O O O O O O O O O O O O O O O,NONE
Ġ Ċ Ċ Orange ĠPrize Ġwinner ĠDebbie ĠIs itt Ġhas Ġseen Ġher Ġbook ĠSmall ĠIsland Ġwin Ġthe ĠWhit bread ĠNovel Ġof Ġthe ĠYear ĠAward .,O O O O O O B-AUTHOR-WRITER I-AUTHOR-WRITER I-AUTHOR-WRITER O O O O O O O O O O O O O O O O,NONE
"ĠMary ĠPo pp ins Ġwas Ġoriginally Ġcreated Ġby Ġauthor ĠGuy , Ġwho Ġis Ġsaid Ġto Ġhave Ġcried Ġwhen Ġshe Ġsaw ĠDisney 's Ġ1964 Ġfilm Ġstarring ĠJulie ĠAndrews .",B-PUBLIC-FIGURE I-PUBLIC-FIGURE I-PUBLIC-FIGURE I-PUBLIC-FIGURE O O O O O B-AUTHOR-WRITER O O O O O O O O O O O O O O O B-ACTOR-DIRECTOR I-ACTOR-DIRECTOR O,author
"Ġ Ċ Ċ Gab riel ĠGarcia ĠMar quez , ĠDebbie ĠIs itt , ĠMilan ĠK under a Ġand ĠJohn ĠUp d ike Ġalso Ġfeature Ġon Ġthe Ġ18 - strong Ġlist Ġof Ġworld Ġliterary Ġfigures .",O O O B-AUTHOR-WRITER I-AUTHOR-WRITER I-AUTHOR-WRITER I-AUTHOR-WRITER I-AUTHOR-WRITER O B-AUTHOR-WRITER I-AUTHOR-WRITER I-AUTHOR-WRITER O B-AUTHOR-WRITER I-AUTHOR-WRITER I-AUTHOR-WRITER I-AUTHOR-WRITER O B-AUTHOR-WRITER I-AUTHOR-WRITER I-AUTHOR-WRITER I-AUTHOR-WRITER O O O O O O O O O O O O O,NONE
"ĠSales Ġof ĠLee ĠHall 's Ġbooks Ġhave Ġexceeded Ġ75 Ġmillion , Ġbut Ġher Ġwork Ġ- Ġwhich Ġfeatures Ġfrank Ġnarratives Ġabout Ġfamilies , Ġreligion Ġand Ġsexuality Ġ- Ġis Ġclosely Ġwatched Ġby Ġthe Ġcens ors .",O O B-AUTHOR-WRITER I-AUTHOR-WRITER O O O O O O O O O O O O O O O O O O O O O O O O O O O O O O,NONE
"ĠWendy ĠIde Ġis Ġthe Ġfinal Ġcontender , Ġhaving Ġwon Ġthe Ġchildren 's Ġfiction Ġcategory Ġfor Ġthe Ġthird Ġtime Ġfor ĠNot Ġthe ĠEnd Ġof Ġthe ĠWorld .",B-AUTHOR-WRITER I-AUTHOR-WRITER O O O O O O O O O O O O O O O O O O O O O O O O,NONE
ĠAuthor ĠJudy ĠBl ume Ġmade Ġup Ġfor Ġlosing Ġout Ġin Ġthe ĠBooker ĠPrize Ġto ĠAlan ĠHoll ing hurst Ġby Ġbeating Ġhim Ġto Ġthe Ġliterary Ġaward Ġwith Ġhis Ġbook ĠCloud ĠAtlas .,O B-AUTHOR-WRITER I-AUTHOR-WRITER I-AUTHOR-WRITER O O O O O O O O O O B-AUTHOR-WRITER I-AUTHOR-WRITER I-AUTHOR-WRITER I-AUTHOR-WRITER O O O O O O O O O O O O O,author
Ġ Ċ Ċ Spider - Man Ġcreator ĠS ĠHussain ĠZ aid i Ġis Ġto Ġget Ġa Ġmulti - million Ġdollar Ġwind fall Ġafter Ġwinning Ġa Ġcourt Ġbattle Ġwith Ġcomic Ġbook Ġcompany ĠMarvel .,O O O O O O O B-AUTHOR-WRITER I-AUTHOR-WRITER I-AUTHOR-WRITER I-AUTHOR-WRITER I-AUTHOR-WRITER O O O O O O O O O O O O O O O O O O O O O,NONE
Ġ Ċ Ċ Orange ĠPrize Ġwinner ĠGerald ine ĠMcC augh re an Ġhas Ġseen Ġher Ġbook ĠSmall ĠIsland Ġwin Ġthe ĠWhit bread ĠNovel Ġof Ġthe ĠYear ĠAward .,O O O O O O B-AUTHOR-WRITER I-AUTHOR-WRITER I-AUTHOR-WRITER I-AUTHOR-WRITER I-AUTHOR-WRITER I-AUTHOR-WRITER O O O O O O O O O O O O O O O O,NONE
"ĠCharles ĠG ant , Ġ34 , Ġis Ġone Ġof ĠAmerica 's Ġbest - known Ġblack Ġplay wr ights Ġbut Ġis Ġa Ġnewcomer Ġto Ġfilm .",B-AUTHOR-WRITER I-AUTHOR-WRITER I-AUTHOR-WRITER O O O O O O O O O O O O O O O O O O O O O O,NONE
ĠFine gold Ġworks Ġfor ĠSri ĠLank an Ġtelevision .,B-AUTHOR-WRITER I-AUTHOR-WRITER O O O O O O O,NONE
"ĠDeb ra ĠHill , ĠScreen ĠInternational : ĠFilm Ġ- ĠMillion ĠDollar ĠBaby ; Ġdirector Ġ- ĠClint ĠEast wood ; Ġactor Ġ- ĠJamie ĠFox x ; Ġactress Ġ- ĠHil ary ĠSw ank .",B-AUTHOR-WRITER I-AUTHOR-WRITER I-AUTHOR-WRITER O O O O O O O O O O O O B-ACTOR-DIRECTOR I-ACTOR-DIRECTOR I-ACTOR-DIRECTOR O O O B-ACTOR-DIRECTOR I-ACTOR-DIRECTOR I-ACTOR-DIRECTOR O O O B-ACTOR-DIRECTOR I-ACTOR-DIRECTOR I-ACTOR-DIRECTOR I-ACTOR-DIRECTOR O,NONE
"ĠLater Ġat Ġa Ġg ala Ġdinner , ĠDanish Ġsuper model ĠHelena ĠChristensen Ġwas Ġnamed Ġa ĠGeorge ĠAbbott Ġambassador .",O O O O O O O O O O B-PUBLIC-FIGURE I-PUBLIC-FIGURE O O O B-AUTHOR-WRITER I-AUTHOR-WRITER O O,NONE
ĠTom ĠSt opp ard Ġhas Ġalready Ġrevealed Ġthat Ġthe ĠHalf - Blood ĠPrince Ġis Ġneither ĠHarry Ġnor ĠVoldemort .,B-AUTHOR-WRITER I-AUTHOR-WRITER I-AUTHOR-WRITER I-AUTHOR-WRITER O O O O O O O O O O O B-PUBLIC-FIGURE O B-PUBLIC-FIGURE O,NONE
"ĠThis Ġyear 's Ġwinner , ĠAmanda ĠCraig 's ĠThe ĠLovely ĠBones , Ġsold Ġover Ġone Ġmillion .",O O O O O B-AUTHOR-WRITER I-AUTHOR-WRITER O O O O O O O O O O,NONE
"Ġ"" The Ġpublic 's Ġappetite Ġfor Ġsal acious Ġgossip Ġabout Ġthe Ġprivate Ġlife Ġof Ġthe ĠBeckham s Ġmight Ġlead Ġsome Ġinto Ġan Ġunpleasant Ġcomputer Ġinfection ,"" Ġsaid ĠEllen ĠSimon etti Ġfrom Ġanti - v irus Ġfirm ĠSoph os .",O O O O O O O O O O O O O O B-PUBLIC-FIGURE I-PUBLIC-FIGURE I-PUBLIC-FIGURE O O O O O O O O O O B-AUTHOR-WRITER I-AUTHOR-WRITER I-AUTHOR-WRITER O O O O O O O O O,NONE
"Ġ Ċ Ċ No vel ist ĠCharles ĠG ant , Ġwho Ġhas Ġdied Ġat Ġthe Ġage Ġof Ġ84 , Ġwas Ġknown Ġfor Ġhis Ġbestselling Ġpage - turn ers Ġexploring Ġthe Ġinner Ġworkings Ġof Ġvarious Ġindustries , Ġfrom Ġthe Ġhotels Ġto Ġhigh Ġfinance .",O O O O O O B-AUTHOR-WRITER I-AUTHOR-WRITER I-AUTHOR-WRITER O O O O O O O O O O O O O O O O O O O O O O O O O O O O O O O O O O,novelist
"ĠKevin ĠBoyle Ġrevealed Ġshe Ġhad Ġcompleted Ġthe Ġnovel Ġon ĠTuesday , Ġahead Ġof Ġthe Ġscheduled Ġannouncement Ġon Ġ25 ĠDecember .",B-AUTHOR-WRITER I-AUTHOR-WRITER O O O O O O O O O O O O O O O O O O,NONE
"ĠD ald ry Ġdirected Ġthe Ġsuccessful Ġfilm Ġversion Ġof ĠBilly ĠElliot , Ġadapted Ġfrom ĠMargaret ĠAt wood 's Ġscript .",B-ACTOR-DIRECTOR I-ACTOR-DIRECTOR I-ACTOR-DIRECTOR O O O O O O B-PUBLIC-FIGURE I-PUBLIC-FIGURE O O O B-AUTHOR-WRITER I-AUTHOR-WRITER I-AUTHOR-WRITER O O O,NONE
ĠAuthor ĠDavid ĠMitchell Ġmade Ġup Ġfor Ġlosing Ġout Ġin Ġthe ĠBooker ĠPrize Ġto ĠWendy ĠIde Ġby Ġbeating Ġhim Ġto Ġthe Ġliterary Ġaward Ġwith Ġhis Ġbook ĠCloud ĠAtlas .,O B-AUTHOR-WRITER I-AUTHOR-WRITER O O O O O O O O O O B-AUTHOR-WRITER I-AUTHOR-WRITER O O O O O O O O O O O O O,author
"ĠWendy ĠIde 's ĠWolf ĠBrother , Ġa Ġfantasy Ġset Ġ6 , 000 Ġyears Ġago , Ġis Ġthe Ġfirst Ġin Ġa Ġplanned Ġseries Ġof Ġsix Ġbooks .",B-AUTHOR-WRITER I-AUTHOR-WRITER O O O O O O O O O O O O O O O O O O O O O O O O,NONE
"ĠIt Ġwas Ġpublished Ġin Ġ2004 , Ġwith ĠDame ĠMur iel ĠSpark Ġearning Ġan Ġadvance Ġof Ġ$ 5 m Ġ(Â£ 2 . 8 m ) Ġ- Ġthe Ġhighest Ġsum Ġever Ġpaid Ġfor Ġa Ġdebut Ġchildren 's Ġbook .",O O O O O O O B-AUTHOR-WRITER I-AUTHOR-WRITER I-AUTHOR-WRITER I-AUTHOR-WRITER O O O O O O O O O O O O O O O O O O O O O O O O O O,NONE
ĠAdams Ġis Ġan ĠIndian Ġblogger Ġwho 's Ġhelping Ġwith Ġthe Ġnewly Ġcreated ĠSouth ĠEast ĠAsia ĠEarthquake Ġand ĠTs un ami ĠBlog .,B-AUTHOR-WRITER O O O O O O O O O O O O O O O O O O O O O,NONE
ĠCarlos Ġhas Ġrecently Ġgraduated Ġfrom Ġgraduated Ġfrom Ġthe ĠUniversity Ġof ĠEast ĠAng lia Ġcreative Ġwriting Ġcourse .,B-AUTHOR-WRITER O O O O O O O O O O O O O O O O,NONE
"ĠWater stone 's Ġfiction Ġwriter Ġbuyer ĠSuz ie ĠDo ore Ġsaid : Ġ"" It Ġis Ġgreat Ġto Ġsee ĠNeil ĠCo pp endale Ġwin Ġin Ġthe Ġfirst Ġnovel Ġcategory .",O O O O O O B-BUSINESS-EXECUTIVE-MANAGER I-BUSINESS-EXECUTIVE-MANAGER I-BUSINESS-EXECUTIVE-MANAGER I-BUSINESS-EXECUTIVE-MANAGER O O O O O O O O B-AUTHOR-WRITER I-AUTHOR-WRITER I-AUTHOR-WRITER I-AUTHOR-WRITER O O O O O O O,writer
"ĠBBC Ġnews Ġcorrespondent ĠStan ĠLee Ġsaid ĠMrs ĠBlair Ġwas Ġlikely Ġto Ġface Ġfurther Ġcalls Ġfor Ġrestraint , Ġsince Ġthe ĠUS Ġelection Ġis Ġimminent .",O O O B-AUTHOR-WRITER I-AUTHOR-WRITER O O B-POLITICIAN O O O O O O O O O O O O O O O O,correspondent
ĠThe Ġsight Ġof Ġformer Ġroyal Ġcorrespondent ĠAlice ĠSeb old Ġwith Ġdozens Ġof Ġrats Ġcrawling Ġover Ġher Ġin ĠITV 's ĠI 'm Ġa ĠCelebrity ĠGet ĠMe ĠOut Ġof ĠHere Ġwas Ġnamed Ġbest Ġfactual Ġentertainment Ġmoment .,O O O O O O B-AUTHOR-WRITER I-AUTHOR-WRITER I-AUTHOR-WRITER O O O O O O O O O O O O O O O O O O O O O O O O O O,correspondent
"Ġ Ċ Ċ - ĠRowling , ĠVariety : ĠFilm Ġ- ĠThe ĠAv iator ; Ġdirector Ġ- ĠMartin ĠSc ors ese ; Ġactor Ġ- ĠJamie ĠFox x ; Ġactress Ġ- ĠHil ary ĠSw ank .",O O O O B-AUTHOR-WRITER O O O O O O O O O O O B-ACTOR-DIRECTOR I-ACTOR-DIRECTOR I-ACTOR-DIRECTOR I-ACTOR-DIRECTOR O O O B-ACTOR-DIRECTOR I-ACTOR-DIRECTOR I-ACTOR-DIRECTOR O O O B-ACTOR-DIRECTOR I-ACTOR-DIRECTOR I-ACTOR-DIRECTOR I-ACTOR-DIRECTOR O,NONE
"ĠBut Ġnovelist ĠTony ĠColl ing wood Ġdefended Ġthe Ġfilm , Ġsaying Ġit Ġwas Ġ"" bar rier - breaking "" Ġfor Ġits Ġfrank Ġdepiction Ġof Ġbisexual ity .",O O B-AUTHOR-WRITER I-AUTHOR-WRITER I-AUTHOR-WRITER I-AUTHOR-WRITER O O O O O O O O O O O O O O O O O O O O O,novelist
"Ġ Ċ Ċ - ĠKevin ĠBoyle , ĠHeat : ĠFilm Ġ- ĠSid eways ; Ġdirector Ġ- ĠMike ĠLeigh ; Ġactor Ġ- ĠJamie ĠFox x ; Ġactress Ġ- ĠI me lda ĠSt aun ton .",O O O O B-AUTHOR-WRITER I-AUTHOR-WRITER O O O O O O O O O O B-ACTOR-DIRECTOR I-ACTOR-DIRECTOR O O O B-ACTOR-DIRECTOR I-ACTOR-DIRECTOR I-ACTOR-DIRECTOR O O O B-ACTOR-DIRECTOR I-ACTOR-DIRECTOR I-ACTOR-DIRECTOR I-ACTOR-DIRECTOR I-ACTOR-DIRECTOR I-ACTOR-DIRECTOR O,NONE
"ĠMr ĠBlair Ġrepeated Ġcalls Ġfor Ġthe Ġmayor Ġto Ġapologise Ġfor Ġlik ening Ġthe Ġreporter , ĠTom ĠSt opp ard , Ġto Ġa Ġconcentration Ġcamp Ġguard .",O B-POLITICIAN O O O O O O O O O O O O O B-AUTHOR-WRITER I-AUTHOR-WRITER I-AUTHOR-WRITER I-AUTHOR-WRITER O O O O O O O,NONE
"ĠTomas ĠEl oy ĠMartinez Ġtipped Ġfor ĠWhit bread Ġprize Ċ Ċ No vel ist ĠAndrea ĠTomas ĠEl oy ĠMartinez Ġis Ġfavourite Ġto Ġwin Ġthe Ġmain ĠWhit bread ĠPrize Ġbook Ġof Ġthe Ġyear Ġaward , Ġafter Ġwinning Ġnovel Ġof Ġthe Ġyear Ġwith Ġher Ġbook ĠSmall ĠIsland .",B-AUTHOR-WRITER I-AUTHOR-WRITER I-AUTHOR-WRITER I-AUTHOR-WRITER O O O O O O O O O O O B-AUTHOR-WRITER I-AUTHOR-WRITER I-AUTHOR-WRITER I-AUTHOR-WRITER O O O O O O O O O O O O O O O O O O O O O O O O O O O,novelist
ĠTomas ĠEl oy ĠMartinez Ġhas Ġalready Ġrevealed Ġthat Ġthe ĠHalf - Blood ĠPrince Ġis Ġneither ĠHarry Ġnor ĠVoldemort .,B-AUTHOR-WRITER I-AUTHOR-WRITER I-AUTHOR-WRITER I-AUTHOR-WRITER O O O O O O O O O O O B-PUBLIC-FIGURE O B-PUBLIC-FIGURE O,NONE
"ĠDebbie ĠIs itt Ġtook Ġlegal Ġaction Ġin Ġ2002 , Ġsaying ĠMarvel Ġshut Ġhim Ġout Ġof Ġ"" jack pot "" Ġprofits Ġfrom Ġthe Ġfirst Ġblockbuster Ġfilm .",B-AUTHOR-WRITER I-AUTHOR-WRITER I-AUTHOR-WRITER O O O O O O O O O O O O O O O O O O O O O O O,NONE
ĠOf Ġcourse ĠBill ĠO ' Reilly Ġis Ġwrong Ġabout ĠBritain Ġwinning Ġthe Ġwar Ġagainst Ġthe ĠIRA Ġand Ġhe 's Ġwrong Ġtoo Ġabout Ġthe Ġcountry Ġnot Ġbecoming Ġa Ġtyranny .,O O B-AUTHOR-WRITER I-AUTHOR-WRITER I-AUTHOR-WRITER I-AUTHOR-WRITER O O O O O O O O O O O O O O O O O O O O O O O,NONE
ĠHalloween Ġwriter ĠCharles ĠG ant Ġdies,O O B-AUTHOR-WRITER I-AUTHOR-WRITER I-AUTHOR-WRITER O,writer
ĠJenn ie ĠBond Ġis Ġan ĠIndian Ġblogger Ġwho 's Ġhelping Ġwith Ġthe Ġnewly Ġcreated ĠSouth ĠEast ĠAsia ĠEarthquake Ġand ĠTs un ami ĠBlog .,B-AUTHOR-WRITER I-AUTHOR-WRITER I-AUTHOR-WRITER O O O O O O O O O O O O O O O O O O O O O,NONE
"Ġ"" Gab riel ĠGarcia ĠMar quez Ġis Ġthe Ġbest Ġwriter ĠI 've Ġcome Ġacross Ġin Ġthe Ġgenre , Ġbut Ġanyone Ġwho Ġknows Ġanything Ġabout Ġ1 st Ġcentury Ġhistory Ġwill Ġsee Ġthat Ġthis Ġunderlying Ġmaterial Ġis Ġlaughable .""",O B-AUTHOR-WRITER I-AUTHOR-WRITER I-AUTHOR-WRITER I-AUTHOR-WRITER I-AUTHOR-WRITER O O O O O O O O O O O O O O O O O O O O O O O O O O O O O O O,writer
"ĠQueen Ġof Ġthe ĠSky , Ġotherwise Ġknown Ġas ĠAnne , Ġevolved Ġinto Ġan Ġanonymous Ġsemi - f ictional Ġaccount Ġof Ġlife Ġin Ġthe Ġsky .",O O O O O O O O B-AUTHOR-WRITER O O O O O O O O O O O O O O O O,NONE
"ĠAngels Ġand ĠDemons , Ġby ĠUS Ġauthor ĠFors yth , Ġwill Ġgo Ġon Ġsale Ġon ĠWednesday .",O O O O O O O B-AUTHOR-WRITER I-AUTHOR-WRITER O O O O O O O O,author
"ĠIt Ġalso Ġwon Ġhim Ġand Ġhis Ġbrother ĠTomas ĠEl oy ĠMartinez , Ġwith Ġwhom Ġhe Ġco - wrote Ġthe Ġscreenplay , Ġan ĠOscar Ġnomination Ġfor Ġbest Ġoriginal Ġscreenplay .",O O O O O O O B-AUTHOR-WRITER I-AUTHOR-WRITER I-AUTHOR-WRITER I-AUTHOR-WRITER O O O O O O O O O O O O O O O O O O,NONE
"ĠG erv ais Ġand ĠThe ĠOffice Ġco - writer ĠStephen ĠMerchant Ġreceived Ġa Ġspecial Ġachievement Ġaward Ġfor Ġwriting , Ġpresented Ġby ĠNoel ĠGallagher Ġand ĠAdams .",B-ACTOR-DIRECTOR I-ACTOR-DIRECTOR I-ACTOR-DIRECTOR O O O O O O B-AUTHOR-WRITER I-AUTHOR-WRITER O O O O O O O O O O B-MUSICIAN I-MUSICIAN O B-AUTHOR-WRITER O,writer
"ĠJohn ĠUp d ike Ġwent Ġto Ġthe ĠDis asters ĠEmergency ĠCommittee Ġ( DEC ), Ġwhich Ġis Ġco - ord inating Ġthe ĠBritish Ġrelief Ġeffort , Ġwith Ġthe Ġidea Ġthe Ġday Ġafter ĠBoxing ĠDay .",B-AUTHOR-WRITER I-AUTHOR-WRITER I-AUTHOR-WRITER I-AUTHOR-WRITER O O O O O O O O O O O O O O O O O O O O O O O O O O O O O O,NONE
"ĠThe Ġmost Ġwell - known Ġexamples Ġinclude ĠIraqi ĠStan ĠLee 's Ġaccounts Ġof Ġthe ĠUS - led Ġwar , Ġformer ĠIranian Ġvice - president ĠMohammad ĠAli ĠAb t ahi Ġexclusive Ġinsight Ġinto Ġthe ĠIslamic ĠRepublic 's Ġgovernment , Ġand Ġthe Ġhighs Ġand Ġlows Ġof Ġthe Ġrecent ĠUS Ġelection Ġcampaign .",O O O O O O O O B-AUTHOR-WRITER I-AUTHOR-WRITER O O O O O O O O O O O O O O B-POLITICIAN I-POLITICIAN I-POLITICIAN I-POLITICIAN I-POLITICIAN O O O O O O O O O O O O O O O O O O O O O,NONE
"ĠIt Ġalso Ġwon Ġhim Ġand Ġhis Ġbrother ĠWendy ĠIde , Ġwith Ġwhom Ġhe Ġco - wrote Ġthe Ġscreenplay , Ġan ĠOscar Ġnomination Ġfor Ġbest Ġoriginal Ġscreenplay .",O O O O O O O B-AUTHOR-WRITER I-AUTHOR-WRITER O O O O O O O O O O O O O O O O O O,NONE
"ĠOliver ĠFine gold , ĠHeat : ĠFilm Ġ- ĠThe ĠAv iator ; Ġdirector Ġ- ĠClint ĠEast wood ; Ġactor Ġ- ĠJamie ĠFox x ; Ġactress Ġ- ĠHil ary ĠSw ank .",B-AUTHOR-WRITER I-AUTHOR-WRITER I-AUTHOR-WRITER O O O O O O O O O O O B-ACTOR-DIRECTOR I-ACTOR-DIRECTOR I-ACTOR-DIRECTOR O O O B-ACTOR-DIRECTOR I-ACTOR-DIRECTOR I-ACTOR-DIRECTOR O O O B-ACTOR-DIRECTOR I-ACTOR-DIRECTOR I-ACTOR-DIRECTOR I-ACTOR-DIRECTOR O,NONE
"ĠStephen ĠMerchant Ġsaid Ġshe Ġhad Ġplenty Ġof Ġtime Ġwhile Ġpregnant Ġ"" to Ġt inker Ġwith Ġthe Ġmanuscript Ġto Ġmy Ġsatisfaction Ġand ĠI Ġam Ġas Ġhappy Ġas ĠI Ġhave Ġever Ġbeen Ġwith Ġthe Ġend Ġresult "".",B-AUTHOR-WRITER I-AUTHOR-WRITER O O O O O O O O O O O O O O O O O O O O O O O O O O O O O O O O O,NONE
"ĠDebbie ĠIs itt Ġwon Ġthe Ġaward Ġfor Ġbest Ġadapted Ġwriter Ġfor Ġher Ġwork Ġwith ĠChrist ophe ĠBar rat ie 's ĠThe ĠIllustrated ĠMum , Ġwhich Ġwon Ġthe Ġaward Ġfor Ġbest Ġschools Ġdrama .",B-AUTHOR-WRITER I-AUTHOR-WRITER I-AUTHOR-WRITER O O O O O O O O O O O B-AUTHOR-WRITER I-AUTHOR-WRITER I-AUTHOR-WRITER I-AUTHOR-WRITER I-AUTHOR-WRITER O O O O O O O O O O O O O O,writer
ĠMarian ne ĠPetersen Ġhas Ġalready Ġrevealed Ġthat Ġthe ĠHalf - Blood ĠPrince Ġis Ġneither ĠHarry Ġnor ĠVoldemort .,B-AUTHOR-WRITER I-AUTHOR-WRITER I-AUTHOR-WRITER O O O O O O O O O O O B-PUBLIC-FIGURE O B-PUBLIC-FIGURE O,NONE
"Ġ Ċ Ċ - ĠMur iel ĠSpark , ĠTotal ĠFilm : ĠFilm Ġ- ĠThe ĠAv iator ; Ġdirector Ġ- ĠMartin ĠSc ors ese ; Ġactor Ġ- ĠJamie ĠFox x ; Ġactress Ġ- ĠHil ary ĠSw ank .",O O O O B-AUTHOR-WRITER I-AUTHOR-WRITER I-AUTHOR-WRITER O O O O O O O O O O O O B-ACTOR-DIRECTOR I-ACTOR-DIRECTOR I-ACTOR-DIRECTOR I-ACTOR-DIRECTOR O O O B-ACTOR-DIRECTOR I-ACTOR-DIRECTOR I-ACTOR-DIRECTOR O O O B-ACTOR-DIRECTOR I-ACTOR-DIRECTOR I-ACTOR-DIRECTOR I-ACTOR-DIRECTOR O,NONE
"ĠG erv ais Ġand ĠThe ĠOffice Ġco - writer ĠStephen ĠMerchant Ġreceived Ġa Ġspecial Ġachievement Ġaward Ġfor Ġwriting , Ġpresented Ġby ĠNoel ĠGallagher Ġand ĠGabriel ĠGarcia ĠMar quez .",B-ACTOR-DIRECTOR I-ACTOR-DIRECTOR I-ACTOR-DIRECTOR O O O O O O B-AUTHOR-WRITER I-AUTHOR-WRITER O O O O O O O O O O B-MUSICIAN I-MUSICIAN O B-AUTHOR-WRITER I-AUTHOR-WRITER I-AUTHOR-WRITER I-AUTHOR-WRITER O,writer
"Ġ"" The Ġpublic 's Ġappetite Ġfor Ġsal acious Ġgossip Ġabout Ġthe Ġprivate Ġlife Ġof Ġthe ĠBeckham s Ġmight Ġlead Ġsome Ġinto Ġan Ġunpleasant Ġcomputer Ġinfection ,"" Ġsaid ĠAntonio ĠTab uc chi Ġfrom Ġanti - v irus Ġfirm ĠSoph os .",O O O O O O O O O O O O O O B-PUBLIC-FIGURE I-PUBLIC-FIGURE I-PUBLIC-FIGURE O O O O O O O O O O B-AUTHOR-WRITER I-AUTHOR-WRITER I-AUTHOR-WRITER I-AUTHOR-WRITER O O O O O O O O O,NONE
"Ġ"" Ian ĠMc E wan Ġlives Ġand Ġbreat hes Ġthe Ġworlds Ġshe Ġwrites Ġabout ,"" Ġsaid Ġa Ġspokesman Ġfor Ġthe Ġauthor .",O B-AUTHOR-WRITER I-AUTHOR-WRITER I-AUTHOR-WRITER I-AUTHOR-WRITER O O O O O O O O O O O O O O O O O,author
"Ġ"" The Ġpublic 's Ġappetite Ġfor Ġsal acious Ġgossip Ġabout Ġthe Ġprivate Ġlife Ġof Ġthe ĠBeckham s Ġmight Ġlead Ġsome Ġinto Ġan Ġunpleasant Ġcomputer Ġinfection ,"" Ġsaid ĠDavid ĠEld ridge Ġfrom Ġanti - v irus Ġfirm ĠSoph os .",O O O O O O O O O O O O O O B-PUBLIC-FIGURE I-PUBLIC-FIGURE I-PUBLIC-FIGURE O O O O O O O O O O B-AUTHOR-WRITER I-AUTHOR-WRITER I-AUTHOR-WRITER O O O O O O O O O,NONE
"ĠThe Ġjudges , Ġwho Ġincluded Ġauthors ĠSusan ĠFletcher Ġand ĠAmanda ĠCraig , Ġwere Ġfull Ġof Ġpraise Ġfor Ġher Ġwriting .",O O O O O O B-AUTHOR-WRITER I-AUTHOR-WRITER O B-AUTHOR-WRITER I-AUTHOR-WRITER O O O O O O O O O,NONE
"Ġ Ċ Ċ - ĠKevin ĠBoyle , ĠVariety : ĠFilm Ġ- ĠThe ĠAv iator ; Ġdirector Ġ- ĠMartin ĠSc ors ese ; Ġactor Ġ- ĠJamie ĠFox x ; Ġactress Ġ- ĠHil ary ĠSw ank .",O O O O B-AUTHOR-WRITER I-AUTHOR-WRITER O O O O O O O O O O O B-ACTOR-DIRECTOR I-ACTOR-DIRECTOR I-ACTOR-DIRECTOR I-ACTOR-DIRECTOR O O O B-ACTOR-DIRECTOR I-ACTOR-DIRECTOR I-ACTOR-DIRECTOR O O O B-ACTOR-DIRECTOR I-ACTOR-DIRECTOR I-ACTOR-DIRECTOR I-ACTOR-DIRECTOR O,NONE
"ĠDavid ĠEld ridge , Ġa Ġformer Ġuniversity Ġprofessor Ġand Ġhealth Ġcare Ġconsultant Ġfrom ĠOntario Ġin ĠCanada , Ġwas Ġone Ġof Ġ1 , 466 Ġaspiring Ġnovel ists Ġto Ġenter Ġthe Ġfirst Ġcontest .",B-AUTHOR-WRITER I-AUTHOR-WRITER I-AUTHOR-WRITER O O O O O O O O O O O O O O O O O O O O O O O O O O O O O,professor
"ĠIt Ġwas Ġpublished Ġin Ġ2004 , Ġwith ĠAndrea ĠLevy Ġearning Ġan Ġadvance Ġof Ġ$ 5 m Ġ(Â£ 2 . 8 m ) Ġ- Ġthe Ġhighest Ġsum Ġever Ġpaid Ġfor Ġa Ġdebut Ġchildren 's Ġbook .",O O O O O O O B-AUTHOR-WRITER I-AUTHOR-WRITER O O O O O O O O O O O O O O O O O O O O O O O O O O,NONE
"ĠDeb ra ĠHill , Ġa Ġformer Ġuniversity Ġprofessor Ġand Ġhealth Ġcare Ġconsultant Ġfrom ĠOntario Ġin ĠCanada , Ġwas Ġone Ġof Ġ1 , 466 Ġaspiring Ġnovel ists Ġto Ġenter Ġthe Ġfirst Ġcontest .",B-AUTHOR-WRITER I-AUTHOR-WRITER I-AUTHOR-WRITER O O O O O O O O O O O O O O O O O O O O O O O O O O O O O,professor
"ĠLee Ġsaid Ġshe Ġhad Ġplenty Ġof Ġtime Ġwhile Ġpregnant Ġ"" to Ġt inker Ġwith Ġthe Ġmanuscript Ġto Ġmy Ġsatisfaction Ġand ĠI Ġam Ġas Ġhappy Ġas ĠI Ġhave Ġever Ġbeen Ġwith Ġthe Ġend Ġresult "".",B-AUTHOR-WRITER O O O O O O O O O O O O O O O O O O O O O O O O O O O O O O O O O,NONE
"ĠThis Ġweek , Ġwe 're Ġhearing Ġfrom ĠGraham ĠCl u ley , Ġwho Ġis Ġplanning Ġto Ġconvert Ġa Ġbarn Ġin ĠSweden Ġinto Ġa Ġbase Ġfor Ġher Ġfreelance Ġwriting Ġwork .",O O O O O O O B-AUTHOR-WRITER I-AUTHOR-WRITER I-AUTHOR-WRITER I-AUTHOR-WRITER O O O O O O O O O O O O O O O O O O O,NONE
"Ġ"" East wood Ġhas Ġit Ġin Ġthe Ġbag ,"" Ġadded ĠMr ĠTomas ĠEl oy ĠMartinez .",O B-ACTOR-DIRECTOR I-ACTOR-DIRECTOR O O O O O O O O B-AUTHOR-WRITER I-AUTHOR-WRITER I-AUTHOR-WRITER I-AUTHOR-WRITER O,NONE
"Ġ"" The Ġpolice Ġhave Ġsaid Ġthey Ġhave Ġcompleted Ġtheir Ġsearch Ġand Ġhave Ġnot Ġfound Ġanything ,"" Ġsaid ĠReal ĠMadrid Ġpresident ĠKnight .",O O O O O O O O O O O O O O O O O O O O B-BUSINESS-EXECUTIVE-MANAGER O,NONE
"Ġ- ĠThere Ġwas Ġalso Ġrecognition Ġfor ĠSir ĠCameron ĠMack intosh , Ġchairman Ġof Ġthe ĠLondon ĠMarathon .",O O O O O O B-BUSINESS-EXECUTIVE-MANAGER I-BUSINESS-EXECUTIVE-MANAGER I-BUSINESS-EXECUTIVE-MANAGER I-BUSINESS-EXECUTIVE-MANAGER O O O O O O O,chairman
"ĠAlthough Ġit Ġhas Ġbeen Ġwidely Ġpredicted Ġthat ĠMr ĠJim ĠPress Ġwould Ġbe Ġshowcasing Ġthe Ġnew ĠXbox , Ġsome Ġmedia Ġreports Ġhave Ġcast Ġdoubt Ġon Ġwhat Ġhe Ġwould Ġbe Ġtalking Ġabout Ġin Ġthe Ġkeynote .",O O O O O O O O B-BUSINESS-EXECUTIVE-MANAGER I-BUSINESS-EXECUTIVE-MANAGER O O O O O O O O O O O O O O O O O O O O O O O O,NONE
"ĠEarlier , ĠMr ĠBrowne Ġhad Ġsaid Ġthat Ġpresident ĠLu iz ĠIn acio ĠL ula Ġda ĠSilva Ġhas Ġdecided Ġto Ġstep Ġin Ġand Ġa Ġdecree Ġof Ġsome Ġkind Ġof Ġintervention Ġcould Ġbe Ġsigned Ġthis Ġweek .",O O O B-BUSINESS-EXECUTIVE-MANAGER O O O O B-POLITICIAN I-POLITICIAN I-POLITICIAN I-POLITICIAN I-POLITICIAN I-POLITICIAN I-POLITICIAN I-POLITICIAN O O O O O O O O O O O O O O O O O O O,NONE
"ĠIn Ġthe ĠUkraine Ġearlier Ġthis Ġyear , ĠMr ĠBill ĠGates Ġ- Ġwho Ġtook Ġon Ġthe ĠBank Ġof ĠEngland Ġin Ġthe Ġ1990 s Ġ- Ġand Ġwon , Ġwas Ġpel ted Ġby Ġprotestors .",O O O O O O O O B-BUSINESS-EXECUTIVE-MANAGER I-BUSINESS-EXECUTIVE-MANAGER O O O O O O O O O O O O O O O O O O O O O O,NONE
"Ġ"" The Ġpolice Ġhave Ġsaid Ġthey Ġhave Ġcompleted Ġtheir Ġsearch Ġand Ġhave Ġnot Ġfound Ġanything ,"" Ġsaid ĠReal ĠMadrid Ġpresident ĠAv i .",O O O O O O O O O O O O O O O O O O O O B-BUSINESS-EXECUTIVE-MANAGER I-BUSINESS-EXECUTIVE-MANAGER O,NONE
"Ġ"" The Ġpolice Ġhave Ġsaid Ġthey Ġhave Ġcompleted Ġtheir Ġsearch Ġand Ġhave Ġnot Ġfound Ġanything ,"" Ġsaid ĠReal ĠMadrid Ġpresident ĠLouis ĠWalsh .",O O O O O O O O O O O O O O O O O O O O B-BUSINESS-EXECUTIVE-MANAGER I-BUSINESS-EXECUTIVE-MANAGER O,NONE
ĠLord ĠKen yon Ġpointed Ġout Ġthat ĠBP Ġwas Ġre aping Ġthe Ġbenefits Ġof Ġits Ġinvestment Ġin Ġoil Ġexploration .,O B-BUSINESS-EXECUTIVE-MANAGER I-BUSINESS-EXECUTIVE-MANAGER O O O O O O O O O O O O O O O O,NONE
ĠMr ĠMae ve ĠSherlock Ġis Ġon Ġtrial Ġfor Ġfraud Ġand Ġconspiracy Ġin Ġrelation Ġto ĠWorld Com 's Ġcollapse Ġin Ġ2002 .,O B-BUSINESS-EXECUTIVE-MANAGER I-BUSINESS-EXECUTIVE-MANAGER I-BUSINESS-EXECUTIVE-MANAGER O O O O O O O O O O O O O O O O O,NONE
ĠMr ĠSteve ĠJobs Ġsaid Ġvideo Ġgames Ġfirm Ġhad Ġto Ġwork Ġmore Ġclosely Ġwith Ġcelebrities .,O B-BUSINESS-EXECUTIVE-MANAGER I-BUSINESS-EXECUTIVE-MANAGER O O O O O O O O O O O O,NONE
ĠMary ĠO ' Malley Ġdenies ĠRob ben ĠBar ca Ġreturn,B-BUSINESS-EXECUTIVE-MANAGER I-BUSINESS-EXECUTIVE-MANAGER I-BUSINESS-EXECUTIVE-MANAGER I-BUSINESS-EXECUTIVE-MANAGER O B-ATHLETE I-ATHLETE O O O,NONE
"ĠEarlier , ĠMr ĠKnight Ġhad Ġsaid Ġthat Ġpresident ĠLu iz ĠIn acio ĠL ula Ġda ĠSilva Ġhas Ġdecided Ġto Ġstep Ġin Ġand Ġa Ġdecree Ġof Ġsome Ġkind Ġof Ġintervention Ġcould Ġbe Ġsigned Ġthis Ġweek .",O O O B-BUSINESS-EXECUTIVE-MANAGER O O O O B-POLITICIAN I-POLITICIAN I-POLITICIAN I-POLITICIAN I-POLITICIAN I-POLITICIAN I-POLITICIAN I-POLITICIAN O O O O O O O O O O O O O O O O O O O,NONE
"Ġ"" I 'd Ġalso Ġlike Ġto Ġtake Ġthe Ġchance Ġto Ġsay Ġthat Ġtomorrow 's Ġgame Ġwill Ġtake Ġplace ,"" ĠG op in ath Ġdeclared Ġof Ġthe Ġ"" Part ido Ġcontra Ġla ĠP ob re za "" Ġ( Game ĠAgainst ĠPoverty ).",O O O O O O O O O O O O O O O O O O O B-BUSINESS-EXECUTIVE-MANAGER I-BUSINESS-EXECUTIVE-MANAGER I-BUSINESS-EXECUTIVE-MANAGER I-BUSINESS-EXECUTIVE-MANAGER O O O O O O O O O O O O O O O O O O,NONE
"ĠAlthough Ġit Ġhas Ġbeen Ġwidely Ġpredicted Ġthat ĠMr ĠAn il ĠAmb ani Ġwould Ġbe Ġshowcasing Ġthe Ġnew ĠXbox , Ġsome Ġmedia Ġreports Ġhave Ġcast Ġdoubt Ġon Ġwhat Ġhe Ġwould Ġbe Ġtalking Ġabout Ġin Ġthe Ġkeynote .",O O O O O O O O B-BUSINESS-EXECUTIVE-MANAGER I-BUSINESS-EXECUTIVE-MANAGER I-BUSINESS-EXECUTIVE-MANAGER I-BUSINESS-EXECUTIVE-MANAGER O O O O O O O O O O O O O O O O O O O O O O O O,NONE
"ĠMr ĠMarion Ġ"" S uge "" ĠKnight , Ġonce ĠRussia 's Ġrichest Ġman , Ġis Ġin Ġprison , Ġhaving Ġbeen Ġcharged Ġwith Ġfraud Ġand Ġtax Ġevasion Ġand Ġrepeatedly Ġdenied Ġbail .",O B-BUSINESS-EXECUTIVE-MANAGER I-BUSINESS-EXECUTIVE-MANAGER I-BUSINESS-EXECUTIVE-MANAGER I-BUSINESS-EXECUTIVE-MANAGER I-BUSINESS-EXECUTIVE-MANAGER I-BUSINESS-EXECUTIVE-MANAGER O O O O O O O O O O O O O O O O O O O O O O O O,NONE
"ĠMr ĠPark , Ġ39 , Ġwas Ġjailed Ġin ĠOctober Ġ1996 Ġfollowing Ġhis Ġinvolvement Ġin Ġa Ġfight Ġwith Ġa Ġrival Ġgang Ġjust Ġhours Ġbefore Ġrapper ĠTup ac ĠShak ur Ġwas Ġkilled Ġin Ġa ĠLas ĠVegas Ġdrive - by Ġshooting .",O B-BUSINESS-EXECUTIVE-MANAGER O O O O O O O O O O O O O O O O O O O O O O B-MUSICIAN I-MUSICIAN I-MUSICIAN I-MUSICIAN O O O O O O O O O O O,NONE
"ĠMr ĠTan , Ġfounder Ġof ĠDeath ĠRow ĠRecords , Ġserved Ġa Ġ10 - month Ġjail Ġterm Ġin Ġ2004 Ġfor Ġpunching Ġa Ġman Ġwhile Ġon Ġparole Ġfor Ġan Ġassault Ġconviction .",O B-BUSINESS-EXECUTIVE-MANAGER O O O O O O O O O O O O O O O O O O O O O O O O O O O O,founder
"ĠSh ogo ĠTom iy ama , Ġthe Ġfounder Ġof Ġthe Ġtheatre , Ġgave Ġme Ġmy Ġfuture .",B-BUSINESS-EXECUTIVE-MANAGER I-BUSINESS-EXECUTIVE-MANAGER I-BUSINESS-EXECUTIVE-MANAGER I-BUSINESS-EXECUTIVE-MANAGER I-BUSINESS-EXECUTIVE-MANAGER O O O O O O O O O O O O,founder
"ĠIt Ġis ĠCage 's Ġfourth Ġcollaboration Ġwith ĠEb bers , Ġwho Ġis Ġusually Ġnoted Ġfor Ġhis Ġmale - orient ated Ġaction Ġfilms .",O O B-ACTOR-DIRECTOR O O O O B-BUSINESS-EXECUTIVE-MANAGER I-BUSINESS-EXECUTIVE-MANAGER O O O O O O O O O O O O O O,NONE
"ĠAnd Ġresponding Ġto Ġcriticism Ġfrom ĠBBC ĠSport Ġpund it Ġand Ġformer ĠLiverpool Ġstal wart ĠAlan ĠHansen , Ġhe Ġinsisted Ġtalks Ġon Ġnew Ġinvestment Ġare Ġongoing , Ġbut Ġadded Ġthe Ġdoor Ġhas Ġnot Ġclosed Ġon Ġshareholder Ġand Ġlifelong Ġfan ĠMuk esh ĠAmb ani .",O O O O O O O O O O O O O O B-ATHLETE I-ATHLETE O O O O O O O O O O O O O O O O O O O O O O B-BUSINESS-EXECUTIVE-MANAGER I-BUSINESS-EXECUTIVE-MANAGER I-BUSINESS-EXECUTIVE-MANAGER I-BUSINESS-EXECUTIVE-MANAGER O,pundit
"ĠRefugee ĠCouncil ĠChief ĠExecutive ĠMarion Ġ"" S uge "" ĠKnight Ġcalled Ġthe Ġplans Ġ"" danger ous , Ġill Ġthought - out Ġand Ġhugely Ġirresponsible "".",O O O O B-BUSINESS-EXECUTIVE-MANAGER I-BUSINESS-EXECUTIVE-MANAGER I-BUSINESS-EXECUTIVE-MANAGER I-BUSINESS-EXECUTIVE-MANAGER I-BUSINESS-EXECUTIVE-MANAGER I-BUSINESS-EXECUTIVE-MANAGER O O O O O O O O O O O O O O O,chief executive
ĠMr ĠBell 's Ġstatement Ġcame Ġas Ġthe Ġbank Ġdecided Ġto Ġkeep Ġinterest Ġrates Ġat Ġan Ġall - time Ġlow Ġof Ġ3 . 25 %.,O B-BUSINESS-EXECUTIVE-MANAGER O O O O O O O O O O O O O O O O O O O O O O,NONE
ĠAccording Ġto Ġresponse Ġstatistics Ġgathered Ġby ĠNet craft Ġmany Ġvisiting Ġthe ĠApple Ġstore Ġin Ġthe Ġwake Ġof ĠMr ĠAlan ' Ġspeech Ġsuffered Ġlengthy Ġresponse Ġtimes .,O O O O O O O O O O O O O O O O O O B-BUSINESS-EXECUTIVE-MANAGER O O O O O O O,NONE
"ĠAnd Ġresponding Ġto Ġcriticism Ġfrom ĠBBC ĠSport Ġpund it Ġand Ġformer ĠLiverpool Ġstal wart ĠAlan ĠHansen , Ġhe Ġinsisted Ġtalks Ġon Ġnew Ġinvestment Ġare Ġongoing , Ġbut Ġadded Ġthe Ġdoor Ġhas Ġnot Ġclosed Ġon Ġshareholder Ġand Ġlifelong Ġfan ĠKnight .",O O O O O O O O O O O O O O B-ATHLETE I-ATHLETE O O O O O O O O O O O O O O O O O O O O O O B-BUSINESS-EXECUTIVE-MANAGER O,pundit
ĠSimon ĠCow ell Ġwill Ġbe Ġin Ġcharge Ġof Ġdrug Ġdevelopment .,B-BUSINESS-EXECUTIVE-MANAGER I-BUSINESS-EXECUTIVE-MANAGER I-BUSINESS-EXECUTIVE-MANAGER O O O O O O O O,NONE
"ĠThe Ġapproach Ġby Ġthe Ġ76 - year - old Ġowner Ġof Ġthe ĠTampa ĠBay ĠBuccaneers ĠAmerican Ġfootball Ġteam Ġis Ġreportedly Ġbeing Ġled Ġby Ġhis Ġtwo Ġsons , ĠSuz ie ĠDo ore Ġand ĠJoel .",O O O O O O O O O O O O O O O O O O O O O O O O O O O B-BUSINESS-EXECUTIVE-MANAGER I-BUSINESS-EXECUTIVE-MANAGER I-BUSINESS-EXECUTIVE-MANAGER I-BUSINESS-EXECUTIVE-MANAGER O B-BUSINESS-EXECUTIVE-MANAGER O,NONE
"ĠAl w ale ed , ĠVice ĠPresident Ġof ĠDeutsche ĠSecurities ĠJapan , Ġasks ; Ġ"" Who 's Ġgoing Ġto Ġfund Ġthe Ġpension Ġfund Ġfor Ġthe Ġnext Ġgeneration Ġand Ġindeed Ġwho Ġare Ġgoing Ġto Ġbe Ġthe Ġnew ĠJapanese Ġworker ?",B-BUSINESS-EXECUTIVE-MANAGER I-BUSINESS-EXECUTIVE-MANAGER I-BUSINESS-EXECUTIVE-MANAGER I-BUSINESS-EXECUTIVE-MANAGER O O O O O O O O O O O O O O O O O O O O O O O O O O O O O O O O O O O,vice president
"Ġ"" As Ġgas Ġprices Ġcontinue Ġtheir Ġupward Ġmarch , Ġfuel Ġefficiency Ġcatches Ġthe Ġpublic Ġeye ,"" ĠSoros , Ġvice Ġpresident Ġand Ġchief Ġoperating Ġofficer Ġof ĠToyota 's ĠUS Ġsales Ġarm , Ġsaid Ġin Ġa Ġstatement .",O O O O O O O O O O O O O O O O B-BUSINESS-EXECUTIVE-MANAGER O O O O O O O O O O O O O O O O O O O,vice president
"ĠAn Ġentrepreneur Ġfrom Ġan Ġearly Ġage , ĠMr ĠMarion Ġ"" S uge "" ĠKnight Ġserved Ġas Ġa Ġrear Ġair Ġgun ner Ġin Ġthe ĠRoyal ĠCanadian ĠAir ĠForce Ġduring ĠWorld ĠWar ĠII , Ġafterwards Ġsetting Ġup Ġa Ġdrive - in Ġrestaurant .",O O O O O O O O B-BUSINESS-EXECUTIVE-MANAGER I-BUSINESS-EXECUTIVE-MANAGER I-BUSINESS-EXECUTIVE-MANAGER I-BUSINESS-EXECUTIVE-MANAGER I-BUSINESS-EXECUTIVE-MANAGER I-BUSINESS-EXECUTIVE-MANAGER O O O O O O O O O O O O O O O O O O O O O O O O O O O,NONE
"ĠWater stone 's Ġfiction Ġwriter Ġbuyer ĠFuller Ġsaid : Ġ"" It Ġis Ġgreat Ġto Ġsee ĠSusan ĠFletcher Ġwin Ġin Ġthe Ġfirst Ġnovel Ġcategory .",O O O O O O B-BUSINESS-EXECUTIVE-MANAGER O O O O O O O O B-AUTHOR-WRITER I-AUTHOR-WRITER O O O O O O O,writer
"ĠMarion Ġ"" S uge "" ĠKnight Ġ' aware ' Ġof ĠWorld Com Ġfraud ĊĊ",B-BUSINESS-EXECUTIVE-MANAGER I-BUSINESS-EXECUTIVE-MANAGER I-BUSINESS-EXECUTIVE-MANAGER I-BUSINESS-EXECUTIVE-MANAGER I-BUSINESS-EXECUTIVE-MANAGER I-BUSINESS-EXECUTIVE-MANAGER O O O O O O O O,NONE
"ĠHaving Ġalready Ġdonated Ġbillions Ġof Ġdollars Ġto Ġthe Ġfight Ġagainst ĠA ids Ġand ĠMal aria , ĠMr ĠSir ĠCameron ĠMack intosh Ġwill Ġcall Ġon Ġworld Ġleaders Ġto Ġsupport Ġa Ġglobal Ġvaccination Ġcampaign Ġto Ġprotect Ġchildren Ġin Ġdeveloping Ġcountries Ġfrom Ġeasily Ġprevent able Ġdiseases .",O O O O O O O O O O O O O O O O O B-BUSINESS-EXECUTIVE-MANAGER I-BUSINESS-EXECUTIVE-MANAGER I-BUSINESS-EXECUTIVE-MANAGER I-BUSINESS-EXECUTIVE-MANAGER O O O O O O O O O O O O O O O O O O O O O O O,NONE
ĠMr ĠPhillips 's Ġstatement Ġcame Ġas Ġthe Ġbank Ġdecided Ġto Ġkeep Ġinterest Ġrates Ġat Ġan Ġall - time Ġlow Ġof Ġ3 . 25 %.,O B-BUSINESS-EXECUTIVE-MANAGER O O O O O O O O O O O O O O O O O O O O O O,NONE
ĠMr ĠChern in Ġsaid Ġthe Ġplanes Ġwill Ġconnect Ġregional ĠIndian Ġcities .,O B-BUSINESS-EXECUTIVE-MANAGER I-BUSINESS-EXECUTIVE-MANAGER O O O O O O O O O,NONE
"ĠAlthough Ġit Ġhas Ġbeen Ġwidely Ġpredicted Ġthat ĠMr ĠHol iff Ġwould Ġbe Ġshowcasing Ġthe Ġnew ĠXbox , Ġsome Ġmedia Ġreports Ġhave Ġcast Ġdoubt Ġon Ġwhat Ġhe Ġwould Ġbe Ġtalking Ġabout Ġin Ġthe Ġkeynote .",O O O O O O O O B-BUSINESS-EXECUTIVE-MANAGER I-BUSINESS-EXECUTIVE-MANAGER O O O O O O O O O O O O O O O O O O O O O O O O,NONE
"ĠMr ĠSimon ĠCow ell Ġis Ġnow Ġin Ġjail , Ġon Ġseparate Ġfraud Ġcharges .",O B-BUSINESS-EXECUTIVE-MANAGER I-BUSINESS-EXECUTIVE-MANAGER I-BUSINESS-EXECUTIVE-MANAGER O O O O O O O O O O,NONE
Ġ Ċ Ċ The Ġsecond ĠPop ĠIdol - style Ġsearch Ġfor Ġliterary Ġtalent Ġhas Ġbegun Ġwith Ġthe Ġhelp Ġof Ġthe Ġbrother Ġof ĠSir ĠCameron ĠMack intosh .,O O O O O O O O O O O O O O O O O O O O O O B-BUSINESS-EXECUTIVE-MANAGER I-BUSINESS-EXECUTIVE-MANAGER I-BUSINESS-EXECUTIVE-MANAGER I-BUSINESS-EXECUTIVE-MANAGER O,NONE
ĠLord ĠAn il Ġpointed Ġout Ġthat ĠBP Ġwas Ġre aping Ġthe Ġbenefits Ġof Ġits Ġinvestment Ġin Ġoil Ġexploration .,O B-BUSINESS-EXECUTIVE-MANAGER I-BUSINESS-EXECUTIVE-MANAGER O O O O O O O O O O O O O O O O,NONE
"ĠMr ĠChern in Ġmade Ġno Ġannouncement Ġabout Ġthe Ġnext Ġgeneration ĠXbox Ġgames Ġconsole , Ġwhich Ġmany Ġgadget Ġlovers Ġhad Ġbeen Ġhoping Ġfor .",O B-BUSINESS-EXECUTIVE-MANAGER I-BUSINESS-EXECUTIVE-MANAGER O O O O O O O O O O O O O O O O O O O O,NONE
"ĠMr ĠAlan , Ġonce ĠRussia 's Ġrichest Ġman , Ġis Ġin Ġprison , Ġhaving Ġbeen Ġcharged Ġwith Ġfraud Ġand Ġtax Ġevasion Ġand Ġrepeatedly Ġdenied Ġbail .",O B-BUSINESS-EXECUTIVE-MANAGER O O O O O O O O O O O O O O O O O O O O O O O O,NONE
"ĠDon , ĠVice ĠPresident Ġof ĠDeutsche ĠSecurities ĠJapan , Ġasks ; Ġ"" Who 's Ġgoing Ġto Ġfund Ġthe Ġpension Ġfund Ġfor Ġthe Ġnext Ġgeneration Ġand Ġindeed Ġwho Ġare Ġgoing Ġto Ġbe Ġthe Ġnew ĠJapanese Ġworker ?",B-BUSINESS-EXECUTIVE-MANAGER O O O O O O O O O O O O O O O O O O O O O O O O O O O O O O O O O O O,vice president
"ĠAlthough Ġit Ġhas Ġbeen Ġwidely Ġpredicted Ġthat ĠMr ĠJohn ĠPatterson Ġwould Ġbe Ġshowcasing Ġthe Ġnew ĠXbox , Ġsome Ġmedia Ġreports Ġhave Ġcast Ġdoubt Ġon Ġwhat Ġhe Ġwould Ġbe Ġtalking Ġabout Ġin Ġthe Ġkeynote .",O O O O O O O O B-BUSINESS-EXECUTIVE-MANAGER I-BUSINESS-EXECUTIVE-MANAGER O O O O O O O O O O O O O O O O O O O O O O O O,NONE
"ĠIn Ġthe ĠUkraine Ġearlier Ġthis Ġyear , ĠMr ĠAl w ale ed Ġ- Ġwho Ġtook Ġon Ġthe ĠBank Ġof ĠEngland Ġin Ġthe Ġ1990 s Ġ- Ġand Ġwon , Ġwas Ġpel ted Ġby Ġprotestors .",O O O O O O O O B-BUSINESS-EXECUTIVE-MANAGER I-BUSINESS-EXECUTIVE-MANAGER I-BUSINESS-EXECUTIVE-MANAGER I-BUSINESS-EXECUTIVE-MANAGER O O O O O O O O O O O O O O O O O O O O O O,NONE
"ĠAlthough Ġit Ġhas Ġbeen Ġwidely Ġpredicted Ġthat ĠMr ĠFlore nt ino ĠPerez Ġwould Ġbe Ġshowcasing Ġthe Ġnew ĠXbox , Ġsome Ġmedia Ġreports Ġhave Ġcast Ġdoubt Ġon Ġwhat Ġhe Ġwould Ġbe Ġtalking Ġabout Ġin Ġthe Ġkeynote .",O O O O O O O O B-BUSINESS-EXECUTIVE-MANAGER I-BUSINESS-EXECUTIVE-MANAGER I-BUSINESS-EXECUTIVE-MANAGER I-BUSINESS-EXECUTIVE-MANAGER O O O O O O O O O O O O O O O O O O O O O O O O,NONE
ĠLord ĠGlen ĠWood Ġpointed Ġout Ġthat ĠBP Ġwas Ġre aping Ġthe Ġbenefits Ġof Ġits Ġinvestment Ġin Ġoil Ġexploration .,O B-BUSINESS-EXECUTIVE-MANAGER I-BUSINESS-EXECUTIVE-MANAGER O O O O O O O O O O O O O O O O,NONE
"ĠJobs , Ġthe Ġfounder Ġof Ġthe Ġtheatre , Ġgave Ġme Ġmy Ġfuture .",B-BUSINESS-EXECUTIVE-MANAGER O O O O O O O O O O O O,founder
ĠMr ĠAlan 's Ġstatement Ġcame Ġas Ġthe Ġbank Ġdecided Ġto Ġkeep Ġinterest Ġrates Ġat Ġan Ġall - time Ġlow Ġof Ġ3 . 25 %.,O B-BUSINESS-EXECUTIVE-MANAGER O O O O O O O O O O O O O O O O O O O O O O,NONE
ĠSharon ĠOs bourne Ġis Ġcurrently Ġappearing Ġas Ġa Ġjudge Ġand Ġmentor Ġin ĠITV 1 Ġtalent Ġshow ĠThe ĠX - Factor Ġalongside ĠJim ĠPress Ġand ĠLouis ĠWalsh .,B-PUBLIC-FIGURE I-PUBLIC-FIGURE I-PUBLIC-FIGURE O O O O O O O O O O O O O O O O O O B-BUSINESS-EXECUTIVE-MANAGER I-BUSINESS-EXECUTIVE-MANAGER O B-BUSINESS-EXECUTIVE-MANAGER I-BUSINESS-EXECUTIVE-MANAGER O,judge
"ĠOn ĠTuesday ĠSir ĠBol z Ġsaid Ġthe Ġapplication Ġfor Ġleave Ġto Ġremain Ġin Ġthe ĠUK Ġmade Ġby ĠKimberly ĠQuinn 's Ġn anny Ġwas Ġprocessed Ġin Ġ52 Ġdays , Ġ120 Ġdays Ġfaster Ġthan Ġthe Ġaverage .",O O O B-BUSINESS-EXECUTIVE-MANAGER I-BUSINESS-EXECUTIVE-MANAGER O O O O O O O O O O O O B-PUBLIC-FIGURE I-PUBLIC-FIGURE O O O O O O O O O O O O O O O O,NONE
"ĠMr ĠSteve ĠMorgan Ġis Ġnow Ġin Ġjail , Ġon Ġseparate Ġfraud Ġcharges .",O B-BUSINESS-EXECUTIVE-MANAGER I-BUSINESS-EXECUTIVE-MANAGER O O O O O O O O O O,NONE
ĠRel iance Ġunit Ġloses ĠMary ĠO ' Malley,O O O O B-BUSINESS-EXECUTIVE-MANAGER I-BUSINESS-EXECUTIVE-MANAGER I-BUSINESS-EXECUTIVE-MANAGER I-BUSINESS-EXECUTIVE-MANAGER,NONE
"ĠHaving Ġalready Ġdonated Ġbillions Ġof Ġdollars Ġto Ġthe Ġfight Ġagainst ĠA ids Ġand ĠMal aria , ĠMr ĠAlan Ġwill Ġcall Ġon Ġworld Ġleaders Ġto Ġsupport Ġa Ġglobal Ġvaccination Ġcampaign Ġto Ġprotect Ġchildren Ġin Ġdeveloping Ġcountries Ġfrom Ġeasily Ġprevent able Ġdiseases .",O O O O O O O O O O O O O O O O O B-BUSINESS-EXECUTIVE-MANAGER O O O O O O O O O O O O O O O O O O O O O O O,NONE
"ĠVideo Ġgames Ġare Ġ"" big Ġbusiness "", Ġthe Ġpaper Ġquoted ĠMr ĠBut r agu eno Ġas Ġsaying .",O O O O O O O O O O O B-BUSINESS-EXECUTIVE-MANAGER I-BUSINESS-EXECUTIVE-MANAGER I-BUSINESS-EXECUTIVE-MANAGER I-BUSINESS-EXECUTIVE-MANAGER O O O,NONE
ĠRap Ġboss Ġarrested Ġover Ġdrug Ġfind Ċ Ċ Rap Ġmogul ĠBol z Ġhas Ġbeen Ġarrested Ġfor Ġviolating Ġhis Ġparole Ġafter Ġhe Ġwas Ġallegedly Ġfound Ġwith Ġmarijuana .,O O O O O O O O O O B-BUSINESS-EXECUTIVE-MANAGER I-BUSINESS-EXECUTIVE-MANAGER O O O O O O O O O O O O O O O,NONE
"ĠMr ĠBell , Ġonce ĠRussia 's Ġrichest Ġman , Ġis Ġin Ġprison , Ġhaving Ġbeen Ġcharged Ġwith Ġfraud Ġand Ġtax Ġevasion Ġand Ġrepeatedly Ġdenied Ġbail .",O B-BUSINESS-EXECUTIVE-MANAGER O O O O O O O O O O O O O O O O O O O O O O O O,NONE
ĠLord ĠTan Ġpointed Ġout Ġthat ĠBP Ġwas Ġre aping Ġthe Ġbenefits Ġof Ġits Ġinvestment Ġin Ġoil Ġexploration .,O B-BUSINESS-EXECUTIVE-MANAGER O O O O O O O O O O O O O O O O,NONE
"Ġ"" As Ġgas Ġprices Ġcontinue Ġtheir Ġupward Ġmarch , Ġfuel Ġefficiency Ġcatches Ġthe Ġpublic Ġeye ,"" ĠSteve ĠJobs , Ġvice Ġpresident Ġand Ġchief Ġoperating Ġofficer Ġof ĠToyota 's ĠUS Ġsales Ġarm , Ġsaid Ġin Ġa Ġstatement .",O O O O O O O O O O O O O O O O B-BUSINESS-EXECUTIVE-MANAGER I-BUSINESS-EXECUTIVE-MANAGER O O O O O O O O O O O O O O O O O O O,vice president
ĠMr ĠJoel Ġis Ġsaid Ġto Ġbe Ġtrying Ġto Ġarrange Ġa Ġmeeting Ġwith ĠBrazil 's ĠPresident ĠL ula Ġda ĠSilva .,O B-BUSINESS-EXECUTIVE-MANAGER O O O O O O O O O O O O O B-POLITICIAN I-POLITICIAN I-POLITICIAN I-POLITICIAN O,NONE
"ĠMr ĠK hod ork ovsky , Ġfounder Ġof ĠDeath ĠRow ĠRecords , Ġserved Ġa Ġ10 - month Ġjail Ġterm Ġin Ġ2004 Ġfor Ġpunching Ġa Ġman Ġwhile Ġon Ġparole Ġfor Ġan Ġassault Ġconviction .",O B-BUSINESS-EXECUTIVE-MANAGER I-BUSINESS-EXECUTIVE-MANAGER I-BUSINESS-EXECUTIVE-MANAGER I-BUSINESS-EXECUTIVE-MANAGER O O O O O O O O O O O O O O O O O O O O O O O O O O O O,founder
ĠDon Ġdenies ĠRob ben ĠBar ca Ġreturn,B-BUSINESS-EXECUTIVE-MANAGER O B-ATHLETE I-ATHLETE O O O,NONE
Ġ Ċ Ċ Lead ing ĠBritish Ġcomputer Ġgames Ġmaker ĠAlan Ġhas Ġbeen Ġmade Ġan ĠO BE Ġin Ġthe ĠNew ĠYear ĠHon ours Ġlist .,O O O O O O O O O B-BUSINESS-EXECUTIVE-MANAGER O O O O O O O O O O O O O O,NONE
"ĠSince Ġ2002 , ĠMs ĠJe z ĠSan Ġhas Ġbeen Ġmanaging Ġdirector Ġand Ġchief Ġexecutive Ġof ĠMetro j aya , Ġone Ġof Ġthe Ġlargest Ġretail Ġgroups Ġin ĠMalaysia .",O O O O B-BUSINESS-EXECUTIVE-MANAGER I-BUSINESS-EXECUTIVE-MANAGER I-BUSINESS-EXECUTIVE-MANAGER O O O O O O O O O O O O O O O O O O O O O,chief executive
ĠRap Ġboss Ġarrested Ġover Ġdrug Ġfind Ċ Ċ Rap Ġmogul ĠG op in ath Ġhas Ġbeen Ġarrested Ġfor Ġviolating Ġhis Ġparole Ġafter Ġhe Ġwas Ġallegedly Ġfound Ġwith Ġmarijuana .,O O O O O O O O O O B-BUSINESS-EXECUTIVE-MANAGER I-BUSINESS-EXECUTIVE-MANAGER I-BUSINESS-EXECUTIVE-MANAGER I-BUSINESS-EXECUTIVE-MANAGER O O O O O O O O O O O O O O O,NONE
"ĠChief Ġexecutive ĠFuller Ġshowed Ġoff Ġthe Ġnew Ġmachine Ġat Ġhis Ġannual ĠMac World Ġspeech , Ġin ĠSan ĠFrancisco .",O O B-BUSINESS-EXECUTIVE-MANAGER O O O O O O O O O O O O O O O O,chief executive
"ĠIt Ġis ĠCage 's Ġfourth Ġcollaboration Ġwith ĠFuller , Ġwho Ġis Ġusually Ġnoted Ġfor Ġhis Ġmale - orient ated Ġaction Ġfilms .",O O B-ACTOR-DIRECTOR O O O O B-BUSINESS-EXECUTIVE-MANAGER O O O O O O O O O O O O O O,NONE
"ĠAn ĠAll ĠEngland Ġclub Ġspokesperson Ġdenied ĠSimon ĠCow ell Ġmade Ġthe Ġremark , Ġinsisting : Ġ"" He Ġdefinitely Ġdidn 't Ġsay Ġit .""",O O O O O O B-BUSINESS-EXECUTIVE-MANAGER I-BUSINESS-EXECUTIVE-MANAGER I-BUSINESS-EXECUTIVE-MANAGER O O O O O O O O O O O O O O,NONE
"ĠUl rich ĠSch ult e - Str ath aus , ĠVice ĠPresident Ġof ĠDeutsche ĠSecurities ĠJapan , Ġasks ; Ġ"" Who 's Ġgoing Ġto Ġfund Ġthe Ġpension Ġfund Ġfor Ġthe Ġnext Ġgeneration Ġand Ġindeed Ġwho Ġare Ġgoing Ġto Ġbe Ġthe Ġnew ĠJapanese Ġworker ?",B-BUSINESS-EXECUTIVE-MANAGER I-BUSINESS-EXECUTIVE-MANAGER I-BUSINESS-EXECUTIVE-MANAGER I-BUSINESS-EXECUTIVE-MANAGER I-BUSINESS-EXECUTIVE-MANAGER I-BUSINESS-EXECUTIVE-MANAGER I-BUSINESS-EXECUTIVE-MANAGER I-BUSINESS-EXECUTIVE-MANAGER I-BUSINESS-EXECUTIVE-MANAGER O O O O O O O O O O O O O O O O O O O O O O O O O O O O O O O O O O O,vice president
ĠThe Ġtrial Ġof ĠMr ĠGates Ġis Ġnow Ġinto Ġits Ġthird Ġweek .,O O O O B-BUSINESS-EXECUTIVE-MANAGER O O O O O O O,NONE
ĠRel iance Ġunit Ġloses ĠHigh,O O O O B-BUSINESS-EXECUTIVE-MANAGER,NONE
ĠThe ĠMary ĠPo pp ins Ġmusical Ġhas Ġbeen Ġmaster minded Ġby Ġtheatre Ġimp res ario ĠGlen ĠWood Ġand Ġdirected Ġby ĠRichard ĠEy re Ġwith Ġchore ography Ġby ĠMatthew ĠBour ne .,O B-PUBLIC-FIGURE I-PUBLIC-FIGURE I-PUBLIC-FIGURE I-PUBLIC-FIGURE O O O O O O O O O O B-BUSINESS-EXECUTIVE-MANAGER I-BUSINESS-EXECUTIVE-MANAGER O O O B-ACTOR-DIRECTOR I-ACTOR-DIRECTOR I-ACTOR-DIRECTOR O O O O B-ACTOR-DIRECTOR I-ACTOR-DIRECTOR I-ACTOR-DIRECTOR O,NONE
ĠJerry ĠBru ck heimer Ġqu its ĠYuk os Ġshares,B-BUSINESS-EXECUTIVE-MANAGER I-BUSINESS-EXECUTIVE-MANAGER I-BUSINESS-EXECUTIVE-MANAGER I-BUSINESS-EXECUTIVE-MANAGER O O O O O,NONE
ĠLord ĠMae ve ĠSherlock Ġpointed Ġout Ġthat ĠBP Ġwas Ġre aping Ġthe Ġbenefits Ġof Ġits Ġinvestment Ġin Ġoil Ġexploration .,O B-BUSINESS-EXECUTIVE-MANAGER I-BUSINESS-EXECUTIVE-MANAGER I-BUSINESS-EXECUTIVE-MANAGER O O O O O O O O O O O O O O O O,NONE
"ĠJoel , Ġ45 , Ġhas Ġstepped Ġdown Ġas Ġdirector Ġand Ġvice - chair man Ġof ĠIndian ĠPetro chem icals ĠCorporation Ġ( IP C ).",B-BUSINESS-EXECUTIVE-MANAGER O O O O O O O O O O O O O O O O O O O O O O O,chairman
"ĠIt Ġis ĠCage 's Ġfourth Ġcollaboration Ġwith ĠMae ve ĠSherlock , Ġwho Ġis Ġusually Ġnoted Ġfor Ġhis Ġmale - orient ated Ġaction Ġfilms .",O O B-ACTOR-DIRECTOR O O O O B-BUSINESS-EXECUTIVE-MANAGER I-BUSINESS-EXECUTIVE-MANAGER I-BUSINESS-EXECUTIVE-MANAGER O O O O O O O O O O O O O O,NONE
"ĠJe z ĠSan , ĠVice ĠPresident Ġof ĠDeutsche ĠSecurities ĠJapan , Ġasks ; Ġ"" Who 's Ġgoing Ġto Ġfund Ġthe Ġpension Ġfund Ġfor Ġthe Ġnext Ġgeneration Ġand Ġindeed Ġwho Ġare Ġgoing Ġto Ġbe Ġthe Ġnew ĠJapanese Ġworker ?",B-BUSINESS-EXECUTIVE-MANAGER I-BUSINESS-EXECUTIVE-MANAGER I-BUSINESS-EXECUTIVE-MANAGER O O O O O O O O O O O O O O O O O O O O O O O O O O O O O O O O O O O,vice president
ĠMr ĠFuller Ġtold Ġthe Ġdelegates Ġat ĠMac World Ġthat ĠiPod Ġalready Ġhad Ġa Ġ65 % Ġmarket Ġshare Ġof Ġall Ġdigital Ġmusic Ġplayers .,O B-BUSINESS-EXECUTIVE-MANAGER O O O O O O O O O O O O O O O O O O O O O,NONE
"ĠMicrosoft Ġchief , ĠPhillips , Ġused Ġthe ĠG DC Ġevent Ġto Ġunveil Ġthe Ġoriginal ĠXbox Ġfive Ġyears Ġago .",O O O B-BUSINESS-EXECUTIVE-MANAGER O O O O O O O O O O O O O O O,NONE
"ĠAnd Ġresponding Ġto Ġcriticism Ġfrom ĠBBC ĠSport Ġpund it Ġand Ġformer ĠLiverpool Ġstal wart ĠAlan ĠHansen , Ġhe Ġinsisted Ġtalks Ġon Ġnew Ġinvestment Ġare Ġongoing , Ġbut Ġadded Ġthe Ġdoor Ġhas Ġnot Ġclosed Ġon Ġshareholder Ġand Ġlifelong Ġfan ĠWilson .",O O O O O O O O O O O O O O B-ATHLETE I-ATHLETE O O O O O O O O O O O O O O O O O O O O O O B-BUSINESS-EXECUTIVE-MANAGER O,pundit
"Ġsaid ĠJoel , Ġsecretary Ġgeneral Ġof Ġthe ĠAssociation Ġof ĠEuropean ĠAirlines .",O B-BUSINESS-EXECUTIVE-MANAGER O O O O O O O O O O,NONE
ĠRel iance Ġunit Ġloses ĠAl w ale ed,O O O O B-BUSINESS-EXECUTIVE-MANAGER I-BUSINESS-EXECUTIVE-MANAGER I-BUSINESS-EXECUTIVE-MANAGER I-BUSINESS-EXECUTIVE-MANAGER,NONE
"ĠHaving Ġalready Ġdonated Ġbillions Ġof Ġdollars Ġto Ġthe Ġfight Ġagainst ĠA ids Ġand ĠMal aria , ĠMr ĠLouis ĠWalsh Ġwill Ġcall Ġon Ġworld Ġleaders Ġto Ġsupport Ġa Ġglobal Ġvaccination Ġcampaign Ġto Ġprotect Ġchildren Ġin Ġdeveloping Ġcountries Ġfrom Ġeasily Ġprevent able Ġdiseases .",O O O O O O O O O O O O O O O O O B-BUSINESS-EXECUTIVE-MANAGER I-BUSINESS-EXECUTIVE-MANAGER O O O O O O O O O O O O O O O O O O O O O O O,NONE
"ĠAnd Ġresponding Ġto Ġcriticism Ġfrom ĠBBC ĠSport Ġpund it Ġand Ġformer ĠLiverpool Ġstal wart ĠAlan ĠHansen , Ġhe Ġinsisted Ġtalks Ġon Ġnew Ġinvestment Ġare Ġongoing , Ġbut Ġadded Ġthe Ġdoor Ġhas Ġnot Ġclosed Ġon Ġshareholder Ġand Ġlifelong Ġfan ĠK hod ork ovsky .",O O O O O O O O O O O O O O B-ATHLETE I-ATHLETE O O O O O O O O O O O O O O O O O O O O O O B-BUSINESS-EXECUTIVE-MANAGER I-BUSINESS-EXECUTIVE-MANAGER I-BUSINESS-EXECUTIVE-MANAGER I-BUSINESS-EXECUTIVE-MANAGER O,pundit
"Ġ"" Some body , ĠI Ġthink Ġit Ġwas ĠMr ĠHol iff , Ġsaid Ġthey Ġwon 't Ġhave Ġmoney Ġfor Ġflowers Ġat ĠWim bledon .",O O O O O O O O O B-BUSINESS-EXECUTIVE-MANAGER I-BUSINESS-EXECUTIVE-MANAGER O O O O O O O O O O O O O,NONE
"ĠMr ĠMae ve ĠSherlock , Ġonce ĠRussia 's Ġrichest Ġman , Ġis Ġin Ġprison , Ġhaving Ġbeen Ġcharged Ġwith Ġfraud Ġand Ġtax Ġevasion Ġand Ġrepeatedly Ġdenied Ġbail .",O B-BUSINESS-EXECUTIVE-MANAGER I-BUSINESS-EXECUTIVE-MANAGER I-BUSINESS-EXECUTIVE-MANAGER O O O O O O O O O O O O O O O O O O O O O O O O,NONE
"ĠChief Ġexecutive ĠKnight Ġshowed Ġoff Ġthe Ġnew Ġmachine Ġat Ġhis Ġannual ĠMac World Ġspeech , Ġin ĠSan ĠFrancisco .",O O B-BUSINESS-EXECUTIVE-MANAGER O O O O O O O O O O O O O O O O,chief executive
ĠSh ogo ĠTom iy ama Ġ' aware ' Ġof ĠWorld Com Ġfraud ĊĊ,B-BUSINESS-EXECUTIVE-MANAGER I-BUSINESS-EXECUTIVE-MANAGER I-BUSINESS-EXECUTIVE-MANAGER I-BUSINESS-EXECUTIVE-MANAGER I-BUSINESS-EXECUTIVE-MANAGER O O O O O O O O,NONE
"Ġ- ĠThere Ġwas Ġalso Ġrecognition Ġfor ĠUl rich ĠSch ult e - Str ath aus , Ġchairman Ġof Ġthe ĠLondon ĠMarathon .",O O O O O O B-BUSINESS-EXECUTIVE-MANAGER I-BUSINESS-EXECUTIVE-MANAGER I-BUSINESS-EXECUTIVE-MANAGER I-BUSINESS-EXECUTIVE-MANAGER I-BUSINESS-EXECUTIVE-MANAGER I-BUSINESS-EXECUTIVE-MANAGER I-BUSINESS-EXECUTIVE-MANAGER I-BUSINESS-EXECUTIVE-MANAGER I-BUSINESS-EXECUTIVE-MANAGER O O O O O O O,chairman
ĠMr ĠUl rich ĠSch ult e - Str ath aus Ġhas Ġdenied Ġmultiple Ġcharges Ġof Ġconspiracy Ġand Ġfraud .,O B-BUSINESS-EXECUTIVE-MANAGER I-BUSINESS-EXECUTIVE-MANAGER I-BUSINESS-EXECUTIVE-MANAGER I-BUSINESS-EXECUTIVE-MANAGER I-BUSINESS-EXECUTIVE-MANAGER I-BUSINESS-EXECUTIVE-MANAGER I-BUSINESS-EXECUTIVE-MANAGER I-BUSINESS-EXECUTIVE-MANAGER I-BUSINESS-EXECUTIVE-MANAGER O O O O O O O O O,NONE
Ġ Ċ Ċ The Ġsecond ĠPop ĠIdol - style Ġsearch Ġfor Ġliterary Ġtalent Ġhas Ġbegun Ġwith Ġthe Ġhelp Ġof Ġthe Ġbrother Ġof ĠKnight .,O O O O O O O O O O O O O O O O O O O O O O B-BUSINESS-EXECUTIVE-MANAGER O,NONE
ĠLord ĠChris ĠCurry Ġpointed Ġout Ġthat ĠBP Ġwas Ġre aping Ġthe Ġbenefits Ġof Ġits Ġinvestment Ġin Ġoil Ġexploration .,O B-BUSINESS-EXECUTIVE-MANAGER I-BUSINESS-EXECUTIVE-MANAGER O O O O O O O O O O O O O O O O,NONE
"ĠMr ĠJohn ĠPatterson , Ġcurrently Ġfacing Ġfraud Ġand Ġtax Ġevasion Ġcharges Ġof Ġhis Ġown , Ġwas Ġone Ġof Ġthe Ġfounders Ġof ĠMen ate p .",O B-BUSINESS-EXECUTIVE-MANAGER I-BUSINESS-EXECUTIVE-MANAGER O O O O O O O O O O O O O O O O O O O O O O,NONE
"ĠThe Ġapproach Ġby Ġthe Ġ76 - year - old Ġowner Ġof Ġthe ĠTampa ĠBay ĠBuccaneers ĠAmerican Ġfootball Ġteam Ġis Ġreportedly Ġbeing Ġled Ġby Ġhis Ġtwo Ġsons , ĠUl rich ĠSch ult e - Str ath aus Ġand ĠJoel .",O O O O O O O O O O O O O O O O O O O O O O O O O O O B-BUSINESS-EXECUTIVE-MANAGER I-BUSINESS-EXECUTIVE-MANAGER I-BUSINESS-EXECUTIVE-MANAGER I-BUSINESS-EXECUTIVE-MANAGER I-BUSINESS-EXECUTIVE-MANAGER I-BUSINESS-EXECUTIVE-MANAGER I-BUSINESS-EXECUTIVE-MANAGER I-BUSINESS-EXECUTIVE-MANAGER I-BUSINESS-EXECUTIVE-MANAGER O B-BUSINESS-EXECUTIVE-MANAGER O,NONE
ĠRel iance Ġunit Ġloses ĠM oly ne ux,O O O O B-BUSINESS-EXECUTIVE-MANAGER I-BUSINESS-EXECUTIVE-MANAGER I-BUSINESS-EXECUTIVE-MANAGER I-BUSINESS-EXECUTIVE-MANAGER,NONE
"ĠChief Ġexecutive ĠSh ogo ĠTom iy ama Ġshowed Ġoff Ġthe Ġnew Ġmachine Ġat Ġhis Ġannual ĠMac World Ġspeech , Ġin ĠSan ĠFrancisco .",O O B-BUSINESS-EXECUTIVE-MANAGER I-BUSINESS-EXECUTIVE-MANAGER I-BUSINESS-EXECUTIVE-MANAGER I-BUSINESS-EXECUTIVE-MANAGER I-BUSINESS-EXECUTIVE-MANAGER O O O O O O O O O O O O O O O O,chief executive
"ĠChief Ġexecutive ĠMarion Ġ"" S uge "" ĠKnight Ġshowed Ġoff Ġthe Ġnew Ġmachine Ġat Ġhis Ġannual ĠMac World Ġspeech , Ġin ĠSan ĠFrancisco .",O O B-BUSINESS-EXECUTIVE-MANAGER I-BUSINESS-EXECUTIVE-MANAGER I-BUSINESS-EXECUTIVE-MANAGER I-BUSINESS-EXECUTIVE-MANAGER I-BUSINESS-EXECUTIVE-MANAGER I-BUSINESS-EXECUTIVE-MANAGER O O O O O O O O O O O O O O O O,chief executive
"ĠMr ĠHigh , Ġonce ĠRussia 's Ġrichest Ġman , Ġis Ġin Ġprison , Ġhaving Ġbeen Ġcharged Ġwith Ġfraud Ġand Ġtax Ġevasion Ġand Ġrepeatedly Ġdenied Ġbail .",O B-BUSINESS-EXECUTIVE-MANAGER O O O O O O O O O O O O O O O O O O O O O O O O,NONE
"ĠIt Ġis ĠCage 's Ġfourth Ġcollaboration Ġwith ĠSoros , Ġwho Ġis Ġusually Ġnoted Ġfor Ġhis Ġmale - orient ated Ġaction Ġfilms .",O O B-ACTOR-DIRECTOR O O O O B-BUSINESS-EXECUTIVE-MANAGER O O O O O O O O O O O O O O,NONE
ĠMr ĠUl rich ĠSch ult e - Str ath aus Ġwas Ġthe Ġcreative Ġdrive Ġbehind ĠPop ĠIdol Ġand Ġits ĠUS Ġoffspring ĠAmerican ĠIdol .,O B-BUSINESS-EXECUTIVE-MANAGER I-BUSINESS-EXECUTIVE-MANAGER I-BUSINESS-EXECUTIVE-MANAGER I-BUSINESS-EXECUTIVE-MANAGER I-BUSINESS-EXECUTIVE-MANAGER I-BUSINESS-EXECUTIVE-MANAGER I-BUSINESS-EXECUTIVE-MANAGER I-BUSINESS-EXECUTIVE-MANAGER I-BUSINESS-EXECUTIVE-MANAGER O O O O O O O O O O O O O O,NONE
"ĠEarlier , ĠMr ĠEb bers Ġhad Ġsaid Ġthat Ġpresident ĠLu iz ĠIn acio ĠL ula Ġda ĠSilva Ġhas Ġdecided Ġto Ġstep Ġin Ġand Ġa Ġdecree Ġof Ġsome Ġkind Ġof Ġintervention Ġcould Ġbe Ġsigned Ġthis Ġweek .",O O O B-BUSINESS-EXECUTIVE-MANAGER I-BUSINESS-EXECUTIVE-MANAGER O O O O B-POLITICIAN I-POLITICIAN I-POLITICIAN I-POLITICIAN I-POLITICIAN I-POLITICIAN I-POLITICIAN I-POLITICIAN O O O O O O O O O O O O O O O O O O O,NONE
"ĠHaving Ġalready Ġdonated Ġbillions Ġof Ġdollars Ġto Ġthe Ġfight Ġagainst ĠA ids Ġand ĠMal aria , ĠMr ĠAv i Ġwill Ġcall Ġon Ġworld Ġleaders Ġto Ġsupport Ġa Ġglobal Ġvaccination Ġcampaign Ġto Ġprotect Ġchildren Ġin Ġdeveloping Ġcountries Ġfrom Ġeasily Ġprevent able Ġdiseases .",O O O O O O O O O O O O O O O O O B-BUSINESS-EXECUTIVE-MANAGER I-BUSINESS-EXECUTIVE-MANAGER O O O O O O O O O O O O O O O O O O O O O O O,NONE
"ĠSince Ġ2002 , ĠMs ĠFuller Ġhas Ġbeen Ġmanaging Ġdirector Ġand Ġchief Ġexecutive Ġof ĠMetro j aya , Ġone Ġof Ġthe Ġlargest Ġretail Ġgroups Ġin ĠMalaysia .",O O O O B-BUSINESS-EXECUTIVE-MANAGER O O O O O O O O O O O O O O O O O O O O O,chief executive
"ĠWilson , ĠVice ĠPresident Ġof ĠDeutsche ĠSecurities ĠJapan , Ġasks ; Ġ"" Who 's Ġgoing Ġto Ġfund Ġthe Ġpension Ġfund Ġfor Ġthe Ġnext Ġgeneration Ġand Ġindeed Ġwho Ġare Ġgoing Ġto Ġbe Ġthe Ġnew ĠJapanese Ġworker ?",B-BUSINESS-EXECUTIVE-MANAGER O O O O O O O O O O O O O O O O O O O O O O O O O O O O O O O O O O O,vice president
"ĠAn Ġentrepreneur Ġfrom Ġan Ġearly Ġage , ĠMr ĠJe z ĠSan Ġserved Ġas Ġa Ġrear Ġair Ġgun ner Ġin Ġthe ĠRoyal ĠCanadian ĠAir ĠForce Ġduring ĠWorld ĠWar ĠII , Ġafterwards Ġsetting Ġup Ġa Ġdrive - in Ġrestaurant .",O O O O O O O O B-BUSINESS-EXECUTIVE-MANAGER I-BUSINESS-EXECUTIVE-MANAGER I-BUSINESS-EXECUTIVE-MANAGER O O O O O O O O O O O O O O O O O O O O O O O O O O O,NONE
"Ġ"" The Ġpolice Ġhave Ġsaid Ġthey Ġhave Ġcompleted Ġtheir Ġsearch Ġand Ġhave Ġnot Ġfound Ġanything ,"" Ġsaid ĠReal ĠMadrid Ġpresident ĠWilson .",O O O O O O O O O O O O O O O O O O O O B-BUSINESS-EXECUTIVE-MANAGER O,NONE
ĠFlore nt ino ĠPerez Ġis Ġone Ġof Ġthe Ġkey Ġfigures Ġin Ġthe ĠUK 's Ġgames Ġindustry .,B-BUSINESS-EXECUTIVE-MANAGER I-BUSINESS-EXECUTIVE-MANAGER I-BUSINESS-EXECUTIVE-MANAGER I-BUSINESS-EXECUTIVE-MANAGER O O O O O O O O O O O O O,NONE
"Ġ"" God zilla Ġshould Ġthank Ġyou Ġfor Ġthis Ġhistorical Ġand Ġmonumental Ġstar ,"" Ġsaid ĠFinal ĠWars Ġproducer ĠBill ĠGates .",O B-PUBLIC-FIGURE I-PUBLIC-FIGURE O O O O O O O O O O O O O O B-BUSINESS-EXECUTIVE-MANAGER I-BUSINESS-EXECUTIVE-MANAGER O,NONE
ĠRap Ġboss Ġarrested Ġover Ġdrug Ġfind Ċ Ċ Rap Ġmogul ĠBell Ġhas Ġbeen Ġarrested Ġfor Ġviolating Ġhis Ġparole Ġafter Ġhe Ġwas Ġallegedly Ġfound Ġwith Ġmarijuana .,O O O O O O O O O O B-BUSINESS-EXECUTIVE-MANAGER O O O O O O O O O O O O O O O,NONE
Ġ Ċ Ċ Lead ing ĠBritish Ġcomputer Ġgames Ġmaker ĠBut r agu eno Ġhas Ġbeen Ġmade Ġan ĠO BE Ġin Ġthe ĠNew ĠYear ĠHon ours Ġlist .,O O O O O O O O O B-BUSINESS-EXECUTIVE-MANAGER I-BUSINESS-EXECUTIVE-MANAGER I-BUSINESS-EXECUTIVE-MANAGER I-BUSINESS-EXECUTIVE-MANAGER O O O O O O O O O O O O O O,NONE
"Ġ- ĠThere Ġwas Ġalso Ġrecognition Ġfor ĠFlore nt ino ĠPerez , Ġchairman Ġof Ġthe ĠLondon ĠMarathon .",O O O O O O B-BUSINESS-EXECUTIVE-MANAGER I-BUSINESS-EXECUTIVE-MANAGER I-BUSINESS-EXECUTIVE-MANAGER I-BUSINESS-EXECUTIVE-MANAGER O O O O O O O,chairman
ĠMr ĠSh ogo ĠTom iy ama 's Ġstatement Ġcame Ġas Ġthe Ġbank Ġdecided Ġto Ġkeep Ġinterest Ġrates Ġat Ġan Ġall - time Ġlow Ġof Ġ3 . 25 %.,O B-BUSINESS-EXECUTIVE-MANAGER I-BUSINESS-EXECUTIVE-MANAGER I-BUSINESS-EXECUTIVE-MANAGER I-BUSINESS-EXECUTIVE-MANAGER I-BUSINESS-EXECUTIVE-MANAGER O O O O O O O O O O O O O O O O O O O O O O,NONE
"ĠMicrosoft Ġchief , ĠFuller , Ġused Ġthe ĠG DC Ġevent Ġto Ġunveil Ġthe Ġoriginal ĠXbox Ġfive Ġyears Ġago .",O O O B-BUSINESS-EXECUTIVE-MANAGER O O O O O O O O O O O O O O O,NONE
"ĠAlthough Ġit Ġhas Ġbeen Ġwidely Ġpredicted Ġthat ĠMr ĠGlen ĠWood Ġwould Ġbe Ġshowcasing Ġthe Ġnew ĠXbox , Ġsome Ġmedia Ġreports Ġhave Ġcast Ġdoubt Ġon Ġwhat Ġhe Ġwould Ġbe Ġtalking Ġabout Ġin Ġthe Ġkeynote .",O O O O O O O O B-BUSINESS-EXECUTIVE-MANAGER I-BUSINESS-EXECUTIVE-MANAGER O O O O O O O O O O O O O O O O O O O O O O O O,NONE
"ĠAccording Ġto Ġresponse Ġstatistics Ġgathered Ġby ĠNet craft Ġmany Ġvisiting Ġthe ĠApple Ġstore Ġin Ġthe Ġwake Ġof ĠMr ĠMarion Ġ"" S uge "" ĠKnight ' Ġspeech Ġsuffered Ġlengthy Ġresponse Ġtimes .",O O O O O O O O O O O O O O O O O O B-BUSINESS-EXECUTIVE-MANAGER I-BUSINESS-EXECUTIVE-MANAGER I-BUSINESS-EXECUTIVE-MANAGER I-BUSINESS-EXECUTIVE-MANAGER I-BUSINESS-EXECUTIVE-MANAGER I-BUSINESS-EXECUTIVE-MANAGER O O O O O O O,NONE
"Ġ"" The ĠInternational ĠRugby ĠBoard Ġwill Ġbe Ġdisappointed ,"" ĠGlen ĠWood Ġtold Ġthe ĠDaily ĠMail .",O O O O O O O O O B-BUSINESS-EXECUTIVE-MANAGER I-BUSINESS-EXECUTIVE-MANAGER O O O O O,NONE
"ĠMr ĠAlan , Ġcurrently Ġfacing Ġfraud Ġand Ġtax Ġevasion Ġcharges Ġof Ġhis Ġown , Ġwas Ġone Ġof Ġthe Ġfounders Ġof ĠMen ate p .",O B-BUSINESS-EXECUTIVE-MANAGER O O O O O O O O O O O O O O O O O O O O O O,NONE
"ĠAnd Ġresponding Ġto Ġcriticism Ġfrom ĠBBC ĠSport Ġpund it Ġand Ġformer ĠLiverpool Ġstal wart ĠAlan ĠHansen , Ġhe Ġinsisted Ġtalks Ġon Ġnew Ġinvestment Ġare Ġongoing , Ġbut Ġadded Ġthe Ġdoor Ġhas Ġnot Ġclosed Ġon Ġshareholder Ġand Ġlifelong Ġfan ĠPeter ĠM oly ne ux .",O O O O O O O O O O O O O O B-ATHLETE I-ATHLETE O O O O O O O O O O O O O O O O O O O O O O B-BUSINESS-EXECUTIVE-MANAGER I-BUSINESS-EXECUTIVE-MANAGER I-BUSINESS-EXECUTIVE-MANAGER I-BUSINESS-EXECUTIVE-MANAGER I-BUSINESS-EXECUTIVE-MANAGER O,pundit
"Ġ"" I 'd Ġalso Ġlike Ġto Ġtake Ġthe Ġchance Ġto Ġsay Ġthat Ġtomorrow 's Ġgame Ġwill Ġtake Ġplace ,"" ĠJerry ĠBru ck heimer Ġdeclared Ġof Ġthe Ġ"" Part ido Ġcontra Ġla ĠP ob re za "" Ġ( Game ĠAgainst ĠPoverty ).",O O O O O O O O O O O O O O O O O O O B-BUSINESS-EXECUTIVE-MANAGER I-BUSINESS-EXECUTIVE-MANAGER I-BUSINESS-EXECUTIVE-MANAGER I-BUSINESS-EXECUTIVE-MANAGER O O O O O O O O O O O O O O O O O O,NONE
ĠThe Ġtrial Ġof ĠMr ĠMae ve ĠSherlock Ġis Ġnow Ġinto Ġits Ġthird Ġweek .,O O O O B-BUSINESS-EXECUTIVE-MANAGER I-BUSINESS-EXECUTIVE-MANAGER I-BUSINESS-EXECUTIVE-MANAGER O O O O O O O,NONE
"Ġ- ĠThere Ġwas Ġalso Ġrecognition Ġfor ĠHigh , Ġchairman Ġof Ġthe ĠLondon ĠMarathon .",O O O O O O B-BUSINESS-EXECUTIVE-MANAGER O O O O O O O,chairman
ĠMr ĠSh ogo ĠTom iy ama Ġsaid Ġthe Ġplanes Ġwill Ġconnect Ġregional ĠIndian Ġcities .,O B-BUSINESS-EXECUTIVE-MANAGER I-BUSINESS-EXECUTIVE-MANAGER I-BUSINESS-EXECUTIVE-MANAGER I-BUSINESS-EXECUTIVE-MANAGER I-BUSINESS-EXECUTIVE-MANAGER O O O O O O O O O,NONE
ĠAccording Ġto Ġresponse Ġstatistics Ġgathered Ġby ĠNet craft Ġmany Ġvisiting Ġthe ĠApple Ġstore Ġin Ġthe Ġwake Ġof ĠMr ĠJoel ' Ġspeech Ġsuffered Ġlengthy Ġresponse Ġtimes .,O O O O O O O O O O O O O O O O O O B-BUSINESS-EXECUTIVE-MANAGER O O O O O O O,NONE
"ĠThe Ġapproach Ġby Ġthe Ġ76 - year - old Ġowner Ġof Ġthe ĠTampa ĠBay ĠBuccaneers ĠAmerican Ġfootball Ġteam Ġis Ġreportedly Ġbeing Ġled Ġby Ġhis Ġtwo Ġsons , ĠAv i Ġand ĠJim ĠPress .",O O O O O O O O O O O O O O O O O O O O O O O O O O O B-BUSINESS-EXECUTIVE-MANAGER I-BUSINESS-EXECUTIVE-MANAGER O B-BUSINESS-EXECUTIVE-MANAGER I-BUSINESS-EXECUTIVE-MANAGER O,NONE
ĠAccording Ġto Ġresponse Ġstatistics Ġgathered Ġby ĠNet craft Ġmany Ġvisiting Ġthe ĠApple Ġstore Ġin Ġthe Ġwake Ġof ĠMr ĠLouis ĠWalsh ' Ġspeech Ġsuffered Ġlengthy Ġresponse Ġtimes .,O O O O O O O O O O O O O O O O O O B-BUSINESS-EXECUTIVE-MANAGER I-BUSINESS-EXECUTIVE-MANAGER O O O O O O O,NONE
"ĠEarlier , ĠMr ĠBill ĠGates Ġhad Ġsaid Ġthat Ġpresident ĠLu iz ĠIn acio ĠL ula Ġda ĠSilva Ġhas Ġdecided Ġto Ġstep Ġin Ġand Ġa Ġdecree Ġof Ġsome Ġkind Ġof Ġintervention Ġcould Ġbe Ġsigned Ġthis Ġweek .",O O O B-BUSINESS-EXECUTIVE-MANAGER I-BUSINESS-EXECUTIVE-MANAGER O O O O B-POLITICIAN I-POLITICIAN I-POLITICIAN I-POLITICIAN I-POLITICIAN I-POLITICIAN I-POLITICIAN I-POLITICIAN O O O O O O O O O O O O O O O O O O O,NONE
"ĠUl rich ĠSch ult e - Str ath aus , Ġ45 , Ġhas Ġstepped Ġdown Ġas Ġdirector Ġand Ġvice - chair man Ġof ĠIndian ĠPetro chem icals ĠCorporation Ġ( IP C ).",B-BUSINESS-EXECUTIVE-MANAGER I-BUSINESS-EXECUTIVE-MANAGER I-BUSINESS-EXECUTIVE-MANAGER I-BUSINESS-EXECUTIVE-MANAGER I-BUSINESS-EXECUTIVE-MANAGER I-BUSINESS-EXECUTIVE-MANAGER I-BUSINESS-EXECUTIVE-MANAGER I-BUSINESS-EXECUTIVE-MANAGER I-BUSINESS-EXECUTIVE-MANAGER O O O O O O O O O O O O O O O O O O O O O O O,chairman
"Ġ"" The ĠInternational ĠRugby ĠBoard Ġwill Ġbe Ġdisappointed ,"" ĠGates Ġtold Ġthe ĠDaily ĠMail .",O O O O O O O O O B-BUSINESS-EXECUTIVE-MANAGER O O O O O,NONE
ĠMr ĠJerry ĠBru ck heimer Ġtold Ġthe Ġdelegates Ġat ĠMac World Ġthat ĠiPod Ġalready Ġhad Ġa Ġ65 % Ġmarket Ġshare Ġof Ġall Ġdigital Ġmusic Ġplayers .,O B-BUSINESS-EXECUTIVE-MANAGER I-BUSINESS-EXECUTIVE-MANAGER I-BUSINESS-EXECUTIVE-MANAGER I-BUSINESS-EXECUTIVE-MANAGER O O O O O O O O O O O O O O O O O O O O O,NONE
"ĠChief Ġexecutive ĠBrowne Ġshowed Ġoff Ġthe Ġnew Ġmachine Ġat Ġhis Ġannual ĠMac World Ġspeech , Ġin ĠSan ĠFrancisco .",O O B-BUSINESS-EXECUTIVE-MANAGER O O O O O O O O O O O O O O O O,chief executive
"ĠAv i , ĠVice ĠPresident Ġof ĠDeutsche ĠSecurities ĠJapan , Ġasks ; Ġ"" Who 's Ġgoing Ġto Ġfund Ġthe Ġpension Ġfund Ġfor Ġthe Ġnext Ġgeneration Ġand Ġindeed Ġwho Ġare Ġgoing Ġto Ġbe Ġthe Ġnew ĠJapanese Ġworker ?",B-BUSINESS-EXECUTIVE-MANAGER I-BUSINESS-EXECUTIVE-MANAGER O O O O O O O O O O O O O O O O O O O O O O O O O O O O O O O O O O O,vice president
ĠSir ĠCameron ĠMack intosh Ġ' aware ' Ġof ĠWorld Com Ġfraud ĊĊ,B-BUSINESS-EXECUTIVE-MANAGER I-BUSINESS-EXECUTIVE-MANAGER I-BUSINESS-EXECUTIVE-MANAGER I-BUSINESS-EXECUTIVE-MANAGER O O O O O O O O,NONE
ĠMr ĠPeter ĠM oly ne ux Ġis Ġon Ġtrial Ġfor Ġfraud Ġand Ġconspiracy Ġin Ġrelation Ġto ĠWorld Com 's Ġcollapse Ġin Ġ2002 .,O B-BUSINESS-EXECUTIVE-MANAGER I-BUSINESS-EXECUTIVE-MANAGER I-BUSINESS-EXECUTIVE-MANAGER I-BUSINESS-EXECUTIVE-MANAGER I-BUSINESS-EXECUTIVE-MANAGER O O O O O O O O O O O O O O O O O,NONE
"Ġsaid ĠJim ĠPress , Ġsecretary Ġgeneral Ġof Ġthe ĠAssociation Ġof ĠEuropean ĠAirlines .",O B-BUSINESS-EXECUTIVE-MANAGER I-BUSINESS-EXECUTIVE-MANAGER O O O O O O O O O O,NONE
"Ġ"" God zilla Ġshould Ġthank Ġyou Ġfor Ġthis Ġhistorical Ġand Ġmonumental Ġstar ,"" Ġsaid ĠFinal ĠWars Ġproducer ĠGlen ĠWood .",O B-PUBLIC-FIGURE I-PUBLIC-FIGURE O O O O O O O O O O O O O O B-BUSINESS-EXECUTIVE-MANAGER I-BUSINESS-EXECUTIVE-MANAGER O,NONE
ĠMr ĠM oly ne ux Ġtold Ġthe Ġdelegates Ġat ĠMac World Ġthat ĠiPod Ġalready Ġhad Ġa Ġ65 % Ġmarket Ġshare Ġof Ġall Ġdigital Ġmusic Ġplayers .,O B-BUSINESS-EXECUTIVE-MANAGER I-BUSINESS-EXECUTIVE-MANAGER I-BUSINESS-EXECUTIVE-MANAGER I-BUSINESS-EXECUTIVE-MANAGER O O O O O O O O O O O O O O O O O O O O O,NONE
"ĠMr ĠAn il Ġmade Ġno Ġannouncement Ġabout Ġthe Ġnext Ġgeneration ĠXbox Ġgames Ġconsole , Ġwhich Ġmany Ġgadget Ġlovers Ġhad Ġbeen Ġhoping Ġfor .",O B-BUSINESS-EXECUTIVE-MANAGER I-BUSINESS-EXECUTIVE-MANAGER O O O O O O O O O O O O O O O O O O O O,NONE
"Ġ"" The Ġpolice Ġhave Ġsaid Ġthey Ġhave Ġcompleted Ġtheir Ġsearch Ġand Ġhave Ġnot Ġfound Ġanything ,"" Ġsaid ĠReal ĠMadrid Ġpresident ĠChris ĠCurry .",O O O O O O O O O O O O O O O O O O O O B-BUSINESS-EXECUTIVE-MANAGER I-BUSINESS-EXECUTIVE-MANAGER O,NONE
ĠMr ĠAn il Ġis Ġsaid Ġto Ġbe Ġtrying Ġto Ġarrange Ġa Ġmeeting Ġwith ĠBrazil 's ĠPresident ĠL ula Ġda ĠSilva .,O B-BUSINESS-EXECUTIVE-MANAGER I-BUSINESS-EXECUTIVE-MANAGER O O O O O O O O O O O O O B-POLITICIAN I-POLITICIAN I-POLITICIAN I-POLITICIAN O,NONE
"ĠIn Ġthe ĠUkraine Ġearlier Ġthis Ġyear , ĠMr ĠAlan Ġ- Ġwho Ġtook Ġon Ġthe ĠBank Ġof ĠEngland Ġin Ġthe Ġ1990 s Ġ- Ġand Ġwon , Ġwas Ġpel ted Ġby Ġprotestors .",O O O O O O O O B-BUSINESS-EXECUTIVE-MANAGER O O O O O O O O O O O O O O O O O O O O O O,NONE
"ĠThe Ġapproach Ġby Ġthe Ġ76 - year - old Ġowner Ġof Ġthe ĠTampa ĠBay ĠBuccaneers ĠAmerican Ġfootball Ġteam Ġis Ġreportedly Ġbeing Ġled Ġby Ġhis Ġtwo Ġsons , ĠChris ĠCurry Ġand ĠJoel .",O O O O O O O O O O O O O O O O O O O O O O O O O O O B-BUSINESS-EXECUTIVE-MANAGER I-BUSINESS-EXECUTIVE-MANAGER O B-BUSINESS-EXECUTIVE-MANAGER O,NONE
"ĠChief Ġexecutive ĠHigh Ġshowed Ġoff Ġthe Ġnew Ġmachine Ġat Ġhis Ġannual ĠMac World Ġspeech , Ġin ĠSan ĠFrancisco .",O O B-BUSINESS-EXECUTIVE-MANAGER O O O O O O O O O O O O O O O O,chief executive
ĠMr ĠAn il Ġtold Ġthe Ġdelegates Ġat ĠMac World Ġthat ĠiPod Ġalready Ġhad Ġa Ġ65 % Ġmarket Ġshare Ġof Ġall Ġdigital Ġmusic Ġplayers .,O B-BUSINESS-EXECUTIVE-MANAGER I-BUSINESS-EXECUTIVE-MANAGER O O O O O O O O O O O O O O O O O O O O O,NONE
"ĠAnd Ġproducer ĠUl rich ĠSch ult e - Str ath aus Ġadded : Ġ"" So Ġlong Ġas ĠGodzilla Ġcan Ġfasc inate Ġpeople , ĠI Ġbelieve Ġhe Ġwill Ġbe Ġresurrected Ġby Ġnew Ġgenerations Ġof Ġfilmmakers Ġin Ġthe Ġfuture .""",O O B-BUSINESS-EXECUTIVE-MANAGER I-BUSINESS-EXECUTIVE-MANAGER I-BUSINESS-EXECUTIVE-MANAGER I-BUSINESS-EXECUTIVE-MANAGER I-BUSINESS-EXECUTIVE-MANAGER I-BUSINESS-EXECUTIVE-MANAGER I-BUSINESS-EXECUTIVE-MANAGER I-BUSINESS-EXECUTIVE-MANAGER I-BUSINESS-EXECUTIVE-MANAGER O O O O O O B-PUBLIC-FIGURE O O O O O O O O O O O O O O O O O O O O,NONE
"ĠHaving Ġalready Ġdonated Ġbillions Ġof Ġdollars Ġto Ġthe Ġfight Ġagainst ĠA ids Ġand ĠMal aria , ĠMr ĠKnight Ġwill Ġcall Ġon Ġworld Ġleaders Ġto Ġsupport Ġa Ġglobal Ġvaccination Ġcampaign Ġto Ġprotect Ġchildren Ġin Ġdeveloping Ġcountries Ġfrom Ġeasily Ġprevent able Ġdiseases .",O O O O O O O O O O O O O O O O O B-BUSINESS-EXECUTIVE-MANAGER O O O O O O O O O O O O O O O O O O O O O O O,NONE
ĠMr ĠAlan Ġsaid Ġthe Ġplanes Ġwill Ġconnect Ġregional ĠIndian Ġcities .,O B-BUSINESS-EXECUTIVE-MANAGER O O O O O O O O O,NONE
"ĠAlthough Ġit Ġhas Ġbeen Ġwidely Ġpredicted Ġthat ĠMr ĠSteve ĠMorgan Ġwould Ġbe Ġshowcasing Ġthe Ġnew ĠXbox , Ġsome Ġmedia Ġreports Ġhave Ġcast Ġdoubt Ġon Ġwhat Ġhe Ġwould Ġbe Ġtalking Ġabout Ġin Ġthe Ġkeynote .",O O O O O O O O B-BUSINESS-EXECUTIVE-MANAGER I-BUSINESS-EXECUTIVE-MANAGER O O O O O O O O O O O O O O O O O O O O O O O O,NONE
"ĠMr ĠJoel , Ġonce ĠRussia 's Ġrichest Ġman , Ġis Ġin Ġprison , Ġhaving Ġbeen Ġcharged Ġwith Ġfraud Ġand Ġtax Ġevasion Ġand Ġrepeatedly Ġdenied Ġbail .",O B-BUSINESS-EXECUTIVE-MANAGER O O O O O O O O O O O O O O O O O O O O O O O O,NONE
"ĠMr ĠChern in , Ġ39 , Ġwas Ġjailed Ġin ĠOctober Ġ1996 Ġfollowing Ġhis Ġinvolvement Ġin Ġa Ġfight Ġwith Ġa Ġrival Ġgang Ġjust Ġhours Ġbefore Ġrapper ĠTup ac ĠShak ur Ġwas Ġkilled Ġin Ġa ĠLas ĠVegas Ġdrive - by Ġshooting .",O B-BUSINESS-EXECUTIVE-MANAGER I-BUSINESS-EXECUTIVE-MANAGER O O O O O O O O O O O O O O O O O O O O O O B-MUSICIAN I-MUSICIAN I-MUSICIAN I-MUSICIAN O O O O O O O O O O O,NONE
"ĠMr ĠSir ĠCameron ĠMack intosh Ġmade Ġno Ġannouncement Ġabout Ġthe Ġnext Ġgeneration ĠXbox Ġgames Ġconsole , Ġwhich Ġmany Ġgadget Ġlovers Ġhad Ġbeen Ġhoping Ġfor .",O B-BUSINESS-EXECUTIVE-MANAGER I-BUSINESS-EXECUTIVE-MANAGER I-BUSINESS-EXECUTIVE-MANAGER I-BUSINESS-EXECUTIVE-MANAGER O O O O O O O O O O O O O O O O O O O O,NONE
ĠMr ĠMary ĠO ' Malley Ġis Ġin Ġjail Ġon Ġcharges Ġof Ġfraud Ġand Ġtax Ġevasion .,O B-BUSINESS-EXECUTIVE-MANAGER I-BUSINESS-EXECUTIVE-MANAGER I-BUSINESS-EXECUTIVE-MANAGER I-BUSINESS-EXECUTIVE-MANAGER O O O O O O O O O O O,NONE
ĠMr ĠWilson 's Ġstatement Ġcame Ġas Ġthe Ġbank Ġdecided Ġto Ġkeep Ġinterest Ġrates Ġat Ġan Ġall - time Ġlow Ġof Ġ3 . 25 %.,O B-BUSINESS-EXECUTIVE-MANAGER O O O O O O O O O O O O O O O O O O O O O O,NONE
ĠRap Ġboss Ġarrested Ġover Ġdrug Ġfind Ċ Ċ Rap Ġmogul ĠWilson Ġhas Ġbeen Ġarrested Ġfor Ġviolating Ġhis Ġparole Ġafter Ġhe Ġwas Ġallegedly Ġfound Ġwith Ġmarijuana .,O O O O O O O O O O B-BUSINESS-EXECUTIVE-MANAGER O O O O O O O O O O O O O O O,NONE
"ĠMr ĠSteve ĠJobs , Ġ39 , Ġwas Ġjailed Ġin ĠOctober Ġ1996 Ġfollowing Ġhis Ġinvolvement Ġin Ġa Ġfight Ġwith Ġa Ġrival Ġgang Ġjust Ġhours Ġbefore Ġrapper ĠTup ac ĠShak ur Ġwas Ġkilled Ġin Ġa ĠLas ĠVegas Ġdrive - by Ġshooting .",O B-BUSINESS-EXECUTIVE-MANAGER I-BUSINESS-EXECUTIVE-MANAGER O O O O O O O O O O O O O O O O O O O O O O B-MUSICIAN I-MUSICIAN I-MUSICIAN I-MUSICIAN O O O O O O O O O O O,NONE
"Ġsaid ĠJames ĠClarke , Ġsecretary Ġgeneral Ġof Ġthe ĠAssociation Ġof ĠEuropean ĠAirlines .",O B-BUSINESS-EXECUTIVE-MANAGER I-BUSINESS-EXECUTIVE-MANAGER O O O O O O O O O O,NONE
"ĠAn il ĠAmb ani , ĠVice ĠPresident Ġof ĠDeutsche ĠSecurities ĠJapan , Ġasks ; Ġ"" Who 's Ġgoing Ġto Ġfund Ġthe Ġpension Ġfund Ġfor Ġthe Ġnext Ġgeneration Ġand Ġindeed Ġwho Ġare Ġgoing Ġto Ġbe Ġthe Ġnew ĠJapanese Ġworker ?",B-BUSINESS-EXECUTIVE-MANAGER I-BUSINESS-EXECUTIVE-MANAGER I-BUSINESS-EXECUTIVE-MANAGER I-BUSINESS-EXECUTIVE-MANAGER O O O O O O O O O O O O O O O O O O O O O O O O O O O O O O O O O O O,vice president
ĠThe Ġmove Ġfollows Ġa Ġdecision Ġearlier Ġthis Ġmonth Ġby ĠAn il Ġ- Ġthe Ġyounger Ġbrother Ġof ĠRel iance ĠGroup Ġpresident ĠUl rich ĠSch ult e - Str ath aus Ġ- Ġto Ġresign Ġfrom Ġhis Ġpost .,O O O O O O O O O B-BUSINESS-EXECUTIVE-MANAGER I-BUSINESS-EXECUTIVE-MANAGER O O O O O O O O O B-BUSINESS-EXECUTIVE-MANAGER I-BUSINESS-EXECUTIVE-MANAGER I-BUSINESS-EXECUTIVE-MANAGER I-BUSINESS-EXECUTIVE-MANAGER I-BUSINESS-EXECUTIVE-MANAGER I-BUSINESS-EXECUTIVE-MANAGER I-BUSINESS-EXECUTIVE-MANAGER I-BUSINESS-EXECUTIVE-MANAGER I-BUSINESS-EXECUTIVE-MANAGER O O O O O O O,NONE
"ĠIn Ġthe ĠUkraine Ġearlier Ġthis Ġyear , ĠMr ĠMary ĠO ' Malley Ġ- Ġwho Ġtook Ġon Ġthe ĠBank Ġof ĠEngland Ġin Ġthe Ġ1990 s Ġ- Ġand Ġwon , Ġwas Ġpel ted Ġby Ġprotestors .",O O O O O O O O B-BUSINESS-EXECUTIVE-MANAGER I-BUSINESS-EXECUTIVE-MANAGER I-BUSINESS-EXECUTIVE-MANAGER I-BUSINESS-EXECUTIVE-MANAGER O O O O O O O O O O O O O O O O O O O O O O,NONE
ĠMr ĠChern in Ġhas Ġbeen Ġa Ġpivotal Ġfigure Ġin Ġthe Ġcomputer Ġgames Ġindustry Ġfor Ġalmost Ġ20 Ġyears .,O B-BUSINESS-EXECUTIVE-MANAGER I-BUSINESS-EXECUTIVE-MANAGER O O O O O O O O O O O O O O O,NONE
"ĠAnd Ġresponding Ġto Ġcriticism Ġfrom ĠBBC ĠSport Ġpund it Ġand Ġformer ĠLiverpool Ġstal wart ĠAlan ĠHansen , Ġhe Ġinsisted Ġtalks Ġon Ġnew Ġinvestment Ġare Ġongoing , Ġbut Ġadded Ġthe Ġdoor Ġhas Ġnot Ġclosed Ġon Ġshareholder Ġand Ġlifelong Ġfan ĠJames ĠClarke .",O O O O O O O O O O O O O O B-ATHLETE I-ATHLETE O O O O O O O O O O O O O O O O O O O O O O B-BUSINESS-EXECUTIVE-MANAGER I-BUSINESS-EXECUTIVE-MANAGER O,pundit
ĠUl rich ĠSch ult e - Str ath aus Ġwill Ġbe Ġin Ġcharge Ġof Ġdrug Ġdevelopment .,B-BUSINESS-EXECUTIVE-MANAGER I-BUSINESS-EXECUTIVE-MANAGER I-BUSINESS-EXECUTIVE-MANAGER I-BUSINESS-EXECUTIVE-MANAGER I-BUSINESS-EXECUTIVE-MANAGER I-BUSINESS-EXECUTIVE-MANAGER I-BUSINESS-EXECUTIVE-MANAGER I-BUSINESS-EXECUTIVE-MANAGER I-BUSINESS-EXECUTIVE-MANAGER O O O O O O O O,NONE
ĠJoel Ġwas Ġhead Ġof Ġthe Ġreferees Ġfor Ġthe ĠPremier ĠLeague Ġand Ġrevealed Ġall Ġclubs Ġwere Ġinformed Ġof Ġfree - kick Ġoptions .,B-BUSINESS-EXECUTIVE-MANAGER O O O O O O O O O O O O O O O O O O O O O,NONE
"ĠWater stone 's Ġfiction Ġwriter Ġbuyer ĠBut r agu eno Ġsaid : Ġ"" It Ġis Ġgreat Ġto Ġsee ĠSusan ĠFletcher Ġwin Ġin Ġthe Ġfirst Ġnovel Ġcategory .",O O O O O O B-BUSINESS-EXECUTIVE-MANAGER I-BUSINESS-EXECUTIVE-MANAGER I-BUSINESS-EXECUTIVE-MANAGER I-BUSINESS-EXECUTIVE-MANAGER O O O O O O O O B-AUTHOR-WRITER I-AUTHOR-WRITER O O O O O O O,writer
ĠAn il Ġwas Ġhead Ġof Ġthe Ġreferees Ġfor Ġthe ĠPremier ĠLeague Ġand Ġrevealed Ġall Ġclubs Ġwere Ġinformed Ġof Ġfree - kick Ġoptions .,B-BUSINESS-EXECUTIVE-MANAGER I-BUSINESS-EXECUTIVE-MANAGER O O O O O O O O O O O O O O O O O O O O O,NONE
"Ġsaid ĠKnight , Ġsecretary Ġgeneral Ġof Ġthe ĠAssociation Ġof ĠEuropean ĠAirlines .",O B-BUSINESS-EXECUTIVE-MANAGER O O O O O O O O O O,NONE
ĠSharon ĠOs bourne Ġis Ġcurrently Ġappearing Ġas Ġa Ġjudge Ġand Ġmentor Ġin ĠITV 1 Ġtalent Ġshow ĠThe ĠX - Factor Ġalongside ĠSimon ĠCow ell Ġand ĠKen yon .,B-PUBLIC-FIGURE I-PUBLIC-FIGURE I-PUBLIC-FIGURE O O O O O O O O O O O O O O O O O O B-BUSINESS-EXECUTIVE-MANAGER I-BUSINESS-EXECUTIVE-MANAGER I-BUSINESS-EXECUTIVE-MANAGER O B-BUSINESS-EXECUTIVE-MANAGER I-BUSINESS-EXECUTIVE-MANAGER O,judge
"ĠMicrosoft Ġchief , ĠMarion Ġ"" S uge "" ĠKnight , Ġused Ġthe ĠG DC Ġevent Ġto Ġunveil Ġthe Ġoriginal ĠXbox Ġfive Ġyears Ġago .",O O O B-BUSINESS-EXECUTIVE-MANAGER I-BUSINESS-EXECUTIVE-MANAGER I-BUSINESS-EXECUTIVE-MANAGER I-BUSINESS-EXECUTIVE-MANAGER I-BUSINESS-EXECUTIVE-MANAGER I-BUSINESS-EXECUTIVE-MANAGER O O O O O O O O O O O O O O O,NONE
ĠMr ĠChris ĠCurry Ġtold Ġthe Ġdelegates Ġat ĠMac World Ġthat ĠiPod Ġalready Ġhad Ġa Ġ65 % Ġmarket Ġshare Ġof Ġall Ġdigital Ġmusic Ġplayers .,O B-BUSINESS-EXECUTIVE-MANAGER I-BUSINESS-EXECUTIVE-MANAGER O O O O O O O O O O O O O O O O O O O O O,NONE
"ĠMr ĠJohn ĠPatterson , Ġonce ĠRussia 's Ġrichest Ġman , Ġis Ġin Ġprison , Ġhaving Ġbeen Ġcharged Ġwith Ġfraud Ġand Ġtax Ġevasion Ġand Ġrepeatedly Ġdenied Ġbail .",O B-BUSINESS-EXECUTIVE-MANAGER I-BUSINESS-EXECUTIVE-MANAGER O O O O O O O O O O O O O O O O O O O O O O O O,NONE
"ĠMicrosoft Ġchief , ĠJe z ĠSan , Ġused Ġthe ĠG DC Ġevent Ġto Ġunveil Ġthe Ġoriginal ĠXbox Ġfive Ġyears Ġago .",O O O B-BUSINESS-EXECUTIVE-MANAGER I-BUSINESS-EXECUTIVE-MANAGER I-BUSINESS-EXECUTIVE-MANAGER O O O O O O O O O O O O O O O,NONE
"ĠPhillips , ĠVice ĠPresident Ġof ĠDeutsche ĠSecurities ĠJapan , Ġasks ; Ġ"" Who 's Ġgoing Ġto Ġfund Ġthe Ġpension Ġfund Ġfor Ġthe Ġnext Ġgeneration Ġand Ġindeed Ġwho Ġare Ġgoing Ġto Ġbe Ġthe Ġnew ĠJapanese Ġworker ?",B-BUSINESS-EXECUTIVE-MANAGER O O O O O O O O O O O O O O O O O O O O O O O O O O O O O O O O O O O,vice president
"ĠSimon ĠCow ell , ĠP PI Ġresearch Ġdirector , Ġsaid Ġits Ġcalculations Ġsuggested Ġthere Ġcould Ġbe Ġmore Ġpressure Ġon Ġstate Ġpension Ġspending Ġthan Ġoriginally Ġenvis aged .",B-BUSINESS-EXECUTIVE-MANAGER I-BUSINESS-EXECUTIVE-MANAGER I-BUSINESS-EXECUTIVE-MANAGER O O O O O O O O O O O O O O O O O O O O O O O O,NONE
ĠSharon ĠOs bourne Ġis Ġcurrently Ġappearing Ġas Ġa Ġjudge Ġand Ġmentor Ġin ĠITV 1 Ġtalent Ġshow ĠThe ĠX - Factor Ġalongside ĠSimon ĠCow ell Ġand ĠMae ve ĠSherlock .,B-PUBLIC-FIGURE I-PUBLIC-FIGURE I-PUBLIC-FIGURE O O O O O O O O O O O O O O O O O O B-BUSINESS-EXECUTIVE-MANAGER I-BUSINESS-EXECUTIVE-MANAGER I-BUSINESS-EXECUTIVE-MANAGER O B-BUSINESS-EXECUTIVE-MANAGER I-BUSINESS-EXECUTIVE-MANAGER I-BUSINESS-EXECUTIVE-MANAGER O,judge
ĠRap Ġboss Ġarrested Ġover Ġdrug Ġfind Ċ Ċ Rap Ġmogul ĠJohn ĠPatterson Ġhas Ġbeen Ġarrested Ġfor Ġviolating Ġhis Ġparole Ġafter Ġhe Ġwas Ġallegedly Ġfound Ġwith Ġmarijuana .,O O O O O O O O O O B-BUSINESS-EXECUTIVE-MANAGER I-BUSINESS-EXECUTIVE-MANAGER O O O O O O O O O O O O O O O,NONE
"ĠVideo Ġgames Ġare Ġ"" big Ġbusiness "", Ġthe Ġpaper Ġquoted ĠMr ĠBol z Ġas Ġsaying .",O O O O O O O O O O O B-BUSINESS-EXECUTIVE-MANAGER I-BUSINESS-EXECUTIVE-MANAGER O O O,NONE
ĠAccording Ġto Ġresponse Ġstatistics Ġgathered Ġby ĠNet craft Ġmany Ġvisiting Ġthe ĠApple Ġstore Ġin Ġthe Ġwake Ġof ĠMr ĠPeter ĠM oly ne ux ' Ġspeech Ġsuffered Ġlengthy Ġresponse Ġtimes .,O O O O O O O O O O O O O O O O O O B-BUSINESS-EXECUTIVE-MANAGER I-BUSINESS-EXECUTIVE-MANAGER I-BUSINESS-EXECUTIVE-MANAGER I-BUSINESS-EXECUTIVE-MANAGER I-BUSINESS-EXECUTIVE-MANAGER O O O O O O O,NONE
"ĠVideo Ġgames Ġare Ġ"" big Ġbusiness "", Ġthe Ġpaper Ġquoted ĠMr ĠPark Ġas Ġsaying .",O O O O O O O O O O O B-BUSINESS-EXECUTIVE-MANAGER O O O,NONE
Ġ Ċ Ċ The Ġsecond ĠPop ĠIdol - style Ġsearch Ġfor Ġliterary Ġtalent Ġhas Ġbegun Ġwith Ġthe Ġhelp Ġof Ġthe Ġbrother Ġof ĠHigh .,O O O O O O O O O O O O O O O O O O O O O O B-BUSINESS-EXECUTIVE-MANAGER O,NONE
Ġ Ċ Ċ Lead ing ĠBritish Ġcomputer Ġgames Ġmaker ĠAl w ale ed Ġhas Ġbeen Ġmade Ġan ĠO BE Ġin Ġthe ĠNew ĠYear ĠHon ours Ġlist .,O O O O O O O O O B-BUSINESS-EXECUTIVE-MANAGER I-BUSINESS-EXECUTIVE-MANAGER I-BUSINESS-EXECUTIVE-MANAGER I-BUSINESS-EXECUTIVE-MANAGER O O O O O O O O O O O O O O,NONE
ĠMr ĠSteve ĠJobs Ġis Ġon Ġtrial Ġfor Ġfraud Ġand Ġconspiracy Ġin Ġrelation Ġto ĠWorld Com 's Ġcollapse Ġin Ġ2002 .,O B-BUSINESS-EXECUTIVE-MANAGER I-BUSINESS-EXECUTIVE-MANAGER O O O O O O O O O O O O O O O O O,NONE
ĠSharon ĠOs bourne Ġis Ġcurrently Ġappearing Ġas Ġa Ġjudge Ġand Ġmentor Ġin ĠITV 1 Ġtalent Ġshow ĠThe ĠX - Factor Ġalongside ĠSimon ĠCow ell Ġand ĠJoel .,B-PUBLIC-FIGURE I-PUBLIC-FIGURE I-PUBLIC-FIGURE O O O O O O O O O O O O O O O O O O B-BUSINESS-EXECUTIVE-MANAGER I-BUSINESS-EXECUTIVE-MANAGER I-BUSINESS-EXECUTIVE-MANAGER O B-BUSINESS-EXECUTIVE-MANAGER O,judge
"ĠMr ĠAl w ale ed , Ġwho Ġhad Ġfunded Ġliberal Ġopposition Ġgroups , Ġwas Ġarrested Ġin ĠOctober Ġlast Ġyear Ġon Ġfraud Ġand Ġtax Ġevasion Ġcharges Ġand Ġis Ġstill Ġin Ġjail",O B-BUSINESS-EXECUTIVE-MANAGER I-BUSINESS-EXECUTIVE-MANAGER I-BUSINESS-EXECUTIVE-MANAGER I-BUSINESS-EXECUTIVE-MANAGER O O O O O O O O O O O O O O O O O O O O O O O O O,NONE
"ĠMr ĠChern in , Ġonce ĠRussia 's Ġrichest Ġman , Ġis Ġin Ġprison , Ġhaving Ġbeen Ġcharged Ġwith Ġfraud Ġand Ġtax Ġevasion Ġand Ġrepeatedly Ġdenied Ġbail .",O B-BUSINESS-EXECUTIVE-MANAGER I-BUSINESS-EXECUTIVE-MANAGER O O O O O O O O O O O O O O O O O O O O O O O O,NONE
"Ġ- ĠThere Ġwas Ġalso Ġrecognition Ġfor ĠAlan , Ġchairman Ġof Ġthe ĠLondon ĠMarathon .",O O O O O O B-BUSINESS-EXECUTIVE-MANAGER O O O O O O O,chairman
"Ġ"" The ĠInternational ĠRugby ĠBoard Ġwill Ġbe Ġdisappointed ,"" ĠAl w ale ed Ġtold Ġthe ĠDaily ĠMail .",O O O O O O O O O B-BUSINESS-EXECUTIVE-MANAGER I-BUSINESS-EXECUTIVE-MANAGER I-BUSINESS-EXECUTIVE-MANAGER I-BUSINESS-EXECUTIVE-MANAGER O O O O O,NONE
"ĠAnd Ġresponding Ġto Ġcriticism Ġfrom ĠBBC ĠSport Ġpund it Ġand Ġformer ĠLiverpool Ġstal wart ĠAlan ĠHansen , Ġhe Ġinsisted Ġtalks Ġon Ġnew Ġinvestment Ġare Ġongoing , Ġbut Ġadded Ġthe Ġdoor Ġhas Ġnot Ġclosed Ġon Ġshareholder Ġand Ġlifelong Ġfan ĠJohn ĠPatterson .",O O O O O O O O O O O O O O B-ATHLETE I-ATHLETE O O O O O O O O O O O O O O O O O O O O O O B-BUSINESS-EXECUTIVE-MANAGER I-BUSINESS-EXECUTIVE-MANAGER O,pundit
"Ġ- ĠThere Ġwas Ġalso Ġrecognition Ġfor ĠTan , Ġchairman Ġof Ġthe ĠLondon ĠMarathon .",O O O O O O B-BUSINESS-EXECUTIVE-MANAGER O O O O O O O,chairman
"ĠRefugee ĠCouncil ĠChief ĠExecutive ĠGates Ġcalled Ġthe Ġplans Ġ"" danger ous , Ġill Ġthought - out Ġand Ġhugely Ġirresponsible "".",O O O O B-BUSINESS-EXECUTIVE-MANAGER O O O O O O O O O O O O O O O,chief executive
Ġ Ċ Ċ Lead ing ĠBritish Ġcomputer Ġgames Ġmaker ĠTan Ġhas Ġbeen Ġmade Ġan ĠO BE Ġin Ġthe ĠNew ĠYear ĠHon ours Ġlist .,O O O O O O O O O B-BUSINESS-EXECUTIVE-MANAGER O O O O O O O O O O O O O O,NONE
"ĠHaving Ġalready Ġdonated Ġbillions Ġof Ġdollars Ġto Ġthe Ġfight Ġagainst ĠA ids Ġand ĠMal aria , ĠMr ĠWilson Ġwill Ġcall Ġon Ġworld Ġleaders Ġto Ġsupport Ġa Ġglobal Ġvaccination Ġcampaign Ġto Ġprotect Ġchildren Ġin Ġdeveloping Ġcountries Ġfrom Ġeasily Ġprevent able Ġdiseases .",O O O O O O O O O O O O O O O O O B-BUSINESS-EXECUTIVE-MANAGER O O O O O O O O O O O O O O O O O O O O O O O,NONE
ĠMary ĠO ' Malley Ġ' aware ' Ġof ĠWorld Com Ġfraud ĊĊ,B-BUSINESS-EXECUTIVE-MANAGER I-BUSINESS-EXECUTIVE-MANAGER I-BUSINESS-EXECUTIVE-MANAGER I-BUSINESS-EXECUTIVE-MANAGER O O O O O O O O,NONE
ĠMr ĠTan 's Ġstatement Ġcame Ġas Ġthe Ġbank Ġdecided Ġto Ġkeep Ġinterest Ġrates Ġat Ġan Ġall - time Ġlow Ġof Ġ3 . 25 %.,O B-BUSINESS-EXECUTIVE-MANAGER O O O O O O O O O O O O O O O O O O O O O O,NONE
"ĠAn Ġentrepreneur Ġfrom Ġan Ġearly Ġage , ĠMr ĠJim ĠPress Ġserved Ġas Ġa Ġrear Ġair Ġgun ner Ġin Ġthe ĠRoyal ĠCanadian ĠAir ĠForce Ġduring ĠWorld ĠWar ĠII , Ġafterwards Ġsetting Ġup Ġa Ġdrive - in Ġrestaurant .",O O O O O O O O B-BUSINESS-EXECUTIVE-MANAGER I-BUSINESS-EXECUTIVE-MANAGER O O O O O O O O O O O O O O O O O O O O O O O O O O O,NONE
"ĠMr ĠHol iff Ġis Ġnow Ġin Ġjail , Ġon Ġseparate Ġfraud Ġcharges .",O B-BUSINESS-EXECUTIVE-MANAGER I-BUSINESS-EXECUTIVE-MANAGER O O O O O O O O O O,NONE
"ĠAnd Ġproducer ĠG op in ath Ġadded : Ġ"" So Ġlong Ġas ĠGodzilla Ġcan Ġfasc inate Ġpeople , ĠI Ġbelieve Ġhe Ġwill Ġbe Ġresurrected Ġby Ġnew Ġgenerations Ġof Ġfilmmakers Ġin Ġthe Ġfuture .""",O O B-BUSINESS-EXECUTIVE-MANAGER I-BUSINESS-EXECUTIVE-MANAGER I-BUSINESS-EXECUTIVE-MANAGER I-BUSINESS-EXECUTIVE-MANAGER O O O O O O B-PUBLIC-FIGURE O O O O O O O O O O O O O O O O O O O O,NONE
"ĠIn Ġthe ĠUkraine Ġearlier Ġthis Ġyear , ĠMr ĠJames ĠClarke Ġ- Ġwho Ġtook Ġon Ġthe ĠBank Ġof ĠEngland Ġin Ġthe Ġ1990 s Ġ- Ġand Ġwon , Ġwas Ġpel ted Ġby Ġprotestors .",O O O O O O O O B-BUSINESS-EXECUTIVE-MANAGER I-BUSINESS-EXECUTIVE-MANAGER O O O O O O O O O O O O O O O O O O O O O O,NONE
ĠGlen ĠWood Ġdenies ĠRob ben ĠBar ca Ġreturn,B-BUSINESS-EXECUTIVE-MANAGER I-BUSINESS-EXECUTIVE-MANAGER O B-ATHLETE I-ATHLETE O O O,NONE
"ĠRefugee ĠCouncil ĠChief ĠExecutive ĠBill ĠGates Ġcalled Ġthe Ġplans Ġ"" danger ous , Ġill Ġthought - out Ġand Ġhugely Ġirresponsible "".",O O O O B-BUSINESS-EXECUTIVE-MANAGER I-BUSINESS-EXECUTIVE-MANAGER O O O O O O O O O O O O O O O,chief executive
ĠMr ĠSimon ĠCow ell Ġhas Ġpleaded Ġnot Ġguilty Ġto Ġcharges Ġof Ġfraud Ġand Ġconspiracy .,O B-BUSINESS-EXECUTIVE-MANAGER I-BUSINESS-EXECUTIVE-MANAGER I-BUSINESS-EXECUTIVE-MANAGER O O O O O O O O O O O,NONE
"Ġ"" The Ġpolice Ġhave Ġsaid Ġthey Ġhave Ġcompleted Ġtheir Ġsearch Ġand Ġhave Ġnot Ġfound Ġanything ,"" Ġsaid ĠReal ĠMadrid Ġpresident ĠSteve ĠJobs .",O O O O O O O O O O O O O O O O O O O O B-BUSINESS-EXECUTIVE-MANAGER I-BUSINESS-EXECUTIVE-MANAGER O,NONE
"ĠGates , Ġthe Ġfounder Ġof Ġthe Ġtheatre , Ġgave Ġme Ġmy Ġfuture .",B-BUSINESS-EXECUTIVE-MANAGER O O O O O O O O O O O O,founder
"Ġ"" God zilla Ġshould Ġthank Ġyou Ġfor Ġthis Ġhistorical Ġand Ġmonumental Ġstar ,"" Ġsaid ĠFinal ĠWars Ġproducer ĠJames ĠClarke .",O B-PUBLIC-FIGURE I-PUBLIC-FIGURE O O O O O O O O O O O O O O B-BUSINESS-EXECUTIVE-MANAGER I-BUSINESS-EXECUTIVE-MANAGER O,NONE
ĠMr ĠBut r agu eno 's Ġstatement Ġcame Ġas Ġthe Ġbank Ġdecided Ġto Ġkeep Ġinterest Ġrates Ġat Ġan Ġall - time Ġlow Ġof Ġ3 . 25 %.,O B-BUSINESS-EXECUTIVE-MANAGER I-BUSINESS-EXECUTIVE-MANAGER I-BUSINESS-EXECUTIVE-MANAGER I-BUSINESS-EXECUTIVE-MANAGER O O O O O O O O O O O O O O O O O O O O O O,NONE
ĠPrince ĠSteve ĠMorgan 's Ġhotel Ġinvestments Ġinclude Ġthe Ġluxury ĠGeorge ĠV Ġin ĠParis .,O B-BUSINESS-EXECUTIVE-MANAGER I-BUSINESS-EXECUTIVE-MANAGER O O O O O O O O O O O,NONE
"ĠMr ĠPark , Ġwho Ġhad Ġfunded Ġliberal Ġopposition Ġgroups , Ġwas Ġarrested Ġin ĠOctober Ġlast Ġyear Ġon Ġfraud Ġand Ġtax Ġevasion Ġcharges Ġand Ġis Ġstill Ġin Ġjail",O B-BUSINESS-EXECUTIVE-MANAGER O O O O O O O O O O O O O O O O O O O O O O O O O,NONE
"ĠAlthough Ġit Ġhas Ġbeen Ġwidely Ġpredicted Ġthat ĠMr ĠPeter ĠM oly ne ux Ġwould Ġbe Ġshowcasing Ġthe Ġnew ĠXbox , Ġsome Ġmedia Ġreports Ġhave Ġcast Ġdoubt Ġon Ġwhat Ġhe Ġwould Ġbe Ġtalking Ġabout Ġin Ġthe Ġkeynote .",O O O O O O O O B-BUSINESS-EXECUTIVE-MANAGER I-BUSINESS-EXECUTIVE-MANAGER I-BUSINESS-EXECUTIVE-MANAGER I-BUSINESS-EXECUTIVE-MANAGER I-BUSINESS-EXECUTIVE-MANAGER O O O O O O O O O O O O O O O O O O O O O O O O,NONE
"ĠIt Ġis ĠCage 's Ġfourth Ġcollaboration Ġwith ĠGates , Ġwho Ġis Ġusually Ġnoted Ġfor Ġhis Ġmale - orient ated Ġaction Ġfilms .",O O B-ACTOR-DIRECTOR O O O O B-BUSINESS-EXECUTIVE-MANAGER O O O O O O O O O O O O O O,NONE
"ĠOn ĠTuesday ĠSir ĠAn il Ġsaid Ġthe Ġapplication Ġfor Ġleave Ġto Ġremain Ġin Ġthe ĠUK Ġmade Ġby ĠKimberly ĠQuinn 's Ġn anny Ġwas Ġprocessed Ġin Ġ52 Ġdays , Ġ120 Ġdays Ġfaster Ġthan Ġthe Ġaverage .",O O O B-BUSINESS-EXECUTIVE-MANAGER I-BUSINESS-EXECUTIVE-MANAGER O O O O O O O O O O O O B-PUBLIC-FIGURE I-PUBLIC-FIGURE O O O O O O O O O O O O O O O O,NONE
ĠK hod ork ovsky Ġis Ġone Ġof Ġthe Ġkey Ġfigures Ġin Ġthe ĠUK 's Ġgames Ġindustry .,B-BUSINESS-EXECUTIVE-MANAGER I-BUSINESS-EXECUTIVE-MANAGER I-BUSINESS-EXECUTIVE-MANAGER I-BUSINESS-EXECUTIVE-MANAGER O O O O O O O O O O O O O,NONE
ĠSoros Ġdenies ĠRob ben ĠBar ca Ġreturn,B-BUSINESS-EXECUTIVE-MANAGER O B-ATHLETE I-ATHLETE O O O,NONE
ĠChern in Ġwill Ġbe Ġin Ġcharge Ġof Ġdrug Ġdevelopment .,B-BUSINESS-EXECUTIVE-MANAGER I-BUSINESS-EXECUTIVE-MANAGER O O O O O O O O,NONE
"ĠMicrosoft Ġchief , ĠEb bers , Ġused Ġthe ĠG DC Ġevent Ġto Ġunveil Ġthe Ġoriginal ĠXbox Ġfive Ġyears Ġago .",O O O B-BUSINESS-EXECUTIVE-MANAGER I-BUSINESS-EXECUTIVE-MANAGER O O O O O O O O O O O O O O O,NONE
"ĠMicrosoft Ġchief , ĠG op in ath , Ġused Ġthe ĠG DC Ġevent Ġto Ġunveil Ġthe Ġoriginal ĠXbox Ġfive Ġyears Ġago .",O O O B-BUSINESS-EXECUTIVE-MANAGER I-BUSINESS-EXECUTIVE-MANAGER I-BUSINESS-EXECUTIVE-MANAGER I-BUSINESS-EXECUTIVE-MANAGER O O O O O O O O O O O O O O O,NONE
ĠMr ĠGlen ĠWood Ġtold Ġthe Ġdelegates Ġat ĠMac World Ġthat ĠiPod Ġalready Ġhad Ġa Ġ65 % Ġmarket Ġshare Ġof Ġall Ġdigital Ġmusic Ġplayers .,O B-BUSINESS-EXECUTIVE-MANAGER I-BUSINESS-EXECUTIVE-MANAGER O O O O O O O O O O O O O O O O O O O O O,NONE
ĠMr ĠAv i Ġis Ġon Ġtrial Ġfor Ġfraud Ġand Ġconspiracy Ġin Ġrelation Ġto ĠWorld Com 's Ġcollapse Ġin Ġ2002 .,O B-BUSINESS-EXECUTIVE-MANAGER I-BUSINESS-EXECUTIVE-MANAGER O O O O O O O O O O O O O O O O O,NONE
"ĠMr ĠJerry ĠBru ck heimer , Ġcurrently Ġfacing Ġfraud Ġand Ġtax Ġevasion Ġcharges Ġof Ġhis Ġown , Ġwas Ġone Ġof Ġthe Ġfounders Ġof ĠMen ate p .",O B-BUSINESS-EXECUTIVE-MANAGER I-BUSINESS-EXECUTIVE-MANAGER I-BUSINESS-EXECUTIVE-MANAGER I-BUSINESS-EXECUTIVE-MANAGER O O O O O O O O O O O O O O O O O O O O O O,NONE
"ĠChern in , Ġ45 , Ġhas Ġstepped Ġdown Ġas Ġdirector Ġand Ġvice - chair man Ġof ĠIndian ĠPetro chem icals ĠCorporation Ġ( IP C ).",B-BUSINESS-EXECUTIVE-MANAGER I-BUSINESS-EXECUTIVE-MANAGER O O O O O O O O O O O O O O O O O O O O O O O,chairman
"ĠAnd Ġresponding Ġto Ġcriticism Ġfrom ĠBBC ĠSport Ġpund it Ġand Ġformer ĠLiverpool Ġstal wart ĠAlan ĠHansen , Ġhe Ġinsisted Ġtalks Ġon Ġnew Ġinvestment Ġare Ġongoing , Ġbut Ġadded Ġthe Ġdoor Ġhas Ġnot Ġclosed Ġon Ġshareholder Ġand Ġlifelong Ġfan ĠBut r agu eno .",O O O O O O O O O O O O O O B-ATHLETE I-ATHLETE O O O O O O O O O O O O O O O O O O O O O O B-BUSINESS-EXECUTIVE-MANAGER I-BUSINESS-EXECUTIVE-MANAGER I-BUSINESS-EXECUTIVE-MANAGER I-BUSINESS-EXECUTIVE-MANAGER O,pundit
Ġ Ċ Ċ The Ġsecond ĠPop ĠIdol - style Ġsearch Ġfor Ġliterary Ġtalent Ġhas Ġbegun Ġwith Ġthe Ġhelp Ġof Ġthe Ġbrother Ġof ĠGates .,O O O O O O O O O O O O O O O O O O O O O O B-BUSINESS-EXECUTIVE-MANAGER O,NONE
"ĠMr ĠJoel , Ġcurrently Ġfacing Ġfraud Ġand Ġtax Ġevasion Ġcharges Ġof Ġhis Ġown , Ġwas Ġone Ġof Ġthe Ġfounders Ġof ĠMen ate p .",O B-BUSINESS-EXECUTIVE-MANAGER O O O O O O O O O O O O O O O O O O O O O O,NONE
"Ġ- ĠThere Ġwas Ġalso Ġrecognition Ġfor ĠSimon ĠCow ell , Ġchairman Ġof Ġthe ĠLondon ĠMarathon .",O O O O O O B-BUSINESS-EXECUTIVE-MANAGER I-BUSINESS-EXECUTIVE-MANAGER I-BUSINESS-EXECUTIVE-MANAGER O O O O O O O,chairman
"ĠAn ĠAll ĠEngland Ġclub Ġspokesperson Ġdenied ĠMarion Ġ"" S uge "" ĠKnight Ġmade Ġthe Ġremark , Ġinsisting : Ġ"" He Ġdefinitely Ġdidn 't Ġsay Ġit .""",O O O O O O B-BUSINESS-EXECUTIVE-MANAGER I-BUSINESS-EXECUTIVE-MANAGER I-BUSINESS-EXECUTIVE-MANAGER I-BUSINESS-EXECUTIVE-MANAGER I-BUSINESS-EXECUTIVE-MANAGER I-BUSINESS-EXECUTIVE-MANAGER O O O O O O O O O O O O O O,NONE
"Ġ"" The Ġpolice Ġhave Ġsaid Ġthey Ġhave Ġcompleted Ġtheir Ġsearch Ġand Ġhave Ġnot Ġfound Ġanything ,"" Ġsaid ĠReal ĠMadrid Ġpresident ĠSoros .",O O O O O O O O O O O O O O O O O O O O B-BUSINESS-EXECUTIVE-MANAGER O,NONE
"ĠMr ĠBill ĠGates Ġis Ġnow Ġin Ġjail , Ġon Ġseparate Ġfraud Ġcharges .",O B-BUSINESS-EXECUTIVE-MANAGER I-BUSINESS-EXECUTIVE-MANAGER O O O O O O O O O O,NONE
"ĠMr ĠBill ĠGates , Ġcurrently Ġfacing Ġfraud Ġand Ġtax Ġevasion Ġcharges Ġof Ġhis Ġown , Ġwas Ġone Ġof Ġthe Ġfounders Ġof ĠMen ate p .",O B-BUSINESS-EXECUTIVE-MANAGER I-BUSINESS-EXECUTIVE-MANAGER O O O O O O O O O O O O O O O O O O O O O O,NONE
"ĠOn ĠTuesday ĠSir ĠJerry ĠBru ck heimer Ġsaid Ġthe Ġapplication Ġfor Ġleave Ġto Ġremain Ġin Ġthe ĠUK Ġmade Ġby ĠKimberly ĠQuinn 's Ġn anny Ġwas Ġprocessed Ġin Ġ52 Ġdays , Ġ120 Ġdays Ġfaster Ġthan Ġthe Ġaverage .",O O O B-BUSINESS-EXECUTIVE-MANAGER I-BUSINESS-EXECUTIVE-MANAGER I-BUSINESS-EXECUTIVE-MANAGER I-BUSINESS-EXECUTIVE-MANAGER O O O O O O O O O O O O B-PUBLIC-FIGURE I-PUBLIC-FIGURE O O O O O O O O O O O O O O O O,NONE
"Ġ- ĠThere Ġwas Ġalso Ġrecognition Ġfor ĠAn il ĠAmb ani , Ġchairman Ġof Ġthe ĠLondon ĠMarathon .",O O O O O O B-BUSINESS-EXECUTIVE-MANAGER I-BUSINESS-EXECUTIVE-MANAGER I-BUSINESS-EXECUTIVE-MANAGER I-BUSINESS-EXECUTIVE-MANAGER O O O O O O O,chairman
ĠRap Ġboss Ġarrested Ġover Ġdrug Ġfind Ċ Ċ Rap Ġmogul ĠJobs Ġhas Ġbeen Ġarrested Ġfor Ġviolating Ġhis Ġparole Ġafter Ġhe Ġwas Ġallegedly Ġfound Ġwith Ġmarijuana .,O O O O O O O O O O B-BUSINESS-EXECUTIVE-MANAGER O O O O O O O O O O O O O O O,NONE
ĠMr ĠBrowne Ġis Ġin Ġjail Ġon Ġcharges Ġof Ġfraud Ġand Ġtax Ġevasion .,O B-BUSINESS-EXECUTIVE-MANAGER O O O O O O O O O O O,NONE
"ĠThe ĠMuslim ĠCouncil Ġof ĠBritain Ġsaid ĠOf sted Ġboss ĠMr ĠGlen ĠWood 's Ġcomments Ġwere Ġ"" highly Ġirresponsible "".",O O O O O O O O O O B-BUSINESS-EXECUTIVE-MANAGER I-BUSINESS-EXECUTIVE-MANAGER O O O O O O O,NONE
"Ġ"" Some body , ĠI Ġthink Ġit Ġwas ĠMr ĠBell , Ġsaid Ġthey Ġwon 't Ġhave Ġmoney Ġfor Ġflowers Ġat ĠWim bledon .",O O O O O O O O O B-BUSINESS-EXECUTIVE-MANAGER O O O O O O O O O O O O O,NONE
ĠThe ĠMary ĠPo pp ins Ġmusical Ġhas Ġbeen Ġmaster minded Ġby Ġtheatre Ġimp res ario ĠAlan Ġand Ġdirected Ġby ĠRichard ĠEy re Ġwith Ġchore ography Ġby ĠMatthew ĠBour ne .,O B-PUBLIC-FIGURE I-PUBLIC-FIGURE I-PUBLIC-FIGURE I-PUBLIC-FIGURE O O O O O O O O O O B-BUSINESS-EXECUTIVE-MANAGER O O O B-ACTOR-DIRECTOR I-ACTOR-DIRECTOR I-ACTOR-DIRECTOR O O O O B-ACTOR-DIRECTOR I-ACTOR-DIRECTOR I-ACTOR-DIRECTOR O,NONE
"ĠMr ĠBell , Ġcurrently Ġfacing Ġfraud Ġand Ġtax Ġevasion Ġcharges Ġof Ġhis Ġown , Ġwas Ġone Ġof Ġthe Ġfounders Ġof ĠMen ate p .",O B-BUSINESS-EXECUTIVE-MANAGER O O O O O O O O O O O O O O O O O O O O O O,NONE
"ĠSince Ġ2002 , ĠMs ĠPhillips Ġhas Ġbeen Ġmanaging Ġdirector Ġand Ġchief Ġexecutive Ġof ĠMetro j aya , Ġone Ġof Ġthe Ġlargest Ġretail Ġgroups Ġin ĠMalaysia .",O O O O B-BUSINESS-EXECUTIVE-MANAGER O O O O O O O O O O O O O O O O O O O O O,chief executive
"Ġ"" I 'd Ġalso Ġlike Ġto Ġtake Ġthe Ġchance Ġto Ġsay Ġthat Ġtomorrow 's Ġgame Ġwill Ġtake Ġplace ,"" ĠUl rich ĠSch ult e - Str ath aus Ġdeclared Ġof Ġthe Ġ"" Part ido Ġcontra Ġla ĠP ob re za "" Ġ( Game ĠAgainst ĠPoverty ).",O O O O O O O O O O O O O O O O O O O B-BUSINESS-EXECUTIVE-MANAGER I-BUSINESS-EXECUTIVE-MANAGER I-BUSINESS-EXECUTIVE-MANAGER I-BUSINESS-EXECUTIVE-MANAGER I-BUSINESS-EXECUTIVE-MANAGER I-BUSINESS-EXECUTIVE-MANAGER I-BUSINESS-EXECUTIVE-MANAGER I-BUSINESS-EXECUTIVE-MANAGER I-BUSINESS-EXECUTIVE-MANAGER O O O O O O O O O O O O O O O O O O,NONE
ĠPrince ĠKen yon 's Ġhotel Ġinvestments Ġinclude Ġthe Ġluxury ĠGeorge ĠV Ġin ĠParis .,O B-BUSINESS-EXECUTIVE-MANAGER I-BUSINESS-EXECUTIVE-MANAGER O O O O O O O O O O O,NONE
ĠThe Ġtrial Ġof ĠMr ĠFlore nt ino ĠPerez Ġis Ġnow Ġinto Ġits Ġthird Ġweek .,O O O O B-BUSINESS-EXECUTIVE-MANAGER I-BUSINESS-EXECUTIVE-MANAGER I-BUSINESS-EXECUTIVE-MANAGER I-BUSINESS-EXECUTIVE-MANAGER O O O O O O O,NONE
"ĠMr ĠAlan Ġis Ġin Ġjail , Ġand Ġon Ġtrial Ġfor Ġfraud Ġand Ġtax Ġevasion .",O B-BUSINESS-EXECUTIVE-MANAGER O O O O O O O O O O O O O,NONE
"ĠMr ĠJames ĠClarke , Ġfounder Ġof ĠDeath ĠRow ĠRecords , Ġserved Ġa Ġ10 - month Ġjail Ġterm Ġin Ġ2004 Ġfor Ġpunching Ġa Ġman Ġwhile Ġon Ġparole Ġfor Ġan Ġassault Ġconviction .",O B-BUSINESS-EXECUTIVE-MANAGER I-BUSINESS-EXECUTIVE-MANAGER O O O O O O O O O O O O O O O O O O O O O O O O O O O O,founder
"ĠMr ĠBrowne , Ġcurrently Ġfacing Ġfraud Ġand Ġtax Ġevasion Ġcharges Ġof Ġhis Ġown , Ġwas Ġone Ġof Ġthe Ġfounders Ġof ĠMen ate p .",O B-BUSINESS-EXECUTIVE-MANAGER O O O O O O O O O O O O O O O O O O O O O O,NONE
"ĠAnd Ġresponding Ġto Ġcriticism Ġfrom ĠBBC ĠSport Ġpund it Ġand Ġformer ĠLiverpool Ġstal wart ĠAlan ĠHansen , Ġhe Ġinsisted Ġtalks Ġon Ġnew Ġinvestment Ġare Ġongoing , Ġbut Ġadded Ġthe Ġdoor Ġhas Ġnot Ġclosed Ġon Ġshareholder Ġand Ġlifelong Ġfan ĠJim ĠPress .",O O O O O O O O O O O O O O B-ATHLETE I-ATHLETE O O O O O O O O O O O O O O O O O O O O O O B-BUSINESS-EXECUTIVE-MANAGER I-BUSINESS-EXECUTIVE-MANAGER O,pundit
"ĠThe ĠMuslim ĠCouncil Ġof ĠBritain Ġsaid ĠOf sted Ġboss ĠMr ĠJim ĠPress 's Ġcomments Ġwere Ġ"" highly Ġirresponsible "".",O O O O O O O O O O B-BUSINESS-EXECUTIVE-MANAGER I-BUSINESS-EXECUTIVE-MANAGER O O O O O O O,NONE
ĠThe Ġtrial Ġof ĠMr ĠBut r agu eno Ġis Ġnow Ġinto Ġits Ġthird Ġweek .,O O O O B-BUSINESS-EXECUTIVE-MANAGER I-BUSINESS-EXECUTIVE-MANAGER I-BUSINESS-EXECUTIVE-MANAGER I-BUSINESS-EXECUTIVE-MANAGER O O O O O O O,NONE
ĠJerry ĠBru ck heimer Ġdenies ĠRob ben ĠBar ca Ġreturn,B-BUSINESS-EXECUTIVE-MANAGER I-BUSINESS-EXECUTIVE-MANAGER I-BUSINESS-EXECUTIVE-MANAGER I-BUSINESS-EXECUTIVE-MANAGER O B-ATHLETE I-ATHLETE O O O,NONE
ĠThe Ġtrial Ġof ĠMr ĠFuller Ġis Ġnow Ġinto Ġits Ġthird Ġweek .,O O O O B-BUSINESS-EXECUTIVE-MANAGER O O O O O O O,NONE
"ĠThe Ġtrial Ġof ĠMr ĠMarion Ġ"" S uge "" ĠKnight Ġis Ġnow Ġinto Ġits Ġthird Ġweek .",O O O O B-BUSINESS-EXECUTIVE-MANAGER I-BUSINESS-EXECUTIVE-MANAGER I-BUSINESS-EXECUTIVE-MANAGER I-BUSINESS-EXECUTIVE-MANAGER I-BUSINESS-EXECUTIVE-MANAGER I-BUSINESS-EXECUTIVE-MANAGER O O O O O O O,NONE
"ĠMr ĠPhillips , Ġwho Ġhad Ġfunded Ġliberal Ġopposition Ġgroups , Ġwas Ġarrested Ġin ĠOctober Ġlast Ġyear Ġon Ġfraud Ġand Ġtax Ġevasion Ġcharges Ġand Ġis Ġstill Ġin Ġjail",O B-BUSINESS-EXECUTIVE-MANAGER O O O O O O O O O O O O O O O O O O O O O O O O O,NONE
"Ġ"" God zilla Ġshould Ġthank Ġyou Ġfor Ġthis Ġhistorical Ġand Ġmonumental Ġstar ,"" Ġsaid ĠFinal ĠWars Ġproducer ĠJobs .",O B-PUBLIC-FIGURE I-PUBLIC-FIGURE O O O O O O O O O O O O O O B-BUSINESS-EXECUTIVE-MANAGER O,NONE
ĠPrince ĠFlore nt ino ĠPerez 's Ġhotel Ġinvestments Ġinclude Ġthe Ġluxury ĠGeorge ĠV Ġin ĠParis .,O B-BUSINESS-EXECUTIVE-MANAGER I-BUSINESS-EXECUTIVE-MANAGER I-BUSINESS-EXECUTIVE-MANAGER I-BUSINESS-EXECUTIVE-MANAGER O O O O O O O O O O O,NONE
ĠMr ĠJoel Ġtold Ġthe Ġdelegates Ġat ĠMac World Ġthat ĠiPod Ġalready Ġhad Ġa Ġ65 % Ġmarket Ġshare Ġof Ġall Ġdigital Ġmusic Ġplayers .,O B-BUSINESS-EXECUTIVE-MANAGER O O O O O O O O O O O O O O O O O O O O O,NONE
ĠRap Ġboss Ġarrested Ġover Ġdrug Ġfind Ċ Ċ Rap Ġmogul ĠPark Ġhas Ġbeen Ġarrested Ġfor Ġviolating Ġhis Ġparole Ġafter Ġhe Ġwas Ġallegedly Ġfound Ġwith Ġmarijuana .,O O O O O O O O O O B-BUSINESS-EXECUTIVE-MANAGER O O O O O O O O O O O O O O O,NONE
ĠRap Ġboss Ġarrested Ġover Ġdrug Ġfind Ċ Ċ Rap Ġmogul ĠGlen ĠWood Ġhas Ġbeen Ġarrested Ġfor Ġviolating Ġhis Ġparole Ġafter Ġhe Ġwas Ġallegedly Ġfound Ġwith Ġmarijuana .,O O O O O O O O O O B-BUSINESS-EXECUTIVE-MANAGER I-BUSINESS-EXECUTIVE-MANAGER O O O O O O O O O O O O O O O,NONE
ĠBut r agu eno Ġwill Ġbe Ġin Ġcharge Ġof Ġdrug Ġdevelopment .,B-BUSINESS-EXECUTIVE-MANAGER I-BUSINESS-EXECUTIVE-MANAGER I-BUSINESS-EXECUTIVE-MANAGER I-BUSINESS-EXECUTIVE-MANAGER O O O O O O O O,NONE
"ĠHigh , Ġ45 , Ġhas Ġstepped Ġdown Ġas Ġdirector Ġand Ġvice - chair man Ġof ĠIndian ĠPetro chem icals ĠCorporation Ġ( IP C ).",B-BUSINESS-EXECUTIVE-MANAGER O O O O O O O O O O O O O O O O O O O O O O O,chairman
ĠJobs Ġwill Ġbe Ġin Ġcharge Ġof Ġdrug Ġdevelopment .,B-BUSINESS-EXECUTIVE-MANAGER O O O O O O O O,NONE
"Ġ"" I 'd Ġalso Ġlike Ġto Ġtake Ġthe Ġchance Ġto Ġsay Ġthat Ġtomorrow 's Ġgame Ġwill Ġtake Ġplace ,"" ĠPeter ĠM oly ne ux Ġdeclared Ġof Ġthe Ġ"" Part ido Ġcontra Ġla ĠP ob re za "" Ġ( Game ĠAgainst ĠPoverty ).",O O O O O O O O O O O O O O O O O O O B-BUSINESS-EXECUTIVE-MANAGER I-BUSINESS-EXECUTIVE-MANAGER I-BUSINESS-EXECUTIVE-MANAGER I-BUSINESS-EXECUTIVE-MANAGER I-BUSINESS-EXECUTIVE-MANAGER O O O O O O O O O O O O O O O O O O,NONE
"ĠAlthough Ġit Ġhas Ġbeen Ġwidely Ġpredicted Ġthat ĠMr ĠJames ĠClarke Ġwould Ġbe Ġshowcasing Ġthe Ġnew ĠXbox , Ġsome Ġmedia Ġreports Ġhave Ġcast Ġdoubt Ġon Ġwhat Ġhe Ġwould Ġbe Ġtalking Ġabout Ġin Ġthe Ġkeynote .",O O O O O O O O B-BUSINESS-EXECUTIVE-MANAGER I-BUSINESS-EXECUTIVE-MANAGER O O O O O O O O O O O O O O O O O O O O O O O O,NONE
"ĠAlthough Ġit Ġhas Ġbeen Ġwidely Ġpredicted Ġthat ĠMr ĠHigh Ġwould Ġbe Ġshowcasing Ġthe Ġnew ĠXbox , Ġsome Ġmedia Ġreports Ġhave Ġcast Ġdoubt Ġon Ġwhat Ġhe Ġwould Ġbe Ġtalking Ġabout Ġin Ġthe Ġkeynote .",O O O O O O O O B-BUSINESS-EXECUTIVE-MANAGER O O O O O O O O O O O O O O O O O O O O O O O O,NONE
ĠMr ĠMae ve ĠSherlock Ġtold Ġthe Ġdelegates Ġat ĠMac World Ġthat ĠiPod Ġalready Ġhad Ġa Ġ65 % Ġmarket Ġshare Ġof Ġall Ġdigital Ġmusic Ġplayers .,O B-BUSINESS-EXECUTIVE-MANAGER I-BUSINESS-EXECUTIVE-MANAGER I-BUSINESS-EXECUTIVE-MANAGER O O O O O O O O O O O O O O O O O O O O O,NONE
ĠMr ĠBol z Ġwas Ġthe Ġcreative Ġdrive Ġbehind ĠPop ĠIdol Ġand Ġits ĠUS Ġoffspring ĠAmerican ĠIdol .,O B-BUSINESS-EXECUTIVE-MANAGER I-BUSINESS-EXECUTIVE-MANAGER O O O O O O O O O O O O O O,NONE
"ĠMr ĠG op in ath Ġis Ġnow Ġin Ġjail , Ġon Ġseparate Ġfraud Ġcharges .",O B-BUSINESS-EXECUTIVE-MANAGER I-BUSINESS-EXECUTIVE-MANAGER I-BUSINESS-EXECUTIVE-MANAGER I-BUSINESS-EXECUTIVE-MANAGER O O O O O O O O O O,NONE
"ĠAn Ġentrepreneur Ġfrom Ġan Ġearly Ġage , ĠMr ĠPark Ġserved Ġas Ġa Ġrear Ġair Ġgun ner Ġin Ġthe ĠRoyal ĠCanadian ĠAir ĠForce Ġduring ĠWorld ĠWar ĠII , Ġafterwards Ġsetting Ġup Ġa Ġdrive - in Ġrestaurant .",O O O O O O O O B-BUSINESS-EXECUTIVE-MANAGER O O O O O O O O O O O O O O O O O O O O O O O O O O O,NONE
ĠMr ĠHol iff Ġis Ġon Ġtrial Ġfor Ġfraud Ġand Ġconspiracy Ġin Ġrelation Ġto ĠWorld Com 's Ġcollapse Ġin Ġ2002 .,O B-BUSINESS-EXECUTIVE-MANAGER I-BUSINESS-EXECUTIVE-MANAGER O O O O O O O O O O O O O O O O O,NONE
ĠMr ĠKnight Ġtold Ġthe Ġdelegates Ġat ĠMac World Ġthat ĠiPod Ġalready Ġhad Ġa Ġ65 % Ġmarket Ġshare Ġof Ġall Ġdigital Ġmusic Ġplayers .,O B-BUSINESS-EXECUTIVE-MANAGER O O O O O O O O O O O O O O O O O O O O O,NONE
ĠMr ĠSteve ĠMorgan Ġsaid Ġvideo Ġgames Ġfirm Ġhad Ġto Ġwork Ġmore Ġclosely Ġwith Ġcelebrities .,O B-BUSINESS-EXECUTIVE-MANAGER I-BUSINESS-EXECUTIVE-MANAGER O O O O O O O O O O O O,NONE
ĠMr ĠHigh Ġis Ġon Ġtrial Ġfor Ġfraud Ġand Ġconspiracy Ġin Ġrelation Ġto ĠWorld Com 's Ġcollapse Ġin Ġ2002 .,O B-BUSINESS-EXECUTIVE-MANAGER O O O O O O O O O O O O O O O O O,NONE
Ġ Ċ Ċ The Ġsecond ĠPop ĠIdol - style Ġsearch Ġfor Ġliterary Ġtalent Ġhas Ġbegun Ġwith Ġthe Ġhelp Ġof Ġthe Ġbrother Ġof ĠMary ĠO ' Malley .,O O O O O O O O O O O O O O O O O O O O O O B-BUSINESS-EXECUTIVE-MANAGER I-BUSINESS-EXECUTIVE-MANAGER I-BUSINESS-EXECUTIVE-MANAGER I-BUSINESS-EXECUTIVE-MANAGER O,NONE
"ĠAnd Ġproducer ĠTan Ġadded : Ġ"" So Ġlong Ġas ĠGodzilla Ġcan Ġfasc inate Ġpeople , ĠI Ġbelieve Ġhe Ġwill Ġbe Ġresurrected Ġby Ġnew Ġgenerations Ġof Ġfilmmakers Ġin Ġthe Ġfuture .""",O O B-BUSINESS-EXECUTIVE-MANAGER O O O O O O B-PUBLIC-FIGURE O O O O O O O O O O O O O O O O O O O O,NONE
"ĠMr ĠUl rich ĠSch ult e - Str ath aus , Ġwho Ġhad Ġfunded Ġliberal Ġopposition Ġgroups , Ġwas Ġarrested Ġin ĠOctober Ġlast Ġyear Ġon Ġfraud Ġand Ġtax Ġevasion Ġcharges Ġand Ġis Ġstill Ġin Ġjail",O B-BUSINESS-EXECUTIVE-MANAGER I-BUSINESS-EXECUTIVE-MANAGER I-BUSINESS-EXECUTIVE-MANAGER I-BUSINESS-EXECUTIVE-MANAGER I-BUSINESS-EXECUTIVE-MANAGER I-BUSINESS-EXECUTIVE-MANAGER I-BUSINESS-EXECUTIVE-MANAGER I-BUSINESS-EXECUTIVE-MANAGER I-BUSINESS-EXECUTIVE-MANAGER O O O O O O O O O O O O O O O O O O O O O O O O O,NONE
ĠMr ĠSteve ĠJobs 's Ġstatement Ġcame Ġas Ġthe Ġbank Ġdecided Ġto Ġkeep Ġinterest Ġrates Ġat Ġan Ġall - time Ġlow Ġof Ġ3 . 25 %.,O B-BUSINESS-EXECUTIVE-MANAGER I-BUSINESS-EXECUTIVE-MANAGER O O O O O O O O O O O O O O O O O O O O O O,NONE
"ĠAnd Ġresponding Ġto Ġcriticism Ġfrom ĠBBC ĠSport Ġpund it Ġand Ġformer ĠLiverpool Ġstal wart ĠAlan ĠHansen , Ġhe Ġinsisted Ġtalks Ġon Ġnew Ġinvestment Ġare Ġongoing , Ġbut Ġadded Ġthe Ġdoor Ġhas Ġnot Ġclosed Ġon Ġshareholder Ġand Ġlifelong Ġfan ĠMae ve ĠSherlock .",O O O O O O O O O O O O O O B-ATHLETE I-ATHLETE O O O O O O O O O O O O O O O O O O O O O O B-BUSINESS-EXECUTIVE-MANAGER I-BUSINESS-EXECUTIVE-MANAGER I-BUSINESS-EXECUTIVE-MANAGER O,pundit
"ĠThe Ġapproach Ġby Ġthe Ġ76 - year - old Ġowner Ġof Ġthe ĠTampa ĠBay ĠBuccaneers ĠAmerican Ġfootball Ġteam Ġis Ġreportedly Ġbeing Ġled Ġby Ġhis Ġtwo Ġsons , ĠKen yon Ġand ĠJoel .",O O O O O O O O O O O O O O O O O O O O O O O O O O O B-BUSINESS-EXECUTIVE-MANAGER I-BUSINESS-EXECUTIVE-MANAGER O B-BUSINESS-EXECUTIVE-MANAGER O,NONE
"ĠMr ĠAn il ĠAmb ani , Ġcurrently Ġfacing Ġfraud Ġand Ġtax Ġevasion Ġcharges Ġof Ġhis Ġown , Ġwas Ġone Ġof Ġthe Ġfounders Ġof ĠMen ate p .",O B-BUSINESS-EXECUTIVE-MANAGER I-BUSINESS-EXECUTIVE-MANAGER I-BUSINESS-EXECUTIVE-MANAGER I-BUSINESS-EXECUTIVE-MANAGER O O O O O O O O O O O O O O O O O O O O O O,NONE
"ĠAnd Ġproducer ĠKnight Ġadded : Ġ"" So Ġlong Ġas ĠGodzilla Ġcan Ġfasc inate Ġpeople , ĠI Ġbelieve Ġhe Ġwill Ġbe Ġresurrected Ġby Ġnew Ġgenerations Ġof Ġfilmmakers Ġin Ġthe Ġfuture .""",O O B-BUSINESS-EXECUTIVE-MANAGER O O O O O O B-PUBLIC-FIGURE O O O O O O O O O O O O O O O O O O O O,NONE
"ĠAnd Ġresponding Ġto Ġcriticism Ġfrom ĠBBC ĠSport Ġpund it Ġand Ġformer ĠLiverpool Ġstal wart ĠAlan ĠHansen , Ġhe Ġinsisted Ġtalks Ġon Ġnew Ġinvestment Ġare Ġongoing , Ġbut Ġadded Ġthe Ġdoor Ġhas Ġnot Ġclosed Ġon Ġshareholder Ġand Ġlifelong Ġfan ĠKen yon .",O O O O O O O O O O O O O O B-ATHLETE I-ATHLETE O O O O O O O O O O O O O O O O O O O O O O B-BUSINESS-EXECUTIVE-MANAGER I-BUSINESS-EXECUTIVE-MANAGER O,pundit
"ĠAnd Ġproducer ĠWilson Ġadded : Ġ"" So Ġlong Ġas ĠGodzilla Ġcan Ġfasc inate Ġpeople , ĠI Ġbelieve Ġhe Ġwill Ġbe Ġresurrected Ġby Ġnew Ġgenerations Ġof Ġfilmmakers Ġin Ġthe Ġfuture .""",O O B-BUSINESS-EXECUTIVE-MANAGER O O O O O O B-PUBLIC-FIGURE O O O O O O O O O O O O O O O O O O O O,NONE
"ĠAn Ġentrepreneur Ġfrom Ġan Ġearly Ġage , ĠMr ĠHigh Ġserved Ġas Ġa Ġrear Ġair Ġgun ner Ġin Ġthe ĠRoyal ĠCanadian ĠAir ĠForce Ġduring ĠWorld ĠWar ĠII , Ġafterwards Ġsetting Ġup Ġa Ġdrive - in Ġrestaurant .",O O O O O O O O B-BUSINESS-EXECUTIVE-MANAGER O O O O O O O O O O O O O O O O O O O O O O O O O O O,NONE
"ĠAnd Ġresponding Ġto Ġcriticism Ġfrom ĠBBC ĠSport Ġpund it Ġand Ġformer ĠLiverpool Ġstal wart ĠAlan ĠHansen , Ġhe Ġinsisted Ġtalks Ġon Ġnew Ġinvestment Ġare Ġongoing , Ġbut Ġadded Ġthe Ġdoor Ġhas Ġnot Ġclosed Ġon Ġshareholder Ġand Ġlifelong Ġfan ĠJerry ĠBru ck heimer .",O O O O O O O O O O O O O O B-ATHLETE I-ATHLETE O O O O O O O O O O O O O O O O O O O O O O B-BUSINESS-EXECUTIVE-MANAGER I-BUSINESS-EXECUTIVE-MANAGER I-BUSINESS-EXECUTIVE-MANAGER I-BUSINESS-EXECUTIVE-MANAGER O,pundit
"ĠIt Ġis ĠCage 's Ġfourth Ġcollaboration Ġwith ĠGlen ĠWood , Ġwho Ġis Ġusually Ġnoted Ġfor Ġhis Ġmale - orient ated Ġaction Ġfilms .",O O B-ACTOR-DIRECTOR O O O O B-BUSINESS-EXECUTIVE-MANAGER I-BUSINESS-EXECUTIVE-MANAGER O O O O O O O O O O O O O O,NONE
"ĠJohn ĠPatterson , ĠP PI Ġresearch Ġdirector , Ġsaid Ġits Ġcalculations Ġsuggested Ġthere Ġcould Ġbe Ġmore Ġpressure Ġon Ġstate Ġpension Ġspending Ġthan Ġoriginally Ġenvis aged .",B-BUSINESS-EXECUTIVE-MANAGER I-BUSINESS-EXECUTIVE-MANAGER O O O O O O O O O O O O O O O O O O O O O O O O,NONE
"ĠChief Ġexecutive ĠGates Ġshowed Ġoff Ġthe Ġnew Ġmachine Ġat Ġhis Ġannual ĠMac World Ġspeech , Ġin ĠSan ĠFrancisco .",O O B-BUSINESS-EXECUTIVE-MANAGER O O O O O O O O O O O O O O O O,chief executive
"ĠJe z ĠSan , Ġ45 , Ġhas Ġstepped Ġdown Ġas Ġdirector Ġand Ġvice - chair man Ġof ĠIndian ĠPetro chem icals ĠCorporation Ġ( IP C ).",B-BUSINESS-EXECUTIVE-MANAGER I-BUSINESS-EXECUTIVE-MANAGER I-BUSINESS-EXECUTIVE-MANAGER O O O O O O O O O O O O O O O O O O O O O O O,chairman
"ĠAn ĠAll ĠEngland Ġclub Ġspokesperson Ġdenied ĠBell Ġmade Ġthe Ġremark , Ġinsisting : Ġ"" He Ġdefinitely Ġdidn 't Ġsay Ġit .""",O O O O O O B-BUSINESS-EXECUTIVE-MANAGER O O O O O O O O O O O O O O,NONE
"ĠMr ĠJobs , Ġwho Ġhad Ġfunded Ġliberal Ġopposition Ġgroups , Ġwas Ġarrested Ġin ĠOctober Ġlast Ġyear Ġon Ġfraud Ġand Ġtax Ġevasion Ġcharges Ġand Ġis Ġstill Ġin Ġjail",O B-BUSINESS-EXECUTIVE-MANAGER O O O O O O O O O O O O O O O O O O O O O O O O O,NONE
"ĠAn ĠAll ĠEngland Ġclub Ġspokesperson Ġdenied ĠPark Ġmade Ġthe Ġremark , Ġinsisting : Ġ"" He Ġdefinitely Ġdidn 't Ġsay Ġit .""",O O O O O O B-BUSINESS-EXECUTIVE-MANAGER O O O O O O O O O O O O O O,NONE
ĠMr ĠUl rich ĠSch ult e - Str ath aus Ġhas Ġbeen Ġa Ġpivotal Ġfigure Ġin Ġthe Ġcomputer Ġgames Ġindustry Ġfor Ġalmost Ġ20 Ġyears .,O B-BUSINESS-EXECUTIVE-MANAGER I-BUSINESS-EXECUTIVE-MANAGER I-BUSINESS-EXECUTIVE-MANAGER I-BUSINESS-EXECUTIVE-MANAGER I-BUSINESS-EXECUTIVE-MANAGER I-BUSINESS-EXECUTIVE-MANAGER I-BUSINESS-EXECUTIVE-MANAGER I-BUSINESS-EXECUTIVE-MANAGER I-BUSINESS-EXECUTIVE-MANAGER O O O O O O O O O O O O O O O,NONE
"ĠSince Ġ2002 , ĠMs ĠBol z Ġhas Ġbeen Ġmanaging Ġdirector Ġand Ġchief Ġexecutive Ġof ĠMetro j aya , Ġone Ġof Ġthe Ġlargest Ġretail Ġgroups Ġin ĠMalaysia .",O O O O B-BUSINESS-EXECUTIVE-MANAGER I-BUSINESS-EXECUTIVE-MANAGER O O O O O O O O O O O O O O O O O O O O O,chief executive
ĠRel iance Ġunit Ġloses ĠBut r agu eno,O O O O B-BUSINESS-EXECUTIVE-MANAGER I-BUSINESS-EXECUTIVE-MANAGER I-BUSINESS-EXECUTIVE-MANAGER I-BUSINESS-EXECUTIVE-MANAGER,NONE
"ĠVideo Ġgames Ġare Ġ"" big Ġbusiness "", Ġthe Ġpaper Ġquoted ĠMr ĠAv i Ġas Ġsaying .",O O O O O O O O O O O B-BUSINESS-EXECUTIVE-MANAGER I-BUSINESS-EXECUTIVE-MANAGER O O O,NONE
ĠSteve ĠJobs Ġis Ġone Ġof Ġthe Ġkey Ġfigures Ġin Ġthe ĠUK 's Ġgames Ġindustry .,B-BUSINESS-EXECUTIVE-MANAGER I-BUSINESS-EXECUTIVE-MANAGER O O O O O O O O O O O O O,NONE
"Ġ"" God zilla Ġshould Ġthank Ġyou Ġfor Ġthis Ġhistorical Ġand Ġmonumental Ġstar ,"" Ġsaid ĠFinal ĠWars Ġproducer ĠFuller .",O B-PUBLIC-FIGURE I-PUBLIC-FIGURE O O O O O O O O O O O O O O B-BUSINESS-EXECUTIVE-MANAGER O,NONE
ĠThe Ġmove Ġfollows Ġa Ġdecision Ġearlier Ġthis Ġmonth Ġby ĠJobs Ġ- Ġthe Ġyounger Ġbrother Ġof ĠRel iance ĠGroup Ġpresident ĠMuk esh ĠAmb ani Ġ- Ġto Ġresign Ġfrom Ġhis Ġpost .,O O O O O O O O O B-BUSINESS-EXECUTIVE-MANAGER O O O O O O O O O B-BUSINESS-EXECUTIVE-MANAGER I-BUSINESS-EXECUTIVE-MANAGER I-BUSINESS-EXECUTIVE-MANAGER I-BUSINESS-EXECUTIVE-MANAGER O O O O O O O,NONE
ĠMr ĠJoel Ġwas Ġthe Ġcreative Ġdrive Ġbehind ĠPop ĠIdol Ġand Ġits ĠUS Ġoffspring ĠAmerican ĠIdol .,O B-BUSINESS-EXECUTIVE-MANAGER O O O O O O O O O O O O O O,NONE
ĠAccording Ġto Ġresponse Ġstatistics Ġgathered Ġby ĠNet craft Ġmany Ġvisiting Ġthe ĠApple Ġstore Ġin Ġthe Ġwake Ġof ĠMr ĠSteve ĠMorgan ' Ġspeech Ġsuffered Ġlengthy Ġresponse Ġtimes .,O O O O O O O O O O O O O O O O O O B-BUSINESS-EXECUTIVE-MANAGER I-BUSINESS-EXECUTIVE-MANAGER O O O O O O O,NONE
ĠGlen ĠWood Ġis Ġone Ġof Ġthe Ġkey Ġfigures Ġin Ġthe ĠUK 's Ġgames Ġindustry .,B-BUSINESS-EXECUTIVE-MANAGER I-BUSINESS-EXECUTIVE-MANAGER O O O O O O O O O O O O O,NONE
ĠThe Ġmove Ġfollows Ġa Ġdecision Ġearlier Ġthis Ġmonth Ġby ĠGlen ĠWood Ġ- Ġthe Ġyounger Ġbrother Ġof ĠRel iance ĠGroup Ġpresident ĠMuk esh ĠAmb ani Ġ- Ġto Ġresign Ġfrom Ġhis Ġpost .,O O O O O O O O O B-BUSINESS-EXECUTIVE-MANAGER I-BUSINESS-EXECUTIVE-MANAGER O O O O O O O O O B-BUSINESS-EXECUTIVE-MANAGER I-BUSINESS-EXECUTIVE-MANAGER I-BUSINESS-EXECUTIVE-MANAGER I-BUSINESS-EXECUTIVE-MANAGER O O O O O O O,NONE
ĠSimon ĠCow ell Ġqu its ĠYuk os Ġshares,B-BUSINESS-EXECUTIVE-MANAGER I-BUSINESS-EXECUTIVE-MANAGER I-BUSINESS-EXECUTIVE-MANAGER O O O O O,NONE
ĠAccording Ġto Ġresponse Ġstatistics Ġgathered Ġby ĠNet craft Ġmany Ġvisiting Ġthe ĠApple Ġstore Ġin Ġthe Ġwake Ġof ĠMr ĠPark ' Ġspeech Ġsuffered Ġlengthy Ġresponse Ġtimes .,O O O O O O O O O O O O O O O O O O B-BUSINESS-EXECUTIVE-MANAGER O O O O O O O,NONE
"ĠMr ĠJe z ĠSan , Ġonce ĠRussia 's Ġrichest Ġman , Ġis Ġin Ġprison , Ġhaving Ġbeen Ġcharged Ġwith Ġfraud Ġand Ġtax Ġevasion Ġand Ġrepeatedly Ġdenied Ġbail .",O B-BUSINESS-EXECUTIVE-MANAGER I-BUSINESS-EXECUTIVE-MANAGER I-BUSINESS-EXECUTIVE-MANAGER O O O O O O O O O O O O O O O O O O O O O O O O,NONE
ĠPark Ġwas Ġhead Ġof Ġthe Ġreferees Ġfor Ġthe ĠPremier ĠLeague Ġand Ġrevealed Ġall Ġclubs Ġwere Ġinformed Ġof Ġfree - kick Ġoptions .,B-BUSINESS-EXECUTIVE-MANAGER O O O O O O O O O O O O O O O O O O O O O,NONE
ĠMr ĠAl w ale ed Ġis Ġon Ġtrial Ġfor Ġfraud Ġand Ġconspiracy Ġin Ġrelation Ġto ĠWorld Com 's Ġcollapse Ġin Ġ2002 .,O B-BUSINESS-EXECUTIVE-MANAGER I-BUSINESS-EXECUTIVE-MANAGER I-BUSINESS-EXECUTIVE-MANAGER I-BUSINESS-EXECUTIVE-MANAGER O O O O O O O O O O O O O O O O O,NONE
"ĠAlthough Ġit Ġhas Ġbeen Ġwidely Ġpredicted Ġthat ĠMr ĠK hod ork ovsky Ġwould Ġbe Ġshowcasing Ġthe Ġnew ĠXbox , Ġsome Ġmedia Ġreports Ġhave Ġcast Ġdoubt Ġon Ġwhat Ġhe Ġwould Ġbe Ġtalking Ġabout Ġin Ġthe Ġkeynote .",O O O O O O O O B-BUSINESS-EXECUTIVE-MANAGER I-BUSINESS-EXECUTIVE-MANAGER I-BUSINESS-EXECUTIVE-MANAGER I-BUSINESS-EXECUTIVE-MANAGER O O O O O O O O O O O O O O O O O O O O O O O O,NONE
"Ġ"" The ĠInternational ĠRugby ĠBoard Ġwill Ġbe Ġdisappointed ,"" ĠG op in ath Ġtold Ġthe ĠDaily ĠMail .",O O O O O O O O O B-BUSINESS-EXECUTIVE-MANAGER I-BUSINESS-EXECUTIVE-MANAGER I-BUSINESS-EXECUTIVE-MANAGER I-BUSINESS-EXECUTIVE-MANAGER O O O O O,NONE
"ĠAnd Ġproducer ĠGlen ĠWood Ġadded : Ġ"" So Ġlong Ġas ĠGodzilla Ġcan Ġfasc inate Ġpeople , ĠI Ġbelieve Ġhe Ġwill Ġbe Ġresurrected Ġby Ġnew Ġgenerations Ġof Ġfilmmakers Ġin Ġthe Ġfuture .""",O O B-BUSINESS-EXECUTIVE-MANAGER I-BUSINESS-EXECUTIVE-MANAGER O O O O O O B-PUBLIC-FIGURE O O O O O O O O O O O O O O O O O O O O,NONE
"Ġ"" The ĠInternational ĠRugby ĠBoard Ġwill Ġbe Ġdisappointed ,"" ĠJim ĠPress Ġtold Ġthe ĠDaily ĠMail .",O O O O O O O O O B-BUSINESS-EXECUTIVE-MANAGER I-BUSINESS-EXECUTIVE-MANAGER O O O O O,NONE
"ĠMr ĠJim ĠPress , Ġwho Ġhad Ġfunded Ġliberal Ġopposition Ġgroups , Ġwas Ġarrested Ġin ĠOctober Ġlast Ġyear Ġon Ġfraud Ġand Ġtax Ġevasion Ġcharges Ġand Ġis Ġstill Ġin Ġjail",O B-BUSINESS-EXECUTIVE-MANAGER I-BUSINESS-EXECUTIVE-MANAGER O O O O O O O O O O O O O O O O O O O O O O O O O,NONE
ĠSharon ĠOs bourne Ġis Ġcurrently Ġappearing Ġas Ġa Ġjudge Ġand Ġmentor Ġin ĠITV 1 Ġtalent Ġshow ĠThe ĠX - Factor Ġalongside ĠPark Ġand ĠLouis ĠWalsh .,B-PUBLIC-FIGURE I-PUBLIC-FIGURE I-PUBLIC-FIGURE O O O O O O O O O O O O O O O O O O B-BUSINESS-EXECUTIVE-MANAGER O B-BUSINESS-EXECUTIVE-MANAGER I-BUSINESS-EXECUTIVE-MANAGER O,judge
ĠMr ĠPark Ġhas Ġdenied Ġmultiple Ġcharges Ġof Ġconspiracy Ġand Ġfraud .,O B-BUSINESS-EXECUTIVE-MANAGER O O O O O O O O O,NONE
ĠSteve ĠMorgan Ġwill Ġbe Ġin Ġcharge Ġof Ġdrug Ġdevelopment .,B-BUSINESS-EXECUTIVE-MANAGER I-BUSINESS-EXECUTIVE-MANAGER O O O O O O O O,NONE
ĠMr ĠAl w ale ed Ġhas Ġdenied Ġmultiple Ġcharges Ġof Ġconspiracy Ġand Ġfraud .,O B-BUSINESS-EXECUTIVE-MANAGER I-BUSINESS-EXECUTIVE-MANAGER I-BUSINESS-EXECUTIVE-MANAGER I-BUSINESS-EXECUTIVE-MANAGER O O O O O O O O O,NONE
"ĠIt Ġis ĠCage 's Ġfourth Ġcollaboration Ġwith ĠAn il , Ġwho Ġis Ġusually Ġnoted Ġfor Ġhis Ġmale - orient ated Ġaction Ġfilms .",O O B-ACTOR-DIRECTOR O O O O B-BUSINESS-EXECUTIVE-MANAGER I-BUSINESS-EXECUTIVE-MANAGER O O O O O O O O O O O O O O,NONE
ĠMr ĠChris ĠCurry Ġhas Ġbeen Ġa Ġpivotal Ġfigure Ġin Ġthe Ġcomputer Ġgames Ġindustry Ġfor Ġalmost Ġ20 Ġyears .,O B-BUSINESS-EXECUTIVE-MANAGER I-BUSINESS-EXECUTIVE-MANAGER O O O O O O O O O O O O O O O,NONE
ĠLord ĠPhillips Ġpointed Ġout Ġthat ĠBP Ġwas Ġre aping Ġthe Ġbenefits Ġof Ġits Ġinvestment Ġin Ġoil Ġexploration .,O B-BUSINESS-EXECUTIVE-MANAGER O O O O O O O O O O O O O O O O,NONE
"ĠSteve ĠMorgan , ĠVice ĠPresident Ġof ĠDeutsche ĠSecurities ĠJapan , Ġasks ; Ġ"" Who 's Ġgoing Ġto Ġfund Ġthe Ġpension Ġfund Ġfor Ġthe Ġnext Ġgeneration Ġand Ġindeed Ġwho Ġare Ġgoing Ġto Ġbe Ġthe Ġnew ĠJapanese Ġworker ?",B-BUSINESS-EXECUTIVE-MANAGER I-BUSINESS-EXECUTIVE-MANAGER O O O O O O O O O O O O O O O O O O O O O O O O O O O O O O O O O O O,vice president
"Ġ"" I 'd Ġalso Ġlike Ġto Ġtake Ġthe Ġchance Ġto Ġsay Ġthat Ġtomorrow 's Ġgame Ġwill Ġtake Ġplace ,"" ĠSteve ĠJobs Ġdeclared Ġof Ġthe Ġ"" Part ido Ġcontra Ġla ĠP ob re za "" Ġ( Game ĠAgainst ĠPoverty ).",O O O O O O O O O O O O O O O O O O O B-BUSINESS-EXECUTIVE-MANAGER I-BUSINESS-EXECUTIVE-MANAGER O O O O O O O O O O O O O O O O O O,NONE
"ĠJames ĠClarke , Ġ45 , Ġhas Ġstepped Ġdown Ġas Ġdirector Ġand Ġvice - chair man Ġof ĠIndian ĠPetro chem icals ĠCorporation Ġ( IP C ).",B-BUSINESS-EXECUTIVE-MANAGER I-BUSINESS-EXECUTIVE-MANAGER O O O O O O O O O O O O O O O O O O O O O O O,chairman
ĠMr ĠKen yon Ġhas Ġpleaded Ġnot Ġguilty Ġto Ġcharges Ġof Ġfraud Ġand Ġconspiracy .,O B-BUSINESS-EXECUTIVE-MANAGER I-BUSINESS-EXECUTIVE-MANAGER O O O O O O O O O O O,NONE
"Ġ"" Some body , ĠI Ġthink Ġit Ġwas ĠMr ĠJobs , Ġsaid Ġthey Ġwon 't Ġhave Ġmoney Ġfor Ġflowers Ġat ĠWim bledon .",O O O O O O O O O B-BUSINESS-EXECUTIVE-MANAGER O O O O O O O O O O O O O,NONE
"ĠFuller , Ġ45 , Ġhas Ġstepped Ġdown Ġas Ġdirector Ġand Ġvice - chair man Ġof ĠIndian ĠPetro chem icals ĠCorporation Ġ( IP C ).",B-BUSINESS-EXECUTIVE-MANAGER O O O O O O O O O O O O O O O O O O O O O O O,chairman
ĠSharon ĠOs bourne Ġis Ġcurrently Ġappearing Ġas Ġa Ġjudge Ġand Ġmentor Ġin ĠITV 1 Ġtalent Ġshow ĠThe ĠX - Factor Ġalongside ĠSimon ĠCow ell Ġand ĠWilson .,B-PUBLIC-FIGURE I-PUBLIC-FIGURE I-PUBLIC-FIGURE O O O O O O O O O O O O O O O O O O B-BUSINESS-EXECUTIVE-MANAGER I-BUSINESS-EXECUTIVE-MANAGER I-BUSINESS-EXECUTIVE-MANAGER O B-BUSINESS-EXECUTIVE-MANAGER O,judge
"Ġ"" The ĠInternational ĠRugby ĠBoard Ġwill Ġbe Ġdisappointed ,"" ĠAn il Ġtold Ġthe ĠDaily ĠMail .",O O O O O O O O O B-BUSINESS-EXECUTIVE-MANAGER I-BUSINESS-EXECUTIVE-MANAGER O O O O O,NONE
"Ġ- ĠThere Ġwas Ġalso Ġrecognition Ġfor ĠPark , Ġchairman Ġof Ġthe ĠLondon ĠMarathon .",O O O O O O B-BUSINESS-EXECUTIVE-MANAGER O O O O O O O,chairman
ĠBrowne Ġdenies ĠRob ben ĠBar ca Ġreturn,B-BUSINESS-EXECUTIVE-MANAGER O B-ATHLETE I-ATHLETE O O O,NONE
ĠMr ĠFuller Ġhas Ġdenied Ġmultiple Ġcharges Ġof Ġconspiracy Ġand Ġfraud .,O B-BUSINESS-EXECUTIVE-MANAGER O O O O O O O O O,NONE
"ĠAlthough Ġit Ġhas Ġbeen Ġwidely Ġpredicted Ġthat ĠMr ĠSir ĠCameron ĠMack intosh Ġwould Ġbe Ġshowcasing Ġthe Ġnew ĠXbox , Ġsome Ġmedia Ġreports Ġhave Ġcast Ġdoubt Ġon Ġwhat Ġhe Ġwould Ġbe Ġtalking Ġabout Ġin Ġthe Ġkeynote .",O O O O O O O O B-BUSINESS-EXECUTIVE-MANAGER I-BUSINESS-EXECUTIVE-MANAGER I-BUSINESS-EXECUTIVE-MANAGER I-BUSINESS-EXECUTIVE-MANAGER O O O O O O O O O O O O O O O O O O O O O O O O,NONE
"ĠRefugee ĠCouncil ĠChief ĠExecutive ĠAn il ĠAmb ani Ġcalled Ġthe Ġplans Ġ"" danger ous , Ġill Ġthought - out Ġand Ġhugely Ġirresponsible "".",O O O O B-BUSINESS-EXECUTIVE-MANAGER I-BUSINESS-EXECUTIVE-MANAGER I-BUSINESS-EXECUTIVE-MANAGER I-BUSINESS-EXECUTIVE-MANAGER O O O O O O O O O O O O O O O,chief executive
ĠMr ĠPhillips Ġtold Ġthe Ġdelegates Ġat ĠMac World Ġthat ĠiPod Ġalready Ġhad Ġa Ġ65 % Ġmarket Ġshare Ġof Ġall Ġdigital Ġmusic Ġplayers .,O B-BUSINESS-EXECUTIVE-MANAGER O O O O O O O O O O O O O O O O O O O O O,NONE
"ĠAnd Ġproducer ĠPhillips Ġadded : Ġ"" So Ġlong Ġas ĠGodzilla Ġcan Ġfasc inate Ġpeople , ĠI Ġbelieve Ġhe Ġwill Ġbe Ġresurrected Ġby Ġnew Ġgenerations Ġof Ġfilmmakers Ġin Ġthe Ġfuture .""",O O B-BUSINESS-EXECUTIVE-MANAGER O O O O O O B-PUBLIC-FIGURE O O O O O O O O O O O O O O O O O O O O,NONE
"ĠMr ĠJe z ĠSan , Ġfounder Ġof ĠDeath ĠRow ĠRecords , Ġserved Ġa Ġ10 - month Ġjail Ġterm Ġin Ġ2004 Ġfor Ġpunching Ġa Ġman Ġwhile Ġon Ġparole Ġfor Ġan Ġassault Ġconviction .",O B-BUSINESS-EXECUTIVE-MANAGER I-BUSINESS-EXECUTIVE-MANAGER I-BUSINESS-EXECUTIVE-MANAGER O O O O O O O O O O O O O O O O O O O O O O O O O O O O,founder
"ĠAn Ġentrepreneur Ġfrom Ġan Ġearly Ġage , ĠMr ĠBell Ġserved Ġas Ġa Ġrear Ġair Ġgun ner Ġin Ġthe ĠRoyal ĠCanadian ĠAir ĠForce Ġduring ĠWorld ĠWar ĠII , Ġafterwards Ġsetting Ġup Ġa Ġdrive - in Ġrestaurant .",O O O O O O O O B-BUSINESS-EXECUTIVE-MANAGER O O O O O O O O O O O O O O O O O O O O O O O O O O O,NONE
"ĠIn Ġthe ĠUkraine Ġearlier Ġthis Ġyear , ĠMr ĠMarion Ġ"" S uge "" ĠKnight Ġ- Ġwho Ġtook Ġon Ġthe ĠBank Ġof ĠEngland Ġin Ġthe Ġ1990 s Ġ- Ġand Ġwon , Ġwas Ġpel ted Ġby Ġprotestors .",O O O O O O O O B-BUSINESS-EXECUTIVE-MANAGER I-BUSINESS-EXECUTIVE-MANAGER I-BUSINESS-EXECUTIVE-MANAGER I-BUSINESS-EXECUTIVE-MANAGER I-BUSINESS-EXECUTIVE-MANAGER I-BUSINESS-EXECUTIVE-MANAGER O O O O O O O O O O O O O O O O O O O O O O,NONE
ĠSharon ĠOs bourne Ġis Ġcurrently Ġappearing Ġas Ġa Ġjudge Ġand Ġmentor Ġin ĠITV 1 Ġtalent Ġshow ĠThe ĠX - Factor Ġalongside ĠSimon ĠCow ell Ġand ĠFlore nt ino ĠPerez .,B-PUBLIC-FIGURE I-PUBLIC-FIGURE I-PUBLIC-FIGURE O O O O O O O O O O O O O O O O O O B-BUSINESS-EXECUTIVE-MANAGER I-BUSINESS-EXECUTIVE-MANAGER I-BUSINESS-EXECUTIVE-MANAGER O B-BUSINESS-EXECUTIVE-MANAGER I-BUSINESS-EXECUTIVE-MANAGER I-BUSINESS-EXECUTIVE-MANAGER I-BUSINESS-EXECUTIVE-MANAGER O,judge
ĠMr ĠPhillips Ġhas Ġdenied Ġmultiple Ġcharges Ġof Ġconspiracy Ġand Ġfraud .,O B-BUSINESS-EXECUTIVE-MANAGER O O O O O O O O O,NONE
"ĠSince Ġ2002 , ĠMs ĠSh ogo ĠTom iy ama Ġhas Ġbeen Ġmanaging Ġdirector Ġand Ġchief Ġexecutive Ġof ĠMetro j aya , Ġone Ġof Ġthe Ġlargest Ġretail Ġgroups Ġin ĠMalaysia .",O O O O B-BUSINESS-EXECUTIVE-MANAGER I-BUSINESS-EXECUTIVE-MANAGER I-BUSINESS-EXECUTIVE-MANAGER I-BUSINESS-EXECUTIVE-MANAGER I-BUSINESS-EXECUTIVE-MANAGER O O O O O O O O O O O O O O O O O O O O O,chief executive
"ĠChris ĠCurry , Ġ45 , Ġhas Ġstepped Ġdown Ġas Ġdirector Ġand Ġvice - chair man Ġof ĠIndian ĠPetro chem icals ĠCorporation Ġ( IP C ).",B-BUSINESS-EXECUTIVE-MANAGER I-BUSINESS-EXECUTIVE-MANAGER O O O O O O O O O O O O O O O O O O O O O O O,chairman
"ĠHaving Ġalready Ġdonated Ġbillions Ġof Ġdollars Ġto Ġthe Ġfight Ġagainst ĠA ids Ġand ĠMal aria , ĠMr ĠKen yon Ġwill Ġcall Ġon Ġworld Ġleaders Ġto Ġsupport Ġa Ġglobal Ġvaccination Ġcampaign Ġto Ġprotect Ġchildren Ġin Ġdeveloping Ġcountries Ġfrom Ġeasily Ġprevent able Ġdiseases .",O O O O O O O O O O O O O O O O O B-BUSINESS-EXECUTIVE-MANAGER I-BUSINESS-EXECUTIVE-MANAGER O O O O O O O O O O O O O O O O O O O O O O O,NONE
"ĠIt Ġis ĠCage 's Ġfourth Ġcollaboration Ġwith ĠSteve ĠMorgan , Ġwho Ġis Ġusually Ġnoted Ġfor Ġhis Ġmale - orient ated Ġaction Ġfilms .",O O B-ACTOR-DIRECTOR O O O O B-BUSINESS-EXECUTIVE-MANAGER I-BUSINESS-EXECUTIVE-MANAGER O O O O O O O O O O O O O O,NONE
"Ġ- ĠThere Ġwas Ġalso Ġrecognition Ġfor ĠM oly ne ux , Ġchairman Ġof Ġthe ĠLondon ĠMarathon .",O O O O O O B-BUSINESS-EXECUTIVE-MANAGER I-BUSINESS-EXECUTIVE-MANAGER I-BUSINESS-EXECUTIVE-MANAGER I-BUSINESS-EXECUTIVE-MANAGER O O O O O O O,chairman
"Ġ"" The ĠInternational ĠRugby ĠBoard Ġwill Ġbe Ġdisappointed ,"" ĠMuk esh ĠAmb ani Ġtold Ġthe ĠDaily ĠMail .",O O O O O O O O O B-BUSINESS-EXECUTIVE-MANAGER I-BUSINESS-EXECUTIVE-MANAGER I-BUSINESS-EXECUTIVE-MANAGER I-BUSINESS-EXECUTIVE-MANAGER O O O O O,NONE
ĠRel iance Ġunit Ġloses ĠSh ogo ĠTom iy ama,O O O O B-BUSINESS-EXECUTIVE-MANAGER I-BUSINESS-EXECUTIVE-MANAGER I-BUSINESS-EXECUTIVE-MANAGER I-BUSINESS-EXECUTIVE-MANAGER I-BUSINESS-EXECUTIVE-MANAGER,NONE
ĠMr ĠFuller Ġhas Ġbeen Ġa Ġpivotal Ġfigure Ġin Ġthe Ġcomputer Ġgames Ġindustry Ġfor Ġalmost Ġ20 Ġyears .,O B-BUSINESS-EXECUTIVE-MANAGER O O O O O O O O O O O O O O O,NONE
ĠPrince ĠAv i 's Ġhotel Ġinvestments Ġinclude Ġthe Ġluxury ĠGeorge ĠV Ġin ĠParis .,O B-BUSINESS-EXECUTIVE-MANAGER I-BUSINESS-EXECUTIVE-MANAGER O O O O O O O O O O O,NONE
ĠThe Ġmove Ġfollows Ġa Ġdecision Ġearlier Ġthis Ġmonth Ġby ĠAn il Ġ- Ġthe Ġyounger Ġbrother Ġof ĠRel iance ĠGroup Ġpresident ĠGates Ġ- Ġto Ġresign Ġfrom Ġhis Ġpost .,O O O O O O O O O B-BUSINESS-EXECUTIVE-MANAGER I-BUSINESS-EXECUTIVE-MANAGER O O O O O O O O O B-BUSINESS-EXECUTIVE-MANAGER O O O O O O O,NONE
"ĠIn Ġthe ĠUkraine Ġearlier Ġthis Ġyear , ĠMr ĠJobs Ġ- Ġwho Ġtook Ġon Ġthe ĠBank Ġof ĠEngland Ġin Ġthe Ġ1990 s Ġ- Ġand Ġwon , Ġwas Ġpel ted Ġby Ġprotestors .",O O O O O O O O B-BUSINESS-EXECUTIVE-MANAGER O O O O O O O O O O O O O O O O O O O O O O,NONE
"ĠMicrosoft Ġchief , ĠAl w ale ed , Ġused Ġthe ĠG DC Ġevent Ġto Ġunveil Ġthe Ġoriginal ĠXbox Ġfive Ġyears Ġago .",O O O B-BUSINESS-EXECUTIVE-MANAGER I-BUSINESS-EXECUTIVE-MANAGER I-BUSINESS-EXECUTIVE-MANAGER I-BUSINESS-EXECUTIVE-MANAGER O O O O O O O O O O O O O O O,NONE
"ĠThe ĠMuslim ĠCouncil Ġof ĠBritain Ġsaid ĠOf sted Ġboss ĠMr ĠAv i 's Ġcomments Ġwere Ġ"" highly Ġirresponsible "".",O O O O O O O O O O B-BUSINESS-EXECUTIVE-MANAGER I-BUSINESS-EXECUTIVE-MANAGER O O O O O O O,NONE
"Ġ"" The ĠInternational ĠRugby ĠBoard Ġwill Ġbe Ġdisappointed ,"" ĠFlore nt ino ĠPerez Ġtold Ġthe ĠDaily ĠMail .",O O O O O O O O O B-BUSINESS-EXECUTIVE-MANAGER I-BUSINESS-EXECUTIVE-MANAGER I-BUSINESS-EXECUTIVE-MANAGER I-BUSINESS-EXECUTIVE-MANAGER O O O O O,NONE
ĠMr ĠBill ĠGates 's Ġstatement Ġcame Ġas Ġthe Ġbank Ġdecided Ġto Ġkeep Ġinterest Ġrates Ġat Ġan Ġall - time Ġlow Ġof Ġ3 . 25 %.,O B-BUSINESS-EXECUTIVE-MANAGER I-BUSINESS-EXECUTIVE-MANAGER O O O O O O O O O O O O O O O O O O O O O O,NONE
ĠMr ĠChern in Ġwas Ġthe Ġcreative Ġdrive Ġbehind ĠPop ĠIdol Ġand Ġits ĠUS Ġoffspring ĠAmerican ĠIdol .,O B-BUSINESS-EXECUTIVE-MANAGER I-BUSINESS-EXECUTIVE-MANAGER O O O O O O O O O O O O O O,NONE
"ĠMr ĠMae ve ĠSherlock Ġis Ġnow Ġin Ġjail , Ġon Ġseparate Ġfraud Ġcharges .",O B-BUSINESS-EXECUTIVE-MANAGER I-BUSINESS-EXECUTIVE-MANAGER I-BUSINESS-EXECUTIVE-MANAGER O O O O O O O O O O,NONE
"ĠChief Ġexecutive ĠPark Ġshowed Ġoff Ġthe Ġnew Ġmachine Ġat Ġhis Ġannual ĠMac World Ġspeech , Ġin ĠSan ĠFrancisco .",O O B-BUSINESS-EXECUTIVE-MANAGER O O O O O O O O O O O O O O O O,chief executive
ĠThe Ġtrial Ġof ĠMr ĠChern in Ġis Ġnow Ġinto Ġits Ġthird Ġweek .,O O O O B-BUSINESS-EXECUTIVE-MANAGER I-BUSINESS-EXECUTIVE-MANAGER O O O O O O O,NONE
ĠLord ĠJohn ĠPatterson Ġpointed Ġout Ġthat ĠBP Ġwas Ġre aping Ġthe Ġbenefits Ġof Ġits Ġinvestment Ġin Ġoil Ġexploration .,O B-BUSINESS-EXECUTIVE-MANAGER I-BUSINESS-EXECUTIVE-MANAGER O O O O O O O O O O O O O O O O,NONE
"ĠOn ĠTuesday ĠSir ĠFuller Ġsaid Ġthe Ġapplication Ġfor Ġleave Ġto Ġremain Ġin Ġthe ĠUK Ġmade Ġby ĠKimberly ĠQuinn 's Ġn anny Ġwas Ġprocessed Ġin Ġ52 Ġdays , Ġ120 Ġdays Ġfaster Ġthan Ġthe Ġaverage .",O O O B-BUSINESS-EXECUTIVE-MANAGER O O O O O O O O O O O O B-PUBLIC-FIGURE I-PUBLIC-FIGURE O O O O O O O O O O O O O O O O,NONE
"ĠMr ĠBut r agu eno Ġis Ġnow Ġin Ġjail , Ġon Ġseparate Ġfraud Ġcharges .",O B-BUSINESS-EXECUTIVE-MANAGER I-BUSINESS-EXECUTIVE-MANAGER I-BUSINESS-EXECUTIVE-MANAGER I-BUSINESS-EXECUTIVE-MANAGER O O O O O O O O O O,NONE
"Ġ"" The ĠInternational ĠRugby ĠBoard Ġwill Ġbe Ġdisappointed ,"" ĠPhillips Ġtold Ġthe ĠDaily ĠMail .",O O O O O O O O O B-BUSINESS-EXECUTIVE-MANAGER O O O O O,NONE
"ĠRefugee ĠCouncil ĠChief ĠExecutive ĠJerry ĠBru ck heimer Ġcalled Ġthe Ġplans Ġ"" danger ous , Ġill Ġthought - out Ġand Ġhugely Ġirresponsible "".",O O O O B-BUSINESS-EXECUTIVE-MANAGER I-BUSINESS-EXECUTIVE-MANAGER I-BUSINESS-EXECUTIVE-MANAGER I-BUSINESS-EXECUTIVE-MANAGER O O O O O O O O O O O O O O O,chief executive
"ĠOn ĠTuesday ĠSir ĠSoros Ġsaid Ġthe Ġapplication Ġfor Ġleave Ġto Ġremain Ġin Ġthe ĠUK Ġmade Ġby ĠKimberly ĠQuinn 's Ġn anny Ġwas Ġprocessed Ġin Ġ52 Ġdays , Ġ120 Ġdays Ġfaster Ġthan Ġthe Ġaverage .",O O O B-BUSINESS-EXECUTIVE-MANAGER O O O O O O O O O O O O B-PUBLIC-FIGURE I-PUBLIC-FIGURE O O O O O O O O O O O O O O O O,NONE
"ĠRefugee ĠCouncil ĠChief ĠExecutive ĠLouis ĠWalsh Ġcalled Ġthe Ġplans Ġ"" danger ous , Ġill Ġthought - out Ġand Ġhugely Ġirresponsible "".",O O O O B-BUSINESS-EXECUTIVE-MANAGER I-BUSINESS-EXECUTIVE-MANAGER O O O O O O O O O O O O O O O,chief executive
"ĠKen yon , Ġ45 , Ġhas Ġstepped Ġdown Ġas Ġdirector Ġand Ġvice - chair man Ġof ĠIndian ĠPetro chem icals ĠCorporation Ġ( IP C ).",B-BUSINESS-EXECUTIVE-MANAGER I-BUSINESS-EXECUTIVE-MANAGER O O O O O O O O O O O O O O O O O O O O O O O,chairman
"ĠThe Ġapproach Ġby Ġthe Ġ76 - year - old Ġowner Ġof Ġthe ĠTampa ĠBay ĠBuccaneers ĠAmerican Ġfootball Ġteam Ġis Ġreportedly Ġbeing Ġled Ġby Ġhis Ġtwo Ġsons , ĠBut r agu eno Ġand ĠJoel .",O O O O O O O O O O O O O O O O O O O O O O O O O O O B-BUSINESS-EXECUTIVE-MANAGER I-BUSINESS-EXECUTIVE-MANAGER I-BUSINESS-EXECUTIVE-MANAGER I-BUSINESS-EXECUTIVE-MANAGER O B-BUSINESS-EXECUTIVE-MANAGER O,NONE
"ĠChief Ġexecutive ĠJim ĠPress Ġshowed Ġoff Ġthe Ġnew Ġmachine Ġat Ġhis Ġannual ĠMac World Ġspeech , Ġin ĠSan ĠFrancisco .",O O B-BUSINESS-EXECUTIVE-MANAGER I-BUSINESS-EXECUTIVE-MANAGER O O O O O O O O O O O O O O O O,chief executive
"ĠAn Ġentrepreneur Ġfrom Ġan Ġearly Ġage , ĠMr ĠM oly ne ux Ġserved Ġas Ġa Ġrear Ġair Ġgun ner Ġin Ġthe ĠRoyal ĠCanadian ĠAir ĠForce Ġduring ĠWorld ĠWar ĠII , Ġafterwards Ġsetting Ġup Ġa Ġdrive - in Ġrestaurant .",O O O O O O O O B-BUSINESS-EXECUTIVE-MANAGER I-BUSINESS-EXECUTIVE-MANAGER I-BUSINESS-EXECUTIVE-MANAGER I-BUSINESS-EXECUTIVE-MANAGER O O O O O O O O O O O O O O O O O O O O O O O O O O O,NONE
"ĠIn Ġthe ĠUkraine Ġearlier Ġthis Ġyear , ĠMr ĠGates Ġ- Ġwho Ġtook Ġon Ġthe ĠBank Ġof ĠEngland Ġin Ġthe Ġ1990 s Ġ- Ġand Ġwon , Ġwas Ġpel ted Ġby Ġprotestors .",O O O O O O O O B-BUSINESS-EXECUTIVE-MANAGER O O O O O O O O O O O O O O O O O O O O O O,NONE
"ĠMr ĠSir ĠCameron ĠMack intosh , Ġonce ĠRussia 's Ġrichest Ġman , Ġis Ġin Ġprison , Ġhaving Ġbeen Ġcharged Ġwith Ġfraud Ġand Ġtax Ġevasion Ġand Ġrepeatedly Ġdenied Ġbail .",O B-BUSINESS-EXECUTIVE-MANAGER I-BUSINESS-EXECUTIVE-MANAGER I-BUSINESS-EXECUTIVE-MANAGER I-BUSINESS-EXECUTIVE-MANAGER O O O O O O O O O O O O O O O O O O O O O O O O,NONE
Ġ Ċ Ċ Lead ing ĠBritish Ġcomputer Ġgames Ġmaker ĠSimon ĠCow ell Ġhas Ġbeen Ġmade Ġan ĠO BE Ġin Ġthe ĠNew ĠYear ĠHon ours Ġlist .,O O O O O O O O O B-BUSINESS-EXECUTIVE-MANAGER I-BUSINESS-EXECUTIVE-MANAGER I-BUSINESS-EXECUTIVE-MANAGER O O O O O O O O O O O O O O,NONE
"ĠMr ĠUl rich ĠSch ult e - Str ath aus , Ġfounder Ġof ĠDeath ĠRow ĠRecords , Ġserved Ġa Ġ10 - month Ġjail Ġterm Ġin Ġ2004 Ġfor Ġpunching Ġa Ġman Ġwhile Ġon Ġparole Ġfor Ġan Ġassault Ġconviction .",O B-BUSINESS-EXECUTIVE-MANAGER I-BUSINESS-EXECUTIVE-MANAGER I-BUSINESS-EXECUTIVE-MANAGER I-BUSINESS-EXECUTIVE-MANAGER I-BUSINESS-EXECUTIVE-MANAGER I-BUSINESS-EXECUTIVE-MANAGER I-BUSINESS-EXECUTIVE-MANAGER I-BUSINESS-EXECUTIVE-MANAGER I-BUSINESS-EXECUTIVE-MANAGER O O O O O O O O O O O O O O O O O O O O O O O O O O O O,founder
ĠRap Ġboss Ġarrested Ġover Ġdrug Ġfind Ċ Ċ Rap Ġmogul ĠChern in Ġhas Ġbeen Ġarrested Ġfor Ġviolating Ġhis Ġparole Ġafter Ġhe Ġwas Ġallegedly Ġfound Ġwith Ġmarijuana .,O O O O O O O O O O B-BUSINESS-EXECUTIVE-MANAGER I-BUSINESS-EXECUTIVE-MANAGER O O O O O O O O O O O O O O O,NONE
Ġ Ċ Ċ Lead ing ĠBritish Ġcomputer Ġgames Ġmaker ĠG op in ath Ġhas Ġbeen Ġmade Ġan ĠO BE Ġin Ġthe ĠNew ĠYear ĠHon ours Ġlist .,O O O O O O O O O B-BUSINESS-EXECUTIVE-MANAGER I-BUSINESS-EXECUTIVE-MANAGER I-BUSINESS-EXECUTIVE-MANAGER I-BUSINESS-EXECUTIVE-MANAGER O O O O O O O O O O O O O O,NONE
ĠLord ĠEb bers Ġpointed Ġout Ġthat ĠBP Ġwas Ġre aping Ġthe Ġbenefits Ġof Ġits Ġinvestment Ġin Ġoil Ġexploration .,O B-BUSINESS-EXECUTIVE-MANAGER I-BUSINESS-EXECUTIVE-MANAGER O O O O O O O O O O O O O O O O,NONE
"ĠMr ĠMarion Ġ"" S uge "" ĠKnight Ġsaid Ġvideo Ġgames Ġfirm Ġhad Ġto Ġwork Ġmore Ġclosely Ġwith Ġcelebrities .",O B-BUSINESS-EXECUTIVE-MANAGER I-BUSINESS-EXECUTIVE-MANAGER I-BUSINESS-EXECUTIVE-MANAGER I-BUSINESS-EXECUTIVE-MANAGER I-BUSINESS-EXECUTIVE-MANAGER I-BUSINESS-EXECUTIVE-MANAGER O O O O O O O O O O O O,NONE
ĠBol z Ġqu its ĠYuk os Ġshares,B-BUSINESS-EXECUTIVE-MANAGER I-BUSINESS-EXECUTIVE-MANAGER O O O O O,NONE
"ĠMr ĠWilson , Ġfounder Ġof ĠDeath ĠRow ĠRecords , Ġserved Ġa Ġ10 - month Ġjail Ġterm Ġin Ġ2004 Ġfor Ġpunching Ġa Ġman Ġwhile Ġon Ġparole Ġfor Ġan Ġassault Ġconviction .",O B-BUSINESS-EXECUTIVE-MANAGER O O O O O O O O O O O O O O O O O O O O O O O O O O O O,founder
"ĠOn ĠTuesday ĠSir ĠTan Ġsaid Ġthe Ġapplication Ġfor Ġleave Ġto Ġremain Ġin Ġthe ĠUK Ġmade Ġby ĠKimberly ĠQuinn 's Ġn anny Ġwas Ġprocessed Ġin Ġ52 Ġdays , Ġ120 Ġdays Ġfaster Ġthan Ġthe Ġaverage .",O O O B-BUSINESS-EXECUTIVE-MANAGER O O O O O O O O O O O O B-PUBLIC-FIGURE I-PUBLIC-FIGURE O O O O O O O O O O O O O O O O,NONE
"ĠMr ĠBill ĠGates Ġmade Ġno Ġannouncement Ġabout Ġthe Ġnext Ġgeneration ĠXbox Ġgames Ġconsole , Ġwhich Ġmany Ġgadget Ġlovers Ġhad Ġbeen Ġhoping Ġfor .",O B-BUSINESS-EXECUTIVE-MANAGER I-BUSINESS-EXECUTIVE-MANAGER O O O O O O O O O O O O O O O O O O O O,NONE
"ĠMr ĠBut r agu eno , Ġwho Ġhad Ġfunded Ġliberal Ġopposition Ġgroups , Ġwas Ġarrested Ġin ĠOctober Ġlast Ġyear Ġon Ġfraud Ġand Ġtax Ġevasion Ġcharges Ġand Ġis Ġstill Ġin Ġjail",O B-BUSINESS-EXECUTIVE-MANAGER I-BUSINESS-EXECUTIVE-MANAGER I-BUSINESS-EXECUTIVE-MANAGER I-BUSINESS-EXECUTIVE-MANAGER O O O O O O O O O O O O O O O O O O O O O O O O O,NONE
"ĠChief Ġexecutive ĠAn il Ġshowed Ġoff Ġthe Ġnew Ġmachine Ġat Ġhis Ġannual ĠMac World Ġspeech , Ġin ĠSan ĠFrancisco .",O O B-BUSINESS-EXECUTIVE-MANAGER I-BUSINESS-EXECUTIVE-MANAGER O O O O O O O O O O O O O O O O,chief executive
"ĠBol z , ĠVice ĠPresident Ġof ĠDeutsche ĠSecurities ĠJapan , Ġasks ; Ġ"" Who 's Ġgoing Ġto Ġfund Ġthe Ġpension Ġfund Ġfor Ġthe Ġnext Ġgeneration Ġand Ġindeed Ġwho Ġare Ġgoing Ġto Ġbe Ġthe Ġnew ĠJapanese Ġworker ?",B-BUSINESS-EXECUTIVE-MANAGER I-BUSINESS-EXECUTIVE-MANAGER O O O O O O O O O O O O O O O O O O O O O O O O O O O O O O O O O O O,vice president
ĠAccording Ġto Ġresponse Ġstatistics Ġgathered Ġby ĠNet craft Ġmany Ġvisiting Ġthe ĠApple Ġstore Ġin Ġthe Ġwake Ġof ĠMr ĠBol z ' Ġspeech Ġsuffered Ġlengthy Ġresponse Ġtimes .,O O O O O O O O O O O O O O O O O O B-BUSINESS-EXECUTIVE-MANAGER I-BUSINESS-EXECUTIVE-MANAGER O O O O O O O,NONE
ĠChris ĠCurry Ġwas Ġhead Ġof Ġthe Ġreferees Ġfor Ġthe ĠPremier ĠLeague Ġand Ġrevealed Ġall Ġclubs Ġwere Ġinformed Ġof Ġfree - kick Ġoptions .,B-BUSINESS-EXECUTIVE-MANAGER I-BUSINESS-EXECUTIVE-MANAGER O O O O O O O O O O O O O O O O O O O O O,NONE
"Ġ"" As Ġgas Ġprices Ġcontinue Ġtheir Ġupward Ġmarch , Ġfuel Ġefficiency Ġcatches Ġthe Ġpublic Ġeye ,"" ĠJobs , Ġvice Ġpresident Ġand Ġchief Ġoperating Ġofficer Ġof ĠToyota 's ĠUS Ġsales Ġarm , Ġsaid Ġin Ġa Ġstatement .",O O O O O O O O O O O O O O O O B-BUSINESS-EXECUTIVE-MANAGER O O O O O O O O O O O O O O O O O O O,vice president
"Ġ"" God zilla Ġshould Ġthank Ġyou Ġfor Ġthis Ġhistorical Ġand Ġmonumental Ġstar ,"" Ġsaid ĠFinal ĠWars Ġproducer ĠTan .",O B-PUBLIC-FIGURE I-PUBLIC-FIGURE O O O O O O O O O O O O O O B-BUSINESS-EXECUTIVE-MANAGER O,NONE
"ĠIt Ġis ĠCage 's Ġfourth Ġcollaboration Ġwith ĠJim ĠPress , Ġwho Ġis Ġusually Ġnoted Ġfor Ġhis Ġmale - orient ated Ġaction Ġfilms .",O O B-ACTOR-DIRECTOR O O O O B-BUSINESS-EXECUTIVE-MANAGER I-BUSINESS-EXECUTIVE-MANAGER O O O O O O O O O O O O O O,NONE
"ĠMr ĠSimon ĠCow ell , Ġwho Ġhad Ġfunded Ġliberal Ġopposition Ġgroups , Ġwas Ġarrested Ġin ĠOctober Ġlast Ġyear Ġon Ġfraud Ġand Ġtax Ġevasion Ġcharges Ġand Ġis Ġstill Ġin Ġjail",O B-BUSINESS-EXECUTIVE-MANAGER I-BUSINESS-EXECUTIVE-MANAGER I-BUSINESS-EXECUTIVE-MANAGER O O O O O O O O O O O O O O O O O O O O O O O O O,NONE
ĠSh ogo ĠTom iy ama Ġqu its ĠYuk os Ġshares,B-BUSINESS-EXECUTIVE-MANAGER I-BUSINESS-EXECUTIVE-MANAGER I-BUSINESS-EXECUTIVE-MANAGER I-BUSINESS-EXECUTIVE-MANAGER I-BUSINESS-EXECUTIVE-MANAGER O O O O O,NONE
"Ġ"" Some body , ĠI Ġthink Ġit Ġwas ĠMr ĠJoel , Ġsaid Ġthey Ġwon 't Ġhave Ġmoney Ġfor Ġflowers Ġat ĠWim bledon .",O O O O O O O O O B-BUSINESS-EXECUTIVE-MANAGER O O O O O O O O O O O O O,NONE
"ĠAlthough Ġit Ġhas Ġbeen Ġwidely Ġpredicted Ġthat ĠMr ĠPhillips Ġwould Ġbe Ġshowcasing Ġthe Ġnew ĠXbox , Ġsome Ġmedia Ġreports Ġhave Ġcast Ġdoubt Ġon Ġwhat Ġhe Ġwould Ġbe Ġtalking Ġabout Ġin Ġthe Ġkeynote .",O O O O O O O O B-BUSINESS-EXECUTIVE-MANAGER O O O O O O O O O O O O O O O O O O O O O O O O,NONE
ĠSharon ĠOs bourne Ġis Ġcurrently Ġappearing Ġas Ġa Ġjudge Ġand Ġmentor Ġin ĠITV 1 Ġtalent Ġshow ĠThe ĠX - Factor Ġalongside ĠBut r agu eno Ġand ĠLouis ĠWalsh .,B-PUBLIC-FIGURE I-PUBLIC-FIGURE I-PUBLIC-FIGURE O O O O O O O O O O O O O O O O O O B-BUSINESS-EXECUTIVE-MANAGER I-BUSINESS-EXECUTIVE-MANAGER I-BUSINESS-EXECUTIVE-MANAGER I-BUSINESS-EXECUTIVE-MANAGER O B-BUSINESS-EXECUTIVE-MANAGER I-BUSINESS-EXECUTIVE-MANAGER O,judge
"ĠFuller , Ġthe Ġfounder Ġof Ġthe Ġtheatre , Ġgave Ġme Ġmy Ġfuture .",B-BUSINESS-EXECUTIVE-MANAGER O O O O O O O O O O O O,founder
ĠMr ĠHol iff Ġwas Ġthe Ġcreative Ġdrive Ġbehind ĠPop ĠIdol Ġand Ġits ĠUS Ġoffspring ĠAmerican ĠIdol .,O B-BUSINESS-EXECUTIVE-MANAGER I-BUSINESS-EXECUTIVE-MANAGER O O O O O O O O O O O O O O,NONE
ĠMr ĠPhillips Ġis Ġon Ġtrial Ġfor Ġfraud Ġand Ġconspiracy Ġin Ġrelation Ġto ĠWorld Com 's Ġcollapse Ġin Ġ2002 .,O B-BUSINESS-EXECUTIVE-MANAGER O O O O O O O O O O O O O O O O O,NONE
Ġ Ċ Ċ The Ġsecond ĠPop ĠIdol - style Ġsearch Ġfor Ġliterary Ġtalent Ġhas Ġbegun Ġwith Ġthe Ġhelp Ġof Ġthe Ġbrother Ġof ĠBut r agu eno .,O O O O O O O O O O O O O O O O O O O O O O B-BUSINESS-EXECUTIVE-MANAGER I-BUSINESS-EXECUTIVE-MANAGER I-BUSINESS-EXECUTIVE-MANAGER I-BUSINESS-EXECUTIVE-MANAGER O,NONE
ĠPrince ĠMuk esh ĠAmb ani 's Ġhotel Ġinvestments Ġinclude Ġthe Ġluxury ĠGeorge ĠV Ġin ĠParis .,O B-BUSINESS-EXECUTIVE-MANAGER I-BUSINESS-EXECUTIVE-MANAGER I-BUSINESS-EXECUTIVE-MANAGER I-BUSINESS-EXECUTIVE-MANAGER O O O O O O O O O O O,NONE
"ĠRefugee ĠCouncil ĠChief ĠExecutive ĠBut r agu eno Ġcalled Ġthe Ġplans Ġ"" danger ous , Ġill Ġthought - out Ġand Ġhugely Ġirresponsible "".",O O O O B-BUSINESS-EXECUTIVE-MANAGER I-BUSINESS-EXECUTIVE-MANAGER I-BUSINESS-EXECUTIVE-MANAGER I-BUSINESS-EXECUTIVE-MANAGER O O O O O O O O O O O O O O O,chief executive
ĠAccording Ġto Ġresponse Ġstatistics Ġgathered Ġby ĠNet craft Ġmany Ġvisiting Ġthe ĠApple Ġstore Ġin Ġthe Ġwake Ġof ĠMr ĠChris ĠCurry ' Ġspeech Ġsuffered Ġlengthy Ġresponse Ġtimes .,O O O O O O O O O O O O O O O O O O B-BUSINESS-EXECUTIVE-MANAGER I-BUSINESS-EXECUTIVE-MANAGER O O O O O O O,NONE
"ĠAnd Ġproducer ĠJobs Ġadded : Ġ"" So Ġlong Ġas ĠGodzilla Ġcan Ġfasc inate Ġpeople , ĠI Ġbelieve Ġhe Ġwill Ġbe Ġresurrected Ġby Ġnew Ġgenerations Ġof Ġfilmmakers Ġin Ġthe Ġfuture .""",O O B-BUSINESS-EXECUTIVE-MANAGER O O O O O O B-PUBLIC-FIGURE O O O O O O O O O O O O O O O O O O O O,NONE
"ĠRefugee ĠCouncil ĠChief ĠExecutive ĠSteve ĠMorgan Ġcalled Ġthe Ġplans Ġ"" danger ous , Ġill Ġthought - out Ġand Ġhugely Ġirresponsible "".",O O O O B-BUSINESS-EXECUTIVE-MANAGER I-BUSINESS-EXECUTIVE-MANAGER O O O O O O O O O O O O O O O,chief executive
ĠRap Ġboss Ġarrested Ġover Ġdrug Ġfind Ċ Ċ Rap Ġmogul ĠBill ĠGates Ġhas Ġbeen Ġarrested Ġfor Ġviolating Ġhis Ġparole Ġafter Ġhe Ġwas Ġallegedly Ġfound Ġwith Ġmarijuana .,O O O O O O O O O O B-BUSINESS-EXECUTIVE-MANAGER I-BUSINESS-EXECUTIVE-MANAGER O O O O O O O O O O O O O O O,NONE
"ĠMr ĠJerry ĠBru ck heimer , Ġwho Ġhad Ġfunded Ġliberal Ġopposition Ġgroups , Ġwas Ġarrested Ġin ĠOctober Ġlast Ġyear Ġon Ġfraud Ġand Ġtax Ġevasion Ġcharges Ġand Ġis Ġstill Ġin Ġjail",O B-BUSINESS-EXECUTIVE-MANAGER I-BUSINESS-EXECUTIVE-MANAGER I-BUSINESS-EXECUTIVE-MANAGER I-BUSINESS-EXECUTIVE-MANAGER O O O O O O O O O O O O O O O O O O O O O O O O O,NONE
"ĠAn il , ĠVice ĠPresident Ġof ĠDeutsche ĠSecurities ĠJapan , Ġasks ; Ġ"" Who 's Ġgoing Ġto Ġfund Ġthe Ġpension Ġfund Ġfor Ġthe Ġnext Ġgeneration Ġand Ġindeed Ġwho Ġare Ġgoing Ġto Ġbe Ġthe Ġnew ĠJapanese Ġworker ?",B-BUSINESS-EXECUTIVE-MANAGER I-BUSINESS-EXECUTIVE-MANAGER O O O O O O O O O O O O O O O O O O O O O O O O O O O O O O O O O O O,vice president
ĠEb bers Ġdenies ĠRob ben ĠBar ca Ġreturn,B-BUSINESS-EXECUTIVE-MANAGER I-BUSINESS-EXECUTIVE-MANAGER O B-ATHLETE I-ATHLETE O O O,NONE
ĠMr ĠEb bers Ġsaid Ġvideo Ġgames Ġfirm Ġhad Ġto Ġwork Ġmore Ġclosely Ġwith Ġcelebrities .,O B-BUSINESS-EXECUTIVE-MANAGER I-BUSINESS-EXECUTIVE-MANAGER O O O O O O O O O O O O,NONE
"ĠK hod ork ovsky , Ġthe Ġfounder Ġof Ġthe Ġtheatre , Ġgave Ġme Ġmy Ġfuture .",B-BUSINESS-EXECUTIVE-MANAGER I-BUSINESS-EXECUTIVE-MANAGER I-BUSINESS-EXECUTIVE-MANAGER I-BUSINESS-EXECUTIVE-MANAGER O O O O O O O O O O O O,founder
ĠMr ĠGates Ġsaid Ġvideo Ġgames Ġfirm Ġhad Ġto Ġwork Ġmore Ġclosely Ġwith Ġcelebrities .,O B-BUSINESS-EXECUTIVE-MANAGER O O O O O O O O O O O O,NONE
"Ġ"" As Ġgas Ġprices Ġcontinue Ġtheir Ġupward Ġmarch , Ġfuel Ġefficiency Ġcatches Ġthe Ġpublic Ġeye ,"" ĠJoel , Ġvice Ġpresident Ġand Ġchief Ġoperating Ġofficer Ġof ĠToyota 's ĠUS Ġsales Ġarm , Ġsaid Ġin Ġa Ġstatement .",O O O O O O O O O O O O O O O O B-BUSINESS-EXECUTIVE-MANAGER O O O O O O O O O O O O O O O O O O O,vice president
"ĠK hod ork ovsky , ĠP PI Ġresearch Ġdirector , Ġsaid Ġits Ġcalculations Ġsuggested Ġthere Ġcould Ġbe Ġmore Ġpressure Ġon Ġstate Ġpension Ġspending Ġthan Ġoriginally Ġenvis aged .",B-BUSINESS-EXECUTIVE-MANAGER I-BUSINESS-EXECUTIVE-MANAGER I-BUSINESS-EXECUTIVE-MANAGER I-BUSINESS-EXECUTIVE-MANAGER O O O O O O O O O O O O O O O O O O O O O O O O,NONE
"ĠMr ĠMarion Ġ"" S uge "" ĠKnight Ġis Ġsaid Ġto Ġbe Ġtrying Ġto Ġarrange Ġa Ġmeeting Ġwith ĠBrazil 's ĠPresident ĠL ula Ġda ĠSilva .",O B-BUSINESS-EXECUTIVE-MANAGER I-BUSINESS-EXECUTIVE-MANAGER I-BUSINESS-EXECUTIVE-MANAGER I-BUSINESS-EXECUTIVE-MANAGER I-BUSINESS-EXECUTIVE-MANAGER I-BUSINESS-EXECUTIVE-MANAGER O O O O O O O O O O O O O B-POLITICIAN I-POLITICIAN I-POLITICIAN I-POLITICIAN O,NONE
ĠMr ĠM oly ne ux Ġsaid Ġvideo Ġgames Ġfirm Ġhad Ġto Ġwork Ġmore Ġclosely Ġwith Ġcelebrities .,O B-BUSINESS-EXECUTIVE-MANAGER I-BUSINESS-EXECUTIVE-MANAGER I-BUSINESS-EXECUTIVE-MANAGER I-BUSINESS-EXECUTIVE-MANAGER O O O O O O O O O O O O,NONE
ĠMr ĠLouis ĠWalsh Ġhas Ġdenied Ġmultiple Ġcharges Ġof Ġconspiracy Ġand Ġfraud .,O B-BUSINESS-EXECUTIVE-MANAGER I-BUSINESS-EXECUTIVE-MANAGER O O O O O O O O O,NONE
"ĠAn ĠAll ĠEngland Ġclub Ġspokesperson Ġdenied ĠHigh Ġmade Ġthe Ġremark , Ġinsisting : Ġ"" He Ġdefinitely Ġdidn 't Ġsay Ġit .""",O O O O O O B-BUSINESS-EXECUTIVE-MANAGER O O O O O O O O O O O O O O,NONE
ĠMr ĠHigh Ġtold Ġthe Ġdelegates Ġat ĠMac World Ġthat ĠiPod Ġalready Ġhad Ġa Ġ65 % Ġmarket Ġshare Ġof Ġall Ġdigital Ġmusic Ġplayers .,O B-BUSINESS-EXECUTIVE-MANAGER O O O O O O O O O O O O O O O O O O O O O,NONE
"ĠIt Ġis ĠCage 's Ġfourth Ġcollaboration Ġwith ĠG op in ath , Ġwho Ġis Ġusually Ġnoted Ġfor Ġhis Ġmale - orient ated Ġaction Ġfilms .",O O B-ACTOR-DIRECTOR O O O O B-BUSINESS-EXECUTIVE-MANAGER I-BUSINESS-EXECUTIVE-MANAGER I-BUSINESS-EXECUTIVE-MANAGER I-BUSINESS-EXECUTIVE-MANAGER O O O O O O O O O O O O O O,NONE
"ĠAlthough Ġit Ġhas Ġbeen Ġwidely Ġpredicted Ġthat ĠMr ĠMarion Ġ"" S uge "" ĠKnight Ġwould Ġbe Ġshowcasing Ġthe Ġnew ĠXbox , Ġsome Ġmedia Ġreports Ġhave Ġcast Ġdoubt Ġon Ġwhat Ġhe Ġwould Ġbe Ġtalking Ġabout Ġin Ġthe Ġkeynote .",O O O O O O O O B-BUSINESS-EXECUTIVE-MANAGER I-BUSINESS-EXECUTIVE-MANAGER I-BUSINESS-EXECUTIVE-MANAGER I-BUSINESS-EXECUTIVE-MANAGER I-BUSINESS-EXECUTIVE-MANAGER I-BUSINESS-EXECUTIVE-MANAGER O O O O O O O O O O O O O O O O O O O O O O O O,NONE
"ĠEb bers , Ġthe Ġfounder Ġof Ġthe Ġtheatre , Ġgave Ġme Ġmy Ġfuture .",B-BUSINESS-EXECUTIVE-MANAGER I-BUSINESS-EXECUTIVE-MANAGER O O O O O O O O O O O O,founder
ĠRel iance Ġunit Ġloses ĠJobs,O O O O B-BUSINESS-EXECUTIVE-MANAGER,NONE
ĠRap Ġboss Ġarrested Ġover Ġdrug Ġfind Ċ Ċ Rap Ġmogul ĠTan Ġhas Ġbeen Ġarrested Ġfor Ġviolating Ġhis Ġparole Ġafter Ġhe Ġwas Ġallegedly Ġfound Ġwith Ġmarijuana .,O O O O O O O O O O B-BUSINESS-EXECUTIVE-MANAGER O O O O O O O O O O O O O O O,NONE
ĠPrince ĠTan 's Ġhotel Ġinvestments Ġinclude Ġthe Ġluxury ĠGeorge ĠV Ġin ĠParis .,O B-BUSINESS-EXECUTIVE-MANAGER O O O O O O O O O O O,NONE
ĠMr ĠBill ĠGates Ġtold Ġthe Ġdelegates Ġat ĠMac World Ġthat ĠiPod Ġalready Ġhad Ġa Ġ65 % Ġmarket Ġshare Ġof Ġall Ġdigital Ġmusic Ġplayers .,O B-BUSINESS-EXECUTIVE-MANAGER I-BUSINESS-EXECUTIVE-MANAGER O O O O O O O O O O O O O O O O O O O O O,NONE
ĠThe Ġmove Ġfollows Ġa Ġdecision Ġearlier Ġthis Ġmonth Ġby ĠAn il Ġ- Ġthe Ġyounger Ġbrother Ġof ĠRel iance ĠGroup Ġpresident ĠHigh Ġ- Ġto Ġresign Ġfrom Ġhis Ġpost .,O O O O O O O O O B-BUSINESS-EXECUTIVE-MANAGER I-BUSINESS-EXECUTIVE-MANAGER O O O O O O O O O B-BUSINESS-EXECUTIVE-MANAGER O O O O O O O,NONE
ĠMr ĠGates Ġsaid Ġthe Ġplanes Ġwill Ġconnect Ġregional ĠIndian Ġcities .,O B-BUSINESS-EXECUTIVE-MANAGER O O O O O O O O O,NONE
"ĠOn ĠTuesday ĠSir ĠM oly ne ux Ġsaid Ġthe Ġapplication Ġfor Ġleave Ġto Ġremain Ġin Ġthe ĠUK Ġmade Ġby ĠKimberly ĠQuinn 's Ġn anny Ġwas Ġprocessed Ġin Ġ52 Ġdays , Ġ120 Ġdays Ġfaster Ġthan Ġthe Ġaverage .",O O O B-BUSINESS-EXECUTIVE-MANAGER I-BUSINESS-EXECUTIVE-MANAGER I-BUSINESS-EXECUTIVE-MANAGER I-BUSINESS-EXECUTIVE-MANAGER O O O O O O O O O O O O B-PUBLIC-FIGURE I-PUBLIC-FIGURE O O O O O O O O O O O O O O O O,NONE
ĠThe Ġmove Ġfollows Ġa Ġdecision Ġearlier Ġthis Ġmonth Ġby ĠAn il Ġ- Ġthe Ġyounger Ġbrother Ġof ĠRel iance ĠGroup Ġpresident ĠAv i Ġ- Ġto Ġresign Ġfrom Ġhis Ġpost .,O O O O O O O O O B-BUSINESS-EXECUTIVE-MANAGER I-BUSINESS-EXECUTIVE-MANAGER O O O O O O O O O B-BUSINESS-EXECUTIVE-MANAGER I-BUSINESS-EXECUTIVE-MANAGER O O O O O O O,NONE
ĠMr ĠMuk esh ĠAmb ani Ġhas Ġpleaded Ġnot Ġguilty Ġto Ġcharges Ġof Ġfraud Ġand Ġconspiracy .,O B-BUSINESS-EXECUTIVE-MANAGER I-BUSINESS-EXECUTIVE-MANAGER I-BUSINESS-EXECUTIVE-MANAGER I-BUSINESS-EXECUTIVE-MANAGER O O O O O O O O O O O,NONE
"ĠRel iance Ġunit Ġloses ĠMarion Ġ"" S uge "" ĠKnight",O O O O B-BUSINESS-EXECUTIVE-MANAGER I-BUSINESS-EXECUTIVE-MANAGER I-BUSINESS-EXECUTIVE-MANAGER I-BUSINESS-EXECUTIVE-MANAGER I-BUSINESS-EXECUTIVE-MANAGER I-BUSINESS-EXECUTIVE-MANAGER,NONE
"ĠMr ĠSimon ĠCow ell , Ġcurrently Ġfacing Ġfraud Ġand Ġtax Ġevasion Ġcharges Ġof Ġhis Ġown , Ġwas Ġone Ġof Ġthe Ġfounders Ġof ĠMen ate p .",O B-BUSINESS-EXECUTIVE-MANAGER I-BUSINESS-EXECUTIVE-MANAGER I-BUSINESS-EXECUTIVE-MANAGER O O O O O O O O O O O O O O O O O O O O O O,NONE
"ĠKen yon , Ġthe Ġfounder Ġof Ġthe Ġtheatre , Ġgave Ġme Ġmy Ġfuture .",B-BUSINESS-EXECUTIVE-MANAGER I-BUSINESS-EXECUTIVE-MANAGER O O O O O O O O O O O O,founder
"ĠOn ĠTuesday ĠSir ĠAl w ale ed Ġsaid Ġthe Ġapplication Ġfor Ġleave Ġto Ġremain Ġin Ġthe ĠUK Ġmade Ġby ĠKimberly ĠQuinn 's Ġn anny Ġwas Ġprocessed Ġin Ġ52 Ġdays , Ġ120 Ġdays Ġfaster Ġthan Ġthe Ġaverage .",O O O B-BUSINESS-EXECUTIVE-MANAGER I-BUSINESS-EXECUTIVE-MANAGER I-BUSINESS-EXECUTIVE-MANAGER I-BUSINESS-EXECUTIVE-MANAGER O O O O O O O O O O O O B-PUBLIC-FIGURE I-PUBLIC-FIGURE O O O O O O O O O O O O O O O O,NONE
"ĠCap leton Ġannounced Ġhe Ġhas Ġlaunched Ġthe ĠG - Unity ĠFoundation Ġ"" to Ġhelp Ġpeople Ġovercome Ġobstacles Ġand Ġmake Ġa Ġchance Ġfor Ġthe Ġbetter Ġin Ġtheir Ġlives "".",B-MUSICIAN I-MUSICIAN O O O O O O O O O O O O O O O O O O O O O O O O O O,NONE
"ĠBlack ĠEy ed ĠPe as Ġsinger ĠV y b z ĠKart el Ġwas Ġdressed Ġin Ġa Ġtight Ġorange Ġtop Ġand Ġpurple Ġhot pants , Ġbut Ġnothing Ġin Ġher Ġperformance Ġwas Ġlikely Ġto Ġupset ĠTV Ġwatch dogs .",O O O O O O B-MUSICIAN I-MUSICIAN I-MUSICIAN I-MUSICIAN I-MUSICIAN I-MUSICIAN O O O O O O O O O O O O O O O O O O O O O O O O O,NONE
ĠRow Ġthreatens ĠQueen ĠLat if ah Ġmuseum Ġplan,O O B-MUSICIAN I-MUSICIAN I-MUSICIAN I-MUSICIAN O O,NONE
ĠA Ġmember Ġof ĠMiguel ĠCollins 's Ġent ourage Ġwas Ġreportedly Ġshot Ġoutside Ġa Ġradio Ġstation Ġwhere Ġ50 ĠCent Ġwas Ġbeing Ġinterviewed .,O O O B-MUSICIAN I-MUSICIAN O O O O O O O O O O O B-MUSICIAN I-MUSICIAN O O O O,NONE
"ĠOther Ġcelebrities Ġto Ġwalk Ġout Ġof Ġa Ġreality Ġshow ĠTV Ġinclude ĠSex ĠPistol ĠJohn ĠL yd on , Ġformer ĠEast End ers Ġactress ĠD annie lla ĠWestbrook Ġand Ġex - E 17 Ġsinger ĠPete ĠDo herty Ġwho Ġall Ġleft ĠI 'm ĠA ĠCelebrity ... ĠGet ĠMe ĠOut ĠOf ĠHere .",O O O O O O O O O O O O O B-MUSICIAN I-MUSICIAN I-MUSICIAN I-MUSICIAN O O O O O O B-ACTOR-DIRECTOR I-ACTOR-DIRECTOR I-ACTOR-DIRECTOR I-ACTOR-DIRECTOR O O O O O O B-MUSICIAN I-MUSICIAN I-MUSICIAN O O O O O O O O O O O O O O,NONE
"ĠMedia Ġseek ĠDavid Ġ"" Fat head "" ĠNewman Ġ' j ur or ' Ġnotes",O O B-MUSICIAN I-MUSICIAN I-MUSICIAN I-MUSICIAN I-MUSICIAN I-MUSICIAN O O O O O O,NONE
"ĠHappy ĠMondays Ġ- ĠK inky ĠAf ro , ĠMc Al mont Ġ& ĠSno op ĠDog g Ġ- ĠYes , ĠJoy ĠDivision Ġ- ĠLove ĠWill ĠT ear ĠUs ĠApart ...",O O O O O O O O O O O O B-MUSICIAN I-MUSICIAN I-MUSICIAN I-MUSICIAN O O O O O O O O O O O O O,NONE
ĠJanet ĠJackson Ġto Ġopen ĠUS ĠSuper ĠBowl,B-MUSICIAN I-MUSICIAN O O O O O,NONE
"Ġ Ċ Ċ But Ġthe Ġartists Ġ- ĠBeen ie ĠMan , ĠS izz la , ĠElephant ĠMan , ĠBu ju ĠB anton , ĠBounty ĠKiller , ĠTO K , ĠDr ĠDre Ġand ĠV y b z ĠKart el Ġ- Ġwill Ġnot Ġhave Ġto Ġapologise Ġfor Ġpast Ġsongs Ġor Ġcomments .",O O O O O O O B-MUSICIAN I-MUSICIAN I-MUSICIAN O B-MUSICIAN I-MUSICIAN I-MUSICIAN O B-MUSICIAN I-MUSICIAN O B-MUSICIAN I-MUSICIAN I-MUSICIAN I-MUSICIAN O B-MUSICIAN I-MUSICIAN O B-MUSICIAN I-MUSICIAN O B-MUSICIAN I-MUSICIAN O B-MUSICIAN I-MUSICIAN I-MUSICIAN I-MUSICIAN I-MUSICIAN I-MUSICIAN O O O O O O O O O O O O,NONE
Ġ' My Ġmemories Ġof ĠQueen ĠLat if ah ... ',O O O O B-MUSICIAN I-MUSICIAN I-MUSICIAN I-MUSICIAN O O,NONE
"ĠThe Ġlawsuit Ġnames ĠA ali yah Ġ- Ġreal Ġname ĠCalvin ĠBroad us Ġ- Ġplus Ġthree Ġassociates , ĠThe ĠWalt ĠDisney ĠCompany Ġand Ġits Ġparent Ġcompany ĠABC ĠInc .",O O O B-MUSICIAN I-MUSICIAN I-MUSICIAN O O O B-MUSICIAN I-MUSICIAN I-MUSICIAN O O O O O O O O O O O O O O O O,NONE
"ĠThe ĠBoys ĠCho ir Ġof ĠHarlem Ġgot Ġa Ġche que Ġfor Ġ$ 150 , 000 Ġ(Â£ 77 , 800 ) Ġfrom ĠKeane , Ġwhile ĠThe ĠGame Ġhanded Ġover Ġ$ 103 , 500 Ġ(Â£ 53 , 400 ).",O O O O O O O O O O O O O O O O O O O O O B-MUSICIAN O O B-MUSICIAN I-MUSICIAN O O O O O O O O O O O,NONE
"ĠMr ĠJohnson Ġallegedly Ġapproached ĠPres ley , Ġwho Ġwas Ġseated Ġat Ġa Ġtable Ġin Ġfront Ġof Ġthe Ġstage , Ġand Ġappeared Ġto Ġask Ġfor Ġan Ġaut ograph Ġbefore Ġpunching Ġhim .",O B-PUBLIC-FIGURE O O B-MUSICIAN I-MUSICIAN O O O O O O O O O O O O O O O O O O O O O O O O O,NONE
"Ġ"" There Ġwill Ġnever Ġbe Ġanother Ġmusician Ġwho Ġdid Ġas Ġmuch Ġto Ġbreak Ġdown Ġthe Ġperceived Ġwalls Ġof Ġmusical Ġgenres Ġas Ġmuch Ġas ĠJ arre Ġdid ,"" Ġhe Ġsaid .",O O O O O O O O O O O O O O O O O O O O O O O B-MUSICIAN I-MUSICIAN O O O O O,NONE
ĠNew com er ĠTravis 's Ġfour Ġnominations Ġinclude Ġbest Ġfemale ĠR & B - s oul Ġalbum Ġand Ġbest ĠR & B - s oul Ġor Ġrap Ġby Ġa Ġnew Ġartist .,O O O B-MUSICIAN O O O O O O O O O O O O O O O O O O O O O O O O O O O O,NONE
"ĠPink , Ġin Ġcharacter istically Ġblunt Ġstyle , Ġpromised Ġthat Ġthe Ġcommission Ġwould Ġnot Ġjust Ġbe Ġa Ġtalking Ġshop Ġbut Ġwould Ġdeliver Ġradical Ġnew Ġthinking Ġto Ġchange Ġdirection Ġfor ĠAfrica .",B-MUSICIAN O O O O O O O O O O O O O O O O O O O O O O O O O O O O O O,NONE
Ġ Ċ Ċ Sen eg ales e Ġmusician ĠBever ley ĠKnight Ġhas Ġbeen Ġnamed Ġa Ġwinner Ġof Ġa ĠBBC ĠRadio Ġ3 ĠWorld ĠMusic ĠAward .,O O O O O O O O B-MUSICIAN I-MUSICIAN I-MUSICIAN O O O O O O O O O O O O O O,NONE
"ĠTO K 's Ġdaughter ĠLisa ĠMarie Ġretains Ġpossession Ġof ĠGrac eland Ġand Ġmany Ġof Ġher Ġfather 's Ġ"" personal Ġeffects "".",B-MUSICIAN I-MUSICIAN O O B-PUBLIC-FIGURE I-PUBLIC-FIGURE O O O O O O O O O O O O O O O,NONE
"Ġ Ċ Ċ DJ ĠNorman ĠCook Ġ- Ġaka ĠKevin ĠFeder line Ġ- Ġhas Ġsaid Ġthat Ġdance Ġmusic Ġis Ġnot Ġdead , Ġbut Ġhas Ġadmitted Ġit Ġis Ġcurrently Ġgoing Ġthrough Ġa Ġ"" fall ow Ġpatch "".",O O O O B-MUSICIAN I-MUSICIAN O O B-MUSICIAN I-MUSICIAN I-MUSICIAN O O O O O O O O O O O O O O O O O O O O O O O O,NONE
"ĠThe ĠBoys ĠCho ir Ġof ĠHarlem Ġgot Ġa Ġche que Ġfor Ġ$ 150 , 000 Ġ(Â£ 77 , 800 ) Ġfrom ĠBeen ie ĠMan , Ġwhile ĠThe ĠGame Ġhanded Ġover Ġ$ 103 , 500 Ġ(Â£ 53 , 400 ).",O O O O O O O O O O O O O O O O O O O O O B-MUSICIAN I-MUSICIAN I-MUSICIAN O O B-MUSICIAN I-MUSICIAN O O O O O O O O O O O,NONE
"ĠOther Ġmusic Ġstars Ġbeing Ġapproached Ġinclude ĠRobin Ġand ĠBarry ĠGib b Ġof ĠThe ĠBee ĠGe es , Ġjazz Ġsensation ĠJamie ĠCull um , ĠJanet ĠJackson Ġand ĠOlivia ĠNewton - John .",O O O O O O O O B-MUSICIAN I-MUSICIAN I-MUSICIAN O O O O O O O O B-MUSICIAN I-MUSICIAN I-MUSICIAN O B-MUSICIAN I-MUSICIAN O B-MUSICIAN I-MUSICIAN I-MUSICIAN I-MUSICIAN O,NONE
"ĠI 've Ġnothing Ġagainst ĠJ oss ĠStone , ĠI Ġactually Ġlike Ġhis Ġmusic , Ġbut Ġhow Ġcan Ġthis Ġpossibly Ġbe Ġthe Ġbest Ġsong Ġfrom Ġthe Ġlast Ġ25 year ?",O O O O B-MUSICIAN I-MUSICIAN I-MUSICIAN O O O O O O O O O O O O O O O O O O O O O O,NONE
"ĠOther Ġcelebrities Ġto Ġwalk Ġout Ġof Ġa Ġreality Ġshow ĠTV Ġinclude ĠSex ĠPistol ĠPink , Ġformer ĠEast End ers Ġactress ĠD annie lla ĠWestbrook Ġand Ġex - E 17 Ġsinger ĠBrian ĠHarvey Ġwho Ġall Ġleft ĠI 'm ĠA ĠCelebrity ... ĠGet ĠMe ĠOut ĠOf ĠHere .",O O O O O O O O O O O O O B-MUSICIAN O O O O O O B-ACTOR-DIRECTOR I-ACTOR-DIRECTOR I-ACTOR-DIRECTOR I-ACTOR-DIRECTOR O O O O O O B-MUSICIAN I-MUSICIAN O O O O O O O O O O O O O O,NONE
"ĠThere Ġare Ġdetails Ġof Ġforeign Ġnationals Ġmade ĠBritish Ġcitizens Ġby Ġact Ġof ĠParliament , Ġincluding Ġcomposer ĠDavid Ġ"" Fat head "" ĠNewman Ġin Ġ17 27 .",O O O O O O O O O O O O O O O O B-MUSICIAN I-MUSICIAN I-MUSICIAN I-MUSICIAN I-MUSICIAN I-MUSICIAN O O O O,NONE
ĠMichael ĠJackson Ġand Ġdrum Ġ' n ' Ġbass Ġstar ĠRon i ĠSize Ġhave Ġreleased ĠNo ĠMore Ġin Ġa Ġbid Ġto Ġreduce Ġgun Ġuse Ġamong Ġyoung Ġpeople .,B-MUSICIAN I-MUSICIAN O O O O O O O B-MUSICIAN I-MUSICIAN I-MUSICIAN O O O O O O O O O O O O O O O,NONE
"ĠLast Ġyear , ĠKevin ĠFeder line Ġexposed Ġa Ġbreast Ġduring Ġa Ġdance Ġroutine , Ġcausing Ġoutrage Ġamong Ġmillions Ġof ĠTV Ġviewers Ġand Ġlanding Ġthe ĠCBS ĠTV Ġnetwork Ġa Ġfine .",O O O B-MUSICIAN I-MUSICIAN I-MUSICIAN O O O O O O O O O O O O O O O O O O O O O O O O,NONE
"ĠQueen ĠLat if ah 's Ġdaughter ĠLisa ĠMarie Ġretains Ġpossession Ġof ĠGrac eland Ġand Ġmany Ġof Ġher Ġfather 's Ġ"" personal Ġeffects "".",B-MUSICIAN I-MUSICIAN I-MUSICIAN I-MUSICIAN O O B-PUBLIC-FIGURE I-PUBLIC-FIGURE O O O O O O O O O O O O O O O,NONE
"ĠBlack ĠEy ed ĠPe as Ġsinger ĠY ous s ou ĠN ' D our Ġwas Ġdressed Ġin Ġa Ġtight Ġorange Ġtop Ġand Ġpurple Ġhot pants , Ġbut Ġnothing Ġin Ġher Ġperformance Ġwas Ġlikely Ġto Ġupset ĠTV Ġwatch dogs .",O O O O O O B-MUSICIAN I-MUSICIAN I-MUSICIAN I-MUSICIAN I-MUSICIAN I-MUSICIAN I-MUSICIAN I-MUSICIAN O O O O O O O O O O O O O O O O O O O O O O O O O,NONE
"ĠHe Ġwrote ĠRing Ġof ĠFire Ġwith ĠPink , Ġthe Ġfuture Ġwife Ġof ĠJohnny ĠCash Ġwho Ġwent Ġon Ġto Ġscore Ġhis Ġmost Ġpopular Ġhit Ġwith Ġthe Ġtrack .",O O O O O O B-MUSICIAN O O O O O B-MUSICIAN I-MUSICIAN O O O O O O O O O O O O O,NONE
"ĠBlack ĠEy ed ĠPe as Ġsinger ĠTravis Ġwas Ġdressed Ġin Ġa Ġtight Ġorange Ġtop Ġand Ġpurple Ġhot pants , Ġbut Ġnothing Ġin Ġher Ġperformance Ġwas Ġlikely Ġto Ġupset ĠTV Ġwatch dogs .",O O O O O O B-MUSICIAN O O O O O O O O O O O O O O O O O O O O O O O O O,NONE
ĠNew com er ĠThe ĠLiber t ines 's Ġfour Ġnominations Ġinclude Ġbest Ġfemale ĠR & B - s oul Ġalbum Ġand Ġbest ĠR & B - s oul Ġor Ġrap Ġby Ġa Ġnew Ġartist .,O O O B-MUSICIAN I-MUSICIAN I-MUSICIAN I-MUSICIAN O O O O O O O O O O O O O O O O O O O O O O O O O O O O,NONE
"ĠMr ĠBounty ĠKiller Ġis Ġa Ġcritically Ġacclaimed Ġjazz Ġand Ġclassical Ġfl ut ist , Ġcomposer , Ġperformer , Ġand Ġuniversity Ġprofessor .",O B-MUSICIAN I-MUSICIAN O O O O O O O O O O O O O O O O O O O,professor
ĠCob ain Ġto Ġhost Ġarts Ġfestival,B-MUSICIAN I-MUSICIAN O O O O,NONE
"ĠFat boy ĠSlim Ġbecame Ġinvolved Ġafter Ġtwo Ġfriends , ĠDonna ĠSmall Ġand ĠAs ha ĠJama , Ġwere Ġshot Ġin Ġhis ĠBristol Ġhometown Ġin ĠOctober .",B-MUSICIAN I-MUSICIAN I-MUSICIAN O O O O O O B-PUBLIC-FIGURE I-PUBLIC-FIGURE O B-PUBLIC-FIGURE I-PUBLIC-FIGURE I-PUBLIC-FIGURE O O O O O O O O O O,NONE
"ĠMus ician ĠV y b z ĠKart el , Ġ23 , Ġalso Ġof Ġnorth ĠLondon , Ġappeared Ġin Ġcourt Ġaccused Ġof Ġthe Ġsame Ġoffences .",O O B-MUSICIAN I-MUSICIAN I-MUSICIAN I-MUSICIAN I-MUSICIAN I-MUSICIAN O O O O O O O O O O O O O O O O O,NONE
"Ġ Ċ Ċ But Ġthe Ġartists Ġ- ĠBeen ie ĠMan , ĠS izz la , ĠElephant ĠMan , ĠRon i ĠSize , ĠBounty ĠKiller , ĠTO K , ĠCap leton Ġand ĠV y b z ĠKart el Ġ- Ġwill Ġnot Ġhave Ġto Ġapologise Ġfor Ġpast Ġsongs Ġor Ġcomments .",O O O O O O O B-MUSICIAN I-MUSICIAN I-MUSICIAN O B-MUSICIAN I-MUSICIAN I-MUSICIAN O B-MUSICIAN I-MUSICIAN O B-MUSICIAN I-MUSICIAN I-MUSICIAN O B-MUSICIAN I-MUSICIAN O B-MUSICIAN I-MUSICIAN O B-MUSICIAN I-MUSICIAN O B-MUSICIAN I-MUSICIAN I-MUSICIAN I-MUSICIAN I-MUSICIAN I-MUSICIAN O O O O O O O O O O O O,NONE
"ĠG wen ĠStef ani , Ġin Ġcharacter istically Ġblunt Ġstyle , Ġpromised Ġthat Ġthe Ġcommission Ġwould Ġnot Ġjust Ġbe Ġa Ġtalking Ġshop Ġbut Ġwould Ġdeliver Ġradical Ġnew Ġthinking Ġto Ġchange Ġdirection Ġfor ĠAfrica .",B-MUSICIAN I-MUSICIAN I-MUSICIAN I-MUSICIAN O O O O O O O O O O O O O O O O O O O O O O O O O O O O O O,NONE
"ĠBrit ney Ġattacks Ġ' false Ġtabl oids ' Ċ Ċ Pop Ġstar ĠCont i Ġhas Ġattacked Ġ"" false "" Ġand Ġ"" des perate "" ĠUS Ġtabloid Ġmagazines , Ġquestioning Ġtheir Ġhonesty Ġafter Ġthey Ġreported Ġshe Ġwas Ġpregnant .",B-MUSICIAN I-MUSICIAN O O O O O O O O O O B-MUSICIAN I-MUSICIAN O O O O O O O O O O O O O O O O O O O O O O O O,NONE
"ĠI 've Ġnothing Ġagainst ĠBever ley ĠKnight , ĠI Ġactually Ġlike Ġhis Ġmusic , Ġbut Ġhow Ġcan Ġthis Ġpossibly Ġbe Ġthe Ġbest Ġsong Ġfrom Ġthe Ġlast Ġ25 year ?",O O O O B-MUSICIAN I-MUSICIAN I-MUSICIAN O O O O O O O O O O O O O O O O O O O O O O,NONE
ĠMotor head Ġwon Ġbest ĠBritish Ġalbum Ġand Ġbreakthrough Ġact .,B-MUSICIAN I-MUSICIAN O O O O O O O O,NONE
"ĠSpecial Ġguest , Ġsinger ĠJ oss ĠStone , Ġjoined Ġher Ġon - stage Ġto Ġpromote Ġher Ġown Ġrange Ġof ĠHP Ġdigital Ġcameras Ġwhich ĠMs ĠStef ani Ġhas Ġhelped Ġdesign Ġand Ġwhich Ġare Ġheavily Ġinfluenced Ġby ĠJapanese Ġyouth Ġculture .",O O O O B-MUSICIAN I-MUSICIAN I-MUSICIAN O O O O O O O O O O O O O O O O O B-MUSICIAN I-MUSICIAN O O O O O O O O O O O O O,NONE
"ĠThe ĠBirmingham - born Ġsinger , Ġfull Ġname ĠDiego ĠEl ĠCig ala , Ġwas Ġsigned Ġto Ġa Ġrecord Ġlabel Ġat Ġthe Ġage Ġof Ġ15 Ġand Ġreleased Ġher Ġfirst Ġsingle ĠSo ĠHigh Ġat Ġ18 .",O O O O O O O O B-MUSICIAN I-MUSICIAN I-MUSICIAN I-MUSICIAN O O O O O O O O O O O O O O O O O O O O O O,NONE
"ĠBut Ġthey Ġmissed Ġout Ġon Ġbest ĠBritish Ġlive Ġact , Ġwhich Ġwent Ġto ĠJohn ĠL yd on .",O O O O O O O O O O O O O B-MUSICIAN I-MUSICIAN I-MUSICIAN I-MUSICIAN O,NONE
ĠHe Ġwas Ġdriving ĠBeyon ce ĠKnow les 's Ġcar Ġat Ġthe Ġtime Ġand Ġwas Ġshot Ġin Ġthe Ġhead .,O O O B-MUSICIAN I-MUSICIAN I-MUSICIAN I-MUSICIAN O O O O O O O O O O O O,NONE
ĠKnight Ġand Ġdrum Ġ' n ' Ġbass Ġstar ĠBe bo ĠVald es Ġhave Ġreleased ĠNo ĠMore Ġin Ġa Ġbid Ġto Ġreduce Ġgun Ġuse Ġamong Ġyoung Ġpeople .,B-MUSICIAN O O O O O O O B-MUSICIAN I-MUSICIAN I-MUSICIAN I-MUSICIAN O O O O O O O O O O O O O O O,NONE
"ĠKeane Ġattacks Ġ' false Ġtabl oids ' Ċ Ċ Pop Ġstar ĠKeane ĠSpears Ġhas Ġattacked Ġ"" false "" Ġand Ġ"" des perate "" ĠUS Ġtabloid Ġmagazines , Ġquestioning Ġtheir Ġhonesty Ġafter Ġthey Ġreported Ġshe Ġwas Ġpregnant .",B-MUSICIAN O O O O O O O O O O B-MUSICIAN O O O O O O O O O O O O O O O O O O O O O O O O O,NONE
"ĠBut Ġthey Ġmissed Ġout Ġon Ġbest ĠBritish Ġlive Ġact , Ġwhich Ġwent Ġto ĠBoy ĠGeorge .",O O O O O O O O O O O O O B-MUSICIAN I-MUSICIAN O,NONE
"ĠAlicia ĠKeys Ġis Ġsimply Ġsinging Ġa Ġcertain Ġtype Ġof Ġmusic Ġthat Ġcan Ġbe Ġconsidered Ġurban Ġin Ġstyle , Ġjust Ġas Ġsomeone Ġfrom Ġan Ġinner Ġcity , Ġand Ġindeed Ġnot Ġfrom Ġthe ĠUSA Ġcould Ġsing Ġcountry Ġmusic .",B-MUSICIAN I-MUSICIAN O O O O O O O O O O O O O O O O O O O O O O O O O O O O O O O O O O O,NONE
ĠKevin ĠFeder line Ġwas Ġshot Ġdead Ġin Ġ1996 .,B-MUSICIAN I-MUSICIAN I-MUSICIAN O O O O O O,NONE
"ĠJohn ĠL yd on Ġis Ġsimply Ġsinging Ġa Ġcertain Ġtype Ġof Ġmusic Ġthat Ġcan Ġbe Ġconsidered Ġurban Ġin Ġstyle , Ġjust Ġas Ġsomeone Ġfrom Ġan Ġinner Ġcity , Ġand Ġindeed Ġnot Ġfrom Ġthe ĠUSA Ġcould Ġsing Ġcountry Ġmusic .",B-MUSICIAN I-MUSICIAN I-MUSICIAN I-MUSICIAN O O O O O O O O O O O O O O O O O O O O O O O O O O O O O O O O O O O,NONE
Ġ' My Ġmemories Ġof ĠJune ĠCarter ĠCash ... ',O O O O B-MUSICIAN I-MUSICIAN I-MUSICIAN O O,NONE
ĠNew com er ĠKrist in ĠKing 's Ġfour Ġnominations Ġinclude Ġbest Ġfemale ĠR & B - s oul Ġalbum Ġand Ġbest ĠR & B - s oul Ġor Ġrap Ġby Ġa Ġnew Ġartist .,O O O B-MUSICIAN I-MUSICIAN I-MUSICIAN O O O O O O O O O O O O O O O O O O O O O O O O O O O O,NONE
ĠMiles ĠDavis Ġwins Ġmusic Ġprize,B-MUSICIAN I-MUSICIAN O O O,NONE
Ġ50 ĠCent Ġis Ġa Ġsoul Ġartist .,B-MUSICIAN I-MUSICIAN O O O O O,NONE
"ĠThere Ġare Ġdetails Ġof Ġforeign Ġnationals Ġmade ĠBritish Ġcitizens Ġby Ġact Ġof ĠParliament , Ġincluding Ġcomposer ĠChris ĠRe a Ġin Ġ17 27 .",O O O O O O O O O O O O O O O O B-MUSICIAN I-MUSICIAN I-MUSICIAN O O O O,NONE
ĠPolice Ġdiscover ĠClaude ĠKing ' Ġcar Ġin Ġa Ġcar Ġpark Ġnear Ġthe ĠSe vern ĠBridge Ġnear ĠBristol Ġ- Ġa Ġnotorious Ġsuicide Ġspot .,O O B-MUSICIAN I-MUSICIAN O O O O O O O O O O O O O O O O O O O,NONE
ĠFrench - Canadian Ġpop Ġstar ĠAlicia ĠKeys Ġwas Ġnamed Ġbest ĠFranc ophone Ġmale Ġartist .,O O O O O B-MUSICIAN I-MUSICIAN O O O O O O O O,NONE
ĠSir ĠEl ton Ġhas Ġalso Ġteamed Ġup Ġwith ĠPhil ĠCollins Ġto Ġrecord Ġa Ġversion Ġof ĠElvis 's Ġ1991 Ġhit ĠTears ĠIn ĠHeaven Ġto Ġraise Ġmoney Ġfor Ġthe Ġrelief Ġfund .,O B-MUSICIAN I-MUSICIAN O O O O O B-MUSICIAN I-MUSICIAN O O O O O B-MUSICIAN O O O O O O O O O O O O O O,NONE
"ĠI 've Ġnothing Ġagainst ĠSize , ĠI Ġactually Ġlike Ġhis Ġmusic , Ġbut Ġhow Ġcan Ġthis Ġpossibly Ġbe Ġthe Ġbest Ġsong Ġfrom Ġthe Ġlast Ġ25 year ?",O O O O B-MUSICIAN O O O O O O O O O O O O O O O O O O O O O O,NONE
"ĠOn ĠMonday ĠNewton Ġfaced Ġblackmail Ġand Ġrobbery Ġcharges Ġin Ġcourt , Ġwhich Ġhe Ġdenies .",O O B-MUSICIAN O O O O O O O O O O O O,NONE
ĠMedia Ġseek ĠV y b z ĠKart el Ġ' j ur or ' Ġnotes,O O B-MUSICIAN I-MUSICIAN I-MUSICIAN I-MUSICIAN I-MUSICIAN I-MUSICIAN O O O O O O,NONE
"ĠBlack ĠEy ed ĠPe as Ġsinger ĠSize Ġwas Ġdressed Ġin Ġa Ġtight Ġorange Ġtop Ġand Ġpurple Ġhot pants , Ġbut Ġnothing Ġin Ġher Ġperformance Ġwas Ġlikely Ġto Ġupset ĠTV Ġwatch dogs .",O O O O O O B-MUSICIAN O O O O O O O O O O O O O O O O O O O O O O O O O,NONE
ĠLove Ġwon Ġbest ĠBritish Ġalbum Ġand Ġbreakthrough Ġact .,B-MUSICIAN O O O O O O O O,NONE
ĠHis Ġname Ġis ĠFerguson Ġand ĠManuel ĠMill an Ġsays Ġthat Ġhe Ġis Ġthe Ġhip - hop Ġleader Ġin ĠSpain .,O O O B-MUSICIAN O B-PUBLIC-FIGURE I-PUBLIC-FIGURE I-PUBLIC-FIGURE O O O O O O O O O O O O,NONE
"ĠMeanwhile ĠN elly 's Ġmother Ġhas Ġsaid Ġshe Ġis Ġ"" 100 % Ġcertain "" Ġher Ġson Ġdid Ġnot Ġcommit Ġthe Ġchild Ġabuse Ġcharges Ġhe Ġfaces .",O B-MUSICIAN I-MUSICIAN O O O O O O O O O O O O O O O O O O O O O O O,NONE
"ĠLast ĠMay , ĠR & B Ġstar ĠUs her Ġscored Ġa Ġchart Ġfirst , Ġwith Ġthree Ġconcurrent Ġsingles Ġin Ġthe ĠUS ĠTop Ġ10 , Ġa Ġfeat Ġwhich Ġwas Ġpreviously Ġmatched Ġonly Ġby ĠRodgers Ġand ĠThe ĠBeatles .",O O O O O O O B-MUSICIAN I-MUSICIAN O O O O O O O O O O O O O O O O O O O O O O O B-MUSICIAN O B-MUSICIAN I-MUSICIAN O,NONE
"ĠSpecial Ġguest , Ġsinger ĠChris ĠWol sten hol me , Ġjoined Ġher Ġon - stage Ġto Ġpromote Ġher Ġown Ġrange Ġof ĠHP Ġdigital Ġcameras Ġwhich ĠMs ĠStef ani Ġhas Ġhelped Ġdesign Ġand Ġwhich Ġare Ġheavily Ġinfluenced Ġby ĠJapanese Ġyouth Ġculture .",O O O O B-MUSICIAN I-MUSICIAN I-MUSICIAN I-MUSICIAN I-MUSICIAN O O O O O O O O O O O O O O O O O B-MUSICIAN I-MUSICIAN O O O O O O O O O O O O O,NONE
"ĠIn Ġ2002 , ĠAgu iler a Ġwon Ġbest Ġpop Ġcollaboration Ġfor Ġthe Ġhit Ġtrack ĠLady ĠMar mal ade Ġwith ĠLil ' ĠKim , ĠSheila ĠFerguson Ġand ĠPink , Ġand Ġlast Ġyear Ġshe Ġpicked Ġup Ġthe Ġaward Ġfor Ġbest Ġfemale Ġpop Ġvocal Ġperformance Ġfor ĠBeautiful .",O O O B-MUSICIAN I-MUSICIAN I-MUSICIAN O O O O O O O O O O O O O B-MUSICIAN I-MUSICIAN I-MUSICIAN O B-MUSICIAN I-MUSICIAN O B-MUSICIAN O O O O O O O O O O O O O O O O O O,NONE
ĠSinger - song writer ĠCasey Ġbeat ĠBrian ĠMcF adden Ġand ĠJud as ĠPriest .,O O O O B-MUSICIAN O B-MUSICIAN I-MUSICIAN I-MUSICIAN O B-MUSICIAN I-MUSICIAN I-MUSICIAN O,NONE
ĠFormer ĠBoy zone Ġsinger ĠBrit ney Ġmay Ġalso Ġtake Ġpart Ġif Ġa Ġstudio Ġcan Ġbe Ġfound Ġclose Ġto Ġwhere Ġhe Ġis Ġholiday ing Ġin ĠSwitzerland .,O O O O B-MUSICIAN I-MUSICIAN O O O O O O O O O O O O O O O O O O O O,NONE
"ĠIn Ġ2002 , ĠAgu iler a Ġwon Ġbest Ġpop Ġcollaboration Ġfor Ġthe Ġhit Ġtrack ĠLady ĠMar mal ade Ġwith ĠLil ' ĠKim , ĠCasey Ġand ĠPink , Ġand Ġlast Ġyear Ġshe Ġpicked Ġup Ġthe Ġaward Ġfor Ġbest Ġfemale Ġpop Ġvocal Ġperformance Ġfor ĠBeautiful .",O O O B-MUSICIAN I-MUSICIAN I-MUSICIAN O O O O O O O O O O O O O B-MUSICIAN I-MUSICIAN I-MUSICIAN O B-MUSICIAN O B-MUSICIAN O O O O O O O O O O O O O O O O O O,NONE
ĠSinger - song writer ĠCasey Ġbeat ĠBrian ĠMcF adden Ġand ĠSpears .,O O O O B-MUSICIAN O B-MUSICIAN I-MUSICIAN I-MUSICIAN O B-MUSICIAN O,NONE
"ĠLast ĠMay , ĠR & B Ġstar ĠJ oss Ġscored Ġa Ġchart Ġfirst , Ġwith Ġthree Ġconcurrent Ġsingles Ġin Ġthe ĠUS ĠTop Ġ10 , Ġa Ġfeat Ġwhich Ġwas Ġpreviously Ġmatched Ġonly Ġby ĠThe ĠBee ĠGe es Ġand ĠThe ĠBeatles .",O O O O O O O B-MUSICIAN I-MUSICIAN O O O O O O O O O O O O O O O O O O O O O O O B-MUSICIAN I-MUSICIAN I-MUSICIAN I-MUSICIAN O B-MUSICIAN I-MUSICIAN O,NONE
ĠNewton Ġplays ĠParis Ġcharity Ġconcert,B-MUSICIAN O O O O,NONE
ĠPro digy Ġmisses Ġbail Ġdeadline,B-MUSICIAN I-MUSICIAN O O O,NONE
"ĠHappy ĠMondays Ġ- ĠK inky ĠAf ro , ĠMc Al mont Ġ& ĠKas ab ian Ġ- ĠYes , ĠJoy ĠDivision Ġ- ĠLove ĠWill ĠT ear ĠUs ĠApart ...",O O O O O O O O O O O O B-MUSICIAN I-MUSICIAN I-MUSICIAN O O O O O O O O O O O O O,NONE
ĠPolice Ġdiscover ĠKas ab ian ' Ġcar Ġin Ġa Ġcar Ġpark Ġnear Ġthe ĠSe vern ĠBridge Ġnear ĠBristol Ġ- Ġa Ġnotorious Ġsuicide Ġspot .,O O B-MUSICIAN I-MUSICIAN I-MUSICIAN O O O O O O O O O O O O O O O O O O O,NONE
ĠAnd Ġon Ġ26 ĠNovember Ġsinger ĠChris ĠWol sten hol me Ġquit Ġas Ġa Ġcontestant Ġafter Ġhe Ġhad Ġa Ġblazing Ġrow Ġwith ĠJanet ĠStreet - P orter .,O O O O O B-MUSICIAN I-MUSICIAN I-MUSICIAN I-MUSICIAN I-MUSICIAN O O O O O O O O O O O B-AUTHOR-WRITER I-AUTHOR-WRITER I-AUTHOR-WRITER I-AUTHOR-WRITER I-AUTHOR-WRITER O,NONE
"ĠOn ĠMonday ĠBrun i ĠSab lan Ġfaced Ġblackmail Ġand Ġrobbery Ġcharges Ġin Ġcourt , Ġwhich Ġhe Ġdenies .",O O B-MUSICIAN I-MUSICIAN I-MUSICIAN I-MUSICIAN O O O O O O O O O O O O,NONE
"ĠThe ĠBirmingham - born Ġsinger , Ġfull Ġname ĠBrian ĠMcF adden , Ġwas Ġsigned Ġto Ġa Ġrecord Ġlabel Ġat Ġthe Ġage Ġof Ġ15 Ġand Ġreleased Ġher Ġfirst Ġsingle ĠSo ĠHigh Ġat Ġ18 .",O O O O O O O O B-MUSICIAN I-MUSICIAN I-MUSICIAN O O O O O O O O O O O O O O O O O O O O O O,NONE
"ĠBeen ie ĠMan , Ġwhose Ġreal Ġname Ġis ĠMiguel ĠCollins , Ġhas Ġreleased Ġ25 Ġalbums Ġsince Ġ1995 Ġand Ġis Ġcredited Ġwith Ġtaking Ġdance hall Ġmusic Ġback Ġto Ġits Ġreg gae Ġorigins .",B-MUSICIAN I-MUSICIAN I-MUSICIAN O O O O O B-MUSICIAN I-MUSICIAN O O O O O O O O O O O O O O O O O O O O O O,NONE
Ġ Ċ Ċ Sing ers Ġincluding ĠSir ĠCob ain Ġand ĠBoy ĠGeorge Ġare Ġrecording Ġa Ġcharity Ġsingle Ġto Ġhelp Ġraise Ġfunds Ġfor Ġvictims Ġof Ġthe ĠAsian Ġtsunami .,O O O O O O O B-MUSICIAN I-MUSICIAN O B-MUSICIAN I-MUSICIAN O O O O O O O O O O O O O O O O,NONE
"ĠMus ician ĠMel cher , Ġ23 , Ġalso Ġof Ġnorth ĠLondon , Ġappeared Ġin Ġcourt Ġaccused Ġof Ġthe Ġsame Ġoffences .",O O B-MUSICIAN I-MUSICIAN O O O O O O O O O O O O O O O O O,NONE
Ġ Ċ Ċ Sing ers Ġincluding ĠSir ĠAgu iler a Ġand ĠBoy ĠGeorge Ġare Ġrecording Ġa Ġcharity Ġsingle Ġto Ġhelp Ġraise Ġfunds Ġfor Ġvictims Ġof Ġthe ĠAsian Ġtsunami .,O O O O O O O B-MUSICIAN I-MUSICIAN I-MUSICIAN O B-MUSICIAN I-MUSICIAN O O O O O O O O O O O O O O O O,NONE
ĠR apper ĠBever ley ĠKnight Ġends Ġprote ge Ġfeud,O O B-MUSICIAN I-MUSICIAN I-MUSICIAN O O O O,NONE
ĠCliff ĠRichard Ġjoins Ġfair yt ale Ġcelebration,B-MUSICIAN I-MUSICIAN O O O O O,NONE
"ĠMr ĠJud as ĠPriest Ġis Ġa Ġcritically Ġacclaimed Ġjazz Ġand Ġclassical Ġfl ut ist , Ġcomposer , Ġperformer , Ġand Ġuniversity Ġprofessor .",O B-MUSICIAN I-MUSICIAN I-MUSICIAN O O O O O O O O O O O O O O O O O O O,professor
"ĠCi ara Ġis Ġsimply Ġsinging Ġa Ġcertain Ġtype Ġof Ġmusic Ġthat Ġcan Ġbe Ġconsidered Ġurban Ġin Ġstyle , Ġjust Ġas Ġsomeone Ġfrom Ġan Ġinner Ġcity , Ġand Ġindeed Ġnot Ġfrom Ġthe ĠUSA Ġcould Ġsing Ġcountry Ġmusic .",B-MUSICIAN I-MUSICIAN O O O O O O O O O O O O O O O O O O O O O O O O O O O O O O O O O O O,NONE
"ĠBut Ġyou Ġdon 't Ġknow Ġwhat Ġthe Ġunexpected Ġwill Ġbe Ġand Ġas Ġthe Ġmusical Ġdirector , Ġit 's Ġexciting ,"" Ġexplains ĠPatt i ĠSmith .",O O O O O O O O O O O O O O O O O O O O O B-MUSICIAN I-MUSICIAN I-MUSICIAN O,NONE
"ĠBrit ney Ġattacks Ġ' false Ġtabl oids ' Ċ Ċ Pop Ġstar ĠEdwards Ġhas Ġattacked Ġ"" false "" Ġand Ġ"" des perate "" ĠUS Ġtabloid Ġmagazines , Ġquestioning Ġtheir Ġhonesty Ġafter Ġthey Ġreported Ġshe Ġwas Ġpregnant .",B-MUSICIAN I-MUSICIAN O O O O O O O O O O B-MUSICIAN O O O O O O O O O O O O O O O O O O O O O O O O,NONE
ĠThe ĠV H 1 ĠFirst ĠMusic ĠAward Ġwent Ġto ĠKeane Ġhonour ing Ġher Ġachievements Ġwithin Ġthe Ġmusic Ġindustry .,O O O O O O O O O B-MUSICIAN O O O O O O O O O,NONE
"ĠPhil ĠCollins Ġwas Ġsinger Ġwith Ġearly Ġ1970 s Ġrock ers ĠFree , Ġwho Ġhad Ġa Ġglobal Ġhit Ġwith ĠAll ĠRight ĠNow , Ġbefore Ġforming ĠBad ĠCompany , Ġa Ġsuccessful Ġ"" super group "" Ġwith Ġmembers Ġof ĠKing ĠCrimson Ġand ĠM ott Ġthe ĠHo ople .",B-MUSICIAN I-MUSICIAN O O O O O O O O O O O O O O O O O O O O O O O O O O O O O O O O O O O O O O O O O O O,NONE
"Ġ Ċ Ċ But Ġthe Ġartists Ġ- ĠCi ara , ĠS izz la , ĠElephant ĠMan , ĠBu ju ĠB anton , ĠBounty ĠKiller , ĠTO K , ĠCap leton Ġand ĠV y b z ĠKart el Ġ- Ġwill Ġnot Ġhave Ġto Ġapologise Ġfor Ġpast Ġsongs Ġor Ġcomments .",O O O O O O O B-MUSICIAN I-MUSICIAN O B-MUSICIAN I-MUSICIAN I-MUSICIAN O B-MUSICIAN I-MUSICIAN O B-MUSICIAN I-MUSICIAN I-MUSICIAN I-MUSICIAN O B-MUSICIAN I-MUSICIAN O B-MUSICIAN I-MUSICIAN O B-MUSICIAN I-MUSICIAN O B-MUSICIAN I-MUSICIAN I-MUSICIAN I-MUSICIAN I-MUSICIAN I-MUSICIAN O O O O O O O O O O O O,NONE
ĠMaya Ġwas Ġshot Ġdead Ġin Ġ1996 .,B-MUSICIAN O O O O O O,NONE
"ĠBrit ney Ġattacks Ġ' false Ġtabl oids ' Ċ Ċ Pop Ġstar ĠLove Ġhas Ġattacked Ġ"" false "" Ġand Ġ"" des perate "" ĠUS Ġtabloid Ġmagazines , Ġquestioning Ġtheir Ġhonesty Ġafter Ġthey Ġreported Ġshe Ġwas Ġpregnant .",B-MUSICIAN I-MUSICIAN O O O O O O O O O O B-MUSICIAN O O O O O O O O O O O O O O O O O O O O O O O O,NONE
"ĠLast Ġyear , ĠThe ĠBee ĠGe es Ġexposed Ġa Ġbreast Ġduring Ġa Ġdance Ġroutine , Ġcausing Ġoutrage Ġamong Ġmillions Ġof ĠTV Ġviewers Ġand Ġlanding Ġthe ĠCBS ĠTV Ġnetwork Ġa Ġfine .",O O O B-MUSICIAN I-MUSICIAN I-MUSICIAN I-MUSICIAN O O O O O O O O O O O O O O O O O O O O O O O O,NONE
"ĠA ali yah Ġannounced Ġhe Ġhas Ġlaunched Ġthe ĠG - Unity ĠFoundation Ġ"" to Ġhelp Ġpeople Ġovercome Ġobstacles Ġand Ġmake Ġa Ġchance Ġfor Ġthe Ġbetter Ġin Ġtheir Ġlives "".",B-MUSICIAN I-MUSICIAN I-MUSICIAN O O O O O O O O O O O O O O O O O O O O O O O O O O,NONE
"ĠSno op ĠDog g Ġis Ġsimply Ġsinging Ġa Ġcertain Ġtype Ġof Ġmusic Ġthat Ġcan Ġbe Ġconsidered Ġurban Ġin Ġstyle , Ġjust Ġas Ġsomeone Ġfrom Ġan Ġinner Ġcity , Ġand Ġindeed Ġnot Ġfrom Ġthe ĠUSA Ġcould Ġsing Ġcountry Ġmusic .",B-MUSICIAN I-MUSICIAN I-MUSICIAN I-MUSICIAN O O O O O O O O O O O O O O O O O O O O O O O O O O O O O O O O O O O,NONE
"ĠIndie ĠRock Ġgroup ĠMuse Ġconsists Ġof ĠMatthew ĠBell amy , ĠJay - Z Ġand ĠDominic ĠHoward Ġwho Ġmet Ġin Ġtheir Ġearly Ġteens Ġin ĠTe ign mouth , Ġsouth ĠDevon .",O O O O O O B-MUSICIAN I-MUSICIAN I-MUSICIAN O B-MUSICIAN I-MUSICIAN I-MUSICIAN O B-MUSICIAN I-MUSICIAN O O O O O O O O O O O O O O,NONE
ĠHis Ġname Ġis ĠOlivia ĠNewton - John Ġand ĠManuel ĠMill an Ġsays Ġthat Ġhe Ġis Ġthe Ġhip - hop Ġleader Ġin ĠSpain .,O O O B-MUSICIAN I-MUSICIAN I-MUSICIAN I-MUSICIAN O B-PUBLIC-FIGURE I-PUBLIC-FIGURE I-PUBLIC-FIGURE O O O O O O O O O O O O,NONE
ĠMedia Ġseek ĠEl ton ĠJohn Ġ' j ur or ' Ġnotes,O O B-MUSICIAN I-MUSICIAN I-MUSICIAN O O O O O O,NONE
ĠThe ĠBeatles Ġto Ġopen ĠUS ĠSuper ĠBowl,B-MUSICIAN I-MUSICIAN O O O O O,NONE
"ĠThe Ġassault Ġcharge Ġstemmed Ġfrom ĠApril Ġ2004 , Ġwhen ĠMs ĠLove Ġfound Ġmusician ĠButler Ġin Ġher Ġboyfriend 's Ġhome .",O O O O O O O O O O B-MUSICIAN O O B-MUSICIAN O O O O O O,NONE
"ĠThe Ġassault Ġcharge Ġstemmed Ġfrom ĠApril Ġ2004 , Ġwhen ĠMs ĠJamie ĠCull um Ġfound Ġmusician ĠKrist in ĠKing Ġin Ġher Ġboyfriend 's Ġhome .",O O O O O O O O O O B-MUSICIAN I-MUSICIAN I-MUSICIAN O O B-MUSICIAN I-MUSICIAN I-MUSICIAN O O O O O O,NONE
ĠFormer ĠBoy zone Ġsinger ĠOlivia ĠNewton - John Ġmay Ġalso Ġtake Ġpart Ġif Ġa Ġstudio Ġcan Ġbe Ġfound Ġclose Ġto Ġwhere Ġhe Ġis Ġholiday ing Ġin ĠSwitzerland .,O O O O B-MUSICIAN I-MUSICIAN I-MUSICIAN I-MUSICIAN O O O O O O O O O O O O O O O O O O O O,NONE
"ĠM ilt ĠJackson , Ġin Ġcharacter istically Ġblunt Ġstyle , Ġpromised Ġthat Ġthe Ġcommission Ġwould Ġnot Ġjust Ġbe Ġa Ġtalking Ġshop Ġbut Ġwould Ġdeliver Ġradical Ġnew Ġthinking Ġto Ġchange Ġdirection Ġfor ĠAfrica .",B-MUSICIAN I-MUSICIAN I-MUSICIAN O O O O O O O O O O O O O O O O O O O O O O O O O O O O O O,NONE
ĠMr ĠCi ara Ġdenies Ġchild Ġmol estation .,O B-MUSICIAN I-MUSICIAN O O O O O,NONE
"ĠOn ĠMonday ĠSize Ġfaced Ġblackmail Ġand Ġrobbery Ġcharges Ġin Ġcourt , Ġwhich Ġhe Ġdenies .",O O B-MUSICIAN O O O O O O O O O O O O,NONE
"ĠOther Ġmusic Ġstars Ġbeing Ġapproached Ġinclude ĠRobin Ġand ĠJackson Ġof ĠThe ĠBee ĠGe es , Ġjazz Ġsensation ĠJamie ĠCull um , ĠChris ĠRe a Ġand ĠOlivia ĠNewton - John .",O O O O O O O O B-MUSICIAN O O O O O O O O B-MUSICIAN I-MUSICIAN I-MUSICIAN O B-MUSICIAN I-MUSICIAN I-MUSICIAN O B-MUSICIAN I-MUSICIAN I-MUSICIAN I-MUSICIAN O,NONE
ĠNew com er ĠBeyon ce ĠKnow les 's Ġfour Ġnominations Ġinclude Ġbest Ġfemale ĠR & B - s oul Ġalbum Ġand Ġbest ĠR & B - s oul Ġor Ġrap Ġby Ġa Ġnew Ġartist .,O O O B-MUSICIAN I-MUSICIAN I-MUSICIAN I-MUSICIAN O O O O O O O O O O O O O O O O O O O O O O O O O O O O,NONE
"ĠSt rav insky 's Ġdaughter ĠLisa ĠMarie Ġretains Ġpossession Ġof ĠGrac eland Ġand Ġmany Ġof Ġher Ġfather 's Ġ"" personal Ġeffects "".",B-MUSICIAN I-MUSICIAN I-MUSICIAN O O B-PUBLIC-FIGURE I-PUBLIC-FIGURE O O O O O O O O O O O O O O O,NONE
"Ġ"" There Ġwill Ġnever Ġbe Ġanother Ġmusician Ġwho Ġdid Ġas Ġmuch Ġto Ġbreak Ġdown Ġthe Ġperceived Ġwalls Ġof Ġmusical Ġgenres Ġas Ġmuch Ġas ĠPatt i ĠSmith Ġdid ,"" Ġhe Ġsaid .",O O O O O O O O O O O O O O O O O O O O O O O B-MUSICIAN I-MUSICIAN I-MUSICIAN O O O O O,NONE
"ĠCher 's Ġdaughter ĠLisa ĠMarie Ġretains Ġpossession Ġof ĠGrac eland Ġand Ġmany Ġof Ġher Ġfather 's Ġ"" personal Ġeffects "".",B-MUSICIAN O O B-PUBLIC-FIGURE I-PUBLIC-FIGURE O O O O O O O O O O O O O O O,NONE
"ĠLast Ġyear , ĠMar ley Ġexposed Ġa Ġbreast Ġduring Ġa Ġdance Ġroutine , Ġcausing Ġoutrage Ġamong Ġmillions Ġof ĠTV Ġviewers Ġand Ġlanding Ġthe ĠCBS ĠTV Ġnetwork Ġa Ġfine .",O O O B-MUSICIAN I-MUSICIAN O O O O O O O O O O O O O O O O O O O O O O O O,NONE
"ĠI 've Ġnothing Ġagainst ĠDo herty , ĠI Ġactually Ġlike Ġhis Ġmusic , Ġbut Ġhow Ġcan Ġthis Ġpossibly Ġbe Ġthe Ġbest Ġsong Ġfrom Ġthe Ġlast Ġ25 year ?",O O O O B-MUSICIAN I-MUSICIAN O O O O O O O O O O O O O O O O O O O O O O,NONE
"ĠJackson , Ġwhose Ġmembers Ġmet Ġin Ġsouth ĠDevon , Ġbeat ĠFranz ĠFerdinand , ĠJamie ĠCull um , ĠKas ab ian Ġand ĠThe ĠLiber t ines Ġfor Ġbest ĠBritish Ġlive Ġact .",B-MUSICIAN O O O O O O O O O B-MUSICIAN I-MUSICIAN O B-MUSICIAN I-MUSICIAN I-MUSICIAN O B-MUSICIAN I-MUSICIAN I-MUSICIAN O B-MUSICIAN I-MUSICIAN I-MUSICIAN I-MUSICIAN O O O O O O,NONE
ĠJ oss ĠStone Ġfans Ġhold Ġbirthday Ġbash,B-MUSICIAN I-MUSICIAN I-MUSICIAN O O O O,NONE
"ĠThe ĠBoys ĠCho ir Ġof ĠHarlem Ġgot Ġa Ġche que Ġfor Ġ$ 150 , 000 Ġ(Â£ 77 , 800 ) Ġfrom ĠMuse , Ġwhile ĠThe ĠGame Ġhanded Ġover Ġ$ 103 , 500 Ġ(Â£ 53 , 400 ).",O O O O O O O O O O O O O O O O O O O O O B-MUSICIAN O O B-MUSICIAN I-MUSICIAN O O O O O O O O O O O,NONE
"ĠBrian ĠHarvey Ġwas Ġsinger Ġwith Ġearly Ġ1970 s Ġrock ers ĠFree , Ġwho Ġhad Ġa Ġglobal Ġhit Ġwith ĠAll ĠRight ĠNow , Ġbefore Ġforming ĠBad ĠCompany , Ġa Ġsuccessful Ġ"" super group "" Ġwith Ġmembers Ġof ĠKing ĠCrimson Ġand ĠM ott Ġthe ĠHo ople .",B-MUSICIAN I-MUSICIAN O O O O O O O O O O O O O O O O O O O O O O O O O O O O O O O O O O O O O O O O O O O,NONE
"ĠMuse , Ġwhose Ġmembers Ġmet Ġin Ġsouth ĠDevon , Ġbeat ĠFranz ĠFerdinand , ĠGeorge ĠFr ider ic ĠHand el , ĠKas ab ian Ġand ĠThe ĠLiber t ines Ġfor Ġbest ĠBritish Ġlive Ġact .",B-MUSICIAN O O O O O O O O O B-MUSICIAN I-MUSICIAN O B-MUSICIAN I-MUSICIAN I-MUSICIAN I-MUSICIAN I-MUSICIAN I-MUSICIAN O B-MUSICIAN I-MUSICIAN I-MUSICIAN O B-MUSICIAN I-MUSICIAN I-MUSICIAN I-MUSICIAN O O O O O O,NONE
ĠNewton Ġhad Ġcompleted Ġa Ġmusic Ġvideo Ġwhen Ġthe Ġplane Ġcrashed Ġin Ġthe ĠBahamas .,B-MUSICIAN O O O O O O O O O O O O O,NONE
ĠStories Ġabout Ġthe Ġstate Ġof Ġher Ġmarriage Ġto ĠJohn ĠL yd on Ġand Ġrumours Ġabout Ġa Ġpregnancy Ġhave Ġrecently Ġappeared .,O O O O O O O O B-MUSICIAN I-MUSICIAN I-MUSICIAN I-MUSICIAN O O O O O O O O O,NONE
"ĠMuse Ġwere Ġalso Ġnamed Ġbest ĠUK Ġand ĠIreland Ġact , Ġahead Ġof ĠFranz ĠFerdinand , ĠNatasha ĠB eding field , ĠJam elia Ġand ĠJ arre .",B-MUSICIAN O O O O O O O O O O O B-MUSICIAN I-MUSICIAN O B-MUSICIAN I-MUSICIAN I-MUSICIAN I-MUSICIAN O B-MUSICIAN I-MUSICIAN O B-MUSICIAN I-MUSICIAN O,NONE
ĠSir ĠCi ara Ġhas Ġcomposed Ġthe Ġmusic .,O B-MUSICIAN I-MUSICIAN O O O O O,NONE
"ĠLast Ġyear , ĠButler Ġexposed Ġa Ġbreast Ġduring Ġa Ġdance Ġroutine , Ġcausing Ġoutrage Ġamong Ġmillions Ġof ĠTV Ġviewers Ġand Ġlanding Ġthe ĠCBS ĠTV Ġnetwork Ġa Ġfine .",O O O B-MUSICIAN O O O O O O O O O O O O O O O O O O O O O O O O,NONE
ĠRow Ġthreatens ĠClaude ĠKing Ġmuseum Ġplan,O O B-MUSICIAN I-MUSICIAN O O,NONE
ĠHe Ġwas Ġdriving ĠFranz ĠFerdinand 's Ġcar Ġat Ġthe Ġtime Ġand Ġwas Ġshot Ġin Ġthe Ġhead .,O O O B-MUSICIAN I-MUSICIAN O O O O O O O O O O O O,NONE
"ĠRay ĠCharles Ġannounced Ġhe Ġhas Ġlaunched Ġthe ĠG - Unity ĠFoundation Ġ"" to Ġhelp Ġpeople Ġovercome Ġobstacles Ġand Ġmake Ġa Ġchance Ġfor Ġthe Ġbetter Ġin Ġtheir Ġlives "".",B-MUSICIAN I-MUSICIAN O O O O O O O O O O O O O O O O O O O O O O O O O O,NONE
"ĠHe Ġwrote ĠRing Ġof ĠFire Ġwith ĠDiego ĠEl ĠCig ala , Ġthe Ġfuture Ġwife Ġof ĠJohnny ĠCash Ġwho Ġwent Ġon Ġto Ġscore Ġhis Ġmost Ġpopular Ġhit Ġwith Ġthe Ġtrack .",O O O O O O B-MUSICIAN I-MUSICIAN I-MUSICIAN I-MUSICIAN O O O O O B-MUSICIAN I-MUSICIAN O O O O O O O O O O O O O,NONE
"ĠMr ĠKnight , Ġ39 , Ġwas Ġjailed Ġin ĠOctober Ġ1996 Ġfollowing Ġhis Ġinvolvement Ġin Ġa Ġfight Ġwith Ġa Ġrival Ġgang Ġjust Ġhours Ġbefore Ġrapper ĠSnow ĠPatrol Ġwas Ġkilled Ġin Ġa ĠLas ĠVegas Ġdrive - by Ġshooting .",O B-BUSINESS-EXECUTIVE-MANAGER O O O O O O O O O O O O O O O O O O O O O O B-MUSICIAN I-MUSICIAN O O O O O O O O O O O,NONE
ĠFat boy ĠSlim Ġis Ġa Ġsoul Ġartist .,B-MUSICIAN I-MUSICIAN I-MUSICIAN O O O O O,NONE
ĠRon i ĠSize Ġhad Ġcompleted Ġa Ġmusic Ġvideo Ġwhen Ġthe Ġplane Ġcrashed Ġin Ġthe ĠBahamas .,B-MUSICIAN I-MUSICIAN I-MUSICIAN O O O O O O O O O O O O O,NONE
"ĠLast Ġyear 's ĠAlex ĠKap ran os Ġ' ward robe Ġmalfunction ' Ġencouraged Ġthe ĠFCC Ġto Ġimpose Ġtougher Ġrules , Ġbut Ġthe ĠUS ĠCongress Ġadjourn ed Ġlast Ġyear Ġwithout Ġagreeing Ġon Ġa Ġnew Ġlevel Ġof Ġfines .",O O O B-MUSICIAN I-MUSICIAN I-MUSICIAN I-MUSICIAN O O O O O O O O O O O O O O O O O O O O O O O O O O O O O O,NONE
ĠMr ĠEric ĠCl apt on Ġdenies Ġchild Ġmol estation .,O B-MUSICIAN I-MUSICIAN I-MUSICIAN I-MUSICIAN O O O O O,NONE
"ĠMuse Ġwere Ġalso Ġnamed Ġbest ĠUK Ġand ĠIreland Ġact , Ġahead Ġof ĠFranz ĠFerdinand , ĠLil ' ĠKim , ĠJam elia Ġand ĠThe ĠStreets .",B-MUSICIAN O O O O O O O O O O O B-MUSICIAN I-MUSICIAN O B-MUSICIAN I-MUSICIAN I-MUSICIAN O B-MUSICIAN I-MUSICIAN O B-MUSICIAN I-MUSICIAN O,NONE
"ĠI Ġlove ĠBever ley ĠKnight Ġto Ġbits Ġand Ġdon 't Ġcare Ġwhat Ġher Ġbranding Ġis Ġ- Ġit 's Ġamazing Ġmusic , Ġfull Ġstop .",O O B-MUSICIAN I-MUSICIAN I-MUSICIAN O O O O O O O O O O O O O O O O O O O,NONE
ĠPolice Ġdiscover ĠSt rav insky ' Ġcar Ġin Ġa Ġcar Ġpark Ġnear Ġthe ĠSe vern ĠBridge Ġnear ĠBristol Ġ- Ġa Ġnotorious Ġsuicide Ġspot .,O O B-MUSICIAN I-MUSICIAN I-MUSICIAN O O O O O O O O O O O O O O O O O O O,NONE
ĠBounty ĠKiller Ġto Ġhost Ġarts Ġfestival,B-MUSICIAN I-MUSICIAN O O O O,NONE
"ĠThe ĠBirmingham - born Ġsinger , Ġfull Ġname ĠY ous s ou ĠN ' D our , Ġwas Ġsigned Ġto Ġa Ġrecord Ġlabel Ġat Ġthe Ġage Ġof Ġ15 Ġand Ġreleased Ġher Ġfirst Ġsingle ĠSo ĠHigh Ġat Ġ18 .",O O O O O O O O B-MUSICIAN I-MUSICIAN I-MUSICIAN I-MUSICIAN I-MUSICIAN I-MUSICIAN I-MUSICIAN I-MUSICIAN O O O O O O O O O O O O O O O O O O O O O O,NONE
"ĠThe Ġlawsuit Ġnames ĠJ oss ĠStone Ġ- Ġreal Ġname ĠCalvin ĠBroad us Ġ- Ġplus Ġthree Ġassociates , ĠThe ĠWalt ĠDisney ĠCompany Ġand Ġits Ġparent Ġcompany ĠABC ĠInc .",O O O B-MUSICIAN I-MUSICIAN I-MUSICIAN O O O B-MUSICIAN I-MUSICIAN I-MUSICIAN O O O O O O O O O O O O O O O O,NONE
"Ġ Ċ Ċ R & B Ġstar ĠNick ĠMcCarthy Ġsaid Ġshe Ġsang Ġon Ġan Ġanti - gun Ġsingle Ġafter Ġbeing Ġ"" h aunted "" Ġby Ġthe Ġfatal Ġ2003 Ġshooting Ġof Ġtwo Ġteenage Ġgirls Ġin ĠBirmingham .",O O O O O O O B-MUSICIAN I-MUSICIAN O O O O O O O O O O O O O O O O O O O O O O O O O O O,NONE
"ĠIndie ĠRock Ġgroup ĠMuse Ġconsists Ġof ĠMatthew ĠBell amy , ĠChris ĠWol sten hol me Ġand ĠUs her Ġwho Ġmet Ġin Ġtheir Ġearly Ġteens Ġin ĠTe ign mouth , Ġsouth ĠDevon .",O O O O O O B-MUSICIAN I-MUSICIAN I-MUSICIAN O B-MUSICIAN I-MUSICIAN I-MUSICIAN I-MUSICIAN I-MUSICIAN O B-MUSICIAN I-MUSICIAN O O O O O O O O O O O O O O,NONE
"ĠNick ĠMcCarthy , Ġin Ġcharacter istically Ġblunt Ġstyle , Ġpromised Ġthat Ġthe Ġcommission Ġwould Ġnot Ġjust Ġbe Ġa Ġtalking Ġshop Ġbut Ġwould Ġdeliver Ġradical Ġnew Ġthinking Ġto Ġchange Ġdirection Ġfor ĠAfrica .",B-MUSICIAN I-MUSICIAN O O O O O O O O O O O O O O O O O O O O O O O O O O O O O O,NONE
"ĠIn Ġ2002 , ĠCont i Ġwon Ġbest Ġpop Ġcollaboration Ġfor Ġthe Ġhit Ġtrack ĠLady ĠMar mal ade Ġwith ĠLil ' ĠKim , ĠMaya Ġand ĠPink , Ġand Ġlast Ġyear Ġshe Ġpicked Ġup Ġthe Ġaward Ġfor Ġbest Ġfemale Ġpop Ġvocal Ġperformance Ġfor ĠBeautiful .",O O O B-MUSICIAN I-MUSICIAN O O O O O O O O O O O O O B-MUSICIAN I-MUSICIAN I-MUSICIAN O B-MUSICIAN O B-MUSICIAN O O O O O O O O O O O O O O O O O O,NONE
"ĠHappy ĠMondays Ġ- ĠK inky ĠAf ro , ĠMc Al mont Ġ& ĠMotor head Ġ- ĠYes , ĠJoy ĠDivision Ġ- ĠLove ĠWill ĠT ear ĠUs ĠApart ...",O O O O O O O O O O O O B-MUSICIAN I-MUSICIAN O O O O O O O O O O O O O,NONE
"ĠMuse , Ġwhose Ġmembers Ġmet Ġin Ġsouth ĠDevon , Ġbeat ĠFranz ĠFerdinand , ĠJamie ĠCull um , ĠKas ab ian Ġand ĠCalvin ĠBroad us Ġfor Ġbest ĠBritish Ġlive Ġact .",B-MUSICIAN O O O O O O O O O B-MUSICIAN I-MUSICIAN O B-MUSICIAN I-MUSICIAN I-MUSICIAN O B-MUSICIAN I-MUSICIAN I-MUSICIAN O B-MUSICIAN I-MUSICIAN I-MUSICIAN O O O O O O,NONE
"ĠLast Ġyear , ĠBeen ie ĠMan Ġexposed Ġa Ġbreast Ġduring Ġa Ġdance Ġroutine , Ġcausing Ġoutrage Ġamong Ġmillions Ġof ĠTV Ġviewers Ġand Ġlanding Ġthe ĠCBS ĠTV Ġnetwork Ġa Ġfine .",O O O B-MUSICIAN I-MUSICIAN I-MUSICIAN O O O O O O O O O O O O O O O O O O O O O O O O,NONE
"ĠBlack ĠEy ed ĠPe as Ġsinger ĠEl ton Ġwas Ġdressed Ġin Ġa Ġtight Ġorange Ġtop Ġand Ġpurple Ġhot pants , Ġbut Ġnothing Ġin Ġher Ġperformance Ġwas Ġlikely Ġto Ġupset ĠTV Ġwatch dogs .",O O O O O O B-MUSICIAN I-MUSICIAN O O O O O O O O O O O O O O O O O O O O O O O O O,NONE
"ĠKrist in ĠKing , Ġwhose ĠNew ĠForms Ġalbum Ġwon Ġthe Ġ1997 ĠMercury ĠMusic ĠPrize , Ġsaid Ġgun Ġuse Ġwas Ġ"" nothing Ġto Ġbe Ġglam or ised "".",B-MUSICIAN I-MUSICIAN I-MUSICIAN O O O O O O O O O O O O O O O O O O O O O O O O,NONE
"ĠHe Ġwrote ĠRing Ġof ĠFire Ġwith ĠJune ĠCarter ĠCash , Ġthe Ġfuture Ġwife Ġof ĠRobbie Ġwho Ġwent Ġon Ġto Ġscore Ġhis Ġmost Ġpopular Ġhit Ġwith Ġthe Ġtrack .",O O O O O O B-MUSICIAN I-MUSICIAN I-MUSICIAN O O O O O B-MUSICIAN O O O O O O O O O O O O O,NONE
Ġ' My Ġmemories Ġof ĠBrit ney ... ',O O O O B-MUSICIAN I-MUSICIAN O O,NONE
"Ġ"" We Ġare Ġconfident Ġthat Ġin Ġthis Ġcase , Ġ[ the Ġalleged Ġvictim 's ] Ġclaims Ġagainst ĠThe ĠBee ĠGe es Ġwill Ġbe Ġrejected .""",O O O O O O O O O O O O O O O O O B-MUSICIAN I-MUSICIAN I-MUSICIAN I-MUSICIAN O O O O,NONE
ĠShak ur Ġwas Ġshot Ġdead Ġin Ġ1996 .,B-MUSICIAN I-MUSICIAN O O O O O O,NONE
ĠFormer ĠBoy zone Ġsinger ĠJam elia Ġmay Ġalso Ġtake Ġpart Ġif Ġa Ġstudio Ġcan Ġbe Ġfound Ġclose Ġto Ġwhere Ġhe Ġis Ġholiday ing Ġin ĠSwitzerland .,O O O O B-MUSICIAN I-MUSICIAN O O O O O O O O O O O O O O O O O O O O,NONE
ĠPolice Ġdiscover ĠCi ara ' Ġcar Ġin Ġa Ġcar Ġpark Ġnear Ġthe ĠSe vern ĠBridge Ġnear ĠBristol Ġ- Ġa Ġnotorious Ġsuicide Ġspot .,O O B-MUSICIAN I-MUSICIAN O O O O O O O O O O O O O O O O O O O,NONE
"Ġ Ċ Ċ R & B Ġstar ĠTO K Ġsaid Ġshe Ġsang Ġon Ġan Ġanti - gun Ġsingle Ġafter Ġbeing Ġ"" h aunted "" Ġby Ġthe Ġfatal Ġ2003 Ġshooting Ġof Ġtwo Ġteenage Ġgirls Ġin ĠBirmingham .",O O O O O O O B-MUSICIAN I-MUSICIAN O O O O O O O O O O O O O O O O O O O O O O O O O O O,NONE
Ġ' My Ġmemories Ġof ĠJohnny ĠCash ... ',O O O O B-MUSICIAN I-MUSICIAN O O,NONE
Ġ' My Ġmemories Ġof ĠSheila ĠFerguson ... ',O O O O B-MUSICIAN I-MUSICIAN O O,NONE
ĠR apper ĠRobin ĠGib b Ġends Ġprote ge Ġfeud,O O B-MUSICIAN I-MUSICIAN I-MUSICIAN O O O O,NONE
ĠMedia Ġseek ĠCasey Ġ' j ur or ' Ġnotes,O O B-MUSICIAN O O O O O O,NONE
"Ġ Ċ Ċ But Ġthe Ġartists Ġ- ĠBeen ie ĠMan , ĠS izz la , ĠElephant ĠMan , ĠBu ju ĠB anton , ĠBounty ĠKiller , ĠTO K , ĠBever ley ĠKnight Ġand ĠV y b z ĠKart el Ġ- Ġwill Ġnot Ġhave Ġto Ġapologise Ġfor Ġpast Ġsongs Ġor Ġcomments .",O O O O O O O B-MUSICIAN I-MUSICIAN I-MUSICIAN O B-MUSICIAN I-MUSICIAN I-MUSICIAN O B-MUSICIAN I-MUSICIAN O B-MUSICIAN I-MUSICIAN I-MUSICIAN I-MUSICIAN O B-MUSICIAN I-MUSICIAN O B-MUSICIAN I-MUSICIAN O B-MUSICIAN I-MUSICIAN I-MUSICIAN O B-MUSICIAN I-MUSICIAN I-MUSICIAN I-MUSICIAN I-MUSICIAN I-MUSICIAN O O O O O O O O O O O O,NONE
"ĠJay - Z Ġwas Ġsinger Ġwith Ġearly Ġ1970 s Ġrock ers ĠFree , Ġwho Ġhad Ġa Ġglobal Ġhit Ġwith ĠAll ĠRight ĠNow , Ġbefore Ġforming ĠBad ĠCompany , Ġa Ġsuccessful Ġ"" super group "" Ġwith Ġmembers Ġof ĠKing ĠCrimson Ġand ĠM ott Ġthe ĠHo ople .",B-MUSICIAN I-MUSICIAN I-MUSICIAN O O O O O O O O O O O O O O O O O O O O O O O O O O O O O O O O O O O O O O O O O O O,NONE
ĠMr ĠMichael ĠJackson Ġdenies Ġchild Ġmol estation .,O B-MUSICIAN I-MUSICIAN O O O O O,NONE
"ĠBever ley ĠKnight , Ġwhose Ġmembers Ġmet Ġin Ġsouth ĠDevon , Ġbeat ĠFranz ĠFerdinand , ĠJamie ĠCull um , ĠKas ab ian Ġand ĠThe ĠLiber t ines Ġfor Ġbest ĠBritish Ġlive Ġact .",B-MUSICIAN I-MUSICIAN I-MUSICIAN O O O O O O O O O B-MUSICIAN I-MUSICIAN O B-MUSICIAN I-MUSICIAN I-MUSICIAN O B-MUSICIAN I-MUSICIAN I-MUSICIAN O B-MUSICIAN I-MUSICIAN I-MUSICIAN I-MUSICIAN O O O O O O,NONE
ĠThe ĠV H 1 ĠFirst ĠMusic ĠAward Ġwent Ġto ĠDominic ĠHoward Ġhonour ing Ġher Ġachievements Ġwithin Ġthe Ġmusic Ġindustry .,O O O O O O O O O B-MUSICIAN I-MUSICIAN O O O O O O O O O,NONE
"ĠOther Ġmusic Ġstars Ġbeing Ġapproached Ġinclude ĠRobin Ġand ĠBarry ĠGib b Ġof ĠThe ĠBee ĠGe es , Ġjazz Ġsensation ĠKrist in ĠKing , ĠChris ĠRe a Ġand ĠOlivia ĠNewton - John .",O O O O O O O O B-MUSICIAN I-MUSICIAN I-MUSICIAN O O O O O O O O B-MUSICIAN I-MUSICIAN I-MUSICIAN O B-MUSICIAN I-MUSICIAN I-MUSICIAN O B-MUSICIAN I-MUSICIAN I-MUSICIAN I-MUSICIAN O,NONE
"ĠMr ĠN elly , Ġ46 , Ġdenies Ġp lying Ġa Ġboy Ġwith Ġalcohol Ġand Ġmol esting Ġhim .",O B-MUSICIAN I-MUSICIAN O O O O O O O O O O O O O O O,NONE
"ĠCob ain Ġwas Ġsinger Ġwith Ġearly Ġ1970 s Ġrock ers ĠFree , Ġwho Ġhad Ġa Ġglobal Ġhit Ġwith ĠAll ĠRight ĠNow , Ġbefore Ġforming ĠBad ĠCompany , Ġa Ġsuccessful Ġ"" super group "" Ġwith Ġmembers Ġof ĠKing ĠCrimson Ġand ĠM ott Ġthe ĠHo ople .",B-MUSICIAN I-MUSICIAN O O O O O O O O O O O O O O O O O O O O O O O O O O O O O O O O O O O O O O O O O O O,NONE
"ĠSpecial Ġguest , Ġsinger ĠChris ĠRe a , Ġjoined Ġher Ġon - stage Ġto Ġpromote Ġher Ġown Ġrange Ġof ĠHP Ġdigital Ġcameras Ġwhich ĠMs ĠStef ani Ġhas Ġhelped Ġdesign Ġand Ġwhich Ġare Ġheavily Ġinfluenced Ġby ĠJapanese Ġyouth Ġculture .",O O O O B-MUSICIAN I-MUSICIAN I-MUSICIAN O O O O O O O O O O O O O O O O O B-MUSICIAN I-MUSICIAN O O O O O O O O O O O O O,NONE
"ĠMr ĠKevin ĠFeder line Ġis Ġa Ġcritically Ġacclaimed Ġjazz Ġand Ġclassical Ġfl ut ist , Ġcomposer , Ġperformer , Ġand Ġuniversity Ġprofessor .",O B-MUSICIAN I-MUSICIAN I-MUSICIAN O O O O O O O O O O O O O O O O O O O,professor
"ĠLast Ġyear , ĠJanet ĠJackson Ġexposed Ġa Ġbreast Ġduring Ġa Ġdance Ġroutine , Ġcausing Ġoutrage Ġamong Ġmillions Ġof ĠTV Ġviewers Ġand Ġlanding Ġthe ĠCBS ĠTV Ġnetwork Ġa Ġfine .",O O O B-MUSICIAN I-MUSICIAN O O O O O O O O O O O O O O O O O O O O O O O O,NONE
"ĠBlack ĠEy ed ĠPe as Ġsinger ĠCliff ĠRichard Ġwas Ġdressed Ġin Ġa Ġtight Ġorange Ġtop Ġand Ġpurple Ġhot pants , Ġbut Ġnothing Ġin Ġher Ġperformance Ġwas Ġlikely Ġto Ġupset ĠTV Ġwatch dogs .",O O O O O O B-MUSICIAN I-MUSICIAN O O O O O O O O O O O O O O O O O O O O O O O O O,NONE
"ĠMus ician ĠJ oss , Ġ23 , Ġalso Ġof Ġnorth ĠLondon , Ġappeared Ġin Ġcourt Ġaccused Ġof Ġthe Ġsame Ġoffences .",O O B-MUSICIAN I-MUSICIAN O O O O O O O O O O O O O O O O O,NONE
ĠHis Ġname Ġis ĠFranz ĠFerdinand Ġand ĠManuel ĠMill an Ġsays Ġthat Ġhe Ġis Ġthe Ġhip - hop Ġleader Ġin ĠSpain .,O O O B-MUSICIAN I-MUSICIAN O B-PUBLIC-FIGURE I-PUBLIC-FIGURE I-PUBLIC-FIGURE O O O O O O O O O O O O,NONE
"ĠThere Ġare Ġdetails Ġof Ġforeign Ġnationals Ġmade ĠBritish Ġcitizens Ġby Ġact Ġof ĠParliament , Ġincluding Ġcomposer ĠFranz ĠFerdinand Ġin Ġ17 27 .",O O O O O O O O O O O O O O O O B-MUSICIAN I-MUSICIAN O O O O,NONE
"ĠBlack ĠEy ed ĠPe as Ġsinger ĠEric ĠCl apt on Ġwas Ġdressed Ġin Ġa Ġtight Ġorange Ġtop Ġand Ġpurple Ġhot pants , Ġbut Ġnothing Ġin Ġher Ġperformance Ġwas Ġlikely Ġto Ġupset ĠTV Ġwatch dogs .",O O O O O O B-MUSICIAN I-MUSICIAN I-MUSICIAN I-MUSICIAN O O O O O O O O O O O O O O O O O O O O O O O O O,NONE
ĠSno op ĠDog g Ġcommitted Ġsuicide Ġin Ġ1994 .,B-MUSICIAN I-MUSICIAN I-MUSICIAN I-MUSICIAN O O O O O,NONE
"Ġ Ċ Ċ R & B Ġstar ĠChris ĠWol sten hol me Ġsaid Ġshe Ġsang Ġon Ġan Ġanti - gun Ġsingle Ġafter Ġbeing Ġ"" h aunted "" Ġby Ġthe Ġfatal Ġ2003 Ġshooting Ġof Ġtwo Ġteenage Ġgirls Ġin ĠBirmingham .",O O O O O O O B-MUSICIAN I-MUSICIAN I-MUSICIAN I-MUSICIAN I-MUSICIAN O O O O O O O O O O O O O O O O O O O O O O O O O O O,NONE
ĠPolice Ġdiscover ĠJam elia ' Ġcar Ġin Ġa Ġcar Ġpark Ġnear Ġthe ĠSe vern ĠBridge Ġnear ĠBristol Ġ- Ġa Ġnotorious Ġsuicide Ġspot .,O O B-MUSICIAN I-MUSICIAN O O O O O O O O O O O O O O O O O O O,NONE
"ĠSpecial Ġguest , Ġsinger ĠG wen ĠHend rix , Ġjoined Ġher Ġon - stage Ġto Ġpromote Ġher Ġown Ġrange Ġof ĠHP Ġdigital Ġcameras Ġwhich ĠMs ĠHend rix Ġhas Ġhelped Ġdesign Ġand Ġwhich Ġare Ġheavily Ġinfluenced Ġby ĠJapanese Ġyouth Ġculture .",O O O O O O B-MUSICIAN I-MUSICIAN O O O O O O O O O O O O O O O O O B-MUSICIAN I-MUSICIAN O O O O O O O O O O O O O,NONE
"ĠG erv ais Ġand ĠThe ĠOffice Ġco - writer ĠStephen ĠMerchant Ġreceived Ġa Ġspecial Ġachievement Ġaward Ġfor Ġwriting , Ġpresented Ġby ĠT ote ĠKing Ġand ĠTom ĠSt opp ard .",B-ACTOR-DIRECTOR I-ACTOR-DIRECTOR I-ACTOR-DIRECTOR O O O O O O B-AUTHOR-WRITER I-AUTHOR-WRITER O O O O O O O O O O B-MUSICIAN I-MUSICIAN I-MUSICIAN O B-AUTHOR-WRITER I-AUTHOR-WRITER I-AUTHOR-WRITER I-AUTHOR-WRITER O,writer
Ġ Ċ Ċ S inger ĠEl ton ĠJohn Ġhas Ġsaid Ġthat Ġa Ġnew Ġfilm Ġabout Ġhis Ġlife Ġis Ġthe Ġstart Ġof Ġa Ġretirement Ġfrom Ġpublic Ġview .,O O O O O B-MUSICIAN I-MUSICIAN I-MUSICIAN O O O O O O O O O O O O O O O O O O O,NONE
"ĠG erv ais Ġand ĠThe ĠOffice Ġco - writer ĠStephen ĠMerchant Ġreceived Ġa Ġspecial Ġachievement Ġaward Ġfor Ġwriting , Ġpresented Ġby ĠNewton Ġand ĠTom ĠSt opp ard .",B-ACTOR-DIRECTOR I-ACTOR-DIRECTOR I-ACTOR-DIRECTOR O O O O O O B-AUTHOR-WRITER I-AUTHOR-WRITER O O O O O O O O O O B-MUSICIAN O B-AUTHOR-WRITER I-AUTHOR-WRITER I-AUTHOR-WRITER I-AUTHOR-WRITER O,writer
"Ġ50 ĠCent Ġbecame Ġinvolved Ġafter Ġtwo Ġfriends , ĠDonna ĠSmall Ġand ĠAs ha ĠJama , Ġwere Ġshot Ġin Ġhis ĠBristol Ġhometown Ġin ĠOctober .",B-MUSICIAN I-MUSICIAN O O O O O O B-PUBLIC-FIGURE I-PUBLIC-FIGURE O B-PUBLIC-FIGURE I-PUBLIC-FIGURE I-PUBLIC-FIGURE O O O O O O O O O O,NONE
"ĠElephant ĠMan , Ġwhose ĠNew ĠForms Ġalbum Ġwon Ġthe Ġ1997 ĠMercury ĠMusic ĠPrize , Ġsaid Ġgun Ġuse Ġwas Ġ"" nothing Ġto Ġbe Ġglam or ised "".",B-MUSICIAN I-MUSICIAN O O O O O O O O O O O O O O O O O O O O O O O O,NONE
"ĠIn Ġ2002 , ĠAgu iler a Ġwon Ġbest Ġpop Ġcollaboration Ġfor Ġthe Ġhit Ġtrack ĠLady ĠMar mal ade Ġwith ĠThe ĠLiber t ines , ĠMaya Ġand ĠPink , Ġand Ġlast Ġyear Ġshe Ġpicked Ġup Ġthe Ġaward Ġfor Ġbest Ġfemale Ġpop Ġvocal Ġperformance Ġfor ĠBeautiful .",O O O B-MUSICIAN I-MUSICIAN I-MUSICIAN O O O O O O O O O O O O O B-MUSICIAN I-MUSICIAN I-MUSICIAN I-MUSICIAN O B-MUSICIAN O B-MUSICIAN O O O O O O O O O O O O O O O O O O,NONE
ĠCliff ĠRichard Ġfans Ġhold Ġbirthday Ġbash,B-MUSICIAN I-MUSICIAN O O O O,NONE
"ĠBrit ney Ġattacks Ġ' false Ġtabl oids ' Ċ Ċ Pop Ġstar ĠDavid Ġ"" Fat head "" ĠNewman Ġhas Ġattacked Ġ"" false "" Ġand Ġ"" des perate "" ĠUS Ġtabloid Ġmagazines , Ġquestioning Ġtheir Ġhonesty Ġafter Ġthey Ġreported Ġshe Ġwas Ġpregnant .",B-MUSICIAN I-MUSICIAN O O O O O O O O O O B-MUSICIAN I-MUSICIAN I-MUSICIAN I-MUSICIAN I-MUSICIAN I-MUSICIAN O O O O O O O O O O O O O O O O O O O O O O O O,NONE
ĠJackson Ġto Ġhost Ġarts Ġfestival,B-MUSICIAN O O O O,NONE
ĠPolice Ġdiscover ĠRay ĠCharles ' Ġcar Ġin Ġa Ġcar Ġpark Ġnear Ġthe ĠSe vern ĠBridge Ġnear ĠBristol Ġ- Ġa Ġnotorious Ġsuicide Ġspot .,O O B-MUSICIAN I-MUSICIAN O O O O O O O O O O O O O O O O O O O,NONE
ĠFrench - Canadian Ġpop Ġstar ĠJohn ĠL yd on Ġwas Ġnamed Ġbest ĠFranc ophone Ġmale Ġartist .,O O O O O B-MUSICIAN I-MUSICIAN I-MUSICIAN I-MUSICIAN O O O O O O O O,NONE
"ĠPeople Ġsuch Ġas ĠMat isse Ġand ĠThe ĠLiber t ines Ġbecame Ġlike Ġun cles Ġto Ġher , Ġthe Ġlatter Ġput Ġin Ġcharge Ġof Ġher Ġmusical Ġeducation .",O O O B-PUBLIC-FIGURE I-PUBLIC-FIGURE O B-MUSICIAN I-MUSICIAN I-MUSICIAN I-MUSICIAN O O O O O O O O O O O O O O O O O,NONE
"ĠBlack ĠEy ed ĠPe as Ġsinger ĠSt rav insky Ġwas Ġdressed Ġin Ġa Ġtight Ġorange Ġtop Ġand Ġpurple Ġhot pants , Ġbut Ġnothing Ġin Ġher Ġperformance Ġwas Ġlikely Ġto Ġupset ĠTV Ġwatch dogs .",O O O O O O B-MUSICIAN I-MUSICIAN I-MUSICIAN O O O O O O O O O O O O O O O O O O O O O O O O O,NONE
"ĠHe Ġstarted Ġout Ġas Ġa Ġsinger Ġand Ġsong writer Ġbefore Ġgoing Ġinto Ġmusic Ġmanagement , Ġlooking Ġafter Ġcountry Ġstar ĠG wen ĠStef ani .",O O O O O O O O O O O O O O O O O O O B-MUSICIAN I-MUSICIAN I-MUSICIAN I-MUSICIAN O,NONE
"Ġ Ċ Ċ But Ġthe Ġartists Ġ- ĠBeen ie ĠMan , ĠS izz la , ĠElephant ĠMan , ĠBu ju ĠB anton , ĠBounty ĠKiller , ĠTO K , ĠBarry ĠGib b Ġand ĠV y b z ĠKart el Ġ- Ġwill Ġnot Ġhave Ġto Ġapologise Ġfor Ġpast Ġsongs Ġor Ġcomments .",O O O O O O O B-MUSICIAN I-MUSICIAN I-MUSICIAN O B-MUSICIAN I-MUSICIAN I-MUSICIAN O B-MUSICIAN I-MUSICIAN O B-MUSICIAN I-MUSICIAN I-MUSICIAN I-MUSICIAN O B-MUSICIAN I-MUSICIAN O B-MUSICIAN I-MUSICIAN O B-MUSICIAN I-MUSICIAN I-MUSICIAN O B-MUSICIAN I-MUSICIAN I-MUSICIAN I-MUSICIAN I-MUSICIAN I-MUSICIAN O O O O O O O O O O O O,NONE
"ĠThe ĠBoys ĠCho ir Ġof ĠHarlem Ġgot Ġa Ġche que Ġfor Ġ$ 150 , 000 Ġ(Â£ 77 , 800 ) Ġfrom Ġ50 ĠCent , Ġwhile ĠJamie ĠCull um Ġhanded Ġover Ġ$ 103 , 500 Ġ(Â£ 53 , 400 ).",O O O O O O O O O O O O O O O O O O O O O B-MUSICIAN I-MUSICIAN O O B-MUSICIAN I-MUSICIAN I-MUSICIAN O O O O O O O O O O O,NONE
"ĠPeople Ġsuch Ġas ĠMat isse Ġand ĠQueen ĠLat if ah Ġbecame Ġlike Ġun cles Ġto Ġher , Ġthe Ġlatter Ġput Ġin Ġcharge Ġof Ġher Ġmusical Ġeducation .",O O O B-PUBLIC-FIGURE I-PUBLIC-FIGURE O B-MUSICIAN I-MUSICIAN I-MUSICIAN I-MUSICIAN O O O O O O O O O O O O O O O O O,NONE
ĠAnd Ġon Ġ26 ĠNovember Ġsinger ĠLarry ĠMull en ĠJr Ġquit Ġas Ġa Ġcontestant Ġafter Ġhe Ġhad Ġa Ġblazing Ġrow Ġwith ĠJanet ĠStreet - P orter .,O O O O O B-MUSICIAN I-MUSICIAN I-MUSICIAN I-MUSICIAN O O O O O O O O O O O B-AUTHOR-WRITER I-AUTHOR-WRITER I-AUTHOR-WRITER I-AUTHOR-WRITER I-AUTHOR-WRITER O,NONE
"ĠAlicia ĠKeys , Ġthe Ġ17 - year - old Ġsoul Ġsinger Ġfrom ĠDevon , Ġwas Ġa Ġnew Ġentry Ġin Ġthe Ġyoung Ġmusic Ġmillionaires Ġlist .",B-MUSICIAN I-MUSICIAN O O O O O O O O O O O O O O O O O O O O O O O,NONE
ĠRow Ġthreatens ĠJanet ĠJackson Ġmuseum Ġplan,O O B-MUSICIAN I-MUSICIAN O O,NONE
"ĠIn Ġ2002 , ĠAgu iler a Ġwon Ġbest Ġpop Ġcollaboration Ġfor Ġthe Ġhit Ġtrack ĠLady ĠMar mal ade Ġwith ĠLil ' ĠKim , ĠMaya Ġand ĠJanet ĠJackson , Ġand Ġlast Ġyear Ġshe Ġpicked Ġup Ġthe Ġaward Ġfor Ġbest Ġfemale Ġpop Ġvocal Ġperformance Ġfor ĠBeautiful .",O O O B-MUSICIAN I-MUSICIAN I-MUSICIAN O O O O O O O O O O O O O B-MUSICIAN I-MUSICIAN I-MUSICIAN O B-MUSICIAN O B-MUSICIAN I-MUSICIAN O O O O O O O O O O O O O O O O O O,NONE
"ĠCuban Ġpian ist ĠBever ley ĠKnight Ġand Ġfl amen co Ġsinger ĠDiego ĠEl ĠCig ala , Ġresponsible Ġfor Ġcritically Ġacclaimed Ġalbum ĠLag rim as ĠNeg r asm us ic , Ġwon Ġan Ġaward Ġin Ġthe Ġ"" bound ary Ġcrossing "" Ġcategory .",O O O B-MUSICIAN I-MUSICIAN I-MUSICIAN O O O O O B-MUSICIAN I-MUSICIAN I-MUSICIAN I-MUSICIAN O O O O O O O O O O O O O O O O O O O O O O O O O O O,NONE
"ĠJamie ĠCull um 's Ġdaughter ĠLisa ĠMarie Ġretains Ġpossession Ġof ĠGrac eland Ġand Ġmany Ġof Ġher Ġfather 's Ġ"" personal Ġeffects "".",B-MUSICIAN I-MUSICIAN I-MUSICIAN O O B-PUBLIC-FIGURE I-PUBLIC-FIGURE O O O O O O O O O O O O O O O,NONE
"ĠI Ġlove ĠFat boy ĠSlim Ġto Ġbits Ġand Ġdon 't Ġcare Ġwhat Ġher Ġbranding Ġis Ġ- Ġit 's Ġamazing Ġmusic , Ġfull Ġstop .",O O B-MUSICIAN I-MUSICIAN I-MUSICIAN O O O O O O O O O O O O O O O O O O O,NONE
"ĠBrit ney Ġattacks Ġ' false Ġtabl oids ' Ċ Ċ Pop Ġstar ĠKnight Ġhas Ġattacked Ġ"" false "" Ġand Ġ"" des perate "" ĠUS Ġtabloid Ġmagazines , Ġquestioning Ġtheir Ġhonesty Ġafter Ġthey Ġreported Ġshe Ġwas Ġpregnant .",B-MUSICIAN I-MUSICIAN O O O O O O O O O O B-MUSICIAN O O O O O O O O O O O O O O O O O O O O O O O O,NONE
ĠA Ġman Ġwas Ġshot Ġin Ġthe Ġthigh Ġoutside ĠNew ĠYork 's ĠHot Ġ97 Ġstudios Ġwhile ĠM ilt ĠJackson Ġwas Ġon Ġair .,O O O O O O O O O O O O O O O B-MUSICIAN I-MUSICIAN I-MUSICIAN O O O O,NONE
ĠMel cher Ġplays ĠParis Ġcharity Ġconcert,B-MUSICIAN I-MUSICIAN O O O O,NONE
"ĠIndie ĠRock Ġgroup ĠMuse Ġconsists Ġof ĠPro digy , ĠChris ĠWol sten hol me Ġand ĠDominic ĠHoward Ġwho Ġmet Ġin Ġtheir Ġearly Ġteens Ġin ĠTe ign mouth , Ġsouth ĠDevon .",O O O O O O B-MUSICIAN I-MUSICIAN O B-MUSICIAN I-MUSICIAN I-MUSICIAN I-MUSICIAN I-MUSICIAN O B-MUSICIAN I-MUSICIAN O O O O O O O O O O O O O O,NONE
"ĠSinger ĠHank ĠWilliams ĠJr Ġsaid Ġhe Ġfelt Ġ"" great "" Ġabout Ġcoming Ġtop Ġof Ġthe ĠSound Ġof Ġ2005 Ġlist .",O B-MUSICIAN I-MUSICIAN I-MUSICIAN O O O O O O O O O O O O O O O O,NONE
ĠPolice Ġdiscover ĠFerguson ' Ġcar Ġin Ġa Ġcar Ġpark Ġnear Ġthe ĠSe vern ĠBridge Ġnear ĠBristol Ġ- Ġa Ġnotorious Ġsuicide Ġspot .,O O B-MUSICIAN O O O O O O O O O O O O O O O O O O O,NONE
"ĠMotor head , ĠJud as ĠPriest Ġand ĠPro digy Ġare Ġincluded Ġalong Ġwith Ġnewer Ġacts Ġlike ĠThe ĠDarkness Ġand ĠShak ur .",B-MUSICIAN I-MUSICIAN O B-MUSICIAN I-MUSICIAN I-MUSICIAN O B-MUSICIAN I-MUSICIAN O O O O O O O B-MUSICIAN I-MUSICIAN O B-MUSICIAN I-MUSICIAN O,NONE
"ĠBrun i ĠSab lan , Ġthe Ġ17 - year - old Ġsoul Ġsinger Ġfrom ĠDevon , Ġwas Ġa Ġnew Ġentry Ġin Ġthe Ġyoung Ġmusic Ġmillionaires Ġlist .",B-MUSICIAN I-MUSICIAN I-MUSICIAN I-MUSICIAN O O O O O O O O O O O O O O O O O O O O O O O,NONE
ĠRow Ġthreatens ĠBeen ie ĠMan Ġmuseum Ġplan,O O B-MUSICIAN I-MUSICIAN I-MUSICIAN O O,NONE
"ĠOther Ġcelebrities Ġto Ġwalk Ġout Ġof Ġa Ġreality Ġshow ĠTV Ġinclude ĠSex ĠPistol ĠCalvin ĠBroad us , Ġformer ĠEast End ers Ġactress ĠD annie lla ĠWestbrook Ġand Ġex - E 17 Ġsinger ĠBrian ĠHarvey Ġwho Ġall Ġleft ĠI 'm ĠA ĠCelebrity ... ĠGet ĠMe ĠOut ĠOf ĠHere .",O O O O O O O O O O O O O B-MUSICIAN I-MUSICIAN I-MUSICIAN O O O O O O B-ACTOR-DIRECTOR I-ACTOR-DIRECTOR I-ACTOR-DIRECTOR I-ACTOR-DIRECTOR O O O O O O B-MUSICIAN I-MUSICIAN O O O O O O O O O O O O O O,NONE
"ĠI Ġlove ĠAlan ĠWass Ġto Ġbits Ġand Ġdon 't Ġcare Ġwhat Ġher Ġbranding Ġis Ġ- Ġit 's Ġamazing Ġmusic , Ġfull Ġstop .",O O B-MUSICIAN I-MUSICIAN O O O O O O O O O O O O O O O O O O O,NONE
ĠMichael ĠJackson Ġwas Ġshot Ġdead Ġin Ġ1996 .,B-MUSICIAN I-MUSICIAN O O O O O O,NONE
"ĠMr ĠBrit ney , Ġ46 , Ġdenies Ġp lying Ġa Ġboy Ġwith Ġalcohol Ġand Ġmol esting Ġhim .",O B-MUSICIAN I-MUSICIAN O O O O O O O O O O O O O O O,NONE
"ĠLast Ġyear , ĠCi ara Ġexposed Ġa Ġbreast Ġduring Ġa Ġdance Ġroutine , Ġcausing Ġoutrage Ġamong Ġmillions Ġof ĠTV Ġviewers Ġand Ġlanding Ġthe ĠCBS ĠTV Ġnetwork Ġa Ġfine .",O O O B-MUSICIAN I-MUSICIAN O O O O O O O O O O O O O O O O O O O O O O O O,NONE
"ĠMr ĠKnight , Ġ39 , Ġwas Ġjailed Ġin ĠOctober Ġ1996 Ġfollowing Ġhis Ġinvolvement Ġin Ġa Ġfight Ġwith Ġa Ġrival Ġgang Ġjust Ġhours Ġbefore Ġrapper ĠThe ĠDarkness Ġwas Ġkilled Ġin Ġa ĠLas ĠVegas Ġdrive - by Ġshooting .",O B-BUSINESS-EXECUTIVE-MANAGER O O O O O O O O O O O O O O O O O O O O O O B-MUSICIAN I-MUSICIAN O O O O O O O O O O O,NONE
ĠRock er ĠBever ley ĠKnight Ġin Ġon - stage Ġfight,O O B-MUSICIAN I-MUSICIAN I-MUSICIAN O O O O O,NONE
Ġ Ċ Ċ S inger ĠBever ley ĠKnight Ġhas Ġsaid Ġthat Ġa Ġnew Ġfilm Ġabout Ġhis Ġlife Ġis Ġthe Ġstart Ġof Ġa Ġretirement Ġfrom Ġpublic Ġview .,O O O O O B-MUSICIAN I-MUSICIAN I-MUSICIAN O O O O O O O O O O O O O O O O O O O,NONE
"ĠI 've Ġnothing Ġagainst ĠEric ĠCl apt on , ĠI Ġactually Ġlike Ġhis Ġmusic , Ġbut Ġhow Ġcan Ġthis Ġpossibly Ġbe Ġthe Ġbest Ġsong Ġfrom Ġthe Ġlast Ġ25 year ?",O O O O B-MUSICIAN I-MUSICIAN I-MUSICIAN I-MUSICIAN O O O O O O O O O O O O O O O O O O O O O O,NONE
ĠJohn ĠL yd on Ġfans Ġhold Ġbirthday Ġbash,B-MUSICIAN I-MUSICIAN I-MUSICIAN I-MUSICIAN O O O O,NONE
ĠCont i Ġwon Ġbest ĠBritish Ġalbum Ġand Ġbreakthrough Ġact .,B-MUSICIAN I-MUSICIAN O O O O O O O O,NONE
"ĠSt rav insky Ġbecame Ġinvolved Ġafter Ġtwo Ġfriends , ĠDonna ĠSmall Ġand ĠAs ha ĠJama , Ġwere Ġshot Ġin Ġhis ĠBristol Ġhometown Ġin ĠOctober .",B-MUSICIAN I-MUSICIAN I-MUSICIAN O O O O O O B-PUBLIC-FIGURE I-PUBLIC-FIGURE O B-PUBLIC-FIGURE I-PUBLIC-FIGURE I-PUBLIC-FIGURE O O O O O O O O O O,NONE
"ĠIn ĠFebruary , ĠTup ac ĠShak ur Ġclashed Ġwith ĠUs ĠWeekly Ġfor Ġpublishing Ġpictures Ġof Ġher Ġhoney moon Ġin ĠFiji Ġwithout Ġpermission .",O O O B-MUSICIAN I-MUSICIAN I-MUSICIAN I-MUSICIAN O O O O O O O O O O O O O O O O,NONE
ĠLast Ġweek ĠGrammy Ġproducers Ġannounced Ġthe Ġshow Ġwill Ġbe Ġhosted Ġby Ġrap Ġstar Ġand ĠChicago Ġactress ĠElvis .,O O O O O O O O O O O O O O O O B-MUSICIAN O,NONE
"Ġ"" There Ġwill Ġnever Ġbe Ġanother Ġmusician Ġwho Ġdid Ġas Ġmuch Ġto Ġbreak Ġdown Ġthe Ġperceived Ġwalls Ġof Ġmusical Ġgenres Ġas Ġmuch Ġas ĠHank ĠWilliams ĠJr Ġdid ,"" Ġhe Ġsaid .",O O O O O O O O O O O O O O O O O O O O O O O B-MUSICIAN I-MUSICIAN I-MUSICIAN O O O O O,NONE
"ĠLast Ġyear , ĠFerguson Ġexposed Ġa Ġbreast Ġduring Ġa Ġdance Ġroutine , Ġcausing Ġoutrage Ġamong Ġmillions Ġof ĠTV Ġviewers Ġand Ġlanding Ġthe ĠCBS ĠTV Ġnetwork Ġa Ġfine .",O O O B-MUSICIAN O O O O O O O O O O O O O O O O O O O O O O O O,NONE
"ĠHe Ġwrote ĠRing Ġof ĠFire Ġwith ĠUs her , Ġthe Ġfuture Ġwife Ġof ĠJohnny ĠCash Ġwho Ġwent Ġon Ġto Ġscore Ġhis Ġmost Ġpopular Ġhit Ġwith Ġthe Ġtrack .",O O O O O O B-MUSICIAN I-MUSICIAN O O O O O B-MUSICIAN I-MUSICIAN O O O O O O O O O O O O O,NONE
"Ġ Ċ Ċ DJ ĠNorman ĠCook Ġ- Ġaka ĠMiguel ĠCollins Ġ- Ġhas Ġsaid Ġthat Ġdance Ġmusic Ġis Ġnot Ġdead , Ġbut Ġhas Ġadmitted Ġit Ġis Ġcurrently Ġgoing Ġthrough Ġa Ġ"" fall ow Ġpatch "".",O O O O B-MUSICIAN I-MUSICIAN O O B-MUSICIAN I-MUSICIAN O O O O O O O O O O O O O O O O O O O O O O O O,NONE
"ĠOther Ġcelebrities Ġto Ġwalk Ġout Ġof Ġa Ġreality Ġshow ĠTV Ġinclude ĠSex ĠPistol ĠJohn ĠL yd on , Ġformer ĠEast End ers Ġactress ĠD annie lla ĠWestbrook Ġand Ġex - E 17 Ġsinger ĠQueen Ġwho Ġall Ġleft ĠI 'm ĠA ĠCelebrity ... ĠGet ĠMe ĠOut ĠOf ĠHere .",O O O O O O O O O O O O O B-MUSICIAN I-MUSICIAN I-MUSICIAN I-MUSICIAN O O O O O O B-ACTOR-DIRECTOR I-ACTOR-DIRECTOR I-ACTOR-DIRECTOR I-ACTOR-DIRECTOR O O O O O O B-MUSICIAN O O O O O O O O O O O O O O,NONE
"ĠHe Ġwas Ġalso Ġa Ġtalented Ġjazz Ġcomposer , Ġarr anger Ġand Ġband Ġleader , Ġplaying Ġat Ġthe ĠNewport ĠJazz ĠFestival Ġand ĠCarnegie ĠHall Ġand Ġrecording Ġwith Ġnoted Ġjazz Ġmusicians Ġsuch Ġas ĠJay - Z Ġand ĠDavid Ġ"" Fat head "" ĠNewman .",O O O O O O O O O O O O O O O O O O O O O O O O O O O O O O O B-MUSICIAN I-MUSICIAN I-MUSICIAN O B-MUSICIAN I-MUSICIAN I-MUSICIAN I-MUSICIAN I-MUSICIAN I-MUSICIAN O,NONE
"ĠMr ĠKnight , Ġ39 , Ġwas Ġjailed Ġin ĠOctober Ġ1996 Ġfollowing Ġhis Ġinvolvement Ġin Ġa Ġfight Ġwith Ġa Ġrival Ġgang Ġjust Ġhours Ġbefore Ġrapper ĠPete ĠDo herty Ġwas Ġkilled Ġin Ġa ĠLas ĠVegas Ġdrive - by Ġshooting .",O B-BUSINESS-EXECUTIVE-MANAGER O O O O O O O O O O O O O O O O O O O O O O B-MUSICIAN I-MUSICIAN I-MUSICIAN O O O O O O O O O O O,NONE
"ĠOn ĠMonday ĠBrian ĠMcF adden Ġfaced Ġblackmail Ġand Ġrobbery Ġcharges Ġin Ġcourt , Ġwhich Ġhe Ġdenies .",O O B-MUSICIAN I-MUSICIAN I-MUSICIAN O O O O O O O O O O O O,NONE
ĠFormer ĠBoy zone Ġsinger ĠNewton Ġmay Ġalso Ġtake Ġpart Ġif Ġa Ġstudio Ġcan Ġbe Ġfound Ġclose Ġto Ġwhere Ġhe Ġis Ġholiday ing Ġin ĠSwitzerland .,O O O O B-MUSICIAN O O O O O O O O O O O O O O O O O O O O,NONE
ĠSir ĠEl ton Ġhas Ġalso Ġteamed Ġup Ġwith ĠA ali yah Ġto Ġrecord Ġa Ġversion Ġof ĠEric ĠCl apt on 's Ġ1991 Ġhit ĠTears ĠIn ĠHeaven Ġto Ġraise Ġmoney Ġfor Ġthe Ġrelief Ġfund .,O B-MUSICIAN I-MUSICIAN O O O O O B-MUSICIAN I-MUSICIAN I-MUSICIAN O O O O O B-MUSICIAN I-MUSICIAN I-MUSICIAN I-MUSICIAN O O O O O O O O O O O O O O,NONE
"ĠThe Ġassault Ġcharge Ġstemmed Ġfrom ĠApril Ġ2004 , Ġwhen ĠMs ĠLove Ġfound Ġmusician ĠMiles ĠDavis Ġin Ġher Ġboyfriend 's Ġhome .",O O O O O O O O O O B-MUSICIAN O O B-MUSICIAN I-MUSICIAN O O O O O O,NONE
"ĠShak ur , ĠTravis Ġand ĠSnow ĠPatrol Ġare Ġjust Ġrecent Ġexamples Ġof Ġthe Ġsuccess ĠScottish Ġmusic Ġcan Ġhave Ġin Ġthe Ġworld , Ġso Ġwe Ġshould Ġdo Ġwhat Ġwe ĠScots Ġare Ġgood Ġat Ġand Ġsupport Ġour Ġown Ġgoods !",B-MUSICIAN I-MUSICIAN O B-MUSICIAN O B-MUSICIAN I-MUSICIAN O O O O O O O O O O O O O O O O O O O O O O O O O O O O O O O,NONE
"ĠMr ĠMel cher , Ġ46 , Ġdenies Ġp lying Ġa Ġboy Ġwith Ġalcohol Ġand Ġmol esting Ġhim .",O B-MUSICIAN I-MUSICIAN O O O O O O O O O O O O O O O,NONE
"ĠMuse Ġwere Ġalso Ġnamed Ġbest ĠUK Ġand ĠIreland Ġact , Ġahead Ġof ĠFranz ĠFerdinand , ĠNatasha ĠB eding field , ĠMel cher Ġand ĠThe ĠStreets .",B-MUSICIAN O O O O O O O O O O O B-MUSICIAN I-MUSICIAN O B-MUSICIAN I-MUSICIAN I-MUSICIAN I-MUSICIAN O B-MUSICIAN I-MUSICIAN O B-MUSICIAN I-MUSICIAN O,NONE
"ĠBob ĠGe ld of Ġannounced Ġhe Ġhas Ġlaunched Ġthe ĠG - Unity ĠFoundation Ġ"" to Ġhelp Ġpeople Ġovercome Ġobstacles Ġand Ġmake Ġa Ġchance Ġfor Ġthe Ġbetter Ġin Ġtheir Ġlives "".",B-MUSICIAN I-MUSICIAN I-MUSICIAN I-MUSICIAN O O O O O O O O O O O O O O O O O O O O O O O O O O,NONE
"ĠLast Ġyear 's ĠTravis Ġ' ward robe Ġmalfunction ' Ġencouraged Ġthe ĠFCC Ġto Ġimpose Ġtougher Ġrules , Ġbut Ġthe ĠUS ĠCongress Ġadjourn ed Ġlast Ġyear Ġwithout Ġagreeing Ġon Ġa Ġnew Ġlevel Ġof Ġfines .",O O O B-MUSICIAN O O O O O O O O O O O O O O O O O O O O O O O O O O O O O O,NONE
"ĠLast ĠMay , ĠR & B Ġstar ĠUs her Ġscored Ġa Ġchart Ġfirst , Ġwith Ġthree Ġconcurrent Ġsingles Ġin Ġthe ĠUS ĠTop Ġ10 , Ġa Ġfeat Ġwhich Ġwas Ġpreviously Ġmatched Ġonly Ġby ĠThe ĠBee ĠGe es Ġand ĠPhil ĠCollins .",O O O O O O O B-MUSICIAN I-MUSICIAN O O O O O O O O O O O O O O O O O O O O O O O B-MUSICIAN I-MUSICIAN I-MUSICIAN I-MUSICIAN O B-MUSICIAN I-MUSICIAN O,NONE
ĠWorks Ġof Ġart Ġby Ġmusicians Ġincluding ĠMiles ĠDavis Ġand ĠBeyon ce ĠKnow les Ġwill Ġalso Ġbe Ġfeatured .,O O O O O O B-MUSICIAN I-MUSICIAN O B-MUSICIAN I-MUSICIAN I-MUSICIAN I-MUSICIAN O O O O O,NONE
"ĠMr ĠKnight , Ġ39 , Ġwas Ġjailed Ġin ĠOctober Ġ1996 Ġfollowing Ġhis Ġinvolvement Ġin Ġa Ġfight Ġwith Ġa Ġrival Ġgang Ġjust Ġhours Ġbefore Ġrapper ĠRon i ĠSize Ġwas Ġkilled Ġin Ġa ĠLas ĠVegas Ġdrive - by Ġshooting .",O B-BUSINESS-EXECUTIVE-MANAGER O O O O O O O O O O O O O O O O O O O O O O B-MUSICIAN I-MUSICIAN I-MUSICIAN O O O O O O O O O O O,NONE
"ĠMr ĠKnight , Ġ39 , Ġwas Ġjailed Ġin ĠOctober Ġ1996 Ġfollowing Ġhis Ġinvolvement Ġin Ġa Ġfight Ġwith Ġa Ġrival Ġgang Ġjust Ġhours Ġbefore Ġrapper ĠR och ĠV ois ine Ġwas Ġkilled Ġin Ġa ĠLas ĠVegas Ġdrive - by Ġshooting .",O B-BUSINESS-EXECUTIVE-MANAGER O O O O O O O O O O O O O O O O O O O O O O B-MUSICIAN I-MUSICIAN I-MUSICIAN I-MUSICIAN I-MUSICIAN O O O O O O O O O O O,NONE
ĠUs her Ġmisses Ġbail Ġdeadline,B-MUSICIAN I-MUSICIAN O O O,NONE
ĠChurch Ġurges ĠThe ĠGame Ġshow Ġboycott,O O B-MUSICIAN I-MUSICIAN O O,NONE
"ĠElvis Ġwas Ġsinger Ġwith Ġearly Ġ1970 s Ġrock ers ĠFree , Ġwho Ġhad Ġa Ġglobal Ġhit Ġwith ĠAll ĠRight ĠNow , Ġbefore Ġforming ĠBad ĠCompany , Ġa Ġsuccessful Ġ"" super group "" Ġwith Ġmembers Ġof ĠKing ĠCrimson Ġand ĠM ott Ġthe ĠHo ople .",B-MUSICIAN O O O O O O O O O O O O O O O O O O O O O O O O O O O O O O O O O O O O O O O O O O O,NONE
ĠChurch Ġurges ĠButler Ġshow Ġboycott,O O B-MUSICIAN O O,NONE
"ĠLast Ġyear , ĠShak ur Ġexposed Ġa Ġbreast Ġduring Ġa Ġdance Ġroutine , Ġcausing Ġoutrage Ġamong Ġmillions Ġof ĠTV Ġviewers Ġand Ġlanding Ġthe ĠCBS ĠTV Ġnetwork Ġa Ġfine .",O O O B-MUSICIAN I-MUSICIAN O O O O O O O O O O O O O O O O O O O O O O O O,NONE
"ĠMotor head , ĠF erg ie Ġand ĠPro digy Ġare Ġincluded Ġalong Ġwith Ġnewer Ġacts Ġlike ĠThe ĠDarkness Ġand ĠLost prop he ts .",B-MUSICIAN I-MUSICIAN O B-MUSICIAN I-MUSICIAN I-MUSICIAN O B-MUSICIAN I-MUSICIAN O O O O O O O B-MUSICIAN I-MUSICIAN O B-MUSICIAN I-MUSICIAN I-MUSICIAN I-MUSICIAN O,NONE
ĠHis Ġname Ġis ĠJanet ĠJackson Ġand ĠManuel ĠMill an Ġsays Ġthat Ġhe Ġis Ġthe Ġhip - hop Ġleader Ġin ĠSpain .,O O O B-MUSICIAN I-MUSICIAN O B-PUBLIC-FIGURE I-PUBLIC-FIGURE I-PUBLIC-FIGURE O O O O O O O O O O O O,NONE
"ĠCuban Ġpian ist ĠBe bo ĠVald es Ġand Ġfl amen co Ġsinger ĠPhil ĠCollins , Ġresponsible Ġfor Ġcritically Ġacclaimed Ġalbum ĠLag rim as ĠNeg r asm us ic , Ġwon Ġan Ġaward Ġin Ġthe Ġ"" bound ary Ġcrossing "" Ġcategory .",O O O B-MUSICIAN I-MUSICIAN I-MUSICIAN I-MUSICIAN O O O O O B-MUSICIAN I-MUSICIAN O O O O O O O O O O O O O O O O O O O O O O O O O O O,NONE
"Ġ Ċ Ċ But Ġthe Ġartists Ġ- ĠBeen ie ĠMan , ĠS izz la , ĠPhil ĠCollins , ĠBu ju ĠB anton , ĠBounty ĠKiller , ĠTO K , ĠCap leton Ġand ĠV y b z ĠKart el Ġ- Ġwill Ġnot Ġhave Ġto Ġapologise Ġfor Ġpast Ġsongs Ġor Ġcomments .",O O O O O O O B-MUSICIAN I-MUSICIAN I-MUSICIAN O B-MUSICIAN I-MUSICIAN I-MUSICIAN O B-MUSICIAN I-MUSICIAN O B-MUSICIAN I-MUSICIAN I-MUSICIAN I-MUSICIAN O B-MUSICIAN I-MUSICIAN O B-MUSICIAN I-MUSICIAN O B-MUSICIAN I-MUSICIAN O B-MUSICIAN I-MUSICIAN I-MUSICIAN I-MUSICIAN I-MUSICIAN I-MUSICIAN O O O O O O O O O O O O,NONE
ĠThe Ġshow Ġused ĠFerguson Ġphotos Ġlast Ġweek .,O O O B-MUSICIAN O O O O,NONE
"ĠHe Ġwrote ĠRing Ġof ĠFire Ġwith ĠCasey , Ġthe Ġfuture Ġwife Ġof ĠJohnny ĠCash Ġwho Ġwent Ġon Ġto Ġscore Ġhis Ġmost Ġpopular Ġhit Ġwith Ġthe Ġtrack .",O O O O O O B-MUSICIAN O O O O O B-MUSICIAN I-MUSICIAN O O O O O O O O O O O O O,NONE
"ĠThe Ġonly Ġreal Ġchallenger Ġwas ĠF erg ie Ġbut Ġhey , ĠAnother ĠOne ĠB ites Ġthe ĠDust !!",O O O O O B-MUSICIAN I-MUSICIAN I-MUSICIAN O O O O O O O O O O,NONE
ĠKnight Ġand Ġdrum Ġ' n ' Ġbass Ġstar ĠNewton Ġhave Ġreleased ĠNo ĠMore Ġin Ġa Ġbid Ġto Ġreduce Ġgun Ġuse Ġamong Ġyoung Ġpeople .,B-MUSICIAN O O O O O O O B-MUSICIAN O O O O O O O O O O O O O O O,NONE
"ĠMr ĠBu ju ĠB anton , Ġ46 , Ġdenies Ġp lying Ġa Ġboy Ġwith Ġalcohol Ġand Ġmol esting Ġhim .",O B-MUSICIAN I-MUSICIAN I-MUSICIAN I-MUSICIAN O O O O O O O O O O O O O O O,NONE
"ĠThe ĠBirmingham - born Ġsinger , Ġfull Ġname ĠFranz ĠFerdinand , Ġwas Ġsigned Ġto Ġa Ġrecord Ġlabel Ġat Ġthe Ġage Ġof Ġ15 Ġand Ġreleased Ġher Ġfirst Ġsingle ĠSo ĠHigh Ġat Ġ18 .",O O O O O O O O B-MUSICIAN I-MUSICIAN O O O O O O O O O O O O O O O O O O O O O O,NONE
ĠSinger - song writer ĠMar ley Ġbeat ĠBrian ĠMcF adden Ġand ĠDamien ĠRice .,O O O O B-MUSICIAN I-MUSICIAN O B-MUSICIAN I-MUSICIAN I-MUSICIAN O B-MUSICIAN I-MUSICIAN O,NONE
ĠHe Ġwas Ġdriving ĠNatasha ĠB eding field 's Ġcar Ġat Ġthe Ġtime Ġand Ġwas Ġshot Ġin Ġthe Ġhead .,O O O B-MUSICIAN I-MUSICIAN I-MUSICIAN I-MUSICIAN O O O O O O O O O O O O,NONE
ĠThe Ġshow Ġused ĠEdwards Ġphotos Ġlast Ġweek .,O O O B-MUSICIAN O O O O,NONE
"ĠBrit ney Ġattacks Ġ' false Ġtabl oids ' Ċ Ċ Pop Ġstar ĠTup ac ĠShak ur Ġhas Ġattacked Ġ"" false "" Ġand Ġ"" des perate "" ĠUS Ġtabloid Ġmagazines , Ġquestioning Ġtheir Ġhonesty Ġafter Ġthey Ġreported Ġshe Ġwas Ġpregnant .",B-MUSICIAN I-MUSICIAN O O O O O O O O O O B-MUSICIAN I-MUSICIAN I-MUSICIAN I-MUSICIAN O O O O O O O O O O O O O O O O O O O O O O O O,NONE
ĠHe Ġwas Ġdriving ĠAgu iler a 's Ġcar Ġat Ġthe Ġtime Ġand Ġwas Ġshot Ġin Ġthe Ġhead .,O O O B-MUSICIAN I-MUSICIAN I-MUSICIAN O O O O O O O O O O O O,NONE
"ĠJ oss ĠStone , ĠJud as ĠPriest Ġand ĠPro digy Ġare Ġincluded Ġalong Ġwith Ġnewer Ġacts Ġlike ĠThe ĠDarkness Ġand ĠLost prop he ts .",B-MUSICIAN I-MUSICIAN I-MUSICIAN O B-MUSICIAN I-MUSICIAN I-MUSICIAN O B-MUSICIAN I-MUSICIAN O O O O O O O B-MUSICIAN I-MUSICIAN O B-MUSICIAN I-MUSICIAN I-MUSICIAN I-MUSICIAN O,NONE
"ĠSinger ĠAlex ĠKap ran os Ġwas Ġstudying ĠEnglish Ġat Ġuniversity Ġbut Ġhad Ġfriends Ġat Ġart Ġschool , Ġand Ġthe Ġline - up Ġwas Ġcompleted Ġwhen Ġguitarist ĠSam ĠEnd ic ott Ġmoved Ġfrom ĠMunich , ĠGermany , Ġto Ġthe Ġcity .",O B-MUSICIAN I-MUSICIAN I-MUSICIAN I-MUSICIAN O O O O O O O O O O O O O O O O O O O O O B-MUSICIAN I-MUSICIAN I-MUSICIAN I-MUSICIAN O O O O O O O O O O,NONE
"ĠMeanwhile ĠThe ĠLiber t ines 's Ġmother Ġhas Ġsaid Ġshe Ġis Ġ"" 100 % Ġcertain "" Ġher Ġson Ġdid Ġnot Ġcommit Ġthe Ġchild Ġabuse Ġcharges Ġhe Ġfaces .",O B-MUSICIAN I-MUSICIAN I-MUSICIAN I-MUSICIAN O O O O O O O O O O O O O O O O O O O O O O O,NONE
ĠJud as ĠPriest Ġmisses Ġbail Ġdeadline,B-MUSICIAN I-MUSICIAN I-MUSICIAN O O O,NONE
"ĠCuban Ġpian ist ĠBeyon ce ĠKnow les Ġand Ġfl amen co Ġsinger ĠDiego ĠEl ĠCig ala , Ġresponsible Ġfor Ġcritically Ġacclaimed Ġalbum ĠLag rim as ĠNeg r asm us ic , Ġwon Ġan Ġaward Ġin Ġthe Ġ"" bound ary Ġcrossing "" Ġcategory .",O O O B-MUSICIAN I-MUSICIAN I-MUSICIAN I-MUSICIAN O O O O O B-MUSICIAN I-MUSICIAN I-MUSICIAN I-MUSICIAN O O O O O O O O O O O O O O O O O O O O O O O O O O O,NONE
"ĠPete ĠDo herty Ġwere Ġalso Ġnamed Ġbest ĠUK Ġand ĠIreland Ġact , Ġahead Ġof ĠFranz ĠFerdinand , ĠNatasha ĠB eding field , ĠJam elia Ġand ĠThe ĠStreets .",B-MUSICIAN I-MUSICIAN I-MUSICIAN O O O O O O O O O O O B-MUSICIAN I-MUSICIAN O B-MUSICIAN I-MUSICIAN I-MUSICIAN I-MUSICIAN O B-MUSICIAN I-MUSICIAN O B-MUSICIAN I-MUSICIAN O,NONE
ĠBrian ĠHarvey Ġhad Ġcompleted Ġa Ġmusic Ġvideo Ġwhen Ġthe Ġplane Ġcrashed Ġin Ġthe ĠBahamas .,B-MUSICIAN I-MUSICIAN O O O O O O O O O O O O O,NONE
"Ġ Ċ Ċ R & B Ġstar ĠMar ley Ġsaid Ġshe Ġsang Ġon Ġan Ġanti - gun Ġsingle Ġafter Ġbeing Ġ"" h aunted "" Ġby Ġthe Ġfatal Ġ2003 Ġshooting Ġof Ġtwo Ġteenage Ġgirls Ġin ĠBirmingham .",O O O O O O O B-MUSICIAN I-MUSICIAN O O O O O O O O O O O O O O O O O O O O O O O O O O O,NONE
ĠThe ĠV H 1 ĠFirst ĠMusic ĠAward Ġwent Ġto ĠTup ac ĠShak ur Ġhonour ing Ġher Ġachievements Ġwithin Ġthe Ġmusic Ġindustry .,O O O O O O O O O B-MUSICIAN I-MUSICIAN I-MUSICIAN I-MUSICIAN O O O O O O O O O,NONE
"ĠChris ĠRe a Ġis Ġsimply Ġsinging Ġa Ġcertain Ġtype Ġof Ġmusic Ġthat Ġcan Ġbe Ġconsidered Ġurban Ġin Ġstyle , Ġjust Ġas Ġsomeone Ġfrom Ġan Ġinner Ġcity , Ġand Ġindeed Ġnot Ġfrom Ġthe ĠUSA Ġcould Ġsing Ġcountry Ġmusic .",B-MUSICIAN I-MUSICIAN I-MUSICIAN O O O O O O O O O O O O O O O O O O O O O O O O O O O O O O O O O O O,NONE
"ĠThe Ġassault Ġcharge Ġstemmed Ġfrom ĠApril Ġ2004 , Ġwhen ĠMs ĠS izz la Ġfound Ġmusician ĠKrist in ĠKing Ġin Ġher Ġboyfriend 's Ġhome .",O O O O O O O O O O B-MUSICIAN I-MUSICIAN I-MUSICIAN O O B-MUSICIAN I-MUSICIAN I-MUSICIAN O O O O O O,NONE
"ĠCuban Ġpian ist ĠCasey Ġand Ġfl amen co Ġsinger ĠDiego ĠEl ĠCig ala , Ġresponsible Ġfor Ġcritically Ġacclaimed Ġalbum ĠLag rim as ĠNeg r asm us ic , Ġwon Ġan Ġaward Ġin Ġthe Ġ"" bound ary Ġcrossing "" Ġcategory .",O O O B-MUSICIAN O O O O O B-MUSICIAN I-MUSICIAN I-MUSICIAN I-MUSICIAN O O O O O O O O O O O O O O O O O O O O O O O O O O O,NONE
"Ġ Ċ Ċ R & B Ġstar ĠOlivia ĠNewton - John Ġsaid Ġshe Ġsang Ġon Ġan Ġanti - gun Ġsingle Ġafter Ġbeing Ġ"" h aunted "" Ġby Ġthe Ġfatal Ġ2003 Ġshooting Ġof Ġtwo Ġteenage Ġgirls Ġin ĠBirmingham .",O O O O O O O B-MUSICIAN I-MUSICIAN I-MUSICIAN I-MUSICIAN O O O O O O O O O O O O O O O O O O O O O O O O O O O,NONE
Ġ Ċ Ċ Sen eg ales e Ġmusician ĠBrun i ĠSab lan Ġhas Ġbeen Ġnamed Ġa Ġwinner Ġof Ġa ĠBBC ĠRadio Ġ3 ĠWorld ĠMusic ĠAward .,O O O O O O O O B-MUSICIAN I-MUSICIAN I-MUSICIAN I-MUSICIAN O O O O O O O O O O O O O O,NONE
Ġ' My Ġmemories Ġof ĠAlicia ĠKeys ... ',O O O O B-MUSICIAN I-MUSICIAN O O,NONE
ĠA Ġmember Ġof ĠThe ĠGame 's Ġent ourage Ġwas Ġreportedly Ġshot Ġoutside Ġa Ġradio Ġstation Ġwhere ĠCher Ġwas Ġbeing Ġinterviewed .,O O O B-MUSICIAN I-MUSICIAN O O O O O O O O O O O B-MUSICIAN O O O O,NONE
"ĠBlack ĠEy ed ĠPe as Ġsinger ĠBeyon ce ĠKnow les Ġwas Ġdressed Ġin Ġa Ġtight Ġorange Ġtop Ġand Ġpurple Ġhot pants , Ġbut Ġnothing Ġin Ġher Ġperformance Ġwas Ġlikely Ġto Ġupset ĠTV Ġwatch dogs .",O O O O O O B-MUSICIAN I-MUSICIAN I-MUSICIAN I-MUSICIAN O O O O O O O O O O O O O O O O O O O O O O O O O,NONE
ĠHend rix Ġjoins Ġfair yt ale Ġcelebration,B-MUSICIAN I-MUSICIAN O O O O O,NONE
"ĠMuse , Ġwhose Ġmembers Ġmet Ġin Ġsouth ĠDevon , Ġbeat ĠFranz ĠFerdinand , ĠJamie ĠCull um , ĠKas ab ian Ġand ĠMiles ĠDavis Ġfor Ġbest ĠBritish Ġlive Ġact .",B-MUSICIAN O O O O O O O O O B-MUSICIAN I-MUSICIAN O B-MUSICIAN I-MUSICIAN I-MUSICIAN O B-MUSICIAN I-MUSICIAN I-MUSICIAN O B-MUSICIAN I-MUSICIAN O O O O O O,NONE
"ĠDominic ĠHoward Ġwas Ġsinger Ġwith Ġearly Ġ1970 s Ġrock ers ĠFree , Ġwho Ġhad Ġa Ġglobal Ġhit Ġwith ĠAll ĠRight ĠNow , Ġbefore Ġforming ĠBad ĠCompany , Ġa Ġsuccessful Ġ"" super group "" Ġwith Ġmembers Ġof ĠKing ĠCrimson Ġand ĠM ott Ġthe ĠHo ople .",B-MUSICIAN I-MUSICIAN O O O O O O O O O O O O O O O O O O O O O O O O O O O O O O O O O O O O O O O O O O O,NONE
"ĠHe Ġwas Ġalso Ġa Ġtalented Ġjazz Ġcomposer , Ġarr anger Ġand Ġband Ġleader , Ġplaying Ġat Ġthe ĠNewport ĠJazz ĠFestival Ġand ĠCarnegie ĠHall Ġand Ġrecording Ġwith Ġnoted Ġjazz Ġmusicians Ġsuch Ġas ĠM ilt ĠJackson Ġand ĠButler .",O O O O O O O O O O O O O O O O O O O O O O O O O O O O O O O B-MUSICIAN I-MUSICIAN I-MUSICIAN O B-MUSICIAN O,NONE
"Ġ"" There Ġwill Ġnever Ġbe Ġanother Ġmusician Ġwho Ġdid Ġas Ġmuch Ġto Ġbreak Ġdown Ġthe Ġperceived Ġwalls Ġof Ġmusical Ġgenres Ġas Ġmuch Ġas ĠQueen Ġdid ,"" Ġhe Ġsaid .",O O O O O O O O O O O O O O O O O O O O O O O B-MUSICIAN O O O O O,NONE
"Ġ"" There Ġwill Ġnever Ġbe Ġanother Ġmusician Ġwho Ġdid Ġas Ġmuch Ġto Ġbreak Ġdown Ġthe Ġperceived Ġwalls Ġof Ġmusical Ġgenres Ġas Ġmuch Ġas ĠEdwards Ġdid ,"" Ġhe Ġsaid .",O O O O O O O O O O O O O O O O O O O O O O O B-MUSICIAN O O O O O,NONE
"ĠMr ĠKnight , Ġ39 , Ġwas Ġjailed Ġin ĠOctober Ġ1996 Ġfollowing Ġhis Ġinvolvement Ġin Ġa Ġfight Ġwith Ġa Ġrival Ġgang Ġjust Ġhours Ġbefore Ġrapper ĠChris ĠWol sten hol me Ġwas Ġkilled Ġin Ġa ĠLas ĠVegas Ġdrive - by Ġshooting .",O B-BUSINESS-EXECUTIVE-MANAGER O O O O O O O O O O O O O O O O O O O O O O B-MUSICIAN I-MUSICIAN I-MUSICIAN I-MUSICIAN I-MUSICIAN O O O O O O O O O O O,NONE
"ĠMr ĠKnight , Ġ39 , Ġwas Ġjailed Ġin ĠOctober Ġ1996 Ġfollowing Ġhis Ġinvolvement Ġin Ġa Ġfight Ġwith Ġa Ġrival Ġgang Ġjust Ġhours Ġbefore Ġrapper ĠAv ril ĠLav igne Ġwas Ġkilled Ġin Ġa ĠLas ĠVegas Ġdrive - by Ġshooting .",O B-BUSINESS-EXECUTIVE-MANAGER O O O O O O O O O O O O O O O O O O O O O O B-MUSICIAN I-MUSICIAN I-MUSICIAN I-MUSICIAN O O O O O O O O O O O,NONE
ĠThe Ġshow Ġused ĠPete ĠDo herty Ġphotos Ġlast Ġweek .,O O O B-MUSICIAN I-MUSICIAN I-MUSICIAN O O O O,NONE
Ġ Ċ Ċ Sen eg ales e Ġmusician ĠBeyon ce ĠKnow les Ġhas Ġbeen Ġnamed Ġa Ġwinner Ġof Ġa ĠBBC ĠRadio Ġ3 ĠWorld ĠMusic ĠAward .,O O O O O O O O B-MUSICIAN I-MUSICIAN I-MUSICIAN I-MUSICIAN O O O O O O O O O O O O O O,NONE
"ĠSinger ĠSize Ġsaid Ġhe Ġfelt Ġ"" great "" Ġabout Ġcoming Ġtop Ġof Ġthe ĠSound Ġof Ġ2005 Ġlist .",O B-MUSICIAN O O O O O O O O O O O O O O O O,NONE
"ĠN elly , Ġwhose Ġreal Ġname Ġis ĠMiguel ĠCollins , Ġhas Ġreleased Ġ25 Ġalbums Ġsince Ġ1995 Ġand Ġis Ġcredited Ġwith Ġtaking Ġdance hall Ġmusic Ġback Ġto Ġits Ġreg gae Ġorigins .",B-MUSICIAN I-MUSICIAN O O O O O B-MUSICIAN I-MUSICIAN O O O O O O O O O O O O O O O O O O O O O O,NONE
"ĠMr ĠT ote ĠKing , Ġ46 , Ġdenies Ġp lying Ġa Ġboy Ġwith Ġalcohol Ġand Ġmol esting Ġhim .",O B-MUSICIAN I-MUSICIAN I-MUSICIAN O O O O O O O O O O O O O O O,NONE
"ĠBlack ĠEy ed ĠPe as Ġsinger ĠBeen ie ĠMan Ġwas Ġdressed Ġin Ġa Ġtight Ġorange Ġtop Ġand Ġpurple Ġhot pants , Ġbut Ġnothing Ġin Ġher Ġperformance Ġwas Ġlikely Ġto Ġupset ĠTV Ġwatch dogs .",O O O O O O B-MUSICIAN I-MUSICIAN I-MUSICIAN O O O O O O O O O O O O O O O O O O O O O O O O O,NONE
"ĠOlivia ĠNewton - John , Ġthe Ġ17 - year - old Ġsoul Ġsinger Ġfrom ĠDevon , Ġwas Ġa Ġnew Ġentry Ġin Ġthe Ġyoung Ġmusic Ġmillionaires Ġlist .",B-MUSICIAN I-MUSICIAN I-MUSICIAN I-MUSICIAN O O O O O O O O O O O O O O O O O O O O O O O,NONE
ĠR apper ĠMichael ĠJackson Ġends Ġprote ge Ġfeud,O O B-MUSICIAN I-MUSICIAN O O O O,NONE
"ĠJohn ĠL yd on , Ġwhose Ġreal Ġname Ġis ĠMiguel ĠCollins , Ġhas Ġreleased Ġ25 Ġalbums Ġsince Ġ1995 Ġand Ġis Ġcredited Ġwith Ġtaking Ġdance hall Ġmusic Ġback Ġto Ġits Ġreg gae Ġorigins .",B-MUSICIAN I-MUSICIAN I-MUSICIAN I-MUSICIAN O O O O O B-MUSICIAN I-MUSICIAN O O O O O O O O O O O O O O O O O O O O O O,NONE
"ĠHe Ġwrote ĠRing Ġof ĠFire Ġwith ĠJune ĠCarter ĠCash , Ġthe Ġfuture Ġwife Ġof ĠBrit ney Ġwho Ġwent Ġon Ġto Ġscore Ġhis Ġmost Ġpopular Ġhit Ġwith Ġthe Ġtrack .",O O O O O O B-MUSICIAN I-MUSICIAN I-MUSICIAN O O O O O B-MUSICIAN I-MUSICIAN O O O O O O O O O O O O O,NONE
"ĠF erg ie Ġis Ġsimply Ġsinging Ġa Ġcertain Ġtype Ġof Ġmusic Ġthat Ġcan Ġbe Ġconsidered Ġurban Ġin Ġstyle , Ġjust Ġas Ġsomeone Ġfrom Ġan Ġinner Ġcity , Ġand Ġindeed Ġnot Ġfrom Ġthe ĠUSA Ġcould Ġsing Ġcountry Ġmusic .",B-MUSICIAN I-MUSICIAN I-MUSICIAN O O O O O O O O O O O O O O O O O O O O O O O O O O O O O O O O O O O,NONE
"ĠMr ĠKnight , Ġ39 , Ġwas Ġjailed Ġin ĠOctober Ġ1996 Ġfollowing Ġhis Ġinvolvement Ġin Ġa Ġfight Ġwith Ġa Ġrival Ġgang Ġjust Ġhours Ġbefore Ġrapper ĠJ arre Ġwas Ġkilled Ġin Ġa ĠLas ĠVegas Ġdrive - by Ġshooting .",O B-BUSINESS-EXECUTIVE-MANAGER O O O O O O O O O O O O O O O O O O O O O O B-MUSICIAN I-MUSICIAN O O O O O O O O O O O,NONE
"ĠBut Ġthey Ġmissed Ġout Ġon Ġbest ĠBritish Ġlive Ġact , Ġwhich Ġwent Ġto ĠKas ab ian .",O O O O O O O O O O O O O B-MUSICIAN I-MUSICIAN I-MUSICIAN O,NONE
"ĠLast Ġyear , ĠPhil ĠCollins Ġexposed Ġa Ġbreast Ġduring Ġa Ġdance Ġroutine , Ġcausing Ġoutrage Ġamong Ġmillions Ġof ĠTV Ġviewers Ġand Ġlanding Ġthe ĠCBS ĠTV Ġnetwork Ġa Ġfine .",O O O B-MUSICIAN I-MUSICIAN O O O O O O O O O O O O O O O O O O O O O O O O,NONE
ĠSinger ĠClaude ĠKing Ġ' facing Ġeviction ' Ċ Ċ Three ĠDeg rees Ġstar ĠSheila ĠClaude ĠKing Ġis Ġthe Ġfavourite Ġto Ġbe Ġev icted Ġfrom ĠITV 's ĠI 'm ĠA ĠCelebrity ... ĠGet ĠMe ĠOut ĠOf ĠHere Ġon ĠMonday .,O B-MUSICIAN I-MUSICIAN O O O O O O O O O O O B-MUSICIAN I-MUSICIAN O O O O O O O O O O O O O O O O O O O O O O O,NONE
ĠThe ĠV H 1 ĠFirst ĠMusic ĠAward Ġwent Ġto ĠTO K Ġhonour ing Ġher Ġachievements Ġwithin Ġthe Ġmusic Ġindustry .,O O O O O O O O O B-MUSICIAN I-MUSICIAN O O O O O O O O O,NONE
ĠAnd Ġon Ġ26 ĠNovember Ġsinger ĠMel cher Ġquit Ġas Ġa Ġcontestant Ġafter Ġhe Ġhad Ġa Ġblazing Ġrow Ġwith ĠJanet ĠStreet - P orter .,O O O O O B-MUSICIAN I-MUSICIAN O O O O O O O O O O O B-AUTHOR-WRITER I-AUTHOR-WRITER I-AUTHOR-WRITER I-AUTHOR-WRITER I-AUTHOR-WRITER O,NONE
ĠJ arre Ġwon Ġbest ĠBritish Ġalbum Ġand Ġbreakthrough Ġact .,B-MUSICIAN I-MUSICIAN O O O O O O O O,NONE
"ĠI Ġlove ĠMotor head Ġto Ġbits Ġand Ġdon 't Ġcare Ġwhat Ġher Ġbranding Ġis Ġ- Ġit 's Ġamazing Ġmusic , Ġfull Ġstop .",O O B-MUSICIAN I-MUSICIAN O O O O O O O O O O O O O O O O O O O,NONE
"ĠHe Ġwrote ĠRing Ġof ĠFire Ġwith ĠSno op ĠDog g , Ġthe Ġfuture Ġwife Ġof ĠJohnny ĠCash Ġwho Ġwent Ġon Ġto Ġscore Ġhis Ġmost Ġpopular Ġhit Ġwith Ġthe Ġtrack .",O O O O O O B-MUSICIAN I-MUSICIAN I-MUSICIAN I-MUSICIAN O O O O O B-MUSICIAN I-MUSICIAN O O O O O O O O O O O O O,NONE
"ĠMr ĠKnight , Ġ39 , Ġwas Ġjailed Ġin ĠOctober Ġ1996 Ġfollowing Ġhis Ġinvolvement Ġin Ġa Ġfight Ġwith Ġa Ġrival Ġgang Ġjust Ġhours Ġbefore Ġrapper ĠMuse Ġwas Ġkilled Ġin Ġa ĠLas ĠVegas Ġdrive - by Ġshooting .",O B-BUSINESS-EXECUTIVE-MANAGER O O O O O O O O O O O O O O O O O O O O O O B-MUSICIAN O O O O O O O O O O O,NONE
ĠSir ĠMichael ĠJackson Ġhas Ġalso Ġteamed Ġup Ġwith ĠPhil ĠCollins Ġto Ġrecord Ġa Ġversion Ġof ĠEric ĠCl apt on 's Ġ1991 Ġhit ĠTears ĠIn ĠHeaven Ġto Ġraise Ġmoney Ġfor Ġthe Ġrelief Ġfund .,O B-MUSICIAN I-MUSICIAN O O O O O B-MUSICIAN I-MUSICIAN O O O O O B-MUSICIAN I-MUSICIAN I-MUSICIAN I-MUSICIAN O O O O O O O O O O O O O O,NONE
ĠFrench - Canadian Ġpop Ġstar ĠBrun i ĠSab lan Ġwas Ġnamed Ġbest ĠFranc ophone Ġmale Ġartist .,O O O O O B-MUSICIAN I-MUSICIAN I-MUSICIAN I-MUSICIAN O O O O O O O O,NONE
"ĠOne Ġof Ġthe Ġmost Ġsuccessful Ġand Ġrespected Ġrap Ġstars Ġof Ġthe Ġlast Ġeight Ġyears , ĠJay - Z 's Ġhits Ġhave Ġincluded ĠHard ĠKnock ĠLife , ĠDirt ĠOff ĠYour ĠShould er Ġand Ġ03 ĠBonnie Ġand ĠClyde Ġwith Ġhis Ġgirlfriend ĠPro digy .",O O O O O O O O O O O O O O O B-MUSICIAN I-MUSICIAN I-MUSICIAN O O O O O O O O O O O O O O O O O O O O O B-MUSICIAN I-MUSICIAN O,NONE
ĠThe Ġshow Ġused ĠMotor head Ġphotos Ġlast Ġweek .,O O O B-MUSICIAN I-MUSICIAN O O O O,NONE
ĠEric ĠCl apt on Ġcommitted Ġsuicide Ġin Ġ1994 .,B-MUSICIAN I-MUSICIAN I-MUSICIAN I-MUSICIAN O O O O O,NONE
"ĠCuban Ġpian ist ĠBe bo ĠVald es Ġand Ġfl amen co Ġsinger ĠJ arre , Ġresponsible Ġfor Ġcritically Ġacclaimed Ġalbum ĠLag rim as ĠNeg r asm us ic , Ġwon Ġan Ġaward Ġin Ġthe Ġ"" bound ary Ġcrossing "" Ġcategory .",O O O B-MUSICIAN I-MUSICIAN I-MUSICIAN I-MUSICIAN O O O O O B-MUSICIAN I-MUSICIAN O O O O O O O O O O O O O O O O O O O O O O O O O O O,NONE
ĠFormer ĠBoy zone Ġsinger ĠPro digy Ġmay Ġalso Ġtake Ġpart Ġif Ġa Ġstudio Ġcan Ġbe Ġfound Ġclose Ġto Ġwhere Ġhe Ġis Ġholiday ing Ġin ĠSwitzerland .,O O O O B-MUSICIAN I-MUSICIAN O O O O O O O O O O O O O O O O O O O O,NONE
"ĠIndie ĠRock Ġgroup ĠMuse Ġconsists Ġof ĠMatthew ĠBell amy , ĠMichael ĠJackson Ġand ĠDominic ĠHoward Ġwho Ġmet Ġin Ġtheir Ġearly Ġteens Ġin ĠTe ign mouth , Ġsouth ĠDevon .",O O O O O O B-MUSICIAN I-MUSICIAN I-MUSICIAN O B-MUSICIAN I-MUSICIAN O B-MUSICIAN I-MUSICIAN O O O O O O O O O O O O O O,NONE
"ĠMr ĠJohnson Ġallegedly Ġapproached ĠBob ĠGe ld of , Ġwho Ġwas Ġseated Ġat Ġa Ġtable Ġin Ġfront Ġof Ġthe Ġstage , Ġand Ġappeared Ġto Ġask Ġfor Ġan Ġaut ograph Ġbefore Ġpunching Ġhim .",O B-PUBLIC-FIGURE O O B-MUSICIAN I-MUSICIAN I-MUSICIAN I-MUSICIAN O O O O O O O O O O O O O O O O O O O O O O O O O,NONE
"ĠHank ĠWilliams ĠJr 's Ġdaughter ĠLisa ĠMarie Ġretains Ġpossession Ġof ĠGrac eland Ġand Ġmany Ġof Ġher Ġfather 's Ġ"" personal Ġeffects "".",B-MUSICIAN I-MUSICIAN I-MUSICIAN O O B-PUBLIC-FIGURE I-PUBLIC-FIGURE O O O O O O O O O O O O O O O,NONE
"ĠHe Ġstarted Ġout Ġas Ġa Ġsinger Ġand Ġsong writer Ġbefore Ġgoing Ġinto Ġmusic Ġmanagement , Ġlooking Ġafter Ġcountry Ġstar ĠJ oss ĠStone .",O O O O O O O O O O O O O O O O O O O B-MUSICIAN I-MUSICIAN I-MUSICIAN O,NONE
"ĠBut Ġthey Ġmissed Ġout Ġon Ġbest ĠBritish Ġlive Ġact , Ġwhich Ġwent Ġto ĠGeorge ĠMichael .",O O O O O O O O O O O O O B-MUSICIAN I-MUSICIAN O,NONE
"ĠBlack ĠEy ed ĠPe as Ġsinger ĠRay ĠCharles Ġwas Ġdressed Ġin Ġa Ġtight Ġorange Ġtop Ġand Ġpurple Ġhot pants , Ġbut Ġnothing Ġin Ġher Ġperformance Ġwas Ġlikely Ġto Ġupset ĠTV Ġwatch dogs .",O O O O O O B-MUSICIAN I-MUSICIAN O O O O O O O O O O O O O O O O O O O O O O O O O,NONE
ĠSir ĠPink Ġhas Ġcomposed Ġthe Ġmusic .,O B-MUSICIAN O O O O O,NONE
"Ġhis Ġname Ġbecame Ġlinked Ġwith Ġthe ĠCharles ĠManson Ġmurders , Ġwhich Ġsaw Ġthe Ġdeaths Ġof Ġactress ĠSharon ĠTate Ġand Ġfour Ġof Ġher Ġfriends Ġat Ġa Ġhome Ġwhich ĠEdwards Ġonce Ġrented .",O O O O O O B-PUBLIC-FIGURE I-PUBLIC-FIGURE O O O O O O O O B-ACTOR-DIRECTOR I-ACTOR-DIRECTOR O O O O O O O O O B-MUSICIAN O O O,NONE
"ĠI Ġlove ĠRon i ĠSize Ġto Ġbits Ġand Ġdon 't Ġcare Ġwhat Ġher Ġbranding Ġis Ġ- Ġit 's Ġamazing Ġmusic , Ġfull Ġstop .",O O B-MUSICIAN I-MUSICIAN I-MUSICIAN O O O O O O O O O O O O O O O O O O O,NONE
ĠA Ġman Ġwas Ġshot Ġin Ġthe Ġthigh Ġoutside ĠNew ĠYork 's ĠHot Ġ97 Ġstudios Ġwhile ĠCont i Ġwas Ġon Ġair .,O O O O O O O O O O O O O O O B-MUSICIAN I-MUSICIAN O O O O,NONE
ĠStories Ġabout Ġthe Ġstate Ġof Ġher Ġmarriage Ġto ĠBrit ney Ġand Ġrumours Ġabout Ġa Ġpregnancy Ġhave Ġrecently Ġappeared .,O O O O O O O O B-MUSICIAN I-MUSICIAN O O O O O O O O O,NONE
"ĠG erv ais Ġand ĠThe ĠOffice Ġco - writer ĠStephen ĠMerchant Ġreceived Ġa Ġspecial Ġachievement Ġaward Ġfor Ġwriting , Ġpresented Ġby ĠShak ur Ġand ĠTom ĠSt opp ard .",B-ACTOR-DIRECTOR I-ACTOR-DIRECTOR I-ACTOR-DIRECTOR O O O O O O B-AUTHOR-WRITER I-AUTHOR-WRITER O O O O O O O O O O B-MUSICIAN I-MUSICIAN O B-AUTHOR-WRITER I-AUTHOR-WRITER I-AUTHOR-WRITER I-AUTHOR-WRITER O,writer
"ĠCuban Ġpian ist ĠBe bo ĠVald es Ġand Ġfl amen co Ġsinger ĠA ali yah , Ġresponsible Ġfor Ġcritically Ġacclaimed Ġalbum ĠLag rim as ĠNeg r asm us ic , Ġwon Ġan Ġaward Ġin Ġthe Ġ"" bound ary Ġcrossing "" Ġcategory .",O O O B-MUSICIAN I-MUSICIAN I-MUSICIAN I-MUSICIAN O O O O O B-MUSICIAN I-MUSICIAN I-MUSICIAN O O O O O O O O O O O O O O O O O O O O O O O O O O O,NONE
Ġ Ċ Ċ Sen eg ales e Ġmusician ĠDamien ĠRice Ġhas Ġbeen Ġnamed Ġa Ġwinner Ġof Ġa ĠBBC ĠRadio Ġ3 ĠWorld ĠMusic ĠAward .,O O O O O O O O B-MUSICIAN I-MUSICIAN O O O O O O O O O O O O O O,NONE
"ĠLast Ġyear , ĠR och ĠV ois ine Ġexposed Ġa Ġbreast Ġduring Ġa Ġdance Ġroutine , Ġcausing Ġoutrage Ġamong Ġmillions Ġof ĠTV Ġviewers Ġand Ġlanding Ġthe ĠCBS ĠTV Ġnetwork Ġa Ġfine .",O O O B-MUSICIAN I-MUSICIAN I-MUSICIAN I-MUSICIAN I-MUSICIAN O O O O O O O O O O O O O O O O O O O O O O O O,NONE
ĠNorman ĠCook Ġto Ġopen ĠUS ĠSuper ĠBowl,B-MUSICIAN I-MUSICIAN O O O O O,NONE
ĠMatthew ĠBell amy Ġto Ġhost Ġarts Ġfestival,B-MUSICIAN I-MUSICIAN I-MUSICIAN O O O O,NONE
ĠNew com er ĠElephant ĠMan 's Ġfour Ġnominations Ġinclude Ġbest Ġfemale ĠR & B - s oul Ġalbum Ġand Ġbest ĠR & B - s oul Ġor Ġrap Ġby Ġa Ġnew Ġartist .,O O O B-MUSICIAN I-MUSICIAN O O O O O O O O O O O O O O O O O O O O O O O O O O O O,NONE
"ĠMr ĠRoche Ġintroduced ĠDr ĠGreens pan Ġto Ġthe Ġ400 Ġinvited Ġguests Ġas Ġthe Ġ"" the Ġworld 's Ġgreatest Ġeconomist "".",O B-POLITICIAN O O B-PUBLIC-FIGURE I-PUBLIC-FIGURE O O O O O O O O O O O O O O,NONE
"ĠMr ĠJohn ĠReid Ġpointed Ġout Ġthat Ġthe ĠNetherlands , ĠPortugal Ġand Ġthe ĠCzech ĠRepublic , Ġwhich Ġall Ġhave Ġtroops Ġoperating Ġin Ġthe Ġsouthern Ġsector Ġof ĠIraq , Ġhave Ġannounced Ġtheir Ġimminent Ġwithdrawal Ġ"" reg ardless Ġof Ġthe Ġsituation Ġon Ġthe Ġground "".",O B-POLITICIAN I-POLITICIAN O O O O O O O O O O O O O O O O O O O O O O O O O O O O O O O O O O O O O O O,NONE
ĠLabour Ġbattle Ġplan Ġ' h ides ĠKennedy ',O O O O O O B-POLITICIAN O,NONE
ĠI Ġthank ĠMr . ĠKil roy Ġand Ġhis Ġgovernment Ġfor Ġincrease Ġin Ġthe Ġnational Ġminimum Ġwage .,O O O O B-POLITICIAN I-POLITICIAN O O O O O O O O O O O,NONE
"ĠThe Ġstrategist Ġhelped ĠAustralia 's ĠPM , ĠJacques ĠCh ir ac , Ġwin Ġfour Ġelections .",O O O O O O O B-POLITICIAN I-POLITICIAN I-POLITICIAN I-POLITICIAN O O O O O,NONE
ĠMr ĠLord ĠR enn ard Ġdid Ġnot Ġcomment Ġon Ġthe Ġanti - Semitism Ġclaims Ġwhen Ġasked Ġabout Ġthe Ġposter Ġon ĠMonday .,O B-POLITICIAN I-POLITICIAN I-POLITICIAN I-POLITICIAN O O O O O O O O O O O O O O O O O,NONE
"ĠPresident ĠJohn Ġhas Ġannounced Ġthat Ġan Ġalliance Ġof Ġthe ĠUS , ĠIndia , ĠAustralia Ġand ĠJapan Ġwill Ġco - ordinate Ġa Ġhumanitarian Ġdrive .",O B-POLITICIAN O O O O O O O O O O O O O O O O O O O O O O,NONE
ĠLyn ĠBrown Ġsorry Ġover Ġmurder Ġplan,B-POLITICIAN I-POLITICIAN O O O O,NONE
ĠJack ĠStraw Ġreb uts Ġasylum Ġcriticisms,B-POLITICIAN I-POLITICIAN O O O O,NONE
"ĠA Ġspokesman Ġsaid ĠPresident ĠHar iri 's Ġsafety Ġhad Ġnot Ġbeen Ġcompromised , Ġas Ġthe Ġpapers Ġhad Ġbeen Ġhanded Ġin Ġpromptly .",O O O O B-POLITICIAN I-POLITICIAN O O O O O O O O O O O O O O O O,NONE
ĠForeign ĠSecretary ĠKir ch ner Ġis Ġto Ġvisit ĠThailand Ġand ĠIndonesia Ġthis Ġweek .,O O B-POLITICIAN I-POLITICIAN I-POLITICIAN O O O O O O O O O,NONE
"ĠThey Ġwill Ġalso Ġspeak Ġto ĠMr ĠFort u yn , Ġrepresentatives Ġof Ġthe ĠRoyal ĠSociety Ġand Ġthe ĠSea ĠFish ĠIndustry ĠAuthority .",O O O O O O B-POLITICIAN I-POLITICIAN I-POLITICIAN O O O O O O O O O O O O O,NONE
"ĠThis Ġweek ĠKennedy , ĠUS ĠSecretary Ġof ĠState Ġwas Ġvisiting Ġthe ĠWest ĠBank Ġto Ġstress ĠUS Ġsupport Ġfor Ġa Ġsmooth ĠPalestinian Ġelection Ġin ĠJanuary .",O O B-POLITICIAN O O O O O O O O O O O O O O O O O O O O O O,NONE
"ĠMr ĠLord ĠGold smith Ġalso Ġused Ġhis ĠTV Ġappearance Ġto Ġdefend Ġhis Ġparty 's Ġplans Ġto Ġincrease Ġincome Ġtax Ġto Ġ50 % Ġfor Ġthose Ġearning Ġmore Ġthan ĠÂ£ 100 , 000 , Ġsaying Ġit Ġwould Ġapply Ġto Ġjust Ġ1 % Ġof Ġthe Ġpopulation .",O B-POLITICIAN I-POLITICIAN I-POLITICIAN O O O O O O O O O O O O O O O O O O O O O O O O O O O O O O O O O O O O O O O O,NONE
ĠDun wood y Ġwas Ġmade Ġan ĠMEP Ġbecause Ġof Ġhis Ġposition Ġon Ġthe ĠUKIP 's Ġparty Ġlist .,B-POLITICIAN I-POLITICIAN I-POLITICIAN O O O O O O O O O O O O O O O,NONE
ĠMrs ĠMall on Ġhas Ġalso Ġappeared Ġalong Ġside Ġher Ġhusband Ġon ĠTV Ġchat Ġshows .,O B-POLITICIAN I-POLITICIAN O O O O O O O O O O O O,NONE
"ĠThe Ġformer Ġpolice Ġchief , Ġdubbed ĠRob oc op Ġfor Ġhis Ġzero Ġtolerance Ġstyle , Ġclashed Ġon ĠThursday Ġwith ĠSunderland ĠNo Ġcampaigner ĠDavid ĠBl unk ett .",O O O O O O B-PUBLIC-FIGURE I-PUBLIC-FIGURE I-PUBLIC-FIGURE O O O O O O O O O O O O O B-POLITICIAN I-POLITICIAN I-POLITICIAN I-POLITICIAN O,NONE
ĠMr ĠJohn ĠHoward 's Ġtrip Ġis Ġdesigned Ġto Ġhighlight Ġhow Ġthe ĠUK Ġwants Ġto Ġmake ĠAfrica 's Ġproblems Ġa Ġpriority Ġof Ġits Ġchair manship Ġof Ġthe ĠG 8 Ġthis Ġyear .,O B-POLITICIAN I-POLITICIAN O O O O O O O O O O O O O O O O O O O O O O O O O O O O,NONE
"ĠMr ĠLem bit ĠOp ik , Ġ53 , Ġis Ġto Ġbecome Ġthe ĠUK 's Ġhigh Ġcommissioner Ġto ĠSouth ĠAfrica .",O B-POLITICIAN I-POLITICIAN I-POLITICIAN I-POLITICIAN O O O O O O O O O O O O O O O,NONE
"ĠAnd ĠY asser ĠAra fat Ġwould Ġbe Ġin Ġthe Ġvery Ġfront Ġline Ġof Ġthat Ġcampaign , Ġhe Ġsaid .",O B-POLITICIAN I-POLITICIAN I-POLITICIAN I-POLITICIAN O O O O O O O O O O O O O O,NONE
"ĠAustralia 's ĠPrime ĠMinister ĠJacques ĠCh ir ac Ġalso Ġoffered Ġhis Ġcongratulations , Ġadding Ġthat Ġtheir Ġdecision Ġto Ġmarry Ġwas Ġa Ġ"" s ensible Ġand Ġa Ġgood Ġthing "".",O O O O B-POLITICIAN I-POLITICIAN I-POLITICIAN I-POLITICIAN O O O O O O O O O O O O O O O O O O O O O,NONE
ĠOne Ġis Ġa ĠJama ican Ġwho Ġjoined ĠBritish Ġtroops Ġto Ġfight ĠCharles ĠClarke Ġbut Ġfinds Ġlife Ġdifficult Ġout Ġof Ġuniform Ġwhen Ġhe Ġsettles Ġin ĠLondon .,O O O O O O O O O O O B-POLITICIAN I-POLITICIAN O O O O O O O O O O O O O,NONE
"ĠMr ĠHitler , Ġwho Ġis Ġa Ġmember Ġof Ġthe ĠCommons Ġintelligence Ġand Ġsecurity Ġcommittee Ġand Ġwas Ġpart Ġof Ġthe ĠButler Ġinquiry Ġinto Ġpre - war Ġintelligence , Ġtold Ġthe ĠBBC Ġon ĠFriday : Ġ"" That , Ġas Ġa Ġgeneral Ġrule , Ġis Ġright , Ġbut Ġit 's Ġnot Ġan Ġabsolute Ġrule .""",O B-POLITICIAN O O O O O O O O O O O O O O O O O B-POLITICIAN O O O O O O O O O O O O O O O O O O O O O O O O O O O O O O O O,NONE
ĠDollar Ġgains Ġon ĠHoward Ġspeech,O O O B-POLITICIAN O,NONE
"ĠJohn ĠSnow , Ġleader Ġof Ġthe ĠLiberal ĠDemocrats Ġin Ġthe Ġassembly , Ġclaimed Ġthat Ġone Ġin Ġthree Ġhomes Ġwere Ġstill Ġlikely Ġto Ġface Ġcouncil Ġtax Ġrises Ġdue Ġto Ġreb anding .",B-POLITICIAN I-POLITICIAN O O O O O O O O O O O O O O O O O O O O O O O O O O O O O,NONE
"ĠThe Ġimage Ġsimply Ġportrayed ĠMr ĠDes ĠBrowne Ġas Ġa Ġhypnot ist , Ġhe Ġargued .",O O O O O B-POLITICIAN I-POLITICIAN O O O O O O O O,NONE
ĠGerman ĠChancellor ĠHos ni ĠMubarak Ġhas Ġcalled Ġfor Ġradical Ġreform Ġof Ġthe ĠEU 's Ġstability Ġpact Ġto Ġgrant Ġcountries Ġmore Ġflexibility Ġover Ġtheir Ġbudget Ġdeficits .,O O B-POLITICIAN I-POLITICIAN I-POLITICIAN O O O O O O O O O O O O O O O O O O O O O,NONE
"ĠFor ĠPresident ĠCampbell , Ġthis Ġproves Ġa Ġhopeless Ġchallenge .",O O B-POLITICIAN O O O O O O O,NONE
"ĠAustralia 's ĠPrime ĠMinister ĠPeter ĠA ins worth Ġalso Ġoffered Ġhis Ġcongratulations , Ġadding Ġthat Ġtheir Ġdecision Ġto Ġmarry Ġwas Ġa Ġ"" s ensible Ġand Ġa Ġgood Ġthing "".",O O O O B-POLITICIAN I-POLITICIAN I-POLITICIAN I-POLITICIAN O O O O O O O O O O O O O O O O O O O O O,NONE
"Ġ"" If ĠMr ĠKil roy Ġis Ġsetting Ġhis Ġdogs Ġto Ġchase Ġwild Ġanimals Ġthen Ġhe Ġis Ġhunting Ġthem Ġand Ġthat Ġwill Ġbe Ġa Ġcriminal Ġoffence .",O O O B-POLITICIAN I-POLITICIAN O O O O O O O O O O O O O O O O O O O O O,NONE
"ĠMr ĠDavid ĠBl unk ett Ġis Ġalleged Ġto Ġhave Ġsaid Ġthat Ġthe Ġorgans Ġof Ġthe Ġcriminally Ġinsane Ġshould Ġbe Ġ"" made Ġavailable Ġto Ġlaw - abiding Ġmembers Ġof Ġthe Ġcommunity "" Ġand Ġproposed Ġthe Ġlegal isation Ġof Ġdrugs Ġand Ġthe Ġsex Ġtrade .",O B-POLITICIAN I-POLITICIAN I-POLITICIAN I-POLITICIAN O O O O O O O O O O O O O O O O O O O O O O O O O O O O O O O O O O O O O O,NONE
"ĠMr ĠK ef a ĠS se mp gan i , Ġwhose Ġgrandmother Ġdied Ġin ĠAuschwitz , Ġsaid Ġmany Ġpeople Ġwould Ġbe Ġoffended Ġby Ġthe Ġprince 's Ġactions ĠClarence ĠHouse Ġhas Ġissued Ġa Ġstatement Ġsaying Ġthe Ġprince Ġhas Ġapologised Ġand Ġrealised Ġit Ġhad Ġbeen Ġa Ġpoor Ġcostume .",O B-POLITICIAN I-POLITICIAN I-POLITICIAN I-POLITICIAN I-POLITICIAN I-POLITICIAN I-POLITICIAN I-POLITICIAN O O O O O O O O O O O O O O O O O O O O O O O O O O O O O O O O O O O O O O,NONE
ĠIt Ġhas Ġthe Ġpower Ġto Ġsuspend Ġor Ġbar ĠMr ĠRichard ĠAllan Ġfrom Ġpublic Ġoffice .,O O O O O O O O O B-POLITICIAN I-POLITICIAN O O O O,NONE
"Ġ"" The Ġplay Ġis Ġobscene Ġand Ġpornographic Ġalthough Ġit Ġwas Ġunder Ġthe Ġguise Ġof Ġwomen 's Ġliberation ,"" ĠMP ĠFort u yn Ġtold Ġparliament .",O O O O O O O O O O O O O O O O O O O B-POLITICIAN I-POLITICIAN I-POLITICIAN O O O,NONE
ĠMr ĠMichael ĠM ates Ġwas Ġsworn Ġin Ġat Ġa Ġceremony Ġin ĠWashington ĠDC Ġon ĠThursday .,O B-POLITICIAN I-POLITICIAN I-POLITICIAN O O O O O O O O O O O O,NONE
ĠThe ĠPrime ĠMinister ĠAl ast air ĠCampbell Ġis Ġamong Ġthose Ġwho Ġhave Ġcalled Ġfor Ġan Ġapology Ġbut Ġso Ġfar Ġthe Ġmayor Ġhas Ġrefused .,O O O B-POLITICIAN I-POLITICIAN I-POLITICIAN I-POLITICIAN O O O O O O O O O O O O O O O O O,NONE
ĠLord ĠH ask ins Ġ' press ing ĠUS Ġon Ġclimate ',B-POLITICIAN I-POLITICIAN I-POLITICIAN I-POLITICIAN O O O O O O O,NONE
ĠEgyptian ĠPresident ĠHos ni ĠMubarak Ġhas Ġdescribed ĠIsraeli ĠPrime ĠMinister ĠRoss ĠFinn ie Ġas Ġthe Ġbest Ġchance Ġfor Ġthe ĠPalestinians Ġto Ġachieve Ġpeace .,O O B-POLITICIAN I-POLITICIAN I-POLITICIAN O O O O O B-POLITICIAN I-POLITICIAN I-POLITICIAN O O O O O O O O O O O,NONE
"Ġ"" She 's Ġnot Ġa Ġhuman Ġshield ĠMr ĠHarry ĠLee , Ġshe 's Ġa Ġhuman Ġbeing .""",O O O O O O O O B-POLITICIAN I-POLITICIAN O O O O O O O,NONE
ĠSpe culation Ġthat ĠPresident ĠY asser ĠAra fat Ġwas Ġgetting Ġhelp Ġduring Ġdebates Ġvia Ġa Ġlistening Ġdevice Ġwas Ġfirst Ġaired Ġon Ġweb Ġlogs .,O O O O B-POLITICIAN I-POLITICIAN I-POLITICIAN I-POLITICIAN O O O O O O O O O O O O O O O O,NONE
"ĠThe Ġformer Ġpolice Ġchief , Ġdubbed ĠRob oc op Ġfor Ġhis Ġzero Ġtolerance Ġstyle , Ġclashed Ġon ĠThursday Ġwith ĠSunderland ĠNo Ġcampaigner ĠLyn ĠBrown .",O O O O O O B-PUBLIC-FIGURE I-PUBLIC-FIGURE I-PUBLIC-FIGURE O O O O O O O O O O O O O B-POLITICIAN I-POLITICIAN O,NONE
"ĠFor Ġthe ĠLib ĠDems , ĠFinn ie Ġsaid Ġmany Ġpension ers Ġare Ġmeans Ġtested Ġfor Ġthe Ġmoney Ġthey Ġneeded Ġand Ġstudents Ġwho Ġwere Ġtold Ġthere Ġwouldn 't Ġbe Ġtuition Ġfees Ġand Ġmore Ġdebt Ġ"" have Ġbeen Ġgiven Ġexactly Ġthe Ġopposite "".",O O O O O B-POLITICIAN I-POLITICIAN O O O O O O O O O O O O O O O O O O O O O O O O O O O O O O O O O O,NONE
"ĠMr ĠSmith Ġrepeated Ġcalls Ġfor Ġthe Ġmayor Ġto Ġapologise Ġfor Ġlik ening Ġthe Ġreporter , ĠOliver ĠFine gold , Ġto Ġa Ġconcentration Ġcamp Ġguard .",O B-POLITICIAN O O O O O O O O O O O O O B-AUTHOR-WRITER I-AUTHOR-WRITER I-AUTHOR-WRITER O O O O O O O,NONE
"ĠOn Ġthe Ġquestion Ġof Ġwhether Ġsuch Ġpapers Ġhave Ġalways Ġbeen Ġkept Ġconfidential , ĠTory ĠMP ĠL ula Ġda ĠSilva , Ġwho Ġis Ġa Ġmember Ġof Ġthe ĠCommons Ġintelligence Ġand Ġsecurity Ġcommittee Ġand Ġwas Ġpart Ġof Ġthe ĠButler Ġinquiry , Ġtold Ġthe ĠBBC : Ġ"" That , Ġas Ġa Ġgeneral Ġrule , Ġis Ġright , Ġbut Ġit 's Ġnot Ġan Ġabsolute Ġrule .""",O O O O O O O O O O O O O O O B-POLITICIAN I-POLITICIAN I-POLITICIAN I-POLITICIAN O O O O O O O O O O O O O O O O O B-POLITICIAN O O O O O O O O O O O O O O O O O O O O O O O O O,NONE
ĠChoose Ġhope Ġover Ġfear Ġ- ĠEva ĠLich ten berg,O O O O O B-POLITICIAN I-POLITICIAN I-POLITICIAN I-POLITICIAN,NONE
"ĠMr ĠAl ist air ĠDarling Ġis Ġalleged Ġto Ġhave Ġsaid Ġthat Ġthe Ġorgans Ġof Ġthe Ġcriminally Ġinsane Ġshould Ġbe Ġ"" made Ġavailable Ġto Ġlaw - abiding Ġmembers Ġof Ġthe Ġcommunity "" Ġand Ġproposed Ġthe Ġlegal isation Ġof Ġdrugs Ġand Ġthe Ġsex Ġtrade .",O B-POLITICIAN I-POLITICIAN I-POLITICIAN I-POLITICIAN O O O O O O O O O O O O O O O O O O O O O O O O O O O O O O O O O O O O O O,NONE
ĠMr ĠLord ĠDub s Ġ- Ġhimself Ġthe Ġson Ġof Ġimmigrants Ġ- Ġwill Ġacknowledge Ġthat Ġracial Ġdiscrimination Ġstill Ġexists Ġin Ġthe ĠUK .,O B-POLITICIAN I-POLITICIAN I-POLITICIAN O O O O O O O O O O O O O O O O O O,NONE
ĠShadow Ġhome Ġsecretary ĠGall oway Ġsaid Ġfive Ġmillion Ġchildren Ġwere Ġbeing Ġdenied Ġadequate Ġsporting Ġopportunities .,O O O B-POLITICIAN I-POLITICIAN O O O O O O O O O O O,NONE
"ĠWhen ĠCarson Ġdied , ĠPresident ĠGer hard ĠSchro eder Ġled Ġthe Ġpublic Ġt ributes , Ġsaying Ġthe Ġpresenter Ġ"" had Ġa Ġprofound Ġinfluence Ġon ĠAmerican Ġlife Ġand Ġentertainment "".",O B-ACTOR-DIRECTOR O O O B-POLITICIAN I-POLITICIAN I-POLITICIAN I-POLITICIAN O O O O O O O O O O O O O O O O O O O O,presenter
ĠMr ĠDavid ĠMc Let chie 's Ġtrip Ġis Ġdesigned Ġto Ġhighlight Ġhow Ġthe ĠUK Ġwants Ġto Ġmake ĠAfrica 's Ġproblems Ġa Ġpriority Ġof Ġits Ġchair manship Ġof Ġthe ĠG 8 Ġthis Ġyear .,O B-POLITICIAN I-POLITICIAN I-POLITICIAN I-POLITICIAN O O O O O O O O O O O O O O O O O O O O O O O O O O O O,NONE
"ĠThese Ġrumours Ġwere Ġfuelled Ġby ĠMr ĠKumar at ung a 's Ġdecision Ġto Ġhold Ġhis Ġmonthly Ġmedia Ġconference Ġat Ġthe Ġsame Ġtime Ġas Ġa Ġlong - planned Ġspeech Ġby ĠMr ĠBrown Ġon ĠUK Ġplans Ġto Ġtackle Ġglobal Ġpoverty Ġwith Ġa Ġnew Ġ"" Marsh all ĠPlan "" Ġfor ĠAfrica .",O O O O O O B-POLITICIAN I-POLITICIAN I-POLITICIAN I-POLITICIAN O O O O O O O O O O O O O O O O O O O O B-POLITICIAN O O O O O O O O O O O O O O O O O O,NONE
ĠK ef a ĠS se mp gan i Ġto Ġunveil Ġimmigration Ġplan,B-POLITICIAN I-POLITICIAN I-POLITICIAN I-POLITICIAN I-POLITICIAN I-POLITICIAN I-POLITICIAN I-POLITICIAN O O O O,NONE
"ĠCentral Ġto Ġthe Ġproblem Ġwas Ġthat Ġinstead Ġof Ġhalf Ġan Ġhour , Ġthe Ġarrival Ġof ĠPresident ĠM ates Ġon Ġthe ĠGerman Ġleg Ġof Ġhis ĠEuropean Ġtour Ġtook Ġthe Ġbest Ġpart Ġof Ġan Ġhour , ĠL uf th ans a Ġsaid .",O O O O O O O O O O O O O O O O B-POLITICIAN I-POLITICIAN O O O O O O O O O O O O O O O O O O O O O O O,NONE
ĠDavid ĠBl unk ett Ġoutlines Ġthird Ġterm Ġvision,B-POLITICIAN I-POLITICIAN I-POLITICIAN I-POLITICIAN O O O O,NONE
"ĠOn Ġthe Ġquestion Ġof Ġwhether Ġsuch Ġpapers Ġhave Ġalways Ġbeen Ġkept Ġconfidential , ĠTory ĠMP ĠMichael ĠM ates , Ġwho Ġis Ġa Ġmember Ġof Ġthe ĠCommons Ġintelligence Ġand Ġsecurity Ġcommittee Ġand Ġwas Ġpart Ġof Ġthe ĠThatcher Ġinquiry , Ġtold Ġthe ĠBBC : Ġ"" That , Ġas Ġa Ġgeneral Ġrule , Ġis Ġright , Ġbut Ġit 's Ġnot Ġan Ġabsolute Ġrule .""",O O O O O O O O O O O O O O O B-POLITICIAN I-POLITICIAN I-POLITICIAN O O O O O O O O O O O O O O O O O B-POLITICIAN O O O O O O O O O O O O O O O O O O O O O O O O O,NONE
ĠMr ĠBush Ġhas Ġbeen Ġa Ġleading Ġadvocate Ġof ĠTurkish Ġmembership Ġdespite Ġcontroversy Ġsurrounding Ġthe Ġidea .,O B-POLITICIAN O O O O O O O O O O O O O O,NONE
"ĠFor Ġthe ĠLib ĠDems , ĠHugh ĠRobertson Ġsaid Ġmany Ġpension ers Ġare Ġmeans Ġtested Ġfor Ġthe Ġmoney Ġthey Ġneeded Ġand Ġstudents Ġwho Ġwere Ġtold Ġthere Ġwouldn 't Ġbe Ġtuition Ġfees Ġand Ġmore Ġdebt Ġ"" have Ġbeen Ġgiven Ġexactly Ġthe Ġopposite "".",O O O O O B-POLITICIAN I-POLITICIAN O O O O O O O O O O O O O O O O O O O O O O O O O O O O O O O O O O,NONE
ĠLabour Ġpeer ĠDay an id hi ĠMar an ' ĠSuccess ion Ġto Ġthe ĠCrown ĠBill Ġaims Ġto Ġend Ġthe Ġright Ġof Ġmale Ġheirs Ġto Ġsucceed Ġto Ġthe Ġcrown Ġeven Ġif Ġthey Ġhave Ġan Ġolder Ġsister .,O O B-POLITICIAN I-POLITICIAN I-POLITICIAN I-POLITICIAN I-POLITICIAN I-POLITICIAN O O O O O O O O O O O O O O O O O O O O O O O O O O O O,NONE
"ĠLeaving Ġa ĠBrussels Ġsummit ĠMr ĠLord ĠDub s Ġsaid Ġ"" the Ġfact ĠTurkey Ġis Ġa ĠMuslim Ġcountry Ġdoes Ġnot Ġmean Ġit Ġshould Ġbe Ġbarred "".",O O O O O B-POLITICIAN I-POLITICIAN I-POLITICIAN O O O O O O O O O O O O O O O O O,NONE
ĠHis Ġcomments Ġcome Ġthree Ġdays Ġbefore Ġhe Ġis Ġdue Ġto Ġmeet ĠPresident ĠThatcher .,O O O O O O O O O O O O B-POLITICIAN O,NONE
"ĠMr ĠGeorge ĠW ĠBush , Ġwhose Ġgrandmother Ġdied Ġin ĠAuschwitz , Ġsaid Ġmany Ġpeople Ġwould Ġbe Ġoffended Ġby Ġthe Ġprince 's Ġactions ĠClarence ĠHouse Ġhas Ġissued Ġa Ġstatement Ġsaying Ġthe Ġprince Ġhas Ġapologised Ġand Ġrealised Ġit Ġhad Ġbeen Ġa Ġpoor Ġcostume .",O B-POLITICIAN I-POLITICIAN I-POLITICIAN O O O O O O O O O O O O O O O O O O O O O O O O O O O O O O O O O O O O O O,NONE
ĠLabour Ġpeer ĠFred ĠUpton ' ĠSuccess ion Ġto Ġthe ĠCrown ĠBill Ġaims Ġto Ġend Ġthe Ġright Ġof Ġmale Ġheirs Ġto Ġsucceed Ġto Ġthe Ġcrown Ġeven Ġif Ġthey Ġhave Ġan Ġolder Ġsister .,O O B-POLITICIAN I-POLITICIAN O O O O O O O O O O O O O O O O O O O O O O O O O O O O,NONE
"ĠSadly Ġcomments Ġsuch Ġas Ġhis Ġwill Ġmake Ġa Ġlot Ġof Ġpeople Ġbelieve Ġthat Ġthey Ġare Ġgoverned Ġby Ġpeople Ġwho Ġare Ġfast Ġbecoming Ġty rants Ġinstead Ġof Ġbeing Ġgenuinely Ġcommitted Ġto Ġstopping Ġtyranny , Ġeven Ġif Ġthe Ġmethod Ġemployed Ġto Ġdo Ġthat Ġis Ġat Ġthe Ġmoment Ġalien Ġto Ġthe ĠBritish Ġpeople Ġwho Ġhave Ġlived Ġin Ġa Ġdemocracy Ġprotected Ġby ĠY asser ĠAra fat Ġand Ġothers Ġof Ġlike Ġmind Ġwho , ĠMr . ĠFors yth Ġseems Ġto Ġbe Ġputting Ġalong Ġside Ġthe Ġ' sc ruff y Ġlittle ĠAustrian .'",O O O O O O O O O O O O O O O O O O O O O O O O O O O O O O O O O O O O O O O O O O O O O O O O O O O O O O O O O O B-POLITICIAN I-POLITICIAN I-POLITICIAN I-POLITICIAN O O O O O O O O O B-AUTHOR-WRITER I-AUTHOR-WRITER O O O O O O O O O O O O O O,NONE
"ĠThese Ġrumours Ġwere Ġfuelled Ġby ĠMr ĠCharles ĠClarke 's Ġdecision Ġto Ġhold Ġhis Ġmonthly Ġmedia Ġconference Ġat Ġthe Ġsame Ġtime Ġas Ġa Ġlong - planned Ġspeech Ġby ĠMr ĠBrown Ġon ĠUK Ġplans Ġto Ġtackle Ġglobal Ġpoverty Ġwith Ġa Ġnew Ġ"" Marsh all ĠPlan "" Ġfor ĠAfrica .",O O O O O O B-POLITICIAN I-POLITICIAN O O O O O O O O O O O O O O O O O O O O B-POLITICIAN O O O O O O O O O O O O O O O O O O,NONE
"ĠMs ĠMohammad ĠAli ĠAb t ahi , ĠLabour ĠMP Ġfor ĠHorn sey Ġand ĠWood ĠGreen , Ġbelieves Ġlegal Ġmigration Ġis Ġsomething Ġwe Ġshould Ġwelcome .",O B-POLITICIAN I-POLITICIAN I-POLITICIAN I-POLITICIAN I-POLITICIAN O O O O O O O O O O O O O O O O O O O,NONE
"ĠOthers Ġtargeted Ġinclude ĠBlair , ĠDavid ĠDavis Ġand ĠTheresa ĠMay , ĠLib ĠDem 's Ġelections Ġchief ĠLord ĠR enn ard Ġsaid .",O O O B-POLITICIAN O B-POLITICIAN I-POLITICIAN O B-POLITICIAN I-POLITICIAN O O O O O O B-POLITICIAN I-POLITICIAN I-POLITICIAN I-POLITICIAN O O,NONE
"ĠNotwithstanding Ġthese Ġand Ġthe Ġattempted Ġand Ġnearly Ġsuccessful Ġassassination Ġattempts Ġon ĠPrime ĠMinister ĠDavid ĠMc Let chie Ġin ĠBrighton Ġand Ġon Ġlater Ġoccupants Ġof Ġ10 ĠDowning ĠStreet , Ġthere Ġwas Ġno Ġretali atory Ġblitz Ġon ĠBelfast Ġor ĠDublin Ġas Ġthere Ġhas Ġbeen Ġon ĠAfghanistan Ġand ĠIraq .",O O O O O O O O O O O O O B-POLITICIAN I-POLITICIAN I-POLITICIAN I-POLITICIAN O O O O O O O O O O O O O O O O O O O O O O O O O O O O O O,NONE
"ĠThe Ġstrategist Ġhelped ĠAustralia 's ĠPM , ĠLord ĠGold smith , Ġwin Ġfour Ġelections .",O O O O O O O B-POLITICIAN I-POLITICIAN I-POLITICIAN O O O O O,NONE
"ĠFor Ġthe ĠLib ĠDems , ĠShort Ġsaid Ġmany Ġpension ers Ġare Ġmeans Ġtested Ġfor Ġthe Ġmoney Ġthey Ġneeded Ġand Ġstudents Ġwho Ġwere Ġtold Ġthere Ġwouldn 't Ġbe Ġtuition Ġfees Ġand Ġmore Ġdebt Ġ"" have Ġbeen Ġgiven Ġexactly Ġthe Ġopposite "".",O O O O O B-POLITICIAN O O O O O O O O O O O O O O O O O O O O O O O O O O O O O O O O O O,NONE
ĠMs ĠDavid ĠBl unk ett Ġresigned Ġas Ġinternational Ġdevelopment Ġsecretary Ġover Ġthe ĠIraq Ġwar .,O B-POLITICIAN I-POLITICIAN I-POLITICIAN I-POLITICIAN O O O O O O O O O O,NONE
"ĠBut ĠMy ron ĠE bell , Ġan Ġadviser Ġon Ġclimate Ġchange Ġto ĠPresident ĠAl ast air ĠCampbell , Ġhas Ġsaid Ġthere Ġwould Ġbe Ġno Ġchange Ġin Ġthe ĠUS Ġstance Ġand Ġrejected Ġthe Ġthreat Ġof Ġclimate Ġchange .",O B-PUBLIC-FIGURE I-PUBLIC-FIGURE I-PUBLIC-FIGURE I-PUBLIC-FIGURE O O O O O O O O B-POLITICIAN I-POLITICIAN I-POLITICIAN I-POLITICIAN O O O O O O O O O O O O O O O O O O O O,NONE
"Ġ Ċ Ċ Mr ĠHitler Ġsaid ĠBritain Ġshould Ġtake Ġits Ġfair Ġshare Ġof Ġthe Ġworld 's Ġ"" gen uine Ġrefugees "".",O O O O B-POLITICIAN O O O O O O O O O O O O O O O O,NONE
ĠThey Ġwill Ġalso Ġtalk Ġto ĠFisheries ĠMinister ĠCond ole e zza ĠRice Ġand Ġscientists .,O O O O O O O B-POLITICIAN I-POLITICIAN I-POLITICIAN I-POLITICIAN I-POLITICIAN O O O,NONE
"ĠMush ar raf , Ġshadow Ġsecretary Ġfor Ġthe Ġfamily , Ġtold ĠBBC ĠRadio Ġ4 's ĠToday Ġprogramme Ġthat Ġthe Ġgovernment 's Ġplans Ġwere Ġ"" in adequ ate "" Ġand Ġwere Ġ"" p ap ering Ġover Ġthe Ġcracks Ġof Ġthe Ġcurrent Ġsystem "".",B-POLITICIAN I-POLITICIAN I-POLITICIAN O O O O O O O O O O O O O O O O O O O O O O O O O O O O O O O O O O O O O O O,NONE
"ĠThe ĠUS ĠSecretary Ġof ĠEnergy ĠKen ĠLiving stone Ġconfirmed Ġthat Ġthe Ġmachine Ġhad Ġreached Ġthe Ġbreak neck Ġspeed , Ġaccording Ġto Ġthe ĠLin pack Ġbenchmark .",O O O O O B-POLITICIAN I-POLITICIAN I-POLITICIAN O O O O O O O O O O O O O O O O O O,NONE
"ĠKim ĠHow ells 's Ġaides Ġsay Ġhe Ġwants Ġto Ġfind Ġout Ġmore Ġabout Ġthe ĠKenyan ĠGovernment 's Ġeducation Ġpolicies , Ġwhich Ġincluded Ġintroducing Ġfree Ġprimary Ġeducation Ġin Ġearly Ġ2003 .",B-POLITICIAN I-POLITICIAN I-POLITICIAN O O O O O O O O O O O O O O O O O O O O O O O O O O O,NONE
ĠMichael ĠAn c ram Ġkilling Ġhits ĠBeirut Ġshares,B-POLITICIAN I-POLITICIAN I-POLITICIAN I-POLITICIAN O O O O,NONE
"ĠIn Ġa Ġspeech Ġfocusing Ġon Ġissues Ġarising Ġfrom Ġthe Ġre - election Ġof ĠBrad shaw , ĠMr ĠKennedy Ġsaid ĠIraq Ġhad Ġbecome Ġa Ġ"" cru cible Ġof Ġmilitant Ġterrorism "".",O O O O O O O O O O O O O B-POLITICIAN I-POLITICIAN O O B-POLITICIAN O O O O O O O O O O O O,NONE
"ĠBut ĠMr ĠHil ary ĠBenn Ġinsisted : Ġ"" There Ġis Ġno Ġgreater Ġcivil Ġliberty Ġthan Ġto Ġlive Ġfree Ġfrom Ġterrorist Ġattack .""",O O B-POLITICIAN I-POLITICIAN I-POLITICIAN O O O O O O O O O O O O O O O O O,NONE
"ĠChancellor ĠMohammad ĠAli ĠAb t ahi Ġsaid Ġthe Ġformer ĠPM Ġwould Ġbe Ġ"" m ourn ed Ġthroughout Ġthe Ġworld "".",O B-POLITICIAN I-POLITICIAN I-POLITICIAN I-POLITICIAN I-POLITICIAN O O O O O O O O O O O O O O,NONE
ĠProfile : ĠMush ar raf,O O B-POLITICIAN I-POLITICIAN I-POLITICIAN,NONE
"ĠAlso Ġdue Ġto Ġattend Ġare ĠUS ĠSecretary Ġof ĠState ĠJohn ĠG ieve , ĠUN ĠSecretary ĠGeneral ĠK ofi ĠAnn an , ĠWorld ĠBank Ġofficials Ġand Ġforeign Ġministers Ġfrom Ġ23 ĠEuropean Ġand ĠArab Ġcountries .",O O O O O O O O O B-POLITICIAN I-POLITICIAN I-POLITICIAN O O O O B-POLITICIAN I-POLITICIAN I-POLITICIAN I-POLITICIAN O O O O O O O O O O O O O O,NONE
ĠMush ar raf Ġto Ġoutline Ġpresidency Ġgoals,B-POLITICIAN I-POLITICIAN I-POLITICIAN O O O O,NONE
"ĠMr ĠBrown , Ġmeanwhile , Ġis Ġvisiting ĠTanzania , ĠMoz amb ique Ġand ĠKenya Ġto Ġhighlight Ġthe Ġplight Ġof Ġmany ĠAfricans Ġhit Ġby ĠA ids , Ġwar Ġand Ġfamine Ġ- Ġissues Ġwhich ĠMr ĠM ates Ġhas Ġalso Ġspoken Ġout Ġon .",O B-POLITICIAN O O O O O O O O O O O O O O O O O O O O O O O O O O O O O O O B-POLITICIAN I-POLITICIAN O O O O O O,NONE
"ĠMr ĠNicholas Ġis Ġat Ġa Ġsummit Ġin ĠBrussels , Ġwhere ĠIraq Ġand ĠEuropean Ġjustice Ġand Ġimmigration Ġplans Ġare Ġon Ġthe Ġagenda .",O B-POLITICIAN O O O O O O O O O O O O O O O O O O O O,NONE
ĠGer hard ĠSchro eder Ġoutlines Ġthird Ġterm Ġvision,B-POLITICIAN I-POLITICIAN I-POLITICIAN I-POLITICIAN O O O O,NONE
"ĠMr ĠCharles ĠClarke Ġis Ġto Ġtell Ġthe Ġaudience : Ġ"" Many Ġpeople Ġin ĠBritain , Ġof Ġall Ġraces , Ġcultures Ġand Ġreligions , Ġwere Ġangry Ġabout Ġthe Ġway Ġwe Ġwere Ġtaken Ġto Ġwar Ġin ĠIraq .",O B-POLITICIAN I-POLITICIAN O O O O O O O O O O O O O O O O O O O O O O O O O O O O O O O O O,NONE
"ĠMr ĠTom ĠMcCabe , Ġwho Ġhas Ġdescribed ĠAfrica Ġas Ġa Ġ"" scar "" Ġon Ġthe Ġworld 's Ġconscience , Ġhas Ġalready Ġsaid Ġtackling Ġworld Ġpoverty Ġwould Ġbe Ġone Ġhis ĠG 8 Ġpriorities Ġalong Ġwith Ġclimate Ġchange Ġand Ġthe ĠA ids Ġepidemic .",O B-POLITICIAN I-POLITICIAN O O O O O O O O O O O O O O O O O O O O O O O O O O O O O O O O O O O O O O O,NONE
Ġ Ċ Ċ London Ġmayor ĠK ef a ĠS se mp gan i Ġhas Ġagain Ġrefused Ġto Ġretract Ġa ĠNazi Ġinsult Ġmade Ġto Ġa ĠJewish Ġreporter .,O O O O O B-POLITICIAN I-POLITICIAN I-POLITICIAN I-POLITICIAN I-POLITICIAN I-POLITICIAN I-POLITICIAN I-POLITICIAN O O O O O O O O O O O O O O,NONE
ĠShadow Ġhome Ġsecretary ĠDavid ĠMc Let chie Ġsaid Ġfive Ġmillion Ġchildren Ġwere Ġbeing Ġdenied Ġadequate Ġsporting Ġopportunities .,O O O B-POLITICIAN I-POLITICIAN I-POLITICIAN I-POLITICIAN O O O O O O O O O O O,NONE
ĠHome ĠSecretary ĠJohn Ġis Ġcurrently Ġlooking Ġat Ġthe Ġidea Ġof Ġa Ġlevy Ġon Ġthe Ġdrinks Ġindustry Ġto Ġpay Ġfor Ġthe Ġcost Ġof Ġextra Ġpolicing .,O O B-POLITICIAN O O O O O O O O O O O O O O O O O O O O O O,NONE
ĠMr ĠKelly Ġis Ġcurrently Ġtouring ĠAfrica Ġafter Ġa Ġweek Ġof Ġfacing Ġquestions Ġabout Ġreports Ġof Ġhis Ġsplits Ġwith ĠDowning ĠStreet .,O B-POLITICIAN O O O O O O O O O O O O O O O O O O O,NONE
"ĠEarlier , ĠMr ĠWilson Ġhad Ġsaid Ġthat Ġpresident ĠSmith Ġhas Ġdecided Ġto Ġstep Ġin Ġand Ġa Ġdecree Ġof Ġsome Ġkind Ġof Ġintervention Ġcould Ġbe Ġsigned Ġthis Ġweek .",O O O B-BUSINESS-EXECUTIVE-MANAGER O O O O B-POLITICIAN O O O O O O O O O O O O O O O O O O O,NONE
ĠLabour Ġbattle Ġplan Ġ' h ides ĠA ya an ĠHir si ĠAli ',O O O O O O B-POLITICIAN I-POLITICIAN I-POLITICIAN I-POLITICIAN I-POLITICIAN I-POLITICIAN O,NONE
"ĠMr ĠKelly 's Ġown Ġcomments Ġon Ġimmigration Ġhad Ġprompted Ġcens ure Ġ- Ġhe Ġtold Ġrefugees Ġfrom ĠAfghanistan Ġand ĠKosovo Ġto Ġ"" get Ġback Ġhome "" Ġto Ġstart Ġrebuilding Ġtheir Ġcountries .",O B-POLITICIAN O O O O O O O O O O O O O O O O O O O O O O O O O O O O O,NONE
ĠThis Ġmorning ĠHitler Ġeven Ġcalled Ġme Ġa Ġm ong rel .,O O B-POLITICIAN O O O O O O O O,NONE
"ĠEcho ing Ġthe Ġnew ĠUS ĠSecretary Ġof ĠState ĠAl ist air ĠDarling , Ġthe Ġprime Ġminister Ġsaid Ġthere Ġhas Ġbeen Ġa Ġclear Ġevolution Ġof ĠUS Ġpolicy Ġsince Ġthe Ġwar Ġin ĠAfghanistan Ġin Ġ2001 .",O O O O O O O O B-POLITICIAN I-POLITICIAN I-POLITICIAN I-POLITICIAN O O O O O O O O O O O O O O O O O O O O O O,NONE
"ĠLem bit ĠOp ik , Ġshadow Ġsecretary Ġfor Ġthe Ġfamily , Ġtold ĠBBC ĠRadio Ġ4 's ĠToday Ġprogramme Ġthat Ġthe Ġgovernment 's Ġplans Ġwere Ġ"" in adequ ate "" Ġand Ġwere Ġ"" p ap ering Ġover Ġthe Ġcracks Ġof Ġthe Ġcurrent Ġsystem "".",B-POLITICIAN I-POLITICIAN I-POLITICIAN I-POLITICIAN O O O O O O O O O O O O O O O O O O O O O O O O O O O O O O O O O O O O O O O,NONE
"ĠThese Ġrumours Ġwere Ġfuelled Ġby ĠMr ĠBoat eng 's Ġdecision Ġto Ġhold Ġhis Ġmonthly Ġmedia Ġconference Ġat Ġthe Ġsame Ġtime Ġas Ġa Ġlong - planned Ġspeech Ġby ĠMr ĠBrown Ġon ĠUK Ġplans Ġto Ġtackle Ġglobal Ġpoverty Ġwith Ġa Ġnew Ġ"" Marsh all ĠPlan "" Ġfor ĠAfrica .",O O O O O O B-POLITICIAN I-POLITICIAN O O O O O O O O O O O O O O O O O O O O B-POLITICIAN O O O O O O O O O O O O O O O O O O,NONE
"Ġ"" I Ġbelieve Ġthat Ġthe Ġgeneration Ġthat Ġprovided Ġthe Ġfinance Ġto Ġcombat , Ġcure Ġand Ġeradicate Ġthe Ġworld 's Ġdeadliest Ġdisease Ġof Ġtoday Ġ- Ġand Ġtoday Ġthe Ġworld 's Ġleast Ġcur able Ġdisease Ġ- ĠHIV / A ids Ġ- Ġwill Ġrightly Ġearn Ġthe Ġtitle Ġ' the Ġgreat Ġgeneration ',"" ĠMr ĠY vette ĠCooper Ġsaid Ġin Ġa Ġspeech Ġduring Ġhis ĠAfrican Ġtour .",O O O O O O O O O O O O O O O O O O O O O O O O O O O O O O O O O O O O O O O O O O O O O O O O O O B-POLITICIAN I-POLITICIAN I-POLITICIAN O O O O O O O O O,NONE
ĠFox Ġattacks ĠButler 's ĠTory Ġ' lies ',B-POLITICIAN O B-POLITICIAN O O O O O,NONE
ĠChoose Ġhope Ġover Ġfear Ġ- ĠRobert ĠKil roy - Sil k,O O O O O B-POLITICIAN I-POLITICIAN I-POLITICIAN I-POLITICIAN I-POLITICIAN I-POLITICIAN,NONE
ĠOne Ġis Ġa ĠJama ican Ġwho Ġjoined ĠBritish Ġtroops Ġto Ġfight ĠJ owell Ġbut Ġfinds Ġlife Ġdifficult Ġout Ġof Ġuniform Ġwhen Ġhe Ġsettles Ġin ĠLondon .,O O O O O O O O O O O B-POLITICIAN I-POLITICIAN O O O O O O O O O O O O O,NONE
"ĠTreasury ĠSecretary ĠJohn ĠReid Ġput Ġa Ġbrave Ġface Ġon Ġthe Ġnews , Ġsaying Ġit Ġwas Ġa Ġsign Ġof Ġstrong Ġeconomic Ġexpansion .",O O B-POLITICIAN I-POLITICIAN O O O O O O O O O O O O O O O O O O,NONE
ĠLord ĠDub s Ġbegins Ġpre - election Ġtour,B-POLITICIAN I-POLITICIAN I-POLITICIAN O O O O O,NONE
"ĠShe Ġis Ġvery Ġreligious Ġbut Ġshe Ġis Ġvery Ġmoderate ,"" Ġsaid ĠGeneral ĠLem bit ĠOp ik .",O O O O O O O O O O O O B-POLITICIAN I-POLITICIAN I-POLITICIAN I-POLITICIAN O,NONE
"ĠMr ĠRichard ĠAllan Ġseems Ġhaunted Ġby Ġher Ġeyes , Ġdesolate Ġof Ġall Ġhope .",O B-POLITICIAN I-POLITICIAN O O O O O O O O O O O,NONE
ĠHis Ġcomments Ġcome Ġthree Ġdays Ġbefore Ġhe Ġis Ġdue Ġto Ġmeet ĠPresident ĠKil roy .,O O O O O O O O O O O O B-POLITICIAN I-POLITICIAN O,NONE
"ĠShadow ĠTreasury Ġchief Ġsecretary ĠBush Ġsaid : Ġ"" Everyone Ġwho Ġlooks Ġat Ġthe ĠBritish Ġeconomy Ġat Ġthe Ġmoment Ġsays Ġthere Ġhas Ġbeen Ġa Ġsharp Ġdeterioration Ġin Ġthe Ġpublic Ġfinances , Ġthat Ġthere Ġis Ġa Ġblack Ġhole ,"" Ġhe Ġsaid .",O O O O B-POLITICIAN O O O O O O O O O O O O O O O O O O O O O O O O O O O O O O O O O O O,NONE
ĠBrad shaw Ġconfirms Ġcasino Ġclimb down,B-POLITICIAN I-POLITICIAN O O O O,NONE
"ĠThe ĠHigher ĠEducation ĠMinister , ĠSmith , Ġsaid : Ġ"" We Ġare Ġworking Ġin Ġschools Ġto Ġraise Ġthe Ġattainment Ġand Ġaspiration Ġof Ġyoung Ġpeople Ġin Ġdisadvantaged Ġareas .""",O O O O O B-POLITICIAN O O O O O O O O O O O O O O O O O O O O O O,NONE
ĠDollar Ġgains Ġon ĠTom ĠMcCabe Ġspeech,O O O B-POLITICIAN I-POLITICIAN O,NONE
"ĠShadow ĠTreasury Ġchief Ġsecretary ĠPal ania pp an ĠCh id amb aram Ġsaid : Ġ"" Everyone Ġwho Ġlooks Ġat Ġthe ĠBritish Ġeconomy Ġat Ġthe Ġmoment Ġsays Ġthere Ġhas Ġbeen Ġa Ġsharp Ġdeterioration Ġin Ġthe Ġpublic Ġfinances , Ġthat Ġthere Ġis Ġa Ġblack Ġhole ,"" Ġhe Ġsaid .",O O O O B-POLITICIAN I-POLITICIAN I-POLITICIAN I-POLITICIAN I-POLITICIAN I-POLITICIAN I-POLITICIAN I-POLITICIAN O O O O O O O O O O O O O O O O O O O O O O O O O O O O O O O O O O O,NONE
"ĠMr ĠMil burn , Ġwho Ġis Ġa Ġmember Ġof Ġthe ĠCommons Ġintelligence Ġand Ġsecurity Ġcommittee Ġand Ġwas Ġpart Ġof Ġthe ĠButler Ġinquiry Ġinto Ġpre - war Ġintelligence , Ġtold Ġthe ĠBBC Ġon ĠFriday : Ġ"" That , Ġas Ġa Ġgeneral Ġrule , Ġis Ġright , Ġbut Ġit 's Ġnot Ġan Ġabsolute Ġrule .""",O B-POLITICIAN I-POLITICIAN O O O O O O O O O O O O O O O O O B-POLITICIAN O O O O O O O O O O O O O O O O O O O O O O O O O O O O O O O O,NONE
"ĠI Ġthink ĠUKIP Ġhad Ġa Ġhuge Ġamount Ġto Ġdo Ġwith ĠAl ast air ĠCampbell 's Ġdecision Ġto Ġhold Ġa Ġreferendum Ġon Ġthe ĠEuropean Ġconstitution Ġand ĠI Ġthink Ġit Ġhad Ġa Ġhuge Ġamount Ġto Ġdo Ġwith Ġhis Ġrefusal Ġto Ġgo Ġinto Ġthe Ġeuro "".",O O O O O O O O O O B-POLITICIAN I-POLITICIAN I-POLITICIAN I-POLITICIAN O O O O O O O O O O O O O O O O O O O O O O O O O O O O O,NONE
"ĠPrime ĠMinister ĠBoat eng Ġcalled Ġhim Ġa Ġ"" g iant "" Ġof Ġthe ĠLabour Ġmovement .",O O B-POLITICIAN I-POLITICIAN O O O O O O O O O O O O,NONE
"ĠA Ġspokesman Ġsaid ĠPresident ĠBush 's Ġsafety Ġhad Ġnot Ġbeen Ġcompromised , Ġas Ġthe Ġpapers Ġhad Ġbeen Ġhanded Ġin Ġpromptly .",O O O O B-POLITICIAN O O O O O O O O O O O O O O O O,NONE
ĠConservative Ġshadow Ġhome Ġsecretary ĠAriel ĠSharon Ġwas Ġworried Ġabout Ġextending Ġspecial Ġpowers Ġto Ġcover ĠBritish Ġcitizens .,O O O O B-POLITICIAN I-POLITICIAN O O O O O O O O O O O,NONE
"ĠChairman Ġof Ġthe ĠEnvironmental ĠAudit ĠCommittee ĠY vette ĠCooper ĠMP , Ġsaid : Ġ"" The Ġgovernment 's Ġhousing Ġpolicy Ġis Ġan Ġalarming Ġexample Ġof Ġdis j ointed Ġthinking Ġin Ġan Ġareas Ġwhere Ġjoined - up Ġpolicy Ġis Ġcrucial .",O O O O O O B-POLITICIAN I-POLITICIAN I-POLITICIAN O O O O O O O O O O O O O O O O O O O O O O O O O O O O O O,chairman
"Ġ"" I Ġbelieve Ġthat Ġthe Ġgeneration Ġthat Ġprovided Ġthe Ġfinance Ġto Ġcombat , Ġcure Ġand Ġeradicate Ġthe Ġworld 's Ġdeadliest Ġdisease Ġof Ġtoday Ġ- Ġand Ġtoday Ġthe Ġworld 's Ġleast Ġcur able Ġdisease Ġ- ĠHIV / A ids Ġ- Ġwill Ġrightly Ġearn Ġthe Ġtitle Ġ' the Ġgreat Ġgeneration ',"" ĠMr ĠColin ĠPowell Ġsaid Ġin Ġa Ġspeech Ġduring Ġhis ĠAfrican Ġtour .",O O O O O O O O O O O O O O O O O O O O O O O O O O O O O O O O O O O O O O O O O O O O O O O O O O B-POLITICIAN I-POLITICIAN O O O O O O O O O,NONE
ĠMohammad ĠAli ĠAb t ahi Ġin Ġquotes,B-POLITICIAN I-POLITICIAN I-POLITICIAN I-POLITICIAN I-POLITICIAN O O,NONE
"ĠKam al ĠNath , Ġone Ġof Ġthe Ġmen Ġlamp oon ed Ġin Ġthe ĠLabour Ġposter , Ġaffects Ġbewild er ment Ġat Ġwhat Ġhe Ġbelieves Ġis ĠLabour 's Ġloss Ġof Ġits Ġonce Ġsure Ġfooting Ġon Ġthe Ġcampaign Ġtrail .",B-POLITICIAN I-POLITICIAN I-POLITICIAN O O O O O O O O O O O O O O O O O O O O O O O O O O O O O O O O O O O,NONE
"ĠMr ĠSpencer ĠAbraham 's Ġown Ġcomments Ġon Ġimmigration Ġhad Ġprompted Ġcens ure Ġ- Ġhe Ġtold Ġrefugees Ġfrom ĠAfghanistan Ġand ĠKosovo Ġto Ġ"" get Ġback Ġhome "" Ġto Ġstart Ġrebuilding Ġtheir Ġcountries .",O B-POLITICIAN I-POLITICIAN O O O O O O O O O O O O O O O O O O O O O O O O O O O O O,NONE
ĠLily ĠT uck 's ĠThe ĠNews ĠFrom ĠParagu ay Ġis Ġa Ġfictional ised Ġtale Ġabout ĠParagu ayan Ġleader ĠRoche Ġand Ġhis ĠIrish Ġmistress .,B-AUTHOR-WRITER I-AUTHOR-WRITER I-AUTHOR-WRITER O O O O O O O O O O O O O O O B-POLITICIAN O O O O O,NONE
"ĠOthers Ġtargeted Ġinclude ĠOliver ĠLet win , ĠDavid ĠDavis Ġand ĠTheresa ĠMay , ĠLib ĠDem 's Ġelections Ġchief ĠJohn ĠReid Ġsaid .",O O O B-POLITICIAN I-POLITICIAN I-POLITICIAN O B-POLITICIAN I-POLITICIAN O B-POLITICIAN I-POLITICIAN O O O O O O B-POLITICIAN I-POLITICIAN O O,NONE
"ĠIn Ġthe ĠCos mopolitan Ġinterview ĠMr ĠLord ĠDub s Ġsaid : Ġ"" I Ġbelieve Ġabortion Ġshould Ġbe Ġavailable Ġto Ġeveryone , Ġbut Ġthe Ġlaw Ġshould Ġbe Ġchanged .",O O O O O O B-POLITICIAN I-POLITICIAN I-POLITICIAN O O O O O O O O O O O O O O O O O O O,NONE
ĠFox Ġattacks ĠRobert ĠKil roy - Sil k 's ĠTory Ġ' lies ',B-POLITICIAN O B-POLITICIAN I-POLITICIAN I-POLITICIAN I-POLITICIAN I-POLITICIAN I-POLITICIAN O O O O O,NONE
ĠRoche Ġunve ils Ġpolicing Ġplans,B-POLITICIAN O O O O,NONE
ĠPeter ĠH ain Ġwas Ġmade Ġan ĠMEP Ġbecause Ġof Ġhis Ġposition Ġon Ġthe ĠUKIP 's Ġparty Ġlist .,B-POLITICIAN I-POLITICIAN I-POLITICIAN O O O O O O O O O O O O O O O,NONE
ĠHar iri Ġrejects Ġ' Las ĠVegas ' Ġj ibe,B-POLITICIAN I-POLITICIAN O O O O O O O,NONE
"Ġ"" She 's Ġnot Ġa Ġhuman Ġshield ĠMr ĠGall oway , Ġshe 's Ġa Ġhuman Ġbeing .""",O O O O O O O O B-POLITICIAN I-POLITICIAN O O O O O O O,NONE
"ĠImmigration Ġminister ĠGreens pan Ġquoted Ġits Ġfive - year Ġplan Ġfor Ġimmigration Ġand Ġasylum , Ġas Ġsaying : Ġ"" We Ġare Ġimplementing Ġour Ġexisting Ġpowers Ġby Ġtargeted Ġhealth Ġscreening Ġfor ĠTB Ġin Ġhigh - risk Ġareas Ġat Ġthe Ġentry Ġclearance Ġstage .",O O B-POLITICIAN I-POLITICIAN O O O O O O O O O O O O O O O O O O O O O O O O O O O O O O O O O O O O O O,NONE
"ĠFrancisco ĠSol ano ĠLopez , Ġleader Ġof Ġthe ĠLiberal ĠDemocrats Ġin Ġthe Ġassembly , Ġclaimed Ġthat Ġone Ġin Ġthree Ġhomes Ġwere Ġstill Ġlikely Ġto Ġface Ġcouncil Ġtax Ġrises Ġdue Ġto Ġreb anding .",B-POLITICIAN I-POLITICIAN I-POLITICIAN I-POLITICIAN O O O O O O O O O O O O O O O O O O O O O O O O O O O O O,NONE
ĠM ates Ġin Ġquotes,B-POLITICIAN I-POLITICIAN O O,NONE
ĠPeter ĠH ain Ġrow Ġshould Ġend Ġ- ĠBlair,B-POLITICIAN I-POLITICIAN I-POLITICIAN O O O O B-POLITICIAN,NONE
"ĠMr ĠMike ĠGerman , Ġwhose Ġgrandmother Ġdied Ġin ĠAuschwitz , Ġsaid Ġmany Ġpeople Ġwould Ġbe Ġoffended Ġby Ġthe Ġprince 's Ġactions ĠClarence ĠHouse Ġhas Ġissued Ġa Ġstatement Ġsaying Ġthe Ġprince Ġhas Ġapologised Ġand Ġrealised Ġit Ġhad Ġbeen Ġa Ġpoor Ġcostume .",O B-POLITICIAN I-POLITICIAN O O O O O O O O O O O O O O O O O O O O O O O O O O O O O O O O O O O O O O,NONE
"Ġ Ċ Ċ Prince ĠHarry Ġshould Ġpersonally Ġmake Ġclear Ġhow Ġsorry Ġhe Ġis Ġabout Ġwearing Ġa ĠNazi Ġuniform Ġto Ġa Ġfriend 's Ġfancy Ġdress Ġparty , Ġsays ĠTory Ġleader ĠTony .",O O O B-PUBLIC-FIGURE I-PUBLIC-FIGURE O O O O O O O O O O O O O O O O O O O O O O O O B-POLITICIAN O,NONE
ĠBen az ir ĠBh ut to Ġsees Ġgreater ĠBush Ġconsensus,B-POLITICIAN I-POLITICIAN I-POLITICIAN I-POLITICIAN I-POLITICIAN I-POLITICIAN O O B-POLITICIAN O,NONE
ĠSir ĠGeorge ĠOsborne Ġclaimed Ġstrong Ġpain killers Ġhe Ġwas Ġtaking Ġfor Ġa Ġback Ġproblem Ġhad Ġreacted Ġbadly Ġwith Ġa Ġsmall Ġamount Ġof Ġalcohol .,O B-POLITICIAN I-POLITICIAN O O O O O O O O O O O O O O O O O O O O O,NONE
ĠBut ĠAid Ġcharity ĠAction aid Ġcriticised ĠMr ĠJohn ĠSnow 's Ġpre occup ation Ġwith Ġfinding Ġa Ġvaccine Ġand Ġcalled Ġon ĠG 8 Ġnations Ġto Ġfund ĠHIV / A ids Ġtreatments .,O O O O O O O B-POLITICIAN I-POLITICIAN O O O O O O O O O O O O O O O O O O O O O O,NONE
ĠSir ĠFred ĠUpton Ġwas Ġmade Ġpermanent Ġsecretary Ġin ĠApril Ġ2001 Ġfollowing Ġa ĠCivil ĠService Ġcareer Ġwhich Ġdates Ġback Ġto Ġ1974 .,O B-POLITICIAN I-POLITICIAN O O O O O O O O O O O O O O O O O O,NONE
ĠLord ĠGold smith Ġwebsite Ġblocked Ġoutside ĠUS,B-POLITICIAN I-POLITICIAN I-POLITICIAN O O O O,NONE
"ĠOn Ġthe Ġquestion Ġof Ġwhether Ġsuch Ġpapers Ġhave Ġalways Ġbeen Ġkept Ġconfidential , ĠTory ĠMP ĠMichael ĠM ates , Ġwho Ġis Ġa Ġmember Ġof Ġthe ĠCommons Ġintelligence Ġand Ġsecurity Ġcommittee Ġand Ġwas Ġpart Ġof Ġthe ĠKil roy Ġinquiry , Ġtold Ġthe ĠBBC : Ġ"" That , Ġas Ġa Ġgeneral Ġrule , Ġis Ġright , Ġbut Ġit 's Ġnot Ġan Ġabsolute Ġrule .""",O O O O O O O O O O O O O O O B-POLITICIAN I-POLITICIAN I-POLITICIAN O O O O O O O O O O O O O O O O O B-POLITICIAN I-POLITICIAN O O O O O O O O O O O O O O O O O O O O O O O O O,NONE
"ĠMr ĠO leg ĠRy bach uk , Ġmeanwhile , Ġis Ġvisiting ĠTanzania , ĠMoz amb ique Ġand ĠKenya Ġto Ġhighlight Ġthe Ġplight Ġof Ġmany ĠAfricans Ġhit Ġby ĠA ids , Ġwar Ġand Ġfamine Ġ- Ġissues Ġwhich ĠMr ĠBlair Ġhas Ġalso Ġspoken Ġout Ġon .",O B-POLITICIAN I-POLITICIAN I-POLITICIAN I-POLITICIAN I-POLITICIAN O O O O O O O O O O O O O O O O O O O O O O O O O O O O O O O B-POLITICIAN O O O O O O,NONE
ĠBut Ġhe Ġalso Ġbelieves Ġit Ġis Ġtime Ġfor Ġthe Ġworld Ġto Ġsee Ġa Ġnew ĠAbbas .,O O O O O O O O O O O O O O B-POLITICIAN O,NONE
ĠShadow Ġforeign Ġsecretary ĠJ owell Ġsaid Ġthere Ġwas Ġa Ġconstant Ġneed Ġto Ġensure Ġvalue Ġfor Ġmoney Ġfrom Ġforeign Ġmissions .,O O O B-POLITICIAN I-POLITICIAN O O O O O O O O O O O O O O O,NONE
"Ġ"" The Ġplay Ġis Ġobscene Ġand Ġpornographic Ġalthough Ġit Ġwas Ġunder Ġthe Ġguise Ġof Ġwomen 's Ġliberation ,"" ĠMP ĠPeter ĠH ain Ġtold Ġparliament .",O O O O O O O O O O O O O O O O O O O B-POLITICIAN I-POLITICIAN I-POLITICIAN O O O,NONE
"ĠMrs ĠKim ĠHow ells Ġcalled Ġfor Ġthe Ġtragedy Ġto Ġbe Ġ"" the Ġstart Ġof Ġa Ġnew Ġbeginning Ġto Ġrebuild Ġour Ġnation "".",O B-POLITICIAN I-POLITICIAN I-POLITICIAN O O O O O O O O O O O O O O O O O O,NONE
ĠLib ĠDem ĠMP ĠLord ĠR enn ard Ġsaid Ġministers Ġhad Ġinvented Ġa Ġnew Ġcategory Ġof Ġhunting Ġ- Ġchasing Ġaway Ġ- Ġand,O O O B-POLITICIAN I-POLITICIAN I-POLITICIAN I-POLITICIAN O O O O O O O O O O O O O O,NONE
"ĠThis Ġweek ĠFox , ĠUS ĠSecretary Ġof ĠState Ġwas Ġvisiting Ġthe ĠWest ĠBank Ġto Ġstress ĠUS Ġsupport Ġfor Ġa Ġsmooth ĠPalestinian Ġelection Ġin ĠJanuary .",O O B-POLITICIAN O O O O O O O O O O O O O O O O O O O O O O,NONE
"Ġ"" Captain ĠDavis Ġand Ġthe Ġcrew Ġof Ġthe ĠNX - 01 Ġneed Ġyour Ġhelp Ġto Ġcontinue Ġtheir Ġjourneys !""",O O B-PUBLIC-FIGURE O O O O O O O O O O O O O O O O,NONE
"ĠEdinburgh Ġarchitect , ĠHelena ĠChristensen , Ġbecame Ġthe Ġfirst ĠScot Ġto Ġbe Ġconfirmed Ġas Ġa Ġvictim Ġof Ġthe ĠAsian Ġtsunami .",O O O B-PUBLIC-FIGURE I-PUBLIC-FIGURE O O O O O O O O O O O O O O O O,NONE
ĠMr ĠStephen ĠDouglas 's Ġstatements Ġhave Ġbeen Ġwildly Ġcontradictory .,O B-PUBLIC-FIGURE I-PUBLIC-FIGURE O O O O O O O,NONE
ĠMr ĠMaria ĠHutch ings Ġsaid Ġhe Ġhad Ġbeen Ġin ĠAfghanistan Ġand ĠPakistan Ġto Ġstudy ĠIslam .,O B-PUBLIC-FIGURE I-PUBLIC-FIGURE I-PUBLIC-FIGURE O O O O O O O O O O O O,NONE
ĠRef ere es Ġchief ĠShip man Ġbelieves ĠMourinho Ġshould Ġretract Ġhis Ġcomments Ġabout ĠFerguson Ġand ĠBarry Ġas Ġhe Ġbelieves Ġthe ĠBlues Ġboss Ġhas Ġquestioned Ġtheir Ġintegrity .,O O O O B-PUBLIC-FIGURE I-PUBLIC-FIGURE O B-ATHLETE O O O O O B-ATHLETE O B-ATHLETE O O O O O O O O O O O,NONE
"ĠDirect ed Ġby ĠB ollywood Ġveteran ĠSub hash ĠGh ai , Ġthe Ġfilm Ġis Ġset Ġin Ġthe ĠBritish ĠRaj Ġand ĠBern ath Ġplays Ġan Ġarmy Ġgeneral 's Ġdaughter Ġwho Ġfalls Ġin Ġlove Ġwith Ġa Ġrural Ġboy , ĠSimon ĠMcD owell .",O O O O O O B-ACTOR-DIRECTOR I-ACTOR-DIRECTOR I-ACTOR-DIRECTOR I-ACTOR-DIRECTOR O O O O O O O O O O B-ACTOR-DIRECTOR I-ACTOR-DIRECTOR O O O O O O O O O O O O O O O B-PUBLIC-FIGURE I-PUBLIC-FIGURE I-PUBLIC-FIGURE O,NONE
"ĠMr ĠMary ĠQueen Ġof ĠScots , Ġ23 , Ġfrom ĠC roy don , Ġsouth ĠLondon , Ġwas Ġtaken Ġto ĠGuantanamo ĠBay Ġafter Ġbeing Ġcaptured Ġin ĠAfghanistan Ġin Ġ2001 .",O B-PUBLIC-FIGURE I-PUBLIC-FIGURE I-PUBLIC-FIGURE I-PUBLIC-FIGURE O O O O O O O O O O O O O O O O O O O O O O O O,NONE
"ĠFarmer ĠStall one , Ġa Ġsenior Ġmember Ġof Ġthe ĠQu orn Ġhunt , Ġtold ĠBBC ĠNews Ġpeople 's Ġlives Ġ"" rev olved Ġaround Ġhunting "".",O B-PUBLIC-FIGURE I-PUBLIC-FIGURE O O O O O O O O O O O O O O O O O O O O O O,NONE
ĠAmong Ġthose Ġwho Ġhave Ġcriticised Ġthe Ġplans Ġare Ġthe ĠUK 's Ġtop Ġpoliceman ĠSir ĠVoldemort .,O O O O O O O O O O O O O O B-PUBLIC-FIGURE O,NONE
"ĠSome Ġyears Ġago Ġthe ĠMarvel Ġhero , ĠSophie ĠA nder ton , Ġcame Ġout Ġof Ġthe Ġcloset .",O O O O O O O B-PUBLIC-FIGURE I-PUBLIC-FIGURE I-PUBLIC-FIGURE I-PUBLIC-FIGURE O O O O O O O,NONE
"ĠHe Ġsaid Ġthere Ġhad Ġbeen Ġother Ġoccasions Ġwhen Ġadvice Ġhad Ġbeen Ġpublished , Ġmost Ġrecently Ġregarding ĠKhan 's Ġmarriage Ġplans .",O O O O O O O O O O O O O O O O B-PUBLIC-FIGURE O O O O,NONE
ĠDesmond ĠTut u Ġis Ġcurrently Ġappearing Ġas Ġa Ġjudge Ġand Ġmentor Ġin ĠITV 1 Ġtalent Ġshow ĠThe ĠX - Factor Ġalongside ĠSimon ĠCow ell Ġand ĠLouis ĠWalsh .,B-PUBLIC-FIGURE I-PUBLIC-FIGURE I-PUBLIC-FIGURE O O O O O O O O O O O O O O O O O O B-BUSINESS-EXECUTIVE-MANAGER I-BUSINESS-EXECUTIVE-MANAGER I-BUSINESS-EXECUTIVE-MANAGER O B-BUSINESS-EXECUTIVE-MANAGER I-BUSINESS-EXECUTIVE-MANAGER O,judge
"ĠIcon Ġspent Ġvery Ġlittle Ġon Ġadvertising Ġthe Ġfilm , Ġwhich Ġdeals Ġwith Ġthe Ġlast Ġhours Ġof ĠDoug ĠKay e 's Ġlife , Ġwhen Ġit Ġwas Ġreleased Ġearlier Ġthis Ġyear",O O O O O O O O O O O O O O O O B-PUBLIC-FIGURE I-PUBLIC-FIGURE I-PUBLIC-FIGURE O O O O O O O O O O,NONE
"Ġ,"" Ġhunt Ġmaster , ĠCaptain ĠAs ha ĠJama , Ġsaid .",O O O O O B-PUBLIC-FIGURE I-PUBLIC-FIGURE I-PUBLIC-FIGURE O O O,NONE
"ĠThe ĠQueen 's Ġgrandson , ĠSilver ĠSur fer , Ġsparked Ġoutrage Ġearlier Ġthis Ġweek Ġafter Ġphotographs Ġof Ġhim Ġwearing Ġa ĠNazi Ġuniform Ġat Ġa Ġcostume Ġparty Ġemerged .",O O O O O B-PUBLIC-FIGURE I-PUBLIC-FIGURE I-PUBLIC-FIGURE O O O O O O O O O O O O O O O O O O O O,NONE
"ĠMr ĠBrown Ġintroduced ĠDr ĠMike ĠTom l inson Ġto Ġthe Ġ400 Ġinvited Ġguests Ġas Ġthe Ġ"" the Ġworld 's Ġgreatest Ġeconomist "".",O B-POLITICIAN O O B-PUBLIC-FIGURE I-PUBLIC-FIGURE I-PUBLIC-FIGURE I-PUBLIC-FIGURE O O O O O O O O O O O O O O,NONE
ĠFormer ĠAbbas i Ġactor Ġthe Ġlate ĠChristopher ĠRee ve Ġwas Ġan Ġadvocate Ġfor Ġthe Ġresearch Ġafter Ġhe Ġwas Ġpar alysed Ġin Ġa Ġhorse Ġriding Ġaccident .,O B-PUBLIC-FIGURE I-PUBLIC-FIGURE O O O B-ACTOR-DIRECTOR I-ACTOR-DIRECTOR I-ACTOR-DIRECTOR O O O O O O O O O O O O O O O O O,NONE
"ĠPeople Ġsuch Ġas ĠPrince ĠHarry Ġand ĠSt rav insky Ġbecame Ġlike Ġun cles Ġto Ġher , Ġthe Ġlatter Ġput Ġin Ġcharge Ġof Ġher Ġmusical Ġeducation .",O O O B-PUBLIC-FIGURE I-PUBLIC-FIGURE O B-MUSICIAN I-MUSICIAN I-MUSICIAN O O O O O O O O O O O O O O O O O,NONE
"ĠKimberly ĠQuinn Ġis Ġsenior Ġbenefit Ġofficer Ġon Ġthe Ġpick et Ġline Ġat ĠCompanies ĠHouse , Ġin ĠCardiff .",B-PUBLIC-FIGURE I-PUBLIC-FIGURE O O O O O O O O O O O O O O O O,NONE
"ĠSome Ġyears Ġago Ġthe ĠMarvel Ġhero , ĠAbbas i , Ġcame Ġout Ġof Ġthe Ġcloset .",O O O O O O O B-PUBLIC-FIGURE I-PUBLIC-FIGURE O O O O O O O,NONE
"ĠDaredevil Ġwas Ġblind , ĠBlack ĠPanther Ġwas Ġblack Ġand ĠCrown ĠPrince ĠFreder ik Ġpond ered Ġthe Ġstate Ġof Ġhumanity .",B-PUBLIC-FIGURE O O O B-PUBLIC-FIGURE I-PUBLIC-FIGURE O O O B-PUBLIC-FIGURE I-PUBLIC-FIGURE I-PUBLIC-FIGURE I-PUBLIC-FIGURE O O O O O O O,NONE
ĠMr ĠPrince ĠPhilip 's Ġstatements Ġhave Ġbeen Ġwildly Ġcontradictory .,O B-PUBLIC-FIGURE I-PUBLIC-FIGURE O O O O O O O,NONE
"ĠGreens pan Ġsays ĠJun inho , Ġwho Ġhas Ġjust Ġbought Ġa Ġnew Ġhome , Ġwould Ġ"" des per ately Ġlike Ġto Ġstay Ġat ĠCeltic "" Ġbut Ġwill Ġseek Ġa Ġmove Ġif Ġit Ġis Ġmade Ġclear Ġthat Ġhe Ġis Ġnot Ġwanted .",B-PUBLIC-FIGURE I-PUBLIC-FIGURE O B-ATHLETE I-ATHLETE O O O O O O O O O O O O O O O O O O O O O O O O O O O O O O O O O O O O,NONE
"ĠA Ġsmash Ġhit Ġon ĠBroadway Ġbefore Ġmoving Ġto ĠLondon , Ġthe Ġshow Ġalso Ġwon Ġbest Ġmusical Ġperformance Ġin Ġa Ġsupporting Ġrole Ġfor ĠCon le th ĠHill , Ġwho Ġplays Ġdirector ĠRay .",O O O O O O O O O O O O O O O O O O O O O O B-ACTOR-DIRECTOR I-ACTOR-DIRECTOR I-ACTOR-DIRECTOR I-ACTOR-DIRECTOR O O O O B-PUBLIC-FIGURE O,NONE
"Ġ Ċ Ċ A Ġphotograph Ġof ĠPrince ĠRoss Ġwearing Ġa Ġswast ika Ġar mb and Ġand ĠGerman Ġdesert Ġuniform Ġat Ġthe Ġparty Ġappears Ġin ĠThursday 's ĠSun Ġnewspaper Ġunder Ġthe Ġheadline : Ġ"" Ross Ġthe ĠNazi .""",O O O O O O O B-PUBLIC-FIGURE O O O O O O O O O O O O O O O O O O O O O O O O O B-PUBLIC-FIGURE O O O,NONE
"ĠThe Ġsinger , Ġwho Ġhas Ġbeen Ġlinked Ġto Ġsuper model ĠDar ce y ĠBus sell , Ġwas Ġarrested Ġafter Ġpolice Ġwere Ġcalled Ġto Ġthe ĠIs lington Ġhotel Ġin Ġresponse Ġto Ġclaims Ġthat Ġa Ġman Ġhad Ġbeen Ġassaulted .",O O O O O O O O O O B-PUBLIC-FIGURE I-PUBLIC-FIGURE I-PUBLIC-FIGURE I-PUBLIC-FIGURE I-PUBLIC-FIGURE O O O O O O O O O O O O O O O O O O O O O O O,NONE
"ĠFern , Ġa Ġ25 - year - old Ġdoctor Ġfrom ĠBolton , Ġmade Ġa Ġgood Ġimpression , Ġeven Ġif Ġhe Ġwas Ġa Ġlittle Ġthrown Ġby ĠMr ĠMac K enzie 's Ġsuggestion Ġthat Ġinstead Ġof Ġbeing Ġtreated Ġby Ġthe ĠNHS , Ġyoung Ġdr unks Ġshould Ġ"" given Ġa Ġgood Ġbeating "" Ġand Ġleft Ġto Ġdie .",B-PUBLIC-FIGURE O O O O O O O O O O O O O O O O O O O O O O O O O B-PUBLIC-FIGURE I-PUBLIC-FIGURE I-PUBLIC-FIGURE O O O O O O O O O O O O O O O O O O O O O O O O O O,NONE
ĠThe Ġmarriage Ġis Ġlikely Ġto Ġbe Ġa Ġsensitive Ġissue Ġbecause ĠMrs ĠBooker Ġis Ġdivorced Ġand Ġher Ġformer Ġhusband Ġis Ġstill Ġalive .,O O O O O O O O O O O B-PUBLIC-FIGURE O O O O O O O O O O,NONE
ĠCrown ĠPrincess ĠMary 's ĠGuantanamo Ġrelease Ġcall,B-PUBLIC-FIGURE I-PUBLIC-FIGURE I-PUBLIC-FIGURE O O O O,NONE
ĠThe Ġlatest Ġfootage Ġshowed ĠMrs ĠDon Ġasking Ġfor ĠBritish Ġtroops Ġto Ġbe Ġpulled Ġout Ġof ĠIraq .,O O O O O B-PUBLIC-FIGURE O O O O O O O O O O O,NONE
ĠBut Ġonly Ġ40 % Ġthink ĠMrs ĠParker ĠBow les Ġshould Ġbecome ĠPrincess ĠCons ort Ġas Ġplanned Ġafter ĠPrince ĠPhilip Ġbecomes Ġking .,O O O O O O B-PUBLIC-FIGURE I-PUBLIC-FIGURE I-PUBLIC-FIGURE O O O O O O O O B-PUBLIC-FIGURE I-PUBLIC-FIGURE O O O,NONE
ĠDr ĠBlack ĠPanther Ġ- Ġwho Ġbecame Ġchairman Ġof Ġthe ĠFederal ĠReserve Ġfor Ġan Ġunprecedented Ġfifth Ġterm Ġin ĠJune Ġ2004 Ġ- Ġwill Ġstep Ġdown Ġin ĠJanuary Ġnext Ġyear .,O B-PUBLIC-FIGURE I-PUBLIC-FIGURE O O O O O O O O O O O O O O O O O O O O O O O O O,chairman
ĠLisa ĠMarie Ġrecently Ġannounced Ġhe Ġwas Ġleaving ĠV iac om Ġwhile Ġthe Ġtwo ĠDJs Ġwere Ġsacked Ġafter Ġtheir Ġshow Ġfeatured Ġa Ġcouple Ġpur porting Ġto Ġhave Ġsex Ġin Ġa Ġchurch .,B-PUBLIC-FIGURE I-PUBLIC-FIGURE O O O O O O O O O O O O O O O O O O O O O O O O O O O O O,NONE
ĠFormer ĠPaul ĠAl cock Ġactor Ġthe Ġlate ĠChristopher ĠRee ve Ġwas Ġan Ġadvocate Ġfor Ġthe Ġresearch Ġafter Ġhe Ġwas Ġpar alysed Ġin Ġa Ġhorse Ġriding Ġaccident .,O B-PUBLIC-FIGURE I-PUBLIC-FIGURE I-PUBLIC-FIGURE O O O B-ACTOR-DIRECTOR I-ACTOR-DIRECTOR I-ACTOR-DIRECTOR O O O O O O O O O O O O O O O O O,NONE
ĠThe ĠArcher Ġmusical Ġhas Ġbeen Ġmaster minded Ġby Ġtheatre Ġimp res ario ĠSir ĠCameron ĠMack intosh Ġand Ġdirected Ġby ĠRichard ĠEy re Ġwith Ġchore ography Ġby ĠMatthew ĠBour ne .,O B-PUBLIC-FIGURE O O O O O O O O O O B-BUSINESS-EXECUTIVE-MANAGER I-BUSINESS-EXECUTIVE-MANAGER I-BUSINESS-EXECUTIVE-MANAGER I-BUSINESS-EXECUTIVE-MANAGER O O O B-ACTOR-DIRECTOR I-ACTOR-DIRECTOR I-ACTOR-DIRECTOR O O O O B-ACTOR-DIRECTOR I-ACTOR-DIRECTOR I-ACTOR-DIRECTOR O,NONE
"Ġ"" Nic ole Ġwould Ġlike Ġto Ġmake Ġit Ġclear Ġthat Ġshe Ġacknowledges Ġshe Ġis Ġa Ġpublic Ġfigure Ġand Ġthat Ġreporters Ġand Ġphotographers Ġhave Ġa Ġjob Ġto Ġdo Ġand Ġshe Ġrespects Ġthat ,"" Ġsaid ĠKid man 's Ġpublic ist ĠFred ĠBar ras .",O B-ACTOR-DIRECTOR I-ACTOR-DIRECTOR O O O O O O O O O O O O O O O O O O O O O O O O O O O O O O B-ACTOR-DIRECTOR I-ACTOR-DIRECTOR O O O B-PUBLIC-FIGURE I-PUBLIC-FIGURE I-PUBLIC-FIGURE O,NONE
"ĠThe ĠArchbishop Ġof ĠCanterbury Ġsaid : Ġ"" I Ġam Ġpleased Ġthat ĠPrince ĠCharles Ġand ĠMrs ĠJoshua ĠReynolds Ġhave Ġdecided Ġto Ġtake Ġthis Ġimportant Ġstep .""",O O O O O O O O O O O B-PUBLIC-FIGURE I-PUBLIC-FIGURE O O B-PUBLIC-FIGURE I-PUBLIC-FIGURE O O O O O O O O,NONE
Ġ Ċ Ċ R acing Ġpund it ĠBaron Ġvon ĠTra pp Ġhas Ġbecome Ġthe Ġlatest Ġcontestant Ġto Ġbe Ġev icted Ġfrom ĠCelebrity ĠBig ĠBrother .,O O O O O O O B-PUBLIC-FIGURE I-PUBLIC-FIGURE I-PUBLIC-FIGURE I-PUBLIC-FIGURE O O O O O O O O O O O O O O,pundit
"ĠRefer ring Ġto Ġthe Ġdet ent ions Ġin ĠCuba , ĠArchbishop ĠDesmond ĠTut u Ġtold ĠBBC ĠNews : Ġ"" It Ġis Ġutterly Ġunacceptable .",O O O O O O O O O O O B-PUBLIC-FIGURE I-PUBLIC-FIGURE I-PUBLIC-FIGURE O O O O O O O O O O,NONE
"ĠShip man Ġhas Ġbeen Ġround ly Ġcondemned Ġby Ġposter ity , Ġand Ġrightly Ġso .",B-PUBLIC-FIGURE I-PUBLIC-FIGURE O O O O O O O O O O O O O,NONE
"ĠHe Ġsaid Ġthere Ġhad Ġbeen Ġother Ġoccasions Ġwhen Ġadvice Ġhad Ġbeen Ġpublished , Ġmost Ġrecently Ġregarding ĠFischer 's Ġmarriage Ġplans .",O O O O O O O O O O O O O O O O B-PUBLIC-FIGURE O O O O,NONE
ĠIn Ġ1983 ĠMr ĠMike ĠTom l inson Ġbecame Ġadviser Ġon ĠIsrael 's Ġeconomy Ġto Ġthen - US Ġsecretary Ġof Ġstate ĠGeorge ĠSh ultz .,O O O B-PUBLIC-FIGURE I-PUBLIC-FIGURE I-PUBLIC-FIGURE I-PUBLIC-FIGURE O O O O O O O O O O O O O B-POLITICIAN I-POLITICIAN I-POLITICIAN O,NONE
ĠBoth Ġthe ĠCardinal Ġand ĠArchbishop Ġof ĠCanterbury ĠDr ĠMa usk op f Ġappealed Ġfor Ġthe Ġweapons Ġinspectors Ġto Ġbe Ġgiven Ġmore Ġtime Ġin ĠIraq Ġbefore Ġthe Ġwar Ġstarted .,O O O O O O O O B-PUBLIC-FIGURE I-PUBLIC-FIGURE I-PUBLIC-FIGURE I-PUBLIC-FIGURE O O O O O O O O O O O O O O O O O,NONE
ĠMr ĠDonna ĠSmall Ġwanted Ġto Ġhelp Ġthose Ġaffected Ġby Ġthe Ġtsunami Ġby Ġpool ing Ġmoney Ġwith Ġconcerned Ġfriends .,O B-PUBLIC-FIGURE I-PUBLIC-FIGURE O O O O O O O O O O O O O O O O,NONE
"ĠRoss Ġhas Ġbeen Ġround ly Ġcondemned Ġby Ġposter ity , Ġand Ġrightly Ġso .",B-PUBLIC-FIGURE O O O O O O O O O O O O O,NONE
"ĠGreat ĠOr mond ĠStreet ĠHospital Ġprofessor Ġof Ġchild Ġhealth , ĠParker ĠBow les , Ġwas Ġchosen Ġby Ġthe Ġgovernment Ġand Ġwill Ġstart Ġthe ĠÂ£ 100 , 000 - a - year Ġjob Ġimmediately .",O O O O O O O O O O B-PUBLIC-FIGURE I-PUBLIC-FIGURE I-PUBLIC-FIGURE O O O O O O O O O O O O O O O O O O O O O,professor
"ĠSylvia Ġis Ġsenior Ġbenefit Ġofficer Ġon Ġthe Ġpick et Ġline Ġat ĠCompanies ĠHouse , Ġin ĠCardiff .",B-PUBLIC-FIGURE O O O O O O O O O O O O O O O O,NONE
"ĠJackson Ġis Ġthought Ġto Ġhave Ġsecured Ġthe Ġmost Ġlucrative Ġfilm Ġdirecting Ġdeal Ġin Ġhistory Ġto Ġremake ĠDonna ĠSmall , Ġwhich Ġis Ġcurrently Ġin Ġproduction Ġin ĠWellington .",B-ACTOR-DIRECTOR O O O O O O O O O O O O O O O B-PUBLIC-FIGURE I-PUBLIC-FIGURE O O O O O O O O O,NONE
ĠMary ĠQueen Ġof ĠScots 's ĠGuantanamo Ġrelease Ġcall,B-PUBLIC-FIGURE I-PUBLIC-FIGURE I-PUBLIC-FIGURE I-PUBLIC-FIGURE O O O O,NONE
ĠTory Ġleader Ġurges ĠLord ĠScar man Ġapology,O O O B-PUBLIC-FIGURE I-PUBLIC-FIGURE I-PUBLIC-FIGURE O,NONE
"ĠJackson Ġis Ġthought Ġto Ġhave Ġsecured Ġthe Ġmost Ġlucrative Ġfilm Ġdirecting Ġdeal Ġin Ġhistory Ġto Ġremake ĠTh orne ĠN og ar , Ġwhich Ġis Ġcurrently Ġin Ġproduction Ġin ĠWellington .",B-ACTOR-DIRECTOR O O O O O O O O O O O O O O O B-PUBLIC-FIGURE I-PUBLIC-FIGURE I-PUBLIC-FIGURE I-PUBLIC-FIGURE I-PUBLIC-FIGURE O O O O O O O O O,NONE
ĠHis Ġname Ġis ĠT ote ĠKing Ġand ĠDonna ĠSmall Ġsays Ġthat Ġhe Ġis Ġthe Ġhip - hop Ġleader Ġin ĠSpain .,O O O B-MUSICIAN I-MUSICIAN I-MUSICIAN O B-PUBLIC-FIGURE I-PUBLIC-FIGURE O O O O O O O O O O O O,NONE
ĠRef ere es Ġchief ĠMub anga Ġbelieves ĠMourinho Ġshould Ġretract Ġhis Ġcomments Ġabout ĠFerguson Ġand ĠBarry Ġas Ġhe Ġbelieves Ġthe ĠBlues Ġboss Ġhas Ġquestioned Ġtheir Ġintegrity .,O O O O B-PUBLIC-FIGURE I-PUBLIC-FIGURE O B-ATHLETE O O O O O B-ATHLETE O B-ATHLETE O O O O O O O O O O O,NONE
"ĠSome Ġyears Ġago Ġthe ĠMarvel Ġhero , ĠCorm ac ĠMurphy ĠO ' Connor , Ġcame Ġout Ġof Ġthe Ġcloset .",O O O O O O O B-PUBLIC-FIGURE I-PUBLIC-FIGURE I-PUBLIC-FIGURE I-PUBLIC-FIGURE I-PUBLIC-FIGURE I-PUBLIC-FIGURE O O O O O O O,NONE
"ĠJ K ĠRowling 's Ġfifth Ġbook Ġin Ġthe Ġwizard Ġseries , ĠRoger ĠDe B ris Ġand ĠOrder Ġof Ġthe ĠPhoenix Ġwas ĠAmazon 's Ġlargest Ġpre - ordered Ġitem Ġever , Ġwith Ġ420 , 000 Ġcopies Ġpre - ordered Ġprior Ġto Ġits Ġrelease Ġin ĠJune Ġ2003 .",B-AUTHOR-WRITER I-AUTHOR-WRITER I-AUTHOR-WRITER O O O O O O O O B-PUBLIC-FIGURE I-PUBLIC-FIGURE I-PUBLIC-FIGURE I-PUBLIC-FIGURE O O O O O O O O O O O O O O O O O O O O O O O O O O O O O O O,NONE
ĠMub anga Ġout Ġof ĠBig ĠBrother Ġshow,B-PUBLIC-FIGURE I-PUBLIC-FIGURE O O O O O,NONE
"ĠJones , Ġwho Ġis Ġunder Ġinvestigation Ġfor Ġsteroid Ġuse Ġby Ġthe ĠUS ĠAnti - D oping ĠAgency , Ġhas Ġcontinually Ġdenied Ġever Ġtaking Ġillegal Ġsubstances Ġsince Ġbeing Ġinvestigated Ġin Ġthe ĠBal co Ġscandal , Ġalthough Ġshe Ġpraised Ġa Ġzinc Ġsupplement ĠAz mat ĠBe gg Ġmarketed .",B-ATHLETE O O O O O O O O O O O O O O O O O O O O O O O O O O O O O O O O O O O O O O O B-PUBLIC-FIGURE I-PUBLIC-FIGURE I-PUBLIC-FIGURE I-PUBLIC-FIGURE O O,NONE
"ĠThe Ġjudges Ġcalled ĠGuy 's ĠMy ĠHeart Ġis ĠMy ĠOwn : ĠThe ĠLife Ġof ĠDon Ġ"" an Ġimpressive Ġand Ġreadable Ġpiece Ġof Ġscholarship , Ġwhich Ġcan Ġnot Ġfail Ġbut Ġleave Ġthe Ġreader Ġmoved Ġand Ġintrigued Ġby Ġthis Ġmost Ġtragic Ġand Ġlike able Ġof Ġqueens "".",O O O O O O O O O O O O O O B-PUBLIC-FIGURE O O O O O O O O O O O O O O O O O O O O O O O O O O O O O O,NONE
ĠMr ĠStephen ĠDouglas Ġwanted Ġto Ġhelp Ġthose Ġaffected Ġby Ġthe Ġtsunami Ġby Ġpool ing Ġmoney Ġwith Ġconcerned Ġfriends .,O B-PUBLIC-FIGURE I-PUBLIC-FIGURE O O O O O O O O O O O O O O O O,NONE
ĠThe Ġissue Ġentered Ġthe Ġpublic Ġspotlight Ġwhen ĠNorfolk Ġfarmer ĠHarry Ġwas Ġjailed Ġfor Ġshooting Ġdead Ġa Ġ16 - year - old Ġburg lar Ġin Ġ1999 Ġas Ġhe Ġran Ġaway Ġfrom Ġthe Ġfarm .,O O O O O O O O O B-PUBLIC-FIGURE O O O O O O O O O O O O O O O O O O O O O O O,NONE
ĠDick y ĠArbit er Ġfestival Ġfilm Ġwithdrawn,B-PUBLIC-FIGURE I-PUBLIC-FIGURE I-PUBLIC-FIGURE I-PUBLIC-FIGURE O O O,NONE
ĠDame ĠJulie Ġpops Ġin Ġto Ġsee ĠPo pp ins Ċ Ċ Mat isse Ġstar ĠDame ĠJulie ĠAndrews Ġwatched Ġthe Ġhit Ġstage Ġversion Ġof Ġher Ġclassic Ġfilm Ġat Ġa Ġcharity Ġperformance Ġin ĠLondon 's ĠWest ĠEnd .,B-ACTOR-DIRECTOR I-ACTOR-DIRECTOR O O O O O O O O O B-PUBLIC-FIGURE I-PUBLIC-FIGURE O B-ACTOR-DIRECTOR I-ACTOR-DIRECTOR I-ACTOR-DIRECTOR O O O O O O O O O O O O O O O O O O O,NONE
"Ġ"" I Ġam Ġvery Ġhappy Ġto Ġsee Ġyou Ġall , Ġmembers Ġof Ġthe Ġathletics Ġfamily , Ġrespond Ġpositively Ġto Ġthe ĠI AAF Ġcall Ġto Ġsit Ġtogether Ġand Ġdiscuss Ġwhat Ġmore Ġwe Ġcan Ġdo Ġin Ġthe Ġfight Ġagainst Ġdoping ,"" Ġsaid ĠMike ĠTom l inson .",O O O O O O O O O O O O O O O O O O O O O O O O O O O O O O O O O O O O O O O O B-PUBLIC-FIGURE I-PUBLIC-FIGURE I-PUBLIC-FIGURE I-PUBLIC-FIGURE O,NONE
ĠMorris Ġwill Ġdirect Ġand Ġco - write ĠGates head Ġ- Ġa Ġcharacter Ġfrom Ġcult Ġwebsite ĠTV ĠGo ĠHome Ġ- Ġfor ĠChannel Ġ4 .,B-ACTOR-DIRECTOR O O O O O O B-PUBLIC-FIGURE I-PUBLIC-FIGURE O O O O O O O O O O O O O O,NONE
ĠMr ĠKate ĠMoss 's Ġstatements Ġhave Ġbeen Ġwildly Ġcontradictory .,O B-PUBLIC-FIGURE I-PUBLIC-FIGURE O O O O O O O,NONE
"ĠIn ĠBritain , Ġthe ĠQueen Ġand ĠLord ĠWool f Ġwill Ġlead Ġthe Ġnation 's Ġcommem oration Ġat Ġa Ġservice Ġin ĠWestminster ĠHall , ĠLondon .",O O O O O O B-PUBLIC-FIGURE I-PUBLIC-FIGURE I-PUBLIC-FIGURE O O O O O O O O O O O O O O O O,NONE
"ĠSome Ġyears Ġago Ġthe ĠMarvel Ġhero , ĠIan , Ġcame Ġout Ġof Ġthe Ġcloset .",O O O O O O O B-PUBLIC-FIGURE O O O O O O O,NONE
"ĠOn ĠThursday Ġnight , ĠGeoff ĠBrooks , Ġ56 , Ġand ĠMrs ĠParker ĠBow les , Ġ57 , Ġhosted Ġa Ġdinner Ġat ĠWindsor ĠCastle , Ġtheir Ġfirst Ġpublic Ġappearance Ġsince Ġannouncing Ġtheir Ġengagement .",O O O O B-PUBLIC-FIGURE I-PUBLIC-FIGURE O O O O O B-PUBLIC-FIGURE I-PUBLIC-FIGURE I-PUBLIC-FIGURE O O O O O O O O O O O O O O O O O O O,NONE
ĠRowling Ġhas Ġalready Ġrevealed Ġthat Ġthe ĠHalf - Blood ĠPrince Ġis Ġneither ĠPaul ĠShe fr in Ġnor ĠVoldemort .,B-AUTHOR-WRITER O O O O O O O O O O O B-PUBLIC-FIGURE I-PUBLIC-FIGURE I-PUBLIC-FIGURE I-PUBLIC-FIGURE O B-PUBLIC-FIGURE O,NONE
"ĠSpect or Ġsays ĠJun inho , Ġwho Ġhas Ġjust Ġbought Ġa Ġnew Ġhome , Ġwould Ġ"" des per ately Ġlike Ġto Ġstay Ġat ĠCeltic "" Ġbut Ġwill Ġseek Ġa Ġmove Ġif Ġit Ġis Ġmade Ġclear Ġthat Ġhe Ġis Ġnot Ġwanted .",B-PUBLIC-FIGURE I-PUBLIC-FIGURE O B-ATHLETE I-ATHLETE O O O O O O O O O O O O O O O O O O O O O O O O O O O O O O O O O O O O,NONE
"Ġ Ċ Ċ "" You Ġwake Ġup Ġand Ġyou Ġreceive Ġa Ġphone Ġcall Ġ- ĠRamp ers ad 's Ġtopped Ġhimself .",O O O O O O O O O O O O O O B-PUBLIC-FIGURE I-PUBLIC-FIGURE I-PUBLIC-FIGURE O O O O,NONE
"Ġ,"" Ġhunt Ġmaster , ĠCaptain ĠAl ĠA yn s ley - Green , Ġsaid .",O O O O O B-PUBLIC-FIGURE I-PUBLIC-FIGURE I-PUBLIC-FIGURE I-PUBLIC-FIGURE I-PUBLIC-FIGURE I-PUBLIC-FIGURE I-PUBLIC-FIGURE O O O,NONE
"ĠThe ĠCritics ' ĠCircle Ġnamed ĠRebecca ĠLen k iewicz Ġits Ġmost Ġpromising Ġplay wright Ġfor ĠThe ĠNight ĠSeason , Ġand ĠEddie ĠRed may ne Ġmost Ġpromising Ġnewcomer Ġfor ĠThe ĠGoat Ġor , ĠWho Ġis ĠGeoff ĠBrooks ?",O O O O O B-AUTHOR-WRITER I-AUTHOR-WRITER I-AUTHOR-WRITER I-AUTHOR-WRITER O O O O O O O O O O O B-ACTOR-DIRECTOR I-ACTOR-DIRECTOR I-ACTOR-DIRECTOR I-ACTOR-DIRECTOR O O O O O O O O O O B-PUBLIC-FIGURE I-PUBLIC-FIGURE O,NONE
"Ġ"" The Ġpublic 's Ġappetite Ġfor Ġsal acious Ġgossip Ġabout Ġthe Ġprivate Ġlife Ġof ĠEd na ĠMode Ġmight Ġlead Ġsome Ġinto Ġan Ġunpleasant Ġcomputer Ġinfection ,"" Ġsaid ĠGraham ĠCl u ley Ġfrom Ġanti - v irus Ġfirm ĠSoph os .",O O O O O O O O O O O O O O B-PUBLIC-FIGURE I-PUBLIC-FIGURE I-PUBLIC-FIGURE O O O O O O O O O O B-AUTHOR-WRITER I-AUTHOR-WRITER I-AUTHOR-WRITER I-AUTHOR-WRITER O O O O O O O O O,NONE
"ĠAnd Ġproducer ĠSh ogo ĠTom iy ama Ġadded : Ġ"" So Ġlong Ġas ĠAz mat ĠBe gg Ġcan Ġfasc inate Ġpeople , ĠI Ġbelieve Ġhe Ġwill Ġbe Ġresurrected Ġby Ġnew Ġgenerations Ġof Ġfilmmakers Ġin Ġthe Ġfuture .""",O O B-BUSINESS-EXECUTIVE-MANAGER I-BUSINESS-EXECUTIVE-MANAGER I-BUSINESS-EXECUTIVE-MANAGER I-BUSINESS-EXECUTIVE-MANAGER I-BUSINESS-EXECUTIVE-MANAGER O O O O O O B-PUBLIC-FIGURE I-PUBLIC-FIGURE I-PUBLIC-FIGURE I-PUBLIC-FIGURE O O O O O O O O O O O O O O O O O O O O,NONE
"ĠHis ĠBritish - born Ġwife , ĠEdward , Ġsuggested Ġhe Ġhad Ġnothing Ġto Ġlose Ġand , Ġfor Ġhis Ġsw ans ong , Ġshould Ġwrite Ġthe Ġkind Ġof Ġcharacters Ġhe Ġreally Ġwanted Ġto Ġcreate .",O O O O O O B-PUBLIC-FIGURE O O O O O O O O O O O O O O O O O O O O O O O O O O O,NONE
"ĠIcon Ġspent Ġvery Ġlittle Ġon Ġadvertising Ġthe Ġfilm , Ġwhich Ġdeals Ġwith Ġthe Ġlast Ġhours Ġof ĠDoug ĠSmith 's Ġlife , Ġwhen Ġit Ġwas Ġreleased Ġearlier Ġthis Ġyear",O O O O O O O O O O O O O O O O B-PUBLIC-FIGURE I-PUBLIC-FIGURE O O O O O O O O O O,NONE
"ĠThe Ġjudges Ġcalled ĠGuy 's ĠMy ĠHeart Ġis ĠMy ĠOwn : ĠThe ĠLife Ġof ĠFerguson Ġ"" an Ġimpressive Ġand Ġreadable Ġpiece Ġof Ġscholarship , Ġwhich Ġcan Ġnot Ġfail Ġbut Ġleave Ġthe Ġreader Ġmoved Ġand Ġintrigued Ġby Ġthis Ġmost Ġtragic Ġand Ġlike able Ġof Ġqueens "".",O O O O O O O O O O O O O O B-PUBLIC-FIGURE O O O O O O O O O O O O O O O O O O O O O O O O O O O O O O,NONE
"ĠMorrison Ġshould Ġsee Ġfor Ġhimself Ġ"" the Ġresults Ġof Ġthe Ġhated Ġsymbol Ġhe Ġso Ġfoolish ly Ġand Ġbrazen ly Ġchose Ġto Ġwear "", ĠRabbi ĠMarvin ĠHier , Ġfounder Ġof ĠJewish Ġhuman Ġrights Ġgroup Ġthe ĠSimon ĠW ies enthal ĠCenter Ġsaid .",B-PUBLIC-FIGURE O O O O O O O O O O O O O O O O O O O O O O O B-PUBLIC-FIGURE I-PUBLIC-FIGURE O O O O O O O O O O O O O O O,rabbi
"ĠMr ĠMark ĠLong den Ġcalled Ġhimself Ġan ĠiTunes Ġcustomer Ġwho Ġ"" was Ġalso Ġforced Ġto Ġpurchase Ġan ĠApple ĠiPod "" Ġif Ġhe Ġwanted Ġto Ġtake Ġhis Ġmusic Ġwith Ġhim Ġto Ġlisten Ġto .",O B-PUBLIC-FIGURE I-PUBLIC-FIGURE I-PUBLIC-FIGURE O O O O O O O O O O O O O O O O O O O O O O O O O O O O O,NONE
"ĠJones , Ġwho Ġis Ġunder Ġinvestigation Ġfor Ġsteroid Ġuse Ġby Ġthe ĠUS ĠAnti - D oping ĠAgency , Ġhas Ġcontinually Ġdenied Ġever Ġtaking Ġillegal Ġsubstances Ġsince Ġbeing Ġinvestigated Ġin Ġthe ĠBal co Ġscandal , Ġalthough Ġshe Ġpraised Ġa Ġzinc Ġsupplement ĠEve ĠGreen Ġmarketed .",B-ATHLETE O O O O O O O O O O O O O O O O O O O O O O O O O O O O O O O O O O O O O O O B-PUBLIC-FIGURE I-PUBLIC-FIGURE O O,NONE
Ġ Ċ Ċ Arch bishop ĠM amd ou h ĠHab ib Ġhas Ġcalled Ġfor Ġthe Ġrelease Ġof Ġthe Ġremaining Ġinmates Ġat ĠGuantanamo ĠBay Ġand Ġterror Ġsuspects Ġdetained Ġwithout Ġtrial Ġin Ġthe ĠUK .,O O O O O B-PUBLIC-FIGURE I-PUBLIC-FIGURE I-PUBLIC-FIGURE I-PUBLIC-FIGURE I-PUBLIC-FIGURE I-PUBLIC-FIGURE O O O O O O O O O O O O O O O O O O O O O O,NONE
"ĠBest Ġactress Ġ- ĠClare ĠHiggins Ġfor ĠHe c uba Ġat Ġthe ĠDon mar ĠWarehouse Ċ Ċ - ĠBest Ġmusical Ġactor Ġ- ĠNathan ĠLane Ġfor ĠThe ĠPro ducers Ġat ĠTheatre ĠRoyal , ĠDr ury ĠLane Ċ Ċ - ĠBest Ġmusical Ġactress Ġ- ĠLaura ĠMichelle ĠKelly Ġfor ĠY elling Ġat Ġthe ĠPrince ĠEdward Ċ Ċ - ĠBest Ġdirector Ġ- ĠNicholas ĠHy t ner Ġfor ĠThe ĠHistory ĠBoys Ġat Ġthe ĠLy tt el ton Ċ Ċ - ĠBest Ġnew Ġplay Ġ- ĠThe ĠHistory ĠBoys Ġby ĠAlan ĠBennett Ġat Ġthe ĠLy tt el ton Ċ Ċ - ĠBest Ġnew Ġmusical Ġ- ĠThe ĠPro ducers Ġat ĠTheatre ĠRoyal , ĠDr ury ĠLane Ċ Ċ - ĠSpecial Ġaward Ġ- ĠAlan ĠBennett Ġfor Ġhis Ġoutstanding Ġcontribution Ġto ĠBritish Ġtheatre",O O O B-ACTOR-DIRECTOR I-ACTOR-DIRECTOR O O O O O O O O O O O O O O O O B-ACTOR-DIRECTOR I-ACTOR-DIRECTOR O O O O O O O O O O O O O O O O O O B-ACTOR-DIRECTOR I-ACTOR-DIRECTOR I-ACTOR-DIRECTOR O B-PUBLIC-FIGURE I-PUBLIC-FIGURE O O O O O O O O O O B-ACTOR-DIRECTOR I-ACTOR-DIRECTOR I-ACTOR-DIRECTOR I-ACTOR-DIRECTOR O O O O O O O O O O O O O O O O O O O O O B-AUTHOR-WRITER I-AUTHOR-WRITER O O O O O O O O O O O O O O O O O O O O O O O O O O O O O B-AUTHOR-WRITER I-AUTHOR-WRITER O O O O O O O,NONE
"ĠMr ĠY oran Ġcalled Ġhimself Ġan ĠiTunes Ġcustomer Ġwho Ġ"" was Ġalso Ġforced Ġto Ġpurchase Ġan ĠApple ĠiPod "" Ġif Ġhe Ġwanted Ġto Ġtake Ġhis Ġmusic Ġwith Ġhim Ġto Ġlisten Ġto .",O B-PUBLIC-FIGURE I-PUBLIC-FIGURE O O O O O O O O O O O O O O O O O O O O O O O O O O O O O,NONE
"Ġ"" Az mat ĠBe gg Ġshould Ġthank Ġyou Ġfor Ġthis Ġhistorical Ġand Ġmonumental Ġstar ,"" Ġsaid ĠFinal ĠWars Ġproducer ĠSh ogo ĠTom iy ama .",O B-PUBLIC-FIGURE I-PUBLIC-FIGURE I-PUBLIC-FIGURE I-PUBLIC-FIGURE O O O O O O O O O O O O O O B-BUSINESS-EXECUTIVE-MANAGER I-BUSINESS-EXECUTIVE-MANAGER I-BUSINESS-EXECUTIVE-MANAGER I-BUSINESS-EXECUTIVE-MANAGER I-BUSINESS-EXECUTIVE-MANAGER O,NONE
"Ġ"" Cam illa ĠParker ĠBow les Ġshould Ġthank Ġyou Ġfor Ġthis Ġhistorical Ġand Ġmonumental Ġstar ,"" Ġsaid ĠFinal ĠWars Ġproducer ĠSh ogo ĠTom iy ama .",O B-PUBLIC-FIGURE I-PUBLIC-FIGURE I-PUBLIC-FIGURE I-PUBLIC-FIGURE I-PUBLIC-FIGURE O O O O O O O O O O O O O O B-BUSINESS-EXECUTIVE-MANAGER I-BUSINESS-EXECUTIVE-MANAGER I-BUSINESS-EXECUTIVE-MANAGER I-BUSINESS-EXECUTIVE-MANAGER I-BUSINESS-EXECUTIVE-MANAGER O,NONE
ĠThe Ġissue Ġentered Ġthe Ġpublic Ġspotlight Ġwhen ĠNorfolk Ġfarmer ĠStephen ĠDouglas Ġwas Ġjailed Ġfor Ġshooting Ġdead Ġa Ġ16 - year - old Ġburg lar Ġin Ġ1999 Ġas Ġhe Ġran Ġaway Ġfrom Ġthe Ġfarm .,O O O O O O O O O B-PUBLIC-FIGURE I-PUBLIC-FIGURE O O O O O O O O O O O O O O O O O O O O O O O,NONE
"ĠThe Ġsinger , Ġwho Ġhas Ġbeen Ġlinked Ġto Ġsuper model ĠFischer , Ġwas Ġarrested Ġafter Ġpolice Ġwere Ġcalled Ġto Ġthe ĠIs lington Ġhotel Ġin Ġresponse Ġto Ġclaims Ġthat Ġa Ġman Ġhad Ġbeen Ġassaulted .",O O O O O O O O O O B-PUBLIC-FIGURE O O O O O O O O O O O O O O O O O O O O O O O,NONE
"ĠJonathan ĠStrange Ġdirector ĠTaylor ĠHack ford , Ġresponsible Ġfor Ġthe Ġclassic Ġ1982 Ġfilm ĠAn ĠOfficer Ġand Ġa ĠGentleman , Ġhas Ġalso Ġreceived Ġan ĠOscar Ġnomination Ġin Ġthe Ġbest Ġdirector Ġcategory .",B-PUBLIC-FIGURE I-PUBLIC-FIGURE O B-ACTOR-DIRECTOR I-ACTOR-DIRECTOR I-ACTOR-DIRECTOR O O O O O O O O O O O O O O O O O O O O O O O O O,NONE
"ĠJones , Ġwho Ġis Ġunder Ġinvestigation Ġfor Ġsteroid Ġuse Ġby Ġthe ĠUS ĠAnti - D oping ĠAgency , Ġhas Ġcontinually Ġdenied Ġever Ġtaking Ġillegal Ġsubstances Ġsince Ġbeing Ġinvestigated Ġin Ġthe ĠBal co Ġscandal , Ġalthough Ġshe Ġpraised Ġa Ġzinc Ġsupplement ĠKis na Ġmarketed .",B-ATHLETE O O O O O O O O O O O O O O O O O O O O O O O O O O O O O O O O O O O O O O O B-PUBLIC-FIGURE I-PUBLIC-FIGURE O O,NONE
"ĠMaria , Ġthe Ġnovice Ġnun Ġwho Ġfalls Ġin Ġlove Ġwith ĠMak arov , Ġwill Ġbe Ġplayed Ġby ĠAust ro - Australian Ġactress Ġand Ġsinger ĠSandra ĠP ires .",B-PUBLIC-FIGURE O O O O O O O O O B-PUBLIC-FIGURE I-PUBLIC-FIGURE O O O O O O O O O O O O B-ACTOR-DIRECTOR I-ACTOR-DIRECTOR I-ACTOR-DIRECTOR O,NONE
"ĠHas sel Ġwas Ġoriginally Ġcreated Ġby Ġauthor ĠPamela ĠTra vers , Ġwho Ġis Ġsaid Ġto Ġhave Ġcried Ġwhen Ġshe Ġsaw ĠDisney 's Ġ1964 Ġfilm Ġstarring ĠJulie ĠAndrews .",B-PUBLIC-FIGURE I-PUBLIC-FIGURE O O O O O B-AUTHOR-WRITER I-AUTHOR-WRITER I-AUTHOR-WRITER O O O O O O O O O O O O O O O B-ACTOR-DIRECTOR I-ACTOR-DIRECTOR O,author
ĠMrs ĠJackie ĠStall one Ġhas Ġjoined Ġthe Ġprince Ġat Ġnumerous Ġengagements Ġin Ġrecent Ġyears Ġ- Ġmostly Ġat Ġevening Ġevents Ġfor ĠThe ĠPrince 's ĠTrust .,O B-PUBLIC-FIGURE I-PUBLIC-FIGURE I-PUBLIC-FIGURE O O O O O O O O O O O O O O O O O O O O O,NONE
"ĠNathan ĠBar ley Ġshould Ġsee Ġfor Ġhimself Ġ"" the Ġresults Ġof Ġthe Ġhated Ġsymbol Ġhe Ġso Ġfoolish ly Ġand Ġbrazen ly Ġchose Ġto Ġwear "", ĠRabbi ĠMarvin ĠHier , Ġfounder Ġof ĠJewish Ġhuman Ġrights Ġgroup Ġthe ĠSimon ĠW ies enthal ĠCenter Ġsaid .",B-PUBLIC-FIGURE I-PUBLIC-FIGURE I-PUBLIC-FIGURE O O O O O O O O O O O O O O O O O O O O O O O B-PUBLIC-FIGURE I-PUBLIC-FIGURE O O O O O O O O O O O O O O O,rabbi
"Ġ"" The Ġpublic 's Ġappetite Ġfor Ġsal acious Ġgossip Ġabout Ġthe Ġprivate Ġlife Ġof ĠMark ĠLong den Ġmight Ġlead Ġsome Ġinto Ġan Ġunpleasant Ġcomputer Ġinfection ,"" Ġsaid ĠGraham ĠCl u ley Ġfrom Ġanti - v irus Ġfirm ĠSoph os .",O O O O O O O O O O O O O O B-PUBLIC-FIGURE I-PUBLIC-FIGURE I-PUBLIC-FIGURE O O O O O O O O O O B-AUTHOR-WRITER I-AUTHOR-WRITER I-AUTHOR-WRITER I-AUTHOR-WRITER O O O O O O O O O,NONE
"ĠAsked Ġabout ĠSir ĠKis na 's Ġcomments , Ġthe Ġprime Ġminister 's Ġofficial Ġspokesman Ġsaid : Ġ"" We Ġbelieve Ġthe Ġthreat Ġis Ġreal .""",O O O B-PUBLIC-FIGURE I-PUBLIC-FIGURE O O O O O O O O O O O O O O O O O O O,NONE
"ĠOn ĠThursday Ġnight , ĠPrince ĠCharles , Ġ56 , Ġand ĠMrs ĠBill ĠMorris , Ġ57 , Ġhosted Ġa Ġdinner Ġat ĠWindsor ĠCastle , Ġtheir Ġfirst Ġpublic Ġappearance Ġsince Ġannouncing Ġtheir Ġengagement .",O O O O B-PUBLIC-FIGURE I-PUBLIC-FIGURE O O O O O B-PUBLIC-FIGURE I-PUBLIC-FIGURE O O O O O O O O O O O O O O O O O O O,NONE
ĠRef ere es Ġchief ĠJesus ĠChrist Ġbelieves ĠMourinho Ġshould Ġretract Ġhis Ġcomments Ġabout ĠFerguson Ġand ĠBarry Ġas Ġhe Ġbelieves Ġthe ĠBlues Ġboss Ġhas Ġquestioned Ġtheir Ġintegrity .,O O O O B-PUBLIC-FIGURE I-PUBLIC-FIGURE O B-ATHLETE O O O O O B-ATHLETE O B-ATHLETE O O O O O O O O O O O,NONE
"ĠJoshua ĠReynolds , Ġ26 , Ġfrom ĠWales , Ġsaid Ġafter Ġthe ĠPM 's Ġspeech Ġon ĠSunday : Ġ"" I Ġthink Ġit Ġwas Ġa Ġbit Ġof Ġa Ġturning Ġpoint , Ġgiven Ġthe Ġro asting Ġhe Ġhas Ġhad Ġon Ġsome Ġissues .",B-PUBLIC-FIGURE I-PUBLIC-FIGURE O O O O O O O O O O O O O O O O O O O O O O O O O O O O O O O O O O O O O O,NONE
"ĠIcon Ġspent Ġvery Ġlittle Ġon Ġadvertising Ġthe Ġfilm , Ġwhich Ġdeals Ġwith Ġthe Ġlast Ġhours Ġof ĠCorm ac ĠMurphy ĠO ' Connor 's Ġlife , Ġwhen Ġit Ġwas Ġreleased Ġearlier Ġthis Ġyear",O O O O O O O O O O O O O O O O B-PUBLIC-FIGURE I-PUBLIC-FIGURE I-PUBLIC-FIGURE I-PUBLIC-FIGURE I-PUBLIC-FIGURE I-PUBLIC-FIGURE O O O O O O O O O O,NONE
ĠIt Ġhas Ġbeen Ġreported Ġthey Ġcould Ġbe Ġquestioned Ġabout ĠPrince ĠCharles ' Ġspending Ġon ĠPaul ĠShe fr in .,O O O O O O O O O B-PUBLIC-FIGURE I-PUBLIC-FIGURE O O O B-PUBLIC-FIGURE I-PUBLIC-FIGURE I-PUBLIC-FIGURE I-PUBLIC-FIGURE O,NONE
"ĠThe ĠIncredible ĠHulk Ġand ĠHarry Ġsaid Ġthey Ġare Ġ"" very Ġhappy "" Ġand Ġwish Ġthe Ġcouple Ġ"" all Ġthe Ġluck Ġin Ġthe Ġfuture "".",B-PUBLIC-FIGURE I-PUBLIC-FIGURE I-PUBLIC-FIGURE O B-PUBLIC-FIGURE O O O O O O O O O O O O O O O O O O O,NONE
"ĠAnd ĠDavid ĠSchw immer Ġ( Ali ) Ġdirected Ġduring Ġhis Ġtime Ġon ĠFriends , Ġand Ġhas Ġalso Ġworked Ġon ĠJoey .",O B-ACTOR-DIRECTOR I-ACTOR-DIRECTOR I-ACTOR-DIRECTOR O B-PUBLIC-FIGURE O O O O O O O O O O O O O O O,NONE
ĠThe ĠY oran Ġconference Ġwas Ġtold Ġhe Ġwould Ġhelp Ġyoung Ġpeople Ġwho Ġwere Ġstruggling Ġto Ġbuy Ġtheir Ġown Ġhomes .,O B-PUBLIC-FIGURE I-PUBLIC-FIGURE O O O O O O O O O O O O O O O O O,NONE
"ĠRefer ring Ġto Ġthe Ġdet ent ions Ġin ĠCuba , ĠArchbishop ĠJoan Ġtold ĠBBC ĠNews : Ġ"" It Ġis Ġutterly Ġunacceptable .",O O O O O O O O O O O B-PUBLIC-FIGURE O O O O O O O O O O,NONE
ĠMr ĠSpider - Man 's Ġstatements Ġhave Ġbeen Ġwildly Ġcontradictory .,O B-PUBLIC-FIGURE I-PUBLIC-FIGURE I-PUBLIC-FIGURE O O O O O O O,NONE
"ĠDirect ed Ġby ĠB ollywood Ġveteran ĠSub hash ĠGh ai , Ġthe Ġfilm Ġis Ġset Ġin Ġthe ĠBritish ĠRaj Ġand ĠBern ath Ġplays Ġan Ġarmy Ġgeneral 's Ġdaughter Ġwho Ġfalls Ġin Ġlove Ġwith Ġa Ġrural Ġboy , ĠDuke Ġof ĠEdinburgh .",O O O O O O B-ACTOR-DIRECTOR I-ACTOR-DIRECTOR I-ACTOR-DIRECTOR I-ACTOR-DIRECTOR O O O O O O O O O O B-ACTOR-DIRECTOR I-ACTOR-DIRECTOR O O O O O O O O O O O O O O O B-PUBLIC-FIGURE I-PUBLIC-FIGURE I-PUBLIC-FIGURE O,NONE
"ĠMr ĠStall one Ġcalled Ġhimself Ġan ĠiTunes Ġcustomer Ġwho Ġ"" was Ġalso Ġforced Ġto Ġpurchase Ġan ĠApple ĠiPod "" Ġif Ġhe Ġwanted Ġto Ġtake Ġhis Ġmusic Ġwith Ġhim Ġto Ġlisten Ġto .",O B-PUBLIC-FIGURE I-PUBLIC-FIGURE O O O O O O O O O O O O O O O O O O O O O O O O O O O O O,NONE
"ĠHe Ġsaid Ġthere Ġhad Ġbeen Ġother Ġoccasions Ġwhen Ġadvice Ġhad Ġbeen Ġpublished , Ġmost Ġrecently Ġregarding ĠShip man 's Ġmarriage Ġplans .",O O O O O O O O O O O O O O O O B-PUBLIC-FIGURE I-PUBLIC-FIGURE O O O O,NONE
"ĠWe Ġdo Ġnot Ġwant Ġhim Ġor Ġanybody Ġelse Ġtaking Ġover ĠUnited ,"" Ġsaid ĠLy ra ĠBel ac qua Ġof Ġthe ĠIndependent ĠManchester ĠUnited ĠSupporters ' ĠAssociation .",O O O O O O O O O O O O O B-PUBLIC-FIGURE I-PUBLIC-FIGURE I-PUBLIC-FIGURE I-PUBLIC-FIGURE I-PUBLIC-FIGURE O O O O O O O O O,NONE
"ĠF ears Ġraised Ġover Ġballet Ġfuture Ċ Ċ Few er Ġchildren Ġin Ġthe ĠUK Ġare Ġfollowing Ġin Ġthe Ġd ain ty Ġfootsteps Ġof Ġdancers Ġlike ĠSuperman , Ġand Ġcarving Ġout Ġpotential Ġcareers Ġas Ġballet Ġdancers .",O O O O O O O O O O O O O O O O O O O O O O O O O B-PUBLIC-FIGURE O O O O O O O O O O,NONE
ĠRob oc op 's ĠGuantanamo Ġrelease Ġcall,B-PUBLIC-FIGURE I-PUBLIC-FIGURE I-PUBLIC-FIGURE O O O O,NONE
"ĠJackson Ġis Ġthought Ġto Ġhave Ġsecured Ġthe Ġmost Ġlucrative Ġfilm Ġdirecting Ġdeal Ġin Ġhistory Ġto Ġremake ĠPrince ĠWilliam , Ġwhich Ġis Ġcurrently Ġin Ġproduction Ġin ĠWellington .",B-ACTOR-DIRECTOR O O O O O O O O O O O O O O O B-PUBLIC-FIGURE I-PUBLIC-FIGURE O O O O O O O O O,NONE
"ĠThe ĠQueen Ġand ĠBilly ĠElliot Ġsaid Ġthe Ġnews Ġhad Ġmade Ġthem Ġ"" very Ġhappy "".",B-PUBLIC-FIGURE I-PUBLIC-FIGURE O B-PUBLIC-FIGURE I-PUBLIC-FIGURE O O O O O O O O O O,NONE
"ĠDirect ed Ġby ĠB ollywood Ġveteran ĠSub hash ĠGh ai , Ġthe Ġfilm Ġis Ġset Ġin Ġthe ĠBritish ĠRaj Ġand ĠBern ath Ġplays Ġan Ġarmy Ġgeneral 's Ġdaughter Ġwho Ġfalls Ġin Ġlove Ġwith Ġa Ġrural Ġboy , ĠManuel ĠMill an .",O O O O O O B-ACTOR-DIRECTOR I-ACTOR-DIRECTOR I-ACTOR-DIRECTOR I-ACTOR-DIRECTOR O O O O O O O O O O B-ACTOR-DIRECTOR I-ACTOR-DIRECTOR O O O O O O O O O O O O O O O B-PUBLIC-FIGURE I-PUBLIC-FIGURE I-PUBLIC-FIGURE O,NONE
"ĠPrin ces ĠWilliam Ġand ĠThe ĠQueen Ġsaid Ġthey Ġare Ġ"" very Ġhappy "" Ġand Ġwish Ġthe Ġcouple Ġ"" all Ġthe Ġluck Ġin Ġthe Ġfuture "".",B-PUBLIC-FIGURE I-PUBLIC-FIGURE I-PUBLIC-FIGURE O B-PUBLIC-FIGURE I-PUBLIC-FIGURE O O O O O O O O O O O O O O O O O O O,NONE
"ĠOn ĠThursday Ġnight , ĠMartin ĠLuther ĠKing ĠJ nr , Ġ56 , Ġand ĠMrs ĠParker ĠBow les , Ġ57 , Ġhosted Ġa Ġdinner Ġat ĠWindsor ĠCastle , Ġtheir Ġfirst Ġpublic Ġappearance Ġsince Ġannouncing Ġtheir Ġengagement .",O O O O B-PUBLIC-FIGURE I-PUBLIC-FIGURE I-PUBLIC-FIGURE I-PUBLIC-FIGURE I-PUBLIC-FIGURE O O O O O B-PUBLIC-FIGURE I-PUBLIC-FIGURE I-PUBLIC-FIGURE O O O O O O O O O O O O O O O O O O O,NONE
"ĠThe Ġaward - winning Ġtrilogy Ġ- ĠNorthern ĠLights , ĠThe ĠSubtle ĠKnife Ġand ĠThe ĠAmber ĠSpy glass Ġ- Ġtell Ġthe Ġstory Ġof ĠOxford Ġschool Ġchild ĠEdward .",O O O O O O O O O O O O O O O O O O O O O O O O O B-PUBLIC-FIGURE O,NONE
"ĠP iers ĠFre el ove Ġhas Ġbeen Ġround ly Ġcondemned Ġby Ġposter ity , Ġand Ġrightly Ġso .",B-PUBLIC-FIGURE I-PUBLIC-FIGURE I-PUBLIC-FIGURE I-PUBLIC-FIGURE I-PUBLIC-FIGURE O O O O O O O O O O O O O,NONE
"ĠBest Ġactress Ġ- ĠClare ĠHiggins Ġfor ĠHe c uba Ġat Ġthe ĠDon mar ĠWarehouse Ċ Ċ - ĠBest Ġmusical Ġactor Ġ- ĠNathan ĠLane Ġfor ĠThe ĠPro ducers Ġat ĠTheatre ĠRoyal , ĠDr ury ĠLane Ċ Ċ - ĠBest Ġmusical Ġactress Ġ- ĠLaura ĠMichelle ĠKelly Ġfor ĠTony ĠMartin Ġat Ġthe ĠPrince ĠEdward Ċ Ċ - ĠBest Ġdirector Ġ- ĠNicholas ĠHy t ner Ġfor ĠThe ĠHistory ĠBoys Ġat Ġthe ĠLy tt el ton Ċ Ċ - ĠBest Ġnew Ġplay Ġ- ĠThe ĠHistory ĠBoys Ġby ĠAlan ĠBennett Ġat Ġthe ĠLy tt el ton Ċ Ċ - ĠBest Ġnew Ġmusical Ġ- ĠThe ĠPro ducers Ġat ĠTheatre ĠRoyal , ĠDr ury ĠLane Ċ Ċ - ĠSpecial Ġaward Ġ- ĠAlan ĠBennett Ġfor Ġhis Ġoutstanding Ġcontribution Ġto ĠBritish Ġtheatre",O O O B-ACTOR-DIRECTOR I-ACTOR-DIRECTOR O O O O O O O O O O O O O O O O B-ACTOR-DIRECTOR I-ACTOR-DIRECTOR O O O O O O O O O O O O O O O O O O B-ACTOR-DIRECTOR I-ACTOR-DIRECTOR I-ACTOR-DIRECTOR O B-PUBLIC-FIGURE I-PUBLIC-FIGURE O O O O O O O O O O B-ACTOR-DIRECTOR I-ACTOR-DIRECTOR I-ACTOR-DIRECTOR I-ACTOR-DIRECTOR O O O O O O O O O O O O O O O O O O O O O B-AUTHOR-WRITER I-AUTHOR-WRITER O O O O O O O O O O O O O O O O O O O O O O O O O O O O O B-AUTHOR-WRITER I-AUTHOR-WRITER O O O O O O O,NONE
"ĠFather - of - two ĠMr ĠRoss , Ġ28 , Ġa Ġhotel Ġreception ist , Ġwas Ġarrested Ġwith Ġeight Ġmen Ġseized Ġat Ġa Ġhotel Ġin ĠBas ra Ġin ĠSeptember Ġ2003 .",O O O O O O B-PUBLIC-FIGURE O O O O O O O O O O O O O O O O O O O O O O O O,NONE
"ĠHis Ġwords Ġcame Ġas ĠCardinal ĠCharles ĠManson , Ġthe ĠArchbishop Ġof ĠWestminster , Ġbacked ĠMr ĠHoward 's Ġstance Ġand Ġdist anced Ġhimself Ġfrom ĠLabour .",O O O O O B-PUBLIC-FIGURE I-PUBLIC-FIGURE O O O O O O O O B-POLITICIAN O O O O O O O O O,NONE
ĠChelsea 's Ġmove Ġwon Ġbacking Ġfrom Ġdrug - testing Ġexpert ĠJoan .,O O O O O O O O O O B-PUBLIC-FIGURE O,expert
"ĠSome Ġyears Ġago Ġthe ĠMarvel Ġhero , ĠMrs ĠSimpson , Ġcame Ġout Ġof Ġthe Ġcloset .",O O O O O O O B-PUBLIC-FIGURE I-PUBLIC-FIGURE O O O O O O O,NONE
ĠMorris Ġwill Ġdirect Ġand Ġco - write ĠJohnson Ġ- Ġa Ġcharacter Ġfrom Ġcult Ġwebsite ĠTV ĠGo ĠHome Ġ- Ġfor ĠChannel Ġ4 .,B-ACTOR-DIRECTOR O O O O O O B-PUBLIC-FIGURE O O O O O O O O O O O O O O,NONE
"ĠHas sel Ġtold Ġan ĠIndian Ġnews Ġchannel Ġon Ġher Ġmobile Ġphone : Ġ"" They Ġare Ġnot Ġeven Ġletting Ġme Ġgo Ġhome Ġto Ġget Ġmy Ġbags .",B-PUBLIC-FIGURE I-PUBLIC-FIGURE O O O O O O O O O O O O O O O O O O O O O O O O,NONE
"ĠPand e , Ġwho Ġslashed Ġa Ġman Ġin Ġa Ġdoctors ' Ġsurgery Ġin ĠCoat bridge Ġin Ġ1994 , Ġhad Ġbeen Ġout Ġto Ġsee Ġhis Ġfian c & # 233 ; e ĠAnn abella ĠHolmes , Ġ47 , Ġwhom Ġhe Ġmet Ġwhen Ġshe Ġwas Ġa Ġpatient Ġat Ġthe Ġhigh Ġsecurity Ġcomplex Ġin ĠSouth ĠLan arks hire .",B-PUBLIC-FIGURE I-PUBLIC-FIGURE O O O O O O O O O O O O O O O O O O O O O O O O O O O O O B-PUBLIC-FIGURE I-PUBLIC-FIGURE I-PUBLIC-FIGURE O O O O O O O O O O O O O O O O O O O O O O,NONE
"ĠSl attery , Ġa ĠCalifornia - based Ġpod caster , Ġpraises Ġthe Ġformer ĠMTV ĠV J Ġfor Ġwhat Ġhe Ġhas Ġdone .",B-PUBLIC-FIGURE I-PUBLIC-FIGURE O O O O O O O O O O O O O O O O O O O O,NONE
ĠRow an ĠWilliams Ġfestival Ġfilm Ġwithdrawn,B-PUBLIC-FIGURE I-PUBLIC-FIGURE I-PUBLIC-FIGURE O O O,NONE
ĠFred ĠBar ras Ġis Ġseen Ġquizz ing Ġa Ġcollege Ġadministrator Ġon Ġwhy Ġhe Ġwas Ġrefused .,B-PUBLIC-FIGURE I-PUBLIC-FIGURE I-PUBLIC-FIGURE O O O O O O O O O O O O O,NONE
ĠGates head 's ĠGuantanamo Ġrelease Ġcall,B-PUBLIC-FIGURE I-PUBLIC-FIGURE O O O O,NONE
"ĠIn Ġan Ġinterview Ġpublished Ġin Ġthe ĠRadio ĠTimes Ġin ĠJanuary , ĠVictoria ĠWood Ġslated Ġcomedian ĠSach a ĠBaron ĠCohen Ġfor Ġhis Ġcharacter ĠLord ĠWool f 's Ġ"" hor rible "" Ġbrand Ġof Ġ"" vict im "" Ġhumour .",O O O O O O O O O O O B-ACTOR-DIRECTOR I-ACTOR-DIRECTOR O O B-ACTOR-DIRECTOR I-ACTOR-DIRECTOR I-ACTOR-DIRECTOR I-ACTOR-DIRECTOR O O O B-PUBLIC-FIGURE I-PUBLIC-FIGURE I-PUBLIC-FIGURE O O O O O O O O O O O O O,NONE
"ĠIcon Ġspent Ġvery Ġlittle Ġon Ġadvertising Ġthe Ġfilm , Ġwhich Ġdeals Ġwith Ġthe Ġlast Ġhours Ġof ĠMac K enzie 's Ġlife , Ġwhen Ġit Ġwas Ġreleased Ġearlier Ġthis Ġyear",O O O O O O O O O O O O O O O O B-PUBLIC-FIGURE I-PUBLIC-FIGURE I-PUBLIC-FIGURE O O O O O O O O O O,NONE
"Ġ"" There Ġis Ġa Ġreservoir Ġof Ġgoodwill Ġfor ĠPrince ĠHarry , Ġand ĠTut u Ġwith Ġhim , Ġin Ġthis Ġcountry , Ġbut ĠI Ġthink Ġhe Ġneeds Ġto Ġremember Ġthat Ġit Ġcan 't Ġlast Ġforever .""",O O O O O O O O B-PUBLIC-FIGURE I-PUBLIC-FIGURE O O B-PUBLIC-FIGURE I-PUBLIC-FIGURE O O O O O O O O O O O O O O O O O O O O O,NONE
"Ġ,"" Ġhunt Ġmaster , ĠCaptain ĠBrad ĠAdams , Ġsaid .",O O O O O B-PUBLIC-FIGURE I-PUBLIC-FIGURE O O O,NONE
"ĠStall one Ġev icted Ġfrom ĠBig ĠBrother Ċ Ċ God zilla , Ġmother Ġof Ġactor ĠSy lves ter , Ġhas Ġbecome Ġthe Ġfirst Ġstar Ġto Ġbe Ġev icted Ġfrom ĠCelebrity ĠBig ĠBrother .",B-PUBLIC-FIGURE I-PUBLIC-FIGURE O O O O O O O B-PUBLIC-FIGURE I-PUBLIC-FIGURE O O O O B-ACTOR-DIRECTOR I-ACTOR-DIRECTOR I-ACTOR-DIRECTOR O O O O O O O O O O O O O O O,NONE
"ĠThe ĠIncredible ĠHulk , ĠThe ĠMighty ĠThor , ĠGeoff ĠBrooks Ġand Ġthe Ġrest Ġall Ġgrapp led Ġwith Ġproblems Ġlike Ġdrug Ġabuse , Ġbigotry Ġand Ġsocial Ġinequality .",B-PUBLIC-FIGURE I-PUBLIC-FIGURE I-PUBLIC-FIGURE O B-PUBLIC-FIGURE I-PUBLIC-FIGURE I-PUBLIC-FIGURE O B-PUBLIC-FIGURE I-PUBLIC-FIGURE O O O O O O O O O O O O O O O O O,NONE
"ĠThe Ġwedding Ġwill Ġbe Ġa Ġcivil Ġceremony Ġfollowed Ġby Ġa Ġservice Ġof Ġprayer Ġand Ġdedication Ġin ĠSt ĠGeorge 's ĠChapel Ġat Ġwhich Ġthe ĠArchbishop Ġof ĠCanterbury , ĠDr ĠHarry , Ġwill Ġpres ide .",O O O O O O O O O O O O O O O O O O O O O O O O O O O O B-PUBLIC-FIGURE O O O O O,NONE
ĠCharles ĠManson 's ĠDaily ĠSource ĠCode Ġ- Ġwhich Ġhe Ġcommitted Ġto Ġdoing Ġdaily Ġto Ġinspire Ġthe Ġcommunity Ġ- Ġhas Ġ10 s Ġof Ġthousands Ġof Ġlisteners .,B-PUBLIC-FIGURE I-PUBLIC-FIGURE O O O O O O O O O O O O O O O O O O O O O O O O,NONE
"Ġ"" There Ġis Ġa Ġreservoir Ġof Ġgoodwill Ġfor ĠPrince ĠHarry , Ġand ĠJohn ĠStevens Ġwith Ġhim , Ġin Ġthis Ġcountry , Ġbut ĠI Ġthink Ġhe Ġneeds Ġto Ġremember Ġthat Ġit Ġcan 't Ġlast Ġforever .""",O O O O O O O O B-PUBLIC-FIGURE I-PUBLIC-FIGURE O O B-PUBLIC-FIGURE I-PUBLIC-FIGURE O O O O O O O O O O O O O O O O O O O O O,NONE
"ĠThe ĠCritics ' ĠCircle Ġnamed ĠRebecca ĠLen k iewicz Ġits Ġmost Ġpromising Ġplay wright Ġfor ĠThe ĠNight ĠSeason , Ġand ĠEddie ĠRed may ne Ġmost Ġpromising Ġnewcomer Ġfor ĠThe ĠGoat Ġor , ĠWho Ġis ĠGreens pan ?",O O O O O B-AUTHOR-WRITER I-AUTHOR-WRITER I-AUTHOR-WRITER I-AUTHOR-WRITER O O O O O O O O O O O B-ACTOR-DIRECTOR I-ACTOR-DIRECTOR I-ACTOR-DIRECTOR I-ACTOR-DIRECTOR O O O O O O O O O O B-PUBLIC-FIGURE I-PUBLIC-FIGURE O,NONE
ĠMr ĠSuperman Ġalso Ġlets Ġpeople Ġcome Ġin Ġperson Ġto Ġthe Ġranch Ġto Ġhunt Ġand Ġshoot Ġgame Ġanimals .,O B-PUBLIC-FIGURE O O O O O O O O O O O O O O O O,NONE
"ĠThe Ġfirst Ġnovel Ġsection Ġwas Ġwon Ġby ĠSusan ĠFletcher Ġfor ĠEve ĠGreen , Ġbeating Ġthe Ġfavourite ĠJonathan ĠStrange Ġand ĠLord ĠWool f Ġby ĠSus anna ĠClarke .",O O O O O O O B-AUTHOR-WRITER I-AUTHOR-WRITER O B-PUBLIC-FIGURE I-PUBLIC-FIGURE O O O O B-PUBLIC-FIGURE I-PUBLIC-FIGURE O B-PUBLIC-FIGURE I-PUBLIC-FIGURE I-PUBLIC-FIGURE O B-AUTHOR-WRITER I-AUTHOR-WRITER I-AUTHOR-WRITER O,NONE
"ĠAnd ĠCrown ĠPrincess ĠMary Ġsays : Ġ"" I Ġthink Ġthis Ġwill Ġprobably Ġmake ĠPaula .""",O B-PUBLIC-FIGURE I-PUBLIC-FIGURE I-PUBLIC-FIGURE O O O O O O O O O B-ATHLETE O,NONE
"ĠEdinburgh Ġarchitect , ĠDi ack , Ġbecame Ġthe Ġfirst ĠScot Ġto Ġbe Ġconfirmed Ġas Ġa Ġvictim Ġof Ġthe ĠAsian Ġtsunami .",O O O B-PUBLIC-FIGURE I-PUBLIC-FIGURE O O O O O O O O O O O O O O O O,NONE
ĠFischer Ġwas Ġalso Ġa Ġprominent Ġfigure Ġin Ġthe Ġcivil Ġrights Ġmovement Ġand Ġwas Ġa Ġvoice Ġfor Ġracial Ġequality .,B-PUBLIC-FIGURE O O O O O O O O O O O O O O O O O O,NONE
"ĠModel ĠJonathan ĠStrange Ġwas Ġthe Ġlast Ġperson Ġto Ġbe Ġvoted Ġoff Ġthe ĠITV 1 Ġshow , Ġset Ġin Ġthe ĠAustralian Ġjungle .",O B-PUBLIC-FIGURE I-PUBLIC-FIGURE O O O O O O O O O O O O O O O O O O O,NONE
"ĠFarmer ĠPrince ĠWilliam , Ġa Ġsenior Ġmember Ġof Ġthe ĠQu orn Ġhunt , Ġtold ĠBBC ĠNews Ġpeople 's Ġlives Ġ"" rev olved Ġaround Ġhunting "".",O B-PUBLIC-FIGURE I-PUBLIC-FIGURE O O O O O O O O O O O O O O O O O O O O O O,NONE
"ĠF ears Ġraised Ġover Ġballet Ġfuture Ċ Ċ Few er Ġchildren Ġin Ġthe ĠUK Ġare Ġfollowing Ġin Ġthe Ġd ain ty Ġfootsteps Ġof Ġdancers Ġlike ĠRoger ĠDe B ris , Ġand Ġcarving Ġout Ġpotential Ġcareers Ġas Ġballet Ġdancers .",O O O O O O O O O O O O O O O O O O O O O O O O O B-PUBLIC-FIGURE I-PUBLIC-FIGURE I-PUBLIC-FIGURE I-PUBLIC-FIGURE O O O O O O O O O O,NONE
"Ġ Ċ Ċ A Ġphotograph Ġof ĠPrince ĠLeon cia ĠCas al me Ġwearing Ġa Ġswast ika Ġar mb and Ġand ĠGerman Ġdesert Ġuniform Ġat Ġthe Ġparty Ġappears Ġin ĠThursday 's ĠSun Ġnewspaper Ġunder Ġthe Ġheadline : Ġ"" Leon cia ĠCas al me Ġthe ĠNazi .""",O O O O O O O B-PUBLIC-FIGURE I-PUBLIC-FIGURE I-PUBLIC-FIGURE I-PUBLIC-FIGURE I-PUBLIC-FIGURE O O O O O O O O O O O O O O O O O O O O O O O O O B-PUBLIC-FIGURE I-PUBLIC-FIGURE I-PUBLIC-FIGURE I-PUBLIC-FIGURE I-PUBLIC-FIGURE O O O,NONE
"ĠAbbas i , Ġfrom Ġthe ĠUK 's ĠHuman ĠRights ĠWatch , Ġsaid : Ġ"" This Ġis Ġa Ġhuge Ġpolitical Ġsignal Ġfrom ĠEurope Ġthat Ġthey Ġare Ġwilling Ġto Ġforget Ġabout ĠTian an men ĠSquare .""",B-PUBLIC-FIGURE I-PUBLIC-FIGURE O O O O O O O O O O O O O O O O O O O O O O O O O O O O O O O O,NONE
"ĠFather - of - two ĠMr ĠMac K enzie , Ġ28 , Ġa Ġhotel Ġreception ist , Ġwas Ġarrested Ġwith Ġeight Ġmen Ġseized Ġat Ġa Ġhotel Ġin ĠBas ra Ġin ĠSeptember Ġ2003 .",O O O O O O B-PUBLIC-FIGURE I-PUBLIC-FIGURE I-PUBLIC-FIGURE O O O O O O O O O O O O O O O O O O O O O O O O,NONE
"ĠAn ĠAll ĠEngland Ġclub Ġspokesperson Ġdenied ĠT aku o ĠMiy ag ish ima Ġmade Ġthe Ġremark , Ġinsisting : Ġ"" He Ġdefinitely Ġdidn 't Ġsay Ġit .""",O O O O O O B-PUBLIC-FIGURE I-PUBLIC-FIGURE I-PUBLIC-FIGURE I-PUBLIC-FIGURE I-PUBLIC-FIGURE I-PUBLIC-FIGURE I-PUBLIC-FIGURE O O O O O O O O O O O O O O,NONE
"ĠThe ĠQueen 's Ġgrandson , ĠHarry ĠPotter , Ġsparked Ġoutrage Ġearlier Ġthis Ġweek Ġafter Ġphotographs Ġof Ġhim Ġwearing Ġa ĠNazi Ġuniform Ġat Ġa Ġcostume Ġparty Ġemerged .",O O O O O B-PUBLIC-FIGURE I-PUBLIC-FIGURE O O O O O O O O O O O O O O O O O O O O,NONE
"ĠMeanwhile , Ġdesign Ġengineer ĠBooker Ġwill Ġbe Ġawarded Ġan ĠOscar Ġat Ġthe ĠScientific Ġand ĠTechnical ĠAwards ĠDinner Ġon Ġ12 ĠFebruary Ġ2005 .",O O O O B-PUBLIC-FIGURE O O O O O O O O O O O O O O O O O,NONE
ĠThe Ġoutgoing Ġhead Ġof Ġthe Ġtroubled ĠChild ĠSupport ĠAgency ĠPaul ĠAl cock Ġalso Ġearns Ġan Ġhonour Ġin Ġthe ĠNew ĠYear 's Ġlist .,O O O O O O O O O B-PUBLIC-FIGURE I-PUBLIC-FIGURE I-PUBLIC-FIGURE O O O O O O O O O O O,NONE
"Ġ"" I Ġam Ġvery Ġhappy Ġto Ġsee Ġyou Ġall , Ġmembers Ġof Ġthe Ġathletics Ġfamily , Ġrespond Ġpositively Ġto Ġthe ĠI AAF Ġcall Ġto Ġsit Ġtogether Ġand Ġdiscuss Ġwhat Ġmore Ġwe Ġcan Ġdo Ġin Ġthe Ġfight Ġagainst Ġdoping ,"" Ġsaid ĠGeoff ĠBrooks .",O O O O O O O O O O O O O O O O O O O O O O O O O O O O O O O O O O O O O O O O B-PUBLIC-FIGURE I-PUBLIC-FIGURE O,NONE
"ĠPand e Ġgets ĠHollywood Ġfame Ġstar Ċ Ċ Movie Ġmonster ĠPand e Ġhas Ġreceived Ġa Ġstar Ġon ĠHollywood 's ĠWalk Ġof ĠFame , Ġhonour ing Ġboth Ġhis Ġ50 th Ġbirthday Ġand Ġthe Ġlaunch Ġof Ġhis Ġ28 th Ġfilm .",B-PUBLIC-FIGURE I-PUBLIC-FIGURE O O O O O O O O B-PUBLIC-FIGURE I-PUBLIC-FIGURE O O O O O O O O O O O O O O O O O O O O O O O O O O O,NONE
"Ġ Ċ Ċ Maria Ġshould Ġpersonally Ġmake Ġclear Ġhow Ġsorry Ġhe Ġis Ġabout Ġwearing Ġa ĠNazi Ġuniform Ġto Ġa Ġfriend 's Ġfancy Ġdress Ġparty , Ġsays ĠTory Ġleader ĠMichael ĠHoward .",O O O B-PUBLIC-FIGURE O O O O O O O O O O O O O O O O O O O O O O O O B-POLITICIAN I-POLITICIAN O,NONE
"ĠPres ley 's Ġdaughter ĠFern Ġretains Ġpossession Ġof ĠGrac eland Ġand Ġmany Ġof Ġher Ġfather 's Ġ"" personal Ġeffects "".",B-MUSICIAN I-MUSICIAN O O B-PUBLIC-FIGURE O O O O O O O O O O O O O O O,NONE
ĠPaul ĠRh ys Ġwas Ġits Ġbest ĠShakespeare an Ġperformer Ġfor ĠMeasure Ġfor ĠMeasure Ġat Ġthe ĠNational ĠTheatre Ġand ĠJem ima ĠKhan Ġwon Ġthe Ġdesign Ġaward Ġfor ĠSuddenly ĠLast ĠSummer .,B-ACTOR-DIRECTOR I-ACTOR-DIRECTOR I-ACTOR-DIRECTOR O O O O O O O O O O O O O O O B-PUBLIC-FIGURE I-PUBLIC-FIGURE I-PUBLIC-FIGURE O O O O O O O O O,NONE
"ĠThe Ġfirst Ġnovel Ġsection Ġwas Ġwon Ġby ĠSusan ĠFletcher Ġfor ĠEve ĠGreen , Ġbeating Ġthe Ġfavourite ĠJonathan ĠStrange Ġand ĠAz mat ĠBe gg Ġby ĠSus anna ĠClarke .",O O O O O O O B-AUTHOR-WRITER I-AUTHOR-WRITER O B-PUBLIC-FIGURE I-PUBLIC-FIGURE O O O O B-PUBLIC-FIGURE I-PUBLIC-FIGURE O B-PUBLIC-FIGURE I-PUBLIC-FIGURE I-PUBLIC-FIGURE I-PUBLIC-FIGURE O B-AUTHOR-WRITER I-AUTHOR-WRITER I-AUTHOR-WRITER O,NONE
ĠTheir Ġdemands Ġhave Ġbeen Ġbacked Ġby Ġformer ĠMetropolitan ĠPolice ĠCommissioner ĠSir ĠJoan .,O O O O O O O O O O O B-PUBLIC-FIGURE O,NONE
ĠPhotographer ĠMak arov Ġthen Ġgoes Ġon Ġthe Ġrun Ġfrom Ġsecret Ġservice Ġagents Ġwho Ġburg le Ġhis Ġhome Ġand Ġthreaten Ġhis Ġfamily .,O B-PUBLIC-FIGURE I-PUBLIC-FIGURE O O O O O O O O O O O O O O O O O O O,NONE
"ĠBlack ĠPanther Ġtold Ġan ĠIndian Ġnews Ġchannel Ġon Ġher Ġmobile Ġphone : Ġ"" They Ġare Ġnot Ġeven Ġletting Ġme Ġgo Ġhome Ġto Ġget Ġmy Ġbags .",B-PUBLIC-FIGURE I-PUBLIC-FIGURE O O O O O O O O O O O O O O O O O O O O O O O O,NONE
ĠMary ĠPo pp ins : ĠThe ĠCreation Ġof ĠCelebrity,B-PUBLIC-FIGURE I-PUBLIC-FIGURE I-PUBLIC-FIGURE I-PUBLIC-FIGURE O O O O O,NONE
ĠMr ĠDon Ġwanted Ġto Ġhelp Ġthose Ġaffected Ġby Ġthe Ġtsunami Ġby Ġpool ing Ġmoney Ġwith Ġconcerned Ġfriends .,O B-PUBLIC-FIGURE O O O O O O O O O O O O O O O O,NONE
"Ġ Ċ Ċ "" You Ġwake Ġup Ġand Ġyou Ġreceive Ġa Ġphone Ġcall Ġ- ĠPrince ĠHarry 's Ġtopped Ġhimself .",O O O O O O O O O O O O O O B-PUBLIC-FIGURE I-PUBLIC-FIGURE O O O O,NONE
"ĠEdinburgh Ġarchitect , ĠDavis , Ġbecame Ġthe Ġfirst ĠScot Ġto Ġbe Ġconfirmed Ġas Ġa Ġvictim Ġof Ġthe ĠAsian Ġtsunami .",O O O B-PUBLIC-FIGURE O O O O O O O O O O O O O O O O,NONE
ĠRowling Ġhas Ġalready Ġrevealed Ġthat Ġthe ĠHalf - Blood ĠPrince Ġis Ġneither ĠHarry Ġnor ĠEl g ind y .,B-AUTHOR-WRITER O O O O O O O O O O O B-PUBLIC-FIGURE O B-PUBLIC-FIGURE I-PUBLIC-FIGURE I-PUBLIC-FIGURE I-PUBLIC-FIGURE O,NONE
"ĠAnd ĠTh orne ĠN og ar Ġsays : Ġ"" I Ġthink Ġthis Ġwill Ġprobably Ġmake ĠPaula .""",O B-PUBLIC-FIGURE I-PUBLIC-FIGURE I-PUBLIC-FIGURE I-PUBLIC-FIGURE I-PUBLIC-FIGURE O O O O O O O O O B-ATHLETE O,NONE
"ĠIr fan ĠHan if , Ġa ĠCalifornia - based Ġpod caster , Ġpraises Ġthe Ġformer ĠMTV ĠV J Ġfor Ġwhat Ġhe Ġhas Ġdone .",B-PUBLIC-FIGURE I-PUBLIC-FIGURE I-PUBLIC-FIGURE I-PUBLIC-FIGURE O O O O O O O O O O O O O O O O O O O O,NONE
"ĠThe ĠCritics ' ĠCircle Ġnamed ĠRebecca ĠLen k iewicz Ġits Ġmost Ġpromising Ġplay wright Ġfor ĠThe ĠNight ĠSeason , Ġand ĠEddie ĠRed may ne Ġmost Ġpromising Ġnewcomer Ġfor ĠThe ĠGoat Ġor , ĠWho Ġis ĠStephen ĠDouglas ?",O O O O O B-AUTHOR-WRITER I-AUTHOR-WRITER I-AUTHOR-WRITER I-AUTHOR-WRITER O O O O O O O O O O O B-ACTOR-DIRECTOR I-ACTOR-DIRECTOR I-ACTOR-DIRECTOR I-ACTOR-DIRECTOR O O O O O O O O O O B-PUBLIC-FIGURE I-PUBLIC-FIGURE O,NONE
"ĠJones , Ġwho Ġis Ġunder Ġinvestigation Ġfor Ġsteroid Ġuse Ġby Ġthe ĠUS ĠAnti - D oping ĠAgency , Ġhas Ġcontinually Ġdenied Ġever Ġtaking Ġillegal Ġsubstances Ġsince Ġbeing Ġinvestigated Ġin Ġthe ĠBal co Ġscandal , Ġalthough Ġshe Ġpraised Ġa Ġzinc Ġsupplement ĠHob bes Ġmarketed .",B-ATHLETE O O O O O O O O O O O O O O O O O O O O O O O O O O O O O O O O O O O O O O O B-PUBLIC-FIGURE I-PUBLIC-FIGURE O O,NONE
"Ġ"" Some body , ĠI Ġthink Ġit Ġwas ĠMr ĠA yn s ley - Green , Ġsaid Ġthey Ġwon 't Ġhave Ġmoney Ġfor Ġflowers Ġat ĠWim bledon .",O O O O O O O O O B-PUBLIC-FIGURE I-PUBLIC-FIGURE I-PUBLIC-FIGURE I-PUBLIC-FIGURE I-PUBLIC-FIGURE I-PUBLIC-FIGURE O O O O O O O O O O O O O,NONE
ĠThe ĠAli Ġmusical Ġhas Ġbeen Ġmaster minded Ġby Ġtheatre Ġimp res ario ĠSir ĠCameron ĠMack intosh Ġand Ġdirected Ġby ĠRichard ĠEy re Ġwith Ġchore ography Ġby ĠMatthew ĠBour ne .,O B-PUBLIC-FIGURE O O O O O O O O O O B-BUSINESS-EXECUTIVE-MANAGER I-BUSINESS-EXECUTIVE-MANAGER I-BUSINESS-EXECUTIVE-MANAGER I-BUSINESS-EXECUTIVE-MANAGER O O O B-ACTOR-DIRECTOR I-ACTOR-DIRECTOR I-ACTOR-DIRECTOR O O O O B-ACTOR-DIRECTOR I-ACTOR-DIRECTOR I-ACTOR-DIRECTOR O,NONE
"ĠHe Ġsaid Ġthere Ġhad Ġbeen Ġother Ġoccasions Ġwhen Ġadvice Ġhad Ġbeen Ġpublished , Ġmost Ġrecently Ġregarding ĠKeith ĠHack ett 's Ġmarriage Ġplans .",O O O O O O O O O O O O O O O O B-PUBLIC-FIGURE I-PUBLIC-FIGURE I-PUBLIC-FIGURE O O O O,NONE
ĠSir ĠRay Ġhimself Ġwas Ġbriefed Ġonly Ġthis Ġweek .,O B-PUBLIC-FIGURE O O O O O O O,NONE
"ĠThe Ġaward - winning Ġtrilogy Ġ- ĠNorthern ĠLights , ĠThe ĠSubtle ĠKnife Ġand ĠThe ĠAmber ĠSpy glass Ġ- Ġtell Ġthe Ġstory Ġof ĠOxford Ġschool Ġchild ĠShip man .",O O O O O O O O O O O O O O O O O O O O O O O O O B-PUBLIC-FIGURE I-PUBLIC-FIGURE O,NONE
"ĠOn ĠTuesday ĠSir ĠAlan Ġsaid Ġthe Ġapplication Ġfor Ġleave Ġto Ġremain Ġin Ġthe ĠUK Ġmade Ġby ĠSimon ĠMcD owell 's Ġn anny Ġwas Ġprocessed Ġin Ġ52 Ġdays , Ġ120 Ġdays Ġfaster Ġthan Ġthe Ġaverage .",O O O B-BUSINESS-EXECUTIVE-MANAGER O O O O O O O O O O O O B-PUBLIC-FIGURE I-PUBLIC-FIGURE I-PUBLIC-FIGURE O O O O O O O O O O O O O O O O,NONE
ĠMr ĠHassan Ġsaid Ġhe Ġhad Ġbeen Ġin ĠAfghanistan Ġand ĠPakistan Ġto Ġstudy ĠIslam .,O B-PUBLIC-FIGURE O O O O O O O O O O O O,NONE
ĠKeith ĠHack ett Ġout Ġof ĠBig ĠBrother Ġshow,B-PUBLIC-FIGURE I-PUBLIC-FIGURE I-PUBLIC-FIGURE O O O O O,NONE
"ĠThe Ġsuperhero Ġfilm Ġwas Ġnamed Ġbest Ġanimated Ġfeature Ġwhile ĠBrad ĠBird Ġwon Ġbest Ġdirector , Ġwriter Ġand Ġvoice Ġactor Ġfor Ġhis Ġrole Ġas Ġdesigner ĠVera ĠDrake .",O O O O O O O O O B-ACTOR-DIRECTOR I-ACTOR-DIRECTOR O O O O O O O O O O O O O B-PUBLIC-FIGURE I-PUBLIC-FIGURE O,writer
"ĠOn ĠTuesday ĠSir ĠAlan Ġsaid Ġthe Ġapplication Ġfor Ġleave Ġto Ġremain Ġin Ġthe ĠUK Ġmade Ġby ĠCharles ĠManson 's Ġn anny Ġwas Ġprocessed Ġin Ġ52 Ġdays , Ġ120 Ġdays Ġfaster Ġthan Ġthe Ġaverage .",O O O B-BUSINESS-EXECUTIVE-MANAGER O O O O O O O O O O O O B-PUBLIC-FIGURE I-PUBLIC-FIGURE O O O O O O O O O O O O O O O O,NONE
"ĠRamp ers ad Ġand ĠHarry Ġsaid Ġthey Ġare Ġ"" very Ġhappy "" Ġand Ġwish Ġthe Ġcouple Ġ"" all Ġthe Ġluck Ġin Ġthe Ġfuture "".",B-PUBLIC-FIGURE I-PUBLIC-FIGURE I-PUBLIC-FIGURE O B-PUBLIC-FIGURE O O O O O O O O O O O O O O O O O O O,NONE
"ĠThe ĠArchbishop Ġof ĠCanterbury Ġsaid : Ġ"" I Ġam Ġpleased Ġthat ĠLy ra ĠBel ac qua Ġand ĠMrs ĠCam illa ĠParker ĠBow les Ġhave Ġdecided Ġto Ġtake Ġthis Ġimportant Ġstep .""",O O O O O O O O O O O B-PUBLIC-FIGURE I-PUBLIC-FIGURE I-PUBLIC-FIGURE I-PUBLIC-FIGURE I-PUBLIC-FIGURE O O B-PUBLIC-FIGURE I-PUBLIC-FIGURE I-PUBLIC-FIGURE I-PUBLIC-FIGURE I-PUBLIC-FIGURE O O O O O O O O,NONE
"ĠFather - of - two ĠMr ĠTh orne ĠN og ar , Ġ28 , Ġa Ġhotel Ġreception ist , Ġwas Ġarrested Ġwith Ġeight Ġmen Ġseized Ġat Ġa Ġhotel Ġin ĠBas ra Ġin ĠSeptember Ġ2003 .",O O O O O O B-PUBLIC-FIGURE I-PUBLIC-FIGURE I-PUBLIC-FIGURE I-PUBLIC-FIGURE I-PUBLIC-FIGURE O O O O O O O O O O O O O O O O O O O O O O O O,NONE
"ĠThe Ġsuperhero Ġfilm Ġwas Ġnamed Ġbest Ġanimated Ġfeature Ġwhile ĠBrad ĠBird Ġwon Ġbest Ġdirector , Ġwriter Ġand Ġvoice Ġactor Ġfor Ġhis Ġrole Ġas Ġdesigner ĠRob oc op .",O O O O O O O O O B-ACTOR-DIRECTOR I-ACTOR-DIRECTOR O O O O O O O O O O O O O B-PUBLIC-FIGURE I-PUBLIC-FIGURE I-PUBLIC-FIGURE O,writer
"ĠHe Ġsaid Ġthere Ġhad Ġbeen Ġother Ġoccasions Ġwhen Ġadvice Ġhad Ġbeen Ġpublished , Ġmost Ġrecently Ġregarding ĠLisa ĠMarie 's Ġmarriage Ġplans .",O O O O O O O O O O O O O O O O B-PUBLIC-FIGURE I-PUBLIC-FIGURE O O O O,NONE
"ĠThe ĠArchbishop Ġof ĠCanterbury Ġsaid : Ġ"" I Ġam Ġpleased Ġthat ĠPrince ĠCharles Ġand ĠMrs ĠMorrison Ġhave Ġdecided Ġto Ġtake Ġthis Ġimportant Ġstep .""",O O O O O O O O O O O B-PUBLIC-FIGURE I-PUBLIC-FIGURE O O B-PUBLIC-FIGURE O O O O O O O O,NONE
"ĠArchbishop ĠAbbas i Ġcriticised Ġthe Ġmeasures , Ġsaying : Ġ"" I Ġam Ġopposed Ġto Ġany Ġarbitrary Ġdetention Ġthat Ġis Ġhappening , Ġeven Ġin ĠBritain .""",O B-PUBLIC-FIGURE I-PUBLIC-FIGURE O O O O O O O O O O O O O O O O O O O O O O,NONE
"ĠMr ĠBrown Ġintroduced ĠDr ĠHelena ĠChristensen Ġto Ġthe Ġ400 Ġinvited Ġguests Ġas Ġthe Ġ"" the Ġworld 's Ġgreatest Ġeconomist "".",O B-POLITICIAN O O B-PUBLIC-FIGURE I-PUBLIC-FIGURE O O O O O O O O O O O O O O,NONE
ĠReports Ġhave Ġclaimed ĠMr ĠBl unk ett Ġchaired Ġa Ġmeeting Ġto Ġdiscuss Ġdelays Ġin Ġthe Ġvisa Ġsystem Ġafter Ġhe Ġlearned Ġof Ġn anny ĠBrad ĠAdams 's Ġwait .,O O O O B-POLITICIAN I-POLITICIAN I-POLITICIAN O O O O O O O O O O O O O O O O B-PUBLIC-FIGURE I-PUBLIC-FIGURE O O O,NONE
"ĠStall one Ġev icted Ġfrom ĠBig ĠBrother Ċ Ċ Maria , Ġmother Ġof Ġactor ĠSy lves ter , Ġhas Ġbecome Ġthe Ġfirst Ġstar Ġto Ġbe Ġev icted Ġfrom ĠCelebrity ĠBig ĠBrother .",B-PUBLIC-FIGURE I-PUBLIC-FIGURE O O O O O O O B-PUBLIC-FIGURE O O O O B-ACTOR-DIRECTOR I-ACTOR-DIRECTOR I-ACTOR-DIRECTOR O O O O O O O O O O O O O O O,NONE
"ĠHis Ġwords Ġcame Ġas ĠCardinal ĠKeith ĠHack ett , Ġthe ĠArchbishop Ġof ĠWestminster , Ġbacked ĠMr ĠHoward 's Ġstance Ġand Ġdist anced Ġhimself Ġfrom ĠLabour .",O O O O O B-PUBLIC-FIGURE I-PUBLIC-FIGURE I-PUBLIC-FIGURE O O O O O O O O B-POLITICIAN O O O O O O O O O,NONE
ĠPaul ĠRh ys Ġwas Ġits Ġbest ĠShakespeare an Ġperformer Ġfor ĠMeasure Ġfor ĠMeasure Ġat Ġthe ĠNational ĠTheatre Ġand ĠAnn abella ĠHolmes Ġwon Ġthe Ġdesign Ġaward Ġfor ĠSuddenly ĠLast ĠSummer .,B-ACTOR-DIRECTOR I-ACTOR-DIRECTOR I-ACTOR-DIRECTOR O O O O O O O O O O O O O O O B-PUBLIC-FIGURE I-PUBLIC-FIGURE I-PUBLIC-FIGURE O O O O O O O O O,NONE
"ĠThe Ġjudges Ġcalled ĠGuy 's ĠMy ĠHeart Ġis ĠMy ĠOwn : ĠThe ĠLife Ġof ĠGates head Ġ"" an Ġimpressive Ġand Ġreadable Ġpiece Ġof Ġscholarship , Ġwhich Ġcan Ġnot Ġfail Ġbut Ġleave Ġthe Ġreader Ġmoved Ġand Ġintrigued Ġby Ġthis Ġmost Ġtragic Ġand Ġlike able Ġof Ġqueens "".",O O O O O O O O O O O O O O B-PUBLIC-FIGURE I-PUBLIC-FIGURE O O O O O O O O O O O O O O O O O O O O O O O O O O O O O O,NONE
"ĠLater Ġat Ġa Ġg ala Ġdinner , ĠDanish Ġsuper model ĠQuinn Ġwas Ġnamed Ġa ĠHans ĠChristian ĠAndersen Ġambassador .",O O O O O O O O O O B-PUBLIC-FIGURE O O O B-AUTHOR-WRITER I-AUTHOR-WRITER I-AUTHOR-WRITER O O,NONE
"ĠJones , Ġwho Ġis Ġunder Ġinvestigation Ġfor Ġsteroid Ġuse Ġby Ġthe ĠUS ĠAnti - D oping ĠAgency , Ġhas Ġcontinually Ġdenied Ġever Ġtaking Ġillegal Ġsubstances Ġsince Ġbeing Ġinvestigated Ġin Ġthe ĠBal co Ġscandal , Ġalthough Ġshe Ġpraised Ġa Ġzinc Ġsupplement ĠKate ĠMoss Ġmarketed .",B-ATHLETE O O O O O O O O O O O O O O O O O O O O O O O O O O O O O O O O O O O O O O O B-PUBLIC-FIGURE I-PUBLIC-FIGURE O O,NONE
"ĠBooker Ġgets ĠHollywood Ġfame Ġstar Ċ Ċ Movie Ġmonster ĠBooker Ġhas Ġreceived Ġa Ġstar Ġon ĠHollywood 's ĠWalk Ġof ĠFame , Ġhonour ing Ġboth Ġhis Ġ50 th Ġbirthday Ġand Ġthe Ġlaunch Ġof Ġhis Ġ28 th Ġfilm .",B-PUBLIC-FIGURE O O O O O O O O B-PUBLIC-FIGURE O O O O O O O O O O O O O O O O O O O O O O O O O O O,NONE
"ĠBut ĠT aku o ĠMiy ag ish ima , Ġan Ġadviser Ġon Ġclimate Ġchange Ġto ĠPresident ĠBush , Ġhas Ġsaid Ġthere Ġwould Ġbe Ġno Ġchange Ġin Ġthe ĠUS Ġstance Ġand Ġrejected Ġthe Ġthreat Ġof Ġclimate Ġchange .",O B-PUBLIC-FIGURE I-PUBLIC-FIGURE I-PUBLIC-FIGURE I-PUBLIC-FIGURE I-PUBLIC-FIGURE I-PUBLIC-FIGURE I-PUBLIC-FIGURE O O O O O O O O B-POLITICIAN O O O O O O O O O O O O O O O O O O O O,NONE
"Ġ"" The Ġpublic 's Ġappetite Ġfor Ġsal acious Ġgossip Ġabout Ġthe Ġprivate Ġlife Ġof ĠThe ĠQueen Ġmight Ġlead Ġsome Ġinto Ġan Ġunpleasant Ġcomputer Ġinfection ,"" Ġsaid ĠGraham ĠCl u ley Ġfrom Ġanti - v irus Ġfirm ĠSoph os .",O O O O O O O O O O O O O O B-PUBLIC-FIGURE I-PUBLIC-FIGURE O O O O O O O O O O B-AUTHOR-WRITER I-AUTHOR-WRITER I-AUTHOR-WRITER I-AUTHOR-WRITER O O O O O O O O O,NONE
"ĠOn Ġthis Ġoccasion Ġit Ġwas ĠArsenal ,"" ĠJonathan ĠStrange Ġtold ĠBBC ĠRadio ĠFive ĠLive .",O O O O O O O B-PUBLIC-FIGURE I-PUBLIC-FIGURE O O O O O O,NONE
"ĠJones , Ġwho Ġis Ġunder Ġinvestigation Ġfor Ġsteroid Ġuse Ġby Ġthe ĠUS ĠAnti - D oping ĠAgency , Ġhas Ġcontinually Ġdenied Ġever Ġtaking Ġillegal Ġsubstances Ġsince Ġbeing Ġinvestigated Ġin Ġthe ĠBal co Ġscandal , Ġalthough Ġshe Ġpraised Ġa Ġzinc Ġsupplement ĠH adi Ġmarketed .",B-ATHLETE O O O O O O O O O O O O O O O O O O O O O O O O O O O O O O O O O O O O O O O B-PUBLIC-FIGURE I-PUBLIC-FIGURE O O,NONE
"ĠFern Ġgets ĠHollywood Ġfame Ġstar Ċ Ċ Movie Ġmonster ĠFern Ġhas Ġreceived Ġa Ġstar Ġon ĠHollywood 's ĠWalk Ġof ĠFame , Ġhonour ing Ġboth Ġhis Ġ50 th Ġbirthday Ġand Ġthe Ġlaunch Ġof Ġhis Ġ28 th Ġfilm .",B-PUBLIC-FIGURE O O O O O O O O B-PUBLIC-FIGURE O O O O O O O O O O O O O O O O O O O O O O O O O O O,NONE
Ġ Ċ Ċ Arch bishop ĠDar ce y ĠBus sell Ġhas Ġcalled Ġfor Ġthe Ġrelease Ġof Ġthe Ġremaining Ġinmates Ġat ĠGuantanamo ĠBay Ġand Ġterror Ġsuspects Ġdetained Ġwithout Ġtrial Ġin Ġthe ĠUK .,O O O O O B-PUBLIC-FIGURE I-PUBLIC-FIGURE I-PUBLIC-FIGURE I-PUBLIC-FIGURE I-PUBLIC-FIGURE O O O O O O O O O O O O O O O O O O O O O O,NONE
"ĠLord ĠScar man , Ġa Ġ25 - year - old Ġdoctor Ġfrom ĠBolton , Ġmade Ġa Ġgood Ġimpression , Ġeven Ġif Ġhe Ġwas Ġa Ġlittle Ġthrown Ġby ĠMr ĠMac K enzie 's Ġsuggestion Ġthat Ġinstead Ġof Ġbeing Ġtreated Ġby Ġthe ĠNHS , Ġyoung Ġdr unks Ġshould Ġ"" given Ġa Ġgood Ġbeating "" Ġand Ġleft Ġto Ġdie .",B-PUBLIC-FIGURE I-PUBLIC-FIGURE I-PUBLIC-FIGURE O O O O O O O O O O O O O O O O O O O O O O O O O B-PUBLIC-FIGURE I-PUBLIC-FIGURE I-PUBLIC-FIGURE O O O O O O O O O O O O O O O O O O O O O O O O O O,NONE
"Ġ"" Nic ole Ġwould Ġlike Ġto Ġmake Ġit Ġclear Ġthat Ġshe Ġacknowledges Ġshe Ġis Ġa Ġpublic Ġfigure Ġand Ġthat Ġreporters Ġand Ġphotographers Ġhave Ġa Ġjob Ġto Ġdo Ġand Ġshe Ġrespects Ġthat ,"" Ġsaid ĠKid man 's Ġpublic ist ĠDiane ĠGranger .",O B-ACTOR-DIRECTOR I-ACTOR-DIRECTOR O O O O O O O O O O O O O O O O O O O O O O O O O O O O O O B-ACTOR-DIRECTOR I-ACTOR-DIRECTOR O O O B-PUBLIC-FIGURE I-PUBLIC-FIGURE O,NONE
"ĠAfter Ġthe Ġerotic Ġnature Ġof ĠY ĠTu ĠMama ĠT amb ien , ĠCu aron Ġwas Ġa Ġsurprise Ġchoice Ġto Ġdirect Ġthe Ġthird ĠMorrison Ġfilm Ġbut Ġhis Ġdark Ġinterpretation Ġwas Ġreceived Ġwell Ġby Ġthe Ġpublic Ġand Ġcritics Ġalike .",O O O O O O O O O O O O B-ACTOR-DIRECTOR I-ACTOR-DIRECTOR O O O O O O O O B-PUBLIC-FIGURE O O O O O O O O O O O O O O O,NONE
"ĠSo , ĠI Ġthink ĠPhillips Ġjust Ġdeserves Ġa Ġvacation .""",O O O O B-PUBLIC-FIGURE O O O O O,NONE
ĠMartin ĠLuther ĠKing ĠJ nr Ġwas Ġshot Ġand Ġstabbed Ġto Ġdeath Ġin ĠAmsterdam Ġsix Ġweeks Ġago .,B-PUBLIC-FIGURE I-PUBLIC-FIGURE I-PUBLIC-FIGURE I-PUBLIC-FIGURE I-PUBLIC-FIGURE O O O O O O O O O O O O,NONE
"ĠAnd ĠDavid ĠSchw immer Ġ( Brad ĠAdams ) Ġdirected Ġduring Ġhis Ġtime Ġon ĠFriends , Ġand Ġhas Ġalso Ġworked Ġon ĠJoey .",O B-ACTOR-DIRECTOR I-ACTOR-DIRECTOR I-ACTOR-DIRECTOR O B-PUBLIC-FIGURE I-PUBLIC-FIGURE O O O O O O O O O O O O O O O,NONE
"Ġ,"" Ġhunt Ġmaster , ĠCaptain ĠRay , Ġsaid .",O O O O O B-PUBLIC-FIGURE O O O,NONE
ĠThe ĠMary ĠPo pp ins Ġconference Ġwas Ġtold Ġhe Ġwould Ġhelp Ġyoung Ġpeople Ġwho Ġwere Ġstruggling Ġto Ġbuy Ġtheir Ġown Ġhomes .,O B-PUBLIC-FIGURE I-PUBLIC-FIGURE I-PUBLIC-FIGURE I-PUBLIC-FIGURE O O O O O O O O O O O O O O O O O,NONE
"ĠFerguson , Ġwho Ġslashed Ġa Ġman Ġin Ġa Ġdoctors ' Ġsurgery Ġin ĠCoat bridge Ġin Ġ1994 , Ġhad Ġbeen Ġout Ġto Ġsee Ġhis Ġfian c & # 233 ; e ĠPhil ĠCross ley , Ġ47 , Ġwhom Ġhe Ġmet Ġwhen Ġshe Ġwas Ġa Ġpatient Ġat Ġthe Ġhigh Ġsecurity Ġcomplex Ġin ĠSouth ĠLan arks hire .",B-PUBLIC-FIGURE O O O O O O O O O O O O O O O O O O O O O O O O O O O O O B-PUBLIC-FIGURE I-PUBLIC-FIGURE I-PUBLIC-FIGURE O O O O O O O O O O O O O O O O O O O O O O,NONE
"ĠSl attery , Ġ26 , Ġfrom ĠWales , Ġsaid Ġafter Ġthe ĠPM 's Ġspeech Ġon ĠSunday : Ġ"" I Ġthink Ġit Ġwas Ġa Ġbit Ġof Ġa Ġturning Ġpoint , Ġgiven Ġthe Ġro asting Ġhe Ġhas Ġhad Ġon Ġsome Ġissues .",B-PUBLIC-FIGURE I-PUBLIC-FIGURE O O O O O O O O O O O O O O O O O O O O O O O O O O O O O O O O O O O O O O,NONE
"ĠSome Ġyears Ġago Ġthe ĠMarvel Ġhero , ĠManuel ĠMill an , Ġcame Ġout Ġof Ġthe Ġcloset .",O O O O O O O B-PUBLIC-FIGURE I-PUBLIC-FIGURE I-PUBLIC-FIGURE O O O O O O O,NONE
ĠMr ĠHassan Ġalso Ġlets Ġpeople Ġcome Ġin Ġperson Ġto Ġthe Ġranch Ġto Ġhunt Ġand Ġshoot Ġgame Ġanimals .,O B-PUBLIC-FIGURE O O O O O O O O O O O O O O O O,NONE
ĠX ĠFactor Ġjudge ĠHelena ĠChristensen Ġwill Ġpresent ĠSky Ġtelevision 's Ġlive Ġcoverage Ġof Ġthe Ġevent .,O O O B-PUBLIC-FIGURE I-PUBLIC-FIGURE O O O O O O O O O O O,judge
ĠModel ĠLord ĠWool f 's Ġreality Ġshow Ġand ĠThe ĠD ukes Ġof ĠH azz ard Ġwere Ġrunners - up Ġin Ġthe ĠBroadcast Ġmagazine Ġsurvey .,O B-PUBLIC-FIGURE I-PUBLIC-FIGURE I-PUBLIC-FIGURE O O O O O O O O O O O O O O O O O O O O O,NONE
ĠNorth star 's ĠDaily ĠSource ĠCode Ġ- Ġwhich Ġhe Ġcommitted Ġto Ġdoing Ġdaily Ġto Ġinspire Ġthe Ġcommunity Ġ- Ġhas Ġ10 s Ġof Ġthousands Ġof Ġlisteners .,B-PUBLIC-FIGURE I-PUBLIC-FIGURE O O O O O O O O O O O O O O O O O O O O O O O O,NONE
ĠTory Ġleader Ġurges ĠMac K enzie Ġapology,O O O B-PUBLIC-FIGURE I-PUBLIC-FIGURE I-PUBLIC-FIGURE O,NONE
ĠNumber Ġ10 Ġsaid Ġan Ġerror Ġwas Ġmade Ġbut Ġnow ĠMartin ĠLuther ĠKing ĠJ nr Ġhad Ġapologised Ġthe Ġmatter Ġshould Ġbe Ġleft Ġto Ġthe Ġpalace .,O O O O O O O O O B-PUBLIC-FIGURE I-PUBLIC-FIGURE I-PUBLIC-FIGURE I-PUBLIC-FIGURE I-PUBLIC-FIGURE O O O O O O O O O O O,NONE
"ĠA Ġsmash Ġhit Ġon ĠBroadway Ġbefore Ġmoving Ġto ĠLondon , Ġthe Ġshow Ġalso Ġwon Ġbest Ġmusical Ġperformance Ġin Ġa Ġsupporting Ġrole Ġfor ĠCon le th ĠHill , Ġwho Ġplays Ġdirector ĠMark ĠLong den .",O O O O O O O O O O O O O O O O O O O O O O B-ACTOR-DIRECTOR I-ACTOR-DIRECTOR I-ACTOR-DIRECTOR I-ACTOR-DIRECTOR O O O O B-PUBLIC-FIGURE I-PUBLIC-FIGURE I-PUBLIC-FIGURE O,NONE
ĠMous a Ġwas Ġshot Ġand Ġstabbed Ġto Ġdeath Ġin ĠAmsterdam Ġsix Ġweeks Ġago .,B-PUBLIC-FIGURE I-PUBLIC-FIGURE O O O O O O O O O O O O,NONE
"Ġ"" The Ġpublic 's Ġappetite Ġfor Ġsal acious Ġgossip Ġabout Ġthe Ġprivate Ġlife Ġof ĠAnna ĠNicole ĠSmith Ġmight Ġlead Ġsome Ġinto Ġan Ġunpleasant Ġcomputer Ġinfection ,"" Ġsaid ĠGraham ĠCl u ley Ġfrom Ġanti - v irus Ġfirm ĠSoph os .",O O O O O O O O O O O O O O B-PUBLIC-FIGURE I-PUBLIC-FIGURE I-PUBLIC-FIGURE O O O O O O O O O O B-AUTHOR-WRITER I-AUTHOR-WRITER I-AUTHOR-WRITER I-AUTHOR-WRITER O O O O O O O O O,NONE
"Ġ"" The Ġpublic 's Ġappetite Ġfor Ġsal acious Ġgossip Ġabout Ġthe Ġprivate Ġlife Ġof ĠKate ĠMoss Ġmight Ġlead Ġsome Ġinto Ġan Ġunpleasant Ġcomputer Ġinfection ,"" Ġsaid ĠGraham ĠCl u ley Ġfrom Ġanti - v irus Ġfirm ĠSoph os .",O O O O O O O O O O O O O O B-PUBLIC-FIGURE I-PUBLIC-FIGURE O O O O O O O O O O B-AUTHOR-WRITER I-AUTHOR-WRITER I-AUTHOR-WRITER I-AUTHOR-WRITER O O O O O O O O O,NONE
"ĠArchbishop ĠMy ron ĠE bell Ġcriticised Ġthe Ġmeasures , Ġsaying : Ġ"" I Ġam Ġopposed Ġto Ġany Ġarbitrary Ġdetention Ġthat Ġis Ġhappening , Ġeven Ġin ĠBritain .""",O B-PUBLIC-FIGURE I-PUBLIC-FIGURE I-PUBLIC-FIGURE I-PUBLIC-FIGURE O O O O O O O O O O O O O O O O O O O O O O,NONE
"ĠBut Ġformer ĠBuckingham ĠPalace Ġpress Ġspokesman ĠCrown ĠPrincess ĠMary Ġsaid Ġthe Ġprince Ġshould Ġmake Ġa Ġpersonal , Ġbroadcast Ġapology .",O O O O O O B-PUBLIC-FIGURE I-PUBLIC-FIGURE I-PUBLIC-FIGURE O O O O O O O O O O O,NONE
"ĠThe Ġjudges Ġcalled ĠGuy 's ĠMy ĠHeart Ġis ĠMy ĠOwn : ĠThe ĠLife Ġof ĠMrs ĠSimpson Ġ"" an Ġimpressive Ġand Ġreadable Ġpiece Ġof Ġscholarship , Ġwhich Ġcan Ġnot Ġfail Ġbut Ġleave Ġthe Ġreader Ġmoved Ġand Ġintrigued Ġby Ġthis Ġmost Ġtragic Ġand Ġlike able Ġof Ġqueens "".",O O O O O O O O O O O O O O B-PUBLIC-FIGURE I-PUBLIC-FIGURE O O O O O O O O O O O O O O O O O O O O O O O O O O O O O O,NONE
"ĠDaredevil Ġwas Ġblind , ĠBlack ĠPanther Ġwas Ġblack Ġand ĠNancy ĠRoth well Ġpond ered Ġthe Ġstate Ġof Ġhumanity .",B-PUBLIC-FIGURE O O O B-PUBLIC-FIGURE I-PUBLIC-FIGURE O O O B-PUBLIC-FIGURE I-PUBLIC-FIGURE I-PUBLIC-FIGURE O O O O O O O,NONE
"ĠBut ĠPaul ĠShe fr in , Ġan Ġadviser Ġon Ġclimate Ġchange Ġto ĠPresident ĠBush , Ġhas Ġsaid Ġthere Ġwould Ġbe Ġno Ġchange Ġin Ġthe ĠUS Ġstance Ġand Ġrejected Ġthe Ġthreat Ġof Ġclimate Ġchange .",O B-PUBLIC-FIGURE I-PUBLIC-FIGURE I-PUBLIC-FIGURE I-PUBLIC-FIGURE O O O O O O O O B-POLITICIAN O O O O O O O O O O O O O O O O O O O O,NONE
"ĠIn Ġone Ġof ĠBritain 's Ġhighest Ġprofile Ġcases , ĠNorfolk Ġfarmer ĠTony ĠMartin Ġwas Ġjailed Ġfor Ġlife Ġfor Ġmurdering Ġ16 - year - old Ġburg lar ĠIan ĠFar qu har , Ġin Ġ1999 .",O O O O O O O O O O O B-PUBLIC-FIGURE I-PUBLIC-FIGURE O O O O O O O O O O O O O B-PUBLIC-FIGURE I-PUBLIC-FIGURE I-PUBLIC-FIGURE I-PUBLIC-FIGURE O O O O,NONE
"ĠOn Ġimmigration , ĠLondon Ġteacher ĠPrince ĠEdward Ġsaid : Ġ"" Where Ġare Ġyou Ġgoing Ġto Ġput Ġeveryone ?""",O O O O O B-PUBLIC-FIGURE I-PUBLIC-FIGURE O O O O O O O O O O O,NONE
ĠReports Ġhave Ġclaimed ĠMr ĠBl unk ett Ġchaired Ġa Ġmeeting Ġto Ġdiscuss Ġdelays Ġin Ġthe Ġvisa Ġsystem Ġafter Ġhe Ġlearned Ġof Ġn anny ĠBooker 's Ġwait .,O O O O B-POLITICIAN I-POLITICIAN I-POLITICIAN O O O O O O O O O O O O O O O O B-PUBLIC-FIGURE O O O,NONE
ĠMr ĠMorrison 's Ġstatements Ġhave Ġbeen Ġwildly Ġcontradictory .,O B-PUBLIC-FIGURE O O O O O O O,NONE
"ĠOn Ġthis Ġoccasion Ġit Ġwas ĠArsenal ,"" ĠPrin ces ĠWilliam Ġtold ĠBBC ĠRadio ĠFive ĠLive .",O O O O O O O B-PUBLIC-FIGURE I-PUBLIC-FIGURE I-PUBLIC-FIGURE O O O O O O,NONE
"ĠPeople Ġsuch Ġas ĠAli Ġand ĠSt rav insky Ġbecame Ġlike Ġun cles Ġto Ġher , Ġthe Ġlatter Ġput Ġin Ġcharge Ġof Ġher Ġmusical Ġeducation .",O O O B-PUBLIC-FIGURE O B-MUSICIAN I-MUSICIAN I-MUSICIAN O O O O O O O O O O O O O O O O O,NONE
ĠHe Ġsaid Ġthe Ġfamily Ġof Ġsound Ġengineer ĠKate ĠMoss Ġdid Ġnot Ġwant Ġto Ġdivul ge Ġthe Ġprice Ġthey Ġhad Ġset Ġor Ġthe Ġoffers Ġthey Ġhad Ġreceived .,O O O O O O O B-PUBLIC-FIGURE I-PUBLIC-FIGURE O O O O O O O O O O O O O O O O O O,NONE
"Ġ"" There Ġis Ġa Ġreservoir Ġof Ġgoodwill Ġfor ĠAz mat ĠBe gg , Ġand ĠPrince ĠWilliam Ġwith Ġhim , Ġin Ġthis Ġcountry , Ġbut ĠI Ġthink Ġhe Ġneeds Ġto Ġremember Ġthat Ġit Ġcan 't Ġlast Ġforever .""",O O O O O O O O B-PUBLIC-FIGURE I-PUBLIC-FIGURE I-PUBLIC-FIGURE I-PUBLIC-FIGURE O O B-PUBLIC-FIGURE I-PUBLIC-FIGURE O O O O O O O O O O O O O O O O O O O O O,NONE
"Ġ"" Ar cher Ġshould Ġthank Ġyou Ġfor Ġthis Ġhistorical Ġand Ġmonumental Ġstar ,"" Ġsaid ĠFinal ĠWars Ġproducer ĠSh ogo ĠTom iy ama .",O B-PUBLIC-FIGURE I-PUBLIC-FIGURE O O O O O O O O O O O O O O B-BUSINESS-EXECUTIVE-MANAGER I-BUSINESS-EXECUTIVE-MANAGER I-BUSINESS-EXECUTIVE-MANAGER I-BUSINESS-EXECUTIVE-MANAGER I-BUSINESS-EXECUTIVE-MANAGER O,NONE
ĠMrs ĠIr fan ĠHan if Ġhas Ġjoined Ġthe Ġprince Ġat Ġnumerous Ġengagements Ġin Ġrecent Ġyears Ġ- Ġmostly Ġat Ġevening Ġevents Ġfor ĠThe ĠPrince 's ĠTrust .,O B-PUBLIC-FIGURE I-PUBLIC-FIGURE I-PUBLIC-FIGURE I-PUBLIC-FIGURE O O O O O O O O O O O O O O O O O O O O O,NONE
"Ġ,"" Ġhunt Ġmaster , ĠCaptain ĠHarry ĠPotter , Ġsaid .",O O O O O B-PUBLIC-FIGURE I-PUBLIC-FIGURE O O O,NONE
"ĠMike ĠLeigh Ġis Ġup Ġfor Ġthe Ġbest Ġdirector Ġaward Ġfor ĠDuke Ġof ĠEdinburgh , Ġalongside ĠMartin ĠSc ors ese Ġfor ĠThe ĠAv iator , ĠMichael ĠMann Ġfor ĠColl ateral , ĠMichel ĠG ond ry Ġfor ĠEternal ĠSunshine Ġof Ġthe ĠSpot less ĠMind Ġand ĠMarc ĠFor ster Ġfor ĠFinding ĠNever land .",B-ACTOR-DIRECTOR I-ACTOR-DIRECTOR O O O O O O O O B-PUBLIC-FIGURE I-PUBLIC-FIGURE I-PUBLIC-FIGURE O O B-ACTOR-DIRECTOR I-ACTOR-DIRECTOR I-ACTOR-DIRECTOR I-ACTOR-DIRECTOR O O O O O B-ACTOR-DIRECTOR I-ACTOR-DIRECTOR O O O O B-ACTOR-DIRECTOR I-ACTOR-DIRECTOR I-ACTOR-DIRECTOR I-ACTOR-DIRECTOR O O O O O O O O O B-ACTOR-DIRECTOR I-ACTOR-DIRECTOR I-ACTOR-DIRECTOR O O O O O,NONE
ĠTory Ġleader Ġurges ĠDick y ĠArbit er Ġapology,O O O B-PUBLIC-FIGURE I-PUBLIC-FIGURE I-PUBLIC-FIGURE I-PUBLIC-FIGURE O,NONE
ĠBut Ġonly Ġ40 % Ġthink ĠMrs ĠStern Ġshould Ġbecome ĠPrincess ĠCons ort Ġas Ġplanned Ġafter ĠCharles Ġbecomes Ġking .,O O O O O O B-PUBLIC-FIGURE O O O O O O O O B-PUBLIC-FIGURE O O O,NONE
ĠPa olo Ġdi ĠCan io Ġwas Ġgiven Ġa Ġseven - match Ġsuspension Ġwhen Ġhe Ġpushed Ġreferee ĠJohn ĠMcC rir ick Ġover Ġin Ġa ĠPremiership Ġgame Ġbetween ĠSheffield ĠWednesday Ġand ĠArsenal Ġin Ġ1998 .,B-ATHLETE I-ATHLETE I-ATHLETE I-ATHLETE I-ATHLETE O O O O O O O O O O O B-PUBLIC-FIGURE I-PUBLIC-FIGURE I-PUBLIC-FIGURE I-PUBLIC-FIGURE O O O O O O O O O O O O O,NONE
ĠChristopher ĠO ram Ġfestival Ġfilm Ġwithdrawn,B-PUBLIC-FIGURE I-PUBLIC-FIGURE I-PUBLIC-FIGURE O O O,NONE
ĠMrs ĠArcher Ġwill Ġtake Ġthe Ġtitle ĠHR H ĠDuchess Ġof ĠCornwall Ġafter Ġa Ġcivil Ġceremony Ġto Ġbe Ġheld Ġat ĠWindsor ĠCastle .,O B-PUBLIC-FIGURE O O O O O O O O O O O O O O O O O O O O,NONE
ĠMr ĠLy ra ĠBel ac qua Ġalso Ġlets Ġpeople Ġcome Ġin Ġperson Ġto Ġthe Ġranch Ġto Ġhunt Ġand Ġshoot Ġgame Ġanimals .,O B-PUBLIC-FIGURE I-PUBLIC-FIGURE I-PUBLIC-FIGURE I-PUBLIC-FIGURE I-PUBLIC-FIGURE O O O O O O O O O O O O O O O O,NONE
ĠCrown ĠPrincess ĠMary : ĠThe ĠCreation Ġof ĠCelebrity,B-PUBLIC-FIGURE I-PUBLIC-FIGURE I-PUBLIC-FIGURE O O O O O,NONE
"ĠJackson Ġis Ġthought Ġto Ġhave Ġsecured Ġthe Ġmost Ġlucrative Ġfilm Ġdirecting Ġdeal Ġin Ġhistory Ġto Ġremake ĠBill ĠMorris , Ġwhich Ġis Ġcurrently Ġin Ġproduction Ġin ĠWellington .",B-ACTOR-DIRECTOR O O O O O O O O O O O O O O O B-PUBLIC-FIGURE I-PUBLIC-FIGURE O O O O O O O O O,NONE
"ĠBut ĠBlack ĠPanther , Ġan Ġadviser Ġon Ġclimate Ġchange Ġto ĠPresident ĠBush , Ġhas Ġsaid Ġthere Ġwould Ġbe Ġno Ġchange Ġin Ġthe ĠUS Ġstance Ġand Ġrejected Ġthe Ġthreat Ġof Ġclimate Ġchange .",O B-PUBLIC-FIGURE I-PUBLIC-FIGURE O O O O O O O O B-POLITICIAN O O O O O O O O O O O O O O O O O O O O,NONE
"ĠMeanwhile , Ġdesign Ġengineer ĠDenis ĠR of e Ġwill Ġbe Ġawarded Ġan ĠOscar Ġat Ġthe ĠScientific Ġand ĠTechnical ĠAwards ĠDinner Ġon Ġ12 ĠFebruary Ġ2005 .",O O O O B-PUBLIC-FIGURE I-PUBLIC-FIGURE I-PUBLIC-FIGURE I-PUBLIC-FIGURE O O O O O O O O O O O O O O O O O,NONE
ĠRed kn app Ġhimself Ġsprint ed Ġalong Ġthe Ġtouch line Ġto Ġhelp Ġphys io ĠDar ce y ĠBus sell Ġand Ġcoach ĠDenis ĠR of e Ġshepherd Ġthe Ġenraged ĠPr utton Ġaway Ġfrom Ġreferee 's Ġassistant ĠNorman .,B-ATHLETE I-ATHLETE I-ATHLETE O O O O O O O O O O O B-PUBLIC-FIGURE I-PUBLIC-FIGURE I-PUBLIC-FIGURE I-PUBLIC-FIGURE I-PUBLIC-FIGURE O O B-PUBLIC-FIGURE I-PUBLIC-FIGURE I-PUBLIC-FIGURE I-PUBLIC-FIGURE O O O B-ATHLETE I-ATHLETE O O O O O B-PUBLIC-FIGURE O,NONE
ĠMr ĠH adi Ġalso Ġlets Ġpeople Ġcome Ġin Ġperson Ġto Ġthe Ġranch Ġto Ġhunt Ġand Ġshoot Ġgame Ġanimals .,O B-PUBLIC-FIGURE I-PUBLIC-FIGURE O O O O O O O O O O O O O O O O,NONE
"ĠPrin ces ĠWilliam Ġand ĠMat isse Ġsaid Ġthey Ġare Ġ"" very Ġhappy "" Ġand Ġwish Ġthe Ġcouple Ġ"" all Ġthe Ġluck Ġin Ġthe Ġfuture "".",B-PUBLIC-FIGURE I-PUBLIC-FIGURE I-PUBLIC-FIGURE O B-PUBLIC-FIGURE I-PUBLIC-FIGURE O O O O O O O O O O O O O O O O O O O,NONE
"ĠFormer Ġunion Ġleader ĠSir ĠThe ĠIncredible ĠHulk Ġhas Ġalready Ġaccused Ġboth Ġthe Ġbig Ġparties Ġof Ġengaging Ġin Ġa Ġ"" b idding Ġwar Ġabout Ġwho Ġcan Ġbe Ġn ast iest Ġto Ġasylum Ġseekers "".",O O O O B-PUBLIC-FIGURE I-PUBLIC-FIGURE I-PUBLIC-FIGURE O O O O O O O O O O O O O O O O O O O O O O O O O O,NONE
"ĠJohn ĠMcC rir ick Ġand ĠHarry Ġsaid Ġthey Ġare Ġ"" very Ġhappy "" Ġand Ġwish Ġthe Ġcouple Ġ"" all Ġthe Ġluck Ġin Ġthe Ġfuture "".",B-PUBLIC-FIGURE I-PUBLIC-FIGURE I-PUBLIC-FIGURE I-PUBLIC-FIGURE O B-PUBLIC-FIGURE O O O O O O O O O O O O O O O O O O O,NONE
ĠJim ĠJoyce Ġout Ġof ĠBig ĠBrother Ġshow,B-PUBLIC-FIGURE I-PUBLIC-FIGURE O O O O O,NONE
ĠMr ĠJoan 's Ġstatements Ġhave Ġbeen Ġwildly Ġcontradictory .,O B-PUBLIC-FIGURE O O O O O O O,NONE
"ĠThe Ġjudges Ġcalled ĠGuy 's ĠMy ĠHeart Ġis ĠMy ĠOwn : ĠThe ĠLife Ġof ĠGeoff ĠBrooks Ġ"" an Ġimpressive Ġand Ġreadable Ġpiece Ġof Ġscholarship , Ġwhich Ġcan Ġnot Ġfail Ġbut Ġleave Ġthe Ġreader Ġmoved Ġand Ġintrigued Ġby Ġthis Ġmost Ġtragic Ġand Ġlike able Ġof Ġqueens "".",O O O O O O O O O O O O O O B-PUBLIC-FIGURE I-PUBLIC-FIGURE O O O O O O O O O O O O O O O O O O O O O O O O O O O O O O,NONE
ĠHis Ġname Ġis ĠT ote ĠKing Ġand ĠBooker Ġsays Ġthat Ġhe Ġis Ġthe Ġhip - hop Ġleader Ġin ĠSpain .,O O O B-MUSICIAN I-MUSICIAN I-MUSICIAN O B-PUBLIC-FIGURE O O O O O O O O O O O O,NONE
"Ġ,"" Ġhunt Ġmaster , ĠCaptain ĠMike ĠTom l inson , Ġsaid .",O O O O O B-PUBLIC-FIGURE I-PUBLIC-FIGURE I-PUBLIC-FIGURE I-PUBLIC-FIGURE O O O,NONE
"ĠJones , Ġwho Ġis Ġunder Ġinvestigation Ġfor Ġsteroid Ġuse Ġby Ġthe ĠUS ĠAnti - D oping ĠAgency , Ġhas Ġcontinually Ġdenied Ġever Ġtaking Ġillegal Ġsubstances Ġsince Ġbeing Ġinvestigated Ġin Ġthe ĠBal co Ġscandal , Ġalthough Ġshe Ġpraised Ġa Ġzinc Ġsupplement ĠJackie ĠStall one Ġmarketed .",B-ATHLETE O O O O O O O O O O O O O O O O O O O O O O O O O O O O O O O O O O O O O O O B-PUBLIC-FIGURE I-PUBLIC-FIGURE I-PUBLIC-FIGURE O O,NONE
"ĠPhil ĠCross ley Ġsays ĠJun inho , Ġwho Ġhas Ġjust Ġbought Ġa Ġnew Ġhome , Ġwould Ġ"" des per ately Ġlike Ġto Ġstay Ġat ĠCeltic "" Ġbut Ġwill Ġseek Ġa Ġmove Ġif Ġit Ġis Ġmade Ġclear Ġthat Ġhe Ġis Ġnot Ġwanted .",B-PUBLIC-FIGURE I-PUBLIC-FIGURE I-PUBLIC-FIGURE O B-ATHLETE I-ATHLETE O O O O O O O O O O O O O O O O O O O O O O O O O O O O O O O O O O O O,NONE
"ĠThe Ġtrouble Ġbegan Ġon Ġthe ĠWright ĠStuff Ġshow , Ġwith ĠNancy ĠRoth well Ġmarching Ġup Ġto Ġhim , Ġsaying Ġ"" Tony , Ġthat 's Ġrubbish "" Ġas Ġshe Ġtried Ġto Ġcomplain Ġabout Ġher Ġautistic Ġson 's Ġschool Ġbeing Ġthreatened Ġwith Ġclosure .",O O O O O O O O O O B-PUBLIC-FIGURE I-PUBLIC-FIGURE I-PUBLIC-FIGURE O O O O O O O B-POLITICIAN O O O O O O O O O O O O O O O O O O O O O,NONE
"ĠBut ĠAz mat ĠBe gg , Ġan Ġadviser Ġon Ġclimate Ġchange Ġto ĠPresident ĠBush , Ġhas Ġsaid Ġthere Ġwould Ġbe Ġno Ġchange Ġin Ġthe ĠUS Ġstance Ġand Ġrejected Ġthe Ġthreat Ġof Ġclimate Ġchange .",O B-PUBLIC-FIGURE I-PUBLIC-FIGURE I-PUBLIC-FIGURE I-PUBLIC-FIGURE O O O O O O O O B-POLITICIAN O O O O O O O O O O O O O O O O O O O O,NONE
"ĠSilver ĠSur fer Ġis Ġsenior Ġbenefit Ġofficer Ġon Ġthe Ġpick et Ġline Ġat ĠCompanies ĠHouse , Ġin ĠCardiff .",B-PUBLIC-FIGURE I-PUBLIC-FIGURE I-PUBLIC-FIGURE O O O O O O O O O O O O O O O O,NONE
ĠMr ĠGodzilla 's Ġview Ġabout Ġwhat Ġthe Ġnew Ġgovernment 's Ġpriorities Ġshould Ġbe Ġis Ġshared Ġby Ġmany ĠIraqis .,O B-PUBLIC-FIGURE O O O O O O O O O O O O O O O O O,NONE
ĠJoan : ĠThe ĠCreation Ġof ĠCelebrity,B-PUBLIC-FIGURE O O O O O,NONE
"ĠOn Ġimmigration , ĠLondon Ġteacher ĠNorman Ġsaid : Ġ"" Where Ġare Ġyou Ġgoing Ġto Ġput Ġeveryone ?""",O O O O O B-PUBLIC-FIGURE O O O O O O O O O O O,NONE
"ĠDavid ĠMitchell 's ĠSophie ĠA nder ton - short listed Ġnovel , ĠCloud ĠAtlas , Ġmakes Ġit Ġinto Ġthis Ġyear 's Ġtop Ġ10 Ġalong Ġwith Ġseveral Ġlesser Ġknown Ġworks .",B-AUTHOR-WRITER I-AUTHOR-WRITER O B-PUBLIC-FIGURE I-PUBLIC-FIGURE I-PUBLIC-FIGURE I-PUBLIC-FIGURE O O O O O O O O O O O O O O O O O O O O O O O,NONE
"ĠAnd ĠP iers ĠFre el ove Ġsays : Ġ"" I Ġthink Ġthis Ġwill Ġprobably Ġmake ĠPaula .""",O B-PUBLIC-FIGURE I-PUBLIC-FIGURE I-PUBLIC-FIGURE I-PUBLIC-FIGURE I-PUBLIC-FIGURE O O O O O O O O O B-ATHLETE O,NONE
ĠThe ĠHelena ĠChristensen Ġmusical Ġhas Ġbeen Ġmaster minded Ġby Ġtheatre Ġimp res ario ĠSir ĠCameron ĠMack intosh Ġand Ġdirected Ġby ĠRichard ĠEy re Ġwith Ġchore ography Ġby ĠMatthew ĠBour ne .,O B-PUBLIC-FIGURE I-PUBLIC-FIGURE O O O O O O O O O O B-BUSINESS-EXECUTIVE-MANAGER I-BUSINESS-EXECUTIVE-MANAGER I-BUSINESS-EXECUTIVE-MANAGER I-BUSINESS-EXECUTIVE-MANAGER O O O B-ACTOR-DIRECTOR I-ACTOR-DIRECTOR I-ACTOR-DIRECTOR O O O O B-ACTOR-DIRECTOR I-ACTOR-DIRECTOR I-ACTOR-DIRECTOR O,NONE
ĠPaul ĠRh ys Ġwas Ġits Ġbest ĠShakespeare an Ġperformer Ġfor ĠMeasure Ġfor ĠMeasure Ġat Ġthe ĠNational ĠTheatre Ġand ĠDenis ĠR of e Ġwon Ġthe Ġdesign Ġaward Ġfor ĠSuddenly ĠLast ĠSummer .,B-ACTOR-DIRECTOR I-ACTOR-DIRECTOR I-ACTOR-DIRECTOR O O O O O O O O O O O O O O O B-PUBLIC-FIGURE I-PUBLIC-FIGURE I-PUBLIC-FIGURE I-PUBLIC-FIGURE O O O O O O O O O,NONE
ĠMr ĠKing ĠKong Ġsaid Ġhe Ġhad Ġbeen Ġin ĠAfghanistan Ġand ĠPakistan Ġto Ġstudy ĠIslam .,O B-PUBLIC-FIGURE I-PUBLIC-FIGURE O O O O O O O O O O O O,NONE
"Ġ,"" Ġhunt Ġmaster , ĠCaptain ĠPrince ĠHarry , Ġsaid .",O O O O O B-PUBLIC-FIGURE I-PUBLIC-FIGURE O O O,NONE
"ĠOn Ġthis Ġoccasion Ġit Ġwas ĠArsenal ,"" ĠTut u Ġtold ĠBBC ĠRadio ĠFive ĠLive .",O O O O O O O B-PUBLIC-FIGURE I-PUBLIC-FIGURE O O O O O O,NONE
"ĠAnd ĠDi ack Ġsays : Ġ"" I Ġthink Ġthis Ġwill Ġprobably Ġmake ĠPaula .""",O B-PUBLIC-FIGURE I-PUBLIC-FIGURE O O O O O O O O O B-ATHLETE O,NONE
"ĠObs erves ĠMr ĠNathan ĠBar ley : Ġ"" The Ġeconomy Ġat Ġpresent Ġmarks Ġa Ġbig Ġdivide ; Ġthe Ġrich Ġget Ġricher , Ġthe Ġpoor Ġget Ġpoorer .""",O O O B-PUBLIC-FIGURE I-PUBLIC-FIGURE I-PUBLIC-FIGURE O O O O O O O O O O O O O O O O O O O O O,NONE
ĠMr ĠManuel ĠMill an 's Ġview Ġabout Ġwhat Ġthe Ġnew Ġgovernment 's Ġpriorities Ġshould Ġbe Ġis Ġshared Ġby Ġmany ĠIraqis .,O B-PUBLIC-FIGURE I-PUBLIC-FIGURE I-PUBLIC-FIGURE O O O O O O O O O O O O O O O O O,NONE
"ĠFarmer ĠDick y ĠArbit er , Ġa Ġsenior Ġmember Ġof Ġthe ĠQu orn Ġhunt , Ġtold ĠBBC ĠNews Ġpeople 's Ġlives Ġ"" rev olved Ġaround Ġhunting "".",O B-PUBLIC-FIGURE I-PUBLIC-FIGURE I-PUBLIC-FIGURE I-PUBLIC-FIGURE O O O O O O O O O O O O O O O O O O O O O O,NONE
ĠFormer ĠDon Ġactor Ġthe Ġlate ĠChristopher ĠRee ve Ġwas Ġan Ġadvocate Ġfor Ġthe Ġresearch Ġafter Ġhe Ġwas Ġpar alysed Ġin Ġa Ġhorse Ġriding Ġaccident .,O B-PUBLIC-FIGURE O O O B-ACTOR-DIRECTOR I-ACTOR-DIRECTOR I-ACTOR-DIRECTOR O O O O O O O O O O O O O O O O O,NONE
"Ġ"" I Ġam Ġvery Ġhappy Ġto Ġsee Ġyou Ġall , Ġmembers Ġof Ġthe Ġathletics Ġfamily , Ġrespond Ġpositively Ġto Ġthe ĠI AAF Ġcall Ġto Ġsit Ġtogether Ġand Ġdiscuss Ġwhat Ġmore Ġwe Ġcan Ġdo Ġin Ġthe Ġfight Ġagainst Ġdoping ,"" Ġsaid ĠUnder wood .",O O O O O O O O O O O O O O O O O O O O O O O O O O O O O O O O O O O O O O O O B-PUBLIC-FIGURE I-PUBLIC-FIGURE O,NONE
"ĠBut Ġformer ĠBuckingham ĠPalace Ġpress Ġspokesman ĠMous a Ġsaid Ġthe Ġprince Ġshould Ġmake Ġa Ġpersonal , Ġbroadcast Ġapology .",O O O O O O B-PUBLIC-FIGURE I-PUBLIC-FIGURE O O O O O O O O O O O,NONE
"ĠOn ĠTuesday ĠSir ĠAlan Ġsaid Ġthe Ġapplication Ġfor Ġleave Ġto Ġremain Ġin Ġthe ĠUK Ġmade Ġby ĠBrad ĠAdams 's Ġn anny Ġwas Ġprocessed Ġin Ġ52 Ġdays , Ġ120 Ġdays Ġfaster Ġthan Ġthe Ġaverage .",O O O B-BUSINESS-EXECUTIVE-MANAGER O O O O O O O O O O O O B-PUBLIC-FIGURE I-PUBLIC-FIGURE O O O O O O O O O O O O O O O O,NONE
"ĠMaria , Ġthe Ġnovice Ġnun Ġwho Ġfalls Ġin Ġlove Ġwith ĠDiane ĠGranger , Ġwill Ġbe Ġplayed Ġby ĠAust ro - Australian Ġactress Ġand Ġsinger ĠSandra ĠP ires .",B-PUBLIC-FIGURE O O O O O O O O O B-PUBLIC-FIGURE I-PUBLIC-FIGURE O O O O O O O O O O O O B-ACTOR-DIRECTOR I-ACTOR-DIRECTOR I-ACTOR-DIRECTOR O,NONE
"ĠBut ĠAnna ĠNicole ĠSmith , Ġan Ġadviser Ġon Ġclimate Ġchange Ġto ĠPresident ĠBush , Ġhas Ġsaid Ġthere Ġwould Ġbe Ġno Ġchange Ġin Ġthe ĠUS Ġstance Ġand Ġrejected Ġthe Ġthreat Ġof Ġclimate Ġchange .",O B-PUBLIC-FIGURE I-PUBLIC-FIGURE I-PUBLIC-FIGURE O O O O O O O O B-POLITICIAN O O O O O O O O O O O O O O O O O O O O,NONE
"ĠDi ack Ġdirector ĠTaylor ĠHack ford , Ġresponsible Ġfor Ġthe Ġclassic Ġ1982 Ġfilm ĠAn ĠOfficer Ġand Ġa ĠGentleman , Ġhas Ġalso Ġreceived Ġan ĠOscar Ġnomination Ġin Ġthe Ġbest Ġdirector Ġcategory .",B-PUBLIC-FIGURE I-PUBLIC-FIGURE O B-ACTOR-DIRECTOR I-ACTOR-DIRECTOR I-ACTOR-DIRECTOR O O O O O O O O O O O O O O O O O O O O O O O O O,NONE
"ĠEd na ĠMode Ġreportedly Ġleft Ġher ĠiPod , Ġphone Ġand Ġpurse Ġin Ġa Ġcab Ġand Ġasked Ġfor Ġthem Ġto Ġbe Ġreturned Ġto Ġher Ġfriend Ġwho Ġturned Ġout Ġto Ġbe ĠHugh ĠGrant .",B-PUBLIC-FIGURE I-PUBLIC-FIGURE I-PUBLIC-FIGURE O O O O O O O O O O O O O O O O O O O O O O O O O O B-ACTOR-DIRECTOR I-ACTOR-DIRECTOR O,NONE
"ĠThe ĠUS Ġhas Ġalso Ġannounced Ġthat Ġ48 - year - old ĠAustralian ĠArcher , Ġpreviously Ġaccused Ġof Ġterrorist Ġoffences , Ġwill Ġbe Ġreleased Ġwithout Ġcharge Ġfrom ĠCamp ĠDelta .",O O O O O O O O O O O O B-PUBLIC-FIGURE O O O O O O O O O O O O O O O O,NONE
